// Created by Crowbar 0.74
version 1
nodes
  0 "ValveBiped.Bip01_Pelvis" -1
  1 "ValveBiped.Bip01_Spine" 0
  2 "ValveBiped.Bip01_Spine1" 1
  3 "ValveBiped.Bip01_Spine2" 2
  4 "ValveBiped.Bip01_Spine4" 3
  5 "ValveBiped.Bip01_Neck1" 4
  6 "ValveBiped.Bip01_Head1" 5
  7 "ValveBiped.forward" 6
  8 "ValveBiped.Bip01_L_Clavicle" 4
  9 "ValveBiped.Bip01_L_UpperArm" 8
  10 "ValveBiped.Bip01_L_Forearm" 9
  11 "ValveBiped.Bip01_L_Hand" 10
  12 "ValveBiped.Anim_Attachment_LH" 11
  13 "ValveBiped.Bip01_R_Clavicle" 4
  14 "ValveBiped.Bip01_R_UpperArm" 13
  15 "ValveBiped.Bip01_R_Forearm" 14
  16 "ValveBiped.Bip01_R_Hand" 15
  17 "ValveBiped.Anim_Attachment_RH" 16
  18 "ValveBiped.Bip01_L_Thigh" 0
  19 "ValveBiped.Bip01_L_Calf" 18
  20 "ValveBiped.Bip01_L_Foot" 19
  21 "ValveBiped.Bip01_L_Toe0" 20
  22 "ValveBiped.Bip01_R_Thigh" 0
  23 "ValveBiped.Bip01_R_Calf" 22
  24 "ValveBiped.Bip01_R_Foot" 23
  25 "ValveBiped.Bip01_R_Toe0" 24
  26 "ValveBiped.Bip01_L_Finger4" 11
  27 "ValveBiped.Bip01_L_Finger41" 26
  28 "ValveBiped.Bip01_L_Finger42" 27
  29 "ValveBiped.Bip01_L_Finger3" 11
  30 "ValveBiped.Bip01_L_Finger31" 29
  31 "ValveBiped.Bip01_L_Finger32" 30
  32 "ValveBiped.Bip01_L_Finger2" 11
  33 "ValveBiped.Bip01_L_Finger21" 32
  34 "ValveBiped.Bip01_L_Finger22" 33
  35 "ValveBiped.Bip01_L_Finger1" 11
  36 "ValveBiped.Bip01_L_Finger11" 35
  37 "ValveBiped.Bip01_L_Finger12" 36
  38 "ValveBiped.Bip01_L_Finger0" 11
  39 "ValveBiped.Bip01_L_Finger01" 38
  40 "ValveBiped.Bip01_L_Finger02" 39
  41 "ValveBiped.Bip01_R_Finger4" 16
  42 "ValveBiped.Bip01_R_Finger41" 41
  43 "ValveBiped.Bip01_R_Finger42" 42
  44 "ValveBiped.Bip01_R_Finger3" 16
  45 "ValveBiped.Bip01_R_Finger31" 44
  46 "ValveBiped.Bip01_R_Finger32" 45
  47 "ValveBiped.Bip01_R_Finger2" 16
  48 "ValveBiped.Bip01_R_Finger21" 47
  49 "ValveBiped.Bip01_R_Finger22" 48
  50 "ValveBiped.Bip01_R_Finger1" 16
  51 "ValveBiped.Bip01_R_Finger11" 50
  52 "ValveBiped.Bip01_R_Finger12" 51
  53 "ValveBiped.Bip01_R_Finger0" 16
  54 "ValveBiped.Bip01_R_Finger01" 53
  55 "ValveBiped.Bip01_R_Finger02" 54
  56 "ValveBiped.Bip01_joint1" 3
  57 "ValveBiped.Bip01_L_Pectoral" 56
  58 "ValveBiped.Bip01_R_Pectoral" 56
  59 "ValveBiped.physgun_attachment" 16
end
skeleton
  time 0
    0 -0.003395 0.004619 37.607084 1.579140 0.006844 -0.094887
    1 0.001573 4.212781 -1.689849 1.592392 0.036908 1.588114
    2 3.837410 0.000000 0.000000 -0.000012 0.004180 -0.112602
    3 3.617862 0.000000 0.000000 -0.000012 0.024365 0.077148
    4 7.539774 0.000000 0.000000 0.000000 0.000000 0.155813
    5 3.178292 0.000001 0.000000 3.138169 0.052583 0.295083
    6 2.970271 0.000000 0.000001 0.084940 -0.005664 0.310523
    7 -0.000002 0.000001 0.000000 -1.570796 0.000000 -1.326450
    8 2.023705 0.907460 0.852577 1.671242 -1.254500 2.865285
    9 4.983657 -0.000003 0.000000 -1.616034 0.354363 -1.120874
    10 11.123049 -0.000003 0.000001 -0.000001 -0.000001 -0.480843
    11 11.208297 -0.000001 0.000013 1.451474 0.198259 0.189328
    12 2.676087 -1.712447 0.000003 1.570795 0.000000 1.570797
    13 2.023707 0.907463 -0.852527 -2.179192 1.188577 -3.863725
    14 4.983657 -0.000004 0.000000 1.439771 -0.272221 -1.051898
    15 11.123040 -0.000006 -0.000006 0.000000 0.000001 -0.459307
    16 11.208287 0.000000 -0.000016 -1.233043 -0.107645 0.206815
    17 2.676081 -1.712434 -0.000003 -1.570797 -0.000001 -1.570797
    18 3.984014 -0.000005 -0.000003 -1.618743 -0.072322 -1.537272
    19 15.940006 0.000002 0.000000 0.000000 0.000000 0.247654
    20 17.709558 0.000004 0.000002 -0.067154 -0.100288 -1.271348
    21 6.203996 0.000000 0.000001 -0.011146 0.000934 -0.500515
    22 -3.984013 0.000007 0.000007 -1.195915 -0.096571 -1.559939
    23 15.940015 0.000000 0.000000 0.000000 0.000000 0.253815
    24 17.709572 -0.000006 0.000001 -0.152389 -0.202352 -1.226266
    25 6.204001 0.000003 -0.000001 -0.078651 -0.006185 -0.498943
    26 3.549240 0.198821 -1.489462 -0.278853 -0.428005 -0.422880
    27 1.218999 -0.000001 0.000002 -0.004612 0.097481 -0.366621
    28 0.679998 -0.000001 -0.000001 0.011364 0.086977 -0.172882
    29 3.698007 0.267555 -0.728972 -0.079788 -0.001682 -0.288327
    30 1.749001 -0.000001 0.000003 0.000213 0.027093 -0.190164
    31 0.959999 -0.000001 0.000001 0.002326 0.039401 -0.237868
    32 3.768500 0.152546 0.071388 0.081367 0.043913 -0.186565
    33 2.037998 0.000001 0.000002 0.001515 -0.004367 -0.575481
    34 1.067001 0.000001 0.000002 -0.001244 -0.005673 -0.098995
    35 3.783924 -0.017260 0.794558 0.283379 -0.216140 0.062670
    36 1.629002 -0.000001 0.000003 0.018831 -0.066669 -0.468774
    37 0.956000 0.000000 0.000001 0.000000 -0.069721 -0.170028
    38 1.258965 -0.297983 1.252590 -1.369872 -0.463190 -0.948832
    39 1.393001 0.000001 0.000000 0.009064 -0.516317 0.713994
    40 1.100002 0.000001 -0.000003 -0.000001 0.013129 -0.286814
    41 3.549266 0.211411 1.487664 0.197487 0.045130 0.097308
    42 1.218999 -0.000001 -0.000002 0.004611 -0.097482 -0.366619
    43 0.679999 0.000001 0.000000 -0.011365 -0.086978 -0.172880
    44 3.698016 0.273718 0.726617 0.078760 -0.007986 -0.104869
    45 1.748999 0.000000 -0.000002 -0.000214 -0.027093 -0.190163
    46 0.959996 0.000000 0.000000 -0.002326 -0.039402 -0.237867
    47 3.768499 0.151954 -0.072746 -0.088006 -0.028345 -0.003435
    48 2.037997 0.000002 -0.000003 -0.001516 0.004366 -0.575479
    49 1.066998 0.000000 -0.000001 0.001243 0.005672 -0.098993
    50 3.783906 -0.023949 -0.794455 -0.276628 -0.010327 0.127957
    51 1.629001 0.000002 0.000000 -0.018833 0.066668 -0.468772
    52 0.955999 0.000000 -0.000002 -0.000001 0.069720 -0.170027
    53 1.258940 -0.308543 -1.250054 1.289006 0.530147 -0.654402
    54 1.392999 0.000000 -0.000003 -0.001788 0.370555 0.932381
    55 1.099998 -0.000002 -0.000003 0.000000 -0.013127 -0.286815
    56 0.578998 0.704300 0.000000 0.000000 -1.570790 -3.044320
    57 2.577897 -4.075848 1.825547 1.570743 -1.473520 1.570850
    58 -2.577999 -4.075848 1.825549 1.570743 -1.473520 1.570850
    59 2.330669 -1.877754 0.104131 -1.861302 0.207908 -1.328386
  time 1
    0 -1.495767 -0.228851 37.364355 1.594576 -0.021809 -0.082501
    1 0.001573 4.212781 -1.689849 1.574728 0.006854 1.586301
    2 3.837410 0.000000 0.000000 -0.017530 0.004180 -0.104224
    3 3.617862 0.000000 0.000000 -0.032639 0.021868 0.076704
    4 7.539774 0.000000 0.000000 0.000000 0.000000 0.155813
    5 3.178292 0.000001 0.000000 3.164592 0.019829 0.280787
    6 2.970271 0.000000 0.000001 0.119652 0.009689 0.292221
    7 -0.000002 0.000001 0.000000 -1.570796 0.000000 -1.326450
    8 2.023705 0.907460 0.852577 1.683121 -1.259916 2.852155
    9 4.983657 -0.000003 0.000000 -1.561580 0.347159 -1.145157
    10 11.123049 -0.000003 0.000001 -0.000001 -0.000001 -0.684245
    11 11.208297 -0.000001 0.000013 1.227137 0.248801 0.234720
    12 2.676087 -1.712447 0.000003 1.570795 0.000000 1.570797
    13 2.023707 0.907463 -0.852527 -2.088378 1.211574 -3.768824
    14 4.983657 -0.000004 0.000000 1.457685 -0.387985 -0.978182
    15 11.123040 -0.000006 -0.000006 0.000000 0.000001 -0.800552
    16 11.208287 0.000000 -0.000016 -1.326211 -0.182323 0.340725
    17 2.676081 -1.712434 -0.000003 -1.570797 -0.000001 -1.570797
    18 3.984014 -0.000005 -0.000003 -1.656218 -0.097084 -1.525582
    19 15.940006 0.000002 0.000000 0.000000 0.000000 0.282284
    20 17.709558 0.000004 0.000002 -0.083764 -0.051609 -1.291080
    21 6.203996 0.000000 0.000001 -0.011146 0.000934 -0.500515
    22 -3.984013 0.000007 0.000007 -1.273263 -0.293623 -1.708764
    23 15.940015 0.000000 0.000000 0.000000 0.000000 0.570514
    24 17.709572 -0.000006 0.000001 -0.070234 -0.155299 -1.267694
    25 6.204001 0.000003 -0.000001 -0.078651 -0.006185 -0.498943
    26 3.549240 0.198821 -1.489462 -0.278974 -0.427953 -0.422539
    27 1.218999 -0.000001 0.000002 -0.004581 0.097481 -0.366307
    28 0.679998 -0.000001 -0.000001 0.011382 0.086977 -0.172589
    29 3.698007 0.267555 -0.728972 -0.079788 -0.001653 -0.288040
    30 1.749001 -0.000001 0.000003 0.000213 0.027093 -0.189869
    31 0.959999 -0.000001 0.000001 0.002326 0.039401 -0.237576
    32 3.768500 0.152546 0.071388 0.081383 0.043889 -0.186220
    33 2.037998 0.000001 0.000002 0.001515 -0.004367 -0.575175
    34 1.067001 0.000001 0.000002 -0.001244 -0.005673 -0.098703
    35 3.783924 -0.017260 0.794558 0.283359 -0.208004 0.057494
    36 1.629002 -0.000001 0.000003 0.018811 -0.066669 -0.468454
    37 0.956000 0.000000 0.000001 0.000000 -0.069721 -0.169717
    38 1.258965 -0.297983 1.252590 -1.370256 -0.463123 -0.948061
    39 1.393001 0.000001 0.000000 0.007719 -0.516244 0.716746
    40 1.100002 0.000001 -0.000003 -0.000001 0.013129 -0.284460
    41 3.549266 0.211411 1.487664 0.195335 0.051841 0.040276
    42 1.218999 -0.000001 -0.000002 0.004971 -0.097470 -0.370425
    43 0.679999 0.000001 0.000000 -0.011700 -0.086930 -0.168847
    44 3.698016 0.273718 0.726617 0.079515 -0.006037 -0.162363
    45 1.748999 0.000000 -0.000002 -0.000106 -0.027093 -0.193918
    46 0.959996 0.000000 0.000000 -0.002470 -0.039402 -0.233843
    47 3.768499 0.151954 -0.072746 -0.086232 -0.033354 -0.060899
    48 2.037997 0.000002 -0.000003 -0.001528 0.004354 -0.579235
    49 1.066998 0.000000 -0.000001 0.001255 0.005660 -0.094992
    50 3.783906 -0.023949 -0.794455 -0.275998 -0.023712 0.071931
    51 1.629001 0.000002 0.000000 -0.019072 0.066593 -0.472522
    52 0.955999 0.000000 -0.000002 0.000274 0.069720 -0.165998
    53 1.258940 -0.308543 -1.250054 1.289006 0.530147 -0.654402
    54 1.392999 0.000000 -0.000003 -0.001788 0.370555 0.932381
    55 1.099998 -0.000002 -0.000003 0.000000 -0.013127 -0.286815
    56 0.578998 0.704300 0.000000 0.000000 -1.570790 -3.044320
    57 2.577897 -4.075848 1.825547 1.570743 -1.473520 1.570850
    58 -2.577999 -4.075848 1.825549 1.570743 -1.473520 1.570850
    59 2.330669 -1.877754 0.104131 -1.861302 0.207908 -1.328386
  time 2
    0 -3.025604 -0.461095 37.132178 1.611047 -0.042676 -0.061874
    1 0.001573 4.212781 -1.689849 1.556030 -0.025211 1.584373
    2 3.837410 0.000000 0.000000 -0.035643 0.004164 -0.095568
    3 3.617862 0.000000 0.000000 -0.066421 0.019251 0.076140
    4 7.539774 0.000000 0.000000 0.000000 0.000000 0.155813
    5 3.178292 0.000001 0.000000 3.192840 -0.015092 0.265559
    6 2.970271 0.000000 0.000001 0.156647 0.026088 0.272735
    7 -0.000002 0.000001 0.000000 -1.570796 0.000000 -1.326450
    8 2.023705 0.907460 0.852577 1.697874 -1.265331 2.835863
    9 4.983657 -0.000003 0.000000 -1.464327 0.313272 -1.121535
    10 11.123049 -0.000003 0.000001 -0.000001 -0.000001 -0.868223
    11 11.208297 -0.000001 0.000013 0.950263 0.276397 0.272073
    12 2.676087 -1.712447 0.000003 1.570795 0.000000 1.570797
    13 2.023707 0.907463 -0.852527 -1.975843 1.232343 -3.651684
    14 4.983657 -0.000004 0.000000 1.504051 -0.442549 -0.928093
    15 11.123040 -0.000006 -0.000006 0.000000 0.000001 -1.027123
    16 11.208287 0.000000 -0.000016 -1.424045 -0.289942 0.424355
    17 2.676081 -1.712434 -0.000003 -1.570797 -0.000001 -1.570797
    18 3.984014 -0.000005 -0.000003 -1.695707 -0.119054 -1.502968
    19 15.940006 0.000002 0.000000 0.000000 0.000000 0.305273
    20 17.709558 0.000004 0.000002 -0.097644 0.006757 -1.302763
    21 6.203996 0.000000 0.000001 -0.011146 0.000934 -0.500515
    22 -3.984013 0.000007 0.000007 -1.369589 -0.416633 -1.809865
    23 15.940015 0.000000 0.000000 0.000000 0.000000 0.733769
    24 17.709572 -0.000006 0.000001 0.039681 -0.117733 -1.231574
    25 6.204001 0.000003 -0.000001 -0.078651 -0.006185 -0.498943
    26 3.549240 0.198821 -1.489462 -0.279377 -0.427741 -0.421566
    27 1.218999 -0.000001 0.000002 -0.004504 0.097481 -0.365420
    28 0.679998 -0.000001 -0.000001 0.011454 0.086962 -0.171671
    29 3.698007 0.267555 -0.728972 -0.079788 -0.001610 -0.287131
    30 1.749001 -0.000001 0.000003 0.000233 0.027093 -0.188933
    31 0.959999 -0.000001 0.000001 0.002365 0.039401 -0.236659
    32 3.768500 0.152546 0.071388 0.081416 0.043817 -0.185332
    33 2.037998 0.000001 0.000002 0.001515 -0.004367 -0.574257
    34 1.067001 0.000001 0.000002 -0.001244 -0.005673 -0.097786
    35 3.783924 -0.017260 0.794558 0.283279 -0.199915 0.052893
    36 1.629002 -0.000001 0.000003 0.018751 -0.066669 -0.467540
    37 0.956000 0.000000 0.000001 -0.000065 -0.069721 -0.168815
    38 1.258965 -0.297983 1.252590 -1.371281 -0.462967 -0.945894
    39 1.393001 0.000001 0.000000 0.006373 -0.516190 0.719497
    40 1.100002 0.000001 -0.000003 -0.000001 0.013129 -0.282062
    41 3.549266 0.211411 1.487664 0.191926 0.061360 -0.025653
    42 1.218999 -0.000001 -0.000002 0.005354 -0.097446 -0.374337
    43 0.679999 0.000001 0.000000 -0.012048 -0.086882 -0.164933
    44 3.698016 0.273718 0.726617 0.079995 -0.002624 -0.229020
    45 1.748999 0.000000 -0.000002 -0.000011 -0.027093 -0.197833
    46 0.959996 0.000000 0.000000 -0.002626 -0.039390 -0.229940
    47 3.768499 0.151954 -0.072746 -0.083823 -0.039023 -0.127511
    48 2.037997 0.000002 -0.000003 -0.001540 0.004354 -0.583150
    49 1.066998 0.000000 -0.000001 0.001279 0.005660 -0.091088
    50 3.783906 -0.023949 -0.794455 -0.274110 -0.040129 0.007274
    51 1.629001 0.000002 0.000000 -0.019336 0.066531 -0.476436
    52 0.955999 0.000000 -0.000002 0.000550 0.069720 -0.162087
    53 1.258940 -0.308543 -1.250054 1.289006 0.530147 -0.654402
    54 1.392999 0.000000 -0.000003 -0.001788 0.370555 0.932381
    55 1.099998 -0.000002 -0.000003 0.000000 -0.013127 -0.286815
    56 0.578998 0.704300 0.000000 0.000000 -1.570790 -3.044320
    57 2.577897 -4.075848 1.825547 1.570743 -1.473520 1.570850
    58 -2.577999 -4.075848 1.825549 1.570743 -1.473520 1.570850
    59 2.330669 -1.877754 0.104131 -1.861302 0.207908 -1.328386
  time 3
    0 -4.573793 -0.692612 36.889448 1.627801 -0.052861 -0.037125
    1 0.001573 4.212781 -1.689849 1.536747 -0.058430 1.582406
    2 3.837410 0.000000 0.000000 -0.054120 0.004164 -0.086730
    3 3.617862 0.000000 0.000000 -0.100818 0.016559 0.075508
    4 7.539774 0.000000 0.000000 0.000000 0.000000 0.155813
    5 3.178292 0.000001 0.000000 3.222113 -0.051299 0.249778
    6 2.970271 0.000000 0.000001 0.194995 0.043079 0.252520
    7 -0.000002 0.000001 0.000000 -1.570796 0.000000 -1.326450
    8 2.023705 0.907460 0.852577 1.715405 -1.270747 2.816791
    9 4.983657 -0.000003 0.000000 -1.367933 0.254883 -1.065222
    10 11.123049 -0.000003 0.000001 -0.000001 -0.000001 -1.028059
    11 11.208297 -0.000001 0.000013 0.666390 0.261963 0.285449
    12 2.676087 -1.712447 0.000003 1.570795 0.000000 1.570797
    13 2.023707 0.907463 -0.852527 -1.843786 1.248703 -3.515181
    14 4.983657 -0.000004 0.000000 1.561337 -0.446655 -0.909475
    15 11.123040 -0.000006 -0.000006 0.000000 0.000001 -1.161069
    16 11.208287 0.000000 -0.000016 -1.526098 -0.395361 0.479525
    17 2.676081 -1.712434 -0.000003 -1.570797 -0.000001 -1.570797
    18 3.984014 -0.000005 -0.000003 -1.730498 -0.143630 -1.468376
    19 15.940006 0.000002 0.000000 0.000000 0.000000 0.328630
    20 17.709558 0.000004 0.000002 -0.113116 0.063521 -1.312370
    21 6.203996 0.000000 0.000001 -0.011146 0.000934 -0.500515
    22 -3.984013 0.000007 0.000007 -1.479141 -0.492206 -1.876371
    23 15.940015 0.000000 0.000000 0.000000 0.000000 0.817159
    24 17.709572 -0.000006 0.000001 0.168103 -0.098760 -1.174863
    25 6.204001 0.000003 -0.000001 -0.078651 -0.006185 -0.498943
    26 3.549240 0.198821 -1.489462 -0.279983 -0.427424 -0.420057
    27 1.218999 -0.000001 0.000002 -0.004351 0.097481 -0.363958
    28 0.679998 -0.000001 -0.000001 0.011579 0.086947 -0.170251
    29 3.698007 0.267555 -0.728972 -0.079788 -0.001553 -0.285696
    30 1.749001 -0.000001 0.000003 0.000271 0.027093 -0.187505
    31 0.959999 -0.000001 0.000001 0.002404 0.039401 -0.235241
    32 3.768500 0.152546 0.071388 0.081498 0.043697 -0.183901
    33 2.037998 0.000001 0.000002 0.001515 -0.004367 -0.572829
    34 1.067001 0.000001 0.000002 -0.001244 -0.005661 -0.096368
    35 3.783924 -0.017260 0.794558 0.283199 -0.191841 0.048819
    36 1.629002 -0.000001 0.000003 0.018652 -0.066690 -0.466123
    37 0.956000 0.000000 0.000001 -0.000173 -0.069721 -0.167384
    38 1.258965 -0.297983 1.252590 -1.372946 -0.462698 -0.942478
    39 1.393001 0.000001 0.000000 0.005010 -0.516118 0.722277
    40 1.100002 0.000001 -0.000003 -0.000001 0.013129 -0.279620
    41 3.549266 0.211411 1.487664 0.187150 0.073296 -0.095181
    42 1.218999 -0.000001 -0.000002 0.005750 -0.097422 -0.378302
    43 0.679999 0.000001 0.000000 -0.012383 -0.086834 -0.161058
    44 3.698016 0.273718 0.726617 0.079947 0.002227 -0.299261
    45 1.748999 0.000000 -0.000002 0.000097 -0.027093 -0.201800
    46 0.959996 0.000000 0.000000 -0.002770 -0.039378 -0.226077
    47 3.768499 0.151954 -0.072746 -0.080875 -0.044824 -0.197708
    48 2.037997 0.000002 -0.000003 -0.001552 0.004342 -0.587117
    49 1.066998 0.000000 -0.000001 0.001303 0.005660 -0.087231
    50 3.783906 -0.023949 -0.794455 -0.270705 -0.058388 -0.060784
    51 1.629001 0.000002 0.000000 -0.019600 0.066443 -0.480458
    52 0.955999 0.000000 -0.000002 0.000813 0.069720 -0.158216
    53 1.258940 -0.308543 -1.250054 1.289006 0.530147 -0.654402
    54 1.392999 0.000000 -0.000003 -0.001788 0.370555 0.932381
    55 1.099998 -0.000002 -0.000003 0.000000 -0.013127 -0.286815
    56 0.578998 0.704300 0.000000 0.000000 -1.570790 -3.044320
    57 2.577897 -4.075848 1.825547 1.570743 -1.473520 1.570850
    58 -2.577999 -4.075848 1.825549 1.570743 -1.473520 1.570850
    59 2.330669 -1.877754 0.104131 -1.861302 0.207908 -1.328386
  time 4
    0 -6.128379 -0.937133 36.646718 1.644648 -0.052273 -0.013622
    1 0.001573 4.212781 -1.689849 1.517443 -0.091963 1.580400
    2 3.837410 0.000000 0.000000 -0.072679 0.004164 -0.077860
    3 3.617862 0.000000 0.000000 -0.135394 0.013851 0.074859
    4 7.539774 0.000000 0.000000 0.000000 0.000000 0.155813
    5 3.178292 0.000001 0.000000 3.251643 -0.087826 0.233823
    6 2.970271 0.000000 0.000001 0.233681 0.060227 0.232124
    7 -0.000002 0.000001 0.000000 -1.570796 0.000000 -1.326450
    8 2.023705 0.907460 0.852577 1.735331 -1.276044 2.795132
    9 4.983657 -0.000003 0.000000 -1.308703 0.180919 -1.001255
    10 11.123049 -0.000003 0.000001 -0.000001 -0.000001 -1.156624
    11 11.208297 -0.000001 0.000013 0.423166 0.190055 0.283741
    12 2.676087 -1.712447 0.000003 1.570795 0.000000 1.570797
    13 2.023707 0.907463 -0.852527 -1.698810 1.258992 -3.365641
    14 4.983657 -0.000004 0.000000 1.601093 -0.403070 -0.922233
    15 11.123040 -0.000006 -0.000006 0.000000 0.000001 -1.204285
    16 11.208287 0.000000 -0.000016 -1.632101 -0.452259 0.501490
    17 2.676081 -1.712434 -0.000003 -1.570797 -0.000001 -1.570797
    18 3.984014 -0.000005 -0.000003 -1.754364 -0.172264 -1.422861
    19 15.940006 0.000002 0.000000 0.000000 0.000000 0.357439
    20 17.709558 0.000004 0.000002 -0.134657 0.107714 -1.323707
    21 6.203996 0.000000 0.000001 -0.011146 0.000934 -0.500515
    22 -3.984013 0.000007 0.000007 -1.581313 -0.526118 -1.917866
    23 15.940015 0.000000 0.000000 0.000000 0.000000 0.838620
    24 17.709572 -0.000006 0.000001 0.294804 -0.096139 -1.122968
    25 6.204001 0.000003 -0.000001 -0.078651 -0.006185 -0.498943
    26 3.549240 0.198821 -1.489462 -0.280770 -0.427028 -0.418061
    27 1.218999 -0.000001 0.000002 -0.004183 0.097493 -0.362130
    28 0.679998 -0.000001 -0.000001 0.011739 0.086932 -0.168373
    29 3.698007 0.267555 -0.728972 -0.079770 -0.001452 -0.283878
    30 1.749001 -0.000001 0.000003 0.000330 0.027093 -0.185683
    31 0.959999 -0.000001 0.000001 0.002482 0.039401 -0.233364
    32 3.768500 0.152546 0.071388 0.081580 0.043541 -0.182076
    33 2.037998 0.000001 0.000002 0.001494 -0.004367 -0.570993
    34 1.067001 0.000001 0.000002 -0.001262 -0.005661 -0.094492
    35 3.783924 -0.017260 0.794558 0.283059 -0.183829 0.045128
    36 1.629002 -0.000001 0.000003 0.018533 -0.066732 -0.464295
    37 0.956000 0.000000 0.000001 -0.000303 -0.069721 -0.165518
    38 1.258965 -0.297983 1.252590 -1.375038 -0.462341 -0.938070
    39 1.393001 0.000001 0.000000 0.003647 -0.516046 0.725057
    40 1.100002 0.000001 -0.000003 0.000119 0.013129 -0.277222
    41 3.549266 0.211411 1.487664 0.181228 0.086594 -0.162861
    42 1.218999 -0.000001 -0.000002 0.006145 -0.097398 -0.382425
    43 0.679999 0.000001 0.000000 -0.012707 -0.086798 -0.157302
    44 3.698016 0.273718 0.726617 0.079300 0.008114 -0.367659
    45 1.748999 0.000000 -0.000002 0.000205 -0.027093 -0.205874
    46 0.959996 0.000000 0.000000 -0.002926 -0.039366 -0.222335
    47 3.768499 0.151954 -0.072746 -0.077627 -0.050253 -0.266193
    48 2.037997 0.000002 -0.000003 -0.001576 0.004342 -0.591191
    49 1.066998 0.000000 -0.000001 0.001327 0.005660 -0.083471
    50 3.783906 -0.023949 -0.794455 -0.265956 -0.076971 -0.127011
    51 1.629001 0.000002 0.000000 -0.019875 0.066368 -0.484535
    52 0.955999 0.000000 -0.000002 0.001077 0.069720 -0.154464
    53 1.258940 -0.308543 -1.250054 1.289006 0.530147 -0.654402
    54 1.392999 0.000000 -0.000003 -0.001788 0.370555 0.932381
    55 1.099998 -0.000002 -0.000003 0.000000 -0.013127 -0.286815
    56 0.578998 0.704300 0.000000 0.000000 -1.570790 -3.044320
    57 2.577897 -4.075848 1.825547 1.570743 -1.473520 1.570850
    58 -2.577999 -4.075848 1.825549 1.570743 -1.473520 1.570850
    59 2.330669 -1.877754 0.104131 -1.861302 0.207908 -1.328386
  time 5
    0 -7.670614 -1.179815 36.340668 1.661026 -0.043355 0.004226
    1 0.001573 4.212781 -1.689849 1.498610 -0.124888 1.578433
    2 3.837410 0.000000 0.000000 -0.091048 0.004148 -0.069071
    3 3.617862 0.000000 0.000000 -0.169651 0.011203 0.074243
    4 7.539774 0.000000 0.000000 0.000000 0.000000 0.155813
    5 3.178292 0.000001 0.000000 3.280631 -0.123711 0.218217
    6 2.970271 0.000000 0.000001 0.271690 0.077060 0.212091
    7 -0.000002 0.000001 0.000000 -1.570796 0.000000 -1.326450
    8 2.023705 0.907460 0.852577 1.757173 -1.281183 2.771556
    9 4.983657 -0.000003 0.000000 -1.300105 0.106854 -0.950800
    10 11.123049 -0.000003 0.000001 -0.000001 -0.000001 -1.247854
    11 11.208297 -0.000001 0.000013 0.251271 0.061550 0.267520
    12 2.676087 -1.712447 0.000003 1.570795 0.000000 1.570797
    13 2.023707 0.907463 -0.852527 -1.550676 1.262549 -3.213033
    14 4.983657 -0.000004 0.000000 1.607894 -0.333421 -0.954555
    15 11.123040 -0.000006 -0.000006 0.000000 0.000001 -1.190764
    16 11.208287 0.000000 -0.000016 -1.733795 -0.446082 0.488647
    17 2.676081 -1.712434 -0.000003 -1.570797 -0.000001 -1.570797
    18 3.984014 -0.000005 -0.000003 -1.760498 -0.203691 -1.371500
    19 15.940006 0.000002 0.000000 0.000000 0.000000 0.392512
    20 17.709558 0.000004 0.000002 -0.166816 0.128973 -1.339025
    21 6.203996 0.000000 0.000001 -0.011146 0.000934 -0.500515
    22 -3.984013 0.000007 0.000007 -1.652335 -0.529771 -1.945465
    23 15.940015 0.000000 0.000000 0.000000 0.000000 0.811564
    24 17.709572 -0.000006 0.000001 0.400567 -0.095000 -1.089846
    25 6.204001 0.000003 -0.000001 -0.078651 -0.006185 -0.498943
    26 3.549240 0.198821 -1.489462 -0.281698 -0.426526 -0.415725
    27 1.218999 -0.000001 0.000002 -0.003953 0.097505 -0.359885
    28 0.679998 -0.000001 -0.000001 0.011936 0.086902 -0.166160
    29 3.698007 0.267555 -0.728972 -0.079753 -0.001351 -0.281678
    30 1.749001 -0.000001 0.000003 0.000388 0.027093 -0.183466
    31 0.959999 -0.000001 0.000001 0.002579 0.039389 -0.231154
    32 3.768500 0.152546 0.071388 0.081662 0.043373 -0.179856
    33 2.037998 0.000001 0.000002 0.001494 -0.004367 -0.568801
    34 1.067001 0.000001 0.000002 -0.001262 -0.005661 -0.092282
    35 3.783924 -0.017260 0.794558 0.282919 -0.175847 0.041773
    36 1.629002 -0.000001 0.000003 0.018394 -0.066774 -0.462056
    37 0.956000 0.000000 0.000001 -0.000454 -0.069721 -0.163309
    38 1.258965 -0.297983 1.252590 -1.377557 -0.461916 -0.932781
    39 1.393001 0.000001 0.000000 0.002266 -0.515974 0.727836
    40 1.100002 0.000001 -0.000003 0.000143 0.013129 -0.274780
    41 3.549266 0.211411 1.487664 0.174802 0.099810 -0.223297
    42 1.218999 -0.000001 -0.000002 0.006541 -0.097374 -0.386601
    43 0.679999 0.000001 0.000000 -0.013019 -0.086750 -0.153585
    44 3.698016 0.273718 0.726617 0.078149 0.014278 -0.428736
    45 1.748999 0.000000 -0.000002 0.000313 -0.027093 -0.210053
    46 0.959996 0.000000 0.000000 -0.003069 -0.039354 -0.218634
    47 3.768499 0.151954 -0.072746 -0.074404 -0.054903 -0.327401
    48 2.037997 0.000002 -0.000003 -0.001600 0.004330 -0.595370
    49 1.066998 0.000000 -0.000001 0.001339 0.005648 -0.079808
    50 3.783906 -0.023949 -0.794455 -0.260462 -0.094146 -0.186228
    51 1.629001 0.000002 0.000000 -0.020139 0.066280 -0.488666
    52 0.955999 0.000000 -0.000002 0.001329 0.069708 -0.150791
    53 1.258940 -0.308543 -1.250054 1.289006 0.530147 -0.654402
    54 1.392999 0.000000 -0.000003 -0.001788 0.370555 0.932381
    55 1.099998 -0.000002 -0.000003 0.000000 -0.013127 -0.286815
    56 0.578998 0.704300 0.000000 0.000000 -1.570790 -3.044320
    57 2.577897 -4.075848 1.825547 1.570743 -1.473520 1.570850
    58 -2.577999 -4.075848 1.825549 1.570743 -1.473520 1.570850
    59 2.330669 -1.877754 0.104131 -1.861302 0.207908 -1.328386
  time 6
    0 -9.194153 -1.405771 35.960743 1.676462 -0.030274 0.014216
    1 0.001573 4.212781 -1.689849 1.480698 -0.156367 1.576543
    2 3.837410 0.000000 0.000000 -0.108999 0.004132 -0.060497
    3 3.617862 0.000000 0.000000 -0.203111 0.008601 0.073714
    4 7.539774 0.000000 0.000000 0.000000 0.000000 0.155813
    5 3.178292 0.000001 0.000000 3.308365 -0.158051 0.203251
    6 2.970271 0.000000 0.000001 0.308051 0.093183 0.192924
    7 -0.000002 0.000001 0.000000 -1.570796 0.000000 -1.326450
    8 2.023705 0.907460 0.852577 1.780739 -1.286283 2.746159
    9 4.983657 -0.000003 0.000000 -1.351502 0.036239 -0.937100
    10 11.123049 -0.000003 0.000001 -0.000001 -0.000001 -1.296529
    11 11.208297 -0.000001 0.000013 0.154921 -0.111705 0.211526
    12 2.676087 -1.712447 0.000003 1.570795 0.000000 1.570797
    13 2.023707 0.907463 -0.852527 -1.410485 1.259941 -3.068765
    14 4.983657 -0.000004 0.000000 1.587585 -0.264583 -0.990657
    15 11.123040 -0.000006 -0.000006 0.000000 0.000001 -1.168777
    16 11.208287 0.000000 -0.000016 -1.822654 -0.407480 0.456245
    17 2.676081 -1.712434 -0.000003 -1.570797 -0.000001 -1.570797
    18 3.984014 -0.000005 -0.000003 -1.754364 -0.238284 -1.317552
    19 15.940006 0.000002 0.000000 0.000000 0.000000 0.439152
    20 17.709558 0.000004 0.000002 -0.208076 0.130790 -1.361873
    21 6.203996 0.000000 0.000001 -0.011146 0.000934 -0.500515
    22 -3.984013 0.000007 0.000007 -1.691728 -0.513827 -1.965014
    23 15.940015 0.000000 0.000000 0.000000 0.000000 0.745572
    24 17.709572 -0.000006 0.000001 0.486221 -0.074441 -1.078543
    25 6.204001 0.000003 -0.000001 -0.078651 -0.006185 -0.498943
    26 3.549240 0.198821 -1.489462 -0.282747 -0.425997 -0.413096
    27 1.218999 -0.000001 0.000002 -0.003723 0.097517 -0.357431
    28 0.679998 -0.000001 -0.000001 0.012150 0.086872 -0.163697
    29 3.698007 0.267555 -0.728972 -0.079735 -0.001251 -0.279190
    30 1.749001 -0.000001 0.000003 0.000446 0.027093 -0.181004
    31 0.959999 -0.000001 0.000001 0.002677 0.039377 -0.228693
    32 3.768500 0.152546 0.071388 0.081777 0.043170 -0.177438
    33 2.037998 0.000001 0.000002 0.001474 -0.004367 -0.566302
    34 1.067001 0.000001 0.000002 -0.001281 -0.005661 -0.089821
    35 3.783924 -0.017260 0.794558 0.282759 -0.167897 0.038706
    36 1.629002 -0.000001 0.000003 0.018216 -0.066816 -0.459589
    37 0.956000 0.000000 0.000001 -0.000627 -0.069721 -0.160852
    38 1.258965 -0.297983 1.252590 -1.380375 -0.461425 -0.926904
    39 1.393001 0.000001 0.000000 0.000885 -0.515902 0.730616
    40 1.100002 0.000001 -0.000003 0.000179 0.013129 -0.272382
    41 3.549266 0.211411 1.487664 0.168880 0.111002 -0.271139
    42 1.218999 -0.000001 -0.000002 0.006948 -0.097350 -0.390831
    43 0.679999 0.000001 0.000000 -0.013342 -0.086690 -0.149988
    44 3.698016 0.273718 0.726617 0.076819 0.019695 -0.477168
    45 1.748999 0.000000 -0.000002 0.000433 -0.027093 -0.214285
    46 0.959996 0.000000 0.000000 -0.003213 -0.039330 -0.215053
    47 3.768499 0.151954 -0.072746 -0.071647 -0.058462 -0.375983
    48 2.037997 0.000002 -0.000003 -0.001600 0.004330 -0.599549
    49 1.066998 0.000000 -0.000001 0.001363 0.005648 -0.076193
    50 3.783906 -0.023949 -0.794455 -0.255269 -0.108026 -0.233099
    51 1.629001 0.000002 0.000000 -0.020426 0.066192 -0.492906
    52 0.955999 0.000000 -0.000002 0.001580 0.069708 -0.147157
    53 1.258940 -0.308543 -1.250054 1.289006 0.530147 -0.654402
    54 1.392999 0.000000 -0.000003 -0.001788 0.370555 0.932381
    55 1.099998 -0.000002 -0.000003 0.000000 -0.013127 -0.286815
    56 0.578998 0.704300 0.000000 0.000000 -1.570790 -3.044320
    57 2.577897 -4.075848 1.825547 1.570743 -1.473520 1.570850
    58 -2.577999 -4.075848 1.825549 1.570743 -1.473520 1.570850
    59 2.330669 -1.877754 0.104131 -1.861302 0.207908 -1.328386
  time 7
    0 -10.678228 -1.640055 35.506943 1.689827 -0.017192 0.016444
    1 0.001573 4.212781 -1.689849 1.464225 -0.185561 1.574808
    2 3.837410 0.000000 0.000000 -0.126260 0.004132 -0.052234
    3 3.617862 0.000000 0.000000 -0.235290 0.006151 0.073304
    4 7.539774 0.000000 0.000000 0.000000 0.000000 0.155813
    5 3.178292 0.000001 0.000000 3.334075 -0.189862 0.189363
    6 2.970271 0.000000 0.000001 0.341748 0.108102 0.175168
    7 -0.000002 0.000001 0.000000 -1.570796 0.000000 -1.326450
    8 2.023705 0.907460 0.852577 1.805551 -1.291145 2.719517
    9 4.983657 -0.000003 0.000000 -1.456206 -0.036964 -0.964500
    10 11.123049 -0.000003 0.000001 -0.000001 -0.000001 -1.305007
    11 11.208297 -0.000001 0.000013 0.105931 -0.272807 0.096551
    12 2.676087 -1.712447 0.000003 1.570795 0.000000 1.570797
    13 2.023707 0.907463 -0.852527 -1.287328 1.253018 -2.942040
    14 4.983657 -0.000004 0.000000 1.546489 -0.204338 -1.027420
    15 11.123040 -0.000006 -0.000006 0.000000 0.000001 -1.148938
    16 11.208287 0.000000 -0.000016 -1.899126 -0.353577 0.410344
    17 2.676081 -1.712434 -0.000003 -1.570797 -0.000001 -1.570797
    18 3.984014 -0.000005 -0.000003 -1.746888 -0.269153 -1.264946
    19 15.940006 0.000002 0.000000 0.000000 0.000000 0.488003
    20 17.709558 0.000004 0.000002 -0.253281 0.124130 -1.387144
    21 6.203996 0.000000 0.000001 -0.011146 0.000934 -0.500515
    22 -3.984013 0.000007 0.000007 -1.714156 -0.483765 -1.980539
    23 15.940015 0.000000 0.000000 0.000000 0.000000 0.648309
    24 17.709572 -0.000006 0.000001 0.558232 -0.028251 -1.076724
    25 6.204001 0.000003 -0.000001 -0.078651 -0.006185 -0.498943
    26 3.549240 0.198821 -1.489462 -0.283856 -0.425416 -0.410273
    27 1.218999 -0.000001 0.000002 -0.003463 0.097529 -0.354768
    28 0.679998 -0.000001 -0.000001 0.012382 0.086842 -0.161025
    29 3.698007 0.267555 -0.728972 -0.079718 -0.001121 -0.276559
    30 1.749001 -0.000001 0.000003 0.000524 0.027093 -0.178345
    31 0.959999 -0.000001 0.000001 0.002775 0.039377 -0.226066
    32 3.768500 0.152546 0.071388 0.081891 0.042942 -0.174774
    33 2.037998 0.000001 0.000002 0.001474 -0.004379 -0.563650
    34 1.067001 0.000001 0.000002 -0.001299 -0.005661 -0.087195
    35 3.783924 -0.017260 0.794558 0.282599 -0.159946 0.035878
    36 1.629002 -0.000001 0.000003 0.018057 -0.066879 -0.456939
    37 0.956000 0.000000 0.000001 -0.000800 -0.069721 -0.158177
    38 1.258965 -0.297983 1.252590 -1.383364 -0.460888 -0.920550
    39 1.393001 0.000001 0.000000 -0.000479 -0.515848 0.733425
    40 1.100002 0.000001 -0.000003 0.000215 0.013129 -0.269896
    41 3.549266 0.211411 1.487664 0.164811 0.118105 -0.301187
    42 1.218999 -0.000001 -0.000002 0.007380 -0.097314 -0.395113
    43 0.679999 0.000001 0.000000 -0.013642 -0.086643 -0.146429
    44 3.698016 0.273718 0.726617 0.075812 0.023192 -0.507476
    45 1.748999 0.000000 -0.000002 0.000541 -0.027082 -0.218570
    46 0.959996 0.000000 0.000000 -0.003357 -0.039330 -0.211512
    47 3.768499 0.151954 -0.072746 -0.069837 -0.060607 -0.406373
    48 2.037997 0.000002 -0.000003 -0.001624 0.004330 -0.603887
    49 1.066998 0.000000 -0.000001 0.001387 0.005636 -0.072674
    50 3.783906 -0.023949 -0.794455 -0.251621 -0.116722 -0.262498
    51 1.629001 0.000002 0.000000 -0.020714 0.066105 -0.497200
    52 0.955999 0.000000 -0.000002 0.001832 0.069696 -0.143602
    53 1.258940 -0.308543 -1.250054 1.289006 0.530147 -0.654402
    54 1.392999 0.000000 -0.000003 -0.001788 0.370555 0.932381
    55 1.099998 -0.000002 -0.000003 0.000000 -0.013127 -0.286815
    56 0.578998 0.704300 0.000000 0.000000 -1.570790 -3.044320
    57 2.577897 -4.075848 1.825547 1.570743 -1.473520 1.570850
    58 -2.577999 -4.075848 1.825549 1.570743 -1.473520 1.570850
    59 2.330669 -1.877754 0.104131 -1.861302 0.207908 -1.328386
  time 8
    0 -12.111267 -1.879995 35.042591 1.700369 -0.007234 0.013017
    1 0.001573 4.212781 -1.689849 1.449617 -0.211591 1.573226
    2 3.837410 0.000000 0.000000 -0.142590 0.004132 -0.044431
    3 3.617862 0.000000 0.000000 -0.265711 0.003851 0.073099
    4 7.539774 0.000000 0.000000 0.000000 0.000000 0.155813
    5 3.178292 0.000001 0.000000 3.357021 -0.218241 0.176989
    6 2.970271 0.000000 0.000001 0.371809 0.121422 0.159324
    7 -0.000002 0.000001 0.000000 -1.570796 0.000000 -1.326450
    8 2.023705 0.907460 0.852577 1.831225 -1.295809 2.692203
    9 4.983657 -0.000003 0.000000 -1.599697 -0.112855 -1.024215
    10 11.123049 -0.000003 0.000001 -0.000001 -0.000001 -1.284234
    11 11.208297 -0.000001 0.000013 0.068925 -0.355990 -0.052077
    12 2.676087 -1.712447 0.000003 1.570795 0.000000 1.570797
    13 2.023707 0.907463 -0.852527 -1.186371 1.244293 -2.838320
    14 4.983657 -0.000004 0.000000 1.493321 -0.153211 -1.063239
    15 11.123040 -0.000006 -0.000006 0.000000 0.000001 -1.130994
    16 11.208287 0.000000 -0.000016 -1.966354 -0.299674 0.358312
    17 2.676081 -1.712434 -0.000003 -1.570797 -0.000001 -1.570797
    18 3.984014 -0.000005 -0.000003 -1.735482 -0.287920 -1.219814
    19 15.940006 0.000002 0.000000 0.000000 0.000000 0.524033
    20 17.709558 0.000004 0.000002 -0.300836 0.109494 -1.407308
    21 6.203996 0.000000 0.000001 -0.011146 0.000934 -0.500515
    22 -3.984013 0.000007 0.000007 -1.724028 -0.441857 -1.994817
    23 15.940015 0.000000 0.000000 0.000000 0.000000 0.526136
    24 17.709572 -0.000006 0.000001 0.612211 0.036498 -1.071466
    25 6.204001 0.000003 -0.000001 -0.078651 -0.006185 -0.498943
    26 3.549240 0.198821 -1.489462 -0.285027 -0.424808 -0.407353
    27 1.218999 -0.000001 0.000002 -0.003187 0.097529 -0.352001
    28 0.679998 -0.000001 -0.000001 0.012614 0.086813 -0.158270
    29 3.698007 0.267555 -0.728972 -0.079682 -0.000992 -0.273785
    30 1.749001 -0.000001 0.000003 0.000582 0.027081 -0.175587
    31 0.959999 -0.000001 0.000001 0.002872 0.039365 -0.223272
    32 3.768500 0.152546 0.071388 0.082006 0.042726 -0.172012
    33 2.037998 0.000001 0.000002 0.001453 -0.004379 -0.560896
    34 1.067001 0.000001 0.000002 -0.001317 -0.005661 -0.084401
    35 3.783924 -0.017260 0.794558 0.282439 -0.152011 0.033098
    36 1.629002 -0.000001 0.000003 0.017858 -0.066921 -0.454151
    37 0.956000 0.000000 0.000001 -0.000994 -0.069721 -0.155408
    38 1.258965 -0.297983 1.252590 -1.386481 -0.460307 -0.913939
    39 1.393001 0.000001 0.000000 -0.001860 -0.515776 0.736262
    40 1.100002 0.000001 -0.000003 0.000239 0.013129 -0.267454
    41 3.549266 0.211411 1.487664 0.163900 0.119200 -0.307994
    42 1.218999 -0.000001 -0.000002 0.007799 -0.097278 -0.399500
    43 0.679999 0.000001 0.000000 -0.013941 -0.086607 -0.142950
    44 3.698016 0.273718 0.726617 0.075596 0.023675 -0.514234
    45 1.748999 0.000000 -0.000002 0.000661 -0.027082 -0.222907
    46 0.959996 0.000000 0.000000 -0.003489 -0.039318 -0.208011
    47 3.768499 0.151954 -0.072746 -0.069430 -0.061075 -0.413115
    48 2.037997 0.000002 -0.000003 -0.001648 0.004318 -0.608225
    49 1.066998 0.000000 -0.000001 0.001399 0.005636 -0.069203
    50 3.783906 -0.023949 -0.794455 -0.250792 -0.118393 -0.269142
    51 1.629001 0.000002 0.000000 -0.020990 0.066017 -0.501603
    52 0.955999 0.000000 -0.000002 0.002072 0.069684 -0.140126
    53 1.258940 -0.308543 -1.250054 1.289006 0.530147 -0.654402
    54 1.392999 0.000000 -0.000003 -0.001788 0.370555 0.932381
    55 1.099998 -0.000002 -0.000003 0.000000 -0.013127 -0.286815
    56 0.578998 0.704300 0.000000 0.000000 -1.570790 -3.044320
    57 2.577897 -4.075848 1.825547 1.570743 -1.473520 1.570850
    58 -2.577999 -4.075848 1.825549 1.570743 -1.473520 1.570850
    59 2.330669 -1.877754 0.104131 -1.861302 0.207908 -1.328386
  time 9
    0 -13.477909 -2.121956 34.631005 1.706957 -0.001575 0.006716
    1 0.001573 4.212781 -1.689849 1.437324 -0.233618 1.571877
    2 3.837410 0.000000 0.000000 -0.157718 0.004148 -0.037203
    3 3.617862 0.000000 0.000000 -0.293901 0.001794 0.073116
    4 7.539774 0.000000 0.000000 0.000000 0.000000 0.155813
    5 3.178292 0.000001 0.000000 3.376403 -0.242224 0.166536
    6 2.970271 0.000000 0.000001 0.397219 0.132690 0.145938
    7 -0.000002 0.000001 0.000000 -1.570796 0.000000 -1.326450
    8 2.023705 0.907460 0.852577 1.856995 -1.300276 2.664794
    9 4.983657 -0.000003 0.000000 -1.756372 -0.190014 -1.094702
    10 11.123049 -0.000003 0.000001 -0.000001 -0.000001 -1.248697
    11 11.208297 -0.000001 0.000013 0.007280 -0.350111 -0.158230
    12 2.676087 -1.712447 0.000003 1.570795 0.000000 1.570797
    13 2.023707 0.907463 -0.852527 -1.109720 1.236374 -2.759811
    14 4.983657 -0.000004 0.000000 1.436801 -0.107621 -1.097356
    15 11.123040 -0.000006 -0.000006 0.000000 0.000001 -1.109638
    16 11.208287 0.000000 -0.000016 -2.026580 -0.260323 0.309783
    17 2.676081 -1.712434 -0.000003 -1.570797 -0.000001 -1.570797
    18 3.984014 -0.000005 -0.000003 -1.716505 -0.290303 -1.185989
    19 15.940006 0.000002 0.000000 0.000000 0.000000 0.538033
    20 17.709558 0.000004 0.000002 -0.349302 0.087131 -1.417434
    21 6.203996 0.000000 0.000001 -0.011146 0.000934 -0.500515
    22 -3.984013 0.000007 0.000007 -1.724699 -0.385535 -2.009192
    23 15.940015 0.000000 0.000000 0.000000 0.000000 0.378594
    24 17.709572 -0.000006 0.000001 0.646200 0.107939 -1.051809
    25 6.204001 0.000003 -0.000001 -0.078651 -0.006185 -0.498943
    26 3.549240 0.198821 -1.489462 -0.286197 -0.424201 -0.404383
    27 1.218999 -0.000001 0.000002 -0.002912 0.097529 -0.349182
    28 0.679998 -0.000001 -0.000001 0.012864 0.086768 -0.155431
    29 3.698007 0.267555 -0.728972 -0.079665 -0.000862 -0.271010
    30 1.749001 -0.000001 0.000003 0.000679 0.027081 -0.172780
    31 0.959999 -0.000001 0.000001 0.002989 0.039353 -0.220478
    32 3.768500 0.152546 0.071388 0.082121 0.042486 -0.169249
    33 2.037998 0.000001 0.000002 0.001433 -0.004379 -0.558143
    34 1.067001 0.000001 0.000002 -0.001335 -0.005649 -0.081649
    35 3.783924 -0.017260 0.794558 0.282279 -0.144076 0.030414
    36 1.629002 -0.000001 0.000003 0.017680 -0.066963 -0.451364
    37 0.956000 0.000000 0.000001 -0.001189 -0.069709 -0.152609
    38 1.258965 -0.297983 1.252590 -1.389640 -0.459704 -0.907291
    39 1.393001 0.000001 0.000000 -0.003258 -0.515704 0.739070
    40 1.100002 0.000001 -0.000003 0.000275 0.013129 -0.265011
    41 3.549266 0.211411 1.487664 0.166790 0.113294 -0.288302
    42 1.218999 -0.000001 -0.000002 0.008231 -0.097242 -0.403941
    43 0.679999 0.000001 0.000000 -0.014241 -0.086559 -0.139510
    44 3.698016 0.273718 0.726617 0.076387 0.020663 -0.494165
    45 1.748999 0.000000 -0.000002 0.000780 -0.027082 -0.227351
    46 0.959996 0.000000 0.000000 -0.003621 -0.039306 -0.204591
    47 3.768499 0.151954 -0.072746 -0.070640 -0.059661 -0.392890
    48 2.037997 0.000002 -0.000003 -0.001659 0.004306 -0.612615
    49 1.066998 0.000000 -0.000001 0.001423 0.005624 -0.065780
    50 3.783906 -0.023949 -0.794455 -0.253338 -0.112018 -0.249786
    51 1.629001 0.000002 0.000000 -0.021289 0.065929 -0.506006
    52 0.955999 0.000000 -0.000002 0.002312 0.069684 -0.136729
    53 1.258940 -0.308543 -1.250054 1.289006 0.530147 -0.654402
    54 1.392999 0.000000 -0.000003 -0.001788 0.370555 0.932381
    55 1.099998 -0.000002 -0.000003 0.000000 -0.013127 -0.286815
    56 0.578998 0.704300 0.000000 0.000000 -1.570790 -3.044320
    57 2.577897 -4.075848 1.825547 1.570743 -1.473520 1.570850
    58 -2.577999 -4.075848 1.825549 1.570743 -1.473520 1.570850
    59 2.330669 -1.877754 0.104131 -1.861302 0.207908 -1.328386
  time 10
    0 -14.770681 -2.362497 34.335508 1.708934 0.000009 -0.000065
    1 0.001573 4.212781 -1.689849 1.427818 -0.250720 1.570797
    2 3.837410 0.000000 0.000000 -0.171387 0.004164 -0.030666
    3 3.617862 0.000000 0.000000 -0.319371 0.000009 0.073423
    4 7.539774 0.000000 0.000000 0.000000 0.000000 0.155813
    5 3.178292 0.000001 0.000000 3.391482 -0.260869 0.158413
    6 2.970271 0.000000 0.000001 0.416964 0.141432 0.135512
    7 -0.000002 0.000001 0.000000 -1.570796 0.000000 -1.326450
    8 2.023705 0.907460 0.852577 1.882669 -1.304585 2.637672
    9 4.983657 -0.000003 0.000000 -1.853721 -0.243382 -1.115583
    10 11.123049 -0.000003 0.000001 -0.000001 -0.000001 -1.214225
    11 11.208297 -0.000001 0.000013 -0.105272 -0.326815 -0.166839
    12 2.676087 -1.712447 0.000003 1.570795 0.000000 1.570797
    13 2.023707 0.907463 -0.852527 -1.058142 1.231822 -2.707377
    14 4.983657 -0.000004 0.000000 1.384400 -0.060075 -1.129866
    15 11.123040 -0.000006 -0.000006 0.000000 0.000001 -1.075647
    16 11.208287 0.000000 -0.000016 -2.080344 -0.248953 0.276360
    17 2.676081 -1.712434 -0.000003 -1.570797 -0.000001 -1.570797
    18 3.984014 -0.000005 -0.000003 -1.687464 -0.272876 -1.164908
    19 15.940006 0.000002 0.000000 0.000000 0.000000 0.522559
    20 17.709558 0.000004 0.000002 -0.397085 0.056826 -1.413020
    21 6.203996 0.000000 0.000001 -0.011146 0.000934 -0.500515
    22 -3.984013 0.000007 0.000007 -1.719236 -0.300040 -2.025483
    23 15.940015 0.000000 0.000000 0.000000 0.000000 0.182228
    24 17.709572 -0.000006 0.000001 0.662038 0.171860 -0.998391
    25 6.204001 0.000003 -0.000001 -0.078651 -0.006185 -0.498943
    26 3.549240 0.198821 -1.489462 -0.287347 -0.423593 -0.401512
    27 1.218999 -0.000001 0.000002 -0.002651 0.097541 -0.346414
    28 0.679998 -0.000001 -0.000001 0.013096 0.086738 -0.152717
    29 3.698007 0.267555 -0.728972 -0.079647 -0.000747 -0.268283
    30 1.749001 -0.000001 0.000003 0.000737 0.027081 -0.170071
    31 0.959999 -0.000001 0.000001 0.003107 0.039341 -0.217767
    32 3.768500 0.152546 0.071388 0.082236 0.042259 -0.166486
    33 2.037998 0.000001 0.000002 0.001433 -0.004379 -0.555389
    34 1.067001 0.000001 0.000002 -0.001335 -0.005649 -0.078897
    35 3.783924 -0.017260 0.794558 0.282159 -0.136141 0.027634
    36 1.629002 -0.000001 0.000003 0.017481 -0.067026 -0.448622
    37 0.956000 0.000000 0.000001 -0.001384 -0.069709 -0.149871
    38 1.258965 -0.297983 1.252590 -1.392671 -0.459100 -0.900753
    39 1.393001 0.000001 0.000000 -0.004639 -0.515650 0.741908
    40 1.100002 0.000001 -0.000003 0.000299 0.013129 -0.262525
    41 3.549266 0.211411 1.487664 0.172430 0.101937 -0.246051
    42 1.218999 -0.000001 -0.000002 0.008674 -0.097206 -0.408434
    43 0.679999 0.000001 0.000000 -0.014529 -0.086511 -0.136149
    44 3.698016 0.273718 0.726617 0.077778 0.014996 -0.451314
    45 1.748999 0.000000 -0.000002 0.000900 -0.027082 -0.231794
    46 0.959996 0.000000 0.000000 -0.003753 -0.039294 -0.201252
    47 3.768499 0.151954 -0.072746 -0.073157 -0.056568 -0.349819
    48 2.037997 0.000002 -0.000003 -0.001683 0.004294 -0.617112
    49 1.066998 0.000000 -0.000001 0.001447 0.005624 -0.062406
    50 3.783906 -0.023949 -0.794455 -0.258288 -0.098974 -0.208303
    51 1.629001 0.000002 0.000000 -0.021589 0.065829 -0.510463
    52 0.955999 0.000000 -0.000002 0.002539 0.069672 -0.133332
    53 1.258940 -0.308543 -1.250054 1.289006 0.530147 -0.654402
    54 1.392999 0.000000 -0.000003 -0.001788 0.370555 0.932381
    55 1.099998 -0.000002 -0.000003 0.000000 -0.013127 -0.286815
    56 0.578998 0.704300 0.000000 0.000000 -1.570790 -3.044320
    57 2.577897 -4.075848 1.825547 1.570743 -1.473520 1.570850
    58 -2.577999 -4.075848 1.825549 1.570743 -1.473520 1.570850
    59 2.330669 -1.877754 0.104131 -1.861302 0.207908 -1.328386
  time 11
    0 -15.818029 -2.617915 34.156099 1.697545 -0.001485 -0.010966
    1 0.001573 4.212781 -1.689849 1.420716 -0.263378 1.570064
    2 3.837410 0.000000 0.000000 -0.181827 0.004196 -0.025672
    3 3.617862 0.000000 0.000000 -0.338853 -0.001065 0.074842
    4 7.539774 0.000000 0.000000 0.000000 0.000000 0.155813
    5 3.178292 0.000001 0.000000 3.404394 -0.275279 0.152124
    6 2.970271 0.000000 0.000001 0.433580 0.148753 0.129093
    7 -0.000002 0.000001 0.000000 -1.570796 0.000000 -1.326450
    8 2.023705 0.907460 0.852577 1.907385 -1.308736 2.611508
    9 4.983657 -0.000003 0.000000 -1.857065 -0.098498 -1.124087
    10 11.123049 -0.000003 0.000001 -0.000001 -0.000001 -1.363226
    11 11.208297 -0.000001 0.000013 -0.226261 -0.481994 -0.129130
    12 2.676087 -1.712447 0.000003 1.570795 0.000000 1.570797
    13 2.023707 0.907463 -0.852527 -1.072017 1.242775 -2.723673
    14 4.983657 -0.000004 0.000000 1.340334 -0.014581 -1.148295
    15 11.123040 -0.000006 -0.000006 0.000000 0.000001 -1.034199
    16 11.208287 0.000000 -0.000016 -2.114452 -0.276887 0.279717
    17 2.676081 -1.712434 -0.000003 -1.570797 -0.000001 -1.570797
    18 3.984014 -0.000005 -0.000003 -1.644909 -0.234039 -1.159926
    19 15.940006 0.000002 0.000000 0.000000 0.000000 0.493382
    20 17.709558 0.000004 0.000002 -0.441152 0.012989 -1.402202
    21 6.203996 0.000000 0.000001 -0.011146 0.000934 -0.500515
    22 -3.984013 0.000007 0.000007 -1.718565 -0.353944 -2.013600
    23 15.940015 0.000000 0.000000 0.000000 0.000000 0.306547
    24 17.709572 -0.000006 0.000001 0.648039 0.158545 -1.064734
    25 6.204001 0.000003 -0.000001 -0.078651 -0.006185 -0.498943
    26 3.549240 0.198821 -1.489462 -0.288436 -0.423012 -0.398737
    27 1.218999 -0.000001 0.000002 -0.002391 0.097553 -0.343804
    28 0.679998 -0.000001 -0.000001 0.013329 0.086693 -0.150087
    29 3.698007 0.267555 -0.728972 -0.079612 -0.000632 -0.265700
    30 1.749001 -0.000001 0.000003 0.000814 0.027081 -0.167461
    31 0.959999 -0.000001 0.000001 0.003204 0.039341 -0.215140
    32 3.768500 0.152546 0.071388 0.082350 0.042055 -0.163921
    33 2.037998 0.000001 0.000002 0.001412 -0.004379 -0.552788
    34 1.067001 0.000001 0.000002 -0.001353 -0.005649 -0.076312
    35 3.783924 -0.017260 0.794558 0.282039 -0.128191 0.024806
    36 1.629002 -0.000001 0.000003 0.017323 -0.067068 -0.446018
    37 0.956000 0.000000 0.000001 -0.001578 -0.069709 -0.147258
    38 1.258965 -0.297983 1.252590 -1.395575 -0.458497 -0.894545
    39 1.393001 0.000001 0.000000 -0.006038 -0.515578 0.744745
    40 1.100002 0.000001 -0.000003 0.000347 0.013129 -0.260083
    41 3.549266 0.211411 1.487664 0.179327 0.087296 -0.186831
    42 1.218999 -0.000001 -0.000002 0.009118 -0.097170 -0.412981
    43 0.679999 0.000001 0.000000 -0.014828 -0.086451 -0.132828
    44 3.698016 0.273718 0.726617 0.079216 0.007921 -0.391261
    45 1.748999 0.000000 -0.000002 0.001020 -0.027082 -0.236344
    46 0.959996 0.000000 0.000000 -0.003884 -0.039270 -0.197912
    47 3.768499 0.151954 -0.072746 -0.076429 -0.052062 -0.289574
    48 2.037997 0.000002 -0.000003 -0.001707 0.004294 -0.621609
    49 1.066998 0.000000 -0.000001 0.001459 0.005612 -0.059080
    50 3.783906 -0.023949 -0.794455 -0.264210 -0.081273 -0.150289
    51 1.629001 0.000002 0.000000 -0.021889 0.065729 -0.515029
    52 0.955999 0.000000 -0.000002 0.002779 0.069660 -0.130014
    53 1.258940 -0.308543 -1.250054 1.289006 0.530147 -0.654402
    54 1.392999 0.000000 -0.000003 -0.001788 0.370555 0.932381
    55 1.099998 -0.000002 -0.000003 0.000000 -0.013127 -0.286815
    56 0.578998 0.704300 0.000000 0.000000 -1.570790 -3.044320
    57 2.577897 -4.075848 1.825547 1.570743 -1.473520 1.570850
    58 -2.577999 -4.075848 1.825549 1.570743 -1.473520 1.570850
    59 2.330669 -1.877754 0.104131 -1.861302 0.207908 -1.328386
  time 12
    0 -16.571395 -2.886271 34.050564 1.669873 -0.003884 -0.025222
    1 0.001573 4.212781 -1.689849 1.415345 -0.272705 1.569678
    2 3.837410 0.000000 0.000000 -0.188176 0.004275 -0.022649
    3 3.617862 0.000000 0.000000 -0.350678 -0.001262 0.077559
    4 7.539774 0.000000 0.000000 0.000000 0.000000 0.155813
    5 3.178292 0.000001 0.000000 3.417164 -0.287020 0.146999
    6 2.970271 0.000000 0.000001 0.449477 0.155641 0.126771
    7 -0.000002 0.000001 0.000000 -1.570796 0.000000 -1.326450
    8 2.023705 0.907460 0.852577 1.930759 -1.312808 2.586974
    9 4.983657 -0.000003 0.000000 -1.848371 0.097013 -1.147047
    10 11.123049 -0.000003 0.000001 -0.000001 -0.000001 -1.485279
    11 11.208297 -0.000001 0.000013 -0.253775 -0.496033 -0.165914
    12 2.676087 -1.712447 0.000003 1.570795 0.000000 1.570797
    13 2.023707 0.907463 -0.852527 -1.177184 1.270752 -2.834582
    14 4.983657 -0.000004 0.000000 1.303644 0.023466 -1.144988
    15 11.123040 -0.000006 -0.000006 0.000000 0.000001 -0.993636
    16 11.208287 0.000000 -0.000016 -2.119747 -0.333364 0.318905
    17 2.676081 -1.712434 -0.000003 -1.570797 -0.000001 -1.570797
    18 3.984014 -0.000005 -0.000003 -1.587881 -0.180754 -1.167495
    19 15.940006 0.000002 0.000000 0.000000 0.000000 0.469361
    20 17.709558 0.000004 0.000002 -0.480971 -0.044771 -1.393288
    21 6.203996 0.000000 0.000001 -0.011146 0.000934 -0.500515
    22 -3.984013 0.000007 0.000007 -1.710993 -0.390619 -1.992901
    23 15.940015 0.000000 0.000000 0.000000 0.000000 0.421438
    24 17.709572 -0.000006 0.000001 0.614406 0.136847 -1.127243
    25 6.204001 0.000003 -0.000001 -0.078651 -0.006185 -0.498943
    26 3.549240 0.198821 -1.489462 -0.289425 -0.422509 -0.396206
    27 1.218999 -0.000001 0.000002 -0.002161 0.097553 -0.341402
    28 0.679998 -0.000001 -0.000001 0.013525 0.086663 -0.147708
    29 3.698007 0.267555 -0.728972 -0.079595 -0.000531 -0.263308
    30 1.749001 -0.000001 0.000003 0.000873 0.027081 -0.165097
    31 0.959999 -0.000001 0.000001 0.003302 0.039341 -0.212763
    32 3.768500 0.152546 0.071388 0.082449 0.041851 -0.161503
    33 2.037998 0.000001 0.000002 0.001412 -0.004391 -0.550392
    34 1.067001 0.000001 0.000002 -0.001371 -0.005637 -0.073893
    35 3.783924 -0.017260 0.794558 0.281919 -0.120240 0.021786
    36 1.629002 -0.000001 0.000003 0.017144 -0.067089 -0.443641
    37 0.956000 0.000000 0.000001 -0.001729 -0.069697 -0.144863
    38 1.258965 -0.297983 1.252590 -1.398222 -0.457938 -0.888889
    39 1.393001 0.000001 0.000000 -0.007437 -0.515506 0.747582
    40 1.100002 0.000001 -0.000003 0.000371 0.013129 -0.257596
    41 3.549266 0.211411 1.487664 0.186129 0.071561 -0.116136
    42 1.218999 -0.000001 -0.000002 0.009549 -0.097122 -0.417580
    43 0.679999 0.000001 0.000000 -0.015104 -0.086403 -0.129547
    44 3.698016 0.273718 0.726617 0.080210 0.000666 -0.319688
    45 1.748999 0.000000 -0.000002 0.001152 -0.027082 -0.240893
    46 0.959996 0.000000 0.000000 -0.004016 -0.039270 -0.194653
    47 3.768499 0.151954 -0.072746 -0.079952 -0.046442 -0.217932
    48 2.037997 0.000002 -0.000003 -0.001719 0.004282 -0.626158
    49 1.066998 0.000000 -0.000001 0.001471 0.005612 -0.055802
    50 3.783906 -0.023949 -0.794455 -0.269761 -0.060941 -0.081133
    51 1.629001 0.000002 0.000000 -0.022188 0.065628 -0.519595
    52 0.955999 0.000000 -0.000002 0.003007 0.069660 -0.126736
    53 1.258940 -0.308543 -1.250054 1.289006 0.530147 -0.654402
    54 1.392999 0.000000 -0.000003 -0.001788 0.370555 0.932381
    55 1.099998 -0.000002 -0.000003 0.000000 -0.013127 -0.286815
    56 0.578998 0.704300 0.000000 0.000000 -1.570790 -3.044320
    57 2.577897 -4.075848 1.825547 1.570743 -1.473520 1.570850
    58 -2.577999 -4.075848 1.825549 1.570743 -1.473520 1.570850
    59 2.330669 -1.877754 0.104131 -1.861302 0.207908 -1.328386
  time 13
    0 -17.193057 -3.154375 34.008350 1.634107 -0.003522 -0.034302
    1 0.001573 4.212781 -1.689849 1.411615 -0.278887 1.569485
    2 3.837410 0.000000 0.000000 -0.191431 0.004338 -0.021089
    3 3.617862 0.000000 0.000000 -0.356744 -0.000944 0.080635
    4 7.539774 0.000000 0.000000 0.000000 0.000000 0.155813
    5 3.178292 0.000001 0.000000 3.428765 -0.295871 0.143156
    6 2.970271 0.000000 0.000001 0.463556 0.161679 0.127499
    7 -0.000002 0.000001 0.000000 -1.570796 0.000000 -1.326450
    8 2.023705 0.907460 0.852577 1.952027 -1.316840 2.564644
    9 4.983657 -0.000003 0.000000 -1.877891 0.177470 -1.174069
    10 11.123049 -0.000003 0.000001 -0.000001 -0.000001 -1.496956
    11 11.208297 -0.000001 0.000013 -0.283591 -0.498008 -0.198286
    12 2.676087 -1.712447 0.000003 1.570795 0.000000 1.570797
    13 2.023707 0.907463 -0.852527 -1.355653 1.299535 -3.019590
    14 4.983657 -0.000004 0.000000 1.268869 0.058697 -1.127598
    15 11.123040 -0.000006 -0.000006 0.000000 0.000001 -0.944986
    16 11.208287 0.000000 -0.000016 -2.097488 -0.402895 0.364588
    17 2.676081 -1.712434 -0.000003 -1.570797 -0.000001 -1.570797
    18 3.984014 -0.000005 -0.000003 -1.520598 -0.119687 -1.176119
    19 15.940006 0.000002 0.000000 0.000000 0.000000 0.441436
    20 17.709558 0.000004 0.000002 -0.518136 -0.107731 -1.380307
    21 6.203996 0.000000 0.000001 -0.011146 0.000934 -0.500515
    22 -3.984013 0.000007 0.000007 -1.695082 -0.399307 -1.970476
    23 15.940015 0.000000 0.000000 0.000000 0.000000 0.503679
    24 17.709572 -0.000006 0.000001 0.574367 0.113493 -1.175305
    25 6.204001 0.000003 -0.000001 -0.078651 -0.006185 -0.498943
    26 3.549240 0.198821 -1.489462 -0.290313 -0.422034 -0.393967
    27 1.218999 -0.000001 0.000002 -0.001962 0.097565 -0.339314
    28 0.679998 -0.000001 -0.000001 0.013721 0.086633 -0.145620
    29 3.698007 0.267555 -0.728972 -0.079560 -0.000445 -0.261251
    30 1.749001 -0.000001 0.000003 0.000931 0.027081 -0.162979
    31 0.959999 -0.000001 0.000001 0.003380 0.039329 -0.210677
    32 3.768500 0.152546 0.071388 0.082531 0.041684 -0.159431
    33 2.037998 0.000001 0.000002 0.001392 -0.004391 -0.548301
    34 1.067001 0.000001 0.000002 -0.001389 -0.005637 -0.071809
    35 3.783924 -0.017260 0.794558 0.281859 -0.112228 0.018479
    36 1.629002 -0.000001 0.000003 0.017005 -0.067131 -0.441539
    37 0.956000 0.000000 0.000001 -0.001881 -0.069697 -0.142779
    38 1.258965 -0.297983 1.252590 -1.400527 -0.457447 -0.883893
    39 1.393001 0.000001 0.000000 -0.008853 -0.515434 0.750448
    40 1.100002 0.000001 -0.000003 0.000407 0.013129 -0.255109
    41 3.549266 0.211411 1.487664 0.191895 0.056611 -0.039608
    42 1.218999 -0.000001 -0.000002 0.010004 -0.097074 -0.422179
    43 0.679999 0.000001 0.000000 -0.015380 -0.086355 -0.126305
    44 3.698016 0.273718 0.726617 0.080498 -0.005774 -0.242280
    45 1.748999 0.000000 -0.000002 0.001272 -0.027070 -0.245495
    46 0.959996 0.000000 0.000000 -0.004148 -0.039258 -0.191434
    47 3.768499 0.151954 -0.072746 -0.083308 -0.040114 -0.140512
    48 2.037997 0.000002 -0.000003 -0.001743 0.004270 -0.630760
    49 1.066998 0.000000 -0.000001 0.001495 0.005600 -0.052572
    50 3.783906 -0.023949 -0.794455 -0.273995 -0.039881 -0.006275
    51 1.629001 0.000002 0.000000 -0.022488 0.065528 -0.524215
    52 0.955999 0.000000 -0.000002 0.003234 0.069648 -0.123497
    53 1.258940 -0.308543 -1.250054 1.289006 0.530147 -0.654402
    54 1.392999 0.000000 -0.000003 -0.001788 0.370555 0.932381
    55 1.099998 -0.000002 -0.000003 0.000000 -0.013127 -0.286815
    56 0.578998 0.704300 0.000000 0.000000 -1.570790 -3.044320
    57 2.577897 -4.075848 1.825547 1.570743 -1.473520 1.570850
    58 -2.577999 -4.075848 1.825549 1.570743 -1.473520 1.570850
    59 2.330669 -1.877754 0.104131 -1.861302 0.207908 -1.328386
  time 14
    0 -17.854892 -3.432317 34.050564 1.598340 -0.000987 -0.029008
    1 0.001573 4.212781 -1.689849 1.409502 -0.282136 1.569524
    2 3.837410 0.000000 0.000000 -0.192633 0.004401 -0.020514
    3 3.617862 0.000000 0.000000 -0.358976 -0.000475 0.083147
    4 7.539774 0.000000 0.000000 0.000000 0.000000 0.155813
    5 3.178292 0.000001 0.000000 3.438171 -0.301671 0.140623
    6 2.970271 0.000000 0.000001 0.474676 0.166395 0.130277
    7 -0.000002 0.000001 0.000000 -1.570796 0.000000 -1.326450
    8 2.023705 0.907460 0.852577 1.970612 -1.320911 2.545189
    9 4.983657 -0.000003 0.000000 -1.903494 0.229061 -1.199486
    10 11.123049 -0.000003 0.000001 -0.000001 -0.000001 -1.477643
    11 11.208297 -0.000001 0.000013 -0.296342 -0.473877 -0.237987
    12 2.676087 -1.712447 0.000003 1.570795 0.000000 1.570797
    13 2.023707 0.907463 -0.852527 -1.559863 1.316605 -3.229329
    14 4.983657 -0.000004 0.000000 1.234957 0.087292 -1.106051
    15 11.123040 -0.000006 -0.000006 0.000000 0.000001 -0.890776
    16 11.208287 0.000000 -0.000016 -2.052340 -0.466436 0.389035
    17 2.676081 -1.712434 -0.000003 -1.570797 -0.000001 -1.570797
    18 3.984014 -0.000005 -0.000003 -1.445839 -0.053816 -1.177653
    19 15.940006 0.000002 0.000000 0.000000 0.000000 0.391627
    20 17.709558 0.000004 0.000002 -0.553860 -0.165883 -1.353478
    21 6.203996 0.000000 0.000001 -0.011146 0.000934 -0.500515
    22 -3.984013 0.000007 0.000007 -1.668820 -0.385239 -1.951598
    23 15.940015 0.000000 0.000000 0.000000 0.000000 0.558711
    24 17.709572 -0.000006 0.000001 0.536700 0.095762 -1.212113
    25 6.204001 0.000003 -0.000001 -0.078651 -0.006185 -0.498943
    26 3.549240 0.198821 -1.489462 -0.291019 -0.421664 -0.392166
    27 1.218999 -0.000001 0.000002 -0.001794 0.097565 -0.337591
    28 0.679998 -0.000001 -0.000001 0.013864 0.086618 -0.143867
    29 3.698007 0.267555 -0.728972 -0.079560 -0.000373 -0.259529
    30 1.749001 -0.000001 0.000003 0.000989 0.027081 -0.161256
    31 0.959999 -0.000001 0.000001 0.003458 0.039317 -0.208968
    32 3.768500 0.152546 0.071388 0.082613 0.041540 -0.157754
    33 2.037998 0.000001 0.000002 0.001392 -0.004391 -0.546618
    34 1.067001 0.000001 0.000002 -0.001389 -0.005637 -0.070099
    35 3.783924 -0.017260 0.794558 0.281799 -0.104216 0.014837
    36 1.629002 -0.000001 0.000003 0.016906 -0.067173 -0.439803
    37 0.956000 0.000000 0.000001 -0.001989 -0.069697 -0.141068
    38 1.258965 -0.297983 1.252590 -1.402406 -0.457022 -0.879816
    39 1.393001 0.000001 0.000000 -0.010252 -0.515362 0.753285
    40 1.100002 0.000001 -0.000003 0.000431 0.013129 -0.252623
    41 3.549266 0.211411 1.487664 0.196168 0.043787 0.037116
    42 1.218999 -0.000001 -0.000002 0.010460 -0.097026 -0.426831
    43 0.679999 0.000001 0.000000 -0.015667 -0.086307 -0.123102
    44 3.698016 0.273718 0.726617 0.080103 -0.010749 -0.164718
    45 1.748999 0.000000 -0.000002 0.001404 -0.027058 -0.250098
    46 0.959996 0.000000 0.000000 -0.004268 -0.039234 -0.188215
    47 3.768499 0.151954 -0.072746 -0.086160 -0.033534 -0.063039
    48 2.037997 0.000002 -0.000003 -0.001767 0.004270 -0.635416
    49 1.066998 0.000000 -0.000001 0.001519 0.005600 -0.049391
    50 3.783906 -0.023949 -0.794455 -0.276456 -0.019890 0.068792
    51 1.629001 0.000002 0.000000 -0.022787 0.065415 -0.528836
    52 0.955999 0.000000 -0.000002 0.003450 0.069636 -0.120297
    53 1.258940 -0.308543 -1.250054 1.289006 0.530147 -0.654402
    54 1.392999 0.000000 -0.000003 -0.001788 0.370555 0.932381
    55 1.099998 -0.000002 -0.000003 0.000000 -0.013127 -0.286815
    56 0.578998 0.704300 0.000000 0.000000 -1.570790 -3.044320
    57 2.577897 -4.075848 1.825547 1.570743 -1.473520 1.570850
    58 -2.577999 -4.075848 1.825549 1.570743 -1.473520 1.570850
    59 2.330669 -1.877754 0.104131 -1.861302 0.207908 -1.328386
  time 15
    0 -18.713811 -3.707759 34.156099 1.570763 0.000009 -0.000043
    1 0.001573 4.212781 -1.689849 1.408940 -0.282639 1.569678
    2 3.837410 0.000000 0.000000 -0.192808 0.004417 -0.020415
    3 3.617862 0.000000 0.000000 -0.359296 -0.000248 0.084189
    4 7.539774 0.000000 0.000000 0.000000 0.000000 0.155813
    5 3.178292 0.000001 0.000000 3.444356 -0.304180 0.139517
    6 2.970271 0.000000 0.000001 0.481737 0.169356 0.134146
    7 -0.000002 0.000001 0.000000 -1.570796 0.000000 -1.326450
    8 2.023705 0.907460 0.852577 1.985843 -1.325102 2.529376
    9 4.983657 -0.000003 0.000000 -1.915245 0.268681 -1.215360
    10 11.123049 -0.000003 0.000001 -0.000001 -0.000001 -1.447214
    11 11.208297 -0.000001 0.000013 -0.301135 -0.431715 -0.284375
    12 2.676087 -1.712447 0.000003 1.570795 0.000000 1.570797
    13 2.023707 0.907463 -0.852527 -1.703020 1.321489 -3.375802
    14 4.983657 -0.000004 0.000000 1.210050 0.099083 -1.092914
    15 11.123040 -0.000006 -0.000006 0.000000 0.000001 -0.847560
    16 11.208287 0.000000 -0.000016 -2.000641 -0.493903 0.381664
    17 2.676081 -1.712434 -0.000003 -1.570797 -0.000001 -1.570797
    18 3.984014 -0.000005 -0.000003 -1.366383 0.023710 -1.162609
    19 15.940006 0.000002 0.000000 0.000000 0.000000 0.279631
    20 17.709558 0.000004 0.000002 -0.588825 -0.208296 -1.293243
    21 6.203996 0.000000 0.000001 -0.011146 0.000934 -0.500515
    22 -3.984013 0.000007 0.000007 -1.627319 -0.364161 -1.936073
    23 15.940015 0.000000 0.000000 0.000000 0.000000 0.609526
    24 17.709572 -0.000006 0.000001 0.500873 0.091519 -1.249658
    25 6.204001 0.000003 -0.000001 -0.078651 -0.006185 -0.498943
    26 3.549240 0.198821 -1.489462 -0.291543 -0.421400 -0.390852
    27 1.218999 -0.000001 0.000002 -0.001671 0.097565 -0.336337
    28 0.679998 -0.000001 -0.000001 0.013971 0.086603 -0.142614
    29 3.698007 0.267555 -0.728972 -0.079542 -0.000316 -0.258285
    30 1.749001 -0.000001 0.000003 0.001028 0.027081 -0.160024
    31 0.959999 -0.000001 0.000001 0.003497 0.039317 -0.207675
    32 3.768500 0.152546 0.071388 0.082662 0.041432 -0.156471
    33 2.037998 0.000001 0.000002 0.001392 -0.004391 -0.545343
    34 1.067001 0.000001 0.000002 -0.001407 -0.005637 -0.068848
    35 3.783924 -0.017260 0.794558 0.281779 -0.096142 0.010858
    36 1.629002 -0.000001 0.000003 0.016807 -0.067194 -0.438569
    37 0.956000 0.000000 0.000001 -0.002097 -0.069685 -0.139793
    38 1.258965 -0.297983 1.252590 -1.403772 -0.456731 -0.876805
    39 1.393001 0.000001 0.000000 -0.011668 -0.515289 0.756151
    40 1.100002 0.000001 -0.000003 0.000479 0.013129 -0.250136
    41 3.549266 0.211411 1.487664 0.198964 0.033814 0.108443
    42 1.218999 -0.000001 -0.000002 0.010903 -0.096990 -0.431536
    43 0.679999 0.000001 0.000000 -0.015931 -0.086259 -0.119900
    44 3.698016 0.273718 0.726617 0.079216 -0.014080 -0.092787
    45 1.748999 0.000000 -0.000002 0.001524 -0.027058 -0.254806
    46 0.959996 0.000000 0.000000 -0.004400 -0.039222 -0.185037
    47 3.768499 0.151954 -0.072746 -0.088318 -0.027266 0.008763
    48 2.037997 0.000002 -0.000003 -0.001779 0.004258 -0.640071
    49 1.066998 0.000000 -0.000001 0.001531 0.005600 -0.046210
    50 3.783906 -0.023949 -0.794455 -0.277243 -0.002343 0.138681
    51 1.629001 0.000002 0.000000 -0.023099 0.065315 -0.533510
    52 0.955999 0.000000 -0.000002 0.003678 0.069624 -0.117137
    53 1.258940 -0.308543 -1.250054 1.289006 0.530147 -0.654402
    54 1.392999 0.000000 -0.000003 -0.001788 0.370555 0.932381
    55 1.099998 -0.000002 -0.000003 0.000000 -0.013127 -0.286815
    56 0.578998 0.704300 0.000000 0.000000 -1.570790 -3.044320
    57 2.577897 -4.075848 1.825547 1.570743 -1.473520 1.570850
    58 -2.577999 -4.075848 1.825549 1.570743 -1.473520 1.570850
    59 2.330669 -1.877754 0.104131 -1.861302 0.207908 -1.328386
  time 16
    0 -19.773713 -3.988361 34.324955 1.550809 0.000009 0.048089
    1 0.001573 4.212781 -1.689849 1.409884 -0.280564 1.569948
    2 3.837410 0.000000 0.000000 -0.197320 0.004432 -0.020514
    3 3.617862 0.000000 0.000000 -0.363439 -0.000218 0.084103
    4 7.539774 0.000000 0.000000 0.000000 0.000000 0.155813
    5 3.178292 0.000001 0.000000 3.446323 -0.303257 0.139924
    6 2.970271 0.000000 0.000001 0.483597 0.170066 0.138153
    7 -0.000002 0.000001 0.000000 -1.570796 0.000000 -1.326450
    8 2.023705 0.907460 0.852577 1.997052 -1.329489 2.517779
    9 4.983657 -0.000003 0.000000 -1.907315 0.313018 -1.212525
    10 11.123049 -0.000003 0.000001 -0.000001 -0.000001 -1.413024
    11 11.208297 -0.000001 0.000013 -0.317050 -0.396266 -0.334107
    12 2.676087 -1.712447 0.000003 1.570795 0.000000 1.570797
    13 2.023707 0.907463 -0.852527 -1.755460 1.321774 -3.429387
    14 4.983657 -0.000004 0.000000 1.177479 0.108058 -1.086582
    15 11.123040 -0.000006 -0.000006 0.000000 0.000001 -0.813252
    16 11.208287 0.000000 -0.000016 -1.945261 -0.490487 0.355612
    17 2.676081 -1.712434 -0.000003 -1.570797 -0.000001 -1.570797
    18 3.984014 -0.000005 -0.000003 -1.321528 -0.081631 -1.218281
    19 15.940006 0.000002 0.000000 0.000000 0.000000 0.473340
    20 17.709558 0.000004 0.000002 -0.602781 -0.254875 -1.313149
    21 6.203996 0.000000 0.000001 -0.011146 0.000934 -0.500515
    22 -3.984013 0.000007 0.000007 -1.577191 -0.339431 -1.919974
    23 15.940015 0.000000 0.000000 0.000000 0.000000 0.656127
    24 17.709572 -0.000006 0.000001 0.467714 0.102351 -1.287793
    25 6.204001 0.000003 -0.000001 -0.078651 -0.006185 -0.498943
    26 3.549240 0.198821 -1.489462 -0.291846 -0.421241 -0.390073
    27 1.218999 -0.000001 0.000002 -0.001595 0.097565 -0.335606
    28 0.679998 -0.000001 -0.000001 0.014043 0.086588 -0.141905
    29 3.698007 0.267555 -0.728972 -0.079542 -0.000273 -0.257567
    30 1.749001 -0.000001 0.000003 0.001028 0.027081 -0.159286
    31 0.959999 -0.000001 0.000001 0.003536 0.039317 -0.206966
    32 3.768500 0.152546 0.071388 0.082695 0.041384 -0.155731
    33 2.037998 0.000001 0.000002 0.001372 -0.004403 -0.544629
    34 1.067001 0.000001 0.000002 -0.001407 -0.005637 -0.068139
    35 3.783924 -0.017260 0.794558 0.281779 -0.088006 0.006353
    36 1.629002 -0.000001 0.000003 0.016767 -0.067194 -0.437838
    37 0.956000 0.000000 0.000001 -0.002140 -0.069685 -0.139077
    38 1.258965 -0.297983 1.252590 -1.404583 -0.456530 -0.875078
    39 1.393001 0.000001 0.000000 -0.013067 -0.515217 0.759017
    40 1.100002 0.000001 -0.000003 0.000503 0.013129 -0.247650
    41 3.549266 0.211411 1.487664 0.200566 0.026689 0.168586
    42 1.218999 -0.000001 -0.000002 0.011359 -0.096930 -0.436241
    43 0.679999 0.000001 0.000000 -0.016219 -0.086211 -0.116737
    44 3.698016 0.273718 0.726617 0.078173 -0.016015 -0.032069
    45 1.748999 0.000000 -0.000002 0.001655 -0.027046 -0.259461
    46 0.959996 0.000000 0.000000 -0.004520 -0.039210 -0.181898
    47 3.768499 0.151954 -0.072746 -0.089804 -0.021849 0.069330
    48 2.037997 0.000002 -0.000003 -0.001803 0.004258 -0.644779
    49 1.066998 0.000000 -0.000001 0.001543 0.005600 -0.043076
    50 3.783906 -0.023949 -0.794455 -0.276857 0.011707 0.197741
    51 1.629001 0.000002 0.000000 -0.023399 0.065202 -0.538185
    52 0.955999 0.000000 -0.000002 0.003894 0.069612 -0.113978
    53 1.258940 -0.308543 -1.250054 1.289006 0.530147 -0.654402
    54 1.392999 0.000000 -0.000003 -0.001788 0.370555 0.932381
    55 1.099998 -0.000002 -0.000003 0.000000 -0.013127 -0.286815
    56 0.578998 0.704300 0.000000 0.000000 -1.570790 -3.044320
    57 2.577897 -4.075848 1.825547 1.570743 -1.473520 1.570850
    58 -2.577999 -4.075848 1.825549 1.570743 -1.473520 1.570850
    59 2.330669 -1.877754 0.104131 -1.861302 0.207908 -1.328386
  time 17
    0 -20.920726 -4.271909 34.514917 1.533585 -0.000217 0.104079
    1 0.001573 4.212781 -1.689849 1.412289 -0.276163 1.570257
    2 3.837410 0.000000 0.000000 -0.205478 0.004464 -0.021089
    3 3.617862 0.000000 0.000000 -0.370108 -0.000158 0.083505
    4 7.539774 0.000000 0.000000 0.000000 0.000000 0.155813
    5 3.178292 0.000001 0.000000 3.443017 -0.298641 0.141933
    6 2.970271 0.000000 0.000001 0.479200 0.168073 0.141294
    7 -0.000002 0.000001 0.000000 -1.570796 0.000000 -1.326450
    8 2.023705 0.907460 0.852577 2.003375 -1.334154 2.511358
    9 4.983657 -0.000003 0.000000 -1.929861 0.319005 -1.203549
    10 11.123049 -0.000003 0.000001 -0.000001 -0.000001 -1.352952
    11 11.208297 -0.000001 0.000013 -0.330664 -0.325147 -0.374662
    12 2.676087 -1.712447 0.000003 1.570795 0.000000 1.570797
    13 2.023707 0.907463 -0.852527 -1.761298 1.320825 -3.435330
    14 4.983657 -0.000004 0.000000 1.126803 0.123000 -1.075714
    15 11.123040 -0.000006 -0.000006 0.000000 0.000001 -0.781598
    16 11.208287 0.000000 -0.000016 -1.875430 -0.483281 0.323868
    17 2.676081 -1.712434 -0.000003 -1.570797 -0.000001 -1.570797
    18 3.984014 -0.000005 -0.000003 -1.288653 -0.155471 -1.268779
    19 15.940006 0.000002 0.000000 0.000000 0.000000 0.598820
    20 17.709558 0.000004 0.000002 -0.612641 -0.281547 -1.297657
    21 6.203996 0.000000 0.000001 -0.011146 0.000934 -0.500515
    22 -3.984013 0.000007 0.000007 -1.530035 -0.309617 -1.900520
    23 15.940015 0.000000 0.000000 0.000000 0.000000 0.691384
    24 17.709572 -0.000006 0.000001 0.439123 0.125325 -1.321800
    25 6.204001 0.000003 -0.000001 -0.078651 -0.006185 -0.498943
    26 3.549240 0.198821 -1.489462 -0.291886 -0.421215 -0.389976
    27 1.218999 -0.000001 0.000002 -0.001579 0.097565 -0.335502
    28 0.679998 -0.000001 -0.000001 0.014043 0.086588 -0.141779
    29 3.698007 0.267555 -0.728972 -0.079525 -0.000273 -0.257472
    30 1.749001 -0.000001 0.000003 0.001047 0.027081 -0.159187
    31 0.959999 -0.000001 0.000001 0.003536 0.039317 -0.206841
    32 3.768500 0.152546 0.071388 0.082695 0.041372 -0.155633
    33 2.037998 0.000001 0.000002 0.001372 -0.004403 -0.544527
    34 1.067001 0.000001 0.000002 -0.001407 -0.005637 -0.068014
    35 3.783924 -0.017260 0.794558 0.281839 -0.079809 0.001320
    36 1.629002 -0.000001 0.000003 0.016767 -0.067194 -0.437701
    37 0.956000 0.000000 0.000001 -0.002140 -0.069685 -0.138953
    38 1.258965 -0.297983 1.252590 -1.404711 -0.456530 -0.874821
    39 1.393001 0.000001 0.000000 -0.014483 -0.515145 0.761854
    40 1.100002 0.000001 -0.000003 0.000539 0.013129 -0.245163
    41 3.549266 0.211411 1.487664 0.201336 0.021961 0.211907
    42 1.218999 -0.000001 -0.000002 0.011826 -0.096871 -0.440946
    43 0.679999 0.000001 0.000000 -0.016482 -0.086151 -0.113613
    44 3.698016 0.273718 0.726617 0.077286 -0.017107 0.011602
    45 1.748999 0.000000 -0.000002 0.001787 -0.027034 -0.264169
    46 0.959996 0.000000 0.000000 -0.004639 -0.039198 -0.178760
    47 3.768499 0.151954 -0.072746 -0.090679 -0.017906 0.112935
    48 2.037997 0.000002 -0.000003 -0.001827 0.004246 -0.649487
    49 1.066998 0.000000 -0.000001 0.001567 0.005588 -0.039943
    50 3.783906 -0.023949 -0.794455 -0.275998 0.021579 0.240375
    51 1.629001 0.000002 0.000000 -0.023698 0.065102 -0.542914
    52 0.955999 0.000000 -0.000002 0.004109 0.069600 -0.110818
    53 1.258940 -0.308543 -1.250054 1.289006 0.530147 -0.654402
    54 1.392999 0.000000 -0.000003 -0.001788 0.370555 0.932381
    55 1.099998 -0.000002 -0.000003 0.000000 -0.013127 -0.286815
    56 0.578998 0.704300 0.000000 0.000000 -1.570790 -3.044320
    57 2.577897 -4.075848 1.825547 1.570743 -1.473520 1.570850
    58 -2.577999 -4.075848 1.825549 1.570743 -1.473520 1.570850
    59 2.330669 -1.877754 0.104131 -1.861302 0.207908 -1.328386
  time 18
    0 -22.132010 -4.556412 34.736540 1.520313 -0.000761 0.166490
    1 0.001573 4.212781 -1.689849 1.416109 -0.269582 1.570527
    2 3.837410 0.000000 0.000000 -0.209233 0.004464 -0.022649
    3 3.617862 0.000000 0.000000 -0.370723 -0.000097 0.081865
    4 7.539774 0.000000 0.000000 0.000000 0.000000 0.155813
    5 3.178292 0.000001 0.000000 3.433468 -0.290171 0.145631
    6 2.970271 0.000000 0.000001 0.467319 0.162942 0.142524
    7 -0.000002 0.000001 0.000000 -1.570796 0.000000 -1.326450
    8 2.023705 0.907460 0.852577 2.003949 -1.339135 2.510975
    9 4.983657 -0.000003 0.000000 -1.941612 0.306119 -1.187864
    10 11.123049 -0.000003 0.000001 -0.000001 -0.000001 -1.277217
    11 11.208297 -0.000001 0.000013 -0.337758 -0.243017 -0.419485
    12 2.676087 -1.712447 0.000003 1.570795 0.000000 1.570797
    13 2.023707 0.907463 -0.852527 -1.740819 1.319450 -3.414337
    14 4.983657 -0.000004 0.000000 1.080916 0.128108 -1.059269
    15 11.123040 -0.000006 -0.000006 0.000000 0.000001 -0.761695
    16 11.208287 0.000000 -0.000016 -1.797073 -0.470320 0.288912
    17 2.676081 -1.712434 -0.000003 -1.570797 -0.000001 -1.570797
    18 3.984014 -0.000005 -0.000003 -1.270155 -0.217655 -1.314295
    19 15.940006 0.000002 0.000000 0.000000 0.000000 0.692248
    20 17.709558 0.000004 0.000002 -0.613930 -0.291126 -1.268492
    21 6.203996 0.000000 0.000001 -0.011146 0.000934 -0.500515
    22 -3.984013 0.000007 0.000007 -1.485850 -0.278173 -1.876946
    23 15.940015 0.000000 0.000000 0.000000 0.000000 0.715144
    24 17.709572 -0.000006 0.000001 0.414803 0.159269 -1.350893
    25 6.204001 0.000003 -0.000001 -0.078651 -0.006185 -0.498943
    26 3.549240 0.198821 -1.489462 -0.291644 -0.421347 -0.390608
    27 1.218999 -0.000001 0.000002 -0.001641 0.097565 -0.336076
    28 0.679998 -0.000001 -0.000001 0.013989 0.086603 -0.142364
    29 3.698007 0.267555 -0.728972 -0.079542 -0.000301 -0.258046
    30 1.749001 -0.000001 0.000003 0.001028 0.027081 -0.159778
    31 0.959999 -0.000001 0.000001 0.003517 0.039317 -0.207466
    32 3.768500 0.152546 0.071388 0.082662 0.041420 -0.156225
    33 2.037998 0.000001 0.000002 0.001392 -0.004391 -0.545088
    34 1.067001 0.000001 0.000002 -0.001407 -0.005637 -0.068598
    35 3.783924 -0.017260 0.794558 0.281899 -0.071550 -0.004335
    36 1.629002 -0.000001 0.000003 0.016807 -0.067194 -0.438341
    37 0.956000 0.000000 0.000001 -0.002118 -0.069685 -0.139544
    38 1.258965 -0.297983 1.252590 -1.404071 -0.456664 -0.876217
    39 1.393001 0.000001 0.000000 -0.015899 -0.515073 0.764720
    40 1.100002 0.000001 -0.000003 0.000563 0.013129 -0.242676
    41 3.549266 0.211411 1.487664 0.201760 0.018120 0.243851
    42 1.218999 -0.000001 -0.000002 0.012269 -0.096811 -0.445704
    43 0.679999 0.000001 0.000000 -0.016758 -0.086103 -0.110450
    44 3.698016 0.273718 0.726617 0.076591 -0.018074 0.043906
    45 1.748999 0.000000 -0.000002 0.001907 -0.027022 -0.268877
    46 0.959996 0.000000 0.000000 -0.004759 -0.039186 -0.175621
    47 3.768499 0.151954 -0.072746 -0.091206 -0.014970 0.145198
    48 2.037997 0.000002 -0.000003 -0.001839 0.004234 -0.654195
    49 1.066998 0.000000 -0.000001 0.001579 0.005588 -0.036810
    50 3.783906 -0.023949 -0.794455 -0.275083 0.029006 0.271814
    51 1.629001 0.000002 0.000000 -0.024010 0.064977 -0.547643
    52 0.955999 0.000000 -0.000002 0.004337 0.069588 -0.107697
    53 1.258940 -0.308543 -1.250054 1.289006 0.530147 -0.654402
    54 1.392999 0.000000 -0.000003 -0.001788 0.370555 0.932381
    55 1.099998 -0.000002 -0.000003 0.000000 -0.013127 -0.286815
    56 0.578998 0.704300 0.000000 0.000000 -1.570790 -3.044320
    57 2.577897 -4.075848 1.825547 1.570743 -1.473520 1.570850
    58 -2.577999 -4.075848 1.825549 1.570743 -1.473520 1.570850
    59 2.330669 -1.877754 0.104131 -1.861302 0.207908 -1.328386
  time 19
    0 -23.384898 -4.838793 34.979270 1.512407 -0.001756 0.233501
    1 0.001573 4.212781 -1.689849 1.421301 -0.261052 1.570720
    2 3.837410 0.000000 0.000000 -0.200548 0.004385 -0.025672
    3 3.617862 0.000000 0.000000 -0.356680 -0.000021 0.078686
    4 7.539774 0.000000 0.000000 0.000000 0.000000 0.155813
    5 3.178292 0.000001 0.000000 3.416622 -0.277648 0.151076
    6 2.970271 0.000000 0.000001 0.446982 0.154239 0.140930
    7 -0.000002 0.000001 0.000000 -1.570796 0.000000 -1.326450
    8 2.023705 0.907460 0.852577 1.997914 -1.344471 2.517588
    9 4.983657 -0.000003 0.000000 -1.934351 0.261376 -1.167361
    10 11.123049 -0.000003 0.000001 -0.000001 -0.000001 -1.182224
    11 11.208297 -0.000001 0.000013 -0.330664 -0.144390 -0.466229
    12 2.676087 -1.712447 0.000003 1.570795 0.000000 1.570797
    13 2.023707 0.907463 -0.852527 -1.714121 1.318028 -3.387113
    14 4.983657 -0.000004 0.000000 1.063385 0.107198 -1.036021
    15 11.123040 -0.000006 -0.000006 0.000000 0.000001 -0.760937
    16 11.208287 0.000000 -0.000016 -1.717818 -0.449405 0.253519
    17 2.676081 -1.712434 -0.000003 -1.570797 -0.000001 -1.570797
    18 3.984014 -0.000005 -0.000003 -1.265363 -0.274068 -1.354731
    19 15.940006 0.000002 0.000000 0.000000 0.000000 0.763203
    20 17.709558 0.000004 0.000002 -0.604601 -0.289453 -1.234220
    21 6.203996 0.000000 0.000001 -0.011146 0.000934 -0.500515
    22 -3.984013 0.000007 0.000007 -1.442623 -0.248556 -1.849634
    23 15.940015 0.000000 0.000000 0.000000 0.000000 0.727177
    24 17.709572 -0.000006 0.000001 0.393330 0.201285 -1.374629
    25 6.204001 0.000003 -0.000001 -0.078651 -0.006185 -0.498943
    26 3.549240 0.198821 -1.489462 -0.291059 -0.421638 -0.392020
    27 1.218999 -0.000001 0.000002 -0.001778 0.097565 -0.337434
    28 0.679998 -0.000001 -0.000001 0.013882 0.086618 -0.143741
    29 3.698007 0.267555 -0.728972 -0.079560 -0.000359 -0.259385
    30 1.749001 -0.000001 0.000003 0.000989 0.027081 -0.161157
    31 0.959999 -0.000001 0.000001 0.003458 0.039317 -0.208801
    32 3.768500 0.152546 0.071388 0.082613 0.041540 -0.157606
    33 2.037998 0.000001 0.000002 0.001392 -0.004391 -0.546465
    34 1.067001 0.000001 0.000002 -0.001389 -0.005637 -0.069974
    35 3.783924 -0.017260 0.794558 0.282019 -0.063213 -0.010662
    36 1.629002 -0.000001 0.000003 0.016886 -0.067173 -0.439712
    37 0.956000 0.000000 0.000001 -0.002010 -0.069697 -0.140913
    38 1.258965 -0.297983 1.252590 -1.402577 -0.457000 -0.879486
    39 1.393001 0.000001 0.000000 -0.017298 -0.515019 0.767586
    40 1.100002 0.000001 -0.000003 0.000599 0.013129 -0.240190
    41 3.549266 0.211411 1.487664 0.202059 0.014258 0.273461
    42 1.218999 -0.000001 -0.000002 0.012737 -0.096751 -0.450409
    43 0.679999 0.000001 0.000000 -0.017021 -0.086055 -0.107327
    44 3.698016 0.273718 0.726617 0.075932 -0.019124 0.073856
    45 1.748999 0.000000 -0.000002 0.002039 -0.027022 -0.273638
    46 0.959996 0.000000 0.000000 -0.004879 -0.039162 -0.172523
    47 3.768499 0.151954 -0.072746 -0.091625 -0.012225 0.175160
    48 2.037997 0.000002 -0.000003 -0.001863 0.004222 -0.658904
    49 1.066998 0.000000 -0.000001 0.001603 0.005576 -0.033676
    50 3.783906 -0.023949 -0.794455 -0.274038 0.036015 0.301004
    51 1.629001 0.000002 0.000000 -0.024309 0.064864 -0.552372
    52 0.955999 0.000000 -0.000002 0.004541 0.069576 -0.104577
    53 1.258940 -0.308543 -1.250054 1.289006 0.530147 -0.654402
    54 1.392999 0.000000 -0.000003 -0.001788 0.370555 0.932381
    55 1.099998 -0.000002 -0.000003 0.000000 -0.013127 -0.286815
    56 0.578998 0.704300 0.000000 0.000000 -1.570790 -3.044320
    57 2.577897 -4.075848 1.825547 1.570743 -1.473520 1.570850
    58 -2.577999 -4.075848 1.825549 1.570743 -1.473520 1.570850
    59 2.330669 -1.877754 0.104131 -1.861302 0.207908 -1.328386
  time 20
    0 -24.656928 -5.114896 35.232553 1.511184 -0.003160 0.303770
    1 0.001573 4.212781 -1.689849 1.427818 -0.250720 1.570797
    2 3.837410 0.000000 0.000000 -0.171387 0.004164 -0.030666
    3 3.617862 0.000000 0.000000 -0.319371 0.000009 0.073423
    4 7.539774 0.000000 0.000000 0.000000 0.000000 0.155813
    5 3.178292 0.000001 0.000000 3.391482 -0.260869 0.158413
    6 2.970271 0.000000 0.000001 0.416964 0.141432 0.135512
    7 -0.000002 0.000001 0.000000 -1.570796 0.000000 -1.326450
    8 2.023705 0.907460 0.852577 1.983927 -1.350164 2.532251
    9 4.983657 -0.000003 0.000000 -1.872350 0.175187 -1.132968
    10 11.123049 -0.000003 0.000001 -0.000001 -0.000001 -1.060565
    11 11.208297 -0.000001 0.000013 -0.318009 -0.050984 -0.510839
    12 2.676087 -1.712447 0.000003 1.570795 0.000000 1.570797
    13 2.023707 0.907463 -0.852527 -1.700819 1.317221 -3.373597
    14 4.983657 -0.000004 0.000000 1.096244 0.044089 -1.009653
    15 11.123040 -0.000006 -0.000006 0.000000 0.000001 -0.780966
    16 11.208287 0.000000 -0.000016 -1.645385 -0.419131 0.216739
    17 2.676081 -1.712434 -0.000003 -1.570797 -0.000001 -1.570797
    18 3.984014 -0.000005 -0.000003 -1.275331 -0.327278 -1.389131
    19 15.940006 0.000002 0.000000 0.000000 0.000000 0.815738
    20 17.709558 0.000004 0.000002 -0.582302 -0.280443 -1.200468
    21 6.203996 0.000000 0.000001 -0.011146 0.000934 -0.500515
    22 -3.984013 0.000007 0.000007 -1.400643 -0.223974 -1.818873
    23 15.940015 0.000000 0.000000 0.000000 0.000000 0.727790
    24 17.709572 -0.000006 0.000001 0.374349 0.249752 -1.392320
    25 6.204001 0.000003 -0.000001 -0.078651 -0.006185 -0.498943
    26 3.549240 0.198821 -1.489462 -0.290151 -0.422140 -0.394405
    27 1.218999 -0.000001 0.000002 -0.001993 0.097565 -0.339679
    28 0.679998 -0.000001 -0.000001 0.013686 0.086648 -0.145996
    29 3.698007 0.267555 -0.728972 -0.079577 -0.000460 -0.261634
    30 1.749001 -0.000001 0.000003 0.000911 0.027081 -0.163373
    31 0.959999 -0.000001 0.000001 0.003380 0.039329 -0.211053
    32 3.768500 0.152546 0.071388 0.082514 0.041719 -0.159826
    33 2.037998 0.000001 0.000002 0.001392 -0.004391 -0.548709
    34 1.067001 0.000001 0.000002 -0.001389 -0.005637 -0.072184
    35 3.783924 -0.017260 0.794558 0.282159 -0.054784 -0.017756
    36 1.629002 -0.000001 0.000003 0.017045 -0.067131 -0.441905
    37 0.956000 0.000000 0.000001 -0.001859 -0.069697 -0.143152
    38 1.258965 -0.297983 1.252590 -1.400100 -0.457536 -0.884775
    39 1.393001 0.000001 0.000000 -0.018714 -0.514947 0.770451
    40 1.100002 0.000001 -0.000003 0.000635 0.013129 -0.237703
    41 3.549266 0.211411 1.487664 0.202247 0.010438 0.300203
    42 1.218999 -0.000001 -0.000002 0.013192 -0.096691 -0.455167
    43 0.679999 0.000001 0.000000 -0.017285 -0.085995 -0.104203
    44 3.698016 0.273718 0.726617 0.075321 -0.020230 0.100990
    45 1.748999 0.000000 -0.000002 0.002159 -0.027010 -0.278346
    46 0.959996 0.000000 0.000000 -0.004999 -0.039150 -0.169385
    47 3.768499 0.151954 -0.072746 -0.091913 -0.009733 0.202180
    48 2.037997 0.000002 -0.000003 -0.001887 0.004211 -0.663612
    49 1.066998 0.000000 -0.000001 0.001615 0.005576 -0.030591
    50 3.783906 -0.023949 -0.794455 -0.272937 0.042499 0.327369
    51 1.629001 0.000002 0.000000 -0.024621 0.064751 -0.557101
    52 0.955999 0.000000 -0.000002 0.004768 0.069553 -0.101456
    53 1.258940 -0.308543 -1.250054 1.289006 0.530147 -0.654402
    54 1.392999 0.000000 -0.000003 -0.001788 0.370555 0.932381
    55 1.099998 -0.000002 -0.000003 0.000000 -0.013127 -0.286815
    56 0.578998 0.704300 0.000000 0.000000 -1.570790 -3.044320
    57 2.577897 -4.075848 1.825547 1.570743 -1.473520 1.570850
    58 -2.577999 -4.075848 1.825549 1.570743 -1.473520 1.570850
    59 2.330669 -1.877754 0.104131 -1.861302 0.207908 -1.328386
  time 21
    0 -25.929663 -5.380458 35.485837 1.515231 -0.004880 0.375381
    1 0.001573 4.212781 -1.689849 1.436785 -0.236908 1.570411
    2 3.837410 0.000000 0.000000 -0.105635 0.003453 -0.037401
    3 3.617862 0.000000 0.000000 -0.241600 -0.000369 0.066297
    4 7.539774 0.000000 0.000000 0.000000 0.000000 0.155813
    5 3.178292 0.000001 0.000000 3.330484 -0.223278 0.172563
    6 2.970271 0.000000 0.000001 0.346399 0.110746 0.121945
    7 -0.000002 0.000001 0.000000 -1.570796 0.000000 -1.326450
    8 2.023705 0.907460 0.852577 1.955667 -1.356291 2.562056
    9 4.983657 -0.000003 0.000000 -1.696855 0.086055 -1.082230
    10 11.123049 -0.000003 0.000001 -0.000001 -0.000001 -0.967987
    11 11.208297 -0.000001 0.000013 -0.371984 0.032112 -0.521155
    12 2.676087 -1.712447 0.000003 1.570795 0.000000 1.570797
    13 2.023707 0.907463 -0.852527 -1.701585 1.317079 -3.374268
    14 4.983657 -0.000004 0.000000 1.209954 -0.082511 -0.995382
    15 11.123040 -0.000006 -0.000006 0.000000 0.000001 -0.815590
    16 11.208287 0.000000 -0.000016 -1.583722 -0.381324 0.169524
    17 2.676081 -1.712434 -0.000003 -1.570797 -0.000001 -1.570797
    18 3.984014 -0.000005 -0.000003 -1.299963 -0.375574 -1.416632
    19 15.940006 0.000002 0.000000 0.000000 0.000000 0.851547
    20 17.709558 0.000004 0.000002 -0.546654 -0.268157 -1.171303
    21 6.203996 0.000000 0.000001 -0.011146 0.000934 -0.500515
    22 -3.984013 0.000007 0.000007 -1.360771 -0.204871 -1.784949
    23 15.940015 0.000000 0.000000 0.000000 0.000000 0.717367
    24 17.709572 -0.000006 0.000001 0.357621 0.302979 -1.403525
    25 6.204001 0.000003 -0.000001 -0.078651 -0.006185 -0.498943
    26 3.549240 0.198821 -1.489462 -0.288820 -0.422827 -0.397764
    27 1.218999 -0.000001 0.000002 -0.002299 0.097553 -0.342864
    28 0.679998 -0.000001 -0.000001 0.013418 0.086693 -0.149169
    29 3.698007 0.267555 -0.728972 -0.079612 -0.000589 -0.264791
    30 1.749001 -0.000001 0.000003 0.000834 0.027081 -0.166525
    31 0.959999 -0.000001 0.000001 0.003243 0.039341 -0.214222
    32 3.768500 0.152546 0.071388 0.082383 0.041971 -0.162983
    33 2.037998 0.000001 0.000002 0.001412 -0.004391 -0.551870
    34 1.067001 0.000001 0.000002 -0.001353 -0.005649 -0.075353
    35 3.783924 -0.017260 0.794558 0.282319 -0.046232 -0.025664
    36 1.629002 -0.000001 0.000003 0.017243 -0.067089 -0.445104
    37 0.956000 0.000000 0.000001 -0.001643 -0.069709 -0.146325
    38 1.258965 -0.297983 1.252590 -1.396599 -0.458296 -0.892305
    39 1.393001 0.000001 0.000000 -0.020113 -0.514875 0.773317
    40 1.100002 0.000001 -0.000003 0.000659 0.013129 -0.235172
    41 3.549266 0.211411 1.487664 0.202373 0.006783 0.323589
    42 1.218999 -0.000001 -0.000002 0.013660 -0.096631 -0.459924
    43 0.679999 0.000001 0.000000 -0.017549 -0.085947 -0.101080
    44 3.698016 0.273718 0.726617 0.074781 -0.021363 0.124694
    45 1.748999 0.000000 -0.000002 0.002291 -0.026998 -0.283054
    46 0.959996 0.000000 0.000000 -0.005119 -0.039138 -0.166287
    47 3.768499 0.151954 -0.072746 -0.092117 -0.007552 0.225829
    48 2.037997 0.000002 -0.000003 -0.001899 0.004211 -0.668320
    49 1.066998 0.000000 -0.000001 0.001639 0.005564 -0.027458
    50 3.783906 -0.023949 -0.794455 -0.271835 0.048317 0.350386
    51 1.629001 0.000002 0.000000 -0.024933 0.064638 -0.561776
    52 0.955999 0.000000 -0.000002 0.004984 0.069541 -0.098336
    53 1.258940 -0.308543 -1.250054 1.289006 0.530147 -0.654402
    54 1.392999 0.000000 -0.000003 -0.001788 0.370555 0.932381
    55 1.099998 -0.000002 -0.000003 0.000000 -0.013127 -0.286815
    56 0.578998 0.704300 0.000000 0.000000 -1.570790 -3.044320
    57 2.577897 -4.075848 1.825547 1.570743 -1.473520 1.570850
    58 -2.577999 -4.075848 1.825549 1.570743 -1.473520 1.570850
    59 2.330669 -1.877754 0.104131 -1.861302 0.207908 -1.328386
  time 22
    0 -27.177547 -5.642639 35.749673 1.521725 -0.006736 0.446992
    1 0.001573 4.212781 -1.689849 1.448898 -0.218423 1.569408
    2 3.837410 0.000000 0.000000 -0.008683 0.002064 -0.045154
    3 3.617862 0.000000 0.000000 -0.129097 -0.001353 0.058027
    4 7.539774 0.000000 0.000000 0.000000 0.000000 0.155813
    5 3.178292 0.000001 0.000000 3.226274 -0.159476 0.195914
    6 2.970271 0.000000 0.000001 0.226408 0.058313 0.099590
    7 -0.000002 0.000001 0.000000 -1.570796 0.000000 -1.326450
    8 2.023705 0.907460 0.852577 1.907672 -1.362695 2.612371
    9 4.983657 -0.000003 0.000000 -1.426877 -0.025194 -1.013350
    10 11.123049 -0.000003 0.000001 -0.000001 -0.000001 -0.822299
    11 11.208297 -0.000001 0.000013 -0.465553 0.091340 -0.603687
    12 2.676087 -1.712447 0.000003 1.570795 0.000000 1.570797
    13 2.023707 0.907463 -0.852527 -1.703786 1.316890 -3.376569
    14 4.983657 -0.000004 0.000000 1.394938 -0.245822 -1.023735
    15 11.123040 -0.000006 -0.000006 0.000000 0.000001 -0.831132
    16 11.208287 0.000000 -0.000016 -1.528522 -0.345670 0.098154
    17 2.676081 -1.712434 -0.000003 -1.570797 -0.000001 -1.570797
    18 3.984014 -0.000005 -0.000003 -1.337055 -0.414709 -1.437809
    19 15.940006 0.000002 0.000000 0.000000 0.000000 0.870852
    20 17.709558 0.000004 0.000002 -0.499175 -0.256157 -1.150013
    21 6.203996 0.000000 0.000001 -0.011146 0.000934 -0.500515
    22 -3.984013 0.000007 0.000007 -1.324349 -0.189470 -1.748533
    23 15.940015 0.000000 0.000000 0.000000 0.000000 0.696519
    24 17.709572 -0.000006 0.000001 0.342911 0.358932 -1.408046
    25 6.204001 0.000003 -0.000001 -0.078651 -0.006185 -0.498943
    26 3.549240 0.198821 -1.489462 -0.287084 -0.423725 -0.402193
    27 1.218999 -0.000001 0.000002 -0.002713 0.097541 -0.347093
    28 0.679998 -0.000001 -0.000001 0.013043 0.086753 -0.153344
    29 3.698007 0.267555 -0.728972 -0.079647 -0.000776 -0.268953
    30 1.749001 -0.000001 0.000003 0.000737 0.027081 -0.170711
    31 0.959999 -0.000001 0.000001 0.003087 0.039341 -0.218393
    32 3.768500 0.152546 0.071388 0.082203 0.042319 -0.167128
    33 2.037998 0.000001 0.000002 0.001433 -0.004379 -0.556052
    34 1.067001 0.000001 0.000002 -0.001335 -0.005649 -0.079522
    35 3.783924 -0.017260 0.794558 0.282499 -0.037587 -0.034483
    36 1.629002 -0.000001 0.000003 0.017521 -0.067005 -0.449262
    37 0.956000 0.000000 0.000001 -0.001340 -0.069709 -0.150525
    38 1.258965 -0.297983 1.252590 -1.391946 -0.459234 -0.902295
    39 1.393001 0.000001 0.000000 -0.021529 -0.514803 0.776154
    40 1.100002 0.000001 -0.000003 0.000707 0.013108 -0.232686
    41 3.549266 0.211411 1.487664 0.202452 0.003376 0.343135
    42 1.218999 -0.000001 -0.000002 0.014103 -0.096571 -0.464629
    43 0.679999 0.000001 0.000000 -0.017824 -0.085888 -0.097956
    44 3.698016 0.273718 0.726617 0.074338 -0.022510 0.144507
    45 1.748999 0.000000 -0.000002 0.002410 -0.026986 -0.287762
    46 0.959996 0.000000 0.000000 -0.005239 -0.039114 -0.163148
    47 3.768499 0.151954 -0.072746 -0.092249 -0.005718 0.245625
    48 2.037997 0.000002 -0.000003 -0.001923 0.004199 -0.673028
    49 1.066998 0.000000 -0.000001 0.001651 0.005564 -0.024325
    50 3.783906 -0.023949 -0.794455 -0.270848 0.053330 0.369637
    51 1.629001 0.000002 0.000000 -0.025232 0.064513 -0.566505
    52 0.955999 0.000000 -0.000002 0.005200 0.069529 -0.095176
    53 1.258940 -0.308543 -1.250054 1.289006 0.530147 -0.654402
    54 1.392999 0.000000 -0.000003 -0.001788 0.370555 0.932381
    55 1.099998 -0.000002 -0.000003 0.000000 -0.013127 -0.286815
    56 0.578998 0.704300 0.000000 0.000000 -1.570790 -3.044320
    57 2.577897 -4.075848 1.825547 1.570743 -1.473520 1.570850
    58 -2.577999 -4.075848 1.825549 1.570743 -1.473520 1.570850
    59 2.330669 -1.877754 0.104131 -1.861302 0.207908 -1.328386
  time 23
    0 -28.382144 -5.880818 36.002957 1.529914 -0.008365 0.516973
    1 0.001573 4.212781 -1.689849 1.463349 -0.196334 1.568020
    2 3.837410 0.000000 0.000000 0.095360 0.000295 -0.053647
    3 3.617862 0.000000 0.000000 -0.007669 -0.002699 0.048901
    4 7.539774 0.000000 0.000000 0.000000 0.000000 0.155813
    5 3.178292 0.000001 0.000000 3.108127 -0.086000 0.224564
    6 2.970271 0.000000 0.000001 0.088872 -0.001164 0.072364
    7 -0.000002 0.000001 0.000000 -1.570796 0.000000 -1.326450
    8 2.023705 0.907460 0.852577 1.840517 -1.368664 2.682811
    9 4.983657 -0.000003 0.000000 -0.984462 -0.246527 -0.985098
    10 11.123049 -0.000003 0.000001 -0.000001 -0.000001 -0.469334
    11 11.208297 -0.000001 0.000013 -0.521062 -0.075334 -0.907702
    12 2.676087 -1.712447 0.000003 1.570795 0.000000 1.570797
    13 2.023707 0.907463 -0.852527 -1.707135 1.316747 -3.380020
    14 4.983657 -0.000004 0.000000 1.617570 -0.386648 -1.103310
    15 11.123040 -0.000006 -0.000006 0.000000 0.000001 -0.800173
    16 11.208287 0.000000 -0.000016 -1.475835 -0.320309 0.004380
    17 2.676081 -1.712434 -0.000003 -1.570797 -0.000001 -1.570797
    18 3.984014 -0.000005 -0.000003 -1.383444 -0.441593 -1.453715
    19 15.940006 0.000002 0.000000 0.000000 0.000000 0.873210
    20 17.709558 0.000004 0.000002 -0.443427 -0.247111 -1.139195
    21 6.203996 0.000000 0.000001 -0.011146 0.000934 -0.500515
    22 -3.984013 0.000007 0.000007 -1.291666 -0.177475 -1.710776
    23 15.940015 0.000000 0.000000 0.000000 0.000000 0.666321
    24 17.709572 -0.000006 0.000001 0.330039 0.415540 -1.406080
    25 6.204001 0.000003 -0.000001 -0.078651 -0.006185 -0.498943
    26 3.549240 0.198821 -1.489462 -0.284865 -0.424888 -0.407791
    27 1.218999 -0.000001 0.000002 -0.003233 0.097529 -0.352367
    28 0.679998 -0.000001 -0.000001 0.012579 0.086813 -0.158646
    29 3.698007 0.267555 -0.728972 -0.079700 -0.001006 -0.274215
    30 1.749001 -0.000001 0.000003 0.000582 0.027081 -0.175981
    31 0.959999 -0.000001 0.000001 0.002872 0.039365 -0.223689
    32 3.768500 0.152546 0.071388 0.081990 0.042750 -0.172406
    33 2.037998 0.000001 0.000002 0.001453 -0.004379 -0.561304
    34 1.067001 0.000001 0.000002 -0.001317 -0.005661 -0.084818
    35 3.783924 -0.017260 0.794558 0.282699 -0.028802 -0.044261
    36 1.629002 -0.000001 0.000003 0.017898 -0.066900 -0.454562
    37 0.956000 0.000000 0.000001 -0.000973 -0.069721 -0.155813
    38 1.258965 -0.297983 1.252590 -1.386054 -0.460397 -0.914894
    39 1.393001 0.000001 0.000000 -0.022928 -0.514731 0.779020
    40 1.100002 0.000001 -0.000003 0.000730 0.013108 -0.230243
    41 3.549266 0.211411 1.487664 0.202499 0.000258 0.358256
    42 1.218999 -0.000001 -0.000002 0.014559 -0.096511 -0.469334
    43 0.679999 0.000001 0.000000 -0.018088 -0.085840 -0.094793
    44 3.698016 0.273718 0.726617 0.073990 -0.023657 0.159866
    45 1.748999 0.000000 -0.000002 0.002542 -0.026974 -0.292470
    46 0.959996 0.000000 0.000000 -0.005370 -0.039102 -0.160010
    47 3.768499 0.151954 -0.072746 -0.092333 -0.004304 0.260927
    48 2.037997 0.000002 -0.000003 -0.001947 0.004187 -0.677736
    49 1.066998 0.000000 -0.000001 0.001675 0.005552 -0.021191
    50 3.783906 -0.023949 -0.794455 -0.270033 0.057446 0.384494
    51 1.629001 0.000002 0.000000 -0.025532 0.064400 -0.571234
    52 0.955999 0.000000 -0.000002 0.005416 0.069505 -0.092056
    53 1.258940 -0.308543 -1.250054 1.289006 0.530147 -0.654402
    54 1.392999 0.000000 -0.000003 -0.001788 0.370555 0.932381
    55 1.099998 -0.000002 -0.000003 0.000000 -0.013127 -0.286815
    56 0.578998 0.704300 0.000000 0.000000 -1.570790 -3.044320
    57 2.577897 -4.075848 1.825547 1.570743 -1.473520 1.570850
    58 -2.577999 -4.075848 1.825549 1.570743 -1.473520 1.570850
    59 2.330669 -1.877754 0.104131 -1.861302 0.207908 -1.328386
  time 24
    0 -29.521821 -6.115384 36.245687 1.538949 -0.009452 0.583601
    1 0.001573 4.212781 -1.689849 1.479417 -0.171666 1.566593
    2 3.837410 0.000000 0.000000 0.182357 -0.001600 -0.062648
    3 3.617862 0.000000 0.000000 0.096882 -0.004121 0.039263
    4 7.539774 0.000000 0.000000 0.000000 0.000000 0.155813
    5 3.178292 0.000001 0.000000 3.005228 -0.019428 0.254699
    6 2.970271 0.000000 0.000001 -0.034247 -0.053183 0.044547
    7 -0.000002 0.000001 0.000000 -1.570796 0.000000 -1.326450
    8 2.023705 0.907460 0.852577 1.755448 -1.373447 2.771748
    9 4.983657 -0.000003 0.000000 -0.769703 -0.251042 -0.804442
    10 11.123049 -0.000003 0.000001 -0.000001 -0.000001 -0.827239
    11 11.208297 -0.000001 0.000013 -0.105272 0.020354 0.072645
    12 2.676087 -1.712447 0.000003 1.570795 0.000000 1.570797
    13 2.023707 0.907463 -0.852527 -1.711441 1.316558 -3.384429
    14 4.983657 -0.000004 0.000000 1.829760 -0.469282 -1.201881
    15 11.123040 -0.000006 -0.000006 0.000000 0.000001 -0.728272
    16 11.208287 0.000000 -0.000016 -1.428353 -0.304119 -0.089904
    17 2.676081 -1.712434 -0.000003 -1.570797 -0.000001 -1.570797
    18 3.984014 -0.000005 -0.000003 -1.437692 -0.428002 -1.463489
    19 15.940006 0.000002 0.000000 0.000000 0.000000 0.809770
    20 17.709558 0.000004 0.000002 -0.378882 -0.250352 -1.161783
    21 6.203996 0.000000 0.000001 -0.011146 0.000934 -0.500515
    22 -3.984013 0.000007 0.000007 -1.263103 -0.168096 -1.672636
    23 15.940015 0.000000 0.000000 0.000000 0.000000 0.627845
    24 17.709572 -0.000006 0.000001 0.318828 0.470837 -1.397972
    25 6.204001 0.000003 -0.000001 -0.078651 -0.006185 -0.498943
    26 3.549240 0.198821 -1.489462 -0.282141 -0.426314 -0.414654
    27 1.218999 -0.000001 0.000002 -0.003861 0.097505 -0.358893
    28 0.679998 -0.000001 -0.000001 0.012025 0.086887 -0.165158
    29 3.698007 0.267555 -0.728972 -0.079753 -0.001308 -0.280625
    30 1.749001 -0.000001 0.000003 0.000407 0.027093 -0.182432
    31 0.959999 -0.000001 0.000001 0.002618 0.039389 -0.230153
    32 3.768500 0.152546 0.071388 0.081711 0.043289 -0.178869
    33 2.037998 0.000001 0.000002 0.001494 -0.004367 -0.567781
    34 1.067001 0.000001 0.000002 -0.001262 -0.005661 -0.091281
    35 3.783924 -0.017260 0.794558 0.282919 -0.019879 -0.055093
    36 1.629002 -0.000001 0.000003 0.018315 -0.066795 -0.461051
    37 0.956000 0.000000 0.000001 -0.000519 -0.069721 -0.162283
    38 1.258965 -0.297983 1.252590 -1.378710 -0.461715 -0.930357
    39 1.393001 0.000001 0.000000 -0.024345 -0.514659 0.781857
    40 1.100002 0.000001 -0.000003 0.000766 0.013108 -0.227757
    41 3.549266 0.211411 1.487664 0.202514 -0.002427 0.368515
    42 1.218999 -0.000001 -0.000002 0.015014 -0.096439 -0.474039
    43 0.679999 0.000001 0.000000 -0.018364 -0.085780 -0.091630
    44 3.698016 0.273718 0.726617 0.073751 -0.024763 0.170310
    45 1.748999 0.000000 -0.000002 0.002674 -0.026962 -0.297125
    46 0.959996 0.000000 0.000000 -0.005490 -0.039090 -0.156831
    47 3.768499 0.151954 -0.072746 -0.092368 -0.003333 0.271307
    48 2.037997 0.000002 -0.000003 -0.001959 0.004175 -0.682391
    49 1.066998 0.000000 -0.000001 0.001687 0.005552 -0.018058
    50 3.783906 -0.023949 -0.794455 -0.269461 0.060541 0.394485
    51 1.629001 0.000002 0.000000 -0.025832 0.064275 -0.575909
    52 0.955999 0.000000 -0.000002 0.005631 0.069493 -0.088896
    53 1.258940 -0.308543 -1.250054 1.289006 0.530147 -0.654402
    54 1.392999 0.000000 -0.000003 -0.001788 0.370555 0.932381
    55 1.099998 -0.000002 -0.000003 0.000000 -0.013127 -0.286815
    56 0.578998 0.704300 0.000000 0.000000 -1.570790 -3.044320
    57 2.577897 -4.075848 1.825547 1.570743 -1.473520 1.570850
    58 -2.577999 -4.075848 1.825549 1.570743 -1.473520 1.570850
    59 2.330669 -1.877754 0.104131 -1.861302 0.207908 -1.328386
  time 25
    0 -30.567092 -6.334721 36.467309 1.548079 -0.009587 0.645341
    1 0.001573 4.212781 -1.689849 1.496362 -0.145490 1.565320
    2 3.837410 0.000000 0.000000 0.228132 -0.003337 -0.071897
    3 3.617862 0.000000 0.000000 0.158763 -0.005392 0.029386
    4 7.539774 0.000000 0.000000 0.000000 0.000000 0.155813
    5 3.178292 0.000001 0.000000 2.946824 0.023683 0.282359
    6 2.970271 0.000000 0.000001 -0.111112 -0.083060 0.020234
    7 -0.000002 0.000001 0.000000 -1.570796 0.000000 -1.326450
    8 2.023705 0.907460 0.852577 1.655148 -1.376333 2.876402
    9 4.983657 -0.000003 0.000000 -0.805719 -0.236077 -0.615187
    10 11.123049 -0.000003 0.000001 -0.000001 -0.000001 -1.137760
    11 11.208297 -0.000001 0.000013 -0.185803 -0.091830 0.524577
    12 2.676087 -1.712447 0.000003 1.570795 0.000000 1.570797
    13 2.023707 0.907463 -0.852527 -1.716417 1.316415 -3.389510
    14 4.983657 -0.000004 0.000000 1.963683 -0.501267 -1.270305
    15 11.123040 -0.000006 -0.000006 0.000000 0.000001 -0.654223
    16 11.208287 0.000000 -0.000016 -1.393887 -0.287789 -0.152007
    17 2.676081 -1.712434 -0.000003 -1.570797 -0.000001 -1.570797
    18 3.984014 -0.000005 -0.000003 -1.491173 -0.366860 -1.472976
    19 15.940006 0.000002 0.000000 0.000000 0.000000 0.670733
    20 17.709558 0.000004 0.000002 -0.310090 -0.254055 -1.209988
    21 6.203996 0.000000 0.000001 -0.011146 0.000934 -0.500515
    22 -3.984013 0.000007 0.000007 -1.238854 -0.160099 -1.634783
    23 15.940015 0.000000 0.000000 0.000000 0.000000 0.582317
    24 17.709572 -0.000006 0.000001 0.309159 0.522822 -1.384556
    25 6.204001 0.000003 -0.000001 -0.078651 -0.006185 -0.498943
    26 3.549240 0.198821 -1.489462 -0.278853 -0.428005 -0.422880
    27 1.218999 -0.000001 0.000002 -0.004612 0.097481 -0.366621
    28 0.679998 -0.000001 -0.000001 0.011364 0.086977 -0.172882
    29 3.698007 0.267555 -0.728972 -0.079788 -0.001682 -0.288327
    30 1.749001 -0.000001 0.000003 0.000213 0.027093 -0.190164
    31 0.959999 -0.000001 0.000001 0.002326 0.039401 -0.237868
    32 3.768500 0.152546 0.071388 0.081367 0.043913 -0.186565
    33 2.037998 0.000001 0.000002 0.001515 -0.004367 -0.575481
    34 1.067001 0.000001 0.000002 -0.001244 -0.005673 -0.098995
    35 3.783924 -0.017260 0.794558 0.283139 -0.010802 -0.067027
    36 1.629002 -0.000001 0.000003 0.018831 -0.066669 -0.468774
    37 0.956000 0.000000 0.000001 0.000000 -0.069721 -0.170028
    38 1.258965 -0.297983 1.252590 -1.369872 -0.463190 -0.948832
    39 1.393001 0.000001 0.000000 -0.025743 -0.514587 0.784723
    40 1.100002 0.000001 -0.000003 0.000790 0.013108 -0.225270
    41 3.549266 0.211411 1.487664 0.202530 -0.004595 0.373231
    42 1.218999 -0.000001 -0.000002 0.015469 -0.096355 -0.478744
    43 0.679999 0.000001 0.000000 -0.018639 -0.085720 -0.088428
    44 3.698016 0.273718 0.726617 0.073643 -0.025799 0.175224
    45 1.748999 0.000000 -0.000002 0.002794 -0.026950 -0.301780
    46 0.959996 0.000000 0.000000 -0.005622 -0.039066 -0.153652
    47 3.768499 0.151954 -0.072746 -0.092380 -0.002889 0.276176
    48 2.037997 0.000002 -0.000003 -0.001983 0.004163 -0.687100
    49 1.066998 0.000000 -0.000001 0.001699 0.005540 -0.014877
    50 3.783906 -0.023949 -0.794455 -0.269189 0.062459 0.399141
    51 1.629001 0.000002 0.000000 -0.026131 0.064162 -0.580583
    52 0.955999 0.000000 -0.000002 0.005859 0.069481 -0.085696
    53 1.258940 -0.308543 -1.250054 1.289006 0.530147 -0.654402
    54 1.392999 0.000000 -0.000003 -0.001788 0.370555 0.932381
    55 1.099998 -0.000002 -0.000003 0.000000 -0.013127 -0.286815
    56 0.578998 0.704300 0.000000 0.000000 -1.570790 -3.044320
    57 2.577897 -4.075848 1.825547 1.570743 -1.473520 1.570850
    58 -2.577999 -4.075848 1.825549 1.570743 -1.473520 1.570850
    59 2.330669 -1.877754 0.104131 -1.861302 0.207908 -1.328386
  time 26
    0 -31.511298 -6.532947 36.667825 1.556927 -0.008275 0.700660
    1 0.001573 4.212781 -1.689849 1.513465 -0.118810 1.564510
    2 3.837410 0.000000 0.000000 0.219325 -0.004632 -0.081096
    3 3.617862 0.000000 0.000000 0.165445 -0.006209 0.019595
    4 7.539774 0.000000 0.000000 0.000000 0.000000 0.155813
    5 3.178292 0.000001 0.000000 2.946824 0.038775 0.310368
    6 2.970271 0.000000 0.000001 -0.129630 -0.084954 -0.002257
    7 -0.000002 0.000001 0.000000 -1.570796 0.000000 -1.326450
    8 2.023705 0.907460 0.852577 1.544309 -1.376610 2.992173
    9 4.983657 -0.000003 0.000000 -1.060316 -0.094897 -0.499726
    10 11.123049 -0.000003 0.000001 -0.000001 -0.000001 -1.390006
    11 11.208297 -0.000001 0.000013 -0.115434 -0.471333 0.781777
    12 2.676087 -1.712447 0.000003 1.570795 0.000000 1.570797
    13 2.023707 0.907463 -0.852527 -1.721776 1.316273 -3.395070
    14 4.983657 -0.000004 0.000000 1.982555 -0.513392 -1.288167
    15 11.123040 -0.000006 -0.000006 0.000000 0.000001 -0.624464
    16 11.208287 0.000000 -0.000016 -1.377372 -0.263458 -0.157407
    17 2.676081 -1.712434 -0.000003 -1.570797 -0.000001 -1.570797
    18 3.984014 -0.000005 -0.000003 -1.535358 -0.298383 -1.487828
    19 15.940006 0.000002 0.000000 0.000000 0.000000 0.531475
    20 17.709558 0.000004 0.000002 -0.246909 -0.240239 -1.244433
    21 6.203996 0.000000 0.000001 -0.011146 0.000934 -0.500515
    22 -3.984013 0.000007 0.000007 -1.219110 -0.152251 -1.597984
    23 15.940015 0.000000 0.000000 0.000000 0.000000 0.531501
    24 17.709572 -0.000006 0.000001 0.301033 0.569874 -1.366717
    25 6.204001 0.000003 -0.000001 -0.078651 -0.006185 -0.498943
    26 3.549240 0.198821 -1.489462 -0.266364 -0.434347 -0.453642
    27 1.218999 -0.000001 0.000002 -0.007414 0.097301 -0.395546
    28 0.679998 -0.000001 -0.000001 0.008847 0.087246 -0.201771
    29 3.698007 0.267555 -0.728972 -0.079928 -0.003192 -0.317078
    30 1.749001 -0.000001 0.000003 -0.000543 0.027081 -0.218974
    31 0.959999 -0.000001 0.000001 0.001193 0.039449 -0.266686
    32 3.768500 0.152546 0.071388 0.080072 0.046238 -0.215327
    33 2.037998 0.000001 0.000002 0.001617 -0.004331 -0.604293
    34 1.067001 0.000001 0.000002 -0.001081 -0.005697 -0.127807
    35 3.783924 -0.017260 0.794558 0.283479 0.001286 -0.097750
    36 1.629002 -0.000001 0.000003 0.020736 -0.066102 -0.497607
    37 0.956000 0.000000 0.000001 0.001989 -0.069697 -0.198895
    38 1.258965 -0.297983 1.252590 -1.335118 -0.467481 -1.019648
    39 1.393001 0.000001 0.000000 -0.027142 -0.514515 0.787560
    40 1.100002 0.000001 -0.000003 0.000838 0.013108 -0.222784
    41 3.549266 0.211411 1.487664 0.202530 -0.006082 0.372015
    42 1.218999 -0.000001 -0.000002 0.015913 -0.096283 -0.483396
    43 0.679999 0.000001 0.000000 -0.018915 -0.085660 -0.085225
    44 3.698016 0.273718 0.726617 0.073679 -0.026711 0.174098
    45 1.748999 0.000000 -0.000002 0.002926 -0.026938 -0.306435
    46 0.959996 0.000000 0.000000 -0.005742 -0.039042 -0.150434
    47 3.768499 0.151954 -0.072746 -0.092380 -0.002985 0.275052
    48 2.037997 0.000002 -0.000003 -0.002007 0.004163 -0.691702
    49 1.066998 0.000000 -0.000001 0.001723 0.005540 -0.011647
    50 3.783906 -0.023949 -0.794455 -0.269275 0.063063 0.397885
    51 1.629001 0.000002 0.000000 -0.026431 0.064037 -0.585204
    52 0.955999 0.000000 -0.000002 0.006087 0.069457 -0.082457
    53 1.258940 -0.308543 -1.250054 1.289006 0.530147 -0.654402
    54 1.392999 0.000000 -0.000003 -0.001788 0.370555 0.932381
    55 1.099998 -0.000002 -0.000003 0.000000 -0.013127 -0.286815
    56 0.578998 0.704300 0.000000 0.000000 -1.570790 -3.044320
    57 2.577897 -4.075848 1.825547 1.570743 -1.473520 1.570850
    58 -2.577999 -4.075848 1.825549 1.570743 -1.473520 1.570850
    59 2.330669 -1.877754 0.104131 -1.861302 0.207908 -1.328386
  time 27
    0 -32.317031 -6.722605 36.836681 1.564645 -0.005197 0.747833
    1 0.001573 4.212781 -1.689849 1.530095 -0.092654 1.564394
    2 3.837410 0.000000 0.000000 0.172011 -0.005216 -0.090048
    3 3.617862 0.000000 0.000000 0.134114 -0.006360 0.010196
    4 7.539774 0.000000 0.000000 0.000000 0.000000 0.155813
    5 3.178292 0.000001 0.000000 2.985703 0.036889 0.341289
    6 2.970271 0.000000 0.000001 -0.111069 -0.068654 -0.025749
    7 -0.000002 0.000001 0.000000 -1.570796 0.000000 -1.326450
    8 2.023705 0.907460 0.852577 1.428489 -1.373882 3.113024
    9 4.983657 -0.000003 0.000000 -1.331344 0.067285 -0.418657
    10 11.123049 -0.000003 0.000001 -0.000001 -0.000001 -1.552537
    11 11.208297 -0.000001 0.000013 0.331802 -0.443254 0.722867
    12 2.676087 -1.712447 0.000003 1.570795 0.000000 1.570797
    13 2.023707 0.907463 -0.852527 -1.727327 1.316131 -3.400725
    14 4.983657 -0.000004 0.000000 1.919425 -0.521651 -1.269643
    15 11.123040 -0.000006 -0.000006 0.000000 0.000001 -0.639754
    16 11.208287 0.000000 -0.000016 -1.375307 -0.233886 -0.117270
    17 2.676081 -1.712434 -0.000003 -1.570797 -0.000001 -1.570797
    18 3.984014 -0.000005 -0.000003 -1.545422 -0.281143 -1.483516
    19 15.940006 0.000002 0.000000 0.000000 0.000000 0.472014
    20 17.709558 0.000004 0.000002 -0.219605 -0.201387 -1.231451
    21 6.203996 0.000000 0.000001 -0.011146 0.000934 -0.500515
    22 -3.984013 0.000007 0.000007 -1.204158 -0.143267 -1.562718
    23 15.940015 0.000000 0.000000 0.000000 0.000000 0.477543
    24 17.709572 -0.000006 0.000001 0.294330 0.610580 -1.345880
    25 6.204001 0.000003 -0.000001 -0.078651 -0.006185 -0.498943
    26 3.549240 0.198821 -1.489462 -0.240338 -0.447056 -0.515556
    27 1.218999 -0.000001 0.000002 -0.013034 0.096714 -0.453450
    28 0.679998 -0.000001 -0.000001 0.003794 0.087620 -0.259676
    29 3.698007 0.267555 -0.728972 -0.079875 -0.006831 -0.374580
    30 1.749001 -0.000001 0.000003 -0.002113 0.027021 -0.276644
    31 0.959999 -0.000001 0.000001 -0.001072 0.039449 -0.324404
    32 3.768500 0.152546 0.071388 0.077286 0.050768 -0.272851
    33 2.037998 0.000001 0.000002 0.001862 -0.004211 -0.661916
    34 1.067001 0.000001 0.000002 -0.000756 -0.005745 -0.185432
    35 3.783924 -0.017260 0.794558 0.283379 0.017496 -0.153876
    36 1.629002 -0.000001 0.000003 0.024507 -0.064801 -0.555365
    37 0.956000 0.000000 0.000001 0.006010 -0.069457 -0.256691
    38 1.258965 -0.297983 1.252590 -1.261725 -0.469470 -1.161756
    39 1.393001 0.000001 0.000000 -0.028541 -0.514443 0.790398
    40 1.100002 0.000001 -0.000003 0.000862 0.013108 -0.220297
    41 3.549266 0.211411 1.487664 0.202499 -0.006722 0.364236
    42 1.218999 -0.000001 -0.000002 0.016356 -0.096211 -0.487995
    43 0.679999 0.000001 0.000000 -0.019191 -0.085600 -0.081944
    44 3.698016 0.273718 0.726617 0.073835 -0.027402 0.166419
    45 1.748999 0.000000 -0.000002 0.003046 -0.026926 -0.310985
    46 0.959996 0.000000 0.000000 -0.005874 -0.039030 -0.147215
    47 3.768499 0.151954 -0.072746 -0.092356 -0.003704 0.267455
    48 2.037997 0.000002 -0.000003 -0.002019 0.004151 -0.696304
    49 1.066998 0.000000 -0.000001 0.001747 0.005540 -0.008417
    50 3.783906 -0.023949 -0.794455 -0.269704 0.062165 0.390196
    51 1.629001 0.000002 0.000000 -0.026718 0.063911 -0.589770
    52 0.955999 0.000000 -0.000002 0.006302 0.069433 -0.079218
    53 1.258940 -0.308543 -1.250054 1.289006 0.530147 -0.654402
    54 1.392999 0.000000 -0.000003 -0.001788 0.370555 0.932381
    55 1.099998 -0.000002 -0.000003 0.000000 -0.013127 -0.286815
    56 0.578998 0.704300 0.000000 0.000000 -1.570790 -3.044320
    57 2.577897 -4.075848 1.825547 1.570743 -1.473520 1.570850
    58 -2.577999 -4.075848 1.825549 1.570743 -1.473520 1.570850
    59 2.330669 -1.877754 0.104131 -1.861302 0.207908 -1.328386
  time 28
    0 -32.970820 -6.879180 36.963323 1.570763 0.000009 0.785328
    1 0.001573 4.212781 -1.689849 1.545625 -0.068113 1.565243
    2 3.837410 0.000000 0.000000 0.106287 -0.004821 -0.098442
    3 3.617862 0.000000 0.000000 0.083570 -0.005528 0.001481
    4 7.539774 0.000000 0.000000 0.000000 0.000000 0.155813
    5 3.178292 0.000001 0.000000 3.042653 0.024867 0.370988
    6 2.970271 0.000000 0.000001 -0.073525 -0.042882 -0.047603
    7 -0.000002 0.000001 0.000000 -1.570796 0.000000 -1.326450
    8 2.023705 0.907460 0.852577 1.314393 -1.368111 3.232533
    9 4.983657 -0.000003 0.000000 -1.516870 0.209378 -0.301590
    10 11.123049 -0.000003 0.000001 -0.000001 -0.000001 -1.605086
    11 11.208297 -0.000001 0.000013 0.665815 -0.317206 0.612587
    12 2.676087 -1.712447 0.000003 1.570795 0.000000 1.570797
    13 2.023707 0.907463 -0.852527 -1.732781 1.315989 -3.406381
    14 4.983657 -0.000004 0.000000 1.812708 -0.524133 -1.227493
    15 11.123040 -0.000006 -0.000006 0.000000 0.000001 -0.677537
    16 11.208287 0.000000 -0.000016 -1.382667 -0.204876 -0.052468
    17 2.676081 -1.712434 -0.000003 -1.570797 -0.000001 -1.570797
    18 3.984014 -0.000005 -0.000003 -1.540342 -0.287808 -1.465118
    19 15.940006 0.000002 0.000000 0.000000 0.000000 0.448288
    20 17.709558 0.000004 0.000002 -0.211565 -0.158904 -1.202199
    21 6.203996 0.000000 0.000001 -0.011146 0.000934 -0.500515
    22 -3.984013 0.000007 0.000007 -1.193998 -0.132309 -1.529273
    23 15.940015 0.000000 0.000000 0.000000 0.000000 0.423508
    24 17.709572 -0.000006 0.000001 0.289050 0.643765 -1.323864
    25 6.204001 0.000003 -0.000001 -0.078651 -0.006185 -0.498943
    26 3.549240 0.198821 -1.489462 -0.207633 -0.462064 -0.589883
    27 1.218999 -0.000001 0.000002 -0.019619 0.095611 -0.522161
    28 0.679998 -0.000001 -0.000001 -0.002205 0.087680 -0.328309
    29 3.698007 0.267555 -0.728972 -0.079174 -0.012152 -0.442749
    30 1.749001 -0.000001 0.000003 -0.003955 0.026805 -0.345049
    31 0.959999 -0.000001 0.000001 -0.003766 0.039281 -0.392840
    32 3.768500 0.152546 0.071388 0.073647 0.055933 -0.341129
    33 2.037998 0.000001 0.000002 0.002147 -0.004092 -0.730299
    34 1.067001 0.000001 0.000002 -0.000357 -0.005781 -0.253814
    35 3.783924 -0.017260 0.794558 0.281919 0.034987 -0.218917
    36 1.629002 -0.000001 0.000003 0.028873 -0.062975 -0.623907
    37 0.956000 0.000000 0.000001 0.010765 -0.068882 -0.325250
    38 1.258965 -0.297983 1.252590 -1.170869 -0.459369 -1.327849
    39 1.393001 0.000001 0.000000 -0.029939 -0.514388 0.793235
    40 1.100002 0.000001 -0.000003 0.000898 0.013108 -0.217855
    41 3.549266 0.211411 1.487664 0.202420 -0.006247 0.349407
    42 1.218999 -0.000001 -0.000002 0.016800 -0.096139 -0.492542
    43 0.679999 0.000001 0.000000 -0.019478 -0.085528 -0.078662
    44 3.698016 0.273718 0.726617 0.074146 -0.027748 0.151623
    45 1.748999 0.000000 -0.000002 0.003165 -0.026902 -0.315534
    46 0.959996 0.000000 0.000000 -0.006006 -0.039018 -0.143915
    47 3.768499 0.151954 -0.072746 -0.092285 -0.005059 0.252741
    48 2.037997 0.000002 -0.000003 -0.002031 0.004151 -0.700801
    49 1.066998 0.000000 -0.000001 0.001759 0.005540 -0.005139
    50 3.783906 -0.023949 -0.794455 -0.270505 0.059519 0.375653
    51 1.629001 0.000002 0.000000 -0.027018 0.063786 -0.594335
    52 0.955999 0.000000 -0.000002 0.006530 0.069421 -0.075901
    53 1.258940 -0.308543 -1.250054 1.289006 0.530147 -0.654402
    54 1.392999 0.000000 -0.000003 -0.001788 0.370555 0.932381
    55 1.099998 -0.000002 -0.000003 0.000000 -0.013127 -0.286815
    56 0.578998 0.704300 0.000000 0.000000 -1.570790 -3.044320
    57 2.577897 -4.075848 1.825547 1.570743 -1.473520 1.570850
    58 -2.577999 -4.075848 1.825549 1.570743 -1.473520 1.570850
    59 2.330669 -1.877754 0.104131 -1.861302 0.207908 -1.328386
  time 29
    0 -33.501668 -6.977764 37.068857 1.575186 0.008700 0.812664
    1 0.001573 4.212781 -1.689849 1.559401 -0.046211 1.567287
    2 3.837410 0.000000 0.000000 0.042251 -0.003179 -0.106048
    3 3.617862 0.000000 0.000000 0.032602 -0.003501 -0.006226
    4 7.539774 0.000000 0.000000 0.000000 0.000000 0.155813
    5 3.178292 0.000001 0.000000 3.096896 0.009574 0.395270
    6 2.970271 0.000000 0.000001 -0.035093 -0.016379 -0.065222
    7 -0.000002 0.000001 0.000000 -1.570796 0.000000 -1.326450
    8 2.023705 0.907460 0.852577 1.207099 -1.359572 3.345142
    9 4.983657 -0.000003 0.000000 -1.600080 0.321034 -0.178192
    10 11.123049 -0.000003 0.000001 -0.000001 -0.000001 -1.549505
    11 11.208297 -0.000001 0.000013 0.875388 -0.224239 0.481106
    12 2.676087 -1.712447 0.000003 1.570795 0.000000 1.570797
    13 2.023707 0.907463 -0.852527 -1.738044 1.315846 -3.411653
    14 4.983657 -0.000004 0.000000 1.700626 -0.514490 -1.175986
    15 11.123040 -0.000006 -0.000006 0.000000 0.000001 -0.701167
    16 11.208287 0.000000 -0.000016 -1.392630 -0.174696 0.009488
    17 2.676081 -1.712434 -0.000003 -1.570797 -0.000001 -1.570797
    18 3.984014 -0.000005 -0.000003 -1.538137 -0.285164 -1.444708
    19 15.940006 0.000002 0.000000 0.000000 0.000000 0.405332
    20 17.709558 0.000004 0.000002 -0.209669 -0.131768 -1.170091
    21 6.203996 0.000000 0.000001 -0.011146 0.000934 -0.500515
    22 -3.984013 0.000007 0.000007 -1.188631 -0.118389 -1.496116
    23 15.940015 0.000000 0.000000 0.000000 0.000000 0.366637
    24 17.709572 -0.000006 0.000001 0.284780 0.669533 -1.298261
    25 6.204001 0.000003 -0.000001 -0.078651 -0.006185 -0.498943
    26 3.549240 0.198821 -1.489462 -0.176724 -0.475275 -0.656908
    27 1.218999 -0.000001 0.000002 -0.025439 0.094221 -0.583406
    28 0.679998 -0.000001 -0.000001 -0.007562 0.087366 -0.389554
    29 3.698007 0.267555 -0.728972 -0.077912 -0.017805 -0.503552
    30 1.749001 -0.000001 0.000003 -0.005584 0.026517 -0.406067
    31 0.959999 -0.000001 0.000001 -0.006167 0.038981 -0.453853
    32 3.768500 0.152546 0.071388 0.070107 0.060308 -0.402106
    33 2.037998 0.000001 0.000002 0.002392 -0.003948 -0.791339
    34 1.067001 0.000001 0.000002 -0.000013 -0.005793 -0.314858
    35 3.783924 -0.017260 0.794558 0.279420 0.050347 -0.276576
    36 1.629002 -0.000001 0.000003 0.032663 -0.061086 -0.684956
    37 0.956000 0.000000 0.000001 0.014937 -0.068091 -0.386374
    38 1.258965 -0.297983 1.252590 -1.090089 -0.438674 -1.470031
    39 1.393001 0.000001 0.000000 -0.031320 -0.514316 0.796043
    40 1.100002 0.000001 -0.000003 0.000922 0.013108 -0.215413
    41 3.549266 0.211411 1.487664 0.202137 -0.003170 0.318824
    42 1.218999 -0.000001 -0.000002 0.017219 -0.096068 -0.497088
    43 0.679999 0.000001 0.000000 -0.019766 -0.085468 -0.075301
    44 3.698016 0.273718 0.726617 0.074745 -0.027264 0.120957
    45 1.748999 0.000000 -0.000002 0.003285 -0.026902 -0.320083
    46 0.959996 0.000000 0.000000 -0.006137 -0.038994 -0.140576
    47 3.768499 0.151954 -0.072746 -0.092093 -0.007875 0.222297
    48 2.037997 0.000002 -0.000003 -0.002055 0.004139 -0.705350
    49 1.066998 0.000000 -0.000001 0.001771 0.005528 -0.001813
    50 3.783906 -0.023949 -0.794455 -0.271950 0.052928 0.345678
    51 1.629001 0.000002 0.000000 -0.027306 0.063661 -0.598847
    52 0.955999 0.000000 -0.000002 0.006770 0.069397 -0.072583
    53 1.258940 -0.308543 -1.250054 1.289006 0.530147 -0.654402
    54 1.392999 0.000000 -0.000003 -0.001788 0.370555 0.932381
    55 1.099998 -0.000002 -0.000003 0.000000 -0.013127 -0.286815
    56 0.578998 0.704300 0.000000 0.000000 -1.570790 -3.044320
    57 2.577897 -4.075848 1.825547 1.570743 -1.473520 1.570850
    58 -2.577999 -4.075848 1.825549 1.570743 -1.473520 1.570850
    59 2.330669 -1.877754 0.104131 -1.861302 0.207908 -1.328386
  time 30
    0 -33.946946 -6.997538 37.174392 1.578575 0.021510 0.830991
    1 0.001573 4.212781 -1.689849 1.570795 -0.027999 1.570797
    2 3.837410 0.000000 0.000000 -0.000012 0.000011 -0.112602
    3 3.617862 0.000000 0.000000 -0.000012 0.000009 -0.012617
    4 7.539774 0.000000 0.000000 0.000000 0.000000 0.155813
    5 3.178292 0.000001 0.000000 3.127623 -0.002067 0.410003
    6 2.970271 0.000000 0.000001 -0.013953 0.002052 -0.076013
    7 -0.000002 0.000001 0.000000 -1.570796 0.000000 -1.326450
    8 2.023705 0.907460 0.852577 1.110438 -1.348859 3.447017
    9 4.983657 -0.000003 0.000000 -1.602850 0.354261 -0.098540
    10 11.123049 -0.000003 0.000001 -0.000001 -0.000001 -1.406287
    11 11.208297 -0.000001 0.000013 1.001649 -0.232575 0.343363
    12 2.676087 -1.712447 0.000003 1.570795 0.000000 1.570797
    13 2.023707 0.907463 -0.852527 -1.742542 1.315799 -3.416350
    14 4.983657 -0.000004 0.000000 1.624850 -0.500073 -1.136388
    15 11.123040 -0.000006 -0.000006 0.000000 0.000001 -0.690805
    16 11.208287 0.000000 -0.000016 -1.399183 -0.142317 0.046049
    17 2.676081 -1.712434 -0.000003 -1.570797 -0.000001 -1.570797
    18 3.984014 -0.000005 -0.000003 -1.539000 -0.282371 -1.423052
    19 15.940006 0.000002 0.000000 0.000000 0.000000 0.367386
    20 17.709558 0.000004 0.000002 -0.207621 -0.111684 -1.141272
    21 6.203996 0.000000 0.000001 -0.011146 0.000934 -0.500515
    22 -3.984013 0.000007 0.000007 -1.186810 -0.099483 -1.460946
    23 15.940015 0.000000 0.000000 0.000000 0.000000 0.300645
    24 17.709572 -0.000006 0.000001 0.280865 0.688471 -1.265630
    25 6.204001 0.000003 -0.000001 -0.078651 -0.006185 -0.498943
    26 3.549240 0.198821 -1.489462 -0.157960 -0.482859 -0.696286
    27 1.218999 -0.000001 0.000002 -0.028777 0.093262 -0.619119
    28 0.679998 -0.000001 -0.000001 -0.010668 0.087052 -0.425207
    29 3.698007 0.267555 -0.728972 -0.076877 -0.021458 -0.539000
    30 1.749001 -0.000001 0.000003 -0.006514 0.026302 -0.441624
    31 0.959999 -0.000001 0.000001 -0.007534 0.038742 -0.489426
    32 3.768500 0.152546 0.071388 0.067911 0.062764 -0.437627
    33 2.037998 0.000001 0.000002 0.002535 -0.003852 -0.826831
    34 1.067001 0.000001 0.000002 0.000186 -0.005793 -0.350384
    35 3.783924 -0.017260 0.794558 0.277440 0.059733 -0.310510
    36 1.629002 -0.000001 0.000003 0.034827 -0.059889 -0.720552
    37 0.956000 0.000000 0.000001 0.017359 -0.067528 -0.421991
    38 1.258965 -0.297983 1.252590 -1.046796 -0.422762 -1.545107
    39 1.393001 0.000001 0.000000 -0.032719 -0.514244 0.798852
    40 1.100002 0.000001 -0.000003 0.000958 0.013108 -0.212926
    41 3.549266 0.211411 1.487664 0.201399 0.003706 0.267967
    42 1.218999 -0.000001 -0.000002 0.017651 -0.095984 -0.501529
    43 0.679999 0.000001 0.000000 -0.020054 -0.085396 -0.071941
    44 3.698016 0.273718 0.726617 0.075668 -0.025384 0.069914
    45 1.748999 0.000000 -0.000002 0.003405 -0.026878 -0.324527
    46 0.959996 0.000000 0.000000 -0.006269 -0.038970 -0.137196
    47 3.768499 0.151954 -0.072746 -0.091577 -0.012549 0.171576
    48 2.037997 0.000002 -0.000003 -0.002079 0.004127 -0.709794
    49 1.066998 0.000000 -0.000001 0.001795 0.005516 0.001561
    50 3.783906 -0.023949 -0.794455 -0.273895 0.040920 0.295982
    51 1.629001 0.000002 0.000000 -0.027593 0.063548 -0.603304
    52 0.955999 0.000000 -0.000002 0.007010 0.069361 -0.069186
    53 1.258940 -0.308543 -1.250054 1.289006 0.530147 -0.654402
    54 1.392999 0.000000 -0.000003 -0.001788 0.370555 0.932381
    55 1.099998 -0.000002 -0.000003 0.000000 -0.013127 -0.286815
    56 0.578998 0.704300 0.000000 0.000000 -1.570790 -3.044320
    57 2.577897 -4.075848 1.825547 1.570743 -1.473520 1.570850
    58 -2.577999 -4.075848 1.825549 1.570743 -1.473520 1.570850
    59 2.330669 -1.877754 0.104131 -1.861302 0.207908 -1.328386
  time 31
    0 -34.304475 -6.948131 37.269373 1.581022 0.037534 0.841652
    1 0.001573 4.212781 -1.689849 1.578121 -0.015864 1.579166
    2 3.837410 0.000000 0.000000 -0.017746 0.008159 -0.117152
    3 3.617862 0.000000 0.000000 -0.012337 0.008374 -0.016086
    4 7.539774 0.000000 0.000000 0.000000 0.000000 0.155813
    5 3.178292 0.000001 0.000000 3.137428 -0.010938 0.417718
    6 2.970271 0.000000 0.000001 -0.008668 0.014149 -0.081977
    7 -0.000002 0.000001 0.000000 -1.570796 0.000000 -1.326450
    8 2.023705 0.907460 0.852577 1.025657 -1.336763 3.536720
    9 4.983657 -0.000003 0.000000 -1.578680 0.265028 -0.075297
    10 11.123049 -0.000003 0.000001 -0.000001 -0.000001 -1.189242
    11 11.208297 -0.000001 0.000013 1.054282 -0.275483 0.225400
    12 2.676087 -1.712447 0.000003 1.570795 0.000000 1.570797
    13 2.023707 0.907463 -0.852527 -1.746274 1.315704 -3.420281
    14 4.983657 -0.000004 0.000000 1.592950 -0.498450 -1.109169
    15 11.123040 -0.000006 -0.000006 0.000000 0.000001 -0.675642
    16 11.208287 0.000000 -0.000016 -1.405107 -0.107083 0.065315
    17 2.676081 -1.712434 -0.000003 -1.570797 -0.000001 -1.570797
    18 3.984014 -0.000005 -0.000003 -1.544751 -0.280659 -1.400343
    19 15.940006 0.000002 0.000000 0.000000 0.000000 0.337692
    20 17.709558 0.000004 0.000002 -0.204284 -0.095873 -1.117732
    21 6.203996 0.000000 0.000001 -0.011146 0.000934 -0.500515
    22 -3.984013 0.000007 0.000007 -1.189398 -0.072630 -1.423285
    23 15.940015 0.000000 0.000000 0.000000 0.000000 0.221241
    24 17.709572 -0.000006 0.000001 0.278492 0.702649 -1.224202
    25 6.204001 0.000003 -0.000001 -0.078651 -0.006185 -0.498943
    26 3.549240 0.198821 -1.489462 -0.149406 -0.486241 -0.713906
    27 1.218999 -0.000001 0.000002 -0.030247 0.092795 -0.634992
    28 0.679998 -0.000001 -0.000001 -0.012043 0.086887 -0.441071
    29 3.698007 0.267555 -0.728972 -0.076351 -0.023198 -0.554738
    30 1.749001 -0.000001 0.000003 -0.006941 0.026182 -0.457433
    31 0.959999 -0.000001 0.000001 -0.008159 0.038622 -0.505232
    32 3.768500 0.152546 0.071388 0.066911 0.063819 -0.453414
    33 2.037998 0.000001 0.000002 0.002596 -0.003816 -0.842640
    34 1.067001 0.000001 0.000002 0.000276 -0.005781 -0.366187
    35 3.783924 -0.017260 0.794558 0.276580 0.065198 -0.327909
    36 1.629002 -0.000001 0.000003 0.035779 -0.059322 -0.736408
    37 0.956000 0.000000 0.000001 0.018418 -0.067240 -0.437824
    38 1.258965 -0.297983 1.252590 -1.031981 -0.415991 -1.571039
    39 1.393001 0.000001 0.000000 -0.034082 -0.514172 0.801660
    40 1.100002 0.000001 -0.000003 0.000994 0.013108 -0.210484
    41 3.549266 0.211411 1.487664 0.199985 0.014382 0.202961
    42 1.218999 -0.000001 -0.000002 0.018070 -0.095912 -0.505969
    43 0.679999 0.000001 0.000000 -0.020341 -0.085324 -0.068501
    44 3.698016 0.273718 0.726617 0.076747 -0.021805 0.004332
    45 1.748999 0.000000 -0.000002 0.003525 -0.026866 -0.328918
    46 0.959996 0.000000 0.000000 -0.006389 -0.038947 -0.133776
    47 3.768499 0.151954 -0.072746 -0.090559 -0.018517 0.106248
    48 2.037997 0.000002 -0.000003 -0.002091 0.004115 -0.714185
    49 1.066998 0.000000 -0.000001 0.001819 0.005516 0.004983
    50 3.783906 -0.023949 -0.794455 -0.275540 0.024379 0.232423
    51 1.629001 0.000002 0.000000 -0.027869 0.063422 -0.607707
    52 0.955999 0.000000 -0.000002 0.007249 0.069349 -0.065749
    53 1.258940 -0.308543 -1.250054 1.289006 0.530147 -0.654402
    54 1.392999 0.000000 -0.000003 -0.001788 0.370555 0.932381
    55 1.099998 -0.000002 -0.000003 0.000000 -0.013127 -0.286815
    56 0.578998 0.704300 0.000000 0.000000 -1.570790 -3.044320
    57 2.577897 -4.075848 1.825547 1.570743 -1.473520 1.570850
    58 -2.577999 -4.075848 1.825549 1.570743 -1.473520 1.570850
    59 2.330669 -1.877754 0.104131 -1.861302 0.207908 -1.328386
  time 32
    0 -34.570041 -6.853251 37.353801 1.582528 0.055595 0.845605
    1 0.001573 4.212781 -1.689849 1.581133 -0.010143 1.593320
    2 3.837410 0.000000 0.000000 -0.024365 0.022214 -0.119419
    3 3.617862 0.000000 0.000000 -0.016916 0.022519 -0.016189
    4 7.539774 0.000000 0.000000 0.000000 0.000000 0.155813
    5 3.178292 0.000001 0.000000 3.143215 -0.021916 0.423658
    6 2.970271 0.000000 0.000001 -0.005454 0.026996 -0.086939
    7 -0.000002 0.000001 0.000000 -1.570796 0.000000 -1.326450
    8 2.023705 0.907460 0.852577 0.953137 -1.324074 3.613773
    9 4.983657 -0.000003 0.000000 -1.559573 0.150076 -0.091454
    10 11.123049 -0.000003 0.000001 -0.000001 -0.000001 -1.017223
    11 11.208297 -0.000001 0.000013 1.052077 -0.286715 0.156387
    12 2.676087 -1.712447 0.000003 1.570795 0.000000 1.570797
    13 2.023707 0.907463 -0.852527 -1.748953 1.315657 -3.422965
    14 4.983657 -0.000004 0.000000 1.577431 -0.510384 -1.079872
    15 11.123040 -0.000006 -0.000006 0.000000 0.000001 -0.679369
    16 11.208287 0.000000 -0.000016 -1.411928 -0.071055 0.083632
    17 2.676081 -1.712434 -0.000003 -1.570797 -0.000001 -1.570797
    18 3.984014 -0.000005 -0.000003 -1.558169 -0.281366 -1.376962
    19 15.940006 0.000002 0.000000 0.000000 0.000000 0.319493
    20 17.709558 0.000004 0.000002 -0.197685 -0.080738 -1.101548
    21 6.203996 0.000000 0.000001 -0.011146 0.000934 -0.500515
    22 -3.984013 0.000007 0.000007 -1.197449 -0.027267 -1.380257
    23 15.940015 0.000000 0.000000 0.000000 0.000000 0.108495
    24 17.709572 -0.000006 0.000001 0.278789 0.714447 -1.164494
    25 6.204001 0.000003 -0.000001 -0.078651 -0.006185 -0.498943
    26 3.549240 0.198821 -1.489462 -0.141961 -0.489253 -0.729044
    27 1.218999 -0.000001 0.000002 -0.031518 0.092375 -0.648619
    28 0.679998 -0.000001 -0.000001 -0.013239 0.086723 -0.454722
    29 3.698007 0.267555 -0.728972 -0.075825 -0.024794 -0.568277
    30 1.749001 -0.000001 0.000003 -0.007290 0.026098 -0.471025
    31 0.959999 -0.000001 0.000001 -0.008686 0.038502 -0.518827
    32 3.768500 0.152546 0.071388 0.066042 0.064718 -0.466981
    33 2.037998 0.000001 0.000002 0.002658 -0.003780 -0.856255
    34 1.067001 0.000001 0.000002 0.000367 -0.005781 -0.379780
    35 3.783924 -0.017260 0.794558 0.275981 0.070941 -0.345547
    36 1.629002 -0.000001 0.000003 0.036573 -0.058840 -0.749979
    37 0.956000 0.000000 0.000001 0.019326 -0.066989 -0.451449
    38 1.258965 -0.297983 1.252590 -1.020283 -0.409420 -1.592269
    39 1.393001 0.000001 0.000000 -0.035463 -0.514118 0.804469
    40 1.100002 0.000001 -0.000003 0.001018 0.013087 -0.208086
    41 3.549266 0.211411 1.487664 0.197692 0.028465 0.129641
    42 1.218999 -0.000001 -0.000002 0.018489 -0.095828 -0.510304
    43 0.679999 0.000001 0.000000 -0.020641 -0.085252 -0.064982
    44 3.698016 0.273718 0.726617 0.077742 -0.016429 -0.069954
    45 1.748999 0.000000 -0.000002 0.003645 -0.026842 -0.333255
    46 0.959996 0.000000 0.000000 -0.006533 -0.038923 -0.130275
    47 3.768499 0.151954 -0.072746 -0.088941 -0.025181 0.032198
    48 2.037997 0.000002 -0.000003 -0.002115 0.004103 -0.718523
    49 1.066998 0.000000 -0.000001 0.001831 0.005504 0.008502
    50 3.783906 -0.023949 -0.794455 -0.276184 0.004434 0.160704
    51 1.629001 0.000002 0.000000 -0.028145 0.063310 -0.612056
    52 0.955999 0.000000 -0.000002 0.007489 0.069313 -0.062273
    53 1.258940 -0.308543 -1.250054 1.289006 0.530147 -0.654402
    54 1.392999 0.000000 -0.000003 -0.001788 0.370555 0.932381
    55 1.099998 -0.000002 -0.000003 0.000000 -0.013127 -0.286815
    56 0.578998 0.704300 0.000000 0.000000 -1.570790 -3.044320
    57 2.577897 -4.075848 1.825547 1.570743 -1.473520 1.570850
    58 -2.577999 -4.075848 1.825549 1.570743 -1.473520 1.570850
    59 2.330669 -1.877754 0.104131 -1.861302 0.207908 -1.328386
  time 33
    0 -34.738226 -6.736342 37.406568 1.583093 0.074652 0.844095
    1 0.001573 4.212781 -1.689849 1.581335 -0.008718 1.609751
    2 3.837410 0.000000 0.000000 -0.023973 0.038668 -0.120125
    3 3.617862 0.000000 0.000000 -0.016621 0.038963 -0.014428
    4 7.539774 0.000000 0.000000 0.000000 0.000000 0.155813
    5 3.178292 0.000001 0.000000 3.145723 -0.034199 0.427822
    6 2.970271 0.000000 0.000001 -0.004017 0.040020 -0.090718
    7 -0.000002 0.000001 0.000000 -1.570796 0.000000 -1.326450
    8 2.023705 0.907460 0.852577 0.891731 -1.311661 3.679038
    9 4.983657 -0.000003 0.000000 -1.541804 0.101984 -0.129343
    10 11.123049 -0.000003 0.000001 -0.000001 -0.000001 -1.002402
    11 11.208297 -0.000001 0.000013 1.020152 -0.282634 0.167130
    12 2.676087 -1.712447 0.000003 1.570795 0.000000 1.570797
    13 2.023707 0.907463 -0.852527 -1.750293 1.315704 -3.424307
    14 4.983657 -0.000004 0.000000 1.569576 -0.529384 -1.049630
    15 11.123040 -0.000006 -0.000006 0.000000 0.000001 -0.691563
    16 11.208287 0.000000 -0.000016 -1.417583 -0.043401 0.097643
    17 2.676081 -1.712434 -0.000003 -1.570797 -0.000001 -1.570797
    18 3.984014 -0.000005 -0.000003 -1.579447 -0.285537 -1.353102
    19 15.940006 0.000002 0.000000 0.000000 0.000000 0.315588
    20 17.709558 0.000004 0.000002 -0.187673 -0.065069 -1.094365
    21 6.203996 0.000000 0.000001 -0.011146 0.000934 -0.500515
    22 -3.984013 0.000007 0.000007 -1.208471 0.019232 -1.340392
    23 15.940015 0.000000 0.000000 0.000000 0.000000 0.000042
    24 17.709572 -0.000006 0.000001 0.291838 0.719725 -1.089698
    25 6.204001 0.000003 -0.000001 -0.078651 -0.006185 -0.498943
    26 3.549240 0.198821 -1.489462 -0.135949 -0.491737 -0.741164
    27 1.218999 -0.000001 0.000002 -0.032514 0.092028 -0.659531
    28 0.679998 -0.000001 -0.000001 -0.014168 0.086573 -0.465619
    29 3.698007 0.267555 -0.728972 -0.075369 -0.026146 -0.579088
    30 1.749001 -0.000001 0.000003 -0.007561 0.026014 -0.481909
    31 0.959999 -0.000001 0.000001 -0.009096 0.038406 -0.529712
    32 3.768500 0.152546 0.071388 0.065337 0.065437 -0.477884
    33 2.037998 0.000001 0.000002 0.002699 -0.003744 -0.867117
    34 1.067001 0.000001 0.000002 0.000421 -0.005781 -0.390621
    35 3.783924 -0.017260 0.794558 0.275541 0.076175 -0.361316
    36 1.629002 -0.000001 0.000003 0.037208 -0.058441 -0.760855
    37 0.956000 0.000000 0.000001 0.020061 -0.066773 -0.462336
    38 1.258965 -0.297983 1.252590 -1.011530 -0.403319 -1.609091
    39 1.393001 0.000001 0.000000 -0.036844 -0.514046 0.807249
    40 1.100002 0.000001 -0.000003 0.001054 0.013087 -0.205644
    41 3.549266 0.211411 1.487664 0.194408 0.045026 0.053841
    42 1.218999 -0.000001 -0.000002 0.018909 -0.095744 -0.514586
    43 0.679999 0.000001 0.000000 -0.020940 -0.085180 -0.061424
    44 3.698016 0.273718 0.726617 0.078461 -0.009547 -0.147004
    45 1.748999 0.000000 -0.000002 0.003753 -0.026842 -0.337540
    46 0.959996 0.000000 0.000000 -0.006677 -0.038911 -0.126734
    47 3.768499 0.151954 -0.072746 -0.086760 -0.031964 -0.044847
    48 2.037997 0.000002 -0.000003 -0.002127 0.004091 -0.722808
    49 1.066998 0.000000 -0.000001 0.001855 0.005492 0.012070
    50 3.783906 -0.023949 -0.794455 -0.275440 -0.017399 0.086421
    51 1.629001 0.000002 0.000000 -0.028408 0.063184 -0.616350
    52 0.955999 0.000000 -0.000002 0.007729 0.069289 -0.058718
    53 1.258940 -0.308543 -1.250054 1.289006 0.530147 -0.654402
    54 1.392999 0.000000 -0.000003 -0.001788 0.370555 0.932381
    55 1.099998 -0.000002 -0.000003 0.000000 -0.013127 -0.286815
    56 0.578998 0.704300 0.000000 0.000000 -1.570790 -3.044320
    57 2.577897 -4.075848 1.825547 1.570743 -1.473520 1.570850
    58 -2.577999 -4.075848 1.825549 1.570743 -1.473520 1.570850
    59 2.330669 -1.877754 0.104131 -1.861302 0.207908 -1.328386
  time 34
    0 -34.811436 -6.609412 37.448782 1.582528 0.093708 0.838273
    1 0.001573 4.212781 -1.689849 1.580211 -0.009409 1.625101
    2 3.837410 0.000000 0.000000 -0.020718 0.054018 -0.119994
    3 3.617862 0.000000 0.000000 -0.014325 0.054303 -0.012275
    4 7.539774 0.000000 0.000000 0.000000 0.000000 0.155813
    5 3.178292 0.000001 0.000000 3.145580 -0.046984 0.430326
    6 2.970271 0.000000 0.000001 -0.004017 0.052689 -0.093268
    7 -0.000002 0.000001 0.000000 -1.570796 0.000000 -1.326450
    8 2.023705 0.907460 0.852577 0.840383 -1.300316 3.733474
    9 4.983657 -0.000003 0.000000 -1.525468 0.091432 -0.170538
    10 11.123049 -0.000003 0.000001 -0.000001 -0.000001 -1.076228
    11 11.208297 -0.000001 0.000013 0.984584 -0.276273 0.228104
    12 2.676087 -1.712447 0.000003 1.570795 0.000000 1.570797
    13 2.023707 0.907463 -0.852527 -1.750102 1.315751 -3.424115
    14 4.983657 -0.000004 0.000000 1.561050 -0.548097 -1.020332
    15 11.123040 -0.000006 -0.000006 0.000000 0.000001 -0.701293
    16 11.208287 0.000000 -0.000016 -1.420904 -0.033294 0.103554
    17 2.676081 -1.712434 -0.000003 -1.570797 -0.000001 -1.570797
    18 3.984014 -0.000005 -0.000003 -1.607913 -0.293431 -1.329434
    19 15.940006 0.000002 0.000000 0.000000 0.000000 0.326714
    20 17.709558 0.000004 0.000002 -0.174021 -0.048083 -1.096875
    21 6.203996 0.000000 0.000001 -0.011146 0.000934 -0.500515
    22 -3.984013 0.000007 0.000007 -1.221890 0.015876 -1.323526
    23 15.940015 0.000000 0.000000 0.000000 0.000000 0.000042
    24 17.709572 -0.000006 0.000001 0.309278 0.721208 -1.062522
    25 6.204001 0.000003 -0.000001 -0.078651 -0.006185 -0.498943
    26 3.549240 0.198821 -1.489462 -0.131631 -0.493533 -0.749779
    27 1.218999 -0.000001 0.000002 -0.033218 0.091776 -0.667259
    28 0.679998 -0.000001 -0.000001 -0.014846 0.086454 -0.473342
    29 3.698007 0.267555 -0.728972 -0.075036 -0.027153 -0.586742
    30 1.749001 -0.000001 0.000003 -0.007775 0.025954 -0.489592
    31 0.959999 -0.000001 0.000001 -0.009389 0.038334 -0.537427
    32 3.768500 0.152546 0.071388 0.064829 0.065940 -0.485580
    33 2.037998 0.000001 0.000002 0.002719 -0.003720 -0.874817
    34 1.067001 0.000001 0.000002 0.000476 -0.005769 -0.398335
    35 3.783924 -0.017260 0.794558 0.275221 0.080188 -0.373202
    36 1.629002 -0.000001 0.000003 0.037665 -0.058147 -0.768577
    37 0.956000 0.000000 0.000001 0.020580 -0.066617 -0.470051
    38 1.258965 -0.297983 1.252590 -1.005425 -0.397933 -1.621689
    39 1.393001 0.000001 0.000000 -0.038207 -0.513974 0.810028
    40 1.100002 0.000001 -0.000003 0.001090 0.013087 -0.203246
    41 3.549266 0.211411 1.487664 0.190261 0.062351 -0.018701
    42 1.218999 -0.000001 -0.000002 0.019304 -0.095660 -0.518815
    43 0.679999 0.000001 0.000000 -0.021252 -0.085109 -0.057786
    44 3.698016 0.273718 0.726617 0.078748 -0.001919 -0.221187
    45 1.748999 0.000000 -0.000002 0.003872 -0.026818 -0.341719
    46 0.959996 0.000000 0.000000 -0.006809 -0.038875 -0.123073
    47 3.768499 0.151954 -0.072746 -0.084135 -0.038328 -0.119218
    48 2.037997 0.000002 -0.000003 -0.002139 0.004091 -0.726987
    49 1.066998 0.000000 -0.000001 0.001878 0.005492 0.015685
    50 3.783906 -0.023949 -0.794455 -0.273280 -0.039201 0.015120
    51 1.629001 0.000002 0.000000 -0.028684 0.063072 -0.620535
    52 0.955999 0.000000 -0.000002 0.007980 0.069265 -0.055045
    53 1.258940 -0.308543 -1.250054 1.289006 0.530147 -0.654402
    54 1.392999 0.000000 -0.000003 -0.001788 0.370555 0.932381
    55 1.099998 -0.000002 -0.000003 0.000000 -0.013127 -0.286815
    56 0.578998 0.704300 0.000000 0.000000 -1.570790 -3.044320
    57 2.577897 -4.075848 1.825547 1.570743 -1.473520 1.570850
    58 -2.577999 -4.075848 1.825549 1.570743 -1.473520 1.570850
    59 2.330669 -1.877754 0.104131 -1.861302 0.207908 -1.328386
  time 35
    0 -34.776685 -6.508198 37.459336 1.580928 0.111769 0.829576
    1 0.001573 4.212781 -1.689849 1.579402 -0.010122 1.635823
    2 3.837410 0.000000 0.000000 -0.018719 0.064787 -0.119797
    3 3.617862 0.000000 0.000000 -0.012927 0.065058 -0.011233
    4 7.539774 0.000000 0.000000 0.000000 0.000000 0.155813
    5 3.178292 0.000001 0.000000 3.143500 -0.059487 0.431141
    6 2.970271 0.000000 0.000001 -0.005032 0.064431 -0.094497
    7 -0.000002 0.000001 0.000000 -1.570796 0.000000 -1.326450
    8 2.023705 0.907460 0.852577 0.797657 -1.290789 3.778422
    9 4.983657 -0.000003 0.000000 -1.513335 0.103912 -0.199923
    10 11.123049 -0.000003 0.000001 -0.000001 -0.000001 -1.182393
    11 11.208297 -0.000001 0.000013 0.971546 -0.281450 0.307861
    12 2.676087 -1.712447 0.000003 1.570795 0.000000 1.570797
    13 2.023707 0.907463 -0.852527 -1.747996 1.315894 -3.421910
    14 4.983657 -0.000004 0.000000 1.543040 -0.556451 -0.993870
    15 11.123040 -0.000006 -0.000006 0.000000 0.000001 -0.693333
    16 11.208287 0.000000 -0.000016 -1.414890 -0.043214 0.104284
    17 2.676081 -1.712434 -0.000003 -1.570797 -0.000001 -1.570797
    18 3.984014 -0.000005 -0.000003 -1.641842 -0.304304 -1.306246
    19 15.940006 0.000002 0.000000 0.000000 0.000000 0.351692
    20 17.709558 0.000004 0.000002 -0.157714 -0.030064 -1.108732
    21 6.203996 0.000000 0.000001 -0.011146 0.000934 -0.500515
    22 -3.984013 0.000007 0.000007 -1.236171 0.016123 -1.309247
    23 15.940015 0.000000 0.000000 0.000000 0.000000 0.000042
    24 17.709572 -0.000006 0.000001 0.323692 0.721760 -1.042963
    25 6.204001 0.000003 -0.000001 -0.078651 -0.006185 -0.498943
    26 3.549240 0.198821 -1.489462 -0.129351 -0.494564 -0.754257
    27 1.218999 -0.000001 0.000002 -0.033586 0.091644 -0.671279
    28 0.679998 -0.000001 -0.000001 -0.015185 0.086394 -0.477350
    29 3.698007 0.267555 -0.728972 -0.074843 -0.027743 -0.590761
    30 1.749001 -0.000001 0.000003 -0.007871 0.025930 -0.493581
    31 0.959999 -0.000001 0.000001 -0.009545 0.038298 -0.541431
    32 3.768500 0.152546 0.071388 0.064567 0.066204 -0.489576
    33 2.037998 0.000001 0.000002 0.002739 -0.003720 -0.878795
    34 1.067001 0.000001 0.000002 0.000494 -0.005769 -0.402338
    35 3.783924 -0.017260 0.794558 0.275021 0.082226 -0.379146
    36 1.629002 -0.000001 0.000003 0.037883 -0.058000 -0.772598
    37 0.956000 0.000000 0.000001 0.020839 -0.066533 -0.474063
    38 1.258965 -0.297983 1.252590 -1.001753 -0.393464 -1.630394
    39 1.393001 0.000001 0.000000 -0.039571 -0.513920 0.812780
    40 1.100002 0.000001 -0.000003 0.001114 0.013087 -0.200804
    41 3.549266 0.211411 1.487664 0.185799 0.078066 -0.082734
    42 1.218999 -0.000001 -0.000002 0.019700 -0.095588 -0.522939
    43 0.679999 0.000001 0.000000 -0.021576 -0.085025 -0.054070
    44 3.698016 0.273718 0.726617 0.078664 0.005267 -0.286769
    45 1.748999 0.000000 -0.000002 0.003980 -0.026794 -0.345845
    46 0.959996 0.000000 0.000000 -0.006952 -0.038851 -0.119371
    47 3.768499 0.151954 -0.072746 -0.081427 -0.043793 -0.185135
    48 2.037997 0.000002 -0.000003 -0.002163 0.004079 -0.731113
    49 1.066998 0.000000 -0.000001 0.001890 0.005480 0.019397
    50 3.783906 -0.023949 -0.794455 -0.270219 -0.058712 -0.047968
    51 1.629001 0.000002 0.000000 -0.028948 0.062946 -0.624666
    52 0.955999 0.000000 -0.000002 0.008232 0.069241 -0.051332
    53 1.258940 -0.308543 -1.250054 1.289006 0.530147 -0.654402
    54 1.392999 0.000000 -0.000003 -0.001788 0.370555 0.932381
    55 1.099998 -0.000002 -0.000003 0.000000 -0.013127 -0.286815
    56 0.578998 0.704300 0.000000 0.000000 -1.570790 -3.044320
    57 2.577897 -4.075848 1.825547 1.570743 -1.473520 1.570850
    58 -2.577999 -4.075848 1.825549 1.570743 -1.473520 1.570850
    59 2.330669 -1.877754 0.104131 -1.861302 0.207908 -1.328386
  time 36
    0 -34.643503 -6.433429 37.438229 1.578669 0.127974 0.819249
    1 0.001573 4.212781 -1.689849 1.578548 -0.010876 1.641685
    2 3.837410 0.000000 0.000000 -0.017004 0.070646 -0.119468
    3 3.617862 0.000000 0.000000 -0.011721 0.070898 -0.009985
    4 7.539774 0.000000 0.000000 0.000000 0.000000 0.155813
    5 3.178292 0.000001 0.000000 3.140165 -0.070907 0.430326
    6 2.970271 0.000000 0.000001 -0.006765 0.074712 -0.094269
    7 -0.000002 0.000001 0.000000 -1.570796 0.000000 -1.326450
    8 2.023705 0.907460 0.852577 0.762499 -1.283792 3.814648
    9 4.983657 -0.000003 0.000000 -1.518016 0.115681 -0.209277
    10 11.123049 -0.000003 0.000001 -0.000001 -0.000001 -1.223377
    11 11.208297 -0.000001 0.000013 0.980845 -0.282678 0.329774
    12 2.676087 -1.712447 0.000003 1.570795 0.000000 1.570797
    13 2.023707 0.907463 -0.852527 -1.743786 1.316036 -3.417596
    14 4.983657 -0.000004 0.000000 1.518037 -0.551821 -0.973362
    15 11.123040 -0.000006 -0.000006 0.000000 0.000001 -0.664269
    16 11.208287 0.000000 -0.000016 -1.396759 -0.066750 0.102022
    17 2.676081 -1.712434 -0.000003 -1.570797 -0.000001 -1.570797
    18 3.984014 -0.000005 -0.000003 -1.676633 -0.316740 -1.284398
    19 15.940006 0.000002 0.000000 0.000000 0.000000 0.388017
    20 17.709558 0.000004 0.000002 -0.140952 -0.013078 -1.128983
    21 6.203996 0.000000 0.000001 -0.011146 0.000934 -0.500515
    22 -3.984013 0.000007 0.000007 -1.250068 0.020121 -1.298035
    23 15.940015 0.000000 0.000000 0.000000 0.000000 0.000042
    24 17.709572 -0.000006 0.000001 0.334132 0.721864 -1.032741
    25 6.204001 0.000003 -0.000001 -0.078651 -0.006185 -0.498943
    26 3.549240 0.198821 -1.489462 -0.129412 -0.494643 -0.754062
    27 1.218999 -0.000001 0.000002 -0.033570 0.091644 -0.671123
    28 0.679998 -0.000001 -0.000001 -0.015185 0.086394 -0.477225
    29 3.698007 0.267555 -0.728972 -0.074843 -0.027786 -0.590617
    30 1.749001 -0.000001 0.000003 -0.007871 0.025930 -0.493433
    31 0.959999 -0.000001 0.000001 -0.009545 0.038298 -0.541306
    32 3.768500 0.152546 0.071388 0.064584 0.066192 -0.489428
    33 2.037998 0.000001 0.000002 0.002739 -0.003720 -0.878642
    34 1.067001 0.000001 0.000002 0.000494 -0.005769 -0.402171
    35 3.783924 -0.017260 0.794558 0.275041 0.082365 -0.379385
    36 1.629002 -0.000001 0.000003 0.037883 -0.058000 -0.772415
    37 0.956000 0.000000 0.000001 0.020839 -0.066533 -0.473908
    38 1.258965 -0.297983 1.252590 -1.000216 -0.390067 -1.635390
    39 1.393001 0.000001 0.000000 -0.040916 -0.513848 0.815531
    40 1.100002 0.000001 -0.000003 0.001150 0.013087 -0.198450
    41 3.549266 0.211411 1.487664 0.181950 0.089444 -0.132911
    42 1.218999 -0.000001 -0.000002 0.020095 -0.095504 -0.527009
    43 0.679999 0.000001 0.000000 -0.021899 -0.084941 -0.050274
    44 3.698016 0.273718 0.726617 0.078473 0.010464 -0.338068
    45 1.748999 0.000000 -0.000002 0.004088 -0.026782 -0.349919
    46 0.959996 0.000000 0.000000 -0.007108 -0.038827 -0.115589
    47 3.768499 0.151954 -0.072746 -0.079066 -0.047940 -0.236712
    48 2.037997 0.000002 -0.000003 -0.002175 0.004067 -0.735133
    49 1.066998 0.000000 -0.000001 0.001914 0.005480 0.023156
    50 3.783906 -0.023949 -0.794455 -0.267143 -0.073428 -0.097507
    51 1.629001 0.000002 0.000000 -0.029199 0.062821 -0.628743
    52 0.955999 0.000000 -0.000002 0.008508 0.069193 -0.047540
    53 1.258940 -0.308543 -1.250054 1.289006 0.530147 -0.654402
    54 1.392999 0.000000 -0.000003 -0.001788 0.370555 0.932381
    55 1.099998 -0.000002 -0.000003 0.000000 -0.013127 -0.286815
    56 0.578998 0.704300 0.000000 0.000000 -1.570790 -3.044320
    57 2.577897 -4.075848 1.825547 1.570743 -1.473520 1.570850
    58 -2.577999 -4.075848 1.825549 1.570743 -1.473520 1.570850
    59 2.330669 -1.877754 0.104131 -1.861302 0.207908 -1.328386
  time 37
    0 -34.398925 -6.406261 37.385461 1.576034 0.141554 0.808635
    1 0.001573 4.212781 -1.689849 1.576458 -0.013119 1.644886
    2 3.837410 0.000000 0.000000 -0.012843 0.073915 -0.118516
    3 3.617862 0.000000 0.000000 -0.008810 0.074105 -0.007559
    4 7.539774 0.000000 0.000000 0.000000 0.000000 0.155813
    5 3.178292 0.000001 0.000000 3.136203 -0.080460 0.427880
    6 2.970271 0.000000 0.000001 -0.008921 0.082941 -0.092539
    7 -0.000002 0.000001 0.000000 -1.570796 0.000000 -1.326450
    8 2.023705 0.907460 0.852577 0.733759 -1.280037 3.843112
    9 4.983657 -0.000003 0.000000 -1.527856 0.144394 -0.214285
    10 11.123049 -0.000003 0.000001 -0.000001 -0.000001 -1.285245
    11 11.208297 -0.000001 0.000013 0.991679 -0.281362 0.355458
    12 2.676087 -1.712447 0.000003 1.570795 0.000000 1.570797
    13 2.023707 0.907463 -0.852527 -1.737279 1.316273 -3.410886
    14 4.983657 -0.000004 0.000000 1.493513 -0.542942 -0.959658
    15 11.123040 -0.000006 -0.000006 0.000000 0.000001 -0.629203
    16 11.208287 0.000000 -0.000016 -1.372525 -0.097819 0.096329
    17 2.676081 -1.712434 -0.000003 -1.570797 -0.000001 -1.570797
    18 3.984014 -0.000005 -0.000003 -1.705003 -0.329587 -1.265905
    19 15.940006 0.000002 0.000000 0.000000 0.000000 0.432668
    20 17.709558 0.000004 0.000002 -0.127679 -0.001647 -1.156417
    21 6.203996 0.000000 0.000001 -0.011146 0.000934 -0.500515
    22 -3.984013 0.000007 0.000007 -1.261953 0.027871 -1.290272
    23 15.940015 0.000000 0.000000 0.000000 0.000000 0.000042
    24 17.709572 -0.000006 0.000001 0.339648 0.721898 -1.033331
    25 6.204001 0.000003 -0.000001 -0.078651 -0.006185 -0.498943
    26 3.549240 0.198821 -1.489462 -0.132095 -0.493692 -0.748659
    27 1.218999 -0.000001 0.000002 -0.033126 0.091800 -0.666319
    28 0.679998 -0.000001 -0.000001 -0.014757 0.086469 -0.472424
    29 3.698007 0.267555 -0.728972 -0.075036 -0.027239 -0.585833
    30 1.749001 -0.000001 0.000003 -0.007755 0.025954 -0.488656
    31 0.959999 -0.000001 0.000001 -0.009350 0.038346 -0.536510
    32 3.768500 0.152546 0.071388 0.064895 0.065868 -0.484643
    33 2.037998 0.000001 0.000002 0.002719 -0.003720 -0.873899
    34 1.067001 0.000001 0.000002 0.000457 -0.005769 -0.397418
    35 3.783924 -0.017260 0.794558 0.275481 0.081068 -0.375120
    36 1.629002 -0.000001 0.000003 0.037605 -0.058189 -0.767617
    37 0.956000 0.000000 0.000001 0.020515 -0.066641 -0.469117
    38 1.258965 -0.297983 1.252590 -1.000557 -0.387832 -1.636932
    39 1.393001 0.000001 0.000000 -0.042279 -0.513776 0.818253
    40 1.100002 0.000001 -0.000003 0.001186 0.013087 -0.196052
    41 3.549266 0.211411 1.487664 0.178494 0.097724 -0.176183
    42 1.218999 -0.000001 -0.000002 0.020479 -0.095420 -0.530974
    43 0.679999 0.000001 0.000000 -0.022223 -0.084857 -0.046400
    44 3.698016 0.273718 0.726617 0.078281 0.014153 -0.382148
    45 1.748999 0.000000 -0.000002 0.004196 -0.026770 -0.353833
    46 0.959996 0.000000 0.000000 -0.007252 -0.038791 -0.111726
    47 3.768499 0.151954 -0.072746 -0.076872 -0.051391 -0.281013
    48 2.037997 0.000002 -0.000003 -0.002199 0.004067 -0.739101
    49 1.066998 0.000000 -0.000001 0.001938 0.005480 0.027013
    50 3.783906 -0.023949 -0.794455 -0.264082 -0.085249 -0.140298
    51 1.629001 0.000002 0.000000 -0.029439 0.062708 -0.632711
    52 0.955999 0.000000 -0.000002 0.008759 0.069169 -0.043669
    53 1.258940 -0.308543 -1.250054 1.289006 0.530147 -0.654402
    54 1.392999 0.000000 -0.000003 -0.001788 0.370555 0.932381
    55 1.099998 -0.000002 -0.000003 0.000000 -0.013127 -0.286815
    56 0.578998 0.704300 0.000000 0.000000 -1.570790 -3.044320
    57 2.577897 -4.075848 1.825547 1.570743 -1.473520 1.570850
    58 -2.577999 -4.075848 1.825549 1.570743 -1.473520 1.570850
    59 2.330669 -1.877754 0.104131 -1.861302 0.207908 -1.328386
  time 38
    0 -34.036922 -6.466483 37.290480 1.573492 0.151965 0.799267
    1 0.001573 4.212781 -1.689849 1.573739 -0.016765 1.646005
    2 3.837410 0.000000 0.000000 -0.007657 0.075099 -0.117004
    3 3.617862 0.000000 0.000000 -0.005193 0.075209 -0.005867
    4 7.539774 0.000000 0.000000 0.000000 0.000000 0.155813
    5 3.178292 0.000001 0.000000 3.132326 -0.087344 0.423862
    6 2.970271 0.000000 0.000001 -0.011035 0.088605 -0.089170
    7 -0.000002 0.000001 0.000000 -1.570796 0.000000 -1.326450
    8 2.023705 0.907460 0.852577 0.710959 -1.280116 3.864292
    9 4.983657 -0.000003 0.000000 -1.541040 0.189442 -0.216836
    10 11.123049 -0.000003 0.000001 -0.000001 -0.000001 -1.359408
    11 11.208297 -0.000001 0.000013 1.002991 -0.277062 0.378866
    12 2.676087 -1.712447 0.000003 1.570795 0.000000 1.570797
    13 2.023707 0.907463 -0.852527 -1.728092 1.316558 -3.401492
    14 4.983657 -0.000004 0.000000 1.467839 -0.534540 -0.951247
    15 11.123040 -0.000006 -0.000006 0.000000 0.000001 -0.597233
    16 11.208287 0.000000 -0.000016 -1.346047 -0.131602 0.088448
    17 2.676081 -1.712434 -0.000003 -1.570797 -0.000001 -1.570797
    18 3.984014 -0.000005 -0.000003 -1.718901 -0.342210 -1.253352
    19 15.940006 0.000002 0.000000 0.000000 0.000000 0.483140
    20 17.709558 0.000004 0.000002 -0.121687 -0.000543 -1.190602
    21 6.203996 0.000000 0.000001 -0.011146 0.000934 -0.500515
    22 -3.984013 0.000007 0.000007 -1.270484 0.039372 -1.286248
    23 15.940015 0.000000 0.000000 0.000000 0.000000 0.000042
    24 17.709572 -0.000006 0.000001 0.339885 0.721795 -1.046207
    25 6.204001 0.000003 -0.000001 -0.078651 -0.006185 -0.498943
    26 3.549240 0.198821 -1.489462 -0.137603 -0.491499 -0.737610
    27 1.218999 -0.000001 0.000002 -0.032223 0.092124 -0.656346
    28 0.679998 -0.000001 -0.000001 -0.013900 0.086603 -0.462487
    29 3.698007 0.267555 -0.728972 -0.075457 -0.026031 -0.575979
    30 1.749001 -0.000001 0.000003 -0.007484 0.026038 -0.478757
    31 0.959999 -0.000001 0.000001 -0.008979 0.038442 -0.526584
    32 3.768500 0.152546 0.071388 0.065551 0.065221 -0.474726
    33 2.037998 0.000001 0.000002 0.002678 -0.003756 -0.863955
    34 1.067001 0.000001 0.000002 0.000403 -0.005781 -0.387494
    35 3.783924 -0.017260 0.794558 0.276360 0.078166 -0.365917
    36 1.629002 -0.000001 0.000003 0.037029 -0.058567 -0.757702
    37 0.956000 0.000000 0.000001 0.019845 -0.066833 -0.459194
    38 1.258965 -0.297983 1.252590 -1.002607 -0.386893 -1.635169
    39 1.393001 0.000001 0.000000 -0.043607 -0.513704 0.820976
    40 1.100002 0.000001 -0.000003 0.001210 0.013087 -0.193699
    41 3.549266 0.211411 1.487664 0.174410 0.106170 -0.222324
    42 1.218999 -0.000001 -0.000002 0.020838 -0.095348 -0.534886
    43 0.679999 0.000001 0.000000 -0.022558 -0.084761 -0.042406
    44 3.698016 0.273718 0.726617 0.077897 0.017982 -0.428992
    45 1.748999 0.000000 -0.000002 0.004292 -0.026758 -0.357695
    46 0.959996 0.000000 0.000000 -0.007408 -0.038767 -0.107783
    47 3.768499 0.151954 -0.072746 -0.074368 -0.054963 -0.328150
    48 2.037997 0.000002 -0.000003 -0.002211 0.004055 -0.742963
    49 1.066998 0.000000 -0.000001 0.001950 0.005468 0.031014
    50 3.783906 -0.023949 -0.794455 -0.260262 -0.097581 -0.185861
    51 1.629001 0.000002 0.000000 -0.029679 0.062595 -0.636571
    52 0.955999 0.000000 -0.000002 0.009047 0.069133 -0.039719
    53 1.258940 -0.308543 -1.250054 1.289006 0.530147 -0.654402
    54 1.392999 0.000000 -0.000003 -0.001788 0.370555 0.932381
    55 1.099998 -0.000002 -0.000003 0.000000 -0.013127 -0.286815
    56 0.578998 0.704300 0.000000 0.000000 -1.570790 -3.044320
    57 2.577897 -4.075848 1.825547 1.570743 -1.473520 1.570850
    58 -2.577999 -4.075848 1.825549 1.570743 -1.473520 1.570850
    59 2.330669 -1.877754 0.104131 -1.861302 0.207908 -1.328386
  time 39
    0 -33.564504 -6.614898 37.153285 1.571516 0.158574 0.792582
    1 0.001573 4.212781 -1.689849 1.570975 -0.021711 1.645503
    2 3.837410 0.000000 0.000000 -0.002902 0.074689 -0.115017
    3 3.617862 0.000000 0.000000 -0.001923 0.074725 -0.006910
    4 7.539774 0.000000 0.000000 0.000000 0.000000 0.155813
    5 3.178292 0.000001 0.000000 3.129219 -0.090756 0.418330
    6 2.970271 0.000000 0.000001 -0.012853 0.091111 -0.084117
    7 -0.000002 0.000001 0.000000 -1.570796 0.000000 -1.326450
    8 2.023705 0.907460 0.852577 0.693811 -1.284662 3.878188
    9 4.983657 -0.000003 0.000000 -1.555848 0.250824 -0.218065
    10 11.123049 -0.000003 0.000001 -0.000001 -0.000001 -1.438007
    11 11.208297 -0.000001 0.000013 1.013345 -0.268858 0.394305
    12 2.676087 -1.712447 0.000003 1.570795 0.000000 1.570797
    13 2.023707 0.907463 -0.852527 -1.716035 1.316890 -3.389222
    14 4.983657 -0.000004 0.000000 1.439388 -0.532344 -0.946427
    15 11.123040 -0.000006 -0.000006 0.000000 0.000001 -0.579479
    16 11.208287 0.000000 -0.000016 -1.320825 -0.162530 0.081734
    17 2.676081 -1.712434 -0.000003 -1.570797 -0.000001 -1.570797
    18 3.984014 -0.000005 -0.000003 -1.715163 -0.354014 -1.249423
    19 15.940006 0.000002 0.000000 0.000000 0.000000 0.537296
    20 17.709558 0.000004 0.000002 -0.123887 -0.011012 -1.230845
    21 6.203996 0.000000 0.000001 -0.011146 0.000934 -0.500515
    22 -3.984013 0.000007 0.000007 -1.274126 0.054674 -1.286248
    23 15.940015 0.000000 0.000000 0.000000 0.000000 0.000042
    24 17.709572 -0.000006 0.000001 0.334369 0.721208 -1.072695
    25 6.204001 0.000003 -0.000001 -0.078651 -0.006185 -0.498943
    26 3.549240 0.198821 -1.489462 -0.146178 -0.487932 -0.720282
    27 1.218999 -0.000001 0.000002 -0.030783 0.092615 -0.640787
    28 0.679998 -0.000001 -0.000001 -0.012543 0.086813 -0.446915
    29 3.698007 0.267555 -0.728972 -0.076071 -0.024104 -0.560527
    30 1.749001 -0.000001 0.000003 -0.007096 0.026146 -0.463244
    31 0.959999 -0.000001 0.000001 -0.008374 0.038562 -0.511029
    32 3.768500 0.152546 0.071388 0.066550 0.064203 -0.459235
    33 2.037998 0.000001 0.000002 0.002617 -0.003792 -0.848453
    34 1.067001 0.000001 0.000002 0.000313 -0.005781 -0.371983
    35 3.783924 -0.017260 0.794558 0.277660 0.073566 -0.351346
    36 1.629002 -0.000001 0.000003 0.036117 -0.059112 -0.742165
    37 0.956000 0.000000 0.000001 0.018807 -0.067132 -0.443641
    38 1.258965 -0.297983 1.252590 -1.006065 -0.387340 -1.630284
    39 1.393001 0.000001 0.000000 -0.044953 -0.513650 0.823699
    40 1.100002 0.000001 -0.000003 0.001246 0.013065 -0.191301
    41 3.549266 0.211411 1.487664 0.169618 0.114822 -0.270216
    42 1.218999 -0.000001 -0.000002 0.021210 -0.095265 -0.538640
    43 0.679999 0.000001 0.000000 -0.022906 -0.084677 -0.038334
    44 3.698016 0.273718 0.726617 0.077226 0.021962 -0.477475
    45 1.748999 0.000000 -0.000002 0.004400 -0.026734 -0.361504
    46 0.959996 0.000000 0.000000 -0.007564 -0.038731 -0.103719
    47 3.768499 0.151954 -0.072746 -0.071599 -0.058522 -0.376839
    48 2.037997 0.000002 -0.000003 -0.002223 0.004043 -0.746719
    49 1.066998 0.000000 -0.000001 0.001986 0.005456 0.035063
    50 3.783906 -0.023949 -0.794455 -0.255641 -0.110177 -0.233099
    51 1.629001 0.000002 0.000000 -0.029918 0.062482 -0.640321
    52 0.955999 0.000000 -0.000002 0.009323 0.069097 -0.035651
    53 1.258940 -0.308543 -1.250054 1.289006 0.530147 -0.654402
    54 1.392999 0.000000 -0.000003 -0.001788 0.370555 0.932381
    55 1.099998 -0.000002 -0.000003 0.000000 -0.013127 -0.286815
    56 0.578998 0.704300 0.000000 0.000000 -1.570790 -3.044320
    57 2.577897 -4.075848 1.825547 1.570743 -1.473520 1.570850
    58 -2.577999 -4.075848 1.825549 1.570743 -1.473520 1.570850
    59 2.330669 -1.877754 0.104131 -1.861302 0.207908 -1.328386
  time 40
    0 -32.972423 -6.875440 36.963323 1.570763 0.160882 0.790114
    1 0.001573 4.212781 -1.689849 1.568772 -0.027915 1.643960
    2 3.837410 0.000000 0.000000 -0.000012 0.073141 -0.112602
    3 3.617862 0.000000 0.000000 -0.000012 0.073137 -0.012617
    4 7.539774 0.000000 0.000000 0.000000 0.000000 0.155813
    5 3.178292 0.000001 0.000000 3.127566 -0.089913 0.411255
    6 2.970271 0.000000 0.000001 -0.014037 0.089927 -0.077242
    7 -0.000002 0.000001 0.000000 -1.570796 0.000000 -1.326450
    8 2.023705 0.907460 0.852577 0.682603 -1.294228 3.884513
    9 4.983657 -0.000003 0.000000 -1.570846 0.328947 -0.218820
    10 11.123049 -0.000003 0.000001 -0.000001 -0.000001 -1.513518
    11 11.208297 -0.000001 0.000013 1.021494 -0.255872 0.395871
    12 2.676087 -1.712447 0.000003 1.570795 0.000000 1.570797
    13 2.023707 0.907463 -0.852527 -1.700819 1.317221 -3.373597
    14 4.983657 -0.000004 0.000000 1.406050 -0.542369 -0.942458
    15 11.123040 -0.000006 -0.000006 0.000000 0.000001 -0.587819
    16 11.208287 0.000000 -0.000016 -1.299912 -0.184616 0.081224
    17 2.676081 -1.712434 -0.000003 -1.570797 -0.000001 -1.570797
    18 3.984014 -0.000005 -0.000003 -1.697336 -0.364328 -1.254598
    19 15.940006 0.000002 0.000000 0.000000 0.000000 0.593294
    20 17.709558 0.000004 0.000002 -0.131320 -0.029281 -1.276367
    21 6.203996 0.000000 0.000001 -0.011146 0.000934 -0.500515
    22 -3.984013 0.000007 0.000007 -1.272017 -0.012112 -1.316817
    23 15.940015 0.000000 0.000000 0.000000 0.000000 0.171038
    24 17.709572 -0.000006 0.000001 0.338521 0.713205 -1.171275
    25 6.204001 0.000003 -0.000001 -0.078651 -0.006185 -0.498943
    26 3.549240 0.198821 -1.489462 -0.157960 -0.482859 -0.696286
    27 1.218999 -0.000001 0.000002 -0.028777 0.093262 -0.619119
    28 0.679998 -0.000001 -0.000001 -0.010668 0.087052 -0.425207
    29 3.698007 0.267555 -0.728972 -0.076877 -0.021458 -0.539000
    30 1.749001 -0.000001 0.000003 -0.006514 0.026302 -0.441624
    31 0.959999 -0.000001 0.000001 -0.007534 0.038742 -0.489426
    32 3.768500 0.152546 0.071388 0.067911 0.062764 -0.437627
    33 2.037998 0.000001 0.000002 0.002535 -0.003852 -0.826831
    34 1.067001 0.000001 0.000002 0.000186 -0.005793 -0.350384
    35 3.783924 -0.017260 0.794558 0.279340 0.067082 -0.330880
    36 1.629002 -0.000001 0.000003 0.034827 -0.059889 -0.720552
    37 0.956000 0.000000 0.000001 0.017359 -0.067528 -0.421991
    38 1.258965 -0.297983 1.252590 -1.010804 -0.389217 -1.622534
    39 1.393001 0.000001 0.000000 -0.046263 -0.513578 0.826364
    40 1.100002 0.000001 -0.000003 0.001270 0.013065 -0.188992
    41 3.549266 0.211411 1.487664 0.164167 0.123557 -0.318690
    42 1.218999 -0.000001 -0.000002 0.021546 -0.095181 -0.542340
    43 0.679999 0.000001 0.000000 -0.023253 -0.084581 -0.034183
    44 3.698016 0.273718 0.726617 0.076232 0.026080 -0.526418
    45 1.748999 0.000000 -0.000002 0.004496 -0.026710 -0.365154
    46 0.959996 0.000000 0.000000 -0.007719 -0.038707 -0.099535
    47 3.768499 0.151954 -0.072746 -0.068639 -0.061962 -0.426062
    48 2.037997 0.000002 -0.000003 -0.002247 0.004031 -0.750422
    49 1.066998 0.000000 -0.000001 0.001998 0.005444 0.039209
    50 3.783906 -0.023949 -0.794455 -0.250262 -0.122803 -0.280912
    51 1.629001 0.000002 0.000000 -0.030158 0.062382 -0.644017
    52 0.955999 0.000000 -0.000002 0.009610 0.069061 -0.031464
    53 1.258940 -0.308543 -1.250054 1.289006 0.530147 -0.654402
    54 1.392999 0.000000 -0.000003 -0.001788 0.370555 0.932381
    55 1.099998 -0.000002 -0.000003 0.000000 -0.013127 -0.286815
    56 0.578998 0.704300 0.000000 0.000000 -1.570790 -3.044320
    57 2.577897 -4.075848 1.825547 1.570743 -1.473520 1.570850
    58 -2.577999 -4.075848 1.825549 1.570743 -1.473520 1.570850
    59 2.330669 -1.877754 0.104131 -1.861302 0.207908 -1.328386
  time 41
    0 -32.141528 -7.276416 36.688932 1.570763 0.157216 0.790234
    1 0.001573 4.212781 -1.689849 1.567289 -0.032526 1.640991
    2 3.837410 0.000000 0.000000 0.000528 0.070220 -0.112799
    3 3.617862 0.000000 0.000000 0.000168 0.070187 -0.027074
    4 7.539774 0.000000 0.000000 0.000000 0.000000 0.155813
    5 3.178292 0.000001 0.000000 3.128165 -0.085759 0.401676
    6 2.970271 0.000000 0.000001 -0.016151 0.082764 -0.071141
    7 -0.000002 0.000001 0.000000 -1.570796 0.000000 -1.326450
    8 2.023705 0.907460 0.852577 0.694290 -1.320516 3.863237
    9 4.983657 -0.000003 0.000000 -1.565019 0.144901 -0.226946
    10 11.123049 -0.000003 0.000001 -0.000001 -0.000001 -1.491679
    11 11.208297 -0.000001 0.000013 1.221097 -0.146057 0.445318
    12 2.676087 -1.712447 0.000003 1.570795 0.000000 1.570797
    13 2.023707 0.907463 -0.852527 -1.667709 1.314376 -3.339375
    14 4.983657 -0.000004 0.000000 1.352308 -0.576501 -0.922044
    15 11.123040 -0.000006 -0.000006 0.000000 0.000001 -0.639817
    16 11.208287 0.000000 -0.000016 -1.282499 -0.196079 0.096986
    17 2.676081 -1.712434 -0.000003 -1.570797 -0.000001 -1.570797
    18 3.984014 -0.000005 -0.000003 -1.655643 -0.488325 -1.252010
    19 15.940006 0.000002 0.000000 0.000000 0.000000 0.680385
    20 17.709558 0.000004 0.000002 -0.182819 -0.085225 -1.187314
    21 6.203996 0.000000 0.000001 -0.011146 0.000934 -0.500515
    22 -3.984013 0.000007 0.000007 -1.257257 -0.048739 -1.350358
    23 15.940015 0.000000 0.000000 0.000000 0.000000 0.298346
    24 17.709572 -0.000006 0.000001 0.347300 0.692094 -1.248970
    25 6.204001 0.000003 -0.000001 -0.078651 -0.006185 -0.498943
    26 3.549240 0.198821 -1.489462 -0.183684 -0.471153 -0.642646
    27 1.218999 -0.000001 0.000002 -0.024198 0.094557 -0.570248
    28 0.679998 -0.000001 -0.000001 -0.006419 0.087470 -0.376403
    29 3.698007 0.267555 -0.728972 -0.078403 -0.015791 -0.490540
    30 1.749001 -0.000001 0.000003 -0.005235 0.026589 -0.392967
    31 0.959999 -0.000001 0.000001 -0.005660 0.039065 -0.440758
    32 3.768500 0.152546 0.071388 0.070894 0.059385 -0.388984
    33 2.037998 0.000001 0.000002 0.002351 -0.002821 -0.778234
    34 1.067001 0.000001 0.000002 -0.000086 -0.005793 -0.301724
    35 3.783924 -0.017260 0.794558 0.282539 0.052508 -0.284580
    36 1.629002 -0.000001 0.000003 0.033398 -0.061400 -0.671841
    37 0.956000 0.000000 0.000001 0.014051 -0.068283 -0.373247
    38 1.258965 -0.297983 1.252590 -1.016525 -0.392637 -1.611993
    39 1.393001 0.000001 0.000000 -0.047591 -0.513506 0.829058
    40 1.100002 0.000001 -0.000003 0.001306 0.013065 -0.186639
    41 3.549266 0.211411 1.487664 0.158103 0.132209 -0.366582
    42 1.218999 -0.000001 -0.000002 0.021881 -0.095109 -0.545935
    43 0.679999 0.000001 0.000000 -0.023613 -0.084485 -0.029913
    44 3.698016 0.273718 0.726617 0.074913 0.030267 -0.574645
    45 1.748999 0.000000 -0.000002 0.004592 -0.026710 -0.368698
    46 0.959996 0.000000 0.000000 -0.007887 -0.038671 -0.095270
    47 3.768499 0.151954 -0.072746 -0.065559 -0.065209 -0.474483
    48 2.037997 0.000002 -0.000003 -0.002259 0.004031 -0.753966
    49 1.066998 0.000000 -0.000001 0.002022 0.005432 0.043451
    50 3.783906 -0.023949 -0.794455 -0.244225 -0.135120 -0.328097
    51 1.629001 0.000002 0.000000 -0.030374 0.062269 -0.647551
    52 0.955999 0.000000 -0.000002 0.009910 0.069013 -0.027198
    53 1.258940 -0.308543 -1.250054 1.289006 0.530147 -0.654402
    54 1.392999 0.000000 -0.000003 -0.001788 0.370555 0.932381
    55 1.099998 -0.000002 -0.000003 0.000000 -0.013127 -0.286815
    56 0.578998 0.704300 0.000000 0.000000 -1.570790 -3.044320
    57 2.577897 -4.075848 1.825547 1.570743 -1.473520 1.570850
    58 -2.577999 -4.075848 1.825549 1.570743 -1.473520 1.570850
    59 2.330669 -1.877754 0.104131 -1.861302 0.207908 -1.328386
  time 42
    0 -31.011730 -7.795038 36.298454 1.570763 0.147076 0.790641
    1 0.001573 4.212781 -1.689849 1.566165 -0.035607 1.636363
    2 3.837410 0.000000 0.000000 -0.000309 0.065545 -0.115575
    3 3.617862 0.000000 0.000000 -0.000730 0.065527 -0.048998
    4 7.539774 0.000000 0.000000 0.000000 0.000000 0.155813
    5 3.178292 0.000001 0.000000 3.130730 -0.079597 0.388981
    6 2.970271 0.000000 0.000001 -0.020506 0.068950 -0.067408
    7 -0.000002 0.000001 0.000000 -1.570796 0.000000 -1.326450
    8 2.023705 0.907460 0.852577 0.759529 -1.370008 3.782543
    9 4.983657 -0.000003 0.000000 -1.556230 -0.015150 -0.243103
    10 11.123049 -0.000003 0.000001 -0.000001 -0.000001 -1.420715
    11 11.208297 -0.000001 0.000013 1.423671 -0.063313 0.456417
    12 2.676087 -1.712447 0.000003 1.570795 0.000000 1.570797
    13 2.023707 0.907463 -0.852527 -1.610293 1.306031 -3.279751
    14 4.983657 -0.000004 0.000000 1.266091 -0.627390 -0.871010
    15 11.123040 -0.000006 -0.000006 0.000000 0.000001 -0.731179
    16 11.208287 0.000000 -0.000016 -1.267779 -0.195424 0.124863
    17 2.676081 -1.712434 -0.000003 -1.570797 -0.000001 -1.570797
    18 3.984014 -0.000005 -0.000003 -1.622002 -0.600852 -1.259484
    19 15.940006 0.000002 0.000000 0.000000 0.000000 0.759151
    20 17.709558 0.000004 0.000002 -0.235988 -0.123720 -1.089519
    21 6.203996 0.000000 0.000001 -0.011146 0.000934 -0.500515
    22 -3.984013 0.000007 0.000007 -1.229653 -0.066608 -1.395782
    23 15.940015 0.000000 0.000000 0.000000 0.000000 0.411091
    24 17.709572 -0.000006 0.000001 0.356613 0.655493 -1.327746
    25 6.204001 0.000003 -0.000001 -0.078651 -0.006185 -0.498943
    26 3.549240 0.198821 -1.489462 -0.224903 -0.451019 -0.552890
    27 1.218999 -0.000001 0.000002 -0.016311 0.096223 -0.487544
    28 0.679998 -0.000001 -0.000001 0.000812 0.087710 -0.293700
    29 3.698007 0.267555 -0.728972 -0.080068 -0.007392 -0.408449
    30 1.749001 -0.000001 0.000003 -0.003024 0.026925 -0.310575
    31 0.959999 -0.000001 0.000001 -0.002419 0.039401 -0.358309
    32 3.768500 0.152546 0.071388 0.075532 0.053357 -0.306694
    33 2.037998 0.000001 0.000002 0.002004 -0.000041 -0.695827
    34 1.067001 0.000001 0.000002 -0.000556 -0.005769 -0.219331
    35 3.783924 -0.017260 0.794558 0.286178 0.028271 -0.205928
    36 1.629002 -0.000001 0.000003 0.032147 -0.063521 -0.589316
    37 0.956000 0.000000 0.000001 0.008366 -0.069218 -0.290659
    38 1.258965 -0.297983 1.252590 -1.023143 -0.397598 -1.598843
    39 1.393001 0.000001 0.000000 -0.048901 -0.513451 0.831723
    40 1.100002 0.000001 -0.000003 0.001330 0.013065 -0.184330
    41 3.549266 0.211411 1.487664 0.151615 0.140593 -0.412820
    42 1.218999 -0.000001 -0.000002 0.022217 -0.095037 -0.549371
    43 0.679999 0.000001 0.000000 -0.023985 -0.084377 -0.025524
    44 3.698016 0.273718 0.726617 0.073295 0.034399 -0.621029
    45 1.748999 0.000000 -0.000002 0.004687 -0.026686 -0.372136
    46 0.959996 0.000000 0.000000 -0.008055 -0.038635 -0.090924
    47 3.768499 0.151954 -0.072746 -0.062455 -0.068194 -0.521032
    48 2.037997 0.000002 -0.000003 -0.002259 0.004019 -0.757405
    49 1.066998 0.000000 -0.000001 0.002058 0.005420 0.047837
    50 3.783906 -0.023949 -0.794455 -0.237716 -0.146864 -0.373608
    51 1.629001 0.000002 0.000000 -0.030589 0.062157 -0.651029
    52 0.955999 0.000000 -0.000002 0.010209 0.068965 -0.022814
    53 1.258940 -0.308543 -1.250054 1.289006 0.530147 -0.654402
    54 1.392999 0.000000 -0.000003 -0.001788 0.370555 0.932381
    55 1.099998 -0.000002 -0.000003 0.000000 -0.013127 -0.286815
    56 0.578998 0.704300 0.000000 0.000000 -1.570790 -3.044320
    57 2.577897 -4.075848 1.825547 1.570743 -1.473520 1.570850
    58 -2.577999 -4.075848 1.825549 1.570743 -1.473520 1.570850
    59 2.330669 -1.877754 0.104131 -1.861302 0.207908 -1.328386
  time 43
    0 -29.642858 -8.425233 35.812994 1.570669 0.131867 0.791143
    1 0.001573 4.212781 -1.689849 1.565177 -0.041370 1.630423
    2 3.837410 0.000000 0.000000 -0.001822 0.059608 -0.116364
    3 3.617862 0.000000 0.000000 -0.002103 0.059597 -0.072239
    4 7.539774 0.000000 0.000000 0.000000 0.000000 0.155813
    5 3.178292 0.000001 0.000000 3.134378 -0.071268 0.373841
    6 2.970271 0.000000 0.000001 -0.026214 0.050282 -0.064266
    7 -0.000002 0.000001 0.000000 -1.570796 0.000000 -1.326450
    8 2.023705 0.907460 0.852577 0.951126 -1.432980 3.571988
    9 4.983657 -0.000003 0.000000 -1.555370 -0.144358 -0.271449
    10 11.123049 -0.000003 0.000001 -0.000001 -0.000001 -1.313821
    11 11.208297 -0.000001 0.000013 1.606592 -0.012288 0.428954
    12 2.676087 -1.712447 0.000003 1.570795 0.000000 1.570797
    13 2.023707 0.907463 -0.852527 -1.541490 1.293512 -3.207761
    14 4.983657 -0.000004 0.000000 1.154967 -0.671786 -0.794270
    15 11.123040 -0.000006 -0.000006 0.000000 0.000001 -0.840862
    16 11.208287 0.000000 -0.000016 -1.262214 -0.177504 0.150769
    17 2.676081 -1.712434 -0.000003 -1.570797 -0.000001 -1.570797
    18 3.984014 -0.000005 -0.000003 -1.601587 -0.695395 -1.272133
    19 15.940006 0.000002 0.000000 0.000000 0.000000 0.815885
    20 17.709558 0.000004 0.000002 -0.282102 -0.151140 -1.005571
    21 6.203996 0.000000 0.000001 -0.011146 0.000934 -0.500515
    22 -3.984013 0.000007 0.000007 -1.195436 -0.064091 -1.450405
    23 15.940015 0.000000 0.000000 0.000000 0.000000 0.504062
    24 17.709572 -0.000006 0.000001 0.369603 0.607647 -1.401559
    25 6.204001 0.000003 -0.000001 -0.078651 -0.006185 -0.498943
    26 3.549240 0.198821 -1.489462 -0.268926 -0.427503 -0.450722
    27 1.218999 -0.000001 0.000002 -0.007046 0.097337 -0.391787
    28 0.679998 -0.000001 -0.000001 0.009186 0.087216 -0.198056
    29 3.698007 0.267555 -0.728972 -0.080699 0.000389 -0.313442
    30 1.749001 -0.000001 0.000003 -0.000446 0.027093 -0.215231
    31 0.959999 -0.000001 0.000001 0.001349 0.039437 -0.262974
    32 3.768500 0.152546 0.071388 0.080252 0.045938 -0.211627
    33 2.037998 0.000001 0.000002 0.001617 0.003770 -0.600519
    34 1.067001 0.000001 0.000002 -0.001118 -0.005697 -0.124054
    35 3.783924 -0.017260 0.794558 0.287758 0.001255 -0.114717
    36 1.629002 -0.000001 0.000003 0.031215 -0.065389 -0.493860
    37 0.956000 0.000000 0.000001 0.001729 -0.069697 -0.195162
    38 1.258965 -0.297983 1.252590 -1.030444 -0.404235 -1.583196
    39 1.393001 0.000001 0.000000 -0.050194 -0.513379 0.834359
    40 1.100002 0.000001 -0.000003 0.001366 0.013065 -0.182021
    41 3.549266 0.211411 1.487664 0.144954 0.148357 -0.456141
    42 1.218999 -0.000001 -0.000002 0.022528 -0.094953 -0.552701
    43 0.679999 0.000001 0.000000 -0.024368 -0.084270 -0.021017
    44 3.698016 0.273718 0.726617 0.071474 0.038324 -0.664392
    45 1.748999 0.000000 -0.000002 0.004771 -0.026662 -0.375469
    46 0.959996 0.000000 0.000000 -0.008235 -0.038611 -0.086418
    47 3.768499 0.151954 -0.072746 -0.059435 -0.070842 -0.564477
    48 2.037997 0.000002 -0.000003 -0.002283 0.004019 -0.760737
    49 1.066998 0.000000 -0.000001 0.002070 0.005420 0.052320
    50 3.783906 -0.023949 -0.794455 -0.231021 -0.157664 -0.416190
    51 1.629001 0.000002 0.000000 -0.030793 0.062056 -0.654345
    52 0.955999 0.000000 -0.000002 0.010509 0.068929 -0.018311
    53 1.258940 -0.308543 -1.250054 1.289006 0.530147 -0.654402
    54 1.392999 0.000000 -0.000003 -0.001788 0.370555 0.932381
    55 1.099998 -0.000002 -0.000003 0.000000 -0.013127 -0.286815
    56 0.578998 0.704300 0.000000 0.000000 -1.570790 -3.044320
    57 2.577897 -4.075848 1.825547 1.570743 -1.473520 1.570850
    58 -2.577999 -4.075848 1.825549 1.570743 -1.473520 1.570850
    59 2.330669 -1.877754 0.104131 -1.861302 0.207908 -1.328386
  time 44
    0 -28.095023 -9.132192 35.274767 1.570669 0.112992 0.791358
    1 0.001573 4.212781 -1.689849 1.564255 -0.054134 1.623635
    2 3.837410 0.000000 0.000000 -0.003267 0.052786 -0.110647
    3 3.617862 0.000000 0.000000 -0.003359 0.052790 -0.090660
    4 7.539774 0.000000 0.000000 0.000000 0.000000 0.155813
    5 3.178292 0.000001 0.000000 3.138169 -0.060611 0.356895
    6 2.970271 0.000000 0.000001 -0.032344 0.028634 -0.060169
    7 -0.000002 0.000001 0.000000 -1.570796 0.000000 -1.326450
    8 2.023705 0.907460 0.852577 1.552164 -1.485714 2.950963
    9 4.983657 -0.000003 0.000000 -1.575528 -0.236584 -0.303574
    10 11.123049 -0.000003 0.000001 -0.000001 -0.000001 -1.196653
    11 11.208297 -0.000001 0.000013 1.757109 0.016142 0.379364
    12 2.676087 -1.712447 0.000003 1.570795 0.000000 1.570797
    13 2.023707 0.907463 -0.852527 -1.471442 1.278671 -3.134141
    14 4.983657 -0.000004 0.000000 1.053997 -0.695559 -0.708363
    15 11.123040 -0.000006 -0.000006 0.000000 0.000001 -0.973165
    16 11.208287 0.000000 -0.000016 -1.308439 -0.154389 0.173027
    17 2.676081 -1.712434 -0.000003 -1.570797 -0.000001 -1.570797
    18 3.984014 -0.000005 -0.000003 -1.585677 -0.765027 -1.290627
    19 15.940006 0.000002 0.000000 0.000000 0.000000 0.837622
    20 17.709558 0.000004 0.000002 -0.319874 -0.186359 -0.957626
    21 6.203996 0.000000 0.000001 -0.011146 0.000934 -0.500515
    22 -3.984013 0.000007 0.000007 -1.161507 -0.041730 -1.509916
    23 15.940015 0.000000 0.000000 0.000000 0.000000 0.574116
    24 17.709572 -0.000006 0.000001 0.389000 0.554248 -1.465985
    25 6.204001 0.000003 -0.000001 -0.078651 -0.006185 -0.498943
    26 3.549240 0.198821 -1.489462 -0.305929 -0.406022 -0.358386
    27 1.218999 -0.000001 0.000002 0.001468 0.097565 -0.304070
    28 0.679998 -0.000001 -0.000001 0.016757 0.086110 -0.110427
    29 3.698007 0.267555 -0.728972 -0.080226 0.005552 -0.226329
    30 1.749001 -0.000001 0.000003 0.001881 0.027021 -0.127915
    31 0.959999 -0.000001 0.000001 0.004766 0.039185 -0.175604
    32 3.768500 0.152546 0.071388 0.083940 0.038771 -0.124503
    33 2.037998 0.000001 0.000002 0.001249 0.007905 -0.513217
    34 1.067001 0.000001 0.000002 -0.001588 -0.005589 -0.036742
    35 3.783924 -0.017260 0.794558 0.286738 -0.022303 -0.030745
    36 1.629002 -0.000001 0.000003 0.030976 -0.066501 -0.406400
    37 0.956000 0.000000 0.000001 -0.004323 -0.069589 -0.107660
    38 1.258965 -0.297983 1.252590 -1.038385 -0.412594 -1.565272
    39 1.393001 0.000001 0.000000 -0.051486 -0.513325 0.836967
    40 1.100002 0.000001 -0.000003 0.001390 0.013065 -0.179756
    41 3.549266 0.211411 1.487664 0.138434 0.155254 -0.495378
    42 1.218999 -0.000001 -0.000002 0.022840 -0.094881 -0.555926
    43 0.679999 0.000001 0.000000 -0.024752 -0.084162 -0.016391
    44 3.698016 0.273718 0.726617 0.069568 0.041848 -0.703506
    45 1.748999 0.000000 -0.000002 0.004855 -0.026650 -0.378696
    46 0.959996 0.000000 0.000000 -0.008403 -0.038563 -0.081791
    47 3.768499 0.151954 -0.072746 -0.056618 -0.073107 -0.603695
    48 2.037997 0.000002 -0.000003 -0.002295 0.004007 -0.763911
    49 1.066998 0.000000 -0.000001 0.002106 0.005420 0.056948
    50 3.783906 -0.023949 -0.794455 -0.224483 -0.167196 -0.454744
    51 1.629001 0.000002 0.000000 -0.030997 0.061956 -0.657552
    52 0.955999 0.000000 -0.000002 0.010833 0.068881 -0.013729
    53 1.258940 -0.308543 -1.250054 1.289006 0.530147 -0.654402
    54 1.392999 0.000000 -0.000003 -0.001788 0.370555 0.932381
    55 1.099998 -0.000002 -0.000003 0.000000 -0.013127 -0.286815
    56 0.578998 0.704300 0.000000 0.000000 -1.570790 -3.044320
    57 2.577897 -4.075848 1.825547 1.570743 -1.473520 1.570850
    58 -2.577999 -4.075848 1.825549 1.570743 -1.473520 1.570850
    59 2.330669 -1.877754 0.104131 -1.861302 0.207908 -1.328386
  time 45
    0 -26.429131 -9.915774 34.694326 1.570574 0.091853 0.791190
    1 0.001573 4.212781 -1.689849 1.563356 -0.078130 1.616461
    2 3.837410 0.000000 0.000000 -0.003902 0.045538 -0.093843
    3 3.617862 0.000000 0.000000 -0.003911 0.045544 -0.098162
    4 7.539774 0.000000 0.000000 0.000000 0.000000 0.155813
    5 3.178292 0.000001 0.000000 3.141248 -0.047425 0.338815
    6 2.970271 0.000000 0.000001 -0.038010 0.005782 -0.053339
    7 -0.000002 0.000001 0.000000 -1.570796 0.000000 -1.326450
    8 2.023705 0.907460 0.852577 2.521931 -1.468321 1.961828
    9 4.983657 -0.000003 0.000000 -1.628644 -0.285639 -0.320770
    10 11.123049 -0.000003 0.000001 -0.000001 -0.000001 -1.107219
    11 11.208297 -0.000001 0.000013 1.870716 0.038473 0.341300
    12 2.676087 -1.712447 0.000003 1.570795 0.000000 1.570797
    13 2.023707 0.907463 -0.852527 -1.406849 1.263924 -3.065506
    14 4.983657 -0.000004 0.000000 1.001213 -0.691310 -0.640318
    15 11.123040 -0.000006 -0.000006 0.000000 0.000001 -1.124549
    16 11.208287 0.000000 -0.000016 -1.424943 -0.149102 0.185798
    17 2.676081 -1.712434 -0.000003 -1.570797 -0.000001 -1.570797
    18 3.984014 -0.000005 -0.000003 -1.568904 -0.767633 -1.316882
    19 15.940006 0.000002 0.000000 0.000000 0.000000 0.755172
    20 17.709558 0.000004 0.000002 -0.317067 -0.283541 -1.058796
    21 6.203996 0.000000 0.000001 -0.011146 0.000934 -0.500515
    22 -3.984013 0.000007 0.000007 -1.136299 -0.001796 -1.568468
    23 15.940015 0.000000 0.000000 0.000000 0.000000 0.618647
    24 17.709572 -0.000006 0.000001 0.416820 0.503504 -1.517536
    25 6.204001 0.000003 -0.000001 -0.078651 -0.006185 -0.498943
    26 3.549240 0.198821 -1.489462 -0.328989 -0.391806 -0.297202
    27 1.218999 -0.000001 0.000002 0.007195 0.097325 -0.245279
    28 0.679998 -0.000001 -0.000001 0.021774 0.084974 -0.051645
    29 3.698007 0.267555 -0.728972 -0.079419 0.007940 -0.167919
    30 1.749001 -0.000001 0.000003 0.003451 0.026877 -0.069359
    31 0.959999 -0.000001 0.000001 0.007031 0.038837 -0.117011
    32 3.768500 0.152546 0.071388 0.086055 0.033798 -0.066091
    33 2.037998 0.000001 0.000002 0.000984 0.011572 -0.454675
    34 1.067001 0.000001 0.000002 -0.001896 -0.005481 0.021800
    35 3.783924 -0.017260 0.794558 0.284819 -0.037355 0.025669
    36 1.629002 -0.000001 0.000003 0.031929 -0.066858 -0.347682
    37 0.956000 0.000000 0.000001 -0.008409 -0.069218 -0.048931
    38 1.258965 -0.297983 1.252590 -1.046796 -0.422762 -1.545107
    39 1.393001 0.000001 0.000000 -0.052778 -0.513253 0.839575
    40 1.100002 0.000001 -0.000003 0.001426 0.013065 -0.177492
    41 3.549266 0.211411 1.487664 0.132465 0.160891 -0.529364
    42 1.218999 -0.000001 -0.000002 0.023139 -0.094821 -0.558992
    43 0.679999 0.000001 0.000000 -0.025159 -0.084042 -0.011646
    44 3.698016 0.273718 0.726617 0.067746 0.044764 -0.737193
    45 1.748999 0.000000 -0.000002 0.004939 -0.026638 -0.381764
    46 0.959996 0.000000 0.000000 -0.008594 -0.038527 -0.077083
    47 3.768499 0.151954 -0.072746 -0.054114 -0.074965 -0.637403
    48 2.037997 0.000002 -0.000003 -0.002307 0.003995 -0.766980
    49 1.066998 0.000000 -0.000001 0.002118 0.005408 0.061672
    50 3.783906 -0.023949 -0.794455 -0.218461 -0.175165 -0.488066
    51 1.629001 0.000002 0.000000 -0.031189 0.061868 -0.660651
    52 0.955999 0.000000 -0.000002 0.011168 0.068821 -0.008989
    53 1.258940 -0.308543 -1.250054 1.289006 0.530147 -0.654402
    54 1.392999 0.000000 -0.000003 -0.001788 0.370555 0.932381
    55 1.099998 -0.000002 -0.000003 0.000000 -0.013127 -0.286815
    56 0.578998 0.704300 0.000000 0.000000 -1.570790 -3.044320
    57 2.577897 -4.075848 1.825547 1.570743 -1.473520 1.570850
    58 -2.577999 -4.075848 1.825549 1.570743 -1.473520 1.570850
    59 2.330669 -1.877754 0.104131 -1.861302 0.207908 -1.328386
  time 46
    0 -24.710791 -10.733334 34.113885 1.570574 0.069854 0.790543
    1 0.001573 4.212781 -1.689849 1.562862 -0.119837 1.607706
    2 3.837410 0.000000 0.000000 -0.003537 0.036679 -0.060759
    3 3.617862 0.000000 0.000000 -0.003552 0.036618 -0.092608
    4 7.539774 0.000000 0.000000 0.000000 0.000000 0.155813
    5 3.178292 0.000001 0.000000 3.142616 -0.031530 0.320210
    6 2.970271 0.000000 0.000001 -0.042322 -0.016399 -0.042094
    7 -0.000002 0.000001 0.000000 -1.570796 0.000000 -1.326450
    8 2.023705 0.907460 0.852577 2.923518 -1.398233 1.542540
    9 4.983657 -0.000003 0.000000 -1.711854 -0.278537 -0.302062
    10 11.123049 -0.000003 0.000001 -0.000001 -0.000001 -1.097787
    11 11.208297 -0.000001 0.000013 1.921623 0.104063 0.377728
    12 2.676087 -1.712447 0.000003 1.570795 0.000000 1.570797
    13 2.023707 0.907463 -0.852527 -1.350581 1.252022 -3.005786
    14 4.983657 -0.000004 0.000000 1.008973 -0.656223 -0.614517
    15 11.123040 -0.000006 -0.000006 0.000000 0.000001 -1.274417
    16 11.208287 0.000000 -0.000016 -1.581119 -0.175117 0.175727
    17 2.676081 -1.712434 -0.000003 -1.570797 -0.000001 -1.570797
    18 3.984014 -0.000005 -0.000003 -1.587881 -0.733711 -1.331063
    19 15.940006 0.000002 0.000000 0.000000 0.000000 0.616430
    20 17.709558 0.000004 0.000002 -0.268753 -0.359962 -1.145167
    21 6.203996 0.000000 0.000001 -0.011146 0.000934 -0.500515
    22 -3.984013 0.000007 0.000007 -1.105245 0.055809 -1.626733
    23 15.940015 0.000000 0.000000 0.000000 0.000000 0.635586
    24 17.709572 -0.000006 0.000001 0.445470 0.442377 -1.557539
    25 6.204001 0.000003 -0.000001 -0.078651 -0.006185 -0.498943
    26 3.549240 0.198821 -1.489462 -0.339844 -0.389904 -0.263714
    27 1.218999 -0.000001 0.000002 0.009829 0.097097 -0.218181
    28 0.679998 -0.000001 -0.000001 0.024059 0.084361 -0.024593
    29 3.698007 0.267555 -0.728972 -0.077403 0.009752 -0.135149
    30 1.749001 -0.000001 0.000003 0.004188 0.026769 -0.042371
    31 0.959999 -0.000001 0.000001 0.008085 0.038622 -0.090028
    32 3.768500 0.152546 0.071388 0.086940 0.031473 -0.039204
    33 2.037998 0.000001 0.000002 0.000821 0.013993 -0.420560
    34 1.067001 0.000001 0.000002 -0.002059 -0.005422 0.048736
    35 3.783924 -0.017260 0.794558 0.283899 -0.044781 0.051023
    36 1.629002 -0.000001 0.000003 0.033259 -0.066879 -0.320174
    37 0.956000 0.000000 0.000001 -0.010571 -0.068918 -0.017295
    38 1.258965 -0.297983 1.252590 -1.067119 -0.450541 -1.494567
    39 1.393001 0.000001 0.000000 -0.054035 -0.513199 0.842154
    40 1.100002 0.000001 -0.000003 0.001450 0.013044 -0.175272
    41 3.549266 0.211411 1.487664 0.127485 0.164939 -0.556835
    42 1.218999 -0.000001 -0.000002 0.023415 -0.094749 -0.561953
    43 0.679999 0.000001 0.000000 -0.025566 -0.083910 -0.006744
    44 3.698016 0.273718 0.726617 0.066188 0.046865 -0.764327
    45 1.748999 0.000000 -0.000002 0.005011 -0.026626 -0.384674
    46 0.959996 0.000000 0.000000 -0.008774 -0.038479 -0.072215
    47 3.768499 0.151954 -0.072746 -0.052064 -0.076403 -0.664476
    48 2.037997 0.000002 -0.000003 -0.002319 0.003995 -0.769942
    49 1.066998 0.000000 -0.000001 0.002154 0.005396 0.066540
    50 3.783906 -0.023949 -0.794455 -0.213396 -0.181246 -0.515007
    51 1.629001 0.000002 0.000000 -0.031368 0.061781 -0.663586
    52 0.955999 0.000000 -0.000002 0.011492 0.068762 -0.004091
    53 1.258940 -0.308543 -1.250054 1.289006 0.530147 -0.654402
    54 1.392999 0.000000 -0.000003 -0.001788 0.370555 0.932381
    55 1.099998 -0.000002 -0.000003 0.000000 -0.013127 -0.286815
    56 0.578998 0.704300 0.000000 0.000000 -1.570790 -3.044320
    57 2.577897 -4.075848 1.825547 1.570743 -1.473520 1.570850
    58 -2.577999 -4.075848 1.825549 1.570743 -1.473520 1.570850
    59 2.330669 -1.877754 0.104131 -1.861302 0.207908 -1.328386
  time 47
    0 -22.998809 -11.588792 33.554551 1.570574 0.048307 0.789512
    1 0.001573 4.212781 -1.689849 1.563581 -0.176424 1.596907
    2 3.837410 0.000000 0.000000 -0.002632 0.025861 -0.014387
    3 3.617862 0.000000 0.000000 -0.002654 0.025711 -0.078083
    4 7.539774 0.000000 0.000000 0.000000 0.000000 0.155813
    5 3.178292 0.000001 0.000000 3.141504 -0.012784 0.301750
    6 2.970271 0.000000 0.000001 -0.044352 -0.036152 -0.024793
    7 -0.000002 0.000001 0.000000 -1.570796 0.000000 -1.326450
    8 2.023705 0.907460 0.852577 3.062042 -1.323323 1.388530
    9 4.983657 -0.000003 0.000000 -1.799171 -0.232069 -0.242914
    10 11.123049 -0.000003 0.000001 -0.000001 -0.000001 -1.153424
    11 11.208297 -0.000001 0.000013 1.926033 0.203480 0.496901
    12 2.676087 -1.712447 0.000003 1.570795 0.000000 1.570797
    13 2.023707 0.907463 -0.852527 -1.303404 1.246047 -2.956131
    14 4.983657 -0.000004 0.000000 1.059266 -0.601993 -0.625574
    15 11.123040 -0.000006 -0.000006 0.000000 0.000001 -1.428518
    16 11.208287 0.000000 -0.000016 -1.739539 -0.238098 0.158067
    17 2.676081 -1.712434 -0.000003 -1.570797 -0.000001 -1.570797
    18 3.984014 -0.000005 -0.000003 -1.666857 -0.729354 -1.324164
    19 15.940006 0.000002 0.000000 0.000000 0.000000 0.528380
    20 17.709558 0.000004 0.000002 -0.264582 -0.324814 -0.967232
    21 6.203996 0.000000 0.000001 -0.011146 0.000934 -0.500515
    22 -3.984013 0.000007 0.000007 -1.059430 0.130297 -1.683464
    23 15.940015 0.000000 0.000000 0.000000 0.000000 0.622939
    24 17.709572 -0.000006 0.000001 0.471333 0.363071 -1.584371
    25 6.204001 0.000003 -0.000001 -0.078651 -0.006185 -0.498943
    26 3.549240 0.198821 -1.489462 -0.344565 -0.396827 -0.243221
    27 1.218999 -0.000001 0.000002 0.010718 0.097002 -0.208887
    28 0.679998 -0.000001 -0.000001 0.024845 0.084121 -0.015325
    29 3.698007 0.267555 -0.728972 -0.074125 0.011952 -0.114196
    30 1.749001 -0.000001 0.000003 0.004440 0.026721 -0.033113
    31 0.959999 -0.000001 0.000001 0.008456 0.038562 -0.080770
    32 3.768500 0.152546 0.071388 0.087218 0.030670 -0.029978
    33 2.037998 0.000001 0.000002 0.000718 0.014365 -0.397001
    34 1.067001 0.000001 0.000002 -0.002095 -0.005410 0.057993
    35 3.783924 -0.017260 0.794558 0.283979 -0.048486 0.058548
    36 1.629002 -0.000001 0.000003 0.033060 -0.066921 -0.309847
    37 0.956000 0.000000 0.000001 -0.011868 -0.068702 0.001213
    38 1.258965 -0.297983 1.252590 -1.109388 -0.499394 -1.398775
    39 1.393001 0.000001 0.000000 -0.055310 -0.513127 0.844705
    40 1.100002 0.000001 -0.000003 0.001485 0.013044 -0.173007
    41 3.549266 0.211411 1.487664 0.123950 0.167066 -0.576623
    42 1.218999 -0.000001 -0.000002 0.023679 -0.094689 -0.564807
    43 0.679999 0.000001 0.000000 -0.025986 -0.083790 -0.001722
    44 3.698016 0.273718 0.726617 0.065098 0.047929 -0.783679
    45 1.748999 0.000000 -0.000002 0.005095 -0.026614 -0.387477
    46 0.959996 0.000000 0.000000 -0.008978 -0.038431 -0.067185
    47 3.768499 0.151954 -0.072746 -0.050590 -0.077398 -0.683791
    48 2.037997 0.000002 -0.000003 -0.002331 0.003983 -0.772746
    49 1.066998 0.000000 -0.000001 0.002178 0.005373 0.071554
    50 3.783906 -0.023949 -0.794455 -0.209720 -0.185114 -0.534258
    51 1.629001 0.000002 0.000000 -0.031536 0.061680 -0.666358
    52 0.955999 0.000000 -0.000002 0.011839 0.068702 0.000925
    53 1.258940 -0.308543 -1.250054 1.289006 0.530147 -0.654402
    54 1.392999 0.000000 -0.000003 -0.001788 0.370555 0.932381
    55 1.099998 -0.000002 -0.000003 0.000000 -0.013127 -0.286815
    56 0.578998 0.704300 0.000000 0.000000 -1.570790 -3.044320
    57 2.577897 -4.075848 1.825547 1.570743 -1.473520 1.570850
    58 -2.577999 -4.075848 1.825549 1.570743 -1.473520 1.570850
    59 2.330669 -1.877754 0.104131 -1.861302 0.207908 -1.328386
  time 48
    0 -21.360975 -12.445669 33.037431 1.570574 0.028571 0.788099
    1 0.001573 4.212781 -1.689849 1.565693 -0.238187 1.585954
    2 3.837410 0.000000 0.000000 -0.001538 0.014934 0.037390
    3 3.617862 0.000000 0.000000 -0.001564 0.014713 -0.057765
    4 7.539774 0.000000 0.000000 0.000000 0.000000 0.155813
    5 3.178292 0.000001 0.000000 3.136887 0.008991 0.284077
    6 2.970271 0.000000 0.000001 -0.043253 -0.051624 0.000248
    7 -0.000002 0.000001 0.000000 -1.570796 0.000000 -1.326450
    8 2.023705 0.907460 0.852577 3.118850 -1.259520 1.318377
    9 4.983657 -0.000003 0.000000 -1.867573 -0.180528 -0.146350
    10 11.123049 -0.000003 0.000001 -0.000001 -0.000001 -1.209229
    11 11.208297 -0.000001 0.000013 1.942523 0.257488 0.646738
    12 2.676087 -1.712447 0.000003 1.570795 0.000000 1.570797
    13 2.023707 0.907463 -0.852527 -1.265127 1.249082 -2.917308
    14 4.983657 -0.000004 0.000000 1.128719 -0.536927 -0.655911
    15 11.123040 -0.000006 -0.000006 0.000000 0.000001 -1.596519
    16 11.208287 0.000000 -0.000016 -1.863762 -0.326719 0.156024
    17 2.676081 -1.712434 -0.000003 -1.570797 -0.000001 -1.570797
    18 3.984014 -0.000005 -0.000003 -1.786759 -0.709210 -1.312953
    19 15.940006 0.000002 0.000000 0.000000 0.000000 0.413437
    20 17.709558 0.000004 0.000002 -0.238339 -0.257047 -0.701282
    21 6.203996 0.000000 0.000001 -0.011146 0.000934 -0.500515
    22 -3.984013 0.000007 0.000007 -1.026172 0.214360 -1.724767
    23 15.940015 0.000000 0.000000 0.000000 0.000000 0.578638
    24 17.709572 -0.000006 0.000001 0.502533 0.297736 -1.592233
    25 6.204001 0.000003 -0.000001 -0.078651 -0.006185 -0.498943
    26 3.549240 0.198821 -1.489462 -0.344040 -0.404674 -0.239376
    27 1.218999 -0.000001 0.000002 0.010320 0.097049 -0.213116
    28 0.679998 -0.000001 -0.000001 0.024488 0.084241 -0.019583
    29 3.698007 0.267555 -0.728972 -0.071863 0.013348 -0.109556
    30 1.749001 -0.000001 0.000003 0.004324 0.026745 -0.037348
    31 0.959999 -0.000001 0.000001 0.008280 0.038586 -0.084982
    32 3.768500 0.152546 0.071388 0.087104 0.031029 -0.034221
    33 2.037998 0.000001 0.000002 0.000698 0.011908 -0.390525
    34 1.067001 0.000001 0.000002 -0.002077 -0.005422 0.053782
    35 3.783924 -0.017260 0.794558 0.284599 -0.048501 0.053372
    36 1.629002 -0.000001 0.000003 0.030064 -0.067131 -0.313320
    37 0.956000 0.000000 0.000001 -0.012041 -0.068678 0.003919
    38 1.258965 -0.297983 1.252590 -1.168990 -0.550728 -1.278484
    39 1.393001 0.000001 0.000000 -0.056567 -0.513073 0.847256
    40 1.100002 0.000001 -0.000003 0.001509 0.013044 -0.170831
    41 3.549266 0.211411 1.487664 0.122285 0.166962 -0.587417
    42 1.218999 -0.000001 -0.000002 0.023918 -0.094617 -0.567451
    43 0.679999 0.000001 0.000000 -0.026417 -0.083658 0.003417
    44 3.698016 0.273718 0.726617 0.064678 0.047790 -0.794072
    45 1.748999 0.000000 -0.000002 0.005167 -0.026590 -0.390175
    46 0.959996 0.000000 0.000000 -0.009170 -0.038383 -0.062035
    47 3.768499 0.151954 -0.072746 -0.049787 -0.077913 -0.694063
    48 2.037997 0.000002 -0.000003 -0.002343 0.003971 -0.775391
    49 1.066998 0.000000 -0.000001 0.002202 0.005361 0.076663
    50 3.783906 -0.023949 -0.794455 -0.207860 -0.186522 -0.544720
    51 1.629001 0.000002 0.000000 -0.031704 0.061593 -0.669021
    52 0.955999 0.000000 -0.000002 0.012199 0.068642 0.006060
    53 1.258940 -0.308543 -1.250054 1.289006 0.530147 -0.654402
    54 1.392999 0.000000 -0.000003 -0.001788 0.370555 0.932381
    55 1.099998 -0.000002 -0.000003 0.000000 -0.013127 -0.286815
    56 0.578998 0.704300 0.000000 0.000000 -1.570790 -3.044320
    57 2.577897 -4.075848 1.825547 1.570743 -1.473520 1.570850
    58 -2.577999 -4.075848 1.825549 1.570743 -1.473520 1.570850
    59 2.330669 -1.877754 0.104131 -1.861302 0.207908 -1.328386
  time 49
    0 -19.844021 -13.305298 32.604739 1.570669 0.012050 0.786589
    1 0.001573 4.212781 -1.689849 1.568570 -0.295381 1.576582
    2 3.837410 0.000000 0.000000 -0.000552 0.005712 0.086719
    3 3.617862 0.000000 0.000000 -0.000576 0.005515 -0.034883
    4 7.539774 0.000000 0.000000 0.000000 0.000000 0.155813
    5 3.178292 0.000001 0.000000 3.127937 0.034019 0.267859
    6 2.970271 0.000000 0.000001 -0.038052 -0.061017 0.034712
    7 -0.000002 0.000001 0.000000 -1.570796 0.000000 -1.326450
    8 2.023705 0.907460 0.852577 3.142225 -1.215602 1.283109
    9 4.983657 -0.000003 0.000000 -1.893749 -0.088657 -0.061219
    10 11.123049 -0.000003 0.000001 -0.000001 -0.000001 -1.227868
    11 11.208297 -0.000001 0.000013 2.031395 0.156492 0.811090
    12 2.676087 -1.712447 0.000003 1.570795 0.000000 1.570797
    13 2.023707 0.907463 -0.852527 -1.235940 1.264445 -2.889988
    14 4.983657 -0.000004 0.000000 1.201620 -0.453433 -0.692769
    15 11.123040 -0.000006 -0.000006 0.000000 0.000001 -1.771596
    16 11.208287 0.000000 -0.000016 -1.921027 -0.414031 0.178062
    17 2.676081 -1.712434 -0.000003 -1.570797 -0.000001 -1.570797
    18 3.984014 -0.000005 -0.000003 -1.950750 -0.791204 -1.251148
    19 15.940006 0.000002 0.000000 0.000000 0.000000 0.672501
    20 17.709558 0.000004 0.000002 -0.137311 -0.201031 -0.888044
    21 6.203996 0.000000 0.000001 -0.011146 0.000934 -0.500515
    22 -3.984013 0.000007 0.000007 -1.047929 0.299509 -1.733296
    23 15.940015 0.000000 0.000000 0.000000 0.000000 0.498544
    24 17.709572 -0.000006 0.000001 0.547318 0.298771 -1.576655
    25 6.204001 0.000003 -0.000001 -0.078651 -0.006185 -0.498943
    26 3.549240 0.198821 -1.489462 -0.338795 -0.405599 -0.256023
    27 1.218999 -0.000001 0.000002 0.009003 0.097181 -0.226692
    28 0.679998 -0.000001 -0.000001 0.023345 0.084555 -0.033109
    29 3.698007 0.267555 -0.728972 -0.072932 0.012585 -0.125917
    30 1.749001 -0.000001 0.000003 0.003955 0.026805 -0.050842
    31 0.959999 -0.000001 0.000001 0.007753 0.038694 -0.098452
    32 3.768500 0.152546 0.071388 0.086677 0.032204 -0.047640
    33 2.037998 0.000001 0.000002 0.000780 0.005868 -0.407557
    34 1.067001 0.000001 0.000002 -0.002005 -0.005445 0.040272
    35 3.783924 -0.017260 0.794558 0.285119 -0.044796 0.040623
    36 1.629002 -0.000001 0.000003 0.023018 -0.067614 -0.327074
    37 0.956000 0.000000 0.000001 -0.010960 -0.068858 -0.011914
    38 1.258965 -0.297983 1.252590 -1.233546 -0.588653 -1.159516
    39 1.393001 0.000001 0.000000 -0.057807 -0.513019 0.849778
    40 1.100002 0.000001 -0.000003 0.001533 0.013044 -0.168611
    41 3.549266 0.211411 1.487664 0.122866 0.164340 -0.588000
    42 1.218999 -0.000001 -0.000002 0.024158 -0.094557 -0.569988
    43 0.679999 0.000001 0.000000 -0.026849 -0.083503 0.008715
    44 3.698016 0.273718 0.726617 0.065050 0.046284 -0.794328
    45 1.748999 0.000000 -0.000002 0.005239 -0.026590 -0.392661
    46 0.959996 0.000000 0.000000 -0.009373 -0.038335 -0.056764
    47 3.768499 0.151954 -0.072746 -0.049787 -0.077913 -0.694117
    48 2.037997 0.000002 -0.000003 -0.002355 0.003971 -0.777930
    49 1.066998 0.000000 -0.000001 0.002238 0.005361 0.081966
    50 3.783906 -0.023949 -0.794455 -0.208132 -0.185161 -0.545191
    51 1.629001 0.000002 0.000000 -0.031860 0.061517 -0.671576
    52 0.955999 0.000000 -0.000002 0.012558 0.068582 0.011353
    53 1.258940 -0.308543 -1.250054 1.289006 0.530147 -0.654402
    54 1.392999 0.000000 -0.000003 -0.001788 0.370555 0.932381
    55 1.099998 -0.000002 -0.000003 0.000000 -0.013127 -0.286815
    56 0.578998 0.704300 0.000000 0.000000 -1.570790 -3.044320
    57 2.577897 -4.075848 1.825547 1.570743 -1.473520 1.570850
    58 -2.577999 -4.075848 1.825549 1.570743 -1.473520 1.570850
    59 2.330669 -1.877754 0.104131 -1.861302 0.207908 -1.328386
  time 50
    0 -18.532064 -14.129974 32.267028 1.570763 0.000009 0.785366
    1 0.001573 4.212781 -1.689849 1.570795 -0.338282 1.570797
    2 3.837410 0.000000 0.000000 -0.000012 0.000011 0.125766
    3 3.617862 0.000000 0.000000 -0.000012 0.000009 -0.012617
    4 7.539774 0.000000 0.000000 0.000000 0.000000 0.155813
    5 3.178292 0.000001 0.000000 3.113685 0.062458 0.253709
    6 2.970271 0.000000 0.000001 -0.027905 -0.062458 0.080286
    7 -0.000002 0.000001 0.000000 -1.570796 0.000000 -1.326450
    8 2.023705 0.907460 0.852577 3.147877 -1.199039 1.266433
    9 4.983657 -0.000003 0.000000 -1.882094 -0.049342 -0.010952
    10 11.123049 -0.000003 0.000001 -0.000001 -0.000001 -1.133662
    11 11.208297 -0.000001 0.000013 2.116911 -0.028784 0.954453
    12 2.676087 -1.712447 0.000003 1.570795 0.000000 1.570797
    13 2.023707 0.907463 -0.852527 -1.217376 1.295172 -2.876184
    14 4.983657 -0.000004 0.000000 1.268774 -0.324112 -0.724524
    15 11.123040 -0.000006 -0.000006 0.000000 0.000001 -1.925823
    16 11.208287 0.000000 -0.000016 -1.883867 -0.460213 0.223599
    17 2.676081 -1.712434 -0.000003 -1.570797 -0.000001 -1.570797
    18 3.984014 -0.000005 -0.000003 -2.060301 -0.816152 -1.197871
    19 15.940006 0.000002 0.000000 0.000000 0.000000 0.827159
    20 17.709558 0.000004 0.000002 -0.081792 -0.159723 -1.011023
    21 6.203996 0.000000 0.000001 -0.011146 0.000934 -0.500515
    22 -3.984013 0.000007 0.000007 -1.153168 0.391915 -1.702056
    23 15.940015 0.000000 0.000000 0.000000 0.000000 0.370163
    24 17.709572 -0.000006 0.000001 0.607525 0.403156 -1.528987
    25 6.204001 0.000003 -0.000001 -0.078651 -0.006185 -0.498943
    26 3.549240 0.198821 -1.489462 -0.328989 -0.391806 -0.297202
    27 1.218999 -0.000001 0.000002 0.007195 0.097325 -0.245279
    28 0.679998 -0.000001 -0.000001 0.021774 0.084974 -0.051645
    29 3.698007 0.267555 -0.728972 -0.079419 0.007940 -0.167919
    30 1.749001 -0.000001 0.000003 0.003451 0.026877 -0.069359
    31 0.959999 -0.000001 0.000001 0.007031 0.038837 -0.117011
    32 3.768500 0.152546 0.071388 0.086055 0.033798 -0.066091
    33 2.037998 0.000001 0.000002 0.000984 -0.004499 -0.454675
    34 1.067001 0.000001 0.000002 -0.001896 -0.005481 0.021800
    35 3.783924 -0.017260 0.794558 0.284859 -0.037278 0.025429
    36 1.629002 -0.000001 0.000003 0.010654 -0.068432 -0.347728
    37 0.956000 0.000000 0.000001 -0.008409 -0.069218 -0.048931
    38 1.258965 -0.297983 1.252590 -1.281962 -0.602844 -1.074375
    39 1.393001 0.000001 0.000000 -0.059028 -0.512947 0.852242
    40 1.100002 0.000001 -0.000003 0.001569 0.013044 -0.166435
    41 3.549266 0.211411 1.487664 0.125945 0.159012 -0.577255
    42 1.218999 -0.000001 -0.000002 0.024398 -0.094510 -0.572314
    43 0.679999 0.000001 0.000000 -0.027316 -0.083371 0.014172
    44 3.698016 0.273718 0.726617 0.066296 0.043285 -0.783269
    45 1.748999 0.000000 -0.000002 0.005299 -0.026578 -0.395042
    46 0.959996 0.000000 0.000000 -0.009589 -0.038287 -0.051292
    47 3.768499 0.151954 -0.072746 -0.050662 -0.077350 -0.682828
    48 2.037997 0.000002 -0.000003 -0.002367 0.003971 -0.780258
    49 1.066998 0.000000 -0.000001 0.002262 0.005349 0.087413
    50 3.783906 -0.023949 -0.794455 -0.210793 -0.180766 -0.534415
    51 1.629001 0.000002 0.000000 -0.032004 0.061442 -0.673914
    52 0.955999 0.000000 -0.000002 0.012930 0.068510 0.016843
    53 1.258940 -0.308543 -1.250054 1.289006 0.530147 -0.654402
    54 1.392999 0.000000 -0.000003 -0.001788 0.370555 0.932381
    55 1.099998 -0.000002 -0.000003 0.000000 -0.013127 -0.286815
    56 0.578998 0.704300 0.000000 0.000000 -1.570790 -3.044320
    57 2.577897 -4.075848 1.825547 1.570743 -1.473520 1.570850
    58 -2.577999 -4.075848 1.825549 1.570743 -1.473520 1.570850
    59 2.330669 -1.877754 0.104131 -1.861302 0.207908 -1.328386
  time 51
    0 -17.346651 -14.855711 32.066512 1.572645 -0.006781 0.779736
    1 0.001573 4.212781 -1.689849 1.571964 -0.371270 1.568174
    2 3.837410 0.000000 0.000000 0.000137 -0.002816 0.158044
    3 3.617862 0.000000 0.000000 0.000206 -0.002457 0.009530
    4 7.539774 0.000000 0.000000 0.000000 0.000000 0.155813
    5 3.178292 0.000001 0.000000 3.085409 0.105127 0.239268
    6 2.970271 0.000000 0.000001 -0.005666 -0.049275 0.157958
    7 -0.000002 0.000001 0.000000 -1.570796 0.000000 -1.326450
    8 2.023705 0.907460 0.852577 3.129292 -1.228449 1.271608
    9 4.983657 -0.000003 0.000000 -1.925849 0.147539 0.026370
    10 11.123049 -0.000003 0.000001 -0.000001 -0.000001 -1.438344
    11 11.208297 -0.000001 0.000013 2.068592 0.041720 1.049436
    12 2.676087 -1.712447 0.000003 1.570795 0.000000 1.570797
    13 2.023707 0.907463 -0.852527 -1.231155 1.372843 -2.901204
    14 4.983657 -0.000004 0.000000 1.364570 -0.130201 -0.755522
    15 11.123040 -0.000006 -0.000006 0.000000 0.000001 -2.008528
    16 11.208287 0.000000 -0.000016 -1.726614 -0.418336 0.236370
    17 2.676081 -1.712434 -0.000003 -1.570797 -0.000001 -1.570797
    18 3.984014 -0.000005 -0.000003 -2.112632 -0.820918 -1.167016
    19 15.940006 0.000002 0.000000 0.000000 0.000000 0.930092
    20 17.709558 0.000004 0.000002 -0.063892 -0.140208 -1.101635
    21 6.203996 0.000000 0.000001 -0.011146 0.000934 -0.500515
    22 -3.984013 0.000007 0.000007 -1.292528 0.057883 -1.753229
    23 15.940015 0.000000 0.000000 0.000000 0.000000 0.949219
    24 17.709572 -0.000006 0.000001 0.571757 0.358587 -1.562846
    25 6.204001 0.000003 -0.000001 -0.078651 -0.006185 -0.498943
    26 3.549240 0.198821 -1.489462 -0.309722 -0.354762 -0.382918
    27 1.218999 -0.000001 0.000002 0.004194 0.097493 -0.276084
    28 0.679998 -0.000001 -0.000001 0.019149 0.085602 -0.082455
    29 3.698007 0.267555 -0.728972 -0.094445 -0.004515 -0.255989
    30 1.749001 -0.000001 0.000003 0.002637 0.026961 -0.100041
    31 0.959999 -0.000001 0.000001 0.005859 0.039041 -0.147705
    32 3.768500 0.152546 0.071388 0.084989 0.036422 -0.096678
    33 2.037998 0.000001 0.000002 0.001433 -0.030518 -0.555440
    34 1.067001 0.000001 0.000002 -0.001733 -0.005541 -0.008888
    35 3.783924 -0.017260 0.794558 0.283479 -0.022473 0.002471
    36 1.629002 -0.000001 0.000003 -0.021436 -0.070573 -0.383598
    37 0.956000 0.000000 0.000001 -0.003134 -0.069649 -0.124924
    38 1.258965 -0.297983 1.252590 -1.304292 -0.591022 -1.034303
    39 1.393001 0.000001 0.000000 -0.060250 -0.512893 0.854707
    40 1.100002 0.000001 -0.000003 0.001593 0.013044 -0.164304
    41 3.549266 0.211411 1.487664 0.137193 0.143463 -0.524259
    42 1.218999 -0.000001 -0.000002 0.024590 -0.094450 -0.574534
    43 0.679999 0.000001 0.000000 -0.027784 -0.083203 0.019786
    44 3.698016 0.273718 0.726617 0.070251 0.034731 -0.729872
    45 1.748999 0.000000 -0.000002 0.005359 -0.026554 -0.397211
    46 0.959996 0.000000 0.000000 -0.009793 -0.038239 -0.045699
    47 3.768499 0.151954 -0.072746 -0.054749 -0.074521 -0.629056
    48 2.037997 0.000002 -0.000003 -0.002367 0.003971 -0.782480
    49 1.066998 0.000000 -0.000001 0.002298 0.005337 0.093005
    50 3.783906 -0.023949 -0.794455 -0.221522 -0.164798 -0.482103
    51 1.629001 0.000002 0.000000 -0.032135 0.061380 -0.676088
    52 0.955999 0.000000 -0.000002 0.013313 0.068438 0.022452
    53 1.258940 -0.308543 -1.250054 1.289006 0.530147 -0.654402
    54 1.392999 0.000000 -0.000003 -0.001788 0.370555 0.932381
    55 1.099998 -0.000002 -0.000003 0.000000 -0.013127 -0.286815
    56 0.578998 0.704300 0.000000 0.000000 -1.570790 -3.044320
    57 2.577897 -4.075848 1.825547 1.570743 -1.473520 1.570850
    58 -2.577999 -4.075848 1.825549 1.570743 -1.473520 1.570850
    59 2.330669 -1.877754 0.104131 -1.861302 0.207908 -1.328386
  time 52
    0 -16.207560 -15.495873 31.992637 1.577069 -0.009316 0.768259
    1 0.001573 4.212781 -1.689849 1.572773 -0.404531 1.566593
    2 3.837410 0.000000 0.000000 0.000204 -0.004727 0.191571
    3 3.617862 0.000000 0.000000 0.000321 -0.003879 0.033744
    4 7.539774 0.000000 0.000000 0.000000 0.000000 0.155813
    5 3.178292 0.000001 0.000000 3.040174 0.166480 0.223079
    6 2.970271 0.000000 0.000001 0.030822 -0.020227 0.275193
    7 -0.000002 0.000001 0.000000 -1.570796 0.000000 -1.326450
    8 2.023705 0.907460 0.852577 3.071047 -1.305653 1.314064
    9 4.983657 -0.000003 0.000000 -2.008008 0.265434 0.044133
    10 11.123049 -0.000003 0.000001 -0.000001 -0.000001 -1.663136
    11 11.208297 -0.000001 0.000013 2.039064 0.105380 1.099880
    12 2.676087 -1.712447 0.000003 1.570795 0.000000 1.570797
    13 2.023707 0.907463 -0.852527 -1.477088 1.504427 -3.160982
    14 4.983657 -0.000004 0.000000 1.528575 0.086623 -0.744087
    15 11.123040 -0.000006 -0.000006 0.000000 0.000001 -2.004358
    16 11.208287 0.000000 -0.000016 -1.501505 -0.265236 0.213091
    17 2.676081 -1.712434 -0.000003 -1.570797 -0.000001 -1.570797
    18 3.984014 -0.000005 -0.000003 -2.157296 -0.810380 -1.141432
    19 15.940006 0.000002 0.000000 0.000000 0.000000 1.001710
    20 17.709558 0.000004 0.000002 -0.050695 -0.123685 -1.177707
    21 6.203996 0.000000 0.000001 -0.011146 0.000934 -0.500515
    22 -3.984013 0.000007 0.000007 -1.393071 -0.184040 -1.707901
    23 15.940015 0.000000 0.000000 0.000000 0.000000 1.295963
    24 17.709572 -0.000006 0.000001 0.548564 0.337889 -1.449473
    25 6.204001 0.000003 -0.000001 -0.078651 -0.006185 -0.498943
    26 3.549240 0.198821 -1.489462 -0.279196 -0.299644 -0.510689
    27 1.218999 -0.000001 0.000002 -0.000262 0.097589 -0.322031
    28 0.679998 -0.000001 -0.000001 0.015203 0.086394 -0.128336
    29 3.698007 0.267555 -0.728972 -0.115116 -0.026650 -0.386396
    30 1.749001 -0.000001 0.000003 0.001396 0.027057 -0.145792
    31 0.959999 -0.000001 0.000001 0.004063 0.039257 -0.193454
    32 3.768500 0.152546 0.071388 0.083235 0.040257 -0.142263
    33 2.037998 0.000001 0.000002 0.002066 -0.074789 -0.705465
    34 1.067001 0.000001 0.000002 -0.001480 -0.005613 -0.054630
    35 3.783924 -0.017260 0.794558 0.281139 -0.000227 -0.031464
    36 1.629002 -0.000001 0.000003 -0.076687 -0.074163 -0.437107
    37 0.956000 0.000000 0.000001 0.004713 -0.069553 -0.238089
    38 1.258965 -0.297983 1.252590 -1.310867 -0.562461 -1.020603
    39 1.393001 0.000001 0.000000 -0.061436 -0.512839 0.857171
    40 1.100002 0.000001 -0.000003 0.001629 0.013023 -0.162172
    41 3.549266 0.211411 1.487664 0.156296 0.115586 -0.413792
    42 1.218999 -0.000001 -0.000002 0.024793 -0.094402 -0.576596
    43 0.679999 0.000001 0.000000 -0.028263 -0.083047 0.025558
    44 3.698016 0.273718 0.726617 0.076016 0.019972 -0.618623
    45 1.748999 0.000000 -0.000002 0.005407 -0.026542 -0.399274
    46 0.959996 0.000000 0.000000 -0.010008 -0.038179 -0.039945
    47 3.768499 0.151954 -0.072746 -0.062719 -0.067954 -0.517126
    48 2.037997 0.000002 -0.000003 -0.002379 0.003959 -0.784490
    49 1.066998 0.000000 -0.000001 0.002322 0.005313 0.098789
    50 3.783906 -0.023949 -0.794455 -0.240220 -0.133201 -0.373294
    51 1.629001 0.000002 0.000000 -0.032267 0.061304 -0.678153
    52 0.955999 0.000000 -0.000002 0.013709 0.068354 0.028219
    53 1.258940 -0.308543 -1.250054 1.289006 0.530147 -0.654402
    54 1.392999 0.000000 -0.000003 -0.001788 0.370555 0.932381
    55 1.099998 -0.000002 -0.000003 0.000000 -0.013127 -0.286815
    56 0.578998 0.704300 0.000000 0.000000 -1.570790 -3.044320
    57 2.577897 -4.075848 1.825547 1.570743 -1.473520 1.570850
    58 -2.577999 -4.075848 1.825549 1.570743 -1.473520 1.570850
    59 2.330669 -1.877754 0.104131 -1.861302 0.207908 -1.328386
  time 53
    0 -15.162057 -16.136379 32.013744 1.582057 -0.008863 0.755441
    1 0.001573 4.212781 -1.689849 1.573267 -0.437120 1.565899
    2 3.837410 0.000000 0.000000 0.000164 -0.005879 0.225278
    3 3.617862 0.000000 0.000000 0.000373 -0.004454 0.059325
    4 7.539774 0.000000 0.000000 0.000000 0.000000 0.155813
    5 3.178292 0.000001 0.000000 2.985903 0.237087 0.207327
    6 2.970271 0.000000 0.000001 0.075385 0.018392 0.413326
    7 -0.000002 0.000001 0.000000 -1.570796 0.000000 -1.326450
    8 2.023705 0.907460 0.852577 2.917770 -1.411318 1.453507
    9 4.983657 -0.000003 0.000000 -2.123221 0.326614 0.025425
    10 11.123049 -0.000003 0.000001 -0.000001 -0.000001 -1.829709
    11 11.208297 -0.000001 0.000013 2.023342 0.162897 1.113326
    12 2.676087 -1.712447 0.000003 1.570795 0.000000 1.570797
    13 2.023707 0.907463 -0.852527 -3.963206 1.468105 -5.653701
    14 4.983657 -0.000004 0.000000 1.762989 0.255042 -0.635970
    15 11.123040 -0.000006 -0.000006 0.000000 0.000001 -1.922032
    16 11.208287 0.000000 -0.000016 -1.289949 -0.042933 0.225569
    17 2.676081 -1.712434 -0.000003 -1.570797 -0.000001 -1.570797
    18 3.984014 -0.000005 -0.000003 -2.190554 -0.789565 -1.122172
    19 15.940006 0.000002 0.000000 0.000000 0.000000 1.051151
    20 17.709558 0.000004 0.000002 -0.043262 -0.108052 -1.242269
    21 6.203996 0.000000 0.000001 -0.011146 0.000934 -0.500515
    22 -3.984013 0.000007 0.000007 -1.476649 -0.399357 -1.625200
    23 15.940015 0.000000 0.000000 0.000000 0.000000 1.565679
    24 17.709572 -0.000006 0.000001 0.518490 0.317847 -1.339147
    25 6.204001 0.000003 -0.000001 -0.078651 -0.006185 -0.498943
    26 3.549240 0.198821 -1.489462 -0.243404 -0.238846 -0.650045
    27 1.218999 -0.000001 0.000002 -0.005148 0.097457 -0.372207
    28 0.679998 -0.000001 -0.000001 0.010882 0.087037 -0.178434
    29 3.698007 0.267555 -0.728972 -0.134788 -0.055400 -0.528045
    30 1.749001 -0.000001 0.000003 0.000019 0.027093 -0.195729
    31 0.959999 -0.000001 0.000001 0.002111 0.039401 -0.243415
    32 3.768500 0.152546 0.071388 0.081121 0.044356 -0.192140
    33 2.037998 0.000001 0.000002 0.002719 -0.125184 -0.869565
    34 1.067001 0.000001 0.000002 -0.001226 -0.005673 -0.104540
    35 3.783924 -0.017260 0.794558 0.278200 0.024319 -0.068321
    36 1.629002 -0.000001 0.000003 -0.139916 -0.078067 -0.495551
    37 0.956000 0.000000 0.000001 0.013251 -0.068451 -0.361769
    38 1.258965 -0.297983 1.252590 -1.308860 -0.527464 -1.022659
    39 1.393001 0.000001 0.000000 -0.062640 -0.512767 0.859579
    40 1.100002 0.000001 -0.000003 0.001641 0.013023 -0.160086
    41 3.549266 0.211411 1.487664 0.174630 0.084219 -0.267784
    42 1.218999 -0.000001 -0.000002 0.024961 -0.094354 -0.578446
    43 0.679999 0.000001 0.000000 -0.028754 -0.082879 0.031529
    44 3.698016 0.273718 0.726617 0.079875 0.004452 -0.471229
    45 1.748999 0.000000 -0.000002 0.005454 -0.026530 -0.401125
    46 0.959996 0.000000 0.000000 -0.010248 -0.038120 -0.033990
    47 3.768499 0.151954 -0.072746 -0.072043 -0.057971 -0.369241
    48 2.037997 0.000002 -0.000003 -0.002379 0.003959 -0.786341
    49 1.066998 0.000000 -0.000001 0.002358 0.005301 0.104718
    50 3.783906 -0.023949 -0.794455 -0.258359 -0.093032 -0.229751
    51 1.629001 0.000002 0.000000 -0.032375 0.061242 -0.680002
    52 0.955999 0.000000 -0.000002 0.014116 0.068270 0.034144
    53 1.258940 -0.308543 -1.250054 1.289006 0.530147 -0.654402
    54 1.392999 0.000000 -0.000003 -0.001788 0.370555 0.932381
    55 1.099998 -0.000002 -0.000003 0.000000 -0.013127 -0.286815
    56 0.578998 0.704300 0.000000 0.000000 -1.570790 -3.044320
    57 2.577897 -4.075848 1.825547 1.570743 -1.473520 1.570850
    58 -2.577999 -4.075848 1.825549 1.570743 -1.473520 1.570850
    59 2.330669 -1.877754 0.104131 -1.861302 0.207908 -1.328386
  time 54
    0 -14.235699 -16.869323 32.087619 1.585634 -0.006555 0.746073
    1 0.001573 4.212781 -1.689849 1.573379 -0.468075 1.565899
    2 3.837410 0.000000 0.000000 -0.000012 -0.006385 0.258066
    3 3.617862 0.000000 0.000000 0.000360 -0.004363 0.085505
    4 7.539774 0.000000 0.000000 0.000000 0.000000 0.155813
    5 3.178292 0.000001 0.000000 2.930406 0.307512 0.194225
    6 2.970271 0.000000 0.000001 0.121554 0.060366 0.553690
    7 -0.000002 0.000001 0.000000 -1.570796 0.000000 -1.326450
    8 2.023705 0.907460 0.852577 2.153203 -1.510302 2.209184
    9 4.983657 -0.000003 0.000000 -2.255821 0.346348 -0.034101
    10 11.123049 -0.000003 0.000001 -0.000001 -0.000001 -1.947664
    11 11.208297 -0.000001 0.000013 2.015193 0.212562 1.089776
    12 2.676087 -1.712447 0.000003 1.570795 0.000000 1.570797
    13 2.023707 0.907463 -0.852527 -4.109043 1.315420 -5.795669
    14 4.983657 -0.000004 0.000000 2.034094 0.323880 -0.454894
    15 11.123040 -0.000006 -0.000006 0.000000 0.000001 -1.776777
    16 11.208287 0.000000 -0.000016 -1.123092 0.152980 0.281031
    17 2.676081 -1.712434 -0.000003 -1.570797 -0.000001 -1.570797
    18 3.984014 -0.000005 -0.000003 -2.209339 -0.761675 -1.108852
    19 15.940006 0.000002 0.000000 0.000000 0.000000 1.084528
    20 17.709558 0.000004 0.000002 -0.042807 -0.090994 -1.296965
    21 6.203996 0.000000 0.000001 -0.011146 0.000934 -0.500515
    22 -3.984013 0.000007 0.000007 -1.549684 -0.601395 -1.517582
    23 15.940015 0.000000 0.000000 0.000000 0.000000 1.785728
    24 17.709572 -0.000006 0.000001 0.436276 0.283006 -1.240960
    25 6.204001 0.000003 -0.000001 -0.078651 -0.006185 -0.498943
    26 3.549240 0.198821 -1.489462 -0.210296 -0.184944 -0.770320
    27 1.218999 -0.000001 0.000002 -0.009390 0.097133 -0.415857
    28 0.679998 -0.000001 -0.000001 0.007079 0.087425 -0.222102
    29 3.698007 0.267555 -0.728972 -0.148990 -0.083906 -0.650511
    30 1.749001 -0.000001 0.000003 -0.001105 0.027081 -0.239215
    31 0.959999 -0.000001 0.000001 0.000393 0.039449 -0.286912
    32 3.768500 0.152546 0.071388 0.079122 0.047844 -0.235505
    33 2.037998 0.000001 0.000002 0.003250 -0.169659 -1.012348
    34 1.067001 0.000001 0.000002 -0.000973 -0.005709 -0.148030
    35 3.783924 -0.017260 0.794558 0.275321 0.045870 -0.100099
    36 1.629002 -0.000001 0.000003 -0.195921 -0.081342 -0.546455
    37 0.956000 0.000000 0.000001 0.020536 -0.066629 -0.469366
    38 1.258965 -0.297983 1.252590 -1.304847 -0.495729 -1.029859
    39 1.393001 0.000001 0.000000 -0.063808 -0.512713 0.861957
    40 1.100002 0.000001 -0.000003 0.001677 0.013023 -0.157999
    41 3.549266 0.211411 1.487664 0.186977 0.057354 -0.107822
    42 1.218999 -0.000001 -0.000002 0.025129 -0.094306 -0.580138
    43 0.679999 0.000001 0.000000 -0.029270 -0.082700 0.037657
    44 3.698016 0.273718 0.726617 0.080139 -0.007184 -0.309654
    45 1.748999 0.000000 -0.000002 0.005502 -0.026530 -0.402818
    46 0.959996 0.000000 0.000000 -0.010476 -0.038060 -0.027915
    47 3.768499 0.151954 -0.072746 -0.080444 -0.045591 -0.207285
    48 2.037997 0.000002 -0.000003 -0.002391 0.003947 -0.788034
    49 1.066998 0.000000 -0.000001 0.002382 0.005289 0.110792
    50 3.783906 -0.023949 -0.794455 -0.270176 -0.051827 -0.072606
    51 1.629001 0.000002 0.000000 -0.032471 0.061192 -0.681687
    52 0.955999 0.000000 -0.000002 0.014536 0.068186 0.040266
    53 1.258940 -0.308543 -1.250054 1.289006 0.530147 -0.654402
    54 1.392999 0.000000 -0.000003 -0.001788 0.370555 0.932381
    55 1.099998 -0.000002 -0.000003 0.000000 -0.013127 -0.286815
    56 0.578998 0.704300 0.000000 0.000000 -1.570790 -3.044320
    57 2.577897 -4.075848 1.825547 1.570743 -1.473520 1.570850
    58 -2.577999 -4.075848 1.825549 1.570743 -1.473520 1.570850
    59 2.330669 -1.877754 0.104131 -1.861302 0.207908 -1.328386
  time 55
    0 -13.467422 -17.784209 32.182600 1.586105 -0.003612 0.744851
    1 0.001573 4.212781 -1.689849 1.573155 -0.496432 1.566477
    2 3.837410 0.000000 0.000000 -0.000052 -0.006416 0.288866
    3 3.617862 0.000000 0.000000 0.000309 -0.003788 0.111582
    4 7.539774 0.000000 0.000000 0.000000 0.000000 0.155813
    5 3.178292 0.000001 0.000000 2.881579 0.368284 0.185898
    6 2.970271 0.000000 0.000001 0.162904 0.099300 0.677619
    7 -0.000002 0.000001 0.000000 -1.570796 0.000000 -1.326450
    8 2.023705 0.907460 0.852577 0.633171 -1.466463 3.726094
    9 4.983657 -0.000003 0.000000 -2.382785 0.340970 -0.124618
    10 11.123049 -0.000003 0.000001 -0.000001 -0.000001 -2.022669
    11 11.208297 -0.000001 0.000013 2.007235 0.252530 1.026882
    12 2.676087 -1.712447 0.000003 1.570795 0.000000 1.570797
    13 2.023707 0.907463 -0.852527 -4.139187 1.199009 -5.815703
    14 4.983657 -0.000004 0.000000 2.280962 0.322114 -0.263800
    15 11.123040 -0.000006 -0.000006 0.000000 0.000001 -1.589948
    16 11.208287 0.000000 -0.000016 -1.021936 0.258352 0.324378
    17 2.676081 -1.712434 -0.000003 -1.570797 -0.000001 -1.570797
    18 3.984014 -0.000005 -0.000003 -2.211256 -0.728870 -1.100420
    19 15.940006 0.000002 0.000000 0.000000 0.000000 1.106338
    20 17.709558 0.000004 0.000002 -0.050543 -0.070162 -1.342400
    21 6.203996 0.000000 0.000001 -0.011146 0.000934 -0.500515
    22 -3.984013 0.000007 0.000007 -1.616105 -0.796276 -1.388499
    23 15.940015 0.000000 0.000000 0.000000 0.000000 1.963699
    24 17.709572 -0.000006 0.000001 0.315447 0.259480 -1.103212
    25 6.204001 0.000003 -0.000001 -0.078651 -0.006185 -0.498943
    26 3.549240 0.198821 -1.489462 -0.189475 -0.151757 -0.842310
    27 1.218999 -0.000001 0.000002 -0.011947 0.096858 -0.442224
    28 0.679998 -0.000001 -0.000001 0.004776 0.087575 -0.248404
    29 3.698007 0.267555 -0.728972 -0.156090 -0.102502 -0.724134
    30 1.749001 -0.000001 0.000003 -0.001803 0.027033 -0.265415
    31 0.959999 -0.000001 0.000001 -0.000623 0.039449 -0.313185
    32 3.768500 0.152546 0.071388 0.077843 0.049893 -0.261652
    33 2.037998 0.000001 0.000002 0.003535 -0.196241 -1.098478
    34 1.067001 0.000001 0.000002 -0.000828 -0.005733 -0.174215
    35 3.783924 -0.017260 0.794558 0.273441 0.058946 -0.119175
    36 1.629002 -0.000001 0.000003 -0.229441 -0.083231 -0.577162
    37 0.956000 0.000000 0.000001 0.024795 -0.065155 -0.534254
    38 1.258965 -0.297983 1.252590 -1.303481 -0.477001 -1.032503
    39 1.393001 0.000001 0.000000 -0.064977 -0.512659 0.864336
    40 1.100002 0.000001 -0.000003 0.001701 0.013023 -0.155912
    41 3.549266 0.211411 1.487664 0.192837 0.039430 0.044312
    42 1.218999 -0.000001 -0.000002 0.025261 -0.094270 -0.581671
    43 0.679999 0.000001 0.000000 -0.029785 -0.082520 0.043943
    44 3.698016 0.273718 0.726617 0.077598 -0.012892 -0.155758
    45 1.748999 0.000000 -0.000002 0.005538 -0.026530 -0.404299
    46 0.959996 0.000000 0.000000 -0.010716 -0.037988 -0.021598
    47 3.768499 0.151954 -0.072746 -0.086484 -0.032683 -0.053248
    48 2.037997 0.000002 -0.000003 -0.002391 0.003947 -0.789568
    49 1.066998 0.000000 -0.000001 0.002430 0.005277 0.117107
    50 3.783906 -0.023949 -0.794455 -0.274353 -0.016130 0.077267
    51 1.629001 0.000002 0.000000 -0.032579 0.061141 -0.683209
    52 0.955999 0.000000 -0.000002 0.014967 0.068090 0.046586
    53 1.258940 -0.308543 -1.250054 1.289006 0.530147 -0.654402
    54 1.392999 0.000000 -0.000003 -0.001788 0.370555 0.932381
    55 1.099998 -0.000002 -0.000003 0.000000 -0.013127 -0.286815
    56 0.578998 0.704300 0.000000 0.000000 -1.570790 -3.044320
    57 2.577897 -4.075848 1.825547 1.570743 -1.473520 1.570850
    58 -2.577999 -4.075848 1.825549 1.570743 -1.473520 1.570850
    59 2.330669 -1.877754 0.104131 -1.861302 0.207908 -1.328386
  time 56
    0 -12.903590 -18.964042 32.245921 1.581681 -0.001077 0.756375
    1 0.001573 4.212781 -1.689849 1.572705 -0.521267 1.567441
    2 3.837410 0.000000 0.000000 -0.000215 -0.006116 0.316627
    3 3.617862 0.000000 0.000000 0.000232 -0.002896 0.136821
    4 7.539774 0.000000 0.000000 0.000000 0.000000 0.155813
    5 3.178292 0.000001 0.000000 2.847261 0.410009 0.184588
    6 2.970271 0.000000 0.000001 0.193176 0.128960 0.766444
    7 -0.000002 0.000001 0.000000 -1.570796 0.000000 -1.326450
    8 2.023705 0.907460 0.852577 0.360337 -1.379891 4.000285
    9 4.983657 -0.000003 0.000000 -2.484815 0.331941 -0.227135
    10 11.123049 -0.000003 0.000001 -0.000001 -0.000001 -2.056972
    11 11.208297 -0.000001 0.000013 1.990458 0.281750 0.923575
    12 2.676087 -1.712447 0.000003 1.570795 0.000000 1.570797
    13 2.023707 0.907463 -0.852527 -4.141962 1.150832 -5.811965
    14 4.983657 -0.000004 0.000000 2.478400 0.318438 -0.073745
    15 11.123040 -0.000006 -0.000006 0.000000 0.000001 -1.393199
    16 11.208287 0.000000 -0.000016 -0.988547 0.271547 0.294969
    17 2.676081 -1.712434 -0.000003 -1.570797 -0.000001 -1.570797
    18 3.984014 -0.000005 -0.000003 -2.193908 -0.692416 -1.094575
    19 15.940006 0.000002 0.000000 0.000000 0.000000 1.119601
    20 17.709558 0.000004 0.000002 -0.067836 -0.042884 -1.379095
    21 6.203996 0.000000 0.000001 -0.011146 0.000934 -0.500515
    22 -3.984013 0.000007 0.000007 -1.677255 -0.986714 -1.241016
    23 15.940015 0.000000 0.000000 0.000000 0.000000 2.099898
    24 17.709572 -0.000006 0.000001 0.204227 0.263516 -0.948314
    25 6.204001 0.000003 -0.000001 -0.078651 -0.006185 -0.498943
    26 3.549240 0.198821 -1.489462 -0.180517 -0.137568 -0.872488
    27 1.218999 -0.000001 0.000002 -0.013019 0.096726 -0.453345
    28 0.679998 -0.000001 -0.000001 0.003812 0.087620 -0.259509
    29 3.698007 0.267555 -0.728972 -0.158738 -0.110643 -0.755133
    30 1.749001 -0.000001 0.000003 -0.002113 0.027021 -0.276496
    31 0.959999 -0.000001 0.000001 -0.001072 0.039449 -0.324237
    32 3.768500 0.152546 0.071388 0.077302 0.050756 -0.272703
    33 2.037998 0.000001 0.000002 0.003658 -0.207015 -1.134837
    34 1.067001 0.000001 0.000002 -0.000756 -0.005745 -0.185307
    35 3.783924 -0.017260 0.794558 0.272601 0.064457 -0.127179
    36 1.629002 -0.000001 0.000003 -0.243035 -0.083966 -0.590139
    37 0.956000 0.000000 0.000001 0.026589 -0.064460 -0.561628
    38 1.258965 -0.297983 1.252590 -1.304420 -0.469872 -1.030373
    39 1.393001 0.000001 0.000000 -0.065898 -0.512605 0.866199
    40 1.100002 0.000001 -0.000003 0.001725 0.013023 -0.154313
    41 3.549266 0.211411 1.487664 0.194974 0.029869 0.167322
    42 1.218999 -0.000001 -0.000002 0.025393 -0.094234 -0.582993
    43 0.679999 0.000001 0.000000 -0.030312 -0.082316 0.050427
    44 3.698016 0.273718 0.726617 0.074626 -0.014066 -0.031557
    45 1.748999 0.000000 -0.000002 0.005574 -0.026518 -0.405622
    46 0.959996 0.000000 0.000000 -0.010955 -0.037916 -0.015160
    47 3.768499 0.151954 -0.072746 -0.089852 -0.021705 0.070988
    48 2.037997 0.000002 -0.000003 -0.002403 0.003947 -0.790891
    49 1.066998 0.000000 -0.000001 0.002454 0.005253 0.123566
    50 3.783906 -0.023949 -0.794455 -0.273523 0.010066 0.198787
    51 1.629001 0.000002 0.000000 -0.032651 0.061104 -0.684513
    52 0.955999 0.000000 -0.000002 0.015399 0.067995 0.053024
    53 1.258940 -0.308543 -1.250054 1.289006 0.530147 -0.654402
    54 1.392999 0.000000 -0.000003 -0.001788 0.370555 0.932381
    55 1.099998 -0.000002 -0.000003 0.000000 -0.013127 -0.286815
    56 0.578998 0.704300 0.000000 0.000000 -1.570790 -3.044320
    57 2.577897 -4.075848 1.825547 1.570743 -1.473520 1.570850
    58 -2.577999 -4.075848 1.825549 1.570743 -1.473520 1.570850
    59 2.330669 -1.877754 0.104131 -1.861302 0.207908 -1.328386
  time 57
    0 -12.566383 -20.513193 32.267028 1.570763 0.000009 0.785340
    1 0.001573 4.212781 -1.689849 1.572098 -0.541596 1.568560
    2 3.837410 0.000000 0.000000 -0.000377 -0.005643 0.340232
    3 3.617862 0.000000 0.000000 0.000155 -0.001897 0.160506
    4 7.539774 0.000000 0.000000 0.000000 0.000000 0.155813
    5 3.178292 0.000001 0.000000 2.835317 0.423235 0.192449
    6 2.970271 0.000000 0.000001 0.205903 0.143031 0.801547
    7 -0.000002 0.000001 0.000000 -1.570796 0.000000 -1.326450
    8 2.023705 0.907460 0.852577 0.273448 -1.329173 4.089701
    9 4.983657 -0.000003 0.000000 -2.553217 0.344065 -0.318408
    10 11.123049 -0.000003 0.000001 -0.000001 -0.000001 -2.049730
    11 11.208297 -0.000001 0.000013 1.955753 0.297676 0.782631
    12 2.676087 -1.712447 0.000003 1.570795 0.000000 1.570797
    13 2.023707 0.907463 -0.852527 -4.130479 1.153677 -5.799791
    14 4.983657 -0.000004 0.000000 2.617113 0.312614 0.070946
    15 11.123040 -0.000006 -0.000006 0.000000 0.000001 -1.262602
    16 11.208287 0.000000 -0.000016 -0.967454 0.210719 0.197693
    17 2.676081 -1.712434 -0.000003 -1.570797 -0.000001 -1.570797
    18 3.984014 -0.000005 -0.000003 -2.154804 -0.653020 -1.089209
    19 15.940006 0.000002 0.000000 0.000000 0.000000 1.125053
    20 17.709558 0.000004 0.000002 -0.096203 -0.006347 -1.406616
    21 6.203996 0.000000 0.000001 -0.011146 0.000934 -0.500515
    22 -3.984013 0.000007 0.000007 -1.726136 -1.170834 -1.087495
    23 15.940015 0.000000 0.000000 0.000000 0.000000 2.192179
    24 17.709572 -0.000006 0.000001 0.146392 0.279867 -0.827521
    25 6.204001 0.000003 -0.000001 -0.078651 -0.006185 -0.498943
    26 3.549240 0.198821 -1.489462 -0.175695 -0.129985 -0.888502
    27 1.218999 -0.000001 0.000002 -0.013586 0.096642 -0.459245
    28 0.679998 -0.000001 -0.000001 0.003294 0.087650 -0.265395
    29 3.698007 0.267555 -0.728972 -0.160053 -0.115029 -0.771589
    30 1.749001 -0.000001 0.000003 -0.002268 0.026997 -0.282356
    31 0.959999 -0.000001 0.000001 -0.001306 0.039437 -0.330117
    32 3.768500 0.152546 0.071388 0.076991 0.051211 -0.278574
    33 2.037998 0.000001 0.000002 0.003719 -0.212743 -1.154163
    34 1.067001 0.000001 0.000002 -0.000719 -0.005757 -0.191186
    35 3.783924 -0.017260 0.794558 0.272141 0.067375 -0.131349
    36 1.629002 -0.000001 0.000003 -0.250259 -0.084344 -0.597039
    37 0.956000 0.000000 0.000001 0.027519 -0.064064 -0.576155
    38 1.258965 -0.297983 1.252590 -1.304932 -0.466073 -1.029234
    39 1.393001 0.000001 0.000000 -0.066376 -0.512587 0.867173
    40 1.100002 0.000001 -0.000003 0.001737 0.013023 -0.153469
    41 3.549266 0.211411 1.487664 0.197079 0.023819 0.240059
    42 1.218999 -0.000001 -0.000002 0.025500 -0.094210 -0.584103
    43 0.679999 0.000001 0.000000 -0.030864 -0.082112 0.057109
    44 3.698016 0.273718 0.726617 0.073727 -0.014785 0.041500
    45 1.748999 0.000000 -0.000002 0.005598 -0.026506 -0.406786
    46 0.959996 0.000000 0.000000 -0.011219 -0.037844 -0.008481
    47 3.768499 0.151954 -0.072746 -0.091194 -0.015102 0.143754
    48 2.037997 0.000002 -0.000003 -0.002403 0.003935 -0.792002
    49 1.066998 0.000000 -0.000001 0.002490 0.005241 0.130218
    50 3.783906 -0.023949 -0.794455 -0.272408 0.025555 0.270192
    51 1.629001 0.000002 0.000000 -0.032723 0.061066 -0.685655
    52 0.955999 0.000000 -0.000002 0.015854 0.067899 0.059700
    53 1.258940 -0.308543 -1.250054 1.289006 0.530147 -0.654402
    54 1.392999 0.000000 -0.000003 -0.001788 0.370555 0.932381
    55 1.099998 -0.000002 -0.000003 0.000000 -0.013127 -0.286815
    56 0.578998 0.704300 0.000000 0.000000 -1.570790 -3.044320
    57 2.577897 -4.075848 1.825547 1.570743 -1.473520 1.570850
    58 -2.577999 -4.075848 1.825549 1.570743 -1.473520 1.570850
    59 2.330669 -1.877754 0.104131 -1.861302 0.207908 -1.328386
  time 58
    0 -12.430770 -22.484368 32.309242 1.555233 0.000009 0.832034
    1 0.001573 4.212781 -1.689849 1.571402 -0.556455 1.569678
    2 3.837410 0.000000 0.000000 -0.000512 -0.005106 0.358630
    3 3.617862 0.000000 0.000000 -0.000012 -0.000959 0.181935
    4 7.539774 0.000000 0.000000 0.000000 0.000000 0.155813
    5 3.178292 0.000001 0.000000 2.848030 0.404450 0.214257
    6 2.970271 0.000000 0.000001 0.199730 0.140939 0.776734
    7 -0.000002 0.000001 0.000000 -1.570796 0.000000 -1.326450
    8 2.023705 0.907460 0.852577 0.207922 -1.322374 4.157074
    9 4.983657 -0.000003 0.000000 -2.574521 0.395657 -0.387477
    10 11.123049 -0.000003 0.000001 -0.000001 -0.000001 -2.005209
    11 11.208297 -0.000001 0.000013 1.892382 0.280258 0.608389
    12 2.676087 -1.712447 0.000003 1.570795 0.000000 1.570797
    13 2.023707 0.907463 -0.852527 -4.114881 1.168993 -5.784645
    14 4.983657 -0.000004 0.000000 2.701031 0.296908 0.113947
    15 11.123040 -0.000006 -0.000006 0.000000 0.000001 -1.248449
    16 11.208287 0.000000 -0.000016 -0.928859 0.098094 0.086551
    17 2.676081 -1.712434 -0.000003 -1.570797 -0.000001 -1.570797
    18 3.984014 -0.000005 -0.000003 -2.094230 -0.604911 -1.084801
    19 15.940006 0.000002 0.000000 0.000000 0.000000 1.108696
    20 17.709558 0.000004 0.000002 -0.136022 0.041157 -1.421588
    21 6.203996 0.000000 0.000001 -0.011146 0.000934 -0.500515
    22 -3.984013 0.000007 0.000007 -1.751440 -1.346216 -0.959562
    23 15.940015 0.000000 0.000000 0.000000 0.000000 2.231651
    24 17.709572 -0.000006 0.000001 0.179847 0.253512 -0.810124
    25 6.204001 0.000003 -0.000001 -0.078651 -0.006185 -0.498943
    26 3.549240 0.198821 -1.489462 -0.174282 -0.127739 -0.893175
    27 1.218999 -0.000001 0.000002 -0.013754 0.096618 -0.460968
    28 0.679998 -0.000001 -0.000001 0.003133 0.087650 -0.267149
    29 3.698007 0.267555 -0.728972 -0.160438 -0.116324 -0.776469
    30 1.749001 -0.000001 0.000003 -0.002327 0.026997 -0.284129
    31 0.959999 -0.000001 0.000001 -0.001364 0.039437 -0.331869
    32 3.768500 0.152546 0.071388 0.076909 0.051343 -0.280300
    33 2.037998 0.000001 0.000002 0.003740 -0.214421 -1.159875
    34 1.067001 0.000001 0.000002 -0.000701 -0.005757 -0.192896
    35 3.783924 -0.017260 0.794558 0.272001 0.068224 -0.132547
    36 1.629002 -0.000001 0.000003 -0.252383 -0.084469 -0.599049
    37 0.956000 0.000000 0.000001 0.027778 -0.063944 -0.580448
    38 1.258965 -0.297983 1.252590 -1.305103 -0.464956 -1.028904
    39 1.393001 0.000001 0.000000 -0.066517 -0.512587 0.867460
    40 1.100002 0.000001 -0.000003 0.001737 0.013023 -0.153203
    41 3.549266 0.211411 1.487664 0.201902 0.015869 0.241663
    42 1.218999 -0.000001 -0.000002 0.025584 -0.094186 -0.585055
    43 0.679999 0.000001 0.000000 -0.031427 -0.081909 0.063949
    44 3.698016 0.273718 0.726617 0.076735 -0.019442 0.041910
    45 1.748999 0.000000 -0.000002 0.005634 -0.026506 -0.407685
    46 0.959996 0.000000 0.000000 -0.011471 -0.037760 -0.001640
    47 3.768499 0.151954 -0.072746 -0.091182 -0.015138 0.143219
    48 2.037997 0.000002 -0.000003 -0.002415 0.003935 -0.792954
    49 1.066998 0.000000 -0.000001 0.002526 0.005229 0.137063
    50 3.783906 -0.023949 -0.794455 -0.275240 0.029841 0.269617
    51 1.629001 0.000002 0.000000 -0.032771 0.061041 -0.686579
    52 0.955999 0.000000 -0.000002 0.016322 0.067791 0.066572
    53 1.258940 -0.308543 -1.250054 1.289006 0.530147 -0.654402
    54 1.392999 0.000000 -0.000003 -0.001788 0.370555 0.932381
    55 1.099998 -0.000002 -0.000003 0.000000 -0.013127 -0.286815
    56 0.578998 0.704300 0.000000 0.000000 -1.570790 -3.044320
    57 2.577897 -4.075848 1.825547 1.570743 -1.473520 1.570850
    58 -2.577999 -4.075848 1.825549 1.570743 -1.473520 1.570850
    59 2.330669 -1.877754 0.104131 -1.861302 0.207908 -1.328386
  time 59
    0 -12.397823 -24.850717 32.446437 1.538479 0.000009 0.891666
    1 0.001573 4.212781 -1.689849 1.570975 -0.564922 1.570488
    2 3.837410 0.000000 0.000000 -0.000620 -0.004679 0.370737
    3 3.617862 0.000000 0.000000 -0.000012 -0.000263 0.200356
    4 7.539774 0.000000 0.000000 0.000000 0.000000 0.155813
    5 3.178292 0.000001 0.000000 2.878900 0.361239 0.249749
    6 2.970271 0.000000 0.000001 0.180112 0.128349 0.707440
    7 -0.000002 0.000001 0.000000 -1.570796 0.000000 -1.326450
    8 2.023705 0.907460 0.852577 0.116626 -1.344432 4.250420
    9 4.983657 -0.000003 0.000000 -2.538887 0.469265 -0.423193
    10 11.123049 -0.000003 0.000001 -0.000001 -0.000001 -1.925544
    11 11.208297 -0.000001 0.000013 1.815590 0.214624 0.422195
    12 2.676087 -1.712447 0.000003 1.570795 0.000000 1.570797
    13 2.023707 0.907463 -0.852527 -4.093732 1.195120 -5.764802
    14 4.983657 -0.000004 0.000000 2.748355 0.300202 0.090982
    15 11.123040 -0.000006 -0.000006 0.000000 0.000001 -1.310115
    16 11.208287 0.000000 -0.000016 -0.879762 -0.050139 -0.018680
    17 2.676081 -1.712434 -0.000003 -1.570797 -0.000001 -1.570797
    18 3.984014 -0.000005 -0.000003 -2.020717 -0.544402 -1.078477
    19 15.940006 0.000002 0.000000 0.000000 0.000000 1.058813
    20 17.709558 0.000004 0.000002 -0.184488 0.097600 -1.421761
    21 6.203996 0.000000 0.000001 -0.011146 0.000934 -0.500515
    22 -3.984013 0.000007 0.000007 -1.667958 -1.499584 -0.963491
    23 15.940015 0.000000 0.000000 0.000000 0.000000 2.215249
    24 17.709572 -0.000006 0.000001 0.279619 0.221465 -0.913226
    25 6.204001 0.000003 -0.000001 -0.078651 -0.006185 -0.498943
    26 3.549240 0.198821 -1.489462 -0.175412 -0.129536 -0.889427
    27 1.218999 -0.000001 0.000002 -0.013616 0.096630 -0.459558
    28 0.679998 -0.000001 -0.000001 0.003258 0.087650 -0.265771
    29 3.698007 0.267555 -0.728972 -0.160140 -0.115288 -0.772594
    30 1.749001 -0.000001 0.000003 -0.002288 0.026997 -0.282701
    31 0.959999 -0.000001 0.000001 -0.001306 0.039437 -0.330451
    32 3.768500 0.152546 0.071388 0.076974 0.051235 -0.278919
    33 2.037998 0.000001 0.000002 0.003740 -0.213079 -1.155285
    34 1.067001 0.000001 0.000002 -0.000719 -0.005757 -0.191520
    35 3.783924 -0.017260 0.794558 0.272081 0.067483 -0.131445
    36 1.629002 -0.000001 0.000003 -0.250676 -0.084365 -0.597404
    37 0.956000 0.000000 0.000001 0.027562 -0.064040 -0.577026
    38 1.258965 -0.297983 1.252590 -1.304975 -0.465850 -1.029161
    39 1.393001 0.000001 0.000000 -0.066411 -0.512587 0.867231
    40 1.100002 0.000001 -0.000003 0.001737 0.013023 -0.153425
    41 3.549266 0.211411 1.487664 0.212804 0.005420 0.073387
    42 1.218999 -0.000001 -0.000002 0.023918 -0.094629 -0.567345
    43 0.679999 0.000001 0.000000 -0.033476 -0.081082 0.089174
    44 3.698016 0.273718 0.726617 0.089031 -0.031783 -0.129853
    45 1.748999 0.000000 -0.000002 0.005167 -0.026590 -0.390016
    46 0.959996 0.000000 0.000000 -0.012417 -0.037460 0.023507
    47 3.768499 0.151954 -0.072746 -0.087203 -0.030694 -0.030348
    48 2.037997 0.000002 -0.000003 -0.002343 0.003971 -0.775285
    49 1.066998 0.000000 -0.000001 0.002657 0.005157 0.162178
    50 3.783906 -0.023949 -0.794455 -0.285669 0.006214 0.098715
    51 1.629001 0.000002 0.000000 -0.031692 0.061605 -0.668913
    52 0.955999 0.000000 -0.000002 0.018023 0.067359 0.091773
    53 1.258940 -0.308543 -1.250054 1.289006 0.530147 -0.654402
    54 1.392999 0.000000 -0.000003 -0.001788 0.370555 0.932381
    55 1.099998 -0.000002 -0.000003 0.000000 -0.013127 -0.286815
    56 0.578998 0.704300 0.000000 0.000000 -1.570790 -3.044320
    57 2.577897 -4.075848 1.825547 1.570743 -1.473520 1.570850
    58 -2.577999 -4.075848 1.825549 1.570743 -1.473520 1.570850
    59 2.330669 -1.877754 0.104131 -1.861302 0.207908 -1.328386
  time 60
    0 -12.454167 -27.507965 32.562525 1.520502 0.000009 0.961264
    1 0.001573 4.212781 -1.689849 1.570795 -0.566012 1.570797
    2 3.837410 0.000000 0.000000 -0.000647 -0.004506 0.375451
    3 3.617862 0.000000 0.000000 -0.000012 0.000009 0.215069
    4 7.539774 0.000000 0.000000 0.000000 0.000000 0.155813
    5 3.178292 0.000001 0.000000 2.922453 0.300989 0.293627
    6 2.970271 0.000000 0.000001 0.150981 0.108240 0.607004
    7 -0.000002 0.000001 0.000000 -1.570796 0.000000 -1.326450
    8 2.023705 0.907460 0.852577 -0.023143 -1.383607 4.394080
    9 4.983657 -0.000003 0.000000 -2.448321 0.535010 -0.404485
    10 11.123049 -0.000003 0.000001 -0.000001 -0.000001 -1.807365
    11 11.208297 -0.000001 0.000013 1.748864 0.115646 0.249377
    12 2.676087 -1.712447 0.000003 1.570795 0.000000 1.570797
    13 2.023707 0.907463 -0.852527 -4.064737 1.230162 -5.737482
    14 4.983657 -0.000004 0.000000 2.768855 0.334048 0.051100
    15 11.123040 -0.000006 -0.000006 0.000000 0.000001 -1.375445
    16 11.208287 0.000000 -0.000016 -0.829229 -0.213532 -0.118073
    17 2.676081 -1.712434 -0.000003 -1.570797 -0.000001 -1.570797
    18 3.984014 -0.000005 -0.000003 -1.942220 -0.474771 -1.065541
    19 15.940006 0.000002 0.000000 0.000000 0.000000 0.975848
    20 17.709558 0.000004 0.000002 -0.238566 0.160311 -1.406616
    21 6.203996 0.000000 0.000001 -0.011146 0.000934 -0.500515
    22 -3.984013 0.000007 0.000007 0.849155 -1.518983 -3.427194
    23 15.940015 0.000000 0.000000 0.000000 0.000000 2.151940
    24 17.709572 -0.000006 0.000001 0.362782 0.264723 -1.078100
    25 6.204001 0.000003 -0.000001 -0.078651 -0.006185 -0.498943
    26 3.549240 0.198821 -1.489462 -0.178257 -0.134001 -0.880032
    27 1.218999 -0.000001 0.000002 -0.013279 0.096690 -0.456112
    28 0.679998 -0.000001 -0.000001 0.003562 0.087635 -0.262306
    29 3.698007 0.267555 -0.728972 -0.159351 -0.112699 -0.762883
    30 1.749001 -0.000001 0.000003 -0.002171 0.027009 -0.279254
    31 0.959999 -0.000001 0.000001 -0.001189 0.039449 -0.326989
    32 3.768500 0.152546 0.071388 0.077155 0.050972 -0.275465
    33 2.037998 0.000001 0.000002 0.003699 -0.209711 -1.143965
    34 1.067001 0.000001 0.000002 -0.000737 -0.005757 -0.188059
    35 3.783924 -0.017260 0.794558 0.272341 0.065723 -0.128809
    36 1.629002 -0.000001 0.000003 -0.246429 -0.084134 -0.593383
    37 0.956000 0.000000 0.000001 0.027021 -0.064280 -0.568472
    38 1.258965 -0.297983 1.252590 -1.304676 -0.468084 -1.029822
    39 1.393001 0.000001 0.000000 -0.066128 -0.512605 0.866657
    40 1.100002 0.000001 -0.000003 0.001725 0.013023 -0.153913
    41 3.549266 0.211411 1.487664 0.210181 0.027577 -0.282176
    42 1.218999 -0.000001 -0.000002 0.019712 -0.095588 -0.523045
    43 0.679999 0.000001 0.000000 -0.037587 -0.079260 0.140494
    44 3.698016 0.273718 0.726617 0.102166 -0.028342 -0.488226
    45 1.748999 0.000000 -0.000002 0.003980 -0.026794 -0.345951
    46 0.959996 0.000000 0.000000 -0.014311 -0.036777 0.074728
    47 3.768499 0.151954 -0.072746 -0.070880 -0.059385 -0.388984
    48 2.037997 0.000002 -0.000003 -0.002163 0.004079 -0.731219
    49 1.066998 0.000000 -0.000001 0.002909 0.005013 0.213371
    50 3.783906 -0.023949 -0.794455 -0.277143 -0.066248 -0.252402
    51 1.629001 0.000002 0.000000 -0.028948 0.062934 -0.624775
    52 0.955999 0.000000 -0.000002 0.021439 0.066341 0.143042
    53 1.258940 -0.308543 -1.250054 1.289006 0.530147 -0.654402
    54 1.392999 0.000000 -0.000003 -0.001788 0.370555 0.932381
    55 1.099998 -0.000002 -0.000003 0.000000 -0.013127 -0.286815
    56 0.578998 0.704300 0.000000 0.000000 -1.570790 -3.044320
    57 2.577897 -4.075848 1.825547 1.570743 -1.473520 1.570850
    58 -2.577999 -4.075848 1.825549 1.570743 -1.473520 1.570850
    59 2.330669 -1.877754 0.104131 -1.861302 0.207908 -1.328386
  time 61
    0 -12.597333 -30.356760 32.583632 1.501677 0.000009 1.037954
    1 0.001573 4.212781 -1.689849 1.570660 -0.557042 1.571067
    2 3.837410 0.000000 0.000000 -0.000620 -0.004158 0.369833
    3 3.617862 0.000000 0.000000 -0.000012 0.000236 0.226006
    4 7.539774 0.000000 0.000000 0.000000 0.000000 0.155813
    5 3.178292 0.000001 0.000000 2.973304 0.230965 0.340503
    6 2.970271 0.000000 0.000001 0.116227 0.083612 0.488995
    7 -0.000002 0.000001 0.000000 -1.570796 0.000000 -1.326450
    8 2.023705 0.907460 0.852577 -0.250473 -1.427011 4.628402
    9 4.983657 -0.000003 0.000000 -2.310944 0.558397 -0.325967
    10 11.123049 -0.000003 0.000001 -0.000001 -0.000001 -1.647417
    11 11.208297 -0.000001 0.000013 1.706681 0.010175 0.100108
    12 2.676087 -1.712447 0.000003 1.570795 0.000000 1.570797
    13 2.023707 0.907463 -0.852527 -4.023685 1.272269 -5.698180
    14 4.983657 -0.000004 0.000000 2.773933 0.404557 0.040420
    15 11.123040 -0.000006 -0.000006 0.000000 0.000001 -1.371149
    16 11.208287 0.000000 -0.000016 -0.792698 -0.362093 -0.214620
    17 2.676081 -1.712434 -0.000003 -1.570797 -0.000001 -1.570797
    18 3.984014 -0.000005 -0.000003 -1.864969 -0.398734 -1.043215
    19 15.940006 0.000002 0.000000 0.000000 0.000000 0.859947
    20 17.709558 0.000004 0.000002 -0.296058 0.227152 -1.375460
    21 6.203996 0.000000 0.000001 -0.011146 0.000934 -0.500515
    22 -3.984013 0.000007 0.000007 0.910209 -1.440646 -3.457860
    23 15.940015 0.000000 0.000000 0.000000 0.000000 2.051534
    24 17.709572 -0.000006 0.000001 0.330573 0.347169 -1.204005
    25 6.204001 0.000003 -0.000001 -0.078651 -0.006185 -0.498943
    26 3.549240 0.198821 -1.489462 -0.181929 -0.139788 -0.867766
    27 1.218999 -0.000001 0.000002 -0.012835 0.096750 -0.451570
    28 0.679998 -0.000001 -0.000001 0.003955 0.087620 -0.257797
    29 3.698007 0.267555 -0.728972 -0.158335 -0.109363 -0.750301
    30 1.749001 -0.000001 0.000003 -0.002055 0.027021 -0.274772
    31 0.959999 -0.000001 0.000001 -0.000993 0.039449 -0.322527
    32 3.768500 0.152546 0.071388 0.077384 0.050624 -0.270976
    33 2.037998 0.000001 0.000002 0.003638 -0.205337 -1.129176
    34 1.067001 0.000001 0.000002 -0.000774 -0.005745 -0.183556
    35 3.783924 -0.017260 0.794558 0.272661 0.063423 -0.125406
    36 1.629002 -0.000001 0.000003 -0.240912 -0.083840 -0.588083
    37 0.956000 0.000000 0.000001 0.026308 -0.064568 -0.557335
    38 1.258965 -0.297983 1.252590 -1.304292 -0.470967 -1.030703
    39 1.393001 0.000001 0.000000 -0.065756 -0.512623 0.865884
    40 1.100002 0.000001 -0.000003 0.001725 0.013023 -0.154579
    41 3.549266 0.211411 1.487664 0.150138 0.106170 -0.716602
    42 1.218999 -0.000001 -0.000002 0.014439 -0.096511 -0.468171
    43 0.679999 0.000001 0.000000 -0.042393 -0.076803 0.202172
    44 3.698016 0.273718 0.726617 0.087689 0.012854 -0.922164
    45 1.748999 0.000000 -0.000002 0.002518 -0.026974 -0.291253
    46 0.959996 0.000000 0.000000 -0.016552 -0.035831 0.136329
    47 3.768499 0.151954 -0.072746 -0.039385 -0.083642 -0.822847
    48 2.037997 0.000002 -0.000003 -0.001935 0.004199 -0.676520
    49 1.066998 0.000000 -0.000001 0.003221 0.004821 0.274928
    50 3.783906 -0.023949 -0.794455 -0.209076 -0.172008 -0.678167
    51 1.629001 0.000002 0.000000 -0.025460 0.064425 -0.570038
    52 0.955999 0.000000 -0.000002 0.025490 0.064891 0.204740
    53 1.258940 -0.308543 -1.250054 1.289006 0.530147 -0.654402
    54 1.392999 0.000000 -0.000003 -0.001788 0.370555 0.932381
    55 1.099998 -0.000002 -0.000003 0.000000 -0.013127 -0.286815
    56 0.578998 0.704300 0.000000 0.000000 -1.570790 -3.044320
    57 2.577897 -4.075848 1.825547 1.570743 -1.473520 1.570850
    58 -2.577999 -4.075848 1.825549 1.570743 -1.473520 1.570850
    59 2.330669 -1.877754 0.104131 -1.861302 0.207908 -1.328386
  time 62
    0 -12.793778 -33.302538 32.404223 1.482006 0.000009 1.118860
    1 0.001573 4.212781 -1.689849 1.570301 -0.537530 1.571799
    2 3.837410 0.000000 0.000000 -0.000539 -0.003242 0.353341
    3 3.617862 0.000000 0.000000 -0.000012 0.000841 0.233935
    4 7.539774 0.000000 0.000000 0.000000 0.000000 0.155813
    5 3.178292 0.000001 0.000000 3.026064 0.158533 0.385080
    6 2.970271 0.000000 0.000001 0.079866 0.057484 0.366796
    7 -0.000002 0.000001 0.000000 -1.570796 0.000000 -1.326450
    8 2.023705 0.907460 0.852577 -0.602628 -1.460810 4.991049
    9 4.983657 -0.000003 0.000000 -2.160670 0.511725 -0.208144
    10 11.123049 -0.000003 0.000001 -0.000001 -0.000001 -1.437165
    11 11.208297 -0.000001 0.000013 1.690958 -0.072087 -0.036851
    12 2.676087 -1.712447 0.000003 1.570795 0.000000 1.570797
    13 2.023707 0.907463 -0.852527 -3.962919 1.319355 -5.638843
    14 4.983657 -0.000004 0.000000 2.674112 0.459550 -0.082440
    15 11.123040 -0.000006 -0.000006 0.000000 0.000001 -1.546163
    16 11.208287 0.000000 -0.000016 -0.882993 -0.341739 -0.040281
    17 2.676081 -1.712434 -0.000003 -1.570797 -0.000001 -1.570797
    18 3.984014 -0.000005 -0.000003 -1.793277 -0.317373 -1.010731
    19 15.940006 0.000002 0.000000 0.000000 0.000000 0.709931
    20 17.709558 0.000004 0.000002 -0.355066 0.296522 -1.327082
    21 6.203996 0.000000 0.000001 -0.011146 0.000934 -0.500515
    22 -3.984013 0.000007 0.000007 0.806791 -1.387384 -3.344013
    23 15.940015 0.000000 0.000000 0.000000 0.000000 1.926296
    24 17.709572 -0.000006 0.000001 0.184771 0.387529 -1.276146
    25 6.204001 0.000003 -0.000001 -0.078651 -0.006185 -0.498943
    26 3.549240 0.198821 -1.489462 -0.185561 -0.145548 -0.855500
    27 1.218999 -0.000001 0.000002 -0.012406 0.096798 -0.447080
    28 0.679998 -0.000001 -0.000001 0.004365 0.087590 -0.253246
    29 3.698007 0.267555 -0.728972 -0.157265 -0.106040 -0.737720
    30 1.749001 -0.000001 0.000003 -0.001939 0.027021 -0.270241
    31 0.959999 -0.000001 0.000001 -0.000818 0.039449 -0.318023
    32 3.768500 0.152546 0.071388 0.077614 0.050276 -0.266487
    33 2.037998 0.000001 0.000002 0.003597 -0.200951 -1.114388
    34 1.067001 0.000001 0.000002 -0.000792 -0.005745 -0.179094
    35 3.783924 -0.017260 0.794558 0.272981 0.061123 -0.122003
    36 1.629002 -0.000001 0.000003 -0.235395 -0.083546 -0.582828
    37 0.956000 0.000000 0.000001 0.025573 -0.064855 -0.546230
    38 1.258965 -0.297983 1.252590 -1.303908 -0.473873 -1.031548
    39 1.393001 0.000001 0.000000 -0.065384 -0.512623 0.865138
    40 1.100002 0.000001 -0.000003 0.001713 0.013023 -0.155246
    41 3.549266 0.211411 1.487664 0.026267 0.200807 -1.120737
    42 1.218999 -0.000001 -0.000002 0.009657 -0.097110 -0.418532
    43 0.679999 0.000001 0.000000 -0.046659 -0.074298 0.258671
    44 3.698016 0.273718 0.726617 0.034897 0.071063 -1.319549
    45 1.748999 0.000000 -0.000002 0.001176 -0.027070 -0.241898
    46 0.959996 0.000000 0.000000 -0.018541 -0.034836 0.192740
    47 3.768499 0.151954 -0.072746 -0.003946 -0.092342 -1.220702
    48 2.037997 0.000002 -0.000003 -0.001719 0.004282 -0.627163
    49 1.066998 0.000000 -0.000001 0.003484 0.004641 0.331327
    50 3.783906 -0.023949 -0.794455 -0.088250 -0.262697 -1.078038
    51 1.629001 0.000002 0.000000 -0.022248 0.065603 -0.520574
    52 0.955999 0.000000 -0.000002 0.029109 0.063356 0.261184
    53 1.258940 -0.308543 -1.250054 1.289006 0.530147 -0.654402
    54 1.392999 0.000000 -0.000003 -0.001788 0.370555 0.932381
    55 1.099998 -0.000002 -0.000003 0.000000 -0.013127 -0.286815
    56 0.578998 0.704300 0.000000 0.000000 -1.570790 -3.044320
    57 2.577897 -4.075848 1.825547 1.570743 -1.473520 1.570850
    58 -2.577999 -4.075848 1.825549 1.570743 -1.473520 1.570850
    59 2.330669 -1.877754 0.104131 -1.861302 0.207908 -1.328386
  time 63
    0 -13.041107 -36.255225 31.939870 1.461487 0.000009 1.201109
    1 0.001573 4.212781 -1.689849 1.569874 -0.509782 1.572725
    2 3.837410 0.000000 0.000000 -0.000431 -0.001963 0.328553
    3 3.617862 0.000000 0.000000 -0.000012 0.001673 0.239249
    4 7.539774 0.000000 0.000000 0.000000 0.000000 0.155813
    5 3.178292 0.000001 0.000000 3.075319 0.091017 0.421969
    6 2.970271 0.000000 0.000001 0.045704 0.032837 0.253886
    7 -0.000002 0.000001 0.000000 -1.570796 0.000000 -1.326450
    8 2.023705 0.907460 0.852577 -1.005460 -1.477531 5.406695
    9 4.983657 -0.000003 0.000000 -2.045743 0.379119 -0.079643
    10 11.123049 -0.000003 0.000001 -0.000001 -0.000001 -1.157073
    11 11.208297 -0.000001 0.000013 1.701408 -0.107449 -0.186547
    12 2.676087 -1.712447 0.000003 1.570795 0.000000 1.570797
    13 2.023707 0.907463 -0.852527 -3.866843 1.368812 -5.543463
    14 4.983657 -0.000004 0.000000 2.549002 0.521610 -0.170710
    15 11.123040 -0.000006 -0.000006 0.000000 0.000001 -1.659511
    16 11.208287 0.000000 -0.000016 -0.968352 -0.299160 0.121652
    17 2.676081 -1.712434 -0.000003 -1.570797 -0.000001 -1.570797
    18 3.984014 -0.000005 -0.000003 -1.730498 -0.228081 -0.968569
    19 15.940006 0.000002 0.000000 0.000000 0.000000 0.520054
    20 17.709558 0.000004 0.000002 -0.414909 0.367637 -1.258366
    21 6.203996 0.000000 0.000001 -0.011146 0.000934 -0.500515
    22 -3.984013 0.000007 0.000007 0.702510 -1.344193 -3.247129
    23 15.940015 0.000000 0.000000 0.000000 0.000000 1.788334
    24 17.709572 -0.000006 0.000001 -0.000003 0.357759 -1.338902
    25 6.204001 0.000003 -0.000001 -0.078651 -0.006185 -0.498943
    26 3.549240 0.198821 -1.489462 -0.188365 -0.149987 -0.846058
    27 1.218999 -0.000001 0.000002 -0.012069 0.096846 -0.443581
    28 0.679998 -0.000001 -0.000001 0.004651 0.087590 -0.249781
    29 3.698007 0.267555 -0.728972 -0.156423 -0.103509 -0.728009
    30 1.749001 -0.000001 0.000003 -0.001842 0.027033 -0.266794
    31 0.959999 -0.000001 0.000001 -0.000681 0.039449 -0.314562
    32 3.768500 0.152546 0.071388 0.077778 0.050001 -0.263033
    33 2.037998 0.000001 0.000002 0.003556 -0.197583 -1.103016
    34 1.067001 0.000001 0.000002 -0.000810 -0.005745 -0.175633
    35 3.783924 -0.017260 0.794558 0.273201 0.059363 -0.119367
    36 1.629002 -0.000001 0.000003 -0.231148 -0.083315 -0.578807
    37 0.956000 0.000000 0.000001 0.025033 -0.065071 -0.537676
    38 1.258965 -0.297983 1.252590 -1.303609 -0.476107 -1.032246
    39 1.393001 0.000001 0.000000 -0.065083 -0.512659 0.864565
    40 1.100002 0.000001 -0.000003 0.001701 0.013023 -0.155734
    41 3.549266 0.211411 1.487664 0.026267 0.200807 -1.120737
    42 1.218999 -0.000001 -0.000002 0.009657 -0.097110 -0.418532
    43 0.679999 0.000001 0.000000 -0.046659 -0.074298 0.258671
    44 3.698016 0.273718 0.726617 0.034897 0.071063 -1.319549
    45 1.748999 0.000000 -0.000002 0.001176 -0.027070 -0.241898
    46 0.959996 0.000000 0.000000 -0.018541 -0.034836 0.192700
    47 3.768499 0.151954 -0.072746 -0.003946 -0.092342 -1.220702
    48 2.037997 0.000002 -0.000003 -0.001719 0.004282 -0.627163
    49 1.066998 0.000000 -0.000001 0.003484 0.004641 0.331327
    50 3.783906 -0.023949 -0.794455 -0.088250 -0.262697 -1.078038
    51 1.629001 0.000002 0.000000 -0.022248 0.065603 -0.520574
    52 0.955999 0.000000 -0.000002 0.029109 0.063356 0.261184
    53 1.258940 -0.308543 -1.250054 1.289006 0.530147 -0.654402
    54 1.392999 0.000000 -0.000003 -0.001788 0.370555 0.932381
    55 1.099998 -0.000002 -0.000003 0.000000 -0.013127 -0.286815
    56 0.578998 0.704300 0.000000 0.000000 -1.570790 -3.044320
    57 2.577897 -4.075848 1.825547 1.570743 -1.473520 1.570850
    58 -2.577999 -4.075848 1.825549 1.570743 -1.473520 1.570850
    59 2.330669 -1.877754 0.104131 -1.861302 0.207908 -1.328386
  time 64
    0 -13.305285 -39.128514 31.085039 1.440404 0.000009 1.281824
    1 0.001573 4.212781 -1.689849 1.569626 -0.476144 1.573651
    2 3.837410 0.000000 0.000000 -0.000296 -0.000526 0.298049
    3 3.617862 0.000000 0.000000 0.000129 0.002550 0.242394
    4 7.539774 0.000000 0.000000 0.000000 0.000000 0.155813
    5 3.178292 0.000001 0.000000 3.115623 0.035725 0.445873
    6 2.970271 0.000000 0.000001 0.017800 0.012669 0.163785
    7 -0.000002 0.000001 0.000000 -1.570796 0.000000 -1.326450
    8 2.023705 0.907460 0.852577 5.028399 -1.488125 -0.613701
    9 4.983657 -0.000003 0.000000 -2.008772 0.133944 0.059345
    10 11.123049 -0.000003 0.000001 -0.000001 -0.000001 -0.739882
    11 11.208297 -0.000001 0.000013 1.747810 -0.075816 -0.394441
    12 2.676087 -1.712447 0.000003 1.570795 0.000000 1.570797
    13 2.023707 0.907463 -0.852527 -3.701772 1.417226 -5.378394
    14 4.983657 -0.000004 0.000000 2.427340 0.589254 -0.216640
    15 11.123040 -0.000006 -0.000006 0.000000 0.000001 -1.720608
    16 11.208287 0.000000 -0.000016 -1.033605 -0.247736 0.276506
    17 2.676081 -1.712434 -0.000003 -1.570797 -0.000001 -1.570797
    18 3.984014 -0.000005 -0.000003 -1.679125 -0.113170 -0.918454
    19 15.940006 0.000002 0.000000 0.000000 0.000000 0.257601
    20 17.709558 0.000004 0.000002 -0.475814 0.440496 -1.153734
    21 6.203996 0.000000 0.000001 -0.011146 0.000934 -0.500515
    22 -3.984013 0.000007 0.000007 0.619316 -1.305394 -3.185414
    23 15.940015 0.000000 0.000000 0.000000 0.000000 1.643857
    24 17.709572 -0.000006 0.000001 -0.175997 0.242025 -1.375366
    25 6.204001 0.000003 -0.000001 -0.078651 -0.006185 -0.498943
    26 3.549240 0.198821 -1.489462 -0.189475 -0.151757 -0.842310
    27 1.218999 -0.000001 0.000002 -0.011947 0.096858 -0.442224
    28 0.679998 -0.000001 -0.000001 0.004776 0.087575 -0.248404
    29 3.698007 0.267555 -0.728972 -0.156090 -0.102502 -0.724134
    30 1.749001 -0.000001 0.000003 -0.001803 0.027033 -0.265415
    31 0.959999 -0.000001 0.000001 -0.000623 0.039449 -0.313185
    32 3.768500 0.152546 0.071388 0.077843 0.049893 -0.261652
    33 2.037998 0.000001 0.000002 0.003535 -0.196241 -1.098478
    34 1.067001 0.000001 0.000002 -0.000828 -0.005733 -0.174215
    35 3.783924 -0.017260 0.794558 0.273281 0.058622 -0.118264
    36 1.629002 -0.000001 0.000003 -0.229441 -0.083231 -0.577162
    37 0.956000 0.000000 0.000001 0.024795 -0.065155 -0.534254
    38 1.258965 -0.297983 1.252590 -1.303481 -0.477001 -1.032503
    39 1.393001 0.000001 0.000000 -0.064977 -0.512659 0.864336
    40 1.100002 0.000001 -0.000003 0.001701 0.013023 -0.155912
    41 3.549266 0.211411 1.487664 0.026267 0.200807 -1.120737
    42 1.218999 -0.000001 -0.000002 0.009657 -0.097110 -0.418532
    43 0.679999 0.000001 0.000000 -0.046659 -0.074298 0.258671
    44 3.698016 0.273718 0.726617 0.034897 0.071063 -1.319549
    45 1.748999 0.000000 -0.000002 0.001176 -0.027070 -0.241898
    46 0.959996 0.000000 0.000000 -0.018541 -0.034836 0.192700
    47 3.768499 0.151954 -0.072746 -0.003946 -0.092342 -1.220702
    48 2.037997 0.000002 -0.000003 -0.001719 0.004282 -0.627163
    49 1.066998 0.000000 -0.000001 0.003484 0.004641 0.331327
    50 3.783906 -0.023949 -0.794455 -0.088250 -0.262697 -1.078038
    51 1.629001 0.000002 0.000000 -0.022248 0.065603 -0.520574
    52 0.955999 0.000000 -0.000002 0.029109 0.063356 0.261184
    53 1.258940 -0.308543 -1.250054 1.289006 0.530147 -0.654402
    54 1.392999 0.000000 -0.000003 -0.001788 0.370555 0.932381
    55 1.099998 -0.000002 -0.000003 0.000000 -0.013127 -0.286815
    56 0.578998 0.704300 0.000000 0.000000 -1.570790 -3.044320
    57 2.577897 -4.075848 1.825547 1.570743 -1.473520 1.570850
    58 -2.577999 -4.075848 1.825549 1.570743 -1.473520 1.570850
    59 2.330669 -1.877754 0.104131 -1.861302 0.207908 -1.328386
  time 65
    0 -13.578525 -41.817520 29.892497 1.418756 0.000009 1.358034
    1 0.001573 4.212781 -1.689849 1.569424 -0.438902 1.574461
    2 3.837410 0.000000 0.000000 -0.000161 0.000864 0.264407
    3 3.617862 0.000000 0.000000 0.000180 0.003322 0.243795
    4 7.539774 0.000000 0.000000 0.000000 0.000000 0.155813
    5 3.178292 0.000001 0.000000 3.141590 0.000000 0.451435
    6 2.970271 0.000000 0.000001 0.000000 0.000000 0.109880
    7 -0.000002 0.000001 0.000000 -1.570796 0.000000 -1.326450
    8 2.023705 0.907460 0.852577 4.962298 -1.509907 -0.532718
    9 4.983657 -0.000003 0.000000 -2.066378 -0.005156 0.110651
    10 11.123049 -0.000003 0.000001 -0.000001 -0.000001 -0.778396
    11 11.208297 -0.000001 0.000013 1.530663 0.108319 -0.330835
    12 2.676087 -1.712447 0.000003 1.570795 0.000000 1.570797
    13 2.023707 0.907463 -0.852527 -3.397275 1.458005 -5.072891
    14 4.983657 -0.000004 0.000000 2.329723 0.668737 -0.217869
    15 11.123040 -0.000006 -0.000006 0.000000 0.000001 -1.731033
    16 11.208287 0.000000 -0.000016 -1.073636 -0.199121 0.421509
    17 2.676081 -1.712434 -0.000003 -1.570797 -0.000001 -1.570797
    18 3.984014 -0.000005 -0.000003 -1.641267 -0.010808 -0.859332
    19 15.940006 0.000002 0.000000 0.000000 0.000000 0.000010
    20 17.709558 0.000004 0.000002 -0.503574 0.494909 -0.979694
    21 6.203996 0.000000 0.000001 -0.011146 0.000934 -0.500515
    22 -3.984013 0.000007 0.000007 0.556057 -1.293646 -3.184456
    23 15.940015 0.000000 0.000000 0.000000 0.000000 1.489263
    24 17.709572 -0.000006 0.000001 -0.266278 0.069545 -1.373892
    25 6.204001 0.000003 -0.000001 -0.078651 -0.006185 -0.498943
    26 3.549240 0.198821 -1.489462 -0.234587 -0.101792 -0.714246
    27 1.218999 -0.000001 0.000002 -0.008563 0.097217 -0.407398
    28 0.679998 -0.000001 -0.000001 0.007526 0.087381 -0.217009
    29 3.698007 0.267555 -0.728972 -0.140854 0.004172 -0.569233
    30 1.749001 -0.000001 0.000003 -0.000872 0.027081 -0.230744
    31 0.959999 -0.000001 0.000001 0.000588 0.039449 -0.281866
    32 3.768500 0.152546 0.071388 0.081187 0.044272 -0.191005
    33 2.037998 0.000001 0.000002 0.003005 -0.184687 -0.938560
    34 1.067001 0.000001 0.000002 -0.000991 -0.005709 -0.142943
    35 3.783924 -0.017260 0.794558 0.276760 -0.015279 -0.076278
    36 1.629002 -0.000001 0.000003 -0.216323 -0.083105 -0.533249
    37 0.956000 0.000000 0.000001 0.017359 -0.067528 -0.422115
    38 1.258965 -0.297983 1.252590 -1.322011 -0.473515 -1.009510
    39 1.393001 0.000001 0.000000 -0.052725 -0.385605 0.612716
    40 1.100002 0.000001 -0.000003 0.001018 0.013087 -0.208841
    41 3.549266 0.211411 1.487664 0.026267 0.200807 -1.120737
    42 1.218999 -0.000001 -0.000002 0.009657 -0.097110 -0.418532
    43 0.679999 0.000001 0.000000 -0.046659 -0.074298 0.258671
    44 3.698016 0.273718 0.726617 0.034897 0.071063 -1.319549
    45 1.748999 0.000000 -0.000002 0.001176 -0.027070 -0.241898
    46 0.959996 0.000000 0.000000 -0.018541 -0.034836 0.192740
    47 3.768499 0.151954 -0.072746 -0.003946 -0.092342 -1.220702
    48 2.037997 0.000002 -0.000003 -0.001719 0.004282 -0.627163
    49 1.066998 0.000000 -0.000001 0.003484 0.004641 0.331327
    50 3.783906 -0.023949 -0.794455 -0.088250 -0.262697 -1.078038
    51 1.629001 0.000002 0.000000 -0.022248 0.065603 -0.520574
    52 0.955999 0.000000 -0.000002 0.029109 0.063356 0.261184
    53 1.258940 -0.308543 -1.250054 1.289006 0.530147 -0.654402
    54 1.392999 0.000000 -0.000003 -0.001788 0.370555 0.932381
    55 1.099998 -0.000002 -0.000003 0.000000 -0.013127 -0.286815
    56 0.578998 0.704300 0.000000 0.000000 -1.570790 -3.044320
    57 2.577897 -4.075848 1.825547 1.570743 -1.473520 1.570850
    58 -2.577999 -4.075848 1.825549 1.570743 -1.473520 1.570850
    59 2.330669 -1.877754 0.104131 -1.861302 0.207908 -1.328386
  time 66
    0 -13.835802 -44.233681 28.499438 1.396825 0.000009 1.426866
    1 0.001573 4.212781 -1.689849 1.569424 -0.400381 1.574962
    2 3.837410 0.000000 0.000000 -0.000039 0.002001 0.230190
    3 3.617862 0.000000 0.000000 0.000219 0.003821 0.243863
    4 7.539774 0.000000 0.000000 0.000000 0.000000 0.155813
    5 3.178292 0.000001 0.000000 3.153960 -0.018524 0.438798
    6 2.970271 0.000000 0.000001 -0.010612 -0.006946 0.087616
    7 -0.000002 0.000001 0.000000 -1.570796 0.000000 -1.326450
    8 2.023705 0.907460 0.852577 5.044972 -1.544615 -0.598367
    9 4.983657 -0.000003 0.000000 -2.179490 -0.191790 0.164318
    10 11.123049 -0.000003 0.000001 -0.000001 -0.000001 -0.756669
    11 11.208297 -0.000001 0.000013 1.344578 0.201550 -0.266303
    12 2.676087 -1.712447 0.000003 1.570795 0.000000 1.570797
    13 2.023707 0.907463 -0.852527 -2.880912 1.478585 -4.554965
    14 4.983657 -0.000004 0.000000 2.265731 0.761062 -0.178648
    15 11.123040 -0.000006 -0.000006 0.000000 0.000001 -1.689712
    16 11.208287 0.000000 -0.000016 -1.089343 -0.161688 0.544327
    17 2.676081 -1.712434 -0.000003 -1.570797 -0.000001 -1.570797
    18 3.984014 -0.000005 -0.000003 -1.615484 -0.049645 -0.794078
    19 15.940006 0.000002 0.000000 0.000000 0.000000 0.000010
    20 17.709558 0.000004 0.000002 -0.510476 0.532692 -0.897824
    21 6.203996 0.000000 0.000001 -0.011146 0.000934 -0.500515
    22 -3.984013 0.000007 0.000007 0.447559 -1.338713 -3.225950
    23 15.940015 0.000000 0.000000 0.000000 0.000000 1.312825
    24 17.709572 -0.000006 0.000001 -0.202393 -0.087135 -1.374874
    25 6.204001 0.000003 -0.000001 -0.078651 -0.006185 -0.498943
    26 3.549240 0.198821 -1.489462 -0.276371 -0.047599 -0.580099
    27 1.218999 -0.000001 0.000002 -0.004167 0.097493 -0.361974
    28 0.679998 -0.000001 -0.000001 0.010990 0.087007 -0.177265
    29 3.698007 0.267555 -0.728972 -0.120657 0.111406 -0.398738
    30 1.749001 -0.000001 0.000003 0.000330 0.027093 -0.185535
    31 0.959999 -0.000001 0.000001 0.002169 0.039401 -0.242247
    32 3.768500 0.152546 0.071388 0.084252 0.038088 -0.116363
    33 2.037998 0.000001 0.000002 0.002290 -0.173074 -0.759213
    34 1.067001 0.000001 0.000002 -0.001226 -0.005673 -0.103373
    35 3.783924 -0.017260 0.794558 0.280939 -0.093101 -0.030457
    36 1.629002 -0.000001 0.000003 -0.203999 -0.083105 -0.478095
    37 0.956000 0.000000 0.000001 0.008733 -0.069182 -0.295854
    38 1.258965 -0.297983 1.252590 -1.341266 -0.469582 -0.985305
    39 1.393001 0.000001 0.000000 -0.043147 -0.259849 0.344445
    40 1.100002 0.000001 -0.000003 0.000143 0.013129 -0.275180
    41 3.549266 0.211411 1.487664 0.026267 0.200807 -1.120737
    42 1.218999 -0.000001 -0.000002 0.009657 -0.097110 -0.418532
    43 0.679999 0.000001 0.000000 -0.046659 -0.074298 0.258671
    44 3.698016 0.273718 0.726617 0.034897 0.071063 -1.319549
    45 1.748999 0.000000 -0.000002 0.001176 -0.027070 -0.241898
    46 0.959996 0.000000 0.000000 -0.018541 -0.034836 0.192740
    47 3.768499 0.151954 -0.072746 -0.003946 -0.092342 -1.220702
    48 2.037997 0.000002 -0.000003 -0.001719 0.004282 -0.627163
    49 1.066998 0.000000 -0.000001 0.003484 0.004641 0.331327
    50 3.783906 -0.023949 -0.794455 -0.088250 -0.262697 -1.078038
    51 1.629001 0.000002 0.000000 -0.022248 0.065603 -0.520574
    52 0.955999 0.000000 -0.000002 0.029109 0.063356 0.261184
    53 1.258940 -0.308543 -1.250054 1.289006 0.530147 -0.654402
    54 1.392999 0.000000 -0.000003 -0.001788 0.370555 0.932381
    55 1.099998 -0.000002 -0.000003 0.000000 -0.013127 -0.286815
    56 0.578998 0.704300 0.000000 0.000000 -1.570790 -3.044320
    57 2.577897 -4.075848 1.825547 1.570743 -1.473520 1.570850
    58 -2.577999 -4.075848 1.825549 1.570743 -1.473520 1.570850
    59 2.330669 -1.877754 0.104131 -1.861302 0.207908 -1.328386
  time 67
    0 -14.076086 -46.267858 27.074720 1.374707 0.000009 1.485444
    1 0.001573 4.212781 -1.689849 1.569536 -0.362908 1.574962
    2 3.837410 0.000000 0.000000 -0.000012 0.002695 0.198010
    3 3.617862 0.000000 0.000000 0.000219 0.003897 0.243026
    4 7.539774 0.000000 0.000000 0.000000 0.000000 0.155813
    5 3.178292 0.000001 0.000000 3.158407 -0.028238 0.413555
    6 2.970271 0.000000 0.000001 -0.019534 -0.011998 0.081334
    7 -0.000002 0.000001 0.000000 -1.570796 0.000000 -1.326450
    8 2.023705 0.907460 0.852577 1.354149 -1.550623 3.110628
    9 4.983657 -0.000003 0.000000 -2.311326 -0.396483 0.226490
    10 11.123049 -0.000003 0.000001 -0.000001 -0.000001 -0.704176
    11 11.208297 -0.000001 0.000013 1.252542 0.197469 -0.188894
    12 2.676087 -1.712447 0.000003 1.570795 0.000000 1.570797
    13 2.023707 0.907463 -0.852527 -2.336607 1.468485 -4.008568
    14 4.983657 -0.000004 0.000000 2.239003 0.859354 -0.106066
    15 11.123040 -0.000006 -0.000006 0.000000 0.000001 -1.600878
    16 11.208287 0.000000 -0.000016 -1.086381 -0.141287 0.631752
    17 2.676081 -1.712434 -0.000003 -1.570797 -0.000001 -1.570797
    18 3.984014 -0.000005 -0.000003 -1.600820 -0.088706 -0.739843
    19 15.940006 0.000002 0.000000 0.000000 0.000000 0.000010
    20 17.709558 0.000004 0.000002 -0.513509 0.563887 -0.828675
    21 6.203996 0.000000 0.000001 -0.011146 0.000934 -0.500515
    22 -3.984013 0.000007 0.000007 -0.007806 -1.444693 -3.043873
    23 15.940015 0.000000 0.000000 0.000000 0.000000 1.095152
    24 17.709572 -0.000006 0.000001 0.039265 -0.119458 -1.440333
    25 6.204001 0.000003 -0.000001 -0.078651 -0.006185 -0.498943
    26 3.549240 0.198821 -1.489462 -0.308531 0.001282 -0.460992
    27 1.218999 -0.000001 0.000002 -0.001809 0.097565 -0.337799
    28 0.679998 -0.000001 -0.000001 0.012971 0.086753 -0.154220
    29 3.698007 0.267555 -0.728972 -0.098846 0.201282 -0.239963
    30 1.749001 -0.000001 0.000003 0.000989 0.027081 -0.161453
    31 0.959999 -0.000001 0.000001 0.003048 0.039353 -0.219268
    32 3.768500 0.152546 0.071388 0.086595 0.032383 -0.049761
    33 2.037998 0.000001 0.000002 0.001719 -0.161282 -0.618775
    34 1.067001 0.000001 0.000002 -0.001335 -0.005649 -0.080440
    35 3.783924 -0.017260 0.794558 0.284919 -0.162200 0.011721
    36 1.629002 -0.000001 0.000003 -0.190226 -0.082517 -0.445515
    37 0.956000 0.000000 0.000001 0.001924 -0.069697 -0.197744
    38 1.258965 -0.297983 1.252590 -1.358216 -0.465872 -0.963781
    39 1.393001 0.000001 0.000000 -0.028240 -0.131840 0.109103
    40 1.100002 0.000001 -0.000003 -0.000348 0.013129 -0.314566
    41 3.549266 0.211411 1.487664 0.026267 0.200807 -1.120737
    42 1.218999 -0.000001 -0.000002 0.009657 -0.097110 -0.418532
    43 0.679999 0.000001 0.000000 -0.046659 -0.074298 0.258671
    44 3.698016 0.273718 0.726617 0.034897 0.071063 -1.319549
    45 1.748999 0.000000 -0.000002 0.001176 -0.027070 -0.241898
    46 0.959996 0.000000 0.000000 -0.018541 -0.034836 0.192700
    47 3.768499 0.151954 -0.072746 -0.003946 -0.092342 -1.220702
    48 2.037997 0.000002 -0.000003 -0.001719 0.004282 -0.627163
    49 1.066998 0.000000 -0.000001 0.003484 0.004641 0.331327
    50 3.783906 -0.023949 -0.794455 -0.088250 -0.262697 -1.078038
    51 1.629001 0.000002 0.000000 -0.022248 0.065603 -0.520574
    52 0.955999 0.000000 -0.000002 0.029109 0.063356 0.261184
    53 1.258940 -0.308543 -1.250054 1.289006 0.530147 -0.654402
    54 1.392999 0.000000 -0.000003 -0.001788 0.370555 0.932381
    55 1.099998 -0.000002 -0.000003 0.000000 -0.013127 -0.286815
    56 0.578998 0.704300 0.000000 0.000000 -1.570790 -3.044320
    57 2.577897 -4.075848 1.825547 1.570743 -1.473520 1.570850
    58 -2.577999 -4.075848 1.825549 1.570743 -1.473520 1.570850
    59 2.330669 -1.877754 0.104131 -1.861302 0.207908 -1.328386
  time 68
    0 -14.260918 -47.845877 25.734429 1.352400 0.000009 1.530892
    1 0.001573 4.212781 -1.689849 1.569829 -0.328809 1.574384
    2 3.837410 0.000000 0.000000 0.000096 0.002727 0.170430
    3 3.617862 0.000000 0.000000 0.000180 0.003397 0.241693
    4 7.539774 0.000000 0.000000 0.000000 0.000000 0.155813
    5 3.178292 0.000001 0.000000 3.156868 -0.030948 0.378499
    6 2.970271 0.000000 0.000001 -0.026510 -0.015274 0.088026
    7 -0.000002 0.000001 0.000000 -1.570796 0.000000 -1.326450
    8 2.023705 0.907460 0.852577 1.556859 -1.500894 2.926046
    9 4.983657 -0.000003 0.000000 -2.422909 -0.584486 0.292441
    10 11.123049 -0.000003 0.000001 -0.000001 -0.000001 -0.665213
    11 11.208297 -0.000001 0.000013 1.236820 0.148331 -0.102948
    12 2.676087 -1.712447 0.000003 1.570795 0.000000 1.570797
    13 2.023707 0.907463 -0.852527 -2.003307 1.438801 -3.673349
    14 4.983657 -0.000004 0.000000 2.247242 0.952442 -0.007023
    15 11.123040 -0.000006 -0.000006 0.000000 0.000001 -1.476220
    16 11.208287 0.000000 -0.000016 -1.071392 -0.138714 0.675245
    17 2.676081 -1.712434 -0.000003 -1.570797 -0.000001 -1.570797
    18 3.984014 -0.000005 -0.000003 -1.607721 -0.180270 -0.686566
    19 15.940006 0.000002 0.000000 0.000000 0.000000 0.000010
    20 17.709558 0.000004 0.000002 -0.405959 0.653876 -0.834560
    21 6.203996 0.000000 0.000001 -0.011146 0.000934 -0.500515
    22 -3.984013 0.000007 0.000007 0.564300 -1.474656 -3.661020
    23 15.940015 0.000000 0.000000 0.000000 0.000000 1.167505
    24 17.709572 -0.000006 0.000001 0.039265 -0.023387 -1.437630
    25 6.204001 0.000003 -0.000001 -0.078651 -0.006185 -0.498943
    26 3.549240 0.198821 -1.489462 -0.328081 0.035315 -0.377953
    27 1.218999 -0.000001 0.000002 -0.004612 0.097481 -0.366621
    28 0.679998 -0.000001 -0.000001 0.011364 0.086977 -0.172882
    29 3.698007 0.267555 -0.728972 -0.081506 0.260221 -0.125247
    30 1.749001 -0.000001 0.000003 0.000213 0.027093 -0.190164
    31 0.959999 -0.000001 0.000001 0.002326 0.039401 -0.237868
    32 3.768500 0.152546 0.071388 0.088005 0.028345 -0.003437
    33 2.037998 0.000001 0.000002 0.001515 -0.149273 -0.575685
    34 1.067001 0.000001 0.000002 -0.001244 -0.005673 -0.098995
    35 3.783924 -0.017260 0.794558 0.287778 -0.210166 0.041869
    36 1.629002 -0.000001 0.000003 -0.172682 -0.080901 -0.469002
    37 0.956000 0.000000 0.000001 0.000000 -0.069721 -0.170028
    38 1.258965 -0.297983 1.252590 -1.369872 -0.463190 -0.948832
    39 1.393001 0.000001 0.000000 -0.000001 0.002024 -0.043589
    40 1.100002 0.000001 -0.000003 -0.000001 0.013129 -0.286814
    41 3.549266 0.211411 1.487664 0.026267 0.200807 -1.120737
    42 1.218999 -0.000001 -0.000002 0.009657 -0.097110 -0.418532
    43 0.679999 0.000001 0.000000 -0.046659 -0.074298 0.258671
    44 3.698016 0.273718 0.726617 0.034897 0.071063 -1.319549
    45 1.748999 0.000000 -0.000002 0.001176 -0.027070 -0.241898
    46 0.959996 0.000000 0.000000 -0.018541 -0.034836 0.192700
    47 3.768499 0.151954 -0.072746 -0.003946 -0.092342 -1.220702
    48 2.037997 0.000002 -0.000003 -0.001719 0.004282 -0.627163
    49 1.066998 0.000000 -0.000001 0.003484 0.004641 0.331327
    50 3.783906 -0.023949 -0.794455 -0.088250 -0.262697 -1.078038
    51 1.629001 0.000002 0.000000 -0.022248 0.065603 -0.520574
    52 0.955999 0.000000 -0.000002 0.029109 0.063356 0.261184
    53 1.258940 -0.308543 -1.250054 1.289006 0.530147 -0.654402
    54 1.392999 0.000000 -0.000003 -0.001788 0.370555 0.932381
    55 1.099998 -0.000002 -0.000003 0.000000 -0.013127 -0.286815
    56 0.578998 0.704300 0.000000 0.000000 -1.570790 -3.044320
    57 2.577897 -4.075848 1.825547 1.570743 -1.473520 1.570850
    58 -2.577999 -4.075848 1.825549 1.570743 -1.473520 1.570850
    59 2.330669 -1.877754 0.104131 -1.861302 0.207908 -1.328386
  time 69
    0 -14.383019 -48.860399 24.636868 1.330187 0.000009 1.560336
    1 0.001573 4.212781 -1.689849 1.570256 -0.300390 1.573034
    2 3.837410 0.000000 0.000000 -0.000012 0.001890 0.150011
    3 3.617862 0.000000 0.000000 0.000116 0.002142 0.240326
    4 7.539774 0.000000 0.000000 0.000000 0.000000 0.155813
    5 3.178292 0.000001 0.000000 3.151281 -0.028339 0.336485
    6 2.970271 0.000000 0.000001 -0.031245 -0.016912 0.104507
    7 -0.000002 0.000001 0.000000 -1.570796 0.000000 -1.326450
    8 2.023705 0.907460 0.852577 1.591250 -1.449583 2.909082
    9 4.983657 -0.000003 0.000000 -2.479274 -0.733377 0.330708
    10 11.123049 -0.000003 0.000001 -0.000001 -0.000001 -0.694576
    11 11.208297 -0.000001 0.000013 1.249475 0.114549 0.026115
    12 2.676087 -1.712447 0.000003 1.570795 0.000000 1.570797
    13 2.023707 0.907463 -0.852527 -1.832972 1.404660 -3.501569
    14 4.983657 -0.000004 0.000000 2.281346 1.029491 0.106481
    15 11.123040 -0.000006 -0.000006 0.000000 0.000001 -1.335261
    16 11.208287 0.000000 -0.000016 -1.050210 -0.150599 0.674589
    17 2.676081 -1.712434 -0.000003 -1.570797 -0.000001 -1.570797
    18 3.984014 -0.000005 -0.000003 -1.660340 -0.605097 -0.607992
    19 15.940006 0.000002 0.000000 0.000000 0.000000 0.637650
    20 17.709558 0.000004 0.000002 -0.124418 0.625209 -0.863293
    21 6.203996 0.000000 0.000001 -0.011146 0.000934 -0.500515
    22 -3.984013 0.000007 0.000007 1.194297 -1.478408 -4.349082
    23 15.940015 0.000000 0.000000 0.000000 0.000000 1.211653
    24 17.709572 -0.000006 0.000001 0.064297 0.064647 -1.422199
    25 6.204001 0.000003 -0.000001 -0.078651 -0.006185 -0.498943
    26 3.549240 0.198821 -1.489462 -0.333670 0.057959 -0.317694
    27 1.218999 -0.000001 0.000002 -0.012253 0.096822 -0.445461
    28 0.679998 -0.000001 -0.000001 0.006312 0.087470 -0.230828
    29 3.698007 0.267555 -0.728972 -0.066287 0.284282 -0.048993
    30 1.749001 -0.000001 0.000003 -0.001900 0.027021 -0.268665
    31 0.959999 -0.000001 0.000001 0.000002 0.039461 -0.295628
    32 3.768500 0.152546 0.071388 0.089218 0.024138 0.043826
    33 2.037998 0.000001 0.000002 0.001739 -0.137109 -0.624333
    34 1.067001 0.000001 0.000002 -0.000918 -0.005721 -0.156703
    35 3.783924 -0.017260 0.794558 0.282659 -0.237043 0.082753
    36 1.629002 -0.000001 0.000003 -0.151685 -0.078088 -0.545541
    37 0.956000 0.000000 0.000001 0.002659 -0.069661 -0.208600
    38 1.258965 -0.297983 1.252590 -1.377386 -0.463280 -0.936381
    39 1.393001 0.000001 0.000000 0.057947 0.171928 -0.081532
    40 1.100002 0.000001 -0.000003 0.001186 0.013087 -0.195653
    41 3.549266 0.211411 1.487664 0.026267 0.200807 -1.120737
    42 1.218999 -0.000001 -0.000002 0.009657 -0.097110 -0.418532
    43 0.679999 0.000001 0.000000 -0.046659 -0.074298 0.258671
    44 3.698016 0.273718 0.726617 0.034897 0.071063 -1.319549
    45 1.748999 0.000000 -0.000002 0.001176 -0.027070 -0.241898
    46 0.959996 0.000000 0.000000 -0.018541 -0.034836 0.192740
    47 3.768499 0.151954 -0.072746 -0.003946 -0.092342 -1.220702
    48 2.037997 0.000002 -0.000003 -0.001719 0.004282 -0.627163
    49 1.066998 0.000000 -0.000001 0.003484 0.004641 0.331327
    50 3.783906 -0.023949 -0.794455 -0.088250 -0.262697 -1.078038
    51 1.629001 0.000002 0.000000 -0.022248 0.065603 -0.520574
    52 0.955999 0.000000 -0.000002 0.029109 0.063356 0.261184
    53 1.258940 -0.308543 -1.250054 1.289006 0.530147 -0.654402
    54 1.392999 0.000000 -0.000003 -0.001788 0.370555 0.932381
    55 1.099998 -0.000002 -0.000003 0.000000 -0.013127 -0.286815
    56 0.578998 0.704300 0.000000 0.000000 -1.570790 -3.044320
    57 2.577897 -4.075848 1.825547 1.570743 -1.473520 1.570850
    58 -2.577999 -4.075848 1.825549 1.570743 -1.473520 1.570850
    59 2.330669 -1.877754 0.104131 -1.861302 0.207908 -1.328386
  time 70
    0 -14.435235 -49.218439 23.929785 1.308163 0.000009 1.570710
    1 0.001573 4.212781 -1.689849 1.570795 -0.279935 1.570797
    2 3.837410 0.000000 0.000000 -0.000012 0.000011 0.139351
    3 3.617862 0.000000 0.000000 -0.000012 0.000009 0.239335
    4 7.539774 0.000000 0.000000 0.000000 0.000000 0.155813
    5 3.178292 0.000001 0.000000 3.143585 -0.022237 0.290308
    6 2.970271 0.000000 0.000001 -0.033528 -0.017070 0.127772
    7 -0.000002 0.000001 0.000000 -1.570796 0.000000 -1.326450
    8 2.023705 0.907460 0.852577 1.609260 -1.401554 2.906782
    9 4.983657 -0.000003 0.000000 -2.452143 -0.842546 0.306992
    10 11.123049 -0.000003 0.000001 -0.000001 -0.000001 -0.817246
    11 11.208297 -0.000001 0.000013 1.253214 0.088971 0.223194
    12 2.676087 -1.712447 0.000003 1.570795 0.000000 1.570797
    13 2.023707 0.907463 -0.852527 -1.748283 1.373554 -3.416446
    14 4.983657 -0.000004 0.000000 2.321389 1.081859 0.210439
    15 11.123040 -0.000006 -0.000006 0.000000 0.000001 -1.203021
    16 11.208287 0.000000 -0.000016 -1.027860 -0.171608 0.636058
    17 2.676081 -1.712434 -0.000003 -1.570797 -0.000001 -1.570797
    18 3.984014 -0.000005 -0.000003 -1.768740 -0.832722 -0.502492
    19 15.940006 0.000002 0.000000 0.000000 0.000000 0.921029
    20 17.709558 0.000004 0.000002 0.121097 0.532835 -0.749487
    21 6.203996 0.000000 0.000001 -0.011146 0.000934 -0.500515
    22 -3.984013 0.000007 0.000007 1.523145 -1.470510 1.564802
    23 15.940015 0.000000 0.000000 0.000000 0.000000 1.234800
    24 17.709572 -0.000006 0.000001 0.090753 0.112458 -1.405638
    25 6.204001 0.000003 -0.000001 -0.078651 -0.006185 -0.498943
    26 3.549240 0.198821 -1.489462 -0.330059 0.072016 -0.274957
    27 1.218999 -0.000001 0.000002 -0.021901 0.095108 -0.546074
    28 0.679998 -0.000001 -0.000001 -0.000259 0.087710 -0.305932
    29 3.698007 0.267555 -0.728972 -0.053751 0.284627 -0.003451
    30 1.749001 -0.000001 0.000003 -0.004595 0.026709 -0.368885
    31 0.959999 -0.000001 0.000001 -0.002887 0.039365 -0.370528
    32 3.768500 0.152546 0.071388 0.090250 0.019955 0.090397
    33 2.037998 0.000001 0.000002 0.002107 -0.124872 -0.712910
    34 1.067001 0.000001 0.000002 -0.000484 -0.005769 -0.231548
    35 3.783924 -0.017260 0.794558 0.271582 -0.248189 0.129868
    36 1.629002 -0.000001 0.000003 -0.129378 -0.074205 -0.645110
    37 0.956000 0.000000 0.000001 0.007350 -0.069326 -0.276102
    38 1.258965 -0.297983 1.252590 -1.381827 -0.465336 -0.925949
    39 1.393001 0.000001 0.000000 0.136609 0.366265 -0.037484
    40 1.100002 0.000001 -0.000003 0.002720 0.012852 -0.076917
    41 3.549266 0.211411 1.487664 0.026267 0.200807 -1.120737
    42 1.218999 -0.000001 -0.000002 0.009657 -0.097110 -0.418532
    43 0.679999 0.000001 0.000000 -0.046659 -0.074298 0.258671
    44 3.698016 0.273718 0.726617 0.034897 0.071063 -1.319549
    45 1.748999 0.000000 -0.000002 0.001176 -0.027070 -0.241898
    46 0.959996 0.000000 0.000000 -0.018541 -0.034836 0.192700
    47 3.768499 0.151954 -0.072746 -0.003946 -0.092342 -1.220702
    48 2.037997 0.000002 -0.000003 -0.001719 0.004282 -0.627163
    49 1.066998 0.000000 -0.000001 0.003484 0.004641 0.331327
    50 3.783906 -0.023949 -0.794455 -0.088250 -0.262697 -1.078038
    51 1.629001 0.000002 0.000000 -0.022248 0.065603 -0.520574
    52 0.955999 0.000000 -0.000002 0.029109 0.063356 0.261184
    53 1.258940 -0.308543 -1.250054 1.289006 0.530147 -0.654402
    54 1.392999 0.000000 -0.000003 -0.001788 0.370555 0.932381
    55 1.099998 -0.000002 -0.000003 0.000000 -0.013127 -0.286815
    56 0.578998 0.704300 0.000000 0.000000 -1.570790 -3.044320
    57 2.577897 -4.075848 1.825547 1.570743 -1.473520 1.570850
    58 -2.577999 -4.075848 1.825549 1.570743 -1.473520 1.570850
    59 2.330669 -1.877754 0.104131 -1.861302 0.207908 -1.328386
  time 71
    0 -14.431264 -49.218855 23.539307 1.286421 0.000009 1.570733
    1 0.001573 4.212781 -1.689849 1.571379 -0.266354 1.567943
    2 3.837410 0.000000 0.000000 -0.000147 -0.002611 0.138348
    3 3.617862 0.000000 0.000000 -0.000166 -0.002760 0.237626
    4 7.539774 0.000000 0.000000 0.000000 0.000000 0.155813
    5 3.178292 0.000001 0.000000 3.135747 -0.014310 0.242732
    6 2.970271 0.000000 0.000001 -0.033148 -0.015846 0.154725
    7 -0.000002 0.000001 0.000000 -1.570796 0.000000 -1.326450
    8 2.023705 0.907460 0.852577 1.623822 -1.361549 2.905249
    9 4.983657 -0.000003 0.000000 -2.361672 -0.941469 0.251340
    10 11.123049 -0.000003 0.000001 -0.000001 -0.000001 -0.946653
    11 11.208297 -0.000001 0.000013 1.224357 0.047994 0.431444
    12 2.676087 -1.712447 0.000003 1.570795 0.000000 1.570797
    13 2.023707 0.907463 -0.852527 -1.712016 1.349371 -3.381553
    14 4.983657 -0.000004 0.000000 2.350607 1.116087 0.284061
    15 11.123040 -0.000006 -0.000006 0.000000 0.000001 -1.092832
    16 11.208287 0.000000 -0.000016 -1.010806 -0.191354 0.583880
    17 2.676081 -1.712434 -0.000003 -1.570797 -0.000001 -1.570797
    18 3.984014 -0.000005 -0.000003 -1.954200 -1.003934 -0.339978
    19 15.940006 0.000002 0.000000 0.000000 0.000000 1.122843
    20 17.709558 0.000004 0.000002 0.274686 0.417100 -0.660001
    21 6.203996 0.000000 0.000001 -0.011146 0.000934 -0.500515
    22 -3.984013 0.000007 0.000007 -4.697177 -1.472928 1.492834
    23 15.940015 0.000000 0.000000 0.000000 0.000000 1.245837
    24 17.709572 -0.000006 0.000001 0.098642 0.119668 -1.396350
    25 6.204001 0.000003 -0.000001 -0.078651 -0.006185 -0.498943
    26 3.549240 0.198821 -1.489462 -0.326023 0.067814 -0.283865
    27 1.218999 -0.000001 0.000002 -0.032789 0.091932 -0.662508
    28 0.679998 -0.000001 -0.000001 -0.007919 0.087336 -0.393478
    29 3.698007 0.267555 -0.728972 -0.055347 0.273409 -0.019142
    30 1.749001 -0.000001 0.000003 -0.007658 0.025990 -0.484864
    31 0.959999 -0.000001 0.000001 -0.006304 0.038969 -0.457773
    32 3.768500 0.152546 0.071388 0.090234 0.019979 0.090052
    33 2.037998 0.000001 0.000002 0.002576 -0.112528 -0.830554
    34 1.067001 0.000001 0.000002 -0.000013 -0.005793 -0.318736
    35 3.783924 -0.017260 0.794558 0.268882 -0.240532 0.132840
    36 1.629002 -0.000001 0.000003 -0.106397 -0.069083 -0.761357
    37 0.956000 0.000000 0.000001 0.013446 -0.068403 -0.364600
    38 1.258965 -0.297983 1.252590 -1.380332 -0.466341 -0.926978
    39 1.393001 0.000001 0.000000 0.205924 0.526095 0.041125
    40 1.100002 0.000001 -0.000003 0.004470 0.012342 0.061889
    41 3.549266 0.211411 1.487664 0.026267 0.200807 -1.120737
    42 1.218999 -0.000001 -0.000002 0.009657 -0.097110 -0.418532
    43 0.679999 0.000001 0.000000 -0.046659 -0.074298 0.258671
    44 3.698016 0.273718 0.726617 0.034897 0.071063 -1.319549
    45 1.748999 0.000000 -0.000002 0.001176 -0.027070 -0.241898
    46 0.959996 0.000000 0.000000 -0.018541 -0.034836 0.192740
    47 3.768499 0.151954 -0.072746 -0.003946 -0.092342 -1.220702
    48 2.037997 0.000002 -0.000003 -0.001719 0.004282 -0.627163
    49 1.066998 0.000000 -0.000001 0.003484 0.004641 0.331327
    50 3.783906 -0.023949 -0.794455 -0.088250 -0.262697 -1.078038
    51 1.629001 0.000002 0.000000 -0.022248 0.065603 -0.520574
    52 0.955999 0.000000 -0.000002 0.029109 0.063356 0.261184
    53 1.258940 -0.308543 -1.250054 1.289006 0.530147 -0.654402
    54 1.392999 0.000000 -0.000003 -0.001788 0.370555 0.932381
    55 1.099998 -0.000002 -0.000003 0.000000 -0.013127 -0.286815
    56 0.578998 0.704300 0.000000 0.000000 -1.570790 -3.044320
    57 2.577897 -4.075848 1.825547 1.570743 -1.473520 1.570850
    58 -2.577999 -4.075848 1.825549 1.570743 -1.473520 1.570850
    59 2.330669 -1.877754 0.104131 -1.861302 0.207908 -1.328386
  time 72
    0 -14.437188 -49.216468 23.317684 1.265055 0.000009 1.570757
    1 0.001573 4.212781 -1.689849 1.571941 -0.256567 1.564896
    2 3.837410 0.000000 0.000000 -0.000323 -0.005485 0.144229
    3 3.617862 0.000000 0.000000 -0.000358 -0.005725 0.234208
    4 7.539774 0.000000 0.000000 0.000000 0.000000 0.155813
    5 3.178292 0.000001 0.000000 3.129675 -0.006382 0.196700
    6 2.970271 0.000000 0.000001 -0.029850 -0.013399 0.182315
    7 -0.000002 0.000001 0.000000 -1.570796 0.000000 -1.326450
    8 2.023705 0.907460 0.852577 1.638383 -1.334114 2.900074
    9 4.983657 -0.000003 0.000000 -2.234326 -1.048102 0.189924
    10 11.123049 -0.000003 0.000001 -0.000001 -0.000001 -1.018739
    11 11.208297 -0.000001 0.000013 1.137881 -0.033918 0.595512
    12 2.676087 -1.712447 0.000003 1.570795 0.000000 1.570797
    13 2.023707 0.907463 -0.852527 -1.710006 1.334150 -3.382991
    14 4.983657 -0.000004 0.000000 2.366222 1.142200 0.324132
    15 11.123040 -0.000006 -0.000006 0.000000 0.000001 -1.002482
    16 11.208287 0.000000 -0.000016 -1.002190 -0.203894 0.538343
    17 2.676081 -1.712434 -0.000003 -1.570797 -0.000001 -1.570797
    18 3.984014 -0.000005 -0.000003 -2.231288 -1.119738 -0.103777
    19 15.940006 0.000002 0.000000 0.000000 0.000000 1.255027
    20 17.709558 0.000004 0.000002 0.283636 0.292391 -0.595352
    21 6.203996 0.000000 0.000001 -0.011146 0.000934 -0.500515
    22 -3.984013 0.000007 0.000007 1.522570 -1.482751 1.565856
    23 15.940015 0.000000 0.000000 0.000000 0.000000 1.252045
    24 17.709572 -0.000006 0.000001 0.090515 0.110561 -1.392173
    25 6.204001 0.000003 -0.000001 -0.078651 -0.006185 -0.498943
    26 3.549240 0.198821 -1.489462 -0.328081 0.035315 -0.377953
    27 1.218999 -0.000001 0.000002 -0.044076 0.087090 -0.788705
    28 0.679998 -0.000001 -0.000001 -0.016167 0.086215 -0.488789
    29 3.698007 0.267555 -0.728972 -0.081506 0.260221 -0.125247
    30 1.749001 -0.000001 0.000003 -0.010857 0.024828 -0.610692
    31 0.959999 -0.000001 0.000001 -0.009975 0.038190 -0.552816
    32 3.768500 0.152546 0.071388 0.088005 0.028345 -0.003437
    33 2.037998 0.000001 0.000002 0.003066 -0.100064 -0.966352
    34 1.067001 0.000001 0.000002 0.000566 -0.005769 -0.413721
    35 3.783924 -0.017260 0.794558 0.287678 -0.210305 0.042348
    36 1.629002 -0.000001 0.000003 -0.083356 -0.062765 -0.887977
    37 0.956000 0.000000 0.000001 0.020320 -0.066701 -0.466193
    38 1.258965 -0.297983 1.252590 -1.369872 -0.463190 -0.948832
    39 1.393001 0.000001 0.000000 0.235809 0.592460 0.106552
    40 1.100002 0.000001 -0.000003 0.006279 0.011533 0.213261
    41 3.549266 0.211411 1.487664 0.026267 0.200807 -1.120737
    42 1.218999 -0.000001 -0.000002 0.009657 -0.097110 -0.418532
    43 0.679999 0.000001 0.000000 -0.046659 -0.074298 0.258671
    44 3.698016 0.273718 0.726617 0.034897 0.071063 -1.319549
    45 1.748999 0.000000 -0.000002 0.001176 -0.027070 -0.241898
    46 0.959996 0.000000 0.000000 -0.018541 -0.034836 0.192700
    47 3.768499 0.151954 -0.072746 -0.003946 -0.092342 -1.220702
    48 2.037997 0.000002 -0.000003 -0.001719 0.004282 -0.627163
    49 1.066998 0.000000 -0.000001 0.003484 0.004641 0.331327
    50 3.783906 -0.023949 -0.794455 -0.088250 -0.262697 -1.078038
    51 1.629001 0.000002 0.000000 -0.022248 0.065603 -0.520574
    52 0.955999 0.000000 -0.000002 0.029109 0.063356 0.261184
    53 1.258940 -0.308543 -1.250054 1.289006 0.530147 -0.654402
    54 1.392999 0.000000 -0.000003 -0.001788 0.370555 0.932381
    55 1.099998 -0.000002 -0.000003 0.000000 -0.013127 -0.286815
    56 0.578998 0.704300 0.000000 0.000000 -1.570790 -3.044320
    57 2.577897 -4.075848 1.825547 1.570743 -1.473520 1.570850
    58 -2.577999 -4.075848 1.825549 1.570743 -1.473520 1.570850
    59 2.330669 -1.877754 0.104131 -1.861302 0.207908 -1.328386
  time 73
    0 -14.426796 -49.223362 23.212149 1.244348 0.000009 1.570780
    1 0.001573 4.212781 -1.689849 1.572525 -0.250070 1.561617
    2 3.837410 0.000000 0.000000 -0.000512 -0.008580 0.155679
    3 3.617862 0.000000 0.000000 -0.000551 -0.008901 0.229509
    4 7.539774 0.000000 0.000000 0.000000 0.000000 0.155813
    5 3.178292 0.000001 0.000000 3.127338 -0.000180 0.154890
    6 2.970271 0.000000 0.000001 -0.023339 -0.009847 0.207402
    7 -0.000002 0.000001 0.000000 -1.570796 0.000000 -1.326450
    8 2.023705 0.907460 0.852577 1.643939 -1.315851 2.900170
    9 4.983657 -0.000003 0.000000 -2.274928 -1.086606 0.238206
    10 11.123049 -0.000003 0.000001 -0.000001 -0.000001 -0.943621
    11 11.208297 -0.000001 0.000013 1.168560 -0.031373 0.568760
    12 2.676087 -1.712447 0.000003 1.570795 0.000000 1.570797
    13 2.023707 0.907463 -0.852527 -1.732494 1.325994 -3.410886
    14 4.983657 -0.000004 0.000000 2.364593 1.158287 0.332921
    15 11.123040 -0.000006 -0.000006 0.000000 0.000001 -0.933234
    16 11.208287 0.000000 -0.000016 -0.997612 -0.210912 0.500688
    17 2.676081 -1.712434 -0.000003 -1.570797 -0.000001 -1.570797
    18 3.984014 -0.000005 -0.000003 -2.578247 -1.176673 0.178418
    19 15.940006 0.000002 0.000000 0.000000 0.000000 1.338066
    20 17.709558 0.000004 0.000002 0.206804 0.145995 -0.580121
    21 6.203996 0.000000 0.000001 -0.011146 0.000934 -0.500515
    22 -3.984013 0.000007 0.000007 1.293306 -1.495585 -4.463025
    23 15.940015 0.000000 0.000000 0.000000 0.000000 1.254728
    24 17.709572 -0.000006 0.000001 0.068983 0.088208 -1.392074
    25 6.204001 0.000003 -0.000001 -0.078651 -0.006185 -0.498943
    26 3.549240 0.198821 -1.489462 -0.325862 -0.052408 -0.635150
    27 1.218999 -0.000001 0.000002 -0.054994 0.080655 -0.918765
    28 0.679998 -0.000001 -0.000001 -0.024559 0.084211 -0.587189
    29 3.698007 0.267555 -0.728972 -0.149218 0.228738 -0.403378
    30 1.749001 -0.000001 0.000003 -0.013979 0.023210 -0.740510
    31 0.959999 -0.000001 0.000001 -0.013665 0.037028 -0.650945
    32 3.768500 0.152546 0.071388 0.077220 0.050876 -0.274331
    33 2.037998 0.000001 0.000002 0.003515 -0.087516 -1.109339
    34 1.067001 0.000001 0.000002 0.001127 -0.005685 -0.511791
    35 3.783924 -0.017260 0.794558 0.331988 -0.127033 -0.219923
    36 1.629002 -0.000001 0.000003 -0.060831 -0.055355 -1.018710
    37 0.956000 0.000000 0.000001 0.027302 -0.064160 -0.573013
    38 1.258965 -0.297983 1.252590 -1.342889 -0.451234 -1.010024
    39 1.393001 0.000001 0.000000 0.192273 0.483083 0.153409
    40 1.100002 0.000001 -0.000003 0.008005 0.010405 0.369651
    41 3.549266 0.211411 1.487664 0.026267 0.200807 -1.120737
    42 1.218999 -0.000001 -0.000002 0.009657 -0.097110 -0.418532
    43 0.679999 0.000001 0.000000 -0.046659 -0.074298 0.258671
    44 3.698016 0.273718 0.726617 0.034897 0.071063 -1.319549
    45 1.748999 0.000000 -0.000002 0.001176 -0.027070 -0.241898
    46 0.959996 0.000000 0.000000 -0.018541 -0.034836 0.192740
    47 3.768499 0.151954 -0.072746 -0.003946 -0.092342 -1.220702
    48 2.037997 0.000002 -0.000003 -0.001719 0.004282 -0.627163
    49 1.066998 0.000000 -0.000001 0.003484 0.004641 0.331327
    50 3.783906 -0.023949 -0.794455 -0.088250 -0.262697 -1.078038
    51 1.629001 0.000002 0.000000 -0.022248 0.065603 -0.520574
    52 0.955999 0.000000 -0.000002 0.029109 0.063356 0.261184
    53 1.258940 -0.308543 -1.250054 1.289006 0.530147 -0.654402
    54 1.392999 0.000000 -0.000003 -0.001788 0.370555 0.932381
    55 1.099998 -0.000002 -0.000003 0.000000 -0.013127 -0.286815
    56 0.578998 0.704300 0.000000 0.000000 -1.570790 -3.044320
    57 2.577897 -4.075848 1.825547 1.570743 -1.473520 1.570850
    58 -2.577999 -4.075848 1.825549 1.570743 -1.473520 1.570850
    59 2.330669 -1.877754 0.104131 -1.861302 0.207908 -1.328386
  time 74
    0 -14.433958 -49.215544 23.222702 1.224206 0.000009 1.570708
    1 0.001573 4.212781 -1.689849 1.573087 -0.246298 1.558146
    2 3.837410 0.000000 0.000000 -0.000728 -0.011880 0.171300
    3 3.617862 0.000000 0.000000 -0.000782 -0.012260 0.224041
    4 7.539774 0.000000 0.000000 0.000000 0.000000 0.155813
    5 3.178292 0.000001 0.000000 3.130644 0.002509 0.120155
    6 2.970271 0.000000 0.000001 -0.013487 -0.005328 0.226933
    7 -0.000002 0.000001 0.000000 -1.570796 0.000000 -1.326450
    8 2.023705 0.907460 0.852577 1.636180 -1.300988 2.910903
    9 4.983657 -0.000003 0.000000 -2.308842 -1.117094 0.294425
    10 11.123049 -0.000003 0.000001 -0.000001 -0.000001 -0.880630
    11 11.208297 -0.000001 0.000013 1.179393 -0.030846 0.545708
    12 2.676087 -1.712447 0.000003 1.570795 0.000000 1.570797
    13 2.023707 0.907463 -0.852527 -1.771537 1.321394 -3.456611
    14 4.983657 -0.000004 0.000000 2.346966 1.163873 0.319123
    15 11.123040 -0.000006 -0.000006 0.000000 0.000001 -0.884079
    16 11.208287 0.000000 -0.000016 -0.992765 -0.214047 0.470184
    17 2.676081 -1.712434 -0.000003 -1.570797 -0.000001 -1.570797
    18 3.984014 -0.000005 -0.000003 -2.899615 -1.186242 0.410786
    19 15.940006 0.000002 0.000000 0.000000 0.000000 1.383896
    20 17.709558 0.000004 0.000002 0.167136 0.046179 -0.634037
    21 6.203996 0.000000 0.000001 -0.011146 0.000934 -0.500515
    22 -3.984013 0.000007 0.000007 0.858931 -1.500670 -3.992881
    23 15.940015 0.000000 0.000000 0.000000 0.000000 1.254575
    24 17.709572 -0.000006 0.000001 0.037842 0.055988 -1.394482
    25 6.204001 0.000003 -0.000001 -0.078651 -0.006185 -0.498943
    26 3.549240 0.198821 -1.489462 -0.280184 -0.176489 -1.029172
    27 1.218999 -0.000001 0.000002 -0.064826 0.072984 -1.046685
    28 0.679998 -0.000001 -0.000001 -0.032576 0.081460 -0.684002
    29 3.698007 0.267555 -0.728972 -0.227764 0.150728 -0.813783
    30 1.749001 -0.000001 0.000003 -0.016829 0.021232 -0.868308
    31 0.959999 -0.000001 0.000001 -0.017179 0.035542 -0.747531
    32 3.768500 0.152546 0.071388 0.050521 0.077434 -0.684693
    33 2.037998 0.000001 0.000002 0.003903 -0.074909 -1.248707
    34 1.067001 0.000001 0.000002 0.001652 -0.005553 -0.608319
    35 3.783924 -0.017260 0.794558 0.354383 0.012772 -0.606572
    36 1.629002 -0.000001 0.000003 -0.039258 -0.047253 -1.147250
    37 0.956000 0.000000 0.000001 0.033831 -0.060960 -0.677158
    38 1.258965 -0.297983 1.252590 -1.304036 -0.430428 -1.101005
    39 1.393001 0.000001 0.000000 0.096420 0.242509 0.204965
    40 1.100002 0.000001 -0.000003 0.009503 0.009042 0.523509
    41 3.549266 0.211411 1.487664 0.026267 0.200807 -1.120737
    42 1.218999 -0.000001 -0.000002 0.009657 -0.097110 -0.418532
    43 0.679999 0.000001 0.000000 -0.046659 -0.074298 0.258671
    44 3.698016 0.273718 0.726617 0.034897 0.071063 -1.319549
    45 1.748999 0.000000 -0.000002 0.001176 -0.027070 -0.241898
    46 0.959996 0.000000 0.000000 -0.018541 -0.034836 0.192740
    47 3.768499 0.151954 -0.072746 -0.003946 -0.092342 -1.220702
    48 2.037997 0.000002 -0.000003 -0.001719 0.004282 -0.627163
    49 1.066998 0.000000 -0.000001 0.003484 0.004641 0.331327
    50 3.783906 -0.023949 -0.794455 -0.088250 -0.262697 -1.078038
    51 1.629001 0.000002 0.000000 -0.022248 0.065603 -0.520574
    52 0.955999 0.000000 -0.000002 0.029109 0.063356 0.261184
    53 1.258940 -0.308543 -1.250054 1.289006 0.530147 -0.654402
    54 1.392999 0.000000 -0.000003 -0.001788 0.370555 0.932381
    55 1.099998 -0.000002 -0.000003 0.000000 -0.013127 -0.286815
    56 0.578998 0.704300 0.000000 0.000000 -1.570790 -3.044320
    57 2.577897 -4.075848 1.825547 1.570743 -1.473520 1.570850
    58 -2.577999 -4.075848 1.825549 1.570743 -1.473520 1.570850
    59 2.330669 -1.877754 0.104131 -1.861302 0.207908 -1.328386
  time 75
    0 -14.429220 -49.222529 23.307130 1.204911 0.000009 1.570732
    1 0.001573 4.212781 -1.689849 1.573739 -0.244789 1.554521
    2 3.837410 0.000000 0.000000 -0.000957 -0.015386 0.189764
    3 3.617862 0.000000 0.000000 -0.001012 -0.015800 0.218282
    4 7.539774 0.000000 0.000000 0.000000 0.000000 0.155813
    5 3.178292 0.000001 0.000000 3.141590 0.000000 0.095348
    6 2.970271 0.000000 0.000001 0.000000 0.000000 0.237860
    7 -0.000002 0.000001 0.000000 -1.570796 0.000000 -1.326450
    8 2.023705 0.907460 0.852577 1.622001 -1.290315 2.925854
    9 4.983657 -0.000003 0.000000 -2.335114 -1.140734 0.350455
    10 11.123049 -0.000003 0.000001 -0.000001 -0.000001 -0.830495
    11 11.208297 -0.000001 0.000013 1.176901 -0.031812 0.527210
    12 2.676087 -1.712447 0.000003 1.570795 0.000000 1.570797
    13 2.023707 0.907463 -0.852527 -1.825795 1.319450 -3.518728
    14 4.983657 -0.000004 0.000000 2.314874 1.158956 0.285384
    15 11.123040 -0.000006 -0.000006 0.000000 0.000001 -0.854067
    16 11.208287 0.000000 -0.000016 -0.987021 -0.214281 0.446905
    17 2.676081 -1.712434 -0.000003 -1.570797 -0.000001 -1.570797
    18 3.984014 -0.000005 -0.000003 -3.101081 -1.187024 0.511016
    19 15.940006 0.000002 0.000000 0.000000 0.000000 1.398706
    20 17.709558 0.000004 0.000002 0.159703 0.036314 -0.732611
    21 6.203996 0.000000 0.000001 -0.011146 0.000934 -0.500515
    22 -3.984013 0.000007 0.000007 0.394652 -1.486799 -3.486513
    23 15.940015 0.000000 0.000000 0.000000 0.000000 1.252352
    24 17.709572 -0.000006 0.000001 0.001124 0.017387 -1.397677
    25 6.204001 0.000003 -0.000001 -0.078651 -0.006185 -0.498943
    26 3.549240 0.198821 -1.489462 -0.187619 -0.272984 -1.438623
    27 1.218999 -0.000001 0.000002 -0.073080 0.064715 -1.166617
    28 0.679998 -0.000001 -0.000001 -0.039807 0.078186 -0.774554
    29 3.698007 0.267555 -0.728972 -0.268107 0.048642 -1.213423
    30 1.749001 -0.000001 0.000003 -0.019233 0.019063 -0.988178
    31 0.959999 -0.000001 0.000001 -0.020303 0.033840 -0.837862
    32 3.768500 0.152546 0.071388 0.015364 0.091144 -1.096288
    33 2.037998 0.000001 0.000002 0.004189 -0.062337 -1.373541
    34 1.067001 0.000001 0.000002 0.002159 -0.005386 -0.698634
    35 3.783924 -0.017260 0.794558 0.322230 0.150677 -0.994611
    36 1.629002 -0.000001 0.000003 -0.018916 -0.039003 -1.267335
    37 0.956000 0.000000 0.000001 0.039386 -0.057545 -0.770788
    38 1.258965 -0.297983 1.252590 -1.267830 -0.406560 -1.190148
    39 1.393001 0.000001 0.000000 0.000584 0.001934 0.256464
    40 1.100002 0.000001 -0.000003 0.010702 0.007595 0.667333
    41 3.549266 0.211411 1.487664 0.026267 0.200807 -1.120737
    42 1.218999 -0.000001 -0.000002 0.009657 -0.097110 -0.418532
    43 0.679999 0.000001 0.000000 -0.046659 -0.074298 0.258671
    44 3.698016 0.273718 0.726617 0.034897 0.071063 -1.319549
    45 1.748999 0.000000 -0.000002 0.001176 -0.027070 -0.241898
    46 0.959996 0.000000 0.000000 -0.018541 -0.034836 0.192740
    47 3.768499 0.151954 -0.072746 -0.003946 -0.092342 -1.220702
    48 2.037997 0.000002 -0.000003 -0.001719 0.004282 -0.627163
    49 1.066998 0.000000 -0.000001 0.003484 0.004641 0.331327
    50 3.783906 -0.023949 -0.794455 -0.088250 -0.262697 -1.078038
    51 1.629001 0.000002 0.000000 -0.022248 0.065603 -0.520574
    52 0.955999 0.000000 -0.000002 0.029109 0.063356 0.261184
    53 1.258940 -0.308543 -1.250054 1.289006 0.530147 -0.654402
    54 1.392999 0.000000 -0.000003 -0.001788 0.370555 0.932381
    55 1.099998 -0.000002 -0.000003 0.000000 -0.013127 -0.286815
    56 0.578998 0.704300 0.000000 0.000000 -1.570790 -3.044320
    57 2.577897 -4.075848 1.825547 1.570743 -1.473520 1.570850
    58 -2.577999 -4.075848 1.825549 1.570743 -1.473520 1.570850
    59 2.330669 -1.877754 0.104131 -1.861302 0.207908 -1.328386
  time 76
    0 -14.428717 -49.220611 23.433772 1.186557 0.000009 1.570755
    1 0.001573 4.212781 -1.689849 1.574413 -0.244998 1.550703
    2 3.837410 0.000000 0.000000 -0.001201 -0.019065 0.209706
    3 3.617862 0.000000 0.000000 -0.001269 -0.019491 0.212677
    4 7.539774 0.000000 0.000000 0.000000 0.000000 0.155813
    5 3.178292 0.000001 0.000000 3.165476 -0.009995 0.085478
    6 2.970271 0.000000 0.000001 0.022577 0.009472 0.239590
    7 -0.000002 0.000001 0.000000 -1.570796 0.000000 -1.326450
    8 2.023705 0.907460 0.852577 1.606578 -1.284820 2.940421
    9 4.983657 -0.000003 0.000000 -2.352979 -1.158286 0.399776
    10 11.123049 -0.000003 0.000001 -0.000001 -0.000001 -0.792936
    11 11.208297 -0.000001 0.000013 1.166163 -0.033961 0.513692
    12 2.676087 -1.712447 0.000003 1.570795 0.000000 1.570797
    13 2.023707 0.907463 -0.852527 -1.894982 1.319166 -3.596565
    14 4.983657 -0.000004 0.000000 2.272915 1.143966 0.237563
    15 11.123040 -0.000006 -0.000006 0.000000 0.000001 -0.840799
    16 11.208287 0.000000 -0.000016 -0.979930 -0.212503 0.430193
    17 2.676081 -1.712434 -0.000003 -1.570797 -0.000001 -1.570797
    18 3.984014 -0.000005 -0.000003 -3.176798 -1.208137 0.489935
    19 15.940006 0.000002 0.000000 0.000000 0.000000 1.387359
    20 17.709558 0.000004 0.000002 0.120035 0.050915 -0.859485
    21 6.203996 0.000000 0.000001 -0.011146 0.000934 -0.500515
    22 -3.984013 0.000007 0.000007 0.102417 -1.457133 -3.150340
    23 15.940015 0.000000 0.000000 0.000000 0.000000 1.248750
    24 17.709572 -0.000006 0.000001 -0.037373 -0.023904 -1.400527
    25 6.204001 0.000003 -0.000001 -0.078651 -0.006185 -0.498943
    26 3.549240 0.198821 -1.489462 -0.187619 -0.272984 -1.438623
    27 1.218999 -0.000001 0.000002 -0.073080 0.064715 -1.166617
    28 0.679998 -0.000001 -0.000001 -0.039807 0.078186 -0.774554
    29 3.698007 0.267555 -0.728972 -0.268107 0.048642 -1.213423
    30 1.749001 -0.000001 0.000003 -0.019233 0.019063 -0.988178
    31 0.959999 -0.000001 0.000001 -0.020303 0.033840 -0.837862
    32 3.768500 0.152546 0.071388 0.015364 0.091144 -1.096288
    33 2.037998 0.000001 0.000002 0.004168 -0.050268 -1.373490
    34 1.067001 0.000001 0.000002 0.002159 -0.005386 -0.698634
    35 3.783924 -0.017260 0.794558 0.322230 0.150662 -0.994563
    36 1.629002 -0.000001 0.000003 -0.002960 -0.037828 -1.267290
    37 0.956000 0.000000 0.000001 0.039386 -0.057545 -0.770788
    38 1.258965 -0.297983 1.252590 -1.267830 -0.406560 -1.190148
    39 1.393001 0.000001 0.000000 0.000584 0.001934 0.256464
    40 1.100002 0.000001 -0.000003 0.010702 0.007595 0.667333
    41 3.549266 0.211411 1.487664 0.026267 0.200807 -1.120737
    42 1.218999 -0.000001 -0.000002 0.009657 -0.097110 -0.418532
    43 0.679999 0.000001 0.000000 -0.046659 -0.074298 0.258671
    44 3.698016 0.273718 0.726617 0.034897 0.071063 -1.319549
    45 1.748999 0.000000 -0.000002 0.001176 -0.027070 -0.241898
    46 0.959996 0.000000 0.000000 -0.018541 -0.034836 0.192740
    47 3.768499 0.151954 -0.072746 -0.003946 -0.092342 -1.220702
    48 2.037997 0.000002 -0.000003 -0.001719 0.004282 -0.627163
    49 1.066998 0.000000 -0.000001 0.003484 0.004641 0.331327
    50 3.783906 -0.023949 -0.794455 -0.088250 -0.262697 -1.078038
    51 1.629001 0.000002 0.000000 -0.022248 0.065603 -0.520574
    52 0.955999 0.000000 -0.000002 0.029109 0.063356 0.261184
    53 1.258940 -0.308543 -1.250054 1.289006 0.530147 -0.654402
    54 1.392999 0.000000 -0.000003 -0.001788 0.370555 0.932381
    55 1.099998 -0.000002 -0.000003 0.000000 -0.013127 -0.286815
    56 0.578998 0.704300 0.000000 0.000000 -1.570790 -3.044320
    57 2.577897 -4.075848 1.825547 1.570743 -1.473520 1.570850
    58 -2.577999 -4.075848 1.825549 1.570743 -1.473520 1.570850
    59 2.330669 -1.877754 0.104131 -1.861302 0.207908 -1.328386
  time 77
    0 -14.437315 -49.216051 23.592074 1.169333 0.000009 1.570779
    1 0.001573 4.212781 -1.689849 1.575155 -0.246423 1.546769
    2 3.837410 0.000000 0.000000 -0.001457 -0.022887 0.229763
    3 3.617862 0.000000 0.000000 -0.001513 -0.023318 0.207738
    4 7.539774 0.000000 0.000000 0.000000 0.000000 0.155813
    5 3.178292 0.000001 0.000000 3.202787 -0.026472 0.089991
    6 2.970271 0.000000 0.000001 0.056866 0.024786 0.235219
    7 -0.000002 0.000001 0.000000 -1.570796 0.000000 -1.326450
    8 2.023705 0.907460 0.852577 1.594603 -1.285452 2.950580
    9 4.983657 -0.000003 0.000000 -2.361863 -1.170157 0.436437
    10 11.123049 -0.000003 0.000001 -0.000001 -0.000001 -0.767504
    11 11.208297 -0.000001 0.000013 1.151974 -0.037208 0.505581
    12 2.676087 -1.712447 0.000003 1.570795 0.000000 1.570797
    13 2.023707 0.907463 -0.852527 -1.978139 1.319450 -3.689165
    14 4.983657 -0.000004 0.000000 2.227316 1.119859 0.183221
    15 11.123040 -0.000006 -0.000006 0.000000 0.000001 -0.840610
    16 11.208287 0.000000 -0.000016 -0.970865 -0.209649 0.418590
    17 2.676081 -1.712434 -0.000003 -1.570797 -0.000001 -1.570797
    18 3.984014 -0.000005 -0.000003 -3.141527 -1.249581 0.370062
    19 15.940006 0.000002 0.000000 0.000000 0.000000 1.352729
    20 17.709558 0.000004 0.000002 0.045099 0.074489 -0.998388
    21 6.203996 0.000000 0.000001 -0.011146 0.000934 -0.500515
    22 -3.984013 0.000007 0.000007 -0.051128 -1.421148 -2.954559
    23 15.940015 0.000000 0.000000 0.000000 0.000000 1.244381
    24 17.709572 -0.000006 0.000001 -0.074446 -0.064609 -1.402296
    25 6.204001 0.000003 -0.000001 -0.078651 -0.006185 -0.498943
    26 3.549240 0.198821 -1.489462 -0.187619 -0.272984 -1.438623
    27 1.218999 -0.000001 0.000002 -0.073080 0.064715 -1.166617
    28 0.679998 -0.000001 -0.000001 -0.039807 0.078186 -0.774554
    29 3.698007 0.267555 -0.728972 -0.268107 0.048642 -1.213423
    30 1.749001 -0.000001 0.000003 -0.019233 0.019063 -0.988178
    31 0.959999 -0.000001 0.000001 -0.020303 0.033840 -0.837862
    32 3.768500 0.152546 0.071388 0.015364 0.091144 -1.096288
    33 2.037998 0.000001 0.000002 0.004168 -0.038188 -1.373490
    34 1.067001 0.000001 0.000002 0.002159 -0.005386 -0.698634
    35 3.783924 -0.017260 0.794558 0.322250 0.150646 -0.994467
    36 1.629002 -0.000001 0.000003 0.012996 -0.036631 -1.267198
    37 0.956000 0.000000 0.000001 0.039386 -0.057545 -0.770788
    38 1.258965 -0.297983 1.252590 -1.267830 -0.406560 -1.190148
    39 1.393001 0.000001 0.000000 0.000584 0.001934 0.256464
    40 1.100002 0.000001 -0.000003 0.010702 0.007595 0.667333
    41 3.549266 0.211411 1.487664 0.026267 0.200807 -1.120737
    42 1.218999 -0.000001 -0.000002 0.009657 -0.097110 -0.418532
    43 0.679999 0.000001 0.000000 -0.046659 -0.074298 0.258671
    44 3.698016 0.273718 0.726617 0.034897 0.071063 -1.319549
    45 1.748999 0.000000 -0.000002 0.001176 -0.027070 -0.241898
    46 0.959996 0.000000 0.000000 -0.018541 -0.034836 0.192740
    47 3.768499 0.151954 -0.072746 -0.003946 -0.092342 -1.220702
    48 2.037997 0.000002 -0.000003 -0.001719 0.004282 -0.627163
    49 1.066998 0.000000 -0.000001 0.003484 0.004641 0.331327
    50 3.783906 -0.023949 -0.794455 -0.088250 -0.262697 -1.078038
    51 1.629001 0.000002 0.000000 -0.022248 0.065603 -0.520574
    52 0.955999 0.000000 -0.000002 0.029109 0.063356 0.261184
    53 1.258940 -0.308543 -1.250054 1.289006 0.530147 -0.654402
    54 1.392999 0.000000 -0.000003 -0.001788 0.370555 0.932381
    55 1.099998 -0.000002 -0.000003 0.000000 -0.013127 -0.286815
    56 0.578998 0.704300 0.000000 0.000000 -1.570790 -3.044320
    57 2.577897 -4.075848 1.825547 1.570743 -1.473520 1.570850
    58 -2.577999 -4.075848 1.825549 1.570743 -1.473520 1.570850
    59 2.330669 -1.877754 0.104131 -1.861302 0.207908 -1.328386
  time 78
    0 -14.430483 -49.222470 23.739822 1.153238 0.000009 1.570707
    1 0.001573 4.212781 -1.689849 1.575941 -0.248498 1.542642
    2 3.837410 0.000000 0.000000 -0.001727 -0.026866 0.248572
    3 3.617862 0.000000 0.000000 -0.001782 -0.027282 0.203893
    4 7.539774 0.000000 0.000000 0.000000 0.000000 0.155813
    5 3.178292 0.000001 0.000000 3.248194 -0.046321 0.103180
    6 2.970271 0.000000 0.000001 0.098808 0.043296 0.227115
    7 -0.000002 0.000001 0.000000 -1.570796 0.000000 -1.326450
    8 2.023705 0.907460 0.852577 1.590771 -1.293240 2.951922
    9 4.983657 -0.000003 0.000000 -2.362055 -1.177005 0.455145
    10 11.123049 -0.000003 0.000001 -0.000001 -0.000001 -0.752963
    11 11.208297 -0.000001 0.000013 1.139319 -0.041551 0.502948
    12 2.676087 -1.712447 0.000003 1.570795 0.000000 1.570797
    13 2.023707 0.907463 -0.852527 -2.074024 1.319166 -3.795090
    14 4.983657 -0.000004 0.000000 2.183537 1.088208 0.129257
    15 11.123040 -0.000006 -0.000006 0.000000 0.000001 -0.849266
    16 11.208287 0.000000 -0.000016 -0.959107 -0.206514 0.410490
    17 2.676081 -1.712434 -0.000003 -1.570797 -0.000001 -1.570797
    18 3.984014 -0.000005 -0.000003 -2.995747 -1.293296 0.147947
    19 15.940006 0.000002 0.000000 0.000000 0.000000 1.296215
    20 17.709558 0.000004 0.000002 -0.051074 0.091084 -1.134262
    21 6.203996 0.000000 0.000001 -0.011146 0.000934 -0.500515
    22 -3.984013 0.000007 0.000007 -0.132981 -1.385212 -2.834867
    23 15.940015 0.000000 0.000000 0.000000 0.000000 1.240089
    24 17.709572 -0.000006 0.000001 -0.107782 -0.101796 -1.402689
    25 6.204001 0.000003 -0.000001 -0.078651 -0.006185 -0.498943
    26 3.549240 0.198821 -1.489462 -0.187619 -0.272984 -1.438623
    27 1.218999 -0.000001 0.000002 -0.073080 0.064715 -1.166617
    28 0.679998 -0.000001 -0.000001 -0.039807 0.078186 -0.774554
    29 3.698007 0.267555 -0.728972 -0.268107 0.048642 -1.213423
    30 1.749001 -0.000001 0.000003 -0.019233 0.019063 -0.988178
    31 0.959999 -0.000001 0.000001 -0.020303 0.033840 -0.837862
    32 3.768500 0.152546 0.071388 0.015364 0.091144 -1.096288
    33 2.037998 0.000001 0.000002 0.004168 -0.026107 -1.373439
    34 1.067001 0.000001 0.000002 0.002159 -0.005386 -0.698634
    35 3.783924 -0.017260 0.794558 0.322250 0.150631 -0.994467
    36 1.629002 -0.000001 0.000003 0.028932 -0.035456 -1.267107
    37 0.956000 0.000000 0.000001 0.039386 -0.057545 -0.770788
    38 1.258965 -0.297983 1.252590 -1.267830 -0.406560 -1.190148
    39 1.393001 0.000001 0.000000 0.000584 0.001934 0.256464
    40 1.100002 0.000001 -0.000003 0.010702 0.007595 0.667333
    41 3.549266 0.211411 1.487664 0.026267 0.200807 -1.120737
    42 1.218999 -0.000001 -0.000002 0.009657 -0.097110 -0.418532
    43 0.679999 0.000001 0.000000 -0.046659 -0.074298 0.258671
    44 3.698016 0.273718 0.726617 0.034897 0.071063 -1.319549
    45 1.748999 0.000000 -0.000002 0.001176 -0.027070 -0.241898
    46 0.959996 0.000000 0.000000 -0.018541 -0.034836 0.192740
    47 3.768499 0.151954 -0.072746 -0.003946 -0.092342 -1.220702
    48 2.037997 0.000002 -0.000003 -0.001719 0.004282 -0.627163
    49 1.066998 0.000000 -0.000001 0.003484 0.004641 0.331327
    50 3.783906 -0.023949 -0.794455 -0.088250 -0.262697 -1.078038
    51 1.629001 0.000002 0.000000 -0.022248 0.065603 -0.520574
    52 0.955999 0.000000 -0.000002 0.029109 0.063356 0.261184
    53 1.258940 -0.308543 -1.250054 1.289006 0.530147 -0.654402
    54 1.392999 0.000000 -0.000003 -0.001788 0.370555 0.932381
    55 1.099998 -0.000002 -0.000003 0.000000 -0.013127 -0.286815
    56 0.578998 0.704300 0.000000 0.000000 -1.570790 -3.044320
    57 2.577897 -4.075848 1.825547 1.570743 -1.473520 1.570850
    58 -2.577999 -4.075848 1.825549 1.570743 -1.473520 1.570850
    59 2.330669 -1.877754 0.104131 -1.861302 0.207908 -1.328386
  time 79
    0 -14.429914 -49.222972 23.866464 1.138461 0.000009 1.570730
    1 0.001573 4.212781 -1.689849 1.576795 -0.250741 1.538438
    2 3.837410 0.000000 0.000000 -0.001997 -0.030956 0.264785
    3 3.617862 0.000000 0.000000 -0.002051 -0.031366 0.201689
    4 7.539774 0.000000 0.000000 0.000000 0.000000 0.155813
    5 3.178292 0.000001 0.000000 3.296308 -0.066451 0.119427
    6 2.970271 0.000000 0.000001 0.144301 0.062398 0.217645
    7 -0.000002 0.000001 0.000000 -1.570796 0.000000 -1.326450
    8 2.023705 0.907460 0.852577 1.601692 -1.309210 2.938505
    9 4.983657 -0.000003 0.000000 -2.354698 -1.179237 0.451082
    10 11.123049 -0.000003 0.000001 -0.000001 -0.000001 -0.747854
    11 11.208297 -0.000001 0.000013 1.133471 -0.047079 0.505225
    12 2.676087 -1.712447 0.000003 1.570795 0.000000 1.570797
    13 2.023707 0.907463 -0.852527 -2.180340 1.317221 -3.911750
    14 4.983657 -0.000004 0.000000 2.144739 1.050925 0.080491
    15 11.123040 -0.000006 -0.000006 0.000000 0.000001 -0.862471
    16 11.208287 0.000000 -0.000016 -0.943669 -0.203987 0.403995
    17 2.676081 -1.712434 -0.000003 -1.570797 -0.000001 -1.570797
    18 3.984014 -0.000005 -0.000003 -2.779904 -1.312100 -0.151017
    19 15.940006 0.000002 0.000000 0.000000 0.000000 1.221281
    20 17.709558 0.000004 0.000002 -0.140649 0.097885 -1.253174
    21 6.203996 0.000000 0.000001 -0.011146 0.000934 -0.500515
    22 -3.984013 0.000007 0.000007 -0.178795 -1.353275 -2.757915
    23 15.940015 0.000000 0.000000 0.000000 0.000000 1.236640
    24 17.709572 -0.000006 0.000001 -0.135602 -0.133015 -1.401903
    25 6.204001 0.000003 -0.000001 -0.078651 -0.006185 -0.498943
    26 3.549240 0.198821 -1.489462 -0.187619 -0.272984 -1.438623
    27 1.218999 -0.000001 0.000002 -0.073080 0.064715 -1.166617
    28 0.679998 -0.000001 -0.000001 -0.039807 0.078186 -0.774554
    29 3.698007 0.267555 -0.728972 -0.268107 0.048642 -1.213423
    30 1.749001 -0.000001 0.000003 -0.019233 0.019063 -0.988178
    31 0.959999 -0.000001 0.000001 -0.020303 0.033840 -0.837862
    32 3.768500 0.152546 0.071388 0.015364 0.091144 -1.096288
    33 2.037998 0.000001 0.000002 0.004168 -0.014039 -1.373388
    34 1.067001 0.000001 0.000002 0.002159 -0.005386 -0.698634
    35 3.783924 -0.017260 0.794558 0.322250 0.150631 -0.994419
    36 1.629002 -0.000001 0.000003 0.044908 -0.034259 -1.267061
    37 0.956000 0.000000 0.000001 0.039386 -0.057545 -0.770788
    38 1.258965 -0.297983 1.252590 -1.267830 -0.406560 -1.190148
    39 1.393001 0.000001 0.000000 0.000584 0.001934 0.256464
    40 1.100002 0.000001 -0.000003 0.010702 0.007595 0.667333
    41 3.549266 0.211411 1.487664 0.026267 0.200807 -1.120737
    42 1.218999 -0.000001 -0.000002 0.009657 -0.097110 -0.418532
    43 0.679999 0.000001 0.000000 -0.046659 -0.074298 0.258671
    44 3.698016 0.273718 0.726617 0.034897 0.071063 -1.319549
    45 1.748999 0.000000 -0.000002 0.001176 -0.027070 -0.241898
    46 0.959996 0.000000 0.000000 -0.018541 -0.034836 0.192700
    47 3.768499 0.151954 -0.072746 -0.003946 -0.092342 -1.220702
    48 2.037997 0.000002 -0.000003 -0.001719 0.004282 -0.627163
    49 1.066998 0.000000 -0.000001 0.003484 0.004641 0.331327
    50 3.783906 -0.023949 -0.794455 -0.088250 -0.262697 -1.078038
    51 1.629001 0.000002 0.000000 -0.022248 0.065603 -0.520574
    52 0.955999 0.000000 -0.000002 0.029109 0.063356 0.261184
    53 1.258940 -0.308543 -1.250054 1.289006 0.530147 -0.654402
    54 1.392999 0.000000 -0.000003 -0.001788 0.370555 0.932381
    55 1.099998 -0.000002 -0.000003 0.000000 -0.013127 -0.286815
    56 0.578998 0.704300 0.000000 0.000000 -1.570790 -3.044320
    57 2.577897 -4.075848 1.825547 1.570743 -1.473520 1.570850
    58 -2.577999 -4.075848 1.825549 1.570743 -1.473520 1.570850
    59 2.330669 -1.877754 0.104131 -1.861302 0.207908 -1.328386
  time 80
    0 -14.435616 -49.217698 23.929785 1.125096 0.000009 1.570754
    1 0.001573 4.212781 -1.689849 1.577672 -0.252648 1.534118
    2 3.837410 0.000000 0.000000 -0.002268 -0.035172 0.277039
    3 3.617862 0.000000 0.000000 -0.002321 -0.035526 0.201535
    4 7.539774 0.000000 0.000000 0.000000 0.000000 0.155813
    5 3.178292 0.000001 0.000000 3.341828 -0.083712 0.133024
    6 2.970271 0.000000 0.000001 0.189371 0.079488 0.209132
    7 -0.000002 0.000001 0.000000 -1.570796 0.000000 -1.326450
    8 2.023705 0.907460 0.852577 1.638383 -1.334114 2.900074
    9 4.983657 -0.000003 0.000000 -2.342661 -1.177462 0.420752
    10 11.123049 -0.000003 0.000001 -0.000001 -0.000001 -0.750156
    11 11.208297 -0.000001 0.000013 1.140278 -0.053968 0.511699
    12 2.676087 -1.712447 0.000003 1.570795 0.000000 1.570797
    13 2.023707 0.907463 -0.852527 -2.292971 1.312717 -4.034833
    14 4.983657 -0.000004 0.000000 2.112073 1.010110 0.040137
    15 11.123040 -0.000006 -0.000006 0.000000 0.000001 -0.875992
    16 11.208287 0.000000 -0.000016 -0.923294 -0.202864 0.397427
    17 2.676081 -1.712434 -0.000003 -1.570797 -0.000001 -1.570797
    18 3.984014 -0.000005 -0.000003 -2.637479 -1.289424 -0.407532
    19 15.940006 0.000002 0.000000 0.000000 0.000000 1.133674
    20 17.709558 0.000004 0.000002 -0.191845 0.110242 -1.345343
    21 6.203996 0.000000 0.000001 -0.011146 0.000934 -0.500515
    22 -3.984013 0.000007 0.000007 -0.205153 -1.328298 -2.708754
    23 15.940015 0.000000 0.000000 0.000000 0.000000 1.234800
    24 17.709572 -0.000006 0.000001 -0.156541 -0.156231 -1.400134
    25 6.204001 0.000003 -0.000001 -0.078651 -0.006185 -0.498943
    26 3.549240 0.198821 -1.489462 -0.187619 -0.272984 -1.438623
    27 1.218999 -0.000001 0.000002 -0.073080 0.064715 -1.166617
    28 0.679998 -0.000001 -0.000001 -0.039807 0.078186 -0.774554
    29 3.698007 0.267555 -0.728972 -0.268107 0.048642 -1.213423
    30 1.749001 -0.000001 0.000003 -0.019233 0.019063 -0.988178
    31 0.959999 -0.000001 0.000001 -0.020303 0.033840 -0.837862
    32 3.768500 0.152546 0.071388 0.015364 0.091144 -1.096288
    33 2.037998 0.000001 0.000002 0.004168 -0.001970 -1.373337
    34 1.067001 0.000001 0.000002 0.002159 -0.005386 -0.698634
    35 3.783924 -0.017260 0.794558 0.322250 0.150631 -0.994419
    36 1.629002 -0.000001 0.000003 0.060864 -0.033084 -1.266970
    37 0.956000 0.000000 0.000001 0.039386 -0.057545 -0.770788
    38 1.258965 -0.297983 1.252590 -1.267830 -0.406560 -1.190148
    39 1.393001 0.000001 0.000000 0.000584 0.001934 0.256464
    40 1.100002 0.000001 -0.000003 0.010702 0.007595 0.667333
    41 3.549266 0.211411 1.487664 0.026267 0.200807 -1.120737
    42 1.218999 -0.000001 -0.000002 0.009657 -0.097110 -0.418532
    43 0.679999 0.000001 0.000000 -0.046659 -0.074298 0.258671
    44 3.698016 0.273718 0.726617 0.034897 0.071063 -1.319549
    45 1.748999 0.000000 -0.000002 0.001176 -0.027070 -0.241898
    46 0.959996 0.000000 0.000000 -0.018541 -0.034836 0.192700
    47 3.768499 0.151954 -0.072746 -0.003946 -0.092342 -1.220702
    48 2.037997 0.000002 -0.000003 -0.001719 0.004282 -0.627163
    49 1.066998 0.000000 -0.000001 0.003484 0.004641 0.331327
    50 3.783906 -0.023949 -0.794455 -0.088250 -0.262697 -1.078038
    51 1.629001 0.000002 0.000000 -0.022248 0.065603 -0.520574
    52 0.955999 0.000000 -0.000002 0.029109 0.063356 0.261184
    53 1.258940 -0.308543 -1.250054 1.289006 0.530147 -0.654402
    54 1.392999 0.000000 -0.000003 -0.001788 0.370555 0.932381
    55 1.099998 -0.000002 -0.000003 0.000000 -0.013127 -0.286815
    56 0.578998 0.704300 0.000000 0.000000 -1.570790 -3.044320
    57 2.577897 -4.075848 1.825547 1.570743 -1.473520 1.570850
    58 -2.577999 -4.075848 1.825549 1.570743 -1.473520 1.570850
    59 2.330669 -1.877754 0.104131 -1.861302 0.207908 -1.328386
  time 81
    0 -14.272361 -49.147665 23.961445 1.115495 0.010375 1.565986
    1 0.001573 4.212781 -1.689849 1.578593 -0.255037 1.529683
    2 3.837410 0.000000 0.000000 -0.002551 -0.039468 0.286353
    3 3.617862 0.000000 0.000000 -0.002590 -0.039792 0.203466
    4 7.539774 0.000000 0.000000 0.000000 0.000000 0.155813
    5 3.178292 0.000001 0.000000 3.379368 -0.095011 0.138323
    6 2.970271 0.000000 0.000001 0.229960 0.091979 0.203896
    7 -0.000002 0.000001 0.000000 -1.570796 0.000000 -1.326450
    8 2.023705 0.907460 0.852577 1.716075 -1.370443 2.822158
    9 4.983657 -0.000003 0.000000 -2.240154 -1.082801 0.255497
    10 11.123049 -0.000003 0.000001 -0.000001 -0.000001 -0.722534
    11 11.208297 -0.000001 0.000013 1.204895 -0.175452 0.514972
    12 2.676087 -1.712447 0.000003 1.570795 0.000000 1.570797
    13 2.023707 0.907463 -0.852527 -2.407421 1.305035 -4.159738
    14 4.983657 -0.000004 0.000000 2.075095 0.944088 -0.013260
    15 11.123040 -0.000006 -0.000006 0.000000 0.000001 -0.925716
    16 11.208287 0.000000 -0.000016 -0.894303 -0.206186 0.393851
    17 2.676081 -1.712434 -0.000003 -1.570797 -0.000001 -1.570797
    18 3.984014 -0.000005 -0.000003 -2.561570 -1.309047 -0.441453
    19 15.940006 0.000002 0.000000 0.000000 0.000000 1.153568
    20 17.709558 0.000004 0.000002 -0.216647 0.082608 -1.358584
    21 6.203996 0.000000 0.000001 -0.011146 0.000934 -0.500515
    22 -3.984013 0.000007 0.000007 -0.204386 -1.309738 -2.687000
    23 15.940015 0.000000 0.000000 0.000000 0.000000 1.245377
    24 17.709572 -0.000006 0.000001 -0.167040 -0.173237 -1.406277
    25 6.204001 0.000003 -0.000001 -0.078651 -0.006185 -0.498943
    26 3.549240 0.198821 -1.489462 -0.248388 -0.219399 -1.190528
    27 1.218999 -0.000001 0.000002 -0.060324 0.076760 -0.986537
    28 0.679998 -0.000001 -0.000001 -0.028862 0.082836 -0.638915
    29 3.698007 0.267555 -0.728972 -0.248856 0.111939 -0.974471
    30 1.749001 -0.000001 0.000003 -0.015510 0.022203 -0.808176
    31 0.959999 -0.000001 0.000001 -0.015558 0.036261 -0.702533
    32 3.768500 0.152546 0.071388 0.037179 0.084648 -0.848976
    33 2.037998 0.000001 0.000002 0.003740 -0.002689 -1.193327
    34 1.067001 0.000001 0.000002 0.001417 -0.005625 -0.563329
    35 3.783924 -0.017260 0.794558 0.348064 0.069197 -0.760331
    36 1.629002 -0.000001 0.000003 0.053978 -0.043432 -1.087161
    37 0.956000 0.000000 0.000001 0.031258 -0.062327 -0.635351
    38 1.258965 -0.297983 1.252590 -1.289221 -0.421265 -1.136853
    39 1.393001 0.000001 0.000000 0.000460 0.001970 0.188773
    40 1.100002 0.000001 -0.000003 0.008832 0.009702 0.452108
    41 3.549266 0.211411 1.487664 0.026267 0.200807 -1.120737
    42 1.218999 -0.000001 -0.000002 0.009657 -0.097110 -0.418532
    43 0.679999 0.000001 0.000000 -0.046659 -0.074298 0.258671
    44 3.698016 0.273718 0.726617 0.034897 0.071063 -1.319549
    45 1.748999 0.000000 -0.000002 0.001176 -0.027070 -0.241898
    46 0.959996 0.000000 0.000000 -0.018541 -0.034836 0.192740
    47 3.768499 0.151954 -0.072746 -0.003946 -0.092342 -1.220702
    48 2.037997 0.000002 -0.000003 -0.001719 0.004282 -0.627163
    49 1.066998 0.000000 -0.000001 0.003484 0.004641 0.331327
    50 3.783906 -0.023949 -0.794455 -0.088250 -0.262697 -1.078038
    51 1.629001 0.000002 0.000000 -0.022248 0.065603 -0.520574
    52 0.955999 0.000000 -0.000002 0.029109 0.063356 0.261184
    53 1.258940 -0.308543 -1.250054 1.289006 0.530147 -0.654402
    54 1.392999 0.000000 -0.000003 -0.001788 0.370555 0.932381
    55 1.099998 -0.000002 -0.000003 0.000000 -0.013127 -0.286815
    56 0.578998 0.704300 0.000000 0.000000 -1.570790 -3.044320
    57 2.577897 -4.075848 1.825547 1.570743 -1.473520 1.570850
    58 -2.577999 -4.075848 1.825549 1.570743 -1.473520 1.570850
    59 2.330669 -1.877754 0.104131 -1.861302 0.207908 -1.328386
  time 82
    0 -13.864763 -48.941304 24.014213 1.110413 0.038394 1.552976
    1 0.001573 4.212781 -1.689849 1.579627 -0.258935 1.525171
    2 3.837410 0.000000 0.000000 -0.002821 -0.043842 0.294714
    3 3.617862 0.000000 0.000000 -0.002859 -0.044119 0.207004
    4 7.539774 0.000000 0.000000 0.000000 0.000000 0.155813
    5 3.178292 0.000001 0.000000 3.403596 -0.097239 0.129676
    6 2.970271 0.000000 0.000001 0.262008 0.097248 0.204306
    7 -0.000002 0.000001 0.000000 -1.570796 0.000000 -1.326450
    8 2.023705 0.907460 0.852577 1.869353 -1.416654 2.670448
    9 4.983657 -0.000003 0.000000 -2.182547 -0.953492 0.111879
    10 11.123049 -0.000003 0.000001 -0.000001 -0.000001 -0.758297
    11 11.208297 -0.000001 0.000013 1.279674 -0.316329 0.561147
    12 2.676087 -1.712447 0.000003 1.570795 0.000000 1.570797
    13 2.023707 0.907463 -0.852527 -2.518617 1.293987 -4.281287
    14 4.983657 -0.000004 0.000000 2.037926 0.839877 -0.084897
    15 11.123040 -0.000006 -0.000006 0.000000 0.000001 -1.027628
    16 11.208287 0.000000 -0.000016 -0.854182 -0.214515 0.388743
    17 2.676081 -1.712434 -0.000003 -1.570797 -0.000001 -1.570797
    18 3.984014 -0.000005 -0.000003 -2.570196 -1.336788 -0.379840
    19 15.940006 0.000002 0.000000 0.000000 0.000000 1.207061
    20 17.709558 0.000004 0.000002 -0.232954 0.061384 -1.387490
    21 6.203996 0.000000 0.000001 -0.011146 0.000934 -0.500515
    22 -3.984013 0.000007 0.000007 -0.175153 -1.294584 -2.686809
    23 15.940015 0.000000 0.000000 0.000000 0.000000 1.274809
    24 17.709572 -0.000006 0.000001 -0.165439 -0.187622 -1.426622
    25 6.204001 0.000003 -0.000001 -0.078651 -0.006185 -0.498943
    26 3.549240 0.198821 -1.489462 -0.297374 -0.144993 -0.921893
    27 1.218999 -0.000001 0.000002 -0.043815 0.087222 -0.785729
    28 0.679998 -0.000001 -0.000001 -0.016096 0.086229 -0.487787
    29 3.698007 0.267555 -0.728972 -0.210039 0.174732 -0.704520
    30 1.749001 -0.000001 0.000003 -0.010780 0.024852 -0.607737
    31 0.959999 -0.000001 0.000001 -0.009935 0.038190 -0.551815
    32 3.768500 0.152546 0.071388 0.058749 0.071405 -0.574085
    33 2.037998 0.000001 0.000002 0.003148 -0.003373 -0.992920
    34 1.067001 0.000001 0.000002 0.000548 -0.005769 -0.412720
    35 3.783924 -0.017260 0.794558 0.353723 -0.025653 -0.502708
    36 1.629002 -0.000001 0.000003 0.044253 -0.053319 -0.886744
    37 0.956000 0.000000 0.000001 0.021531 -0.066317 -0.484453
    38 1.258965 -0.297983 1.252590 -1.314240 -0.436350 -1.076689
    39 1.393001 0.000001 0.000000 0.000300 0.002006 0.113373
    40 1.100002 0.000001 -0.000003 0.006279 0.011533 0.212417
    41 3.549266 0.211411 1.487664 0.026267 0.200807 -1.120737
    42 1.218999 -0.000001 -0.000002 0.009657 -0.097110 -0.418532
    43 0.679999 0.000001 0.000000 -0.046659 -0.074298 0.258671
    44 3.698016 0.273718 0.726617 0.034897 0.071063 -1.319549
    45 1.748999 0.000000 -0.000002 0.001176 -0.027070 -0.241898
    46 0.959996 0.000000 0.000000 -0.018541 -0.034836 0.192700
    47 3.768499 0.151954 -0.072746 -0.003946 -0.092342 -1.220702
    48 2.037997 0.000002 -0.000003 -0.001719 0.004282 -0.627163
    49 1.066998 0.000000 -0.000001 0.003484 0.004641 0.331327
    50 3.783906 -0.023949 -0.794455 -0.088250 -0.262697 -1.078038
    51 1.629001 0.000002 0.000000 -0.022248 0.065603 -0.520574
    52 0.955999 0.000000 -0.000002 0.029109 0.063356 0.261184
    53 1.258940 -0.308543 -1.250054 1.289006 0.530147 -0.654402
    54 1.392999 0.000000 -0.000003 -0.001788 0.370555 0.932381
    55 1.099998 -0.000002 -0.000003 0.000000 -0.013127 -0.286815
    56 0.578998 0.704300 0.000000 0.000000 -1.570790 -3.044320
    57 2.577897 -4.075848 1.825547 1.570743 -1.473520 1.570850
    58 -2.577999 -4.075848 1.825549 1.570743 -1.473520 1.570850
    59 2.330669 -1.877754 0.104131 -1.861302 0.207908 -1.328386
  time 83
    0 -13.249710 -48.638735 24.088087 1.108154 0.079631 1.533737
    1 0.001573 4.212781 -1.689849 1.580796 -0.264091 1.520542
    2 3.837410 0.000000 0.000000 -0.003091 -0.048279 0.302205
    3 3.617862 0.000000 0.000000 -0.003129 -0.048506 0.211891
    4 7.539774 0.000000 0.000000 0.000000 0.000000 0.155813
    5 3.178292 0.000001 0.000000 3.418931 -0.091679 0.109557
    6 2.970271 0.000000 0.000001 0.289955 0.096597 0.208722
    7 -0.000002 0.000001 0.000000 -1.570796 0.000000 -1.326450
    8 2.023705 0.907460 0.852577 2.206754 -1.462865 2.336264
    9 4.983657 -0.000003 0.000000 -2.173376 -0.799376 -0.011992
    10 11.123049 -0.000003 0.000001 -0.000001 -0.000001 -0.836783
    11 11.208297 -0.000001 0.000013 1.357329 -0.455319 0.614864
    12 2.676087 -1.712447 0.000003 1.570795 0.000000 1.570797
    13 2.023707 0.907463 -0.852527 -2.622635 1.279761 -4.395263
    14 4.983657 -0.000004 0.000000 2.012061 0.713133 -0.158802
    15 11.123040 -0.000006 -0.000006 0.000000 0.000001 -1.148495
    16 11.208287 0.000000 -0.000016 -0.804546 -0.224528 0.368383
    17 2.676081 -1.712434 -0.000003 -1.570797 -0.000001 -1.570797
    18 3.984014 -0.000005 -0.000003 -2.664890 -1.367582 -0.225758
    19 15.940006 0.000002 0.000000 0.000000 0.000000 1.282584
    20 17.709558 0.000004 0.000002 -0.241600 0.046357 -1.426781
    21 6.203996 0.000000 0.000001 -0.011146 0.000934 -0.500515
    22 -3.984013 0.000007 0.000007 -0.133652 -1.281503 -2.694571
    23 15.940015 0.000000 0.000000 0.000000 0.000000 1.316734
    24 17.709572 -0.000006 0.000001 -0.153812 -0.199799 -1.457385
    25 6.204001 0.000003 -0.000001 -0.078651 -0.006185 -0.498943
    26 3.549240 0.198821 -1.489462 -0.323663 -0.065012 -0.672581
    27 1.218999 -0.000001 0.000002 -0.026495 0.093933 -0.594840
    28 0.679998 -0.000001 -0.000001 -0.003616 0.087635 -0.344299
    29 3.698007 0.267555 -0.728972 -0.158177 0.222697 -0.443371
    30 1.749001 -0.000001 0.000003 -0.005875 0.026445 -0.417443
    31 0.959999 -0.000001 0.000001 -0.004391 0.039221 -0.408771
    32 3.768500 0.152546 0.071388 0.075155 0.053884 -0.313749
    33 2.037998 0.000001 0.000002 0.002433 -0.003912 -0.802660
    34 1.067001 0.000001 0.000002 -0.000267 -0.005793 -0.269742
    35 3.783924 -0.017260 0.794558 0.336467 -0.114189 -0.257117
    36 1.629002 -0.000001 0.000003 0.033378 -0.060729 -0.696379
    37 0.956000 0.000000 0.000001 0.011846 -0.068702 -0.341207
    38 1.258965 -0.297983 1.252590 -1.339046 -0.449379 -1.018840
    39 1.393001 0.000001 0.000000 0.000159 0.002024 0.041842
    40 1.100002 0.000001 -0.000003 0.003511 0.012661 -0.015063
    41 3.549266 0.211411 1.487664 0.026267 0.200807 -1.120737
    42 1.218999 -0.000001 -0.000002 0.009657 -0.097110 -0.418532
    43 0.679999 0.000001 0.000000 -0.046659 -0.074298 0.258671
    44 3.698016 0.273718 0.726617 0.034897 0.071063 -1.319549
    45 1.748999 0.000000 -0.000002 0.001176 -0.027070 -0.241898
    46 0.959996 0.000000 0.000000 -0.018541 -0.034836 0.192740
    47 3.768499 0.151954 -0.072746 -0.003946 -0.092342 -1.220702
    48 2.037997 0.000002 -0.000003 -0.001719 0.004282 -0.627163
    49 1.066998 0.000000 -0.000001 0.003484 0.004641 0.331327
    50 3.783906 -0.023949 -0.794455 -0.088250 -0.262697 -1.078038
    51 1.629001 0.000002 0.000000 -0.022248 0.065603 -0.520574
    52 0.955999 0.000000 -0.000002 0.029109 0.063356 0.261184
    53 1.258940 -0.308543 -1.250054 1.289006 0.530147 -0.654402
    54 1.392999 0.000000 -0.000003 -0.001788 0.370555 0.932381
    55 1.099998 -0.000002 -0.000003 0.000000 -0.013127 -0.286815
    56 0.578998 0.704300 0.000000 0.000000 -1.570790 -3.044320
    57 2.577897 -4.075848 1.825547 1.570743 -1.473520 1.570850
    58 -2.577999 -4.075848 1.825549 1.570743 -1.473520 1.570850
    59 2.330669 -1.877754 0.104131 -1.861302 0.207908 -1.328386
  time 84
    0 -12.507320 -48.275810 24.161961 1.106648 0.129649 1.510186
    1 0.001573 4.212781 -1.689849 1.582099 -0.270169 1.515876
    2 3.837410 0.000000 0.000000 -0.003362 -0.052748 0.308874
    3 3.617862 0.000000 0.000000 -0.003372 -0.052923 0.217820
    4 7.539774 0.000000 0.000000 0.000000 0.000000 0.155813
    5 3.178292 0.000001 0.000000 3.433268 -0.082206 0.084779
    6 2.970271 0.000000 0.000001 0.320397 0.093420 0.213867
    7 -0.000002 0.000001 0.000000 -1.570796 0.000000 -1.326450
    8 2.023705 0.907460 0.852577 2.907998 -1.484054 1.639719
    9 4.983657 -0.000003 0.000000 -2.209583 -0.635672 -0.122918
    10 11.123049 -0.000003 0.000001 -0.000001 -0.000001 -0.931158
    11 11.208297 -0.000001 0.000013 1.438723 -0.568468 0.637702
    12 2.676087 -1.712447 0.000003 1.570795 0.000000 1.570797
    13 2.023707 0.907463 -0.852527 -2.716607 1.262833 -4.499079
    14 4.983657 -0.000004 0.000000 1.998362 0.577176 -0.231194
    15 11.123040 -0.000006 -0.000006 0.000000 0.000001 -1.264055
    16 11.208287 0.000000 -0.000016 -0.747910 -0.233185 0.324524
    17 2.676081 -1.712434 -0.000003 -1.570797 -0.000001 -1.570797
    18 3.984014 -0.000005 -0.000003 -2.850159 -1.393424 0.021654
    19 15.940006 0.000002 0.000000 0.000000 0.000000 1.369160
    20 17.709558 0.000004 0.000002 -0.244103 0.036777 -1.471524
    21 6.203996 0.000000 0.000001 -0.011146 0.000934 -0.500515
    22 -3.984013 0.000007 0.000007 -0.092534 -1.269705 -2.700321
    23 15.940015 0.000000 0.000000 0.000000 0.000000 1.365021
    24 17.709572 -0.000006 0.000001 -0.134238 -0.210079 -1.494685
    25 6.204001 0.000003 -0.000001 -0.078651 -0.006185 -0.498943
    26 3.549240 0.198821 -1.489462 -0.329897 0.000860 -0.478856
    27 1.218999 -0.000001 0.000002 -0.012192 0.096822 -0.444835
    28 0.679998 -0.000001 -0.000001 0.006240 0.087485 -0.231579
    29 3.698007 0.267555 -0.728972 -0.109190 0.250052 -0.234892
    30 1.749001 -0.000001 0.000003 -0.001881 0.027021 -0.268025
    31 0.959999 -0.000001 0.000001 0.000002 0.039461 -0.296421
    32 3.768500 0.152546 0.071388 0.084514 0.037525 -0.109703
    33 2.037998 0.000001 0.000002 0.001821 -0.004235 -0.653349
    34 1.067001 0.000001 0.000002 -0.000918 -0.005721 -0.157495
    35 3.783924 -0.017260 0.794558 0.307713 -0.179136 -0.061084
    36 1.629002 -0.000001 0.000003 0.023951 -0.065011 -0.546775
    37 0.956000 0.000000 0.000001 0.004064 -0.069601 -0.228664
    38 1.258965 -0.297983 1.252590 -1.359156 -0.458676 -0.972927
    39 1.393001 0.000001 0.000000 -0.000001 0.002024 -0.014328
    40 1.100002 0.000001 -0.000003 0.001210 0.013087 -0.193699
    41 3.549266 0.211411 1.487664 0.026267 0.200807 -1.120737
    42 1.218999 -0.000001 -0.000002 0.009657 -0.097110 -0.418532
    43 0.679999 0.000001 0.000000 -0.046659 -0.074298 0.258671
    44 3.698016 0.273718 0.726617 0.034897 0.071063 -1.319549
    45 1.748999 0.000000 -0.000002 0.001176 -0.027070 -0.241898
    46 0.959996 0.000000 0.000000 -0.018541 -0.034836 0.192740
    47 3.768499 0.151954 -0.072746 -0.003946 -0.092342 -1.220702
    48 2.037997 0.000002 -0.000003 -0.001719 0.004282 -0.627163
    49 1.066998 0.000000 -0.000001 0.003484 0.004641 0.331327
    50 3.783906 -0.023949 -0.794455 -0.088250 -0.262697 -1.078038
    51 1.629001 0.000002 0.000000 -0.022248 0.065603 -0.520574
    52 0.955999 0.000000 -0.000002 0.029109 0.063356 0.261184
    53 1.258940 -0.308543 -1.250054 1.289006 0.530147 -0.654402
    54 1.392999 0.000000 -0.000003 -0.001788 0.370555 0.932381
    55 1.099998 -0.000002 -0.000003 0.000000 -0.013127 -0.286815
    56 0.578998 0.704300 0.000000 0.000000 -1.570790 -3.044320
    57 2.577897 -4.075848 1.825547 1.570743 -1.473520 1.570850
    58 -2.577999 -4.075848 1.825549 1.570743 -1.473520 1.570850
    59 2.330669 -1.877754 0.104131 -1.861302 0.207908 -1.328386
  time 85
    0 -11.691688 -47.879541 24.235836 1.104483 0.183832 1.483951
    1 0.001573 4.212781 -1.689849 1.583492 -0.276896 1.511170
    2 3.837410 0.000000 0.000000 -0.003618 -0.057249 0.314787
    3 3.617862 0.000000 0.000000 -0.003629 -0.057371 0.224536
    4 7.539774 0.000000 0.000000 0.000000 0.000000 0.155813
    5 3.178292 0.000001 0.000000 3.446323 -0.069562 0.056158
    6 2.970271 0.000000 0.000001 0.352276 0.088111 0.219740
    7 -0.000002 0.000001 0.000000 -1.570796 0.000000 -1.326450
    8 2.023705 0.907460 0.852577 3.580407 -1.454406 0.973267
    9 4.983657 -0.000003 0.000000 -2.285246 -0.476838 -0.225434
    10 11.123049 -0.000003 0.000001 -0.000001 -0.000001 -1.018851
    11 11.208297 -0.000001 0.000013 1.524911 -0.627345 0.598784
    12 2.676087 -1.712447 0.000003 1.570795 0.000000 1.570797
    13 2.023707 0.907463 -0.852527 -2.799381 1.244008 -4.591199
    14 4.983657 -0.000004 0.000000 1.994147 0.442651 -0.301508
    15 11.123040 -0.000006 -0.000006 0.000000 0.000001 -1.359902
    16 11.208287 0.000000 -0.000016 -0.688222 -0.237817 0.256219
    17 2.676081 -1.712434 -0.000003 -1.570797 -0.000001 -1.570797
    18 3.984014 -0.000005 -0.000003 -3.105490 -1.406382 0.338632
    19 15.940006 0.000002 0.000000 0.000000 0.000000 1.458167
    20 17.709558 0.000004 0.000002 -0.241979 0.031756 -1.517566
    21 6.203996 0.000000 0.000001 -0.011146 0.000934 -0.500515
    22 -3.984013 0.000007 0.000007 -0.059467 -1.258994 -2.698596
    23 15.940015 0.000000 0.000000 0.000000 0.000000 1.414610
    24 17.709572 -0.000006 0.000001 -0.109147 -0.218737 -1.535031
    25 6.204001 0.000003 -0.000001 -0.078651 -0.006185 -0.498943
    26 3.549240 0.198821 -1.489462 -0.328081 0.035315 -0.377953
    27 1.218999 -0.000001 0.000002 -0.004612 0.097481 -0.366621
    28 0.679998 -0.000001 -0.000001 0.011364 0.086977 -0.172882
    29 3.698007 0.267555 -0.728972 -0.081506 0.260221 -0.125247
    30 1.749001 -0.000001 0.000003 0.000213 0.027093 -0.190164
    31 0.959999 -0.000001 0.000001 0.002326 0.039401 -0.237868
    32 3.768500 0.152546 0.071388 0.088005 0.028345 -0.003437
    33 2.037998 0.000001 0.000002 0.001515 -0.004367 -0.575481
    34 1.067001 0.000001 0.000002 -0.001244 -0.005673 -0.098995
    35 3.783924 -0.017260 0.794558 0.287578 -0.210428 0.042828
    36 1.629002 -0.000001 0.000003 0.018831 -0.066669 -0.468774
    37 0.956000 0.000000 0.000001 0.000000 -0.069721 -0.170028
    38 1.258965 -0.297983 1.252590 -1.369872 -0.463190 -0.948832
    39 1.393001 0.000001 0.000000 -0.000001 0.002024 -0.043589
    40 1.100002 0.000001 -0.000003 -0.000001 0.013129 -0.286814
    41 3.549266 0.211411 1.487664 0.026267 0.200807 -1.120737
    42 1.218999 -0.000001 -0.000002 0.009657 -0.097110 -0.418532
    43 0.679999 0.000001 0.000000 -0.046659 -0.074298 0.258671
    44 3.698016 0.273718 0.726617 0.034897 0.071063 -1.319549
    45 1.748999 0.000000 -0.000002 0.001176 -0.027070 -0.241898
    46 0.959996 0.000000 0.000000 -0.018541 -0.034836 0.192700
    47 3.768499 0.151954 -0.072746 -0.003946 -0.092342 -1.220702
    48 2.037997 0.000002 -0.000003 -0.001719 0.004282 -0.627163
    49 1.066998 0.000000 -0.000001 0.003484 0.004641 0.331327
    50 3.783906 -0.023949 -0.794455 -0.088250 -0.262697 -1.078038
    51 1.629001 0.000002 0.000000 -0.022248 0.065603 -0.520574
    52 0.955999 0.000000 -0.000002 0.029109 0.063356 0.261184
    53 1.258940 -0.308543 -1.250054 1.289006 0.530147 -0.654402
    54 1.392999 0.000000 -0.000003 -0.001788 0.370555 0.932381
    55 1.099998 -0.000002 -0.000003 0.000000 -0.013127 -0.286815
    56 0.578998 0.704300 0.000000 0.000000 -1.570790 -3.044320
    57 2.577897 -4.075848 1.825547 1.570743 -1.473520 1.570850
    58 -2.577999 -4.075848 1.825549 1.570743 -1.473520 1.570850
    59 2.330669 -1.877754 0.104131 -1.861302 0.207908 -1.328386
  time 86
    0 -10.877431 -47.488980 24.309710 1.101095 0.237653 1.456950
    1 0.001573 4.212781 -1.689849 1.584998 -0.284022 1.506388
    2 3.837410 0.000000 0.000000 -0.003861 -0.061749 0.320044
    3 3.617862 0.000000 0.000000 -0.003872 -0.061819 0.231748
    4 7.539774 0.000000 0.000000 0.000000 0.000000 0.155813
    5 3.178292 0.000001 0.000000 3.457896 -0.054510 0.024567
    6 2.970271 0.000000 0.000001 0.384620 0.081126 0.226341
    7 -0.000002 0.000001 0.000000 -1.570796 0.000000 -1.326450
    8 2.023705 0.907460 0.852577 3.893284 -1.397640 0.666876
    9 4.983657 -0.000003 0.000000 -2.390906 -0.333934 -0.318219
    10 11.123049 -0.000003 0.000001 -0.000001 -0.000001 -1.082573
    11 11.208297 -0.000001 0.000013 1.599210 -0.598126 0.488363
    12 2.676087 -1.712447 0.000003 1.570795 0.000000 1.570797
    13 2.023707 0.907463 -0.852527 -2.870673 1.224045 -4.671721
    14 4.983657 -0.000004 0.000000 1.996733 0.318342 -0.368892
    15 11.123040 -0.000006 -0.000006 0.000000 0.000001 -1.429718
    16 11.208287 0.000000 -0.000016 -0.629970 -0.237115 0.169159
    17 2.676081 -1.712434 -0.000003 -1.570797 -0.000001 -1.570797
    18 3.984014 -0.000005 -0.000003 -3.366188 -1.403776 0.657432
    19 15.940006 0.000002 0.000000 0.000000 0.000000 1.542532
    20 17.709558 0.000004 0.000002 -0.236822 0.030296 -1.561530
    21 6.203996 0.000000 0.000001 -0.011146 0.000934 -0.500515
    22 -3.984013 0.000007 0.000007 -0.037518 -1.249516 -2.688342
    23 15.940015 0.000000 0.000000 0.000000 0.000000 1.461211
    24 17.709572 -0.000006 0.000001 -0.081386 -0.226050 -1.574984
    25 6.204001 0.000003 -0.000001 -0.078651 -0.006185 -0.498943
    26 3.549240 0.198821 -1.489462 -0.329494 0.026912 -0.416795
    27 1.218999 -0.000001 0.000002 -0.007598 0.097301 -0.397374
    28 0.679998 -0.000001 -0.000001 0.009329 0.087201 -0.196302
    29 3.698007 0.267555 -0.728972 -0.092131 0.259429 -0.166196
    30 1.749001 -0.000001 0.000003 -0.000601 0.027081 -0.220796
    31 0.959999 -0.000001 0.000001 0.001408 0.039437 -0.261222
    32 3.768500 0.152546 0.071388 0.086825 0.031784 -0.042805
    33 2.037998 0.000001 0.000002 0.001637 -0.004319 -0.606128
    34 1.067001 0.000001 0.000002 -0.001118 -0.005685 -0.122303
    35 3.783924 -0.017260 0.794558 0.295636 -0.200702 0.003669
    36 1.629002 -0.000001 0.000003 0.020855 -0.066060 -0.499435
    37 0.956000 0.000000 0.000001 0.001621 -0.069709 -0.193420
    38 1.258965 -0.297983 1.252590 -1.366585 -0.459994 -0.956692
    39 1.393001 0.000001 0.000000 0.000637 0.007484 -0.042127
    40 1.100002 0.000001 -0.000003 0.000431 0.013129 -0.253022
    41 3.549266 0.211411 1.487664 0.026267 0.200807 -1.120737
    42 1.218999 -0.000001 -0.000002 0.009657 -0.097110 -0.418532
    43 0.679999 0.000001 0.000000 -0.046659 -0.074298 0.258671
    44 3.698016 0.273718 0.726617 0.034897 0.071063 -1.319549
    45 1.748999 0.000000 -0.000002 0.001176 -0.027070 -0.241898
    46 0.959996 0.000000 0.000000 -0.018541 -0.034836 0.192700
    47 3.768499 0.151954 -0.072746 -0.003946 -0.092342 -1.220702
    48 2.037997 0.000002 -0.000003 -0.001719 0.004282 -0.627163
    49 1.066998 0.000000 -0.000001 0.003484 0.004641 0.331327
    50 3.783906 -0.023949 -0.794455 -0.088250 -0.262697 -1.078038
    51 1.629001 0.000002 0.000000 -0.022248 0.065603 -0.520574
    52 0.955999 0.000000 -0.000002 0.029109 0.063356 0.261184
    53 1.258940 -0.308543 -1.250054 1.289006 0.530147 -0.654402
    54 1.392999 0.000000 -0.000003 -0.001788 0.370555 0.932381
    55 1.099998 -0.000002 -0.000003 0.000000 -0.013127 -0.286815
    56 0.578998 0.704300 0.000000 0.000000 -1.570790 -3.044320
    57 2.577897 -4.075848 1.825547 1.570743 -1.473520 1.570850
    58 -2.577999 -4.075848 1.825549 1.570743 -1.473520 1.570850
    59 2.330669 -1.877754 0.104131 -1.861302 0.207908 -1.328386
  time 87
    0 -10.137133 -47.119512 24.373031 1.096671 0.286675 1.431194
    1 0.001573 4.212781 -1.689849 1.586594 -0.291232 1.501605
    2 3.837410 0.000000 0.000000 -0.004091 -0.066234 0.324709
    3 3.617862 0.000000 0.000000 -0.004090 -0.066281 0.239215
    4 7.539774 0.000000 0.000000 0.000000 0.000000 0.155813
    5 3.178292 0.000001 0.000000 3.467758 -0.037772 -0.009149
    6 2.970271 0.000000 0.000001 0.416330 0.072916 0.233717
    7 -0.000002 0.000001 0.000000 -1.570796 0.000000 -1.326450
    8 2.023705 0.907460 0.852577 4.033533 -1.336051 0.532991
    9 4.983657 -0.000003 0.000000 -2.511947 -0.213198 -0.394469
    10 11.123049 -0.000003 0.000001 -0.000001 -0.000001 -1.109633
    11 11.208297 -0.000001 0.000013 1.631135 -0.489452 0.348130
    12 2.676087 -1.712447 0.000003 1.570795 0.000000 1.570797
    13 2.023707 0.907463 -0.852527 -2.931247 1.203940 -4.741315
    14 4.983657 -0.000004 0.000000 2.003822 0.210646 -0.430983
    15 11.123040 -0.000006 -0.000006 0.000000 0.000001 -1.474451
    16 11.208287 0.000000 -0.000016 -0.577373 -0.231219 0.074583
    17 2.676081 -1.712434 -0.000003 -1.570797 -0.000001 -1.570797
    18 3.984014 -0.000005 -0.000003 -3.570242 -1.390036 0.912605
    19 15.940006 0.000002 0.000000 0.000000 0.000000 1.616730
    20 17.709558 0.000004 0.000002 -0.230299 0.031293 -1.600388
    21 6.203996 0.000000 0.000001 -0.011146 0.000934 -0.500515
    22 -3.984013 0.000007 0.000007 -0.025346 -1.241372 -2.672434
    23 15.940015 0.000000 0.000000 0.000000 0.000000 1.501603
    24 17.709572 -0.000006 0.000001 -0.054278 -0.232467 -1.611252
    25 6.204001 0.000003 -0.000001 -0.078651 -0.006185 -0.498943
    26 3.549240 0.198821 -1.489462 -0.329554 -0.015417 -0.568855
    27 1.218999 -0.000001 0.000002 -0.019099 0.095707 -0.516679
    28 0.679998 -0.000001 -0.000001 0.001437 0.087695 -0.286520
    29 3.698007 0.267555 -0.728972 -0.132421 0.247018 -0.328655
    30 1.749001 -0.000001 0.000003 -0.003819 0.026829 -0.339582
    31 0.959999 -0.000001 0.000001 -0.002126 0.039401 -0.351178
    32 3.768500 0.152546 0.071388 0.080777 0.045015 -0.200083
    33 2.037998 0.000001 0.000002 0.002127 -0.004092 -0.724843
    34 1.067001 0.000001 0.000002 -0.000593 -0.005769 -0.212201
    35 3.783924 -0.017260 0.794558 0.322630 -0.155948 -0.150042
    36 1.629002 -0.000001 0.000003 0.028535 -0.063122 -0.618424
    37 0.956000 0.000000 0.000001 0.007869 -0.069278 -0.283536
    38 1.258965 -0.297983 1.252590 -1.352410 -0.450027 -0.990007
    39 1.393001 0.000001 0.000000 0.001982 0.018458 -0.017567
    40 1.100002 0.000001 -0.000003 0.002217 0.012938 -0.116614
    41 3.549266 0.211411 1.487664 0.026267 0.200807 -1.120737
    42 1.218999 -0.000001 -0.000002 0.009657 -0.097110 -0.418532
    43 0.679999 0.000001 0.000000 -0.046659 -0.074298 0.258671
    44 3.698016 0.273718 0.726617 0.034897 0.071063 -1.319549
    45 1.748999 0.000000 -0.000002 0.001176 -0.027070 -0.241898
    46 0.959996 0.000000 0.000000 -0.018541 -0.034836 0.192740
    47 3.768499 0.151954 -0.072746 -0.003946 -0.092342 -1.220702
    48 2.037997 0.000002 -0.000003 -0.001719 0.004282 -0.627163
    49 1.066998 0.000000 -0.000001 0.003484 0.004641 0.331327
    50 3.783906 -0.023949 -0.794455 -0.088250 -0.262697 -1.078038
    51 1.629001 0.000002 0.000000 -0.022248 0.065603 -0.520574
    52 0.955999 0.000000 -0.000002 0.029109 0.063356 0.261184
    53 1.258940 -0.308543 -1.250054 1.289006 0.530147 -0.654402
    54 1.392999 0.000000 -0.000003 -0.001788 0.370555 0.932381
    55 1.099998 -0.000002 -0.000003 0.000000 -0.013127 -0.286815
    56 0.578998 0.704300 0.000000 0.000000 -1.570790 -3.044320
    57 2.577897 -4.075848 1.825547 1.570743 -1.473520 1.570850
    58 -2.577999 -4.075848 1.825549 1.570743 -1.473520 1.570850
    59 2.330669 -1.877754 0.104131 -1.861302 0.207908 -1.328386
  time 88
    0 -9.526536 -46.817297 24.415245 1.092341 0.326690 1.409176
    1 0.001573 4.212781 -1.689849 1.588279 -0.298211 1.496823
    2 3.837410 0.000000 0.000000 -0.004307 -0.070703 0.328816
    3 3.617862 0.000000 0.000000 -0.004308 -0.070729 0.246632
    4 7.539774 0.000000 0.000000 0.000000 0.000000 0.155813
    5 3.178292 0.000001 0.000000 3.475653 -0.020090 -0.044175
    6 2.970271 0.000000 0.000001 0.446517 0.063918 0.241776
    7 -0.000002 0.000001 0.000000 -1.570796 0.000000 -1.326450
    8 2.023705 0.907460 0.852577 4.100113 -1.278535 0.471751
    9 4.983657 -0.000003 0.000000 -2.630599 -0.116355 -0.445775
    10 11.123049 -0.000003 0.000001 -0.000001 -0.000001 -1.091050
    11 11.208297 -0.000001 0.000013 1.613016 -0.347654 0.213945
    12 2.676087 -1.712447 0.000003 1.570795 0.000000 1.570797
    13 2.023707 0.907463 -0.852527 -2.982060 1.184546 -4.801035
    14 4.983657 -0.000004 0.000000 2.013977 0.122809 -0.484664
    15 11.123040 -0.000006 -0.000006 0.000000 0.000001 -1.500672
    16 11.208287 0.000000 -0.000016 -0.533123 -0.221814 -0.013426
    17 2.676081 -1.712434 -0.000003 -1.570797 -0.000001 -1.570797
    18 3.984014 -0.000005 -0.000003 -3.703083 -1.372460 1.086330
    19 15.940006 0.000002 0.000000 0.000000 0.000000 1.675749
    20 17.709558 0.000004 0.000002 -0.223852 0.033644 -1.631458
    21 6.203996 0.000000 0.000001 -0.011146 0.000934 -0.500515
    22 -3.984013 0.000007 0.000007 -0.018349 -1.234609 -2.656622
    23 15.940015 0.000000 0.000000 0.000000 0.000000 1.533258
    24 17.709572 -0.000006 0.000001 -0.031619 -0.238366 -1.640639
    25 6.204001 0.000003 -0.000001 -0.078651 -0.006185 -0.498943
    26 3.549240 0.198821 -1.489462 -0.317792 -0.073573 -0.764041
    27 1.218999 -0.000001 0.000002 -0.033341 0.091740 -0.668564
    28 0.679998 -0.000001 -0.000001 -0.008579 0.087276 -0.401160
    29 3.698007 0.267555 -0.728972 -0.178708 0.219432 -0.535890
    30 1.749001 -0.000001 0.000003 -0.007813 0.025942 -0.490921
    31 0.959999 -0.000001 0.000001 -0.006616 0.038921 -0.465446
    32 3.768500 0.152546 0.071388 0.070041 0.060391 -0.403241
    33 2.037998 0.000001 0.000002 0.002719 -0.003720 -0.876143
    34 1.067001 0.000001 0.000002 -0.000013 -0.005793 -0.326408
    35 3.783924 -0.017260 0.794558 0.345585 -0.091511 -0.344588
    36 1.629002 -0.000001 0.000003 0.037724 -0.058105 -0.769902
    37 0.956000 0.000000 0.000001 0.015737 -0.067923 -0.397977
    38 1.258965 -0.297983 1.252590 -1.334051 -0.438227 -1.033715
    39 1.393001 0.000001 0.000000 0.003045 0.026693 0.024246
    40 1.100002 0.000001 -0.000003 0.004458 0.012342 0.060068
    41 3.549266 0.211411 1.487664 0.026267 0.200807 -1.120737
    42 1.218999 -0.000001 -0.000002 0.009657 -0.097110 -0.418532
    43 0.679999 0.000001 0.000000 -0.046659 -0.074298 0.258671
    44 3.698016 0.273718 0.726617 0.034897 0.071063 -1.319549
    45 1.748999 0.000000 -0.000002 0.001176 -0.027070 -0.241898
    46 0.959996 0.000000 0.000000 -0.018541 -0.034836 0.192740
    47 3.768499 0.151954 -0.072746 -0.003946 -0.092342 -1.220702
    48 2.037997 0.000002 -0.000003 -0.001719 0.004282 -0.627163
    49 1.066998 0.000000 -0.000001 0.003484 0.004641 0.331327
    50 3.783906 -0.023949 -0.794455 -0.088250 -0.262697 -1.078038
    51 1.629001 0.000002 0.000000 -0.022248 0.065603 -0.520574
    52 0.955999 0.000000 -0.000002 0.029109 0.063356 0.261184
    53 1.258940 -0.308543 -1.250054 1.289006 0.530147 -0.654402
    54 1.392999 0.000000 -0.000003 -0.001788 0.370555 0.932381
    55 1.099998 -0.000002 -0.000003 0.000000 -0.013127 -0.286815
    56 0.578998 0.704300 0.000000 0.000000 -1.570790 -3.044320
    57 2.577897 -4.075848 1.825547 1.570743 -1.473520 1.570850
    58 -2.577999 -4.075848 1.825549 1.570743 -1.473520 1.570850
    59 2.330669 -1.877754 0.104131 -1.861302 0.207908 -1.328386
  time 89
    0 -9.107433 -46.617607 24.436352 1.089988 0.353577 1.393770
    1 0.001573 4.212781 -1.689849 1.589987 -0.304750 1.492041
    2 3.837410 0.000000 0.000000 -0.004496 -0.075125 0.332479
    3 3.617862 0.000000 0.000000 -0.004501 -0.075131 0.253723
    4 7.539774 0.000000 0.000000 0.000000 0.000000 0.155813
    5 3.178292 0.000001 0.000000 3.481411 -0.002228 -0.079638
    6 2.970271 0.000000 0.000001 0.474042 0.054564 0.250608
    7 -0.000002 0.000001 0.000000 -1.570796 0.000000 -1.326450
    8 2.023705 0.907460 0.852577 4.126361 -1.230031 0.448175
    9 4.983657 -0.000003 0.000000 -2.730527 -0.045233 -0.464105
    10 11.123049 -0.000003 0.000001 -0.000001 -0.000001 -1.020199
    11 11.208297 -0.000001 0.000013 1.568148 -0.225029 0.093136
    12 2.676087 -1.712447 0.000003 1.570795 0.000000 1.570797
    13 2.023707 0.907463 -0.852527 -3.024166 1.166717 -4.852128
    14 4.983657 -0.000004 0.000000 2.026526 0.054687 -0.526341
    15 11.123040 -0.000006 -0.000006 0.000000 0.000001 -1.518678
    16 11.208287 0.000000 -0.000016 -0.499015 -0.211240 -0.080491
    17 2.676081 -1.712434 -0.000003 -1.570797 -0.000001 -1.570797
    18 3.984014 -0.000005 -0.000003 -3.777650 -1.356747 1.187806
    19 15.940006 0.000002 0.000000 0.000000 0.000000 1.715021
    20 17.709558 0.000004 0.000002 -0.218619 0.036350 -1.651795
    21 6.203996 0.000000 0.000001 -0.011146 0.000934 -0.500515
    22 -3.984013 0.000007 0.000007 -0.010010 -1.228982 -2.647997
    23 15.940015 0.000000 0.000000 0.000000 0.000000 1.554182
    24 17.709572 -0.000006 0.000001 -0.017323 -0.244333 -1.659854
    25 6.204001 0.000003 -0.000001 -0.078651 -0.006185 -0.498943
    26 3.549240 0.198821 -1.489462 -0.297051 -0.129166 -0.932845
    27 1.218999 -0.000001 0.000002 -0.044826 0.086707 -0.797267
    28 0.679998 -0.000001 -0.000001 -0.016953 0.086065 -0.497765
    29 3.698007 0.267555 -0.728972 -0.212143 0.183821 -0.712700
    30 1.749001 -0.000001 0.000003 -0.011051 0.024732 -0.619261
    31 0.959999 -0.000001 0.000001 -0.010326 0.038094 -0.561782
    32 3.768500 0.152546 0.071388 0.058322 0.071753 -0.580104
    33 2.037998 0.000001 0.000002 0.003188 -0.003349 -1.004444
    34 1.067001 0.000001 0.000002 0.000602 -0.005769 -0.422644
    35 3.783924 -0.017260 0.794558 0.354343 -0.030007 -0.510713
    36 1.629002 -0.000001 0.000003 0.044869 -0.052794 -0.898259
    37 0.956000 0.000000 0.000001 0.022179 -0.066102 -0.494438
    38 1.258965 -0.297983 1.252590 -1.317186 -0.430070 -1.073384
    39 1.393001 0.000001 0.000000 0.002832 0.023936 0.077522
    40 1.100002 0.000001 -0.000003 0.006303 0.011511 0.214904
    41 3.549266 0.211411 1.487664 0.026267 0.200807 -1.120737
    42 1.218999 -0.000001 -0.000002 0.009657 -0.097110 -0.418532
    43 0.679999 0.000001 0.000000 -0.046659 -0.074298 0.258671
    44 3.698016 0.273718 0.726617 0.034897 0.071063 -1.319549
    45 1.748999 0.000000 -0.000002 0.001176 -0.027070 -0.241898
    46 0.959996 0.000000 0.000000 -0.018541 -0.034836 0.192700
    47 3.768499 0.151954 -0.072746 -0.003946 -0.092342 -1.220702
    48 2.037997 0.000002 -0.000003 -0.001719 0.004282 -0.627163
    49 1.066998 0.000000 -0.000001 0.003484 0.004641 0.331327
    50 3.783906 -0.023949 -0.794455 -0.088250 -0.262697 -1.078038
    51 1.629001 0.000002 0.000000 -0.022248 0.065603 -0.520574
    52 0.955999 0.000000 -0.000002 0.029109 0.063356 0.261184
    53 1.258940 -0.308543 -1.250054 1.289006 0.530147 -0.654402
    54 1.392999 0.000000 -0.000003 -0.001788 0.370555 0.932381
    55 1.099998 -0.000002 -0.000003 0.000000 -0.013127 -0.286815
    56 0.578998 0.704300 0.000000 0.000000 -1.570790 -3.044320
    57 2.577897 -4.075848 1.825547 1.570743 -1.473520 1.570850
    58 -2.577999 -4.075848 1.825549 1.570743 -1.473520 1.570850
    59 2.330669 -1.877754 0.104131 -1.861302 0.207908 -1.328386
  time 90
    0 -8.948391 -46.545259 24.415245 1.091494 0.363445 1.387948
    1 0.001573 4.212781 -1.689849 1.591695 -0.310513 1.487297
    2 3.837410 0.000000 0.000000 -0.004672 -0.079499 0.335764
    3 3.617862 0.000000 0.000000 -0.004668 -0.079488 0.260251
    4 7.539774 0.000000 0.000000 0.000000 0.000000 0.155813
    5 3.178292 0.000001 0.000000 3.484746 0.015033 -0.114723
    6 2.970271 0.000000 0.000001 0.498014 0.045309 0.260123
    7 -0.000002 0.000001 0.000000 -1.570796 0.000000 -1.326450
    8 2.023705 0.907460 0.852577 4.123775 -1.194216 0.449805
    9 4.983657 -0.000003 0.000000 -2.801413 -0.005004 -0.440767
    10 11.123049 -0.000003 0.000001 -0.000001 -0.000001 -0.888265
    11 11.208297 -0.000001 0.000013 1.531909 -0.167336 -0.013230
    12 2.676087 -1.712447 0.000003 1.570795 0.000000 1.570797
    13 2.023707 0.907463 -0.852527 -3.058615 1.151211 -4.895744
    14 4.983657 -0.000004 0.000000 2.041087 0.004562 -0.552898
    15 11.123040 -0.000006 -0.000006 0.000000 0.000001 -1.539213
    16 11.208287 0.000000 -0.000016 -0.475499 -0.201975 -0.113184
    17 2.676081 -1.712434 -0.000003 -1.570797 -0.000001 -1.570797
    18 3.984014 -0.000005 -0.000003 -3.807170 -1.346805 1.226422
    19 15.940006 0.000002 0.000000 0.000000 0.000000 1.729757
    20 17.709558 0.000004 0.000002 -0.215964 0.038380 -1.658546
    21 6.203996 0.000000 0.000001 -0.011146 0.000934 -0.500515
    22 -3.984013 0.000007 0.000007 0.005900 -1.224194 -2.653747
    23 15.940015 0.000000 0.000000 0.000000 0.000000 1.562383
    24 17.709572 -0.000006 0.000001 -0.015485 -0.250888 -1.665604
    25 6.204001 0.000003 -0.000001 -0.078651 -0.006185 -0.498943
    26 3.549240 0.198821 -1.489462 -0.284643 -0.169064 -1.003228
    27 1.218999 -0.000001 0.000002 -0.049099 0.084382 -0.847130
    28 0.679998 -0.000001 -0.000001 -0.020060 0.085392 -0.534002
    29 3.698007 0.267555 -0.728972 -0.223749 0.156682 -0.787567
    30 1.749001 -0.000001 0.000003 -0.012273 0.024144 -0.669002
    31 0.959999 -0.000001 0.000001 -0.011693 0.037699 -0.597898
    32 3.768500 0.152546 0.071388 0.052553 0.076067 -0.658052
    33 2.037998 0.000001 0.000002 0.003331 -0.003181 -1.054164
    34 1.067001 0.000001 0.000002 0.000819 -0.005733 -0.458753
    35 3.783924 -0.017260 0.794558 0.354603 0.003447 -0.581361
    36 1.629002 -0.000001 0.000003 0.047429 -0.050506 -0.948020
    37 0.956000 0.000000 0.000001 0.024579 -0.065251 -0.530615
    38 1.258965 -0.297983 1.252590 -1.306469 -0.431880 -1.095165
    39 1.393001 0.000001 0.000000 0.000354 0.002006 0.136414
    40 1.100002 0.000001 -0.000003 0.007106 0.011043 0.285683
    41 3.549266 0.211411 1.487664 0.026267 0.200807 -1.120737
    42 1.218999 -0.000001 -0.000002 0.009657 -0.097110 -0.418532
    43 0.679999 0.000001 0.000000 -0.046659 -0.074298 0.258671
    44 3.698016 0.273718 0.726617 0.034897 0.071063 -1.319549
    45 1.748999 0.000000 -0.000002 0.001176 -0.027070 -0.241898
    46 0.959996 0.000000 0.000000 -0.018541 -0.034836 0.192700
    47 3.768499 0.151954 -0.072746 -0.003946 -0.092342 -1.220702
    48 2.037997 0.000002 -0.000003 -0.001719 0.004282 -0.627163
    49 1.066998 0.000000 -0.000001 0.003484 0.004641 0.331327
    50 3.783906 -0.023949 -0.794455 -0.088250 -0.262697 -1.078038
    51 1.629001 0.000002 0.000000 -0.022248 0.065603 -0.520574
    52 0.955999 0.000000 -0.000002 0.029109 0.063356 0.261184
    53 1.258940 -0.308543 -1.250054 1.289006 0.530147 -0.654402
    54 1.392999 0.000000 -0.000003 -0.001788 0.370555 0.932381
    55 1.099998 -0.000002 -0.000003 0.000000 -0.013127 -0.286815
    56 0.578998 0.704300 0.000000 0.000000 -1.570790 -3.044320
    57 2.577897 -4.075848 1.825547 1.570743 -1.473520 1.570850
    58 -2.577999 -4.075848 1.825549 1.570743 -1.473520 1.570850
    59 2.330669 -1.877754 0.104131 -1.861302 0.207908 -1.328386
  time 91
    0 -9.109619 -46.614616 24.362477 1.098930 0.355162 1.392859
    1 0.001573 4.212781 -1.689849 1.593853 -0.315459 1.481396
    2 3.837410 0.000000 0.000000 -0.004739 -0.084979 0.337062
    3 3.617862 0.000000 0.000000 -0.004745 -0.084979 0.266557
    4 7.539774 0.000000 0.000000 0.000000 0.000000 0.155813
    5 3.178292 0.000001 0.000000 3.485430 0.031028 -0.148584
    6 2.970271 0.000000 0.000001 0.517336 0.036567 0.270322
    7 -0.000002 0.000001 0.000000 -1.570796 0.000000 -1.326450
    8 2.023705 0.907460 0.852577 4.093407 -1.170181 0.473093
    9 4.983657 -0.000003 0.000000 -2.835423 0.016251 -0.434531
    10 11.123049 -0.000003 0.000001 -0.000001 -0.000001 -0.833527
    11 11.208297 -0.000001 0.000013 1.515228 -0.180673 -0.040409
    12 2.676087 -1.712447 0.000003 1.570795 0.000000 1.570797
    13 2.023707 0.907463 -0.852527 -3.092778 1.137128 -4.940606
    14 4.983657 -0.000004 0.000000 2.058618 -0.032243 -0.568303
    15 11.123040 -0.000006 -0.000006 0.000000 0.000001 -1.565559
    16 11.208287 0.000000 -0.000016 -0.460240 -0.195097 -0.110338
    17 2.676081 -1.712434 -0.000003 -1.570797 -0.000001 -1.570797
    18 3.984014 -0.000005 -0.000003 -3.802186 -1.343528 1.212432
    19 15.940006 0.000002 0.000000 0.000000 0.000000 1.716937
    20 17.709558 0.000004 0.000002 -0.216950 0.038772 -1.649545
    21 6.203996 0.000000 0.000001 -0.011146 0.000934 -0.500515
    22 -3.984013 0.000007 0.000007 0.034942 -1.220837 -2.678184
    23 15.940015 0.000000 0.000000 0.000000 0.000000 1.555945
    24 17.709572 -0.000006 0.000001 -0.028416 -0.257959 -1.655628
    25 6.204001 0.000003 -0.000001 -0.078651 -0.006185 -0.498943
    26 3.549240 0.198821 -1.489462 -0.286177 -0.199239 -0.980740
    27 1.218999 -0.000001 0.000002 -0.047108 0.085496 -0.823791
    28 0.679998 -0.000001 -0.000001 -0.018328 0.085781 -0.513963
    29 3.698007 0.267555 -0.728972 -0.219734 0.139740 -0.770202
    30 1.749001 -0.000001 0.000003 -0.011710 0.024420 -0.645707
    31 0.959999 -0.000001 0.000001 -0.010931 0.037927 -0.577922
    32 3.768500 0.152546 0.071388 0.053569 0.075372 -0.644831
    33 2.037998 0.000001 0.000002 0.003250 -0.003253 -1.030859
    34 1.067001 0.000001 0.000002 0.000693 -0.005757 -0.438781
    35 3.783924 -0.017260 0.794558 0.353803 0.011259 -0.564490
    36 1.629002 -0.000001 0.000003 0.046238 -0.051598 -0.924716
    37 0.956000 0.000000 0.000001 0.023260 -0.065730 -0.510582
    38 1.258965 -0.297983 1.252590 -1.300578 -0.443926 -1.101262
    39 1.393001 0.000001 0.000000 -0.004480 -0.040195 0.204908
    40 1.100002 0.000001 -0.000003 0.007034 0.011086 0.279511
    41 3.549266 0.211411 1.487664 0.026267 0.200807 -1.120737
    42 1.218999 -0.000001 -0.000002 0.009657 -0.097110 -0.418532
    43 0.679999 0.000001 0.000000 -0.046659 -0.074298 0.258671
    44 3.698016 0.273718 0.726617 0.034897 0.071063 -1.319549
    45 1.748999 0.000000 -0.000002 0.001176 -0.027070 -0.241898
    46 0.959996 0.000000 0.000000 -0.018541 -0.034836 0.192740
    47 3.768499 0.151954 -0.072746 -0.003946 -0.092342 -1.220702
    48 2.037997 0.000002 -0.000003 -0.001719 0.004282 -0.627163
    49 1.066998 0.000000 -0.000001 0.003484 0.004641 0.331327
    50 3.783906 -0.023949 -0.794455 -0.088250 -0.262697 -1.078038
    51 1.629001 0.000002 0.000000 -0.022248 0.065603 -0.520574
    52 0.955999 0.000000 -0.000002 0.029109 0.063356 0.261184
    53 1.258940 -0.308543 -1.250054 1.289006 0.530147 -0.654402
    54 1.392999 0.000000 -0.000003 -0.001788 0.370555 0.932381
    55 1.099998 -0.000002 -0.000003 0.000000 -0.013127 -0.286815
    56 0.578998 0.704300 0.000000 0.000000 -1.570790 -3.044320
    57 2.577897 -4.075848 1.825547 1.570743 -1.473520 1.570850
    58 -2.577999 -4.075848 1.825549 1.570743 -1.473520 1.570850
    59 2.330669 -1.877754 0.104131 -1.861302 0.207908 -1.328386
  time 92
    0 -9.529274 -46.817730 24.278050 1.112201 0.332348 1.406012
    1 0.001573 4.212781 -1.689849 1.596684 -0.319881 1.473952
    2 3.837410 0.000000 0.000000 -0.004658 -0.091895 0.335452
    3 3.617862 0.000000 0.000000 -0.004668 -0.091938 0.273170
    4 7.539774 0.000000 0.000000 0.000000 0.000000 0.155813
    5 3.178292 0.000001 0.000000 3.483292 0.044957 -0.180379
    6 2.970271 0.000000 0.000001 0.531035 0.028811 0.281249
    7 -0.000002 0.000001 0.000000 -1.570796 0.000000 -1.326450
    8 2.023705 0.907460 0.852577 4.039377 -1.153618 0.513728
    9 4.983657 -0.000003 0.000000 -2.837238 0.029543 -0.495096
    10 11.123049 -0.000003 0.000001 -0.000001 -0.000001 -0.954176
    11 11.208297 -0.000001 0.000013 1.504490 -0.237050 0.043048
    12 2.676087 -1.712447 0.000003 1.570795 0.000000 1.570797
    13 2.023707 0.907463 -0.852527 -3.131821 1.122713 -4.992465
    14 4.983657 -0.000004 0.000000 2.078927 -0.061125 -0.577659
    15 11.123040 -0.000006 -0.000006 0.000000 0.000001 -1.595697
    16 11.208287 0.000000 -0.000016 -0.449918 -0.190465 -0.080855
    17 2.676081 -1.712434 -0.000003 -1.570797 -0.000001 -1.570797
    18 3.984014 -0.000005 -0.000003 -3.773145 -1.346060 1.161263
    19 15.940006 0.000002 0.000000 0.000000 0.000000 1.680243
    20 17.709558 0.000004 0.000002 -0.222487 0.036599 -1.626957
    21 6.203996 0.000000 0.000001 -0.011146 0.000934 -0.500515
    22 -3.984013 0.000007 0.000007 0.075005 -1.220442 -2.718145
    23 15.940015 0.000000 0.000000 0.000000 0.000000 1.536094
    24 17.709572 -0.000006 0.000001 -0.052795 -0.263858 -1.632285
    25 6.204001 0.000003 -0.000001 -0.078651 -0.006185 -0.498943
    26 3.549240 0.198821 -1.489462 -0.292391 -0.231104 -0.925641
    27 1.218999 -0.000001 0.000002 -0.042820 0.087713 -0.774294
    28 0.679998 -0.000001 -0.000001 -0.014846 0.086454 -0.473509
    29 3.698007 0.267555 -0.728972 -0.210319 0.123027 -0.722268
    30 1.749001 -0.000001 0.000003 -0.010489 0.024971 -0.596312
    31 0.959999 -0.000001 0.000001 -0.009389 0.038334 -0.537552
    32 3.768500 0.152546 0.071388 0.056765 0.072999 -0.601713
    33 2.037998 0.000001 0.000002 0.003107 -0.003420 -0.981497
    34 1.067001 0.000001 0.000002 0.000476 -0.005769 -0.398460
    35 3.783924 -0.017260 0.794558 0.352323 0.012555 -0.518190
    36 1.629002 -0.000001 0.000003 0.043638 -0.053802 -0.875366
    37 0.956000 0.000000 0.000001 0.020580 -0.066617 -0.470206
    38 1.258965 -0.297983 1.252590 -1.295241 -0.461067 -1.103686
    39 1.393001 0.000001 0.000000 -0.010854 -0.095424 0.287415
    40 1.100002 0.000001 -0.000003 0.006699 0.011299 0.248917
    41 3.549266 0.211411 1.487664 0.026267 0.200807 -1.120737
    42 1.218999 -0.000001 -0.000002 0.009657 -0.097110 -0.418532
    43 0.679999 0.000001 0.000000 -0.046659 -0.074298 0.258671
    44 3.698016 0.273718 0.726617 0.034897 0.071063 -1.319549
    45 1.748999 0.000000 -0.000002 0.001176 -0.027070 -0.241898
    46 0.959996 0.000000 0.000000 -0.018541 -0.034836 0.192700
    47 3.768499 0.151954 -0.072746 -0.003946 -0.092342 -1.220702
    48 2.037997 0.000002 -0.000003 -0.001719 0.004282 -0.627163
    49 1.066998 0.000000 -0.000001 0.003484 0.004641 0.331327
    50 3.783906 -0.023949 -0.794455 -0.088250 -0.262697 -1.078038
    51 1.629001 0.000002 0.000000 -0.022248 0.065603 -0.520574
    52 0.955999 0.000000 -0.000002 0.029109 0.063356 0.261184
    53 1.258940 -0.308543 -1.250054 1.289006 0.530147 -0.654402
    54 1.392999 0.000000 -0.000003 -0.001788 0.370555 0.932381
    55 1.099998 -0.000002 -0.000003 0.000000 -0.013127 -0.286815
    56 0.578998 0.704300 0.000000 0.000000 -1.570790 -3.044320
    57 2.577897 -4.075848 1.825547 1.570743 -1.473520 1.570850
    58 -2.577999 -4.075848 1.825549 1.570743 -1.473520 1.570850
    59 2.330669 -1.877754 0.104131 -1.861302 0.207908 -1.328386
  time 93
    0 -10.135700 -47.122873 24.161961 1.128672 0.297946 1.425106
    1 0.001573 4.212781 -1.689849 1.599673 -0.323968 1.466316
    2 3.837410 0.000000 0.000000 -0.004483 -0.098938 0.331970
    3 3.617862 0.000000 0.000000 -0.004501 -0.099018 0.279937
    4 7.539774 0.000000 0.000000 0.000000 0.000000 0.155813
    5 3.178292 0.000001 0.000000 3.478048 0.056096 -0.209262
    6 2.970271 0.000000 0.000001 0.538053 0.022457 0.292904
    7 -0.000002 0.000001 0.000000 -1.570796 0.000000 -1.326450
    8 2.023705 0.907460 0.852577 3.967815 -1.142747 0.566822
    9 4.983657 -0.000003 0.000000 -2.807623 0.025231 -0.569362
    10 11.123049 -0.000003 0.000001 -0.000001 -0.000001 -1.128272
    11 11.208297 -0.000001 0.000013 1.493849 -0.330193 0.171754
    12 2.676087 -1.712447 0.000003 1.570795 0.000000 1.570797
    13 2.023707 0.907463 -0.852527 -3.173448 1.107587 -5.048735
    14 4.983657 -0.000004 0.000000 2.100002 -0.083466 -0.578132
    15 11.123040 -0.000006 -0.000006 0.000000 0.000001 -1.628362
    16 11.208287 0.000000 -0.000016 -0.443366 -0.188406 -0.028386
    17 2.676081 -1.712434 -0.000003 -1.570797 -0.000001 -1.570797
    18 3.984014 -0.000005 -0.000003 -3.722443 -1.355071 1.079527
    19 15.940006 0.000002 0.000000 0.000000 0.000000 1.624245
    20 17.709558 0.000004 0.000002 -0.232878 0.030830 -1.593984
    21 6.203996 0.000000 0.000001 -0.011146 0.000934 -0.500515
    22 -3.984013 0.000007 0.000007 0.118615 -1.224144 -2.767785
    23 15.940015 0.000000 0.000000 0.000000 0.000000 1.505129
    24 17.709572 -0.000006 0.000001 -0.083759 -0.266480 -1.599212
    25 6.204001 0.000003 -0.000001 -0.078651 -0.006185 -0.498943
    26 3.549240 0.198821 -1.489462 -0.301349 -0.262864 -0.845766
    27 1.218999 -0.000001 0.000002 -0.036694 0.090446 -0.705426
    28 0.679998 -0.000001 -0.000001 -0.010043 0.087126 -0.417942
    29 3.698007 0.267555 -0.728972 -0.196170 0.106229 -0.651659
    30 1.749001 -0.000001 0.000003 -0.008744 0.025631 -0.527611
    31 0.959999 -0.000001 0.000001 -0.007261 0.038801 -0.482170
    32 3.768500 0.152546 0.071388 0.061420 0.069116 -0.536098
    33 2.037998 0.000001 0.000002 0.002862 -0.003612 -0.912859
    34 1.067001 0.000001 0.000002 0.000150 -0.005793 -0.343129
    35 3.783924 -0.017260 0.794558 0.349104 0.008742 -0.449890
    36 1.629002 -0.000001 0.000003 0.039848 -0.056677 -0.806641
    37 0.956000 0.000000 0.000001 0.016861 -0.067648 -0.414712
    38 1.258965 -0.297983 1.252590 -1.290587 -0.481873 -1.103135
    39 1.393001 0.000001 0.000000 -0.018254 -0.159608 0.378979
    40 1.100002 0.000001 -0.000003 0.006124 0.011618 0.199806
    41 3.549266 0.211411 1.487664 0.026267 0.200807 -1.120737
    42 1.218999 -0.000001 -0.000002 0.009657 -0.097110 -0.418532
    43 0.679999 0.000001 0.000000 -0.046659 -0.074298 0.258671
    44 3.698016 0.273718 0.726617 0.034897 0.071063 -1.319549
    45 1.748999 0.000000 -0.000002 0.001176 -0.027070 -0.241898
    46 0.959996 0.000000 0.000000 -0.018541 -0.034836 0.192700
    47 3.768499 0.151954 -0.072746 -0.003946 -0.092342 -1.220702
    48 2.037997 0.000002 -0.000003 -0.001719 0.004282 -0.627163
    49 1.066998 0.000000 -0.000001 0.003484 0.004641 0.331327
    50 3.783906 -0.023949 -0.794455 -0.088250 -0.262697 -1.078038
    51 1.629001 0.000002 0.000000 -0.022248 0.065603 -0.520574
    52 0.955999 0.000000 -0.000002 0.029109 0.063356 0.261184
    53 1.258940 -0.308543 -1.250054 1.289006 0.530147 -0.654402
    54 1.392999 0.000000 -0.000003 -0.001788 0.370555 0.932381
    55 1.099998 -0.000002 -0.000003 0.000000 -0.013127 -0.286815
    56 0.578998 0.704300 0.000000 0.000000 -1.570790 -3.044320
    57 2.577897 -4.075848 1.825547 1.570743 -1.473520 1.570850
    58 -2.577999 -4.075848 1.825549 1.570743 -1.473520 1.570850
    59 2.330669 -1.877754 0.104131 -1.861302 0.207908 -1.328386
  time 94
    0 -10.883803 -47.483002 24.035320 1.146273 0.255035 1.447938
    1 0.001573 4.212781 -1.689849 1.602348 -0.327929 1.459952
    2 3.837410 0.000000 0.000000 -0.004253 -0.104765 0.327666
    3 3.617862 0.000000 0.000000 -0.004270 -0.104903 0.286755
    4 7.539774 0.000000 0.000000 0.000000 0.000000 0.155813
    5 3.178292 0.000001 0.000000 3.469497 0.063682 -0.234418
    6 2.970271 0.000000 0.000001 0.537461 0.017977 0.305242
    7 -0.000002 0.000001 0.000000 -1.570796 0.000000 -1.326450
    8 2.023705 0.907460 0.852577 3.883704 -1.135750 0.629020
    9 4.983657 -0.000003 0.000000 -2.744093 0.002352 -0.618683
    10 11.123049 -0.000003 0.000001 -0.000001 -0.000001 -1.265483
    11 11.208297 -0.000001 0.000013 1.471990 -0.453213 0.302026
    12 2.676087 -1.712447 0.000003 1.570795 0.000000 1.570797
    13 2.023707 0.907463 -0.852527 -3.215553 1.091560 -5.106729
    14 4.983657 -0.000004 0.000000 2.119162 -0.099601 -0.566602
    15 11.123040 -0.000006 -0.000006 0.000000 0.000001 -1.661280
    16 11.208287 0.000000 -0.000016 -0.439956 -0.188874 0.043203
    17 2.676081 -1.712434 -0.000003 -1.570797 -0.000001 -1.570797
    18 3.984014 -0.000005 -0.000003 -3.644330 -1.369221 0.964062
    19 15.940006 0.000002 0.000000 0.000000 0.000000 1.553437
    20 17.709558 0.000004 0.000002 -0.246909 0.022569 -1.553481
    21 6.203996 0.000000 0.000001 -0.011146 0.000934 -0.500515
    22 -3.984013 0.000007 0.000007 0.157625 -1.235251 -2.823367
    23 15.940015 0.000000 0.000000 0.000000 0.000000 1.465196
    24 17.709572 -0.000006 0.000001 -0.113714 -0.261271 -1.560831
    25 6.204001 0.000003 -0.000001 -0.078651 -0.006185 -0.498943
    26 3.549240 0.198821 -1.489462 -0.310972 -0.292933 -0.749244
    27 1.218999 -0.000001 0.000002 -0.029206 0.093130 -0.623818
    28 0.679998 -0.000001 -0.000001 -0.004330 0.087590 -0.352565
    29 3.698007 0.267555 -0.728972 -0.178129 0.089071 -0.566268
    30 1.749001 -0.000001 0.000003 -0.006631 0.026266 -0.446303
    31 0.959999 -0.000001 0.000001 -0.004723 0.039185 -0.416986
    32 3.768500 0.152546 0.071388 0.066796 0.063951 -0.455387
    33 2.037998 0.000001 0.000002 0.002556 -0.003852 -0.831523
    34 1.067001 0.000001 0.000002 -0.000212 -0.005793 -0.277998
    35 3.783924 -0.017260 0.794558 0.343225 0.001394 -0.366924
    36 1.629002 -0.000001 0.000003 0.035104 -0.059721 -0.725258
    37 0.956000 0.000000 0.000001 0.012430 -0.068606 -0.349451
    38 1.258965 -0.297983 1.252590 -1.286915 -0.504847 -1.100233
    39 1.393001 0.000001 0.000000 -0.026221 -0.228604 0.474554
    40 1.100002 0.000001 -0.000003 0.005404 0.011980 0.138085
    41 3.549266 0.211411 1.487664 0.026267 0.200807 -1.120737
    42 1.218999 -0.000001 -0.000002 0.009657 -0.097110 -0.418532
    43 0.679999 0.000001 0.000000 -0.046659 -0.074298 0.258671
    44 3.698016 0.273718 0.726617 0.034897 0.071063 -1.319549
    45 1.748999 0.000000 -0.000002 0.001176 -0.027070 -0.241898
    46 0.959996 0.000000 0.000000 -0.018541 -0.034836 0.192740
    47 3.768499 0.151954 -0.072746 -0.003946 -0.092342 -1.220702
    48 2.037997 0.000002 -0.000003 -0.001719 0.004282 -0.627163
    49 1.066998 0.000000 -0.000001 0.003484 0.004641 0.331327
    50 3.783906 -0.023949 -0.794455 -0.088250 -0.262697 -1.078038
    51 1.629001 0.000002 0.000000 -0.022248 0.065603 -0.520574
    52 0.955999 0.000000 -0.000002 0.029109 0.063356 0.261184
    53 1.258940 -0.308543 -1.250054 1.289006 0.530147 -0.654402
    54 1.392999 0.000000 -0.000003 -0.001788 0.370555 0.932381
    55 1.099998 -0.000002 -0.000003 0.000000 -0.013127 -0.286815
    56 0.578998 0.704300 0.000000 0.000000 -1.570790 -3.044320
    57 2.577897 -4.075848 1.825547 1.570743 -1.473520 1.570850
    58 -2.577999 -4.075848 1.825549 1.570743 -1.473520 1.570850
    59 2.330669 -1.877754 0.104131 -1.861302 0.207908 -1.328386
  time 95
    0 -11.698461 -47.877239 23.887571 1.162838 0.206601 1.472591
    1 0.001573 4.212781 -1.689849 1.604213 -0.331995 1.456249
    2 3.837410 0.000000 0.000000 -0.004023 -0.108113 0.323559
    3 3.617862 0.000000 0.000000 -0.004065 -0.108276 0.293574
    4 7.539774 0.000000 0.000000 0.000000 0.000000 0.155813
    5 3.178292 0.000001 0.000000 3.457411 0.066974 -0.254974
    6 2.970271 0.000000 0.000001 0.528202 0.015767 0.318263
    7 -0.000002 0.000001 0.000000 -1.570796 0.000000 -1.326450
    8 2.023705 0.907460 0.852577 3.792217 -1.131125 0.696489
    9 4.983657 -0.000003 0.000000 -2.657826 -0.039500 -0.623030
    10 11.123049 -0.000003 0.000001 -0.000001 -0.000001 -1.309667
    11 11.208297 -0.000001 0.000013 1.423959 -0.589439 0.410669
    12 2.676087 -1.712447 0.000003 1.570795 0.000000 1.570797
    13 2.023707 0.907463 -0.852527 -3.256605 1.074679 -5.164532
    14 4.983657 -0.000004 0.000000 2.133627 -0.109674 -0.540423
    15 11.123040 -0.000006 -0.000006 0.000000 0.000001 -1.692618
    16 11.208287 0.000000 -0.000016 -0.439507 -0.191821 0.130044
    17 2.676081 -1.712434 -0.000003 -1.570797 -0.000001 -1.570797
    18 3.984014 -0.000005 -0.000003 -3.529316 -1.385493 0.807201
    19 15.940006 0.000002 0.000000 0.000000 0.000000 1.472461
    20 17.709558 0.000004 0.000002 -0.262458 0.013595 -1.508392
    21 6.203996 0.000000 0.000001 -0.011146 0.000934 -0.500515
    22 -3.984013 0.000007 0.000007 0.186762 -1.255588 -2.883069
    23 15.940015 0.000000 0.000000 0.000000 0.000000 1.419056
    24 17.709572 -0.000006 0.000001 -0.136195 -0.245610 -1.520976
    25 6.204001 0.000003 -0.000001 -0.078651 -0.006185 -0.498943
    26 3.549240 0.198821 -1.489462 -0.319406 -0.320148 -0.644690
    27 1.218999 -0.000001 0.000002 -0.020967 0.095312 -0.536258
    28 0.679998 -0.000001 -0.000001 0.001777 0.087680 -0.282679
    29 3.698007 0.267555 -0.728972 -0.157335 0.071409 -0.473940
    30 1.749001 -0.000001 0.000003 -0.004323 0.026745 -0.359085
    31 0.959999 -0.000001 0.000001 -0.001989 0.039401 -0.347341
    32 3.768500 0.152546 0.071388 0.072172 0.057803 -0.366931
    33 2.037998 0.000001 0.000002 0.002209 -0.004044 -0.744323
    34 1.067001 0.000001 0.000002 -0.000611 -0.005769 -0.208407
    35 3.783924 -0.017260 0.794558 0.334227 -0.007807 -0.276672
    36 1.629002 -0.000001 0.000003 0.029766 -0.062555 -0.637936
    37 0.956000 0.000000 0.000001 0.007609 -0.069302 -0.279679
    38 1.258965 -0.297983 1.252590 -1.284182 -0.528447 -1.095715
    39 1.393001 0.000001 0.000000 -0.034259 -0.298284 0.569155
    40 1.100002 0.000001 -0.000003 0.004578 0.012320 0.069659
    41 3.549266 0.211411 1.487664 0.026267 0.200807 -1.120737
    42 1.218999 -0.000001 -0.000002 0.009657 -0.097110 -0.418532
    43 0.679999 0.000001 0.000000 -0.046659 -0.074298 0.258671
    44 3.698016 0.273718 0.726617 0.034897 0.071063 -1.319549
    45 1.748999 0.000000 -0.000002 0.001176 -0.027070 -0.241898
    46 0.959996 0.000000 0.000000 -0.018541 -0.034836 0.192700
    47 3.768499 0.151954 -0.072746 -0.003946 -0.092342 -1.220702
    48 2.037997 0.000002 -0.000003 -0.001719 0.004282 -0.627163
    49 1.066998 0.000000 -0.000001 0.003484 0.004641 0.331327
    50 3.783906 -0.023949 -0.794455 -0.088250 -0.262697 -1.078038
    51 1.629001 0.000002 0.000000 -0.022248 0.065603 -0.520574
    52 0.955999 0.000000 -0.000002 0.029109 0.063356 0.261184
    53 1.258940 -0.308543 -1.250054 1.289006 0.530147 -0.654402
    54 1.392999 0.000000 -0.000003 -0.001788 0.370555 0.932381
    55 1.099998 -0.000002 -0.000003 0.000000 -0.013127 -0.286815
    56 0.578998 0.704300 0.000000 0.000000 -1.570790 -3.044320
    57 2.577897 -4.075848 1.825547 1.570743 -1.473520 1.570850
    58 -2.577999 -4.075848 1.825549 1.570743 -1.473520 1.570850
    59 2.330669 -1.877754 0.104131 -1.861302 0.207908 -1.328386
  time 96
    0 -12.504066 -48.277628 23.750376 1.177051 0.156039 1.497435
    1 0.001573 4.212781 -1.689849 1.605584 -0.336459 1.454205
    2 3.837410 0.000000 0.000000 -0.003821 -0.109803 0.320718
    3 3.617862 0.000000 0.000000 -0.003872 -0.110031 0.301161
    4 7.539774 0.000000 0.000000 0.000000 0.000000 0.155813
    5 3.178292 0.000001 0.000000 3.423207 0.053065 -0.263272
    6 2.970271 0.000000 0.000001 0.475648 0.022556 0.338296
    7 -0.000002 0.000001 0.000000 -1.570796 0.000000 -1.326450
    8 2.023705 0.907460 0.852577 3.698430 -1.127686 0.765780
    9 4.983657 -0.000003 0.000000 -2.554077 -0.099107 -0.593078
    10 11.123049 -0.000003 0.000001 -0.000001 -0.000001 -1.290129
    11 11.208297 -0.000001 0.000013 1.328376 -0.730711 0.533328
    12 2.676087 -1.712447 0.000003 1.570795 0.000000 1.570797
    13 2.023707 0.907463 -0.852527 -3.295265 1.057182 -5.220131
    14 4.983657 -0.000004 0.000000 2.145506 -0.115928 -0.503660
    15 11.123040 -0.000006 -0.000006 0.000000 0.000001 -1.719408
    16 11.208287 0.000000 -0.000016 -0.439866 -0.197857 0.221702
    17 2.676081 -1.712434 -0.000003 -1.570797 -0.000001 -1.570797
    18 3.984014 -0.000005 -0.000003 -3.372514 -1.401318 0.607317
    19 15.940006 0.000002 0.000000 0.000000 0.000000 1.386770
    20 17.709558 0.000004 0.000002 -0.278765 0.004051 -1.461745
    21 6.203996 0.000000 0.000001 -0.011146 0.000934 -0.500515
    22 -3.984013 0.000007 0.000007 0.204493 -1.283774 -2.945551
    23 15.940015 0.000000 0.000000 0.000000 0.000000 1.370156
    24 17.709572 -0.000006 0.000001 -0.147881 -0.220083 -1.482645
    25 6.204001 0.000003 -0.000001 -0.078651 -0.006185 -0.498943
    26 3.549240 0.198821 -1.489462 -0.325418 -0.343823 -0.540673
    27 1.218999 -0.000001 0.000002 -0.012636 0.096762 -0.449481
    28 0.679998 -0.000001 -0.000001 0.007811 0.087351 -0.213628
    29 3.698007 0.267555 -0.728972 -0.135402 0.053604 -0.382377
    30 1.749001 -0.000001 0.000003 -0.002016 0.027021 -0.272654
    31 0.959999 -0.000001 0.000001 0.000725 0.039449 -0.278530
    32 3.768500 0.152546 0.071388 0.077024 0.051175 -0.278179
    33 2.037998 0.000001 0.000002 0.001841 -0.004223 -0.657938
    34 1.067001 0.000001 0.000002 -0.001027 -0.005709 -0.139607
    35 3.783924 -0.017260 0.794558 0.322530 -0.017317 -0.186468
    36 1.629002 -0.000001 0.000003 0.024249 -0.064885 -0.551390
    37 0.956000 0.000000 0.000001 0.002810 -0.069661 -0.210747
    38 1.258965 -0.297983 1.252590 -1.282517 -0.551153 -1.090243
    39 1.393001 0.000001 0.000000 -0.041908 -0.364577 0.657767
    40 1.100002 0.000001 -0.000003 0.003703 0.012597 0.000389
    41 3.549266 0.211411 1.487664 0.026267 0.200807 -1.120737
    42 1.218999 -0.000001 -0.000002 0.009657 -0.097110 -0.418532
    43 0.679999 0.000001 0.000000 -0.046659 -0.074298 0.258671
    44 3.698016 0.273718 0.726617 0.034897 0.071063 -1.319549
    45 1.748999 0.000000 -0.000002 0.001176 -0.027070 -0.241898
    46 0.959996 0.000000 0.000000 -0.018541 -0.034836 0.192700
    47 3.768499 0.151954 -0.072746 -0.003946 -0.092342 -1.220702
    48 2.037997 0.000002 -0.000003 -0.001719 0.004282 -0.627163
    49 1.066998 0.000000 -0.000001 0.003484 0.004641 0.331327
    50 3.783906 -0.023949 -0.794455 -0.088250 -0.262697 -1.078038
    51 1.629001 0.000002 0.000000 -0.022248 0.065603 -0.520574
    52 0.955999 0.000000 -0.000002 0.029109 0.063356 0.261184
    53 1.258940 -0.308543 -1.250054 1.289006 0.530147 -0.654402
    54 1.392999 0.000000 -0.000003 -0.001788 0.370555 0.932381
    55 1.099998 -0.000002 -0.000003 0.000000 -0.013127 -0.286815
    56 0.578998 0.704300 0.000000 0.000000 -1.570790 -3.044320
    57 2.577897 -4.075848 1.825547 1.570743 -1.473520 1.570850
    58 -2.577999 -4.075848 1.825549 1.570743 -1.473520 1.570850
    59 2.330669 -1.877754 0.104131 -1.861302 0.207908 -1.328386
  time 97
    0 -13.251650 -48.641511 23.602627 1.188251 0.106700 1.521033
    1 0.001573 4.212781 -1.689849 1.606730 -0.341175 1.452932
    2 3.837410 0.000000 0.000000 -0.003591 -0.110750 0.318451
    3 3.617862 0.000000 0.000000 -0.003667 -0.111044 0.309620
    4 7.539774 0.000000 0.000000 0.000000 0.000000 0.155813
    5 3.178292 0.000001 0.000000 3.359301 0.018224 -0.255876
    6 2.970271 0.000000 0.000001 0.366651 0.039803 0.367479
    7 -0.000002 0.000001 0.000000 -1.570796 0.000000 -1.326450
    8 2.023705 0.907460 0.852577 3.608284 -1.124800 0.833057
    9 4.983657 -0.000003 0.000000 -2.429023 -0.173426 -0.551977
    10 11.123049 -0.000003 0.000001 -0.000001 -0.000001 -1.261890
    11 11.208297 -0.000001 0.000013 1.152358 -0.868692 0.735317
    12 2.676087 -1.712447 0.000003 1.570795 0.000000 1.570797
    13 2.023707 0.907463 -0.852527 -3.330576 1.039495 -5.272470
    14 4.983657 -0.000004 0.000000 2.155085 -0.120749 -0.463872
    15 11.123040 -0.000006 -0.000006 0.000000 0.000001 -1.738804
    16 11.208287 0.000000 -0.000016 -0.440853 -0.206795 0.307594
    17 2.676081 -1.712434 -0.000003 -1.570797 -0.000001 -1.570797
    18 3.984014 -0.000005 -0.000003 -3.179482 -1.413718 0.373224
    19 15.940006 0.000002 0.000000 0.000000 0.000000 1.302847
    20 17.709558 0.000004 0.000002 -0.295224 -0.005920 -1.416915
    21 6.203996 0.000000 0.000001 -0.011146 0.000934 -0.500515
    22 -3.984013 0.000007 0.000007 0.211874 -1.318426 -3.011578
    23 15.940015 0.000000 0.000000 0.000000 0.000000 1.323172
    24 17.709572 -0.000006 0.000001 -0.146042 -0.185207 -1.448490
    25 6.204001 0.000003 -0.000001 -0.078651 -0.006185 -0.498943
    26 3.549240 0.198821 -1.489462 -0.328666 -0.363481 -0.445854
    27 1.218999 -0.000001 0.000002 -0.004948 0.097469 -0.370223
    28 0.679998 -0.000001 -0.000001 0.013275 0.086708 -0.150755
    29 3.698007 0.267555 -0.728972 -0.114345 0.036618 -0.298900
    30 1.749001 -0.000001 0.000003 0.000116 0.027093 -0.193759
    31 0.959999 -0.000001 0.000001 0.003185 0.039341 -0.215807
    32 3.768500 0.152546 0.071388 0.080941 0.044704 -0.196383
    33 2.037998 0.000001 0.000002 0.001515 -0.004367 -0.579050
    34 1.067001 0.000001 0.000002 -0.001353 -0.005649 -0.076937
    35 3.783924 -0.017260 0.794558 0.309453 -0.025792 -0.103598
    36 1.629002 -0.000001 0.000003 0.019069 -0.066606 -0.472383
    37 0.956000 0.000000 0.000001 -0.001535 -0.069709 -0.147912
    38 1.258965 -0.297983 1.252590 -1.281706 -0.571490 -1.084586
    39 1.393001 0.000001 0.000000 -0.048689 -0.423301 0.735345
    40 1.100002 0.000001 -0.000003 0.002900 0.012810 -0.063729
    41 3.549266 0.211411 1.487664 0.026267 0.200807 -1.120737
    42 1.218999 -0.000001 -0.000002 0.009657 -0.097110 -0.418532
    43 0.679999 0.000001 0.000000 -0.046659 -0.074298 0.258671
    44 3.698016 0.273718 0.726617 0.034897 0.071063 -1.319549
    45 1.748999 0.000000 -0.000002 0.001176 -0.027070 -0.241898
    46 0.959996 0.000000 0.000000 -0.018541 -0.034836 0.192740
    47 3.768499 0.151954 -0.072746 -0.003946 -0.092342 -1.220702
    48 2.037997 0.000002 -0.000003 -0.001719 0.004282 -0.627163
    49 1.066998 0.000000 -0.000001 0.003484 0.004641 0.331327
    50 3.783906 -0.023949 -0.794455 -0.088250 -0.262697 -1.078038
    51 1.629001 0.000002 0.000000 -0.022248 0.065603 -0.520574
    52 0.955999 0.000000 -0.000002 0.029109 0.063356 0.261184
    53 1.258940 -0.308543 -1.250054 1.289006 0.530147 -0.654402
    54 1.392999 0.000000 -0.000003 -0.001788 0.370555 0.932381
    55 1.099998 -0.000002 -0.000003 0.000000 -0.013127 -0.286815
    56 0.578998 0.704300 0.000000 0.000000 -1.570790 -3.044320
    57 2.577897 -4.075848 1.825547 1.570743 -1.473520 1.570850
    58 -2.577999 -4.075848 1.825549 1.570743 -1.473520 1.570850
    59 2.330669 -1.877754 0.104131 -1.861302 0.207908 -1.328386
  time 98
    0 -13.857783 -48.943763 23.486539 1.196346 0.062023 1.542044
    1 0.001573 4.212781 -1.689849 1.607157 -0.345743 1.453858
    2 3.837410 0.000000 0.000000 -0.003321 -0.109613 0.315165
    3 3.617862 0.000000 0.000000 -0.003424 -0.109985 0.317685
    4 7.539774 0.000000 0.000000 0.000000 0.000000 0.155813
    5 3.178292 0.000001 0.000000 3.282056 -0.024425 -0.238232
    6 2.970271 0.000000 0.000001 0.232201 0.060188 0.399258
    7 -0.000002 0.000001 0.000000 -1.570796 0.000000 -1.326450
    8 2.023705 0.907460 0.852577 3.527430 -1.122349 0.894202
    9 4.983657 -0.000003 0.000000 -2.297092 -0.263927 -0.510592
    10 11.123049 -0.000003 0.000001 -0.000001 -0.000001 -1.220064
    11 11.208297 -0.000001 0.000013 0.874717 -0.969117 1.034352
    12 2.676087 -1.712447 0.000003 1.570795 0.000000 1.570797
    13 2.023707 0.907463 -0.852527 -3.361964 1.022282 -5.320399
    14 4.983657 -0.000004 0.000000 2.157959 -0.123709 -0.424935
    15 11.123040 -0.000006 -0.000006 0.000000 0.000001 -1.752831
    16 11.208287 0.000000 -0.000016 -0.445610 -0.216855 0.385970
    17 2.676081 -1.712434 -0.000003 -1.570797 -0.000001 -1.570797
    18 3.984014 -0.000005 -0.000003 -2.976866 -1.420867 0.135011
    19 15.940006 0.000002 0.000000 0.000000 0.000000 1.228944
    20 17.709558 0.000004 0.000002 -0.310924 -0.016247 -1.377970
    21 6.203996 0.000000 0.000001 -0.011146 0.000934 -0.500515
    22 -3.984013 0.000007 0.000007 0.215132 -1.358211 -3.085846
    23 15.940015 0.000000 0.000000 0.000000 0.000000 1.283547
    24 17.709572 -0.000006 0.000001 -0.128840 -0.141604 -1.421265
    25 6.204001 0.000003 -0.000001 -0.078651 -0.006185 -0.498943
    26 3.549240 0.198821 -1.489462 -0.329595 -0.378569 -0.368413
    27 1.218999 -0.000001 0.000002 0.001346 0.097577 -0.305323
    28 0.679998 -0.000001 -0.000001 0.017703 0.085916 -0.099238
    29 3.698007 0.267555 -0.728972 -0.096461 0.022020 -0.230730
    30 1.749001 -0.000001 0.000003 0.001842 0.027033 -0.129146
    31 0.959999 -0.000001 0.000001 0.005196 0.039125 -0.164428
    32 3.768500 0.152546 0.071388 0.083776 0.039143 -0.128894
    33 2.037998 0.000001 0.000002 0.001249 -0.004439 -0.514441
    34 1.067001 0.000001 0.000002 -0.001643 -0.005565 -0.025609
    35 3.783924 -0.017260 0.794558 0.297096 -0.032369 -0.035346
    36 1.629002 -0.000001 0.000003 0.014723 -0.067677 -0.407634
    37 0.956000 0.000000 0.000001 -0.005102 -0.069541 -0.096461
    38 1.258965 -0.297983 1.252590 -1.281621 -0.587916 -1.079481
    39 1.393001 0.000001 0.000000 -0.054124 -0.470349 0.796960
    40 1.100002 0.000001 -0.000003 0.002217 0.012938 -0.116881
    41 3.549266 0.211411 1.487664 0.026267 0.200807 -1.120737
    42 1.218999 -0.000001 -0.000002 0.009657 -0.097110 -0.418532
    43 0.679999 0.000001 0.000000 -0.046659 -0.074298 0.258671
    44 3.698016 0.273718 0.726617 0.034897 0.071063 -1.319549
    45 1.748999 0.000000 -0.000002 0.001176 -0.027070 -0.241898
    46 0.959996 0.000000 0.000000 -0.018541 -0.034836 0.192700
    47 3.768499 0.151954 -0.072746 -0.003946 -0.092342 -1.220702
    48 2.037997 0.000002 -0.000003 -0.001719 0.004282 -0.627163
    49 1.066998 0.000000 -0.000001 0.003484 0.004641 0.331327
    50 3.783906 -0.023949 -0.794455 -0.088250 -0.262697 -1.078038
    51 1.629001 0.000002 0.000000 -0.022248 0.065603 -0.520574
    52 0.955999 0.000000 -0.000002 0.029109 0.063356 0.261184
    53 1.258940 -0.308543 -1.250054 1.289006 0.530147 -0.654402
    54 1.392999 0.000000 -0.000003 -0.001788 0.370555 0.932381
    55 1.099998 -0.000002 -0.000003 0.000000 -0.013127 -0.286815
    56 0.578998 0.704300 0.000000 0.000000 -1.570790 -3.044320
    57 2.577897 -4.075848 1.825547 1.570743 -1.473520 1.570850
    58 -2.577999 -4.075848 1.825549 1.570743 -1.473520 1.570850
    59 2.330669 -1.877754 0.104131 -1.861302 0.207908 -1.328386
  time 99
    0 -14.281421 -49.146676 23.381004 1.201711 0.025312 1.559030
    1 0.001573 4.212781 -1.689849 1.606303 -0.349684 1.458486
    2 3.837410 0.000000 0.000000 -0.003010 -0.105097 0.309285
    3 3.617862 0.000000 0.000000 -0.003116 -0.105508 0.324145
    4 7.539774 0.000000 0.000000 0.000000 0.000000 0.155813
    5 3.178292 0.000001 0.000000 3.207747 -0.061855 -0.215726
    6 2.970271 0.000000 0.000001 0.103332 0.076350 0.427213
    7 -0.000002 0.000001 0.000000 -1.570796 0.000000 -1.326450
    8 2.023705 0.907460 0.852577 3.461904 -1.120610 0.945379
    9 4.983657 -0.000003 0.000000 -2.171752 -0.367415 -0.484986
    10 11.123049 -0.000003 0.000001 -0.000001 -0.000001 -1.167122
    11 11.208297 -0.000001 0.000013 0.529391 -1.003075 1.395215
    12 2.676087 -1.712447 0.000003 1.570795 0.000000 1.570797
    13 2.023707 0.907463 -0.852527 -3.389141 1.006207 -5.363344
    14 4.983657 -0.000004 0.000000 2.151445 -0.123184 -0.392046
    15 11.123040 -0.000006 -0.000006 0.000000 0.000001 -1.765720
    16 11.208287 0.000000 -0.000016 -0.457638 -0.225885 0.456902
    17 2.676081 -1.712434 -0.000003 -1.570797 -0.000001 -1.570797
    18 3.984014 -0.000005 -0.000003 -2.809137 -1.424703 -0.059795
    19 15.940006 0.000002 0.000000 0.000000 0.000000 1.174935
    20 17.709558 0.000004 0.000002 -0.325107 -0.026859 -1.349843
    21 6.203996 0.000000 0.000001 -0.011146 0.000934 -0.500515
    22 -3.984013 0.000007 0.000007 0.232097 -1.401798 -3.183497
    23 15.940015 0.000000 0.000000 0.000000 0.000000 1.257717
    24 17.709572 -0.000006 0.000001 -0.095385 -0.090067 -1.403328
    25 6.204001 0.000003 -0.000001 -0.078651 -0.006185 -0.498943
    26 3.549240 0.198821 -1.489462 -0.329312 -0.388345 -0.316282
    27 1.218999 -0.000001 0.000002 0.005618 0.097421 -0.261413
    28 0.679998 -0.000001 -0.000001 0.020685 0.085243 -0.064420
    29 3.698007 0.267555 -0.728972 -0.084031 0.011765 -0.184805
    30 1.749001 -0.000001 0.000003 0.003025 0.026925 -0.085414
    31 0.959999 -0.000001 0.000001 0.006543 0.038921 -0.129730
    32 3.768500 0.152546 0.071388 0.085481 0.035248 -0.083013
    33 2.037998 0.000001 0.000002 0.001045 -0.004499 -0.470739
    34 1.067001 0.000001 0.000002 -0.001824 -0.005505 0.009041
    35 3.783924 -0.017260 0.794558 0.287898 -0.036552 0.010954
    36 1.629002 -0.000001 0.000003 0.011746 -0.068264 -0.363813
    37 0.956000 0.000000 0.000001 -0.007523 -0.069314 -0.061716
    38 1.258965 -0.297983 1.252590 -1.281792 -0.598844 -1.075808
    39 1.393001 0.000001 0.000000 -0.057718 -0.501613 0.837598
    40 1.100002 0.000001 -0.000003 0.001749 0.013023 -0.153070
    41 3.549266 0.211411 1.487664 0.026267 0.200807 -1.120737
    42 1.218999 -0.000001 -0.000002 0.009657 -0.097110 -0.418532
    43 0.679999 0.000001 0.000000 -0.046659 -0.074298 0.258671
    44 3.698016 0.273718 0.726617 0.034897 0.071063 -1.319549
    45 1.748999 0.000000 -0.000002 0.001176 -0.027070 -0.241898
    46 0.959996 0.000000 0.000000 -0.018541 -0.034836 0.192740
    47 3.768499 0.151954 -0.072746 -0.003946 -0.092342 -1.220702
    48 2.037997 0.000002 -0.000003 -0.001719 0.004282 -0.627163
    49 1.066998 0.000000 -0.000001 0.003484 0.004641 0.331327
    50 3.783906 -0.023949 -0.794455 -0.088250 -0.262697 -1.078038
    51 1.629001 0.000002 0.000000 -0.022248 0.065603 -0.520574
    52 0.955999 0.000000 -0.000002 0.029109 0.063356 0.261184
    53 1.258940 -0.308543 -1.250054 1.289006 0.530147 -0.654402
    54 1.392999 0.000000 -0.000003 -0.001788 0.370555 0.932381
    55 1.099998 -0.000002 -0.000003 0.000000 -0.013127 -0.286815
    56 0.578998 0.704300 0.000000 0.000000 -1.570790 -3.044320
    57 2.577897 -4.075848 1.825547 1.570743 -1.473520 1.570850
    58 -2.577999 -4.075848 1.825549 1.570743 -1.473520 1.570850
    59 2.330669 -1.877754 0.104131 -1.861302 0.207908 -1.328386
  time 100
    0 -14.429097 -49.223753 23.307130 1.204911 0.000009 1.570745
    1 0.001573 4.212781 -1.689849 1.603629 -0.352576 1.468167
    2 3.837410 0.000000 0.000000 -0.002605 -0.095875 0.299231
    3 3.617862 0.000000 0.000000 -0.002718 -0.096280 0.327750
    4 7.539774 0.000000 0.000000 0.000000 0.000000 0.155813
    5 3.178292 0.000001 0.000000 3.152678 -0.080962 -0.193860
    6 2.970271 0.000000 0.000001 0.011077 0.080968 0.444832
    7 -0.000002 0.000001 0.000000 -1.570796 0.000000 -1.326450
    8 2.023705 0.907460 0.852577 3.417645 -1.120333 0.982755
    9 4.983657 -0.000003 0.000000 -2.059118 -0.472678 -0.494057
    10 11.123049 -0.000003 0.000001 -0.000001 -0.000001 -1.114012
    11 11.208297 -0.000001 0.000013 0.205157 -0.975128 1.728187
    12 2.676087 -1.712447 0.000003 1.570795 0.000000 1.570797
    13 2.023707 0.907463 -0.852527 -3.412203 0.992172 -5.400825
    14 4.983657 -0.000004 0.000000 2.133723 -0.117264 -0.370688
    15 11.123040 -0.000006 -0.000006 0.000000 0.000001 -1.782779
    16 11.208287 0.000000 -0.000016 -0.480436 -0.231547 0.521997
    17 2.676081 -1.712434 -0.000003 -1.570797 -0.000001 -1.570797
    18 3.984014 -0.000005 -0.000003 -2.719522 -1.430511 -0.164911
    19 15.940006 0.000002 0.000000 0.000000 0.000000 1.151873
    20 17.709558 0.000004 0.000002 -0.336712 -0.037613 -1.337987
    21 6.203996 0.000000 0.000001 -0.011146 0.000934 -0.500515
    22 -3.984013 0.000007 0.000007 0.308774 -1.446964 -3.345930
    23 15.940015 0.000000 0.000000 0.000000 0.000000 1.252352
    24 17.709572 -0.000006 0.000001 -0.046211 -0.032321 -1.397333
    25 6.204001 0.000003 -0.000001 -0.078651 -0.006185 -0.498943
    26 3.549240 0.198821 -1.489462 -0.328989 -0.391806 -0.297202
    27 1.218999 -0.000001 0.000002 0.007195 0.097325 -0.245279
    28 0.679998 -0.000001 -0.000001 0.021774 0.084974 -0.051645
    29 3.698007 0.267555 -0.728972 -0.079419 0.007940 -0.167919
    30 1.749001 -0.000001 0.000003 0.003451 0.026877 -0.069359
    31 0.959999 -0.000001 0.000001 0.007031 0.038837 -0.117011
    32 3.768500 0.152546 0.071388 0.086055 0.033798 -0.066091
    33 2.037998 0.000001 0.000002 0.000984 -0.004499 -0.454675
    34 1.067001 0.000001 0.000002 -0.001896 -0.005481 0.021800
    35 3.783924 -0.017260 0.794558 0.284339 -0.038050 0.028017
    36 1.629002 -0.000001 0.000003 0.010654 -0.068432 -0.347728
    37 0.956000 0.000000 0.000001 -0.008409 -0.069218 -0.048931
    38 1.258965 -0.297983 1.252590 -1.281962 -0.602844 -1.074375
    39 1.393001 0.000001 0.000000 -0.059028 -0.512947 0.852242
    40 1.100002 0.000001 -0.000003 0.001569 0.013044 -0.166435
    41 3.549266 0.211411 1.487664 0.026267 0.200807 -1.120737
    42 1.218999 -0.000001 -0.000002 0.009657 -0.097110 -0.418532
    43 0.679999 0.000001 0.000000 -0.046659 -0.074298 0.258671
    44 3.698016 0.273718 0.726617 0.034897 0.071063 -1.319549
    45 1.748999 0.000000 -0.000002 0.001176 -0.027070 -0.241898
    46 0.959996 0.000000 0.000000 -0.018541 -0.034836 0.192740
    47 3.768499 0.151954 -0.072746 -0.003946 -0.092342 -1.220702
    48 2.037997 0.000002 -0.000003 -0.001719 0.004282 -0.627163
    49 1.066998 0.000000 -0.000001 0.003484 0.004641 0.331327
    50 3.783906 -0.023949 -0.794455 -0.088250 -0.262697 -1.078038
    51 1.629001 0.000002 0.000000 -0.022248 0.065603 -0.520574
    52 0.955999 0.000000 -0.000002 0.029109 0.063356 0.261184
    53 1.258940 -0.308543 -1.250054 1.289006 0.530147 -0.654402
    54 1.392999 0.000000 -0.000003 -0.001788 0.370555 0.932381
    55 1.099998 -0.000002 -0.000003 0.000000 -0.013127 -0.286815
    56 0.578998 0.704300 0.000000 0.000000 -1.570790 -3.044320
    57 2.577897 -4.075848 1.825547 1.570743 -1.473520 1.570850
    58 -2.577999 -4.075848 1.825549 1.570743 -1.473520 1.570850
    59 2.330669 -1.877754 0.104131 -1.861302 0.207908 -1.328386
  time 101
    0 -14.430542 -49.221587 23.254363 1.206605 -0.014793 1.577573
    1 0.001573 4.212781 -1.689849 1.597022 -0.355636 1.489726
    2 3.837410 0.000000 0.000000 -0.001970 -0.074130 0.279454
    3 3.617862 0.000000 0.000000 -0.002064 -0.077551 0.327938
    4 7.539774 0.000000 0.000000 0.000000 0.000000 0.155813
    5 3.178292 0.000001 0.000000 3.121523 -0.071027 -0.168733
    6 2.970271 0.000000 0.000001 -0.033359 0.065852 0.447746
    7 -0.000002 0.000001 0.000000 -1.570796 0.000000 -1.326450
    8 2.023705 0.907460 0.852577 3.389960 -1.123970 1.011315
    9 4.983657 -0.000003 0.000000 -2.051189 -0.485056 -0.514844
    10 11.123049 -0.000003 0.000001 -0.000001 -0.000001 -1.021041
    11 11.208297 -0.000001 0.000013 0.206403 -0.933448 1.638185
    12 2.676087 -1.712447 0.000003 1.570795 0.000000 1.570797
    13 2.023707 0.907463 -0.852527 -3.431150 0.980981 -5.432554
    14 4.983657 -0.000004 0.000000 2.090231 -0.081175 -0.336476
    15 11.123040 -0.000006 -0.000006 0.000000 0.000001 -1.795858
    16 11.208287 0.000000 -0.000016 -0.519300 -0.230424 0.604824
    17 2.676081 -1.712434 -0.000003 -1.570797 -0.000001 -1.570797
    18 3.984014 -0.000005 -0.000003 -2.678884 -1.439001 -0.210427
    19 15.940006 0.000002 0.000000 0.000000 0.000000 1.148705
    20 17.709558 0.000004 0.000002 -0.346875 -0.048368 -1.336256
    21 6.203996 0.000000 0.000001 -0.011146 0.000934 -0.500515
    22 -3.984013 0.000007 0.000007 0.508901 -1.489267 -3.627096
    23 15.940015 0.000000 0.000000 0.000000 0.000000 1.257794
    24 17.709572 -0.000006 0.000001 0.009547 0.026460 -1.396596
    25 6.204001 0.000003 -0.000001 -0.078651 -0.006185 -0.498943
    26 3.549240 0.198821 -1.489462 -0.331047 -0.388160 -0.314968
    27 1.218999 -0.000001 0.000002 0.006139 0.097397 -0.256244
    28 0.679998 -0.000001 -0.000001 0.020810 0.085213 -0.063168
    29 3.698007 0.267555 -0.728972 -0.082698 0.011507 -0.179782
    30 1.749001 -0.000001 0.000003 0.003199 0.026901 -0.079356
    31 0.959999 -0.000001 0.000001 0.006679 0.038909 -0.126602
    32 3.768500 0.152546 0.071388 0.085678 0.034756 -0.077142
    33 2.037998 0.000001 0.000002 0.001025 -0.004499 -0.464721
    34 1.067001 0.000001 0.000002 -0.001860 -0.005493 0.012168
    35 3.783924 -0.017260 0.794558 0.286718 -0.037803 0.016658
    36 1.629002 -0.000001 0.000003 0.011349 -0.068327 -0.357735
    37 0.956000 0.000000 0.000001 -0.007739 -0.069290 -0.058574
    38 1.258965 -0.297983 1.252590 -1.282603 -0.599716 -1.074192
    39 1.393001 0.000001 0.000000 -0.057913 -0.500766 0.833758
    40 1.100002 0.000001 -0.000003 0.002444 0.014449 -0.158531
    41 3.549266 0.211411 1.487664 0.026267 0.200807 -1.120737
    42 1.218999 -0.000001 -0.000002 0.009657 -0.097110 -0.418532
    43 0.679999 0.000001 0.000000 -0.046659 -0.074298 0.258671
    44 3.698016 0.273718 0.726617 0.034897 0.071063 -1.319549
    45 1.748999 0.000000 -0.000002 0.001176 -0.027070 -0.241898
    46 0.959996 0.000000 0.000000 -0.018541 -0.034836 0.192700
    47 3.768499 0.151954 -0.072746 -0.003946 -0.092342 -1.220702
    48 2.037997 0.000002 -0.000003 -0.001719 0.004282 -0.627163
    49 1.066998 0.000000 -0.000001 0.003484 0.004641 0.331327
    50 3.783906 -0.023949 -0.794455 -0.088250 -0.262697 -1.078038
    51 1.629001 0.000002 0.000000 -0.022248 0.065603 -0.520574
    52 0.955999 0.000000 -0.000002 0.029109 0.063356 0.261184
    53 1.258940 -0.308543 -1.250054 1.289006 0.530147 -0.654402
    54 1.392999 0.000000 -0.000003 -0.001788 0.370555 0.932381
    55 1.099998 -0.000002 -0.000003 0.000000 -0.013127 -0.286815
    56 0.578998 0.704300 0.000000 0.000000 -1.570790 -3.044320
    57 2.577897 -4.075848 1.825547 1.570743 -1.473520 1.570850
    58 -2.577999 -4.075848 1.825549 1.570743 -1.473520 1.570850
    59 2.330669 -1.877754 0.104131 -1.861302 0.207908 -1.328386
  time 102
    0 -14.438185 -49.220971 23.233256 1.207170 -0.023167 1.581526
    1 0.001573 4.212781 -1.689849 1.586864 -0.358172 1.521545
    2 3.837410 0.000000 0.000000 -0.001133 -0.041900 0.251676
    3 3.617862 0.000000 0.000000 -0.001218 -0.050337 0.324982
    4 7.539774 0.000000 0.000000 0.000000 0.000000 0.155813
    5 3.178292 0.000001 0.000000 3.104906 -0.040722 -0.136938
    6 2.970271 0.000000 0.000001 -0.048453 0.036132 0.439414
    7 -0.000002 0.000001 0.000000 -1.570796 0.000000 -1.326450
    8 2.023705 0.907460 0.852577 3.369171 -1.132746 1.039203
    9 4.983657 -0.000003 0.000000 -2.030458 -0.519045 -0.534024
    10 11.123049 -0.000003 0.000001 -0.000001 -0.000001 -0.861935
    11 11.208297 -0.000001 0.000013 0.185791 -0.864567 1.522000
    12 2.676087 -1.712447 0.000003 1.570795 0.000000 1.570797
    13 2.023707 0.907463 -0.852527 -3.446078 0.973536 -5.458340
    14 4.983657 -0.000004 0.000000 2.025377 -0.000402 -0.285914
    15 11.123040 -0.000006 -0.000006 0.000000 0.000001 -1.785496
    16 11.208287 0.000000 -0.000016 -0.570910 -0.222797 0.702246
    17 2.676081 -1.712434 -0.000003 -1.570797 -0.000001 -1.570797
    18 3.984014 -0.000005 -0.000003 -2.632687 -1.446821 -0.254217
    19 15.940006 0.000002 0.000000 0.000000 0.000000 1.146863
    20 17.709558 0.000004 0.000002 -0.357114 -0.058944 -1.334871
    21 6.203996 0.000000 0.000001 -0.011146 0.000934 -0.500515
    22 -3.984013 0.000007 0.000007 0.966375 -1.520859 -4.152822
    23 15.940015 0.000000 0.000000 0.000000 0.000000 1.260860
    24 17.709572 -0.000006 0.000001 0.060916 0.079722 -1.393352
    25 6.204001 0.000003 -0.000001 -0.078651 -0.006185 -0.498943
    26 3.549240 0.198821 -1.489462 -0.335910 -0.377987 -0.363691
    27 1.218999 -0.000001 0.000002 0.003137 0.097529 -0.286945
    28 0.679998 -0.000001 -0.000001 0.018096 0.085826 -0.094688
    29 3.698007 0.267555 -0.728972 -0.091780 0.021301 -0.212934
    30 1.749001 -0.000001 0.000003 0.002424 0.026985 -0.107575
    31 0.959999 -0.000001 0.000001 0.005625 0.039065 -0.153293
    32 3.768500 0.152546 0.071388 0.084563 0.037381 -0.108025
    33 2.037998 0.000001 0.000002 0.001147 -0.004463 -0.492921
    34 1.067001 0.000001 0.000002 -0.001697 -0.005541 -0.014476
    35 3.783924 -0.017260 0.794558 0.293197 -0.036923 -0.015120
    36 1.629002 -0.000001 0.000003 0.013274 -0.067971 -0.386066
    37 0.956000 0.000000 0.000001 -0.005880 -0.069481 -0.085294
    38 1.258965 -0.297983 1.252590 -1.284396 -0.590978 -1.073861
    39 1.393001 0.000001 0.000000 -0.054797 -0.467322 0.783262
    40 1.100002 0.000001 -0.000003 0.004721 0.018131 -0.136330
    41 3.549266 0.211411 1.487664 0.026267 0.200807 -1.120737
    42 1.218999 -0.000001 -0.000002 0.009657 -0.097110 -0.418532
    43 0.679999 0.000001 0.000000 -0.046659 -0.074298 0.258671
    44 3.698016 0.273718 0.726617 0.034897 0.071063 -1.319549
    45 1.748999 0.000000 -0.000002 0.001176 -0.027070 -0.241898
    46 0.959996 0.000000 0.000000 -0.018541 -0.034836 0.192740
    47 3.768499 0.151954 -0.072746 -0.003946 -0.092342 -1.220702
    48 2.037997 0.000002 -0.000003 -0.001719 0.004282 -0.627163
    49 1.066998 0.000000 -0.000001 0.003484 0.004641 0.331327
    50 3.783906 -0.023949 -0.794455 -0.088250 -0.262697 -1.078038
    51 1.629001 0.000002 0.000000 -0.022248 0.065603 -0.520574
    52 0.955999 0.000000 -0.000002 0.029109 0.063356 0.261184
    53 1.258940 -0.308543 -1.250054 1.289006 0.530147 -0.654402
    54 1.392999 0.000000 -0.000003 -0.001788 0.370555 0.932381
    55 1.099998 -0.000002 -0.000003 0.000000 -0.013127 -0.286815
    56 0.578998 0.704300 0.000000 0.000000 -1.570790 -3.044320
    57 2.577897 -4.075848 1.825547 1.570743 -1.473520 1.570850
    58 -2.577999 -4.075848 1.825549 1.570743 -1.473520 1.570850
    59 2.330669 -1.877754 0.104131 -1.861302 0.207908 -1.328386
  time 103
    0 -14.436157 -49.219388 23.222702 1.207076 -0.026245 1.582987
    1 0.001573 4.212781 -1.689849 1.576818 -0.357187 1.552323
    2 3.837410 0.000000 0.000000 -0.000390 -0.012670 0.225262
    3 3.617862 0.000000 0.000000 -0.000435 -0.022017 0.318847
    4 7.539774 0.000000 0.000000 0.000000 0.000000 0.155813
    5 3.178292 0.000001 0.000000 3.098407 -0.006141 -0.104357
    6 2.970271 0.000000 0.000001 -0.047607 0.004420 0.425346
    7 -0.000002 0.000001 0.000000 -1.570796 0.000000 -1.326450
    8 2.023705 0.907460 0.852577 3.353652 -1.145514 1.066900
    9 4.983657 -0.000003 0.000000 -2.011829 -0.590066 -0.538843
    10 11.123049 -0.000003 0.000001 -0.000001 -0.000001 -0.647248
    11 11.208297 -0.000001 0.000013 0.160481 -0.799284 1.389950
    12 2.676087 -1.712447 0.000003 1.570795 0.000000 1.570797
    13 2.023707 0.907463 -0.852527 -3.457083 0.970834 -5.477704
    14 4.983657 -0.000004 0.000000 1.963971 0.100229 -0.255388
    15 11.123040 -0.000006 -0.000006 0.000000 0.000001 -1.748598
    16 11.208287 0.000000 -0.000016 -0.628803 -0.211193 0.778725
    17 2.676081 -1.712434 -0.000003 -1.570797 -0.000001 -1.570797
    18 3.984014 -0.000005 -0.000003 -2.582464 -1.453933 -0.296379
    19 15.940006 0.000002 0.000000 0.000000 0.000000 1.146200
    20 17.709558 0.000004 0.000002 -0.367126 -0.069236 -1.333919
    21 6.203996 0.000000 0.000001 -0.011146 0.000934 -0.500515
    22 -3.984013 0.000007 0.000007 -4.539414 -1.528312 1.300790
    23 15.940015 0.000000 0.000000 0.000000 0.000000 1.262086
    24 17.709572 -0.000006 0.000001 0.103862 0.123531 -1.388782
    25 6.204001 0.000003 -0.000001 -0.078651 -0.006185 -0.498943
    26 3.549240 0.198821 -1.489462 -0.341317 -0.362292 -0.436460
    27 1.218999 -0.000001 0.000002 -0.001442 0.097577 -0.334092
    28 0.679998 -0.000001 -0.000001 0.014043 0.086588 -0.141779
    29 3.698007 0.267555 -0.728972 -0.105403 0.035741 -0.263643
    30 1.749001 -0.000001 0.000003 0.001241 0.027069 -0.151406
    31 0.959999 -0.000001 0.000001 0.004044 0.039269 -0.193871
    32 3.768500 0.152546 0.071388 0.082711 0.041336 -0.155337
    33 2.037998 0.000001 0.000002 0.001351 -0.004415 -0.536725
    34 1.067001 0.000001 0.000002 -0.001480 -0.005613 -0.055046
    35 3.783924 -0.017260 0.794558 0.302495 -0.035194 -0.063720
    36 1.629002 -0.000001 0.000003 0.016231 -0.067320 -0.429933
    37 0.956000 0.000000 0.000001 -0.003048 -0.069661 -0.125950
    38 1.258965 -0.297983 1.252590 -1.287000 -0.577546 -1.073641
    39 1.393001 0.000001 0.000000 -0.050016 -0.417337 0.708406
    40 1.100002 0.000001 -0.000003 0.007849 0.023069 -0.102094
    41 3.549266 0.211411 1.487664 0.026267 0.200807 -1.120737
    42 1.218999 -0.000001 -0.000002 0.009657 -0.097110 -0.418532
    43 0.679999 0.000001 0.000000 -0.046659 -0.074298 0.258671
    44 3.698016 0.273718 0.726617 0.034897 0.071063 -1.319549
    45 1.748999 0.000000 -0.000002 0.001176 -0.027070 -0.241898
    46 0.959996 0.000000 0.000000 -0.018541 -0.034836 0.192740
    47 3.768499 0.151954 -0.072746 -0.003946 -0.092342 -1.220702
    48 2.037997 0.000002 -0.000003 -0.001719 0.004282 -0.627163
    49 1.066998 0.000000 -0.000001 0.003484 0.004641 0.331327
    50 3.783906 -0.023949 -0.794455 -0.088250 -0.262697 -1.078038
    51 1.629001 0.000002 0.000000 -0.022248 0.065603 -0.520574
    52 0.955999 0.000000 -0.000002 0.029109 0.063356 0.261184
    53 1.258940 -0.308543 -1.250054 1.289006 0.530147 -0.654402
    54 1.392999 0.000000 -0.000003 -0.001788 0.370555 0.932381
    55 1.099998 -0.000002 -0.000003 0.000000 -0.013127 -0.286815
    56 0.578998 0.704300 0.000000 0.000000 -1.570790 -3.044320
    57 2.577897 -4.075848 1.825547 1.570743 -1.473520 1.570850
    58 -2.577999 -4.075848 1.825549 1.570743 -1.473520 1.570850
    59 2.330669 -1.877754 0.104131 -1.861302 0.207908 -1.328386
  time 104
    0 -14.439884 -49.219347 23.222702 1.206417 -0.025249 1.582531
    1 0.001573 4.212781 -1.689849 1.570795 -0.350103 1.570797
    2 3.837410 0.000000 0.000000 -0.000012 0.000011 0.209509
    3 3.617862 0.000000 0.000000 -0.000012 0.000009 0.309483
    4 7.539774 0.000000 0.000000 0.000000 0.000000 0.155813
    5 3.178292 0.000001 0.000000 3.097552 0.016638 -0.076959
    6 2.970271 0.000000 0.000001 -0.044056 -0.016636 0.410959
    7 -0.000002 0.000001 0.000000 -1.570796 0.000000 -1.326450
    8 2.023705 0.907460 0.852577 3.341677 -1.161050 1.094885
    9 4.983657 -0.000003 0.000000 -2.068958 -0.440059 -0.570023
    10 11.123049 -0.000003 0.000001 -0.000001 -0.000001 -1.053603
    11 11.208297 -0.000001 0.000013 0.835026 -0.670210 0.689925
    12 2.676087 -1.712447 0.000003 1.570795 0.000000 1.570797
    13 2.023707 0.907463 -0.852527 -3.464069 0.973679 -5.490070
    14 4.983657 -0.000004 0.000000 1.924598 0.184581 -0.272305
    15 11.123040 -0.000006 -0.000006 0.000000 0.000001 -1.698052
    16 11.208287 0.000000 -0.000016 -0.688940 -0.196922 0.809010
    17 2.676081 -1.712434 -0.000003 -1.570797 -0.000001 -1.570797
    18 3.984014 -0.000005 -0.000003 -2.529174 -1.460375 -0.337295
    19 15.940006 0.000002 0.000000 0.000000 0.000000 1.146494
    20 17.709558 0.000004 0.000002 -0.376834 -0.079064 -1.333313
    21 6.203996 0.000000 0.000001 -0.011146 0.000934 -0.500515
    22 -3.984013 0.000007 0.000007 -4.040247 -1.517700 0.767973
    23 15.940015 0.000000 0.000000 0.000000 0.000000 1.261703
    24 17.709572 -0.000006 0.000001 0.134707 0.154647 -1.384556
    25 6.204001 0.000003 -0.000001 -0.078651 -0.006185 -0.498943
    26 3.549240 0.198821 -1.489462 -0.345150 -0.342026 -0.526265
    27 1.218999 -0.000001 0.000002 -0.007307 0.097313 -0.394345
    28 0.679998 -0.000001 -0.000001 0.009008 0.087246 -0.199976
    29 3.698007 0.267555 -0.728972 -0.122252 0.053244 -0.328272
    30 1.749001 -0.000001 0.000003 -0.000252 0.027093 -0.208041
    31 0.959999 -0.000001 0.000001 0.002033 0.039401 -0.245125
    32 3.768500 0.152546 0.071388 0.080056 0.046250 -0.215574
    33 2.037998 0.000001 0.000002 0.001576 -0.004331 -0.593380
    34 1.067001 0.000001 0.000002 -0.001208 -0.005673 -0.106208
    35 3.783924 -0.017260 0.794558 0.313372 -0.032338 -0.125789
    36 1.629002 -0.000001 0.000003 0.020002 -0.066312 -0.486686
    37 0.956000 0.000000 0.000001 0.000497 -0.069721 -0.177276
    38 1.258965 -0.297983 1.252590 -1.290074 -0.560360 -1.073788
    39 1.393001 0.000001 0.000000 -0.043944 -0.355495 0.616671
    40 1.100002 0.000001 -0.000003 0.011277 0.028306 -0.058001
    41 3.549266 0.211411 1.487664 0.026267 0.200807 -1.120737
    42 1.218999 -0.000001 -0.000002 0.009657 -0.097110 -0.418532
    43 0.679999 0.000001 0.000000 -0.046659 -0.074298 0.258671
    44 3.698016 0.273718 0.726617 0.034897 0.071063 -1.319549
    45 1.748999 0.000000 -0.000002 0.001176 -0.027070 -0.241898
    46 0.959996 0.000000 0.000000 -0.018541 -0.034836 0.192700
    47 3.768499 0.151954 -0.072746 -0.003946 -0.092342 -1.220702
    48 2.037997 0.000002 -0.000003 -0.001719 0.004282 -0.627163
    49 1.066998 0.000000 -0.000001 0.003484 0.004641 0.331327
    50 3.783906 -0.023949 -0.794455 -0.088250 -0.262697 -1.078038
    51 1.629001 0.000002 0.000000 -0.022248 0.065603 -0.520574
    52 0.955999 0.000000 -0.000002 0.029109 0.063356 0.261184
    53 1.258940 -0.308543 -1.250054 1.289006 0.530147 -0.654402
    54 1.392999 0.000000 -0.000003 -0.001788 0.370555 0.932381
    55 1.099998 -0.000002 -0.000003 0.000000 -0.013127 -0.286815
    56 0.578998 0.704300 0.000000 0.000000 -1.570790 -3.044320
    57 2.577897 -4.075848 1.825547 1.570743 -1.473520 1.570850
    58 -2.577999 -4.075848 1.825549 1.570743 -1.473520 1.570850
    59 2.330669 -1.877754 0.104131 -1.861302 0.207908 -1.328386
  time 105
    0 -14.434797 -49.221659 23.233256 1.205570 -0.021311 1.580734
    1 0.001573 4.212781 -1.689849 1.569671 -0.336040 1.574191
    2 3.837410 0.000000 0.000000 0.000123 -0.002263 0.203053
    3 3.617862 0.000000 0.000000 -0.000012 0.016634 0.296274
    4 7.539774 0.000000 0.000000 0.000000 0.000000 0.155813
    5 3.178292 0.000001 0.000000 3.105932 0.023281 -0.056578
    6 2.970271 0.000000 0.000001 -0.035642 -0.023286 0.397801
    7 -0.000002 0.000001 0.000000 -1.570796 0.000000 -1.326450
    8 2.023705 0.907460 0.852577 3.332193 -1.178246 1.123061
    9 4.983657 -0.000003 0.000000 -2.153409 -0.372133 -0.527883
    10 11.123049 -0.000003 0.000001 -0.000001 -0.000001 -1.320502
    11 11.208297 -0.000001 0.000013 1.022933 -0.211033 0.304872
    12 2.676087 -1.712447 0.000003 1.570795 0.000000 1.570797
    13 2.023707 0.907463 -0.852527 -3.466557 0.982972 -5.494384
    14 4.983657 -0.000004 0.000000 1.899883 0.248979 -0.328537
    15 11.123040 -0.000006 -0.000006 0.000000 0.000001 -1.636386
    16 11.208287 0.000000 -0.000016 -0.749346 -0.180498 0.795509
    17 2.676081 -1.712434 -0.000003 -1.570797 -0.000001 -1.570797
    18 3.984014 -0.000005 -0.000003 -2.474542 -1.466072 -0.377061
    19 15.940006 0.000002 0.000000 0.000000 0.000000 1.147379
    20 17.709558 0.000004 0.000002 -0.386088 -0.088359 -1.332794
    21 6.203996 0.000000 0.000001 -0.011146 0.000934 -0.500515
    22 -3.984013 0.000007 0.000007 -3.823539 -1.507383 0.534338
    23 15.940015 0.000000 0.000000 0.000000 0.000000 1.260323
    24 17.709572 -0.000006 0.000001 0.153629 0.173689 -1.381656
    25 6.204001 0.000003 -0.000001 -0.078651 -0.006185 -0.498943
    26 3.549240 0.198821 -1.489462 -0.345675 -0.317876 -0.625756
    27 1.218999 -0.000001 0.000002 -0.014091 0.096570 -0.464519
    28 0.679998 -0.000001 -0.000001 0.003348 0.087650 -0.264894
    29 3.698007 0.267555 -0.728972 -0.141030 0.072286 -0.403091
    30 1.749001 -0.000001 0.000003 -0.002074 0.027021 -0.274969
    31 0.959999 -0.000001 0.000001 -0.000252 0.039449 -0.303886
    32 3.768500 0.152546 0.071388 0.076647 0.051739 -0.285431
    33 2.037998 0.000001 0.000002 0.001862 -0.004223 -0.660233
    34 1.067001 0.000001 0.000002 -0.000864 -0.005733 -0.164959
    35 3.783924 -0.017260 0.794558 0.324430 -0.028247 -0.197732
    36 1.629002 -0.000001 0.000003 0.024408 -0.064843 -0.553674
    37 0.956000 0.000000 0.000001 0.004583 -0.069565 -0.236130
    38 1.258965 -0.297983 1.252590 -1.293490 -0.540403 -1.074559
    39 1.393001 0.000001 0.000000 -0.036897 -0.286481 0.515679
    40 1.100002 0.000001 -0.000003 0.014441 0.032818 -0.006404
    41 3.549266 0.211411 1.487664 0.026267 0.200807 -1.120737
    42 1.218999 -0.000001 -0.000002 0.009657 -0.097110 -0.418532
    43 0.679999 0.000001 0.000000 -0.046659 -0.074298 0.258671
    44 3.698016 0.273718 0.726617 0.034897 0.071063 -1.319549
    45 1.748999 0.000000 -0.000002 0.001176 -0.027070 -0.241898
    46 0.959996 0.000000 0.000000 -0.018541 -0.034836 0.192700
    47 3.768499 0.151954 -0.072746 -0.003946 -0.092342 -1.220702
    48 2.037997 0.000002 -0.000003 -0.001719 0.004282 -0.627163
    49 1.066998 0.000000 -0.000001 0.003484 0.004641 0.331327
    50 3.783906 -0.023949 -0.794455 -0.088250 -0.262697 -1.078038
    51 1.629001 0.000002 0.000000 -0.022248 0.065603 -0.520574
    52 0.955999 0.000000 -0.000002 0.029109 0.063356 0.261184
    53 1.258940 -0.308543 -1.250054 1.289006 0.530147 -0.654402
    54 1.392999 0.000000 -0.000003 -0.001788 0.370555 0.932381
    55 1.099998 -0.000002 -0.000003 0.000000 -0.013127 -0.286815
    56 0.578998 0.704300 0.000000 0.000000 -1.570790 -3.044320
    57 2.577897 -4.075848 1.825547 1.570743 -1.473520 1.570850
    58 -2.577999 -4.075848 1.825549 1.570743 -1.473520 1.570850
    59 2.330669 -1.877754 0.104131 -1.861302 0.207908 -1.328386
  time 106
    0 -14.433756 -49.221791 23.254363 1.204629 -0.015698 1.578170
    1 0.001573 4.212781 -1.689849 1.570975 -0.317345 1.569987
    2 3.837410 0.000000 0.000000 0.000299 -0.008374 0.198125
    3 3.617862 0.000000 0.000000 -0.000076 0.032821 0.279766
    4 7.539774 0.000000 0.000000 0.000000 0.000000 0.155813
    5 3.178292 0.000001 0.000000 3.124516 0.022980 -0.039633
    6 2.970271 0.000000 0.000001 -0.017039 -0.022970 0.383551
    7 -0.000002 0.000001 0.000000 -1.570796 0.000000 -1.326450
    8 2.023705 0.907460 0.852577 3.324338 -1.195955 1.150854
    9 4.983657 -0.000003 0.000000 -2.224582 -0.377459 -0.434437
    10 11.123049 -0.000003 0.000001 -0.000001 -0.000001 -1.444800
    11 11.208297 -0.000001 0.000013 0.950263 0.163950 0.106939
    12 2.676087 -1.712447 0.000003 1.570795 0.000000 1.570797
    13 2.023707 0.907463 -0.852527 -3.458806 1.009621 -5.481251
    14 4.983657 -0.000004 0.000000 1.888291 0.331852 -0.406695
    15 11.123040 -0.000006 -0.000006 0.000000 0.000001 -1.551849
    16 11.208287 0.000000 -0.000016 -0.837936 -0.166274 0.763181
    17 2.676081 -1.712434 -0.000003 -1.570797 -0.000001 -1.570797
    18 3.984014 -0.000005 -0.000003 -2.419911 -1.471136 -0.415581
    19 15.940006 0.000002 0.000000 0.000000 0.000000 1.148557
    20 17.709558 0.000004 0.000002 -0.394810 -0.096977 -1.332534
    21 6.203996 0.000000 0.000001 -0.011146 0.000934 -0.500515
    22 -3.984013 0.000007 0.000007 -3.709386 -1.501361 0.414838
    23 15.940015 0.000000 0.000000 0.000000 0.000000 1.258330
    24 17.709572 -0.000006 0.000001 0.163891 0.184210 -1.380133
    25 6.204001 0.000003 -0.000001 -0.078651 -0.006185 -0.498943
    26 3.549240 0.198821 -1.489462 -0.341882 -0.290449 -0.727340
    27 1.218999 -0.000001 0.000002 -0.021426 0.095216 -0.541166
    28 0.679998 -0.000001 -0.000001 -0.002544 0.087665 -0.332067
    29 3.698007 0.267555 -0.728972 -0.160456 0.091616 -0.484177
    30 1.749001 -0.000001 0.000003 -0.004071 0.026781 -0.349383
    31 0.959999 -0.000001 0.000001 -0.002751 0.039377 -0.366900
    32 3.768500 0.152546 0.071388 0.072500 0.057407 -0.361406
    33 2.037998 0.000001 0.000002 0.002168 -0.004080 -0.734634
    34 1.067001 0.000001 0.000002 -0.000502 -0.005769 -0.227921
    35 3.783924 -0.017260 0.794558 0.334607 -0.022952 -0.276049
    36 1.629002 -0.000001 0.000003 0.029151 -0.062849 -0.628248
    37 0.956000 0.000000 0.000001 0.008971 -0.069134 -0.299276
    38 1.258965 -0.297983 1.252590 -1.296948 -0.518636 -1.076175
    39 1.393001 0.000001 0.000000 -0.029249 -0.214999 0.412939
    40 1.100002 0.000001 -0.000003 0.016790 0.035670 0.050477
    41 3.549266 0.211411 1.487664 0.026267 0.200807 -1.120737
    42 1.218999 -0.000001 -0.000002 0.009657 -0.097110 -0.418532
    43 0.679999 0.000001 0.000000 -0.046659 -0.074298 0.258671
    44 3.698016 0.273718 0.726617 0.034897 0.071063 -1.319549
    45 1.748999 0.000000 -0.000002 0.001176 -0.027070 -0.241898
    46 0.959996 0.000000 0.000000 -0.018541 -0.034836 0.192740
    47 3.768499 0.151954 -0.072746 -0.003946 -0.092342 -1.220702
    48 2.037997 0.000002 -0.000003 -0.001719 0.004282 -0.627163
    49 1.066998 0.000000 -0.000001 0.003484 0.004641 0.331327
    50 3.783906 -0.023949 -0.794455 -0.088250 -0.262697 -1.078038
    51 1.629001 0.000002 0.000000 -0.022248 0.065603 -0.520574
    52 0.955999 0.000000 -0.000002 0.029109 0.063356 0.261184
    53 1.258940 -0.308543 -1.250054 1.289006 0.530147 -0.654402
    54 1.392999 0.000000 -0.000003 -0.001788 0.370555 0.932381
    55 1.099998 -0.000002 -0.000003 0.000000 -0.013127 -0.286815
    56 0.578998 0.704300 0.000000 0.000000 -1.570790 -3.044320
    57 2.577897 -4.075848 1.825547 1.570743 -1.473520 1.570850
    58 -2.577999 -4.075848 1.825549 1.570743 -1.473520 1.570850
    59 2.330669 -1.877754 0.104131 -1.861302 0.207908 -1.328386
  time 107
    0 -14.436639 -49.219862 23.264916 1.203876 -0.009587 1.575319
    1 0.001573 4.212781 -1.689849 1.573042 -0.296429 1.562080
    2 3.837410 0.000000 0.000000 0.000474 -0.017502 0.194511
    3 3.617862 0.000000 0.000000 -0.000320 0.047329 0.261840
    4 7.539774 0.000000 0.000000 0.000000 0.000000 0.155813
    5 3.178292 0.000001 0.000000 3.144811 0.019970 -0.024056
    6 2.970271 0.000000 0.000001 0.003213 -0.019971 0.367798
    7 -0.000002 0.000001 0.000000 -1.570796 0.000000 -1.326450
    8 2.023705 0.907460 0.852577 3.317919 -1.213032 1.177305
    9 4.983657 -0.000003 0.000000 -2.237670 -0.449749 -0.306314
    10 11.123049 -0.000003 0.000001 -0.000001 -0.000001 -1.416280
    11 11.208297 -0.000001 0.000013 1.063390 0.248933 0.183707
    12 2.676087 -1.712447 0.000003 1.570795 0.000000 1.570797
    13 2.023707 0.907463 -0.852527 -3.433064 1.059268 -5.440223
    14 4.983657 -0.000004 0.000000 1.889345 0.438498 -0.486081
    15 11.123040 -0.000006 -0.000006 0.000000 0.000001 -1.447536
    16 11.208287 0.000000 -0.000016 -0.949413 -0.158740 0.720417
    17 2.676081 -1.712434 -0.000003 -1.570797 -0.000001 -1.570797
    18 3.984014 -0.000005 -0.000003 -2.367292 -1.475530 -0.452377
    19 15.940006 0.000002 0.000000 0.000000 0.000000 1.149957
    20 17.709558 0.000004 0.000002 -0.402774 -0.104847 -1.332275
    21 6.203996 0.000000 0.000001 -0.011146 0.000934 -0.500515
    22 -3.984013 0.000007 0.000007 -3.644690 -1.499781 0.353123
    23 15.940015 0.000000 0.000000 0.000000 0.000000 1.256108
    24 17.709572 -0.000006 0.000001 0.167272 0.187901 -1.379887
    25 6.204001 0.000003 -0.000001 -0.078651 -0.006185 -0.498943
    26 3.549240 0.198821 -1.489462 -0.333468 -0.260565 -0.823375
    27 1.218999 -0.000001 0.000002 -0.028961 0.093202 -0.621103
    28 0.679998 -0.000001 -0.000001 -0.008204 0.087306 -0.397027
    29 3.698007 0.267555 -0.728972 -0.179321 0.110256 -0.567463
    30 1.749001 -0.000001 0.000003 -0.006185 0.026374 -0.428672
    31 0.959999 -0.000001 0.000001 -0.005269 0.039113 -0.431041
    32 3.768500 0.152546 0.071388 0.067763 0.062920 -0.440094
    33 2.037998 0.000001 0.000002 0.002494 -0.003888 -0.813930
    34 1.067001 0.000001 0.000002 -0.000140 -0.005793 -0.292008
    35 3.783924 -0.017260 0.794558 0.343005 -0.016699 -0.357146
    36 1.629002 -0.000001 0.000003 0.034053 -0.060351 -0.707620
    37 0.956000 0.000000 0.000001 0.013381 -0.068427 -0.363511
    38 1.258965 -0.297983 1.252590 -1.300193 -0.495930 -1.078820
    39 1.393001 0.000001 0.000000 -0.021352 -0.145733 0.316045
    40 1.100002 0.000001 -0.000003 0.017797 0.035862 0.110377
    41 3.549266 0.211411 1.487664 0.026267 0.200807 -1.120737
    42 1.218999 -0.000001 -0.000002 0.009657 -0.097110 -0.418532
    43 0.679999 0.000001 0.000000 -0.046659 -0.074298 0.258671
    44 3.698016 0.273718 0.726617 0.034897 0.071063 -1.319549
    45 1.748999 0.000000 -0.000002 0.001176 -0.027070 -0.241898
    46 0.959996 0.000000 0.000000 -0.018541 -0.034836 0.192700
    47 3.768499 0.151954 -0.072746 -0.003946 -0.092342 -1.220702
    48 2.037997 0.000002 -0.000003 -0.001719 0.004282 -0.627163
    49 1.066998 0.000000 -0.000001 0.003484 0.004641 0.331327
    50 3.783906 -0.023949 -0.794455 -0.088250 -0.262697 -1.078038
    51 1.629001 0.000002 0.000000 -0.022248 0.065603 -0.520574
    52 0.955999 0.000000 -0.000002 0.029109 0.063356 0.261184
    53 1.258940 -0.308543 -1.250054 1.289006 0.530147 -0.654402
    54 1.392999 0.000000 -0.000003 -0.001788 0.370555 0.932381
    55 1.099998 -0.000002 -0.000003 0.000000 -0.013127 -0.286815
    56 0.578998 0.704300 0.000000 0.000000 -1.570790 -3.044320
    57 2.577897 -4.075848 1.825547 1.570743 -1.473520 1.570850
    58 -2.577999 -4.075848 1.825549 1.570743 -1.473520 1.570850
    59 2.330669 -1.877754 0.104131 -1.861302 0.207908 -1.328386
  time 108
    0 -14.431189 -49.223614 23.286023 1.203499 -0.004110 1.572755
    1 0.001573 4.212781 -1.689849 1.574683 -0.275744 1.554367
    2 3.837410 0.000000 0.000000 0.000650 -0.028777 0.192047
    3 3.617862 0.000000 0.000000 -0.000602 0.058856 0.244359
    4 7.539774 0.000000 0.000000 0.000000 0.000000 0.155813
    5 3.178292 0.000001 0.000000 3.158407 0.018525 -0.007722
    6 2.970271 0.000000 0.000001 0.016785 -0.018530 0.350179
    7 -0.000002 0.000001 0.000000 -1.570796 0.000000 -1.326450
    8 2.023705 0.907460 0.852577 3.313225 -1.228370 1.200689
    9 4.983657 -0.000003 0.000000 -2.212163 -0.564600 -0.168838
    10 11.123049 -0.000003 0.000001 -0.000001 -0.000001 -1.326229
    11 11.208297 -0.000001 0.000013 1.316488 0.182728 0.431516
    12 2.676087 -1.712447 0.000003 1.570795 0.000000 1.570797
    13 2.023707 0.907463 -0.852527 -3.380050 1.123804 -5.362673
    14 4.983657 -0.000004 0.000000 1.889058 0.554023 -0.535981
    15 11.123040 -0.000006 -0.000006 0.000000 0.000001 -1.333492
    16 11.208287 0.000000 -0.000016 -1.045722 -0.158226 0.671816
    17 2.676081 -1.712434 -0.000003 -1.570797 -0.000001 -1.570797
    18 3.984014 -0.000005 -0.000003 -2.319274 -1.479365 -0.486298
    19 15.940006 0.000002 0.000000 0.000000 0.000000 1.151063
    20 17.709558 0.000004 0.000002 -0.409903 -0.111826 -1.332015
    21 6.203996 0.000000 0.000001 -0.011146 0.000934 -0.500515
    22 -3.984013 0.000007 0.000007 -3.614690 -1.501854 0.331178
    23 15.940015 0.000000 0.000000 0.000000 0.000000 1.254038
    24 17.709572 -0.000006 0.000001 0.165315 0.186245 -1.380575
    25 6.204001 0.000003 -0.000001 -0.078651 -0.006185 -0.498943
    26 3.549240 0.198821 -1.489462 -0.320758 -0.229308 -0.906171
    27 1.218999 -0.000001 0.000002 -0.036296 0.090602 -0.700936
    28 0.679998 -0.000001 -0.000001 -0.013275 0.086708 -0.455265
    29 3.698007 0.267555 -0.728972 -0.196661 0.127543 -0.648693
    30 1.749001 -0.000001 0.000003 -0.008317 0.025786 -0.510177
    31 0.959999 -0.000001 0.000001 -0.007671 0.038718 -0.493054
    32 3.768500 0.152546 0.071388 0.062649 0.068014 -0.518091
    33 2.037998 0.000001 0.000002 0.002801 -0.003660 -0.895419
    34 1.067001 0.000001 0.000002 0.000204 -0.005793 -0.353970
    35 3.783924 -0.017260 0.794558 0.349144 -0.009876 -0.437428
    36 1.629002 -0.000001 0.000003 0.038855 -0.057370 -0.789185
    37 0.956000 0.000000 0.000001 0.017596 -0.067468 -0.425599
    38 1.258965 -0.297983 1.252590 -1.303054 -0.473269 -1.082787
    39 1.393001 0.000001 0.000000 -0.013545 -0.083369 0.232620
    40 1.100002 0.000001 -0.000003 0.016874 0.032456 0.171077
    41 3.549266 0.211411 1.487664 0.026267 0.200807 -1.120737
    42 1.218999 -0.000001 -0.000002 0.009657 -0.097110 -0.418532
    43 0.679999 0.000001 0.000000 -0.046659 -0.074298 0.258671
    44 3.698016 0.273718 0.726617 0.034897 0.071063 -1.319549
    45 1.748999 0.000000 -0.000002 0.001176 -0.027070 -0.241898
    46 0.959996 0.000000 0.000000 -0.018541 -0.034836 0.192740
    47 3.768499 0.151954 -0.072746 -0.003946 -0.092342 -1.220702
    48 2.037997 0.000002 -0.000003 -0.001719 0.004282 -0.627163
    49 1.066998 0.000000 -0.000001 0.003484 0.004641 0.331327
    50 3.783906 -0.023949 -0.794455 -0.088250 -0.262697 -1.078038
    51 1.629001 0.000002 0.000000 -0.022248 0.065603 -0.520574
    52 0.955999 0.000000 -0.000002 0.029109 0.063356 0.261184
    53 1.258940 -0.308543 -1.250054 1.289006 0.530147 -0.654402
    54 1.392999 0.000000 -0.000003 -0.001788 0.370555 0.932381
    55 1.099998 -0.000002 -0.000003 0.000000 -0.013127 -0.286815
    56 0.578998 0.704300 0.000000 0.000000 -1.570790 -3.044320
    57 2.577897 -4.075848 1.825547 1.570743 -1.473520 1.570850
    58 -2.577999 -4.075848 1.825549 1.570743 -1.473520 1.570850
    59 2.330669 -1.877754 0.104131 -1.861302 0.207908 -1.328386
  time 109
    0 -14.428183 -49.221485 23.296577 1.203781 -0.000534 1.571053
    1 0.001573 4.212781 -1.689849 1.575087 -0.257720 1.550626
    2 3.837410 0.000000 0.000000 0.000758 -0.041363 0.190520
    3 3.617862 0.000000 0.000000 -0.000859 0.066132 0.229184
    4 7.539774 0.000000 0.000000 0.000000 0.000000 0.155813
    5 3.178292 0.000001 0.000000 3.156754 0.022920 0.011465
    6 2.970271 0.000000 0.000001 0.015136 -0.022911 0.330419
    7 -0.000002 0.000001 0.000000 -1.570796 0.000000 -1.326450
    8 2.023705 0.907460 0.852577 3.310926 -1.240981 1.218802
    9 4.983657 -0.000003 0.000000 -2.195158 -0.758133 0.001331
    10 11.123049 -0.000003 0.000001 -0.000001 -0.000001 -1.226801
    11 11.208297 -0.000001 0.000013 1.588665 0.080635 0.675980
    12 2.676087 -1.712447 0.000003 1.570795 0.000000 1.570797
    13 2.023707 0.907463 -0.852527 -3.282730 1.193413 -5.232496
    14 4.983657 -0.000004 0.000000 1.886950 0.669358 -0.540045
    15 11.123040 -0.000006 -0.000006 0.000000 0.000001 -1.222229
    16 11.208287 0.000000 -0.000016 -1.109359 -0.162905 0.625476
    17 2.676081 -1.712434 -0.000003 -1.570797 -0.000001 -1.570797
    18 3.984014 -0.000005 -0.000003 -2.278923 -1.482717 -0.515811
    19 15.940006 0.000002 0.000000 0.000000 0.000000 1.151799
    20 17.709558 0.000004 0.000002 -0.415971 -0.117880 -1.331669
    21 6.203996 0.000000 0.000001 -0.011146 0.000934 -0.500515
    22 -3.984013 0.000007 0.000007 -3.621112 -1.506445 0.347852
    23 15.940015 0.000000 0.000000 0.000000 0.000000 1.252659
    24 17.709572 -0.000006 0.000001 0.159620 0.180795 -1.381853
    25 6.204001 0.000003 -0.000001 -0.078651 -0.006185 -0.498943
    26 3.549240 0.198821 -1.489462 -0.304294 -0.198235 -0.968474
    27 1.218999 -0.000001 0.000002 -0.043095 0.087582 -0.777375
    28 0.679998 -0.000001 -0.000001 -0.017346 0.085990 -0.502440
    29 3.698007 0.267555 -0.728972 -0.211652 0.143091 -0.723560
    30 1.749001 -0.000001 0.000003 -0.010353 0.025031 -0.591190
    31 0.959999 -0.000001 0.000001 -0.009857 0.038214 -0.549730
    32 3.768500 0.152546 0.071388 0.057470 0.072436 -0.591895
    33 2.037998 0.000001 0.000002 0.003086 -0.003420 -0.976347
    34 1.067001 0.000001 0.000002 0.000548 -0.005769 -0.410635
    35 3.783924 -0.017260 0.794558 0.352923 -0.003006 -0.513397
    36 1.629002 -0.000001 0.000003 0.043360 -0.054033 -0.870202
    37 0.956000 0.000000 0.000001 0.021379 -0.066353 -0.482369
    38 1.258965 -0.297983 1.252590 -1.305231 -0.451614 -1.088149
    39 1.393001 0.000001 0.000000 -0.006197 -0.032555 0.170203
    40 1.100002 0.000001 -0.000003 0.013482 0.024496 0.230267
    41 3.549266 0.211411 1.487664 0.026267 0.200807 -1.120737
    42 1.218999 -0.000001 -0.000002 0.009657 -0.097110 -0.418532
    43 0.679999 0.000001 0.000000 -0.046659 -0.074298 0.258671
    44 3.698016 0.273718 0.726617 0.034897 0.071063 -1.319549
    45 1.748999 0.000000 -0.000002 0.001176 -0.027070 -0.241898
    46 0.959996 0.000000 0.000000 -0.018541 -0.034836 0.192740
    47 3.768499 0.151954 -0.072746 -0.003946 -0.092342 -1.220702
    48 2.037997 0.000002 -0.000003 -0.001719 0.004282 -0.627163
    49 1.066998 0.000000 -0.000001 0.003484 0.004641 0.331327
    50 3.783906 -0.023949 -0.794455 -0.088250 -0.262697 -1.078038
    51 1.629001 0.000002 0.000000 -0.022248 0.065603 -0.520574
    52 0.955999 0.000000 -0.000002 0.029109 0.063356 0.261184
    53 1.258940 -0.308543 -1.250054 1.289006 0.530147 -0.654402
    54 1.392999 0.000000 -0.000003 -0.001788 0.370555 0.932381
    55 1.099998 -0.000002 -0.000003 0.000000 -0.013127 -0.286815
    56 0.578998 0.704300 0.000000 0.000000 -1.570790 -3.044320
    57 2.577897 -4.075848 1.825547 1.570743 -1.473520 1.570850
    58 -2.577999 -4.075848 1.825549 1.570743 -1.473520 1.570850
    59 2.330669 -1.877754 0.104131 -1.861302 0.207908 -1.328386
  time 110
    0 -14.429650 -49.221093 23.307130 1.204911 0.000009 1.570789
    1 0.001573 4.212781 -1.689849 1.573739 -0.244789 1.554521
    2 3.837410 0.000000 0.000000 0.000798 -0.054406 0.189715
    3 3.617862 0.000000 0.000000 -0.001012 0.067887 0.218196
    4 7.539774 0.000000 0.000000 0.000000 0.000000 0.155813
    5 3.178292 0.000001 0.000000 3.138568 0.033838 0.035078
    6 2.970271 0.000000 0.000001 -0.003002 -0.033824 0.306836
    7 -0.000002 0.000001 0.000000 -1.570796 0.000000 -1.326450
    8 2.023705 0.907460 0.852577 3.312363 -1.249835 1.228865
    9 4.983657 -0.000003 0.000000 -2.230792 -0.909661 0.160067
    10 11.123049 -0.000003 0.000001 -0.000001 -0.000001 -1.094082
    11 11.208297 -0.000001 0.000013 1.743687 -0.038436 0.799351
    12 2.676087 -1.712447 0.000003 1.570795 0.000000 1.570797
    13 2.023707 0.907463 -0.852527 -3.118807 1.256005 -5.029275
    14 4.983657 -0.000004 0.000000 1.890495 0.776959 -0.487499
    15 11.123040 -0.000006 -0.000006 0.000000 0.000001 -1.129288
    16 11.208287 0.000000 -0.000016 -1.132157 -0.170157 0.590156
    17 2.676081 -1.712434 -0.000003 -1.570797 -0.000001 -1.570797
    18 3.984014 -0.000005 -0.000003 -2.248923 -1.485770 -0.539671
    19 15.940006 0.000002 0.000000 0.000000 0.000000 1.151873
    20 17.709558 0.000004 0.000002 -0.420977 -0.122901 -1.331150
    21 6.203996 0.000000 0.000001 -0.011146 0.000934 -0.500515
    22 -3.984013 0.000007 0.000007 -3.676607 -1.511974 0.412634
    23 15.940015 0.000000 0.000000 0.000000 0.000000 1.252352
    24 17.709572 -0.000006 0.000001 0.151731 0.172964 -1.383327
    25 6.204001 0.000003 -0.000001 -0.078651 -0.006185 -0.498943
    26 3.549240 0.198821 -1.489462 -0.284643 -0.169064 -1.003228
    27 1.218999 -0.000001 0.000002 -0.049099 0.084382 -0.847130
    28 0.679998 -0.000001 -0.000001 -0.020060 0.085392 -0.534002
    29 3.698007 0.267555 -0.728972 -0.223749 0.156668 -0.787567
    30 1.749001 -0.000001 0.000003 -0.012273 0.024144 -0.669002
    31 0.959999 -0.000001 0.000001 -0.011693 0.037699 -0.597898
    32 3.768500 0.152546 0.071388 0.052553 0.076067 -0.658052
    33 2.037998 0.000001 0.000002 0.003331 -0.003181 -1.054164
    34 1.067001 0.000001 0.000002 0.000819 -0.005733 -0.458753
    35 3.783924 -0.017260 0.794558 0.354603 0.003447 -0.581361
    36 1.629002 -0.000001 0.000003 0.047429 -0.050506 -0.948020
    37 0.956000 0.000000 0.000001 0.024579 -0.065251 -0.530615
    38 1.258965 -0.297983 1.252590 -1.306469 -0.431880 -1.095165
    39 1.393001 0.000001 0.000000 0.000354 0.002006 0.136414
    40 1.100002 0.000001 -0.000003 0.007106 0.011043 0.285683
    41 3.549266 0.211411 1.487664 0.026267 0.200807 -1.120737
    42 1.218999 -0.000001 -0.000002 0.009657 -0.097110 -0.418532
    43 0.679999 0.000001 0.000000 -0.046659 -0.074298 0.258671
    44 3.698016 0.273718 0.726617 0.034897 0.071063 -1.319549
    45 1.748999 0.000000 -0.000002 0.001176 -0.027070 -0.241898
    46 0.959996 0.000000 0.000000 -0.018541 -0.034836 0.192740
    47 3.768499 0.151954 -0.072746 -0.003946 -0.092342 -1.220702
    48 2.037997 0.000002 -0.000003 -0.001719 0.004282 -0.627163
    49 1.066998 0.000000 -0.000001 0.003484 0.004641 0.331327
    50 3.783906 -0.023949 -0.794455 -0.088250 -0.262697 -1.078038
    51 1.629001 0.000002 0.000000 -0.022248 0.065603 -0.520574
    52 0.955999 0.000000 -0.000002 0.029109 0.063356 0.261184
    53 1.258940 -0.308543 -1.250054 1.289006 0.530147 -0.654402
    54 1.392999 0.000000 -0.000003 -0.001788 0.370555 0.932381
    55 1.099998 -0.000002 -0.000003 0.000000 -0.013127 -0.286815
    56 0.578998 0.704300 0.000000 0.000000 -1.570790 -3.044320
    57 2.577897 -4.075848 1.825547 1.570743 -1.473520 1.570850
    58 -2.577999 -4.075848 1.825549 1.570743 -1.473520 1.570850
    59 2.330669 -1.877754 0.104131 -1.861302 0.207908 -1.328386
  time 111
    0 -14.435331 -49.222581 23.307130 1.208676 -0.001756 1.571388
    1 0.001573 4.212781 -1.689849 1.571132 -0.238438 1.571992
    2 3.837410 0.000000 0.000000 0.000758 -0.067071 0.189452
    3 3.617862 0.000000 0.000000 -0.000884 0.059476 0.212643
    4 7.539774 0.000000 0.000000 0.000000 0.000000 0.155813
    5 3.178292 0.000001 0.000000 3.110378 0.048208 0.061836
    6 2.970271 0.000000 0.000001 -0.031203 -0.048210 0.279519
    7 -0.000002 0.000001 0.000000 -1.570796 0.000000 -1.326450
    8 2.023705 0.907460 0.852577 3.330373 -1.254460 1.217556
    9 4.983657 -0.000003 0.000000 -2.235473 -0.918894 0.207971
    10 11.123049 -0.000003 0.000001 -0.000001 -0.000001 -1.059498
    11 11.208297 -0.000001 0.000013 1.744646 -0.051423 0.797928
    12 2.676087 -1.712447 0.000003 1.570795 0.000000 1.570797
    13 2.023707 0.907463 -0.852527 -2.879860 1.298207 -4.747450
    14 4.983657 -0.000004 0.000000 1.858882 0.641240 -0.473795
    15 11.123040 -0.000006 -0.000006 0.000000 0.000001 -1.310999
    16 11.208287 0.000000 -0.000016 -1.343444 -0.249936 0.625257
    17 2.676081 -1.712434 -0.000003 -1.570797 -0.000001 -1.570797
    18 3.984014 -0.000005 -0.000003 -2.248157 -1.489456 -0.537850
    19 15.940006 0.000002 0.000000 0.000000 0.000000 1.151431
    20 17.709558 0.000004 0.000002 -0.424997 -0.127032 -1.330630
    21 6.203996 0.000000 0.000001 -0.011146 0.000934 -0.500515
    22 -3.984013 0.000007 0.000007 -3.808012 -1.516268 0.551875
    23 15.940015 0.000000 0.000000 0.000000 0.000000 1.252812
    24 17.709572 -0.000006 0.000001 0.143071 0.164202 -1.384752
    25 6.204001 0.000003 -0.000001 -0.078651 -0.006185 -0.498943
    26 3.549240 0.198821 -1.489462 -0.254622 -0.139444 -0.985705
    27 1.218999 -0.000001 0.000002 -0.054795 0.080786 -0.916259
    28 0.679998 -0.000001 -0.000001 -0.020363 0.085332 -0.537634
    29 3.698007 0.267555 -0.728972 -0.230798 0.145996 -0.834305
    30 1.749001 -0.000001 0.000003 -0.014328 0.022994 -0.755432
    31 0.959999 -0.000001 0.000001 -0.013157 0.037220 -0.636974
    32 3.768500 0.152546 0.071388 0.047718 0.079195 -0.720608
    33 2.037998 0.000001 0.000002 0.003597 -0.002881 -1.140599
    34 1.067001 0.000001 0.000002 0.001037 -0.005709 -0.497781
    35 3.783924 -0.017260 0.794558 0.353763 0.025106 -0.639931
    36 1.629002 -0.000001 0.000003 0.051616 -0.046224 -1.034429
    37 0.956000 0.000000 0.000001 0.027108 -0.064244 -0.569716
    38 1.258965 -0.297983 1.252590 -1.299553 -0.427723 -1.111803
    39 1.393001 0.000001 0.000000 0.000389 0.007736 0.158883
    40 1.100002 0.000001 -0.000003 -0.007119 -0.017202 0.343896
    41 3.549266 0.211411 1.487664 0.093944 0.169193 -0.883128
    42 1.218999 -0.000001 -0.000002 0.009465 -0.097134 -0.416628
    43 0.679999 0.000001 0.000000 -0.047858 -0.073531 0.274762
    44 3.698016 0.273718 0.726617 0.063252 0.049698 -1.087835
    45 1.748999 0.000000 -0.000002 0.001128 -0.027082 -0.239994
    46 0.959996 0.000000 0.000000 -0.019105 -0.034536 0.208794
    47 3.768499 0.151954 -0.072746 -0.024979 -0.088999 -0.989512
    48 2.037997 0.000002 -0.000003 -0.001719 0.004282 -0.625259
    49 1.066998 0.000000 -0.000001 0.003568 0.004582 0.347427
    50 3.783906 -0.023949 -0.794455 -0.158806 -0.224850 -0.842112
    51 1.629001 0.000002 0.000000 -0.022128 0.065641 -0.518671
    52 0.955999 0.000000 -0.000002 0.030140 0.062877 0.277300
    53 1.258940 -0.308543 -1.250054 1.289006 0.530147 -0.654402
    54 1.392999 0.000000 -0.000003 -0.001788 0.370555 0.932381
    55 1.099998 -0.000002 -0.000003 0.000000 -0.013127 -0.286815
    56 0.578998 0.704300 0.000000 0.000000 -1.570790 -3.044320
    57 2.577897 -4.075848 1.825547 1.570743 -1.473520 1.570850
    58 -2.577999 -4.075848 1.825549 1.570743 -1.473520 1.570850
    59 2.330669 -1.877754 0.104131 -1.861302 0.207908 -1.328386
  time 112
    0 -14.429727 -49.221728 23.307130 1.215170 -0.004156 1.572370
    1 0.001573 4.212781 -1.689849 1.567761 -0.237055 1.600764
    2 3.837410 0.000000 0.000000 0.000569 -0.078504 0.189534
    3 3.617862 0.000000 0.000000 -0.000499 0.041035 0.211515
    4 7.539774 0.000000 0.000000 0.000000 0.000000 0.155813
    5 3.178292 0.000001 0.000000 3.075547 0.064666 0.089612
    6 2.970271 0.000000 0.000001 -0.066041 -0.064668 0.250881
    7 -0.000002 0.000001 0.000000 -1.570796 0.000000 -1.326450
    8 2.023705 0.907460 0.852577 3.370800 -1.255370 1.179892
    9 4.983657 -0.000003 0.000000 -2.235664 -0.914988 0.233860
    10 11.123049 -0.000003 0.000001 -0.000001 -0.000001 -1.061519
    11 11.208297 -0.000001 0.000013 1.712433 -0.044754 0.795935
    12 2.676087 -1.712447 0.000003 1.570795 0.000000 1.570797
    13 2.023707 0.907463 -0.852527 -2.611726 1.312195 -4.436770
    14 4.983657 -0.000004 0.000000 1.859073 0.482512 -0.438449
    15 11.123040 -0.000006 -0.000006 0.000000 0.000001 -1.488793
    16 11.208287 0.000000 -0.000016 -1.561552 -0.294059 0.645106
    17 2.676081 -1.712434 -0.000003 -1.570797 -0.000001 -1.570797
    18 3.984014 -0.000005 -0.000003 -2.285057 -1.493850 -0.500384
    19 15.940006 0.000002 0.000000 0.000000 0.000000 1.150768
    20 17.709558 0.000004 0.000002 -0.428031 -0.130237 -1.330284
    21 6.203996 0.000000 0.000001 -0.011146 0.000934 -0.500515
    22 -3.984013 0.000007 0.000007 -3.994337 -1.517107 0.744590
    23 15.940015 0.000000 0.000000 0.000000 0.000000 1.253425
    24 17.709572 -0.000006 0.000001 0.134944 0.155889 -1.386030
    25 6.204001 0.000003 -0.000001 -0.078651 -0.006185 -0.498943
    26 3.549240 0.198821 -1.489462 -0.209549 -0.106046 -0.912304
    27 1.218999 -0.000001 0.000002 -0.060676 0.076460 -0.991288
    28 0.679998 -0.000001 -0.000001 -0.018185 0.085811 -0.512251
    29 3.698007 0.267555 -0.728972 -0.236303 0.136777 -0.873389
    30 1.749001 -0.000001 0.000003 -0.016615 0.021388 -0.859049
    31 0.959999 -0.000001 0.000001 -0.014387 0.036752 -0.670129
    32 3.768500 0.152546 0.071388 0.042490 0.082108 -0.785285
    33 2.037998 0.000001 0.000002 0.003882 -0.002486 -1.244219
    34 1.067001 0.000001 0.000002 0.001236 -0.005673 -0.530972
    35 3.783924 -0.017260 0.794558 0.351563 0.047414 -0.700514
    36 1.629002 -0.000001 0.000003 0.056101 -0.040640 -1.138019
    37 0.956000 0.000000 0.000001 0.029205 -0.063309 -0.602938
    38 1.258965 -0.297983 1.252590 -1.290032 -0.421779 -1.134833
    39 1.393001 0.000001 0.000000 0.000566 -0.016247 0.242565
    40 1.100002 0.000001 -0.000003 -0.030993 -0.063690 0.410502
    41 3.549266 0.211411 1.487664 0.141089 0.138879 -0.632391
    42 1.218999 -0.000001 -0.000002 0.008674 -0.097206 -0.408487
    43 0.679999 0.000001 0.000000 -0.049512 -0.072429 0.297615
    44 3.698016 0.273718 0.726617 0.078473 0.031608 -0.840199
    45 1.748999 0.000000 -0.000002 0.000900 -0.027082 -0.231847
    46 0.959996 0.000000 0.000000 -0.019884 -0.034093 0.231648
    47 3.768499 0.151954 -0.072746 -0.046036 -0.080178 -0.741521
    48 2.037997 0.000002 -0.000003 -0.001683 0.004294 -0.617165
    49 1.066998 0.000000 -0.000001 0.003664 0.004498 0.370228
    50 3.783906 -0.023949 -0.794455 -0.213582 -0.178306 -0.593475
    51 1.629001 0.000002 0.000000 -0.021589 0.065829 -0.510518
    52 0.955999 0.000000 -0.000002 0.031554 0.062170 0.300170
    53 1.258940 -0.308543 -1.250054 1.289006 0.530147 -0.654402
    54 1.392999 0.000000 -0.000003 -0.001788 0.370555 0.932381
    55 1.099998 -0.000002 -0.000003 0.000000 -0.013127 -0.286815
    56 0.578998 0.704300 0.000000 0.000000 -1.570790 -3.044320
    57 2.577897 -4.075848 1.825547 1.570743 -1.473520 1.570850
    58 -2.577999 -4.075848 1.825549 1.570743 -1.473520 1.570850
    59 2.330669 -1.877754 0.104131 -1.861302 0.207908 -1.328386
  time 113
    0 -14.427918 -49.222655 23.307130 1.222324 -0.007098 1.573447
    1 0.001573 4.212781 -1.689849 1.562817 -0.238627 1.632236
    2 3.837410 0.000000 0.000000 0.000245 -0.087853 0.189764
    3 3.617862 0.000000 0.000000 -0.000192 0.018450 0.213155
    4 7.539774 0.000000 0.000000 0.000000 0.000000 0.155813
    5 3.178292 0.000001 0.000000 3.037380 0.081805 0.116253
    6 2.970271 0.000000 0.000001 -0.104178 -0.081797 0.223245
    7 -0.000002 0.000001 0.000000 -1.570796 0.000000 -1.326450
    8 2.023705 0.907460 0.852577 3.423968 -1.253037 1.126894
    9 4.983657 -0.000003 0.000000 -2.231269 -0.901139 0.241797
    10 11.123049 -0.000003 0.000001 -0.000001 -0.000001 -1.085099
    11 11.208297 -0.000001 0.000013 1.664498 -0.028170 0.793161
    12 2.676087 -1.712447 0.000003 1.570795 0.000000 1.570797
    13 2.023707 0.907463 -0.852527 -2.397564 1.304703 -4.184948
    14 4.983657 -0.000004 0.000000 1.872868 0.314810 -0.410286
    15 11.123040 -0.000006 -0.000006 0.000000 0.000001 -1.629310
    16 11.208287 0.000000 -0.000016 -1.758837 -0.289427 0.617303
    17 2.676081 -1.712434 -0.000003 -1.570797 -0.000001 -1.570797
    18 3.984014 -0.000005 -0.000003 -2.342181 -1.497909 -0.444232
    19 15.940006 0.000002 0.000000 0.000000 0.000000 1.149957
    20 17.709558 0.000004 0.000002 -0.430154 -0.132552 -1.329938
    21 6.203996 0.000000 0.000001 -0.011146 0.000934 -0.500515
    22 -3.984013 0.000007 0.000007 -4.164176 -1.514442 0.918331
    23 15.940015 0.000000 0.000000 0.000000 0.000000 1.254115
    24 17.709572 -0.000006 0.000001 0.128775 0.149576 -1.386964
    25 6.204001 0.000003 -0.000001 -0.078651 -0.006185 -0.498943
    26 3.549240 0.198821 -1.489462 -0.152997 -0.069292 -0.807653
    27 1.218999 -0.000001 0.000002 -0.066480 0.071498 -1.069554
    28 0.679998 -0.000001 -0.000001 -0.014578 0.086499 -0.470253
    29 3.698007 0.267555 -0.728972 -0.240896 0.128406 -0.908120
    30 1.749001 -0.000001 0.000003 -0.018923 0.019363 -0.972566
    31 0.959999 -0.000001 0.000001 -0.015461 0.036309 -0.699989
    32 3.768500 0.152546 0.071388 0.036999 0.084720 -0.851196
    33 2.037998 0.000001 0.000002 0.004148 -0.002030 -1.357681
    34 1.067001 0.000001 0.000002 0.001399 -0.005637 -0.560785
    35 3.783924 -0.017260 0.794558 0.347924 0.069938 -0.762392
    36 1.629002 -0.000001 0.000003 0.060348 -0.034028 -1.251388
    37 0.956000 0.000000 0.000001 0.031085 -0.062410 -0.632769
    38 1.258965 -0.297983 1.252590 -1.279315 -0.414650 -1.161352
    39 1.393001 0.000001 0.000000 0.000779 -0.057277 0.361296
    40 1.100002 0.000001 -0.000003 -0.060355 -0.120607 0.481859
    41 3.549266 0.211411 1.487664 0.161685 0.121471 -0.420065
    42 1.218999 -0.000001 -0.000002 0.009094 -0.097170 -0.412875
    43 0.679999 0.000001 0.000000 -0.050195 -0.071961 0.306985
    44 3.698016 0.273718 0.726617 0.079911 0.023261 -0.627787
    45 1.748999 0.000000 -0.000002 0.001020 -0.027082 -0.236185
    46 0.959996 0.000000 0.000000 -0.020207 -0.033901 0.240983
    47 3.768499 0.151954 -0.072746 -0.061976 -0.068613 -0.527934
    48 2.037997 0.000002 -0.000003 -0.001707 0.004294 -0.621503
    49 1.066998 0.000000 -0.000001 0.003700 0.004462 0.379579
    50 3.783906 -0.023949 -0.794455 -0.242866 -0.137797 -0.382083
    51 1.629001 0.000002 0.000000 -0.021877 0.065741 -0.514866
    52 0.955999 0.000000 -0.000002 0.032129 0.061870 0.309531
    53 1.258940 -0.308543 -1.250054 1.289006 0.530147 -0.654402
    54 1.392999 0.000000 -0.000003 -0.001788 0.370555 0.932381
    55 1.099998 -0.000002 -0.000003 0.000000 -0.013127 -0.286815
    56 0.578998 0.704300 0.000000 0.000000 -1.570790 -3.044320
    57 2.577897 -4.075848 1.825547 1.570743 -1.473520 1.570850
    58 -2.577999 -4.075848 1.825549 1.570743 -1.473520 1.570850
    59 2.330669 -1.877754 0.104131 -1.861302 0.207908 -1.328386
  time 114
    0 -14.428816 -49.221669 23.307130 1.228065 -0.010312 1.574717
    1 0.001573 4.212781 -1.689849 1.555693 -0.241331 1.657806
    2 3.837410 0.000000 0.000000 -0.000242 -0.094280 0.189928
    3 3.617862 0.000000 0.000000 -0.000243 -0.002457 0.215958
    4 7.539774 0.000000 0.000000 0.000000 0.000000 0.155813
    5 3.178292 0.000001 0.000000 2.999271 0.098182 0.139575
    6 2.970271 0.000000 0.000001 -0.142314 -0.098196 0.198842
    7 -0.000002 0.000001 0.000000 -1.570796 0.000000 -1.326450
    8 2.023705 0.907460 0.852577 3.479148 -1.248175 1.070063
    9 4.983657 -0.000003 0.000000 -2.222958 -0.880695 0.237261
    10 11.123049 -0.000003 0.000001 -0.000001 -0.000001 -1.115640
    11 11.208297 -0.000001 0.000013 1.616563 -0.011411 0.790671
    12 2.676087 -1.712447 0.000003 1.570795 0.000000 1.570797
    13 2.023707 0.907463 -0.852527 -2.279096 1.292801 -4.038859
    14 4.983657 -0.000004 0.000000 1.883118 0.155700 -0.404521
    15 11.123040 -0.000006 -0.000006 0.000000 0.000001 -1.710941
    16 11.208287 0.000000 -0.000016 -1.910256 -0.237723 0.531410
    17 2.676081 -1.712434 -0.000003 -1.570797 -0.000001 -1.570797
    18 3.984014 -0.000005 -0.000003 -2.394512 -1.500553 -0.394213
    19 15.940006 0.000002 0.000000 0.000000 0.000000 1.149147
    20 17.709558 0.000004 0.000002 -0.431292 -0.133976 -1.329765
    21 6.203996 0.000000 0.000001 -0.011146 0.000934 -0.500515
    22 -3.984013 0.000007 0.000007 -4.262419 -1.510147 1.016078
    23 15.940015 0.000000 0.000000 0.000000 0.000000 1.254958
    24 17.709572 -0.000006 0.000001 0.125987 0.146713 -1.387357
    25 6.204001 0.000003 -0.000001 -0.078651 -0.006185 -0.498943
    26 3.549240 0.198821 -1.489462 -0.090150 -0.030583 -0.695799
    27 1.218999 -0.000001 0.000002 -0.071916 0.066021 -1.148604
    28 0.679998 -0.000001 -0.000001 -0.010579 0.087067 -0.424121
    29 3.698007 0.267555 -0.728972 -0.245069 0.120136 -0.941750
    30 1.749001 -0.000001 0.000003 -0.021055 0.017050 -1.088496
    31 0.959999 -0.000001 0.000001 -0.016515 0.035841 -0.728931
    32 3.768500 0.152546 0.071388 0.031328 0.086973 -0.917452
    33 2.037998 0.000001 0.000002 0.004332 -0.001539 -1.473591
    34 1.067001 0.000001 0.000002 0.001562 -0.005589 -0.589722
    35 3.783924 -0.017260 0.794558 0.342865 0.092307 -0.824748
    36 1.629002 -0.000001 0.000003 0.063861 -0.026828 -1.367133
    37 0.956000 0.000000 0.000001 0.032880 -0.061476 -0.661791
    38 1.258965 -0.297983 1.252590 -1.268385 -0.406984 -1.188679
    39 1.393001 0.000001 0.000000 0.001026 -0.102595 0.488711
    40 1.100002 0.000001 -0.000003 -0.091095 -0.180163 0.554325
    41 3.549266 0.211411 1.487664 0.165204 0.117672 -0.294477
    42 1.218999 -0.000001 -0.000002 0.012545 -0.096787 -0.448453
    43 0.679999 0.000001 0.000000 -0.048433 -0.073160 0.282709
    44 3.698016 0.273718 0.726617 0.075740 0.023053 -0.500769
    45 1.748999 0.000000 -0.000002 0.001979 -0.027022 -0.271628
    46 0.959996 0.000000 0.000000 -0.019368 -0.034380 0.216721
    47 3.768499 0.151954 -0.072746 -0.070245 -0.060128 -0.399632
    48 2.037997 0.000002 -0.000003 -0.001851 0.004222 -0.656946
    49 1.066998 0.000000 -0.000001 0.003592 0.004558 0.355284
    50 3.783906 -0.023949 -0.794455 -0.252179 -0.115407 -0.255907
    51 1.629001 0.000002 0.000000 -0.024190 0.064914 -0.550415
    52 0.955999 0.000000 -0.000002 0.030619 0.062637 0.285239
    53 1.258940 -0.308543 -1.250054 1.289006 0.530147 -0.654402
    54 1.392999 0.000000 -0.000003 -0.001788 0.370555 0.932381
    55 1.099998 -0.000002 -0.000003 0.000000 -0.013127 -0.286815
    56 0.578998 0.704300 0.000000 0.000000 -1.570790 -3.044320
    57 2.577897 -4.075848 1.825547 1.570743 -1.473520 1.570850
    58 -2.577999 -4.075848 1.825549 1.570743 -1.473520 1.570850
    59 2.330669 -1.877754 0.104131 -1.861302 0.207908 -1.328386
  time 115
    0 -14.433078 -49.222686 23.307130 1.230418 -0.013752 1.575986
    1 0.001573 4.212781 -1.689849 1.546074 -0.243573 1.668837
    2 3.837410 0.000000 0.000000 -0.000971 -0.096949 0.189846
    3 3.617862 0.000000 0.000000 -0.001012 -0.015800 0.218282
    4 7.539774 0.000000 0.000000 0.000000 0.000000 0.155813
    5 3.178292 0.000001 0.000000 2.964496 0.112452 0.157394
    6 2.970271 0.000000 0.000001 -0.177111 -0.112443 0.180130
    7 -0.000002 0.000001 0.000000 -1.570796 0.000000 -1.326450
    8 2.023705 0.907460 0.852577 3.527239 -1.242285 1.019844
    9 4.983657 -0.000003 0.000000 -2.210825 -0.856396 0.225545
    10 11.123049 -0.000003 0.000001 -0.000001 -0.000001 -1.140174
    11 11.208297 -0.000001 0.000013 1.585309 -0.002110 0.792236
    12 2.676087 -1.712447 0.000003 1.570795 0.000000 1.570797
    13 2.023707 0.907463 -0.852527 -2.233067 1.286400 -3.973963
    14 4.983657 -0.000004 0.000000 1.876604 0.036547 -0.409908
    15 11.123040 -0.000006 -0.000006 0.000000 0.000001 -1.719344
    16 11.208287 0.000000 -0.000016 -2.002436 -0.150318 0.407425
    17 2.676081 -1.712434 -0.000003 -1.570797 -0.000001 -1.570797
    18 3.984014 -0.000005 -0.000003 -2.411764 -1.501297 -0.380415
    19 15.940006 0.000002 0.000000 0.000000 0.000000 1.148189
    20 17.709558 0.000004 0.000002 -0.431520 -0.134439 -1.329678
    21 6.203996 0.000000 0.000001 -0.011146 0.000934 -0.500515
    22 -3.984013 0.000007 0.000007 -4.266252 -1.506593 1.013778
    23 15.940015 0.000000 0.000000 0.000000 0.000000 1.255878
    24 17.709572 -0.000006 0.000001 0.128182 0.148817 -1.387013
    25 6.204001 0.000003 -0.000001 -0.078651 -0.006185 -0.498943
    26 3.549240 0.198821 -1.489462 -0.029240 0.007439 -0.600250
    27 1.218999 -0.000001 0.000002 -0.076786 0.060269 -1.225982
    28 0.679998 -0.000001 -0.000001 -0.007276 0.087396 -0.386256
    29 3.698007 0.267555 -0.728972 -0.249172 0.111191 -0.977389
    30 1.749001 -0.000001 0.000003 -0.022820 0.014605 -1.199500
    31 0.959999 -0.000001 0.000001 -0.017608 0.035326 -0.759625
    32 3.768500 0.152546 0.071388 0.025559 0.088831 -0.983115
    33 2.037998 0.000001 0.000002 0.004495 -0.001048 -1.584657
    34 1.067001 0.000001 0.000002 0.001725 -0.005541 -0.620370
    35 3.783924 -0.017260 0.794558 0.336487 0.114121 -0.886769
    36 1.629002 -0.000001 0.000003 0.066441 -0.019587 -1.477943
    37 0.956000 0.000000 0.000001 0.034760 -0.060445 -0.692462
    38 1.258965 -0.297983 1.252590 -1.258480 -0.399609 -1.213986
    39 1.393001 0.000001 0.000000 0.001203 -0.139427 0.598645
    40 1.100002 0.000001 -0.000003 -0.119091 -0.234569 0.624350
    41 3.549266 0.211411 1.487664 0.158150 0.124651 -0.264332
    42 1.218999 -0.000001 -0.000002 0.018669 -0.095792 -0.512049
    43 0.679999 0.000001 0.000000 -0.043711 -0.076060 0.219489
    44 3.698016 0.273718 0.726617 0.069904 0.027780 -0.470461
    45 1.748999 0.000000 -0.000002 0.003693 -0.026842 -0.335001
    46 0.959996 0.000000 0.000000 -0.017163 -0.035531 0.153590
    47 3.768499 0.151954 -0.072746 -0.072055 -0.057947 -0.368920
    48 2.037997 0.000002 -0.000003 -0.002115 0.004103 -0.720268
    49 1.066998 0.000000 -0.000001 0.003305 0.004761 0.292185
    50 3.783906 -0.023949 -0.794455 -0.249547 -0.114200 -0.225043
    51 1.629001 0.000002 0.000000 -0.028252 0.063259 -0.613849
    52 0.955999 0.000000 -0.000002 0.026616 0.064447 0.222001
    53 1.258940 -0.308543 -1.250054 1.289006 0.530147 -0.654402
    54 1.392999 0.000000 -0.000003 -0.001788 0.370555 0.932381
    55 1.099998 -0.000002 -0.000003 0.000000 -0.013127 -0.286815
    56 0.578998 0.704300 0.000000 0.000000 -1.570790 -3.044320
    57 2.577897 -4.075848 1.825547 1.570743 -1.473520 1.570850
    58 -2.577999 -4.075848 1.825549 1.570743 -1.473520 1.570850
    59 2.330669 -1.877754 0.104131 -1.861302 0.207908 -1.328386
  time 116
    0 -14.439701 -49.221983 23.307130 1.227971 -0.017147 1.577351
    1 0.001573 4.212781 -1.689849 1.530635 -0.246235 1.659889
    2 3.837410 0.000000 0.000000 -0.002362 -0.089527 0.191127
    3 3.617862 0.000000 0.000000 -0.002680 -0.020126 0.220726
    4 7.539774 0.000000 0.000000 0.000000 0.000000 0.155813
    5 3.178292 0.000001 0.000000 2.928040 0.125638 0.167672
    6 2.970271 0.000000 0.000001 -0.213556 -0.125626 0.168930
    7 -0.000002 0.000001 0.000000 -1.570796 0.000000 -1.326450
    8 2.023705 0.907460 0.852577 3.560577 -1.237423 0.984768
    9 4.983657 -0.000003 0.000000 -2.193533 -0.813783 0.205325
    10 11.123049 -0.000003 0.000001 -0.000001 -0.000001 -1.172063
    11 11.208297 -0.000001 0.000013 1.568148 0.002936 0.803406
    12 2.676087 -1.712447 0.000003 1.570795 0.000000 1.570797
    13 2.023707 0.907463 -0.852527 -2.224455 1.284977 -3.950573
    14 4.983657 -0.000004 0.000000 1.844895 -0.018352 -0.402442
    15 11.123040 -0.000006 -0.000006 0.000000 0.000001 -1.652245
    16 11.208287 0.000000 -0.000016 -2.036723 -0.031282 0.271982
    17 2.676081 -1.712434 -0.000003 -1.570797 -0.000001 -1.570797
    18 3.984014 -0.000005 -0.000003 -2.374480 -1.499622 -0.422001
    19 15.940006 0.000002 0.000000 0.000000 0.000000 1.147231
    20 17.709558 0.000004 0.000002 -0.430837 -0.134047 -1.329678
    21 6.203996 0.000000 0.000001 -0.011146 0.000934 -0.500515
    22 -3.984013 0.000007 0.000007 -4.184496 -1.505211 0.921110
    23 15.940015 0.000000 0.000000 0.000000 0.000000 1.256721
    24 17.709572 -0.000006 0.000001 0.134648 0.155268 -1.385981
    25 6.204001 0.000003 -0.000001 -0.078651 -0.006185 -0.498943
    26 3.549240 0.198821 -1.489462 -0.029260 0.007439 -0.600250
    27 1.218999 -0.000001 0.000002 -0.076786 0.060269 -1.225982
    28 0.679998 -0.000001 -0.000001 -0.007276 0.087396 -0.386256
    29 3.698007 0.267555 -0.728972 -0.249172 0.111191 -0.977389
    30 1.749001 -0.000001 0.000003 -0.022820 0.014605 -1.199500
    31 0.959999 -0.000001 0.000001 -0.017608 0.035326 -0.759625
    32 3.768500 0.152546 0.071388 0.025559 0.088831 -0.983115
    33 2.037998 0.000001 0.000002 0.004495 -0.001048 -1.584657
    34 1.067001 0.000001 0.000002 0.001725 -0.005541 -0.620370
    35 3.783924 -0.017260 0.794558 0.336487 0.114121 -0.886769
    36 1.629002 -0.000001 0.000003 0.066441 -0.019587 -1.477943
    37 0.956000 0.000000 0.000001 0.034760 -0.060445 -0.692462
    38 1.258965 -0.297983 1.252590 -1.258480 -0.399609 -1.213986
    39 1.393001 0.000001 0.000000 0.001203 -0.139427 0.598645
    40 1.100002 0.000001 -0.000003 -0.119091 -0.234569 0.624350
    41 3.549266 0.211411 1.487664 0.144640 0.138280 -0.291657
    42 1.218999 -0.000001 -0.000002 0.025680 -0.094150 -0.586059
    43 0.679999 0.000001 0.000000 -0.036940 -0.079572 0.132309
    44 3.698016 0.273718 0.726617 0.062953 0.035311 -0.499080
    45 1.748999 0.000000 -0.000002 0.005658 -0.026494 -0.408690
    46 0.959996 0.000000 0.000000 -0.014011 -0.036897 0.066519
    47 3.768499 0.151954 -0.072746 -0.070341 -0.060020 -0.398026
    48 2.037997 0.000002 -0.000003 -0.002415 0.003935 -0.793959
    49 1.066998 0.000000 -0.000001 0.002873 0.005037 0.205176
    50 3.783906 -0.023949 -0.794455 -0.240649 -0.126331 -0.252193
    51 1.629001 0.000002 0.000000 -0.032831 0.060991 -0.687611
    52 0.955999 0.000000 -0.000002 0.020900 0.066520 0.134866
    53 1.258940 -0.308543 -1.250054 1.289006 0.530147 -0.654402
    54 1.392999 0.000000 -0.000003 -0.001788 0.370555 0.932381
    55 1.099998 -0.000002 -0.000003 0.000000 -0.013127 -0.286815
    56 0.578998 0.704300 0.000000 0.000000 -1.570790 -3.044320
    57 2.577897 -4.075848 1.825547 1.570743 -1.473520 1.570850
    58 -2.577999 -4.075848 1.825549 1.570743 -1.473520 1.570850
    59 2.330669 -1.877754 0.104131 -1.861302 0.207908 -1.328386
  time 117
    0 -14.434988 -49.222078 23.307130 1.222229 -0.020406 1.578525
    1 0.001573 4.212781 -1.689849 1.509734 -0.250343 1.636710
    2 3.837410 0.000000 0.000000 -0.004685 -0.070577 0.194643
    3 3.617862 0.000000 0.000000 -0.005027 -0.019355 0.224400
    4 7.539774 0.000000 0.000000 0.000000 0.000000 0.155813
    5 3.178292 0.000001 0.000000 2.887080 0.138784 0.171486
    6 2.970271 0.000000 0.000001 -0.254525 -0.138788 0.164150
    7 -0.000002 0.000001 0.000000 -1.570796 0.000000 -1.326450
    8 2.023705 0.907460 0.852577 3.572743 -1.235881 0.972405
    9 4.983657 -0.000003 0.000000 -2.176720 -0.751132 0.185483
    10 11.123049 -0.000003 0.000001 -0.000001 -0.000001 -1.212934
    11 11.208297 -0.000001 0.000013 1.550700 0.010789 0.816995
    12 2.676087 -1.712447 0.000003 1.570795 0.000000 1.570797
    13 2.023707 0.907463 -0.852527 -2.244742 1.288344 -3.959680
    14 4.983657 -0.000004 0.000000 1.792878 -0.016060 -0.380422
    15 11.123040 -0.000006 -0.000006 0.000000 0.000001 -1.531568
    16 11.208287 0.000000 -0.000016 -2.032773 0.108528 0.146975
    17 2.676081 -1.712434 -0.000003 -1.570797 -0.000001 -1.570797
    18 3.984014 -0.000005 -0.000003 -2.307005 -1.495786 -0.494539
    19 15.940006 0.000002 0.000000 0.000000 0.000000 1.146347
    20 17.709558 0.000004 0.000002 -0.429244 -0.132694 -1.329852
    21 6.203996 0.000000 0.000001 -0.011146 0.000934 -0.500515
    22 -3.984013 0.000007 0.000007 -4.048202 -1.504569 0.771423
    23 15.940015 0.000000 0.000000 0.000000 0.000000 1.257564
    24 17.709572 -0.000006 0.000001 0.143545 0.164099 -1.384556
    25 6.204001 0.000003 -0.000001 -0.078651 -0.006185 -0.498943
    26 3.549240 0.198821 -1.489462 -0.029240 0.007439 -0.600250
    27 1.218999 -0.000001 0.000002 -0.076786 0.060269 -1.225982
    28 0.679998 -0.000001 -0.000001 -0.007276 0.087396 -0.386256
    29 3.698007 0.267555 -0.728972 -0.249172 0.111191 -0.977389
    30 1.749001 -0.000001 0.000003 -0.022820 0.014605 -1.199500
    31 0.959999 -0.000001 0.000001 -0.017608 0.035326 -0.759625
    32 3.768500 0.152546 0.071388 0.025559 0.088831 -0.983115
    33 2.037998 0.000001 0.000002 0.004495 -0.001048 -1.584657
    34 1.067001 0.000001 0.000002 0.001725 -0.005541 -0.620370
    35 3.783924 -0.017260 0.794558 0.336487 0.114121 -0.886769
    36 1.629002 -0.000001 0.000003 0.066441 -0.019587 -1.477943
    37 0.956000 0.000000 0.000001 0.034760 -0.060445 -0.692462
    38 1.258965 -0.297983 1.252590 -1.258480 -0.399609 -1.213986
    39 1.393001 0.000001 0.000000 0.001203 -0.139427 0.598645
    40 1.100002 0.000001 -0.000003 -0.119091 -0.234569 0.624306
    41 3.549266 0.211411 1.487664 0.131852 0.151599 -0.353697
    42 1.218999 -0.000001 -0.000002 0.033266 -0.091753 -0.667734
    43 0.679999 0.000001 0.000000 -0.028718 -0.082891 0.031133
    44 3.698016 0.273718 0.726617 0.058207 0.042083 -0.562665
    45 1.748999 0.000000 -0.000002 0.007791 -0.025943 -0.490049
    46 0.959996 0.000000 0.000000 -0.010224 -0.038132 -0.034393
    47 3.768499 0.151954 -0.072746 -0.066338 -0.064418 -0.462392
    48 2.037997 0.000002 -0.000003 -0.002726 0.003731 -0.875267
    49 1.066998 0.000000 -0.000001 0.002358 0.005301 0.104333
    50 3.783906 -0.023949 -0.794455 -0.230163 -0.143878 -0.314234
    51 1.629001 0.000002 0.000000 -0.037684 0.058121 -0.769038
    52 0.955999 0.000000 -0.000002 0.014092 0.068282 0.033749
    53 1.258940 -0.308543 -1.250054 1.289006 0.530147 -0.654402
    54 1.392999 0.000000 -0.000003 -0.001788 0.370555 0.932381
    55 1.099998 -0.000002 -0.000003 0.000000 -0.013127 -0.286815
    56 0.578998 0.704300 0.000000 0.000000 -1.570790 -3.044320
    57 2.577897 -4.075848 1.825547 1.570743 -1.473520 1.570850
    58 -2.577999 -4.075848 1.825549 1.570743 -1.473520 1.570850
    59 2.330669 -1.877754 0.104131 -1.861302 0.207908 -1.328386
  time 118
    0 -14.432965 -49.224142 23.307130 1.214982 -0.023348 1.579699
    1 0.001573 4.212781 -1.689849 1.488676 -0.254723 1.607359
    2 3.837410 0.000000 0.000000 -0.007522 -0.046400 0.199029
    3 3.617862 0.000000 0.000000 -0.007771 -0.015664 0.228381
    4 7.539774 0.000000 0.000000 0.000000 0.000000 0.155813
    5 3.178292 0.000001 0.000000 2.848429 0.150364 0.171340
    6 2.970271 0.000000 0.000001 -0.293169 -0.150372 0.163285
    7 -0.000002 0.000001 0.000000 -1.570796 0.000000 -1.326450
    8 2.023705 0.907460 0.852577 3.564792 -1.237660 0.981318
    9 4.983657 -0.000003 0.000000 -2.162199 -0.684017 0.172066
    10 11.123049 -0.000003 0.000001 -0.000001 -0.000001 -1.250044
    11 11.208297 -0.000001 0.000013 1.533156 0.020090 0.827098
    12 2.676087 -1.712447 0.000003 1.570795 0.000000 1.570797
    13 2.023707 0.907463 -0.852527 -2.288665 1.295267 -3.995435
    14 4.983657 -0.000004 0.000000 1.735496 0.026713 -0.355850
    15 11.123040 -0.000006 -0.000006 0.000000 0.000001 -1.388018
    16 11.208287 0.000000 -0.000016 -2.008539 0.243801 0.049917
    17 2.676081 -1.712434 -0.000003 -1.570797 -0.000001 -1.570797
    18 3.984014 -0.000005 -0.000003 -2.241160 -1.490499 -0.566022
    19 15.940006 0.000002 0.000000 0.000000 0.000000 1.145610
    20 17.709558 0.000004 0.000002 -0.426817 -0.130415 -1.330111
    21 6.203996 0.000000 0.000001 -0.011146 0.000934 -0.500515
    22 -3.984013 0.000007 0.000007 -3.884784 -1.502249 0.592986
    23 15.940015 0.000000 0.000000 0.000000 0.000000 1.258330
    24 17.709572 -0.000006 0.000001 0.154282 0.174792 -1.382737
    25 6.204001 0.000003 -0.000001 -0.078651 -0.006185 -0.498943
    26 3.549240 0.198821 -1.489462 -0.029240 0.007439 -0.600250
    27 1.218999 -0.000001 0.000002 -0.076786 0.060269 -1.225982
    28 0.679998 -0.000001 -0.000001 -0.007276 0.087396 -0.386256
    29 3.698007 0.267555 -0.728972 -0.249172 0.111191 -0.977389
    30 1.749001 -0.000001 0.000003 -0.022820 0.014605 -1.199500
    31 0.959999 -0.000001 0.000001 -0.017608 0.035326 -0.759625
    32 3.768500 0.152546 0.071388 0.025559 0.088831 -0.983115
    33 2.037998 0.000001 0.000002 0.004495 -0.001048 -1.584657
    34 1.067001 0.000001 0.000002 0.001725 -0.005541 -0.620370
    35 3.783924 -0.017260 0.794558 0.336487 0.114121 -0.886769
    36 1.629002 -0.000001 0.000003 0.066441 -0.019587 -1.477943
    37 0.956000 0.000000 0.000001 0.034760 -0.060445 -0.692462
    38 1.258965 -0.297983 1.252590 -1.258480 -0.399609 -1.213986
    39 1.393001 0.000001 0.000000 0.001203 -0.139427 0.598645
    40 1.100002 0.000001 -0.000003 -0.119091 -0.234569 0.624350
    41 3.549266 0.211411 1.487664 0.126856 0.157691 -0.428184
    42 1.218999 -0.000001 -0.000002 0.041068 -0.088553 -0.754221
    43 0.679999 0.000001 0.000000 -0.019886 -0.085432 -0.073957
    44 3.698016 0.273718 0.726617 0.058986 0.044460 -0.637309
    45 1.748999 0.000000 -0.000002 0.009997 -0.025176 -0.576328
    46 0.959996 0.000000 0.000000 -0.006185 -0.038982 -0.139208
    47 3.768499 0.151954 -0.072746 -0.061316 -0.069212 -0.537565
    48 2.037997 0.000002 -0.000003 -0.003038 0.003479 -0.961496
    49 1.066998 0.000000 -0.000001 0.001783 0.005528 -0.000415
    50 3.783906 -0.023949 -0.794455 -0.222738 -0.158840 -0.388256
    51 1.629001 0.000002 0.000000 -0.042550 0.054662 -0.855356
    52 0.955999 0.000000 -0.000002 0.006866 0.069385 -0.071200
    53 1.258940 -0.308543 -1.250054 1.289006 0.530147 -0.654402
    54 1.392999 0.000000 -0.000003 -0.001788 0.370555 0.932381
    55 1.099998 -0.000002 -0.000003 0.000000 -0.013127 -0.286815
    56 0.578998 0.704300 0.000000 0.000000 -1.570790 -3.044320
    57 2.577897 -4.075848 1.825547 1.570743 -1.473520 1.570850
    58 -2.577999 -4.075848 1.825549 1.570743 -1.473520 1.570850
    59 2.330669 -1.877754 0.104131 -1.861302 0.207908 -1.328386
  time 119
    0 -14.432769 -49.224410 23.307130 1.208582 -0.025747 1.580585
    1 0.001573 4.212781 -1.689849 1.472563 -0.258286 1.579822
    2 3.837410 0.000000 0.000000 -0.010480 -0.023392 0.202971
    3 3.617862 0.000000 0.000000 -0.010593 -0.011246 0.231765
    4 7.539774 0.000000 0.000000 0.000000 0.000000 0.155813
    5 3.178292 0.000001 0.000000 2.818842 0.158854 0.169885
    6 2.970271 0.000000 0.000001 -0.322722 -0.158857 0.163876
    7 -0.000002 0.000001 0.000000 -1.570796 0.000000 -1.326450
    8 2.023705 0.907460 0.852577 3.543716 -1.240862 1.003552
    9 4.983657 -0.000003 0.000000 -2.149779 -0.626845 0.166397
    10 11.123049 -0.000003 0.000001 -0.000001 -0.000001 -1.275982
    11 11.208297 -0.000001 0.000013 1.516570 0.028909 0.831723
    12 2.676087 -1.712447 0.000003 1.570795 0.000000 1.570797
    13 2.023707 0.907463 -0.852527 -2.352110 1.304134 -4.053046
    14 4.983657 -0.000004 0.000000 1.690184 0.081134 -0.342524
    15 11.123040 -0.000006 -0.000006 0.000000 0.000001 -1.260517
    16 11.208287 0.000000 -0.000016 -1.981522 0.351139 -0.012258
    17 2.676081 -1.712434 -0.000003 -1.570797 -0.000001 -1.570797
    18 3.984014 -0.000005 -0.000003 -2.199947 -1.484876 -0.613454
    19 15.940006 0.000002 0.000000 0.000000 0.000000 1.144947
    20 17.709558 0.000004 0.000002 -0.423404 -0.127210 -1.330544
    21 6.203996 0.000000 0.000001 -0.011146 0.000934 -0.500515
    22 -3.984013 0.000007 0.000007 -3.735360 -1.496869 0.427679
    23 15.940015 0.000000 0.000000 0.000000 0.000000 1.258944
    24 17.709572 -0.000006 0.000001 0.166382 0.186728 -1.380526
    25 6.204001 0.000003 -0.000001 -0.078651 -0.006185 -0.498943
    26 3.549240 0.198821 -1.489462 -0.029240 0.007439 -0.600250
    27 1.218999 -0.000001 0.000002 -0.076786 0.060269 -1.225982
    28 0.679998 -0.000001 -0.000001 -0.007276 0.087396 -0.386256
    29 3.698007 0.267555 -0.728972 -0.249172 0.111191 -0.977389
    30 1.749001 -0.000001 0.000003 -0.022820 0.014605 -1.199500
    31 0.959999 -0.000001 0.000001 -0.017608 0.035326 -0.759625
    32 3.768500 0.152546 0.071388 0.025559 0.088831 -0.983115
    33 2.037998 0.000001 0.000002 0.004495 -0.001048 -1.584657
    34 1.067001 0.000001 0.000002 0.001725 -0.005541 -0.620370
    35 3.783924 -0.017260 0.794558 0.336487 0.114121 -0.886769
    36 1.629002 -0.000001 0.000003 0.066441 -0.019587 -1.477943
    37 0.956000 0.000000 0.000001 0.034760 -0.060445 -0.692462
    38 1.258965 -0.297983 1.252590 -1.258480 -0.399609 -1.213986
    39 1.393001 0.000001 0.000000 0.001203 -0.139427 0.598645
    40 1.100002 0.000001 -0.000003 -0.119091 -0.234569 0.624306
    41 3.549266 0.211411 1.487664 0.138811 0.147923 -0.493044
    42 1.218999 -0.000001 -0.000002 0.048727 -0.084586 -0.842874
    43 0.679999 0.000001 0.000000 -0.011365 -0.086978 -0.172880
    44 3.698016 0.273718 0.726617 0.069688 0.037564 -0.699461
    45 1.748999 0.000000 -0.000002 0.012190 -0.024193 -0.664723
    46 0.959996 0.000000 0.000000 -0.002326 -0.039402 -0.237867
    47 3.768499 0.151954 -0.072746 -0.056966 -0.072832 -0.598826
    48 2.037997 0.000002 -0.000003 -0.003337 0.003192 -1.049893
    49 1.066998 0.000000 -0.000001 0.001243 0.005672 -0.098993
    50 3.783906 -0.023949 -0.794455 -0.225013 -0.162616 -0.451239
    51 1.629001 0.000002 0.000000 -0.047212 0.050701 -0.943740
    52 0.955999 0.000000 -0.000002 -0.000001 0.069720 -0.170027
    53 1.258940 -0.308543 -1.250054 1.289006 0.530147 -0.654402
    54 1.392999 0.000000 -0.000003 -0.001788 0.370555 0.932381
    55 1.099998 -0.000002 -0.000003 0.000000 -0.013127 -0.286815
    56 0.578998 0.704300 0.000000 0.000000 -1.570790 -3.044320
    57 2.577897 -4.075848 1.825547 1.570743 -1.473520 1.570850
    58 -2.577999 -4.075848 1.825549 1.570743 -1.473520 1.570850
    59 2.330669 -1.877754 0.104131 -1.861302 0.207908 -1.328386
  time 120
    0 -14.434274 -49.222952 23.307130 1.204817 -0.027513 1.581279
    1 0.001573 4.212781 -1.689849 1.466225 -0.260172 1.562196
    2 3.837410 0.000000 0.000000 -0.013154 -0.007885 0.205123
    3 3.617862 0.000000 0.000000 -0.013222 -0.008311 0.233627
    4 7.539774 0.000000 0.000000 0.000000 0.000000 0.155813
    5 3.178292 0.000001 0.000000 2.805132 0.162707 0.169652
    6 2.970271 0.000000 0.000001 -0.336463 -0.162705 0.163558
    7 -0.000002 0.000001 0.000000 -1.570796 0.000000 -1.326450
    8 2.023705 0.907460 0.852577 3.511911 -1.244894 1.036616
    9 4.983657 -0.000003 0.000000 -2.140703 -0.593211 0.174901
    10 11.123049 -0.000003 0.000001 -0.000001 -0.000001 -1.286480
    11 11.208297 -0.000001 0.000013 1.500751 0.036367 0.831723
    12 2.676087 -1.712447 0.000003 1.570795 0.000000 1.570797
    13 2.023707 0.907463 -0.852527 -2.430674 1.313191 -4.127529
    14 4.983657 -0.000004 0.000000 1.672174 0.109585 -0.348762
    15 11.123040 -0.000006 -0.000006 0.000000 0.000001 -1.199420
    16 11.208287 0.000000 -0.000016 -1.970931 0.411311 -0.034224
    17 2.676081 -1.712434 -0.000003 -1.570797 -0.000001 -1.570797
    18 3.984014 -0.000005 -0.000003 -2.197263 -1.480408 -0.622652
    19 15.940006 0.000002 0.000000 0.000000 0.000000 1.144431
    20 17.709558 0.000004 0.000002 -0.419157 -0.123079 -1.331063
    21 6.203996 0.000000 0.000001 -0.011146 0.000934 -0.500515
    22 -3.984013 0.000007 0.000007 -3.636255 -1.488527 0.312491
    23 15.940015 0.000000 0.000000 0.000000 0.000000 1.259403
    24 17.709572 -0.000006 0.000001 0.179313 0.199422 -1.378020
    25 6.204001 0.000003 -0.000001 -0.078651 -0.006185 -0.498943
    26 3.549240 0.198821 -1.489462 -0.029240 0.007439 -0.600250
    27 1.218999 -0.000001 0.000002 -0.076786 0.060269 -1.225982
    28 0.679998 -0.000001 -0.000001 -0.007276 0.087396 -0.386256
    29 3.698007 0.267555 -0.728972 -0.249172 0.111191 -0.977389
    30 1.749001 -0.000001 0.000003 -0.022820 0.014605 -1.199500
    31 0.959999 -0.000001 0.000001 -0.017608 0.035326 -0.759625
    32 3.768500 0.152546 0.071388 0.025559 0.088831 -0.983115
    33 2.037998 0.000001 0.000002 0.004495 -0.001048 -1.584657
    34 1.067001 0.000001 0.000002 0.001725 -0.005541 -0.620370
    35 3.783924 -0.017260 0.794558 0.336487 0.114121 -0.886769
    36 1.629002 -0.000001 0.000003 0.066441 -0.019587 -1.477943
    37 0.956000 0.000000 0.000001 0.034760 -0.060445 -0.692462
    38 1.258965 -0.297983 1.252590 -1.258480 -0.399609 -1.213986
    39 1.393001 0.000001 0.000000 0.001203 -0.139427 0.598645
    40 1.100002 0.000001 -0.000003 -0.119091 -0.234569 0.624350
    41 3.549266 0.211411 1.487664 0.178274 0.113335 -0.555522
    42 1.218999 -0.000001 -0.000002 0.055965 -0.079984 -0.930841
    43 0.679999 0.000001 0.000000 -0.002592 -0.087661 -0.273344
    44 3.698016 0.273718 0.726617 0.096893 0.015798 -0.754958
    45 1.748999 0.000000 -0.000002 0.014251 -0.023031 -0.752536
    46 0.959996 0.000000 0.000000 0.001617 -0.039426 -0.338054
    47 3.768499 0.151954 -0.072746 -0.053059 -0.075720 -0.651367
    48 2.037997 0.000002 -0.000003 -0.003589 0.002880 -1.137708
    49 1.066998 0.000000 -0.000001 0.000680 0.005756 -0.199065
    50 3.783906 -0.023949 -0.794455 -0.242637 -0.151135 -0.509567
    51 1.629001 0.000002 0.000000 -0.051479 0.046365 -1.031526
    52 0.955999 0.000000 -0.000002 -0.006965 0.069373 -0.270354
    53 1.258940 -0.308543 -1.250054 1.289006 0.530147 -0.654402
    54 1.392999 0.000000 -0.000003 -0.001788 0.370555 0.932381
    55 1.099998 -0.000002 -0.000003 0.000000 -0.013127 -0.286815
    56 0.578998 0.704300 0.000000 0.000000 -1.570790 -3.044320
    57 2.577897 -4.075848 1.825547 1.570743 -1.473520 1.570850
    58 -2.577999 -4.075848 1.825549 1.570743 -1.473520 1.570850
    59 2.330669 -1.877754 0.104131 -1.861302 0.207908 -1.328386
  time 121
    0 -14.437855 -49.223707 23.307130 1.203405 -0.028735 1.581782
    1 0.001573 4.212781 -1.689849 1.473327 -0.260046 1.556488
    2 3.837410 0.000000 0.000000 -0.015761 -0.001095 0.205008
    3 3.617862 0.000000 0.000000 -0.015838 -0.006738 0.233508
    4 7.539774 0.000000 0.000000 0.000000 0.000000 0.155813
    5 3.178292 0.000001 0.000000 2.802310 0.163510 0.170904
    6 2.970271 0.000000 0.000001 -0.339254 -0.163495 0.161964
    7 -0.000002 0.000001 0.000000 -1.570796 0.000000 -1.326450
    8 2.023705 0.907460 0.852577 3.471867 -1.249163 1.078017
    9 4.983657 -0.000003 0.000000 -2.135545 -0.590827 0.197010
    10 11.123049 -0.000003 0.000001 -0.000001 -0.000001 -1.278227
    11 11.208297 -0.000001 0.000013 1.487425 0.041281 0.826600
    12 2.676087 -1.712447 0.000003 1.570795 0.000000 1.570797
    13 2.023707 0.907463 -0.852527 -2.518138 1.321110 -4.211981
    14 4.983657 -0.000004 0.000000 1.674665 0.102997 -0.370121
    15 11.123040 -0.000006 -0.000006 0.000000 0.000001 -1.190827
    16 11.208287 0.000000 -0.000016 -1.975060 0.436672 -0.036413
    17 2.676081 -1.712434 -0.000003 -1.570797 -0.000001 -1.570797
    18 3.984014 -0.000005 -0.000003 -2.230042 -1.476535 -0.597930
    19 15.940006 0.000002 0.000000 0.000000 0.000000 1.144137
    20 17.709558 0.000004 0.000002 -0.413316 -0.117203 -1.331756
    21 6.203996 0.000000 0.000001 -0.011146 0.000934 -0.500515
    22 -3.984013 0.000007 0.000007 -3.580569 -1.478654 0.241001
    23 15.940015 0.000000 0.000000 0.000000 0.000000 1.259710
    24 17.709572 -0.000006 0.000001 0.192541 0.212289 -1.375317
    25 6.204001 0.000003 -0.000001 -0.078651 -0.006185 -0.498943
    26 3.549240 0.198821 -1.489462 -0.029240 0.007439 -0.600250
    27 1.218999 -0.000001 0.000002 -0.076786 0.060269 -1.225982
    28 0.679998 -0.000001 -0.000001 -0.007276 0.087396 -0.386256
    29 3.698007 0.267555 -0.728972 -0.249172 0.111191 -0.977389
    30 1.749001 -0.000001 0.000003 -0.022820 0.014605 -1.199500
    31 0.959999 -0.000001 0.000001 -0.017608 0.035326 -0.759625
    32 3.768500 0.152546 0.071388 0.025559 0.088831 -0.983115
    33 2.037998 0.000001 0.000002 0.004495 -0.001048 -1.584657
    34 1.067001 0.000001 0.000002 0.001725 -0.005541 -0.620370
    35 3.783924 -0.017260 0.794558 0.336487 0.114121 -0.886769
    36 1.629002 -0.000001 0.000003 0.066441 -0.019587 -1.477943
    37 0.956000 0.000000 0.000001 0.034760 -0.060445 -0.692462
    38 1.258965 -0.297983 1.252590 -1.258480 -0.399609 -1.213986
    39 1.393001 0.000001 0.000000 0.001203 -0.139427 0.598645
    40 1.100002 0.000001 -0.000003 -0.119091 -0.234569 0.624350
    41 3.549266 0.211411 1.487664 0.239495 0.059997 -0.631127
    42 1.218999 -0.000001 -0.000002 0.062509 -0.074975 -1.015424
    43 0.679999 0.000001 0.000000 0.006912 -0.087434 -0.382111
    44 3.698016 0.273718 0.726617 0.137485 -0.017341 -0.820233
    45 1.748999 0.000000 -0.000002 0.016145 -0.021760 -0.837016
    46 0.959996 0.000000 0.000000 0.005871 -0.039030 -0.446450
    47 3.768499 0.151954 -0.072746 -0.048409 -0.078776 -0.711666
    48 2.037997 0.000002 -0.000003 -0.003829 0.002581 -1.222190
    49 1.066998 0.000000 -0.000001 0.000009 0.005792 -0.307429
    50 3.783906 -0.023949 -0.794455 -0.270705 -0.130076 -0.578670
    51 1.629001 0.000002 0.000000 -0.055206 0.041853 -1.115996
    52 0.955999 0.000000 -0.000002 -0.014443 0.068210 -0.378937
    53 1.258940 -0.308543 -1.250054 1.289006 0.530147 -0.654402
    54 1.392999 0.000000 -0.000003 -0.001788 0.370555 0.932381
    55 1.099998 -0.000002 -0.000003 0.000000 -0.013127 -0.286815
    56 0.578998 0.704300 0.000000 0.000000 -1.570790 -3.044320
    57 2.577897 -4.075848 1.825547 1.570743 -1.473520 1.570850
    58 -2.577999 -4.075848 1.825549 1.570743 -1.473520 1.570850
    59 2.330669 -1.877754 0.104131 -1.861302 0.207908 -1.328386
  time 122
    0 -14.429092 -49.224501 23.307130 1.202558 -0.029685 1.582189
    1 0.001573 4.212781 -1.689849 1.490519 -0.258558 1.557298
    2 3.837410 0.000000 0.000000 -0.018557 0.001211 0.203497
    3 3.617862 0.000000 0.000000 -0.018621 -0.005059 0.232021
    4 7.539774 0.000000 0.000000 0.000000 0.000000 0.155813
    5 3.178292 0.000001 0.000000 2.801027 0.163831 0.171893
    6 2.970271 0.000000 0.000001 -0.340565 -0.163811 0.160781
    7 -0.000002 0.000001 0.000000 -1.570796 0.000000 -1.326450
    8 2.023705 0.907460 0.852577 3.426650 -1.253116 1.124690
    9 4.983657 -0.000003 0.000000 -2.133347 -0.611322 0.225167
    10 11.123049 -0.000003 0.000001 -0.000001 -0.000001 -1.254984
    11 11.208297 -0.000001 0.000013 1.477742 0.043694 0.816426
    12 2.676087 -1.712447 0.000003 1.570795 0.000000 1.570797
    13 2.023707 0.907463 -0.852527 -2.605889 1.327132 -4.297199
    14 4.983657 -0.000004 0.000000 1.680700 0.083520 -0.395921
    15 11.123040 -0.000006 -0.000006 0.000000 0.000001 -1.184446
    16 11.208287 0.000000 -0.000016 -1.979009 0.451739 -0.042762
    17 2.676081 -1.712434 -0.000003 -1.570797 -0.000001 -1.570797
    18 3.984014 -0.000005 -0.000003 -2.281990 -1.471844 -0.556056
    19 15.940006 0.000002 0.000000 0.000000 0.000000 1.143842
    20 17.709558 0.000004 0.000002 -0.405277 -0.109155 -1.332621
    21 6.203996 0.000000 0.000001 -0.011146 0.000934 -0.500515
    22 -3.984013 0.000007 0.000007 -3.542518 -1.468634 0.187720
    23 15.940015 0.000000 0.000000 0.000000 0.000000 1.259940
    24 17.709572 -0.000006 0.000001 0.205532 0.224880 -1.372516
    25 6.204001 0.000003 -0.000001 -0.078651 -0.006185 -0.498943
    26 3.549240 0.198821 -1.489462 -0.029260 0.007439 -0.600250
    27 1.218999 -0.000001 0.000002 -0.076786 0.060269 -1.225982
    28 0.679998 -0.000001 -0.000001 -0.007276 0.087396 -0.386256
    29 3.698007 0.267555 -0.728972 -0.249172 0.111191 -0.977389
    30 1.749001 -0.000001 0.000003 -0.022820 0.014605 -1.199500
    31 0.959999 -0.000001 0.000001 -0.017608 0.035326 -0.759625
    32 3.768500 0.152546 0.071388 0.025559 0.088831 -0.983115
    33 2.037998 0.000001 0.000002 0.004495 -0.001048 -1.584657
    34 1.067001 0.000001 0.000002 0.001725 -0.005541 -0.620370
    35 3.783924 -0.017260 0.794558 0.336487 0.114121 -0.886769
    36 1.629002 -0.000001 0.000003 0.066441 -0.019587 -1.477943
    37 0.956000 0.000000 0.000001 0.034760 -0.060445 -0.692462
    38 1.258965 -0.297983 1.252590 -1.258480 -0.399609 -1.213986
    39 1.393001 0.000001 0.000000 0.001203 -0.139427 0.598645
    40 1.100002 0.000001 -0.000003 -0.119091 -0.234569 0.624350
    41 3.549266 0.211411 1.487664 0.309027 0.000444 -0.708969
    42 1.218999 -0.000001 -0.000002 0.068190 -0.069857 -1.093875
    43 0.679999 0.000001 0.000000 0.016068 -0.086235 -0.487518
    44 3.698016 0.273718 0.726617 0.182463 -0.054074 -0.886634
    45 1.748999 0.000000 -0.000002 0.017799 -0.020418 -0.915466
    46 0.959996 0.000000 0.000000 0.009934 -0.038191 -0.551547
    47 3.768499 0.151954 -0.072746 -0.043591 -0.081532 -0.771911
    48 2.037997 0.000002 -0.000003 -0.004008 0.002269 -1.300589
    49 1.066998 0.000000 -0.000001 -0.000554 0.005768 -0.412418
    50 3.783906 -0.023949 -0.794455 -0.302120 -0.105086 -0.648768
    51 1.629001 0.000002 0.000000 -0.058310 0.037404 -1.194378
    52 0.955999 0.000000 -0.000002 -0.021526 0.066317 -0.484162
    53 1.258940 -0.308543 -1.250054 1.289006 0.530147 -0.654402
    54 1.392999 0.000000 -0.000003 -0.001788 0.370555 0.932381
    55 1.099998 -0.000002 -0.000003 0.000000 -0.013127 -0.286815
    56 0.578998 0.704300 0.000000 0.000000 -1.570790 -3.044320
    57 2.577897 -4.075848 1.825547 1.570743 -1.473520 1.570850
    58 -2.577999 -4.075848 1.825549 1.570743 -1.473520 1.570850
    59 2.330669 -1.877754 0.104131 -1.861302 0.207908 -1.328386
  time 123
    0 -14.435632 -49.225864 23.307130 1.202181 -0.030409 1.582404
    1 0.001573 4.212781 -1.689849 1.512139 -0.256399 1.561695
    2 3.837410 0.000000 0.000000 -0.021245 0.000864 0.201345
    3 3.617862 0.000000 0.000000 -0.021302 -0.003455 0.229851
    4 7.539774 0.000000 0.000000 0.000000 0.000000 0.155813
    5 3.178292 0.000001 0.000000 2.801113 0.163771 0.172301
    6 2.970271 0.000000 0.000001 -0.340480 -0.163751 0.160371
    7 -0.000002 0.000001 0.000000 -1.570796 0.000000 -1.326450
    8 2.023705 0.907460 0.852577 3.379134 -1.256437 1.173471
    9 4.983657 -0.000003 0.000000 -2.134016 -0.643231 0.255875
    10 11.123049 -0.000003 0.000001 -0.000001 -0.000001 -1.224219
    11 11.208297 -0.000001 0.000013 1.470840 0.044791 0.803691
    12 2.676087 -1.712447 0.000003 1.570795 0.000000 1.570797
    13 2.023707 0.907463 -0.852527 -2.683688 1.331210 -4.372641
    14 4.983657 -0.000004 0.000000 1.688843 0.059747 -0.421627
    15 11.123040 -0.000006 -0.000006 0.000000 0.000001 -1.179581
    16 11.208287 0.000000 -0.000016 -1.982510 0.457962 -0.051227
    17 2.676081 -1.712434 -0.000003 -1.570797 -0.000001 -1.570797
    18 3.984014 -0.000005 -0.000003 -2.345823 -1.466258 -0.504025
    19 15.940006 0.000002 0.000000 0.000000 0.000000 1.143621
    20 17.709558 0.000004 0.000002 -0.395568 -0.099327 -1.333659
    21 6.203996 0.000000 0.000001 -0.011146 0.000934 -0.500515
    22 -3.984013 0.000007 0.000007 -3.517598 -1.459008 0.148717
    23 15.940015 0.000000 0.000000 0.000000 0.000000 1.260093
    24 17.709572 -0.000006 0.000001 0.217810 0.236644 -1.369714
    25 6.204001 0.000003 -0.000001 -0.078651 -0.006185 -0.498943
    26 3.549240 0.198821 -1.489462 -0.029240 0.007439 -0.600250
    27 1.218999 -0.000001 0.000002 -0.076786 0.060269 -1.225982
    28 0.679998 -0.000001 -0.000001 -0.007276 0.087396 -0.386256
    29 3.698007 0.267555 -0.728972 -0.249172 0.111191 -0.977389
    30 1.749001 -0.000001 0.000003 -0.022820 0.014605 -1.199500
    31 0.959999 -0.000001 0.000001 -0.017608 0.035326 -0.759625
    32 3.768500 0.152546 0.071388 0.025559 0.088831 -0.983115
    33 2.037998 0.000001 0.000002 0.004495 -0.001048 -1.584657
    34 1.067001 0.000001 0.000002 0.001725 -0.005541 -0.620370
    35 3.783924 -0.017260 0.794558 0.336487 0.114121 -0.886769
    36 1.629002 -0.000001 0.000003 0.066441 -0.019587 -1.477943
    37 0.956000 0.000000 0.000001 0.034760 -0.060445 -0.692462
    38 1.258965 -0.297983 1.252590 -1.258480 -0.399609 -1.213986
    39 1.393001 0.000001 0.000000 0.001203 -0.139427 0.598645
    40 1.100002 0.000001 -0.000003 -0.119091 -0.234569 0.624350
    41 3.549266 0.211411 1.487664 0.372792 -0.053225 -0.777913
    42 1.218999 -0.000001 -0.000002 0.072888 -0.064944 -1.163497
    43 0.679999 0.000001 0.000000 0.023786 -0.084437 -0.577980
    44 3.698016 0.273718 0.726617 0.222947 -0.087020 -0.945049
    45 1.748999 0.000000 -0.000002 0.019189 -0.019124 -0.985082
    46 0.959996 0.000000 0.000000 0.013338 -0.037149 -0.641756
    47 3.768499 0.151954 -0.072746 -0.039265 -0.083702 -0.824238
    48 2.037997 0.000002 -0.000003 -0.004164 0.001981 -1.370259
    49 1.066998 0.000000 -0.000001 -0.001070 0.005696 -0.502608
    50 3.783906 -0.023949 -0.794455 -0.330231 -0.081907 -0.709921
    51 1.629001 0.000002 0.000000 -0.060767 0.033255 -1.263900
    52 0.955999 0.000000 -0.000002 -0.027410 0.064112 -0.574496
    53 1.258940 -0.308543 -1.250054 1.289006 0.530147 -0.654402
    54 1.392999 0.000000 -0.000003 -0.001788 0.370555 0.932381
    55 1.099998 -0.000002 -0.000003 0.000000 -0.013127 -0.286815
    56 0.578998 0.704300 0.000000 0.000000 -1.570790 -3.044320
    57 2.577897 -4.075848 1.825547 1.570743 -1.473520 1.570850
    58 -2.577999 -4.075848 1.825549 1.570743 -1.473520 1.570850
    59 2.330669 -1.877754 0.104131 -1.861302 0.207908 -1.328386
  time 124
    0 -14.429437 -49.227062 23.307130 1.202276 -0.030817 1.582523
    1 0.001573 4.212781 -1.689849 1.532500 -0.254283 1.566824
    2 3.837410 0.000000 0.000000 -0.023541 -0.000368 0.199226
    3 3.617862 0.000000 0.000000 -0.023610 -0.002094 0.227749
    4 7.539774 0.000000 0.000000 0.000000 0.000000 0.155813
    5 3.178292 0.000001 0.000000 2.802510 0.163370 0.171690
    6 2.970271 0.000000 0.000001 -0.339085 -0.163376 0.161145
    7 -0.000002 0.000001 0.000000 -1.570796 0.000000 -1.326450
    8 2.023705 0.907460 0.852577 3.333055 -1.258848 1.220815
    9 4.983657 -0.000003 0.000000 -2.136596 -0.674886 0.285638
    10 11.123049 -0.000003 0.000001 -0.000001 -0.000001 -1.194183
    11 11.208297 -0.000001 0.000013 1.465854 0.045668 0.791240
    12 2.676087 -1.712447 0.000003 1.570795 0.000000 1.570797
    13 2.023707 0.907463 -0.852527 -2.740817 1.334055 -4.426993
    14 4.983657 -0.000004 0.000000 1.697177 0.039650 -0.442419
    15 11.123040 -0.000006 -0.000006 0.000000 0.000001 -1.176169
    16 11.208287 0.000000 -0.000016 -1.985382 0.457026 -0.059474
    17 2.676081 -1.712434 -0.000003 -1.570797 -0.000001 -1.570797
    18 3.984014 -0.000005 -0.000003 -2.414927 -1.459779 -0.447873
    19 15.940006 0.000002 0.000000 0.000000 0.000000 1.143547
    20 17.709558 0.000004 0.000002 -0.384571 -0.088181 -1.334698
    21 6.203996 0.000000 0.000001 -0.011146 0.000934 -0.500515
    22 -3.984013 0.000007 0.000007 -3.501975 -1.450321 0.120638
    23 15.940015 0.000000 0.000000 0.000000 0.000000 1.260246
    24 17.709572 -0.000006 0.000001 0.228843 0.247130 -1.367061
    25 6.204001 0.000003 -0.000001 -0.078651 -0.006185 -0.498943
    26 3.549240 0.198821 -1.489462 -0.029240 0.007439 -0.600250
    27 1.218999 -0.000001 0.000002 -0.076786 0.060269 -1.225982
    28 0.679998 -0.000001 -0.000001 -0.007276 0.087396 -0.386256
    29 3.698007 0.267555 -0.728972 -0.249172 0.111191 -0.977389
    30 1.749001 -0.000001 0.000003 -0.022820 0.014605 -1.199500
    31 0.959999 -0.000001 0.000001 -0.017608 0.035326 -0.759625
    32 3.768500 0.152546 0.071388 0.025559 0.088831 -0.983115
    33 2.037998 0.000001 0.000002 0.004495 -0.001048 -1.584657
    34 1.067001 0.000001 0.000002 0.001725 -0.005541 -0.620370
    35 3.783924 -0.017260 0.794558 0.336487 0.114121 -0.886769
    36 1.629002 -0.000001 0.000003 0.066441 -0.019587 -1.477943
    37 0.956000 0.000000 0.000001 0.034760 -0.060445 -0.692462
    38 1.258965 -0.297983 1.252590 -1.258480 -0.399609 -1.213986
    39 1.393001 0.000001 0.000000 0.001203 -0.139427 0.598645
    40 1.100002 0.000001 -0.000003 -0.119091 -0.234569 0.624306
    41 3.549266 0.211411 1.487664 0.416041 -0.089093 -0.826242
    42 1.218999 -0.000001 -0.000002 0.076519 -0.060605 -1.221542
    43 0.679999 0.000001 0.000000 0.029119 -0.082748 -0.641951
    44 3.698016 0.273718 0.726617 0.250128 -0.108993 -0.986108
    45 1.748999 0.000000 -0.000002 0.020255 -0.017985 -1.043218
    46 0.959996 0.000000 0.000000 0.015675 -0.036226 -0.705571
    47 3.768499 0.151954 -0.072746 -0.036173 -0.085080 -0.860942
    48 2.037997 0.000002 -0.000003 -0.004272 0.001742 -1.428344
    49 1.066998 0.000000 -0.000001 -0.001429 0.005624 -0.566382
    50 3.783906 -0.023949 -0.794455 -0.348600 -0.066341 -0.752502
    51 1.629001 0.000002 0.000000 -0.062588 0.029671 -1.321899
    52 0.955999 0.000000 -0.000002 -0.031449 0.062230 -0.638366
    53 1.258940 -0.308543 -1.250054 1.289006 0.530147 -0.654402
    54 1.392999 0.000000 -0.000003 -0.001788 0.370555 0.932381
    55 1.099998 -0.000002 -0.000003 0.000000 -0.013127 -0.286815
    56 0.578998 0.704300 0.000000 0.000000 -1.570790 -3.044320
    57 2.577897 -4.075848 1.825547 1.570743 -1.473520 1.570850
    58 -2.577999 -4.075848 1.825549 1.570743 -1.473520 1.570850
    59 2.330669 -1.877754 0.104131 -1.861302 0.207908 -1.328386
  time 125
    0 -14.437813 -49.225383 23.307130 1.202558 -0.030953 1.582643
    1 0.001573 4.212781 -1.689849 1.545872 -0.252962 1.569640
    2 3.837410 0.000000 0.000000 -0.025175 -0.000700 0.197895
    3 3.617862 0.000000 0.000000 -0.025252 -0.001126 0.226399
    4 7.539774 0.000000 0.000000 0.000000 0.000000 0.155813
    5 3.178292 0.000001 0.000000 2.805132 0.162707 0.169652
    6 2.970271 0.000000 0.000001 -0.336463 -0.162705 0.163558
    7 -0.000002 0.000001 0.000000 -1.570796 0.000000 -1.326450
    8 2.023705 0.907460 0.852577 3.291958 -1.260469 1.263079
    9 4.983657 -0.000003 0.000000 -2.139557 -0.694467 0.310015
    10 11.123049 -0.000003 0.000001 -0.000001 -0.000001 -1.174365
    11 11.208297 -0.000001 0.000013 1.462020 0.047335 0.783129
    12 2.676087 -1.712447 0.000003 1.570795 0.000000 1.570797
    13 2.023707 0.907463 -0.852527 -2.767037 1.336615 -4.449520
    14 4.983657 -0.000004 0.000000 1.704074 0.030770 -0.453571
    15 11.123040 -0.000006 -0.000006 0.000000 0.000001 -1.175032
    16 11.208287 0.000000 -0.000016 -1.987267 0.450475 -0.064801
    17 2.676081 -1.712434 -0.000003 -1.570797 -0.000001 -1.570797
    18 3.984014 -0.000005 -0.000003 -2.484127 -1.452518 -0.392297
    19 15.940006 0.000002 0.000000 0.000000 0.000000 1.143473
    20 17.709558 0.000004 0.000002 -0.372739 -0.076180 -1.335650
    21 6.203996 0.000000 0.000001 -0.011146 0.000934 -0.500515
    22 -3.984013 0.000007 0.000007 -3.493061 -1.443015 0.101568
    23 15.940015 0.000000 0.000000 0.000000 0.000000 1.260246
    24 17.709572 -0.000006 0.000001 0.238097 0.255892 -1.364751
    25 6.204001 0.000003 -0.000001 -0.078651 -0.006185 -0.498943
    26 3.549240 0.198821 -1.489462 -0.029260 0.007439 -0.600250
    27 1.218999 -0.000001 0.000002 -0.076786 0.060269 -1.225982
    28 0.679998 -0.000001 -0.000001 -0.007276 0.087396 -0.386256
    29 3.698007 0.267555 -0.728972 -0.249172 0.111191 -0.977389
    30 1.749001 -0.000001 0.000003 -0.022820 0.014605 -1.199500
    31 0.959999 -0.000001 0.000001 -0.017608 0.035326 -0.759625
    32 3.768500 0.152546 0.071388 0.025559 0.088831 -0.983115
    33 2.037998 0.000001 0.000002 0.004495 -0.001048 -1.584657
    34 1.067001 0.000001 0.000002 0.001725 -0.005541 -0.620370
    35 3.783924 -0.017260 0.794558 0.336487 0.114121 -0.886769
    36 1.629002 -0.000001 0.000003 0.066441 -0.019587 -1.477943
    37 0.956000 0.000000 0.000001 0.034760 -0.060445 -0.692462
    38 1.258965 -0.297983 1.252590 -1.258480 -0.399609 -1.213986
    39 1.393001 0.000001 0.000000 0.001203 -0.139427 0.598645
    40 1.100002 0.000001 -0.000003 -0.119091 -0.234569 0.624350
    41 3.549266 0.211411 1.487664 0.433919 -0.103816 -0.848121
    42 1.218999 -0.000001 -0.000002 0.078472 -0.058052 -1.254424
    43 0.679999 0.000001 0.000000 0.031588 -0.081837 -0.671960
    44 3.698016 0.273718 0.726617 0.261370 -0.118017 -1.004795
    45 1.748999 0.000000 -0.000002 0.020831 -0.017302 -1.076122
    46 0.959996 0.000000 0.000000 0.016753 -0.035735 -0.735506
    47 3.768499 0.151954 -0.072746 -0.034747 -0.085667 -0.877742
    48 2.037997 0.000002 -0.000003 -0.004320 0.001586 -1.461249
    49 1.066998 0.000000 -0.000001 -0.001609 0.005576 -0.596269
    50 3.783906 -0.023949 -0.794455 -0.355867 -0.060090 -0.771701
    51 1.629001 0.000002 0.000000 -0.063535 0.027603 -1.354785
    52 0.955999 0.000000 -0.000002 -0.033295 0.061271 -0.668346
    53 1.258940 -0.308543 -1.250054 1.289006 0.530147 -0.654402
    54 1.392999 0.000000 -0.000003 -0.001788 0.370555 0.932381
    55 1.099998 -0.000002 -0.000003 0.000000 -0.013127 -0.286815
    56 0.578998 0.704300 0.000000 0.000000 -1.570790 -3.044320
    57 2.577897 -4.075848 1.825547 1.570743 -1.473520 1.570850
    58 -2.577999 -4.075848 1.825549 1.570743 -1.473520 1.570850
    59 2.330669 -1.877754 0.104131 -1.861302 0.207908 -1.328386
  time 126
    0 -14.433435 -49.227205 23.307130 1.203123 -0.030817 1.582570
    1 0.001573 4.212781 -1.689849 1.551580 -0.252375 1.570681
    2 3.837410 0.000000 0.000000 -0.026121 -0.000131 0.197370
    3 3.617862 0.000000 0.000000 -0.026329 -0.000445 0.228586
    4 7.539774 0.000000 0.000000 0.000000 0.000000 0.155813
    5 3.178292 0.000001 0.000000 2.817788 0.159255 0.168021
    6 2.970271 0.000000 0.000001 -0.323906 -0.159272 0.170023
    7 -0.000002 0.000001 0.000000 -1.570796 0.000000 -1.326450
    8 2.023705 0.907460 0.852577 3.249903 -1.261655 1.306589
    9 4.983657 -0.000003 0.000000 -2.145385 -0.697511 0.334109
    10 11.123049 -0.000003 0.000001 -0.000001 -0.000001 -1.169031
    11 11.208297 -0.000001 0.000013 1.458089 0.051460 0.781279
    12 2.676087 -1.712447 0.000003 1.570795 0.000000 1.570797
    13 2.023707 0.907463 -0.852527 -2.756032 1.339129 -4.435620
    14 4.983657 -0.000004 0.000000 1.710109 0.031248 -0.452815
    15 11.123040 -0.000006 -0.000006 0.000000 0.000001 -1.180213
    16 11.208287 0.000000 -0.000016 -1.988164 0.440088 -0.065093
    17 2.676081 -1.712434 -0.000003 -1.570797 -0.000001 -1.570797
    18 3.984014 -0.000005 -0.000003 -2.549685 -1.444661 -0.340553
    19 15.940006 0.000002 0.000000 0.000000 0.000000 1.143547
    20 17.709558 0.000004 0.000002 -0.360603 -0.063716 -1.336515
    21 6.203996 0.000000 0.000001 -0.011146 0.000934 -0.500515
    22 -3.984013 0.000007 0.000007 -3.488748 -1.437487 0.089877
    23 15.940015 0.000000 0.000000 0.000000 0.000000 1.260246
    24 17.709572 -0.000006 0.000001 0.245037 0.262447 -1.362982
    25 6.204001 0.000003 -0.000001 -0.078651 -0.006185 -0.498943
    26 3.549240 0.198821 -1.489462 -0.029260 0.007439 -0.600250
    27 1.218999 -0.000001 0.000002 -0.076786 0.060269 -1.225982
    28 0.679998 -0.000001 -0.000001 -0.007276 0.087396 -0.386256
    29 3.698007 0.267555 -0.728972 -0.249172 0.111191 -0.977389
    30 1.749001 -0.000001 0.000003 -0.022820 0.014605 -1.199500
    31 0.959999 -0.000001 0.000001 -0.017608 0.035326 -0.759625
    32 3.768500 0.152546 0.071388 0.025559 0.088831 -0.983115
    33 2.037998 0.000001 0.000002 0.004495 -0.001048 -1.584657
    34 1.067001 0.000001 0.000002 0.001725 -0.005541 -0.620370
    35 3.783924 -0.017260 0.794558 0.336487 0.114121 -0.886769
    36 1.629002 -0.000001 0.000003 0.066441 -0.019587 -1.477943
    37 0.956000 0.000000 0.000001 0.034760 -0.060445 -0.692462
    38 1.258965 -0.297983 1.252590 -1.258480 -0.399609 -1.213986
    39 1.393001 0.000001 0.000000 0.001203 -0.139427 0.598645
    40 1.100002 0.000001 -0.000003 -0.119091 -0.234569 0.624350
    41 3.549266 0.211411 1.487664 0.436150 -0.105654 -0.850844
    42 1.218999 -0.000001 -0.000002 0.078712 -0.057741 -1.258547
    43 0.679999 0.000001 0.000000 0.031900 -0.081717 -0.675716
    44 3.698016 0.273718 0.726617 0.262784 -0.119137 -1.007150
    45 1.748999 0.000000 -0.000002 0.020915 -0.017218 -1.080248
    46 0.959996 0.000000 0.000000 0.016885 -0.035675 -0.739248
    47 3.768499 0.151954 -0.072746 -0.034555 -0.085739 -0.879829
    48 2.037997 0.000002 -0.000003 -0.004332 0.001574 -1.465375
    49 1.066998 0.000000 -0.000001 -0.001621 0.005576 -0.600029
    50 3.783906 -0.023949 -0.794455 -0.356768 -0.059300 -0.774107
    51 1.629001 0.000002 0.000000 -0.063643 0.027340 -1.358916
    52 0.955999 0.000000 -0.000002 -0.033522 0.061139 -0.672099
    53 1.258940 -0.308543 -1.250054 1.289006 0.530147 -0.654402
    54 1.392999 0.000000 -0.000003 -0.001788 0.370555 0.932381
    55 1.099998 -0.000002 -0.000003 0.000000 -0.013127 -0.286815
    56 0.578998 0.704300 0.000000 0.000000 -1.570790 -3.044320
    57 2.577897 -4.075848 1.825547 1.570743 -1.473520 1.570850
    58 -2.577999 -4.075848 1.825549 1.570743 -1.473520 1.570850
    59 2.330669 -1.877754 0.104131 -1.861302 0.207908 -1.328386
  time 127
    0 -14.429533 -49.227382 23.307130 1.203687 -0.030409 1.582402
    1 0.001573 4.212781 -1.689849 1.553468 -0.252124 1.571877
    2 3.837410 0.000000 0.000000 -0.026580 0.000121 0.197156
    3 3.617862 0.000000 0.000000 -0.027047 0.000009 0.233798
    4 7.539774 0.000000 0.000000 0.000000 0.000000 0.155813
    5 3.178292 0.000001 0.000000 2.845522 0.151267 0.167060
    6 2.970271 0.000000 0.000001 -0.296382 -0.151299 0.180358
    7 -0.000002 0.000001 0.000000 -1.570796 0.000000 -1.326450
    8 2.023705 0.907460 0.852577 3.201237 -1.262406 1.356903
    9 4.983657 -0.000003 0.000000 -2.154938 -0.692286 0.361415
    10 11.123049 -0.000003 0.000001 -0.000001 -0.000001 -1.170996
    11 11.208297 -0.000001 0.000013 1.454733 0.057470 0.782702
    12 2.676087 -1.712447 0.000003 1.570795 0.000000 1.570797
    13 2.023707 0.907463 -0.852527 -2.713736 1.341215 -4.392483
    14 4.983657 -0.000004 0.000000 1.715666 0.035353 -0.443647
    15 11.123040 -0.000006 -0.000006 0.000000 0.000001 -1.189943
    16 11.208287 0.000000 -0.000016 -1.988613 0.427969 -0.061955
    17 2.676081 -1.712434 -0.000003 -1.570797 -0.000001 -1.570797
    18 3.984014 -0.000005 -0.000003 -2.608917 -1.436544 -0.294846
    19 15.940006 0.000002 0.000000 0.000000 0.000000 1.143621
    20 17.709558 0.000004 0.000002 -0.348544 -0.051288 -1.337208
    21 6.203996 0.000000 0.000001 -0.011146 0.000934 -0.500515
    22 -3.984013 0.000007 0.000007 -3.487885 -1.434179 0.084894
    23 15.940015 0.000000 0.000000 0.000000 0.000000 1.260093
    24 17.709572 -0.000006 0.000001 0.249249 0.266379 -1.361852
    25 6.204001 0.000003 -0.000001 -0.078651 -0.006185 -0.498943
    26 3.549240 0.198821 -1.489462 -0.029240 0.007439 -0.600250
    27 1.218999 -0.000001 0.000002 -0.076786 0.060269 -1.225982
    28 0.679998 -0.000001 -0.000001 -0.007276 0.087396 -0.386256
    29 3.698007 0.267555 -0.728972 -0.249172 0.111191 -0.977389
    30 1.749001 -0.000001 0.000003 -0.022820 0.014605 -1.199500
    31 0.959999 -0.000001 0.000001 -0.017608 0.035326 -0.759625
    32 3.768500 0.152546 0.071388 0.025559 0.088831 -0.983115
    33 2.037998 0.000001 0.000002 0.004495 -0.001048 -1.584657
    34 1.067001 0.000001 0.000002 0.001725 -0.005541 -0.620370
    35 3.783924 -0.017260 0.794558 0.336487 0.114121 -0.886769
    36 1.629002 -0.000001 0.000003 0.066441 -0.019587 -1.477943
    37 0.956000 0.000000 0.000001 0.034760 -0.060445 -0.692462
    38 1.258965 -0.297983 1.252590 -1.258480 -0.399609 -1.213986
    39 1.393001 0.000001 0.000000 0.001203 -0.139427 0.598645
    40 1.100002 0.000001 -0.000003 -0.119091 -0.234569 0.624350
    41 3.549266 0.211411 1.487664 0.429442 -0.100141 -0.842627
    42 1.218999 -0.000001 -0.000002 0.077993 -0.058700 -1.246230
    43 0.679999 0.000001 0.000000 0.030977 -0.082076 -0.664448
    44 3.698016 0.273718 0.726617 0.258565 -0.115765 -1.000136
    45 1.748999 0.000000 -0.000002 0.020699 -0.017482 -1.067869
    46 0.959996 0.000000 0.000000 0.016489 -0.035866 -0.728023
    47 3.768499 0.151954 -0.072746 -0.035106 -0.085523 -0.873515
    48 2.037997 0.000002 -0.000003 -0.004308 0.001622 -1.453049
    49 1.066998 0.000000 -0.000001 -0.001561 0.005600 -0.588797
    50 3.783906 -0.023949 -0.794455 -0.354050 -0.061652 -0.766888
    51 1.629001 0.000002 0.000000 -0.063307 0.028129 -1.346577
    52 0.955999 0.000000 -0.000002 -0.032839 0.061511 -0.660841
    53 1.258940 -0.308543 -1.250054 1.289006 0.530147 -0.654402
    54 1.392999 0.000000 -0.000003 -0.001788 0.370555 0.932381
    55 1.099998 -0.000002 -0.000003 0.000000 -0.013127 -0.286815
    56 0.578998 0.704300 0.000000 0.000000 -1.570790 -3.044320
    57 2.577897 -4.075848 1.825547 1.570743 -1.473520 1.570850
    58 -2.577999 -4.075848 1.825549 1.570743 -1.473520 1.570850
    59 2.330669 -1.877754 0.104131 -1.861302 0.207908 -1.328386
  time 128
    0 -14.439747 -49.225308 23.307130 1.204158 -0.029685 1.582138
    1 0.001573 4.212781 -1.689849 1.552479 -0.252124 1.572532
    2 3.837410 0.000000 0.000000 -0.026553 0.000106 0.197222
    3 3.617862 0.000000 0.000000 -0.027227 0.000160 0.237934
    4 7.539774 0.000000 0.000000 0.000000 0.000000 0.155813
    5 3.178292 0.000001 0.000000 2.882520 0.140008 0.164032
    6 2.970271 0.000000 0.000001 -0.259514 -0.140051 0.190738
    7 -0.000002 0.000001 0.000000 -1.570796 0.000000 -1.326450
    8 2.023705 0.907460 0.852577 3.150943 -1.262327 1.408943
    9 4.983657 -0.000003 0.000000 -2.164014 -0.685640 0.385887
    10 11.123049 -0.000003 0.000001 -0.000001 -0.000001 -1.173972
    11 11.208297 -0.000001 0.000013 1.454542 0.063130 0.784908
    12 2.676087 -1.712447 0.000003 1.570795 0.000000 1.570797
    13 2.023707 0.907463 -0.852527 -2.648186 1.342590 -4.327587
    14 4.983657 -0.000004 0.000000 1.718444 0.044376 -0.429755
    15 11.123040 -0.000006 -0.000006 0.000000 0.000001 -1.196577
    16 11.208287 0.000000 -0.000016 -1.989242 0.416552 -0.058671
    17 2.676081 -1.712434 -0.000003 -1.570797 -0.000001 -1.570797
    18 3.984014 -0.000005 -0.000003 -2.660290 -1.428538 -0.255942
    19 15.940006 0.000002 0.000000 0.000000 0.000000 1.143842
    20 17.709558 0.000004 0.000002 -0.337015 -0.039430 -1.337727
    21 6.203996 0.000000 0.000001 -0.011146 0.000934 -0.500515
    22 -3.984013 0.000007 0.000007 -3.488748 -1.432896 0.084702
    23 15.940015 0.000000 0.000000 0.000000 0.000000 1.259940
    24 17.709572 -0.000006 0.000001 0.250850 0.267966 -1.361458
    25 6.204001 0.000003 -0.000001 -0.078651 -0.006185 -0.498943
    26 3.549240 0.198821 -1.489462 -0.029240 0.007439 -0.600250
    27 1.218999 -0.000001 0.000002 -0.076786 0.060269 -1.225982
    28 0.679998 -0.000001 -0.000001 -0.007276 0.087396 -0.386256
    29 3.698007 0.267555 -0.728972 -0.249172 0.111191 -0.977389
    30 1.749001 -0.000001 0.000003 -0.022820 0.014605 -1.199500
    31 0.959999 -0.000001 0.000001 -0.017608 0.035326 -0.759625
    32 3.768500 0.152546 0.071388 0.025559 0.088831 -0.983115
    33 2.037998 0.000001 0.000002 0.004495 -0.001048 -1.584657
    34 1.067001 0.000001 0.000002 0.001725 -0.005541 -0.620370
    35 3.783924 -0.017260 0.794558 0.336487 0.114121 -0.886769
    36 1.629002 -0.000001 0.000003 0.066441 -0.019587 -1.477943
    37 0.956000 0.000000 0.000001 0.034760 -0.060445 -0.692462
    38 1.258965 -0.297983 1.252590 -1.258480 -0.399609 -1.213986
    39 1.393001 0.000001 0.000000 0.001203 -0.139427 0.598645
    40 1.100002 0.000001 -0.000003 -0.119091 -0.234569 0.624350
    41 3.549266 0.211411 1.487664 0.420503 -0.092789 -0.831736
    42 1.218999 -0.000001 -0.000002 0.077022 -0.059982 -1.229789
    43 0.679999 0.000001 0.000000 0.029742 -0.082532 -0.649463
    44 3.698016 0.273718 0.726617 0.252944 -0.111260 -0.990767
    45 1.748999 0.000000 -0.000002 0.020399 -0.017817 -1.051418
    46 0.959996 0.000000 0.000000 0.015938 -0.036106 -0.713055
    47 3.768499 0.151954 -0.072746 -0.035825 -0.085236 -0.865115
    48 2.037997 0.000002 -0.000003 -0.004284 0.001694 -1.436544
    49 1.066998 0.000000 -0.000001 -0.001477 0.005612 -0.573854
    50 3.783906 -0.023949 -0.794455 -0.350431 -0.064793 -0.757315
    51 1.629001 0.000002 0.000000 -0.062840 0.029157 -1.330161
    52 0.955999 0.000000 -0.000002 -0.031904 0.061990 -0.645871
    53 1.258940 -0.308543 -1.250054 1.289006 0.530147 -0.654402
    54 1.392999 0.000000 -0.000003 -0.001788 0.370555 0.932381
    55 1.099998 -0.000002 -0.000003 0.000000 -0.013127 -0.286815
    56 0.578998 0.704300 0.000000 0.000000 -1.570790 -3.044320
    57 2.577897 -4.075848 1.825547 1.570743 -1.473520 1.570850
    58 -2.577999 -4.075848 1.825549 1.570743 -1.473520 1.570850
    59 2.330669 -1.877754 0.104131 -1.861302 0.207908 -1.328386
  time 129
    0 -14.436546 -49.226373 23.307130 1.204629 -0.028735 1.581778
    1 0.001573 4.212781 -1.689849 1.549602 -0.252417 1.572031
    2 3.837410 0.000000 0.000000 -0.026080 -0.000163 0.197485
    3 3.617862 0.000000 0.000000 -0.026688 -0.000158 0.236857
    4 7.539774 0.000000 0.000000 0.000000 0.000000 0.155813
    5 3.178292 0.000001 0.000000 2.922966 0.126762 0.156229
    6 2.970271 0.000000 0.000001 -0.219010 -0.126810 0.197431
    7 -0.000002 0.000001 0.000000 -1.570796 0.000000 -1.326450
    8 2.023705 0.907460 0.852577 3.104002 -1.261457 1.457341
    9 4.983657 -0.000003 0.000000 -2.168504 -0.684575 0.401666
    10 11.123049 -0.000003 0.000001 -0.000001 -0.000001 -1.171894
    11 11.208297 -0.000001 0.000013 1.460006 0.066025 0.785477
    12 2.676087 -1.712447 0.000003 1.570795 0.000000 1.570797
    13 2.023707 0.907463 -0.852527 -2.567899 1.342969 -4.248599
    14 4.983657 -0.000004 0.000000 1.715857 0.059461 -0.414917
    15 11.123040 -0.000006 -0.000006 0.000000 0.000001 -1.192723
    16 11.208287 0.000000 -0.000016 -1.990947 0.408317 -0.058525
    17 2.676081 -1.712434 -0.000003 -1.570797 -0.000001 -1.570797
    18 3.984014 -0.000005 -0.000003 -2.702845 -1.421016 -0.224513
    19 15.940006 0.000002 0.000000 0.000000 0.000000 1.144137
    20 17.709558 0.000004 0.000002 -0.326472 -0.028568 -1.338073
    21 6.203996 0.000000 0.000001 -0.011146 0.000934 -0.500515
    22 -3.984013 0.000007 0.000007 -3.490090 -1.433044 0.087289
    23 15.940015 0.000000 0.000000 0.000000 0.000000 1.259710
    24 17.709572 -0.000006 0.000001 0.250613 0.267793 -1.361508
    25 6.204001 0.000003 -0.000001 -0.078651 -0.006185 -0.498943
    26 3.549240 0.198821 -1.489462 -0.029240 0.007439 -0.600250
    27 1.218999 -0.000001 0.000002 -0.076786 0.060269 -1.225982
    28 0.679998 -0.000001 -0.000001 -0.007276 0.087396 -0.386256
    29 3.698007 0.267555 -0.728972 -0.249172 0.111191 -0.977389
    30 1.749001 -0.000001 0.000003 -0.022820 0.014605 -1.199500
    31 0.959999 -0.000001 0.000001 -0.017608 0.035326 -0.759625
    32 3.768500 0.152546 0.071388 0.025559 0.088831 -0.983115
    33 2.037998 0.000001 0.000002 0.004495 -0.001048 -1.584657
    34 1.067001 0.000001 0.000002 0.001725 -0.005541 -0.620370
    35 3.783924 -0.017260 0.794558 0.336487 0.114121 -0.886769
    36 1.629002 -0.000001 0.000003 0.066441 -0.019587 -1.477943
    37 0.956000 0.000000 0.000001 0.034760 -0.060445 -0.692462
    38 1.258965 -0.297983 1.252590 -1.258480 -0.399609 -1.213986
    39 1.393001 0.000001 0.000000 0.001203 -0.139427 0.598645
    40 1.100002 0.000001 -0.000003 -0.119091 -0.234569 0.624350
    41 3.549266 0.211411 1.487664 0.416041 -0.089093 -0.826242
    42 1.218999 -0.000001 -0.000002 0.076519 -0.060605 -1.221542
    43 0.679999 0.000001 0.000000 0.029119 -0.082748 -0.641951
    44 3.698016 0.273718 0.726617 0.250140 -0.108993 -0.986108
    45 1.748999 0.000000 -0.000002 0.020255 -0.017985 -1.043218
    46 0.959996 0.000000 0.000000 0.015675 -0.036226 -0.705571
    47 3.768499 0.151954 -0.072746 -0.036173 -0.085080 -0.860942
    48 2.037997 0.000002 -0.000003 -0.004272 0.001742 -1.428344
    49 1.066998 0.000000 -0.000001 -0.001429 0.005624 -0.566382
    50 3.783906 -0.023949 -0.794455 -0.348600 -0.066341 -0.752502
    51 1.629001 0.000002 0.000000 -0.062588 0.029671 -1.321899
    52 0.955999 0.000000 -0.000002 -0.031449 0.062242 -0.638366
    53 1.258940 -0.308543 -1.250054 1.289006 0.530147 -0.654402
    54 1.392999 0.000000 -0.000003 -0.001788 0.370555 0.932381
    55 1.099998 -0.000002 -0.000003 0.000000 -0.013127 -0.286815
    56 0.578998 0.704300 0.000000 0.000000 -1.570790 -3.044320
    57 2.577897 -4.075848 1.825547 1.570743 -1.473520 1.570850
    58 -2.577999 -4.075848 1.825549 1.570743 -1.473520 1.570850
    59 2.330669 -1.877754 0.104131 -1.861302 0.207908 -1.328386
  time 130
    0 -14.433330 -49.225901 23.307130 1.204817 -0.027513 1.581323
    1 0.001573 4.212781 -1.689849 1.545872 -0.252962 1.569640
    2 3.837410 0.000000 0.000000 -0.025175 -0.000700 0.197895
    3 3.617862 0.000000 0.000000 -0.025252 -0.001126 0.226399
    4 7.539774 0.000000 0.000000 0.000000 0.000000 0.155813
    5 3.178292 0.000001 0.000000 2.961076 0.112773 0.140914
    6 2.970271 0.000000 0.000001 -0.180535 -0.112779 0.196657
    7 -0.000002 0.000001 0.000000 -1.570796 0.000000 -1.326450
    8 2.023705 0.907460 0.852577 3.065395 -1.260113 1.497017
    9 4.983657 -0.000003 0.000000 -2.164587 -0.695989 0.402611
    10 11.123049 -0.000003 0.000001 -0.000001 -0.000001 -1.158982
    11 11.208297 -0.000001 0.000013 1.473812 0.063832 0.782204
    12 2.676087 -1.712447 0.000003 1.570795 0.000000 1.570797
    13 2.023707 0.907463 -0.852527 -2.481679 1.342495 -4.163859
    14 4.983657 -0.000004 0.000000 1.705128 0.081611 -0.403104
    15 11.123040 -0.000006 -0.000006 0.000000 0.000001 -1.172252
    16 11.208287 0.000000 -0.000016 -1.993729 0.402515 -0.064801
    17 2.676081 -1.712434 -0.000003 -1.570797 -0.000001 -1.570797
    18 3.984014 -0.000005 -0.000003 -2.736103 -1.414425 -0.200270
    19 15.940006 0.000002 0.000000 0.000000 0.000000 1.144431
    20 17.709558 0.000004 0.000002 -0.317522 -0.019274 -1.338333
    21 6.203996 0.000000 0.000001 -0.011146 0.000934 -0.500515
    22 -3.984013 0.000007 0.000007 -3.490761 -1.434525 0.091218
    23 15.940015 0.000000 0.000000 0.000000 0.000000 1.259403
    24 17.709572 -0.000006 0.000001 0.248774 0.266138 -1.361999
    25 6.204001 0.000003 -0.000001 -0.078651 -0.006185 -0.498943
    26 3.549240 0.198821 -1.489462 -0.029240 0.007439 -0.600250
    27 1.218999 -0.000001 0.000002 -0.076786 0.060269 -1.225982
    28 0.679998 -0.000001 -0.000001 -0.007276 0.087396 -0.386256
    29 3.698007 0.267555 -0.728972 -0.249172 0.111191 -0.977389
    30 1.749001 -0.000001 0.000003 -0.022820 0.014605 -1.199500
    31 0.959999 -0.000001 0.000001 -0.017608 0.035326 -0.759625
    32 3.768500 0.152546 0.071388 0.025559 0.088831 -0.983115
    33 2.037998 0.000001 0.000002 0.004495 -0.001048 -1.584657
    34 1.067001 0.000001 0.000002 0.001725 -0.005541 -0.620370
    35 3.783924 -0.017260 0.794558 0.336487 0.114121 -0.886769
    36 1.629002 -0.000001 0.000003 0.066441 -0.019587 -1.477943
    37 0.956000 0.000000 0.000001 0.034760 -0.060445 -0.692462
    38 1.258965 -0.297983 1.252590 -1.258480 -0.399609 -1.213986
    39 1.393001 0.000001 0.000000 0.001203 -0.139427 0.598645
    40 1.100002 0.000001 -0.000003 -0.119091 -0.234569 0.624306
    41 3.549266 0.211411 1.487664 0.416041 -0.089093 -0.826242
    42 1.218999 -0.000001 -0.000002 0.076519 -0.060605 -1.221542
    43 0.679999 0.000001 0.000000 0.029119 -0.082748 -0.641951
    44 3.698016 0.273718 0.726617 0.250128 -0.108993 -0.986108
    45 1.748999 0.000000 -0.000002 0.020255 -0.017985 -1.043218
    46 0.959996 0.000000 0.000000 0.015675 -0.036226 -0.705571
    47 3.768499 0.151954 -0.072746 -0.036173 -0.085080 -0.860942
    48 2.037997 0.000002 -0.000003 -0.004272 0.001742 -1.428344
    49 1.066998 0.000000 -0.000001 -0.001429 0.005624 -0.566382
    50 3.783906 -0.023949 -0.794455 -0.348600 -0.066341 -0.752502
    51 1.629001 0.000002 0.000000 -0.062588 0.029671 -1.321899
    52 0.955999 0.000000 -0.000002 -0.031449 0.062230 -0.638366
    53 1.258940 -0.308543 -1.250054 1.289006 0.530147 -0.654402
    54 1.392999 0.000000 -0.000003 -0.001788 0.370555 0.932381
    55 1.099998 -0.000002 -0.000003 0.000000 -0.013127 -0.286815
    56 0.578998 0.704300 0.000000 0.000000 -1.570790 -3.044320
    57 2.577897 -4.075848 1.825547 1.570743 -1.473520 1.570850
    58 -2.577999 -4.075848 1.825549 1.570743 -1.473520 1.570850
    59 2.330669 -1.877754 0.104131 -1.861302 0.207908 -1.328386
  time 131
    0 -14.430012 -49.227824 23.307130 1.204817 -0.025883 1.580675
    1 0.001573 4.212781 -1.689849 1.538972 -0.254157 1.563932
    2 3.837410 0.000000 0.000000 -0.023716 -0.001568 0.198782
    3 3.617862 0.000000 0.000000 -0.022264 -0.003138 0.201296
    4 7.539774 0.000000 0.000000 0.000000 0.000000 0.155813
    5 3.178292 0.000001 0.000000 3.000525 0.096055 0.113021
    6 2.970271 0.000000 0.000001 -0.140116 -0.095907 0.184956
    7 -0.000002 0.000001 0.000000 -1.570796 0.000000 -1.326450
    8 2.023705 0.907460 0.852577 3.039721 -1.258730 1.523085
    9 4.983657 -0.000003 0.000000 -2.151690 -0.725869 0.371998
    10 11.123049 -0.000003 0.000001 -0.000001 -0.000001 -1.132034
    11 11.208297 -0.000001 0.000013 1.511681 0.051723 0.774591
    12 2.676087 -1.712447 0.000003 1.570795 0.000000 1.570797
    13 2.023707 0.907463 -0.852527 -2.397469 1.341784 -4.080654
    14 4.983657 -0.000004 0.000000 1.681370 0.115552 -0.398567
    15 11.123040 -0.000006 -0.000006 0.000000 0.000001 -1.127266
    16 11.208287 0.000000 -0.000016 -1.997589 0.397181 -0.081074
    17 2.676081 -1.712434 -0.000003 -1.570797 -0.000001 -1.570797
    18 3.984014 -0.000005 -0.000003 -2.760831 -1.409250 -0.181872
    19 15.940006 0.000002 0.000000 0.000000 0.000000 1.144873
    20 17.709558 0.000004 0.000002 -0.310545 -0.011974 -1.338419
    21 6.203996 0.000000 0.000001 -0.011146 0.000934 -0.500515
    22 -3.984013 0.000007 0.000007 -3.491048 -1.437141 0.096681
    23 15.940015 0.000000 0.000000 0.000000 0.000000 1.258944
    24 17.709572 -0.000006 0.000001 0.245571 0.263205 -1.362834
    25 6.204001 0.000003 -0.000001 -0.078651 -0.006185 -0.498943
    26 3.549240 0.198821 -1.489462 -0.029240 0.007439 -0.600250
    27 1.218999 -0.000001 0.000002 -0.076786 0.060269 -1.225982
    28 0.679998 -0.000001 -0.000001 -0.007276 0.087396 -0.386256
    29 3.698007 0.267555 -0.728972 -0.249172 0.111191 -0.977389
    30 1.749001 -0.000001 0.000003 -0.022820 0.014605 -1.199500
    31 0.959999 -0.000001 0.000001 -0.017608 0.035326 -0.759625
    32 3.768500 0.152546 0.071388 0.025559 0.088831 -0.983115
    33 2.037998 0.000001 0.000002 0.004495 -0.001048 -1.584657
    34 1.067001 0.000001 0.000002 0.001725 -0.005541 -0.620370
    35 3.783924 -0.017260 0.794558 0.336487 0.114121 -0.886769
    36 1.629002 -0.000001 0.000003 0.066441 -0.019587 -1.477943
    37 0.956000 0.000000 0.000001 0.034760 -0.060445 -0.692462
    38 1.258965 -0.297983 1.252590 -1.258480 -0.399609 -1.213986
    39 1.393001 0.000001 0.000000 0.001203 -0.139427 0.598645
    40 1.100002 0.000001 -0.000003 -0.119091 -0.234569 0.624306
    41 3.549266 0.211411 1.487664 0.416041 -0.089093 -0.826242
    42 1.218999 -0.000001 -0.000002 0.076519 -0.060605 -1.221542
    43 0.679999 0.000001 0.000000 0.029119 -0.082748 -0.641951
    44 3.698016 0.273718 0.726617 0.250128 -0.108993 -0.986108
    45 1.748999 0.000000 -0.000002 0.020255 -0.017985 -1.043218
    46 0.959996 0.000000 0.000000 0.015675 -0.036226 -0.705571
    47 3.768499 0.151954 -0.072746 -0.036173 -0.085080 -0.860942
    48 2.037997 0.000002 -0.000003 -0.004272 0.001742 -1.428344
    49 1.066998 0.000000 -0.000001 -0.001429 0.005624 -0.566382
    50 3.783906 -0.023949 -0.794455 -0.348600 -0.066341 -0.752502
    51 1.629001 0.000002 0.000000 -0.062588 0.029671 -1.321899
    52 0.955999 0.000000 -0.000002 -0.031449 0.062230 -0.638366
    53 1.258940 -0.308543 -1.250054 1.289006 0.530147 -0.654402
    54 1.392999 0.000000 -0.000003 -0.001788 0.370555 0.932381
    55 1.099998 -0.000002 -0.000003 0.000000 -0.013127 -0.286815
    56 0.578998 0.704300 0.000000 0.000000 -1.570790 -3.044320
    57 2.577897 -4.075848 1.825547 1.570743 -1.473520 1.570850
    58 -2.577999 -4.075848 1.825549 1.570743 -1.473520 1.570850
    59 2.330669 -1.877754 0.104131 -1.861302 0.207908 -1.328386
  time 132
    0 -14.440109 -49.228274 23.307130 1.204817 -0.023755 1.579837
    1 0.001573 4.212781 -1.689849 1.528275 -0.256064 1.555369
    2 3.837410 0.000000 0.000000 -0.021663 -0.002800 0.200179
    3 3.617862 0.000000 0.000000 -0.017890 -0.006103 0.164317
    4 7.539774 0.000000 0.000000 0.000000 0.000000 0.155813
    5 3.178292 0.000001 0.000000 3.045219 0.075684 0.074443
    6 2.970271 0.000000 0.000001 -0.094031 -0.075364 0.164878
    7 -0.000002 0.000001 0.000000 -1.570796 0.000000 -1.326450
    8 2.023705 0.907460 0.852577 3.031482 -1.257860 1.530944
    9 4.983657 -0.000003 0.000000 -2.132105 -0.769141 0.305669
    10 11.123049 -0.000003 0.000001 -0.000001 -0.000001 -1.094418
    11 11.208297 -0.000001 0.000013 1.576489 0.029655 0.763207
    12 2.676087 -1.712447 0.000003 1.570795 0.000000 1.570797
    13 2.023707 0.907463 -0.852527 -2.322062 1.342068 -4.005404
    14 4.983657 -0.000004 0.000000 1.647554 0.160856 -0.403860
    15 11.123040 -0.000006 -0.000006 0.000000 0.000001 -1.059093
    16 11.208287 0.000000 -0.000016 -2.001987 0.392221 -0.107710
    17 2.676081 -1.712434 -0.000003 -1.570797 -0.000001 -1.570797
    18 3.984014 -0.000005 -0.000003 -2.777796 -1.405936 -0.167882
    19 15.940006 0.000002 0.000000 0.000000 0.000000 1.145463
    20 17.709558 0.000004 0.000002 -0.305994 -0.007238 -1.338506
    21 6.203996 0.000000 0.000001 -0.011146 0.000934 -0.500515
    22 -3.984013 0.000007 0.000007 -3.491815 -1.440646 0.104347
    23 15.940015 0.000000 0.000000 0.000000 0.000000 1.258407
    24 17.709572 -0.000006 0.000001 0.241181 0.259204 -1.363965
    25 6.204001 0.000003 -0.000001 -0.078651 -0.006185 -0.498943
    26 3.549240 0.198821 -1.489462 -0.029260 0.007439 -0.600250
    27 1.218999 -0.000001 0.000002 -0.076786 0.060269 -1.225982
    28 0.679998 -0.000001 -0.000001 -0.007276 0.087396 -0.386256
    29 3.698007 0.267555 -0.728972 -0.249172 0.111191 -0.977389
    30 1.749001 -0.000001 0.000003 -0.022820 0.014605 -1.199500
    31 0.959999 -0.000001 0.000001 -0.017608 0.035326 -0.759625
    32 3.768500 0.152546 0.071388 0.025559 0.088831 -0.983115
    33 2.037998 0.000001 0.000002 0.004495 -0.001048 -1.584657
    34 1.067001 0.000001 0.000002 0.001725 -0.005541 -0.620370
    35 3.783924 -0.017260 0.794558 0.336487 0.114121 -0.886769
    36 1.629002 -0.000001 0.000003 0.066441 -0.019587 -1.477943
    37 0.956000 0.000000 0.000001 0.034760 -0.060445 -0.692462
    38 1.258965 -0.297983 1.252590 -1.258480 -0.399609 -1.213986
    39 1.393001 0.000001 0.000000 0.001203 -0.139427 0.598645
    40 1.100002 0.000001 -0.000003 -0.119091 -0.234569 0.624350
    41 3.549266 0.211411 1.487664 0.416041 -0.089093 -0.826242
    42 1.218999 -0.000001 -0.000002 0.076519 -0.060605 -1.221542
    43 0.679999 0.000001 0.000000 0.029119 -0.082748 -0.641951
    44 3.698016 0.273718 0.726617 0.250128 -0.108993 -0.986108
    45 1.748999 0.000000 -0.000002 0.020255 -0.017985 -1.043218
    46 0.959996 0.000000 0.000000 0.015675 -0.036226 -0.705571
    47 3.768499 0.151954 -0.072746 -0.036173 -0.085080 -0.860942
    48 2.037997 0.000002 -0.000003 -0.004272 0.001742 -1.428344
    49 1.066998 0.000000 -0.000001 -0.001429 0.005624 -0.566382
    50 3.783906 -0.023949 -0.794455 -0.348600 -0.066341 -0.752502
    51 1.629001 0.000002 0.000000 -0.062588 0.029671 -1.321899
    52 0.955999 0.000000 -0.000002 -0.031449 0.062230 -0.638366
    53 1.258940 -0.308543 -1.250054 1.289006 0.530147 -0.654402
    54 1.392999 0.000000 -0.000003 -0.001788 0.370555 0.932381
    55 1.099998 -0.000002 -0.000003 0.000000 -0.013127 -0.286815
    56 0.578998 0.704300 0.000000 0.000000 -1.570790 -3.044320
    57 2.577897 -4.075848 1.825547 1.570743 -1.473520 1.570850
    58 -2.577999 -4.075848 1.825549 1.570743 -1.473520 1.570850
    59 2.330669 -1.877754 0.104131 -1.861302 0.207908 -1.328386
  time 133
    0 -14.435912 -49.227408 23.307130 1.204817 -0.021266 1.578902
    1 0.001573 4.212781 -1.689849 1.517218 -0.257992 1.546075
    2 3.837410 0.000000 0.000000 -0.019232 -0.004237 0.201608
    3 3.617862 0.000000 0.000000 -0.013042 -0.009386 0.123390
    4 7.539774 0.000000 0.000000 0.000000 0.000000 0.155813
    5 3.178292 0.000001 0.000000 3.089571 0.054811 0.032633
    6 2.970271 0.000000 0.000001 -0.048157 -0.054268 0.141568
    7 -0.000002 0.000001 0.000000 -1.570796 0.000000 -1.326450
    8 2.023705 0.907460 0.852577 3.041254 -1.257702 1.519827
    9 4.983657 -0.000003 0.000000 -2.106789 -0.816522 0.219592
    10 11.123049 -0.000003 0.000001 -0.000001 -0.000001 -1.049673
    11 11.208297 -0.000001 0.000013 1.650405 0.002936 0.747270
    12 2.676087 -1.712447 0.000003 1.570795 0.000000 1.570797
    13 2.023707 0.907463 -0.852527 -2.251249 1.343444 -3.933894
    14 4.983657 -0.000004 0.000000 1.610960 0.211458 -0.416902
    15 11.123040 -0.000006 -0.000006 0.000000 0.000001 -0.976893
    16 11.208287 0.000000 -0.000016 -2.006475 0.386887 -0.141498
    17 2.676081 -1.712434 -0.000003 -1.570797 -0.000001 -1.570797
    18 3.984014 -0.000005 -0.000003 -2.784409 -1.405377 -0.159545
    19 15.940006 0.000002 0.000000 0.000000 0.000000 1.146126
    20 17.709558 0.000004 0.000002 -0.305084 -0.006205 -1.338506
    21 6.203996 0.000000 0.000001 -0.011146 0.000934 -0.500515
    22 -3.984013 0.000007 0.000007 -3.493061 -1.444891 0.113930
    23 15.940015 0.000000 0.000000 0.000000 0.000000 1.257794
    24 17.709572 -0.000006 0.000001 0.235902 0.254340 -1.365341
    25 6.204001 0.000003 -0.000001 -0.078651 -0.006185 -0.498943
    26 3.549240 0.198821 -1.489462 -0.029240 0.007439 -0.600250
    27 1.218999 -0.000001 0.000002 -0.076786 0.060269 -1.225982
    28 0.679998 -0.000001 -0.000001 -0.007276 0.087396 -0.386256
    29 3.698007 0.267555 -0.728972 -0.249172 0.111191 -0.977389
    30 1.749001 -0.000001 0.000003 -0.022820 0.014605 -1.199500
    31 0.959999 -0.000001 0.000001 -0.017608 0.035326 -0.759625
    32 3.768500 0.152546 0.071388 0.025559 0.088831 -0.983115
    33 2.037998 0.000001 0.000002 0.004495 -0.001048 -1.584657
    34 1.067001 0.000001 0.000002 0.001725 -0.005541 -0.620370
    35 3.783924 -0.017260 0.794558 0.336487 0.114121 -0.886769
    36 1.629002 -0.000001 0.000003 0.066441 -0.019587 -1.477943
    37 0.956000 0.000000 0.000001 0.034760 -0.060445 -0.692462
    38 1.258965 -0.297983 1.252590 -1.258480 -0.399609 -1.213986
    39 1.393001 0.000001 0.000000 0.001203 -0.139427 0.598645
    40 1.100002 0.000001 -0.000003 -0.119091 -0.234569 0.624350
    41 3.549266 0.211411 1.487664 0.416041 -0.089093 -0.826242
    42 1.218999 -0.000001 -0.000002 0.076519 -0.060605 -1.221542
    43 0.679999 0.000001 0.000000 0.029119 -0.082748 -0.641951
    44 3.698016 0.273718 0.726617 0.250128 -0.108993 -0.986108
    45 1.748999 0.000000 -0.000002 0.020255 -0.017985 -1.043218
    46 0.959996 0.000000 0.000000 0.015675 -0.036226 -0.705571
    47 3.768499 0.151954 -0.072746 -0.036173 -0.085080 -0.860942
    48 2.037997 0.000002 -0.000003 -0.004272 0.001742 -1.428344
    49 1.066998 0.000000 -0.000001 -0.001429 0.005624 -0.566382
    50 3.783906 -0.023949 -0.794455 -0.348600 -0.066341 -0.752502
    51 1.629001 0.000002 0.000000 -0.062588 0.029671 -1.321899
    52 0.955999 0.000000 -0.000002 -0.031449 0.062230 -0.638366
    53 1.258940 -0.308543 -1.250054 1.289006 0.530147 -0.654402
    54 1.392999 0.000000 -0.000003 -0.001788 0.370555 0.932381
    55 1.099998 -0.000002 -0.000003 0.000000 -0.013127 -0.286815
    56 0.578998 0.704300 0.000000 0.000000 -1.570790 -3.044320
    57 2.577897 -4.075848 1.825547 1.570743 -1.473520 1.570850
    58 -2.577999 -4.075848 1.825549 1.570743 -1.473520 1.570850
    59 2.330669 -1.877754 0.104131 -1.861302 0.207908 -1.328386
  time 134
    0 -14.430978 -49.228994 23.307130 1.204911 -0.018459 1.577871
    1 0.001573 4.212781 -1.689849 1.509217 -0.259271 1.538284
    2 3.837410 0.000000 0.000000 -0.016652 -0.005785 0.202511
    3 3.617862 0.000000 0.000000 -0.008656 -0.012351 0.086393
    4 7.539774 0.000000 0.000000 0.000000 0.000000 0.155813
    5 3.178292 0.000001 0.000000 3.128022 0.036447 -0.004810
    6 2.970271 0.000000 0.000001 -0.008329 -0.035718 0.120169
    7 -0.000002 0.000001 0.000000 -1.570796 0.000000 -1.326450
    8 2.023705 0.907460 0.852577 3.064724 -1.257900 1.494334
    9 4.983657 -0.000003 0.000000 -2.079084 -0.861316 0.133422
    10 11.123049 -0.000003 0.000001 -0.000001 -0.000001 -1.002177
    11 11.208297 -0.000001 0.000013 1.716748 -0.022686 0.727847
    12 2.676087 -1.712447 0.000003 1.570795 0.000000 1.570797
    13 2.023707 0.907463 -0.852527 -2.176799 1.344913 -3.858644
    14 4.983657 -0.000004 0.000000 1.578293 0.260675 -0.432117
    15 11.123040 -0.000006 -0.000006 0.000000 0.000001 -0.892798
    16 11.208287 0.000000 -0.000016 -2.010424 0.380804 -0.177329
    17 2.676081 -1.712434 -0.000003 -1.570797 -0.000001 -1.570797
    18 3.984014 -0.000005 -0.000003 -2.780000 -1.407872 -0.157342
    19 15.940006 0.000002 0.000000 0.000000 0.000000 1.146936
    20 17.709558 0.000004 0.000002 -0.308118 -0.009196 -1.338506
    21 6.203996 0.000000 0.000001 -0.011146 0.000934 -0.500515
    22 -3.984013 0.000007 0.000007 -3.494786 -1.449630 0.124951
    23 15.940015 0.000000 0.000000 0.000000 0.000000 1.257104
    24 17.709572 -0.000006 0.000001 0.229970 0.248855 -1.366815
    25 6.204001 0.000003 -0.000001 -0.078651 -0.006185 -0.498943
    26 3.549240 0.198821 -1.489462 -0.029240 0.007439 -0.600250
    27 1.218999 -0.000001 0.000002 -0.076786 0.060269 -1.225982
    28 0.679998 -0.000001 -0.000001 -0.007276 0.087396 -0.386256
    29 3.698007 0.267555 -0.728972 -0.249172 0.111191 -0.977389
    30 1.749001 -0.000001 0.000003 -0.022820 0.014605 -1.199500
    31 0.959999 -0.000001 0.000001 -0.017608 0.035326 -0.759625
    32 3.768500 0.152546 0.071388 0.025559 0.088831 -0.983115
    33 2.037998 0.000001 0.000002 0.004495 -0.001048 -1.584657
    34 1.067001 0.000001 0.000002 0.001725 -0.005541 -0.620370
    35 3.783924 -0.017260 0.794558 0.336487 0.114121 -0.886769
    36 1.629002 -0.000001 0.000003 0.066441 -0.019587 -1.477943
    37 0.956000 0.000000 0.000001 0.034760 -0.060445 -0.692462
    38 1.258965 -0.297983 1.252590 -1.258480 -0.399609 -1.213986
    39 1.393001 0.000001 0.000000 0.001203 -0.139427 0.598645
    40 1.100002 0.000001 -0.000003 -0.119091 -0.234569 0.624306
    41 3.549266 0.211411 1.487664 0.416041 -0.089093 -0.826242
    42 1.218999 -0.000001 -0.000002 0.076519 -0.060605 -1.221542
    43 0.679999 0.000001 0.000000 0.029119 -0.082748 -0.641951
    44 3.698016 0.273718 0.726617 0.250128 -0.108993 -0.986108
    45 1.748999 0.000000 -0.000002 0.020255 -0.017985 -1.043218
    46 0.959996 0.000000 0.000000 0.015675 -0.036226 -0.705571
    47 3.768499 0.151954 -0.072746 -0.036173 -0.085080 -0.860942
    48 2.037997 0.000002 -0.000003 -0.004272 0.001742 -1.428344
    49 1.066998 0.000000 -0.000001 -0.001429 0.005624 -0.566382
    50 3.783906 -0.023949 -0.794455 -0.348600 -0.066341 -0.752502
    51 1.629001 0.000002 0.000000 -0.062588 0.029671 -1.321899
    52 0.955999 0.000000 -0.000002 -0.031449 0.062230 -0.638366
    53 1.258940 -0.308543 -1.250054 1.289006 0.530147 -0.654402
    54 1.392999 0.000000 -0.000003 -0.001788 0.370555 0.932381
    55 1.099998 -0.000002 -0.000003 0.000000 -0.013127 -0.286815
    56 0.578998 0.704300 0.000000 0.000000 -1.570790 -3.044320
    57 2.577897 -4.075848 1.825547 1.570743 -1.473520 1.570850
    58 -2.577999 -4.075848 1.825549 1.570743 -1.473520 1.570850
    59 2.330669 -1.877754 0.104131 -1.861302 0.207908 -1.328386
  time 135
    0 -14.438955 -49.229644 23.307130 1.204911 -0.015472 1.576649
    1 0.001573 4.212781 -1.689849 1.507644 -0.259292 1.534196
    2 3.837410 0.000000 0.000000 -0.014140 -0.007316 0.202380
    3 3.617862 0.000000 0.000000 -0.005681 -0.014363 0.061290
    4 7.539774 0.000000 0.000000 0.000000 0.000000 0.155813
    5 3.178292 0.000001 0.000000 3.154958 0.023703 -0.030374
    6 2.970271 0.000000 0.000001 0.019533 -0.022832 0.105873
    7 -0.000002 0.000001 0.000000 -1.570796 0.000000 -1.326450
    8 2.023705 0.907460 0.852577 3.098733 -1.258058 1.457724
    9 4.983657 -0.000003 0.000000 -2.055297 -0.900023 0.066242
    10 11.123049 -0.000003 0.000001 -0.000001 -0.000001 -0.958836
    11 11.208297 -0.000001 0.000013 1.761519 -0.042253 0.708779
    12 2.676087 -1.712447 0.000003 1.570795 0.000000 1.570797
    13 2.023707 0.907463 -0.852527 -2.099383 1.346004 -3.780136
    14 4.983657 -0.000004 0.000000 1.557122 0.299820 -0.443742
    15 11.123040 -0.000006 -0.000006 0.000000 0.000001 -0.824056
    16 11.208287 0.000000 -0.000016 -2.014104 0.374347 -0.208052
    17 2.676081 -1.712434 -0.000003 -1.570797 -0.000001 -1.570797
    18 3.984014 -0.000005 -0.000003 -2.766869 -1.412638 -0.160312
    19 15.940006 0.000002 0.000000 0.000000 0.000000 1.147747
    20 17.709558 0.000004 0.000002 -0.314185 -0.015286 -1.338419
    21 6.203996 0.000000 0.000001 -0.011146 0.000934 -0.500515
    22 -3.984013 0.000007 0.000007 -3.496895 -1.454813 0.137217
    23 15.940015 0.000000 0.000000 0.000000 0.000000 1.256338
    24 17.709572 -0.000006 0.000001 0.223624 0.242956 -1.368388
    25 6.204001 0.000003 -0.000001 -0.078651 -0.006185 -0.498943
    26 3.549240 0.198821 -1.489462 -0.029240 0.007439 -0.600250
    27 1.218999 -0.000001 0.000002 -0.076786 0.060269 -1.225982
    28 0.679998 -0.000001 -0.000001 -0.007276 0.087396 -0.386256
    29 3.698007 0.267555 -0.728972 -0.249172 0.111191 -0.977389
    30 1.749001 -0.000001 0.000003 -0.022820 0.014605 -1.199500
    31 0.959999 -0.000001 0.000001 -0.017608 0.035326 -0.759625
    32 3.768500 0.152546 0.071388 0.025559 0.088831 -0.983115
    33 2.037998 0.000001 0.000002 0.004495 -0.001048 -1.584657
    34 1.067001 0.000001 0.000002 0.001725 -0.005541 -0.620370
    35 3.783924 -0.017260 0.794558 0.336487 0.114121 -0.886769
    36 1.629002 -0.000001 0.000003 0.066441 -0.019587 -1.477943
    37 0.956000 0.000000 0.000001 0.034760 -0.060445 -0.692462
    38 1.258965 -0.297983 1.252590 -1.258480 -0.399609 -1.213986
    39 1.393001 0.000001 0.000000 0.001203 -0.139427 0.598645
    40 1.100002 0.000001 -0.000003 -0.119091 -0.234569 0.624350
    41 3.549266 0.211411 1.487664 0.416041 -0.089093 -0.826242
    42 1.218999 -0.000001 -0.000002 0.076519 -0.060605 -1.221542
    43 0.679999 0.000001 0.000000 0.029119 -0.082748 -0.641951
    44 3.698016 0.273718 0.726617 0.250128 -0.108993 -0.986108
    45 1.748999 0.000000 -0.000002 0.020255 -0.017985 -1.043218
    46 0.959996 0.000000 0.000000 0.015675 -0.036226 -0.705571
    47 3.768499 0.151954 -0.072746 -0.036173 -0.085080 -0.860942
    48 2.037997 0.000002 -0.000003 -0.004272 0.001742 -1.428344
    49 1.066998 0.000000 -0.000001 -0.001429 0.005624 -0.566382
    50 3.783906 -0.023949 -0.794455 -0.348600 -0.066341 -0.752502
    51 1.629001 0.000002 0.000000 -0.062588 0.029671 -1.321899
    52 0.955999 0.000000 -0.000002 -0.031449 0.062230 -0.638366
    53 1.258940 -0.308543 -1.250054 1.289006 0.530147 -0.654402
    54 1.392999 0.000000 -0.000003 -0.001788 0.370555 0.932381
    55 1.099998 -0.000002 -0.000003 0.000000 -0.013127 -0.286815
    56 0.578998 0.704300 0.000000 0.000000 -1.570790 -3.044320
    57 2.577897 -4.075848 1.825547 1.570743 -1.473520 1.570850
    58 -2.577999 -4.075848 1.825549 1.570743 -1.473520 1.570850
    59 2.330669 -1.877754 0.104131 -1.861302 0.207908 -1.328386
  time 136
    0 -14.432145 -49.228517 23.307130 1.204911 -0.012303 1.575427
    1 0.001573 4.212781 -1.689849 1.514184 -0.257720 1.534697
    2 3.837410 0.000000 0.000000 -0.011641 -0.008832 0.200951
    3 3.617862 0.000000 0.000000 -0.004437 -0.015210 0.050747
    4 7.539774 0.000000 0.000000 0.000000 0.000000 0.155813
    5 3.178292 0.000001 0.000000 3.167386 0.018003 -0.041351
    6 2.970271 0.000000 0.000001 0.032344 -0.017090 0.100046
    7 -0.000002 0.000001 0.000000 -1.570796 0.000000 -1.326450
    8 2.023705 0.907460 0.852577 3.140118 -1.257781 1.413352
    9 4.983657 -0.000003 0.000000 -2.039438 -0.935077 0.025236
    10 11.123049 -0.000003 0.000001 -0.000001 -0.000001 -0.922175
    11 11.208297 -0.000001 0.000013 1.781940 -0.054582 0.692344
    12 2.676087 -1.712447 0.000003 1.570795 0.000000 1.570797
    13 2.023707 0.907463 -0.852527 -2.019575 1.346336 -3.699039
    14 4.983657 -0.000004 0.000000 1.550320 0.323593 -0.447995
    15 11.123040 -0.000006 -0.000006 0.000000 0.000001 -0.780650
    16 11.208287 0.000000 -0.000016 -2.017694 0.367936 -0.228704
    17 2.676081 -1.712434 -0.000003 -1.570797 -0.000001 -1.570797
    18 3.984014 -0.000005 -0.000003 -2.746646 -1.418968 -0.167786
    19 15.940006 0.000002 0.000000 0.000000 0.000000 1.148557
    20 17.709558 0.000004 0.000002 -0.322301 -0.023476 -1.338333
    21 6.203996 0.000000 0.000001 -0.011146 0.000934 -0.500515
    22 -3.984013 0.000007 0.000007 -3.499579 -1.460045 0.150250
    23 15.940015 0.000000 0.000000 0.000000 0.000000 1.255494
    24 17.709572 -0.000006 0.000001 0.217158 0.236885 -1.369911
    25 6.204001 0.000003 -0.000001 -0.078651 -0.006185 -0.498943
    26 3.549240 0.198821 -1.489462 -0.029240 0.007439 -0.600250
    27 1.218999 -0.000001 0.000002 -0.076786 0.060269 -1.225982
    28 0.679998 -0.000001 -0.000001 -0.007276 0.087396 -0.386256
    29 3.698007 0.267555 -0.728972 -0.249172 0.111191 -0.977389
    30 1.749001 -0.000001 0.000003 -0.022820 0.014605 -1.199500
    31 0.959999 -0.000001 0.000001 -0.017608 0.035326 -0.759625
    32 3.768500 0.152546 0.071388 0.025559 0.088831 -0.983115
    33 2.037998 0.000001 0.000002 0.004495 -0.001048 -1.584657
    34 1.067001 0.000001 0.000002 0.001725 -0.005541 -0.620370
    35 3.783924 -0.017260 0.794558 0.336487 0.114121 -0.886769
    36 1.629002 -0.000001 0.000003 0.066441 -0.019587 -1.477943
    37 0.956000 0.000000 0.000001 0.034760 -0.060445 -0.692462
    38 1.258965 -0.297983 1.252590 -1.258480 -0.399609 -1.213986
    39 1.393001 0.000001 0.000000 0.001203 -0.139427 0.598645
    40 1.100002 0.000001 -0.000003 -0.119091 -0.234569 0.624350
    41 3.549266 0.211411 1.487664 0.416041 -0.089093 -0.826242
    42 1.218999 -0.000001 -0.000002 0.076519 -0.060605 -1.221542
    43 0.679999 0.000001 0.000000 0.029119 -0.082748 -0.641951
    44 3.698016 0.273718 0.726617 0.250140 -0.108993 -0.986108
    45 1.748999 0.000000 -0.000002 0.020255 -0.017985 -1.043218
    46 0.959996 0.000000 0.000000 0.015675 -0.036226 -0.705571
    47 3.768499 0.151954 -0.072746 -0.036173 -0.085080 -0.860942
    48 2.037997 0.000002 -0.000003 -0.004272 0.001742 -1.428344
    49 1.066998 0.000000 -0.000001 -0.001429 0.005624 -0.566382
    50 3.783906 -0.023949 -0.794455 -0.348600 -0.066341 -0.752502
    51 1.629001 0.000002 0.000000 -0.062588 0.029671 -1.321899
    52 0.955999 0.000000 -0.000002 -0.031449 0.062242 -0.638366
    53 1.258940 -0.308543 -1.250054 1.289006 0.530147 -0.654402
    54 1.392999 0.000000 -0.000003 -0.001788 0.370555 0.932381
    55 1.099998 -0.000002 -0.000003 0.000000 -0.013127 -0.286815
    56 0.578998 0.704300 0.000000 0.000000 -1.570790 -3.044320
    57 2.577897 -4.075848 1.825547 1.570743 -1.473520 1.570850
    58 -2.577999 -4.075848 1.825549 1.570743 -1.473520 1.570850
    59 2.330669 -1.877754 0.104131 -1.861302 0.207908 -1.328386
  time 137
    0 -14.437961 -49.226793 23.307130 1.204911 -0.009089 1.574204
    1 0.001573 4.212781 -1.689849 1.526522 -0.254995 1.538322
    2 3.837410 0.000000 0.000000 -0.009021 -0.010443 0.198569
    3 3.617862 0.000000 0.000000 -0.004270 -0.015316 0.049414
    4 7.539774 0.000000 0.000000 0.000000 0.000000 0.155813
    5 3.178292 0.000001 0.000000 3.168925 0.017300 -0.042719
    6 2.970271 0.000000 0.000001 0.033951 -0.016359 0.099317
    7 -0.000002 0.000001 0.000000 -1.570796 0.000000 -1.326450
    8 2.023705 0.907460 0.852577 3.185526 -1.256793 1.364762
    9 4.983657 -0.000003 0.000000 -2.029885 -0.970537 0.001425
    10 11.123049 -0.000003 0.000001 -0.000001 -0.000001 -0.887872
    11 11.208297 -0.000001 0.000013 1.787979 -0.062567 0.676976
    12 2.676087 -1.712447 0.000003 1.570795 0.000000 1.570797
    13 2.023707 0.907463 -0.852527 -1.938809 1.345530 -3.616888
    14 4.983657 -0.000004 0.000000 1.553290 0.336196 -0.446766
    15 11.123040 -0.000006 -0.000006 0.000000 0.000001 -0.755188
    16 11.208287 0.000000 -0.000016 -2.021285 0.361807 -0.242132
    17 2.676081 -1.712434 -0.000003 -1.570797 -0.000001 -1.570797
    18 3.984014 -0.000005 -0.000003 -2.720960 -1.426192 -0.179189
    19 15.940006 0.000002 0.000000 0.000000 0.000000 1.149442
    20 17.709558 0.000004 0.000002 -0.331630 -0.032877 -1.338073
    21 6.203996 0.000000 0.000001 -0.011146 0.000934 -0.500515
    22 -3.984013 0.000007 0.000007 -3.502550 -1.465277 0.163570
    23 15.940015 0.000000 0.000000 0.000000 0.000000 1.254651
    24 17.709572 -0.000006 0.000001 0.210752 0.230848 -1.371434
    25 6.204001 0.000003 -0.000001 -0.078651 -0.006185 -0.498943
    26 3.549240 0.198821 -1.489462 -0.029260 0.007439 -0.600250
    27 1.218999 -0.000001 0.000002 -0.076786 0.060269 -1.225982
    28 0.679998 -0.000001 -0.000001 -0.007276 0.087396 -0.386256
    29 3.698007 0.267555 -0.728972 -0.249172 0.111191 -0.977389
    30 1.749001 -0.000001 0.000003 -0.022820 0.014605 -1.199500
    31 0.959999 -0.000001 0.000001 -0.017608 0.035326 -0.759625
    32 3.768500 0.152546 0.071388 0.025559 0.088831 -0.983115
    33 2.037998 0.000001 0.000002 0.004495 -0.001048 -1.584657
    34 1.067001 0.000001 0.000002 0.001725 -0.005541 -0.620370
    35 3.783924 -0.017260 0.794558 0.336487 0.114121 -0.886769
    36 1.629002 -0.000001 0.000003 0.066441 -0.019587 -1.477943
    37 0.956000 0.000000 0.000001 0.034760 -0.060445 -0.692462
    38 1.258965 -0.297983 1.252590 -1.258480 -0.399609 -1.213986
    39 1.393001 0.000001 0.000000 0.001203 -0.139427 0.598645
    40 1.100002 0.000001 -0.000003 -0.119091 -0.234569 0.624350
    41 3.549266 0.211411 1.487664 0.416041 -0.089093 -0.826242
    42 1.218999 -0.000001 -0.000002 0.076519 -0.060605 -1.221542
    43 0.679999 0.000001 0.000000 0.029119 -0.082748 -0.641951
    44 3.698016 0.273718 0.726617 0.250128 -0.108993 -0.986108
    45 1.748999 0.000000 -0.000002 0.020255 -0.017985 -1.043218
    46 0.959996 0.000000 0.000000 0.015675 -0.036226 -0.705571
    47 3.768499 0.151954 -0.072746 -0.036173 -0.085080 -0.860942
    48 2.037997 0.000002 -0.000003 -0.004272 0.001742 -1.428344
    49 1.066998 0.000000 -0.000001 -0.001429 0.005624 -0.566382
    50 3.783906 -0.023949 -0.794455 -0.348600 -0.066341 -0.752502
    51 1.629001 0.000002 0.000000 -0.062588 0.029671 -1.321899
    52 0.955999 0.000000 -0.000002 -0.031449 0.062230 -0.638366
    53 1.258940 -0.308543 -1.250054 1.289006 0.530147 -0.654402
    54 1.392999 0.000000 -0.000003 -0.001788 0.370555 0.932381
    55 1.099998 -0.000002 -0.000003 0.000000 -0.013127 -0.286815
    56 0.578998 0.704300 0.000000 0.000000 -1.570790 -3.044320
    57 2.577897 -4.075848 1.825547 1.570743 -1.473520 1.570850
    58 -2.577999 -4.075848 1.825549 1.570743 -1.473520 1.570850
    59 2.330669 -1.877754 0.104131 -1.861302 0.207908 -1.328386
  time 138
    0 -14.428450 -49.226866 23.307130 1.204911 -0.005921 1.572982
    1 0.001573 4.212781 -1.689849 1.542231 -0.251600 1.543722
    2 3.837410 0.000000 0.000000 -0.006333 -0.012085 0.195628
    3 3.617862 0.000000 0.000000 -0.004745 -0.014998 0.053378
    4 7.539774 0.000000 0.000000 0.000000 0.000000 0.155813
    5 3.178292 0.000001 0.000000 3.164279 0.019428 -0.038614
    6 2.970271 0.000000 0.000001 0.029173 -0.018510 0.101503
    7 -0.000002 0.000001 0.000000 -1.570796 0.000000 -1.326450
    8 2.023705 0.907460 0.852577 3.231605 -1.255053 1.315502
    9 4.983657 -0.000003 0.000000 -2.024917 -1.006808 -0.010952
    10 11.123049 -0.000003 0.000001 -0.000001 -0.000001 -0.854243
    11 11.208297 -0.000001 0.000013 1.785774 -0.067875 0.661893
    12 2.676087 -1.712447 0.000003 1.570795 0.000000 1.570797
    13 2.023707 0.907463 -0.852527 -1.859001 1.343349 -3.535503
    14 4.983657 -0.000004 0.000000 1.561816 0.342211 -0.442135
    15 11.123040 -0.000006 -0.000006 0.000000 0.000001 -0.740403
    16 11.208287 0.000000 -0.000016 -2.024785 0.355864 -0.251108
    17 2.676081 -1.712434 -0.000003 -1.570797 -0.000001 -1.570797
    18 3.984014 -0.000005 -0.000003 -2.692110 -1.433528 -0.193562
    19 15.940006 0.000002 0.000000 0.000000 0.000000 1.150326
    20 17.709558 0.000004 0.000002 -0.341262 -0.042528 -1.337727
    21 6.203996 0.000000 0.000001 -0.011146 0.000934 -0.500515
    22 -3.984013 0.000007 0.000007 -3.505713 -1.470263 0.176699
    23 15.940015 0.000000 0.000000 0.000000 0.000000 1.253885
    24 17.709572 -0.000006 0.000001 0.204701 0.225087 -1.372810
    25 6.204001 0.000003 -0.000001 -0.078651 -0.006185 -0.498943
    26 3.549240 0.198821 -1.489462 -0.029260 0.007439 -0.600250
    27 1.218999 -0.000001 0.000002 -0.076786 0.060269 -1.225982
    28 0.679998 -0.000001 -0.000001 -0.007276 0.087396 -0.386256
    29 3.698007 0.267555 -0.728972 -0.249172 0.111191 -0.977389
    30 1.749001 -0.000001 0.000003 -0.022820 0.014605 -1.199500
    31 0.959999 -0.000001 0.000001 -0.017608 0.035326 -0.759625
    32 3.768500 0.152546 0.071388 0.025559 0.088831 -0.983115
    33 2.037998 0.000001 0.000002 0.004495 -0.001048 -1.584657
    34 1.067001 0.000001 0.000002 0.001725 -0.005541 -0.620370
    35 3.783924 -0.017260 0.794558 0.336487 0.114121 -0.886769
    36 1.629002 -0.000001 0.000003 0.066441 -0.019587 -1.477943
    37 0.956000 0.000000 0.000001 0.034760 -0.060445 -0.692462
    38 1.258965 -0.297983 1.252590 -1.258480 -0.399609 -1.213986
    39 1.393001 0.000001 0.000000 0.001203 -0.139427 0.598645
    40 1.100002 0.000001 -0.000003 -0.119091 -0.234569 0.624350
    41 3.549266 0.211411 1.487664 0.416041 -0.089093 -0.826242
    42 1.218999 -0.000001 -0.000002 0.076519 -0.060605 -1.221542
    43 0.679999 0.000001 0.000000 0.029119 -0.082748 -0.641951
    44 3.698016 0.273718 0.726617 0.250128 -0.108993 -0.986108
    45 1.748999 0.000000 -0.000002 0.020255 -0.017985 -1.043218
    46 0.959996 0.000000 0.000000 0.015675 -0.036226 -0.705571
    47 3.768499 0.151954 -0.072746 -0.036173 -0.085080 -0.860942
    48 2.037997 0.000002 -0.000003 -0.004272 0.001742 -1.428344
    49 1.066998 0.000000 -0.000001 -0.001429 0.005624 -0.566382
    50 3.783906 -0.023949 -0.794455 -0.348600 -0.066341 -0.752502
    51 1.629001 0.000002 0.000000 -0.062588 0.029671 -1.321899
    52 0.955999 0.000000 -0.000002 -0.031449 0.062230 -0.638366
    53 1.258940 -0.308543 -1.250054 1.289006 0.530147 -0.654402
    54 1.392999 0.000000 -0.000003 -0.001788 0.370555 0.932381
    55 1.099998 -0.000002 -0.000003 0.000000 -0.013127 -0.286815
    56 0.578998 0.704300 0.000000 0.000000 -1.570790 -3.044320
    57 2.577897 -4.075848 1.825547 1.570743 -1.473520 1.570850
    58 -2.577999 -4.075848 1.825549 1.570743 -1.473520 1.570850
    59 2.330669 -1.877754 0.104131 -1.861302 0.207908 -1.328386
  time 139
    0 -14.431179 -49.226660 23.307130 1.204911 -0.002843 1.571856
    1 0.001573 4.212781 -1.689849 1.558817 -0.248037 1.549584
    2 3.837410 0.000000 0.000000 -0.003632 -0.013744 0.192557
    3 3.617862 0.000000 0.000000 -0.005373 -0.014574 0.058659
    4 7.539774 0.000000 0.000000 0.000000 0.000000 0.155813
    5 3.178292 0.000001 0.000000 3.158065 0.022278 -0.033111
    6 2.970271 0.000000 0.000001 0.022746 -0.021392 0.104416
    7 -0.000002 0.000001 0.000000 -1.570796 0.000000 -1.326450
    8 2.023705 0.907460 0.852577 3.274906 -1.252642 1.269117
    9 4.983657 -0.000003 0.000000 -2.022433 -1.043739 -0.017944
    10 11.123049 -0.000003 0.000001 -0.000001 -0.000001 -0.819098
    11 11.208297 -0.000001 0.000013 1.780981 -0.072087 0.646027
    12 2.676087 -1.712447 0.000003 1.570795 0.000000 1.570797
    13 2.023707 0.907463 -0.852527 -1.782063 1.339555 -3.456803
    14 4.983657 -0.000004 0.000000 1.571779 0.346364 -0.436465
    15 11.123040 -0.000006 -0.000006 0.000000 0.000001 -0.728335
    16 11.208287 0.000000 -0.000016 -2.028106 0.350109 -0.258770
    17 2.676081 -1.712434 -0.000003 -1.570797 -0.000001 -1.570797
    18 3.984014 -0.000005 -0.000003 -2.662974 -1.440305 -0.209085
    19 15.940006 0.000002 0.000000 0.000000 0.000000 1.151136
    20 17.709558 0.000004 0.000002 -0.350288 -0.051573 -1.337294
    21 6.203996 0.000000 0.000001 -0.011146 0.000934 -0.500515
    22 -3.984013 0.000007 0.000007 -3.508492 -1.474804 0.188774
    23 15.940015 0.000000 0.000000 0.000000 0.000000 1.253042
    24 17.709572 -0.000006 0.000001 0.199185 0.219879 -1.374039
    25 6.204001 0.000003 -0.000001 -0.078651 -0.006185 -0.498943
    26 3.549240 0.198821 -1.489462 -0.029240 0.007439 -0.600250
    27 1.218999 -0.000001 0.000002 -0.076786 0.060269 -1.225982
    28 0.679998 -0.000001 -0.000001 -0.007276 0.087396 -0.386256
    29 3.698007 0.267555 -0.728972 -0.249172 0.111191 -0.977389
    30 1.749001 -0.000001 0.000003 -0.022820 0.014605 -1.199500
    31 0.959999 -0.000001 0.000001 -0.017608 0.035326 -0.759625
    32 3.768500 0.152546 0.071388 0.025559 0.088831 -0.983115
    33 2.037998 0.000001 0.000002 0.004495 -0.001048 -1.584657
    34 1.067001 0.000001 0.000002 0.001725 -0.005541 -0.620370
    35 3.783924 -0.017260 0.794558 0.336487 0.114121 -0.886769
    36 1.629002 -0.000001 0.000003 0.066441 -0.019587 -1.477943
    37 0.956000 0.000000 0.000001 0.034760 -0.060445 -0.692462
    38 1.258965 -0.297983 1.252590 -1.258480 -0.399609 -1.213986
    39 1.393001 0.000001 0.000000 0.001203 -0.139427 0.598645
    40 1.100002 0.000001 -0.000003 -0.119091 -0.234569 0.624350
    41 3.549266 0.211411 1.487664 0.416041 -0.089093 -0.826242
    42 1.218999 -0.000001 -0.000002 0.076519 -0.060605 -1.221542
    43 0.679999 0.000001 0.000000 0.029119 -0.082748 -0.641951
    44 3.698016 0.273718 0.726617 0.250140 -0.108993 -0.986108
    45 1.748999 0.000000 -0.000002 0.020255 -0.017985 -1.043218
    46 0.959996 0.000000 0.000000 0.015675 -0.036226 -0.705571
    47 3.768499 0.151954 -0.072746 -0.036173 -0.085080 -0.860942
    48 2.037997 0.000002 -0.000003 -0.004272 0.001742 -1.428344
    49 1.066998 0.000000 -0.000001 -0.001429 0.005624 -0.566382
    50 3.783906 -0.023949 -0.794455 -0.348600 -0.066341 -0.752502
    51 1.629001 0.000002 0.000000 -0.062588 0.029671 -1.321899
    52 0.955999 0.000000 -0.000002 -0.031449 0.062242 -0.638366
    53 1.258940 -0.308543 -1.250054 1.289006 0.530147 -0.654402
    54 1.392999 0.000000 -0.000003 -0.001788 0.370555 0.932381
    55 1.099998 -0.000002 -0.000003 0.000000 -0.013127 -0.286815
    56 0.578998 0.704300 0.000000 0.000000 -1.570790 -3.044320
    57 2.577897 -4.075848 1.825547 1.570743 -1.473520 1.570850
    58 -2.577999 -4.075848 1.825549 1.570743 -1.473520 1.570850
    59 2.330669 -1.877754 0.104131 -1.861302 0.207908 -1.328386
  time 140
    0 -14.431870 -49.229222 23.307130 1.204911 0.000009 1.570729
    1 0.001573 4.212781 -1.689849 1.573739 -0.244789 1.554521
    2 3.837410 0.000000 0.000000 -0.000957 -0.015386 0.189764
    3 3.617862 0.000000 0.000000 -0.005681 -0.014363 0.061290
    4 7.539774 0.000000 0.000000 0.000000 0.000000 0.155813
    5 3.178292 0.000001 0.000000 3.154958 0.023703 -0.030374
    6 2.970271 0.000000 0.000001 0.019533 -0.022832 0.105873
    7 -0.000002 0.000001 0.000000 -1.570796 0.000000 -1.326450
    8 2.023705 0.907460 0.852577 3.312363 -1.249835 1.228865
    9 4.983657 -0.000003 0.000000 -2.019185 -1.081279 -0.027298
    10 11.123049 -0.000003 0.000001 -0.000001 -0.000001 -0.780024
    11 11.208297 -0.000001 0.000013 1.779639 -0.076782 0.628026
    12 2.676087 -1.712447 0.000003 1.570795 0.000000 1.570797
    13 2.023707 0.907463 -0.852527 -1.710006 1.334150 -3.382991
    14 4.983657 -0.000004 0.000000 1.579059 0.353525 -0.431550
    15 11.123040 -0.000006 -0.000006 0.000000 0.000001 -0.711087
    16 11.208287 0.000000 -0.000016 -2.030978 0.344588 -0.268257
    17 2.676081 -1.712434 -0.000003 -1.570797 -0.000001 -1.570797
    18 3.984014 -0.000005 -0.000003 -2.637383 -1.445927 -0.223075
    19 15.940006 0.000002 0.000000 0.000000 0.000000 1.151873
    20 17.709558 0.000004 0.000002 -0.357797 -0.059051 -1.336948
    21 6.203996 0.000000 0.000001 -0.011146 0.000934 -0.500515
    22 -3.984013 0.000007 0.000007 -3.510505 -1.478704 0.199028
    23 15.940015 0.000000 0.000000 0.000000 0.000000 1.252352
    24 17.709572 -0.000006 0.000001 0.194499 0.215394 -1.375071
    25 6.204001 0.000003 -0.000001 -0.078651 -0.006185 -0.498943
    26 3.549240 0.198821 -1.489462 -0.029240 0.007439 -0.600250
    27 1.218999 -0.000001 0.000002 -0.076786 0.060269 -1.225982
    28 0.679998 -0.000001 -0.000001 -0.007276 0.087396 -0.386256
    29 3.698007 0.267555 -0.728972 -0.249172 0.111191 -0.977389
    30 1.749001 -0.000001 0.000003 -0.022820 0.014605 -1.199500
    31 0.959999 -0.000001 0.000001 -0.017608 0.035326 -0.759625
    32 3.768500 0.152546 0.071388 0.025559 0.088831 -0.983115
    33 2.037998 0.000001 0.000002 0.004495 -0.001048 -1.584657
    34 1.067001 0.000001 0.000002 0.001725 -0.005541 -0.620370
    35 3.783924 -0.017260 0.794558 0.336487 0.114121 -0.886769
    36 1.629002 -0.000001 0.000003 0.066441 -0.019587 -1.477943
    37 0.956000 0.000000 0.000001 0.034760 -0.060445 -0.692462
    38 1.258965 -0.297983 1.252590 -1.258480 -0.399609 -1.213986
    39 1.393001 0.000001 0.000000 0.001203 -0.139427 0.598645
    40 1.100002 0.000001 -0.000003 -0.119091 -0.234569 0.624350
    41 3.549266 0.211411 1.487664 0.416041 -0.089093 -0.826242
    42 1.218999 -0.000001 -0.000002 0.076519 -0.060605 -1.221542
    43 0.679999 0.000001 0.000000 0.029119 -0.082748 -0.641951
    44 3.698016 0.273718 0.726617 0.250140 -0.108993 -0.986108
    45 1.748999 0.000000 -0.000002 0.020255 -0.017985 -1.043218
    46 0.959996 0.000000 0.000000 0.015675 -0.036226 -0.705571
    47 3.768499 0.151954 -0.072746 -0.036173 -0.085080 -0.860942
    48 2.037997 0.000002 -0.000003 -0.004272 0.001742 -1.428344
    49 1.066998 0.000000 -0.000001 -0.001429 0.005624 -0.566382
    50 3.783906 -0.023949 -0.794455 -0.348600 -0.066341 -0.752502
    51 1.629001 0.000002 0.000000 -0.062588 0.029671 -1.321899
    52 0.955999 0.000000 -0.000002 -0.031449 0.062230 -0.638366
    53 1.258940 -0.308543 -1.250054 1.289006 0.530147 -0.654402
    54 1.392999 0.000000 -0.000003 -0.001788 0.370555 0.932381
    55 1.099998 -0.000002 -0.000003 0.000000 -0.013127 -0.286815
    56 0.578998 0.704300 0.000000 0.000000 -1.570790 -3.044320
    57 2.577897 -4.075848 1.825547 1.570743 -1.473520 1.570850
    58 -2.577999 -4.075848 1.825549 1.570743 -1.473520 1.570850
    59 2.330669 -1.877754 0.104131 -1.861302 0.207908 -1.328386
end
