version 1
nodes
  0 "ValveBiped.Bip01_Pelvis" -1
  1 "ValveBiped.Bip01_Spine" 0
  2 "ValveBiped.Bip01_Spine1" 1
  3 "ValveBiped.Bip01_Spine2" 2
  4 "ValveBiped.Bip01_Spine4" 3
  5 "ValveBiped.Bip01_Neck1" 4
  6 "ValveBiped.Bip01_Head1" 5
  7 "ValveBiped.forward" 6
  8 "ValveBiped.Bip01_L_Clavicle" 4
  9 "ValveBiped.Bip01_L_UpperArm" 8
  10 "ValveBiped.Bip01_L_Forearm" 9
  11 "ValveBiped.Bip01_L_Hand" 10
  12 "ValveBiped.Anim_Attachment_LH" 11
  13 "ValveBiped.Bip01_R_Clavicle" 4
  14 "ValveBiped.Bip01_R_UpperArm" 13
  15 "ValveBiped.Bip01_R_Forearm" 14
  16 "ValveBiped.Bip01_R_Hand" 15
  17 "ValveBiped.Anim_Attachment_RH" 16
  18 "ValveBiped.Bip01_L_Thigh" 0
  19 "ValveBiped.Bip01_L_Calf" 18
  20 "ValveBiped.Bip01_L_Foot" 19
  21 "ValveBiped.Bip01_L_Toe0" 20
  22 "ValveBiped.Bip01_R_Thigh" 0
  23 "ValveBiped.Bip01_R_Calf" 22
  24 "ValveBiped.Bip01_R_Foot" 23
  25 "ValveBiped.Bip01_R_Toe0" 24
  26 "ValveBiped.Bip01_L_Finger4" 11
  27 "ValveBiped.Bip01_L_Finger41" 26
  28 "ValveBiped.Bip01_L_Finger42" 27
  29 "ValveBiped.Bip01_L_Finger3" 11
  30 "ValveBiped.Bip01_L_Finger31" 29
  31 "ValveBiped.Bip01_L_Finger32" 30
  32 "ValveBiped.Bip01_L_Finger2" 11
  33 "ValveBiped.Bip01_L_Finger21" 32
  34 "ValveBiped.Bip01_L_Finger22" 33
  35 "ValveBiped.Bip01_L_Finger1" 11
  36 "ValveBiped.Bip01_L_Finger11" 35
  37 "ValveBiped.Bip01_L_Finger12" 36
  38 "ValveBiped.Bip01_L_Finger0" 11
  39 "ValveBiped.Bip01_L_Finger01" 38
  40 "ValveBiped.Bip01_L_Finger02" 39
  41 "ValveBiped.Bip01_R_Finger4" 16
  42 "ValveBiped.Bip01_R_Finger41" 41
  43 "ValveBiped.Bip01_R_Finger42" 42
  44 "ValveBiped.Bip01_R_Finger3" 16
  45 "ValveBiped.Bip01_R_Finger31" 44
  46 "ValveBiped.Bip01_R_Finger32" 45
  47 "ValveBiped.Bip01_R_Finger2" 16
  48 "ValveBiped.Bip01_R_Finger21" 47
  49 "ValveBiped.Bip01_R_Finger22" 48
  50 "ValveBiped.Bip01_R_Finger1" 16
  51 "ValveBiped.Bip01_R_Finger11" 50
  52 "ValveBiped.Bip01_R_Finger12" 51
  53 "ValveBiped.Bip01_R_Finger0" 16
  54 "ValveBiped.Bip01_R_Finger01" 53
  55 "ValveBiped.Bip01_R_Finger02" 54
  56 "ValveBiped.Bip01_joint1" 3
  57 "ValveBiped.Bip01_L_Pectoral" 56
  58 "ValveBiped.Bip01_R_Pectoral" 56
  59 "ValveBiped.physgun_attachment" 16
end
skeleton
  time 0
    0 -0.003395 0.004619 23.307130 1.205005 0.000009 -0.000013
    1 0.001573 4.212781 -1.689849 1.574436 -0.244244 1.554945
    2 3.837410 0.000000 0.000000 -0.000025 -0.015875 0.189337
    3 3.617862 0.000000 0.000000 -0.001500 -0.014332 0.057992
    4 7.539774 0.000000 0.000000 0.000000 0.000000 0.155813
    5 3.178292 0.000001 0.000000 3.153932 0.023783 -0.031102
    6 2.970271 0.000000 0.000001 0.018814 -0.024806 0.107194
    7 -0.000002 0.000001 0.000000 -1.570796 0.000000 -1.326450
    8 2.023705 0.907460 0.852577 3.312363 -1.249835 1.228865
    9 4.983657 -0.000003 0.000000 -2.016414 -1.096092 -0.030700
    10 11.123049 -0.000003 0.000001 -0.000001 -0.000001 -0.761609
    11 11.208297 -0.000001 0.000013 1.780981 -0.078273 0.618492
    12 2.676087 -1.712447 0.000003 1.570795 0.000000 1.570797
    13 2.023707 0.907463 -0.852527 -1.710006 1.334150 -3.382991
    14 4.983657 -0.000004 0.000000 1.579538 0.347796 -0.432117
    15 11.123040 -0.000006 -0.000006 0.000000 0.000001 -0.707864
    16 11.208287 0.000000 -0.000016 -2.030978 0.344541 -0.270081
    17 2.676081 -1.712434 -0.000003 -1.570797 -0.000001 -1.570797
    18 3.984014 -0.000005 -0.000003 -2.638246 -1.445927 -0.222117
    19 15.940006 0.000002 0.000000 0.000000 0.000000 1.151873
    20 17.709558 0.000004 0.000002 -0.357797 -0.059051 -1.336948
    21 6.203996 0.000000 0.000001 -0.011146 0.000934 -0.500515
    22 -3.984013 0.000007 0.000007 -3.511751 -1.478704 0.200273
    23 15.940015 0.000000 0.000000 0.000000 0.000000 1.252352
    24 17.709572 -0.000006 0.000001 0.194499 0.215394 -1.375071
    25 6.204001 0.000003 -0.000001 -0.078651 -0.006185 -0.498943
    26 3.549240 0.198821 -1.489462 -0.029240 0.007439 -0.600250
    27 1.218999 -0.000001 0.000002 -0.076786 0.060269 -1.225982
    28 0.679998 -0.000001 -0.000001 -0.007276 0.087396 -0.386256
    29 3.698007 0.267555 -0.728972 -0.249172 0.111191 -0.977389
    30 1.749001 -0.000001 0.000003 -0.022820 0.014605 -1.199500
    31 0.959999 -0.000001 0.000001 -0.017608 0.035326 -0.759625
    32 3.768500 0.152546 0.071388 0.025559 0.088831 -0.983115
    33 2.037998 0.000001 0.000002 0.004495 -0.001048 -1.584657
    34 1.067001 0.000001 0.000002 0.001725 -0.005541 -0.620370
    35 3.783924 -0.017260 0.794558 0.336487 0.114121 -0.886769
    36 1.629002 -0.000001 0.000003 0.066441 -0.019587 -1.477943
    37 0.956000 0.000000 0.000001 0.034760 -0.060445 -0.692462
    38 1.258965 -0.297983 1.252590 -1.258480 -0.399609 -1.213986
    39 1.393001 0.000001 0.000000 0.001203 -0.139427 0.598645
    40 1.100002 0.000001 -0.000003 -0.119091 -0.234569 0.624350
    41 3.549266 0.211411 1.487664 0.416041 -0.089093 -0.826242
    42 1.218999 -0.000001 -0.000002 0.076519 -0.060605 -1.221542
    43 0.679999 0.000001 0.000000 0.029119 -0.082748 -0.641951
    44 3.698016 0.273718 0.726617 0.250140 -0.108993 -0.986108
    45 1.748999 0.000000 -0.000002 0.020255 -0.017985 -1.043218
    46 0.959996 0.000000 0.000000 0.015675 -0.036226 -0.705571
    47 3.768499 0.151954 -0.072746 -0.036173 -0.085080 -0.860942
    48 2.037997 0.000002 -0.000003 -0.004272 0.001742 -1.428344
    49 1.066998 0.000000 -0.000001 -0.001429 0.005624 -0.566382
    50 3.783906 -0.023949 -0.794455 -0.348600 -0.066341 -0.752502
    51 1.629001 0.000002 0.000000 -0.062588 0.029671 -1.321899
    52 0.955999 0.000000 -0.000002 -0.031449 0.062242 -0.638366
    53 1.258940 -0.308543 -1.250054 1.289006 0.530147 -0.654402
    54 1.392999 0.000000 -0.000003 -0.001788 0.370555 0.932381
    55 1.099998 -0.000002 -0.000003 0.000000 -0.013127 -0.286815
    56 0.578998 0.704300 0.000000 0.000000 -1.570790 -3.044320
    57 2.577897 -4.075848 1.825547 1.570743 -1.473520 1.570850
    58 -2.577999 -4.075848 1.825549 1.570743 -1.473520 1.570850
    59 2.330669 -1.877754 0.104131 -1.861302 0.207908 -1.328386
  time 1
    0 -0.003395 0.004619 23.307130 1.205005 0.000009 -0.000013
    1 0.001573 4.212781 -1.689849 1.574436 -0.244244 1.554945
    2 3.837410 0.000000 0.000000 -0.000052 -0.015828 0.189370
    3 3.617862 0.000000 0.000000 -0.001513 -0.014272 0.058027
    4 7.539774 0.000000 0.000000 0.000000 0.000000 0.155813
    5 3.178292 0.000001 0.000000 3.156269 0.026312 -0.025774
    6 2.970271 0.000000 0.000001 0.012472 -0.022201 0.111337
    7 -0.000002 0.000001 0.000000 -1.570796 0.000000 -1.326450
    8 2.023705 0.907460 0.852577 3.310064 -1.244815 1.231165
    9 4.983657 -0.000003 0.000000 -2.015173 -1.088229 -0.035046
    10 11.123049 -0.000003 0.000001 -0.000001 -0.000001 -0.767953
    11 11.208297 -0.000001 0.000013 1.783473 -0.078624 0.621267
    12 2.676087 -1.712447 0.000003 1.570795 0.000000 1.570797
    13 2.023707 0.907463 -0.852527 -1.717374 1.334244 -3.390277
    14 4.983657 -0.000004 0.000000 1.578580 0.345314 -0.431078
    15 11.123040 -0.000006 -0.000006 0.000000 0.000001 -0.709633
    16 11.208287 0.000000 -0.000016 -2.028914 0.345992 -0.268768
    17 2.676081 -1.712434 -0.000003 -1.570797 -0.000001 -1.570797
    18 3.984014 -0.000005 -0.000003 -2.661536 -1.441906 -0.205348
    19 15.940006 0.000002 0.000000 0.000000 0.000000 1.151873
    20 17.709558 0.000004 0.000002 -0.352184 -0.053353 -1.337208
    21 6.203996 0.000000 0.000001 -0.011146 0.000934 -0.500515
    22 -3.984013 0.000007 0.000007 -3.508109 -1.477371 0.194715
    23 15.940015 0.000000 0.000000 0.000000 0.000000 1.252352
    24 17.709572 -0.000006 0.000001 0.196160 0.217050 -1.374727
    25 6.204001 0.000003 -0.000001 -0.078651 -0.006185 -0.498943
    26 3.549240 0.198821 -1.489462 -0.029300 0.007545 -0.600737
    27 1.218999 -0.000001 0.000002 -0.076924 0.060281 -1.226452
    28 0.679998 -0.000001 -0.000001 -0.007383 0.087396 -0.386757
    29 3.698007 0.267555 -0.728972 -0.249260 0.111291 -0.977915
    30 1.749001 -0.000001 0.000003 -0.023014 0.014653 -1.199944
    31 0.959999 -0.000001 0.000001 -0.017784 0.035230 -0.760042
    32 3.768500 0.152546 0.071388 0.025460 0.088927 -0.983559
    33 2.037998 0.000001 0.000002 0.004413 -0.001084 -1.585116
    34 1.067001 0.000001 0.000002 0.001688 -0.005613 -0.620870
    35 3.783924 -0.017260 0.794558 0.336407 0.114229 -0.887248
    36 1.629002 -0.000001 0.000003 0.066501 -0.019607 -1.478445
    37 0.956000 0.000000 0.000001 0.034825 -0.060457 -0.692960
    38 1.258965 -0.297983 1.252590 -1.258565 -0.399520 -1.214390
    39 1.393001 0.000001 0.000000 0.001203 -0.138958 0.598587
    40 1.100002 0.000001 -0.000003 -0.118816 -0.234164 0.624217
    41 3.549266 0.211411 1.487664 0.415963 -0.089238 -0.826679
    42 1.218999 -0.000001 -0.000002 0.076519 -0.060605 -1.221542
    43 0.679999 0.000001 0.000000 0.029119 -0.082748 -0.641951
    44 3.698016 0.273718 0.726617 0.250068 -0.109159 -0.986518
    45 1.748999 0.000000 -0.000002 0.020255 -0.017985 -1.043218
    46 0.959996 0.000000 0.000000 0.015675 -0.036226 -0.705571
    47 3.768499 0.151954 -0.072746 -0.036245 -0.085224 -0.861316
    48 2.037997 0.000002 -0.000003 -0.004272 0.001742 -1.428344
    49 1.066998 0.000000 -0.000001 -0.001429 0.005624 -0.566382
    50 3.783906 -0.023949 -0.794455 -0.348700 -0.066496 -0.752921
    51 1.629001 0.000002 0.000000 -0.062588 0.029671 -1.321899
    52 0.955999 0.000000 -0.000002 -0.031449 0.062230 -0.638366
    53 1.258940 -0.308543 -1.250054 1.288919 0.530017 -0.654873
    54 1.392999 0.000000 -0.000003 -0.001788 0.370555 0.932381
    55 1.099998 -0.000002 -0.000003 0.000000 -0.013127 -0.286815
    56 0.578998 0.704300 0.000000 0.000000 -1.570790 -3.044320
    57 2.577897 -4.075848 1.825547 1.570743 -1.473520 1.570850
    58 -2.577999 -4.075848 1.825549 1.570743 -1.473520 1.570850
    59 2.330669 -1.877754 0.104131 -1.861302 0.207908 -1.328386
  time 2
    0 -0.003395 0.004619 23.307130 1.205005 -0.000127 -0.000013
    1 0.001573 4.212781 -1.689849 1.574615 -0.243887 1.554637
    2 3.837410 0.000000 0.000000 -0.000147 -0.015654 0.189468
    3 3.617862 0.000000 0.000000 -0.001602 -0.014090 0.058129
    4 7.539774 0.000000 0.000000 0.000000 0.000000 0.155813
    5 3.178292 0.000001 0.000000 3.158835 0.028459 -0.020475
    6 2.970271 0.000000 0.000001 -0.001903 -0.020740 0.113112
    7 -0.000002 0.000001 0.000000 -1.570796 0.000000 -1.326450
    8 2.023705 0.907460 0.852577 3.307669 -1.239399 1.233657
    9 4.983657 -0.000003 0.000000 -2.014026 -1.080417 -0.039676
    10 11.123049 -0.000003 0.000001 -0.000001 -0.000001 -0.773455
    11 11.208297 -0.000001 0.000013 1.786158 -0.079063 0.623544
    12 2.676087 -1.712447 0.000003 1.570795 0.000000 1.570797
    13 2.023707 0.907463 -0.852527 -1.724934 1.334292 -3.397658
    14 4.983657 -0.000004 0.000000 1.577335 0.343357 -0.430038
    15 11.123040 -0.000006 -0.000006 0.000000 0.000001 -0.710328
    16 11.208287 0.000000 -0.000016 -2.026760 0.347536 -0.267746
    17 2.676081 -1.712434 -0.000003 -1.570797 -0.000001 -1.570797
    18 3.984014 -0.000005 -0.000003 -2.686360 -1.437214 -0.187909
    19 15.940006 0.000002 0.000000 0.000000 0.000000 1.151873
    20 17.709558 0.000004 0.000002 -0.345813 -0.046872 -1.337554
    21 6.203996 0.000000 0.000001 -0.011146 0.000934 -0.500515
    22 -3.984013 0.000007 0.000007 -3.504083 -1.475890 0.188678
    23 15.940015 0.000000 0.000000 0.000000 0.000000 1.252352
    24 17.709572 -0.000006 0.000001 0.198058 0.218878 -1.374334
    25 6.204001 0.000003 -0.000001 -0.078651 -0.006185 -0.498943
    26 3.549240 0.198821 -1.489462 -0.029341 0.007677 -0.601224
    27 1.218999 -0.000001 0.000002 -0.077077 0.060281 -1.226922
    28 0.679998 -0.000001 -0.000001 -0.007508 0.087396 -0.387258
    29 3.698007 0.267555 -0.728972 -0.249347 0.111392 -0.978394
    30 1.749001 -0.000001 0.000003 -0.023227 0.014701 -1.200387
    31 0.959999 -0.000001 0.000001 -0.017979 0.035122 -0.760543
    32 3.768500 0.152546 0.071388 0.025378 0.089023 -0.984102
    33 2.037998 0.000001 0.000002 0.004332 -0.001131 -1.585626
    34 1.067001 0.000001 0.000002 0.001652 -0.005697 -0.621370
    35 3.783924 -0.017260 0.794558 0.336327 0.114321 -0.887776
    36 1.629002 -0.000001 0.000003 0.066580 -0.019628 -1.478948
    37 0.956000 0.000000 0.000001 0.034912 -0.060469 -0.693489
    38 1.258965 -0.297983 1.252590 -1.258693 -0.399453 -1.214868
    39 1.393001 0.000001 0.000000 0.001203 -0.138435 0.598501
    40 1.100002 0.000001 -0.000003 -0.118528 -0.233739 0.624084
    41 3.549266 0.211411 1.487664 0.415869 -0.089403 -0.827117
    42 1.218999 -0.000001 -0.000002 0.076519 -0.060605 -1.221542
    43 0.679999 0.000001 0.000000 0.029119 -0.082748 -0.641951
    44 3.698016 0.273718 0.726617 0.250008 -0.109339 -0.986927
    45 1.748999 0.000000 -0.000002 0.020255 -0.017985 -1.043218
    46 0.959996 0.000000 0.000000 0.015675 -0.036226 -0.705571
    47 3.768499 0.151954 -0.072746 -0.036340 -0.085391 -0.861798
    48 2.037997 0.000002 -0.000003 -0.004272 0.001742 -1.428344
    49 1.066998 0.000000 -0.000001 -0.001429 0.005624 -0.566382
    50 3.783906 -0.023949 -0.794455 -0.348800 -0.066650 -0.753339
    51 1.629001 0.000002 0.000000 -0.062588 0.029671 -1.321899
    52 0.955999 0.000000 -0.000002 -0.031449 0.062230 -0.638366
    53 1.258940 -0.308543 -1.250054 1.288746 0.529865 -0.655381
    54 1.392999 0.000000 -0.000003 -0.001788 0.370555 0.932381
    55 1.099998 -0.000002 -0.000003 0.000000 -0.013127 -0.286815
    56 0.578998 0.704300 0.000000 0.000000 -1.570790 -3.044320
    57 2.577897 -4.075848 1.825547 1.570743 -1.473520 1.570850
    58 -2.577999 -4.075848 1.825549 1.570743 -1.473520 1.570850
    59 2.330669 -1.877754 0.104131 -1.861302 0.207908 -1.328386
  time 3
    0 -0.003395 0.004619 23.307130 1.204911 -0.000308 -0.000013
    1 0.001573 4.212781 -1.689849 1.574773 -0.243531 1.554290
    2 3.837410 0.000000 0.000000 -0.000282 -0.015386 0.189633
    3 3.617862 0.000000 0.000000 -0.001718 -0.013818 0.058283
    4 7.539774 0.000000 0.000000 0.000000 0.000000 0.155813
    5 3.178292 0.000001 0.000000 3.161628 0.030627 -0.014855
    6 2.970271 0.000000 0.000001 -0.022874 -0.019694 0.113750
    7 -0.000002 0.000001 0.000000 -1.570796 0.000000 -1.326450
    8 2.023705 0.907460 0.852577 3.305178 -1.233786 1.236244
    9 4.983657 -0.000003 0.000000 -2.013071 -1.071793 -0.044589
    10 11.123049 -0.000003 0.000001 -0.000001 -0.000001 -0.779687
    11 11.208297 -0.000001 0.000013 1.789130 -0.079502 0.626105
    12 2.676087 -1.712447 0.000003 1.570795 0.000000 1.570797
    13 2.023707 0.907463 -0.852527 -1.732685 1.334387 -3.405231
    14 4.983657 -0.000004 0.000000 1.575994 0.341065 -0.428810
    15 11.123040 -0.000006 -0.000006 0.000000 0.000001 -0.711908
    16 11.208287 0.000000 -0.000016 -2.024426 0.349220 -0.266287
    17 2.676081 -1.712434 -0.000003 -1.570797 -0.000001 -1.570797
    18 3.984014 -0.000005 -0.000003 -2.708212 -1.432746 -0.173152
    19 15.940006 0.000002 0.000000 0.000000 0.000000 1.151799
    20 17.709558 0.000004 0.000002 -0.339745 -0.040712 -1.337900
    21 6.203996 0.000000 0.000001 -0.011146 0.000934 -0.500515
    22 -3.984013 0.000007 0.000007 -3.500058 -1.474310 0.182257
    23 15.940015 0.000000 0.000000 0.000000 0.000000 1.252352
    24 17.709572 -0.000006 0.000001 0.200015 0.220879 -1.373892
    25 6.204001 0.000003 -0.000001 -0.078651 -0.006185 -0.498943
    26 3.549240 0.198821 -1.489462 -0.029381 0.007782 -0.601759
    27 1.218999 -0.000001 0.000002 -0.077215 0.060281 -1.227497
    28 0.679998 -0.000001 -0.000001 -0.007633 0.087396 -0.387800
    29 3.698007 0.267555 -0.728972 -0.249435 0.111493 -0.978968
    30 1.749001 -0.000001 0.000003 -0.023459 0.014760 -1.200879
    31 0.959999 -0.000001 0.000001 -0.018175 0.035026 -0.761043
    32 3.768500 0.152546 0.071388 0.025280 0.089119 -0.984645
    33 2.037998 0.000001 0.000002 0.004250 -0.001179 -1.586136
    34 1.067001 0.000001 0.000002 0.001616 -0.005781 -0.621912
    35 3.783924 -0.017260 0.794558 0.336247 0.114445 -0.888303
    36 1.629002 -0.000001 0.000003 0.066640 -0.019670 -1.479496
    37 0.956000 0.000000 0.000001 0.034998 -0.060481 -0.694017
    38 1.258965 -0.297983 1.252590 -1.258821 -0.399386 -1.215345
    39 1.393001 0.000001 0.000000 0.001186 -0.137895 0.598444
    40 1.100002 0.000001 -0.000003 -0.118217 -0.233292 0.623950
    41 3.549266 0.211411 1.487664 0.415759 -0.089568 -0.827603
    42 1.218999 -0.000001 -0.000002 0.076519 -0.060605 -1.221542
    43 0.679999 0.000001 0.000000 0.029119 -0.082748 -0.641951
    44 3.698016 0.273718 0.726617 0.249936 -0.109532 -0.987439
    45 1.748999 0.000000 -0.000002 0.020255 -0.017985 -1.043218
    46 0.959996 0.000000 0.000000 0.015675 -0.036226 -0.705571
    47 3.768499 0.151954 -0.072746 -0.036436 -0.085571 -0.862279
    48 2.037997 0.000002 -0.000003 -0.004272 0.001742 -1.428344
    49 1.066998 0.000000 -0.000001 -0.001429 0.005624 -0.566382
    50 3.783906 -0.023949 -0.794455 -0.348900 -0.066836 -0.753810
    51 1.629001 0.000002 0.000000 -0.062588 0.029671 -1.321899
    52 0.955999 0.000000 -0.000002 -0.031449 0.062242 -0.638366
    53 1.258940 -0.308543 -1.250054 1.288615 0.529713 -0.655960
    54 1.392999 0.000000 -0.000003 -0.001788 0.370555 0.932381
    55 1.099998 -0.000002 -0.000003 0.000000 -0.013127 -0.286815
    56 0.578998 0.704300 0.000000 0.000000 -1.570790 -3.044320
    57 2.577897 -4.075848 1.825547 1.570743 -1.473520 1.570850
    58 -2.577999 -4.075848 1.825549 1.570743 -1.473520 1.570850
    59 2.330669 -1.877754 0.104131 -1.861302 0.207908 -1.328386
  time 4
    0 -0.003395 0.004619 23.307130 1.204911 -0.000534 0.000083
    1 0.001573 4.212781 -1.689849 1.575020 -0.243175 1.553981
    2 3.837410 0.000000 0.000000 -0.000471 -0.015038 0.189846
    3 3.617862 0.000000 0.000000 -0.001872 -0.013455 0.058505
    4 7.539774 0.000000 0.000000 0.000000 0.000000 0.155813
    5 3.178292 0.000001 0.000000 3.164364 0.032915 -0.009003
    6 2.970271 0.000000 0.000001 -0.048411 -0.019102 0.113704
    7 -0.000002 0.000001 0.000000 -1.570796 0.000000 -1.326450
    8 2.023705 0.907460 0.852577 3.302687 -1.227935 1.238832
    9 4.983657 -0.000003 0.000000 -2.012402 -1.062458 -0.049597
    10 11.123049 -0.000003 0.000001 -0.000001 -0.000001 -0.786592
    11 11.208297 -0.000001 0.000013 1.792102 -0.079897 0.628809
    12 2.676087 -1.712447 0.000003 1.570795 0.000000 1.570797
    13 2.023707 0.907463 -0.852527 -1.740532 1.334434 -3.412995
    14 4.983657 -0.000004 0.000000 1.574557 0.338631 -0.427298
    15 11.123040 -0.000006 -0.000006 0.000000 0.000001 -0.714183
    16 11.208287 0.000000 -0.000016 -2.022003 0.350951 -0.264243
    17 2.676081 -1.712434 -0.000003 -1.570797 -0.000001 -1.570797
    18 3.984014 -0.000005 -0.000003 -2.723260 -1.429394 -0.163378
    19 15.940006 0.000002 0.000000 0.000000 0.000000 1.151726
    20 17.709558 0.000004 0.000002 -0.335271 -0.036153 -1.338073
    21 6.203996 0.000000 0.000001 -0.011146 0.000934 -0.500515
    22 -3.984013 0.000007 0.000007 -3.495936 -1.472682 0.175645
    23 15.940015 0.000000 0.000000 0.000000 0.000000 1.252352
    24 17.709572 -0.000006 0.000001 0.202151 0.222949 -1.373449
    25 6.204001 0.000003 -0.000001 -0.078651 -0.006185 -0.498943
    26 3.549240 0.198821 -1.489462 -0.029442 0.007914 -0.602295
    27 1.218999 -0.000001 0.000002 -0.077383 0.060281 -1.228019
    28 0.679998 -0.000001 -0.000001 -0.007776 0.087396 -0.388385
    29 3.698007 0.267555 -0.728972 -0.249540 0.111593 -0.979494
    30 1.749001 -0.000001 0.000003 -0.023692 0.014808 -1.201421
    31 0.959999 -0.000001 0.000001 -0.018389 0.034918 -0.761544
    32 3.768500 0.152546 0.071388 0.025182 0.089226 -0.985187
    33 2.037998 0.000001 0.000002 0.004148 -0.001227 -1.586697
    34 1.067001 0.000001 0.000002 0.001580 -0.005889 -0.622454
    35 3.783924 -0.017260 0.794558 0.336167 0.114553 -0.888878
    36 1.629002 -0.000001 0.000003 0.066719 -0.019691 -1.480045
    37 0.956000 0.000000 0.000001 0.035106 -0.060481 -0.694577
    38 1.258965 -0.297983 1.252590 -1.258950 -0.399296 -1.215823
    39 1.393001 0.000001 0.000000 0.001186 -0.137318 0.598387
    40 1.100002 0.000001 -0.000003 -0.117881 -0.232823 0.623817
    41 3.549266 0.211411 1.487664 0.415664 -0.089754 -0.828089
    42 1.218999 -0.000001 -0.000002 0.076519 -0.060605 -1.221542
    43 0.679999 0.000001 0.000000 0.029119 -0.082748 -0.641951
    44 3.698016 0.273718 0.726617 0.249864 -0.109712 -0.987951
    45 1.748999 0.000000 -0.000002 0.020255 -0.017985 -1.043218
    46 0.959996 0.000000 0.000000 0.015675 -0.036226 -0.705571
    47 3.768499 0.151954 -0.072746 -0.036520 -0.085763 -0.862761
    48 2.037997 0.000002 -0.000003 -0.004272 0.001742 -1.428344
    49 1.066998 0.000000 -0.000001 -0.001429 0.005624 -0.566382
    50 3.783906 -0.023949 -0.794455 -0.349029 -0.067006 -0.754333
    51 1.629001 0.000002 0.000000 -0.062588 0.029671 -1.321899
    52 0.955999 0.000000 -0.000002 -0.031449 0.062242 -0.638366
    53 1.258940 -0.308543 -1.250054 1.288485 0.529561 -0.656540
    54 1.392999 0.000000 -0.000003 -0.001788 0.370555 0.932381
    55 1.099998 -0.000002 -0.000003 0.000000 -0.013127 -0.286815
    56 0.578998 0.704300 0.000000 0.000000 -1.570790 -3.044320
    57 2.577897 -4.075848 1.825547 1.570743 -1.473520 1.570850
    58 -2.577999 -4.075848 1.825549 1.570743 -1.473520 1.570850
    59 2.330669 -1.877754 0.104131 -1.861302 0.207908 -1.328386
  time 5
    0 -0.003395 0.004619 23.307130 1.204817 -0.000806 0.000179
    1 0.001573 4.212781 -1.689849 1.575155 -0.242840 1.553672
    2 3.837410 0.000000 0.000000 -0.000687 -0.014628 0.190093
    3 3.617862 0.000000 0.000000 -0.002064 -0.013031 0.058744
    4 7.539774 0.000000 0.000000 0.000000 0.000000 0.155813
    5 3.178292 0.000001 0.000000 3.167044 0.035424 -0.002947
    6 2.970271 0.000000 0.000001 -0.076992 -0.018787 0.113431
    7 -0.000002 0.000001 0.000000 -1.570796 0.000000 -1.326450
    8 2.023705 0.907460 0.852577 3.300292 -1.222045 1.241324
    9 4.983657 -0.000003 0.000000 -2.011924 -1.052566 -0.054699
    10 11.123049 -0.000003 0.000001 -0.000001 -0.000001 -0.794059
    11 11.208297 -0.000001 0.000013 1.795266 -0.080291 0.631584
    12 2.676087 -1.712447 0.000003 1.570795 0.000000 1.570797
    13 2.023707 0.907463 -0.852527 -1.748571 1.334529 -3.420856
    14 4.983657 -0.000004 0.000000 1.573120 0.335958 -0.425502
    15 11.123040 -0.000006 -0.000006 0.000000 0.000001 -0.717215
    16 11.208287 0.000000 -0.000016 -2.019579 0.352776 -0.261835
    17 2.676081 -1.712434 -0.000003 -1.570797 -0.000001 -1.570797
    18 3.984014 -0.000005 -0.000003 -2.728436 -1.428017 -0.160504
    19 15.940006 0.000002 0.000000 0.000000 0.000000 1.151652
    20 17.709558 0.000004 0.000002 -0.333526 -0.034337 -1.338160
    21 6.203996 0.000000 0.000001 -0.011146 0.000934 -0.500515
    22 -3.984013 0.000007 0.000007 -3.491911 -1.471003 0.169033
    23 15.940015 0.000000 0.000000 0.000000 0.000000 1.252352
    24 17.709572 -0.000006 0.000001 0.204286 0.225122 -1.372958
    25 6.204001 0.000003 -0.000001 -0.078651 -0.006185 -0.498943
    26 3.549240 0.198821 -1.489462 -0.029502 0.008073 -0.602879
    27 1.218999 -0.000001 0.000002 -0.077537 0.060293 -1.228593
    28 0.679998 -0.000001 -0.000001 -0.007919 0.087396 -0.388969
    29 3.698007 0.267555 -0.728972 -0.249645 0.111694 -0.980068
    30 1.749001 -0.000001 0.000003 -0.023925 0.014868 -1.201963
    31 0.959999 -0.000001 0.000001 -0.018604 0.034799 -0.762127
    32 3.768500 0.152546 0.071388 0.025083 0.089334 -0.985779
    33 2.037998 0.000001 0.000002 0.004066 -0.001287 -1.587308
    34 1.067001 0.000001 0.000002 0.001526 -0.005985 -0.623038
    35 3.783924 -0.017260 0.794558 0.336067 0.114661 -0.889453
    36 1.629002 -0.000001 0.000003 0.066798 -0.019712 -1.480639
    37 0.956000 0.000000 0.000001 0.035193 -0.060493 -0.695168
    38 1.258965 -0.297983 1.252590 -1.259078 -0.399207 -1.216374
    39 1.393001 0.000001 0.000000 0.001186 -0.136742 0.598329
    40 1.100002 0.000001 -0.000003 -0.117545 -0.232334 0.623640
    41 3.549266 0.211411 1.487664 0.415554 -0.089940 -0.828624
    42 1.218999 -0.000001 -0.000002 0.076519 -0.060605 -1.221542
    43 0.679999 0.000001 0.000000 0.029119 -0.082748 -0.641951
    44 3.698016 0.273718 0.726617 0.249804 -0.109919 -0.988463
    45 1.748999 0.000000 -0.000002 0.020255 -0.017985 -1.043218
    46 0.959996 0.000000 0.000000 0.015675 -0.036226 -0.705571
    47 3.768499 0.151954 -0.072746 -0.036616 -0.085943 -0.863296
    48 2.037997 0.000002 -0.000003 -0.004272 0.001742 -1.428344
    49 1.066998 0.000000 -0.000001 -0.001429 0.005624 -0.566382
    50 3.783906 -0.023949 -0.794455 -0.349143 -0.067207 -0.754856
    51 1.629001 0.000002 0.000000 -0.062588 0.029671 -1.321899
    52 0.955999 0.000000 -0.000002 -0.031449 0.062242 -0.638366
    53 1.258940 -0.308543 -1.250054 1.288311 0.529388 -0.657156
    54 1.392999 0.000000 -0.000003 -0.001788 0.370555 0.932381
    55 1.099998 -0.000002 -0.000003 0.000000 -0.013127 -0.286815
    56 0.578998 0.704300 0.000000 0.000000 -1.570790 -3.044320
    57 2.577897 -4.075848 1.825547 1.570743 -1.473520 1.570850
    58 -2.577999 -4.075848 1.825549 1.570743 -1.473520 1.570850
    59 2.330669 -1.877754 0.104131 -1.861302 0.207908 -1.328386
  time 6
    0 -0.003395 0.004619 23.307130 1.204723 -0.001168 0.000275
    1 0.001573 4.212781 -1.689849 1.575132 -0.242546 1.553441
    2 3.837410 0.000000 0.000000 -0.000944 -0.014138 0.190388
    3 3.617862 0.000000 0.000000 -0.002282 -0.012517 0.059052
    4 7.539774 0.000000 0.000000 0.000000 0.000000 0.155813
    5 3.178292 0.000001 0.000000 3.169723 0.038233 0.003284
    6 2.970271 0.000000 0.000001 -0.107095 -0.018510 0.113568
    7 -0.000002 0.000001 0.000000 -1.570796 0.000000 -1.326450
    8 2.023705 0.907460 0.852577 3.297897 -1.216116 1.243816
    9 4.983657 -0.000003 0.000000 -2.011733 -1.042014 -0.059990
    10 11.123049 -0.000003 0.000001 -0.000001 -0.000001 -0.802200
    11 11.208297 -0.000001 0.000013 1.798333 -0.080599 0.634501
    12 2.676087 -1.712447 0.000003 1.570795 0.000000 1.570797
    13 2.023707 0.907463 -0.852527 -1.756704 1.334576 -3.428908
    14 4.983657 -0.000004 0.000000 1.571587 0.333141 -0.423517
    15 11.123040 -0.000006 -0.000006 0.000000 0.000001 -0.721006
    16 11.208287 0.000000 -0.000016 -2.017066 0.354648 -0.258843
    17 2.676081 -1.712434 -0.000003 -1.570797 -0.000001 -1.570797
    18 3.984014 -0.000005 -0.000003 -2.726998 -1.428017 -0.162133
    19 15.940006 0.000002 0.000000 0.000000 0.000000 1.151578
    20 17.709558 0.000004 0.000002 -0.333526 -0.034373 -1.338246
    21 6.203996 0.000000 0.000001 -0.011146 0.000934 -0.500515
    22 -3.984013 0.000007 0.000007 -3.487981 -1.469276 0.162516
    23 15.940015 0.000000 0.000000 0.000000 0.000000 1.252352
    24 17.709572 -0.000006 0.000001 0.206481 0.227295 -1.372466
    25 6.204001 0.000003 -0.000001 -0.078651 -0.006185 -0.498943
    26 3.549240 0.198821 -1.489462 -0.029542 0.008205 -0.603463
    27 1.218999 -0.000001 0.000002 -0.077705 0.060305 -1.229220
    28 0.679998 -0.000001 -0.000001 -0.008061 0.087396 -0.389554
    29 3.698007 0.267555 -0.728972 -0.249751 0.111809 -0.980690
    30 1.749001 -0.000001 0.000003 -0.024196 0.014916 -1.202505
    31 0.959999 -0.000001 0.000001 -0.018838 0.034679 -0.762670
    32 3.768500 0.152546 0.071388 0.024985 0.089442 -0.986371
    33 2.037998 0.000001 0.000002 0.003964 -0.001335 -1.587869
    34 1.067001 0.000001 0.000002 0.001489 -0.006081 -0.623664
    35 3.783924 -0.017260 0.794558 0.335967 0.114784 -0.890028
    36 1.629002 -0.000001 0.000003 0.066878 -0.019754 -1.481233
    37 0.956000 0.000000 0.000001 0.035279 -0.060517 -0.695759
    38 1.258965 -0.297983 1.252590 -1.259206 -0.399140 -1.216888
    39 1.393001 0.000001 0.000000 0.001168 -0.136147 0.598243
    40 1.100002 0.000001 -0.000003 -0.117198 -0.231844 0.623506
    41 3.549266 0.211411 1.487664 0.415460 -0.090146 -0.829159
    42 1.218999 -0.000001 -0.000002 0.076519 -0.060605 -1.221542
    43 0.679999 0.000001 0.000000 0.029119 -0.082748 -0.641951
    44 3.698016 0.273718 0.726617 0.249733 -0.110126 -0.988975
    45 1.748999 0.000000 -0.000002 0.020255 -0.017985 -1.043218
    46 0.959996 0.000000 0.000000 0.015675 -0.036226 -0.705571
    47 3.768499 0.151954 -0.072746 -0.036724 -0.086134 -0.863831
    48 2.037997 0.000002 -0.000003 -0.004272 0.001742 -1.428344
    49 1.066998 0.000000 -0.000001 -0.001429 0.005624 -0.566382
    50 3.783906 -0.023949 -0.794455 -0.349258 -0.067393 -0.755380
    51 1.629001 0.000002 0.000000 -0.062588 0.029671 -1.321899
    52 0.955999 0.000000 -0.000002 -0.031449 0.062230 -0.638366
    53 1.258940 -0.308543 -1.250054 1.288138 0.529236 -0.657736
    54 1.392999 0.000000 -0.000003 -0.001788 0.370555 0.932381
    55 1.099998 -0.000002 -0.000003 0.000000 -0.013127 -0.286815
    56 0.578998 0.704300 0.000000 0.000000 -1.570790 -3.044320
    57 2.577897 -4.075848 1.825547 1.570743 -1.473520 1.570850
    58 -2.577999 -4.075848 1.825549 1.570743 -1.473520 1.570850
    59 2.330669 -1.877754 0.104131 -1.861302 0.207908 -1.328386
  time 7
    0 -0.003395 0.004619 23.307130 1.204629 -0.001485 0.000371
    1 0.001573 4.212781 -1.689849 1.574975 -0.242316 1.553325
    2 3.837410 0.000000 0.000000 -0.001228 -0.013601 0.190700
    3 3.617862 0.000000 0.000000 -0.002526 -0.011972 0.059376
    4 7.539774 0.000000 0.000000 0.000000 0.000000 0.155813
    5 3.178292 0.000001 0.000000 3.172345 0.041545 0.009602
    6 2.970271 0.000000 0.000001 -0.137072 -0.017918 0.114524
    7 -0.000002 0.000001 0.000000 -1.570796 0.000000 -1.326450
    8 2.023705 0.907460 0.852577 3.295694 -1.210305 1.246212
    9 4.983657 -0.000003 0.000000 -2.011829 -1.030955 -0.065376
    10 11.123049 -0.000003 0.000001 -0.000001 -0.000001 -0.810846
    11 11.208297 -0.000001 0.000013 1.801497 -0.080862 0.637489
    12 2.676087 -1.712447 0.000003 1.570795 0.000000 1.570797
    13 2.023707 0.907463 -0.852527 -1.765030 1.334624 -3.437056
    14 4.983657 -0.000004 0.000000 1.570055 0.330134 -0.421344
    15 11.123040 -0.000006 -0.000006 0.000000 0.000001 -0.725745
    16 11.208287 0.000000 -0.000016 -2.014643 0.356566 -0.255340
    17 2.676081 -1.712434 -0.000003 -1.570797 -0.000001 -1.570797
    18 3.984014 -0.000005 -0.000003 -2.724794 -1.428128 -0.164432
    19 15.940006 0.000002 0.000000 0.000000 0.000000 1.151431
    20 17.709558 0.000004 0.000002 -0.333754 -0.034622 -1.338246
    21 6.203996 0.000000 0.000001 -0.011146 0.000934 -0.500515
    22 -3.984013 0.000007 0.000007 -3.484243 -1.467597 0.156096
    23 15.940015 0.000000 0.000000 0.000000 0.000000 1.252352
    24 17.709572 -0.000006 0.000001 0.208676 0.229434 -1.372024
    25 6.204001 0.000003 -0.000001 -0.078651 -0.006185 -0.498943
    26 3.549240 0.198821 -1.489462 -0.029603 0.008337 -0.604047
    27 1.218999 -0.000001 0.000002 -0.077889 0.060305 -1.229794
    28 0.679998 -0.000001 -0.000001 -0.008204 0.087396 -0.390180
    29 3.698007 0.267555 -0.728972 -0.249856 0.111924 -0.981312
    30 1.749001 -0.000001 0.000003 -0.024448 0.014976 -1.203046
    31 0.959999 -0.000001 0.000001 -0.019053 0.034559 -0.763212
    32 3.768500 0.152546 0.071388 0.024870 0.089562 -0.986963
    33 2.037998 0.000001 0.000002 0.003862 -0.001383 -1.588481
    34 1.067001 0.000001 0.000002 0.001435 -0.006189 -0.624247
    35 3.783924 -0.017260 0.794558 0.335887 0.114908 -0.890651
    36 1.629002 -0.000001 0.000003 0.066957 -0.019796 -1.481827
    37 0.956000 0.000000 0.000001 0.035387 -0.060529 -0.696382
    38 1.258965 -0.297983 1.252590 -1.259376 -0.399051 -1.217439
    39 1.393001 0.000001 0.000000 0.001168 -0.135534 0.598186
    40 1.100002 0.000001 -0.000003 -0.116838 -0.231333 0.623373
    41 3.549266 0.211411 1.487664 0.415350 -0.090332 -0.829645
    42 1.218999 -0.000001 -0.000002 0.076519 -0.060605 -1.221542
    43 0.679999 0.000001 0.000000 0.029119 -0.082748 -0.641951
    44 3.698016 0.273718 0.726617 0.249649 -0.110320 -0.989487
    45 1.748999 0.000000 -0.000002 0.020255 -0.017985 -1.043218
    46 0.959996 0.000000 0.000000 0.015675 -0.036226 -0.705571
    47 3.768499 0.151954 -0.072746 -0.036820 -0.086338 -0.864366
    48 2.037997 0.000002 -0.000003 -0.004272 0.001742 -1.428344
    49 1.066998 0.000000 -0.000001 -0.001429 0.005624 -0.566382
    50 3.783906 -0.023949 -0.794455 -0.349372 -0.067579 -0.755903
    51 1.629001 0.000002 0.000000 -0.062588 0.029671 -1.321899
    52 0.955999 0.000000 -0.000002 -0.031449 0.062230 -0.638366
    53 1.258940 -0.308543 -1.250054 1.288007 0.529062 -0.658352
    54 1.392999 0.000000 -0.000003 -0.001788 0.370555 0.932381
    55 1.099998 -0.000002 -0.000003 0.000000 -0.013127 -0.286815
    56 0.578998 0.704300 0.000000 0.000000 -1.570790 -3.044320
    57 2.577897 -4.075848 1.825547 1.570743 -1.473520 1.570850
    58 -2.577999 -4.075848 1.825549 1.570743 -1.473520 1.570850
    59 2.330669 -1.877754 0.104131 -1.861302 0.207908 -1.328386
  time 8
    0 -0.003395 0.004619 23.307130 1.204534 -0.001892 0.000467
    1 0.001573 4.212781 -1.689849 1.574638 -0.242316 1.553557
    2 3.837410 0.000000 0.000000 -0.001525 -0.013017 0.191045
    3 3.617862 0.000000 0.000000 -0.002782 -0.011382 0.059701
    4 7.539774 0.000000 0.000000 0.000000 0.000000 0.155813
    5 3.178292 0.000001 0.000000 3.174968 0.045539 0.016211
    6 2.970271 0.000000 0.000001 -0.165568 -0.016261 0.117164
    7 -0.000002 0.000001 0.000000 -1.570796 0.000000 -1.326450
    8 2.023705 0.907460 0.852577 3.293587 -1.204652 1.248416
    9 4.983657 -0.000003 0.000000 -2.012307 -1.019288 -0.070762
    10 11.123049 -0.000003 0.000001 -0.000001 -0.000001 -0.820558
    11 11.208297 -0.000001 0.000013 1.804469 -0.080993 0.640691
    12 2.676087 -1.712447 0.000003 1.570795 0.000000 1.570797
    13 2.023707 0.907463 -0.852527 -1.773355 1.334671 -3.445300
    14 4.983657 -0.000004 0.000000 1.568713 0.326315 -0.418697
    15 11.123040 -0.000006 -0.000006 0.000000 0.000001 -0.732379
    16 11.208287 0.000000 -0.000016 -2.012309 0.358578 -0.250816
    17 2.676081 -1.712434 -0.000003 -1.570797 -0.000001 -1.570797
    18 3.984014 -0.000005 -0.000003 -2.721918 -1.428389 -0.167211
    19 15.940006 0.000002 0.000000 0.000000 0.000000 1.151357
    20 17.709558 0.000004 0.000002 -0.334209 -0.035050 -1.338246
    21 6.203996 0.000000 0.000001 -0.011146 0.000934 -0.500515
    22 -3.984013 0.000007 0.000007 -3.480697 -1.465919 0.149962
    23 15.940015 0.000000 0.000000 0.000000 0.000000 1.252429
    24 17.709572 -0.000006 0.000001 0.210811 0.231538 -1.371533
    25 6.204001 0.000003 -0.000001 -0.078651 -0.006185 -0.498943
    26 3.549240 0.198821 -1.489462 -0.029663 0.008496 -0.604680
    27 1.218999 -0.000001 0.000002 -0.078057 0.060317 -1.230420
    28 0.679998 -0.000001 -0.000001 -0.008347 0.087396 -0.390764
    29 3.698007 0.267555 -0.728972 -0.249961 0.112039 -0.981886
    30 1.749001 -0.000001 0.000003 -0.024700 0.015036 -1.203637
    31 0.959999 -0.000001 0.000001 -0.019288 0.034439 -0.763796
    32 3.768500 0.152546 0.071388 0.024772 0.089670 -0.987555
    33 2.037998 0.000001 0.000002 0.003760 -0.001443 -1.589093
    34 1.067001 0.000001 0.000002 0.001381 -0.006284 -0.624873
    35 3.783924 -0.017260 0.794558 0.335787 0.115047 -0.891275
    36 1.629002 -0.000001 0.000003 0.067036 -0.019817 -1.482466
    37 0.956000 0.000000 0.000001 0.035495 -0.060541 -0.697004
    38 1.258965 -0.297983 1.252590 -1.259505 -0.398961 -1.217990
    39 1.393001 0.000001 0.000000 0.001168 -0.134904 0.598129
    40 1.100002 0.000001 -0.000003 -0.116491 -0.230822 0.623240
    41 3.549266 0.211411 1.487664 0.415256 -0.090497 -0.830180
    42 1.218999 -0.000001 -0.000002 0.076519 -0.060605 -1.221542
    43 0.679999 0.000001 0.000000 0.029119 -0.082748 -0.641951
    44 3.698016 0.273718 0.726617 0.249577 -0.110527 -0.989999
    45 1.748999 0.000000 -0.000002 0.020255 -0.017985 -1.043218
    46 0.959996 0.000000 0.000000 0.015675 -0.036226 -0.705571
    47 3.768499 0.151954 -0.072746 -0.036904 -0.086518 -0.864848
    48 2.037997 0.000002 -0.000003 -0.004272 0.001742 -1.428344
    49 1.066998 0.000000 -0.000001 -0.001429 0.005624 -0.566382
    50 3.783906 -0.023949 -0.794455 -0.349487 -0.067764 -0.756373
    51 1.629001 0.000002 0.000000 -0.062588 0.029671 -1.321899
    52 0.955999 0.000000 -0.000002 -0.031449 0.062230 -0.638366
    53 1.258940 -0.308543 -1.250054 1.287834 0.528889 -0.658968
    54 1.392999 0.000000 -0.000003 -0.001788 0.370555 0.932381
    55 1.099998 -0.000002 -0.000003 0.000000 -0.013127 -0.286815
    56 0.578998 0.704300 0.000000 0.000000 -1.570790 -3.044320
    57 2.577897 -4.075848 1.825547 1.570743 -1.473520 1.570850
    58 -2.577999 -4.075848 1.825549 1.570743 -1.473520 1.570850
    59 2.330669 -1.877754 0.104131 -1.861302 0.207908 -1.328386
  time 9
    0 -0.003395 0.004619 23.307130 1.204440 -0.002300 0.000562
    1 0.001573 4.212781 -1.689849 1.574256 -0.242462 1.554020
    2 3.837410 0.000000 0.000000 -0.001849 -0.012417 0.191407
    3 3.617862 0.000000 0.000000 -0.003064 -0.010747 0.060077
    4 7.539774 0.000000 0.000000 0.000000 0.000000 0.155813
    5 3.178292 0.000001 0.000000 3.177505 0.049774 0.022966
    6 2.970271 0.000000 0.000001 -0.190978 -0.013774 0.121763
    7 -0.000002 0.000001 0.000000 -1.570796 0.000000 -1.326450
    8 2.023705 0.907460 0.852577 3.291671 -1.199236 1.250333
    9 4.983657 -0.000003 0.000000 -2.013262 -1.007518 -0.075958
    10 11.123049 -0.000003 0.000001 -0.000001 -0.000001 -0.830720
    11 11.208297 -0.000001 0.000013 1.807345 -0.081037 0.643892
    12 2.676087 -1.712447 0.000003 1.570795 0.000000 1.570797
    13 2.023707 0.907463 -0.852527 -1.781872 1.334719 -3.453544
    14 4.983657 -0.000004 0.000000 1.567564 0.321970 -0.415768
    15 11.123040 -0.000006 -0.000006 0.000000 0.000001 -0.740340
    16 11.208287 0.000000 -0.000016 -2.010065 0.360590 -0.245561
    17 2.676081 -1.712434 -0.000003 -1.570797 -0.000001 -1.570797
    18 3.984014 -0.000005 -0.000003 -2.718372 -1.428724 -0.170373
    19 15.940006 0.000002 0.000000 0.000000 0.000000 1.151210
    20 17.709558 0.000004 0.000002 -0.334740 -0.035619 -1.338333
    21 6.203996 0.000000 0.000001 -0.011146 0.000934 -0.500515
    22 -3.984013 0.000007 0.000007 -3.477438 -1.464339 0.144213
    23 15.940015 0.000000 0.000000 0.000000 0.000000 1.252429
    24 17.709572 -0.000006 0.000001 0.212828 0.233539 -1.371090
    25 6.204001 0.000003 -0.000001 -0.078651 -0.006185 -0.498943
    26 3.549240 0.198821 -1.489462 -0.029724 0.008654 -0.605264
    27 1.218999 -0.000001 0.000002 -0.078226 0.060329 -1.230995
    28 0.679998 -0.000001 -0.000001 -0.008490 0.087381 -0.391391
    29 3.698007 0.267555 -0.728972 -0.250066 0.112154 -0.982508
    30 1.749001 -0.000001 0.000003 -0.024952 0.015096 -1.204179
    31 0.959999 -0.000001 0.000001 -0.019522 0.034319 -0.764379
    32 3.768500 0.152546 0.071388 0.024657 0.089790 -0.988197
    33 2.037998 0.000001 0.000002 0.003678 -0.001491 -1.589705
    34 1.067001 0.000001 0.000002 0.001344 -0.006392 -0.625457
    35 3.783924 -0.017260 0.794558 0.335687 0.115155 -0.891898
    36 1.629002 -0.000001 0.000003 0.067116 -0.019859 -1.483061
    37 0.956000 0.000000 0.000001 0.035582 -0.060541 -0.697626
    38 1.258965 -0.297983 1.252590 -1.259633 -0.398872 -1.218541
    39 1.393001 0.000001 0.000000 0.001150 -0.134291 0.598043
    40 1.100002 0.000001 -0.000003 -0.116131 -0.230312 0.623062
    41 3.549266 0.211411 1.487664 0.415146 -0.090683 -0.830666
    42 1.218999 -0.000001 -0.000002 0.076519 -0.060605 -1.221542
    43 0.679999 0.000001 0.000000 0.029119 -0.082748 -0.641951
    44 3.698016 0.273718 0.726617 0.249517 -0.110721 -0.990511
    45 1.748999 0.000000 -0.000002 0.020255 -0.017985 -1.043218
    46 0.959996 0.000000 0.000000 0.015675 -0.036226 -0.705571
    47 3.768499 0.151954 -0.072746 -0.037000 -0.086698 -0.865329
    48 2.037997 0.000002 -0.000003 -0.004272 0.001742 -1.428344
    49 1.066998 0.000000 -0.000001 -0.001429 0.005624 -0.566382
    50 3.783906 -0.023949 -0.794455 -0.349601 -0.067935 -0.756897
    51 1.629001 0.000002 0.000000 -0.062588 0.029671 -1.321899
    52 0.955999 0.000000 -0.000002 -0.031449 0.062242 -0.638366
    53 1.258940 -0.308543 -1.250054 1.287703 0.528737 -0.659548
    54 1.392999 0.000000 -0.000003 -0.001788 0.370555 0.932381
    55 1.099998 -0.000002 -0.000003 0.000000 -0.013127 -0.286815
    56 0.578998 0.704300 0.000000 0.000000 -1.570790 -3.044320
    57 2.577897 -4.075848 1.825547 1.570743 -1.473520 1.570850
    58 -2.577999 -4.075848 1.825549 1.570743 -1.473520 1.570850
    59 2.330669 -1.877754 0.104131 -1.861302 0.207908 -1.328386
  time 10
    0 -0.003395 0.004619 23.307130 1.204252 -0.002707 0.000658
    1 0.001573 4.212781 -1.689849 1.573964 -0.242441 1.554328
    2 3.837410 0.000000 0.000000 -0.002173 -0.011785 0.191784
    3 3.617862 0.000000 0.000000 -0.003347 -0.010112 0.060453
    4 7.539774 0.000000 0.000000 0.000000 0.000000 0.155813
    5 3.178292 0.000001 0.000000 3.179984 0.053627 0.029226
    6 2.970271 0.000000 0.000001 -0.211865 -0.011071 0.127864
    7 -0.000002 0.000001 0.000000 -1.570796 0.000000 -1.326450
    8 2.023705 0.907460 0.852577 3.289946 -1.194176 1.252153
    9 4.983657 -0.000003 0.000000 -2.014217 -0.996713 -0.080966
    10 11.123049 -0.000003 0.000001 -0.000001 -0.000001 -0.839646
    11 11.208297 -0.000001 0.000013 1.810221 -0.081081 0.646596
    12 2.676087 -1.712447 0.000003 1.570795 0.000000 1.570797
    13 2.023707 0.907463 -0.852527 -1.790389 1.334766 -3.461979
    14 4.983657 -0.000004 0.000000 1.566414 0.317960 -0.413027
    15 11.123040 -0.000006 -0.000006 0.000000 0.000001 -0.747416
    16 11.208287 0.000000 -0.000016 -2.007911 0.362462 -0.240818
    17 2.676081 -1.712434 -0.000003 -1.570797 -0.000001 -1.570797
    18 3.984014 -0.000005 -0.000003 -2.714346 -1.429208 -0.174015
    19 15.940006 0.000002 0.000000 0.000000 0.000000 1.151063
    20 17.709558 0.000004 0.000002 -0.335422 -0.036332 -1.338333
    21 6.203996 0.000000 0.000001 -0.011146 0.000934 -0.500515
    22 -3.984013 0.000007 0.000007 -3.474467 -1.462859 0.138846
    23 15.940015 0.000000 0.000000 0.000000 0.000000 1.252429
    24 17.709572 -0.000006 0.000001 0.214667 0.235402 -1.370648
    25 6.204001 0.000003 -0.000001 -0.078651 -0.006185 -0.498943
    26 3.549240 0.198821 -1.489462 -0.029785 0.008786 -0.605848
    27 1.218999 -0.000001 0.000002 -0.078394 0.060329 -1.231621
    28 0.679998 -0.000001 -0.000001 -0.008633 0.087381 -0.392017
    29 3.698007 0.267555 -0.728972 -0.250171 0.112269 -0.983130
    30 1.749001 -0.000001 0.000003 -0.025204 0.015156 -1.204770
    31 0.959999 -0.000001 0.000001 -0.019756 0.034199 -0.764922
    32 3.768500 0.152546 0.071388 0.024559 0.089898 -0.988789
    33 2.037998 0.000001 0.000002 0.003576 -0.001551 -1.590317
    34 1.067001 0.000001 0.000002 0.001290 -0.006488 -0.626082
    35 3.783924 -0.017260 0.794558 0.335587 0.115278 -0.892473
    36 1.629002 -0.000001 0.000003 0.067195 -0.019880 -1.483700
    37 0.956000 0.000000 0.000001 0.035690 -0.060565 -0.698248
    38 1.258965 -0.297983 1.252590 -1.259761 -0.398805 -1.219055
    39 1.393001 0.000001 0.000000 0.001133 -0.133678 0.597985
    40 1.100002 0.000001 -0.000003 -0.115784 -0.229822 0.622929
    41 3.549266 0.211411 1.487664 0.415052 -0.090848 -0.831104
    42 1.218999 -0.000001 -0.000002 0.076519 -0.060605 -1.221542
    43 0.679999 0.000001 0.000000 0.029119 -0.082748 -0.641951
    44 3.698016 0.273718 0.726617 0.249445 -0.110886 -0.990972
    45 1.748999 0.000000 -0.000002 0.020255 -0.017985 -1.043218
    46 0.959996 0.000000 0.000000 0.015675 -0.036226 -0.705571
    47 3.768499 0.151954 -0.072746 -0.037096 -0.086866 -0.865811
    48 2.037997 0.000002 -0.000003 -0.004272 0.001742 -1.428344
    49 1.066998 0.000000 -0.000001 -0.001429 0.005624 -0.566382
    50 3.783906 -0.023949 -0.794455 -0.349716 -0.068105 -0.757315
    51 1.629001 0.000002 0.000000 -0.062588 0.029671 -1.321899
    52 0.955999 0.000000 -0.000002 -0.031449 0.062242 -0.638366
    53 1.258940 -0.308543 -1.250054 1.287573 0.528585 -0.660056
    54 1.392999 0.000000 -0.000003 -0.001788 0.370555 0.932381
    55 1.099998 -0.000002 -0.000003 0.000000 -0.013127 -0.286815
    56 0.578998 0.704300 0.000000 0.000000 -1.570790 -3.044320
    57 2.577897 -4.075848 1.825547 1.570743 -1.473520 1.570850
    58 -2.577999 -4.075848 1.825549 1.570743 -1.473520 1.570850
    59 2.330669 -1.877754 0.104131 -1.861302 0.207908 -1.328386
  time 11
    0 -0.003395 0.004619 23.307130 1.204158 -0.003114 0.000754
    1 0.001573 4.212781 -1.689849 1.573874 -0.242211 1.554174
    2 3.837410 0.000000 0.000000 -0.002511 -0.011170 0.192146
    3 3.617862 0.000000 0.000000 -0.003642 -0.009461 0.060829
    4 7.539774 0.000000 0.000000 0.000000 0.000000 0.155813
    5 3.178292 0.000001 0.000000 3.182350 0.056537 0.034525
    6 2.970271 0.000000 0.000001 -0.230130 -0.009255 0.135330
    7 -0.000002 0.000001 0.000000 -1.570796 0.000000 -1.326450
    8 2.023705 0.907460 0.852577 3.288509 -1.189591 1.253591
    9 4.983657 -0.000003 0.000000 -2.015077 -0.987480 -0.085407
    10 11.123049 -0.000003 0.000001 -0.000001 -0.000001 -0.846889
    11 11.208297 -0.000001 0.000013 1.813002 -0.081257 0.648801
    12 2.676087 -1.712447 0.000003 1.570795 0.000000 1.570797
    13 2.023707 0.907463 -0.852527 -1.799001 1.334766 -3.470415
    14 4.983657 -0.000004 0.000000 1.565265 0.314762 -0.410759
    15 11.123040 -0.000006 -0.000006 0.000000 0.000001 -0.752534
    16 11.208287 0.000000 -0.000016 -2.005757 0.364193 -0.237169
    17 2.676081 -1.712434 -0.000003 -1.570797 -0.000001 -1.570797
    18 3.984014 -0.000005 -0.000003 -2.709650 -1.429730 -0.178039
    19 15.940006 0.000002 0.000000 0.000000 0.000000 1.150989
    20 17.709558 0.000004 0.000002 -0.336257 -0.037186 -1.338419
    21 6.203996 0.000000 0.000001 -0.011146 0.000934 -0.500515
    22 -3.984013 0.000007 0.000007 -3.471783 -1.461476 0.134055
    23 15.940015 0.000000 0.000000 0.000000 0.000000 1.252505
    24 17.709572 -0.000006 0.000001 0.216387 0.237058 -1.370255
    25 6.204001 0.000003 -0.000001 -0.078651 -0.006185 -0.498943
    26 3.549240 0.198821 -1.489462 -0.029825 0.008919 -0.606432
    27 1.218999 -0.000001 0.000002 -0.078563 0.060341 -1.232196
    28 0.679998 -0.000001 -0.000001 -0.008776 0.087381 -0.392601
    29 3.698007 0.267555 -0.728972 -0.250276 0.112370 -0.983704
    30 1.749001 -0.000001 0.000003 -0.025456 0.015204 -1.205312
    31 0.959999 -0.000001 0.000001 -0.019971 0.034092 -0.765505
    32 3.768500 0.152546 0.071388 0.024460 0.090017 -0.989381
    33 2.037998 0.000001 0.000002 0.003474 -0.001611 -1.590929
    34 1.067001 0.000001 0.000002 0.001236 -0.006596 -0.626666
    35 3.783924 -0.017260 0.794558 0.335507 0.115402 -0.893096
    36 1.629002 -0.000001 0.000003 0.067275 -0.019922 -1.484294
    37 0.956000 0.000000 0.000001 0.035776 -0.060577 -0.698839
    38 1.258965 -0.297983 1.252590 -1.259932 -0.398715 -1.219606
    39 1.393001 0.000001 0.000000 0.001133 -0.133084 0.597900
    40 1.100002 0.000001 -0.000003 -0.115436 -0.229311 0.622752
    41 3.549266 0.211411 1.487664 0.414973 -0.090993 -0.831542
    42 1.218999 -0.000001 -0.000002 0.076519 -0.060605 -1.221542
    43 0.679999 0.000001 0.000000 0.029119 -0.082748 -0.641951
    44 3.698016 0.273718 0.726617 0.249385 -0.111052 -0.991381
    45 1.748999 0.000000 -0.000002 0.020255 -0.017985 -1.043218
    46 0.959996 0.000000 0.000000 0.015675 -0.036226 -0.705571
    47 3.768499 0.151954 -0.072746 -0.037167 -0.087021 -0.866239
    48 2.037997 0.000002 -0.000003 -0.004272 0.001742 -1.428344
    49 1.066998 0.000000 -0.000001 -0.001429 0.005624 -0.566382
    50 3.783906 -0.023949 -0.794455 -0.349801 -0.068260 -0.757786
    51 1.629001 0.000002 0.000000 -0.062588 0.029671 -1.321899
    52 0.955999 0.000000 -0.000002 -0.031449 0.062230 -0.638366
    53 1.258940 -0.308543 -1.250054 1.287443 0.528455 -0.660563
    54 1.392999 0.000000 -0.000003 -0.001788 0.370555 0.932381
    55 1.099998 -0.000002 -0.000003 0.000000 -0.013127 -0.286815
    56 0.578998 0.704300 0.000000 0.000000 -1.570790 -3.044320
    57 2.577897 -4.075848 1.825547 1.570743 -1.473520 1.570850
    58 -2.577999 -4.075848 1.825549 1.570743 -1.473520 1.570850
    59 2.330669 -1.877754 0.104131 -1.861302 0.207908 -1.328386
  time 12
    0 -0.003395 0.004619 23.307130 1.204064 -0.003522 0.000754
    1 0.001573 4.212781 -1.689849 1.573986 -0.242001 1.553788
    2 3.837410 0.000000 0.000000 -0.002835 -0.010538 0.192524
    3 3.617862 0.000000 0.000000 -0.003911 -0.008826 0.061205
    4 7.539774 0.000000 0.000000 0.000000 0.000000 0.155813
    5 3.178292 0.000001 0.000000 3.184545 0.058484 0.039154
    6 2.970271 0.000000 0.000001 -0.248564 -0.008525 0.144345
    7 -0.000002 0.000001 0.000000 -1.570796 0.000000 -1.326450
    8 2.023705 0.907460 0.852577 3.287264 -1.185480 1.254837
    9 4.983657 -0.000003 0.000000 -2.016128 -0.979414 -0.089375
    10 11.123049 -0.000003 0.000001 -0.000001 -0.000001 -0.853289
    11 11.208297 -0.000001 0.000013 1.815782 -0.081476 0.650722
    12 2.676087 -1.712447 0.000003 1.570795 0.000000 1.570797
    13 2.023707 0.907463 -0.852527 -1.807613 1.334766 -3.478850
    14 4.983657 -0.000004 0.000000 1.564307 0.311659 -0.408680
    15 11.123040 -0.000006 -0.000006 0.000000 0.000001 -0.757020
    16 11.208287 0.000000 -0.000016 -2.003782 0.365737 -0.234031
    17 2.676081 -1.712434 -0.000003 -1.570797 -0.000001 -1.570797
    18 3.984014 -0.000005 -0.000003 -2.704666 -1.430363 -0.182351
    19 15.940006 0.000002 0.000000 0.000000 0.000000 1.150842
    20 17.709558 0.000004 0.000002 -0.337243 -0.038148 -1.338419
    21 6.203996 0.000000 0.000001 -0.011146 0.000934 -0.500515
    22 -3.984013 0.000007 0.000007 -3.469483 -1.460292 0.129838
    23 15.940015 0.000000 0.000000 0.000000 0.000000 1.252505
    24 17.709572 -0.000006 0.000001 0.217810 0.238506 -1.369911
    25 6.204001 0.000003 -0.000001 -0.078651 -0.006185 -0.498943
    26 3.549240 0.198821 -1.489462 -0.029885 0.009077 -0.607016
    27 1.218999 -0.000001 0.000002 -0.078716 0.060341 -1.232770
    28 0.679998 -0.000001 -0.000001 -0.008918 0.087381 -0.393186
    29 3.698007 0.267555 -0.728972 -0.250382 0.112499 -0.984278
    30 1.749001 -0.000001 0.000003 -0.025708 0.015264 -1.205853
    31 0.959999 -0.000001 0.000001 -0.020205 0.033972 -0.766048
    32 3.768500 0.152546 0.071388 0.024346 0.090125 -0.989973
    33 2.037998 0.000001 0.000002 0.003372 -0.001659 -1.591490
    34 1.067001 0.000001 0.000002 0.001200 -0.006692 -0.627249
    35 3.783924 -0.017260 0.794558 0.335407 0.115525 -0.893671
    36 1.629002 -0.000001 0.000003 0.067334 -0.019943 -1.484888
    37 0.956000 0.000000 0.000001 0.035885 -0.060589 -0.699430
    38 1.258965 -0.297983 1.252590 -1.260060 -0.398626 -1.220120
    39 1.393001 0.000001 0.000000 0.001133 -0.132507 0.597842
    40 1.100002 0.000001 -0.000003 -0.115089 -0.228822 0.622618
    41 3.549266 0.211411 1.487664 0.414895 -0.091137 -0.831930
    42 1.218999 -0.000001 -0.000002 0.076519 -0.060605 -1.221542
    43 0.679999 0.000001 0.000000 0.029119 -0.082748 -0.641951
    44 3.698016 0.273718 0.726617 0.249337 -0.111204 -0.991791
    45 1.748999 0.000000 -0.000002 0.020255 -0.017985 -1.043218
    46 0.959996 0.000000 0.000000 0.015675 -0.036226 -0.705571
    47 3.768499 0.151954 -0.072746 -0.037239 -0.087165 -0.866613
    48 2.037997 0.000002 -0.000003 -0.004272 0.001742 -1.428344
    49 1.066998 0.000000 -0.000001 -0.001429 0.005624 -0.566382
    50 3.783906 -0.023949 -0.794455 -0.349887 -0.068399 -0.758152
    51 1.629001 0.000002 0.000000 -0.062588 0.029671 -1.321899
    52 0.955999 0.000000 -0.000002 -0.031449 0.062230 -0.638366
    53 1.258940 -0.308543 -1.250054 1.287313 0.528325 -0.661034
    54 1.392999 0.000000 -0.000003 -0.001788 0.370555 0.932381
    55 1.099998 -0.000002 -0.000003 0.000000 -0.013127 -0.286815
    56 0.578998 0.704300 0.000000 0.000000 -1.570790 -3.044320
    57 2.577897 -4.075848 1.825547 1.570743 -1.473520 1.570850
    58 -2.577999 -4.075848 1.825549 1.570743 -1.473520 1.570850
    59 2.330669 -1.877754 0.104131 -1.861302 0.207908 -1.328386
  time 13
    0 -0.003395 0.004619 23.307130 1.203970 -0.003884 0.000850
    1 0.001573 4.212781 -1.689849 1.574099 -0.242022 1.553595
    2 3.837410 0.000000 0.000000 -0.003146 -0.009938 0.192885
    3 3.617862 0.000000 0.000000 -0.004193 -0.008190 0.061564
    4 7.539774 0.000000 0.000000 0.000000 0.000000 0.155813
    5 3.178292 0.000001 0.000000 3.186569 0.059889 0.043522
    6 2.970271 0.000000 0.000001 -0.266617 -0.007933 0.154998
    7 -0.000002 0.000001 0.000000 -1.570796 0.000000 -1.326450
    8 2.023705 0.907460 0.852577 3.286306 -1.181961 1.255699
    9 4.983657 -0.000003 0.000000 -2.017370 -0.972008 -0.092871
    10 11.123049 -0.000003 0.000001 -0.000001 -0.000001 -0.859745
    11 11.208297 -0.000001 0.000013 1.818274 -0.081608 0.652786
    12 2.676087 -1.712447 0.000003 1.570795 0.000000 1.570797
    13 2.023707 0.907463 -0.852527 -1.816226 1.334766 -3.487382
    14 4.983657 -0.000004 0.000000 1.563828 0.308031 -0.406600
    15 11.123040 -0.000006 -0.000006 0.000000 0.000001 -0.762390
    16 11.208287 0.000000 -0.000016 -2.001987 0.367235 -0.230601
    17 2.676081 -1.712434 -0.000003 -1.570797 -0.000001 -1.570797
    18 3.984014 -0.000005 -0.000003 -2.699203 -1.431070 -0.186950
    19 15.940006 0.000002 0.000000 0.000000 0.000000 1.150694
    20 17.709558 0.000004 0.000002 -0.338229 -0.039216 -1.338419
    21 6.203996 0.000000 0.000001 -0.011146 0.000934 -0.500515
    22 -3.984013 0.000007 0.000007 -3.467470 -1.459304 0.126197
    23 15.940015 0.000000 0.000000 0.000000 0.000000 1.252582
    24 17.709572 -0.000006 0.000001 0.219056 0.239714 -1.369616
    25 6.204001 0.000003 -0.000001 -0.078651 -0.006185 -0.498943
    26 3.549240 0.198821 -1.489462 -0.029946 0.009209 -0.607552
    27 1.218999 -0.000001 0.000002 -0.078884 0.060341 -1.233344
    28 0.679998 -0.000001 -0.000001 -0.009043 0.087381 -0.393770
    29 3.698007 0.267555 -0.728972 -0.250469 0.112600 -0.984852
    30 1.749001 -0.000001 0.000003 -0.025941 0.015312 -1.206346
    31 0.959999 -0.000001 0.000001 -0.020400 0.033852 -0.766548
    32 3.768500 0.152546 0.071388 0.024247 0.090233 -0.990516
    33 2.037998 0.000001 0.000002 0.003290 -0.001707 -1.592051
    34 1.067001 0.000001 0.000002 0.001163 -0.006800 -0.627792
    35 3.783924 -0.017260 0.794558 0.335327 0.115634 -0.894246
    36 1.629002 -0.000001 0.000003 0.067414 -0.019985 -1.485437
    37 0.956000 0.000000 0.000001 0.035971 -0.060601 -0.699990
    38 1.258965 -0.297983 1.252590 -1.260188 -0.398537 -1.220598
    39 1.393001 0.000001 0.000000 0.001115 -0.131931 0.597785
    40 1.100002 0.000001 -0.000003 -0.114777 -0.228375 0.622485
    41 3.549266 0.211411 1.487664 0.414832 -0.091261 -0.832271
    42 1.218999 -0.000001 -0.000002 0.076519 -0.060605 -1.221542
    43 0.679999 0.000001 0.000000 0.029119 -0.082748 -0.641951
    44 3.698016 0.273718 0.726617 0.249289 -0.111329 -0.992098
    45 1.748999 0.000000 -0.000002 0.020255 -0.017985 -1.043218
    46 0.959996 0.000000 0.000000 0.015675 -0.036226 -0.705571
    47 3.768499 0.151954 -0.072746 -0.037299 -0.087297 -0.866934
    48 2.037997 0.000002 -0.000003 -0.004272 0.001742 -1.428344
    49 1.066998 0.000000 -0.000001 -0.001429 0.005624 -0.566382
    50 3.783906 -0.023949 -0.794455 -0.349959 -0.068414 -0.758518
    51 1.629001 0.000002 0.000000 -0.062588 0.029671 -1.321899
    52 0.955999 0.000000 -0.000002 -0.031449 0.062242 -0.638366
    53 1.258940 -0.308543 -1.250054 1.287226 0.528217 -0.661397
    54 1.392999 0.000000 -0.000003 -0.001788 0.370555 0.932381
    55 1.099998 -0.000002 -0.000003 0.000000 -0.013127 -0.286815
    56 0.578998 0.704300 0.000000 0.000000 -1.570790 -3.044320
    57 2.577897 -4.075848 1.825547 1.570743 -1.473520 1.570850
    58 -2.577999 -4.075848 1.825549 1.570743 -1.473520 1.570850
    59 2.330669 -1.877754 0.104131 -1.861302 0.207908 -1.328386
  time 14
    0 -0.003395 0.004619 23.307130 1.203781 -0.004246 0.000946
    1 0.001573 4.212781 -1.689849 1.574188 -0.242483 1.553788
    2 3.837410 0.000000 0.000000 -0.003456 -0.009369 0.193230
    3 3.617862 0.000000 0.000000 -0.004462 -0.007600 0.061906
    4 7.539774 0.000000 0.000000 0.000000 0.000000 0.155813
    5 3.178292 0.000001 0.000000 3.188307 0.061274 0.047569
    6 2.970271 0.000000 0.000001 -0.283825 -0.006710 0.166745
    7 -0.000002 0.000001 0.000000 -1.570796 0.000000 -1.326450
    8 2.023705 0.907460 0.852577 3.285731 -1.179155 1.256274
    9 4.983657 -0.000003 0.000000 -2.018994 -0.964956 -0.095989
    10 11.123049 -0.000003 0.000001 -0.000001 -0.000001 -0.866763
    11 11.208297 -0.000001 0.000013 1.820288 -0.081608 0.654991
    12 2.676087 -1.712447 0.000003 1.570795 0.000000 1.570797
    13 2.023707 0.907463 -0.852527 -1.824934 1.334719 -3.495913
    14 4.983657 -0.000004 0.000000 1.563924 0.303400 -0.404238
    15 11.123040 -0.000006 -0.000006 0.000000 0.000001 -0.769783
    16 11.208287 0.000000 -0.000016 -2.000461 0.368638 -0.226369
    17 2.676081 -1.712434 -0.000003 -1.570797 -0.000001 -1.570797
    18 3.984014 -0.000005 -0.000003 -2.693356 -1.431815 -0.191742
    19 15.940006 0.000002 0.000000 0.000000 0.000000 1.150621
    20 17.709558 0.000004 0.000002 -0.339366 -0.040391 -1.338506
    21 6.203996 0.000000 0.000001 -0.011146 0.000934 -0.500515
    22 -3.984013 0.000007 0.000007 -3.465937 -1.458515 0.123322
    23 15.940015 0.000000 0.000000 0.000000 0.000000 1.252659
    24 17.709572 -0.000006 0.000001 0.219946 0.240576 -1.369420
    25 6.204001 0.000003 -0.000001 -0.078651 -0.006185 -0.498943
    26 3.549240 0.198821 -1.489462 -0.029986 0.009341 -0.608087
    27 1.218999 -0.000001 0.000002 -0.079037 0.060353 -1.233866
    28 0.679998 -0.000001 -0.000001 -0.009186 0.087381 -0.394313
    29 3.698007 0.267555 -0.728972 -0.250575 0.112701 -0.985378
    30 1.749001 -0.000001 0.000003 -0.026174 0.015372 -1.206838
    31 0.959999 -0.000001 0.000001 -0.020615 0.033744 -0.767049
    32 3.768500 0.152546 0.071388 0.024149 0.090329 -0.991058
    33 2.037998 0.000001 0.000002 0.003209 -0.001755 -1.592612
    34 1.067001 0.000001 0.000002 0.001109 -0.006884 -0.628334
    35 3.783924 -0.017260 0.794558 0.335247 0.115742 -0.894773
    36 1.629002 -0.000001 0.000003 0.067493 -0.020006 -1.485985
    37 0.956000 0.000000 0.000001 0.036057 -0.060601 -0.700550
    38 1.258965 -0.297983 1.252590 -1.260316 -0.398470 -1.221112
    39 1.393001 0.000001 0.000000 0.001115 -0.131390 0.597728
    40 1.100002 0.000001 -0.000003 -0.114453 -0.227928 0.622352
    41 3.549266 0.211411 1.487664 0.414769 -0.091364 -0.832563
    42 1.218999 -0.000001 -0.000002 0.076519 -0.060605 -1.221542
    43 0.679999 0.000001 0.000000 0.029119 -0.082748 -0.641951
    44 3.698016 0.273718 0.726617 0.249241 -0.111439 -0.992354
    45 1.748999 0.000000 -0.000002 0.020255 -0.017985 -1.043218
    46 0.959996 0.000000 0.000000 0.015675 -0.036226 -0.705571
    47 3.768499 0.151954 -0.072746 -0.037359 -0.087393 -0.867202
    48 2.037997 0.000002 -0.000003 -0.004272 0.001742 -1.428344
    49 1.066998 0.000000 -0.000001 -0.001429 0.005624 -0.566382
    50 3.783906 -0.023949 -0.794455 -0.350016 -0.068523 -0.758780
    51 1.629001 0.000002 0.000000 -0.062588 0.029671 -1.321899
    52 0.955999 0.000000 -0.000002 -0.031449 0.062242 -0.638366
    53 1.258940 -0.308543 -1.250054 1.287139 0.528130 -0.661723
    54 1.392999 0.000000 -0.000003 -0.001788 0.370555 0.932381
    55 1.099998 -0.000002 -0.000003 0.000000 -0.013127 -0.286815
    56 0.578998 0.704300 0.000000 0.000000 -1.570790 -3.044320
    57 2.577897 -4.075848 1.825547 1.570743 -1.473520 1.570850
    58 -2.577999 -4.075848 1.825549 1.570743 -1.473520 1.570850
    59 2.330669 -1.877754 0.104131 -1.861302 0.207908 -1.328386
  time 15
    0 -0.003395 0.004619 23.307130 1.203687 -0.004608 0.000946
    1 0.001573 4.212781 -1.689849 1.574278 -0.243091 1.554135
    2 3.837410 0.000000 0.000000 -0.003740 -0.008817 0.193559
    3 3.617862 0.000000 0.000000 -0.004693 -0.007056 0.062230
    4 7.539774 0.000000 0.000000 0.000000 0.000000 0.155813
    5 3.178292 0.000001 0.000000 3.189733 0.062638 0.050801
    6 2.970271 0.000000 0.000001 -0.299638 -0.005072 0.178400
    7 -0.000002 0.000001 0.000000 -1.570796 0.000000 -1.326450
    8 2.023705 0.907460 0.852577 3.285444 -1.177099 1.256370
    9 4.983657 -0.000003 0.000000 -2.020618 -0.958970 -0.098635
    10 11.123049 -0.000003 0.000001 -0.000001 -0.000001 -0.873388
    11 11.208297 -0.000001 0.000013 1.822109 -0.081520 0.657055
    12 2.676087 -1.712447 0.000003 1.570795 0.000000 1.570797
    13 2.023707 0.907463 -0.852527 -1.833546 1.334671 -3.504349
    14 4.983657 -0.000004 0.000000 1.564307 0.298483 -0.401970
    15 11.123040 -0.000006 -0.000006 0.000000 0.000001 -0.777428
    16 11.208287 0.000000 -0.000016 -1.999204 0.369902 -0.222136
    17 2.676081 -1.712434 -0.000003 -1.570797 -0.000001 -1.570797
    18 3.984014 -0.000005 -0.000003 -2.687414 -1.432634 -0.196533
    19 15.940006 0.000002 0.000000 0.000000 0.000000 1.150473
    20 17.709558 0.000004 0.000002 -0.340580 -0.041602 -1.338506
    21 6.203996 0.000000 0.000001 -0.011146 0.000934 -0.500515
    22 -3.984013 0.000007 0.000007 -3.464786 -1.458021 0.121213
    23 15.940015 0.000000 0.000000 0.000000 0.000000 1.252659
    24 17.709572 -0.000006 0.000001 0.220539 0.241128 -1.369272
    25 6.204001 0.000003 -0.000001 -0.078651 -0.006185 -0.498943
    26 3.549240 0.198821 -1.489462 -0.030027 0.009447 -0.608574
    27 1.218999 -0.000001 0.000002 -0.079175 0.060353 -1.234389
    28 0.679998 -0.000001 -0.000001 -0.009293 0.087366 -0.394814
    29 3.698007 0.267555 -0.728972 -0.250662 0.112801 -0.985904
    30 1.749001 -0.000001 0.000003 -0.026387 0.015420 -1.207331
    31 0.959999 -0.000001 0.000001 -0.020791 0.033648 -0.767549
    32 3.768500 0.152546 0.071388 0.024067 0.090425 -0.991552
    33 2.037998 0.000001 0.000002 0.003127 -0.001791 -1.593122
    34 1.067001 0.000001 0.000002 0.001073 -0.006968 -0.628834
    35 3.783924 -0.017260 0.794558 0.335167 0.115850 -0.895253
    36 1.629002 -0.000001 0.000003 0.067552 -0.020027 -1.486488
    37 0.956000 0.000000 0.000001 0.036144 -0.060613 -0.701048
    38 1.258965 -0.297983 1.252590 -1.260401 -0.398402 -1.221553
    39 1.393001 0.000001 0.000000 0.001115 -0.130867 0.597642
    40 1.100002 0.000001 -0.000003 -0.114166 -0.227481 0.622219
    41 3.549266 0.211411 1.487664 0.414737 -0.091426 -0.832757
    42 1.218999 -0.000001 -0.000002 0.076519 -0.060605 -1.221542
    43 0.679999 0.000001 0.000000 0.029119 -0.082748 -0.641951
    44 3.698016 0.273718 0.726617 0.249229 -0.111522 -0.992559
    45 1.748999 0.000000 -0.000002 0.020255 -0.017985 -1.043218
    46 0.959996 0.000000 0.000000 0.015675 -0.036226 -0.705571
    47 3.768499 0.151954 -0.072746 -0.037395 -0.087465 -0.867416
    48 2.037997 0.000002 -0.000003 -0.004272 0.001742 -1.428344
    49 1.066998 0.000000 -0.000001 -0.001429 0.005624 -0.566382
    50 3.783906 -0.023949 -0.794455 -0.350073 -0.068600 -0.758989
    51 1.629001 0.000002 0.000000 -0.062588 0.029671 -1.321899
    52 0.955999 0.000000 -0.000002 -0.031449 0.062230 -0.638366
    53 1.258940 -0.308543 -1.250054 1.287095 0.528065 -0.661976
    54 1.392999 0.000000 -0.000003 -0.001788 0.370555 0.932381
    55 1.099998 -0.000002 -0.000003 0.000000 -0.013127 -0.286815
    56 0.578998 0.704300 0.000000 0.000000 -1.570790 -3.044320
    57 2.577897 -4.075848 1.825547 1.570743 -1.473520 1.570850
    58 -2.577999 -4.075848 1.825549 1.570743 -1.473520 1.570850
    59 2.330669 -1.877754 0.104131 -1.861302 0.207908 -1.328386
  time 16
    0 -0.003395 0.004619 23.307130 1.203593 -0.004880 0.001042
    1 0.001573 4.212781 -1.689849 1.574323 -0.243783 1.554521
    2 3.837410 0.000000 0.000000 -0.003983 -0.008343 0.193838
    3 3.617862 0.000000 0.000000 -0.004911 -0.006542 0.062521
    4 7.539774 0.000000 0.000000 0.000000 0.000000 0.155813
    5 3.178292 0.000001 0.000000 3.190730 0.063662 0.053159
    6 2.970271 0.000000 0.000001 -0.313632 -0.003552 0.189145
    7 -0.000002 0.000001 0.000000 -1.570796 0.000000 -1.326450
    8 2.023705 0.907460 0.852577 3.285348 -1.175597 1.256274
    9 4.983657 -0.000003 0.000000 -2.022051 -0.953897 -0.100997
    10 11.123049 -0.000003 0.000001 -0.000001 -0.000001 -0.879395
    11 11.208297 -0.000001 0.000013 1.823451 -0.081432 0.658904
    12 2.676087 -1.712447 0.000003 1.570795 0.000000 1.570797
    13 2.023707 0.907463 -0.852527 -1.842255 1.334624 -3.512880
    14 4.983657 -0.000004 0.000000 1.564977 0.293614 -0.399985
    15 11.123040 -0.000006 -0.000006 0.000000 0.000001 -0.784946
    16 11.208287 0.000000 -0.000016 -1.998127 0.370978 -0.218196
    17 2.676081 -1.712434 -0.000003 -1.570797 -0.000001 -1.570797
    18 3.984014 -0.000005 -0.000003 -2.681280 -1.433490 -0.201515
    19 15.940006 0.000002 0.000000 0.000000 0.000000 1.150400
    20 17.709558 0.000004 0.000002 -0.341793 -0.042884 -1.338506
    21 6.203996 0.000000 0.000001 -0.011146 0.000934 -0.500515
    22 -3.984013 0.000007 0.000007 -3.464020 -1.457774 0.119968
    23 15.940015 0.000000 0.000000 0.000000 0.000000 1.252735
    24 17.709572 -0.000006 0.000001 0.220717 0.241266 -1.369174
    25 6.204001 0.000003 -0.000001 -0.078651 -0.006185 -0.498943
    26 3.549240 0.198821 -1.489462 -0.030067 0.009579 -0.609060
    27 1.218999 -0.000001 0.000002 -0.079313 0.060365 -1.234859
    28 0.679998 -0.000001 -0.000001 -0.009418 0.087366 -0.395315
    29 3.698007 0.267555 -0.728972 -0.250732 0.112873 -0.986383
    30 1.749001 -0.000001 0.000003 -0.026581 0.015468 -1.207774
    31 0.959999 -0.000001 0.000001 -0.020986 0.033552 -0.768008
    32 3.768500 0.152546 0.071388 0.023985 0.090509 -0.992045
    33 2.037998 0.000001 0.000002 0.003046 -0.001839 -1.593581
    34 1.067001 0.000001 0.000002 0.001037 -0.007039 -0.629334
    35 3.783924 -0.017260 0.794558 0.335087 0.115958 -0.895732
    36 1.629002 -0.000001 0.000003 0.067612 -0.020069 -1.486990
    37 0.956000 0.000000 0.000001 0.036209 -0.060625 -0.701545
    38 1.258965 -0.297983 1.252590 -1.260529 -0.398335 -1.221993
    39 1.393001 0.000001 0.000000 0.001115 -0.130399 0.597613
    40 1.100002 0.000001 -0.000003 -0.113878 -0.227098 0.622130
    41 3.549266 0.211411 1.487664 0.414706 -0.091488 -0.832854
    42 1.218999 -0.000001 -0.000002 0.076519 -0.060605 -1.221542
    43 0.679999 0.000001 0.000000 0.029119 -0.082748 -0.641951
    44 3.698016 0.273718 0.726617 0.249205 -0.111564 -0.992713
    45 1.748999 0.000000 -0.000002 0.020255 -0.017985 -1.043218
    46 0.959996 0.000000 0.000000 0.015675 -0.036226 -0.705571
    47 3.768499 0.151954 -0.072746 -0.037419 -0.087513 -0.867576
    48 2.037997 0.000002 -0.000003 -0.004272 0.001742 -1.428344
    49 1.066998 0.000000 -0.000001 -0.001429 0.005624 -0.566382
    50 3.783906 -0.023949 -0.794455 -0.350102 -0.068631 -0.759146
    51 1.629001 0.000002 0.000000 -0.062588 0.029671 -1.321899
    52 0.955999 0.000000 -0.000002 -0.031449 0.062242 -0.638366
    53 1.258940 -0.308543 -1.250054 1.287052 0.528021 -0.662121
    54 1.392999 0.000000 -0.000003 -0.001788 0.370555 0.932381
    55 1.099998 -0.000002 -0.000003 0.000000 -0.013127 -0.286815
    56 0.578998 0.704300 0.000000 0.000000 -1.570790 -3.044320
    57 2.577897 -4.075848 1.825547 1.570743 -1.473520 1.570850
    58 -2.577999 -4.075848 1.825549 1.570743 -1.473520 1.570850
    59 2.330669 -1.877754 0.104131 -1.861302 0.207908 -1.328386
  time 17
    0 -0.003395 0.004619 23.307130 1.203499 -0.005151 0.001042
    1 0.001573 4.212781 -1.689849 1.574368 -0.244516 1.554907
    2 3.837410 0.000000 0.000000 -0.004213 -0.007916 0.194084
    3 3.617862 0.000000 0.000000 -0.005104 -0.006118 0.062777
    4 7.539774 0.000000 0.000000 0.000000 0.000000 0.155813
    5 3.178292 0.000001 0.000000 3.191272 0.064224 0.054498
    6 2.970271 0.000000 0.000001 -0.325344 -0.002309 0.198341
    7 -0.000002 0.000001 0.000000 -1.570796 0.000000 -1.326450
    8 2.023705 0.907460 0.852577 3.285252 -1.174293 1.256083
    9 4.983657 -0.000003 0.000000 -2.023293 -0.949129 -0.102887
    10 11.123049 -0.000003 0.000001 -0.000001 -0.000001 -0.885121
    11 11.208297 -0.000001 0.000013 1.824410 -0.081257 0.660825
    12 2.676087 -1.712447 0.000003 1.570795 0.000000 1.570797
    13 2.023707 0.907463 -0.852527 -1.850867 1.334529 -3.521316
    14 4.983657 -0.000004 0.000000 1.565935 0.288840 -0.398189
    15 11.123040 -0.000006 -0.000006 0.000000 0.000001 -0.792086
    16 11.208287 0.000000 -0.000016 -1.997409 0.371867 -0.214620
    17 2.676081 -1.712434 -0.000003 -1.570797 -0.000001 -1.570797
    18 3.984014 -0.000005 -0.000003 -2.675050 -1.434384 -0.206402
    19 15.940006 0.000002 0.000000 0.000000 0.000000 1.150326
    20 17.709558 0.000004 0.000002 -0.343159 -0.044237 -1.338506
    21 6.203996 0.000000 0.000001 -0.011146 0.000934 -0.500515
    22 -3.984013 0.000007 0.000007 -3.463732 -1.457774 0.119488
    23 15.940015 0.000000 0.000000 0.000000 0.000000 1.252812
    24 17.709572 -0.000006 0.000001 0.220598 0.241094 -1.369174
    25 6.204001 0.000003 -0.000001 -0.078651 -0.006185 -0.498943
    26 3.549240 0.198821 -1.489462 -0.030107 0.009685 -0.609499
    27 1.218999 -0.000001 0.000002 -0.079435 0.060365 -1.235276
    28 0.679998 -0.000001 -0.000001 -0.009526 0.087366 -0.395732
    29 3.698007 0.267555 -0.728972 -0.250820 0.112960 -0.986813
    30 1.749001 -0.000001 0.000003 -0.026775 0.015504 -1.208168
    31 0.959999 -0.000001 0.000001 -0.021142 0.033468 -0.768383
    32 3.768500 0.152546 0.071388 0.023903 0.090593 -0.992489
    33 2.037998 0.000001 0.000002 0.002984 -0.001874 -1.594040
    34 1.067001 0.000001 0.000002 0.001001 -0.007123 -0.629751
    35 3.783924 -0.017260 0.794558 0.335007 0.116035 -0.896163
    36 1.629002 -0.000001 0.000003 0.067672 -0.020090 -1.487447
    37 0.956000 0.000000 0.000001 0.036295 -0.060637 -0.701981
    38 1.258965 -0.297983 1.252590 -1.260615 -0.398268 -1.222361
    39 1.393001 0.000001 0.000000 0.001097 -0.129948 0.597556
    40 1.100002 0.000001 -0.000003 -0.113626 -0.226736 0.621997
    41 3.549266 0.211411 1.487664 0.414706 -0.091488 -0.832903
    42 1.218999 -0.000001 -0.000002 0.076519 -0.060605 -1.221542
    43 0.679999 0.000001 0.000000 0.029119 -0.082748 -0.641951
    44 3.698016 0.273718 0.726617 0.249193 -0.111591 -0.992764
    45 1.748999 0.000000 -0.000002 0.020255 -0.017985 -1.043218
    46 0.959996 0.000000 0.000000 0.015675 -0.036226 -0.705571
    47 3.768499 0.151954 -0.072746 -0.037431 -0.087525 -0.867630
    48 2.037997 0.000002 -0.000003 -0.004272 0.001742 -1.428344
    49 1.066998 0.000000 -0.000001 -0.001429 0.005624 -0.566382
    50 3.783906 -0.023949 -0.794455 -0.350102 -0.068646 -0.759146
    51 1.629001 0.000002 0.000000 -0.062588 0.029671 -1.321899
    52 0.955999 0.000000 -0.000002 -0.031449 0.062230 -0.638366
    53 1.258940 -0.308543 -1.250054 1.287009 0.528021 -0.662158
    54 1.392999 0.000000 -0.000003 -0.001788 0.370555 0.932381
    55 1.099998 -0.000002 -0.000003 0.000000 -0.013127 -0.286815
    56 0.578998 0.704300 0.000000 0.000000 -1.570790 -3.044320
    57 2.577897 -4.075848 1.825547 1.570743 -1.473520 1.570850
    58 -2.577999 -4.075848 1.825549 1.570743 -1.473520 1.570850
    59 2.330669 -1.877754 0.104131 -1.861302 0.207908 -1.328386
  time 18
    0 -0.003395 0.004619 23.307130 1.203405 -0.005332 0.001042
    1 0.001573 4.212781 -1.689849 1.574323 -0.245292 1.555331
    2 3.837410 0.000000 0.000000 -0.004402 -0.007569 0.194298
    3 3.617862 0.000000 0.000000 -0.005270 -0.005755 0.062982
    4 7.539774 0.000000 0.000000 0.000000 0.000000 0.155813
    5 3.178292 0.000001 0.000000 3.191357 0.064465 0.054964
    6 2.970271 0.000000 0.000001 -0.334349 -0.001303 0.205580
    7 -0.000002 0.000001 0.000000 -1.570796 0.000000 -1.326450
    8 2.023705 0.907460 0.852577 3.285252 -1.173186 1.255795
    9 4.983657 -0.000003 0.000000 -2.024153 -0.944766 -0.104398
    10 11.123049 -0.000003 0.000001 -0.000001 -0.000001 -0.890511
    11 11.208297 -0.000001 0.000013 1.824794 -0.080993 0.662604
    12 2.676087 -1.712447 0.000003 1.570795 0.000000 1.570797
    13 2.023707 0.907463 -0.852527 -1.859384 1.334434 -3.529752
    14 4.983657 -0.000004 0.000000 1.567181 0.284210 -0.396677
    15 11.123040 -0.000006 -0.000006 0.000000 0.000001 -0.798783
    16 11.208287 0.000000 -0.000016 -1.997050 0.372522 -0.211482
    17 2.676081 -1.712434 -0.000003 -1.570797 -0.000001 -1.570797
    18 3.984014 -0.000005 -0.000003 -2.668724 -1.435315 -0.211289
    19 15.940006 0.000002 0.000000 0.000000 0.000000 1.150252
    20 17.709558 0.000004 0.000002 -0.344448 -0.045590 -1.338506
    21 6.203996 0.000000 0.000001 -0.011146 0.000934 -0.500515
    22 -3.984013 0.000007 0.000007 -3.463636 -1.457922 0.119488
    23 15.940015 0.000000 0.000000 0.000000 0.000000 1.252889
    24 17.709572 -0.000006 0.000001 0.220242 0.240680 -1.369223
    25 6.204001 0.000003 -0.000001 -0.078651 -0.006185 -0.498943
    26 3.549240 0.198821 -1.489462 -0.030148 0.009764 -0.609888
    27 1.218999 -0.000001 0.000002 -0.079543 0.060377 -1.235694
    28 0.679998 -0.000001 -0.000001 -0.009615 0.087366 -0.396150
    29 3.698007 0.267555 -0.728972 -0.250890 0.113032 -0.987244
    30 1.749001 -0.000001 0.000003 -0.026949 0.015551 -1.208562
    31 0.959999 -0.000001 0.000001 -0.021298 0.033396 -0.768758
    32 3.768500 0.152546 0.071388 0.023838 0.090665 -0.992884
    33 2.037998 0.000001 0.000002 0.002903 -0.001910 -1.594397
    34 1.067001 0.000001 0.000002 0.000964 -0.007195 -0.630168
    35 3.783924 -0.017260 0.794558 0.334947 0.116112 -0.896595
    36 1.629002 -0.000001 0.000003 0.067731 -0.020090 -1.487813
    37 0.956000 0.000000 0.000001 0.036360 -0.060649 -0.702385
    38 1.258965 -0.297983 1.252590 -1.260743 -0.398201 -1.222728
    39 1.393001 0.000001 0.000000 0.001097 -0.129552 0.597498
    40 1.100002 0.000001 -0.000003 -0.113399 -0.226395 0.621908
    41 3.549266 0.211411 1.487664 0.414706 -0.091488 -0.832903
    42 1.218999 -0.000001 -0.000002 0.076519 -0.060605 -1.221542
    43 0.679999 0.000001 0.000000 0.029119 -0.082748 -0.641951
    44 3.698016 0.273718 0.726617 0.249205 -0.111577 -0.992713
    45 1.748999 0.000000 -0.000002 0.020255 -0.017985 -1.043218
    46 0.959996 0.000000 0.000000 0.015675 -0.036226 -0.705571
    47 3.768499 0.151954 -0.072746 -0.037419 -0.087513 -0.867576
    48 2.037997 0.000002 -0.000003 -0.004272 0.001742 -1.428344
    49 1.066998 0.000000 -0.000001 -0.001429 0.005624 -0.566382
    50 3.783906 -0.023949 -0.794455 -0.350102 -0.068631 -0.759146
    51 1.629001 0.000002 0.000000 -0.062588 0.029671 -1.321899
    52 0.955999 0.000000 -0.000002 -0.031449 0.062242 -0.638366
    53 1.258940 -0.308543 -1.250054 1.287052 0.528021 -0.662121
    54 1.392999 0.000000 -0.000003 -0.001788 0.370555 0.932381
    55 1.099998 -0.000002 -0.000003 0.000000 -0.013127 -0.286815
    56 0.578998 0.704300 0.000000 0.000000 -1.570790 -3.044320
    57 2.577897 -4.075848 1.825547 1.570743 -1.473520 1.570850
    58 -2.577999 -4.075848 1.825549 1.570743 -1.473520 1.570850
    59 2.330669 -1.877754 0.104131 -1.861302 0.207908 -1.328386
  time 19
    0 -0.003395 0.004619 23.307130 1.203311 -0.005468 0.001042
    1 0.001573 4.212781 -1.689849 1.574211 -0.246109 1.555794
    2 3.837410 0.000000 0.000000 -0.004537 -0.007301 0.194462
    3 3.617862 0.000000 0.000000 -0.005386 -0.005483 0.063153
    4 7.539774 0.000000 0.000000 0.000000 0.000000 0.155813
    5 3.178292 0.000001 0.000000 3.191072 0.064545 0.054935
    6 2.970271 0.000000 0.000001 -0.340269 -0.000493 0.210589
    7 -0.000002 0.000001 0.000000 -1.570796 0.000000 -1.326450
    8 2.023705 0.907460 0.852577 3.285348 -1.172197 1.255412
    9 4.983657 -0.000003 0.000000 -2.024726 -0.940759 -0.105438
    10 11.123049 -0.000003 0.000001 -0.000001 -0.000001 -0.895451
    11 11.208297 -0.000001 0.000013 1.824698 -0.080642 0.664454
    12 2.676087 -1.712447 0.000003 1.570795 0.000000 1.570797
    13 2.023707 0.907463 -0.852527 -1.867805 1.334339 -3.537995
    14 4.983657 -0.000004 0.000000 1.568713 0.279818 -0.395638
    15 11.123040 -0.000006 -0.000006 0.000000 0.000001 -0.804849
    16 11.208287 0.000000 -0.000016 -1.996961 0.372896 -0.208782
    17 2.676081 -1.712434 -0.000003 -1.570797 -0.000001 -1.570797
    18 3.984014 -0.000005 -0.000003 -2.662494 -1.436209 -0.216080
    19 15.940006 0.000002 0.000000 0.000000 0.000000 1.150252
    20 17.709558 0.000004 0.000002 -0.345813 -0.046979 -1.338592
    21 6.203996 0.000000 0.000001 -0.011146 0.000934 -0.500515
    22 -3.984013 0.000007 0.000007 -3.463732 -1.458268 0.119968
    23 15.940015 0.000000 0.000000 0.000000 0.000000 1.252965
    24 17.709572 -0.000006 0.000001 0.219649 0.240024 -1.369321
    25 6.204001 0.000003 -0.000001 -0.078651 -0.006185 -0.498943
    26 3.549240 0.198821 -1.489462 -0.030188 0.009843 -0.610229
    27 1.218999 -0.000001 0.000002 -0.079650 0.060377 -1.236007
    28 0.679998 -0.000001 -0.000001 -0.009704 0.087366 -0.396484
    29 3.698007 0.267555 -0.728972 -0.250943 0.113103 -0.987579
    30 1.749001 -0.000001 0.000003 -0.027085 0.015575 -1.208857
    31 0.959999 -0.000001 0.000001 -0.021435 0.033325 -0.769092
    32 3.768500 0.152546 0.071388 0.023772 0.090736 -0.993229
    33 2.037998 0.000001 0.000002 0.002862 -0.001946 -1.594754
    34 1.067001 0.000001 0.000002 0.000946 -0.007255 -0.630502
    35 3.783924 -0.017260 0.794558 0.334887 0.116189 -0.896930
    36 1.629002 -0.000001 0.000003 0.067771 -0.020111 -1.488178
    37 0.956000 0.000000 0.000001 0.036403 -0.060661 -0.702727
    38 1.258965 -0.297983 1.252590 -1.260785 -0.398157 -1.223022
    39 1.393001 0.000001 0.000000 0.001097 -0.129210 0.597470
    40 1.100002 0.000001 -0.000003 -0.113195 -0.226118 0.621819
    41 3.549266 0.211411 1.487664 0.414722 -0.091447 -0.832757
    42 1.218999 -0.000001 -0.000002 0.076519 -0.060605 -1.221542
    43 0.679999 0.000001 0.000000 0.029119 -0.082748 -0.641951
    44 3.698016 0.273718 0.726617 0.249217 -0.111522 -0.992610
    45 1.748999 0.000000 -0.000002 0.020255 -0.017985 -1.043218
    46 0.959996 0.000000 0.000000 0.015675 -0.036226 -0.705571
    47 3.768499 0.151954 -0.072746 -0.037395 -0.087465 -0.867469
    48 2.037997 0.000002 -0.000003 -0.004272 0.001742 -1.428344
    49 1.066998 0.000000 -0.000001 -0.001429 0.005624 -0.566382
    50 3.783906 -0.023949 -0.794455 -0.350073 -0.068600 -0.758989
    51 1.629001 0.000002 0.000000 -0.062588 0.029671 -1.321899
    52 0.955999 0.000000 -0.000002 -0.031449 0.062230 -0.638366
    53 1.258940 -0.308543 -1.250054 1.287095 0.528065 -0.661976
    54 1.392999 0.000000 -0.000003 -0.001788 0.370555 0.932381
    55 1.099998 -0.000002 -0.000003 0.000000 -0.013127 -0.286815
    56 0.578998 0.704300 0.000000 0.000000 -1.570790 -3.044320
    57 2.577897 -4.075848 1.825547 1.570743 -1.473520 1.570850
    58 -2.577999 -4.075848 1.825549 1.570743 -1.473520 1.570850
    59 2.330669 -1.877754 0.104131 -1.861302 0.207908 -1.328386
  time 20
    0 -0.003395 0.004619 23.307130 1.203217 -0.005559 0.000946
    1 0.001573 4.212781 -1.689849 1.573986 -0.246926 1.556295
    2 3.837410 0.000000 0.000000 -0.004618 -0.007127 0.194561
    3 3.617862 0.000000 0.000000 -0.005463 -0.005316 0.063256
    4 7.539774 0.000000 0.000000 0.000000 0.000000 0.155813
    5 3.178292 0.000001 0.000000 3.190445 0.064465 0.054353
    6 2.970271 0.000000 0.000001 -0.342594 0.000000 0.212774
    7 -0.000002 0.000001 0.000000 -1.570796 0.000000 -1.326450
    8 2.023705 0.907460 0.852577 3.285444 -1.171446 1.254933
    9 4.983657 -0.000003 0.000000 -2.024917 -0.937157 -0.106099
    10 11.123049 -0.000003 0.000001 -0.000001 -0.000001 -0.899999
    11 11.208297 -0.000001 0.000013 1.824123 -0.080248 0.666233
    12 2.676087 -1.712447 0.000003 1.570795 0.000000 1.570797
    13 2.023707 0.907463 -0.852527 -1.876226 1.334197 -3.546239
    14 4.983657 -0.000004 0.000000 1.570438 0.275760 -0.394881
    15 11.123040 -0.000006 -0.000006 0.000000 0.000001 -0.810093
    16 11.208287 0.000000 -0.000016 -1.997230 0.373037 -0.206665
    17 2.676081 -1.712434 -0.000003 -1.570797 -0.000001 -1.570797
    18 3.984014 -0.000005 -0.000003 -2.656456 -1.437140 -0.220488
    19 15.940006 0.000002 0.000000 0.000000 0.000000 1.150178
    20 17.709558 0.000004 0.000002 -0.347178 -0.048332 -1.338592
    21 6.203996 0.000000 0.000001 -0.011146 0.000934 -0.500515
    22 -3.984013 0.000007 0.000007 -3.463924 -1.458712 0.120830
    23 15.940015 0.000000 0.000000 0.000000 0.000000 1.253042
    24 17.709572 -0.000006 0.000001 0.218819 0.239127 -1.369469
    25 6.204001 0.000003 -0.000001 -0.078651 -0.006185 -0.498943
    26 3.549240 0.198821 -1.489462 -0.030208 0.009923 -0.610521
    27 1.218999 -0.000001 0.000002 -0.079726 0.060377 -1.236320
    28 0.679998 -0.000001 -0.000001 -0.009776 0.087366 -0.396776
    29 3.698007 0.267555 -0.728972 -0.250995 0.113147 -0.987866
    30 1.749001 -0.000001 0.000003 -0.027201 0.015611 -1.209153
    31 0.959999 -0.000001 0.000001 -0.021533 0.033265 -0.769384
    32 3.768500 0.152546 0.071388 0.023723 0.090796 -0.993525
    33 2.037998 0.000001 0.000002 0.002801 -0.001970 -1.595060
    34 1.067001 0.000001 0.000002 0.000928 -0.007303 -0.630794
    35 3.783924 -0.017260 0.794558 0.334847 0.116236 -0.897218
    36 1.629002 -0.000001 0.000003 0.067810 -0.020132 -1.488452
    37 0.956000 0.000000 0.000001 0.036468 -0.060661 -0.703038
    38 1.258965 -0.297983 1.252590 -1.260871 -0.398112 -1.223316
    39 1.393001 0.000001 0.000000 0.001097 -0.128903 0.597441
    40 1.100002 0.000001 -0.000003 -0.113027 -0.225863 0.621730
    41 3.549266 0.211411 1.487664 0.414769 -0.091385 -0.832563
    42 1.218999 -0.000001 -0.000002 0.076519 -0.060605 -1.221542
    43 0.679999 0.000001 0.000000 0.029119 -0.082748 -0.641951
    44 3.698016 0.273718 0.726617 0.249241 -0.111453 -0.992405
    45 1.748999 0.000000 -0.000002 0.020255 -0.017985 -1.043218
    46 0.959996 0.000000 0.000000 0.015675 -0.036226 -0.705571
    47 3.768499 0.151954 -0.072746 -0.037371 -0.087405 -0.867255
    48 2.037997 0.000002 -0.000003 -0.004272 0.001742 -1.428344
    49 1.066998 0.000000 -0.000001 -0.001429 0.005624 -0.566382
    50 3.783906 -0.023949 -0.794455 -0.350030 -0.068538 -0.758832
    51 1.629001 0.000002 0.000000 -0.062588 0.029671 -1.321899
    52 0.955999 0.000000 -0.000002 -0.031449 0.062242 -0.638366
    53 1.258940 -0.308543 -1.250054 1.287139 0.528130 -0.661759
    54 1.392999 0.000000 -0.000003 -0.001788 0.370555 0.932381
    55 1.099998 -0.000002 -0.000003 0.000000 -0.013127 -0.286815
    56 0.578998 0.704300 0.000000 0.000000 -1.570790 -3.044320
    57 2.577897 -4.075848 1.825547 1.570743 -1.473520 1.570850
    58 -2.577999 -4.075848 1.825549 1.570743 -1.473520 1.570850
    59 2.330669 -1.877754 0.104131 -1.861302 0.207908 -1.328386
  time 21
    0 -0.003395 0.004619 23.307130 1.203217 -0.005559 0.000946
    1 0.001573 4.212781 -1.689849 1.573649 -0.247723 1.556719
    2 3.837410 0.000000 0.000000 -0.004645 -0.007080 0.194593
    3 3.617862 0.000000 0.000000 -0.005488 -0.005256 0.063273
    4 7.539774 0.000000 0.000000 0.000000 0.000000 0.155813
    5 3.178292 0.000001 0.000000 3.189419 0.064224 0.053305
    6 2.970271 0.000000 0.000001 -0.342848 0.000000 0.213093
    7 -0.000002 0.000001 0.000000 -1.570796 0.000000 -1.326450
    8 2.023705 0.907460 0.852577 3.285635 -1.170853 1.254454
    9 4.983657 -0.000003 0.000000 -2.024726 -0.933961 -0.106383
    10 11.123049 -0.000003 0.000001 -0.000001 -0.000001 -0.903929
    11 11.208297 -0.000001 0.000013 1.823068 -0.079765 0.667869
    12 2.676087 -1.712447 0.000003 1.570795 0.000000 1.570797
    13 2.023707 0.907463 -0.852527 -1.884455 1.334055 -3.554387
    14 4.983657 -0.000004 0.000000 1.572354 0.272084 -0.394598
    15 11.123040 -0.000006 -0.000006 0.000000 0.000001 -0.814579
    16 11.208287 0.000000 -0.000016 -1.997768 0.372943 -0.205060
    17 2.676081 -1.712434 -0.000003 -1.570797 -0.000001 -1.570797
    18 3.984014 -0.000005 -0.000003 -2.650418 -1.438070 -0.224896
    19 15.940006 0.000002 0.000000 0.000000 0.000000 1.150178
    20 17.709558 0.000004 0.000002 -0.348544 -0.049721 -1.338592
    21 6.203996 0.000000 0.000001 -0.011146 0.000934 -0.500515
    22 -3.984013 0.000007 0.000007 -3.464307 -1.459255 0.122172
    23 15.940015 0.000000 0.000000 0.000000 0.000000 1.253118
    24 17.709572 -0.000006 0.000001 0.217810 0.238023 -1.369616
    25 6.204001 0.000003 -0.000001 -0.078651 -0.006185 -0.498943
    26 3.549240 0.198821 -1.489462 -0.030228 0.009975 -0.610764
    27 1.218999 -0.000001 0.000002 -0.079788 0.060377 -1.236529
    28 0.679998 -0.000001 -0.000001 -0.009829 0.087366 -0.397027
    29 3.698007 0.267555 -0.728972 -0.251030 0.113204 -0.988105
    30 1.749001 -0.000001 0.000003 -0.027318 0.015623 -1.209350
    31 0.959999 -0.000001 0.000001 -0.021630 0.033217 -0.769592
    32 3.768500 0.152546 0.071388 0.023674 0.090832 -0.993772
    33 2.037998 0.000001 0.000002 0.002760 -0.001982 -1.595264
    34 1.067001 0.000001 0.000002 0.000910 -0.007339 -0.631044
    35 3.783924 -0.017260 0.794558 0.334807 0.116297 -0.897458
    36 1.629002 -0.000001 0.000003 0.067830 -0.020153 -1.488727
    37 0.956000 0.000000 0.000001 0.036490 -0.060661 -0.703287
    38 1.258965 -0.297983 1.252590 -1.260914 -0.398090 -1.223499
    39 1.393001 0.000001 0.000000 0.001097 -0.128669 0.597412
    40 1.100002 0.000001 -0.000003 -0.112883 -0.225650 0.621686
    41 3.549266 0.211411 1.487664 0.414816 -0.091282 -0.832319
    42 1.218999 -0.000001 -0.000002 0.076519 -0.060605 -1.221542
    43 0.679999 0.000001 0.000000 0.029119 -0.082748 -0.641951
    44 3.698016 0.273718 0.726617 0.249277 -0.111356 -0.992201
    45 1.748999 0.000000 -0.000002 0.020255 -0.017985 -1.043218
    46 0.959996 0.000000 0.000000 0.015675 -0.036226 -0.705571
    47 3.768499 0.151954 -0.072746 -0.037323 -0.087321 -0.867041
    48 2.037997 0.000002 -0.000003 -0.004272 0.001742 -1.428344
    49 1.066998 0.000000 -0.000001 -0.001429 0.005624 -0.566382
    50 3.783906 -0.023949 -0.794455 -0.349973 -0.068445 -0.758571
    51 1.629001 0.000002 0.000000 -0.062588 0.029671 -1.321899
    52 0.955999 0.000000 -0.000002 -0.031449 0.062230 -0.638366
    53 1.258940 -0.308543 -1.250054 1.287182 0.528195 -0.661505
    54 1.392999 0.000000 -0.000003 -0.001788 0.370555 0.932381
    55 1.099998 -0.000002 -0.000003 0.000000 -0.013127 -0.286815
    56 0.578998 0.704300 0.000000 0.000000 -1.570790 -3.044320
    57 2.577897 -4.075848 1.825547 1.570743 -1.473520 1.570850
    58 -2.577999 -4.075848 1.825549 1.570743 -1.473520 1.570850
    59 2.330669 -1.877754 0.104131 -1.861302 0.207908 -1.328386
  time 22
    0 -0.003395 0.004619 23.307130 1.203123 -0.005559 0.000850
    1 0.001573 4.212781 -1.689849 1.573222 -0.248519 1.557182
    2 3.837410 0.000000 0.000000 -0.004631 -0.007111 0.194577
    3 3.617862 0.000000 0.000000 -0.005488 -0.005286 0.063256
    4 7.539774 0.000000 0.000000 0.000000 0.000000 0.155813
    5 3.178292 0.000001 0.000000 3.187823 0.064726 0.052664
    6 2.970271 0.000000 0.000001 -0.342298 0.000493 0.213593
    7 -0.000002 0.000001 0.000000 -1.570796 0.000000 -1.326450
    8 2.023705 0.907460 0.852577 3.285827 -1.170419 1.253783
    9 4.983657 -0.000003 0.000000 -2.024153 -0.931272 -0.106383
    10 11.123049 -0.000003 0.000001 -0.000001 -0.000001 -0.907185
    11 11.208297 -0.000001 0.000013 1.821726 -0.079326 0.669363
    12 2.676087 -1.712447 0.000003 1.570795 0.000000 1.570797
    13 2.023707 0.907463 -0.852527 -1.892685 1.333865 -3.562440
    14 4.983657 -0.000004 0.000000 1.574365 0.268743 -0.394692
    15 11.123040 -0.000006 -0.000006 0.000000 0.000001 -0.818306
    16 11.208287 0.000000 -0.000016 -1.998576 0.372709 -0.203965
    17 2.676081 -1.712434 -0.000003 -1.570797 -0.000001 -1.570797
    18 3.984014 -0.000005 -0.000003 -2.644667 -1.438964 -0.229016
    19 15.940006 0.000002 0.000000 0.000000 0.000000 1.150178
    20 17.709558 0.000004 0.000002 -0.349833 -0.051039 -1.338592
    21 6.203996 0.000000 0.000001 -0.011146 0.000934 -0.500515
    22 -3.984013 0.000007 0.000007 -3.464786 -1.459946 0.123705
    23 15.940015 0.000000 0.000000 0.000000 0.000000 1.253272
    24 17.709572 -0.000006 0.000001 0.216683 0.236678 -1.369813
    25 6.204001 0.000003 -0.000001 -0.078651 -0.006185 -0.498943
    26 3.549240 0.198821 -1.489462 -0.030249 0.010028 -0.610910
    27 1.218999 -0.000001 0.000002 -0.079849 0.060389 -1.236738
    28 0.679998 -0.000001 -0.000001 -0.009865 0.087366 -0.397194
    29 3.698007 0.267555 -0.728972 -0.251065 0.113233 -0.988296
    30 1.749001 -0.000001 0.000003 -0.027395 0.015647 -1.209498
    31 0.959999 -0.000001 0.000001 -0.021689 0.033181 -0.769759
    32 3.768500 0.152546 0.071388 0.023657 0.090856 -0.993920
    33 2.037998 0.000001 0.000002 0.002739 -0.002006 -1.595468
    34 1.067001 0.000001 0.000002 0.000892 -0.007375 -0.631211
    35 3.783924 -0.017260 0.794558 0.334787 0.116328 -0.897649
    36 1.629002 -0.000001 0.000003 0.067870 -0.020153 -1.488909
    37 0.956000 0.000000 0.000001 0.036533 -0.060661 -0.703443
    38 1.258965 -0.297983 1.252590 -1.260956 -0.398045 -1.223683
    39 1.393001 0.000001 0.000000 0.001079 -0.128489 0.597384
    40 1.100002 0.000001 -0.000003 -0.112788 -0.225522 0.621641
    41 3.549266 0.211411 1.487664 0.414879 -0.091179 -0.832028
    42 1.218999 -0.000001 -0.000002 0.076519 -0.060605 -1.221542
    43 0.679999 0.000001 0.000000 0.029119 -0.082748 -0.641951
    44 3.698016 0.273718 0.726617 0.249313 -0.111246 -0.991893
    45 1.748999 0.000000 -0.000002 0.020255 -0.017985 -1.043218
    46 0.959996 0.000000 0.000000 0.015675 -0.036226 -0.705571
    47 3.768499 0.151954 -0.072746 -0.037263 -0.087201 -0.866720
    48 2.037997 0.000002 -0.000003 -0.004272 0.001742 -1.428344
    49 1.066998 0.000000 -0.000001 -0.001429 0.005624 -0.566382
    50 3.783906 -0.023949 -0.794455 -0.349916 -0.068430 -0.758257
    51 1.629001 0.000002 0.000000 -0.062588 0.029671 -1.321899
    52 0.955999 0.000000 -0.000002 -0.031449 0.062242 -0.638366
    53 1.258940 -0.308543 -1.250054 1.287313 0.528282 -0.661143
    54 1.392999 0.000000 -0.000003 -0.001788 0.370555 0.932381
    55 1.099998 -0.000002 -0.000003 0.000000 -0.013127 -0.286815
    56 0.578998 0.704300 0.000000 0.000000 -1.570790 -3.044320
    57 2.577897 -4.075848 1.825547 1.570743 -1.473520 1.570850
    58 -2.577999 -4.075848 1.825549 1.570743 -1.473520 1.570850
    59 2.330669 -1.877754 0.104131 -1.861302 0.207908 -1.328386
  time 23
    0 -0.003395 0.004619 23.307130 1.203029 -0.005513 0.000754
    1 0.001573 4.212781 -1.689849 1.572818 -0.249274 1.557645
    2 3.837410 0.000000 0.000000 -0.004604 -0.007206 0.194495
    3 3.617862 0.000000 0.000000 -0.005463 -0.005392 0.063187
    4 7.539774 0.000000 0.000000 0.000000 0.000000 0.155813
    5 3.178292 0.000001 0.000000 3.185913 0.065147 0.052315
    6 2.970271 0.000000 0.000001 -0.341410 0.000651 0.214322
    7 -0.000002 0.000001 0.000000 -1.570796 0.000000 -1.326450
    8 2.023705 0.907460 0.852577 3.286114 -1.170142 1.253112
    9 4.983657 -0.000003 0.000000 -2.023293 -0.929040 -0.106099
    10 11.123049 -0.000003 0.000001 -0.000001 -0.000001 -0.909936
    11 11.208297 -0.000001 0.000013 1.820096 -0.078844 0.670715
    12 2.676087 -1.712447 0.000003 1.570795 0.000000 1.570797
    13 2.023707 0.907463 -0.852527 -1.900723 1.333675 -3.570204
    14 4.983657 -0.000004 0.000000 1.576377 0.265688 -0.394976
    15 11.123040 -0.000006 -0.000006 0.000000 0.000001 -0.821402
    16 11.208287 0.000000 -0.000016 -1.999653 0.372241 -0.203309
    17 2.676081 -1.712434 -0.000003 -1.570797 -0.000001 -1.570797
    18 3.984014 -0.000005 -0.000003 -2.639012 -1.439821 -0.233137
    19 15.940006 0.000002 0.000000 0.000000 0.000000 1.150178
    20 17.709558 0.000004 0.000002 -0.351122 -0.052321 -1.338592
    21 6.203996 0.000000 0.000001 -0.011146 0.000934 -0.500515
    22 -3.984013 0.000007 0.000007 -3.465362 -1.460687 0.125526
    23 15.940015 0.000000 0.000000 0.000000 0.000000 1.253425
    24 17.709572 -0.000006 0.000001 0.215319 0.235160 -1.370009
    25 6.204001 0.000003 -0.000001 -0.078651 -0.006185 -0.498943
    26 3.549240 0.198821 -1.489462 -0.030269 0.010055 -0.611007
    27 1.218999 -0.000001 0.000002 -0.079880 0.060389 -1.236843
    28 0.679998 -0.000001 -0.000001 -0.009883 0.087366 -0.397319
    29 3.698007 0.267555 -0.728972 -0.251083 0.113262 -0.988392
    30 1.749001 -0.000001 0.000003 -0.027434 0.015659 -1.209596
    31 0.959999 -0.000001 0.000001 -0.021748 0.033169 -0.769843
    32 3.768500 0.152546 0.071388 0.023625 0.090892 -0.994018
    33 2.037998 0.000001 0.000002 0.002739 -0.002018 -1.595570
    34 1.067001 0.000001 0.000002 0.000874 -0.007387 -0.631336
    35 3.783924 -0.017260 0.794558 0.334767 0.116344 -0.897745
    36 1.629002 -0.000001 0.000003 0.067890 -0.020174 -1.489001
    37 0.956000 0.000000 0.000001 0.036555 -0.060661 -0.703567
    38 1.258965 -0.297983 1.252590 -1.260999 -0.398045 -1.223756
    39 1.393001 0.000001 0.000000 0.001079 -0.128381 0.597384
    40 1.100002 0.000001 -0.000003 -0.112728 -0.225416 0.621597
    41 3.549266 0.211411 1.487664 0.414957 -0.091055 -0.831687
    42 1.218999 -0.000001 -0.000002 0.076519 -0.060605 -1.221542
    43 0.679999 0.000001 0.000000 0.029119 -0.082748 -0.641951
    44 3.698016 0.273718 0.726617 0.249361 -0.111108 -0.991535
    45 1.748999 0.000000 -0.000002 0.020255 -0.017985 -1.043218
    46 0.959996 0.000000 0.000000 0.015675 -0.036226 -0.705571
    47 3.768499 0.151954 -0.072746 -0.037203 -0.087081 -0.866399
    48 2.037997 0.000002 -0.000003 -0.004272 0.001742 -1.428344
    49 1.066998 0.000000 -0.000001 -0.001429 0.005624 -0.566382
    50 3.783906 -0.023949 -0.794455 -0.349844 -0.068306 -0.757943
    51 1.629001 0.000002 0.000000 -0.062588 0.029671 -1.321899
    52 0.955999 0.000000 -0.000002 -0.031449 0.062230 -0.638366
    53 1.258940 -0.308543 -1.250054 1.287399 0.528412 -0.660744
    54 1.392999 0.000000 -0.000003 -0.001788 0.370555 0.932381
    55 1.099998 -0.000002 -0.000003 0.000000 -0.013127 -0.286815
    56 0.578998 0.704300 0.000000 0.000000 -1.570790 -3.044320
    57 2.577897 -4.075848 1.825547 1.570743 -1.473520 1.570850
    58 -2.577999 -4.075848 1.825549 1.570743 -1.473520 1.570850
    59 2.330669 -1.877754 0.104131 -1.861302 0.207908 -1.328386
  time 24
    0 -0.003395 0.004619 23.307130 1.203029 -0.005423 0.000562
    1 0.001573 4.212781 -1.689849 1.572413 -0.249965 1.558069
    2 3.837410 0.000000 0.000000 -0.004550 -0.007380 0.194396
    3 3.617862 0.000000 0.000000 -0.005424 -0.005558 0.063085
    4 7.539774 0.000000 0.000000 0.000000 0.000000 0.155813
    5 3.178292 0.000001 0.000000 3.184003 0.065529 0.051762
    6 2.970271 0.000000 0.000001 -0.340607 0.000592 0.214641
    7 -0.000002 0.000001 0.000000 -1.570796 0.000000 -1.326450
    8 2.023705 0.907460 0.852577 3.286497 -1.169984 1.252345
    9 4.983657 -0.000003 0.000000 -2.022146 -0.927315 -0.105627
    10 11.123049 -0.000003 0.000001 -0.000001 -0.000001 -0.911957
    11 11.208297 -0.000001 0.000013 1.818179 -0.078317 0.671782
    12 2.676087 -1.712447 0.000003 1.570795 0.000000 1.570797
    13 2.023707 0.907463 -0.852527 -1.908570 1.333438 -3.577969
    14 4.983657 -0.000004 0.000000 1.578580 0.262871 -0.395638
    15 11.123040 -0.000006 -0.000006 0.000000 0.000001 -0.823803
    16 11.208287 0.000000 -0.000016 -2.000820 0.371633 -0.203090
    17 2.676081 -1.712434 -0.000003 -1.570797 -0.000001 -1.570797
    18 3.984014 -0.000005 -0.000003 -2.633549 -1.440640 -0.236969
    19 15.940006 0.000002 0.000000 0.000000 0.000000 1.150252
    20 17.709558 0.000004 0.000002 -0.352336 -0.053567 -1.338592
    21 6.203996 0.000000 0.000001 -0.011146 0.000934 -0.500515
    22 -3.984013 0.000007 0.000007 -3.466128 -1.461526 0.127538
    23 15.940015 0.000000 0.000000 0.000000 0.000000 1.253578
    24 17.709572 -0.000006 0.000001 0.213777 0.233401 -1.370255
    25 6.204001 0.000003 -0.000001 -0.078651 -0.006185 -0.498943
    26 3.549240 0.198821 -1.489462 -0.030269 0.010055 -0.611056
    27 1.218999 -0.000001 0.000002 -0.079880 0.060389 -1.236895
    28 0.679998 -0.000001 -0.000001 -0.009900 0.087366 -0.397361
    29 3.698007 0.267555 -0.728972 -0.251101 0.113262 -0.988440
    30 1.749001 -0.000001 0.000003 -0.027453 0.015659 -1.209645
    31 0.959999 -0.000001 0.000001 -0.021748 0.033157 -0.769884
    32 3.768500 0.152546 0.071388 0.023625 0.090892 -0.994068
    33 2.037998 0.000001 0.000002 0.002719 -0.002018 -1.595621
    34 1.067001 0.000001 0.000002 0.000874 -0.007399 -0.631377
    35 3.783924 -0.017260 0.794558 0.334767 0.116359 -0.897793
    36 1.629002 -0.000001 0.000003 0.067890 -0.020174 -1.489047
    37 0.956000 0.000000 0.000001 0.036555 -0.060673 -0.703598
    38 1.258965 -0.297983 1.252590 -1.260999 -0.398023 -1.223793
    39 1.393001 0.000001 0.000000 0.001079 -0.128345 0.597355
    40 1.100002 0.000001 -0.000003 -0.112704 -0.225395 0.621597
    41 3.549266 0.211411 1.487664 0.415020 -0.090931 -0.831347
    42 1.218999 -0.000001 -0.000002 0.076519 -0.060605 -1.221542
    43 0.679999 0.000001 0.000000 0.029119 -0.082748 -0.641951
    44 3.698016 0.273718 0.726617 0.249421 -0.110969 -0.991177
    45 1.748999 0.000000 -0.000002 0.020255 -0.017985 -1.043218
    46 0.959996 0.000000 0.000000 0.015675 -0.036226 -0.705571
    47 3.768499 0.151954 -0.072746 -0.037131 -0.086937 -0.866025
    48 2.037997 0.000002 -0.000003 -0.004272 0.001742 -1.428344
    49 1.066998 0.000000 -0.000001 -0.001429 0.005624 -0.566382
    50 3.783906 -0.023949 -0.794455 -0.349759 -0.068182 -0.757524
    51 1.629001 0.000002 0.000000 -0.062588 0.029671 -1.321899
    52 0.955999 0.000000 -0.000002 -0.031449 0.062242 -0.638366
    53 1.258940 -0.308543 -1.250054 1.287486 0.528520 -0.660309
    54 1.392999 0.000000 -0.000003 -0.001788 0.370555 0.932381
    55 1.099998 -0.000002 -0.000003 0.000000 -0.013127 -0.286815
    56 0.578998 0.704300 0.000000 0.000000 -1.570790 -3.044320
    57 2.577897 -4.075848 1.825547 1.570743 -1.473520 1.570850
    58 -2.577999 -4.075848 1.825549 1.570743 -1.473520 1.570850
    59 2.330669 -1.877754 0.104131 -1.861302 0.207908 -1.328386
  time 25
    0 -0.003395 0.004619 23.307130 1.202934 -0.005332 0.000467
    1 0.001573 4.212781 -1.689849 1.572121 -0.250594 1.558455
    2 3.837410 0.000000 0.000000 -0.004496 -0.007601 0.194248
    3 3.617862 0.000000 0.000000 -0.005373 -0.005785 0.062931
    4 7.539774 0.000000 0.000000 0.000000 0.000000 0.155813
    5 3.178292 0.000001 0.000000 3.182293 0.065749 0.050830
    6 2.970271 0.000000 0.000001 -0.340099 0.000197 0.214413
    7 -0.000002 0.000001 0.000000 -1.570796 0.000000 -1.326450
    8 2.023705 0.907460 0.852577 3.286881 -1.169984 1.251483
    9 4.983657 -0.000003 0.000000 -2.020713 -0.926250 -0.104965
    10 11.123049 -0.000003 0.000001 -0.000001 -0.000001 -0.913192
    11 11.208297 -0.000001 0.000013 1.815974 -0.077835 0.672636
    12 2.676087 -1.712447 0.000003 1.570795 0.000000 1.570797
    13 2.023707 0.907463 -0.852527 -1.916226 1.333201 -3.585542
    14 4.983657 -0.000004 0.000000 1.580975 0.260246 -0.396488
    15 11.123040 -0.000006 -0.000006 0.000000 0.000001 -0.825572
    16 11.208287 0.000000 -0.000016 -2.002256 0.370837 -0.203236
    17 2.676081 -1.712434 -0.000003 -1.570797 -0.000001 -1.570797
    18 3.984014 -0.000005 -0.000003 -2.628374 -1.441384 -0.240611
    19 15.940006 0.000002 0.000000 0.000000 0.000000 1.150252
    20 17.709558 0.000004 0.000002 -0.353474 -0.054742 -1.338506
    21 6.203996 0.000000 0.000001 -0.011146 0.000934 -0.500515
    22 -3.984013 0.000007 0.000007 -3.466991 -1.462414 0.129838
    23 15.940015 0.000000 0.000000 0.000000 0.000000 1.253808
    24 17.709572 -0.000006 0.000001 0.212116 0.231504 -1.370501
    25 6.204001 0.000003 -0.000001 -0.078651 -0.006185 -0.498943
    26 3.549240 0.198821 -1.489462 -0.030249 0.010028 -0.611007
    27 1.218999 -0.000001 0.000002 -0.079864 0.060389 -1.236843
    28 0.679998 -0.000001 -0.000001 -0.009883 0.087366 -0.397277
    29 3.698007 0.267555 -0.728972 -0.251083 0.113247 -0.988392
    30 1.749001 -0.000001 0.000003 -0.027434 0.015659 -1.209596
    31 0.959999 -0.000001 0.000001 -0.021728 0.033169 -0.769843
    32 3.768500 0.152546 0.071388 0.023641 0.090880 -0.994018
    33 2.037998 0.000001 0.000002 0.002739 -0.002018 -1.595570
    34 1.067001 0.000001 0.000002 0.000874 -0.007387 -0.631294
    35 3.783924 -0.017260 0.794558 0.334767 0.116344 -0.897745
    36 1.629002 -0.000001 0.000003 0.067890 -0.020153 -1.488955
    37 0.956000 0.000000 0.000001 0.036533 -0.060661 -0.703536
    38 1.258965 -0.297983 1.252590 -1.260999 -0.398045 -1.223756
    39 1.393001 0.000001 0.000000 0.001079 -0.128399 0.597384
    40 1.100002 0.000001 -0.000003 -0.112740 -0.225437 0.621597
    41 3.549266 0.211411 1.487664 0.415099 -0.090766 -0.830909
    42 1.218999 -0.000001 -0.000002 0.076519 -0.060605 -1.221542
    43 0.679999 0.000001 0.000000 0.029119 -0.082748 -0.641951
    44 3.698016 0.273718 0.726617 0.249481 -0.110817 -0.990767
    45 1.748999 0.000000 -0.000002 0.020255 -0.017985 -1.043218
    46 0.959996 0.000000 0.000000 0.015675 -0.036226 -0.705571
    47 3.768499 0.151954 -0.072746 -0.037048 -0.086794 -0.865597
    48 2.037997 0.000002 -0.000003 -0.004272 0.001742 -1.428344
    49 1.066998 0.000000 -0.000001 -0.001429 0.005624 -0.566382
    50 3.783906 -0.023949 -0.794455 -0.349658 -0.068027 -0.757106
    51 1.629001 0.000002 0.000000 -0.062588 0.029671 -1.321899
    52 0.955999 0.000000 -0.000002 -0.031449 0.062230 -0.638366
    53 1.258940 -0.308543 -1.250054 1.287617 0.528650 -0.659838
    54 1.392999 0.000000 -0.000003 -0.001788 0.370555 0.932381
    55 1.099998 -0.000002 -0.000003 0.000000 -0.013127 -0.286815
    56 0.578998 0.704300 0.000000 0.000000 -1.570790 -3.044320
    57 2.577897 -4.075848 1.825547 1.570743 -1.473520 1.570850
    58 -2.577999 -4.075848 1.825549 1.570743 -1.473520 1.570850
    59 2.330669 -1.877754 0.104131 -1.861302 0.207908 -1.328386
  time 26
    0 -0.003395 0.004619 23.307130 1.202840 -0.005242 0.000275
    1 0.001573 4.212781 -1.689849 1.571986 -0.251118 1.558841
    2 3.837410 0.000000 0.000000 -0.004402 -0.007885 0.194068
    3 3.617862 0.000000 0.000000 -0.005309 -0.006057 0.062743
    4 7.539774 0.000000 0.000000 0.000000 0.000000 0.155813
    5 3.178292 0.000001 0.000000 3.180554 0.065629 0.049258
    6 2.970271 0.000000 0.000001 -0.339846 -0.000691 0.213457
    7 -0.000002 0.000001 0.000000 -1.570796 0.000000 -1.326450
    8 2.023705 0.907460 0.852577 3.287360 -1.170142 1.250620
    9 4.983657 -0.000003 0.000000 -2.019089 -0.925946 -0.104021
    10 11.123049 -0.000003 0.000001 -0.000001 -0.000001 -0.913641
    11 11.208297 -0.000001 0.000013 1.813673 -0.077396 0.673205
    12 2.676087 -1.712447 0.000003 1.570795 0.000000 1.570797
    13 2.023707 0.907463 -0.852527 -1.923785 1.332964 -3.592827
    14 4.983657 -0.000004 0.000000 1.583466 0.257811 -0.397717
    15 11.123040 -0.000006 -0.000006 0.000000 0.000001 -0.826583
    16 11.208287 0.000000 -0.000016 -2.003782 0.369902 -0.203892
    17 2.676081 -1.712434 -0.000003 -1.570797 -0.000001 -1.570797
    18 3.984014 -0.000005 -0.000003 -2.623581 -1.442055 -0.243964
    19 15.940006 0.000002 0.000000 0.000000 0.000000 1.150326
    20 17.709558 0.000004 0.000002 -0.354535 -0.055811 -1.338506
    21 6.203996 0.000000 0.000001 -0.011146 0.000934 -0.500515
    22 -3.984013 0.000007 0.000007 -3.467854 -1.463402 0.132234
    23 15.940015 0.000000 0.000000 0.000000 0.000000 1.254038
    24 17.709572 -0.000006 0.000001 0.210277 0.229399 -1.370746
    25 6.204001 0.000003 -0.000001 -0.078651 -0.006185 -0.498943
    26 3.549240 0.198821 -1.489462 -0.030249 0.010002 -0.610861
    27 1.218999 -0.000001 0.000002 -0.079818 0.060389 -1.236686
    28 0.679998 -0.000001 -0.000001 -0.009847 0.087366 -0.397110
    29 3.698007 0.267555 -0.728972 -0.251065 0.113219 -0.988201
    30 1.749001 -0.000001 0.000003 -0.027356 0.015635 -1.209448
    31 0.959999 -0.000001 0.000001 -0.021669 0.033193 -0.769676
    32 3.768500 0.152546 0.071388 0.023657 0.090856 -0.993870
    33 2.037998 0.000001 0.000002 0.002760 -0.001994 -1.595417
    34 1.067001 0.000001 0.000002 0.000910 -0.007351 -0.631127
    35 3.783924 -0.017260 0.794558 0.334787 0.116313 -0.897553
    36 1.629002 -0.000001 0.000003 0.067870 -0.020153 -1.488818
    37 0.956000 0.000000 0.000001 0.036511 -0.060661 -0.703381
    38 1.258965 -0.297983 1.252590 -1.260956 -0.398067 -1.223609
    39 1.393001 0.000001 0.000000 0.001079 -0.128561 0.597384
    40 1.100002 0.000001 -0.000003 -0.112824 -0.225565 0.621641
    41 3.549266 0.211411 1.487664 0.415193 -0.090621 -0.830472
    42 1.218999 -0.000001 -0.000002 0.076519 -0.060605 -1.221542
    43 0.679999 0.000001 0.000000 0.029119 -0.082748 -0.641951
    44 3.698016 0.273718 0.726617 0.249529 -0.110638 -0.990306
    45 1.748999 0.000000 -0.000002 0.020255 -0.017985 -1.043218
    46 0.959996 0.000000 0.000000 0.015675 -0.036226 -0.705571
    47 3.768499 0.151954 -0.072746 -0.036976 -0.086638 -0.865169
    48 2.037997 0.000002 -0.000003 -0.004272 0.001742 -1.428344
    49 1.066998 0.000000 -0.000001 -0.001429 0.005624 -0.566382
    50 3.783906 -0.023949 -0.794455 -0.349558 -0.067873 -0.756687
    51 1.629001 0.000002 0.000000 -0.062588 0.029671 -1.321899
    52 0.955999 0.000000 -0.000002 -0.031449 0.062230 -0.638366
    53 1.258940 -0.308543 -1.250054 1.287747 0.528802 -0.659331
    54 1.392999 0.000000 -0.000003 -0.001788 0.370555 0.932381
    55 1.099998 -0.000002 -0.000003 0.000000 -0.013127 -0.286815
    56 0.578998 0.704300 0.000000 0.000000 -1.570790 -3.044320
    57 2.577897 -4.075848 1.825547 1.570743 -1.473520 1.570850
    58 -2.577999 -4.075848 1.825549 1.570743 -1.473520 1.570850
    59 2.330669 -1.877754 0.104131 -1.861302 0.207908 -1.328386
  time 27
    0 -0.003395 0.004619 23.307130 1.202746 -0.005106 0.000179
    1 0.001573 4.212781 -1.689849 1.572008 -0.251558 1.559111
    2 3.837410 0.000000 0.000000 -0.004307 -0.008201 0.193854
    3 3.617862 0.000000 0.000000 -0.005232 -0.006375 0.062521
    4 7.539774 0.000000 0.000000 0.000000 0.000000 0.155813
    5 3.178292 0.000001 0.000000 3.178759 0.065067 0.046899
    6 2.970271 0.000000 0.000001 -0.339803 -0.002289 0.211499
    7 -0.000002 0.000001 0.000000 -1.570796 0.000000 -1.326450
    8 2.023705 0.907460 0.852577 3.287839 -1.170419 1.249662
    9 4.983657 -0.000003 0.000000 -2.017179 -0.926402 -0.102981
    10 11.123049 -0.000003 0.000001 -0.000001 -0.000001 -0.913136
    11 11.208297 -0.000001 0.000013 1.811180 -0.077001 0.673419
    12 2.676087 -1.712447 0.000003 1.570795 0.000000 1.570797
    13 2.023707 0.907463 -0.852527 -1.931058 1.332680 -3.600016
    14 4.983657 -0.000004 0.000000 1.586053 0.255519 -0.399134
    15 11.123040 -0.000006 -0.000006 0.000000 0.000001 -0.826899
    16 11.208287 0.000000 -0.000016 -2.005577 0.368872 -0.204987
    17 2.676081 -1.712434 -0.000003 -1.570797 -0.000001 -1.570797
    18 3.984014 -0.000005 -0.000003 -2.619364 -1.442688 -0.246935
    19 15.940006 0.000002 0.000000 0.000000 0.000000 1.150400
    20 17.709558 0.000004 0.000002 -0.355521 -0.056808 -1.338506
    21 6.203996 0.000000 0.000001 -0.011146 0.000934 -0.500515
    22 -3.984013 0.000007 0.000007 -3.468812 -1.464389 0.134917
    23 15.940015 0.000000 0.000000 0.000000 0.000000 1.254268
    24 17.709572 -0.000006 0.000001 0.208379 0.227157 -1.370992
    25 6.204001 0.000003 -0.000001 -0.078651 -0.006185 -0.498943
    26 3.549240 0.198821 -1.489462 -0.030208 0.009949 -0.610618
    27 1.218999 -0.000001 0.000002 -0.079742 0.060377 -1.236425
    28 0.679998 -0.000001 -0.000001 -0.009793 0.087366 -0.396860
    29 3.698007 0.267555 -0.728972 -0.251013 0.113175 -0.987962
    30 1.749001 -0.000001 0.000003 -0.027259 0.015611 -1.209202
    31 0.959999 -0.000001 0.000001 -0.021572 0.033241 -0.769467
    32 3.768500 0.152546 0.071388 0.023707 0.090808 -0.993624
    33 2.037998 0.000001 0.000002 0.002801 -0.001970 -1.595111
    34 1.067001 0.000001 0.000002 0.000928 -0.007315 -0.630877
    35 3.783924 -0.017260 0.794558 0.334847 0.116266 -0.897314
    36 1.629002 -0.000001 0.000003 0.067810 -0.020132 -1.488544
    37 0.956000 0.000000 0.000001 0.036490 -0.060661 -0.703132
    38 1.258965 -0.297983 1.252590 -1.260914 -0.398090 -1.223389
    39 1.393001 0.000001 0.000000 0.001097 -0.128813 0.597412
    40 1.100002 0.000001 -0.000003 -0.112979 -0.225799 0.621730
    41 3.549266 0.211411 1.487664 0.415272 -0.090456 -0.830034
    42 1.218999 -0.000001 -0.000002 0.076519 -0.060605 -1.221542
    43 0.679999 0.000001 0.000000 0.029119 -0.082748 -0.641951
    44 3.698016 0.273718 0.726617 0.249601 -0.110472 -0.989897
    45 1.748999 0.000000 -0.000002 0.020255 -0.017985 -1.043218
    46 0.959996 0.000000 0.000000 0.015675 -0.036226 -0.705571
    47 3.768499 0.151954 -0.072746 -0.036892 -0.086470 -0.864741
    48 2.037997 0.000002 -0.000003 -0.004272 0.001742 -1.428344
    49 1.066998 0.000000 -0.000001 -0.001429 0.005624 -0.566382
    50 3.783906 -0.023949 -0.794455 -0.349458 -0.067718 -0.756269
    51 1.629001 0.000002 0.000000 -0.062588 0.029671 -1.321899
    52 0.955999 0.000000 -0.000002 -0.031449 0.062230 -0.638366
    53 1.258940 -0.308543 -1.250054 1.287877 0.528954 -0.658787
    54 1.392999 0.000000 -0.000003 -0.001788 0.370555 0.932381
    55 1.099998 -0.000002 -0.000003 0.000000 -0.013127 -0.286815
    56 0.578998 0.704300 0.000000 0.000000 -1.570790 -3.044320
    57 2.577897 -4.075848 1.825547 1.570743 -1.473520 1.570850
    58 -2.577999 -4.075848 1.825549 1.570743 -1.473520 1.570850
    59 2.330669 -1.877754 0.104131 -1.861302 0.207908 -1.328386
  time 28
    0 -0.003395 0.004619 23.307130 1.202746 -0.004970 -0.000013
    1 0.001573 4.212781 -1.689849 1.572098 -0.251642 1.559381
    2 3.837410 0.000000 0.000000 -0.004199 -0.008564 0.193608
    3 3.617862 0.000000 0.000000 -0.005142 -0.006753 0.062282
    4 7.539774 0.000000 0.000000 0.000000 0.000000 0.155813
    5 3.178292 0.000001 0.000000 3.176763 0.063903 0.043551
    6 2.970271 0.000000 0.000001 -0.339803 -0.004697 0.208176
    7 -0.000002 0.000001 0.000000 -1.570796 0.000000 -1.326450
    8 2.023705 0.907460 0.852577 3.288413 -1.170774 1.248607
    9 4.983657 -0.000003 0.000000 -2.014886 -0.927823 -0.101942
    10 11.123049 -0.000003 0.000001 -0.000001 -0.000001 -0.911059
    11 11.208297 -0.000001 0.000013 1.808687 -0.076650 0.672921
    12 2.676087 -1.712447 0.000003 1.570795 0.000000 1.570797
    13 2.023707 0.907463 -0.852527 -1.938139 1.332395 -3.606918
    14 4.983657 -0.000004 0.000000 1.588448 0.253801 -0.400835
    15 11.123040 -0.000006 -0.000006 0.000000 0.000001 -0.825951
    16 11.208287 0.000000 -0.000016 -2.007372 0.367656 -0.206592
    17 2.676081 -1.712434 -0.000003 -1.570797 -0.000001 -1.570797
    18 3.984014 -0.000005 -0.000003 -2.615530 -1.443172 -0.249522
    19 15.940006 0.000002 0.000000 0.000000 0.000000 1.150473
    20 17.709558 0.000004 0.000002 -0.356432 -0.057662 -1.338506
    21 6.203996 0.000000 0.000001 -0.011146 0.000934 -0.500515
    22 -3.984013 0.000007 0.000007 -3.469866 -1.465425 0.137696
    23 15.940015 0.000000 0.000000 0.000000 0.000000 1.254498
    24 17.709572 -0.000006 0.000001 0.206362 0.224846 -1.371238
    25 6.204001 0.000003 -0.000001 -0.078651 -0.006185 -0.498943
    26 3.549240 0.198821 -1.489462 -0.030188 0.009870 -0.610277
    27 1.218999 -0.000001 0.000002 -0.079650 0.060377 -1.236059
    28 0.679998 -0.000001 -0.000001 -0.009704 0.087366 -0.396526
    29 3.698007 0.267555 -0.728972 -0.250960 0.113118 -0.987627
    30 1.749001 -0.000001 0.000003 -0.027104 0.015575 -1.208907
    31 0.959999 -0.000001 0.000001 -0.021435 0.033313 -0.769134
    32 3.768500 0.152546 0.071388 0.023772 0.090736 -0.993278
    33 2.037998 0.000001 0.000002 0.002841 -0.001946 -1.594805
    34 1.067001 0.000001 0.000002 0.000946 -0.007255 -0.630544
    35 3.783924 -0.017260 0.794558 0.334887 0.116189 -0.896978
    36 1.629002 -0.000001 0.000003 0.067771 -0.020111 -1.488224
    37 0.956000 0.000000 0.000001 0.036425 -0.060661 -0.702789
    38 1.258965 -0.297983 1.252590 -1.260828 -0.398157 -1.223058
    39 1.393001 0.000001 0.000000 0.001097 -0.129156 0.597470
    40 1.100002 0.000001 -0.000003 -0.113171 -0.226076 0.621819
    41 3.549266 0.211411 1.487664 0.415366 -0.090291 -0.829597
    42 1.218999 -0.000001 -0.000002 0.076519 -0.060605 -1.221542
    43 0.679999 0.000001 0.000000 0.029119 -0.082748 -0.641951
    44 3.698016 0.273718 0.726617 0.249673 -0.110292 -0.989436
    45 1.748999 0.000000 -0.000002 0.020255 -0.017985 -1.043218
    46 0.959996 0.000000 0.000000 0.015675 -0.036226 -0.705571
    47 3.768499 0.151954 -0.072746 -0.036796 -0.086302 -0.864259
    48 2.037997 0.000002 -0.000003 -0.004272 0.001742 -1.428344
    49 1.066998 0.000000 -0.000001 -0.001429 0.005624 -0.566382
    50 3.783906 -0.023949 -0.794455 -0.349358 -0.067548 -0.755798
    51 1.629001 0.000002 0.000000 -0.062588 0.029671 -1.321899
    52 0.955999 0.000000 -0.000002 -0.031449 0.062230 -0.638366
    53 1.258940 -0.308543 -1.250054 1.288007 0.529084 -0.658280
    54 1.392999 0.000000 -0.000003 -0.001788 0.370555 0.932381
    55 1.099998 -0.000002 -0.000003 0.000000 -0.013127 -0.286815
    56 0.578998 0.704300 0.000000 0.000000 -1.570790 -3.044320
    57 2.577897 -4.075848 1.825547 1.570743 -1.473520 1.570850
    58 -2.577999 -4.075848 1.825549 1.570743 -1.473520 1.570850
    59 2.330669 -1.877754 0.104131 -1.861302 0.207908 -1.328386
  time 29
    0 -0.003395 0.004619 23.307130 1.202652 -0.004835 -0.000204
    1 0.001573 4.212781 -1.689849 1.572211 -0.251265 1.559535
    2 3.837410 0.000000 0.000000 -0.004064 -0.008959 0.193345
    3 3.617862 0.000000 0.000000 -0.005040 -0.007147 0.062025
    4 7.539774 0.000000 0.000000 0.000000 0.000000 0.155813
    5 3.178292 0.000001 0.000000 3.174398 0.062137 0.038951
    6 2.970271 0.000000 0.000001 -0.339634 -0.007933 0.203076
    7 -0.000002 0.000001 0.000000 -1.570796 0.000000 -1.326450
    8 2.023705 0.907460 0.852577 3.289084 -1.171288 1.247553
    9 4.983657 -0.000003 0.000000 -2.012115 -0.930207 -0.101280
    10 11.123049 -0.000003 0.000001 -0.000001 -0.000001 -0.907185
    11 11.208297 -0.000001 0.000013 1.806195 -0.076431 0.671569
    12 2.676087 -1.712447 0.000003 1.570795 0.000000 1.570797
    13 2.023707 0.907463 -0.852527 -1.945029 1.332063 -3.613724
    14 4.983657 -0.000004 0.000000 1.590555 0.252846 -0.402820
    15 11.123040 -0.000006 -0.000006 0.000000 0.000001 -0.823424
    16 11.208287 0.000000 -0.000016 -2.009257 0.366299 -0.208782
    17 2.676081 -1.712434 -0.000003 -1.570797 -0.000001 -1.570797
    18 3.984014 -0.000005 -0.000003 -2.612080 -1.443656 -0.251822
    19 15.940006 0.000002 0.000000 0.000000 0.000000 1.150547
    20 17.709558 0.000004 0.000002 -0.357190 -0.058481 -1.338506
    21 6.203996 0.000000 0.000001 -0.011146 0.000934 -0.500515
    22 -3.984013 0.000007 0.000007 -3.470921 -1.466511 0.140571
    23 15.940015 0.000000 0.000000 0.000000 0.000000 1.254805
    24 17.709572 -0.000006 0.000001 0.204286 0.222431 -1.371484
    25 6.204001 0.000003 -0.000001 -0.078651 -0.006185 -0.498943
    26 3.549240 0.198821 -1.489462 -0.030148 0.009764 -0.609839
    27 1.218999 -0.000001 0.000002 -0.079527 0.060365 -1.235642
    28 0.679998 -0.000001 -0.000001 -0.009615 0.087366 -0.396108
    29 3.698007 0.267555 -0.728972 -0.250873 0.113032 -0.987196
    30 1.749001 -0.000001 0.000003 -0.026930 0.015539 -1.208513
    31 0.959999 -0.000001 0.000001 -0.021279 0.033396 -0.768758
    32 3.768500 0.152546 0.071388 0.023838 0.090653 -0.992834
    33 2.037998 0.000001 0.000002 0.002923 -0.001910 -1.594397
    34 1.067001 0.000001 0.000002 0.000982 -0.007183 -0.630127
    35 3.783924 -0.017260 0.794558 0.334967 0.116112 -0.896547
    36 1.629002 -0.000001 0.000003 0.067711 -0.020090 -1.487767
    37 0.956000 0.000000 0.000001 0.036338 -0.060649 -0.702354
    38 1.258965 -0.297983 1.252590 -1.260700 -0.398201 -1.222691
    39 1.393001 0.000001 0.000000 0.001097 -0.129588 0.597527
    40 1.100002 0.000001 -0.000003 -0.113411 -0.226416 0.621908
    41 3.549266 0.211411 1.487664 0.415460 -0.090126 -0.829159
    42 1.218999 -0.000001 -0.000002 0.076519 -0.060605 -1.221542
    43 0.679999 0.000001 0.000000 0.029119 -0.082748 -0.641951
    44 3.698016 0.273718 0.726617 0.249733 -0.110113 -0.988975
    45 1.748999 0.000000 -0.000002 0.020255 -0.017985 -1.043218
    46 0.959996 0.000000 0.000000 0.015675 -0.036226 -0.705571
    47 3.768499 0.151954 -0.072746 -0.036712 -0.086134 -0.863831
    48 2.037997 0.000002 -0.000003 -0.004272 0.001742 -1.428344
    49 1.066998 0.000000 -0.000001 -0.001429 0.005624 -0.566382
    50 3.783906 -0.023949 -0.794455 -0.349258 -0.067378 -0.755380
    51 1.629001 0.000002 0.000000 -0.062588 0.029671 -1.321899
    52 0.955999 0.000000 -0.000002 -0.031449 0.062230 -0.638366
    53 1.258940 -0.308543 -1.250054 1.288138 0.529236 -0.657736
    54 1.392999 0.000000 -0.000003 -0.001788 0.370555 0.932381
    55 1.099998 -0.000002 -0.000003 0.000000 -0.013127 -0.286815
    56 0.578998 0.704300 0.000000 0.000000 -1.570790 -3.044320
    57 2.577897 -4.075848 1.825547 1.570743 -1.473520 1.570850
    58 -2.577999 -4.075848 1.825549 1.570743 -1.473520 1.570850
    59 2.330669 -1.877754 0.104131 -1.861302 0.207908 -1.328386
  time 30
    0 -0.003395 0.004619 23.307130 1.202558 -0.004653 -0.000396
    1 0.001573 4.212781 -1.689849 1.572391 -0.250657 1.559496
    2 3.837410 0.000000 0.000000 -0.003915 -0.009385 0.193066
    3 3.617862 0.000000 0.000000 -0.004911 -0.007585 0.061752
    4 7.539774 0.000000 0.000000 0.000000 0.000000 0.155813
    5 3.178292 0.000001 0.000000 3.172174 0.059929 0.033506
    6 2.970271 0.000000 0.000001 -0.339719 -0.011840 0.196885
    7 -0.000002 0.000001 0.000000 -1.570796 0.000000 -1.326450
    8 2.023705 0.907460 0.852577 3.289850 -1.171881 1.246403
    9 4.983657 -0.000003 0.000000 -2.009058 -0.933403 -0.100525
    10 11.123049 -0.000003 0.000001 -0.000001 -0.000001 -0.902132
    11 11.208297 -0.000001 0.000013 1.803702 -0.076299 0.669719
    12 2.676087 -1.712447 0.000003 1.570795 0.000000 1.570797
    13 2.023707 0.907463 -0.852527 -1.951632 1.331731 -3.620147
    14 4.983657 -0.000004 0.000000 1.592663 0.252512 -0.405088
    15 11.123040 -0.000006 -0.000006 0.000000 0.000001 -0.819633
    16 11.208287 0.000000 -0.000016 -2.011322 0.364848 -0.211555
    17 2.676081 -1.712434 -0.000003 -1.570797 -0.000001 -1.570797
    18 3.984014 -0.000005 -0.000003 -2.608438 -1.444177 -0.254217
    19 15.940006 0.000002 0.000000 0.000000 0.000000 1.150621
    20 17.709558 0.000004 0.000002 -0.358024 -0.059336 -1.338506
    21 6.203996 0.000000 0.000001 -0.011146 0.000934 -0.500515
    22 -3.984013 0.000007 0.000007 -3.472071 -1.467548 0.143446
    23 15.940015 0.000000 0.000000 0.000000 0.000000 1.255111
    24 17.709572 -0.000006 0.000001 0.202210 0.219948 -1.371729
    25 6.204001 0.000003 -0.000001 -0.078651 -0.006185 -0.498943
    26 3.549240 0.198821 -1.489462 -0.030107 0.009632 -0.609353
    27 1.218999 -0.000001 0.000002 -0.079390 0.060365 -1.235172
    28 0.679998 -0.000001 -0.000001 -0.009490 0.087366 -0.395607
    29 3.698007 0.267555 -0.728972 -0.250785 0.112945 -0.986718
    30 1.749001 -0.000001 0.000003 -0.026736 0.015492 -1.208070
    31 0.959999 -0.000001 0.000001 -0.021103 0.033492 -0.768300
    32 3.768500 0.152546 0.071388 0.023920 0.090569 -0.992341
    33 2.037998 0.000001 0.000002 0.003005 -0.001863 -1.593887
    34 1.067001 0.000001 0.000002 0.001019 -0.007099 -0.629668
    35 3.783924 -0.017260 0.794558 0.335047 0.116004 -0.896068
    36 1.629002 -0.000001 0.000003 0.067652 -0.020090 -1.487310
    37 0.956000 0.000000 0.000001 0.036274 -0.060637 -0.701856
    38 1.258965 -0.297983 1.252590 -1.260615 -0.398291 -1.222250
    39 1.393001 0.000001 0.000000 0.001097 -0.130075 0.597556
    40 1.100002 0.000001 -0.000003 -0.113698 -0.226821 0.622041
    41 3.549266 0.211411 1.487664 0.415554 -0.089960 -0.828673
    42 1.218999 -0.000001 -0.000002 0.076519 -0.060605 -1.221542
    43 0.679999 0.000001 0.000000 0.029119 -0.082748 -0.641951
    44 3.698016 0.273718 0.726617 0.249792 -0.109947 -0.988514
    45 1.748999 0.000000 -0.000002 0.020255 -0.017985 -1.043218
    46 0.959996 0.000000 0.000000 0.015675 -0.036226 -0.705571
    47 3.768499 0.151954 -0.072746 -0.036640 -0.085967 -0.863350
    48 2.037997 0.000002 -0.000003 -0.004272 0.001742 -1.428344
    49 1.066998 0.000000 -0.000001 -0.001429 0.005624 -0.566382
    50 3.783906 -0.023949 -0.794455 -0.349158 -0.067223 -0.754909
    51 1.629001 0.000002 0.000000 -0.062588 0.029671 -1.321899
    52 0.955999 0.000000 -0.000002 -0.031449 0.062230 -0.638366
    53 1.258940 -0.308543 -1.250054 1.288268 0.529366 -0.657229
    54 1.392999 0.000000 -0.000003 -0.001788 0.370555 0.932381
    55 1.099998 -0.000002 -0.000003 0.000000 -0.013127 -0.286815
    56 0.578998 0.704300 0.000000 0.000000 -1.570790 -3.044320
    57 2.577897 -4.075848 1.825547 1.570743 -1.473520 1.570850
    58 -2.577999 -4.075848 1.825549 1.570743 -1.473520 1.570850
    59 2.330669 -1.877754 0.104131 -1.861302 0.207908 -1.328386
  time 31
    0 -0.003395 0.004619 23.307130 1.202464 -0.004472 -0.000588
    1 0.001573 4.212781 -1.689849 1.572615 -0.249986 1.559303
    2 3.837410 0.000000 0.000000 -0.003753 -0.009827 0.192787
    3 3.617862 0.000000 0.000000 -0.004796 -0.008054 0.061461
    4 7.539774 0.000000 0.000000 0.000000 0.000000 0.155813
    5 3.178292 0.000001 0.000000 3.170493 0.057360 0.027799
    6 2.970271 0.000000 0.000001 -0.340311 -0.016182 0.190328
    7 -0.000002 0.000001 0.000000 -1.570796 0.000000 -1.326450
    8 2.023705 0.907460 0.852577 3.290617 -1.172593 1.245157
    9 4.983657 -0.000003 0.000000 -2.005906 -0.937005 -0.099485
    10 11.123049 -0.000003 0.000001 -0.000001 -0.000001 -0.896630
    11 11.208297 -0.000001 0.000013 1.801114 -0.076211 0.667798
    12 2.676087 -1.712447 0.000003 1.570795 0.000000 1.570797
    13 2.023707 0.907463 -0.852527 -1.957948 1.331399 -3.626378
    14 4.983657 -0.000004 0.000000 1.594674 0.252512 -0.407451
    15 11.123040 -0.000006 -0.000006 0.000000 0.000001 -0.815084
    16 11.208287 0.000000 -0.000016 -2.013296 0.363304 -0.214839
    17 2.676081 -1.712434 -0.000003 -1.570797 -0.000001 -1.570797
    18 3.984014 -0.000005 -0.000003 -2.604892 -1.444661 -0.256517
    19 15.940006 0.000002 0.000000 0.000000 0.000000 1.150768
    20 17.709558 0.000004 0.000002 -0.358935 -0.060191 -1.338506
    21 6.203996 0.000000 0.000001 -0.011146 0.000934 -0.500515
    22 -3.984013 0.000007 0.000007 -3.473317 -1.468634 0.146513
    23 15.940015 0.000000 0.000000 0.000000 0.000000 1.255418
    24 17.709572 -0.000006 0.000001 0.200075 0.217429 -1.371975
    25 6.204001 0.000003 -0.000001 -0.078651 -0.006185 -0.498943
    26 3.549240 0.198821 -1.489462 -0.030047 0.009526 -0.608817
    27 1.218999 -0.000001 0.000002 -0.079236 0.060353 -1.234650
    28 0.679998 -0.000001 -0.000001 -0.009365 0.087366 -0.395064
    29 3.698007 0.267555 -0.728972 -0.250697 0.112830 -0.986144
    30 1.749001 -0.000001 0.000003 -0.026503 0.015444 -1.207577
    31 0.959999 -0.000001 0.000001 -0.020908 0.033600 -0.767799
    32 3.768500 0.152546 0.071388 0.024018 0.090473 -0.991848
    33 2.037998 0.000001 0.000002 0.003086 -0.001815 -1.593377
    34 1.067001 0.000001 0.000002 0.001055 -0.007015 -0.629084
    35 3.783924 -0.017260 0.794558 0.335127 0.115896 -0.895540
    36 1.629002 -0.000001 0.000003 0.067592 -0.020048 -1.486762
    37 0.956000 0.000000 0.000001 0.036187 -0.060625 -0.701327
    38 1.258965 -0.297983 1.252590 -1.260487 -0.398358 -1.221773
    39 1.393001 0.000001 0.000000 0.001115 -0.130615 0.597613
    40 1.100002 0.000001 -0.000003 -0.114010 -0.227289 0.622174
    41 3.549266 0.211411 1.487664 0.415633 -0.089816 -0.828284
    42 1.218999 -0.000001 -0.000002 0.076519 -0.060605 -1.221542
    43 0.679999 0.000001 0.000000 0.029119 -0.082748 -0.641951
    44 3.698016 0.273718 0.726617 0.249852 -0.109767 -0.988105
    45 1.748999 0.000000 -0.000002 0.020255 -0.017985 -1.043218
    46 0.959996 0.000000 0.000000 0.015675 -0.036226 -0.705571
    47 3.768499 0.151954 -0.072746 -0.036544 -0.085811 -0.862922
    48 2.037997 0.000002 -0.000003 -0.004272 0.001742 -1.428344
    49 1.066998 0.000000 -0.000001 -0.001429 0.005624 -0.566382
    50 3.783906 -0.023949 -0.794455 -0.349058 -0.067068 -0.754490
    51 1.629001 0.000002 0.000000 -0.062588 0.029671 -1.321899
    52 0.955999 0.000000 -0.000002 -0.031449 0.062242 -0.638366
    53 1.258940 -0.308543 -1.250054 1.288398 0.529518 -0.656722
    54 1.392999 0.000000 -0.000003 -0.001788 0.370555 0.932381
    55 1.099998 -0.000002 -0.000003 0.000000 -0.013127 -0.286815
    56 0.578998 0.704300 0.000000 0.000000 -1.570790 -3.044320
    57 2.577897 -4.075848 1.825547 1.570743 -1.473520 1.570850
    58 -2.577999 -4.075848 1.825549 1.570743 -1.473520 1.570850
    59 2.330669 -1.877754 0.104131 -1.861302 0.207908 -1.328386
  time 32
    0 -0.003395 0.004619 23.307130 1.202464 -0.004246 -0.000779
    1 0.001573 4.212781 -1.689849 1.572885 -0.249504 1.559033
    2 3.837410 0.000000 0.000000 -0.003591 -0.010285 0.192474
    3 3.617862 0.000000 0.000000 -0.004655 -0.008523 0.061154
    4 7.539774 0.000000 0.000000 0.000000 0.000000 0.155813
    5 3.178292 0.000001 0.000000 3.168896 0.054530 0.022296
    6 2.970271 0.000000 0.000001 -0.341030 -0.020918 0.184137
    7 -0.000002 0.000001 0.000000 -1.570796 0.000000 -1.326450
    8 2.023705 0.907460 0.852577 3.291479 -1.173383 1.244007
    9 4.983657 -0.000003 0.000000 -2.002849 -0.940809 -0.098162
    10 11.123049 -0.000003 0.000001 -0.000001 -0.000001 -0.891409
    11 11.208297 -0.000001 0.000013 1.798525 -0.076080 0.666233
    12 2.676087 -1.712447 0.000003 1.570795 0.000000 1.570797
    13 2.023707 0.907463 -0.852527 -1.963977 1.331020 -3.632225
    14 4.983657 -0.000004 0.000000 1.596973 0.252560 -0.410003
    15 11.123040 -0.000006 -0.000006 0.000000 0.000001 -0.810472
    16 11.208287 0.000000 -0.000016 -2.015361 0.361666 -0.218269
    17 2.676081 -1.712434 -0.000003 -1.570797 -0.000001 -1.570797
    18 3.984014 -0.000005 -0.000003 -2.601345 -1.445183 -0.258913
    19 15.940006 0.000002 0.000000 0.000000 0.000000 1.150842
    20 17.709558 0.000004 0.000002 -0.359769 -0.061081 -1.338419
    21 6.203996 0.000000 0.000001 -0.011146 0.000934 -0.500515
    22 -3.984013 0.000007 0.000007 -3.474563 -1.469670 0.149579
    23 15.940015 0.000000 0.000000 0.000000 0.000000 1.255724
    24 17.709572 -0.000006 0.000001 0.197939 0.214911 -1.372221
    25 6.204001 0.000003 -0.000001 -0.078651 -0.006185 -0.498943
    26 3.549240 0.198821 -1.489462 -0.030006 0.009368 -0.608233
    27 1.218999 -0.000001 0.000002 -0.079083 0.060353 -1.234023
    28 0.679998 -0.000001 -0.000001 -0.009222 0.087366 -0.394480
    29 3.698007 0.267555 -0.728972 -0.250592 0.112730 -0.985570
    30 1.749001 -0.000001 0.000003 -0.026251 0.015384 -1.207035
    31 0.959999 -0.000001 0.000001 -0.020674 0.033720 -0.767215
    32 3.768500 0.152546 0.071388 0.024116 0.090353 -0.991256
    33 2.037998 0.000001 0.000002 0.003188 -0.001767 -1.592765
    34 1.067001 0.000001 0.000002 0.001109 -0.006920 -0.628500
    35 3.783924 -0.017260 0.794558 0.335207 0.115788 -0.894917
    36 1.629002 -0.000001 0.000003 0.067513 -0.020027 -1.486168
    37 0.956000 0.000000 0.000001 0.036079 -0.060613 -0.700705
    38 1.258965 -0.297983 1.252590 -1.260358 -0.398447 -1.221259
    39 1.393001 0.000001 0.000000 0.001115 -0.131210 0.597699
    40 1.100002 0.000001 -0.000003 -0.114358 -0.227779 0.622308
    41 3.549266 0.211411 1.487664 0.415711 -0.089671 -0.827846
    42 1.218999 -0.000001 -0.000002 0.076519 -0.060605 -1.221542
    43 0.679999 0.000001 0.000000 0.029119 -0.082748 -0.641951
    44 3.698016 0.273718 0.726617 0.249912 -0.109615 -0.987695
    45 1.748999 0.000000 -0.000002 0.020255 -0.017985 -1.043218
    46 0.959996 0.000000 0.000000 0.015675 -0.036226 -0.705571
    47 3.768499 0.151954 -0.072746 -0.036472 -0.085655 -0.862547
    48 2.037997 0.000002 -0.000003 -0.004272 0.001742 -1.428344
    49 1.066998 0.000000 -0.000001 -0.001429 0.005624 -0.566382
    50 3.783906 -0.023949 -0.794455 -0.348957 -0.066913 -0.754072
    51 1.629001 0.000002 0.000000 -0.062588 0.029671 -1.321899
    52 0.955999 0.000000 -0.000002 -0.031449 0.062242 -0.638366
    53 1.258940 -0.308543 -1.250054 1.288529 0.529648 -0.656250
    54 1.392999 0.000000 -0.000003 -0.001788 0.370555 0.932381
    55 1.099998 -0.000002 -0.000003 0.000000 -0.013127 -0.286815
    56 0.578998 0.704300 0.000000 0.000000 -1.570790 -3.044320
    57 2.577897 -4.075848 1.825547 1.570743 -1.473520 1.570850
    58 -2.577999 -4.075848 1.825549 1.570743 -1.473520 1.570850
    59 2.330669 -1.877754 0.104131 -1.861302 0.207908 -1.328386
  time 33
    0 -0.003395 0.004619 23.307130 1.202370 -0.004065 -0.000971
    1 0.001573 4.212781 -1.689849 1.573200 -0.249358 1.558648
    2 3.837410 0.000000 0.000000 -0.003402 -0.010775 0.192179
    3 3.617862 0.000000 0.000000 -0.004501 -0.009022 0.060846
    4 7.539774 0.000000 0.000000 0.000000 0.000000 0.155813
    5 3.178292 0.000001 0.000000 3.167471 0.051540 0.017463
    6 2.970271 0.000000 0.000001 -0.341833 -0.025871 0.178946
    7 -0.000002 0.000001 0.000000 -1.570796 0.000000 -1.326450
    8 2.023705 0.907460 0.852577 3.292437 -1.174293 1.242666
    9 4.983657 -0.000003 0.000000 -2.000174 -0.944462 -0.096367
    10 11.123049 -0.000003 0.000001 -0.000001 -0.000001 -0.887086
    11 11.208297 -0.000001 0.000013 1.795937 -0.075904 0.665237
    12 2.676087 -1.712447 0.000003 1.570795 0.000000 1.570797
    13 2.023707 0.907463 -0.852527 -1.969814 1.330641 -3.637977
    14 4.983657 -0.000004 0.000000 1.599560 0.252369 -0.412554
    15 11.123040 -0.000006 -0.000006 0.000000 0.000001 -0.806302
    16 11.208287 0.000000 -0.000016 -2.017515 0.359982 -0.221771
    17 2.676081 -1.712434 -0.000003 -1.570797 -0.000001 -1.570797
    18 3.984014 -0.000005 -0.000003 -2.597703 -1.445667 -0.261308
    19 15.940006 0.000002 0.000000 0.000000 0.000000 1.150989
    20 17.709558 0.000004 0.000002 -0.360679 -0.061971 -1.338419
    21 6.203996 0.000000 0.000001 -0.011146 0.000934 -0.500515
    22 -3.984013 0.000007 0.000007 -3.475809 -1.470707 0.152550
    23 15.940015 0.000000 0.000000 0.000000 0.000000 1.256108
    24 17.709572 -0.000006 0.000001 0.195863 0.212393 -1.372466
    25 6.204001 0.000003 -0.000001 -0.078651 -0.006185 -0.498943
    26 3.549240 0.198821 -1.489462 -0.029946 0.009209 -0.607649
    27 1.218999 -0.000001 0.000002 -0.078899 0.060341 -1.233449
    28 0.679998 -0.000001 -0.000001 -0.009079 0.087381 -0.393854
    29 3.698007 0.267555 -0.728972 -0.250487 0.112614 -0.984948
    30 1.749001 -0.000001 0.000003 -0.025980 0.015324 -1.206444
    31 0.959999 -0.000001 0.000001 -0.020439 0.033840 -0.766631
    32 3.768500 0.152546 0.071388 0.024231 0.090245 -0.990614
    33 2.037998 0.000001 0.000002 0.003270 -0.001707 -1.592153
    34 1.067001 0.000001 0.000002 0.001145 -0.006800 -0.627875
    35 3.783924 -0.017260 0.794558 0.335307 0.115649 -0.894294
    36 1.629002 -0.000001 0.000003 0.067433 -0.019985 -1.485528
    37 0.956000 0.000000 0.000001 0.035993 -0.060601 -0.700083
    38 1.258965 -0.297983 1.252590 -1.260188 -0.398537 -1.220708
    39 1.393001 0.000001 0.000000 0.001115 -0.131858 0.597756
    40 1.100002 0.000001 -0.000003 -0.114729 -0.228290 0.622441
    41 3.549266 0.211411 1.487664 0.415790 -0.089527 -0.827457
    42 1.218999 -0.000001 -0.000002 0.076519 -0.060605 -1.221542
    43 0.679999 0.000001 0.000000 0.029119 -0.082748 -0.641951
    44 3.698016 0.273718 0.726617 0.249960 -0.109477 -0.987286
    45 1.748999 0.000000 -0.000002 0.020255 -0.017985 -1.043218
    46 0.959996 0.000000 0.000000 0.015675 -0.036226 -0.705571
    47 3.768499 0.151954 -0.072746 -0.036412 -0.085523 -0.862172
    48 2.037997 0.000002 -0.000003 -0.004272 0.001742 -1.428344
    49 1.066998 0.000000 -0.000001 -0.001429 0.005624 -0.566382
    50 3.783906 -0.023949 -0.794455 -0.348872 -0.066790 -0.753706
    51 1.629001 0.000002 0.000000 -0.062588 0.029671 -1.321899
    52 0.955999 0.000000 -0.000002 -0.031449 0.062242 -0.638366
    53 1.258940 -0.308543 -1.250054 1.288659 0.529757 -0.655779
    54 1.392999 0.000000 -0.000003 -0.001788 0.370555 0.932381
    55 1.099998 -0.000002 -0.000003 0.000000 -0.013127 -0.286815
    56 0.578998 0.704300 0.000000 0.000000 -1.570790 -3.044320
    57 2.577897 -4.075848 1.825547 1.570743 -1.473520 1.570850
    58 -2.577999 -4.075848 1.825549 1.570743 -1.473520 1.570850
    59 2.330669 -1.877754 0.104131 -1.861302 0.207908 -1.328386
  time 34
    0 -0.003395 0.004619 23.307130 1.202276 -0.003839 -0.001163
    1 0.001573 4.212781 -1.689849 1.573514 -0.249358 1.558262
    2 3.837410 0.000000 0.000000 -0.003213 -0.011264 0.191850
    3 3.617862 0.000000 0.000000 -0.004347 -0.009522 0.060539
    4 7.539774 0.000000 0.000000 0.000000 0.000000 0.155813
    5 3.178292 0.000001 0.000000 3.166160 0.048469 0.013270
    6 2.970271 0.000000 0.000001 -0.342636 -0.030884 0.174439
    7 -0.000002 0.000001 0.000000 -1.570796 0.000000 -1.326450
    8 2.023705 0.907460 0.852577 3.293491 -1.175241 1.241324
    9 4.983657 -0.000003 0.000000 -1.997785 -0.948165 -0.094289
    10 11.123049 -0.000003 0.000001 -0.000001 -0.000001 -0.883044
    11 11.208297 -0.000001 0.000013 1.793252 -0.075685 0.664525
    12 2.676087 -1.712447 0.000003 1.570795 0.000000 1.570797
    13 2.023707 0.907463 -0.852527 -1.975173 1.330261 -3.643249
    14 4.983657 -0.000004 0.000000 1.602242 0.252082 -0.415012
    15 11.123040 -0.000006 -0.000006 0.000000 0.000001 -0.802258
    16 11.208287 0.000000 -0.000016 -2.019579 0.358298 -0.225274
    17 2.676081 -1.712434 -0.000003 -1.570797 -0.000001 -1.570797
    18 3.984014 -0.000005 -0.000003 -2.594157 -1.446188 -0.263608
    19 15.940006 0.000002 0.000000 0.000000 0.000000 1.151063
    20 17.709558 0.000004 0.000002 -0.361589 -0.062897 -1.338333
    21 6.203996 0.000000 0.000001 -0.011146 0.000934 -0.500515
    22 -3.984013 0.000007 0.000007 -3.476959 -1.471694 0.155425
    23 15.940015 0.000000 0.000000 0.000000 0.000000 1.256414
    24 17.709572 -0.000006 0.000001 0.193787 0.209944 -1.372663
    25 6.204001 0.000003 -0.000001 -0.078651 -0.006185 -0.498943
    26 3.549240 0.198821 -1.489462 -0.029885 0.009077 -0.607016
    27 1.218999 -0.000001 0.000002 -0.078716 0.060341 -1.232770
    28 0.679998 -0.000001 -0.000001 -0.008918 0.087381 -0.393186
    29 3.698007 0.267555 -0.728972 -0.250382 0.112485 -0.984278
    30 1.749001 -0.000001 0.000003 -0.025708 0.015264 -1.205804
    31 0.959999 -0.000001 0.000001 -0.020186 0.033972 -0.766048
    32 3.768500 0.152546 0.071388 0.024346 0.090125 -0.989973
    33 2.037998 0.000001 0.000002 0.003372 -0.001659 -1.591490
    34 1.067001 0.000001 0.000002 0.001200 -0.006692 -0.627249
    35 3.783924 -0.017260 0.794558 0.335407 0.115525 -0.893671
    36 1.629002 -0.000001 0.000003 0.067334 -0.019943 -1.484888
    37 0.956000 0.000000 0.000001 0.035885 -0.060589 -0.699430
    38 1.258965 -0.297983 1.252590 -1.260060 -0.398626 -1.220120
    39 1.393001 0.000001 0.000000 0.001133 -0.132507 0.597842
    40 1.100002 0.000001 -0.000003 -0.115101 -0.228843 0.622618
    41 3.549266 0.211411 1.487664 0.415869 -0.089403 -0.827117
    42 1.218999 -0.000001 -0.000002 0.076519 -0.060605 -1.221542
    43 0.679999 0.000001 0.000000 0.029119 -0.082748 -0.641951
    44 3.698016 0.273718 0.726617 0.250008 -0.109339 -0.986979
    45 1.748999 0.000000 -0.000002 0.020255 -0.017985 -1.043218
    46 0.959996 0.000000 0.000000 0.015675 -0.036226 -0.705571
    47 3.768499 0.151954 -0.072746 -0.036340 -0.085391 -0.861798
    48 2.037997 0.000002 -0.000003 -0.004272 0.001742 -1.428344
    49 1.066998 0.000000 -0.000001 -0.001429 0.005624 -0.566382
    50 3.783906 -0.023949 -0.794455 -0.348800 -0.066666 -0.753339
    51 1.629001 0.000002 0.000000 -0.062588 0.029671 -1.321899
    52 0.955999 0.000000 -0.000002 -0.031449 0.062230 -0.638366
    53 1.258940 -0.308543 -1.250054 1.288746 0.529865 -0.655417
    54 1.392999 0.000000 -0.000003 -0.001788 0.370555 0.932381
    55 1.099998 -0.000002 -0.000003 0.000000 -0.013127 -0.286815
    56 0.578998 0.704300 0.000000 0.000000 -1.570790 -3.044320
    57 2.577897 -4.075848 1.825547 1.570743 -1.473520 1.570850
    58 -2.577999 -4.075848 1.825549 1.570743 -1.473520 1.570850
    59 2.330669 -1.877754 0.104131 -1.861302 0.207908 -1.328386
  time 35
    0 -0.003395 0.004619 23.307130 1.202276 -0.003658 -0.001354
    1 0.001573 4.212781 -1.689849 1.573851 -0.249420 1.557915
    2 3.837410 0.000000 0.000000 -0.003010 -0.011770 0.191538
    3 3.617862 0.000000 0.000000 -0.004180 -0.010021 0.060231
    4 7.539774 0.000000 0.000000 0.000000 0.000000 0.155813
    5 3.178292 0.000001 0.000000 3.164963 0.045459 0.009398
    6 2.970271 0.000000 0.000001 -0.343566 -0.035817 0.170387
    7 -0.000002 0.000001 0.000000 -1.570796 0.000000 -1.326450
    8 2.023705 0.907460 0.852577 3.294640 -1.176269 1.239982
    9 4.983657 -0.000003 0.000000 -1.995493 -0.951919 -0.092115
    10 11.123049 -0.000003 0.000001 -0.000001 -0.000001 -0.879114
    11 11.208297 -0.000001 0.000013 1.790664 -0.075509 0.663814
    12 2.676087 -1.712447 0.000003 1.570795 0.000000 1.570797
    13 2.023707 0.907463 -0.852527 -1.980340 1.329835 -3.648233
    14 4.983657 -0.000004 0.000000 1.605020 0.251796 -0.417374
    15 11.123040 -0.000006 -0.000006 0.000000 0.000001 -0.798467
    16 11.208287 0.000000 -0.000016 -2.021644 0.356566 -0.228704
    17 2.676081 -1.712434 -0.000003 -1.570797 -0.000001 -1.570797
    18 3.984014 -0.000005 -0.000003 -2.590515 -1.446709 -0.265908
    19 15.940006 0.000002 0.000000 0.000000 0.000000 1.151210
    20 17.709558 0.000004 0.000002 -0.362499 -0.063823 -1.338246
    21 6.203996 0.000000 0.000001 -0.011146 0.000934 -0.500515
    22 -3.984013 0.000007 0.000007 -3.478109 -1.472632 0.158204
    23 15.940015 0.000000 0.000000 0.000000 0.000000 1.256721
    24 17.709572 -0.000006 0.000001 0.191770 0.207529 -1.372860
    25 6.204001 0.000003 -0.000001 -0.078651 -0.006185 -0.498943
    26 3.549240 0.198821 -1.489462 -0.029825 0.008892 -0.606335
    27 1.218999 -0.000001 0.000002 -0.078532 0.060341 -1.232091
    28 0.679998 -0.000001 -0.000001 -0.008758 0.087381 -0.392518
    29 3.698007 0.267555 -0.728972 -0.250259 0.112370 -0.983608
    30 1.749001 -0.000001 0.000003 -0.025418 0.015192 -1.205213
    31 0.959999 -0.000001 0.000001 -0.019932 0.034104 -0.765380
    32 3.768500 0.152546 0.071388 0.024477 0.089993 -0.989282
    33 2.037998 0.000001 0.000002 0.003495 -0.001599 -1.590827
    34 1.067001 0.000001 0.000002 0.001254 -0.006572 -0.626541
    35 3.783924 -0.017260 0.794558 0.335527 0.115387 -0.892952
    36 1.629002 -0.000001 0.000003 0.067255 -0.019901 -1.484203
    37 0.956000 0.000000 0.000001 0.035776 -0.060577 -0.698715
    38 1.258965 -0.297983 1.252590 -1.259889 -0.398715 -1.219496
    39 1.393001 0.000001 0.000000 0.001133 -0.133192 0.597928
    40 1.100002 0.000001 -0.000003 -0.115496 -0.229418 0.622796
    41 3.549266 0.211411 1.487664 0.415916 -0.089300 -0.826825
    42 1.218999 -0.000001 -0.000002 0.076519 -0.060605 -1.221542
    43 0.679999 0.000001 0.000000 0.029119 -0.082748 -0.641951
    44 3.698016 0.273718 0.726617 0.250044 -0.109228 -0.986671
    45 1.748999 0.000000 -0.000002 0.020255 -0.017985 -1.043218
    46 0.959996 0.000000 0.000000 0.015675 -0.036226 -0.705571
    47 3.768499 0.151954 -0.072746 -0.036281 -0.085296 -0.861530
    48 2.037997 0.000002 -0.000003 -0.004272 0.001742 -1.428344
    49 1.066998 0.000000 -0.000001 -0.001429 0.005624 -0.566382
    50 3.783906 -0.023949 -0.794455 -0.348743 -0.066557 -0.753078
    51 1.629001 0.000002 0.000000 -0.062588 0.029671 -1.321899
    52 0.955999 0.000000 -0.000002 -0.031449 0.062230 -0.638366
    53 1.258940 -0.308543 -1.250054 1.288833 0.529973 -0.655054
    54 1.392999 0.000000 -0.000003 -0.001788 0.370555 0.932381
    55 1.099998 -0.000002 -0.000003 0.000000 -0.013127 -0.286815
    56 0.578998 0.704300 0.000000 0.000000 -1.570790 -3.044320
    57 2.577897 -4.075848 1.825547 1.570743 -1.473520 1.570850
    58 -2.577999 -4.075848 1.825549 1.570743 -1.473520 1.570850
    59 2.330669 -1.877754 0.104131 -1.861302 0.207908 -1.328386
  time 36
    0 -0.003395 0.004619 23.307130 1.202181 -0.003431 -0.001546
    1 0.001573 4.212781 -1.689849 1.574166 -0.249546 1.557645
    2 3.837410 0.000000 0.000000 -0.002781 -0.012259 0.191242
    3 3.617862 0.000000 0.000000 -0.004001 -0.010520 0.059923
    4 7.539774 0.000000 0.000000 0.000000 0.000000 0.155813
    5 3.178292 0.000001 0.000000 3.163851 0.042589 0.005642
    6 2.970271 0.000000 0.000001 -0.344497 -0.040494 0.166426
    7 -0.000002 0.000001 0.000000 -1.570796 0.000000 -1.326450
    8 2.023705 0.907460 0.852577 3.295790 -1.177376 1.238545
    9 4.983657 -0.000003 0.000000 -1.993391 -0.955724 -0.089942
    10 11.123049 -0.000003 0.000001 -0.000001 -0.000001 -0.875296
    11 11.208297 -0.000001 0.000013 1.788075 -0.075290 0.663173
    12 2.676087 -1.712447 0.000003 1.570795 0.000000 1.570797
    13 2.023707 0.907463 -0.852527 -1.985125 1.329408 -3.652931
    14 4.983657 -0.000004 0.000000 1.607798 0.251366 -0.419642
    15 11.123040 -0.000006 -0.000006 0.000000 0.000001 -0.794929
    16 11.208287 0.000000 -0.000016 -2.023708 0.354882 -0.231915
    17 2.676081 -1.712434 -0.000003 -1.570797 -0.000001 -1.570797
    18 3.984014 -0.000005 -0.000003 -2.586969 -1.447231 -0.268207
    19 15.940006 0.000002 0.000000 0.000000 0.000000 1.151357
    20 17.709558 0.000004 0.000002 -0.363410 -0.064749 -1.338160
    21 6.203996 0.000000 0.000001 -0.011146 0.000934 -0.500515
    22 -3.984013 0.000007 0.000007 -3.479163 -1.473521 0.160887
    23 15.940015 0.000000 0.000000 0.000000 0.000000 1.257027
    24 17.709572 -0.000006 0.000001 0.189872 0.205218 -1.373007
    25 6.204001 0.000003 -0.000001 -0.078651 -0.006185 -0.498943
    26 3.549240 0.198821 -1.489462 -0.029744 0.008734 -0.605653
    27 1.218999 -0.000001 0.000002 -0.078333 0.060329 -1.231413
    28 0.679998 -0.000001 -0.000001 -0.008597 0.087381 -0.391808
    29 3.698007 0.267555 -0.728972 -0.250136 0.112241 -0.982939
    30 1.749001 -0.000001 0.000003 -0.025127 0.015132 -1.204573
    31 0.959999 -0.000001 0.000001 -0.019678 0.034235 -0.764755
    32 3.768500 0.152546 0.071388 0.024592 0.089874 -0.988591
    33 2.037998 0.000001 0.000002 0.003597 -0.001539 -1.590113
    34 1.067001 0.000001 0.000002 0.001308 -0.006464 -0.625873
    35 3.783924 -0.017260 0.794558 0.335627 0.115248 -0.892281
    36 1.629002 -0.000001 0.000003 0.067156 -0.019880 -1.483517
    37 0.956000 0.000000 0.000001 0.035668 -0.060553 -0.698030
    38 1.258965 -0.297983 1.252590 -1.259718 -0.398827 -1.218871
    39 1.393001 0.000001 0.000000 0.001150 -0.133877 0.598014
    40 1.100002 0.000001 -0.000003 -0.115892 -0.229971 0.622974
    41 3.549266 0.211411 1.487664 0.415963 -0.089217 -0.826582
    42 1.218999 -0.000001 -0.000002 0.076519 -0.060605 -1.221542
    43 0.679999 0.000001 0.000000 0.029119 -0.082748 -0.641951
    44 3.698016 0.273718 0.726617 0.250092 -0.109131 -0.986415
    45 1.748999 0.000000 -0.000002 0.020255 -0.017985 -1.043218
    46 0.959996 0.000000 0.000000 0.015675 -0.036226 -0.705571
    47 3.768499 0.151954 -0.072746 -0.036245 -0.085200 -0.861263
    48 2.037997 0.000002 -0.000003 -0.004272 0.001742 -1.428344
    49 1.066998 0.000000 -0.000001 -0.001429 0.005624 -0.566382
    50 3.783906 -0.023949 -0.794455 -0.348671 -0.066465 -0.752816
    51 1.629001 0.000002 0.000000 -0.062588 0.029671 -1.321899
    52 0.955999 0.000000 -0.000002 -0.031449 0.062242 -0.638366
    53 1.258940 -0.308543 -1.250054 1.288833 0.530060 -0.654765
    54 1.392999 0.000000 -0.000003 -0.001788 0.370555 0.932381
    55 1.099998 -0.000002 -0.000003 0.000000 -0.013127 -0.286815
    56 0.578998 0.704300 0.000000 0.000000 -1.570790 -3.044320
    57 2.577897 -4.075848 1.825547 1.570743 -1.473520 1.570850
    58 -2.577999 -4.075848 1.825549 1.570743 -1.473520 1.570850
    59 2.330669 -1.877754 0.104131 -1.861302 0.207908 -1.328386
  time 37
    0 -0.003395 0.004619 23.307130 1.202181 -0.003205 -0.001738
    1 0.001573 4.212781 -1.689849 1.574436 -0.249693 1.557606
    2 3.837410 0.000000 0.000000 -0.002565 -0.012733 0.190947
    3 3.617862 0.000000 0.000000 -0.003808 -0.011019 0.059616
    4 7.539774 0.000000 0.000000 0.000000 0.000000 0.155813
    5 3.178292 0.000001 0.000000 3.162654 0.040321 0.001886
    6 2.970271 0.000000 0.000001 -0.345300 -0.044362 0.162511
    7 -0.000002 0.000001 0.000000 -1.570796 0.000000 -1.326450
    8 2.023705 0.907460 0.852577 3.297035 -1.178522 1.237107
    9 4.983657 -0.000003 0.000000 -1.991576 -0.959478 -0.087864
    10 11.123049 -0.000003 0.000001 -0.000001 -0.000001 -0.871703
    11 11.208297 -0.000001 0.000013 1.785679 -0.075071 0.662391
    12 2.676087 -1.712447 0.000003 1.570795 0.000000 1.570797
    13 2.023707 0.907463 -0.852527 -1.989527 1.328981 -3.657244
    14 4.983657 -0.000004 0.000000 1.610577 0.250603 -0.421627
    15 11.123040 -0.000006 -0.000006 0.000000 0.000001 -0.792212
    16 11.208287 0.000000 -0.000016 -2.025772 0.353291 -0.234688
    17 2.676081 -1.712434 -0.000003 -1.570797 -0.000001 -1.570797
    18 3.984014 -0.000005 -0.000003 -2.583422 -1.447752 -0.270507
    19 15.940006 0.000002 0.000000 0.000000 0.000000 1.151505
    20 17.709558 0.000004 0.000002 -0.364320 -0.065675 -1.338073
    21 6.203996 0.000000 0.000001 -0.011146 0.000934 -0.500515
    22 -3.984013 0.000007 0.000007 -3.480218 -1.474360 0.163379
    23 15.940015 0.000000 0.000000 0.000000 0.000000 1.257334
    24 17.709572 -0.000006 0.000001 0.188033 0.203010 -1.373154
    25 6.204001 0.000003 -0.000001 -0.078651 -0.006185 -0.498943
    26 3.549240 0.198821 -1.489462 -0.029684 0.008575 -0.604972
    27 1.218999 -0.000001 0.000002 -0.078149 0.060317 -1.230734
    28 0.679998 -0.000001 -0.000001 -0.008419 0.087381 -0.391098
    29 3.698007 0.267555 -0.728972 -0.250013 0.112097 -0.982221
    30 1.749001 -0.000001 0.000003 -0.024836 0.015060 -1.203933
    31 0.959999 -0.000001 0.000001 -0.019424 0.034379 -0.764129
    32 3.768500 0.152546 0.071388 0.024706 0.089730 -0.987901
    33 2.037998 0.000001 0.000002 0.003719 -0.001479 -1.589450
    34 1.067001 0.000001 0.000002 0.001363 -0.006344 -0.625206
    35 3.783924 -0.017260 0.794558 0.335727 0.115109 -0.891610
    36 1.629002 -0.000001 0.000003 0.067076 -0.019838 -1.482786
    37 0.956000 0.000000 0.000001 0.035539 -0.060541 -0.697346
    38 1.258965 -0.297983 1.252590 -1.259590 -0.398917 -1.218284
    39 1.393001 0.000001 0.000000 0.001150 -0.134579 0.598071
    40 1.100002 0.000001 -0.000003 -0.116299 -0.230546 0.623107
    41 3.549266 0.211411 1.487664 0.416010 -0.089155 -0.826388
    42 1.218999 -0.000001 -0.000002 0.076519 -0.060605 -1.221542
    43 0.679999 0.000001 0.000000 0.029119 -0.082748 -0.641951
    44 3.698016 0.273718 0.726617 0.250116 -0.109062 -0.986262
    45 1.748999 0.000000 -0.000002 0.020255 -0.017985 -1.043218
    46 0.959996 0.000000 0.000000 0.015675 -0.036226 -0.705571
    47 3.768499 0.151954 -0.072746 -0.036197 -0.085128 -0.861102
    48 2.037997 0.000002 -0.000003 -0.004272 0.001742 -1.428344
    49 1.066998 0.000000 -0.000001 -0.001429 0.005624 -0.566382
    50 3.783906 -0.023949 -0.794455 -0.348628 -0.066403 -0.752659
    51 1.629001 0.000002 0.000000 -0.062588 0.029671 -1.321899
    52 0.955999 0.000000 -0.000002 -0.031449 0.062230 -0.638366
    53 1.258940 -0.308543 -1.250054 1.288919 0.530104 -0.654547
    54 1.392999 0.000000 -0.000003 -0.001788 0.370555 0.932381
    55 1.099998 -0.000002 -0.000003 0.000000 -0.013127 -0.286815
    56 0.578998 0.704300 0.000000 0.000000 -1.570790 -3.044320
    57 2.577897 -4.075848 1.825547 1.570743 -1.473520 1.570850
    58 -2.577999 -4.075848 1.825549 1.570743 -1.473520 1.570850
    59 2.330669 -1.877754 0.104131 -1.861302 0.207908 -1.328386
  time 38
    0 -0.003395 0.004619 23.307130 1.202087 -0.002979 -0.001929
    1 0.001573 4.212781 -1.689849 1.574705 -0.249881 1.557568
    2 3.837410 0.000000 0.000000 -0.002335 -0.013191 0.190667
    3 3.617862 0.000000 0.000000 -0.003603 -0.011503 0.059342
    4 7.539774 0.000000 0.000000 0.000000 0.000000 0.155813
    5 3.178292 0.000001 0.000000 3.161400 0.038053 -0.001724
    6 2.970271 0.000000 0.000001 -0.346019 -0.048210 0.158777
    7 -0.000002 0.000001 0.000000 -1.570796 0.000000 -1.326450
    8 2.023705 0.907460 0.852577 3.298376 -1.179748 1.235574
    9 4.983657 -0.000003 0.000000 -1.989952 -0.963333 -0.085785
    10 11.123049 -0.000003 0.000001 -0.000001 -0.000001 -0.868110
    11 11.208297 -0.000001 0.000013 1.783282 -0.074851 0.661608
    12 2.676087 -1.712447 0.000003 1.570795 0.000000 1.570797
    13 2.023707 0.907463 -0.852527 -1.993642 1.328554 -3.661270
    14 4.983657 -0.000004 0.000000 1.613259 0.249886 -0.423517
    15 11.123040 -0.000006 -0.000006 0.000000 0.000001 -0.789622
    16 11.208287 0.000000 -0.000016 -2.027657 0.351747 -0.237315
    17 2.676081 -1.712434 -0.000003 -1.570797 -0.000001 -1.570797
    18 3.984014 -0.000005 -0.000003 -2.579972 -1.448273 -0.272711
    19 15.940006 0.000002 0.000000 0.000000 0.000000 1.151652
    20 17.709558 0.000004 0.000002 -0.365306 -0.066636 -1.337987
    21 6.203996 0.000000 0.000001 -0.011146 0.000934 -0.500515
    22 -3.984013 0.000007 0.000007 -3.481176 -1.475100 0.165583
    23 15.940015 0.000000 0.000000 0.000000 0.000000 1.257641
    24 17.709572 -0.000006 0.000001 0.186372 0.200940 -1.373302
    25 6.204001 0.000003 -0.000001 -0.078651 -0.006185 -0.498943
    26 3.549240 0.198821 -1.489462 -0.029643 0.008416 -0.604290
    27 1.218999 -0.000001 0.000002 -0.077950 0.060317 -1.230055
    28 0.679998 -0.000001 -0.000001 -0.008258 0.087396 -0.390430
    29 3.698007 0.267555 -0.728972 -0.249908 0.111967 -0.981551
    30 1.749001 -0.000001 0.000003 -0.024545 0.015000 -1.203292
    31 0.959999 -0.000001 0.000001 -0.019151 0.034511 -0.763462
    32 3.768500 0.152546 0.071388 0.024821 0.089610 -0.987259
    33 2.037998 0.000001 0.000002 0.003821 -0.001419 -1.588787
    34 1.067001 0.000001 0.000002 0.001417 -0.006236 -0.624539
    35 3.783924 -0.017260 0.794558 0.335847 0.114970 -0.890939
    36 1.629002 -0.000001 0.000003 0.066977 -0.019796 -1.482101
    37 0.956000 0.000000 0.000001 0.035431 -0.060529 -0.696662
    38 1.258965 -0.297983 1.252590 -1.259419 -0.399028 -1.217696
    39 1.393001 0.000001 0.000000 0.001168 -0.135264 0.598157
    40 1.100002 0.000001 -0.000003 -0.116695 -0.231120 0.623284
    41 3.549266 0.211411 1.487664 0.416026 -0.089114 -0.826290
    42 1.218999 -0.000001 -0.000002 0.076519 -0.060605 -1.221542
    43 0.679999 0.000001 0.000000 0.029119 -0.082748 -0.641951
    44 3.698016 0.273718 0.726617 0.250128 -0.109007 -0.986108
    45 1.748999 0.000000 -0.000002 0.020255 -0.017985 -1.043218
    46 0.959996 0.000000 0.000000 0.015675 -0.036226 -0.705571
    47 3.768499 0.151954 -0.072746 -0.036173 -0.085092 -0.860942
    48 2.037997 0.000002 -0.000003 -0.004272 0.001742 -1.428344
    49 1.066998 0.000000 -0.000001 -0.001429 0.005624 -0.566382
    50 3.783906 -0.023949 -0.794455 -0.348614 -0.066356 -0.752502
    51 1.629001 0.000002 0.000000 -0.062588 0.029671 -1.321899
    52 0.955999 0.000000 -0.000002 -0.031449 0.062230 -0.638366
    53 1.258940 -0.308543 -1.250054 1.289006 0.530147 -0.654438
    54 1.392999 0.000000 -0.000003 -0.001788 0.370555 0.932381
    55 1.099998 -0.000002 -0.000003 0.000000 -0.013127 -0.286815
    56 0.578998 0.704300 0.000000 0.000000 -1.570790 -3.044320
    57 2.577897 -4.075848 1.825547 1.570743 -1.473520 1.570850
    58 -2.577999 -4.075848 1.825549 1.570743 -1.473520 1.570850
    59 2.330669 -1.877754 0.104131 -1.861302 0.207908 -1.328386
  time 39
    0 -0.003395 0.004619 23.307130 1.202087 -0.002798 -0.002121
    1 0.001573 4.212781 -1.689849 1.574975 -0.250028 1.557529
    2 3.837410 0.000000 0.000000 -0.002092 -0.013649 0.190388
    3 3.617862 0.000000 0.000000 -0.003411 -0.011957 0.059069
    4 7.539774 0.000000 0.000000 0.000000 0.000000 0.155813
    5 3.178292 0.000001 0.000000 3.160402 0.035785 -0.005072
    6 2.970271 0.000000 0.000001 -0.346949 -0.051959 0.155317
    7 -0.000002 0.000001 0.000000 -1.570796 0.000000 -1.326450
    8 2.023705 0.907460 0.852577 3.299813 -1.181013 1.234136
    9 4.983657 -0.000003 0.000000 -1.988614 -0.967239 -0.083706
    10 11.123049 -0.000003 0.000001 -0.000001 -0.000001 -0.864517
    11 11.208297 -0.000001 0.000013 1.781173 -0.074676 0.660825
    12 2.676087 -1.712447 0.000003 1.570795 0.000000 1.570797
    13 2.023707 0.907463 -0.852527 -1.997278 1.328080 -3.664817
    14 4.983657 -0.000004 0.000000 1.615845 0.249170 -0.425313
    15 11.123040 -0.000006 -0.000006 0.000000 0.000001 -0.787095
    16 11.208287 0.000000 -0.000016 -2.029452 0.350249 -0.239869
    17 2.676081 -1.712434 -0.000003 -1.570797 -0.000001 -1.570797
    18 3.984014 -0.000005 -0.000003 -2.576617 -1.448794 -0.274915
    19 15.940006 0.000002 0.000000 0.000000 0.000000 1.151799
    20 17.709558 0.000004 0.000002 -0.366216 -0.067562 -1.337900
    21 6.203996 0.000000 0.000001 -0.011146 0.000934 -0.500515
    22 -3.984013 0.000007 0.000007 -3.481847 -1.475742 0.167595
    23 15.940015 0.000000 0.000000 0.000000 0.000000 1.257947
    24 17.709572 -0.000006 0.000001 0.184830 0.199009 -1.373400
    25 6.204001 0.000003 -0.000001 -0.078651 -0.006185 -0.498943
    26 3.549240 0.198821 -1.489462 -0.029583 0.008258 -0.603658
    27 1.218999 -0.000001 0.000002 -0.077766 0.060305 -1.229428
    28 0.679998 -0.000001 -0.000001 -0.008115 0.087396 -0.389762
    29 3.698007 0.267555 -0.728972 -0.249786 0.111852 -0.980881
    30 1.749001 -0.000001 0.000003 -0.024274 0.014940 -1.202702
    31 0.959999 -0.000001 0.000001 -0.018917 0.034631 -0.762878
    32 3.768500 0.152546 0.071388 0.024952 0.089490 -0.986569
    33 2.037998 0.000001 0.000002 0.003923 -0.001359 -1.588124
    34 1.067001 0.000001 0.000002 0.001453 -0.006117 -0.623872
    35 3.783924 -0.017260 0.794558 0.335947 0.114831 -0.890268
    36 1.629002 -0.000001 0.000003 0.066898 -0.019775 -1.481461
    37 0.956000 0.000000 0.000001 0.035322 -0.060517 -0.696008
    38 1.258965 -0.297983 1.252590 -1.259248 -0.399095 -1.217108
    39 1.393001 0.000001 0.000000 0.001168 -0.135913 0.598243
    40 1.100002 0.000001 -0.000003 -0.117078 -0.231674 0.623462
    41 3.549266 0.211411 1.487664 0.416041 -0.089093 -0.826242
    42 1.218999 -0.000001 -0.000002 0.076519 -0.060605 -1.221542
    43 0.679999 0.000001 0.000000 0.029119 -0.082748 -0.641951
    44 3.698016 0.273718 0.726617 0.250140 -0.108993 -0.986108
    45 1.748999 0.000000 -0.000002 0.020255 -0.017985 -1.043218
    46 0.959996 0.000000 0.000000 0.015675 -0.036226 -0.705571
    47 3.768499 0.151954 -0.072746 -0.036173 -0.085080 -0.860942
    48 2.037997 0.000002 -0.000003 -0.004272 0.001742 -1.428344
    49 1.066998 0.000000 -0.000001 -0.001429 0.005624 -0.566382
    50 3.783906 -0.023949 -0.794455 -0.348600 -0.066341 -0.752502
    51 1.629001 0.000002 0.000000 -0.062588 0.029671 -1.321899
    52 0.955999 0.000000 -0.000002 -0.031449 0.062242 -0.638366
    53 1.258940 -0.308543 -1.250054 1.289006 0.530147 -0.654402
    54 1.392999 0.000000 -0.000003 -0.001788 0.370555 0.932381
    55 1.099998 -0.000002 -0.000003 0.000000 -0.013127 -0.286815
    56 0.578998 0.704300 0.000000 0.000000 -1.570790 -3.044320
    57 2.577897 -4.075848 1.825547 1.570743 -1.473520 1.570850
    58 -2.577999 -4.075848 1.825549 1.570743 -1.473520 1.570850
    59 2.330669 -1.877754 0.104131 -1.861302 0.207908 -1.328386
  time 40
    0 -0.003395 0.004619 23.307130 1.201993 -0.002571 -0.002217
    1 0.001573 4.212781 -1.689849 1.575267 -0.250154 1.557491
    2 3.837410 0.000000 0.000000 -0.001862 -0.014059 0.190158
    3 3.617862 0.000000 0.000000 -0.003193 -0.012396 0.058813
    4 7.539774 0.000000 0.000000 0.000000 0.000000 0.155813
    5 3.178292 0.000001 0.000000 3.159633 0.033537 -0.007897
    6 2.970271 0.000000 0.000001 -0.348090 -0.055590 0.152358
    7 -0.000002 0.000001 0.000000 -1.570796 0.000000 -1.326450
    8 2.023705 0.907460 0.852577 3.301250 -1.182278 1.232507
    9 4.983657 -0.000003 0.000000 -1.987468 -0.971298 -0.081627
    10 11.123049 -0.000003 0.000001 -0.000001 -0.000001 -0.860980
    11 11.208297 -0.000001 0.000013 1.779159 -0.074544 0.659972
    12 2.676087 -1.712447 0.000003 1.570795 0.000000 1.570797
    13 2.023707 0.907463 -0.852527 -2.000627 1.327606 -3.668076
    14 4.983657 -0.000004 0.000000 1.618336 0.248502 -0.426920
    15 11.123040 -0.000006 -0.000006 0.000000 0.000001 -0.784694
    16 11.208287 0.000000 -0.000016 -2.031158 0.348799 -0.242351
    17 2.676081 -1.712434 -0.000003 -1.570797 -0.000001 -1.570797
    18 3.984014 -0.000005 -0.000003 -2.573263 -1.449316 -0.277023
    19 15.940006 0.000002 0.000000 0.000000 0.000000 1.151947
    20 17.709558 0.000004 0.000002 -0.367126 -0.068488 -1.337727
    21 6.203996 0.000000 0.000001 -0.011146 0.000934 -0.500515
    22 -3.984013 0.000007 0.000007 -3.482614 -1.476334 0.169512
    23 15.940015 0.000000 0.000000 0.000000 0.000000 1.258254
    24 17.709572 -0.000006 0.000001 0.183347 0.197215 -1.373498
    25 6.204001 0.000003 -0.000001 -0.078651 -0.006185 -0.498943
    26 3.549240 0.198821 -1.489462 -0.029522 0.008099 -0.603073
    27 1.218999 -0.000001 0.000002 -0.077598 0.060293 -1.228802
    28 0.679998 -0.000001 -0.000001 -0.007954 0.087396 -0.389136
    29 3.698007 0.267555 -0.728972 -0.249680 0.111737 -0.980260
    30 1.749001 -0.000001 0.000003 -0.024002 0.014880 -1.202111
    31 0.959999 -0.000001 0.000001 -0.018682 0.034751 -0.762294
    32 3.768500 0.152546 0.071388 0.025051 0.089370 -0.985927
    33 2.037998 0.000001 0.000002 0.004025 -0.001299 -1.587461
    34 1.067001 0.000001 0.000002 0.001507 -0.006009 -0.623247
    35 3.783924 -0.017260 0.794558 0.336047 0.114707 -0.889645
    36 1.629002 -0.000001 0.000003 0.066818 -0.019733 -1.480821
    37 0.956000 0.000000 0.000001 0.035214 -0.060505 -0.695355
    38 1.258965 -0.297983 1.252590 -1.259120 -0.399207 -1.216521
    39 1.393001 0.000001 0.000000 0.001186 -0.136543 0.598301
    40 1.100002 0.000001 -0.000003 -0.117438 -0.232185 0.623640
    41 3.549266 0.211411 1.487664 0.416041 -0.089093 -0.826290
    42 1.218999 -0.000001 -0.000002 0.076519 -0.060605 -1.221542
    43 0.679999 0.000001 0.000000 0.029119 -0.082748 -0.641951
    44 3.698016 0.273718 0.726617 0.250128 -0.109007 -0.986108
    45 1.748999 0.000000 -0.000002 0.020255 -0.017985 -1.043218
    46 0.959996 0.000000 0.000000 0.015675 -0.036226 -0.705571
    47 3.768499 0.151954 -0.072746 -0.036173 -0.085080 -0.860942
    48 2.037997 0.000002 -0.000003 -0.004272 0.001742 -1.428344
    49 1.066998 0.000000 -0.000001 -0.001429 0.005624 -0.566382
    50 3.783906 -0.023949 -0.794455 -0.348600 -0.066356 -0.752502
    51 1.629001 0.000002 0.000000 -0.062588 0.029671 -1.321899
    52 0.955999 0.000000 -0.000002 -0.031449 0.062230 -0.638366
    53 1.258940 -0.308543 -1.250054 1.289006 0.530147 -0.654402
    54 1.392999 0.000000 -0.000003 -0.001788 0.370555 0.932381
    55 1.099998 -0.000002 -0.000003 0.000000 -0.013127 -0.286815
    56 0.578998 0.704300 0.000000 0.000000 -1.570790 -3.044320
    57 2.577897 -4.075848 1.825547 1.570743 -1.473520 1.570850
    58 -2.577999 -4.075848 1.825549 1.570743 -1.473520 1.570850
    59 2.330669 -1.877754 0.104131 -1.861302 0.207908 -1.328386
  time 41
    0 -0.003395 0.004619 23.307130 1.201993 -0.002345 -0.002408
    1 0.001573 4.212781 -1.689849 1.575537 -0.250238 1.557452
    2 3.837410 0.000000 0.000000 -0.001606 -0.014470 0.189928
    3 3.617862 0.000000 0.000000 -0.002962 -0.012804 0.058590
    4 7.539774 0.000000 0.000000 0.000000 0.000000 0.155813
    5 3.178292 0.000001 0.000000 3.159034 0.031309 -0.010517
    6 2.970271 0.000000 0.000001 -0.349443 -0.059103 0.149626
    7 -0.000002 0.000001 0.000000 -1.570796 0.000000 -1.326450
    8 2.023705 0.907460 0.852577 3.302879 -1.183582 1.230973
    9 4.983657 -0.000003 0.000000 -1.986512 -0.975407 -0.079643
    10 11.123049 -0.000003 0.000001 -0.000001 -0.000001 -0.857219
    11 11.208297 -0.000001 0.000013 1.777434 -0.074456 0.658976
    12 2.676087 -1.712447 0.000003 1.570795 0.000000 1.570797
    13 2.023707 0.907463 -0.852527 -2.003498 1.327132 -3.670856
    14 4.983657 -0.000004 0.000000 1.620635 0.247881 -0.428243
    15 11.123040 -0.000006 -0.000006 0.000000 0.000001 -0.782356
    16 11.208287 0.000000 -0.000016 -2.032684 0.347489 -0.244613
    17 2.676081 -1.712434 -0.000003 -1.570797 -0.000001 -1.570797
    18 3.984014 -0.000005 -0.000003 -2.570004 -1.449800 -0.279131
    19 15.940006 0.000002 0.000000 0.000000 0.000000 1.152168
    20 17.709558 0.000004 0.000002 -0.368036 -0.069414 -1.337554
    21 6.203996 0.000000 0.000001 -0.011146 0.000934 -0.500515
    22 -3.984013 0.000007 0.000007 -3.483476 -1.476976 0.171429
    23 15.940015 0.000000 0.000000 0.000000 0.000000 1.258484
    24 17.709572 -0.000006 0.000001 0.181923 0.195455 -1.373597
    25 6.204001 0.000003 -0.000001 -0.078651 -0.006185 -0.498943
    26 3.549240 0.198821 -1.489462 -0.029462 0.007967 -0.602489
    27 1.218999 -0.000001 0.000002 -0.077429 0.060293 -1.228228
    28 0.679998 -0.000001 -0.000001 -0.007829 0.087396 -0.388552
    29 3.698007 0.267555 -0.728972 -0.249575 0.111622 -0.979686
    30 1.749001 -0.000001 0.000003 -0.023770 0.014820 -1.201569
    31 0.959999 -0.000001 0.000001 -0.018468 0.034871 -0.761710
    32 3.768500 0.152546 0.071388 0.025165 0.089262 -0.985385
    33 2.037998 0.000001 0.000002 0.004127 -0.001251 -1.586901
    34 1.067001 0.000001 0.000002 0.001562 -0.005913 -0.622663
    35 3.783924 -0.017260 0.794558 0.336127 0.114584 -0.889022
    36 1.629002 -0.000001 0.000003 0.066739 -0.019691 -1.480227
    37 0.956000 0.000000 0.000001 0.035128 -0.060493 -0.694764
    38 1.258965 -0.297983 1.252590 -1.258992 -0.399274 -1.216006
    39 1.393001 0.000001 0.000000 0.001186 -0.137156 0.598387
    40 1.100002 0.000001 -0.000003 -0.117785 -0.232674 0.623773
    41 3.549266 0.211411 1.487664 0.416026 -0.089114 -0.826339
    42 1.218999 -0.000001 -0.000002 0.076519 -0.060605 -1.221542
    43 0.679999 0.000001 0.000000 0.029119 -0.082748 -0.641951
    44 3.698016 0.273718 0.726617 0.250128 -0.109021 -0.986159
    45 1.748999 0.000000 -0.000002 0.020255 -0.017985 -1.043218
    46 0.959996 0.000000 0.000000 0.015675 -0.036226 -0.705571
    47 3.768499 0.151954 -0.072746 -0.036185 -0.085104 -0.860995
    48 2.037997 0.000002 -0.000003 -0.004272 0.001742 -1.428344
    49 1.066998 0.000000 -0.000001 -0.001429 0.005624 -0.566382
    50 3.783906 -0.023949 -0.794455 -0.348614 -0.066372 -0.752555
    51 1.629001 0.000002 0.000000 -0.062588 0.029671 -1.321899
    52 0.955999 0.000000 -0.000002 -0.031449 0.062230 -0.638366
    53 1.258940 -0.308543 -1.250054 1.288963 0.530125 -0.654475
    54 1.392999 0.000000 -0.000003 -0.001788 0.370555 0.932381
    55 1.099998 -0.000002 -0.000003 0.000000 -0.013127 -0.286815
    56 0.578998 0.704300 0.000000 0.000000 -1.570790 -3.044320
    57 2.577897 -4.075848 1.825547 1.570743 -1.473520 1.570850
    58 -2.577999 -4.075848 1.825549 1.570743 -1.473520 1.570850
    59 2.330669 -1.877754 0.104131 -1.861302 0.207908 -1.328386
  time 42
    0 -0.003395 0.004619 23.307130 1.201993 -0.002164 -0.002504
    1 0.001573 4.212781 -1.689849 1.575807 -0.250217 1.557452
    2 3.837410 0.000000 0.000000 -0.001349 -0.014817 0.189748
    3 3.617862 0.000000 0.000000 -0.002731 -0.013183 0.058402
    4 7.539774 0.000000 0.000000 0.000000 0.000000 0.155813
    5 3.178292 0.000001 0.000000 3.158920 0.029122 -0.012992
    6 2.970271 0.000000 0.000001 -0.351050 -0.062418 0.146985
    7 -0.000002 0.000001 0.000000 -1.570796 0.000000 -1.326450
    8 2.023705 0.907460 0.852577 3.304699 -1.185045 1.229248
    9 4.983657 -0.000003 0.000000 -1.985844 -0.979820 -0.077754
    10 11.123049 -0.000003 0.000001 -0.000001 -0.000001 -0.853233
    11 11.208297 -0.000001 0.000013 1.775804 -0.074412 0.657766
    12 2.676087 -1.712447 0.000003 1.570795 0.000000 1.570797
    13 2.023707 0.907463 -0.852527 -2.005603 1.326610 -3.672869
    14 4.983657 -0.000004 0.000000 1.622839 0.247404 -0.429471
    15 11.123040 -0.000006 -0.000006 0.000000 0.000001 -0.780145
    16 11.208287 0.000000 -0.000016 -2.034209 0.346179 -0.246729
    17 2.676081 -1.712434 -0.000003 -1.570797 -0.000001 -1.570797
    18 3.984014 -0.000005 -0.000003 -2.566937 -1.450321 -0.281143
    19 15.940006 0.000002 0.000000 0.000000 0.000000 1.152315
    20 17.709558 0.000004 0.000002 -0.368946 -0.070340 -1.337381
    21 6.203996 0.000000 0.000001 -0.011146 0.000934 -0.500515
    22 -3.984013 0.000007 0.000007 -3.484531 -1.477618 0.173728
    23 15.940015 0.000000 0.000000 0.000000 0.000000 1.258714
    24 17.709572 -0.000006 0.000001 0.180500 0.193765 -1.373695
    25 6.204001 0.000003 -0.000001 -0.078651 -0.006185 -0.498943
    26 3.549240 0.198821 -1.489462 -0.029421 0.007835 -0.601954
    27 1.218999 -0.000001 0.000002 -0.077276 0.060281 -1.227653
    28 0.679998 -0.000001 -0.000001 -0.007687 0.087396 -0.388009
    29 3.698007 0.267555 -0.728972 -0.249488 0.111521 -0.979111
    30 1.749001 -0.000001 0.000003 -0.023537 0.014772 -1.201076
    31 0.959999 -0.000001 0.000001 -0.018253 0.034990 -0.761210
    32 3.768500 0.152546 0.071388 0.025247 0.089166 -0.984793
    33 2.037998 0.000001 0.000002 0.004209 -0.001191 -1.586340
    34 1.067001 0.000001 0.000002 0.001598 -0.005829 -0.622121
    35 3.783924 -0.017260 0.794558 0.336207 0.114476 -0.888495
    36 1.629002 -0.000001 0.000003 0.066659 -0.019670 -1.479679
    37 0.956000 0.000000 0.000001 0.035041 -0.060481 -0.694204
    38 1.258965 -0.297983 1.252590 -1.258864 -0.399363 -1.215529
    39 1.393001 0.000001 0.000000 0.001186 -0.137697 0.598444
    40 1.100002 0.000001 -0.000003 -0.118097 -0.233143 0.623906
    41 3.549266 0.211411 1.487664 0.416010 -0.089155 -0.826388
    42 1.218999 -0.000001 -0.000002 0.076519 -0.060605 -1.221542
    43 0.679999 0.000001 0.000000 0.029119 -0.082748 -0.641951
    44 3.698016 0.273718 0.726617 0.250116 -0.109062 -0.986262
    45 1.748999 0.000000 -0.000002 0.020255 -0.017985 -1.043218
    46 0.959996 0.000000 0.000000 0.015675 -0.036226 -0.705571
    47 3.768499 0.151954 -0.072746 -0.036197 -0.085128 -0.861102
    48 2.037997 0.000002 -0.000003 -0.004272 0.001742 -1.428344
    49 1.066998 0.000000 -0.000001 -0.001429 0.005624 -0.566382
    50 3.783906 -0.023949 -0.794455 -0.348628 -0.066403 -0.752659
    51 1.629001 0.000002 0.000000 -0.062588 0.029671 -1.321899
    52 0.955999 0.000000 -0.000002 -0.031449 0.062230 -0.638366
    53 1.258940 -0.308543 -1.250054 1.288919 0.530104 -0.654547
    54 1.392999 0.000000 -0.000003 -0.001788 0.370555 0.932381
    55 1.099998 -0.000002 -0.000003 0.000000 -0.013127 -0.286815
    56 0.578998 0.704300 0.000000 0.000000 -1.570790 -3.044320
    57 2.577897 -4.075848 1.825547 1.570743 -1.473520 1.570850
    58 -2.577999 -4.075848 1.825549 1.570743 -1.473520 1.570850
    59 2.330669 -1.877754 0.104131 -1.861302 0.207908 -1.328386
  time 43
    0 -0.003395 0.004619 23.307130 1.201993 -0.001983 -0.002696
    1 0.001573 4.212781 -1.689849 1.576121 -0.250217 1.557259
    2 3.837410 0.000000 0.000000 -0.001092 -0.015133 0.189583
    3 3.617862 0.000000 0.000000 -0.002500 -0.013515 0.058232
    4 7.539774 0.000000 0.000000 0.000000 0.000000 0.155813
    5 3.178292 0.000001 0.000000 3.158977 0.026994 -0.015642
    6 2.970271 0.000000 0.000001 -0.352868 -0.065714 0.144299
    7 -0.000002 0.000001 0.000000 -1.570796 0.000000 -1.326450
    8 2.023705 0.907460 0.852577 3.306807 -1.186745 1.227332
    9 4.983657 -0.000003 0.000000 -1.985366 -0.984639 -0.075391
    10 11.123049 -0.000003 0.000001 -0.000001 -0.000001 -0.849078
    11 11.208297 -0.000001 0.000013 1.773982 -0.074369 0.656628
    12 2.676087 -1.712447 0.000003 1.570795 0.000000 1.570797
    13 2.023707 0.907463 -0.852527 -2.006465 1.325994 -3.673636
    14 4.983657 -0.000004 0.000000 1.625138 0.247261 -0.430511
    15 11.123040 -0.000006 -0.000006 0.000000 0.000001 -0.777617
    16 11.208287 0.000000 -0.000016 -2.035735 0.344728 -0.249064
    17 2.676081 -1.712434 -0.000003 -1.570797 -0.000001 -1.570797
    18 3.984014 -0.000005 -0.000003 -2.563966 -1.450805 -0.282964
    19 15.940006 0.000002 0.000000 0.000000 0.000000 1.152463
    20 17.709558 0.000004 0.000002 -0.369781 -0.071230 -1.337208
    21 6.203996 0.000000 0.000001 -0.011146 0.000934 -0.500515
    22 -3.984013 0.000007 0.000007 -3.485777 -1.478309 0.176028
    23 15.940015 0.000000 0.000000 0.000000 0.000000 1.258944
    24 17.709572 -0.000006 0.000001 0.179136 0.192144 -1.373842
    25 6.204001 0.000003 -0.000001 -0.078651 -0.006185 -0.498943
    26 3.549240 0.198821 -1.489462 -0.029361 0.007729 -0.601467
    27 1.218999 -0.000001 0.000002 -0.077138 0.060281 -1.227183
    28 0.679998 -0.000001 -0.000001 -0.007579 0.087396 -0.387508
    29 3.698007 0.267555 -0.728972 -0.249382 0.111421 -0.978633
    30 1.749001 -0.000001 0.000003 -0.023324 0.014725 -1.200633
    31 0.959999 -0.000001 0.000001 -0.018077 0.035074 -0.760751
    32 3.768500 0.152546 0.071388 0.025346 0.089071 -0.984349
    33 2.037998 0.000001 0.000002 0.004291 -0.001155 -1.585881
    34 1.067001 0.000001 0.000002 0.001634 -0.005733 -0.621620
    35 3.783924 -0.017260 0.794558 0.336287 0.114383 -0.888015
    36 1.629002 -0.000001 0.000003 0.066600 -0.019649 -1.479176
    37 0.956000 0.000000 0.000001 0.034955 -0.060469 -0.693737
    38 1.258965 -0.297983 1.252590 -1.258736 -0.399431 -1.215088
    39 1.393001 0.000001 0.000000 0.001203 -0.138183 0.598501
    40 1.100002 0.000001 -0.000003 -0.118372 -0.233547 0.624039
    41 3.549266 0.211411 1.487664 0.415979 -0.089196 -0.826534
    42 1.218999 -0.000001 -0.000002 0.076519 -0.060605 -1.221542
    43 0.679999 0.000001 0.000000 0.029119 -0.082748 -0.641951
    44 3.698016 0.273718 0.726617 0.250092 -0.109104 -0.986364
    45 1.748999 0.000000 -0.000002 0.020255 -0.017985 -1.043218
    46 0.959996 0.000000 0.000000 0.015675 -0.036226 -0.705571
    47 3.768499 0.151954 -0.072746 -0.036221 -0.085176 -0.861209
    48 2.037997 0.000002 -0.000003 -0.004272 0.001742 -1.428344
    49 1.066998 0.000000 -0.000001 -0.001429 0.005624 -0.566382
    50 3.783906 -0.023949 -0.794455 -0.348657 -0.066449 -0.752764
    51 1.629001 0.000002 0.000000 -0.062588 0.029671 -1.321899
    52 0.955999 0.000000 -0.000002 -0.031449 0.062230 -0.638366
    53 1.258940 -0.308543 -1.250054 1.288876 0.530060 -0.654692
    54 1.392999 0.000000 -0.000003 -0.001788 0.370555 0.932381
    55 1.099998 -0.000002 -0.000003 0.000000 -0.013127 -0.286815
    56 0.578998 0.704300 0.000000 0.000000 -1.570790 -3.044320
    57 2.577897 -4.075848 1.825547 1.570743 -1.473520 1.570850
    58 -2.577999 -4.075848 1.825549 1.570743 -1.473520 1.570850
    59 2.330669 -1.877754 0.104131 -1.861302 0.207908 -1.328386
  time 44
    0 -0.003395 0.004619 23.307130 1.201993 -0.001756 -0.002792
    1 0.001573 4.212781 -1.689849 1.576436 -0.250217 1.557028
    2 3.837410 0.000000 0.000000 -0.000822 -0.015402 0.189452
    3 3.617862 0.000000 0.000000 -0.002256 -0.013803 0.058112
    4 7.539774 0.000000 0.000000 0.000000 0.000000 0.155813
    5 3.178292 0.000001 0.000000 3.159376 0.024947 -0.018029
    6 2.970271 0.000000 0.000001 -0.354982 -0.068792 0.141932
    7 -0.000002 0.000001 0.000000 -1.570796 0.000000 -1.326450
    8 2.023705 0.907460 0.852577 3.309202 -1.188682 1.225127
    9 4.983657 -0.000003 0.000000 -1.985271 -0.989712 -0.072840
    10 11.123049 -0.000003 0.000001 -0.000001 -0.000001 -0.844924
    11 11.208297 -0.000001 0.000013 1.772257 -0.074281 0.655418
    12 2.676087 -1.712447 0.000003 1.570795 0.000000 1.570797
    13 2.023707 0.907463 -0.852527 -2.006273 1.325282 -3.673349
    14 4.983657 -0.000004 0.000000 1.627437 0.247261 -0.431267
    15 11.123040 -0.000006 -0.000006 0.000000 0.000001 -0.775406
    16 11.208287 0.000000 -0.000016 -2.037351 0.343184 -0.251181
    17 2.676081 -1.712434 -0.000003 -1.570797 -0.000001 -1.570797
    18 3.984014 -0.000005 -0.000003 -2.561282 -1.451289 -0.284785
    19 15.940006 0.000002 0.000000 0.000000 0.000000 1.152684
    20 17.709558 0.000004 0.000002 -0.370691 -0.072120 -1.337035
    21 6.203996 0.000000 0.000001 -0.011146 0.000934 -0.500515
    22 -3.984013 0.000007 0.000007 -3.487119 -1.478951 0.178616
    23 15.940015 0.000000 0.000000 0.000000 0.000000 1.259097
    24 17.709572 -0.000006 0.000001 0.177831 0.190626 -1.373941
    25 6.204001 0.000003 -0.000001 -0.078651 -0.006185 -0.498943
    26 3.549240 0.198821 -1.489462 -0.029320 0.007624 -0.601029
    27 1.218999 -0.000001 0.000002 -0.077016 0.060281 -1.226766
    28 0.679998 -0.000001 -0.000001 -0.007472 0.087396 -0.387091
    29 3.698007 0.267555 -0.728972 -0.249312 0.111349 -0.978250
    30 1.749001 -0.000001 0.000003 -0.023149 0.014689 -1.200239
    31 0.959999 -0.000001 0.000001 -0.017901 0.035170 -0.760376
    32 3.768500 0.152546 0.071388 0.025411 0.088987 -0.983905
    33 2.037998 0.000001 0.000002 0.004352 -0.001119 -1.585422
    34 1.067001 0.000001 0.000002 0.001670 -0.005673 -0.621203
    35 3.783924 -0.017260 0.794558 0.336347 0.114290 -0.887584
    36 1.629002 -0.000001 0.000003 0.066540 -0.019628 -1.478765
    37 0.956000 0.000000 0.000001 0.034890 -0.060469 -0.693302
    38 1.258965 -0.297983 1.252590 -1.258651 -0.399498 -1.214721
    39 1.393001 0.000001 0.000000 0.001203 -0.138616 0.598530
    40 1.100002 0.000001 -0.000003 -0.118624 -0.233888 0.624128
    41 3.549266 0.211411 1.487664 0.415963 -0.089238 -0.826679
    42 1.218999 -0.000001 -0.000002 0.076519 -0.060605 -1.221542
    43 0.679999 0.000001 0.000000 0.029119 -0.082748 -0.641951
    44 3.698016 0.273718 0.726617 0.250068 -0.109159 -0.986518
    45 1.748999 0.000000 -0.000002 0.020255 -0.017985 -1.043218
    46 0.959996 0.000000 0.000000 0.015675 -0.036226 -0.705571
    47 3.768499 0.151954 -0.072746 -0.036245 -0.085224 -0.861316
    48 2.037997 0.000002 -0.000003 -0.004272 0.001742 -1.428344
    49 1.066998 0.000000 -0.000001 -0.001429 0.005624 -0.566382
    50 3.783906 -0.023949 -0.794455 -0.348700 -0.066496 -0.752921
    51 1.629001 0.000002 0.000000 -0.062588 0.029671 -1.321899
    52 0.955999 0.000000 -0.000002 -0.031449 0.062242 -0.638366
    53 1.258940 -0.308543 -1.250054 1.288876 0.530017 -0.654873
    54 1.392999 0.000000 -0.000003 -0.001788 0.370555 0.932381
    55 1.099998 -0.000002 -0.000003 0.000000 -0.013127 -0.286815
    56 0.578998 0.704300 0.000000 0.000000 -1.570790 -3.044320
    57 2.577897 -4.075848 1.825547 1.570743 -1.473520 1.570850
    58 -2.577999 -4.075848 1.825549 1.570743 -1.473520 1.570850
    59 2.330669 -1.877754 0.104131 -1.861302 0.207908 -1.328386
  time 45
    0 -0.003395 0.004619 23.307130 1.201993 -0.001621 -0.002888
    1 0.001573 4.212781 -1.689849 1.576750 -0.250217 1.556796
    2 3.837410 0.000000 0.000000 -0.000566 -0.015623 0.189370
    3 3.617862 0.000000 0.000000 -0.002013 -0.014030 0.058027
    4 7.539774 0.000000 0.000000 0.000000 0.000000 0.155813
    5 3.178292 0.000001 0.000000 3.160117 0.022980 -0.019980
    6 2.970271 0.000000 0.000001 -0.357392 -0.071654 0.140111
    7 -0.000002 0.000001 0.000000 -1.570796 0.000000 -1.326450
    8 2.023705 0.907460 0.852577 3.311884 -1.190816 1.222731
    9 4.983657 -0.000003 0.000000 -1.985462 -0.994938 -0.070195
    10 11.123049 -0.000003 0.000001 -0.000001 -0.000001 -0.840769
    11 11.208297 -0.000001 0.000013 1.770339 -0.074237 0.654209
    12 2.676087 -1.712447 0.000003 1.570795 0.000000 1.570797
    13 2.023707 0.907463 -0.852527 -2.005125 1.324476 -3.672102
    14 4.983657 -0.000004 0.000000 1.629928 0.247309 -0.431739
    15 11.123040 -0.000006 -0.000006 0.000000 0.000001 -0.773574
    16 11.208287 0.000000 -0.000016 -2.038967 0.341640 -0.253078
    17 2.676081 -1.712434 -0.000003 -1.570797 -0.000001 -1.570797
    18 3.984014 -0.000005 -0.000003 -2.558503 -1.451736 -0.286509
    19 15.940006 0.000002 0.000000 0.000000 0.000000 1.152831
    20 17.709558 0.000004 0.000002 -0.371525 -0.073011 -1.336775
    21 6.203996 0.000000 0.000001 -0.011146 0.000934 -0.500515
    22 -3.984013 0.000007 0.000007 -3.488556 -1.479642 0.181203
    23 15.940015 0.000000 0.000000 0.000000 0.000000 1.259250
    24 17.709572 -0.000006 0.000001 0.176585 0.189177 -1.374088
    25 6.204001 0.000003 -0.000001 -0.078651 -0.006185 -0.498943
    26 3.549240 0.198821 -1.489462 -0.029300 0.007545 -0.600737
    27 1.218999 -0.000001 0.000002 -0.076924 0.060281 -1.226400
    28 0.679998 -0.000001 -0.000001 -0.007383 0.087396 -0.386757
    29 3.698007 0.267555 -0.728972 -0.249260 0.111291 -0.977868
    30 1.749001 -0.000001 0.000003 -0.023014 0.014653 -1.199944
    31 0.959999 -0.000001 0.000001 -0.017784 0.035230 -0.760042
    32 3.768500 0.152546 0.071388 0.025460 0.088927 -0.983559
    33 2.037998 0.000001 0.000002 0.004413 -0.001084 -1.585116
    34 1.067001 0.000001 0.000002 0.001688 -0.005613 -0.620870
    35 3.783924 -0.017260 0.794558 0.336407 0.114229 -0.887248
    36 1.629002 -0.000001 0.000003 0.066501 -0.019607 -1.478445
    37 0.956000 0.000000 0.000001 0.034825 -0.060457 -0.692960
    38 1.258965 -0.297983 1.252590 -1.258565 -0.399520 -1.214390
    39 1.393001 0.000001 0.000000 0.001203 -0.138958 0.598587
    40 1.100002 0.000001 -0.000003 -0.118828 -0.234186 0.624217
    41 3.549266 0.211411 1.487664 0.415916 -0.089300 -0.826825
    42 1.218999 -0.000001 -0.000002 0.076519 -0.060605 -1.221542
    43 0.679999 0.000001 0.000000 0.029119 -0.082748 -0.641951
    44 3.698016 0.273718 0.726617 0.250044 -0.109228 -0.986671
    45 1.748999 0.000000 -0.000002 0.020255 -0.017985 -1.043218
    46 0.959996 0.000000 0.000000 0.015675 -0.036226 -0.705571
    47 3.768499 0.151954 -0.072746 -0.036281 -0.085296 -0.861530
    48 2.037997 0.000002 -0.000003 -0.004272 0.001742 -1.428344
    49 1.066998 0.000000 -0.000001 -0.001429 0.005624 -0.566382
    50 3.783906 -0.023949 -0.794455 -0.348743 -0.066557 -0.753078
    51 1.629001 0.000002 0.000000 -0.062588 0.029671 -1.321899
    52 0.955999 0.000000 -0.000002 -0.031449 0.062230 -0.638366
    53 1.258940 -0.308543 -1.250054 1.288833 0.529973 -0.655054
    54 1.392999 0.000000 -0.000003 -0.001788 0.370555 0.932381
    55 1.099998 -0.000002 -0.000003 0.000000 -0.013127 -0.286815
    56 0.578998 0.704300 0.000000 0.000000 -1.570790 -3.044320
    57 2.577897 -4.075848 1.825547 1.570743 -1.473520 1.570850
    58 -2.577999 -4.075848 1.825549 1.570743 -1.473520 1.570850
    59 2.330669 -1.877754 0.104131 -1.861302 0.207908 -1.328386
  time 46
    0 -0.003395 0.004619 23.307130 1.201993 -0.001440 -0.002983
    1 0.001573 4.212781 -1.689849 1.577065 -0.250217 1.556565
    2 3.837410 0.000000 0.000000 -0.000296 -0.015781 0.189337
    3 3.617862 0.000000 0.000000 -0.001756 -0.014211 0.057992
    4 7.539774 0.000000 0.000000 0.000000 0.000000 0.155813
    5 3.178292 0.000001 0.000000 3.161286 0.020993 -0.021552
    6 2.970271 0.000000 0.000001 -0.360182 -0.074318 0.138790
    7 -0.000002 0.000001 0.000000 -1.570796 0.000000 -1.326450
    8 2.023705 0.907460 0.852577 3.314854 -1.193109 1.220144
    9 4.983657 -0.000003 0.000000 -1.985939 -1.000264 -0.067266
    10 11.123049 -0.000003 0.000001 -0.000001 -0.000001 -0.836671
    11 11.208297 -0.000001 0.000013 1.768422 -0.074149 0.652999
    12 2.676087 -1.712447 0.000003 1.570795 0.000000 1.570797
    13 2.023707 0.907463 -0.852527 -2.003211 1.323670 -3.669993
    14 4.983657 -0.000004 0.000000 1.632322 0.247356 -0.431928
    15 11.123040 -0.000006 -0.000006 0.000000 0.000001 -0.772057
    16 11.208287 0.000000 -0.000016 -2.040672 0.339956 -0.254756
    17 2.676081 -1.712434 -0.000003 -1.570797 -0.000001 -1.570797
    18 3.984014 -0.000005 -0.000003 -2.556106 -1.452220 -0.288043
    19 15.940006 0.000002 0.000000 0.000000 0.000000 1.153052
    20 17.709558 0.000004 0.000002 -0.372435 -0.073901 -1.336515
    21 6.203996 0.000000 0.000001 -0.011146 0.000934 -0.500515
    22 -3.984013 0.000007 0.000007 -3.490282 -1.480382 0.184078
    23 15.940015 0.000000 0.000000 0.000000 0.000000 1.259403
    24 17.709572 -0.000006 0.000001 0.175399 0.187866 -1.374236
    25 6.204001 0.000003 -0.000001 -0.078651 -0.006185 -0.498943
    26 3.549240 0.198821 -1.489462 -0.029260 0.007492 -0.600445
    27 1.218999 -0.000001 0.000002 -0.076847 0.060269 -1.226191
    28 0.679998 -0.000001 -0.000001 -0.007329 0.087396 -0.386506
    29 3.698007 0.267555 -0.728972 -0.249207 0.111234 -0.977628
    30 1.749001 -0.000001 0.000003 -0.022897 0.014629 -1.199697
    31 0.959999 -0.000001 0.000001 -0.017687 0.035278 -0.759834
    32 3.768500 0.152546 0.071388 0.025509 0.088879 -0.983313
    33 2.037998 0.000001 0.000002 0.004454 -0.001072 -1.584861
    34 1.067001 0.000001 0.000002 0.001707 -0.005577 -0.620620
    35 3.783924 -0.017260 0.794558 0.336447 0.114182 -0.887009
    36 1.629002 -0.000001 0.000003 0.066461 -0.019587 -1.478171
    37 0.956000 0.000000 0.000001 0.034782 -0.060445 -0.692680
    38 1.258965 -0.297983 1.252590 -1.258523 -0.399565 -1.214170
    39 1.393001 0.000001 0.000000 0.001203 -0.139210 0.598616
    40 1.100002 0.000001 -0.000003 -0.118972 -0.234398 0.624261
    41 3.549266 0.211411 1.487664 0.415884 -0.089382 -0.827020
    42 1.218999 -0.000001 -0.000002 0.076519 -0.060605 -1.221542
    43 0.679999 0.000001 0.000000 0.029119 -0.082748 -0.641951
    44 3.698016 0.273718 0.726617 0.250020 -0.109297 -0.986876
    45 1.748999 0.000000 -0.000002 0.020255 -0.017985 -1.043218
    46 0.959996 0.000000 0.000000 0.015675 -0.036226 -0.705571
    47 3.768499 0.151954 -0.072746 -0.036317 -0.085355 -0.861691
    48 2.037997 0.000002 -0.000003 -0.004272 0.001742 -1.428344
    49 1.066998 0.000000 -0.000001 -0.001429 0.005624 -0.566382
    50 3.783906 -0.023949 -0.794455 -0.348771 -0.066619 -0.753235
    51 1.629001 0.000002 0.000000 -0.062588 0.029671 -1.321899
    52 0.955999 0.000000 -0.000002 -0.031449 0.062242 -0.638366
    53 1.258940 -0.308543 -1.250054 1.288789 0.529908 -0.655272
    54 1.392999 0.000000 -0.000003 -0.001788 0.370555 0.932381
    55 1.099998 -0.000002 -0.000003 0.000000 -0.013127 -0.286815
    56 0.578998 0.704300 0.000000 0.000000 -1.570790 -3.044320
    57 2.577897 -4.075848 1.825547 1.570743 -1.473520 1.570850
    58 -2.577999 -4.075848 1.825549 1.570743 -1.473520 1.570850
    59 2.330669 -1.877754 0.104131 -1.861302 0.207908 -1.328386
  time 47
    0 -0.003395 0.004619 23.307130 1.201993 -0.001304 -0.002983
    1 0.001573 4.212781 -1.689849 1.577335 -0.249211 1.556372
    2 3.837410 0.000000 0.000000 -0.000025 -0.015875 0.189337
    3 3.617862 0.000000 0.000000 -0.001500 -0.014332 0.057992
    4 7.539774 0.000000 0.000000 0.000000 0.000000 0.155813
    5 3.178292 0.000001 0.000000 3.162911 0.018906 -0.022775
    6 2.970271 0.000000 0.000001 -0.363438 -0.076903 0.136969
    7 -0.000002 0.000001 0.000000 -1.570796 0.000000 -1.326450
    8 2.023705 0.907460 0.852577 3.318015 -1.195560 1.217460
    9 4.983657 -0.000003 0.000000 -1.985748 -1.007113 -0.065281
    10 11.123049 -0.000003 0.000001 -0.000001 -0.000001 -0.829316
    11 11.208297 -0.000001 0.000013 1.766696 -0.074237 0.649726
    12 2.676087 -1.712447 0.000003 1.570795 0.000000 1.570797
    13 2.023707 0.907463 -0.852527 -2.000340 1.322769 -3.667022
    14 4.983657 -0.000004 0.000000 1.634143 0.248645 -0.432117
    15 11.123040 -0.000006 -0.000006 0.000000 0.000001 -0.768582
    16 11.208287 0.000000 -0.000016 -2.042377 0.338271 -0.256800
    17 2.676081 -1.712434 -0.000003 -1.570797 -0.000001 -1.570797
    18 3.984014 -0.000005 -0.000003 -2.553998 -1.452667 -0.289384
    19 15.940006 0.000002 0.000000 0.000000 0.000000 1.153347
    20 17.709558 0.000004 0.000002 -0.373270 -0.074862 -1.336169
    21 6.203996 0.000000 0.000001 -0.011146 0.000934 -0.500515
    22 -3.984013 0.000007 0.000007 -3.492198 -1.481073 0.187049
    23 15.940015 0.000000 0.000000 0.000000 0.000000 1.259480
    24 17.709572 -0.000006 0.000001 0.174331 0.186659 -1.374383
    25 6.204001 0.000003 -0.000001 -0.078651 -0.006185 -0.498943
    26 3.549240 0.198821 -1.489462 -0.029260 0.007439 -0.600299
    27 1.218999 -0.000001 0.000002 -0.076817 0.060269 -1.226035
    28 0.679998 -0.000001 -0.000001 -0.007294 0.087396 -0.386339
    29 3.698007 0.267555 -0.728972 -0.249189 0.111205 -0.977485
    30 1.749001 -0.000001 0.000003 -0.022839 0.014617 -1.199550
    31 0.959999 -0.000001 0.000001 -0.017628 0.035314 -0.759667
    32 3.768500 0.152546 0.071388 0.025542 0.088855 -0.983165
    33 2.037998 0.000001 0.000002 0.004474 -0.001048 -1.584708
    34 1.067001 0.000001 0.000002 0.001725 -0.005541 -0.620453
    35 3.783924 -0.017260 0.794558 0.336467 0.114136 -0.886817
    36 1.629002 -0.000001 0.000003 0.066441 -0.019587 -1.477988
    37 0.956000 0.000000 0.000001 0.034760 -0.060445 -0.692524
    38 1.258965 -0.297983 1.252590 -1.258480 -0.399587 -1.214023
    39 1.393001 0.000001 0.000000 0.001203 -0.139372 0.598616
    40 1.100002 0.000001 -0.000003 -0.119067 -0.234526 0.624306
    41 3.549266 0.211411 1.487664 0.415837 -0.089444 -0.827263
    42 1.218999 -0.000001 -0.000002 0.076519 -0.060605 -1.221542
    43 0.679999 0.000001 0.000000 0.029119 -0.082748 -0.641951
    44 3.698016 0.273718 0.726617 0.249996 -0.109380 -0.987081
    45 1.748999 0.000000 -0.000002 0.020255 -0.017985 -1.043218
    46 0.959996 0.000000 0.000000 0.015675 -0.036226 -0.705571
    47 3.768499 0.151954 -0.072746 -0.036364 -0.085439 -0.861905
    48 2.037997 0.000002 -0.000003 -0.004272 0.001742 -1.428344
    49 1.066998 0.000000 -0.000001 -0.001429 0.005624 -0.566382
    50 3.783906 -0.023949 -0.794455 -0.348814 -0.066697 -0.753444
    51 1.629001 0.000002 0.000000 -0.062588 0.029671 -1.321899
    52 0.955999 0.000000 -0.000002 -0.031449 0.062230 -0.638366
    53 1.258940 -0.308543 -1.250054 1.288702 0.529843 -0.655526
    54 1.392999 0.000000 -0.000003 -0.001788 0.370555 0.932381
    55 1.099998 -0.000002 -0.000003 0.000000 -0.013127 -0.286815
    56 0.578998 0.704300 0.000000 0.000000 -1.570790 -3.044320
    57 2.577897 -4.075848 1.825547 1.570743 -1.473520 1.570850
    58 -2.577999 -4.075848 1.825549 1.570743 -1.473520 1.570850
    59 2.330669 -1.877754 0.104131 -1.861302 0.207908 -1.328386
  time 48
    0 -0.003395 0.004619 23.307130 1.202087 -0.001168 -0.002983
    1 0.001573 4.212781 -1.689849 1.577627 -0.248498 1.556141
    2 3.837410 0.000000 0.000000 0.000245 -0.015923 0.189403
    3 3.617862 0.000000 0.000000 -0.001205 -0.014378 0.058044
    4 7.539774 0.000000 0.000000 0.000000 0.000000 0.155813
    5 3.178292 0.000001 0.000000 3.164906 0.016738 -0.023678
    6 2.970271 0.000000 0.000001 -0.367074 -0.079389 0.135877
    7 -0.000002 0.000001 0.000000 -1.570796 0.000000 -1.326450
    8 2.023705 0.907460 0.852577 3.321368 -1.198129 1.214489
    9 4.983657 -0.000003 0.000000 -1.986226 -1.013707 -0.062730
    10 11.123049 -0.000003 0.000001 -0.000001 -0.000001 -0.822916
    11 11.208297 -0.000001 0.000013 1.764875 -0.074237 0.647023
    12 2.676087 -1.712447 0.000003 1.570795 0.000000 1.570797
    13 2.023707 0.907463 -0.852527 -1.996895 1.321821 -3.663475
    14 4.983657 -0.000004 0.000000 1.636154 0.249552 -0.431928
    15 11.123040 -0.000006 -0.000006 0.000000 0.000001 -0.766308
    16 11.208287 0.000000 -0.000016 -2.044083 0.336540 -0.258478
    17 2.676081 -1.712434 -0.000003 -1.570797 -0.000001 -1.570797
    18 3.984014 -0.000005 -0.000003 -2.552177 -1.453077 -0.290534
    19 15.940006 0.000002 0.000000 0.000000 0.000000 1.153641
    20 17.709558 0.000004 0.000002 -0.374256 -0.075824 -1.335823
    21 6.203996 0.000000 0.000001 -0.011146 0.000934 -0.500515
    22 -3.984013 0.000007 0.000007 -3.494307 -1.481813 0.190211
    23 15.940015 0.000000 0.000000 0.000000 0.000000 1.259557
    24 17.709572 -0.000006 0.000001 0.173322 0.185590 -1.374530
    25 6.204001 0.000003 -0.000001 -0.078651 -0.006185 -0.498943
    26 3.549240 0.198821 -1.489462 -0.029240 0.007439 -0.600250
    27 1.218999 -0.000001 0.000002 -0.076786 0.060269 -1.225982
    28 0.679998 -0.000001 -0.000001 -0.007276 0.087396 -0.386256
    29 3.698007 0.267555 -0.728972 -0.249172 0.111191 -0.977389
    30 1.749001 -0.000001 0.000003 -0.022820 0.014605 -1.199500
    31 0.959999 -0.000001 0.000001 -0.017608 0.035326 -0.759625
    32 3.768500 0.152546 0.071388 0.025559 0.088831 -0.983115
    33 2.037998 0.000001 0.000002 0.004495 -0.001048 -1.584657
    34 1.067001 0.000001 0.000002 0.001725 -0.005541 -0.620370
    35 3.783924 -0.017260 0.794558 0.336487 0.114121 -0.886769
    36 1.629002 -0.000001 0.000003 0.066441 -0.019587 -1.477943
    37 0.956000 0.000000 0.000001 0.034760 -0.060445 -0.692462
    38 1.258965 -0.297983 1.252590 -1.258480 -0.399609 -1.213986
    39 1.393001 0.000001 0.000000 0.001203 -0.139427 0.598645
    40 1.100002 0.000001 -0.000003 -0.119091 -0.234569 0.624350
    41 3.549266 0.211411 1.487664 0.415790 -0.089527 -0.827457
    42 1.218999 -0.000001 -0.000002 0.076519 -0.060605 -1.221542
    43 0.679999 0.000001 0.000000 0.029119 -0.082748 -0.641951
    44 3.698016 0.273718 0.726617 0.249960 -0.109477 -0.987286
    45 1.748999 0.000000 -0.000002 0.020255 -0.017985 -1.043218
    46 0.959996 0.000000 0.000000 0.015675 -0.036226 -0.705571
    47 3.768499 0.151954 -0.072746 -0.036412 -0.085523 -0.862172
    48 2.037997 0.000002 -0.000003 -0.004272 0.001742 -1.428344
    49 1.066998 0.000000 -0.000001 -0.001429 0.005624 -0.566382
    50 3.783906 -0.023949 -0.794455 -0.348872 -0.066790 -0.753706
    51 1.629001 0.000002 0.000000 -0.062588 0.029671 -1.321899
    52 0.955999 0.000000 -0.000002 -0.031449 0.062230 -0.638366
    53 1.258940 -0.308543 -1.250054 1.288659 0.529757 -0.655779
    54 1.392999 0.000000 -0.000003 -0.001788 0.370555 0.932381
    55 1.099998 -0.000002 -0.000003 0.000000 -0.013127 -0.286815
    56 0.578998 0.704300 0.000000 0.000000 -1.570790 -3.044320
    57 2.577897 -4.075848 1.825547 1.570743 -1.473520 1.570850
    58 -2.577999 -4.075848 1.825549 1.570743 -1.473520 1.570850
    59 2.330669 -1.877754 0.104131 -1.861302 0.207908 -1.328386
  time 49
    0 -0.003395 0.004619 23.307130 1.202087 -0.001077 -0.003079
    1 0.001573 4.212781 -1.689849 1.577694 -0.247786 1.555909
    2 3.837410 0.000000 0.000000 0.000569 -0.015923 0.189501
    3 3.617862 0.000000 0.000000 -0.000884 -0.014408 0.058163
    4 7.539774 0.000000 0.000000 0.000000 0.000000 0.155813
    5 3.178292 0.000001 0.000000 3.167129 0.014511 -0.024231
    6 2.970271 0.000000 0.000001 -0.370795 -0.081738 0.135239
    7 -0.000002 0.000001 0.000000 -1.570796 0.000000 -1.326450
    8 2.023705 0.907460 0.852577 3.324913 -1.200857 1.211423
    9 4.983657 -0.000003 0.000000 -1.986990 -1.019998 -0.060179
    10 11.123049 -0.000003 0.000001 -0.000001 -0.000001 -0.816909
    11 11.208297 -0.000001 0.000013 1.762957 -0.074237 0.644461
    12 2.676087 -1.712447 0.000003 1.570795 0.000000 1.570797
    13 2.023707 0.907463 -0.852527 -1.992780 1.320873 -3.659257
    14 4.983657 -0.000004 0.000000 1.638166 0.250459 -0.431550
    15 11.123040 -0.000006 -0.000006 0.000000 0.000001 -0.764412
    16 11.208287 0.000000 -0.000016 -2.045878 0.334809 -0.259792
    17 2.676081 -1.712434 -0.000003 -1.570797 -0.000001 -1.570797
    18 3.984014 -0.000005 -0.000003 -2.550547 -1.453523 -0.291492
    19 15.940006 0.000002 0.000000 0.000000 0.000000 1.153936
    20 17.709558 0.000004 0.000002 -0.375166 -0.076821 -1.335304
    21 6.203996 0.000000 0.000001 -0.011146 0.000934 -0.500515
    22 -3.984013 0.000007 0.000007 -3.496607 -1.482505 0.193661
    23 15.940015 0.000000 0.000000 0.000000 0.000000 1.259557
    24 17.709572 -0.000006 0.000001 0.172433 0.184658 -1.374678
    25 6.204001 0.000003 -0.000001 -0.078651 -0.006185 -0.498943
    26 3.549240 0.198821 -1.489462 -0.029260 0.007439 -0.600299
    27 1.218999 -0.000001 0.000002 -0.076801 0.060269 -1.225982
    28 0.679998 -0.000001 -0.000001 -0.007294 0.087396 -0.386297
    29 3.698007 0.267555 -0.728972 -0.249189 0.111205 -0.977485
    30 1.749001 -0.000001 0.000003 -0.022820 0.014617 -1.199550
    31 0.959999 -0.000001 0.000001 -0.017628 0.035314 -0.759667
    32 3.768500 0.152546 0.071388 0.025542 0.088855 -0.983165
    33 2.037998 0.000001 0.000002 0.004474 -0.001048 -1.584657
    34 1.067001 0.000001 0.000002 0.001725 -0.005541 -0.620453
    35 3.783924 -0.017260 0.794558 0.336467 0.114136 -0.886817
    36 1.629002 -0.000001 0.000003 0.066441 -0.019587 -1.477988
    37 0.956000 0.000000 0.000001 0.034760 -0.060445 -0.692524
    38 1.258965 -0.297983 1.252590 -1.258480 -0.399587 -1.214023
    39 1.393001 0.000001 0.000000 0.001203 -0.139372 0.598616
    40 1.100002 0.000001 -0.000003 -0.119079 -0.234526 0.624306
    41 3.549266 0.211411 1.487664 0.415743 -0.089609 -0.827700
    42 1.218999 -0.000001 -0.000002 0.076519 -0.060605 -1.221542
    43 0.679999 0.000001 0.000000 0.029119 -0.082748 -0.641951
    44 3.698016 0.273718 0.726617 0.249924 -0.109574 -0.987542
    45 1.748999 0.000000 -0.000002 0.020255 -0.017985 -1.043218
    46 0.959996 0.000000 0.000000 0.015675 -0.036226 -0.705571
    47 3.768499 0.151954 -0.072746 -0.036448 -0.085619 -0.862386
    48 2.037997 0.000002 -0.000003 -0.004272 0.001742 -1.428344
    49 1.066998 0.000000 -0.000001 -0.001429 0.005624 -0.566382
    50 3.783906 -0.023949 -0.794455 -0.348943 -0.066867 -0.753967
    51 1.629001 0.000002 0.000000 -0.062588 0.029671 -1.321899
    52 0.955999 0.000000 -0.000002 -0.031449 0.062230 -0.638366
    53 1.258940 -0.308543 -1.250054 1.288572 0.529691 -0.656105
    54 1.392999 0.000000 -0.000003 -0.001788 0.370555 0.932381
    55 1.099998 -0.000002 -0.000003 0.000000 -0.013127 -0.286815
    56 0.578998 0.704300 0.000000 0.000000 -1.570790 -3.044320
    57 2.577897 -4.075848 1.825547 1.570743 -1.473520 1.570850
    58 -2.577999 -4.075848 1.825549 1.570743 -1.473520 1.570850
    59 2.330669 -1.877754 0.104131 -1.861302 0.207908 -1.328386
  time 50
    0 -0.003395 0.004619 23.307130 1.202181 -0.000942 -0.002983
    1 0.001573 4.212781 -1.689849 1.577852 -0.247136 1.555717
    2 3.837410 0.000000 0.000000 0.000907 -0.015875 0.189649
    3 3.617862 0.000000 0.000000 -0.000538 -0.014378 0.058300
    4 7.539774 0.000000 0.000000 0.000000 0.000000 0.155813
    5 3.178292 0.000001 0.000000 3.169695 0.012223 -0.024493
    6 2.970271 0.000000 0.000001 -0.374980 -0.084027 0.135148
    7 -0.000002 0.000001 0.000000 -1.570796 0.000000 -1.326450
    8 2.023705 0.907460 0.852577 3.328649 -1.203664 1.208260
    9 4.983657 -0.000003 0.000000 -1.988041 -1.026491 -0.057250
    10 11.123049 -0.000003 0.000001 -0.000001 -0.000001 -0.811126
    11 11.208297 -0.000001 0.000013 1.761136 -0.074237 0.641900
    12 2.676087 -1.712447 0.000003 1.570795 0.000000 1.570797
    13 2.023707 0.907463 -0.852527 -1.988187 1.319877 -3.654560
    14 4.983657 -0.000004 0.000000 1.640369 0.251175 -0.431078
    15 11.123040 -0.000006 -0.000006 0.000000 0.000001 -0.763085
    16 11.208287 0.000000 -0.000016 -2.047583 0.333030 -0.260886
    17 2.676081 -1.712434 -0.000003 -1.570797 -0.000001 -1.570797
    18 3.984014 -0.000005 -0.000003 -2.549397 -1.453933 -0.292163
    19 15.940006 0.000002 0.000000 0.000000 0.000000 1.154305
    20 17.709558 0.000004 0.000002 -0.376076 -0.077818 -1.334785
    21 6.203996 0.000000 0.000001 -0.011146 0.000934 -0.500515
    22 -3.984013 0.000007 0.000007 -3.499099 -1.483245 0.197207
    23 15.940015 0.000000 0.000000 0.000000 0.000000 1.259557
    24 17.709572 -0.000006 0.000001 0.171543 0.183899 -1.374874
    25 6.204001 0.000003 -0.000001 -0.078651 -0.006185 -0.498943
    26 3.549240 0.198821 -1.489462 -0.029260 0.007465 -0.600396
    27 1.218999 -0.000001 0.000002 -0.076847 0.060269 -1.226139
    28 0.679998 -0.000001 -0.000001 -0.007329 0.087396 -0.386423
    29 3.698007 0.267555 -0.728972 -0.249207 0.111219 -0.977581
    30 1.749001 -0.000001 0.000003 -0.022878 0.014629 -1.199648
    31 0.959999 -0.000001 0.000001 -0.017667 0.035290 -0.759750
    32 3.768500 0.152546 0.071388 0.025526 0.088867 -0.983263
    33 2.037998 0.000001 0.000002 0.004454 -0.001060 -1.584810
    34 1.067001 0.000001 0.000002 0.001725 -0.005565 -0.620578
    35 3.783924 -0.017260 0.794558 0.336467 0.114167 -0.886961
    36 1.629002 -0.000001 0.000003 0.066461 -0.019587 -1.478125
    37 0.956000 0.000000 0.000001 0.034782 -0.060445 -0.692649
    38 1.258965 -0.297983 1.252590 -1.258523 -0.399587 -1.214133
    39 1.393001 0.000001 0.000000 0.001203 -0.139246 0.598616
    40 1.100002 0.000001 -0.000003 -0.118996 -0.234420 0.624261
    41 3.549266 0.211411 1.487664 0.415696 -0.089713 -0.827992
    42 1.218999 -0.000001 -0.000002 0.076519 -0.060605 -1.221542
    43 0.679999 0.000001 0.000000 0.029119 -0.082748 -0.641951
    44 3.698016 0.273718 0.726617 0.249888 -0.109670 -0.987798
    45 1.748999 0.000000 -0.000002 0.020255 -0.017985 -1.043218
    46 0.959996 0.000000 0.000000 0.015675 -0.036226 -0.705571
    47 3.768499 0.151954 -0.072746 -0.036496 -0.085703 -0.862654
    48 2.037997 0.000002 -0.000003 -0.004272 0.001742 -1.428344
    49 1.066998 0.000000 -0.000001 -0.001429 0.005624 -0.566382
    50 3.783906 -0.023949 -0.794455 -0.348986 -0.066975 -0.754229
    51 1.629001 0.000002 0.000000 -0.062588 0.029671 -1.321899
    52 0.955999 0.000000 -0.000002 -0.031449 0.062230 -0.638366
    53 1.258940 -0.308543 -1.250054 1.288485 0.529605 -0.656395
    54 1.392999 0.000000 -0.000003 -0.001788 0.370555 0.932381
    55 1.099998 -0.000002 -0.000003 0.000000 -0.013127 -0.286815
    56 0.578998 0.704300 0.000000 0.000000 -1.570790 -3.044320
    57 2.577897 -4.075848 1.825547 1.570743 -1.473520 1.570850
    58 -2.577999 -4.075848 1.825549 1.570743 -1.473520 1.570850
    59 2.330669 -1.877754 0.104131 -1.861302 0.207908 -1.328386
  time 51
    0 -0.003395 0.004619 23.307130 1.202276 -0.000851 -0.002983
    1 0.001573 4.212781 -1.689849 1.578009 -0.246612 1.555524
    2 3.837410 0.000000 0.000000 0.001298 -0.015781 0.189830
    3 3.617862 0.000000 0.000000 -0.000153 -0.014317 0.058471
    4 7.539774 0.000000 0.000000 0.000000 0.000000 0.155813
    5 3.178292 0.000001 0.000000 3.172602 0.009915 -0.024435
    6 2.970271 0.000000 0.000001 -0.379547 -0.086197 0.135558
    7 -0.000002 0.000001 0.000000 -1.570796 0.000000 -1.326450
    8 2.023705 0.907460 0.852577 3.332481 -1.206510 1.205002
    9 4.983657 -0.000003 0.000000 -1.989570 -1.032934 -0.054038
    10 11.123049 -0.000003 0.000001 -0.000001 -0.000001 -0.805737
    11 11.208297 -0.000001 0.000013 1.759218 -0.074193 0.639623
    12 2.676087 -1.712447 0.000003 1.570795 0.000000 1.570797
    13 2.023707 0.907463 -0.852527 -1.983211 1.318881 -3.649384
    14 4.983657 -0.000004 0.000000 1.642669 0.251557 -0.430322
    15 11.123040 -0.000006 -0.000006 0.000000 0.000001 -0.762390
    16 11.208287 0.000000 -0.000016 -2.049378 0.331252 -0.261762
    17 2.676081 -1.712434 -0.000003 -1.570797 -0.000001 -1.570797
    18 3.984014 -0.000005 -0.000003 -2.548439 -1.454305 -0.292546
    19 15.940006 0.000002 0.000000 0.000000 0.000000 1.154673
    20 17.709558 0.000004 0.000002 -0.377062 -0.078815 -1.334179
    21 6.203996 0.000000 0.000001 -0.011146 0.000934 -0.500515
    22 -3.984013 0.000007 0.000007 -3.501687 -1.483985 0.200753
    23 15.940015 0.000000 0.000000 0.000000 0.000000 1.259480
    24 17.709572 -0.000006 0.000001 0.170831 0.183278 -1.375071
    25 6.204001 0.000003 -0.000001 -0.078651 -0.006185 -0.498943
    26 3.549240 0.198821 -1.489462 -0.029280 0.007518 -0.600640
    27 1.218999 -0.000001 0.000002 -0.076909 0.060281 -1.226348
    28 0.679998 -0.000001 -0.000001 -0.007365 0.087396 -0.386631
    29 3.698007 0.267555 -0.728972 -0.249242 0.111277 -0.977772
    30 1.749001 -0.000001 0.000003 -0.022975 0.014641 -1.199845
    31 0.959999 -0.000001 0.000001 -0.017745 0.035242 -0.759959
    32 3.768500 0.152546 0.071388 0.025477 0.088915 -0.983461
    33 2.037998 0.000001 0.000002 0.004434 -0.001072 -1.585014
    34 1.067001 0.000001 0.000002 0.001707 -0.005601 -0.620786
    35 3.783924 -0.017260 0.794558 0.336427 0.114198 -0.887153
    36 1.629002 -0.000001 0.000003 0.066481 -0.019607 -1.478308
    37 0.956000 0.000000 0.000001 0.034825 -0.060457 -0.692867
    38 1.258965 -0.297983 1.252590 -1.258565 -0.399542 -1.214317
    39 1.393001 0.000001 0.000000 0.001203 -0.139048 0.598587
    40 1.100002 0.000001 -0.000003 -0.118876 -0.234249 0.624217
    41 3.549266 0.211411 1.487664 0.415633 -0.089816 -0.828284
    42 1.218999 -0.000001 -0.000002 0.076519 -0.060605 -1.221542
    43 0.679999 0.000001 0.000000 0.029119 -0.082748 -0.641951
    44 3.698016 0.273718 0.726617 0.249852 -0.109767 -0.988105
    45 1.748999 0.000000 -0.000002 0.020255 -0.017985 -1.043218
    46 0.959996 0.000000 0.000000 0.015675 -0.036226 -0.705571
    47 3.768499 0.151954 -0.072746 -0.036544 -0.085811 -0.862922
    48 2.037997 0.000002 -0.000003 -0.004272 0.001742 -1.428344
    49 1.066998 0.000000 -0.000001 -0.001429 0.005624 -0.566382
    50 3.783906 -0.023949 -0.794455 -0.349058 -0.067068 -0.754490
    51 1.629001 0.000002 0.000000 -0.062588 0.029671 -1.321899
    52 0.955999 0.000000 -0.000002 -0.031449 0.062230 -0.638366
    53 1.258940 -0.308543 -1.250054 1.288398 0.529518 -0.656722
    54 1.392999 0.000000 -0.000003 -0.001788 0.370555 0.932381
    55 1.099998 -0.000002 -0.000003 0.000000 -0.013127 -0.286815
    56 0.578998 0.704300 0.000000 0.000000 -1.570790 -3.044320
    57 2.577897 -4.075848 1.825547 1.570743 -1.473520 1.570850
    58 -2.577999 -4.075848 1.825549 1.570743 -1.473520 1.570850
    59 2.330669 -1.877754 0.104131 -1.861302 0.207908 -1.328386
  time 52
    0 -0.003395 0.004619 23.307130 1.202370 -0.000715 -0.002983
    1 0.001573 4.212781 -1.689849 1.578144 -0.246235 1.555331
    2 3.837410 0.000000 0.000000 0.001690 -0.015654 0.190060
    3 3.617862 0.000000 0.000000 0.000244 -0.014211 0.058693
    4 7.539774 0.000000 0.000000 0.000000 0.000000 0.155813
    5 3.178292 0.000001 0.000000 3.175880 0.007587 -0.024085
    6 2.970271 0.000000 0.000001 -0.384536 -0.088230 0.136559
    7 -0.000002 0.000001 0.000000 -1.570796 0.000000 -1.326450
    8 2.023705 0.907460 0.852577 3.336313 -1.209435 1.201743
    9 4.983657 -0.000003 0.000000 -1.991576 -1.039174 -0.050542
    10 11.123049 -0.000003 0.000001 -0.000001 -0.000001 -0.801133
    11 11.208297 -0.000001 0.000013 1.757301 -0.074105 0.637702
    12 2.676087 -1.712447 0.000003 1.570795 0.000000 1.570797
    13 2.023707 0.907463 -0.852527 -1.977757 1.317885 -3.643920
    14 4.983657 -0.000004 0.000000 1.645159 0.251653 -0.429566
    15 11.123040 -0.000006 -0.000006 0.000000 0.000001 -0.762517
    16 11.208287 0.000000 -0.000016 -2.051173 0.329521 -0.262346
    17 2.676081 -1.712434 -0.000003 -1.570797 -0.000001 -1.570797
    18 3.984014 -0.000005 -0.000003 -2.548055 -1.454715 -0.292546
    19 15.940006 0.000002 0.000000 0.000000 0.000000 1.155041
    20 17.709558 0.000004 0.000002 -0.377972 -0.079812 -1.333573
    21 6.203996 0.000000 0.000001 -0.011146 0.000934 -0.500515
    22 -3.984013 0.000007 0.000007 -3.504467 -1.484726 0.204490
    23 15.940015 0.000000 0.000000 0.000000 0.000000 1.259327
    24 17.709572 -0.000006 0.000001 0.170119 0.182795 -1.375268
    25 6.204001 0.000003 -0.000001 -0.078651 -0.006185 -0.498943
    26 3.549240 0.198821 -1.489462 -0.029300 0.007571 -0.600883
    27 1.218999 -0.000001 0.000002 -0.076970 0.060281 -1.226609
    28 0.679998 -0.000001 -0.000001 -0.007437 0.087396 -0.386924
    29 3.698007 0.267555 -0.728972 -0.249295 0.111320 -0.978059
    30 1.749001 -0.000001 0.000003 -0.023072 0.014677 -1.200091
    31 0.959999 -0.000001 0.000001 -0.017843 0.035194 -0.760209
    32 3.768500 0.152546 0.071388 0.025428 0.088963 -0.983757
    33 2.037998 0.000001 0.000002 0.004372 -0.001107 -1.585269
    34 1.067001 0.000001 0.000002 0.001688 -0.005649 -0.621037
    35 3.783924 -0.017260 0.794558 0.336387 0.114260 -0.887440
    36 1.629002 -0.000001 0.000003 0.066520 -0.019628 -1.478628
    37 0.956000 0.000000 0.000001 0.034869 -0.060457 -0.693146
    38 1.258965 -0.297983 1.252590 -1.258608 -0.399520 -1.214574
    39 1.393001 0.000001 0.000000 0.001203 -0.138778 0.598559
    40 1.100002 0.000001 -0.000003 -0.118720 -0.234037 0.624173
    41 3.549266 0.211411 1.487664 0.415586 -0.089919 -0.828527
    42 1.218999 -0.000001 -0.000002 0.076519 -0.060605 -1.221542
    43 0.679999 0.000001 0.000000 0.029119 -0.082748 -0.641951
    44 3.698016 0.273718 0.726617 0.249804 -0.109891 -0.988361
    45 1.748999 0.000000 -0.000002 0.020255 -0.017985 -1.043218
    46 0.959996 0.000000 0.000000 0.015675 -0.036226 -0.705571
    47 3.768499 0.151954 -0.072746 -0.036604 -0.085919 -0.863243
    48 2.037997 0.000002 -0.000003 -0.004272 0.001742 -1.428344
    49 1.066998 0.000000 -0.000001 -0.001429 0.005624 -0.566382
    50 3.783906 -0.023949 -0.794455 -0.349129 -0.067176 -0.754752
    51 1.629001 0.000002 0.000000 -0.062588 0.029671 -1.321899
    52 0.955999 0.000000 -0.000002 -0.031449 0.062230 -0.638366
    53 1.258940 -0.308543 -1.250054 1.288311 0.529409 -0.657048
    54 1.392999 0.000000 -0.000003 -0.001788 0.370555 0.932381
    55 1.099998 -0.000002 -0.000003 0.000000 -0.013127 -0.286815
    56 0.578998 0.704300 0.000000 0.000000 -1.570790 -3.044320
    57 2.577897 -4.075848 1.825547 1.570743 -1.473520 1.570850
    58 -2.577999 -4.075848 1.825549 1.570743 -1.473520 1.570850
    59 2.330669 -1.877754 0.104131 -1.861302 0.207908 -1.328386
  time 53
    0 -0.003395 0.004619 23.307130 1.202464 -0.000625 -0.002888
    1 0.001573 4.212781 -1.689849 1.578256 -0.246235 1.555215
    2 3.837410 0.000000 0.000000 0.002109 -0.015496 0.190306
    3 3.617862 0.000000 0.000000 0.000668 -0.014075 0.058932
    4 7.539774 0.000000 0.000000 0.000000 0.000000 0.155813
    5 3.178292 0.000001 0.000000 3.179585 0.005238 -0.022717
    6 2.970271 0.000000 0.000001 -0.389947 -0.090006 0.139064
    7 -0.000002 0.000001 0.000000 -1.570796 0.000000 -1.326450
    8 2.023705 0.907460 0.852577 3.340240 -1.212400 1.198293
    9 4.983657 -0.000003 0.000000 -1.994060 -1.044754 -0.046573
    10 11.123049 -0.000003 0.000001 -0.000001 -0.000001 -0.797989
    11 11.208297 -0.000001 0.000013 1.755383 -0.073930 0.636493
    12 2.676087 -1.712447 0.000003 1.570795 0.000000 1.570797
    13 2.023707 0.907463 -0.852527 -1.972111 1.316890 -3.638168
    14 4.983657 -0.000004 0.000000 1.648033 0.251175 -0.428526
    15 11.123040 -0.000006 -0.000006 0.000000 0.000001 -0.763907
    16 11.208287 0.000000 -0.000016 -2.052969 0.327743 -0.262492
    17 2.676081 -1.712434 -0.000003 -1.570797 -0.000001 -1.570797
    18 3.984014 -0.000005 -0.000003 -2.547960 -1.455050 -0.292354
    19 15.940006 0.000002 0.000000 0.000000 0.000000 1.155484
    20 17.709558 0.000004 0.000002 -0.378882 -0.080809 -1.332881
    21 6.203996 0.000000 0.000001 -0.011146 0.000934 -0.500515
    22 -3.984013 0.000007 0.000007 -3.507342 -1.485466 0.208323
    23 15.940015 0.000000 0.000000 0.000000 0.000000 1.259173
    24 17.709572 -0.000006 0.000001 0.169526 0.182416 -1.375464
    25 6.204001 0.000003 -0.000001 -0.078651 -0.006185 -0.498943
    26 3.549240 0.198821 -1.489462 -0.029341 0.007650 -0.601224
    27 1.218999 -0.000001 0.000002 -0.077077 0.060281 -1.226922
    28 0.679998 -0.000001 -0.000001 -0.007508 0.087396 -0.387258
    29 3.698007 0.267555 -0.728972 -0.249347 0.111378 -0.978394
    30 1.749001 -0.000001 0.000003 -0.023227 0.014701 -1.200387
    31 0.959999 -0.000001 0.000001 -0.017979 0.035122 -0.760543
    32 3.768500 0.152546 0.071388 0.025378 0.089023 -0.984102
    33 2.037998 0.000001 0.000002 0.004332 -0.001131 -1.585626
    34 1.067001 0.000001 0.000002 0.001652 -0.005697 -0.621370
    35 3.783924 -0.017260 0.794558 0.336327 0.114337 -0.887776
    36 1.629002 -0.000001 0.000003 0.066560 -0.019628 -1.478948
    37 0.956000 0.000000 0.000001 0.034912 -0.060469 -0.693489
    38 1.258965 -0.297983 1.252590 -1.258693 -0.399453 -1.214868
    39 1.393001 0.000001 0.000000 0.001203 -0.138435 0.598501
    40 1.100002 0.000001 -0.000003 -0.118528 -0.233739 0.624084
    41 3.549266 0.211411 1.487664 0.415523 -0.090022 -0.828819
    42 1.218999 -0.000001 -0.000002 0.076519 -0.060605 -1.221542
    43 0.679999 0.000001 0.000000 0.029119 -0.082748 -0.641951
    44 3.698016 0.273718 0.726617 0.249768 -0.110002 -0.988668
    45 1.748999 0.000000 -0.000002 0.020255 -0.017985 -1.043218
    46 0.959996 0.000000 0.000000 0.015675 -0.036226 -0.705571
    47 3.768499 0.151954 -0.072746 -0.036652 -0.086027 -0.863510
    48 2.037997 0.000002 -0.000003 -0.004272 0.001742 -1.428344
    49 1.066998 0.000000 -0.000001 -0.001429 0.005624 -0.566382
    50 3.783906 -0.023949 -0.794455 -0.349186 -0.067269 -0.755066
    51 1.629001 0.000002 0.000000 -0.062588 0.029671 -1.321899
    52 0.955999 0.000000 -0.000002 -0.031449 0.062230 -0.638366
    53 1.258940 -0.308543 -1.250054 1.288225 0.529323 -0.657410
    54 1.392999 0.000000 -0.000003 -0.001788 0.370555 0.932381
    55 1.099998 -0.000002 -0.000003 0.000000 -0.013127 -0.286815
    56 0.578998 0.704300 0.000000 0.000000 -1.570790 -3.044320
    57 2.577897 -4.075848 1.825547 1.570743 -1.473520 1.570850
    58 -2.577999 -4.075848 1.825549 1.570743 -1.473520 1.570850
    59 2.330669 -1.877754 0.104131 -1.861302 0.207908 -1.328386
  time 54
    0 -0.003395 0.004619 23.307130 1.202558 -0.000489 -0.002792
    1 0.001573 4.212781 -1.689849 1.578234 -0.246361 1.555292
    2 3.837410 0.000000 0.000000 0.002541 -0.015323 0.190585
    3 3.617862 0.000000 0.000000 0.001129 -0.013939 0.059223
    4 7.539774 0.000000 0.000000 0.000000 0.000000 0.155813
    5 3.178292 0.000001 0.000000 3.183633 0.002890 -0.021174
    6 2.970271 0.000000 0.000001 -0.395740 -0.091427 0.141977
    7 -0.000002 0.000001 0.000000 -1.570796 0.000000 -1.326450
    8 2.023705 0.907460 0.852577 3.344264 -1.215365 1.194939
    9 4.983657 -0.000003 0.000000 -1.996926 -1.049776 -0.042605
    10 11.123049 -0.000003 0.000001 -0.000001 -0.000001 -0.795743
    11 11.208297 -0.000001 0.000013 1.753466 -0.073754 0.635568
    12 2.676087 -1.712447 0.000003 1.570795 0.000000 1.570797
    13 2.023707 0.907463 -0.852527 -1.966369 1.315894 -3.632321
    14 4.983657 -0.000004 0.000000 1.650811 0.250221 -0.427203
    15 11.123040 -0.000006 -0.000006 0.000000 0.000001 -0.766434
    16 11.208287 0.000000 -0.000016 -2.054674 0.326105 -0.261981
    17 2.676081 -1.712434 -0.000003 -1.570797 -0.000001 -1.570797
    18 3.984014 -0.000005 -0.000003 -2.548247 -1.455385 -0.291780
    19 15.940006 0.000002 0.000000 0.000000 0.000000 1.155926
    20 17.709558 0.000004 0.000002 -0.379716 -0.081771 -1.332188
    21 6.203996 0.000000 0.000001 -0.011146 0.000934 -0.500515
    22 -3.984013 0.000007 0.000007 -3.510313 -1.486207 0.212252
    23 15.940015 0.000000 0.000000 0.000000 0.000000 1.259020
    24 17.709572 -0.000006 0.000001 0.168992 0.182175 -1.375710
    25 6.204001 0.000003 -0.000001 -0.078651 -0.006185 -0.498943
    26 3.549240 0.198821 -1.489462 -0.029381 0.007756 -0.601613
    27 1.218999 -0.000001 0.000002 -0.077184 0.060281 -1.227340
    28 0.679998 -0.000001 -0.000001 -0.007615 0.087396 -0.387675
    29 3.698007 0.267555 -0.728972 -0.249417 0.111464 -0.978824
    30 1.749001 -0.000001 0.000003 -0.023382 0.014748 -1.200781
    31 0.959999 -0.000001 0.000001 -0.018136 0.035050 -0.760918
    32 3.768500 0.152546 0.071388 0.025313 0.089107 -0.984497
    33 2.037998 0.000001 0.000002 0.004250 -0.001167 -1.586034
    34 1.067001 0.000001 0.000002 0.001616 -0.005769 -0.621787
    35 3.783924 -0.017260 0.794558 0.336267 0.114414 -0.888159
    36 1.629002 -0.000001 0.000003 0.066620 -0.019670 -1.479359
    37 0.956000 0.000000 0.000001 0.034977 -0.060481 -0.693862
    38 1.258965 -0.297983 1.252590 -1.258779 -0.399408 -1.215235
    39 1.393001 0.000001 0.000000 0.001186 -0.138039 0.598473
    40 1.100002 0.000001 -0.000003 -0.118289 -0.233419 0.623995
    41 3.549266 0.211411 1.487664 0.415460 -0.090126 -0.829159
    42 1.218999 -0.000001 -0.000002 0.076519 -0.060605 -1.221542
    43 0.679999 0.000001 0.000000 0.029119 -0.082748 -0.641951
    44 3.698016 0.273718 0.726617 0.249733 -0.110113 -0.988975
    45 1.748999 0.000000 -0.000002 0.020255 -0.017985 -1.043218
    46 0.959996 0.000000 0.000000 0.015675 -0.036226 -0.705571
    47 3.768499 0.151954 -0.072746 -0.036712 -0.086134 -0.863831
    48 2.037997 0.000002 -0.000003 -0.004272 0.001742 -1.428344
    49 1.066998 0.000000 -0.000001 -0.001429 0.005624 -0.566382
    50 3.783906 -0.023949 -0.794455 -0.349258 -0.067378 -0.755380
    51 1.629001 0.000002 0.000000 -0.062588 0.029671 -1.321899
    52 0.955999 0.000000 -0.000002 -0.031449 0.062230 -0.638366
    53 1.258940 -0.308543 -1.250054 1.288138 0.529236 -0.657736
    54 1.392999 0.000000 -0.000003 -0.001788 0.370555 0.932381
    55 1.099998 -0.000002 -0.000003 0.000000 -0.013127 -0.286815
    56 0.578998 0.704300 0.000000 0.000000 -1.570790 -3.044320
    57 2.577897 -4.075848 1.825547 1.570743 -1.473520 1.570850
    58 -2.577999 -4.075848 1.825549 1.570743 -1.473520 1.570850
    59 2.330669 -1.877754 0.104131 -1.861302 0.207908 -1.328386
  time 55
    0 -0.003395 0.004619 23.307130 1.202652 -0.000398 -0.002696
    1 0.001573 4.212781 -1.689849 1.578121 -0.246381 1.555331
    2 3.837410 0.000000 0.000000 0.003000 -0.015117 0.190881
    3 3.617862 0.000000 0.000000 0.001591 -0.013742 0.059513
    4 7.539774 0.000000 0.000000 0.000000 0.000000 0.155813
    5 3.178292 0.000001 0.000000 3.187623 0.000602 -0.019456
    6 2.970271 0.000000 0.000001 -0.401321 -0.092749 0.144982
    7 -0.000002 0.000001 0.000000 -1.570796 0.000000 -1.326450
    8 2.023705 0.907460 0.852577 3.348192 -1.218330 1.191489
    9 4.983657 -0.000003 0.000000 -1.999792 -1.054697 -0.038637
    10 11.123049 -0.000003 0.000001 -0.000001 -0.000001 -0.793385
    11 11.208297 -0.000001 0.000013 1.751644 -0.073535 0.634572
    12 2.676087 -1.712447 0.000003 1.570795 0.000000 1.570797
    13 2.023707 0.907463 -0.852527 -1.960436 1.314945 -3.626378
    14 4.983657 -0.000004 0.000000 1.653494 0.249505 -0.425974
    15 11.123040 -0.000006 -0.000006 0.000000 0.000001 -0.768835
    16 11.208287 0.000000 -0.000016 -2.056469 0.324421 -0.261470
    17 2.676081 -1.712434 -0.000003 -1.570797 -0.000001 -1.570797
    18 3.984014 -0.000005 -0.000003 -2.548918 -1.455720 -0.291013
    19 15.940006 0.000002 0.000000 0.000000 0.000000 1.156368
    20 17.709558 0.000004 0.000002 -0.380551 -0.082661 -1.331496
    21 6.203996 0.000000 0.000001 -0.011146 0.000934 -0.500515
    22 -3.984013 0.000007 0.000007 -3.513380 -1.486898 0.216181
    23 15.940015 0.000000 0.000000 0.000000 0.000000 1.258790
    24 17.709572 -0.000006 0.000001 0.168577 0.182071 -1.375956
    25 6.204001 0.000003 -0.000001 -0.078651 -0.006185 -0.498943
    26 3.549240 0.198821 -1.489462 -0.029421 0.007862 -0.602051
    27 1.218999 -0.000001 0.000002 -0.077307 0.060281 -1.227810
    28 0.679998 -0.000001 -0.000001 -0.007704 0.087396 -0.388134
    29 3.698007 0.267555 -0.728972 -0.249488 0.111536 -0.979255
    30 1.749001 -0.000001 0.000003 -0.023576 0.014784 -1.201175
    31 0.959999 -0.000001 0.000001 -0.018292 0.034966 -0.761335
    32 3.768500 0.152546 0.071388 0.025231 0.089178 -0.984941
    33 2.037998 0.000001 0.000002 0.004189 -0.001203 -1.586442
    34 1.067001 0.000001 0.000002 0.001598 -0.005841 -0.622204
    35 3.783924 -0.017260 0.794558 0.336207 0.114507 -0.888638
    36 1.629002 -0.000001 0.000003 0.066679 -0.019670 -1.479816
    37 0.956000 0.000000 0.000001 0.035063 -0.060481 -0.694329
    38 1.258965 -0.297983 1.252590 -1.258907 -0.399341 -1.215639
    39 1.393001 0.000001 0.000000 0.001186 -0.137589 0.598415
    40 1.100002 0.000001 -0.000003 -0.118037 -0.233036 0.623862
    41 3.549266 0.211411 1.487664 0.415397 -0.090229 -0.829451
    42 1.218999 -0.000001 -0.000002 0.076519 -0.060605 -1.221542
    43 0.679999 0.000001 0.000000 0.029119 -0.082748 -0.641951
    44 3.698016 0.273718 0.726617 0.249685 -0.110237 -0.989282
    45 1.748999 0.000000 -0.000002 0.020255 -0.017985 -1.043218
    46 0.959996 0.000000 0.000000 0.015675 -0.036226 -0.705571
    47 3.768499 0.151954 -0.072746 -0.036772 -0.086242 -0.864099
    48 2.037997 0.000002 -0.000003 -0.004272 0.001742 -1.428344
    49 1.066998 0.000000 -0.000001 -0.001429 0.005624 -0.566382
    50 3.783906 -0.023949 -0.794455 -0.349329 -0.067501 -0.755641
    51 1.629001 0.000002 0.000000 -0.062588 0.029671 -1.321899
    52 0.955999 0.000000 -0.000002 -0.031449 0.062242 -0.638366
    53 1.258940 -0.308543 -1.250054 1.288051 0.529128 -0.658099
    54 1.392999 0.000000 -0.000003 -0.001788 0.370555 0.932381
    55 1.099998 -0.000002 -0.000003 0.000000 -0.013127 -0.286815
    56 0.578998 0.704300 0.000000 0.000000 -1.570790 -3.044320
    57 2.577897 -4.075848 1.825547 1.570743 -1.473520 1.570850
    58 -2.577999 -4.075848 1.825549 1.570743 -1.473520 1.570850
    59 2.330669 -1.877754 0.104131 -1.861302 0.207908 -1.328386
  time 56
    0 -0.003395 0.004619 23.307130 1.202840 -0.000308 -0.002600
    1 0.001573 4.212781 -1.689849 1.577919 -0.246381 1.555331
    2 3.837410 0.000000 0.000000 0.003459 -0.014865 0.191210
    3 3.617862 0.000000 0.000000 0.002078 -0.013546 0.059821
    4 7.539774 0.000000 0.000000 0.000000 0.000000 0.155813
    5 3.178292 0.000001 0.000000 3.191272 -0.001646 -0.017621
    6 2.970271 0.000000 0.000001 -0.406437 -0.094032 0.148078
    7 -0.000002 0.000001 0.000000 -1.570796 0.000000 -1.326450
    8 2.023705 0.907460 0.852577 3.352119 -1.221255 1.188134
    9 4.983657 -0.000003 0.000000 -2.002753 -1.059516 -0.034668
    10 11.123049 -0.000003 0.000001 -0.000001 -0.000001 -0.791196
    11 11.208297 -0.000001 0.000013 1.749823 -0.073359 0.633647
    12 2.676087 -1.712447 0.000003 1.570795 0.000000 1.570797
    13 2.023707 0.907463 -0.852527 -1.954503 1.314044 -3.620434
    14 4.983657 -0.000004 0.000000 1.656080 0.248884 -0.424746
    15 11.123040 -0.000006 -0.000006 0.000000 0.000001 -0.771173
    16 11.208287 0.000000 -0.000016 -2.058174 0.322830 -0.260959
    17 2.676081 -1.712434 -0.000003 -1.570797 -0.000001 -1.570797
    18 3.984014 -0.000005 -0.000003 -2.549972 -1.455981 -0.289863
    19 15.940006 0.000002 0.000000 0.000000 0.000000 1.156810
    20 17.709558 0.000004 0.000002 -0.381385 -0.083516 -1.330804
    21 6.203996 0.000000 0.000001 -0.011146 0.000934 -0.500515
    22 -3.984013 0.000007 0.000007 -3.516352 -1.487638 0.220015
    23 15.940015 0.000000 0.000000 0.000000 0.000000 1.258560
    24 17.709572 -0.000006 0.000001 0.168162 0.182071 -1.376201
    25 6.204001 0.000003 -0.000001 -0.078651 -0.006185 -0.498943
    26 3.549240 0.198821 -1.489462 -0.029462 0.007994 -0.602538
    27 1.218999 -0.000001 0.000002 -0.077445 0.060293 -1.228280
    28 0.679998 -0.000001 -0.000001 -0.007829 0.087396 -0.388594
    29 3.698007 0.267555 -0.728972 -0.249575 0.111636 -0.979733
    30 1.749001 -0.000001 0.000003 -0.023789 0.014820 -1.201618
    31 0.959999 -0.000001 0.000001 -0.018487 0.034871 -0.761794
    32 3.768500 0.152546 0.071388 0.025149 0.089274 -0.985434
    33 2.037998 0.000001 0.000002 0.004107 -0.001251 -1.586952
    34 1.067001 0.000001 0.000002 0.001544 -0.005925 -0.622705
    35 3.783924 -0.017260 0.794558 0.336127 0.114599 -0.889118
    36 1.629002 -0.000001 0.000003 0.066739 -0.019712 -1.480319
    37 0.956000 0.000000 0.000001 0.035150 -0.060493 -0.694826
    38 1.258965 -0.297983 1.252590 -1.258992 -0.399274 -1.216043
    39 1.393001 0.000001 0.000000 0.001186 -0.137084 0.598358
    40 1.100002 0.000001 -0.000003 -0.117749 -0.232632 0.623728
    41 3.549266 0.211411 1.487664 0.415334 -0.090353 -0.829743
    42 1.218999 -0.000001 -0.000002 0.076519 -0.060605 -1.221542
    43 0.679999 0.000001 0.000000 0.029119 -0.082748 -0.641951
    44 3.698016 0.273718 0.726617 0.249649 -0.110347 -0.989590
    45 1.748999 0.000000 -0.000002 0.020255 -0.017985 -1.043218
    46 0.959996 0.000000 0.000000 0.015675 -0.036226 -0.705571
    47 3.768499 0.151954 -0.072746 -0.036832 -0.086362 -0.864420
    48 2.037997 0.000002 -0.000003 -0.004272 0.001742 -1.428344
    49 1.066998 0.000000 -0.000001 -0.001429 0.005624 -0.566382
    50 3.783906 -0.023949 -0.794455 -0.349387 -0.067610 -0.755955
    51 1.629001 0.000002 0.000000 -0.062588 0.029671 -1.321899
    52 0.955999 0.000000 -0.000002 -0.031449 0.062242 -0.638366
    53 1.258940 -0.308543 -1.250054 1.287964 0.529041 -0.658461
    54 1.392999 0.000000 -0.000003 -0.001788 0.370555 0.932381
    55 1.099998 -0.000002 -0.000003 0.000000 -0.013127 -0.286815
    56 0.578998 0.704300 0.000000 0.000000 -1.570790 -3.044320
    57 2.577897 -4.075848 1.825547 1.570743 -1.473520 1.570850
    58 -2.577999 -4.075848 1.825549 1.570743 -1.473520 1.570850
    59 2.330669 -1.877754 0.104131 -1.861302 0.207908 -1.328386
  time 57
    0 -0.003395 0.004619 23.307130 1.202934 -0.000217 -0.002408
    1 0.001573 4.212781 -1.689849 1.577649 -0.246381 1.555369
    2 3.837410 0.000000 0.000000 0.003932 -0.014628 0.191538
    3 3.617862 0.000000 0.000000 0.002553 -0.013319 0.060163
    4 7.539774 0.000000 0.000000 0.000000 0.000000 0.155813
    5 3.178292 0.000001 0.000000 3.194664 -0.003833 -0.015758
    6 2.970271 0.000000 0.000001 -0.411299 -0.095157 0.151265
    7 -0.000002 0.000001 0.000000 -1.570796 0.000000 -1.326450
    8 2.023705 0.907460 0.852577 3.356047 -1.224101 1.184876
    9 4.983657 -0.000003 0.000000 -2.005810 -1.063980 -0.030794
    10 11.123049 -0.000003 0.000001 -0.000001 -0.000001 -0.789343
    11 11.208297 -0.000001 0.000013 1.748097 -0.073184 0.632722
    12 2.676087 -1.712447 0.000003 1.570795 0.000000 1.570797
    13 2.023707 0.907463 -0.852527 -1.948570 1.313143 -3.614491
    14 4.983657 -0.000004 0.000000 1.658667 0.248216 -0.423517
    15 11.123040 -0.000006 -0.000006 0.000000 0.000001 -0.773826
    16 11.208287 0.000000 -0.000016 -2.059790 0.321286 -0.260303
    17 2.676081 -1.712434 -0.000003 -1.570797 -0.000001 -1.570797
    18 3.984014 -0.000005 -0.000003 -2.551410 -1.456242 -0.288330
    19 15.940006 0.000002 0.000000 0.000000 0.000000 1.157252
    20 17.709558 0.000004 0.000002 -0.382068 -0.084299 -1.330025
    21 6.203996 0.000000 0.000001 -0.011146 0.000934 -0.500515
    22 -3.984013 0.000007 0.000007 -3.519610 -1.488280 0.224039
    23 15.940015 0.000000 0.000000 0.000000 0.000000 1.258330
    24 17.709572 -0.000006 0.000001 0.167865 0.182175 -1.376496
    25 6.204001 0.000003 -0.000001 -0.078651 -0.006185 -0.498943
    26 3.549240 0.198821 -1.489462 -0.029522 0.008099 -0.603073
    27 1.218999 -0.000001 0.000002 -0.077598 0.060293 -1.228802
    28 0.679998 -0.000001 -0.000001 -0.007954 0.087396 -0.389136
    29 3.698007 0.267555 -0.728972 -0.249680 0.111737 -0.980260
    30 1.749001 -0.000001 0.000003 -0.024002 0.014880 -1.202111
    31 0.959999 -0.000001 0.000001 -0.018682 0.034751 -0.762294
    32 3.768500 0.152546 0.071388 0.025051 0.089370 -0.985927
    33 2.037998 0.000001 0.000002 0.004025 -0.001299 -1.587461
    34 1.067001 0.000001 0.000002 0.001507 -0.006009 -0.623247
    35 3.783924 -0.017260 0.794558 0.336047 0.114707 -0.889645
    36 1.629002 -0.000001 0.000003 0.066818 -0.019733 -1.480821
    37 0.956000 0.000000 0.000001 0.035214 -0.060505 -0.695355
    38 1.258965 -0.297983 1.252590 -1.259120 -0.399207 -1.216521
    39 1.393001 0.000001 0.000000 0.001186 -0.136543 0.598301
    40 1.100002 0.000001 -0.000003 -0.117438 -0.232185 0.623640
    41 3.549266 0.211411 1.487664 0.415272 -0.090456 -0.830034
    42 1.218999 -0.000001 -0.000002 0.076519 -0.060605 -1.221542
    43 0.679999 0.000001 0.000000 0.029119 -0.082748 -0.641951
    44 3.698016 0.273718 0.726617 0.249601 -0.110472 -0.989897
    45 1.748999 0.000000 -0.000002 0.020255 -0.017985 -1.043218
    46 0.959996 0.000000 0.000000 0.015675 -0.036226 -0.705571
    47 3.768499 0.151954 -0.072746 -0.036892 -0.086470 -0.864741
    48 2.037997 0.000002 -0.000003 -0.004272 0.001742 -1.428344
    49 1.066998 0.000000 -0.000001 -0.001429 0.005624 -0.566382
    50 3.783906 -0.023949 -0.794455 -0.349458 -0.067718 -0.756269
    51 1.629001 0.000002 0.000000 -0.062588 0.029671 -1.321899
    52 0.955999 0.000000 -0.000002 -0.031449 0.062230 -0.638366
    53 1.258940 -0.308543 -1.250054 1.287877 0.528954 -0.658787
    54 1.392999 0.000000 -0.000003 -0.001788 0.370555 0.932381
    55 1.099998 -0.000002 -0.000003 0.000000 -0.013127 -0.286815
    56 0.578998 0.704300 0.000000 0.000000 -1.570790 -3.044320
    57 2.577897 -4.075848 1.825547 1.570743 -1.473520 1.570850
    58 -2.577999 -4.075848 1.825549 1.570743 -1.473520 1.570850
    59 2.330669 -1.877754 0.104131 -1.861302 0.207908 -1.328386
  time 58
    0 -0.003395 0.004619 23.307130 1.203123 -0.000127 -0.002313
    1 0.001573 4.212781 -1.689849 1.577335 -0.246235 1.555408
    2 3.837410 0.000000 0.000000 0.004405 -0.014359 0.191899
    3 3.617862 0.000000 0.000000 0.003053 -0.013077 0.060521
    4 7.539774 0.000000 0.000000 0.000000 0.000000 0.155813
    5 3.178292 0.000001 0.000000 3.197970 -0.005499 -0.013895
    6 2.970271 0.000000 0.000001 -0.415907 -0.095689 0.154224
    7 -0.000002 0.000001 0.000000 -1.570796 0.000000 -1.326450
    8 2.023705 0.907460 0.852577 3.359687 -1.226908 1.181713
    9 4.983657 -0.000003 0.000000 -2.008772 -1.068444 -0.027109
    10 11.123049 -0.000003 0.000001 -0.000001 -0.000001 -0.787154
    11 11.208297 -0.000001 0.000013 1.746372 -0.073008 0.631655
    12 2.676087 -1.712447 0.000003 1.570795 0.000000 1.570797
    13 2.023707 0.907463 -0.852527 -1.942828 1.312337 -3.608739
    14 4.983657 -0.000004 0.000000 1.660966 0.247643 -0.422194
    15 11.123040 -0.000006 -0.000006 0.000000 0.000001 -0.776290
    16 11.208287 0.000000 -0.000016 -2.061406 0.319836 -0.259573
    17 2.676081 -1.712434 -0.000003 -1.570797 -0.000001 -1.570797
    18 3.984014 -0.000005 -0.000003 -2.553423 -1.456428 -0.286509
    19 15.940006 0.000002 0.000000 0.000000 0.000000 1.157768
    20 17.709558 0.000004 0.000002 -0.382750 -0.085011 -1.329332
    21 6.203996 0.000000 0.000001 -0.011146 0.000934 -0.500515
    22 -3.984013 0.000007 0.000007 -3.522678 -1.488971 0.227873
    23 15.940015 0.000000 0.000000 0.000000 0.000000 1.258024
    24 17.709572 -0.000006 0.000001 0.167628 0.182416 -1.376742
    25 6.204001 0.000003 -0.000001 -0.078651 -0.006185 -0.498943
    26 3.549240 0.198821 -1.489462 -0.029563 0.008258 -0.603609
    27 1.218999 -0.000001 0.000002 -0.077751 0.060305 -1.229324
    28 0.679998 -0.000001 -0.000001 -0.008097 0.087396 -0.389679
    29 3.698007 0.267555 -0.728972 -0.249768 0.111838 -0.980834
    30 1.749001 -0.000001 0.000003 -0.024254 0.014940 -1.202652
    31 0.959999 -0.000001 0.000001 -0.018897 0.034643 -0.762795
    32 3.768500 0.152546 0.071388 0.024952 0.089478 -0.986519
    33 2.037998 0.000001 0.000002 0.003944 -0.001347 -1.588022
    34 1.067001 0.000001 0.000002 0.001471 -0.006105 -0.623789
    35 3.783924 -0.017260 0.794558 0.335967 0.114815 -0.890172
    36 1.629002 -0.000001 0.000003 0.066898 -0.019754 -1.481370
    37 0.956000 0.000000 0.000001 0.035301 -0.060517 -0.695915
    38 1.258965 -0.297983 1.252590 -1.259248 -0.399118 -1.217035
    39 1.393001 0.000001 0.000000 0.001168 -0.135985 0.598243
    40 1.100002 0.000001 -0.000003 -0.117114 -0.231738 0.623462
    41 3.549266 0.211411 1.487664 0.415224 -0.090559 -0.830326
    42 1.218999 -0.000001 -0.000002 0.076519 -0.060605 -1.221542
    43 0.679999 0.000001 0.000000 0.029119 -0.082748 -0.641951
    44 3.698016 0.273718 0.726617 0.249553 -0.110582 -0.990153
    45 1.748999 0.000000 -0.000002 0.020255 -0.017985 -1.043218
    46 0.959996 0.000000 0.000000 0.015675 -0.036226 -0.705571
    47 3.768499 0.151954 -0.072746 -0.036940 -0.086578 -0.865008
    48 2.037997 0.000002 -0.000003 -0.004272 0.001742 -1.428344
    49 1.066998 0.000000 -0.000001 -0.001429 0.005624 -0.566382
    50 3.783906 -0.023949 -0.794455 -0.349530 -0.067811 -0.756530
    51 1.629001 0.000002 0.000000 -0.062588 0.029671 -1.321899
    52 0.955999 0.000000 -0.000002 -0.031449 0.062242 -0.638366
    53 1.258940 -0.308543 -1.250054 1.287790 0.528846 -0.659150
    54 1.392999 0.000000 -0.000003 -0.001788 0.370555 0.932381
    55 1.099998 -0.000002 -0.000003 0.000000 -0.013127 -0.286815
    56 0.578998 0.704300 0.000000 0.000000 -1.570790 -3.044320
    57 2.577897 -4.075848 1.825547 1.570743 -1.473520 1.570850
    58 -2.577999 -4.075848 1.825549 1.570743 -1.473520 1.570850
    59 2.330669 -1.877754 0.104131 -1.861302 0.207908 -1.328386
  time 59
    0 -0.003395 0.004619 23.307130 1.203217 -0.000036 -0.002121
    1 0.001573 4.212781 -1.689849 1.576975 -0.246067 1.555485
    2 3.837410 0.000000 0.000000 0.004878 -0.014075 0.192261
    3 3.617862 0.000000 0.000000 0.003541 -0.012835 0.060880
    4 7.539774 0.000000 0.000000 0.000000 0.000000 0.155813
    5 3.178292 0.000001 0.000000 3.201191 -0.006462 -0.012119
    6 2.970271 0.000000 0.000001 -0.420262 -0.095472 0.157093
    7 -0.000002 0.000001 0.000000 -1.570796 0.000000 -1.326450
    8 2.023705 0.907460 0.852577 3.363328 -1.229635 1.178646
    9 4.983657 -0.000003 0.000000 -2.011733 -1.072706 -0.023519
    10 11.123049 -0.000003 0.000001 -0.000001 -0.000001 -0.785133
    11 11.208297 -0.000001 0.000013 1.744838 -0.072833 0.630588
    12 2.676087 -1.712447 0.000003 1.570795 0.000000 1.570797
    13 2.023707 0.907463 -0.852527 -1.937183 1.311626 -3.603276
    14 4.983657 -0.000004 0.000000 1.663073 0.247022 -0.421060
    15 11.123040 -0.000006 -0.000006 0.000000 0.000001 -0.778818
    16 11.208287 0.000000 -0.000016 -2.062932 0.318432 -0.258770
    17 2.676081 -1.712434 -0.000003 -1.570797 -0.000001 -1.570797
    18 3.984014 -0.000005 -0.000003 -2.556106 -1.456502 -0.284210
    19 15.940006 0.000002 0.000000 0.000000 0.000000 1.158210
    20 17.709558 0.000004 0.000002 -0.383205 -0.085581 -1.328640
    21 6.203996 0.000000 0.000001 -0.011146 0.000934 -0.500515
    22 -3.984013 0.000007 0.000007 -3.525840 -1.489563 0.231706
    23 15.940015 0.000000 0.000000 0.000000 0.000000 1.257717
    24 17.709572 -0.000006 0.000001 0.167450 0.182726 -1.376988
    25 6.204001 0.000003 -0.000001 -0.078651 -0.006185 -0.498943
    26 3.549240 0.198821 -1.489462 -0.029623 0.008390 -0.604193
    27 1.218999 -0.000001 0.000002 -0.077919 0.060305 -1.229898
    28 0.679998 -0.000001 -0.000001 -0.008240 0.087396 -0.390305
    29 3.698007 0.267555 -0.728972 -0.249873 0.111939 -0.981408
    30 1.749001 -0.000001 0.000003 -0.024487 0.014988 -1.203194
    31 0.959999 -0.000001 0.000001 -0.019112 0.034535 -0.763337
    32 3.768500 0.152546 0.071388 0.024854 0.089586 -0.987111
    33 2.037998 0.000001 0.000002 0.003842 -0.001395 -1.588634
    34 1.067001 0.000001 0.000002 0.001417 -0.006201 -0.624372
    35 3.783924 -0.017260 0.794558 0.335867 0.114939 -0.890795
    36 1.629002 -0.000001 0.000003 0.066957 -0.019796 -1.481964
    37 0.956000 0.000000 0.000001 0.035409 -0.060529 -0.696506
    38 1.258965 -0.297983 1.252590 -1.259376 -0.399028 -1.217549
    39 1.393001 0.000001 0.000000 0.001168 -0.135408 0.598186
    40 1.100002 0.000001 -0.000003 -0.116778 -0.231248 0.623329
    41 3.549266 0.211411 1.487664 0.415162 -0.090683 -0.830618
    42 1.218999 -0.000001 -0.000002 0.076519 -0.060605 -1.221542
    43 0.679999 0.000001 0.000000 0.029119 -0.082748 -0.641951
    44 3.698016 0.273718 0.726617 0.249517 -0.110693 -0.990460
    45 1.748999 0.000000 -0.000002 0.020255 -0.017985 -1.043218
    46 0.959996 0.000000 0.000000 0.015675 -0.036226 -0.705571
    47 3.768499 0.151954 -0.072746 -0.037000 -0.086686 -0.865329
    48 2.037997 0.000002 -0.000003 -0.004272 0.001742 -1.428344
    49 1.066998 0.000000 -0.000001 -0.001429 0.005624 -0.566382
    50 3.783906 -0.023949 -0.794455 -0.349587 -0.067919 -0.756844
    51 1.629001 0.000002 0.000000 -0.062588 0.029671 -1.321899
    52 0.955999 0.000000 -0.000002 -0.031449 0.062230 -0.638366
    53 1.258940 -0.308543 -1.250054 1.287703 0.528759 -0.659512
    54 1.392999 0.000000 -0.000003 -0.001788 0.370555 0.932381
    55 1.099998 -0.000002 -0.000003 0.000000 -0.013127 -0.286815
    56 0.578998 0.704300 0.000000 0.000000 -1.570790 -3.044320
    57 2.577897 -4.075848 1.825547 1.570743 -1.473520 1.570850
    58 -2.577999 -4.075848 1.825549 1.570743 -1.473520 1.570850
    59 2.330669 -1.877754 0.104131 -1.861302 0.207908 -1.328386
  time 60
    0 -0.003395 0.004619 23.307130 1.203405 0.000009 -0.002025
    1 0.001573 4.212781 -1.689849 1.576571 -0.245920 1.555524
    2 3.837410 0.000000 0.000000 0.005337 -0.013775 0.192622
    3 3.617862 0.000000 0.000000 0.004028 -0.012578 0.061239
    4 7.539774 0.000000 0.000000 0.000000 0.000000 0.155813
    5 3.178292 0.000001 0.000000 3.204384 -0.007085 -0.010313
    6 2.970271 0.000000 0.000001 -0.424490 -0.094880 0.159916
    7 -0.000002 0.000001 0.000000 -1.570796 0.000000 -1.326450
    8 2.023705 0.907460 0.852577 3.366681 -1.232205 1.175771
    9 4.983657 -0.000003 0.000000 -2.014695 -1.076663 -0.019928
    10 11.123049 -0.000003 0.000001 -0.000001 -0.000001 -0.783392
    11 11.208297 -0.000001 0.000013 1.743400 -0.072658 0.629663
    12 2.676087 -1.712447 0.000003 1.570795 0.000000 1.570797
    13 2.023707 0.907463 -0.852527 -1.931824 1.310962 -3.598003
    14 4.983657 -0.000004 0.000000 1.665085 0.246354 -0.419926
    15 11.123040 -0.000006 -0.000006 0.000000 0.000001 -0.781408
    16 11.208287 0.000000 -0.000016 -2.064457 0.317122 -0.257894
    17 2.676081 -1.712434 -0.000003 -1.570797 -0.000001 -1.570797
    18 3.984014 -0.000005 -0.000003 -2.559269 -1.456540 -0.281431
    19 15.940006 0.000002 0.000000 0.000000 0.000000 1.158578
    20 17.709558 0.000004 0.000002 -0.383660 -0.086044 -1.327948
    21 6.203996 0.000000 0.000001 -0.011146 0.000934 -0.500515
    22 -3.984013 0.000007 0.000007 -3.528908 -1.490156 0.235443
    23 15.940015 0.000000 0.000000 0.000000 0.000000 1.257411
    24 17.709572 -0.000006 0.000001 0.167391 0.183106 -1.377233
    25 6.204001 0.000003 -0.000001 -0.078651 -0.006185 -0.498943
    26 3.549240 0.198821 -1.489462 -0.029684 0.008522 -0.604777
    27 1.218999 -0.000001 0.000002 -0.078088 0.060317 -1.230525
    28 0.679998 -0.000001 -0.000001 -0.008365 0.087396 -0.390890
    29 3.698007 0.267555 -0.728972 -0.249978 0.112054 -0.982030
    30 1.749001 -0.000001 0.000003 -0.024739 0.015048 -1.203736
    31 0.959999 -0.000001 0.000001 -0.019327 0.034415 -0.763879
    32 3.768500 0.152546 0.071388 0.024756 0.089694 -0.987703
    33 2.037998 0.000001 0.000002 0.003740 -0.001443 -1.589195
    34 1.067001 0.000001 0.000002 0.001381 -0.006308 -0.624956
    35 3.783924 -0.017260 0.794558 0.335767 0.115062 -0.891370
    36 1.629002 -0.000001 0.000003 0.067036 -0.019838 -1.482558
    37 0.956000 0.000000 0.000001 0.035517 -0.060541 -0.697128
    38 1.258965 -0.297983 1.252590 -1.259505 -0.398939 -1.218063
    39 1.393001 0.000001 0.000000 0.001168 -0.134796 0.598100
    40 1.100002 0.000001 -0.000003 -0.116419 -0.230737 0.623196
    41 3.549266 0.211411 1.487664 0.415099 -0.090766 -0.830909
    42 1.218999 -0.000001 -0.000002 0.076519 -0.060605 -1.221542
    43 0.679999 0.000001 0.000000 0.029119 -0.082748 -0.641951
    44 3.698016 0.273718 0.726617 0.249481 -0.110817 -0.990767
    45 1.748999 0.000000 -0.000002 0.020255 -0.017985 -1.043218
    46 0.959996 0.000000 0.000000 0.015675 -0.036226 -0.705571
    47 3.768499 0.151954 -0.072746 -0.037048 -0.086794 -0.865597
    48 2.037997 0.000002 -0.000003 -0.004272 0.001742 -1.428344
    49 1.066998 0.000000 -0.000001 -0.001429 0.005624 -0.566382
    50 3.783906 -0.023949 -0.794455 -0.349658 -0.068027 -0.757106
    51 1.629001 0.000002 0.000000 -0.062588 0.029671 -1.321899
    52 0.955999 0.000000 -0.000002 -0.031449 0.062242 -0.638366
    53 1.258940 -0.308543 -1.250054 1.287617 0.528650 -0.659838
    54 1.392999 0.000000 -0.000003 -0.001788 0.370555 0.932381
    55 1.099998 -0.000002 -0.000003 0.000000 -0.013127 -0.286815
    56 0.578998 0.704300 0.000000 0.000000 -1.570790 -3.044320
    57 2.577897 -4.075848 1.825547 1.570743 -1.473520 1.570850
    58 -2.577999 -4.075848 1.825549 1.570743 -1.473520 1.570850
    59 2.330669 -1.877754 0.104131 -1.861302 0.207908 -1.328386
  time 61
    0 -0.003395 0.004619 23.307130 1.203593 0.000145 -0.001833
    1 0.001573 4.212781 -1.689849 1.576189 -0.245774 1.555601
    2 3.837410 0.000000 0.000000 0.005810 -0.013475 0.192984
    3 3.617862 0.000000 0.000000 0.004515 -0.012305 0.061615
    4 7.539774 0.000000 0.000000 0.000000 0.000000 0.155813
    5 3.178292 0.000001 0.000000 3.207604 -0.007787 -0.008421
    6 2.970271 0.000000 0.000001 -0.428676 -0.094328 0.162875
    7 -0.000002 0.000001 0.000000 -1.570796 0.000000 -1.326450
    8 2.023705 0.907460 0.852577 3.369746 -1.234695 1.173184
    9 4.983657 -0.000003 0.000000 -2.017656 -1.080366 -0.016527
    10 11.123049 -0.000003 0.000001 -0.000001 -0.000001 -0.781820
    11 11.208297 -0.000001 0.000013 1.741962 -0.072482 0.628809
    12 2.676087 -1.712447 0.000003 1.570795 0.000000 1.570797
    13 2.023707 0.907463 -0.852527 -1.926848 1.310393 -3.593114
    14 4.983657 -0.000004 0.000000 1.667001 0.245686 -0.418981
    15 11.123040 -0.000006 -0.000006 0.000000 0.000001 -0.783999
    16 11.208287 0.000000 -0.000016 -2.065804 0.315905 -0.257092
    17 2.676081 -1.712434 -0.000003 -1.570797 -0.000001 -1.570797
    18 3.984014 -0.000005 -0.000003 -2.562911 -1.456502 -0.278269
    19 15.940006 0.000002 0.000000 0.000000 0.000000 1.159020
    20 17.709558 0.000004 0.000002 -0.383888 -0.086365 -1.327255
    21 6.203996 0.000000 0.000001 -0.011146 0.000934 -0.500515
    22 -3.984013 0.000007 0.000007 -3.531975 -1.490748 0.239085
    23 15.940015 0.000000 0.000000 0.000000 0.000000 1.257104
    24 17.709572 -0.000006 0.000001 0.167391 0.183623 -1.377479
    25 6.204001 0.000003 -0.000001 -0.078651 -0.006185 -0.498943
    26 3.549240 0.198821 -1.489462 -0.029744 0.008681 -0.605361
    27 1.218999 -0.000001 0.000002 -0.078256 0.060329 -1.231099
    28 0.679998 -0.000001 -0.000001 -0.008526 0.087381 -0.391516
    29 3.698007 0.267555 -0.728972 -0.250084 0.112169 -0.982604
    30 1.749001 -0.000001 0.000003 -0.024991 0.015108 -1.204277
    31 0.959999 -0.000001 0.000001 -0.019561 0.034295 -0.764463
    32 3.768500 0.152546 0.071388 0.024641 0.089814 -0.988295
    33 2.037998 0.000001 0.000002 0.003658 -0.001503 -1.589807
    34 1.067001 0.000001 0.000002 0.001326 -0.006416 -0.625582
    35 3.783924 -0.017260 0.794558 0.335667 0.115186 -0.891994
    36 1.629002 -0.000001 0.000003 0.067116 -0.019859 -1.483198
    37 0.956000 0.000000 0.000001 0.035603 -0.060553 -0.697719
    38 1.258965 -0.297983 1.252590 -1.259675 -0.398872 -1.218614
    39 1.393001 0.000001 0.000000 0.001150 -0.134183 0.598043
    40 1.100002 0.000001 -0.000003 -0.116071 -0.230248 0.623018
    41 3.549266 0.211411 1.487664 0.415052 -0.090869 -0.831201
    42 1.218999 -0.000001 -0.000002 0.076519 -0.060605 -1.221542
    43 0.679999 0.000001 0.000000 0.029119 -0.082748 -0.641951
    44 3.698016 0.273718 0.726617 0.249445 -0.110914 -0.991023
    45 1.748999 0.000000 -0.000002 0.020255 -0.017985 -1.043218
    46 0.959996 0.000000 0.000000 0.015675 -0.036226 -0.705571
    47 3.768499 0.151954 -0.072746 -0.037096 -0.086889 -0.865864
    48 2.037997 0.000002 -0.000003 -0.004272 0.001742 -1.428344
    49 1.066998 0.000000 -0.000001 -0.001429 0.005624 -0.566382
    50 3.783906 -0.023949 -0.794455 -0.349730 -0.068136 -0.757420
    51 1.629001 0.000002 0.000000 -0.062588 0.029671 -1.321899
    52 0.955999 0.000000 -0.000002 -0.031449 0.062230 -0.638366
    53 1.258940 -0.308543 -1.250054 1.287530 0.528564 -0.660164
    54 1.392999 0.000000 -0.000003 -0.001788 0.370555 0.932381
    55 1.099998 -0.000002 -0.000003 0.000000 -0.013127 -0.286815
    56 0.578998 0.704300 0.000000 0.000000 -1.570790 -3.044320
    57 2.577897 -4.075848 1.825547 1.570743 -1.473520 1.570850
    58 -2.577999 -4.075848 1.825549 1.570743 -1.473520 1.570850
    59 2.330669 -1.877754 0.104131 -1.861302 0.207908 -1.328386
  time 62
    0 -0.003395 0.004619 23.307130 1.203781 0.000235 -0.001738
    1 0.001573 4.212781 -1.689849 1.575807 -0.245690 1.555678
    2 3.837410 0.000000 0.000000 0.006269 -0.013175 0.193361
    3 3.617862 0.000000 0.000000 0.004990 -0.012033 0.061974
    4 7.539774 0.000000 0.000000 0.000000 0.000000 0.155813
    5 3.178292 0.000001 0.000000 3.211139 -0.009011 -0.006266
    6 2.970271 0.000000 0.000001 -0.433200 -0.094190 0.166198
    7 -0.000002 0.000001 0.000000 -1.570796 0.000000 -1.326450
    8 2.023705 0.907460 0.852577 3.372620 -1.237027 1.170788
    9 4.983657 -0.000003 0.000000 -2.020618 -1.083714 -0.013125
    10 11.123049 -0.000003 0.000001 -0.000001 -0.000001 -0.780753
    11 11.208297 -0.000001 0.000013 1.740715 -0.072307 0.628240
    12 2.676087 -1.712447 0.000003 1.570795 0.000000 1.570797
    13 2.023707 0.907463 -0.852527 -1.922254 1.309966 -3.588705
    14 4.983657 -0.000004 0.000000 1.668917 0.244778 -0.418130
    15 11.123040 -0.000006 -0.000006 0.000000 0.000001 -0.786779
    16 11.208287 0.000000 -0.000016 -2.067150 0.314782 -0.256216
    17 2.676081 -1.712434 -0.000003 -1.570797 -0.000001 -1.570797
    18 3.984014 -0.000005 -0.000003 -2.567033 -1.456391 -0.274819
    19 15.940006 0.000002 0.000000 0.000000 0.000000 1.159462
    20 17.709558 0.000004 0.000002 -0.384040 -0.086578 -1.326649
    21 6.203996 0.000000 0.000001 -0.011146 0.000934 -0.500515
    22 -3.984013 0.000007 0.000007 -3.535042 -1.491242 0.242726
    23 15.940015 0.000000 0.000000 0.000000 0.000000 1.256721
    24 17.709572 -0.000006 0.000001 0.167450 0.184175 -1.377725
    25 6.204001 0.000003 -0.000001 -0.078651 -0.006185 -0.498943
    26 3.549240 0.198821 -1.489462 -0.029785 0.008813 -0.605945
    27 1.218999 -0.000001 0.000002 -0.078425 0.060329 -1.231726
    28 0.679998 -0.000001 -0.000001 -0.008669 0.087381 -0.392100
    29 3.698007 0.267555 -0.728972 -0.250189 0.112284 -0.983226
    30 1.749001 -0.000001 0.000003 -0.025263 0.015168 -1.204868
    31 0.959999 -0.000001 0.000001 -0.019795 0.034175 -0.765047
    32 3.768500 0.152546 0.071388 0.024542 0.089921 -0.988887
    33 2.037998 0.000001 0.000002 0.003556 -0.001551 -1.590419
    34 1.067001 0.000001 0.000002 0.001272 -0.006512 -0.626165
    35 3.783924 -0.017260 0.794558 0.335587 0.115309 -0.892569
    36 1.629002 -0.000001 0.000003 0.067195 -0.019880 -1.483792
    37 0.956000 0.000000 0.000001 0.035690 -0.060565 -0.698341
    38 1.258965 -0.297983 1.252590 -1.259803 -0.398782 -1.219165
    39 1.393001 0.000001 0.000000 0.001133 -0.133588 0.597957
    40 1.100002 0.000001 -0.000003 -0.115724 -0.229737 0.622885
    41 3.549266 0.211411 1.487664 0.415005 -0.090972 -0.831444
    42 1.218999 -0.000001 -0.000002 0.076519 -0.060605 -1.221542
    43 0.679999 0.000001 0.000000 0.029119 -0.082748 -0.641951
    44 3.698016 0.273718 0.726617 0.249397 -0.111025 -0.991279
    45 1.748999 0.000000 -0.000002 0.020255 -0.017985 -1.043218
    46 0.959996 0.000000 0.000000 0.015675 -0.036226 -0.705571
    47 3.768499 0.151954 -0.072746 -0.037155 -0.086985 -0.866132
    48 2.037997 0.000002 -0.000003 -0.004272 0.001742 -1.428344
    49 1.066998 0.000000 -0.000001 -0.001429 0.005624 -0.566382
    50 3.783906 -0.023949 -0.794455 -0.349773 -0.068229 -0.757681
    51 1.629001 0.000002 0.000000 -0.062588 0.029671 -1.321899
    52 0.955999 0.000000 -0.000002 -0.031449 0.062230 -0.638366
    53 1.258940 -0.308543 -1.250054 1.287486 0.528477 -0.660454
    54 1.392999 0.000000 -0.000003 -0.001788 0.370555 0.932381
    55 1.099998 -0.000002 -0.000003 0.000000 -0.013127 -0.286815
    56 0.578998 0.704300 0.000000 0.000000 -1.570790 -3.044320
    57 2.577897 -4.075848 1.825547 1.570743 -1.473520 1.570850
    58 -2.577999 -4.075848 1.825549 1.570743 -1.473520 1.570850
    59 2.330669 -1.877754 0.104131 -1.861302 0.207908 -1.328386
  time 63
    0 -0.003395 0.004619 23.307130 1.203876 0.000280 -0.001546
    1 0.001573 4.212781 -1.689849 1.575469 -0.245690 1.555678
    2 3.837410 0.000000 0.000000 0.006701 -0.012875 0.193739
    3 3.617862 0.000000 0.000000 0.005451 -0.011761 0.062333
    4 7.539774 0.000000 0.000000 0.000000 0.000000 0.155813
    5 3.178292 0.000001 0.000000 3.215072 -0.010918 -0.004170
    6 2.970271 0.000000 0.000001 -0.438189 -0.094644 0.169659
    7 -0.000002 0.000001 0.000000 -1.570796 0.000000 -1.326450
    8 2.023705 0.907460 0.852577 3.375111 -1.239162 1.168679
    9 4.983657 -0.000003 0.000000 -2.023484 -1.086606 -0.009724
    10 11.123049 -0.000003 0.000001 -0.000001 -0.000001 -0.780192
    11 11.208297 -0.000001 0.000013 1.739469 -0.072087 0.627884
    12 2.676087 -1.712447 0.000003 1.570795 0.000000 1.570797
    13 2.023707 0.907463 -0.852527 -1.918140 1.309635 -3.584775
    14 4.983657 -0.000004 0.000000 1.670641 0.243776 -0.417374
    15 11.123040 -0.000006 -0.000006 0.000000 0.000001 -0.789622
    16 11.208287 0.000000 -0.000016 -2.068317 0.313753 -0.255267
    17 2.676081 -1.712434 -0.000003 -1.570797 -0.000001 -1.570797
    18 3.984014 -0.000005 -0.000003 -2.571633 -1.456242 -0.270890
    19 15.940006 0.000002 0.000000 0.000000 0.000000 1.159831
    20 17.709558 0.000004 0.000002 -0.384040 -0.086649 -1.325957
    21 6.203996 0.000000 0.000001 -0.011146 0.000934 -0.500515
    22 -3.984013 0.000007 0.000007 -3.538013 -1.491686 0.246176
    23 15.940015 0.000000 0.000000 0.000000 0.000000 1.256414
    24 17.709572 -0.000006 0.000001 0.167628 0.184865 -1.377970
    25 6.204001 0.000003 -0.000001 -0.078651 -0.006185 -0.498943
    26 3.549240 0.198821 -1.489462 -0.029845 0.008971 -0.606578
    27 1.218999 -0.000001 0.000002 -0.078593 0.060341 -1.232300
    28 0.679998 -0.000001 -0.000001 -0.008811 0.087381 -0.392727
    29 3.698007 0.267555 -0.728972 -0.250294 0.112399 -0.983847
    30 1.749001 -0.000001 0.000003 -0.025515 0.015216 -1.205410
    31 0.959999 -0.000001 0.000001 -0.020029 0.034056 -0.765589
    32 3.768500 0.152546 0.071388 0.024428 0.090041 -0.989479
    33 2.037998 0.000001 0.000002 0.003454 -0.001611 -1.591031
    34 1.067001 0.000001 0.000002 0.001236 -0.006620 -0.626791
    35 3.783924 -0.017260 0.794558 0.335487 0.115433 -0.893192
    36 1.629002 -0.000001 0.000003 0.067275 -0.019922 -1.484431
    37 0.956000 0.000000 0.000001 0.035798 -0.060577 -0.698963
    38 1.258965 -0.297983 1.252590 -1.259932 -0.398693 -1.219716
    39 1.393001 0.000001 0.000000 0.001133 -0.132958 0.597900
    40 1.100002 0.000001 -0.000003 -0.115364 -0.229226 0.622752
    41 3.549266 0.211411 1.487664 0.414957 -0.091055 -0.831687
    42 1.218999 -0.000001 -0.000002 0.076519 -0.060605 -1.221542
    43 0.679999 0.000001 0.000000 0.029119 -0.082748 -0.641951
    44 3.698016 0.273718 0.726617 0.249361 -0.111108 -0.991535
    45 1.748999 0.000000 -0.000002 0.020255 -0.017985 -1.043218
    46 0.959996 0.000000 0.000000 0.015675 -0.036226 -0.705571
    47 3.768499 0.151954 -0.072746 -0.037203 -0.087081 -0.866399
    48 2.037997 0.000002 -0.000003 -0.004272 0.001742 -1.428344
    49 1.066998 0.000000 -0.000001 -0.001429 0.005624 -0.566382
    50 3.783906 -0.023949 -0.794455 -0.349844 -0.068306 -0.757943
    51 1.629001 0.000002 0.000000 -0.062588 0.029671 -1.321899
    52 0.955999 0.000000 -0.000002 -0.031449 0.062230 -0.638366
    53 1.258940 -0.308543 -1.250054 1.287399 0.528412 -0.660744
    54 1.392999 0.000000 -0.000003 -0.001788 0.370555 0.932381
    55 1.099998 -0.000002 -0.000003 0.000000 -0.013127 -0.286815
    56 0.578998 0.704300 0.000000 0.000000 -1.570790 -3.044320
    57 2.577897 -4.075848 1.825547 1.570743 -1.473520 1.570850
    58 -2.577999 -4.075848 1.825549 1.570743 -1.473520 1.570850
    59 2.330669 -1.877754 0.104131 -1.861302 0.207908 -1.328386
  time 64
    0 -0.003395 0.004619 23.307130 1.204064 0.000371 -0.001354
    1 0.001573 4.212781 -1.689849 1.575155 -0.245648 1.555678
    2 3.837410 0.000000 0.000000 0.007120 -0.012591 0.194084
    3 3.617862 0.000000 0.000000 0.005900 -0.011503 0.062692
    4 7.539774 0.000000 0.000000 0.000000 0.000000 0.155813
    5 3.178292 0.000001 0.000000 3.218122 -0.012222 -0.002510
    6 2.970271 0.000000 0.000001 -0.442163 -0.094722 0.172436
    7 -0.000002 0.000001 0.000000 -1.570796 0.000000 -1.326450
    8 2.023705 0.907460 0.852577 3.377218 -1.241139 1.166858
    9 4.983657 -0.000003 0.000000 -2.026254 -1.089396 -0.006511
    10 11.123049 -0.000003 0.000001 -0.000001 -0.000001 -0.779574
    11 11.208297 -0.000001 0.000013 1.738414 -0.071912 0.627528
    12 2.676087 -1.712447 0.000003 1.570795 0.000000 1.570797
    13 2.023707 0.907463 -0.852527 -1.914407 1.309492 -3.581420
    14 4.983657 -0.000004 0.000000 1.672174 0.242774 -0.416902
    15 11.123040 -0.000006 -0.000006 0.000000 0.000001 -0.792149
    16 11.208287 0.000000 -0.000016 -2.069394 0.312910 -0.254537
    17 2.676081 -1.712434 -0.000003 -1.570797 -0.000001 -1.570797
    18 3.984014 -0.000005 -0.000003 -2.576426 -1.456018 -0.266962
    19 15.940006 0.000002 0.000000 0.000000 0.000000 1.160199
    20 17.709558 0.000004 0.000002 -0.383964 -0.086649 -1.325438
    21 6.203996 0.000000 0.000001 -0.011146 0.000934 -0.500515
    22 -3.984013 0.000007 0.000007 -3.540888 -1.492130 0.249339
    23 15.940015 0.000000 0.000000 0.000000 0.000000 1.256031
    24 17.709572 -0.000006 0.000001 0.167806 0.185590 -1.378167
    25 6.204001 0.000003 -0.000001 -0.078651 -0.006185 -0.498943
    26 3.549240 0.198821 -1.489462 -0.029906 0.009103 -0.607162
    27 1.218999 -0.000001 0.000002 -0.078762 0.060341 -1.232927
    28 0.679998 -0.000001 -0.000001 -0.008954 0.087381 -0.393311
    29 3.698007 0.267555 -0.728972 -0.250399 0.112514 -0.984421
    30 1.749001 -0.000001 0.000003 -0.025767 0.015276 -1.205952
    31 0.959999 -0.000001 0.000001 -0.020244 0.033936 -0.766173
    32 3.768500 0.152546 0.071388 0.024329 0.090149 -0.990121
    33 2.037998 0.000001 0.000002 0.003352 -0.001671 -1.591643
    34 1.067001 0.000001 0.000002 0.001200 -0.006716 -0.627375
    35 3.783924 -0.017260 0.794558 0.335387 0.115556 -0.893815
    36 1.629002 -0.000001 0.000003 0.067354 -0.019964 -1.485025
    37 0.956000 0.000000 0.000001 0.035906 -0.060589 -0.699554
    38 1.258965 -0.297983 1.252590 -1.260102 -0.398604 -1.220230
    39 1.393001 0.000001 0.000000 0.001133 -0.132363 0.597814
    40 1.100002 0.000001 -0.000003 -0.115029 -0.228715 0.622574
    41 3.549266 0.211411 1.487664 0.414895 -0.091137 -0.831930
    42 1.218999 -0.000001 -0.000002 0.076519 -0.060605 -1.221542
    43 0.679999 0.000001 0.000000 0.029119 -0.082748 -0.641951
    44 3.698016 0.273718 0.726617 0.249337 -0.111204 -0.991791
    45 1.748999 0.000000 -0.000002 0.020255 -0.017985 -1.043218
    46 0.959996 0.000000 0.000000 0.015675 -0.036226 -0.705571
    47 3.768499 0.151954 -0.072746 -0.037239 -0.087165 -0.866613
    48 2.037997 0.000002 -0.000003 -0.004272 0.001742 -1.428344
    49 1.066998 0.000000 -0.000001 -0.001429 0.005624 -0.566382
    50 3.783906 -0.023949 -0.794455 -0.349887 -0.068399 -0.758152
    51 1.629001 0.000002 0.000000 -0.062600 0.029671 -1.321899
    52 0.955999 0.000000 -0.000002 -0.031449 0.062230 -0.638366
    53 1.258940 -0.308543 -1.250054 1.287313 0.528325 -0.661034
    54 1.392999 0.000000 -0.000003 -0.001788 0.370555 0.932381
    55 1.099998 -0.000002 -0.000003 0.000000 -0.013127 -0.286815
    56 0.578998 0.704300 0.000000 0.000000 -1.570790 -3.044320
    57 2.577897 -4.075848 1.825547 1.570743 -1.473520 1.570850
    58 -2.577999 -4.075848 1.825549 1.570743 -1.473520 1.570850
    59 2.330669 -1.877754 0.104131 -1.861302 0.207908 -1.328386
  time 65
    0 -0.003395 0.004619 23.307130 1.204252 0.000462 -0.001258
    1 0.001573 4.212781 -1.689849 1.575020 -0.245627 1.555639
    2 3.837410 0.000000 0.000000 0.007538 -0.012306 0.194429
    3 3.617862 0.000000 0.000000 0.006324 -0.011246 0.063033
    4 7.539774 0.000000 0.000000 0.000000 0.000000 0.155813
    5 3.178292 0.000001 0.000000 3.220916 -0.013186 -0.001084
    6 2.970271 0.000000 0.000001 -0.445884 -0.094565 0.174940
    7 -0.000002 0.000001 0.000000 -1.570796 0.000000 -1.326450
    8 2.023705 0.907460 0.852577 3.378943 -1.242878 1.165517
    9 4.983657 -0.000003 0.000000 -2.028929 -1.092084 -0.003393
    10 11.123049 -0.000003 0.000001 -0.000001 -0.000001 -0.778957
    11 11.208297 -0.000001 0.000013 1.737456 -0.071780 0.627244
    12 2.676087 -1.712447 0.000003 1.570795 0.000000 1.570797
    13 2.023707 0.907463 -0.852527 -1.911345 1.309445 -3.578736
    14 4.983657 -0.000004 0.000000 1.673707 0.241532 -0.416618
    15 11.123040 -0.000006 -0.000006 0.000000 0.000001 -0.794613
    16 11.208287 0.000000 -0.000016 -2.070292 0.312115 -0.253808
    17 2.676081 -1.712434 -0.000003 -1.570797 -0.000001 -1.570797
    18 3.984014 -0.000005 -0.000003 -2.581505 -1.455720 -0.262841
    19 15.940006 0.000002 0.000000 0.000000 0.000000 1.160494
    20 17.709558 0.000004 0.000002 -0.383812 -0.086507 -1.324919
    21 6.203996 0.000000 0.000001 -0.011146 0.000934 -0.500515
    22 -3.984013 0.000007 0.000007 -3.543476 -1.492476 0.252309
    23 15.940015 0.000000 0.000000 0.000000 0.000000 1.255724
    24 17.709572 -0.000006 0.000001 0.168103 0.186383 -1.378364
    25 6.204001 0.000003 -0.000001 -0.078651 -0.006185 -0.498943
    26 3.549240 0.198821 -1.489462 -0.029946 0.009236 -0.607698
    27 1.218999 -0.000001 0.000002 -0.078915 0.060341 -1.233501
    28 0.679998 -0.000001 -0.000001 -0.009097 0.087381 -0.393937
    29 3.698007 0.267555 -0.728972 -0.250504 0.112614 -0.985043
    30 1.749001 -0.000001 0.000003 -0.026019 0.015336 -1.206494
    31 0.959999 -0.000001 0.000001 -0.020459 0.033828 -0.766715
    32 3.768500 0.152546 0.071388 0.024231 0.090257 -0.990664
    33 2.037998 0.000001 0.000002 0.003270 -0.001719 -1.592204
    34 1.067001 0.000001 0.000002 0.001145 -0.006812 -0.627958
    35 3.783924 -0.017260 0.794558 0.335307 0.115664 -0.894390
    36 1.629002 -0.000001 0.000003 0.067433 -0.019985 -1.485619
    37 0.956000 0.000000 0.000001 0.035993 -0.060601 -0.700145
    38 1.258965 -0.297983 1.252590 -1.260230 -0.398514 -1.220744
    39 1.393001 0.000001 0.000000 0.001115 -0.131786 0.597756
    40 1.100002 0.000001 -0.000003 -0.114681 -0.228247 0.622441
    41 3.549266 0.211411 1.487664 0.414847 -0.091220 -0.832125
    42 1.218999 -0.000001 -0.000002 0.076519 -0.060605 -1.221542
    43 0.679999 0.000001 0.000000 0.029119 -0.082748 -0.641951
    44 3.698016 0.273718 0.726617 0.249301 -0.111287 -0.991996
    45 1.748999 0.000000 -0.000002 0.020255 -0.017985 -1.043218
    46 0.959996 0.000000 0.000000 0.015675 -0.036226 -0.705571
    47 3.768499 0.151954 -0.072746 -0.037275 -0.087237 -0.866827
    48 2.037997 0.000002 -0.000003 -0.004272 0.001742 -1.428344
    49 1.066998 0.000000 -0.000001 -0.001429 0.005624 -0.566382
    50 3.783906 -0.023949 -0.794455 -0.349945 -0.068476 -0.758361
    51 1.629001 0.000002 0.000000 -0.062588 0.029671 -1.321899
    52 0.955999 0.000000 -0.000002 -0.031449 0.062242 -0.638366
    53 1.258940 -0.308543 -1.250054 1.287269 0.528260 -0.661252
    54 1.392999 0.000000 -0.000003 -0.001788 0.370555 0.932381
    55 1.099998 -0.000002 -0.000003 0.000000 -0.013127 -0.286815
    56 0.578998 0.704300 0.000000 0.000000 -1.570790 -3.044320
    57 2.577897 -4.075848 1.825547 1.570743 -1.473520 1.570850
    58 -2.577999 -4.075848 1.825549 1.570743 -1.473520 1.570850
    59 2.330669 -1.877754 0.104131 -1.861302 0.207908 -1.328386
  time 66
    0 -0.003395 0.004619 23.307130 1.204346 0.000507 -0.001067
    1 0.001573 4.212781 -1.689849 1.575065 -0.245585 1.555678
    2 3.837410 0.000000 0.000000 0.007917 -0.012038 0.194758
    3 3.617862 0.000000 0.000000 0.006734 -0.010989 0.063341
    4 7.539774 0.000000 0.000000 0.000000 0.000000 0.155813
    5 3.178292 0.000001 0.000000 3.223367 -0.013969 0.000197
    6 2.970271 0.000000 0.000001 -0.449351 -0.094348 0.177171
    7 -0.000002 0.000001 0.000000 -1.570796 0.000000 -1.326450
    8 2.023705 0.907460 0.852577 3.380092 -1.244380 1.164558
    9 4.983657 -0.000003 0.000000 -2.031509 -1.094773 -0.000370
    10 11.123049 -0.000003 0.000001 -0.000001 -0.000001 -0.778283
    11 11.208297 -0.000001 0.000013 1.736689 -0.071648 0.626959
    12 2.676087 -1.712447 0.000003 1.570795 0.000000 1.570797
    13 2.023707 0.907463 -0.852527 -1.909049 1.309587 -3.576818
    14 4.983657 -0.000004 0.000000 1.675048 0.239957 -0.416524
    15 11.123040 -0.000006 -0.000006 0.000000 0.000001 -0.797014
    16 11.208287 0.000000 -0.000016 -2.071099 0.311507 -0.253224
    17 2.676081 -1.712434 -0.000003 -1.570797 -0.000001 -1.570797
    18 3.984014 -0.000005 -0.000003 -2.586777 -1.455385 -0.258529
    19 15.940006 0.000002 0.000000 0.000000 0.000000 1.160789
    20 17.709558 0.000004 0.000002 -0.383509 -0.086222 -1.324486
    21 6.203996 0.000000 0.000001 -0.011146 0.000934 -0.500515
    22 -3.984013 0.000007 0.000007 -3.545968 -1.492821 0.255088
    23 15.940015 0.000000 0.000000 0.000000 0.000000 1.255341
    24 17.709572 -0.000006 0.000001 0.168458 0.187245 -1.378560
    25 6.204001 0.000003 -0.000001 -0.078651 -0.006185 -0.498943
    26 3.549240 0.198821 -1.489462 -0.030006 0.009368 -0.608233
    27 1.218999 -0.000001 0.000002 -0.079083 0.060353 -1.234023
    28 0.679998 -0.000001 -0.000001 -0.009222 0.087366 -0.394480
    29 3.698007 0.267555 -0.728972 -0.250592 0.112730 -0.985570
    30 1.749001 -0.000001 0.000003 -0.026251 0.015384 -1.207035
    31 0.959999 -0.000001 0.000001 -0.020674 0.033720 -0.767215
    32 3.768500 0.152546 0.071388 0.024116 0.090353 -0.991256
    33 2.037998 0.000001 0.000002 0.003188 -0.001767 -1.592765
    34 1.067001 0.000001 0.000002 0.001109 -0.006920 -0.628500
    35 3.783924 -0.017260 0.794558 0.335207 0.115788 -0.894917
    36 1.629002 -0.000001 0.000003 0.067513 -0.020027 -1.486168
    37 0.956000 0.000000 0.000001 0.036079 -0.060613 -0.700705
    38 1.258965 -0.297983 1.252590 -1.260358 -0.398447 -1.221259
    39 1.393001 0.000001 0.000000 0.001115 -0.131210 0.597699
    40 1.100002 0.000001 -0.000003 -0.114358 -0.227779 0.622308
    41 3.549266 0.211411 1.487664 0.414816 -0.091282 -0.832319
    42 1.218999 -0.000001 -0.000002 0.076519 -0.060605 -1.221542
    43 0.679999 0.000001 0.000000 0.029119 -0.082748 -0.641951
    44 3.698016 0.273718 0.726617 0.249277 -0.111356 -0.992201
    45 1.748999 0.000000 -0.000002 0.020255 -0.017985 -1.043218
    46 0.959996 0.000000 0.000000 0.015675 -0.036226 -0.705571
    47 3.768499 0.151954 -0.072746 -0.037323 -0.087321 -0.867041
    48 2.037997 0.000002 -0.000003 -0.004272 0.001742 -1.428344
    49 1.066998 0.000000 -0.000001 -0.001429 0.005624 -0.566382
    50 3.783906 -0.023949 -0.794455 -0.349973 -0.068445 -0.758571
    51 1.629001 0.000002 0.000000 -0.062588 0.029671 -1.321899
    52 0.955999 0.000000 -0.000002 -0.031449 0.062242 -0.638366
    53 1.258940 -0.308543 -1.250054 1.287182 0.528195 -0.661505
    54 1.392999 0.000000 -0.000003 -0.001788 0.370555 0.932381
    55 1.099998 -0.000002 -0.000003 0.000000 -0.013127 -0.286815
    56 0.578998 0.704300 0.000000 0.000000 -1.570790 -3.044320
    57 2.577897 -4.075848 1.825547 1.570743 -1.473520 1.570850
    58 -2.577999 -4.075848 1.825549 1.570743 -1.473520 1.570850
    59 2.330669 -1.877754 0.104131 -1.861302 0.207908 -1.328386
  time 67
    0 -0.003395 0.004619 23.307130 1.204534 0.000552 -0.000875
    1 0.001573 4.212781 -1.689849 1.574638 -0.245564 1.555717
    2 3.837410 0.000000 0.000000 0.008268 -0.011770 0.195070
    3 3.617862 0.000000 0.000000 0.007106 -0.010747 0.063666
    4 7.539774 0.000000 0.000000 0.000000 0.000000 0.155813
    5 3.178292 0.000001 0.000000 3.225476 -0.014591 0.001275
    6 2.970271 0.000000 0.000001 -0.451887 -0.093874 0.179128
    7 -0.000002 0.000001 0.000000 -1.570796 0.000000 -1.326450
    8 2.023705 0.907460 0.852577 3.380763 -1.245645 1.163983
    9 4.983657 -0.000003 0.000000 -2.033419 -1.096041 0.001803
    10 11.123049 -0.000003 0.000001 -0.000001 -0.000001 -0.778564
    11 11.208297 -0.000001 0.000013 1.736018 -0.071473 0.626959
    12 2.676087 -1.712447 0.000003 1.570795 0.000000 1.570797
    13 2.023707 0.907463 -0.852527 -1.907326 1.309966 -3.575572
    14 4.983657 -0.000004 0.000000 1.675814 0.238811 -0.416713
    15 11.123040 -0.000006 -0.000006 0.000000 0.000001 -0.799415
    16 11.208287 0.000000 -0.000016 -2.071817 0.311086 -0.252421
    17 2.676081 -1.712434 -0.000003 -1.570797 -0.000001 -1.570797
    18 3.984014 -0.000005 -0.000003 -2.592144 -1.455013 -0.254122
    19 15.940006 0.000002 0.000000 0.000000 0.000000 1.161010
    20 17.709558 0.000004 0.000002 -0.383054 -0.085866 -1.324140
    21 6.203996 0.000000 0.000001 -0.011146 0.000934 -0.500515
    22 -3.984013 0.000007 0.000007 -3.548173 -1.493068 0.257484
    23 15.940015 0.000000 0.000000 0.000000 0.000000 1.255035
    24 17.709572 -0.000006 0.000001 0.168933 0.188177 -1.378708
    25 6.204001 0.000003 -0.000001 -0.078651 -0.006185 -0.498943
    26 3.549240 0.198821 -1.489462 -0.030047 0.009500 -0.608768
    27 1.218999 -0.000001 0.000002 -0.079221 0.060353 -1.234545
    28 0.679998 -0.000001 -0.000001 -0.009347 0.087366 -0.395023
    29 3.698007 0.267555 -0.728972 -0.250697 0.112830 -0.986096
    30 1.749001 -0.000001 0.000003 -0.026465 0.015432 -1.207528
    31 0.959999 -0.000001 0.000001 -0.020869 0.033612 -0.767716
    32 3.768500 0.152546 0.071388 0.024034 0.090449 -0.991749
    33 2.037998 0.000001 0.000002 0.003086 -0.001815 -1.593275
    34 1.067001 0.000001 0.000002 0.001055 -0.007003 -0.629042
    35 3.783924 -0.017260 0.794558 0.335127 0.115881 -0.895444
    36 1.629002 -0.000001 0.000003 0.067572 -0.020048 -1.486670
    37 0.956000 0.000000 0.000001 0.036166 -0.060625 -0.701234
    38 1.258965 -0.297983 1.252590 -1.260487 -0.398358 -1.221736
    39 1.393001 0.000001 0.000000 0.001115 -0.130687 0.597642
    40 1.100002 0.000001 -0.000003 -0.114058 -0.227332 0.622174
    41 3.549266 0.211411 1.487664 0.414785 -0.091344 -0.832514
    42 1.218999 -0.000001 -0.000002 0.076519 -0.060605 -1.221542
    43 0.679999 0.000001 0.000000 0.029119 -0.082748 -0.641951
    44 3.698016 0.273718 0.726617 0.249253 -0.111425 -0.992354
    45 1.748999 0.000000 -0.000002 0.020255 -0.017985 -1.043218
    46 0.959996 0.000000 0.000000 0.015675 -0.036226 -0.705571
    47 3.768499 0.151954 -0.072746 -0.037347 -0.087381 -0.867202
    48 2.037997 0.000002 -0.000003 -0.004272 0.001742 -1.428344
    49 1.066998 0.000000 -0.000001 -0.001429 0.005624 -0.566382
    50 3.783906 -0.023949 -0.794455 -0.350016 -0.068507 -0.758728
    51 1.629001 0.000002 0.000000 -0.062588 0.029671 -1.321899
    52 0.955999 0.000000 -0.000002 -0.031449 0.062230 -0.638366
    53 1.258940 -0.308543 -1.250054 1.287139 0.528151 -0.661686
    54 1.392999 0.000000 -0.000003 -0.001788 0.370555 0.932381
    55 1.099998 -0.000002 -0.000003 0.000000 -0.013127 -0.286815
    56 0.578998 0.704300 0.000000 0.000000 -1.570790 -3.044320
    57 2.577897 -4.075848 1.825547 1.570743 -1.473520 1.570850
    58 -2.577999 -4.075848 1.825549 1.570743 -1.473520 1.570850
    59 2.330669 -1.877754 0.104131 -1.861302 0.207908 -1.328386
  time 68
    0 -0.003395 0.004619 23.307130 1.204629 0.000643 -0.000779
    1 0.001573 4.212781 -1.689849 1.574188 -0.245522 1.555794
    2 3.837410 0.000000 0.000000 0.008605 -0.011533 0.195349
    3 3.617862 0.000000 0.000000 0.007452 -0.010535 0.063939
    4 7.539774 0.000000 0.000000 0.000000 0.000000 0.155813
    5 3.178292 0.000001 0.000000 3.227215 -0.015012 0.002177
    6 2.970271 0.000000 0.000001 -0.453875 -0.093302 0.180676
    7 -0.000002 0.000001 0.000000 -1.570796 0.000000 -1.326450
    8 2.023705 0.907460 0.852577 3.381050 -1.246752 1.163887
    9 4.983657 -0.000003 0.000000 -2.035139 -1.097005 0.003693
    10 11.123049 -0.000003 0.000001 -0.000001 -0.000001 -0.779069
    11 11.208297 -0.000001 0.000013 1.735442 -0.071297 0.627101
    12 2.676087 -1.712447 0.000003 1.570795 0.000000 1.570797
    13 2.023707 0.907463 -0.852527 -1.906082 1.310393 -3.574805
    14 4.983657 -0.000004 0.000000 1.676293 0.237666 -0.416902
    15 11.123040 -0.000006 -0.000006 0.000000 0.000001 -0.801626
    16 11.208287 0.000000 -0.000016 -2.072356 0.310852 -0.251618
    17 2.676081 -1.712434 -0.000003 -1.570797 -0.000001 -1.570797
    18 3.984014 -0.000005 -0.000003 -2.597607 -1.454603 -0.249810
    19 15.940006 0.000002 0.000000 0.000000 0.000000 1.161231
    20 17.709558 0.000004 0.000002 -0.382523 -0.085403 -1.323793
    21 6.203996 0.000000 0.000001 -0.011146 0.000934 -0.500515
    22 -3.984013 0.000007 0.000007 -3.550185 -1.493216 0.259592
    23 15.940015 0.000000 0.000000 0.000000 0.000000 1.254651
    24 17.709572 -0.000006 0.000001 0.169467 0.189143 -1.378855
    25 6.204001 0.000003 -0.000001 -0.078651 -0.006185 -0.498943
    26 3.549240 0.198821 -1.489462 -0.030087 0.009605 -0.609255
    27 1.218999 -0.000001 0.000002 -0.079359 0.060365 -1.235067
    28 0.679998 -0.000001 -0.000001 -0.009454 0.087366 -0.395482
    29 3.698007 0.267555 -0.728972 -0.250785 0.112917 -0.986574
    30 1.749001 -0.000001 0.000003 -0.026678 0.015492 -1.207971
    31 0.959999 -0.000001 0.000001 -0.021064 0.033516 -0.768175
    32 3.768500 0.152546 0.071388 0.023952 0.090545 -0.992242
    33 2.037998 0.000001 0.000002 0.003005 -0.001851 -1.593785
    34 1.067001 0.000001 0.000002 0.001019 -0.007087 -0.629543
    35 3.783924 -0.017260 0.794558 0.335047 0.115989 -0.895924
    36 1.629002 -0.000001 0.000003 0.067652 -0.020069 -1.487173
    37 0.956000 0.000000 0.000001 0.036252 -0.060637 -0.701732
    38 1.258965 -0.297983 1.252590 -1.260572 -0.398313 -1.222177
    39 1.393001 0.000001 0.000000 0.001097 -0.130183 0.597584
    40 1.100002 0.000001 -0.000003 -0.113758 -0.226927 0.622041
    41 3.549266 0.211411 1.487664 0.414753 -0.091406 -0.832660
    42 1.218999 -0.000001 -0.000002 0.076519 -0.060605 -1.221542
    43 0.679999 0.000001 0.000000 0.029119 -0.082748 -0.641951
    44 3.698016 0.273718 0.726617 0.249229 -0.111481 -0.992508
    45 1.748999 0.000000 -0.000002 0.020255 -0.017985 -1.043218
    46 0.959996 0.000000 0.000000 0.015675 -0.036226 -0.705571
    47 3.768499 0.151954 -0.072746 -0.037371 -0.087429 -0.867309
    48 2.037997 0.000002 -0.000003 -0.004272 0.001742 -1.428344
    49 1.066998 0.000000 -0.000001 -0.001429 0.005624 -0.566382
    50 3.783906 -0.023949 -0.794455 -0.350045 -0.068554 -0.758884
    51 1.629001 0.000002 0.000000 -0.062588 0.029671 -1.321899
    52 0.955999 0.000000 -0.000002 -0.031449 0.062242 -0.638366
    53 1.258940 -0.308543 -1.250054 1.287095 0.528108 -0.661831
    54 1.392999 0.000000 -0.000003 -0.001788 0.370555 0.932381
    55 1.099998 -0.000002 -0.000003 0.000000 -0.013127 -0.286815
    56 0.578998 0.704300 0.000000 0.000000 -1.570790 -3.044320
    57 2.577897 -4.075848 1.825547 1.570743 -1.473520 1.570850
    58 -2.577999 -4.075848 1.825549 1.570743 -1.473520 1.570850
    59 2.330669 -1.877754 0.104131 -1.861302 0.207908 -1.328386
  time 69
    0 -0.003395 0.004619 23.307130 1.204817 0.000688 -0.000588
    1 0.001573 4.212781 -1.689849 1.573694 -0.245459 1.555832
    2 3.837410 0.000000 0.000000 0.008889 -0.011312 0.195612
    3 3.617862 0.000000 0.000000 0.007760 -0.010339 0.064195
    4 7.539774 0.000000 0.000000 0.000000 0.000000 0.155813
    5 3.178292 0.000001 0.000000 3.228469 -0.015253 0.002818
    6 2.970271 0.000000 0.000001 -0.455270 -0.092670 0.181906
    7 -0.000002 0.000001 0.000000 -1.570796 0.000000 -1.326450
    8 2.023705 0.907460 0.852577 3.381050 -1.247780 1.163983
    9 4.983657 -0.000003 0.000000 -2.036668 -1.097715 0.005299
    10 11.123049 -0.000003 0.000001 -0.000001 -0.000001 -0.779631
    11 11.208297 -0.000001 0.000013 1.735155 -0.071122 0.627244
    12 2.676087 -1.712447 0.000003 1.570795 0.000000 1.570797
    13 2.023707 0.907463 -0.852527 -1.904838 1.310915 -3.574134
    14 4.983657 -0.000004 0.000000 1.676485 0.236711 -0.417091
    15 11.123040 -0.000006 -0.000006 0.000000 0.000001 -0.803648
    16 11.208287 0.000000 -0.000016 -2.072715 0.310758 -0.250816
    17 2.676081 -1.712434 -0.000003 -1.570797 -0.000001 -1.570797
    18 3.984014 -0.000005 -0.000003 -2.603070 -1.454156 -0.245402
    19 15.940006 0.000002 0.000000 0.000000 0.000000 1.161378
    20 17.709558 0.000004 0.000002 -0.381916 -0.084798 -1.323534
    21 6.203996 0.000000 0.000001 -0.011146 0.000934 -0.500515
    22 -3.984013 0.000007 0.000007 -3.551911 -1.493315 0.261222
    23 15.940015 0.000000 0.000000 0.000000 0.000000 1.254345
    24 17.709572 -0.000006 0.000001 0.170060 0.190212 -1.378953
    25 6.204001 0.000003 -0.000001 -0.078651 -0.006185 -0.498943
    26 3.549240 0.198821 -1.489462 -0.030128 0.009738 -0.609693
    27 1.218999 -0.000001 0.000002 -0.079497 0.060365 -1.235485
    28 0.679998 -0.000001 -0.000001 -0.009579 0.087366 -0.395941
    29 3.698007 0.267555 -0.728972 -0.250855 0.113003 -0.987053
    30 1.749001 -0.000001 0.000003 -0.026852 0.015527 -1.208365
    31 0.959999 -0.000001 0.000001 -0.021220 0.033420 -0.768592
    32 3.768500 0.152546 0.071388 0.023870 0.090641 -0.992686
    33 2.037998 0.000001 0.000002 0.002943 -0.001898 -1.594244
    34 1.067001 0.000001 0.000002 0.000982 -0.007159 -0.629960
    35 3.783924 -0.017260 0.794558 0.334987 0.116081 -0.896403
    36 1.629002 -0.000001 0.000003 0.067691 -0.020090 -1.487630
    37 0.956000 0.000000 0.000001 0.036338 -0.060649 -0.702198
    38 1.258965 -0.297983 1.252590 -1.260700 -0.398224 -1.222544
    39 1.393001 0.000001 0.000000 0.001097 -0.129732 0.597527
    40 1.100002 0.000001 -0.000003 -0.113507 -0.226544 0.621952
    41 3.549266 0.211411 1.487664 0.414722 -0.091447 -0.832757
    42 1.218999 -0.000001 -0.000002 0.076519 -0.060605 -1.221542
    43 0.679999 0.000001 0.000000 0.029119 -0.082748 -0.641951
    44 3.698016 0.273718 0.726617 0.249217 -0.111522 -0.992610
    45 1.748999 0.000000 -0.000002 0.020255 -0.017985 -1.043218
    46 0.959996 0.000000 0.000000 0.015675 -0.036226 -0.705571
    47 3.768499 0.151954 -0.072746 -0.037395 -0.087465 -0.867469
    48 2.037997 0.000002 -0.000003 -0.004272 0.001742 -1.428344
    49 1.066998 0.000000 -0.000001 -0.001429 0.005624 -0.566382
    50 3.783906 -0.023949 -0.794455 -0.350073 -0.068600 -0.758989
    51 1.629001 0.000002 0.000000 -0.062588 0.029671 -1.321899
    52 0.955999 0.000000 -0.000002 -0.031449 0.062230 -0.638366
    53 1.258940 -0.308543 -1.250054 1.287095 0.528065 -0.661976
    54 1.392999 0.000000 -0.000003 -0.001788 0.370555 0.932381
    55 1.099998 -0.000002 -0.000003 0.000000 -0.013127 -0.286815
    56 0.578998 0.704300 0.000000 0.000000 -1.570790 -3.044320
    57 2.577897 -4.075848 1.825547 1.570743 -1.473520 1.570850
    58 -2.577999 -4.075848 1.825549 1.570743 -1.473520 1.570850
    59 2.330669 -1.877754 0.104131 -1.861302 0.207908 -1.328386
  time 70
    0 -0.003395 0.004619 23.307130 1.204911 0.000733 -0.000492
    1 0.001573 4.212781 -1.689849 1.573200 -0.245208 1.555948
    2 3.837410 0.000000 0.000000 0.009159 -0.011106 0.195842
    3 3.617862 0.000000 0.000000 0.008029 -0.010157 0.064435
    4 7.539774 0.000000 0.000000 0.000000 0.000000 0.155813
    5 3.178292 0.000001 0.000000 3.229296 -0.015273 0.003167
    6 2.970271 0.000000 0.000001 -0.455989 -0.091999 0.182498
    7 -0.000002 0.000001 0.000000 -1.570796 0.000000 -1.326450
    8 2.023705 0.907460 0.852577 3.380859 -1.248689 1.164271
    9 4.983657 -0.000003 0.000000 -2.038005 -1.098628 0.006528
    10 11.123049 -0.000003 0.000001 -0.000001 -0.000001 -0.779462
    11 11.208297 -0.000001 0.000013 1.734963 -0.071078 0.626888
    12 2.676087 -1.712447 0.000003 1.570795 0.000000 1.570797
    13 2.023707 0.907463 -0.852527 -1.903594 1.311436 -3.573463
    14 4.983657 -0.000004 0.000000 1.676197 0.236186 -0.417374
    15 11.123040 -0.000006 -0.000006 0.000000 0.000001 -0.804975
    16 11.208287 0.000000 -0.000016 -2.072984 0.310805 -0.250232
    17 2.676081 -1.712434 -0.000003 -1.570797 -0.000001 -1.570797
    18 3.984014 -0.000005 -0.000003 -2.608342 -1.453635 -0.241186
    19 15.940006 0.000002 0.000000 0.000000 0.000000 1.161525
    20 17.709558 0.000004 0.000002 -0.381158 -0.084085 -1.323361
    21 6.203996 0.000000 0.000001 -0.011146 0.000934 -0.500515
    22 -3.984013 0.000007 0.000007 -3.553157 -1.493315 0.262372
    23 15.940015 0.000000 0.000000 0.000000 0.000000 1.254038
    24 17.709572 -0.000006 0.000001 0.170831 0.191350 -1.379052
    25 6.204001 0.000003 -0.000001 -0.078651 -0.006185 -0.498943
    26 3.549240 0.198821 -1.489462 -0.030168 0.009817 -0.610083
    27 1.218999 -0.000001 0.000002 -0.079604 0.060377 -1.235903
    28 0.679998 -0.000001 -0.000001 -0.009668 0.087366 -0.396359
    29 3.698007 0.267555 -0.728972 -0.250925 0.113075 -0.987435
    30 1.749001 -0.000001 0.000003 -0.027027 0.015563 -1.208759
    31 0.959999 -0.000001 0.000001 -0.021377 0.033349 -0.768967
    32 3.768500 0.152546 0.071388 0.023805 0.090700 -0.993081
    33 2.037998 0.000001 0.000002 0.002882 -0.001934 -1.594601
    34 1.067001 0.000001 0.000002 0.000964 -0.007219 -0.630377
    35 3.783924 -0.017260 0.794558 0.334927 0.116158 -0.896786
    36 1.629002 -0.000001 0.000003 0.067751 -0.020111 -1.488041
    37 0.956000 0.000000 0.000001 0.036382 -0.060661 -0.702603
    38 1.258965 -0.297983 1.252590 -1.260785 -0.398179 -1.222912
    39 1.393001 0.000001 0.000000 0.001097 -0.129336 0.597498
    40 1.100002 0.000001 -0.000003 -0.113279 -0.226225 0.621864
    41 3.549266 0.211411 1.487664 0.414706 -0.091468 -0.832854
    42 1.218999 -0.000001 -0.000002 0.076519 -0.060605 -1.221542
    43 0.679999 0.000001 0.000000 0.029119 -0.082748 -0.641951
    44 3.698016 0.273718 0.726617 0.249205 -0.111564 -0.992713
    45 1.748999 0.000000 -0.000002 0.020255 -0.017985 -1.043218
    46 0.959996 0.000000 0.000000 0.015675 -0.036226 -0.705571
    47 3.768499 0.151954 -0.072746 -0.037407 -0.087501 -0.867523
    48 2.037997 0.000002 -0.000003 -0.004272 0.001742 -1.428344
    49 1.066998 0.000000 -0.000001 -0.001429 0.005624 -0.566382
    50 3.783906 -0.023949 -0.794455 -0.350088 -0.068615 -0.759094
    51 1.629001 0.000002 0.000000 -0.062588 0.029671 -1.321899
    52 0.955999 0.000000 -0.000002 -0.031449 0.062230 -0.638366
    53 1.258940 -0.308543 -1.250054 1.287052 0.528021 -0.662085
    54 1.392999 0.000000 -0.000003 -0.001788 0.370555 0.932381
    55 1.099998 -0.000002 -0.000003 0.000000 -0.013127 -0.286815
    56 0.578998 0.704300 0.000000 0.000000 -1.570790 -3.044320
    57 2.577897 -4.075848 1.825547 1.570743 -1.473520 1.570850
    58 -2.577999 -4.075848 1.825549 1.570743 -1.473520 1.570850
    59 2.330669 -1.877754 0.104131 -1.861302 0.207908 -1.328386
  time 71
    0 -0.003395 0.004619 23.307130 1.205005 0.000778 -0.000396
    1 0.001573 4.212781 -1.689849 1.572683 -0.244935 1.556025
    2 3.837410 0.000000 0.000000 0.009375 -0.010948 0.196039
    3 3.617862 0.000000 0.000000 0.008260 -0.009991 0.064623
    4 7.539774 0.000000 0.000000 0.000000 0.000000 0.155813
    5 3.178292 0.000001 0.000000 3.229609 -0.015092 0.003255
    6 2.970271 0.000000 0.000001 -0.456031 -0.091289 0.182589
    7 -0.000002 0.000001 0.000000 -1.570796 0.000000 -1.326450
    8 2.023705 0.907460 0.852577 3.380476 -1.249519 1.164846
    9 4.983657 -0.000003 0.000000 -2.039151 -1.099440 0.007472
    10 11.123049 -0.000003 0.000001 -0.000001 -0.000001 -0.779125
    11 11.208297 -0.000001 0.000013 1.735059 -0.071034 0.626532
    12 2.676087 -1.712447 0.000003 1.570795 0.000000 1.570797
    13 2.023707 0.907463 -0.852527 -1.902350 1.312005 -3.572792
    14 4.983657 -0.000004 0.000000 1.675431 0.235899 -0.417658
    15 11.123040 -0.000006 -0.000006 0.000000 0.000001 -0.805860
    16 11.208287 0.000000 -0.000016 -2.072895 0.311039 -0.249648
    17 2.676081 -1.712434 -0.000003 -1.570797 -0.000001 -1.570797
    18 3.984014 -0.000005 -0.000003 -2.613709 -1.453114 -0.236969
    19 15.940006 0.000002 0.000000 0.000000 0.000000 1.161599
    20 17.709558 0.000004 0.000002 -0.380323 -0.083302 -1.323274
    21 6.203996 0.000000 0.000001 -0.011146 0.000934 -0.500515
    22 -3.984013 0.000007 0.000007 -3.553923 -1.493216 0.262851
    23 15.940015 0.000000 0.000000 0.000000 0.000000 1.253732
    24 17.709572 -0.000006 0.000001 0.171721 0.192558 -1.379101
    25 6.204001 0.000003 -0.000001 -0.078651 -0.006185 -0.498943
    26 3.549240 0.198821 -1.489462 -0.030208 0.009896 -0.610423
    27 1.218999 -0.000001 0.000002 -0.079696 0.060377 -1.236216
    28 0.679998 -0.000001 -0.000001 -0.009740 0.087366 -0.396693
    29 3.698007 0.267555 -0.728972 -0.250978 0.113132 -0.987770
    30 1.749001 -0.000001 0.000003 -0.027182 0.015599 -1.209054
    31 0.959999 -0.000001 0.000001 -0.021494 0.033289 -0.769259
    32 3.768500 0.152546 0.071388 0.023739 0.090760 -0.993426
    33 2.037998 0.000001 0.000002 0.002821 -0.001970 -1.594958
    34 1.067001 0.000001 0.000002 0.000928 -0.007279 -0.630710
    35 3.783924 -0.017260 0.794558 0.334867 0.116236 -0.897122
    36 1.629002 -0.000001 0.000003 0.067791 -0.020132 -1.488361
    37 0.956000 0.000000 0.000001 0.036447 -0.060661 -0.702945
    38 1.258965 -0.297983 1.252590 -1.260871 -0.398134 -1.223205
    39 1.393001 0.000001 0.000000 0.001097 -0.128993 0.597441
    40 1.100002 0.000001 -0.000003 -0.113075 -0.225948 0.621775
    41 3.549266 0.211411 1.487664 0.414706 -0.091488 -0.832903
    42 1.218999 -0.000001 -0.000002 0.076519 -0.060605 -1.221542
    43 0.679999 0.000001 0.000000 0.029119 -0.082748 -0.641951
    44 3.698016 0.273718 0.726617 0.249205 -0.111577 -0.992764
    45 1.748999 0.000000 -0.000002 0.020255 -0.017985 -1.043218
    46 0.959996 0.000000 0.000000 0.015675 -0.036226 -0.705571
    47 3.768499 0.151954 -0.072746 -0.037419 -0.087525 -0.867576
    48 2.037997 0.000002 -0.000003 -0.004272 0.001742 -1.428344
    49 1.066998 0.000000 -0.000001 -0.001429 0.005624 -0.566382
    50 3.783906 -0.023949 -0.794455 -0.350102 -0.068646 -0.759146
    51 1.629001 0.000002 0.000000 -0.062588 0.029671 -1.321899
    52 0.955999 0.000000 -0.000002 -0.031449 0.062230 -0.638366
    53 1.258940 -0.308543 -1.250054 1.287052 0.528021 -0.662158
    54 1.392999 0.000000 -0.000003 -0.001788 0.370555 0.932381
    55 1.099998 -0.000002 -0.000003 0.000000 -0.013127 -0.286815
    56 0.578998 0.704300 0.000000 0.000000 -1.570790 -3.044320
    57 2.577897 -4.075848 1.825547 1.570743 -1.473520 1.570850
    58 -2.577999 -4.075848 1.825549 1.570743 -1.473520 1.570850
    59 2.330669 -1.877754 0.104131 -1.861302 0.207908 -1.328386
  time 72
    0 -0.003395 0.004619 23.307130 1.205193 0.000824 -0.000300
    1 0.001573 4.212781 -1.689849 1.572166 -0.244642 1.556102
    2 3.837410 0.000000 0.000000 0.009537 -0.010806 0.196203
    3 3.617862 0.000000 0.000000 0.008440 -0.009870 0.064776
    4 7.539774 0.000000 0.000000 0.000000 0.000000 0.155813
    5 3.178292 0.000001 0.000000 3.229353 -0.014711 0.002993
    6 2.970271 0.000000 0.000001 -0.455312 -0.090559 0.182179
    7 -0.000002 0.000001 0.000000 -1.570796 0.000000 -1.326450
    8 2.023705 0.907460 0.852577 3.379901 -1.250310 1.165612
    9 4.983657 -0.000003 0.000000 -2.040107 -1.100150 0.008134
    10 11.123049 -0.000003 0.000001 -0.000001 -0.000001 -0.778732
    11 11.208297 -0.000001 0.000013 1.735346 -0.071034 0.626105
    12 2.676087 -1.712447 0.000003 1.570795 0.000000 1.570797
    13 2.023707 0.907463 -0.852527 -1.901106 1.312622 -3.572313
    14 4.983657 -0.000004 0.000000 1.674186 0.235804 -0.417941
    15 11.123040 -0.000006 -0.000006 0.000000 0.000001 -0.806491
    16 11.208287 0.000000 -0.000016 -2.072625 0.311460 -0.249064
    17 2.676081 -1.712434 -0.000003 -1.570797 -0.000001 -1.570797
    18 3.984014 -0.000005 -0.000003 -2.618789 -1.452555 -0.233041
    19 15.940006 0.000002 0.000000 0.000000 0.000000 1.161599
    20 17.709558 0.000004 0.000002 -0.379413 -0.082376 -1.323274
    21 6.203996 0.000000 0.000001 -0.011146 0.000934 -0.500515
    22 -3.984013 0.000007 0.000007 -3.554403 -1.492969 0.262947
    23 15.940015 0.000000 0.000000 0.000000 0.000000 1.253425
    24 17.709572 -0.000006 0.000001 0.172670 0.193834 -1.379101
    25 6.204001 0.000003 -0.000001 -0.078651 -0.006185 -0.498943
    26 3.549240 0.198821 -1.489462 -0.030228 0.009975 -0.610667
    27 1.218999 -0.000001 0.000002 -0.079772 0.060377 -1.236529
    28 0.679998 -0.000001 -0.000001 -0.009811 0.087366 -0.396985
    29 3.698007 0.267555 -0.728972 -0.251030 0.113190 -0.988057
    30 1.749001 -0.000001 0.000003 -0.027298 0.015623 -1.209301
    31 0.959999 -0.000001 0.000001 -0.021611 0.033229 -0.769551
    32 3.768500 0.152546 0.071388 0.023690 0.090820 -0.993722
    33 2.037998 0.000001 0.000002 0.002780 -0.001982 -1.595213
    34 1.067001 0.000001 0.000002 0.000910 -0.007339 -0.630960
    35 3.783924 -0.017260 0.794558 0.334827 0.116282 -0.897410
    36 1.629002 -0.000001 0.000003 0.067830 -0.020153 -1.488635
    37 0.956000 0.000000 0.000001 0.036490 -0.060661 -0.703225
    38 1.258965 -0.297983 1.252590 -1.260914 -0.398090 -1.223462
    39 1.393001 0.000001 0.000000 0.001097 -0.128723 0.597412
    40 1.100002 0.000001 -0.000003 -0.112919 -0.225714 0.621686
    41 3.549266 0.211411 1.487664 0.414706 -0.091488 -0.832903
    42 1.218999 -0.000001 -0.000002 0.076519 -0.060605 -1.221542
    43 0.679999 0.000001 0.000000 0.029119 -0.082748 -0.641951
    44 3.698016 0.273718 0.726617 0.249193 -0.111591 -0.992764
    45 1.748999 0.000000 -0.000002 0.020255 -0.017985 -1.043218
    46 0.959996 0.000000 0.000000 0.015675 -0.036226 -0.705571
    47 3.768499 0.151954 -0.072746 -0.037431 -0.087525 -0.867630
    48 2.037997 0.000002 -0.000003 -0.004272 0.001742 -1.428344
    49 1.066998 0.000000 -0.000001 -0.001429 0.005624 -0.566382
    50 3.783906 -0.023949 -0.794455 -0.350102 -0.068646 -0.759146
    51 1.629001 0.000002 0.000000 -0.062588 0.029671 -1.321899
    52 0.955999 0.000000 -0.000002 -0.031449 0.062230 -0.638366
    53 1.258940 -0.308543 -1.250054 1.287009 0.528021 -0.662158
    54 1.392999 0.000000 -0.000003 -0.001788 0.370555 0.932381
    55 1.099998 -0.000002 -0.000003 0.000000 -0.013127 -0.286815
    56 0.578998 0.704300 0.000000 0.000000 -1.570790 -3.044320
    57 2.577897 -4.075848 1.825547 1.570743 -1.473520 1.570850
    58 -2.577999 -4.075848 1.825549 1.570743 -1.473520 1.570850
    59 2.330669 -1.877754 0.104131 -1.861302 0.207908 -1.328386
  time 73
    0 -0.003395 0.004619 23.307130 1.205287 0.000869 -0.000204
    1 0.001573 4.212781 -1.689849 1.571671 -0.244349 1.556179
    2 3.837410 0.000000 0.000000 0.009672 -0.010712 0.196318
    3 3.617862 0.000000 0.000000 0.008581 -0.009779 0.064896
    4 7.539774 0.000000 0.000000 0.000000 0.000000 0.155813
    5 3.178292 0.000001 0.000000 3.228555 -0.014109 0.002439
    6 2.970271 0.000000 0.000001 -0.453875 -0.089828 0.181268
    7 -0.000002 0.000001 0.000000 -1.570796 0.000000 -1.326450
    8 2.023705 0.907460 0.852577 3.379039 -1.250982 1.166571
    9 4.983657 -0.000003 0.000000 -2.041062 -1.100708 0.008606
    10 11.123049 -0.000003 0.000001 -0.000001 -0.000001 -0.778283
    11 11.208297 -0.000001 0.000013 1.735922 -0.071078 0.625678
    12 2.676087 -1.712447 0.000003 1.570795 0.000000 1.570797
    13 2.023707 0.907463 -0.852527 -1.899862 1.313286 -3.571738
    14 4.983657 -0.000004 0.000000 1.672653 0.235995 -0.418225
    15 11.123040 -0.000006 -0.000006 0.000000 0.000001 -0.806618
    16 11.208287 0.000000 -0.000016 -2.072087 0.312115 -0.248626
    17 2.676081 -1.712434 -0.000003 -1.570797 -0.000001 -1.570797
    18 3.984014 -0.000005 -0.000003 -2.623677 -1.451997 -0.229208
    19 15.940006 0.000002 0.000000 0.000000 0.000000 1.161525
    20 17.709558 0.000004 0.000002 -0.378351 -0.081379 -1.323361
    21 6.203996 0.000000 0.000001 -0.011146 0.000934 -0.500515
    22 -3.984013 0.000007 0.000007 -3.554498 -1.492673 0.262467
    23 15.940015 0.000000 0.000000 0.000000 0.000000 1.253195
    24 17.709572 -0.000006 0.000001 0.173738 0.195110 -1.379052
    25 6.204001 0.000003 -0.000001 -0.078651 -0.006185 -0.498943
    26 3.549240 0.198821 -1.489462 -0.030249 0.010002 -0.610910
    27 1.218999 -0.000001 0.000002 -0.079834 0.060389 -1.236686
    28 0.679998 -0.000001 -0.000001 -0.009865 0.087366 -0.397194
    29 3.698007 0.267555 -0.728972 -0.251065 0.113233 -0.988249
    30 1.749001 -0.000001 0.000003 -0.027376 0.015647 -1.209498
    31 0.959999 -0.000001 0.000001 -0.021689 0.033181 -0.769718
    32 3.768500 0.152546 0.071388 0.023657 0.090856 -0.993920
    33 2.037998 0.000001 0.000002 0.002760 -0.002006 -1.595417
    34 1.067001 0.000001 0.000002 0.000892 -0.007363 -0.631169
    35 3.783924 -0.017260 0.794558 0.334787 0.116313 -0.897601
    36 1.629002 -0.000001 0.000003 0.067870 -0.020153 -1.488864
    37 0.956000 0.000000 0.000001 0.036533 -0.060661 -0.703412
    38 1.258965 -0.297983 1.252590 -1.260956 -0.398067 -1.223646
    39 1.393001 0.000001 0.000000 0.001079 -0.128507 0.597384
    40 1.100002 0.000001 -0.000003 -0.112800 -0.225544 0.621641
    41 3.549266 0.211411 1.487664 0.414706 -0.091488 -0.832903
    42 1.218999 -0.000001 -0.000002 0.076519 -0.060605 -1.221542
    43 0.679999 0.000001 0.000000 0.029119 -0.082748 -0.641951
    44 3.698016 0.273718 0.726617 0.249205 -0.111577 -0.992713
    45 1.748999 0.000000 -0.000002 0.020255 -0.017985 -1.043218
    46 0.959996 0.000000 0.000000 0.015675 -0.036226 -0.705571
    47 3.768499 0.151954 -0.072746 -0.037419 -0.087513 -0.867576
    48 2.037997 0.000002 -0.000003 -0.004272 0.001742 -1.428344
    49 1.066998 0.000000 -0.000001 -0.001429 0.005624 -0.566382
    50 3.783906 -0.023949 -0.794455 -0.350102 -0.068631 -0.759146
    51 1.629001 0.000002 0.000000 -0.062588 0.029671 -1.321899
    52 0.955999 0.000000 -0.000002 -0.031449 0.062230 -0.638366
    53 1.258940 -0.308543 -1.250054 1.287052 0.528021 -0.662121
    54 1.392999 0.000000 -0.000003 -0.001788 0.370555 0.932381
    55 1.099998 -0.000002 -0.000003 0.000000 -0.013127 -0.286815
    56 0.578998 0.704300 0.000000 0.000000 -1.570790 -3.044320
    57 2.577897 -4.075848 1.825547 1.570743 -1.473520 1.570850
    58 -2.577999 -4.075848 1.825549 1.570743 -1.473520 1.570850
    59 2.330669 -1.877754 0.104131 -1.861302 0.207908 -1.328386
  time 74
    0 -0.003395 0.004619 23.307130 1.205287 0.000914 -0.000108
    1 0.001573 4.212781 -1.689849 1.571177 -0.244055 1.556218
    2 3.837410 0.000000 0.000000 0.009754 -0.010648 0.196384
    3 3.617862 0.000000 0.000000 0.008658 -0.009718 0.064964
    4 7.539774 0.000000 0.000000 0.000000 0.000000 0.155813
    5 3.178292 0.000001 0.000000 3.227272 -0.013306 0.001624
    6 2.970271 0.000000 0.000001 -0.451761 -0.089118 0.179994
    7 -0.000002 0.000001 0.000000 -1.570796 0.000000 -1.326450
    8 2.023705 0.907460 0.852577 3.377985 -1.251614 1.167817
    9 4.983657 -0.000003 0.000000 -2.041731 -1.101266 0.008701
    10 11.123049 -0.000003 0.000001 -0.000001 -0.000001 -0.777722
    11 11.208297 -0.000001 0.000013 1.736689 -0.071210 0.625180
    12 2.676087 -1.712447 0.000003 1.570795 0.000000 1.570797
    13 2.023707 0.907463 -0.852527 -1.898714 1.313950 -3.571259
    14 4.983657 -0.000004 0.000000 1.670641 0.236472 -0.418603
    15 11.123040 -0.000006 -0.000006 0.000000 0.000001 -0.806365
    16 11.208287 0.000000 -0.000016 -2.071369 0.312864 -0.248335
    17 2.676081 -1.712434 -0.000003 -1.570797 -0.000001 -1.570797
    18 3.984014 -0.000005 -0.000003 -2.628278 -1.451401 -0.225662
    19 15.940006 0.000002 0.000000 0.000000 0.000000 1.161378
    20 17.709558 0.000004 0.000002 -0.377289 -0.080275 -1.323534
    21 6.203996 0.000000 0.000001 -0.011146 0.000934 -0.500515
    22 -3.984013 0.000007 0.000007 -3.554019 -1.492278 0.261509
    23 15.940015 0.000000 0.000000 0.000000 0.000000 1.252965
    24 17.709572 -0.000006 0.000001 0.174865 0.196456 -1.378953
    25 6.204001 0.000003 -0.000001 -0.078651 -0.006185 -0.498943
    26 3.549240 0.198821 -1.489462 -0.030269 0.010028 -0.611007
    27 1.218999 -0.000001 0.000002 -0.079864 0.060389 -1.236843
    28 0.679998 -0.000001 -0.000001 -0.009883 0.087366 -0.397319
    29 3.698007 0.267555 -0.728972 -0.251083 0.113247 -0.988392
    30 1.749001 -0.000001 0.000003 -0.027434 0.015659 -1.209596
    31 0.959999 -0.000001 0.000001 -0.021728 0.033169 -0.769843
    32 3.768500 0.152546 0.071388 0.023625 0.090892 -0.994068
    33 2.037998 0.000001 0.000002 0.002739 -0.002018 -1.595570
    34 1.067001 0.000001 0.000002 0.000874 -0.007387 -0.631336
    35 3.783924 -0.017260 0.794558 0.334767 0.116344 -0.897745
    36 1.629002 -0.000001 0.000003 0.067890 -0.020174 -1.489001
    37 0.956000 0.000000 0.000001 0.036555 -0.060661 -0.703567
    38 1.258965 -0.297983 1.252590 -1.260999 -0.398045 -1.223756
    39 1.393001 0.000001 0.000000 0.001079 -0.128381 0.597384
    40 1.100002 0.000001 -0.000003 -0.112728 -0.225437 0.621597
    41 3.549266 0.211411 1.487664 0.414722 -0.091447 -0.832806
    42 1.218999 -0.000001 -0.000002 0.076519 -0.060605 -1.221542
    43 0.679999 0.000001 0.000000 0.029119 -0.082748 -0.641951
    44 3.698016 0.273718 0.726617 0.249217 -0.111536 -0.992661
    45 1.748999 0.000000 -0.000002 0.020255 -0.017985 -1.043218
    46 0.959996 0.000000 0.000000 0.015675 -0.036226 -0.705571
    47 3.768499 0.151954 -0.072746 -0.037407 -0.087477 -0.867469
    48 2.037997 0.000002 -0.000003 -0.004272 0.001742 -1.428344
    49 1.066998 0.000000 -0.000001 -0.001429 0.005624 -0.566382
    50 3.783906 -0.023949 -0.794455 -0.350088 -0.068600 -0.759041
    51 1.629001 0.000002 0.000000 -0.062588 0.029671 -1.321899
    52 0.955999 0.000000 -0.000002 -0.031449 0.062242 -0.638366
    53 1.258940 -0.308543 -1.250054 1.287052 0.528043 -0.662013
    54 1.392999 0.000000 -0.000003 -0.001788 0.370555 0.932381
    55 1.099998 -0.000002 -0.000003 0.000000 -0.013127 -0.286815
    56 0.578998 0.704300 0.000000 0.000000 -1.570790 -3.044320
    57 2.577897 -4.075848 1.825547 1.570743 -1.473520 1.570850
    58 -2.577999 -4.075848 1.825549 1.570743 -1.473520 1.570850
    59 2.330669 -1.877754 0.104131 -1.861302 0.207908 -1.328386
  time 75
    0 -0.003395 0.004619 23.307130 1.205382 0.000914 -0.000013
    1 0.001573 4.212781 -1.689849 1.570705 -0.243762 1.556218
    2 3.837410 0.000000 0.000000 0.009781 -0.010617 0.196417
    3 3.617862 0.000000 0.000000 0.008696 -0.009703 0.064981
    4 7.539774 0.000000 0.000000 0.000000 0.000000 0.155813
    5 3.178292 0.000001 0.000000 3.225533 -0.012343 0.000576
    6 2.970271 0.000000 0.000001 -0.448970 -0.088427 0.178263
    7 -0.000002 0.000001 0.000000 -1.570796 0.000000 -1.326450
    8 2.023705 0.907460 0.852577 3.376740 -1.252128 1.169158
    9 4.983657 -0.000003 0.000000 -2.042208 -1.101774 0.008606
    10 11.123049 -0.000003 0.000001 -0.000001 -0.000001 -0.777048
    11 11.208297 -0.000001 0.000013 1.737743 -0.071341 0.624682
    12 2.676087 -1.712447 0.000003 1.570795 0.000000 1.570797
    13 2.023707 0.907463 -0.852527 -1.897470 1.314708 -3.570779
    14 4.983657 -0.000004 0.000000 1.668246 0.237188 -0.418981
    15 11.123040 -0.000006 -0.000006 0.000000 0.000001 -0.805607
    16 11.208287 0.000000 -0.000016 -2.070381 0.313799 -0.248189
    17 2.676081 -1.712434 -0.000003 -1.570797 -0.000001 -1.570797
    18 3.984014 -0.000005 -0.000003 -2.632687 -1.450768 -0.222405
    19 15.940006 0.000002 0.000000 0.000000 0.000000 1.161231
    20 17.709558 0.000004 0.000002 -0.376152 -0.079136 -1.323793
    21 6.203996 0.000000 0.000001 -0.011146 0.000934 -0.500515
    22 -3.984013 0.000007 0.000007 -3.553348 -1.491785 0.260167
    23 15.940015 0.000000 0.000000 0.000000 0.000000 1.252735
    24 17.709572 -0.000006 0.000001 0.176051 0.197767 -1.378855
    25 6.204001 0.000003 -0.000001 -0.078651 -0.006185 -0.498943
    26 3.549240 0.198821 -1.489462 -0.030269 0.010055 -0.611056
    27 1.218999 -0.000001 0.000002 -0.079880 0.060389 -1.236895
    28 0.679998 -0.000001 -0.000001 -0.009900 0.087366 -0.397361
    29 3.698007 0.267555 -0.728972 -0.251101 0.113262 -0.988440
    30 1.749001 -0.000001 0.000003 -0.027453 0.015659 -1.209645
    31 0.959999 -0.000001 0.000001 -0.021748 0.033157 -0.769884
    32 3.768500 0.152546 0.071388 0.023625 0.090892 -0.994068
    33 2.037998 0.000001 0.000002 0.002719 -0.002018 -1.595621
    34 1.067001 0.000001 0.000002 0.000874 -0.007399 -0.631377
    35 3.783924 -0.017260 0.794558 0.334767 0.116359 -0.897793
    36 1.629002 -0.000001 0.000003 0.067890 -0.020174 -1.489047
    37 0.956000 0.000000 0.000001 0.036555 -0.060673 -0.703598
    38 1.258965 -0.297983 1.252590 -1.260999 -0.398023 -1.223793
    39 1.393001 0.000001 0.000000 0.001079 -0.128345 0.597355
    40 1.100002 0.000001 -0.000003 -0.112704 -0.225395 0.621597
    41 3.549266 0.211411 1.487664 0.414753 -0.091406 -0.832660
    42 1.218999 -0.000001 -0.000002 0.076519 -0.060605 -1.221542
    43 0.679999 0.000001 0.000000 0.029119 -0.082748 -0.641951
    44 3.698016 0.273718 0.726617 0.249229 -0.111481 -0.992508
    45 1.748999 0.000000 -0.000002 0.020255 -0.017985 -1.043218
    46 0.959996 0.000000 0.000000 0.015675 -0.036226 -0.705571
    47 3.768499 0.151954 -0.072746 -0.037371 -0.087429 -0.867362
    48 2.037997 0.000002 -0.000003 -0.004272 0.001742 -1.428344
    49 1.066998 0.000000 -0.000001 -0.001429 0.005624 -0.566382
    50 3.783906 -0.023949 -0.794455 -0.350059 -0.068554 -0.758884
    51 1.629001 0.000002 0.000000 -0.062588 0.029671 -1.321899
    52 0.955999 0.000000 -0.000002 -0.031449 0.062242 -0.638366
    53 1.258940 -0.308543 -1.250054 1.287095 0.528108 -0.661868
    54 1.392999 0.000000 -0.000003 -0.001788 0.370555 0.932381
    55 1.099998 -0.000002 -0.000003 0.000000 -0.013127 -0.286815
    56 0.578998 0.704300 0.000000 0.000000 -1.570790 -3.044320
    57 2.577897 -4.075848 1.825547 1.570743 -1.473520 1.570850
    58 -2.577999 -4.075848 1.825549 1.570743 -1.473520 1.570850
    59 2.330669 -1.877754 0.104131 -1.861302 0.207908 -1.328386
  time 76
    0 -0.003395 0.004619 23.307130 1.205476 0.000914 -0.000013
    1 0.001573 4.212781 -1.689849 1.570256 -0.243468 1.556218
    2 3.837410 0.000000 0.000000 0.009754 -0.010648 0.196400
    3 3.617862 0.000000 0.000000 0.008658 -0.009718 0.064981
    4 7.539774 0.000000 0.000000 0.000000 0.000000 0.155813
    5 3.178292 0.000001 0.000000 3.223367 -0.011199 -0.000705
    6 2.970271 0.000000 0.000001 -0.445588 -0.087756 0.176169
    7 -0.000002 0.000001 0.000000 -1.570796 0.000000 -1.326450
    8 2.023705 0.907460 0.852577 3.375303 -1.252603 1.170788
    9 4.983657 -0.000003 0.000000 -2.042591 -1.102179 0.008323
    10 11.123049 -0.000003 0.000001 -0.000001 -0.000001 -0.776206
    11 11.208297 -0.000001 0.000013 1.738894 -0.071561 0.624113
    12 2.676087 -1.712447 0.000003 1.570795 0.000000 1.570797
    13 2.023707 0.907463 -0.852527 -1.896321 1.315467 -3.570300
    14 4.983657 -0.000004 0.000000 1.665564 0.238238 -0.419453
    15 11.123040 -0.000006 -0.000006 0.000000 0.000001 -0.804343
    16 11.208287 0.000000 -0.000016 -2.069215 0.314876 -0.248189
    17 2.676081 -1.712434 -0.000003 -1.570797 -0.000001 -1.570797
    18 3.984014 -0.000005 -0.000003 -2.636712 -1.450135 -0.219434
    19 15.940006 0.000002 0.000000 0.000000 0.000000 1.161010
    20 17.709558 0.000004 0.000002 -0.375014 -0.077925 -1.324140
    21 6.203996 0.000000 0.000001 -0.011146 0.000934 -0.500515
    22 -3.984013 0.000007 0.000007 -3.552582 -1.491242 0.258538
    23 15.940015 0.000000 0.000000 0.000000 0.000000 1.252582
    24 17.709572 -0.000006 0.000001 0.177356 0.199078 -1.378658
    25 6.204001 0.000003 -0.000001 -0.078651 -0.006185 -0.498943
    26 3.549240 0.198821 -1.489462 -0.030249 0.010028 -0.611007
    27 1.218999 -0.000001 0.000002 -0.079864 0.060389 -1.236843
    28 0.679998 -0.000001 -0.000001 -0.009883 0.087366 -0.397319
    29 3.698007 0.267555 -0.728972 -0.251083 0.113247 -0.988392
    30 1.749001 -0.000001 0.000003 -0.027434 0.015659 -1.209596
    31 0.959999 -0.000001 0.000001 -0.021728 0.033169 -0.769843
    32 3.768500 0.152546 0.071388 0.023641 0.090892 -0.994018
    33 2.037998 0.000001 0.000002 0.002739 -0.002018 -1.595570
    34 1.067001 0.000001 0.000002 0.000874 -0.007387 -0.631294
    35 3.783924 -0.017260 0.794558 0.334767 0.116344 -0.897745
    36 1.629002 -0.000001 0.000003 0.067890 -0.020153 -1.489001
    37 0.956000 0.000000 0.000001 0.036555 -0.060661 -0.703536
    38 1.258965 -0.297983 1.252590 -1.260999 -0.398045 -1.223756
    39 1.393001 0.000001 0.000000 0.001079 -0.128399 0.597384
    40 1.100002 0.000001 -0.000003 -0.112740 -0.225437 0.621597
    41 3.549266 0.211411 1.487664 0.414785 -0.091344 -0.832465
    42 1.218999 -0.000001 -0.000002 0.076519 -0.060605 -1.221542
    43 0.679999 0.000001 0.000000 0.029119 -0.082748 -0.641951
    44 3.698016 0.273718 0.726617 0.249265 -0.111412 -0.992303
    45 1.748999 0.000000 -0.000002 0.020255 -0.017985 -1.043218
    46 0.959996 0.000000 0.000000 0.015675 -0.036226 -0.705571
    47 3.768499 0.151954 -0.072746 -0.037347 -0.087357 -0.867148
    48 2.037997 0.000002 -0.000003 -0.004272 0.001742 -1.428344
    49 1.066998 0.000000 -0.000001 -0.001429 0.005624 -0.566382
    50 3.783906 -0.023949 -0.794455 -0.350002 -0.068492 -0.758728
    51 1.629001 0.000002 0.000000 -0.062588 0.029671 -1.321899
    52 0.955999 0.000000 -0.000002 -0.031449 0.062242 -0.638366
    53 1.258940 -0.308543 -1.250054 1.287182 0.528151 -0.661650
    54 1.392999 0.000000 -0.000003 -0.001788 0.370555 0.932381
    55 1.099998 -0.000002 -0.000003 0.000000 -0.013127 -0.286815
    56 0.578998 0.704300 0.000000 0.000000 -1.570790 -3.044320
    57 2.577897 -4.075848 1.825547 1.570743 -1.473520 1.570850
    58 -2.577999 -4.075848 1.825549 1.570743 -1.473520 1.570850
    59 2.330669 -1.877754 0.104131 -1.861302 0.207908 -1.328386
  time 77
    0 -0.003395 0.004619 23.307130 1.205476 0.000959 0.000083
    1 0.001573 4.212781 -1.689849 1.570278 -0.243196 1.556141
    2 3.837410 0.000000 0.000000 0.009659 -0.010680 0.196335
    3 3.617862 0.000000 0.000000 0.008568 -0.009749 0.064913
    4 7.539774 0.000000 0.000000 0.000000 0.000000 0.155813
    5 3.178292 0.000001 0.000000 3.220802 -0.009934 -0.002161
    6 2.970271 0.000000 0.000001 -0.442036 -0.087243 0.173802
    7 -0.000002 0.000001 0.000000 -1.570796 0.000000 -1.326450
    8 2.023705 0.907460 0.852577 3.373770 -1.253037 1.172513
    9 4.983657 -0.000003 0.000000 -2.043164 -1.103296 0.008228
    10 11.123049 -0.000003 0.000001 -0.000001 -0.000001 -0.774690
    11 11.208297 -0.000001 0.000013 1.740236 -0.071824 0.623402
    12 2.676087 -1.712447 0.000003 1.570795 0.000000 1.570797
    13 2.023707 0.907463 -0.852527 -1.895173 1.316226 -3.570012
    14 4.983657 -0.000004 0.000000 1.662786 0.239098 -0.420020
    15 11.123040 -0.000006 -0.000006 0.000000 0.000001 -0.802637
    16 11.208287 0.000000 -0.000016 -2.067958 0.316045 -0.248481
    17 2.676081 -1.712434 -0.000003 -1.570797 -0.000001 -1.570797
    18 3.984014 -0.000005 -0.000003 -2.640354 -1.449539 -0.216751
    19 15.940006 0.000002 0.000000 0.000000 0.000000 1.160789
    20 17.709558 0.000004 0.000002 -0.373876 -0.076678 -1.324486
    21 6.203996 0.000000 0.000001 -0.011146 0.000934 -0.500515
    22 -3.984013 0.000007 0.000007 -3.551431 -1.490649 0.256526
    23 15.940015 0.000000 0.000000 0.000000 0.000000 1.252429
    24 17.709572 -0.000006 0.000001 0.178661 0.200354 -1.378462
    25 6.204001 0.000003 -0.000001 -0.078651 -0.006185 -0.498943
    26 3.549240 0.198821 -1.489462 -0.030249 0.010002 -0.610861
    27 1.218999 -0.000001 0.000002 -0.079818 0.060389 -1.236686
    28 0.679998 -0.000001 -0.000001 -0.009847 0.087366 -0.397152
    29 3.698007 0.267555 -0.728972 -0.251065 0.113233 -0.988249
    30 1.749001 -0.000001 0.000003 -0.027376 0.015635 -1.209448
    31 0.959999 -0.000001 0.000001 -0.021669 0.033193 -0.769718
    32 3.768500 0.152546 0.071388 0.023657 0.090856 -0.993870
    33 2.037998 0.000001 0.000002 0.002760 -0.002006 -1.595417
    34 1.067001 0.000001 0.000002 0.000910 -0.007363 -0.631169
    35 3.783924 -0.017260 0.794558 0.334787 0.116328 -0.897601
    36 1.629002 -0.000001 0.000003 0.067850 -0.020153 -1.488818
    37 0.956000 0.000000 0.000001 0.036511 -0.060661 -0.703381
    38 1.258965 -0.297983 1.252590 -1.260956 -0.398067 -1.223609
    39 1.393001 0.000001 0.000000 0.001079 -0.128543 0.597384
    40 1.100002 0.000001 -0.000003 -0.112812 -0.225565 0.621641
    41 3.549266 0.211411 1.487664 0.414847 -0.091261 -0.832222
    42 1.218999 -0.000001 -0.000002 0.076519 -0.060605 -1.221542
    43 0.679999 0.000001 0.000000 0.029119 -0.082748 -0.641951
    44 3.698016 0.273718 0.726617 0.249289 -0.111315 -0.992047
    45 1.748999 0.000000 -0.000002 0.020255 -0.017985 -1.043218
    46 0.959996 0.000000 0.000000 0.015675 -0.036226 -0.705571
    47 3.768499 0.151954 -0.072746 -0.037299 -0.087273 -0.866934
    48 2.037997 0.000002 -0.000003 -0.004272 0.001742 -1.428344
    49 1.066998 0.000000 -0.000001 -0.001429 0.005624 -0.566382
    50 3.783906 -0.023949 -0.794455 -0.349959 -0.068414 -0.758466
    51 1.629001 0.000002 0.000000 -0.062588 0.029671 -1.321899
    52 0.955999 0.000000 -0.000002 -0.031449 0.062242 -0.638366
    53 1.258940 -0.308543 -1.250054 1.287226 0.528238 -0.661360
    54 1.392999 0.000000 -0.000003 -0.001788 0.370555 0.932381
    55 1.099998 -0.000002 -0.000003 0.000000 -0.013127 -0.286815
    56 0.578998 0.704300 0.000000 0.000000 -1.570790 -3.044320
    57 2.577897 -4.075848 1.825547 1.570743 -1.473520 1.570850
    58 -2.577999 -4.075848 1.825549 1.570743 -1.473520 1.570850
    59 2.330669 -1.877754 0.104131 -1.861302 0.207908 -1.328386
  time 78
    0 -0.003395 0.004619 23.307130 1.205476 0.000959 0.000083
    1 0.001573 4.212781 -1.689849 1.570368 -0.242923 1.555909
    2 3.837410 0.000000 0.000000 0.009524 -0.010743 0.196253
    3 3.617862 0.000000 0.000000 0.008440 -0.009809 0.064828
    4 7.539774 0.000000 0.000000 0.000000 0.000000 0.155813
    5 3.178292 0.000001 0.000000 3.218122 -0.008550 -0.003791
    6 2.970271 0.000000 0.000001 -0.438189 -0.086829 0.171207
    7 -0.000002 0.000001 0.000000 -1.570796 0.000000 -1.326450
    8 2.023705 0.907460 0.852577 3.372045 -1.253354 1.174334
    9 4.983657 -0.000003 0.000000 -2.043546 -1.104412 0.008134
    10 11.123049 -0.000003 0.000001 -0.000001 -0.000001 -0.773006
    11 11.208297 -0.000001 0.000013 1.741866 -0.072131 0.622690
    12 2.676087 -1.712447 0.000003 1.570795 0.000000 1.570797
    13 2.023707 0.907463 -0.852527 -1.894025 1.317079 -3.569629
    14 4.983657 -0.000004 0.000000 1.659816 0.240291 -0.420682
    15 11.123040 -0.000006 -0.000006 0.000000 0.000001 -0.800300
    16 11.208287 0.000000 -0.000016 -2.066432 0.317309 -0.248991
    17 2.676081 -1.712434 -0.000003 -1.570797 -0.000001 -1.570797
    18 3.984014 -0.000005 -0.000003 -2.643613 -1.448943 -0.214451
    19 15.940006 0.000002 0.000000 0.000000 0.000000 1.160494
    20 17.709558 0.000004 0.000002 -0.372739 -0.075396 -1.324919
    21 6.203996 0.000000 0.000001 -0.011146 0.000934 -0.500515
    22 -3.984013 0.000007 0.000007 -3.550377 -1.489958 0.254609
    23 15.940015 0.000000 0.000000 0.000000 0.000000 1.252352
    24 17.709572 -0.000006 0.000001 0.179966 0.201596 -1.378216
    25 6.204001 0.000003 -0.000001 -0.078651 -0.006185 -0.498943
    26 3.549240 0.198821 -1.489462 -0.030208 0.009949 -0.610618
    27 1.218999 -0.000001 0.000002 -0.079757 0.060377 -1.236425
    28 0.679998 -0.000001 -0.000001 -0.009793 0.087366 -0.396901
    29 3.698007 0.267555 -0.728972 -0.251030 0.113190 -0.988009
    30 1.749001 -0.000001 0.000003 -0.027279 0.015611 -1.209251
    31 0.959999 -0.000001 0.000001 -0.021572 0.033241 -0.769467
    32 3.768500 0.152546 0.071388 0.023707 0.090808 -0.993624
    33 2.037998 0.000001 0.000002 0.002780 -0.001970 -1.595162
    34 1.067001 0.000001 0.000002 0.000910 -0.007327 -0.630919
    35 3.783924 -0.017260 0.794558 0.334827 0.116266 -0.897362
    36 1.629002 -0.000001 0.000003 0.067830 -0.020132 -1.488590
    37 0.956000 0.000000 0.000001 0.036490 -0.060661 -0.703163
    38 1.258965 -0.297983 1.252590 -1.260914 -0.398090 -1.223426
    39 1.393001 0.000001 0.000000 0.001097 -0.128777 0.597412
    40 1.100002 0.000001 -0.000003 -0.112955 -0.225757 0.621686
    41 3.549266 0.211411 1.487664 0.414895 -0.091137 -0.831930
    42 1.218999 -0.000001 -0.000002 0.076519 -0.060605 -1.221542
    43 0.679999 0.000001 0.000000 0.029119 -0.082748 -0.641951
    44 3.698016 0.273718 0.726617 0.249337 -0.111218 -0.991791
    45 1.748999 0.000000 -0.000002 0.020255 -0.017985 -1.043218
    46 0.959996 0.000000 0.000000 0.015675 -0.036226 -0.705571
    47 3.768499 0.151954 -0.072746 -0.037251 -0.087165 -0.866613
    48 2.037997 0.000002 -0.000003 -0.004272 0.001742 -1.428344
    49 1.066998 0.000000 -0.000001 -0.001429 0.005624 -0.566382
    50 3.783906 -0.023949 -0.794455 -0.349887 -0.068399 -0.758152
    51 1.629001 0.000002 0.000000 -0.062588 0.029671 -1.321899
    52 0.955999 0.000000 -0.000002 -0.031449 0.062230 -0.638366
    53 1.258940 -0.308543 -1.250054 1.287313 0.528325 -0.661034
    54 1.392999 0.000000 -0.000003 -0.001788 0.370555 0.932381
    55 1.099998 -0.000002 -0.000003 0.000000 -0.013127 -0.286815
    56 0.578998 0.704300 0.000000 0.000000 -1.570790 -3.044320
    57 2.577897 -4.075848 1.825547 1.570743 -1.473520 1.570850
    58 -2.577999 -4.075848 1.825549 1.570743 -1.473520 1.570850
    59 2.330669 -1.877754 0.104131 -1.861302 0.207908 -1.328386
  time 79
    0 -0.003395 0.004619 23.307130 1.205570 0.000959 0.000179
    1 0.001573 4.212781 -1.689849 1.570593 -0.242651 1.555639
    2 3.837410 0.000000 0.000000 0.009335 -0.010838 0.196138
    3 3.617862 0.000000 0.000000 0.008235 -0.009885 0.064708
    4 7.539774 0.000000 0.000000 0.000000 0.000000 0.155813
    5 3.178292 0.000001 0.000000 3.215443 -0.007366 -0.005597
    6 2.970271 0.000000 0.000001 -0.434299 -0.086711 0.168338
    7 -0.000002 0.000001 0.000000 -1.570796 0.000000 -1.326450
    8 2.023705 0.907460 0.852577 3.370129 -1.253630 1.176346
    9 4.983657 -0.000003 0.000000 -2.043833 -1.105680 0.007945
    10 11.123049 -0.000003 0.000001 -0.000001 -0.000001 -0.771209
    11 11.208297 -0.000001 0.000013 1.743591 -0.072438 0.621908
    12 2.676087 -1.712447 0.000003 1.570795 0.000000 1.570797
    13 2.023707 0.907463 -0.852527 -1.892972 1.317933 -3.569341
    14 4.983657 -0.000004 0.000000 1.656559 0.241723 -0.421533
    15 11.123040 -0.000006 -0.000006 0.000000 0.000001 -0.797456
    16 11.208287 0.000000 -0.000016 -2.064727 0.318619 -0.249867
    17 2.676081 -1.712434 -0.000003 -1.570797 -0.000001 -1.570797
    18 3.984014 -0.000005 -0.000003 -2.646680 -1.448348 -0.212343
    19 15.940006 0.000002 0.000000 0.000000 0.000000 1.160199
    20 17.709558 0.000004 0.000002 -0.371525 -0.074114 -1.325438
    21 6.203996 0.000000 0.000001 -0.011146 0.000934 -0.500515
    22 -3.984013 0.000007 0.000007 -3.549227 -1.489218 0.252597
    23 15.940015 0.000000 0.000000 0.000000 0.000000 1.252275
    24 17.709572 -0.000006 0.000001 0.181330 0.202734 -1.377970
    25 6.204001 0.000003 -0.000001 -0.078651 -0.006185 -0.498943
    26 3.549240 0.198821 -1.489462 -0.030188 0.009870 -0.610326
    27 1.218999 -0.000001 0.000002 -0.079665 0.060377 -1.236112
    28 0.679998 -0.000001 -0.000001 -0.009722 0.087366 -0.396609
    29 3.698007 0.267555 -0.728972 -0.250960 0.113132 -0.987674
    30 1.749001 -0.000001 0.000003 -0.027124 0.015587 -1.208956
    31 0.959999 -0.000001 0.000001 -0.021474 0.033301 -0.769175
    32 3.768500 0.152546 0.071388 0.023756 0.090748 -0.993328
    33 2.037998 0.000001 0.000002 0.002841 -0.001958 -1.594856
    34 1.067001 0.000001 0.000002 0.000946 -0.007267 -0.630627
    35 3.783924 -0.017260 0.794558 0.334887 0.116205 -0.897026
    36 1.629002 -0.000001 0.000003 0.067791 -0.020132 -1.488270
    37 0.956000 0.000000 0.000001 0.036425 -0.060661 -0.702821
    38 1.258965 -0.297983 1.252590 -1.260828 -0.398157 -1.223132
    39 1.393001 0.000001 0.000000 0.001097 -0.129102 0.597470
    40 1.100002 0.000001 -0.000003 -0.113135 -0.226012 0.621775
    41 3.549266 0.211411 1.487664 0.414957 -0.091034 -0.831639
    42 1.218999 -0.000001 -0.000002 0.076519 -0.060605 -1.221542
    43 0.679999 0.000001 0.000000 0.029119 -0.082748 -0.641951
    44 3.698016 0.273718 0.726617 0.249373 -0.111094 -0.991484
    45 1.748999 0.000000 -0.000002 0.020255 -0.017985 -1.043218
    46 0.959996 0.000000 0.000000 0.015675 -0.036226 -0.705571
    47 3.768499 0.151954 -0.072746 -0.037179 -0.087057 -0.866346
    48 2.037997 0.000002 -0.000003 -0.004272 0.001742 -1.428344
    49 1.066998 0.000000 -0.000001 -0.001429 0.005624 -0.566382
    50 3.783906 -0.023949 -0.794455 -0.349830 -0.068290 -0.757838
    51 1.629001 0.000002 0.000000 -0.062588 0.029671 -1.321899
    52 0.955999 0.000000 -0.000002 -0.031449 0.062230 -0.638366
    53 1.258940 -0.308543 -1.250054 1.287399 0.528412 -0.660672
    54 1.392999 0.000000 -0.000003 -0.001788 0.370555 0.932381
    55 1.099998 -0.000002 -0.000003 0.000000 -0.013127 -0.286815
    56 0.578998 0.704300 0.000000 0.000000 -1.570790 -3.044320
    57 2.577897 -4.075848 1.825547 1.570743 -1.473520 1.570850
    58 -2.577999 -4.075848 1.825549 1.570743 -1.473520 1.570850
    59 2.330669 -1.877754 0.104131 -1.861302 0.207908 -1.328386
  time 80
    0 -0.003395 0.004619 23.307130 1.205570 0.000959 0.000179
    1 0.001573 4.212781 -1.689849 1.570795 -0.242399 1.555292
    2 3.837410 0.000000 0.000000 0.009092 -0.010948 0.195973
    3 3.617862 0.000000 0.000000 0.007978 -0.009976 0.064554
    4 7.539774 0.000000 0.000000 0.000000 0.000000 0.155813
    5 3.178292 0.000001 0.000000 3.212393 -0.007245 -0.007606
    6 2.970271 0.000000 0.000001 -0.429986 -0.087816 0.165288
    7 -0.000002 0.000001 0.000000 -1.570796 0.000000 -1.326450
    8 2.023705 0.907460 0.852577 3.368022 -1.253868 1.178550
    9 4.983657 -0.000003 0.000000 -2.044024 -1.106745 0.007567
    10 11.123049 -0.000003 0.000001 -0.000001 -0.000001 -0.769413
    11 11.208297 -0.000001 0.000013 1.745413 -0.072833 0.621267
    12 2.676087 -1.712447 0.000003 1.570795 0.000000 1.570797
    13 2.023707 0.907463 -0.852527 -1.891824 1.318786 -3.569150
    14 4.983657 -0.000004 0.000000 1.653110 0.243394 -0.422383
    15 11.123040 -0.000006 -0.000006 0.000000 0.000001 -0.794297
    16 11.208287 0.000000 -0.000016 -2.063021 0.320023 -0.250743
    17 2.676081 -1.712434 -0.000003 -1.570797 -0.000001 -1.570797
    18 3.984014 -0.000005 -0.000003 -2.649268 -1.447789 -0.210618
    19 15.940006 0.000002 0.000000 0.000000 0.000000 1.159904
    20 17.709558 0.000004 0.000002 -0.370463 -0.072868 -1.325871
    21 6.203996 0.000000 0.000001 -0.011146 0.000934 -0.500515
    22 -3.984013 0.000007 0.000007 -3.548173 -1.488477 0.250489
    23 15.940015 0.000000 0.000000 0.000000 0.000000 1.252275
    24 17.709572 -0.000006 0.000001 0.182695 0.203803 -1.377626
    25 6.204001 0.000003 -0.000001 -0.078651 -0.006185 -0.498943
    26 3.549240 0.198821 -1.489462 -0.030168 0.009764 -0.609937
    27 1.218999 -0.000001 0.000002 -0.079558 0.060377 -1.235746
    28 0.679998 -0.000001 -0.000001 -0.009633 0.087366 -0.396192
    29 3.698007 0.267555 -0.728972 -0.250890 0.113046 -0.987292
    30 1.749001 -0.000001 0.000003 -0.026969 0.015551 -1.208611
    31 0.959999 -0.000001 0.000001 -0.021318 0.033372 -0.768800
    32 3.768500 0.152546 0.071388 0.023838 0.090689 -0.992933
    33 2.037998 0.000001 0.000002 0.002903 -0.001910 -1.594448
    34 1.067001 0.000001 0.000002 0.000964 -0.007207 -0.630210
    35 3.783924 -0.017260 0.794558 0.334947 0.116128 -0.896643
    36 1.629002 -0.000001 0.000003 0.067731 -0.020111 -1.487858
    37 0.956000 0.000000 0.000001 0.036360 -0.060649 -0.702447
    38 1.258965 -0.297983 1.252590 -1.260743 -0.398201 -1.222765
    39 1.393001 0.000001 0.000000 0.001097 -0.129498 0.597498
    40 1.100002 0.000001 -0.000003 -0.113363 -0.226353 0.621864
    41 3.549266 0.211411 1.487664 0.415020 -0.090910 -0.831298
    42 1.218999 -0.000001 -0.000002 0.076519 -0.060605 -1.221542
    43 0.679999 0.000001 0.000000 0.029119 -0.082748 -0.641951
    44 3.698016 0.273718 0.726617 0.249421 -0.110956 -0.991125
    45 1.748999 0.000000 -0.000002 0.020255 -0.017985 -1.043218
    46 0.959996 0.000000 0.000000 0.015675 -0.036226 -0.705571
    47 3.768499 0.151954 -0.072746 -0.037119 -0.086937 -0.865971
    48 2.037997 0.000002 -0.000003 -0.004272 0.001742 -1.428344
    49 1.066998 0.000000 -0.000001 -0.001429 0.005624 -0.566382
    50 3.783906 -0.023949 -0.794455 -0.349744 -0.068167 -0.757524
    51 1.629001 0.000002 0.000000 -0.062588 0.029671 -1.321899
    52 0.955999 0.000000 -0.000002 -0.031449 0.062242 -0.638366
    53 1.258940 -0.308543 -1.250054 1.287486 0.528520 -0.660273
    54 1.392999 0.000000 -0.000003 -0.001788 0.370555 0.932381
    55 1.099998 -0.000002 -0.000003 0.000000 -0.013127 -0.286815
    56 0.578998 0.704300 0.000000 0.000000 -1.570790 -3.044320
    57 2.577897 -4.075848 1.825547 1.570743 -1.473520 1.570850
    58 -2.577999 -4.075848 1.825549 1.570743 -1.473520 1.570850
    59 2.330669 -1.877754 0.104131 -1.861302 0.207908 -1.328386
  time 81
    0 -0.003395 0.004619 23.307130 1.205570 0.000959 0.000179
    1 0.001573 4.212781 -1.689849 1.570795 -0.242148 1.554984
    2 3.837410 0.000000 0.000000 0.008808 -0.011075 0.195793
    3 3.617862 0.000000 0.000000 0.007696 -0.010097 0.064383
    4 7.539774 0.000000 0.000000 0.000000 0.000000 0.155813
    5 3.178292 0.000001 0.000000 3.209058 -0.006563 -0.009702
    6 2.970271 0.000000 0.000001 -0.425040 -0.088329 0.162010
    7 -0.000002 0.000001 0.000000 -1.570796 0.000000 -1.326450
    8 2.023705 0.907460 0.852577 3.365818 -1.254026 1.180851
    9 4.983657 -0.000003 0.000000 -2.043833 -1.107252 0.006717
    10 11.123049 -0.000003 0.000001 -0.000001 -0.000001 -0.768009
    11 11.208297 -0.000001 0.000013 1.747426 -0.073184 0.620698
    12 2.676087 -1.712447 0.000003 1.570795 0.000000 1.570797
    13 2.023707 0.907463 -0.852527 -1.890771 1.319687 -3.568958
    14 4.983657 -0.000004 0.000000 1.649278 0.245447 -0.423234
    15 11.123040 -0.000006 -0.000006 0.000000 0.000001 -0.790949
    16 11.208287 0.000000 -0.000016 -2.061136 0.321520 -0.251618
    17 2.676081 -1.712434 -0.000003 -1.570797 -0.000001 -1.570797
    18 3.984014 -0.000005 -0.000003 -2.651376 -1.447268 -0.209277
    19 15.940006 0.000002 0.000000 0.000000 0.000000 1.159536
    20 17.709558 0.000004 0.000002 -0.369326 -0.071622 -1.326476
    21 6.203996 0.000000 0.000001 -0.011146 0.000934 -0.500515
    22 -3.984013 0.000007 0.000007 -3.547214 -1.487688 0.248572
    23 15.940015 0.000000 0.000000 0.000000 0.000000 1.252352
    24 17.709572 -0.000006 0.000001 0.184059 0.204804 -1.377282
    25 6.204001 0.000003 -0.000001 -0.078651 -0.006185 -0.498943
    26 3.549240 0.198821 -1.489462 -0.030107 0.009685 -0.609499
    27 1.218999 -0.000001 0.000002 -0.079435 0.060365 -1.235276
    28 0.679998 -0.000001 -0.000001 -0.009526 0.087366 -0.395732
    29 3.698007 0.267555 -0.728972 -0.250820 0.112960 -0.986813
    30 1.749001 -0.000001 0.000003 -0.026775 0.015504 -1.208168
    31 0.959999 -0.000001 0.000001 -0.021142 0.033468 -0.768383
    32 3.768500 0.152546 0.071388 0.023903 0.090593 -0.992489
    33 2.037998 0.000001 0.000002 0.002984 -0.001874 -1.594040
    34 1.067001 0.000001 0.000002 0.001001 -0.007123 -0.629751
    35 3.783924 -0.017260 0.794558 0.335007 0.116035 -0.896163
    36 1.629002 -0.000001 0.000003 0.067672 -0.020090 -1.487447
    37 0.956000 0.000000 0.000001 0.036295 -0.060637 -0.701981
    38 1.258965 -0.297983 1.252590 -1.260615 -0.398268 -1.222361
    39 1.393001 0.000001 0.000000 0.001097 -0.129948 0.597556
    40 1.100002 0.000001 -0.000003 -0.113626 -0.226736 0.621997
    41 3.549266 0.211411 1.487664 0.415099 -0.090786 -0.830958
    42 1.218999 -0.000001 -0.000002 0.076519 -0.060605 -1.221542
    43 0.679999 0.000001 0.000000 0.029119 -0.082748 -0.641951
    44 3.698016 0.273718 0.726617 0.249469 -0.110817 -0.990767
    45 1.748999 0.000000 -0.000002 0.020255 -0.017985 -1.043218
    46 0.959996 0.000000 0.000000 0.015675 -0.036226 -0.705571
    47 3.768499 0.151954 -0.072746 -0.037060 -0.086806 -0.865650
    48 2.037997 0.000002 -0.000003 -0.004272 0.001742 -1.428344
    49 1.066998 0.000000 -0.000001 -0.001429 0.005624 -0.566382
    50 3.783906 -0.023949 -0.794455 -0.349673 -0.068043 -0.757158
    51 1.629001 0.000002 0.000000 -0.062588 0.029671 -1.321899
    52 0.955999 0.000000 -0.000002 -0.031449 0.062230 -0.638366
    53 1.258940 -0.308543 -1.250054 1.287617 0.528650 -0.659874
    54 1.392999 0.000000 -0.000003 -0.001788 0.370555 0.932381
    55 1.099998 -0.000002 -0.000003 0.000000 -0.013127 -0.286815
    56 0.578998 0.704300 0.000000 0.000000 -1.570790 -3.044320
    57 2.577897 -4.075848 1.825547 1.570743 -1.473520 1.570850
    58 -2.577999 -4.075848 1.825549 1.570743 -1.473520 1.570850
    59 2.330669 -1.877754 0.104131 -1.861302 0.207908 -1.328386
  time 82
    0 -0.003395 0.004619 23.307130 1.205570 0.000959 0.000179
    1 0.001573 4.212781 -1.689849 1.570638 -0.241980 1.554714
    2 3.837410 0.000000 0.000000 0.008497 -0.011233 0.195579
    3 3.617862 0.000000 0.000000 0.007362 -0.010218 0.064161
    4 7.539774 0.000000 0.000000 0.000000 0.000000 0.155813
    5 3.178292 0.000001 0.000000 3.205524 -0.004797 -0.011478
    6 2.970271 0.000000 0.000001 -0.419416 -0.087697 0.158914
    7 -0.000002 0.000001 0.000000 -1.570796 0.000000 -1.326450
    8 2.023705 0.907460 0.852577 3.363519 -1.254144 1.183151
    9 4.983657 -0.000003 0.000000 -2.043355 -1.107202 0.005394
    10 11.123049 -0.000003 0.000001 -0.000001 -0.000001 -0.767111
    11 11.208297 -0.000001 0.000013 1.749439 -0.073579 0.620342
    12 2.676087 -1.712447 0.000003 1.570795 0.000000 1.570797
    13 2.023707 0.907463 -0.852527 -1.889814 1.320636 -3.568766
    14 4.983657 -0.000004 0.000000 1.645159 0.247690 -0.424179
    15 11.123040 -0.000006 -0.000006 0.000000 0.000001 -0.787600
    16 11.208287 0.000000 -0.000016 -2.059252 0.323111 -0.252348
    17 2.676081 -1.712434 -0.000003 -1.570797 -0.000001 -1.570797
    18 3.984014 -0.000005 -0.000003 -2.653102 -1.446821 -0.208223
    19 15.940006 0.000002 0.000000 0.000000 0.000000 1.159094
    20 17.709558 0.000004 0.000002 -0.368264 -0.070411 -1.327082
    21 6.203996 0.000000 0.000001 -0.011146 0.000934 -0.500515
    22 -3.984013 0.000007 0.000007 -3.546543 -1.486848 0.246847
    23 15.940015 0.000000 0.000000 0.000000 0.000000 1.252429
    24 17.709572 -0.000006 0.000001 0.185482 0.205701 -1.376889
    25 6.204001 0.000003 -0.000001 -0.078651 -0.006185 -0.498943
    26 3.549240 0.198821 -1.489462 -0.030067 0.009553 -0.609012
    27 1.218999 -0.000001 0.000002 -0.079298 0.060365 -1.234806
    28 0.679998 -0.000001 -0.000001 -0.009401 0.087366 -0.395231
    29 3.698007 0.267555 -0.728972 -0.250732 0.112873 -0.986335
    30 1.749001 -0.000001 0.000003 -0.026562 0.015456 -1.207725
    31 0.959999 -0.000001 0.000001 -0.020967 0.033564 -0.767924
    32 3.768500 0.152546 0.071388 0.024002 0.090497 -0.991996
    33 2.037998 0.000001 0.000002 0.003066 -0.001839 -1.593530
    34 1.067001 0.000001 0.000002 0.001037 -0.007039 -0.629251
    35 3.783924 -0.017260 0.794558 0.335087 0.115927 -0.895684
    36 1.629002 -0.000001 0.000003 0.067612 -0.020069 -1.486899
    37 0.956000 0.000000 0.000001 0.036209 -0.060625 -0.701483
    38 1.258965 -0.297983 1.252590 -1.260529 -0.398335 -1.221920
    39 1.393001 0.000001 0.000000 0.001115 -0.130453 0.597613
    40 1.100002 0.000001 -0.000003 -0.113926 -0.227140 0.622130
    41 3.549266 0.211411 1.487664 0.415177 -0.090642 -0.830569
    42 1.218999 -0.000001 -0.000002 0.076519 -0.060605 -1.221542
    43 0.679999 0.000001 0.000000 0.029119 -0.082748 -0.641951
    44 3.698016 0.273718 0.726617 0.249529 -0.110679 -0.990409
    45 1.748999 0.000000 -0.000002 0.020255 -0.017985 -1.043218
    46 0.959996 0.000000 0.000000 0.015675 -0.036226 -0.705571
    47 3.768499 0.151954 -0.072746 -0.036988 -0.086662 -0.865276
    48 2.037997 0.000002 -0.000003 -0.004272 0.001742 -1.428344
    49 1.066998 0.000000 -0.000001 -0.001429 0.005624 -0.566382
    50 3.783906 -0.023949 -0.794455 -0.349573 -0.067904 -0.756792
    51 1.629001 0.000002 0.000000 -0.062588 0.029671 -1.321899
    52 0.955999 0.000000 -0.000002 -0.031449 0.062230 -0.638366
    53 1.258940 -0.308543 -1.250054 1.287703 0.528759 -0.659440
    54 1.392999 0.000000 -0.000003 -0.001788 0.370555 0.932381
    55 1.099998 -0.000002 -0.000003 0.000000 -0.013127 -0.286815
    56 0.578998 0.704300 0.000000 0.000000 -1.570790 -3.044320
    57 2.577897 -4.075848 1.825547 1.570743 -1.473520 1.570850
    58 -2.577999 -4.075848 1.825549 1.570743 -1.473520 1.570850
    59 2.330669 -1.877754 0.104131 -1.861302 0.207908 -1.328386
  time 83
    0 -0.003395 0.004619 23.307130 1.205570 0.000959 0.000179
    1 0.001573 4.212781 -1.689849 1.570390 -0.241980 1.554560
    2 3.837410 0.000000 0.000000 0.008146 -0.011406 0.195349
    3 3.617862 0.000000 0.000000 0.007003 -0.010369 0.063939
    4 7.539774 0.000000 0.000000 0.000000 0.000000 0.155813
    5 3.178292 0.000001 0.000000 3.202046 -0.002850 -0.013341
    6 2.970271 0.000000 0.000001 -0.413666 -0.086750 0.155818
    7 -0.000002 0.000001 0.000000 -1.570796 0.000000 -1.326450
    8 2.023705 0.907460 0.852577 3.361029 -1.254184 1.185642
    9 4.983657 -0.000003 0.000000 -2.042877 -1.106593 0.003882
    10 11.123049 -0.000003 0.000001 -0.000001 -0.000001 -0.767111
    11 11.208297 -0.000001 0.000013 1.751549 -0.073886 0.620413
    12 2.676087 -1.712447 0.000003 1.570795 0.000000 1.570797
    13 2.023707 0.907463 -0.852527 -1.888762 1.321584 -3.568670
    14 4.983657 -0.000004 0.000000 1.641040 0.249791 -0.424935
    15 11.123040 -0.000006 -0.000006 0.000000 0.000001 -0.784820
    16 11.208287 0.000000 -0.000016 -2.057277 0.324795 -0.252859
    17 2.676081 -1.712434 -0.000003 -1.570797 -0.000001 -1.570797
    18 3.984014 -0.000005 -0.000003 -2.654635 -1.446374 -0.207361
    19 15.940006 0.000002 0.000000 0.000000 0.000000 1.158726
    20 17.709558 0.000004 0.000002 -0.367278 -0.069200 -1.327688
    21 6.203996 0.000000 0.000001 -0.011146 0.000934 -0.500515
    22 -3.984013 0.000007 0.000007 -3.546160 -1.486009 0.245505
    23 15.940015 0.000000 0.000000 0.000000 0.000000 1.252582
    24 17.709572 -0.000006 0.000001 0.186965 0.206494 -1.376447
    25 6.204001 0.000003 -0.000001 -0.078651 -0.006185 -0.498943
    26 3.549240 0.198821 -1.489462 -0.030006 0.009421 -0.608428
    27 1.218999 -0.000001 0.000002 -0.079129 0.060353 -1.234232
    28 0.679998 -0.000001 -0.000001 -0.009276 0.087366 -0.394689
    29 3.698007 0.267555 -0.728972 -0.250645 0.112773 -0.985761
    30 1.749001 -0.000001 0.000003 -0.026329 0.015408 -1.207183
    31 0.959999 -0.000001 0.000001 -0.020752 0.033672 -0.767424
    32 3.768500 0.152546 0.071388 0.024084 0.090401 -0.991453
    33 2.037998 0.000001 0.000002 0.003148 -0.001791 -1.592969
    34 1.067001 0.000001 0.000002 0.001091 -0.006944 -0.628709
    35 3.783924 -0.017260 0.794558 0.335187 0.115819 -0.895109
    36 1.629002 -0.000001 0.000003 0.067533 -0.020027 -1.486351
    37 0.956000 0.000000 0.000001 0.036122 -0.060613 -0.700892
    38 1.258965 -0.297983 1.252590 -1.260401 -0.398402 -1.221442
    39 1.393001 0.000001 0.000000 0.001115 -0.131030 0.597670
    40 1.100002 0.000001 -0.000003 -0.114250 -0.227608 0.622263
    41 3.549266 0.211411 1.487664 0.415256 -0.090497 -0.830180
    42 1.218999 -0.000001 -0.000002 0.076519 -0.060605 -1.221542
    43 0.679999 0.000001 0.000000 0.029119 -0.082748 -0.641951
    44 3.698016 0.273718 0.726617 0.249577 -0.110527 -0.989999
    45 1.748999 0.000000 -0.000002 0.020255 -0.017985 -1.043218
    46 0.959996 0.000000 0.000000 0.015675 -0.036226 -0.705571
    47 3.768499 0.151954 -0.072746 -0.036904 -0.086530 -0.864848
    48 2.037997 0.000002 -0.000003 -0.004272 0.001742 -1.428344
    49 1.066998 0.000000 -0.000001 -0.001429 0.005624 -0.566382
    50 3.783906 -0.023949 -0.794455 -0.349487 -0.067764 -0.756426
    51 1.629001 0.000002 0.000000 -0.062588 0.029671 -1.321899
    52 0.955999 0.000000 -0.000002 -0.031449 0.062230 -0.638366
    53 1.258940 -0.308543 -1.250054 1.287834 0.528889 -0.658968
    54 1.392999 0.000000 -0.000003 -0.001788 0.370555 0.932381
    55 1.099998 -0.000002 -0.000003 0.000000 -0.013127 -0.286815
    56 0.578998 0.704300 0.000000 0.000000 -1.570790 -3.044320
    57 2.577897 -4.075848 1.825547 1.570743 -1.473520 1.570850
    58 -2.577999 -4.075848 1.825549 1.570743 -1.473520 1.570850
    59 2.330669 -1.877754 0.104131 -1.861302 0.207908 -1.328386
  time 84
    0 -0.003395 0.004619 23.307130 1.205570 0.000914 0.000179
    1 0.001573 4.212781 -1.689849 1.570098 -0.242022 1.554521
    2 3.837410 0.000000 0.000000 0.007768 -0.011580 0.195103
    3 3.617862 0.000000 0.000000 0.006606 -0.010535 0.063700
    4 7.539774 0.000000 0.000000 0.000000 0.000000 0.155813
    5 3.178292 0.000001 0.000000 3.197885 -0.000702 -0.015292
    6 2.970271 0.000000 0.000001 -0.407071 -0.085645 0.152585
    7 -0.000002 0.000001 0.000000 -1.570796 0.000000 -1.326450
    8 2.023705 0.907460 0.852577 3.358442 -1.254184 1.188230
    9 4.983657 -0.000003 0.000000 -2.042113 -1.105629 0.001992
    10 11.123049 -0.000003 0.000001 -0.000001 -0.000001 -0.767392
    11 11.208297 -0.000001 0.000013 1.753754 -0.074237 0.620485
    12 2.676087 -1.712447 0.000003 1.570795 0.000000 1.570797
    13 2.023707 0.907463 -0.852527 -1.887805 1.322580 -3.568575
    14 4.983657 -0.000004 0.000000 1.636825 0.251891 -0.425785
    15 11.123040 -0.000006 -0.000006 0.000000 0.000001 -0.782293
    16 11.208287 0.000000 -0.000016 -2.055302 0.326527 -0.253151
    17 2.676081 -1.712434 -0.000003 -1.570797 -0.000001 -1.570797
    18 3.984014 -0.000005 -0.000003 -2.655977 -1.445890 -0.206498
    19 15.940006 0.000002 0.000000 0.000000 0.000000 1.158283
    20 17.709558 0.000004 0.000002 -0.366216 -0.067954 -1.328294
    21 6.203996 0.000000 0.000001 -0.011146 0.000934 -0.500515
    22 -3.984013 0.000007 0.000007 -3.546064 -1.485121 0.244355
    23 15.940015 0.000000 0.000000 0.000000 0.000000 1.252735
    24 17.709572 -0.000006 0.000001 0.188389 0.207219 -1.376005
    25 6.204001 0.000003 -0.000001 -0.078651 -0.006185 -0.498943
    26 3.549240 0.198821 -1.489462 -0.029966 0.009288 -0.607892
    27 1.218999 -0.000001 0.000002 -0.078976 0.060341 -1.233658
    28 0.679998 -0.000001 -0.000001 -0.009115 0.087381 -0.394063
    29 3.698007 0.267555 -0.728972 -0.250539 0.112658 -0.985187
    30 1.749001 -0.000001 0.000003 -0.026077 0.015348 -1.206641
    31 0.959999 -0.000001 0.000001 -0.020518 0.033792 -0.766840
    32 3.768500 0.152546 0.071388 0.024198 0.090281 -0.990812
    33 2.037998 0.000001 0.000002 0.003250 -0.001731 -1.592357
    34 1.067001 0.000001 0.000002 0.001127 -0.006848 -0.628125
    35 3.783924 -0.017260 0.794558 0.335267 0.115695 -0.894534
    36 1.629002 -0.000001 0.000003 0.067453 -0.019985 -1.485756
    37 0.956000 0.000000 0.000001 0.036014 -0.060601 -0.700301
    38 1.258965 -0.297983 1.252590 -1.260273 -0.398492 -1.220891
    39 1.393001 0.000001 0.000000 0.001115 -0.131624 0.597756
    40 1.100002 0.000001 -0.000003 -0.114597 -0.228119 0.622396
    41 3.549266 0.211411 1.487664 0.415334 -0.090373 -0.829791
    42 1.218999 -0.000001 -0.000002 0.076519 -0.060605 -1.221542
    43 0.679999 0.000001 0.000000 0.029119 -0.082748 -0.641951
    44 3.698016 0.273718 0.726617 0.249637 -0.110375 -0.989641
    45 1.748999 0.000000 -0.000002 0.020255 -0.017985 -1.043218
    46 0.959996 0.000000 0.000000 0.015675 -0.036226 -0.705571
    47 3.768499 0.151954 -0.072746 -0.036844 -0.086374 -0.864473
    48 2.037997 0.000002 -0.000003 -0.004272 0.001742 -1.428344
    49 1.066998 0.000000 -0.000001 -0.001429 0.005624 -0.566382
    50 3.783906 -0.023949 -0.794455 -0.349401 -0.067625 -0.756007
    51 1.629001 0.000002 0.000000 -0.062588 0.029671 -1.321899
    52 0.955999 0.000000 -0.000002 -0.031449 0.062230 -0.638366
    53 1.258940 -0.308543 -1.250054 1.287964 0.529019 -0.658497
    54 1.392999 0.000000 -0.000003 -0.001788 0.370555 0.932381
    55 1.099998 -0.000002 -0.000003 0.000000 -0.013127 -0.286815
    56 0.578998 0.704300 0.000000 0.000000 -1.570790 -3.044320
    57 2.577897 -4.075848 1.825547 1.570743 -1.473520 1.570850
    58 -2.577999 -4.075848 1.825549 1.570743 -1.473520 1.570850
    59 2.330669 -1.877754 0.104131 -1.861302 0.207908 -1.328386
  time 85
    0 -0.003395 0.004619 23.307130 1.205570 0.000914 0.000179
    1 0.001573 4.212781 -1.689849 1.569761 -0.241959 1.554521
    2 3.837410 0.000000 0.000000 0.007349 -0.011785 0.194840
    3 3.617862 0.000000 0.000000 0.006183 -0.010702 0.063426
    4 7.539774 0.000000 0.000000 0.000000 0.000000 0.155813
    5 3.178292 0.000001 0.000000 3.193438 0.001525 -0.017272
    6 2.970271 0.000000 0.000001 -0.400052 -0.084382 0.149125
    7 -0.000002 0.000001 0.000000 -1.570796 0.000000 -1.326450
    8 2.023705 0.907460 0.852577 3.355760 -1.254144 1.190913
    9 4.983657 -0.000003 0.000000 -2.041158 -1.104665 -0.000181
    10 11.123049 -0.000003 0.000001 -0.000001 -0.000001 -0.767279
    11 11.208297 -0.000001 0.000013 1.755959 -0.074588 0.620342
    12 2.676087 -1.712447 0.000003 1.570795 0.000000 1.570797
    13 2.023707 0.907463 -0.852527 -1.886848 1.323575 -3.568575
    14 4.983657 -0.000004 0.000000 1.632322 0.254183 -0.426636
    15 11.123040 -0.000006 -0.000006 0.000000 0.000001 -0.779386
    16 11.208287 0.000000 -0.000016 -2.053238 0.328258 -0.253516
    17 2.676081 -1.712434 -0.000003 -1.570797 -0.000001 -1.570797
    18 3.984014 -0.000005 -0.000003 -2.657415 -1.445406 -0.205732
    19 15.940006 0.000002 0.000000 0.000000 0.000000 1.157841
    20 17.709558 0.000004 0.000002 -0.365078 -0.066672 -1.328900
    21 6.203996 0.000000 0.000001 -0.011146 0.000934 -0.500515
    22 -3.984013 0.000007 0.000007 -3.546160 -1.484232 0.243397
    23 15.940015 0.000000 0.000000 0.000000 0.000000 1.252965
    24 17.709572 -0.000006 0.000001 0.189872 0.207839 -1.375513
    25 6.204001 0.000003 -0.000001 -0.078651 -0.006185 -0.498943
    26 3.549240 0.198821 -1.489462 -0.029906 0.009130 -0.607260
    27 1.218999 -0.000001 0.000002 -0.078792 0.060341 -1.233031
    28 0.679998 -0.000001 -0.000001 -0.008990 0.087381 -0.393436
    29 3.698007 0.267555 -0.728972 -0.250417 0.112528 -0.984565
    30 1.749001 -0.000001 0.000003 -0.025825 0.015288 -1.206100
    31 0.959999 -0.000001 0.000001 -0.020283 0.033912 -0.766256
    32 3.768500 0.152546 0.071388 0.024313 0.090173 -0.990220
    33 2.037998 0.000001 0.000002 0.003331 -0.001671 -1.591745
    34 1.067001 0.000001 0.000002 0.001182 -0.006740 -0.627500
    35 3.783924 -0.017260 0.794558 0.335367 0.115587 -0.893911
    36 1.629002 -0.000001 0.000003 0.067374 -0.019964 -1.485117
    37 0.956000 0.000000 0.000001 0.035928 -0.060601 -0.699679
    38 1.258965 -0.297983 1.252590 -1.260102 -0.398581 -1.220340
    39 1.393001 0.000001 0.000000 0.001133 -0.132237 0.597814
    40 1.100002 0.000001 -0.000003 -0.114957 -0.228609 0.622574
    41 3.549266 0.211411 1.487664 0.415413 -0.090229 -0.829402
    42 1.218999 -0.000001 -0.000002 0.076519 -0.060605 -1.221542
    43 0.679999 0.000001 0.000000 0.029119 -0.082748 -0.641951
    44 3.698016 0.273718 0.726617 0.249685 -0.110209 -0.989231
    45 1.748999 0.000000 -0.000002 0.020255 -0.017985 -1.043218
    46 0.959996 0.000000 0.000000 0.015675 -0.036226 -0.705571
    47 3.768499 0.151954 -0.072746 -0.036760 -0.086230 -0.864045
    48 2.037997 0.000002 -0.000003 -0.004272 0.001742 -1.428344
    49 1.066998 0.000000 -0.000001 -0.001429 0.005624 -0.566382
    50 3.783906 -0.023949 -0.794455 -0.349315 -0.067470 -0.755589
    51 1.629001 0.000002 0.000000 -0.062588 0.029671 -1.321899
    52 0.955999 0.000000 -0.000002 -0.031449 0.062230 -0.638366
    53 1.258940 -0.308543 -1.250054 1.288094 0.529149 -0.658026
    54 1.392999 0.000000 -0.000003 -0.001788 0.370555 0.932381
    55 1.099998 -0.000002 -0.000003 0.000000 -0.013127 -0.286815
    56 0.578998 0.704300 0.000000 0.000000 -1.570790 -3.044320
    57 2.577897 -4.075848 1.825547 1.570743 -1.473520 1.570850
    58 -2.577999 -4.075848 1.825549 1.570743 -1.473520 1.570850
    59 2.330669 -1.877754 0.104131 -1.861302 0.207908 -1.328386
  time 86
    0 -0.003395 0.004619 23.307130 1.205476 0.000914 0.000179
    1 0.001573 4.212781 -1.689849 1.569424 -0.241813 1.554560
    2 3.837410 0.000000 0.000000 0.006917 -0.011991 0.194544
    3 3.617862 0.000000 0.000000 0.005734 -0.010883 0.063136
    4 7.539774 0.000000 0.000000 0.000000 0.000000 0.155813
    5 3.178292 0.000001 0.000000 3.188906 0.003874 -0.019252
    6 2.970271 0.000000 0.000001 -0.392865 -0.082981 0.145529
    7 -0.000002 0.000001 0.000000 -1.570796 0.000000 -1.326450
    8 2.023705 0.907460 0.852577 3.352982 -1.254026 1.193501
    9 4.983657 -0.000003 0.000000 -2.039916 -1.103651 -0.002732
    10 11.123049 -0.000003 0.000001 -0.000001 -0.000001 -0.766999
    11 11.208297 -0.000001 0.000013 1.758260 -0.074939 0.619987
    12 2.676087 -1.712447 0.000003 1.570795 0.000000 1.570797
    13 2.023707 0.907463 -0.852527 -1.885986 1.324571 -3.568575
    14 4.983657 -0.000004 0.000000 1.627628 0.256665 -0.427581
    15 11.123040 -0.000006 -0.000006 0.000000 0.000001 -0.776354
    16 11.208287 0.000000 -0.000016 -2.051263 0.330083 -0.253808
    17 2.676081 -1.712434 -0.000003 -1.570797 -0.000001 -1.570797
    18 3.984014 -0.000005 -0.000003 -2.658852 -1.444959 -0.204965
    19 15.940006 0.000002 0.000000 0.000000 0.000000 1.157399
    20 17.709558 0.000004 0.000002 -0.364016 -0.065390 -1.329592
    21 6.203996 0.000000 0.000001 -0.011146 0.000934 -0.500515
    22 -3.984013 0.000007 0.000007 -3.546447 -1.483393 0.242822
    23 15.940015 0.000000 0.000000 0.000000 0.000000 1.253195
    24 17.709572 -0.000006 0.000001 0.191355 0.208391 -1.374973
    25 6.204001 0.000003 -0.000001 -0.078651 -0.006185 -0.498943
    26 3.549240 0.198821 -1.489462 -0.029845 0.008971 -0.606627
    27 1.218999 -0.000001 0.000002 -0.078608 0.060341 -1.232405
    28 0.679998 -0.000001 -0.000001 -0.008829 0.087381 -0.392810
    29 3.698007 0.267555 -0.728972 -0.250312 0.112413 -0.983895
    30 1.749001 -0.000001 0.000003 -0.025534 0.015228 -1.205509
    31 0.959999 -0.000001 0.000001 -0.020049 0.034044 -0.765672
    32 3.768500 0.152546 0.071388 0.024411 0.090041 -0.989578
    33 2.037998 0.000001 0.000002 0.003433 -0.001611 -1.591082
    34 1.067001 0.000001 0.000002 0.001236 -0.006620 -0.626874
    35 3.783924 -0.017260 0.794558 0.335467 0.115448 -0.893288
    36 1.629002 -0.000001 0.000003 0.067294 -0.019922 -1.484477
    37 0.956000 0.000000 0.000001 0.035820 -0.060577 -0.699026
    38 1.258965 -0.297983 1.252590 -1.259974 -0.398671 -1.219753
    39 1.393001 0.000001 0.000000 0.001133 -0.132886 0.597900
    40 1.100002 0.000001 -0.000003 -0.115328 -0.229162 0.622707
    41 3.549266 0.211411 1.487664 0.415492 -0.090084 -0.829013
    42 1.218999 -0.000001 -0.000002 0.076519 -0.060605 -1.221542
    43 0.679999 0.000001 0.000000 0.029119 -0.082748 -0.641951
    44 3.698016 0.273718 0.726617 0.249744 -0.110057 -0.988822
    45 1.748999 0.000000 -0.000002 0.020255 -0.017985 -1.043218
    46 0.959996 0.000000 0.000000 0.015675 -0.036226 -0.705571
    47 3.768499 0.151954 -0.072746 -0.036688 -0.086087 -0.863671
    48 2.037997 0.000002 -0.000003 -0.004272 0.001742 -1.428344
    49 1.066998 0.000000 -0.000001 -0.001429 0.005624 -0.566382
    50 3.783906 -0.023949 -0.794455 -0.349229 -0.067331 -0.755223
    51 1.629001 0.000002 0.000000 -0.062588 0.029671 -1.321899
    52 0.955999 0.000000 -0.000002 -0.031449 0.062242 -0.638366
    53 1.258940 -0.308543 -1.250054 1.288181 0.529279 -0.657591
    54 1.392999 0.000000 -0.000003 -0.001788 0.370555 0.932381
    55 1.099998 -0.000002 -0.000003 0.000000 -0.013127 -0.286815
    56 0.578998 0.704300 0.000000 0.000000 -1.570790 -3.044320
    57 2.577897 -4.075848 1.825547 1.570743 -1.473520 1.570850
    58 -2.577999 -4.075848 1.825549 1.570743 -1.473520 1.570850
    59 2.330669 -1.877754 0.104131 -1.861302 0.207908 -1.328386
  time 87
    0 -0.003395 0.004619 23.307130 1.205476 0.000869 0.000179
    1 0.001573 4.212781 -1.689849 1.569064 -0.241666 1.554637
    2 3.837410 0.000000 0.000000 0.006471 -0.012212 0.194248
    3 3.617862 0.000000 0.000000 0.005272 -0.011080 0.062845
    4 7.539774 0.000000 0.000000 0.000000 0.000000 0.155813
    5 3.178292 0.000001 0.000000 3.184317 0.006282 -0.021232
    6 2.970271 0.000000 0.000001 -0.385508 -0.081461 0.141932
    7 -0.000002 0.000001 0.000000 -1.570796 0.000000 -1.326450
    8 2.023705 0.907460 0.852577 3.350203 -1.253907 1.196280
    9 4.983657 -0.000003 0.000000 -2.038578 -1.102535 -0.005472
    10 11.123049 -0.000003 0.000001 -0.000001 -0.000001 -0.766662
    11 11.208297 -0.000001 0.000013 1.760560 -0.075334 0.619560
    12 2.676087 -1.712447 0.000003 1.570795 0.000000 1.570797
    13 2.023707 0.907463 -0.852527 -1.885125 1.325614 -3.568670
    14 4.983657 -0.000004 0.000000 1.622934 0.259195 -0.428526
    15 11.123040 -0.000006 -0.000006 0.000000 0.000001 -0.773258
    16 11.208287 0.000000 -0.000016 -2.049199 0.331861 -0.254173
    17 2.676081 -1.712434 -0.000003 -1.570797 -0.000001 -1.570797
    18 3.984014 -0.000005 -0.000003 -2.660194 -1.444475 -0.204294
    19 15.940006 0.000002 0.000000 0.000000 0.000000 1.156957
    20 17.709558 0.000004 0.000002 -0.362879 -0.064108 -1.330284
    21 6.203996 0.000000 0.000001 -0.011146 0.000934 -0.500515
    22 -3.984013 0.000007 0.000007 -3.547118 -1.482505 0.242535
    23 15.940015 0.000000 0.000000 0.000000 0.000000 1.253425
    24 17.709572 -0.000006 0.000001 0.192779 0.208805 -1.374432
    25 6.204001 0.000003 -0.000001 -0.078651 -0.006185 -0.498943
    26 3.549240 0.198821 -1.489462 -0.029785 0.008813 -0.605994
    27 1.218999 -0.000001 0.000002 -0.078440 0.060329 -1.231726
    28 0.679998 -0.000001 -0.000001 -0.008669 0.087381 -0.392142
    29 3.698007 0.267555 -0.728972 -0.250206 0.112284 -0.983273
    30 1.749001 -0.000001 0.000003 -0.025263 0.015168 -1.204868
    31 0.959999 -0.000001 0.000001 -0.019795 0.034175 -0.765047
    32 3.768500 0.152546 0.071388 0.024526 0.089933 -0.988937
    33 2.037998 0.000001 0.000002 0.003556 -0.001563 -1.590470
    34 1.067001 0.000001 0.000002 0.001272 -0.006512 -0.626207
    35 3.783924 -0.017260 0.794558 0.335587 0.115309 -0.892617
    36 1.629002 -0.000001 0.000003 0.067215 -0.019880 -1.483837
    37 0.956000 0.000000 0.000001 0.035712 -0.060565 -0.698372
    38 1.258965 -0.297983 1.252590 -1.259803 -0.398760 -1.219202
    39 1.393001 0.000001 0.000000 0.001133 -0.133552 0.597957
    40 1.100002 0.000001 -0.000003 -0.115700 -0.229716 0.622885
    41 3.549266 0.211411 1.487664 0.415570 -0.089940 -0.828576
    42 1.218999 -0.000001 -0.000002 0.076519 -0.060605 -1.221542
    43 0.679999 0.000001 0.000000 0.029119 -0.082748 -0.641951
    44 3.698016 0.273718 0.726617 0.249804 -0.109905 -0.988412
    45 1.748999 0.000000 -0.000002 0.020255 -0.017985 -1.043218
    46 0.959996 0.000000 0.000000 0.015675 -0.036226 -0.705571
    47 3.768499 0.151954 -0.072746 -0.036616 -0.085931 -0.863296
    48 2.037997 0.000002 -0.000003 -0.004272 0.001742 -1.428344
    49 1.066998 0.000000 -0.000001 -0.001429 0.005624 -0.566382
    50 3.783906 -0.023949 -0.794455 -0.349129 -0.067192 -0.754804
    51 1.629001 0.000002 0.000000 -0.062588 0.029671 -1.321899
    52 0.955999 0.000000 -0.000002 -0.031449 0.062230 -0.638366
    53 1.258940 -0.308543 -1.250054 1.288311 0.529409 -0.657120
    54 1.392999 0.000000 -0.000003 -0.001788 0.370555 0.932381
    55 1.099998 -0.000002 -0.000003 0.000000 -0.013127 -0.286815
    56 0.578998 0.704300 0.000000 0.000000 -1.570790 -3.044320
    57 2.577897 -4.075848 1.825547 1.570743 -1.473520 1.570850
    58 -2.577999 -4.075848 1.825549 1.570743 -1.473520 1.570850
    59 2.330669 -1.877754 0.104131 -1.861302 0.207908 -1.328386
  time 88
    0 -0.003395 0.004619 23.307130 1.205476 0.000824 0.000179
    1 0.001573 4.212781 -1.689849 1.568705 -0.241519 1.554714
    2 3.837410 0.000000 0.000000 0.005999 -0.012449 0.193936
    3 3.617862 0.000000 0.000000 0.004797 -0.011277 0.062538
    4 7.539774 0.000000 0.000000 0.000000 0.000000 0.155813
    5 3.178292 0.000001 0.000000 3.179728 0.008731 -0.023212
    6 2.970271 0.000000 0.000001 -0.378109 -0.079902 0.138290
    7 -0.000002 0.000001 0.000000 -1.570796 0.000000 -1.326450
    8 2.023705 0.907460 0.852577 3.347234 -1.253709 1.199060
    9 4.983657 -0.000003 0.000000 -2.037050 -1.101368 -0.008307
    10 11.123049 -0.000003 0.000001 -0.000001 -0.000001 -0.766325
    11 11.208297 -0.000001 0.000013 1.762957 -0.075685 0.619204
    12 2.676087 -1.712447 0.000003 1.570795 0.000000 1.570797
    13 2.023707 0.907463 -0.852527 -1.884360 1.326658 -3.568766
    14 4.983657 -0.000004 0.000000 1.618240 0.261773 -0.429566
    15 11.123040 -0.000006 -0.000006 0.000000 0.000001 -0.770035
    16 11.208287 0.000000 -0.000016 -2.047224 0.333639 -0.254537
    17 2.676081 -1.712434 -0.000003 -1.570797 -0.000001 -1.570797
    18 3.984014 -0.000005 -0.000003 -2.661632 -1.443954 -0.203528
    19 15.940006 0.000002 0.000000 0.000000 0.000000 1.156515
    20 17.709558 0.000004 0.000002 -0.361741 -0.062790 -1.330890
    21 6.203996 0.000000 0.000001 -0.011146 0.000934 -0.500515
    22 -3.984013 0.000007 0.000007 -3.548077 -1.481665 0.242630
    23 15.940015 0.000000 0.000000 0.000000 0.000000 1.253732
    24 17.709572 -0.000006 0.000001 0.194202 0.209150 -1.373892
    25 6.204001 0.000003 -0.000001 -0.078651 -0.006185 -0.498943
    26 3.549240 0.198821 -1.489462 -0.029724 0.008654 -0.605313
    27 1.218999 -0.000001 0.000002 -0.078241 0.060329 -1.231099
    28 0.679998 -0.000001 -0.000001 -0.008508 0.087381 -0.391474
    29 3.698007 0.267555 -0.728972 -0.250084 0.112169 -0.982604
    30 1.749001 -0.000001 0.000003 -0.024991 0.015108 -1.204277
    31 0.959999 -0.000001 0.000001 -0.019541 0.034307 -0.764463
    32 3.768500 0.152546 0.071388 0.024641 0.089802 -0.988246
    33 2.037998 0.000001 0.000002 0.003658 -0.001503 -1.589807
    34 1.067001 0.000001 0.000002 0.001326 -0.006404 -0.625540
    35 3.783924 -0.017260 0.794558 0.335667 0.115170 -0.891946
    36 1.629002 -0.000001 0.000003 0.067116 -0.019859 -1.483152
    37 0.956000 0.000000 0.000001 0.035603 -0.060553 -0.697719
    38 1.258965 -0.297983 1.252590 -1.259675 -0.398872 -1.218577
    39 1.393001 0.000001 0.000000 0.001150 -0.134219 0.598043
    40 1.100002 0.000001 -0.000003 -0.116095 -0.230269 0.623018
    41 3.549266 0.211411 1.487664 0.415633 -0.089795 -0.828235
    42 1.218999 -0.000001 -0.000002 0.076519 -0.060605 -1.221542
    43 0.679999 0.000001 0.000000 0.029119 -0.082748 -0.641951
    44 3.698016 0.273718 0.726617 0.249852 -0.109767 -0.988054
    45 1.748999 0.000000 -0.000002 0.020255 -0.017985 -1.043218
    46 0.959996 0.000000 0.000000 0.015675 -0.036226 -0.705571
    47 3.768499 0.151954 -0.072746 -0.036544 -0.085799 -0.862922
    48 2.037997 0.000002 -0.000003 -0.004272 0.001742 -1.428344
    49 1.066998 0.000000 -0.000001 -0.001429 0.005624 -0.566382
    50 3.783906 -0.023949 -0.794455 -0.349043 -0.067053 -0.754438
    51 1.629001 0.000002 0.000000 -0.062588 0.029671 -1.321899
    52 0.955999 0.000000 -0.000002 -0.031449 0.062242 -0.638366
    53 1.258940 -0.308543 -1.250054 1.288442 0.529518 -0.656685
    54 1.392999 0.000000 -0.000003 -0.001788 0.370555 0.932381
    55 1.099998 -0.000002 -0.000003 0.000000 -0.013127 -0.286815
    56 0.578998 0.704300 0.000000 0.000000 -1.570790 -3.044320
    57 2.577897 -4.075848 1.825547 1.570743 -1.473520 1.570850
    58 -2.577999 -4.075848 1.825549 1.570743 -1.473520 1.570850
    59 2.330669 -1.877754 0.104131 -1.861302 0.207908 -1.328386
  time 89
    0 -0.003395 0.004619 23.307130 1.205382 0.000778 0.000179
    1 0.001573 4.212781 -1.689849 1.568345 -0.241373 1.554791
    2 3.837410 0.000000 0.000000 0.005539 -0.012685 0.193608
    3 3.617862 0.000000 0.000000 0.004297 -0.011488 0.062213
    4 7.539774 0.000000 0.000000 0.000000 0.000000 0.155813
    5 3.178292 0.000001 0.000000 3.175196 0.011139 -0.025133
    6 2.970271 0.000000 0.000001 -0.370668 -0.078304 0.134738
    7 -0.000002 0.000001 0.000000 -1.570796 0.000000 -1.326450
    8 2.023705 0.907460 0.852577 3.344264 -1.253512 1.201839
    9 4.983657 -0.000003 0.000000 -2.035426 -1.100100 -0.011236
    10 11.123049 -0.000003 0.000001 -0.000001 -0.000001 -0.766100
    11 11.208297 -0.000001 0.000013 1.765258 -0.076080 0.618848
    12 2.676087 -1.712447 0.000003 1.570795 0.000000 1.570797
    13 2.023707 0.907463 -0.852527 -1.883498 1.327748 -3.568958
    14 4.983657 -0.000004 0.000000 1.613450 0.264351 -0.430605
    15 11.123040 -0.000006 -0.000006 0.000000 0.000001 -0.766813
    16 11.208287 0.000000 -0.000016 -2.045250 0.335370 -0.254902
    17 2.676081 -1.712434 -0.000003 -1.570797 -0.000001 -1.570797
    18 3.984014 -0.000005 -0.000003 -2.662878 -1.443470 -0.202953
    19 15.940006 0.000002 0.000000 0.000000 0.000000 1.156073
    20 17.709558 0.000004 0.000002 -0.360603 -0.061473 -1.331582
    21 6.203996 0.000000 0.000001 -0.011146 0.000934 -0.500515
    22 -3.984013 0.000007 0.000007 -3.549131 -1.480876 0.242822
    23 15.940015 0.000000 0.000000 0.000000 0.000000 1.254038
    24 17.709572 -0.000006 0.000001 0.195566 0.209392 -1.373302
    25 6.204001 0.000003 -0.000001 -0.078651 -0.006185 -0.498943
    26 3.549240 0.198821 -1.489462 -0.029663 0.008496 -0.604680
    27 1.218999 -0.000001 0.000002 -0.078057 0.060317 -1.230420
    28 0.679998 -0.000001 -0.000001 -0.008347 0.087396 -0.390806
    29 3.698007 0.267555 -0.728972 -0.249961 0.112054 -0.981934
    30 1.749001 -0.000001 0.000003 -0.024720 0.015036 -1.203637
    31 0.959999 -0.000001 0.000001 -0.019307 0.034439 -0.763837
    32 3.768500 0.152546 0.071388 0.024756 0.089682 -0.987605
    33 2.037998 0.000001 0.000002 0.003760 -0.001443 -1.589144
    34 1.067001 0.000001 0.000002 0.001381 -0.006296 -0.624873
    35 3.783924 -0.017260 0.794558 0.335787 0.115047 -0.891275
    36 1.629002 -0.000001 0.000003 0.067036 -0.019817 -1.482512
    37 0.956000 0.000000 0.000001 0.035495 -0.060541 -0.697035
    38 1.258965 -0.297983 1.252590 -1.259505 -0.398961 -1.218026
    39 1.393001 0.000001 0.000000 0.001168 -0.134886 0.598129
    40 1.100002 0.000001 -0.000003 -0.116479 -0.230801 0.623196
    41 3.549266 0.211411 1.487664 0.415711 -0.089671 -0.827846
    42 1.218999 -0.000001 -0.000002 0.076519 -0.060605 -1.221542
    43 0.679999 0.000001 0.000000 0.029119 -0.082748 -0.641951
    44 3.698016 0.273718 0.726617 0.249912 -0.109629 -0.987695
    45 1.748999 0.000000 -0.000002 0.020255 -0.017985 -1.043218
    46 0.959996 0.000000 0.000000 0.015675 -0.036226 -0.705571
    47 3.768499 0.151954 -0.072746 -0.036472 -0.085667 -0.862547
    48 2.037997 0.000002 -0.000003 -0.004272 0.001742 -1.428344
    49 1.066998 0.000000 -0.000001 -0.001429 0.005624 -0.566382
    50 3.783906 -0.023949 -0.794455 -0.348972 -0.066929 -0.754072
    51 1.629001 0.000002 0.000000 -0.062588 0.029671 -1.321899
    52 0.955999 0.000000 -0.000002 -0.031449 0.062230 -0.638366
    53 1.258940 -0.308543 -1.250054 1.288529 0.529626 -0.656250
    54 1.392999 0.000000 -0.000003 -0.001788 0.370555 0.932381
    55 1.099998 -0.000002 -0.000003 0.000000 -0.013127 -0.286815
    56 0.578998 0.704300 0.000000 0.000000 -1.570790 -3.044320
    57 2.577897 -4.075848 1.825547 1.570743 -1.473520 1.570850
    58 -2.577999 -4.075848 1.825549 1.570743 -1.473520 1.570850
    59 2.330669 -1.877754 0.104131 -1.861302 0.207908 -1.328386
  time 90
    0 -0.003395 0.004619 23.307130 1.205382 0.000733 0.000083
    1 0.001573 4.212781 -1.689849 1.568031 -0.241310 1.554868
    2 3.837410 0.000000 0.000000 0.005053 -0.012922 0.193279
    3 3.617862 0.000000 0.000000 0.003810 -0.011700 0.061888
    4 7.539774 0.000000 0.000000 0.000000 0.000000 0.155813
    5 3.178292 0.000001 0.000000 3.170692 0.013507 -0.026997
    6 2.970271 0.000000 0.000001 -0.363269 -0.076725 0.131278
    7 -0.000002 0.000001 0.000000 -1.570796 0.000000 -1.326450
    8 2.023705 0.907460 0.852577 3.341198 -1.253275 1.204714
    9 4.983657 -0.000003 0.000000 -2.033802 -1.098781 -0.014165
    10 11.123049 -0.000003 0.000001 -0.000001 -0.000001 -0.765988
    11 11.208297 -0.000001 0.000013 1.767559 -0.076431 0.618635
    12 2.676087 -1.712447 0.000003 1.570795 0.000000 1.570797
    13 2.023707 0.907463 -0.852527 -1.882733 1.328839 -3.569150
    14 4.983657 -0.000004 0.000000 1.608852 0.266929 -0.431834
    15 11.123040 -0.000006 -0.000006 0.000000 0.000001 -0.763654
    16 11.208287 0.000000 -0.000016 -2.043365 0.337055 -0.255340
    17 2.676081 -1.712434 -0.000003 -1.570797 -0.000001 -1.570797
    18 3.984014 -0.000005 -0.000003 -2.664124 -1.442986 -0.202282
    19 15.940006 0.000002 0.000000 0.000000 0.000000 1.155631
    20 17.709558 0.000004 0.000002 -0.359466 -0.060191 -1.332275
    21 6.203996 0.000000 0.000001 -0.011146 0.000934 -0.500515
    22 -3.984013 0.000007 0.000007 -3.550569 -1.480086 0.243493
    23 15.940015 0.000000 0.000000 0.000000 0.000000 1.254421
    24 17.709572 -0.000006 0.000001 0.196871 0.209495 -1.372712
    25 6.204001 0.000003 -0.000001 -0.078651 -0.006185 -0.498943
    26 3.549240 0.198821 -1.489462 -0.029603 0.008337 -0.604047
    27 1.218999 -0.000001 0.000002 -0.077889 0.060305 -1.229794
    28 0.679998 -0.000001 -0.000001 -0.008204 0.087396 -0.390180
    29 3.698007 0.267555 -0.728972 -0.249856 0.111924 -0.981312
    30 1.749001 -0.000001 0.000003 -0.024448 0.014976 -1.203046
    31 0.959999 -0.000001 0.000001 -0.019053 0.034559 -0.763212
    32 3.768500 0.152546 0.071388 0.024870 0.089562 -0.986963
    33 2.037998 0.000001 0.000002 0.003862 -0.001383 -1.588481
    34 1.067001 0.000001 0.000002 0.001435 -0.006189 -0.624247
    35 3.783924 -0.017260 0.794558 0.335887 0.114908 -0.890651
    36 1.629002 -0.000001 0.000003 0.066957 -0.019796 -1.481872
    37 0.956000 0.000000 0.000001 0.035387 -0.060529 -0.696382
    38 1.258965 -0.297983 1.252590 -1.259376 -0.399051 -1.217439
    39 1.393001 0.000001 0.000000 0.001168 -0.135516 0.598186
    40 1.100002 0.000001 -0.000003 -0.116838 -0.231333 0.623373
    41 3.549266 0.211411 1.487664 0.415790 -0.089547 -0.827555
    42 1.218999 -0.000001 -0.000002 0.076519 -0.060605 -1.221542
    43 0.679999 0.000001 0.000000 0.029119 -0.082748 -0.641951
    44 3.698016 0.273718 0.726617 0.249960 -0.109504 -0.987337
    45 1.748999 0.000000 -0.000002 0.020255 -0.017985 -1.043218
    46 0.959996 0.000000 0.000000 0.015675 -0.036226 -0.705571
    47 3.768499 0.151954 -0.072746 -0.036412 -0.085547 -0.862226
    48 2.037997 0.000002 -0.000003 -0.004272 0.001742 -1.428344
    49 1.066998 0.000000 -0.000001 -0.001429 0.005624 -0.566382
    50 3.783906 -0.023949 -0.794455 -0.348886 -0.066805 -0.753758
    51 1.629001 0.000002 0.000000 -0.062588 0.029671 -1.321899
    52 0.955999 0.000000 -0.000002 -0.031449 0.062230 -0.638366
    53 1.258940 -0.308543 -1.250054 1.288659 0.529757 -0.655852
    54 1.392999 0.000000 -0.000003 -0.001788 0.370555 0.932381
    55 1.099998 -0.000002 -0.000003 0.000000 -0.013127 -0.286815
    56 0.578998 0.704300 0.000000 0.000000 -1.570790 -3.044320
    57 2.577897 -4.075848 1.825547 1.570743 -1.473520 1.570850
    58 -2.577999 -4.075848 1.825549 1.570743 -1.473520 1.570850
    59 2.330669 -1.877754 0.104131 -1.861302 0.207908 -1.328386
  time 91
    0 -0.003395 0.004619 23.307130 1.205382 0.000688 0.000083
    1 0.001573 4.212781 -1.689849 1.568008 -0.241289 1.554945
    2 3.837410 0.000000 0.000000 0.004567 -0.013175 0.192934
    3 3.617862 0.000000 0.000000 0.003297 -0.011912 0.061564
    4 7.539774 0.000000 0.000000 0.000000 0.000000 0.155813
    5 3.178292 0.000001 0.000000 3.166303 0.015655 -0.028773
    6 2.970271 0.000000 0.000001 -0.356208 -0.075403 0.128046
    7 -0.000002 0.000001 0.000000 -1.570796 0.000000 -1.326450
    8 2.023705 0.907460 0.852577 3.338037 -1.252958 1.207493
    9 4.983657 -0.000003 0.000000 -2.032177 -1.097867 -0.016810
    10 11.123049 -0.000003 0.000001 -0.000001 -0.000001 -0.765595
    11 11.208297 -0.000001 0.000013 1.769764 -0.076782 0.618350
    12 2.676087 -1.712447 0.000003 1.570795 0.000000 1.570797
    13 2.023707 0.907463 -0.852527 -1.882063 1.329929 -3.569341
    14 4.983657 -0.000004 0.000000 1.604446 0.269125 -0.433063
    15 11.123040 -0.000006 -0.000006 0.000000 0.000001 -0.760495
    16 11.208287 0.000000 -0.000016 -2.041480 0.338739 -0.255851
    17 2.676081 -1.712434 -0.000003 -1.570797 -0.000001 -1.570797
    18 3.984014 -0.000005 -0.000003 -2.665466 -1.442502 -0.201515
    19 15.940006 0.000002 0.000000 0.000000 0.000000 1.155189
    20 17.709558 0.000004 0.000002 -0.358328 -0.058909 -1.332881
    21 6.203996 0.000000 0.000001 -0.011146 0.000934 -0.500515
    22 -3.984013 0.000007 0.000007 -3.552198 -1.479345 0.244451
    23 15.940015 0.000000 0.000000 0.000000 0.000000 1.254728
    24 17.709572 -0.000006 0.000001 0.198176 0.209530 -1.372172
    25 6.204001 0.000003 -0.000001 -0.078651 -0.006185 -0.498943
    26 3.549240 0.198821 -1.489462 -0.029542 0.008205 -0.603463
    27 1.218999 -0.000001 0.000002 -0.077705 0.060305 -1.229167
    28 0.679998 -0.000001 -0.000001 -0.008044 0.087396 -0.389554
    29 3.698007 0.267555 -0.728972 -0.249751 0.111809 -0.980690
    30 1.749001 -0.000001 0.000003 -0.024177 0.014916 -1.202505
    31 0.959999 -0.000001 0.000001 -0.018838 0.034691 -0.762670
    32 3.768500 0.152546 0.071388 0.024985 0.089442 -0.986322
    33 2.037998 0.000001 0.000002 0.003964 -0.001335 -1.587869
    34 1.067001 0.000001 0.000002 0.001489 -0.006081 -0.623622
    35 3.783924 -0.017260 0.794558 0.335987 0.114784 -0.890028
    36 1.629002 -0.000001 0.000003 0.066878 -0.019754 -1.481233
    37 0.956000 0.000000 0.000001 0.035279 -0.060517 -0.695759
    38 1.258965 -0.297983 1.252590 -1.259206 -0.399140 -1.216888
    39 1.393001 0.000001 0.000000 0.001168 -0.136147 0.598243
    40 1.100002 0.000001 -0.000003 -0.117210 -0.231865 0.623506
    41 3.549266 0.211411 1.487664 0.415853 -0.089444 -0.827214
    42 1.218999 -0.000001 -0.000002 0.076519 -0.060605 -1.221542
    43 0.679999 0.000001 0.000000 0.029119 -0.082748 -0.641951
    44 3.698016 0.273718 0.726617 0.249996 -0.109380 -0.987030
    45 1.748999 0.000000 -0.000002 0.020255 -0.017985 -1.043218
    46 0.959996 0.000000 0.000000 0.015675 -0.036226 -0.705571
    47 3.768499 0.151954 -0.072746 -0.036364 -0.085427 -0.861905
    48 2.037997 0.000002 -0.000003 -0.004272 0.001742 -1.428344
    49 1.066998 0.000000 -0.000001 -0.001429 0.005624 -0.566382
    50 3.783906 -0.023949 -0.794455 -0.348814 -0.066697 -0.753444
    51 1.629001 0.000002 0.000000 -0.062588 0.029671 -1.321899
    52 0.955999 0.000000 -0.000002 -0.031449 0.062230 -0.638366
    53 1.258940 -0.308543 -1.250054 1.288746 0.529843 -0.655526
    54 1.392999 0.000000 -0.000003 -0.001788 0.370555 0.932381
    55 1.099998 -0.000002 -0.000003 0.000000 -0.013127 -0.286815
    56 0.578998 0.704300 0.000000 0.000000 -1.570790 -3.044320
    57 2.577897 -4.075848 1.825547 1.570743 -1.473520 1.570850
    58 -2.577999 -4.075848 1.825549 1.570743 -1.473520 1.570850
    59 2.330669 -1.877754 0.104131 -1.861302 0.207908 -1.328386
  time 92
    0 -0.003395 0.004619 23.307130 1.205287 0.000643 0.000083
    1 0.001573 4.212781 -1.689849 1.567739 -0.241289 1.554945
    2 3.837410 0.000000 0.000000 0.004081 -0.013428 0.192606
    3 3.617862 0.000000 0.000000 0.002797 -0.012139 0.061222
    4 7.539774 0.000000 0.000000 0.000000 0.000000 0.155813
    5 3.178292 0.000001 0.000000 3.162084 0.017381 -0.030345
    6 2.970271 0.000000 0.000001 -0.349020 -0.074416 0.125041
    7 -0.000002 0.000001 0.000000 -1.570796 0.000000 -1.326450
    8 2.023705 0.907460 0.852577 3.334876 -1.252642 1.210368
    9 4.983657 -0.000003 0.000000 -2.030362 -1.096346 -0.019739
    10 11.123049 -0.000003 0.000001 -0.000001 -0.000001 -0.765820
    11 11.208297 -0.000001 0.000013 1.771969 -0.077089 0.618279
    12 2.676087 -1.712447 0.000003 1.570795 0.000000 1.570797
    13 2.023707 0.907463 -0.852527 -1.881393 1.331020 -3.569629
    14 4.983657 -0.000004 0.000000 1.600039 0.271703 -0.434386
    15 11.123040 -0.000006 -0.000006 0.000000 0.000001 -0.757209
    16 11.208287 0.000000 -0.000016 -2.039685 0.340330 -0.256435
    17 2.676081 -1.712434 -0.000003 -1.570797 -0.000001 -1.570797
    18 3.984014 -0.000005 -0.000003 -2.666711 -1.442017 -0.200940
    19 15.940006 0.000002 0.000000 0.000000 0.000000 1.154747
    20 17.709558 0.000004 0.000002 -0.357190 -0.057662 -1.333486
    21 6.203996 0.000000 0.000001 -0.011146 0.000934 -0.500515
    22 -3.984013 0.000007 0.000007 -3.554115 -1.478654 0.245601
    23 15.940015 0.000000 0.000000 0.000000 0.000000 1.255111
    24 17.709572 -0.000006 0.000001 0.199363 0.209461 -1.371582
    25 6.204001 0.000003 -0.000001 -0.078651 -0.006185 -0.498943
    26 3.549240 0.198821 -1.489462 -0.029502 0.008073 -0.602879
    27 1.218999 -0.000001 0.000002 -0.077537 0.060293 -1.228593
    28 0.679998 -0.000001 -0.000001 -0.007919 0.087396 -0.388969
    29 3.698007 0.267555 -0.728972 -0.249645 0.111694 -0.980068
    30 1.749001 -0.000001 0.000003 -0.023925 0.014868 -1.201963
    31 0.959999 -0.000001 0.000001 -0.018604 0.034799 -0.762086
    32 3.768500 0.152546 0.071388 0.025083 0.089334 -0.985779
    33 2.037998 0.000001 0.000002 0.004066 -0.001275 -1.587308
    34 1.067001 0.000001 0.000002 0.001526 -0.005973 -0.623038
    35 3.783924 -0.017260 0.794558 0.336067 0.114661 -0.889453
    36 1.629002 -0.000001 0.000003 0.066798 -0.019712 -1.480639
    37 0.956000 0.000000 0.000001 0.035193 -0.060493 -0.695168
    38 1.258965 -0.297983 1.252590 -1.259078 -0.399229 -1.216374
    39 1.393001 0.000001 0.000000 0.001186 -0.136760 0.598329
    40 1.100002 0.000001 -0.000003 -0.117557 -0.232355 0.623684
    41 3.549266 0.211411 1.487664 0.415900 -0.089341 -0.826971
    42 1.218999 -0.000001 -0.000002 0.076519 -0.060605 -1.221542
    43 0.679999 0.000001 0.000000 0.029119 -0.082748 -0.641951
    44 3.698016 0.273718 0.726617 0.250032 -0.109270 -0.986774
    45 1.748999 0.000000 -0.000002 0.020255 -0.017985 -1.043218
    46 0.959996 0.000000 0.000000 0.015675 -0.036226 -0.705571
    47 3.768499 0.151954 -0.072746 -0.036305 -0.085332 -0.861637
    48 2.037997 0.000002 -0.000003 -0.004272 0.001742 -1.428344
    49 1.066998 0.000000 -0.000001 -0.001429 0.005624 -0.566382
    50 3.783906 -0.023949 -0.794455 -0.348757 -0.066588 -0.753182
    51 1.629001 0.000002 0.000000 -0.062588 0.029671 -1.321899
    52 0.955999 0.000000 -0.000002 -0.031449 0.062230 -0.638366
    53 1.258940 -0.308543 -1.250054 1.288833 0.529930 -0.655199
    54 1.392999 0.000000 -0.000003 -0.001788 0.370555 0.932381
    55 1.099998 -0.000002 -0.000003 0.000000 -0.013127 -0.286815
    56 0.578998 0.704300 0.000000 0.000000 -1.570790 -3.044320
    57 2.577897 -4.075848 1.825547 1.570743 -1.473520 1.570850
    58 -2.577999 -4.075848 1.825549 1.570743 -1.473520 1.570850
    59 2.330669 -1.877754 0.104131 -1.861302 0.207908 -1.328386
  time 93
    0 -0.003395 0.004619 23.307130 1.205287 0.000552 0.000083
    1 0.001573 4.212781 -1.689849 1.567401 -0.241289 1.554984
    2 3.837410 0.000000 0.000000 0.003608 -0.013665 0.192261
    3 3.617862 0.000000 0.000000 0.002309 -0.012351 0.060880
    4 7.539774 0.000000 0.000000 0.000000 0.000000 0.155813
    5 3.178292 0.000001 0.000000 3.158037 0.019849 -0.031743
    6 2.970271 0.000000 0.000001 -0.341833 -0.072601 0.122172
    7 -0.000002 0.000001 0.000000 -1.570796 0.000000 -1.326450
    8 2.023705 0.907460 0.852577 3.331714 -1.252326 1.213148
    9 4.983657 -0.000003 0.000000 -2.028356 -1.094722 -0.022763
    10 11.123049 -0.000003 0.000001 -0.000001 -0.000001 -0.766044
    11 11.208297 -0.000001 0.000013 1.774078 -0.077352 0.618279
    12 2.676087 -1.712447 0.000003 1.570795 0.000000 1.570797
    13 2.023707 0.907463 -0.852527 -1.880819 1.332111 -3.570012
    14 4.983657 -0.000004 0.000000 1.595728 0.274233 -0.435803
    15 11.123040 -0.000006 -0.000006 0.000000 0.000001 -0.753987
    16 11.208287 0.000000 -0.000016 -2.037979 0.341827 -0.257019
    17 2.676081 -1.712434 -0.000003 -1.570797 -0.000001 -1.570797
    18 3.984014 -0.000005 -0.000003 -2.668053 -1.441571 -0.200270
    19 15.940006 0.000002 0.000000 0.000000 0.000000 1.154378
    20 17.709558 0.000004 0.000002 -0.356052 -0.056452 -1.334092
    21 6.203996 0.000000 0.000001 -0.011146 0.000934 -0.500515
    22 -3.984013 0.000007 0.000007 -3.556320 -1.478013 0.247230
    23 15.940015 0.000000 0.000000 0.000000 0.000000 1.255494
    24 17.709572 -0.000006 0.000001 0.200430 0.209254 -1.371041
    25 6.204001 0.000003 -0.000001 -0.078651 -0.006185 -0.498943
    26 3.549240 0.198821 -1.489462 -0.029442 0.007941 -0.602343
    27 1.218999 -0.000001 0.000002 -0.077383 0.060281 -1.228019
    28 0.679998 -0.000001 -0.000001 -0.007776 0.087396 -0.388385
    29 3.698007 0.267555 -0.728972 -0.249540 0.111593 -0.979542
    30 1.749001 -0.000001 0.000003 -0.023692 0.014808 -1.201421
    31 0.959999 -0.000001 0.000001 -0.018409 0.034907 -0.761585
    32 3.768500 0.152546 0.071388 0.025182 0.089226 -0.985187
    33 2.037998 0.000001 0.000002 0.004148 -0.001239 -1.586748
    34 1.067001 0.000001 0.000002 0.001580 -0.005889 -0.622496
    35 3.783924 -0.017260 0.794558 0.336167 0.114553 -0.888878
    36 1.629002 -0.000001 0.000003 0.066719 -0.019691 -1.480045
    37 0.956000 0.000000 0.000001 0.035106 -0.060481 -0.694608
    38 1.258965 -0.297983 1.252590 -1.258950 -0.399296 -1.215859
    39 1.393001 0.000001 0.000000 0.001186 -0.137318 0.598387
    40 1.100002 0.000001 -0.000003 -0.117869 -0.232823 0.623817
    41 3.549266 0.211411 1.487664 0.415947 -0.089258 -0.826728
    42 1.218999 -0.000001 -0.000002 0.076519 -0.060605 -1.221542
    43 0.679999 0.000001 0.000000 0.029119 -0.082748 -0.641951
    44 3.698016 0.273718 0.726617 0.250068 -0.109173 -0.986518
    45 1.748999 0.000000 -0.000002 0.020255 -0.017985 -1.043218
    46 0.959996 0.000000 0.000000 0.015675 -0.036226 -0.705571
    47 3.768499 0.151954 -0.072746 -0.036257 -0.085248 -0.861370
    48 2.037997 0.000002 -0.000003 -0.004272 0.001742 -1.428344
    49 1.066998 0.000000 -0.000001 -0.001429 0.005624 -0.566382
    50 3.783906 -0.023949 -0.794455 -0.348700 -0.066511 -0.752921
    51 1.629001 0.000002 0.000000 -0.062588 0.029671 -1.321899
    52 0.955999 0.000000 -0.000002 -0.031449 0.062242 -0.638366
    53 1.258940 -0.308543 -1.250054 1.288876 0.529995 -0.654910
    54 1.392999 0.000000 -0.000003 -0.001788 0.370555 0.932381
    55 1.099998 -0.000002 -0.000003 0.000000 -0.013127 -0.286815
    56 0.578998 0.704300 0.000000 0.000000 -1.570790 -3.044320
    57 2.577897 -4.075848 1.825547 1.570743 -1.473520 1.570850
    58 -2.577999 -4.075848 1.825549 1.570743 -1.473520 1.570850
    59 2.330669 -1.877754 0.104131 -1.861302 0.207908 -1.328386
  time 94
    0 -0.003395 0.004619 23.307130 1.205193 0.000507 -0.000013
    1 0.001573 4.212781 -1.689849 1.566997 -0.241247 1.555254
    2 3.837410 0.000000 0.000000 0.003135 -0.013917 0.191916
    3 3.617862 0.000000 0.000000 0.001809 -0.012578 0.060556
    4 7.539774 0.000000 0.000000 0.000000 0.000000 0.155813
    5 3.178292 0.000001 0.000000 3.154189 0.022579 -0.033082
    6 2.970271 0.000000 0.000001 -0.334857 -0.070253 0.119395
    7 -0.000002 0.000001 0.000000 -1.570796 0.000000 -1.326450
    8 2.023705 0.907460 0.852577 3.328457 -1.251931 1.215927
    9 4.983657 -0.000003 0.000000 -2.026159 -1.092896 -0.026070
    10 11.123049 -0.000003 0.000001 -0.000001 -0.000001 -0.766325
    11 11.208297 -0.000001 0.000013 1.775996 -0.077615 0.618066
    12 2.676087 -1.712447 0.000003 1.570795 0.000000 1.570797
    13 2.023707 0.907463 -0.852527 -1.880341 1.333249 -3.570396
    14 4.983657 -0.000004 0.000000 1.591417 0.276572 -0.437126
    15 11.123040 -0.000006 -0.000006 0.000000 0.000001 -0.751334
    16 11.208287 0.000000 -0.000016 -2.036453 0.343324 -0.257238
    17 2.676081 -1.712434 -0.000003 -1.570797 -0.000001 -1.570797
    18 3.984014 -0.000005 -0.000003 -2.669299 -1.441124 -0.199503
    19 15.940006 0.000002 0.000000 0.000000 0.000000 1.154010
    20 17.709558 0.000004 0.000002 -0.354991 -0.055276 -1.334698
    21 6.203996 0.000000 0.000001 -0.011146 0.000934 -0.500515
    22 -3.984013 0.000007 0.000007 -3.558524 -1.477420 0.248955
    23 15.940015 0.000000 0.000000 0.000000 0.000000 1.255954
    24 17.709572 -0.000006 0.000001 0.201498 0.209012 -1.370501
    25 6.204001 0.000003 -0.000001 -0.078651 -0.006185 -0.498943
    26 3.549240 0.198821 -1.489462 -0.029401 0.007809 -0.601808
    27 1.218999 -0.000001 0.000002 -0.077246 0.060281 -1.227549
    28 0.679998 -0.000001 -0.000001 -0.007669 0.087396 -0.387884
    29 3.698007 0.267555 -0.728972 -0.249452 0.111493 -0.979016
    30 1.749001 -0.000001 0.000003 -0.023479 0.014760 -1.200978
    31 0.959999 -0.000001 0.000001 -0.018214 0.035002 -0.761127
    32 3.768500 0.152546 0.071388 0.025264 0.089131 -0.984694
    33 2.037998 0.000001 0.000002 0.004229 -0.001191 -1.586238
    34 1.067001 0.000001 0.000002 0.001616 -0.005793 -0.621996
    35 3.783924 -0.017260 0.794558 0.336227 0.114460 -0.888399
    36 1.629002 -0.000001 0.000003 0.066659 -0.019670 -1.479542
    37 0.956000 0.000000 0.000001 0.035020 -0.060481 -0.694080
    38 1.258965 -0.297983 1.252590 -1.258821 -0.399363 -1.215419
    39 1.393001 0.000001 0.000000 0.001186 -0.137823 0.598444
    40 1.100002 0.000001 -0.000003 -0.118169 -0.233249 0.623906
    41 3.549266 0.211411 1.487664 0.415994 -0.089176 -0.826534
    42 1.218999 -0.000001 -0.000002 0.076519 -0.060605 -1.221542
    43 0.679999 0.000001 0.000000 0.029119 -0.082748 -0.641951
    44 3.698016 0.273718 0.726617 0.250092 -0.109104 -0.986364
    45 1.748999 0.000000 -0.000002 0.020255 -0.017985 -1.043218
    46 0.959996 0.000000 0.000000 0.015675 -0.036226 -0.705571
    47 3.768499 0.151954 -0.072746 -0.036221 -0.085176 -0.861209
    48 2.037997 0.000002 -0.000003 -0.004272 0.001742 -1.428344
    49 1.066998 0.000000 -0.000001 -0.001429 0.005624 -0.566382
    50 3.783906 -0.023949 -0.794455 -0.348657 -0.066434 -0.752764
    51 1.629001 0.000002 0.000000 -0.062588 0.029671 -1.321899
    52 0.955999 0.000000 -0.000002 -0.031449 0.062230 -0.638366
    53 1.258940 -0.308543 -1.250054 1.288876 0.530060 -0.654692
    54 1.392999 0.000000 -0.000003 -0.001788 0.370555 0.932381
    55 1.099998 -0.000002 -0.000003 0.000000 -0.013127 -0.286815
    56 0.578998 0.704300 0.000000 0.000000 -1.570790 -3.044320
    57 2.577897 -4.075848 1.825547 1.570743 -1.473520 1.570850
    58 -2.577999 -4.075848 1.825549 1.570743 -1.473520 1.570850
    59 2.330669 -1.877754 0.104131 -1.861302 0.207908 -1.328386
  time 95
    0 -0.003395 0.004619 23.307130 1.205193 0.000462 -0.000013
    1 0.001573 4.212781 -1.689849 1.566547 -0.241163 1.555562
    2 3.837410 0.000000 0.000000 0.002676 -0.014170 0.191587
    3 3.617862 0.000000 0.000000 0.001335 -0.012789 0.060231
    4 7.539774 0.000000 0.000000 0.000000 0.000000 0.155813
    5 3.178292 0.000001 0.000000 3.150626 0.025349 -0.034334
    6 2.970271 0.000000 0.000001 -0.328092 -0.067727 0.116664
    7 -0.000002 0.000001 0.000000 -1.570796 0.000000 -1.326450
    8 2.023705 0.907460 0.852577 3.325296 -1.251575 1.218610
    9 4.983657 -0.000003 0.000000 -2.023675 -1.091019 -0.029471
    10 11.123049 -0.000003 0.000001 -0.000001 -0.000001 -0.766493
    11 11.208297 -0.000001 0.000013 1.777817 -0.077835 0.617781
    12 2.676087 -1.712447 0.000003 1.570795 0.000000 1.570797
    13 2.023707 0.907463 -0.852527 -1.879766 1.334387 -3.570875
    14 4.983657 -0.000004 0.000000 1.587202 0.278768 -0.438449
    15 11.123040 -0.000006 -0.000006 0.000000 0.000001 -0.748806
    16 11.208287 0.000000 -0.000016 -2.035017 0.344775 -0.257311
    17 2.676081 -1.712434 -0.000003 -1.570797 -0.000001 -1.570797
    18 3.984014 -0.000005 -0.000003 -2.670641 -1.440677 -0.198737
    19 15.940006 0.000002 0.000000 0.000000 0.000000 1.153641
    20 17.709558 0.000004 0.000002 -0.353929 -0.054137 -1.335217
    21 6.203996 0.000000 0.000001 -0.011146 0.000934 -0.500515
    22 -3.984013 0.000007 0.000007 -3.560729 -1.476828 0.250680
    23 15.940015 0.000000 0.000000 0.000000 0.000000 1.256338
    24 17.709572 -0.000006 0.000001 0.202566 0.208736 -1.369911
    25 6.204001 0.000003 -0.000001 -0.078651 -0.006185 -0.498943
    26 3.549240 0.198821 -1.489462 -0.029361 0.007703 -0.601370
    27 1.218999 -0.000001 0.000002 -0.077108 0.060281 -1.227079
    28 0.679998 -0.000001 -0.000001 -0.007544 0.087396 -0.387425
    29 3.698007 0.267555 -0.728972 -0.249382 0.111406 -0.978537
    30 1.749001 -0.000001 0.000003 -0.023285 0.014713 -1.200535
    31 0.959999 -0.000001 0.000001 -0.018038 0.035098 -0.760668
    32 3.768500 0.152546 0.071388 0.025362 0.089059 -0.984250
    33 2.037998 0.000001 0.000002 0.004291 -0.001143 -1.585779
    34 1.067001 0.000001 0.000002 0.001634 -0.005721 -0.621537
    35 3.783924 -0.017260 0.794558 0.336307 0.114368 -0.887919
    36 1.629002 -0.000001 0.000003 0.066600 -0.019649 -1.479085
    37 0.956000 0.000000 0.000001 0.034933 -0.060469 -0.693644
    38 1.258965 -0.297983 1.252590 -1.258736 -0.399431 -1.215015
    39 1.393001 0.000001 0.000000 0.001203 -0.138273 0.598501
    40 1.100002 0.000001 -0.000003 -0.118432 -0.233611 0.624039
    41 3.549266 0.211411 1.487664 0.416010 -0.089134 -0.826388
    42 1.218999 -0.000001 -0.000002 0.076519 -0.060605 -1.221542
    43 0.679999 0.000001 0.000000 0.029119 -0.082748 -0.641951
    44 3.698016 0.273718 0.726617 0.250116 -0.109048 -0.986211
    45 1.748999 0.000000 -0.000002 0.020255 -0.017985 -1.043218
    46 0.959996 0.000000 0.000000 0.015675 -0.036226 -0.705571
    47 3.768499 0.151954 -0.072746 -0.036197 -0.085116 -0.861049
    48 2.037997 0.000002 -0.000003 -0.004272 0.001742 -1.428344
    49 1.066998 0.000000 -0.000001 -0.001429 0.005624 -0.566382
    50 3.783906 -0.023949 -0.794455 -0.348628 -0.066387 -0.752607
    51 1.629001 0.000002 0.000000 -0.062588 0.029671 -1.321899
    52 0.955999 0.000000 -0.000002 -0.031449 0.062242 -0.638366
    53 1.258940 -0.308543 -1.250054 1.288963 0.530125 -0.654511
    54 1.392999 0.000000 -0.000003 -0.001788 0.370555 0.932381
    55 1.099998 -0.000002 -0.000003 0.000000 -0.013127 -0.286815
    56 0.578998 0.704300 0.000000 0.000000 -1.570790 -3.044320
    57 2.577897 -4.075848 1.825547 1.570743 -1.473520 1.570850
    58 -2.577999 -4.075848 1.825549 1.570743 -1.473520 1.570850
    59 2.330669 -1.877754 0.104131 -1.861302 0.207908 -1.328386
  time 96
    0 -0.003395 0.004619 23.307130 1.205193 0.000371 -0.000013
    1 0.001573 4.212781 -1.689849 1.566098 -0.241016 1.555948
    2 3.837410 0.000000 0.000000 0.002230 -0.014407 0.191259
    3 3.617862 0.000000 0.000000 0.000886 -0.013016 0.059906
    4 7.539774 0.000000 0.000000 0.000000 0.000000 0.155813
    5 3.178292 0.000001 0.000000 3.147348 0.028098 -0.035324
    6 2.970271 0.000000 0.000001 -0.321623 -0.065063 0.114205
    7 -0.000002 0.000001 0.000000 -1.570796 0.000000 -1.326450
    8 2.023705 0.907460 0.852577 3.322039 -1.251140 1.221294
    9 4.983657 -0.000003 0.000000 -2.021096 -1.089142 -0.033062
    10 11.123049 -0.000003 0.000001 -0.000001 -0.000001 -0.766550
    11 11.208297 -0.000001 0.000013 1.779447 -0.078010 0.617354
    12 2.676087 -1.712447 0.000003 1.570795 0.000000 1.570797
    13 2.023707 0.907463 -0.852527 -1.879384 1.335525 -3.571354
    14 4.983657 -0.000004 0.000000 1.583083 0.280964 -0.439867
    15 11.123040 -0.000006 -0.000006 0.000000 0.000001 -0.746469
    16 11.208287 0.000000 -0.000016 -2.033761 0.346085 -0.257384
    17 2.676081 -1.712434 -0.000003 -1.570797 -0.000001 -1.570797
    18 3.984014 -0.000005 -0.000003 -2.671887 -1.440230 -0.198066
    19 15.940006 0.000002 0.000000 0.000000 0.000000 1.153273
    20 17.709558 0.000004 0.000002 -0.352943 -0.053104 -1.335737
    21 6.203996 0.000000 0.000001 -0.011146 0.000934 -0.500515
    22 -3.984013 0.000007 0.000007 -3.563029 -1.476186 0.252405
    23 15.940015 0.000000 0.000000 0.000000 0.000000 1.256721
    24 17.709572 -0.000006 0.000001 0.203634 0.208460 -1.369370
    25 6.204001 0.000003 -0.000001 -0.078651 -0.006185 -0.498943
    26 3.549240 0.198821 -1.489462 -0.029320 0.007597 -0.600980
    27 1.218999 -0.000001 0.000002 -0.077001 0.060281 -1.226713
    28 0.679998 -0.000001 -0.000001 -0.007454 0.087396 -0.387049
    29 3.698007 0.267555 -0.728972 -0.249312 0.111349 -0.978155
    30 1.749001 -0.000001 0.000003 -0.023130 0.014689 -1.200190
    31 0.959999 -0.000001 0.000001 -0.017882 0.035170 -0.760334
    32 3.768500 0.152546 0.071388 0.025411 0.088975 -0.983855
    33 2.037998 0.000001 0.000002 0.004372 -0.001119 -1.585371
    34 1.067001 0.000001 0.000002 0.001670 -0.005661 -0.621120
    35 3.783924 -0.017260 0.794558 0.336367 0.114275 -0.887536
    36 1.629002 -0.000001 0.000003 0.066540 -0.019628 -1.478720
    37 0.956000 0.000000 0.000001 0.034869 -0.060457 -0.693240
    38 1.258965 -0.297983 1.252590 -1.258651 -0.399498 -1.214647
    39 1.393001 0.000001 0.000000 0.001203 -0.138670 0.598559
    40 1.100002 0.000001 -0.000003 -0.118648 -0.233930 0.624128
    41 3.549266 0.211411 1.487664 0.416026 -0.089093 -0.826290
    42 1.218999 -0.000001 -0.000002 0.076519 -0.060605 -1.221542
    43 0.679999 0.000001 0.000000 0.029119 -0.082748 -0.641951
    44 3.698016 0.273718 0.726617 0.250128 -0.109007 -0.986108
    45 1.748999 0.000000 -0.000002 0.020255 -0.017985 -1.043218
    46 0.959996 0.000000 0.000000 0.015675 -0.036226 -0.705571
    47 3.768499 0.151954 -0.072746 -0.036173 -0.085092 -0.860942
    48 2.037997 0.000002 -0.000003 -0.004272 0.001742 -1.428344
    49 1.066998 0.000000 -0.000001 -0.001429 0.005624 -0.566382
    50 3.783906 -0.023949 -0.794455 -0.348600 -0.066356 -0.752502
    51 1.629001 0.000002 0.000000 -0.062588 0.029671 -1.321899
    52 0.955999 0.000000 -0.000002 -0.031449 0.062242 -0.638366
    53 1.258940 -0.308543 -1.250054 1.289006 0.530147 -0.654402
    54 1.392999 0.000000 -0.000003 -0.001788 0.370555 0.932381
    55 1.099998 -0.000002 -0.000003 0.000000 -0.013127 -0.286815
    56 0.578998 0.704300 0.000000 0.000000 -1.570790 -3.044320
    57 2.577897 -4.075848 1.825547 1.570743 -1.473520 1.570850
    58 -2.577999 -4.075848 1.825549 1.570743 -1.473520 1.570850
    59 2.330669 -1.877754 0.104131 -1.861302 0.207908 -1.328386
  time 97
    0 -0.003395 0.004619 23.307130 1.205099 0.000280 -0.000013
    1 0.001573 4.212781 -1.689849 1.565626 -0.241100 1.556372
    2 3.837410 0.000000 0.000000 0.001811 -0.014659 0.190947
    3 3.617862 0.000000 0.000000 0.000450 -0.013228 0.059582
    4 7.539774 0.000000 0.000000 0.000000 0.000000 0.155813
    5 3.178292 0.000001 0.000000 3.144383 0.030808 -0.035877
    6 2.970271 0.000000 0.000001 -0.315450 -0.062359 0.112520
    7 -0.000002 0.000001 0.000000 -1.570796 0.000000 -1.326450
    8 2.023705 0.907460 0.852577 3.318782 -1.250745 1.223881
    9 4.983657 -0.000003 0.000000 -2.018612 -1.086808 -0.036369
    10 11.123049 -0.000003 0.000001 -0.000001 -0.000001 -0.767504
    11 11.208297 -0.000001 0.000013 1.780885 -0.078098 0.617425
    12 2.676087 -1.712447 0.000003 1.570795 0.000000 1.570797
    13 2.023707 0.907463 -0.852527 -1.879001 1.336663 -3.571834
    14 4.983657 -0.000004 0.000000 1.579347 0.282730 -0.441190
    15 11.123040 -0.000006 -0.000006 0.000000 0.000001 -0.744826
    16 11.208287 0.000000 -0.000016 -2.032594 0.347348 -0.257238
    17 2.676081 -1.712434 -0.000003 -1.570797 -0.000001 -1.570797
    18 3.984014 -0.000005 -0.000003 -2.673133 -1.439858 -0.197299
    19 15.940006 0.000002 0.000000 0.000000 0.000000 1.152978
    20 17.709558 0.000004 0.000002 -0.351957 -0.052107 -1.336169
    21 6.203996 0.000000 0.000001 -0.011146 0.000934 -0.500515
    22 -3.984013 0.000007 0.000007 -3.565233 -1.475545 0.254034
    23 15.940015 0.000000 0.000000 0.000000 0.000000 1.257181
    24 17.709572 -0.000006 0.000001 0.204642 0.208184 -1.368830
    25 6.204001 0.000003 -0.000001 -0.078651 -0.006185 -0.498943
    26 3.549240 0.198821 -1.489462 -0.029300 0.007518 -0.600688
    27 1.218999 -0.000001 0.000002 -0.076909 0.060281 -1.226400
    28 0.679998 -0.000001 -0.000001 -0.007383 0.087396 -0.386715
    29 3.698007 0.267555 -0.728972 -0.249242 0.111277 -0.977868
    30 1.749001 -0.000001 0.000003 -0.022994 0.014641 -1.199894
    31 0.959999 -0.000001 0.000001 -0.017765 0.035230 -0.760001
    32 3.768500 0.152546 0.071388 0.025477 0.088915 -0.983559
    33 2.037998 0.000001 0.000002 0.004413 -0.001084 -1.585065
    34 1.067001 0.000001 0.000002 0.001707 -0.005613 -0.620828
    35 3.783924 -0.017260 0.794558 0.336427 0.114213 -0.887201
    36 1.629002 -0.000001 0.000003 0.066501 -0.019607 -1.478400
    37 0.956000 0.000000 0.000001 0.034825 -0.060457 -0.692929
    38 1.258965 -0.297983 1.252590 -1.258565 -0.399542 -1.214353
    39 1.393001 0.000001 0.000000 0.001203 -0.138994 0.598587
    40 1.100002 0.000001 -0.000003 -0.118840 -0.234207 0.624217
    41 3.549266 0.211411 1.487664 0.416041 -0.089093 -0.826242
    42 1.218999 -0.000001 -0.000002 0.076519 -0.060605 -1.221542
    43 0.679999 0.000001 0.000000 0.029119 -0.082748 -0.641951
    44 3.698016 0.273718 0.726617 0.250140 -0.108993 -0.986108
    45 1.748999 0.000000 -0.000002 0.020255 -0.017985 -1.043218
    46 0.959996 0.000000 0.000000 0.015675 -0.036226 -0.705571
    47 3.768499 0.151954 -0.072746 -0.036173 -0.085080 -0.860942
    48 2.037997 0.000002 -0.000003 -0.004272 0.001742 -1.428344
    49 1.066998 0.000000 -0.000001 -0.001429 0.005624 -0.566382
    50 3.783906 -0.023949 -0.794455 -0.348600 -0.066341 -0.752502
    51 1.629001 0.000002 0.000000 -0.062588 0.029671 -1.321899
    52 0.955999 0.000000 -0.000002 -0.031449 0.062242 -0.638366
    53 1.258940 -0.308543 -1.250054 1.289006 0.530147 -0.654402
    54 1.392999 0.000000 -0.000003 -0.001788 0.370555 0.932381
    55 1.099998 -0.000002 -0.000003 0.000000 -0.013127 -0.286815
    56 0.578998 0.704300 0.000000 0.000000 -1.570790 -3.044320
    57 2.577897 -4.075848 1.825547 1.570743 -1.473520 1.570850
    58 -2.577999 -4.075848 1.825549 1.570743 -1.473520 1.570850
    59 2.330669 -1.877754 0.104131 -1.861302 0.207908 -1.328386
  time 98
    0 -0.003395 0.004619 23.307130 1.205099 0.000190 -0.000013
    1 0.001573 4.212781 -1.689849 1.565154 -0.241771 1.556796
    2 3.837410 0.000000 0.000000 0.001420 -0.014880 0.190635
    3 3.617862 0.000000 0.000000 -0.000012 -0.013440 0.059274
    4 7.539774 0.000000 0.000000 0.000000 0.000000 0.155813
    5 3.178292 0.000001 0.000000 3.141818 0.033397 -0.035499
    6 2.970271 0.000000 0.000001 -0.309658 -0.059675 0.112384
    7 -0.000002 0.000001 0.000000 -1.570796 0.000000 -1.326450
    8 2.023705 0.907460 0.852577 3.315620 -1.250270 1.226373
    9 4.983657 -0.000003 0.000000 -2.016510 -1.083663 -0.039109
    10 11.123049 -0.000003 0.000001 -0.000001 -0.000001 -0.770648
    11 11.208297 -0.000001 0.000013 1.782131 -0.078054 0.618706
    12 2.676087 -1.712447 0.000003 1.570795 0.000000 1.570797
    13 2.023707 0.907463 -0.852527 -1.878618 1.337801 -3.572409
    14 4.983657 -0.000004 0.000000 1.576281 0.283637 -0.442419
    15 11.123040 -0.000006 -0.000006 0.000000 0.000001 -0.744763
    16 11.208287 0.000000 -0.000016 -2.031607 0.348518 -0.256654
    17 2.676081 -1.712434 -0.000003 -1.570797 -0.000001 -1.570797
    18 3.984014 -0.000005 -0.000003 -2.674571 -1.439485 -0.196437
    19 15.940006 0.000002 0.000000 0.000000 0.000000 1.152684
    20 17.709558 0.000004 0.000002 -0.350971 -0.051181 -1.336515
    21 6.203996 0.000000 0.000001 -0.011146 0.000934 -0.500515
    22 -3.984013 0.000007 0.000007 -3.567438 -1.474952 0.255663
    23 15.940015 0.000000 0.000000 0.000000 0.000000 1.257564
    24 17.709572 -0.000006 0.000001 0.205710 0.207908 -1.368289
    25 6.204001 0.000003 -0.000001 -0.078651 -0.006185 -0.498943
    26 3.549240 0.198821 -1.489462 -0.029260 0.007465 -0.600445
    27 1.218999 -0.000001 0.000002 -0.076847 0.060269 -1.226139
    28 0.679998 -0.000001 -0.000001 -0.007329 0.087396 -0.386464
    29 3.698007 0.267555 -0.728972 -0.249207 0.111234 -0.977628
    30 1.749001 -0.000001 0.000003 -0.022897 0.014629 -1.199697
    31 0.959999 -0.000001 0.000001 -0.017687 0.035290 -0.759792
    32 3.768500 0.152546 0.071388 0.025509 0.088867 -0.983313
    33 2.037998 0.000001 0.000002 0.004454 -0.001072 -1.584810
    34 1.067001 0.000001 0.000002 0.001725 -0.005577 -0.620578
    35 3.783924 -0.017260 0.794558 0.336447 0.114167 -0.886961
    36 1.629002 -0.000001 0.000003 0.066461 -0.019587 -1.478171
    37 0.956000 0.000000 0.000001 0.034782 -0.060445 -0.692680
    38 1.258965 -0.297983 1.252590 -1.258523 -0.399565 -1.214170
    39 1.393001 0.000001 0.000000 0.001203 -0.139228 0.598616
    40 1.100002 0.000001 -0.000003 -0.118984 -0.234398 0.624261
    41 3.549266 0.211411 1.487664 0.416026 -0.089093 -0.826290
    42 1.218999 -0.000001 -0.000002 0.076519 -0.060605 -1.221542
    43 0.679999 0.000001 0.000000 0.029119 -0.082748 -0.641951
    44 3.698016 0.273718 0.726617 0.250128 -0.109021 -0.986108
    45 1.748999 0.000000 -0.000002 0.020255 -0.017985 -1.043218
    46 0.959996 0.000000 0.000000 0.015675 -0.036226 -0.705571
    47 3.768499 0.151954 -0.072746 -0.036173 -0.085092 -0.860942
    48 2.037997 0.000002 -0.000003 -0.004272 0.001742 -1.428344
    49 1.066998 0.000000 -0.000001 -0.001429 0.005624 -0.566382
    50 3.783906 -0.023949 -0.794455 -0.348600 -0.066356 -0.752502
    51 1.629001 0.000002 0.000000 -0.062588 0.029671 -1.321899
    52 0.955999 0.000000 -0.000002 -0.031449 0.062230 -0.638366
    53 1.258940 -0.308543 -1.250054 1.289006 0.530147 -0.654402
    54 1.392999 0.000000 -0.000003 -0.001788 0.370555 0.932381
    55 1.099998 -0.000002 -0.000003 0.000000 -0.013127 -0.286815
    56 0.578998 0.704300 0.000000 0.000000 -1.570790 -3.044320
    57 2.577897 -4.075848 1.825547 1.570743 -1.473520 1.570850
    58 -2.577999 -4.075848 1.825549 1.570743 -1.473520 1.570850
    59 2.330669 -1.877754 0.104131 -1.861302 0.207908 -1.328386
  time 99
    0 -0.003395 0.004619 23.307130 1.205099 0.000009 -0.000013
    1 0.001573 4.212781 -1.689849 1.564727 -0.242672 1.557221
    2 3.837410 0.000000 0.000000 0.001055 -0.015117 0.190339
    3 3.617862 0.000000 0.000000 -0.000333 -0.013636 0.058983
    4 7.539774 0.000000 0.000000 0.000000 0.000000 0.155813
    5 3.178292 0.000001 0.000000 3.139652 0.035845 -0.033490
    6 2.970271 0.000000 0.000001 -0.304204 -0.057110 0.114205
    7 -0.000002 0.000001 0.000000 -1.570796 0.000000 -1.326450
    8 2.023705 0.907460 0.852577 3.312363 -1.249835 1.228865
    9 4.983657 -0.000003 0.000000 -2.014599 -1.080163 -0.041755
    10 11.123049 -0.000003 0.000001 -0.000001 -0.000001 -0.774746
    11 11.208297 -0.000001 0.000013 1.783282 -0.078010 0.620485
    12 2.676087 -1.712447 0.000003 1.570795 0.000000 1.570797
    13 2.023707 0.907463 -0.852527 -1.878427 1.338939 -3.573080
    14 4.983657 -0.000004 0.000000 1.573503 0.284067 -0.443553
    15 11.123040 -0.000006 -0.000006 0.000000 0.000001 -0.745458
    16 11.208287 0.000000 -0.000016 -2.030529 0.349735 -0.255924
    17 2.676081 -1.712434 -0.000003 -1.570797 -0.000001 -1.570797
    18 3.984014 -0.000005 -0.000003 -2.675913 -1.439113 -0.195479
    19 15.940006 0.000002 0.000000 0.000000 0.000000 1.152389
    20 17.709558 0.000004 0.000002 -0.350061 -0.050362 -1.336862
    21 6.203996 0.000000 0.000001 -0.011146 0.000934 -0.500515
    22 -3.984013 0.000007 0.000007 -3.569451 -1.474310 0.257197
    23 15.940015 0.000000 0.000000 0.000000 0.000000 1.258024
    24 17.709572 -0.000006 0.000001 0.206718 0.207633 -1.367700
    25 6.204001 0.000003 -0.000001 -0.078651 -0.006185 -0.498943
    26 3.549240 0.198821 -1.489462 -0.029260 0.007439 -0.600299
    27 1.218999 -0.000001 0.000002 -0.076801 0.060269 -1.226035
    28 0.679998 -0.000001 -0.000001 -0.007294 0.087396 -0.386339
    29 3.698007 0.267555 -0.728972 -0.249189 0.111205 -0.977485
    30 1.749001 -0.000001 0.000003 -0.022839 0.014617 -1.199550
    31 0.959999 -0.000001 0.000001 -0.017628 0.035314 -0.759667
    32 3.768500 0.152546 0.071388 0.025542 0.088855 -0.983165
    33 2.037998 0.000001 0.000002 0.004474 -0.001048 -1.584708
    34 1.067001 0.000001 0.000002 0.001725 -0.005541 -0.620453
    35 3.783924 -0.017260 0.794558 0.336467 0.114136 -0.886817
    36 1.629002 -0.000001 0.000003 0.066441 -0.019587 -1.477988
    37 0.956000 0.000000 0.000001 0.034760 -0.060445 -0.692524
    38 1.258965 -0.297983 1.252590 -1.258480 -0.399587 -1.214023
    39 1.393001 0.000001 0.000000 0.001203 -0.139372 0.598616
    40 1.100002 0.000001 -0.000003 -0.119067 -0.234526 0.624306
    41 3.549266 0.211411 1.487664 0.416026 -0.089134 -0.826339
    42 1.218999 -0.000001 -0.000002 0.076519 -0.060605 -1.221542
    43 0.679999 0.000001 0.000000 0.029119 -0.082748 -0.641951
    44 3.698016 0.273718 0.726617 0.250116 -0.109048 -0.986159
    45 1.748999 0.000000 -0.000002 0.020255 -0.017985 -1.043218
    46 0.959996 0.000000 0.000000 0.015675 -0.036226 -0.705571
    47 3.768499 0.151954 -0.072746 -0.036197 -0.085116 -0.861049
    48 2.037997 0.000002 -0.000003 -0.004272 0.001742 -1.428344
    49 1.066998 0.000000 -0.000001 -0.001429 0.005624 -0.566382
    50 3.783906 -0.023949 -0.794455 -0.348628 -0.066387 -0.752607
    51 1.629001 0.000002 0.000000 -0.062588 0.029671 -1.321899
    52 0.955999 0.000000 -0.000002 -0.031449 0.062242 -0.638366
    53 1.258940 -0.308543 -1.250054 1.288963 0.530125 -0.654511
    54 1.392999 0.000000 -0.000003 -0.001788 0.370555 0.932381
    55 1.099998 -0.000002 -0.000003 0.000000 -0.013127 -0.286815
    56 0.578998 0.704300 0.000000 0.000000 -1.570790 -3.044320
    57 2.577897 -4.075848 1.825547 1.570743 -1.473520 1.570850
    58 -2.577999 -4.075848 1.825549 1.570743 -1.473520 1.570850
    59 2.330669 -1.877754 0.104131 -1.861302 0.207908 -1.328386
  time 100
    0 -0.003395 0.004619 23.307130 1.205005 0.000009 -0.000013
    1 0.001573 4.212781 -1.689849 1.564323 -0.243217 1.557606
    2 3.837410 0.000000 0.000000 0.000717 -0.015323 0.190060
    3 3.617862 0.000000 0.000000 -0.000692 -0.013818 0.058710
    4 7.539774 0.000000 0.000000 0.000000 0.000000 0.155813
    5 3.178292 0.000001 0.000000 3.137884 0.038073 -0.032208
    6 2.970271 0.000000 0.000001 -0.299257 -0.054683 0.115025
    7 -0.000002 0.000001 0.000000 -1.570796 0.000000 -1.326450
    8 2.023705 0.907460 0.852577 3.308914 -1.249321 1.231357
    9 4.983657 -0.000003 0.000000 -2.012115 -1.077271 -0.044873
    10 11.123049 -0.000003 0.000001 -0.000001 -0.000001 -0.777385
    11 11.208297 -0.000001 0.000013 1.784624 -0.078010 0.621552
    12 2.676087 -1.712447 0.000003 1.570795 0.000000 1.570797
    13 2.023707 0.907463 -0.852527 -1.878235 1.340077 -3.573847
    14 4.983657 -0.000004 0.000000 1.570438 0.284830 -0.444781
    15 11.123040 -0.000006 -0.000006 0.000000 0.000001 -0.745268
    16 11.208287 0.000000 -0.000016 -2.029542 0.350951 -0.255413
    17 2.676081 -1.712434 -0.000003 -1.570797 -0.000001 -1.570797
    18 3.984014 -0.000005 -0.000003 -2.677254 -1.438778 -0.194616
    19 15.940006 0.000002 0.000000 0.000000 0.000000 1.152242
    20 17.709558 0.000004 0.000002 -0.349226 -0.049650 -1.337121
    21 6.203996 0.000000 0.000001 -0.011146 0.000934 -0.500515
    22 -3.984013 0.000007 0.000007 -3.571463 -1.473718 0.258538
    23 15.940015 0.000000 0.000000 0.000000 0.000000 1.258407
    24 17.709572 -0.000006 0.000001 0.207726 0.207357 -1.367208
    25 6.204001 0.000003 -0.000001 -0.078651 -0.006185 -0.498943
    26 3.549240 0.198821 -1.489462 -0.029260 0.007439 -0.600250
    27 1.218999 -0.000001 0.000002 -0.076786 0.060269 -1.225982
    28 0.679998 -0.000001 -0.000001 -0.007276 0.087396 -0.386256
    29 3.698007 0.267555 -0.728972 -0.249172 0.111191 -0.977389
    30 1.749001 -0.000001 0.000003 -0.022820 0.014605 -1.199500
    31 0.959999 -0.000001 0.000001 -0.017608 0.035326 -0.759625
    32 3.768500 0.152546 0.071388 0.025559 0.088831 -0.983115
    33 2.037998 0.000001 0.000002 0.004495 -0.001048 -1.584657
    34 1.067001 0.000001 0.000002 0.001725 -0.005541 -0.620370
    35 3.783924 -0.017260 0.794558 0.336487 0.114121 -0.886769
    36 1.629002 -0.000001 0.000003 0.066441 -0.019587 -1.477943
    37 0.956000 0.000000 0.000001 0.034760 -0.060445 -0.692462
    38 1.258965 -0.297983 1.252590 -1.258480 -0.399609 -1.213986
    39 1.393001 0.000001 0.000000 0.001203 -0.139427 0.598645
    40 1.100002 0.000001 -0.000003 -0.119091 -0.234569 0.624350
    41 3.549266 0.211411 1.487664 0.415994 -0.089176 -0.826485
    42 1.218999 -0.000001 -0.000002 0.076519 -0.060605 -1.221542
    43 0.679999 0.000001 0.000000 0.029119 -0.082748 -0.641951
    44 3.698016 0.273718 0.726617 0.250104 -0.109090 -0.986313
    45 1.748999 0.000000 -0.000002 0.020255 -0.017985 -1.043218
    46 0.959996 0.000000 0.000000 0.015675 -0.036226 -0.705571
    47 3.768499 0.151954 -0.072746 -0.036221 -0.085152 -0.861156
    48 2.037997 0.000002 -0.000003 -0.004272 0.001742 -1.428344
    49 1.066998 0.000000 -0.000001 -0.001429 0.005624 -0.566382
    50 3.783906 -0.023949 -0.794455 -0.348657 -0.066418 -0.752712
    51 1.629001 0.000002 0.000000 -0.062588 0.029671 -1.321899
    52 0.955999 0.000000 -0.000002 -0.031449 0.062242 -0.638366
    53 1.258940 -0.308543 -1.250054 1.288876 0.530082 -0.654656
    54 1.392999 0.000000 -0.000003 -0.001788 0.370555 0.932381
    55 1.099998 -0.000002 -0.000003 0.000000 -0.013127 -0.286815
    56 0.578998 0.704300 0.000000 0.000000 -1.570790 -3.044320
    57 2.577897 -4.075848 1.825547 1.570743 -1.473520 1.570850
    58 -2.577999 -4.075848 1.825549 1.570743 -1.473520 1.570850
    59 2.330669 -1.877754 0.104131 -1.861302 0.207908 -1.328386
  time 101
    0 -0.003395 0.004619 23.307130 1.205005 -0.000082 -0.000013
    1 0.001573 4.212781 -1.689849 1.563940 -0.243384 1.557954
    2 3.837410 0.000000 0.000000 0.000420 -0.015528 0.189797
    3 3.617862 0.000000 0.000000 -0.001000 -0.014000 0.058454
    4 7.539774 0.000000 0.000000 0.000000 0.000000 0.155813
    5 3.178292 0.000001 0.000000 3.136545 0.040180 -0.031597
    6 2.970271 0.000000 0.000001 -0.281288 -0.050716 0.112885
    7 -0.000002 0.000001 0.000000 -1.570796 0.000000 -1.326450
    8 2.023705 0.907460 0.852577 3.304891 -1.248689 1.234136
    9 4.983657 -0.000003 0.000000 -2.008867 -1.074887 -0.048746
    10 11.123049 -0.000003 0.000001 -0.000001 -0.000001 -0.778732
    11 11.208297 -0.000001 0.000013 1.786062 -0.078054 0.621908
    12 2.676087 -1.712447 0.000003 1.570795 0.000000 1.570797
    13 2.023707 0.907463 -0.852527 -1.878044 1.341215 -3.574518
    14 4.983657 -0.000004 0.000000 1.567276 0.285976 -0.446010
    15 11.123040 -0.000006 -0.000006 0.000000 0.000001 -0.744194
    16 11.208287 0.000000 -0.000016 -2.028465 0.352168 -0.255194
    17 2.676081 -1.712434 -0.000003 -1.570797 -0.000001 -1.570797
    18 3.984014 -0.000005 -0.000003 -2.678692 -1.438480 -0.193562
    19 15.940006 0.000002 0.000000 0.000000 0.000000 1.152020
    20 17.709558 0.000004 0.000002 -0.348392 -0.049009 -1.337381
    21 6.203996 0.000000 0.000001 -0.011146 0.000934 -0.500515
    22 -3.984013 0.000007 0.000007 -3.573476 -1.473076 0.259880
    23 15.940015 0.000000 0.000000 0.000000 0.000000 1.258790
    24 17.709572 -0.000006 0.000001 0.208735 0.207115 -1.366668
    25 6.204001 0.000003 -0.000001 -0.078651 -0.006185 -0.498943
    26 3.549240 0.198821 -1.489462 -0.029260 0.007439 -0.600299
    27 1.218999 -0.000001 0.000002 -0.076801 0.060269 -1.225982
    28 0.679998 -0.000001 -0.000001 -0.007276 0.087396 -0.386297
    29 3.698007 0.267555 -0.728972 -0.249189 0.111205 -0.977437
    30 1.749001 -0.000001 0.000003 -0.022820 0.014617 -1.199500
    31 0.959999 -0.000001 0.000001 -0.017628 0.035314 -0.759667
    32 3.768500 0.152546 0.071388 0.025542 0.088843 -0.983115
    33 2.037998 0.000001 0.000002 0.004474 -0.001048 -1.584657
    34 1.067001 0.000001 0.000002 0.001725 -0.005541 -0.620411
    35 3.783924 -0.017260 0.794558 0.336467 0.114136 -0.886817
    36 1.629002 -0.000001 0.000003 0.066441 -0.019587 -1.477988
    37 0.956000 0.000000 0.000001 0.034760 -0.060445 -0.692493
    38 1.258965 -0.297983 1.252590 -1.258480 -0.399587 -1.214023
    39 1.393001 0.000001 0.000000 0.001203 -0.139390 0.598616
    40 1.100002 0.000001 -0.000003 -0.119079 -0.234547 0.624306
    41 3.549266 0.211411 1.487664 0.415947 -0.089238 -0.826631
    42 1.218999 -0.000001 -0.000002 0.076519 -0.060605 -1.221542
    43 0.679999 0.000001 0.000000 0.029119 -0.082748 -0.641951
    44 3.698016 0.273718 0.726617 0.250080 -0.109159 -0.986467
    45 1.748999 0.000000 -0.000002 0.020255 -0.017985 -1.043218
    46 0.959996 0.000000 0.000000 0.015675 -0.036226 -0.705571
    47 3.768499 0.151954 -0.072746 -0.036245 -0.085224 -0.861316
    48 2.037997 0.000002 -0.000003 -0.004272 0.001742 -1.428344
    49 1.066998 0.000000 -0.000001 -0.001429 0.005624 -0.566382
    50 3.783906 -0.023949 -0.794455 -0.348686 -0.066480 -0.752869
    51 1.629001 0.000002 0.000000 -0.062588 0.029671 -1.321899
    52 0.955999 0.000000 -0.000002 -0.031449 0.062242 -0.638366
    53 1.258940 -0.308543 -1.250054 1.288919 0.530017 -0.654837
    54 1.392999 0.000000 -0.000003 -0.001788 0.370555 0.932381
    55 1.099998 -0.000002 -0.000003 0.000000 -0.013127 -0.286815
    56 0.578998 0.704300 0.000000 0.000000 -1.570790 -3.044320
    57 2.577897 -4.075848 1.825547 1.570743 -1.473520 1.570850
    58 -2.577999 -4.075848 1.825549 1.570743 -1.473520 1.570850
    59 2.330669 -1.877754 0.104131 -1.861302 0.207908 -1.328386
  time 102
    0 -0.003395 0.004619 23.307130 1.205005 -0.000217 -0.000013
    1 0.001573 4.212781 -1.689849 1.563626 -0.243552 1.558185
    2 3.837410 0.000000 0.000000 0.000177 -0.015717 0.189567
    3 3.617862 0.000000 0.000000 -0.001269 -0.014166 0.058214
    4 7.539774 0.000000 0.000000 0.000000 0.000000 0.155813
    5 3.178292 0.000001 0.000000 3.136345 0.042147 -0.030520
    6 2.970271 0.000000 0.000001 -0.244589 -0.044105 0.108651
    7 -0.000002 0.000001 0.000000 -1.570796 0.000000 -1.326450
    8 2.023705 0.907460 0.852577 3.300484 -1.247938 1.237107
    9 4.983657 -0.000003 0.000000 -2.005237 -1.072554 -0.052715
    10 11.123049 -0.000003 0.000001 -0.000001 -0.000001 -0.780080
    11 11.208297 -0.000001 0.000013 1.787404 -0.078142 0.622263
    12 2.676087 -1.712447 0.000003 1.570795 0.000000 1.570797
    13 2.023707 0.907463 -0.852527 -1.878044 1.342353 -3.575381
    14 4.983657 -0.000004 0.000000 1.564115 0.286979 -0.447333
    15 11.123040 -0.000006 -0.000006 0.000000 0.000001 -0.743183
    16 11.208287 0.000000 -0.000016 -2.027388 0.353338 -0.255048
    17 2.676081 -1.712434 -0.000003 -1.570797 -0.000001 -1.570797
    18 3.984014 -0.000005 -0.000003 -2.680034 -1.438219 -0.192700
    19 15.940006 0.000002 0.000000 0.000000 0.000000 1.151947
    20 17.709558 0.000004 0.000002 -0.347633 -0.048475 -1.337467
    21 6.203996 0.000000 0.000001 -0.011146 0.000934 -0.500515
    22 -3.984013 0.000007 0.000007 -3.575105 -1.472435 0.260934
    23 15.940015 0.000000 0.000000 0.000000 0.000000 1.259173
    24 17.709572 -0.000006 0.000001 0.209684 0.206908 -1.366176
    25 6.204001 0.000003 -0.000001 -0.078651 -0.006185 -0.498943
    26 3.549240 0.198821 -1.489462 -0.029260 0.007465 -0.600396
    27 1.218999 -0.000001 0.000002 -0.076832 0.060269 -1.226087
    28 0.679998 -0.000001 -0.000001 -0.007312 0.087396 -0.386423
    29 3.698007 0.267555 -0.728972 -0.249189 0.111219 -0.977581
    30 1.749001 -0.000001 0.000003 -0.022878 0.014629 -1.199599
    31 0.959999 -0.000001 0.000001 -0.017667 0.035290 -0.759750
    32 3.768500 0.152546 0.071388 0.025526 0.088867 -0.983263
    33 2.037998 0.000001 0.000002 0.004454 -0.001060 -1.584759
    34 1.067001 0.000001 0.000002 0.001725 -0.005565 -0.620536
    35 3.783924 -0.017260 0.794558 0.336467 0.114167 -0.886913
    36 1.629002 -0.000001 0.000003 0.066461 -0.019587 -1.478080
    37 0.956000 0.000000 0.000001 0.034782 -0.060445 -0.692618
    38 1.258965 -0.297983 1.252590 -1.258480 -0.399565 -1.214096
    39 1.393001 0.000001 0.000000 0.001203 -0.139282 0.598616
    40 1.100002 0.000001 -0.000003 -0.119020 -0.234441 0.624306
    41 3.549266 0.211411 1.487664 0.415916 -0.089300 -0.826874
    42 1.218999 -0.000001 -0.000002 0.076519 -0.060605 -1.221542
    43 0.679999 0.000001 0.000000 0.029119 -0.082748 -0.641951
    44 3.698016 0.273718 0.726617 0.250044 -0.109228 -0.986671
    45 1.748999 0.000000 -0.000002 0.020255 -0.017985 -1.043218
    46 0.959996 0.000000 0.000000 0.015675 -0.036226 -0.705571
    47 3.768499 0.151954 -0.072746 -0.036293 -0.085296 -0.861530
    48 2.037997 0.000002 -0.000003 -0.004272 0.001742 -1.428344
    49 1.066998 0.000000 -0.000001 -0.001429 0.005624 -0.566382
    50 3.783906 -0.023949 -0.794455 -0.348729 -0.066557 -0.753078
    51 1.629001 0.000002 0.000000 -0.062588 0.029671 -1.321899
    52 0.955999 0.000000 -0.000002 -0.031449 0.062230 -0.638366
    53 1.258940 -0.308543 -1.250054 1.288833 0.529973 -0.655091
    54 1.392999 0.000000 -0.000003 -0.001788 0.370555 0.932381
    55 1.099998 -0.000002 -0.000003 0.000000 -0.013127 -0.286815
    56 0.578998 0.704300 0.000000 0.000000 -1.570790 -3.044320
    57 2.577897 -4.075848 1.825547 1.570743 -1.473520 1.570850
    58 -2.577999 -4.075848 1.825549 1.570743 -1.473520 1.570850
    59 2.330669 -1.877754 0.104131 -1.861302 0.207908 -1.328386
  time 103
    0 -0.003395 0.004619 23.307130 1.204911 -0.000353 -0.000108
    1 0.001573 4.212781 -1.689849 1.563379 -0.243741 1.558378
    2 3.837410 0.000000 0.000000 -0.000025 -0.015875 0.189337
    3 3.617862 0.000000 0.000000 -0.001500 -0.014332 0.057992
    4 7.539774 0.000000 0.000000 0.000000 0.000000 0.155813
    5 3.178292 0.000001 0.000000 3.136773 0.043933 -0.029064
    6 2.970271 0.000000 0.000001 -0.199307 -0.035975 0.104052
    7 -0.000002 0.000001 0.000000 -1.570796 0.000000 -1.326450
    8 2.023705 0.907460 0.852577 3.295790 -1.247068 1.240270
    9 4.983657 -0.000003 0.000000 -2.001416 -1.070169 -0.056872
    10 11.123049 -0.000003 0.000001 -0.000001 -0.000001 -0.781539
    11 11.208297 -0.000001 0.000013 1.788746 -0.078142 0.622761
    12 2.676087 -1.712447 0.000003 1.570795 0.000000 1.570797
    13 2.023707 0.907463 -0.852527 -1.878044 1.343491 -3.576243
    14 4.983657 -0.000004 0.000000 1.561241 0.287790 -0.448562
    15 11.123040 -0.000006 -0.000006 0.000000 0.000001 -0.742172
    16 11.208287 0.000000 -0.000016 -2.026221 0.354461 -0.254902
    17 2.676081 -1.712434 -0.000003 -1.570797 -0.000001 -1.570797
    18 3.984014 -0.000005 -0.000003 -2.681376 -1.437921 -0.191742
    19 15.940006 0.000002 0.000000 0.000000 0.000000 1.151873
    20 17.709558 0.000004 0.000002 -0.346951 -0.048083 -1.337554
    21 6.203996 0.000000 0.000001 -0.011146 0.000934 -0.500515
    22 -3.984013 0.000007 0.000007 -3.576543 -1.471842 0.261797
    23 15.940015 0.000000 0.000000 0.000000 0.000000 1.259557
    24 17.709572 -0.000006 0.000001 0.210574 0.206701 -1.365685
    25 6.204001 0.000003 -0.000001 -0.078651 -0.006185 -0.498943
    26 3.549240 0.198821 -1.489462 -0.029280 0.007492 -0.600542
    27 1.218999 -0.000001 0.000002 -0.076878 0.060281 -1.226244
    28 0.679998 -0.000001 -0.000001 -0.007347 0.087396 -0.386590
    29 3.698007 0.267555 -0.728972 -0.249242 0.111248 -0.977724
    30 1.749001 -0.000001 0.000003 -0.022936 0.014641 -1.199796
    31 0.959999 -0.000001 0.000001 -0.017726 0.035266 -0.759917
    32 3.768500 0.152546 0.071388 0.025493 0.088903 -0.983411
    33 2.037998 0.000001 0.000002 0.004434 -0.001072 -1.584963
    34 1.067001 0.000001 0.000002 0.001707 -0.005601 -0.620703
    35 3.783924 -0.017260 0.794558 0.336427 0.114182 -0.887105
    36 1.629002 -0.000001 0.000003 0.066481 -0.019607 -1.478263
    37 0.956000 0.000000 0.000001 0.034804 -0.060445 -0.692773
    38 1.258965 -0.297983 1.252590 -1.258523 -0.399542 -1.214243
    39 1.393001 0.000001 0.000000 0.001203 -0.139120 0.598587
    40 1.100002 0.000001 -0.000003 -0.118912 -0.234313 0.624261
    41 3.549266 0.211411 1.487664 0.415869 -0.089403 -0.827117
    42 1.218999 -0.000001 -0.000002 0.076519 -0.060605 -1.221542
    43 0.679999 0.000001 0.000000 0.029119 -0.082748 -0.641951
    44 3.698016 0.273718 0.726617 0.250020 -0.109325 -0.986927
    45 1.748999 0.000000 -0.000002 0.020255 -0.017985 -1.043218
    46 0.959996 0.000000 0.000000 0.015675 -0.036226 -0.705571
    47 3.768499 0.151954 -0.072746 -0.036340 -0.085379 -0.861798
    48 2.037997 0.000002 -0.000003 -0.004272 0.001742 -1.428344
    49 1.066998 0.000000 -0.000001 -0.001429 0.005624 -0.566382
    50 3.783906 -0.023949 -0.794455 -0.348786 -0.066650 -0.753339
    51 1.629001 0.000002 0.000000 -0.062588 0.029671 -1.321899
    52 0.955999 0.000000 -0.000002 -0.031449 0.062230 -0.638366
    53 1.258940 -0.308543 -1.250054 1.288746 0.529887 -0.655381
    54 1.392999 0.000000 -0.000003 -0.001788 0.370555 0.932381
    55 1.099998 -0.000002 -0.000003 0.000000 -0.013127 -0.286815
    56 0.578998 0.704300 0.000000 0.000000 -1.570790 -3.044320
    57 2.577897 -4.075848 1.825547 1.570743 -1.473520 1.570850
    58 -2.577999 -4.075848 1.825549 1.570743 -1.473520 1.570850
    59 2.330669 -1.877754 0.104131 -1.861302 0.207908 -1.328386
  time 104
    0 -0.003395 0.004619 23.307130 1.204911 -0.000534 -0.000108
    1 0.001573 4.212781 -1.689849 1.563244 -0.243971 1.558416
    2 3.837410 0.000000 0.000000 -0.000201 -0.016049 0.189140
    3 3.617862 0.000000 0.000000 -0.001679 -0.014484 0.057787
    4 7.539774 0.000000 0.000000 0.000000 0.000000 0.155813
    5 3.178292 0.000001 0.000000 3.137542 0.045559 -0.027346
    6 2.970271 0.000000 0.000001 -0.155632 -0.027845 0.100729
    7 -0.000002 0.000001 0.000000 -1.570796 0.000000 -1.326450
    8 2.023705 0.907460 0.852577 3.290713 -1.246120 1.243528
    9 4.983657 -0.000003 0.000000 -1.997308 -1.067886 -0.061030
    10 11.123049 -0.000003 0.000001 -0.000001 -0.000001 -0.782999
    11 11.208297 -0.000001 0.000013 1.790184 -0.078186 0.623402
    12 2.676087 -1.712447 0.000003 1.570795 0.000000 1.570797
    13 2.023707 0.907463 -0.852527 -1.878140 1.344629 -3.577106
    14 4.983657 -0.000004 0.000000 1.558463 0.288506 -0.449885
    15 11.123040 -0.000006 -0.000006 0.000000 0.000001 -0.741098
    16 11.208287 0.000000 -0.000016 -2.025144 0.355630 -0.254902
    17 2.676081 -1.712434 -0.000003 -1.570797 -0.000001 -1.570797
    18 3.984014 -0.000005 -0.000003 -2.682718 -1.437698 -0.190688
    19 15.940006 0.000002 0.000000 0.000000 0.000000 1.151873
    20 17.709558 0.000004 0.000002 -0.346344 -0.047798 -1.337554
    21 6.203996 0.000000 0.000001 -0.011146 0.000934 -0.500515
    22 -3.984013 0.000007 0.000007 -3.577789 -1.471250 0.262372
    23 15.940015 0.000000 0.000000 0.000000 0.000000 1.259863
    24 17.709572 -0.000006 0.000001 0.211523 0.206563 -1.365242
    25 6.204001 0.000003 -0.000001 -0.078651 -0.006185 -0.498943
    26 3.549240 0.198821 -1.489462 -0.029300 0.007571 -0.600786
    27 1.218999 -0.000001 0.000002 -0.076939 0.060281 -1.226505
    28 0.679998 -0.000001 -0.000001 -0.007401 0.087396 -0.386798
    29 3.698007 0.267555 -0.728972 -0.249277 0.111291 -0.977963
    30 1.749001 -0.000001 0.000003 -0.023033 0.014653 -1.199993
    31 0.959999 -0.000001 0.000001 -0.017804 0.035218 -0.760126
    32 3.768500 0.152546 0.071388 0.025460 0.088939 -0.983658
    33 2.037998 0.000001 0.000002 0.004393 -0.001095 -1.585167
    34 1.067001 0.000001 0.000002 0.001688 -0.005625 -0.620912
    35 3.783924 -0.017260 0.794558 0.336407 0.114229 -0.887296
    36 1.629002 -0.000001 0.000003 0.066501 -0.019607 -1.478491
    37 0.956000 0.000000 0.000001 0.034847 -0.060457 -0.693022
    38 1.258965 -0.297983 1.252590 -1.258608 -0.399520 -1.214464
    39 1.393001 0.000001 0.000000 0.001203 -0.138886 0.598587
    40 1.100002 0.000001 -0.000003 -0.118780 -0.234122 0.624173
    41 3.549266 0.211411 1.487664 0.415806 -0.089485 -0.827360
    42 1.218999 -0.000001 -0.000002 0.076519 -0.060605 -1.221542
    43 0.679999 0.000001 0.000000 0.029119 -0.082748 -0.641951
    44 3.698016 0.273718 0.726617 0.249984 -0.109435 -0.987183
    45 1.748999 0.000000 -0.000002 0.020255 -0.017985 -1.043218
    46 0.959996 0.000000 0.000000 0.015675 -0.036226 -0.705571
    47 3.768499 0.151954 -0.072746 -0.036388 -0.085487 -0.862065
    48 2.037997 0.000002 -0.000003 -0.004272 0.001742 -1.428344
    49 1.066998 0.000000 -0.000001 -0.001429 0.005624 -0.566382
    50 3.783906 -0.023949 -0.794455 -0.348857 -0.066743 -0.753601
    51 1.629001 0.000002 0.000000 -0.062588 0.029671 -1.321899
    52 0.955999 0.000000 -0.000002 -0.031449 0.062242 -0.638366
    53 1.258940 -0.308543 -1.250054 1.288702 0.529800 -0.655671
    54 1.392999 0.000000 -0.000003 -0.001788 0.370555 0.932381
    55 1.099998 -0.000002 -0.000003 0.000000 -0.013127 -0.286815
    56 0.578998 0.704300 0.000000 0.000000 -1.570790 -3.044320
    57 2.577897 -4.075848 1.825547 1.570743 -1.473520 1.570850
    58 -2.577999 -4.075848 1.825549 1.570743 -1.473520 1.570850
    59 2.330669 -1.877754 0.104131 -1.861302 0.207908 -1.328386
  time 105
    0 -0.003395 0.004619 23.307130 1.204817 -0.000670 -0.000108
    1 0.001573 4.212781 -1.689849 1.563154 -0.244202 1.558416
    2 3.837410 0.000000 0.000000 -0.000363 -0.016223 0.188910
    3 3.617862 0.000000 0.000000 -0.001846 -0.014635 0.057582
    4 7.539774 0.000000 0.000000 0.000000 0.000000 0.155813
    5 3.178292 0.000001 0.000000 3.138654 0.046823 -0.025395
    6 2.970271 0.000000 0.000001 -0.124049 -0.021648 0.100182
    7 -0.000002 0.000001 0.000000 -1.570796 0.000000 -1.326450
    8 2.023705 0.907460 0.852577 3.285348 -1.245052 1.246882
    9 4.983657 -0.000003 0.000000 -1.992913 -1.065654 -0.065281
    10 11.123049 -0.000003 0.000001 -0.000001 -0.000001 -0.784347
    11 11.208297 -0.000001 0.000013 1.791527 -0.078229 0.623971
    12 2.676087 -1.712447 0.000003 1.570795 0.000000 1.570797
    13 2.023707 0.907463 -0.852527 -1.878235 1.345767 -3.578065
    14 4.983657 -0.000004 0.000000 1.555781 0.289222 -0.451302
    15 11.123040 -0.000006 -0.000006 0.000000 0.000001 -0.739834
    16 11.208287 0.000000 -0.000016 -2.024067 0.356707 -0.255048
    17 2.676081 -1.712434 -0.000003 -1.570797 -0.000001 -1.570797
    18 3.984014 -0.000005 -0.000003 -2.684059 -1.437512 -0.189633
    19 15.940006 0.000002 0.000000 0.000000 0.000000 1.151873
    20 17.709558 0.000004 0.000002 -0.345737 -0.047620 -1.337467
    21 6.203996 0.000000 0.000001 -0.011146 0.000934 -0.500515
    22 -3.984013 0.000007 0.000007 -3.578939 -1.470608 0.262851
    23 15.940015 0.000000 0.000000 0.000000 0.000000 1.260246
    24 17.709572 -0.000006 0.000001 0.212353 0.206425 -1.364800
    25 6.204001 0.000003 -0.000001 -0.078651 -0.006185 -0.498943
    26 3.549240 0.198821 -1.489462 -0.029320 0.007624 -0.601029
    27 1.218999 -0.000001 0.000002 -0.077016 0.060281 -1.226766
    28 0.679998 -0.000001 -0.000001 -0.007472 0.087396 -0.387091
    29 3.698007 0.267555 -0.728972 -0.249312 0.111349 -0.978250
    30 1.749001 -0.000001 0.000003 -0.023149 0.014689 -1.200239
    31 0.959999 -0.000001 0.000001 -0.017901 0.035170 -0.760376
    32 3.768500 0.152546 0.071388 0.025411 0.088987 -0.983905
    33 2.037998 0.000001 0.000002 0.004352 -0.001119 -1.585422
    34 1.067001 0.000001 0.000002 0.001670 -0.005673 -0.621203
    35 3.783924 -0.017260 0.794558 0.336347 0.114290 -0.887584
    36 1.629002 -0.000001 0.000003 0.066540 -0.019628 -1.478765
    37 0.956000 0.000000 0.000001 0.034890 -0.060469 -0.693302
    38 1.258965 -0.297983 1.252590 -1.258651 -0.399498 -1.214721
    39 1.393001 0.000001 0.000000 0.001203 -0.138616 0.598530
    40 1.100002 0.000001 -0.000003 -0.118624 -0.233888 0.624128
    41 3.549266 0.211411 1.487664 0.415759 -0.089609 -0.827652
    42 1.218999 -0.000001 -0.000002 0.076519 -0.060605 -1.221542
    43 0.679999 0.000001 0.000000 0.029119 -0.082748 -0.641951
    44 3.698016 0.273718 0.726617 0.249936 -0.109546 -0.987491
    45 1.748999 0.000000 -0.000002 0.020255 -0.017985 -1.043218
    46 0.959996 0.000000 0.000000 0.015675 -0.036226 -0.705571
    47 3.768499 0.151954 -0.072746 -0.036436 -0.085595 -0.862333
    48 2.037997 0.000002 -0.000003 -0.004272 0.001742 -1.428344
    49 1.066998 0.000000 -0.000001 -0.001429 0.005624 -0.566382
    50 3.783906 -0.023949 -0.794455 -0.348929 -0.066851 -0.753863
    51 1.629001 0.000002 0.000000 -0.062588 0.029671 -1.321899
    52 0.955999 0.000000 -0.000002 -0.031449 0.062230 -0.638366
    53 1.258940 -0.308543 -1.250054 1.288572 0.529713 -0.656033
    54 1.392999 0.000000 -0.000003 -0.001788 0.370555 0.932381
    55 1.099998 -0.000002 -0.000003 0.000000 -0.013127 -0.286815
    56 0.578998 0.704300 0.000000 0.000000 -1.570790 -3.044320
    57 2.577897 -4.075848 1.825547 1.570743 -1.473520 1.570850
    58 -2.577999 -4.075848 1.825549 1.570743 -1.473520 1.570850
    59 2.330669 -1.877754 0.104131 -1.861302 0.207908 -1.328386
  time 106
    0 -0.003395 0.004619 23.307130 1.204817 -0.000896 -0.000108
    1 0.001573 4.212781 -1.689849 1.563176 -0.244432 1.558339
    2 3.837410 0.000000 0.000000 -0.000498 -0.016396 0.188696
    3 3.617862 0.000000 0.000000 -0.002000 -0.014816 0.057360
    4 7.539774 0.000000 0.000000 0.000000 0.000000 0.155813
    5 3.178292 0.000001 0.000000 3.140022 0.047706 -0.023270
    6 2.970271 0.000000 0.000001 -0.101895 -0.017267 0.101912
    7 -0.000002 0.000001 0.000000 -1.570796 0.000000 -1.326450
    8 2.023705 0.907460 0.852577 3.279792 -1.243906 1.250333
    9 4.983657 -0.000003 0.000000 -1.988328 -1.063524 -0.069628
    10 11.123049 -0.000003 0.000001 -0.000001 -0.000001 -0.785638
    11 11.208297 -0.000001 0.000013 1.792965 -0.078273 0.624611
    12 2.676087 -1.712447 0.000003 1.570795 0.000000 1.570797
    13 2.023707 0.907463 -0.852527 -1.878522 1.346858 -3.579119
    14 4.983657 -0.000004 0.000000 1.553290 0.289795 -0.452720
    15 11.123040 -0.000006 -0.000006 0.000000 0.000001 -0.738508
    16 11.208287 0.000000 -0.000016 -2.022900 0.357783 -0.255267
    17 2.676081 -1.712434 -0.000003 -1.570797 -0.000001 -1.570797
    18 3.984014 -0.000005 -0.000003 -2.685305 -1.437326 -0.188579
    19 15.940006 0.000002 0.000000 0.000000 0.000000 1.151947
    20 17.709558 0.000004 0.000002 -0.345206 -0.047549 -1.337294
    21 6.203996 0.000000 0.000001 -0.011146 0.000934 -0.500515
    22 -3.984013 0.000007 0.000007 -3.579706 -1.470065 0.262947
    23 15.940015 0.000000 0.000000 0.000000 0.000000 1.260553
    24 17.709572 -0.000006 0.000001 0.213184 0.206322 -1.364407
    25 6.204001 0.000003 -0.000001 -0.078651 -0.006185 -0.498943
    26 3.549240 0.198821 -1.489462 -0.029361 0.007703 -0.601370
    27 1.218999 -0.000001 0.000002 -0.077108 0.060281 -1.227079
    28 0.679998 -0.000001 -0.000001 -0.007544 0.087396 -0.387425
    29 3.698007 0.267555 -0.728972 -0.249382 0.111406 -0.978537
    30 1.749001 -0.000001 0.000003 -0.023285 0.014713 -1.200535
    31 0.959999 -0.000001 0.000001 -0.018038 0.035098 -0.760668
    32 3.768500 0.152546 0.071388 0.025362 0.089059 -0.984250
    33 2.037998 0.000001 0.000002 0.004291 -0.001143 -1.585779
    34 1.067001 0.000001 0.000002 0.001634 -0.005721 -0.621537
    35 3.783924 -0.017260 0.794558 0.336307 0.114368 -0.887919
    36 1.629002 -0.000001 0.000003 0.066600 -0.019649 -1.479085
    37 0.956000 0.000000 0.000001 0.034933 -0.060469 -0.693644
    38 1.258965 -0.297983 1.252590 -1.258736 -0.399431 -1.215015
    39 1.393001 0.000001 0.000000 0.001203 -0.138273 0.598501
    40 1.100002 0.000001 -0.000003 -0.118432 -0.233611 0.624039
    41 3.549266 0.211411 1.487664 0.415696 -0.089713 -0.827992
    42 1.218999 -0.000001 -0.000002 0.076519 -0.060605 -1.221542
    43 0.679999 0.000001 0.000000 0.029119 -0.082748 -0.641951
    44 3.698016 0.273718 0.726617 0.249888 -0.109670 -0.987798
    45 1.748999 0.000000 -0.000002 0.020255 -0.017985 -1.043218
    46 0.959996 0.000000 0.000000 0.015675 -0.036226 -0.705571
    47 3.768499 0.151954 -0.072746 -0.036496 -0.085703 -0.862654
    48 2.037997 0.000002 -0.000003 -0.004272 0.001742 -1.428344
    49 1.066998 0.000000 -0.000001 -0.001429 0.005624 -0.566382
    50 3.783906 -0.023949 -0.794455 -0.348986 -0.066975 -0.754229
    51 1.629001 0.000002 0.000000 -0.062588 0.029671 -1.321899
    52 0.955999 0.000000 -0.000002 -0.031449 0.062242 -0.638366
    53 1.258940 -0.308543 -1.250054 1.288485 0.529605 -0.656395
    54 1.392999 0.000000 -0.000003 -0.001788 0.370555 0.932381
    55 1.099998 -0.000002 -0.000003 0.000000 -0.013127 -0.286815
    56 0.578998 0.704300 0.000000 0.000000 -1.570790 -3.044320
    57 2.577897 -4.075848 1.825547 1.570743 -1.473520 1.570850
    58 -2.577999 -4.075848 1.825549 1.570743 -1.473520 1.570850
    59 2.330669 -1.877754 0.104131 -1.861302 0.207908 -1.328386
  time 107
    0 -0.003395 0.004619 23.307130 1.204723 -0.001077 -0.000108
    1 0.001573 4.212781 -1.689849 1.563266 -0.244663 1.558262
    2 3.837410 0.000000 0.000000 -0.000606 -0.016586 0.188483
    3 3.617862 0.000000 0.000000 -0.002115 -0.014983 0.057138
    4 7.539774 0.000000 0.000000 0.000000 0.000000 0.155813
    5 3.178292 0.000001 0.000000 3.141618 0.048288 -0.020941
    6 2.970271 0.000000 0.000001 -0.079867 -0.013202 0.104507
    7 -0.000002 0.000001 0.000000 -1.570796 0.000000 -1.326450
    8 2.023705 0.907460 0.852577 3.274044 -1.242680 1.253879
    9 4.983657 -0.000003 0.000000 -1.983646 -1.061495 -0.074069
    10 11.123049 -0.000003 0.000001 -0.000001 -0.000001 -0.786761
    11 11.208297 -0.000001 0.000013 1.794307 -0.078317 0.625180
    12 2.676087 -1.712447 0.000003 1.570795 0.000000 1.570797
    13 2.023707 0.907463 -0.852527 -1.878809 1.347948 -3.580173
    14 4.983657 -0.000004 0.000000 1.550799 0.290273 -0.454138
    15 11.123040 -0.000006 -0.000006 0.000000 0.000001 -0.737118
    16 11.208287 0.000000 -0.000016 -2.021823 0.358859 -0.255632
    17 2.676081 -1.712434 -0.000003 -1.570797 -0.000001 -1.570797
    18 3.984014 -0.000005 -0.000003 -2.686647 -1.437177 -0.187430
    19 15.940006 0.000002 0.000000 0.000000 0.000000 1.152020
    20 17.709558 0.000004 0.000002 -0.344675 -0.047584 -1.337035
    21 6.203996 0.000000 0.000001 -0.011146 0.000934 -0.500515
    22 -3.984013 0.000007 0.000007 -3.580281 -1.469473 0.262851
    23 15.940015 0.000000 0.000000 0.000000 0.000000 1.260783
    24 17.709572 -0.000006 0.000001 0.213955 0.206287 -1.364014
    25 6.204001 0.000003 -0.000001 -0.078651 -0.006185 -0.498943
    26 3.549240 0.198821 -1.489462 -0.029381 0.007782 -0.601759
    27 1.218999 -0.000001 0.000002 -0.077215 0.060281 -1.227444
    28 0.679998 -0.000001 -0.000001 -0.007633 0.087396 -0.387800
    29 3.698007 0.267555 -0.728972 -0.249435 0.111478 -0.978920
    30 1.749001 -0.000001 0.000003 -0.023459 0.014760 -1.200879
    31 0.959999 -0.000001 0.000001 -0.018175 0.035026 -0.761043
    32 3.768500 0.152546 0.071388 0.025280 0.089119 -0.984595
    33 2.037998 0.000001 0.000002 0.004250 -0.001179 -1.586136
    34 1.067001 0.000001 0.000002 0.001616 -0.005781 -0.621912
    35 3.783924 -0.017260 0.794558 0.336247 0.114445 -0.888303
    36 1.629002 -0.000001 0.000003 0.066640 -0.019670 -1.479496
    37 0.956000 0.000000 0.000001 0.034998 -0.060481 -0.694017
    38 1.258965 -0.297983 1.252590 -1.258821 -0.399386 -1.215345
    39 1.393001 0.000001 0.000000 0.001186 -0.137895 0.598444
    40 1.100002 0.000001 -0.000003 -0.118217 -0.233313 0.623950
    41 3.549266 0.211411 1.487664 0.415617 -0.089836 -0.828333
    42 1.218999 -0.000001 -0.000002 0.076519 -0.060605 -1.221542
    43 0.679999 0.000001 0.000000 0.029119 -0.082748 -0.641951
    44 3.698016 0.273718 0.726617 0.249840 -0.109808 -0.988156
    45 1.748999 0.000000 -0.000002 0.020255 -0.017985 -1.043218
    46 0.959996 0.000000 0.000000 0.015675 -0.036226 -0.705571
    47 3.768499 0.151954 -0.072746 -0.036568 -0.085835 -0.862975
    48 2.037997 0.000002 -0.000003 -0.004272 0.001742 -1.428344
    49 1.066998 0.000000 -0.000001 -0.001429 0.005624 -0.566382
    50 3.783906 -0.023949 -0.794455 -0.349072 -0.067084 -0.754543
    51 1.629001 0.000002 0.000000 -0.062588 0.029671 -1.321899
    52 0.955999 0.000000 -0.000002 -0.031449 0.062230 -0.638366
    53 1.258940 -0.308543 -1.250054 1.288398 0.529496 -0.656794
    54 1.392999 0.000000 -0.000003 -0.001788 0.370555 0.932381
    55 1.099998 -0.000002 -0.000003 0.000000 -0.013127 -0.286815
    56 0.578998 0.704300 0.000000 0.000000 -1.570790 -3.044320
    57 2.577897 -4.075848 1.825547 1.570743 -1.473520 1.570850
    58 -2.577999 -4.075848 1.825549 1.570743 -1.473520 1.570850
    59 2.330669 -1.877754 0.104131 -1.861302 0.207908 -1.328386
  time 108
    0 -0.003395 0.004619 23.307130 1.204723 -0.001259 -0.000204
    1 0.001573 4.212781 -1.689849 1.563424 -0.244893 1.558146
    2 3.837410 0.000000 0.000000 -0.000701 -0.016760 0.188269
    3 3.617862 0.000000 0.000000 -0.002231 -0.015164 0.056916
    4 7.539774 0.000000 0.000000 0.000000 0.000000 0.155813
    5 3.178292 0.000001 0.000000 3.143443 0.048670 -0.018495
    6 2.970271 0.000000 0.000001 -0.058558 -0.009492 0.107786
    7 -0.000002 0.000001 0.000000 -1.570796 0.000000 -1.326450
    8 2.023705 0.907460 0.852577 3.268296 -1.241415 1.257329
    9 4.983657 -0.000003 0.000000 -1.978774 -1.059567 -0.078509
    10 11.123049 -0.000003 0.000001 -0.000001 -0.000001 -0.787715
    11 11.208297 -0.000001 0.000013 1.795649 -0.078361 0.625678
    12 2.676087 -1.712447 0.000003 1.570795 0.000000 1.570797
    13 2.023707 0.907463 -0.852527 -1.879192 1.349086 -3.581324
    14 4.983657 -0.000004 0.000000 1.548500 0.290702 -0.455555
    15 11.123040 -0.000006 -0.000006 0.000000 0.000001 -0.735728
    16 11.208287 0.000000 -0.000016 -2.020746 0.359888 -0.255997
    17 2.676081 -1.712434 -0.000003 -1.570797 -0.000001 -1.570797
    18 3.984014 -0.000005 -0.000003 -2.687893 -1.437102 -0.186280
    19 15.940006 0.000002 0.000000 0.000000 0.000000 1.152168
    20 17.709558 0.000004 0.000002 -0.344145 -0.047727 -1.336775
    21 6.203996 0.000000 0.000001 -0.011146 0.000934 -0.500515
    22 -3.984013 0.000007 0.000007 -3.580473 -1.468881 0.262467
    23 15.940015 0.000000 0.000000 0.000000 0.000000 1.261013
    24 17.709572 -0.000006 0.000001 0.214667 0.206322 -1.363670
    25 6.204001 0.000003 -0.000001 -0.078651 -0.006185 -0.498943
    26 3.549240 0.198821 -1.489462 -0.029421 0.007888 -0.602149
    27 1.218999 -0.000001 0.000002 -0.077337 0.060281 -1.227862
    28 0.679998 -0.000001 -0.000001 -0.007740 0.087396 -0.388218
    29 3.698007 0.267555 -0.728972 -0.249523 0.111565 -0.979351
    30 1.749001 -0.000001 0.000003 -0.023615 0.014796 -1.201273
    31 0.959999 -0.000001 0.000001 -0.018331 0.034942 -0.761419
    32 3.768500 0.152546 0.071388 0.025214 0.089202 -0.985039
    33 2.037998 0.000001 0.000002 0.004189 -0.001215 -1.586544
    34 1.067001 0.000001 0.000002 0.001580 -0.005853 -0.622329
    35 3.783924 -0.017260 0.794558 0.336187 0.114522 -0.888734
    36 1.629002 -0.000001 0.000003 0.066699 -0.019670 -1.479908
    37 0.956000 0.000000 0.000001 0.035063 -0.060481 -0.694422
    38 1.258965 -0.297983 1.252590 -1.258907 -0.399319 -1.215712
    39 1.393001 0.000001 0.000000 0.001186 -0.137480 0.598415
    40 1.100002 0.000001 -0.000003 -0.117977 -0.232951 0.623862
    41 3.549266 0.211411 1.487664 0.415554 -0.089960 -0.828673
    42 1.218999 -0.000001 -0.000002 0.076519 -0.060605 -1.221542
    43 0.679999 0.000001 0.000000 0.029119 -0.082748 -0.641951
    44 3.698016 0.273718 0.726617 0.249792 -0.109933 -0.988514
    45 1.748999 0.000000 -0.000002 0.020255 -0.017985 -1.043218
    46 0.959996 0.000000 0.000000 0.015675 -0.036226 -0.705571
    47 3.768499 0.151954 -0.072746 -0.036628 -0.085967 -0.863350
    48 2.037997 0.000002 -0.000003 -0.004272 0.001742 -1.428344
    49 1.066998 0.000000 -0.000001 -0.001429 0.005624 -0.566382
    50 3.783906 -0.023949 -0.794455 -0.349158 -0.067223 -0.754909
    51 1.629001 0.000002 0.000000 -0.062588 0.029671 -1.321899
    52 0.955999 0.000000 -0.000002 -0.031449 0.062242 -0.638366
    53 1.258940 -0.308543 -1.250054 1.288311 0.529388 -0.657193
    54 1.392999 0.000000 -0.000003 -0.001788 0.370555 0.932381
    55 1.099998 -0.000002 -0.000003 0.000000 -0.013127 -0.286815
    56 0.578998 0.704300 0.000000 0.000000 -1.570790 -3.044320
    57 2.577897 -4.075848 1.825547 1.570743 -1.473520 1.570850
    58 -2.577999 -4.075848 1.825549 1.570743 -1.473520 1.570850
    59 2.330669 -1.877754 0.104131 -1.861302 0.207908 -1.328386
  time 109
    0 -0.003395 0.004619 23.307130 1.204629 -0.001485 -0.000204
    1 0.001573 4.212781 -1.689849 1.563648 -0.245103 1.558031
    2 3.837410 0.000000 0.000000 -0.000782 -0.016949 0.188039
    3 3.617862 0.000000 0.000000 -0.002321 -0.015346 0.056694
    4 7.539774 0.000000 0.000000 0.000000 0.000000 0.155813
    5 3.178292 0.000001 0.000000 3.145409 0.048911 -0.015874
    6 2.970271 0.000000 0.000001 -0.038390 -0.006177 0.111519
    7 -0.000002 0.000001 0.000000 -1.570796 0.000000 -1.326450
    8 2.023705 0.907460 0.852577 3.262452 -1.240071 1.260875
    9 4.983657 -0.000003 0.000000 -1.973807 -1.057791 -0.083045
    10 11.123049 -0.000003 0.000001 -0.000001 -0.000001 -0.788557
    11 11.208297 -0.000001 0.000013 1.796991 -0.078449 0.626176
    12 2.676087 -1.712447 0.000003 1.570795 0.000000 1.570797
    13 2.023707 0.907463 -0.852527 -1.879671 1.350129 -3.582474
    14 4.983657 -0.000004 0.000000 1.546297 0.291036 -0.456973
    15 11.123040 -0.000006 -0.000006 0.000000 0.000001 -0.734211
    16 11.208287 0.000000 -0.000016 -2.019669 0.360918 -0.256435
    17 2.676081 -1.712434 -0.000003 -1.570797 -0.000001 -1.570797
    18 3.984014 -0.000005 -0.000003 -2.689139 -1.437028 -0.185130
    19 15.940006 0.000002 0.000000 0.000000 0.000000 1.152315
    20 17.709558 0.000004 0.000002 -0.343689 -0.047941 -1.336515
    21 6.203996 0.000000 0.000001 -0.011146 0.000934 -0.500515
    22 -3.984013 0.000007 0.000007 -3.580569 -1.468387 0.261797
    23 15.940015 0.000000 0.000000 0.000000 0.000000 1.261243
    24 17.709572 -0.000006 0.000001 0.215378 0.206391 -1.363375
    25 6.204001 0.000003 -0.000001 -0.078651 -0.006185 -0.498943
    26 3.549240 0.198821 -1.489462 -0.029462 0.007994 -0.602587
    27 1.218999 -0.000001 0.000002 -0.077460 0.060293 -1.228332
    28 0.679998 -0.000001 -0.000001 -0.007847 0.087396 -0.388677
    29 3.698007 0.267555 -0.728972 -0.249593 0.111636 -0.979781
    30 1.749001 -0.000001 0.000003 -0.023808 0.014832 -1.201667
    31 0.959999 -0.000001 0.000001 -0.018507 0.034859 -0.761836
    32 3.768500 0.152546 0.071388 0.025132 0.089274 -0.985483
    33 2.037998 0.000001 0.000002 0.004107 -0.001251 -1.587002
    34 1.067001 0.000001 0.000002 0.001544 -0.005937 -0.622746
    35 3.783924 -0.017260 0.794558 0.336127 0.114615 -0.889166
    36 1.629002 -0.000001 0.000003 0.066759 -0.019712 -1.480365
    37 0.956000 0.000000 0.000001 0.035150 -0.060493 -0.694888
    38 1.258965 -0.297983 1.252590 -1.259035 -0.399274 -1.216116
    39 1.393001 0.000001 0.000000 0.001186 -0.137030 0.598358
    40 1.100002 0.000001 -0.000003 -0.117713 -0.232589 0.623728
    41 3.549266 0.211411 1.487664 0.415476 -0.090084 -0.829013
    42 1.218999 -0.000001 -0.000002 0.076519 -0.060605 -1.221542
    43 0.679999 0.000001 0.000000 0.029119 -0.082748 -0.641951
    44 3.698016 0.273718 0.726617 0.249744 -0.110085 -0.988873
    45 1.748999 0.000000 -0.000002 0.020255 -0.017985 -1.043218
    46 0.959996 0.000000 0.000000 0.015675 -0.036226 -0.705571
    47 3.768499 0.151954 -0.072746 -0.036700 -0.086099 -0.863724
    48 2.037997 0.000002 -0.000003 -0.004272 0.001742 -1.428344
    49 1.066998 0.000000 -0.000001 -0.001429 0.005624 -0.566382
    50 3.783906 -0.023949 -0.794455 -0.349229 -0.067347 -0.755275
    51 1.629001 0.000002 0.000000 -0.062588 0.029671 -1.321899
    52 0.955999 0.000000 -0.000002 -0.031449 0.062230 -0.638366
    53 1.258940 -0.308543 -1.250054 1.288181 0.529258 -0.657628
    54 1.392999 0.000000 -0.000003 -0.001788 0.370555 0.932381
    55 1.099998 -0.000002 -0.000003 0.000000 -0.013127 -0.286815
    56 0.578998 0.704300 0.000000 0.000000 -1.570790 -3.044320
    57 2.577897 -4.075848 1.825547 1.570743 -1.473520 1.570850
    58 -2.577999 -4.075848 1.825549 1.570743 -1.473520 1.570850
    59 2.330669 -1.877754 0.104131 -1.861302 0.207908 -1.328386
  time 110
    0 -0.003395 0.004619 23.307130 1.204629 -0.001711 -0.000204
    1 0.001573 4.212781 -1.689849 1.563918 -0.245292 1.557876
    2 3.837410 0.000000 0.000000 -0.000849 -0.017139 0.187826
    3 3.617862 0.000000 0.000000 -0.002398 -0.015527 0.056471
    4 7.539774 0.000000 0.000000 0.000000 0.000000 0.155813
    5 3.178292 0.000001 0.000000 3.147490 0.049151 -0.013196
    6 2.970271 0.000000 0.000001 -0.019956 -0.003197 0.115616
    7 -0.000002 0.000001 0.000000 -1.570796 0.000000 -1.326450
    8 2.023705 0.907460 0.852577 3.256608 -1.238688 1.264325
    9 4.983657 -0.000003 0.000000 -1.968743 -1.056117 -0.087486
    10 11.123049 -0.000003 0.000001 -0.000001 -0.000001 -0.789175
    11 11.208297 -0.000001 0.000013 1.798333 -0.078493 0.626603
    12 2.676087 -1.712447 0.000003 1.570795 0.000000 1.570797
    13 2.023707 0.907463 -0.852527 -1.880245 1.351220 -3.583720
    14 4.983657 -0.000004 0.000000 1.544094 0.291323 -0.458391
    15 11.123040 -0.000006 -0.000006 0.000000 0.000001 -0.732632
    16 11.208287 0.000000 -0.000016 -2.018682 0.361900 -0.256873
    17 2.676081 -1.712434 -0.000003 -1.570797 -0.000001 -1.570797
    18 3.984014 -0.000005 -0.000003 -2.690385 -1.437028 -0.183884
    19 15.940006 0.000002 0.000000 0.000000 0.000000 1.152536
    20 17.709558 0.000004 0.000002 -0.343234 -0.048297 -1.336083
    21 6.203996 0.000000 0.000001 -0.011146 0.000934 -0.500515
    22 -3.984013 0.000007 0.000007 -3.580281 -1.467844 0.260838
    23 15.940015 0.000000 0.000000 0.000000 0.000000 1.261396
    24 17.709572 -0.000006 0.000001 0.216031 0.206494 -1.363080
    25 6.204001 0.000003 -0.000001 -0.078651 -0.006185 -0.498943
    26 3.549240 0.198821 -1.489462 -0.029522 0.008099 -0.603073
    27 1.218999 -0.000001 0.000002 -0.077598 0.060293 -1.228802
    28 0.679998 -0.000001 -0.000001 -0.007954 0.087396 -0.389136
    29 3.698007 0.267555 -0.728972 -0.249680 0.111737 -0.980260
    30 1.749001 -0.000001 0.000003 -0.024002 0.014880 -1.202111
    31 0.959999 -0.000001 0.000001 -0.018682 0.034751 -0.762294
    32 3.768500 0.152546 0.071388 0.025051 0.089370 -0.985927
    33 2.037998 0.000001 0.000002 0.004025 -0.001299 -1.587461
    34 1.067001 0.000001 0.000002 0.001507 -0.006009 -0.623247
    35 3.783924 -0.017260 0.794558 0.336047 0.114707 -0.889645
    36 1.629002 -0.000001 0.000003 0.066818 -0.019733 -1.480821
    37 0.956000 0.000000 0.000001 0.035214 -0.060505 -0.695355
    38 1.258965 -0.297983 1.252590 -1.259120 -0.399207 -1.216521
    39 1.393001 0.000001 0.000000 0.001186 -0.136543 0.598301
    40 1.100002 0.000001 -0.000003 -0.117438 -0.232185 0.623640
    41 3.549266 0.211411 1.487664 0.415413 -0.090229 -0.829402
    42 1.218999 -0.000001 -0.000002 0.076519 -0.060605 -1.221542
    43 0.679999 0.000001 0.000000 0.029119 -0.082748 -0.641951
    44 3.698016 0.273718 0.726617 0.249697 -0.110223 -0.989231
    45 1.748999 0.000000 -0.000002 0.020255 -0.017985 -1.043218
    46 0.959996 0.000000 0.000000 0.015675 -0.036226 -0.705571
    47 3.768499 0.151954 -0.072746 -0.036772 -0.086230 -0.864099
    48 2.037997 0.000002 -0.000003 -0.004272 0.001742 -1.428344
    49 1.066998 0.000000 -0.000001 -0.001429 0.005624 -0.566382
    50 3.783906 -0.023949 -0.794455 -0.349315 -0.067486 -0.755641
    51 1.629001 0.000002 0.000000 -0.062588 0.029671 -1.321899
    52 0.955999 0.000000 -0.000002 -0.031449 0.062242 -0.638366
    53 1.258940 -0.308543 -1.250054 1.288094 0.529149 -0.658062
    54 1.392999 0.000000 -0.000003 -0.001788 0.370555 0.932381
    55 1.099998 -0.000002 -0.000003 0.000000 -0.013127 -0.286815
    56 0.578998 0.704300 0.000000 0.000000 -1.570790 -3.044320
    57 2.577897 -4.075848 1.825547 1.570743 -1.473520 1.570850
    58 -2.577999 -4.075848 1.825549 1.570743 -1.473520 1.570850
    59 2.330669 -1.877754 0.104131 -1.861302 0.207908 -1.328386
  time 111
    0 -0.003395 0.004619 23.307130 1.204534 -0.001938 -0.000204
    1 0.001573 4.212781 -1.689849 1.564255 -0.245438 1.557722
    2 3.837410 0.000000 0.000000 -0.000890 -0.017328 0.187596
    3 3.617862 0.000000 0.000000 -0.002462 -0.015709 0.056266
    4 7.539774 0.000000 0.000000 0.000000 0.000000 0.155813
    5 3.178292 0.000001 0.000000 3.149656 0.049453 -0.010459
    6 2.970271 0.000000 0.000001 -0.003721 -0.000533 0.119851
    7 -0.000002 0.000001 0.000000 -1.570796 0.000000 -1.326450
    8 2.023705 0.907460 0.852577 3.250860 -1.237265 1.267679
    9 4.983657 -0.000003 0.000000 -1.963776 -1.054545 -0.091926
    10 11.123049 -0.000003 0.000001 -0.000001 -0.000001 -0.789624
    11 11.208297 -0.000001 0.000013 1.799676 -0.078580 0.626888
    12 2.676087 -1.712447 0.000003 1.570795 0.000000 1.570797
    13 2.023707 0.907463 -0.852527 -1.880819 1.352263 -3.585062
    14 4.983657 -0.000004 0.000000 1.542082 0.291561 -0.459903
    15 11.123040 -0.000006 -0.000006 0.000000 0.000001 -0.730926
    16 11.208287 0.000000 -0.000016 -2.017694 0.362883 -0.257457
    17 2.676081 -1.712434 -0.000003 -1.570797 -0.000001 -1.570797
    18 3.984014 -0.000005 -0.000003 -2.691439 -1.437028 -0.182734
    19 15.940006 0.000002 0.000000 0.000000 0.000000 1.152757
    20 17.709558 0.000004 0.000002 -0.342931 -0.048724 -1.335650
    21 6.203996 0.000000 0.000001 -0.011146 0.000934 -0.500515
    22 -3.984013 0.000007 0.000007 -3.579802 -1.467400 0.259784
    23 15.940015 0.000000 0.000000 0.000000 0.000000 1.261549
    24 17.709572 -0.000006 0.000001 0.216565 0.206701 -1.362884
    25 6.204001 0.000003 -0.000001 -0.078651 -0.006185 -0.498943
    26 3.549240 0.198821 -1.489462 -0.029563 0.008232 -0.603560
    27 1.218999 -0.000001 0.000002 -0.077736 0.060305 -1.229272
    28 0.679998 -0.000001 -0.000001 -0.008079 0.087396 -0.389637
    29 3.698007 0.267555 -0.728972 -0.249768 0.111823 -0.980786
    30 1.749001 -0.000001 0.000003 -0.024216 0.014928 -1.202603
    31 0.959999 -0.000001 0.000001 -0.018878 0.034667 -0.762753
    32 3.768500 0.152546 0.071388 0.024969 0.089466 -0.986470
    33 2.037998 0.000001 0.000002 0.003944 -0.001347 -1.587971
    34 1.067001 0.000001 0.000002 0.001471 -0.006093 -0.623747
    35 3.783924 -0.017260 0.794558 0.335967 0.114815 -0.890124
    36 1.629002 -0.000001 0.000003 0.066878 -0.019754 -1.481324
    37 0.956000 0.000000 0.000001 0.035301 -0.060517 -0.695853
    38 1.258965 -0.297983 1.252590 -1.259248 -0.399118 -1.216961
    39 1.393001 0.000001 0.000000 0.001168 -0.136057 0.598243
    40 1.100002 0.000001 -0.000003 -0.117150 -0.231759 0.623506
    41 3.549266 0.211411 1.487664 0.415334 -0.090353 -0.829791
    42 1.218999 -0.000001 -0.000002 0.076519 -0.060605 -1.221542
    43 0.679999 0.000001 0.000000 0.029119 -0.082748 -0.641951
    44 3.698016 0.273718 0.726617 0.249637 -0.110361 -0.989590
    45 1.748999 0.000000 -0.000002 0.020255 -0.017985 -1.043218
    46 0.959996 0.000000 0.000000 0.015675 -0.036226 -0.705571
    47 3.768499 0.151954 -0.072746 -0.036844 -0.086374 -0.864473
    48 2.037997 0.000002 -0.000003 -0.004272 0.001742 -1.428344
    49 1.066998 0.000000 -0.000001 -0.001429 0.005624 -0.566382
    50 3.783906 -0.023949 -0.794455 -0.349401 -0.067610 -0.756007
    51 1.629001 0.000002 0.000000 -0.062588 0.029671 -1.321899
    52 0.955999 0.000000 -0.000002 -0.031449 0.062230 -0.638366
    53 1.258940 -0.308543 -1.250054 1.287964 0.529019 -0.658497
    54 1.392999 0.000000 -0.000003 -0.001788 0.370555 0.932381
    55 1.099998 -0.000002 -0.000003 0.000000 -0.013127 -0.286815
    56 0.578998 0.704300 0.000000 0.000000 -1.570790 -3.044320
    57 2.577897 -4.075848 1.825547 1.570743 -1.473520 1.570850
    58 -2.577999 -4.075848 1.825549 1.570743 -1.473520 1.570850
    59 2.330669 -1.877754 0.104131 -1.861302 0.207908 -1.328386
  time 112
    0 -0.003395 0.004619 23.307130 1.204534 -0.002119 -0.000204
    1 0.001573 4.212781 -1.689849 1.564592 -0.245543 1.557529
    2 3.837410 0.000000 0.000000 -0.000930 -0.017502 0.187399
    3 3.617862 0.000000 0.000000 -0.002500 -0.015875 0.056044
    4 7.539774 0.000000 0.000000 0.000000 0.000000 0.155813
    5 3.178292 0.000001 0.000000 3.151851 0.049894 -0.007664
    6 2.970271 0.000000 0.000001 0.009766 0.001796 0.123948
    7 -0.000002 0.000001 0.000000 -1.570796 0.000000 -1.326450
    8 2.023705 0.907460 0.852577 3.245208 -1.235842 1.270938
    9 4.983657 -0.000003 0.000000 -1.958808 -1.053124 -0.096367
    10 11.123049 -0.000003 0.000001 -0.000001 -0.000001 -0.789905
    11 11.208297 -0.000001 0.000013 1.801018 -0.078668 0.627173
    12 2.676087 -1.712447 0.000003 1.570795 0.000000 1.570797
    13 2.023707 0.907463 -0.852527 -1.881489 1.353259 -3.586404
    14 4.983657 -0.000004 0.000000 1.540070 0.291752 -0.461320
    15 11.123040 -0.000006 -0.000006 0.000000 0.000001 -0.729157
    16 11.208287 0.000000 -0.000016 -2.016707 0.363772 -0.258113
    17 2.676081 -1.712434 -0.000003 -1.570797 -0.000001 -1.570797
    18 3.984014 -0.000005 -0.000003 -2.692494 -1.437102 -0.181584
    19 15.940006 0.000002 0.000000 0.000000 0.000000 1.152978
    20 17.709558 0.000004 0.000002 -0.342552 -0.049223 -1.335217
    21 6.203996 0.000000 0.000001 -0.011146 0.000934 -0.500515
    22 -3.984013 0.000007 0.000007 -3.578939 -1.466956 0.258251
    23 15.940015 0.000000 0.000000 0.000000 0.000000 1.261626
    24 17.709572 -0.000006 0.000001 0.217039 0.206943 -1.362687
    25 6.204001 0.000003 -0.000001 -0.078651 -0.006185 -0.498943
    26 3.549240 0.198821 -1.489462 -0.029603 0.008337 -0.604047
    27 1.218999 -0.000001 0.000002 -0.077889 0.060305 -1.229794
    28 0.679998 -0.000001 -0.000001 -0.008204 0.087396 -0.390180
    29 3.698007 0.267555 -0.728972 -0.249856 0.111924 -0.981312
    30 1.749001 -0.000001 0.000003 -0.024448 0.014976 -1.203046
    31 0.959999 -0.000001 0.000001 -0.019053 0.034559 -0.763212
    32 3.768500 0.152546 0.071388 0.024870 0.089562 -0.986963
    33 2.037998 0.000001 0.000002 0.003862 -0.001383 -1.588481
    34 1.067001 0.000001 0.000002 0.001435 -0.006189 -0.624247
    35 3.783924 -0.017260 0.794558 0.335887 0.114908 -0.890651
    36 1.629002 -0.000001 0.000003 0.066957 -0.019796 -1.481872
    37 0.956000 0.000000 0.000001 0.035387 -0.060529 -0.696382
    38 1.258965 -0.297983 1.252590 -1.259376 -0.399051 -1.217439
    39 1.393001 0.000001 0.000000 0.001168 -0.135516 0.598186
    40 1.100002 0.000001 -0.000003 -0.116838 -0.231333 0.623373
    41 3.549266 0.211411 1.487664 0.415256 -0.090497 -0.830132
    42 1.218999 -0.000001 -0.000002 0.076519 -0.060605 -1.221542
    43 0.679999 0.000001 0.000000 0.029119 -0.082748 -0.641951
    44 3.698016 0.273718 0.726617 0.249589 -0.110513 -0.989999
    45 1.748999 0.000000 -0.000002 0.020255 -0.017985 -1.043218
    46 0.959996 0.000000 0.000000 0.015675 -0.036226 -0.705571
    47 3.768499 0.151954 -0.072746 -0.036904 -0.086506 -0.864848
    48 2.037997 0.000002 -0.000003 -0.004272 0.001742 -1.428344
    49 1.066998 0.000000 -0.000001 -0.001429 0.005624 -0.566382
    50 3.783906 -0.023949 -0.794455 -0.349487 -0.067749 -0.756373
    51 1.629001 0.000002 0.000000 -0.062588 0.029671 -1.321899
    52 0.955999 0.000000 -0.000002 -0.031449 0.062230 -0.638366
    53 1.258940 -0.308543 -1.250054 1.287834 0.528911 -0.658932
    54 1.392999 0.000000 -0.000003 -0.001788 0.370555 0.932381
    55 1.099998 -0.000002 -0.000003 0.000000 -0.013127 -0.286815
    56 0.578998 0.704300 0.000000 0.000000 -1.570790 -3.044320
    57 2.577897 -4.075848 1.825547 1.570743 -1.473520 1.570850
    58 -2.577999 -4.075848 1.825549 1.570743 -1.473520 1.570850
    59 2.330669 -1.877754 0.104131 -1.861302 0.207908 -1.328386
  time 113
    0 -0.003395 0.004619 23.307130 1.204440 -0.002345 -0.000300
    1 0.001573 4.212781 -1.689849 1.564974 -0.245606 1.557336
    2 3.837410 0.000000 0.000000 -0.000944 -0.017691 0.187169
    3 3.617862 0.000000 0.000000 -0.002539 -0.016057 0.055839
    4 7.539774 0.000000 0.000000 0.000000 0.000000 0.155813
    5 3.178292 0.000001 0.000000 3.154018 0.050817 -0.005422
    6 2.970271 0.000000 0.000001 0.020040 0.004105 0.127226
    7 -0.000002 0.000001 0.000000 -1.570796 0.000000 -1.326450
    8 2.023705 0.907460 0.852577 3.239748 -1.234379 1.274100
    9 4.983657 -0.000003 0.000000 -1.953840 -1.051805 -0.100714
    10 11.123049 -0.000003 0.000001 -0.000001 -0.000001 -0.789961
    11 11.208297 -0.000001 0.000013 1.802264 -0.078756 0.627315
    12 2.676087 -1.712447 0.000003 1.570795 0.000000 1.570797
    13 2.023707 0.907463 -0.852527 -1.882350 1.354302 -3.587842
    14 4.983657 -0.000004 0.000000 1.538250 0.291991 -0.462832
    15 11.123040 -0.000006 -0.000006 0.000000 0.000001 -0.727261
    16 11.208287 0.000000 -0.000016 -2.015720 0.364661 -0.258843
    17 2.676081 -1.712434 -0.000003 -1.570797 -0.000001 -1.570797
    18 3.984014 -0.000005 -0.000003 -2.693356 -1.437214 -0.180530
    19 15.940006 0.000002 0.000000 0.000000 0.000000 1.153273
    20 17.709558 0.000004 0.000002 -0.342324 -0.049828 -1.334785
    21 6.203996 0.000000 0.000001 -0.011146 0.000934 -0.500515
    22 -3.984013 0.000007 0.000007 -3.577885 -1.466511 0.256526
    23 15.940015 0.000000 0.000000 0.000000 0.000000 1.261626
    24 17.709572 -0.000006 0.000001 0.217514 0.207288 -1.362540
    25 6.204001 0.000003 -0.000001 -0.078651 -0.006185 -0.498943
    26 3.549240 0.198821 -1.489462 -0.029663 0.008469 -0.604582
    27 1.218999 -0.000001 0.000002 -0.078027 0.060317 -1.230316
    28 0.679998 -0.000001 -0.000001 -0.008329 0.087396 -0.390723
    29 3.698007 0.267555 -0.728972 -0.249943 0.112025 -0.981838
    30 1.749001 -0.000001 0.000003 -0.024662 0.015024 -1.203539
    31 0.959999 -0.000001 0.000001 -0.019268 0.034451 -0.763712
    32 3.768500 0.152546 0.071388 0.024772 0.089670 -0.987506
    33 2.037998 0.000001 0.000002 0.003780 -0.001431 -1.589042
    34 1.067001 0.000001 0.000002 0.001399 -0.006272 -0.624789
    35 3.783924 -0.017260 0.794558 0.335807 0.115031 -0.891179
    36 1.629002 -0.000001 0.000003 0.067017 -0.019817 -1.482375
    37 0.956000 0.000000 0.000001 0.035474 -0.060541 -0.696910
    38 1.258965 -0.297983 1.252590 -1.259462 -0.398984 -1.217916
    39 1.393001 0.000001 0.000000 0.001168 -0.134994 0.598129
    40 1.100002 0.000001 -0.000003 -0.116539 -0.230886 0.623240
    41 3.549266 0.211411 1.487664 0.415193 -0.090621 -0.830520
    42 1.218999 -0.000001 -0.000002 0.076519 -0.060605 -1.221542
    43 0.679999 0.000001 0.000000 0.029119 -0.082748 -0.641951
    44 3.698016 0.273718 0.726617 0.249529 -0.110651 -0.990358
    45 1.748999 0.000000 -0.000002 0.020255 -0.017985 -1.043218
    46 0.959996 0.000000 0.000000 0.015675 -0.036226 -0.705571
    47 3.768499 0.151954 -0.072746 -0.036976 -0.086638 -0.865169
    48 2.037997 0.000002 -0.000003 -0.004272 0.001742 -1.428344
    49 1.066998 0.000000 -0.000001 -0.001429 0.005624 -0.566382
    50 3.783906 -0.023949 -0.794455 -0.349558 -0.067873 -0.756740
    51 1.629001 0.000002 0.000000 -0.062588 0.029671 -1.321899
    52 0.955999 0.000000 -0.000002 -0.031449 0.062230 -0.638366
    53 1.258940 -0.308543 -1.250054 1.287747 0.528780 -0.659331
    54 1.392999 0.000000 -0.000003 -0.001788 0.370555 0.932381
    55 1.099998 -0.000002 -0.000003 0.000000 -0.013127 -0.286815
    56 0.578998 0.704300 0.000000 0.000000 -1.570790 -3.044320
    57 2.577897 -4.075848 1.825547 1.570743 -1.473520 1.570850
    58 -2.577999 -4.075848 1.825549 1.570743 -1.473520 1.570850
    59 2.330669 -1.877754 0.104131 -1.861302 0.207908 -1.328386
  time 114
    0 -0.003395 0.004619 23.307130 1.204440 -0.002571 -0.000300
    1 0.001573 4.212781 -1.689849 1.565379 -0.245627 1.557144
    2 3.837410 0.000000 0.000000 -0.000957 -0.017865 0.186971
    3 3.617862 0.000000 0.000000 -0.002551 -0.016238 0.055634
    4 7.539774 0.000000 0.000000 0.000000 0.000000 0.155813
    5 3.178292 0.000001 0.000000 3.156070 0.051861 -0.003151
    6 2.970271 0.000000 0.000001 0.026552 0.006058 0.130049
    7 -0.000002 0.000001 0.000000 -1.570796 0.000000 -1.326450
    8 2.023705 0.907460 0.852577 3.234575 -1.232916 1.277071
    9 4.983657 -0.000003 0.000000 -1.949063 -1.050638 -0.104965
    10 11.123049 -0.000003 0.000001 -0.000001 -0.000001 -0.789736
    11 11.208297 -0.000001 0.000013 1.803606 -0.078887 0.627315
    12 2.676087 -1.712447 0.000003 1.570795 0.000000 1.570797
    13 2.023707 0.907463 -0.852527 -1.883307 1.355298 -3.589280
    14 4.983657 -0.000004 0.000000 1.536430 0.292230 -0.464345
    15 11.123040 -0.000006 -0.000006 0.000000 0.000001 -0.725239
    16 11.208287 0.000000 -0.000016 -2.014822 0.365503 -0.259573
    17 2.676081 -1.712434 -0.000003 -1.570797 -0.000001 -1.570797
    18 3.984014 -0.000005 -0.000003 -2.694123 -1.437363 -0.179476
    19 15.940006 0.000002 0.000000 0.000000 0.000000 1.153568
    20 17.709558 0.000004 0.000002 -0.342097 -0.050540 -1.334179
    21 6.203996 0.000000 0.000001 -0.011146 0.000934 -0.500515
    22 -3.984013 0.000007 0.000007 -3.576064 -1.466166 0.254034
    23 15.940015 0.000000 0.000000 0.000000 0.000000 1.261626
    24 17.709572 -0.000006 0.000001 0.217810 0.207771 -1.362490
    25 6.204001 0.000003 -0.000001 -0.078651 -0.006185 -0.498943
    26 3.549240 0.198821 -1.489462 -0.029704 0.008601 -0.605118
    27 1.218999 -0.000001 0.000002 -0.078180 0.060317 -1.230890
    28 0.679998 -0.000001 -0.000001 -0.008454 0.087381 -0.391265
    29 3.698007 0.267555 -0.728972 -0.250049 0.112125 -0.982364
    30 1.749001 -0.000001 0.000003 -0.024894 0.015084 -1.204080
    31 0.959999 -0.000001 0.000001 -0.019463 0.034343 -0.764254
    32 3.768500 0.152546 0.071388 0.024690 0.089766 -0.988049
    33 2.037998 0.000001 0.000002 0.003699 -0.001491 -1.589552
    34 1.067001 0.000001 0.000002 0.001344 -0.006368 -0.625331
    35 3.783924 -0.017260 0.794558 0.335707 0.115140 -0.891754
    36 1.629002 -0.000001 0.000003 0.067096 -0.019859 -1.482923
    37 0.956000 0.000000 0.000001 0.035560 -0.060541 -0.697470
    38 1.258965 -0.297983 1.252590 -1.259590 -0.398894 -1.218394
    39 1.393001 0.000001 0.000000 0.001150 -0.134435 0.598071
    40 1.100002 0.000001 -0.000003 -0.116215 -0.230439 0.623107
    41 3.549266 0.211411 1.487664 0.415114 -0.090745 -0.830861
    42 1.218999 -0.000001 -0.000002 0.076519 -0.060605 -1.221542
    43 0.679999 0.000001 0.000000 0.029119 -0.082748 -0.641951
    44 3.698016 0.273718 0.726617 0.249493 -0.110790 -0.990716
    45 1.748999 0.000000 -0.000002 0.020255 -0.017985 -1.043218
    46 0.959996 0.000000 0.000000 0.015675 -0.036226 -0.705571
    47 3.768499 0.151954 -0.072746 -0.037036 -0.086770 -0.865543
    48 2.037997 0.000002 -0.000003 -0.004272 0.001742 -1.428344
    49 1.066998 0.000000 -0.000001 -0.001429 0.005624 -0.566382
    50 3.783906 -0.023949 -0.794455 -0.349644 -0.068012 -0.757054
    51 1.629001 0.000002 0.000000 -0.062588 0.029671 -1.321899
    52 0.955999 0.000000 -0.000002 -0.031449 0.062242 -0.638366
    53 1.258940 -0.308543 -1.250054 1.287660 0.528672 -0.659766
    54 1.392999 0.000000 -0.000003 -0.001788 0.370555 0.932381
    55 1.099998 -0.000002 -0.000003 0.000000 -0.013127 -0.286815
    56 0.578998 0.704300 0.000000 0.000000 -1.570790 -3.044320
    57 2.577897 -4.075848 1.825547 1.570743 -1.473520 1.570850
    58 -2.577999 -4.075848 1.825549 1.570743 -1.473520 1.570850
    59 2.330669 -1.877754 0.104131 -1.861302 0.207908 -1.328386
  time 115
    0 -0.003395 0.004619 23.307130 1.204346 -0.002752 -0.000300
    1 0.001573 4.212781 -1.689849 1.565806 -0.245522 1.556912
    2 3.837410 0.000000 0.000000 -0.000944 -0.018055 0.186758
    3 3.617862 0.000000 0.000000 -0.002564 -0.016420 0.055429
    4 7.539774 0.000000 0.000000 0.000000 0.000000 0.155813
    5 3.178292 0.000001 0.000000 3.158008 0.052463 -0.002976
    6 2.970271 0.000000 0.000001 0.028666 0.006986 0.130094
    7 -0.000002 0.000001 0.000000 -1.570796 0.000000 -1.326450
    8 2.023705 0.907460 0.852577 3.229593 -1.231414 1.279850
    9 4.983657 -0.000003 0.000000 -1.944382 -1.049675 -0.109123
    10 11.123049 -0.000003 0.000001 -0.000001 -0.000001 -0.789119
    11 11.208297 -0.000001 0.000013 1.804853 -0.079019 0.627101
    12 2.676087 -1.712447 0.000003 1.570795 0.000000 1.570797
    13 2.023707 0.907463 -0.852527 -1.884264 1.356246 -3.590814
    14 4.983657 -0.000004 0.000000 1.534610 0.292612 -0.465857
    15 11.123040 -0.000006 -0.000006 0.000000 0.000001 -0.722902
    16 11.208287 0.000000 -0.000016 -2.013925 0.366346 -0.260449
    17 2.676081 -1.712434 -0.000003 -1.570797 -0.000001 -1.570797
    18 3.984014 -0.000005 -0.000003 -2.694698 -1.437586 -0.178518
    19 15.940006 0.000002 0.000000 0.000000 0.000000 1.153863
    20 17.709558 0.000004 0.000002 -0.341945 -0.051324 -1.333659
    21 6.203996 0.000000 0.000001 -0.011146 0.000934 -0.500515
    22 -3.984013 0.000007 0.000007 -3.573189 -1.465870 0.250489
    23 15.940015 0.000000 0.000000 0.000000 0.000000 1.261396
    24 17.709572 -0.000006 0.000001 0.217988 0.208495 -1.362589
    25 6.204001 0.000003 -0.000001 -0.078651 -0.006185 -0.498943
    26 3.549240 0.198821 -1.489462 -0.029744 0.008734 -0.605653
    27 1.218999 -0.000001 0.000002 -0.078333 0.060329 -1.231413
    28 0.679998 -0.000001 -0.000001 -0.008597 0.087381 -0.391808
    29 3.698007 0.267555 -0.728972 -0.250136 0.112241 -0.982939
    30 1.749001 -0.000001 0.000003 -0.025127 0.015132 -1.204573
    31 0.959999 -0.000001 0.000001 -0.019678 0.034235 -0.764755
    32 3.768500 0.152546 0.071388 0.024592 0.089874 -0.988591
    33 2.037998 0.000001 0.000002 0.003597 -0.001539 -1.590113
    34 1.067001 0.000001 0.000002 0.001308 -0.006464 -0.625873
    35 3.783924 -0.017260 0.794558 0.335627 0.115248 -0.892281
    36 1.629002 -0.000001 0.000003 0.067156 -0.019880 -1.483517
    37 0.956000 0.000000 0.000001 0.035668 -0.060553 -0.698030
    38 1.258965 -0.297983 1.252590 -1.259718 -0.398827 -1.218871
    39 1.393001 0.000001 0.000000 0.001150 -0.133877 0.598014
    40 1.100002 0.000001 -0.000003 -0.115892 -0.229971 0.622974
    41 3.549266 0.211411 1.487664 0.415052 -0.090869 -0.831201
    42 1.218999 -0.000001 -0.000002 0.076519 -0.060605 -1.221542
    43 0.679999 0.000001 0.000000 0.029119 -0.082748 -0.641951
    44 3.698016 0.273718 0.726617 0.249445 -0.110928 -0.991023
    45 1.748999 0.000000 -0.000002 0.020255 -0.017985 -1.043218
    46 0.959996 0.000000 0.000000 0.015675 -0.036226 -0.705571
    47 3.768499 0.151954 -0.072746 -0.037096 -0.086889 -0.865864
    48 2.037997 0.000002 -0.000003 -0.004272 0.001742 -1.428344
    49 1.066998 0.000000 -0.000001 -0.001429 0.005624 -0.566382
    50 3.783906 -0.023949 -0.794455 -0.349730 -0.068136 -0.757420
    51 1.629001 0.000002 0.000000 -0.062588 0.029671 -1.321899
    52 0.955999 0.000000 -0.000002 -0.031449 0.062242 -0.638366
    53 1.258940 -0.308543 -1.250054 1.287530 0.528564 -0.660164
    54 1.392999 0.000000 -0.000003 -0.001788 0.370555 0.932381
    55 1.099998 -0.000002 -0.000003 0.000000 -0.013127 -0.286815
    56 0.578998 0.704300 0.000000 0.000000 -1.570790 -3.044320
    57 2.577897 -4.075848 1.825547 1.570743 -1.473520 1.570850
    58 -2.577999 -4.075848 1.825549 1.570743 -1.473520 1.570850
    59 2.330669 -1.877754 0.104131 -1.861302 0.207908 -1.328386
  time 116
    0 -0.003395 0.004619 23.307130 1.204346 -0.002979 -0.000300
    1 0.001573 4.212781 -1.689849 1.566210 -0.245082 1.556681
    2 3.837410 0.000000 0.000000 -0.000930 -0.018228 0.186577
    3 3.617862 0.000000 0.000000 -0.002577 -0.016586 0.055224
    4 7.539774 0.000000 0.000000 0.000000 0.000000 0.155813
    5 3.178292 0.000001 0.000000 3.159804 0.052884 -0.002074
    6 2.970271 0.000000 0.000001 0.028370 0.007440 0.130277
    7 -0.000002 0.000001 0.000000 -1.570796 0.000000 -1.326450
    8 2.023705 0.907460 0.852577 3.224995 -1.229952 1.282438
    9 4.983657 -0.000003 0.000000 -1.939606 -1.049269 -0.113469
    10 11.123049 -0.000003 0.000001 -0.000001 -0.000001 -0.787322
    11 11.208297 -0.000001 0.000013 1.806099 -0.079238 0.626248
    12 2.676087 -1.712447 0.000003 1.570795 0.000000 1.570797
    13 2.023707 0.907463 -0.852527 -1.885412 1.357195 -3.592443
    14 4.983657 -0.000004 0.000000 1.532694 0.293328 -0.467369
    15 11.123040 -0.000006 -0.000006 0.000000 0.000001 -0.719806
    16 11.208287 0.000000 -0.000016 -2.013117 0.367094 -0.261543
    17 2.676081 -1.712434 -0.000003 -1.570797 -0.000001 -1.570797
    18 3.984014 -0.000005 -0.000003 -2.695177 -1.437847 -0.177560
    19 15.940006 0.000002 0.000000 0.000000 0.000000 1.154157
    20 17.709558 0.000004 0.000002 -0.341869 -0.052143 -1.333054
    21 6.203996 0.000000 0.000001 -0.011146 0.000934 -0.500515
    22 -3.984013 0.000007 0.000007 -3.569355 -1.465623 0.246080
    23 15.940015 0.000000 0.000000 0.000000 0.000000 1.261166
    24 17.709572 -0.000006 0.000001 0.217929 0.209357 -1.362736
    25 6.204001 0.000003 -0.000001 -0.078651 -0.006185 -0.498943
    26 3.549240 0.198821 -1.489462 -0.029805 0.008866 -0.606189
    27 1.218999 -0.000001 0.000002 -0.078486 0.060341 -1.231987
    28 0.679998 -0.000001 -0.000001 -0.008722 0.087381 -0.392351
    29 3.698007 0.267555 -0.728972 -0.250241 0.112341 -0.983465
    30 1.749001 -0.000001 0.000003 -0.025359 0.015180 -1.205065
    31 0.959999 -0.000001 0.000001 -0.019873 0.034128 -0.765255
    32 3.768500 0.152546 0.071388 0.024493 0.089969 -0.989134
    33 2.037998 0.000001 0.000002 0.003515 -0.001575 -1.590674
    34 1.067001 0.000001 0.000002 0.001254 -0.006548 -0.626416
    35 3.783924 -0.017260 0.794558 0.335547 0.115356 -0.892808
    36 1.629002 -0.000001 0.000003 0.067235 -0.019901 -1.484066
    37 0.956000 0.000000 0.000001 0.035733 -0.060565 -0.698590
    38 1.258965 -0.297983 1.252590 -1.259846 -0.398738 -1.219385
    39 1.393001 0.000001 0.000000 0.001133 -0.133336 0.597928
    40 1.100002 0.000001 -0.000003 -0.115568 -0.229524 0.622840
    41 3.549266 0.211411 1.487664 0.414989 -0.090993 -0.831493
    42 1.218999 -0.000001 -0.000002 0.076519 -0.060605 -1.221542
    43 0.679999 0.000001 0.000000 0.029119 -0.082748 -0.641951
    44 3.698016 0.273718 0.726617 0.249397 -0.111038 -0.991330
    45 1.748999 0.000000 -0.000002 0.020255 -0.017985 -1.043218
    46 0.959996 0.000000 0.000000 0.015675 -0.036226 -0.705571
    47 3.768499 0.151954 -0.072746 -0.037155 -0.087009 -0.866185
    48 2.037997 0.000002 -0.000003 -0.004272 0.001742 -1.428344
    49 1.066998 0.000000 -0.000001 -0.001429 0.005624 -0.566382
    50 3.783906 -0.023949 -0.794455 -0.349787 -0.068244 -0.757734
    51 1.629001 0.000002 0.000000 -0.062588 0.029671 -1.321899
    52 0.955999 0.000000 -0.000002 -0.031449 0.062242 -0.638366
    53 1.258940 -0.308543 -1.250054 1.287443 0.528477 -0.660527
    54 1.392999 0.000000 -0.000003 -0.001788 0.370555 0.932381
    55 1.099998 -0.000002 -0.000003 0.000000 -0.013127 -0.286815
    56 0.578998 0.704300 0.000000 0.000000 -1.570790 -3.044320
    57 2.577897 -4.075848 1.825547 1.570743 -1.473520 1.570850
    58 -2.577999 -4.075848 1.825549 1.570743 -1.473520 1.570850
    59 2.330669 -1.877754 0.104131 -1.861302 0.207908 -1.328386
  time 117
    0 -0.003395 0.004619 23.307130 1.204252 -0.003160 -0.000300
    1 0.001573 4.212781 -1.689849 1.566615 -0.244411 1.556488
    2 3.837410 0.000000 0.000000 -0.000930 -0.018386 0.186380
    3 3.617862 0.000000 0.000000 -0.002564 -0.016768 0.055036
    4 7.539774 0.000000 0.000000 0.000000 0.000000 0.155813
    5 3.178292 0.000001 0.000000 3.161542 0.053246 -0.001171
    6 2.970271 0.000000 0.000001 0.028116 0.007795 0.130185
    7 -0.000002 0.000001 0.000000 -1.570796 0.000000 -1.326450
    8 2.023705 0.907460 0.852577 3.220684 -1.228528 1.284834
    9 4.983657 -0.000003 0.000000 -1.934829 -1.049269 -0.117815
    10 11.123049 -0.000003 0.000001 -0.000001 -0.000001 -0.784571
    11 11.208297 -0.000001 0.000013 1.807345 -0.079502 0.624825
    12 2.676087 -1.712447 0.000003 1.570795 0.000000 1.570797
    13 2.023707 0.907463 -0.852527 -1.886561 1.358096 -3.594073
    14 4.983657 -0.000004 0.000000 1.530682 0.294378 -0.469070
    15 11.123040 -0.000006 -0.000006 0.000000 0.000001 -0.716015
    16 11.208287 0.000000 -0.000016 -2.012309 0.367796 -0.262857
    17 2.676081 -1.712434 -0.000003 -1.570797 -0.000001 -1.570797
    18 3.984014 -0.000005 -0.000003 -2.695561 -1.438145 -0.176698
    19 15.940006 0.000002 0.000000 0.000000 0.000000 1.154452
    20 17.709558 0.000004 0.000002 -0.341869 -0.053069 -1.332448
    21 6.203996 0.000000 0.000001 -0.011146 0.000934 -0.500515
    22 -3.984013 0.000007 0.000007 -3.564850 -1.465425 0.241001
    23 15.940015 0.000000 0.000000 0.000000 0.000000 1.260706
    24 17.709572 -0.000006 0.000001 0.217751 0.210392 -1.363031
    25 6.204001 0.000003 -0.000001 -0.078651 -0.006185 -0.498943
    26 3.549240 0.198821 -1.489462 -0.029865 0.008998 -0.606724
    27 1.218999 -0.000001 0.000002 -0.078639 0.060341 -1.232509
    28 0.679998 -0.000001 -0.000001 -0.008847 0.087381 -0.392894
    29 3.698007 0.267555 -0.728972 -0.250329 0.112442 -0.984039
    30 1.749001 -0.000001 0.000003 -0.025592 0.015240 -1.205607
    31 0.959999 -0.000001 0.000001 -0.020088 0.034032 -0.765797
    32 3.768500 0.152546 0.071388 0.024395 0.090077 -0.989677
    33 2.037998 0.000001 0.000002 0.003433 -0.001623 -1.591235
    34 1.067001 0.000001 0.000002 0.001218 -0.006644 -0.626958
    35 3.783924 -0.017260 0.794558 0.335467 0.115464 -0.893383
    36 1.629002 -0.000001 0.000003 0.067314 -0.019922 -1.484614
    37 0.956000 0.000000 0.000001 0.035820 -0.060589 -0.699150
    38 1.258965 -0.297983 1.252590 -1.259974 -0.398671 -1.219863
    39 1.393001 0.000001 0.000000 0.001133 -0.132777 0.597871
    40 1.100002 0.000001 -0.000003 -0.115268 -0.229077 0.622707
    41 3.549266 0.211411 1.487664 0.414926 -0.091096 -0.831785
    42 1.218999 -0.000001 -0.000002 0.076519 -0.060605 -1.221542
    43 0.679999 0.000001 0.000000 0.029119 -0.082748 -0.641951
    44 3.698016 0.273718 0.726617 0.249349 -0.111149 -0.991637
    45 1.748999 0.000000 -0.000002 0.020255 -0.017985 -1.043218
    46 0.959996 0.000000 0.000000 0.015675 -0.036226 -0.705571
    47 3.768499 0.151954 -0.072746 -0.037215 -0.087117 -0.866506
    48 2.037997 0.000002 -0.000003 -0.004272 0.001742 -1.428344
    49 1.066998 0.000000 -0.000001 -0.001429 0.005624 -0.566382
    50 3.783906 -0.023949 -0.794455 -0.349859 -0.068352 -0.757995
    51 1.629001 0.000002 0.000000 -0.062588 0.029671 -1.321899
    52 0.955999 0.000000 -0.000002 -0.031449 0.062242 -0.638366
    53 1.258940 -0.308543 -1.250054 1.287356 0.528368 -0.660853
    54 1.392999 0.000000 -0.000003 -0.001788 0.370555 0.932381
    55 1.099998 -0.000002 -0.000003 0.000000 -0.013127 -0.286815
    56 0.578998 0.704300 0.000000 0.000000 -1.570790 -3.044320
    57 2.577897 -4.075848 1.825547 1.570743 -1.473520 1.570850
    58 -2.577999 -4.075848 1.825549 1.570743 -1.473520 1.570850
    59 2.330669 -1.877754 0.104131 -1.861302 0.207908 -1.328386
  time 118
    0 -0.003395 0.004619 23.307130 1.204252 -0.003295 -0.000300
    1 0.001573 4.212781 -1.689849 1.566997 -0.243636 1.556257
    2 3.837410 0.000000 0.000000 -0.000903 -0.018560 0.186199
    3 3.617862 0.000000 0.000000 -0.002551 -0.016919 0.054865
    4 7.539774 0.000000 0.000000 0.000000 0.000000 0.155813
    5 3.178292 0.000001 0.000000 3.163196 0.053527 -0.000327
    6 2.970271 0.000000 0.000001 0.027862 0.008051 0.129958
    7 -0.000002 0.000001 0.000000 -1.570796 0.000000 -1.326450
    8 2.023705 0.907460 0.852577 3.216852 -1.227105 1.287038
    9 4.983657 -0.000003 0.000000 -1.930339 -1.049421 -0.122067
    10 11.123049 -0.000003 0.000001 -0.000001 -0.000001 -0.781371
    11 11.208297 -0.000001 0.000013 1.808592 -0.079765 0.623188
    12 2.676087 -1.712447 0.000003 1.570795 0.000000 1.570797
    13 2.023707 0.907463 -0.852527 -1.887805 1.358997 -3.595799
    14 4.983657 -0.000004 0.000000 1.528670 0.295571 -0.470771
    15 11.123040 -0.000006 -0.000006 0.000000 0.000001 -0.712034
    16 11.208287 0.000000 -0.000016 -2.011591 0.368451 -0.264316
    17 2.676081 -1.712434 -0.000003 -1.570797 -0.000001 -1.570797
    18 3.984014 -0.000005 -0.000003 -2.695848 -1.438480 -0.175931
    19 15.940006 0.000002 0.000000 0.000000 0.000000 1.154820
    20 17.709558 0.000004 0.000002 -0.341869 -0.054030 -1.331842
    21 6.203996 0.000000 0.000001 -0.011146 0.000934 -0.500515
    22 -3.984013 0.000007 0.000007 -3.559674 -1.465327 0.235156
    23 15.940015 0.000000 0.000000 0.000000 0.000000 1.260246
    24 17.709572 -0.000006 0.000001 0.217455 0.211600 -1.363375
    25 6.204001 0.000003 -0.000001 -0.078651 -0.006185 -0.498943
    26 3.549240 0.198821 -1.489462 -0.029906 0.009130 -0.607260
    27 1.218999 -0.000001 0.000002 -0.078792 0.060341 -1.233031
    28 0.679998 -0.000001 -0.000001 -0.008990 0.087381 -0.393436
    29 3.698007 0.267555 -0.728972 -0.250417 0.112528 -0.984565
    30 1.749001 -0.000001 0.000003 -0.025825 0.015288 -1.206100
    31 0.959999 -0.000001 0.000001 -0.020283 0.033912 -0.766256
    32 3.768500 0.152546 0.071388 0.024313 0.090173 -0.990220
    33 2.037998 0.000001 0.000002 0.003331 -0.001671 -1.591745
    34 1.067001 0.000001 0.000002 0.001182 -0.006740 -0.627500
    35 3.783924 -0.017260 0.794558 0.335367 0.115587 -0.893911
    36 1.629002 -0.000001 0.000003 0.067374 -0.019964 -1.485117
    37 0.956000 0.000000 0.000001 0.035928 -0.060601 -0.699679
    38 1.258965 -0.297983 1.252590 -1.260102 -0.398581 -1.220340
    39 1.393001 0.000001 0.000000 0.001133 -0.132237 0.597814
    40 1.100002 0.000001 -0.000003 -0.114957 -0.228609 0.622574
    41 3.549266 0.211411 1.487664 0.414863 -0.091199 -0.832076
    42 1.218999 -0.000001 -0.000002 0.076519 -0.060605 -1.221542
    43 0.679999 0.000001 0.000000 0.029119 -0.082748 -0.641951
    44 3.698016 0.273718 0.726617 0.249313 -0.111260 -0.991945
    45 1.748999 0.000000 -0.000002 0.020255 -0.017985 -1.043218
    46 0.959996 0.000000 0.000000 0.015675 -0.036226 -0.705571
    47 3.768499 0.151954 -0.072746 -0.037275 -0.087213 -0.866774
    48 2.037997 0.000002 -0.000003 -0.004272 0.001742 -1.428344
    49 1.066998 0.000000 -0.000001 -0.001429 0.005624 -0.566382
    50 3.783906 -0.023949 -0.794455 -0.349930 -0.068445 -0.758309
    51 1.629001 0.000002 0.000000 -0.062588 0.029671 -1.321899
    52 0.955999 0.000000 -0.000002 -0.031449 0.062230 -0.638366
    53 1.258940 -0.308543 -1.250054 1.287269 0.528282 -0.661179
    54 1.392999 0.000000 -0.000003 -0.001788 0.370555 0.932381
    55 1.099998 -0.000002 -0.000003 0.000000 -0.013127 -0.286815
    56 0.578998 0.704300 0.000000 0.000000 -1.570790 -3.044320
    57 2.577897 -4.075848 1.825547 1.570743 -1.473520 1.570850
    58 -2.577999 -4.075848 1.825549 1.570743 -1.473520 1.570850
    59 2.330669 -1.877754 0.104131 -1.861302 0.207908 -1.328386
  time 119
    0 -0.003395 0.004619 23.307130 1.204158 -0.003477 -0.000300
    1 0.001573 4.212781 -1.689849 1.567356 -0.242861 1.556025
    2 3.837410 0.000000 0.000000 -0.000863 -0.018702 0.186035
    3 3.617862 0.000000 0.000000 -0.002539 -0.017070 0.054694
    4 7.539774 0.000000 0.000000 0.000000 0.000000 0.155813
    5 3.178292 0.000001 0.000000 3.164735 0.053747 0.000343
    6 2.970271 0.000000 0.000001 0.027566 0.008229 0.129594
    7 -0.000002 0.000001 0.000000 -1.570796 0.000000 -1.326450
    8 2.023705 0.907460 0.852577 3.213403 -1.225761 1.288859
    9 4.983657 -0.000003 0.000000 -1.926231 -1.049624 -0.125941
    10 11.123049 -0.000003 0.000001 -0.000001 -0.000001 -0.778339
    11 11.208297 -0.000001 0.000013 1.809742 -0.080072 0.621623
    12 2.676087 -1.712447 0.000003 1.570795 0.000000 1.570797
    13 2.023707 0.907463 -0.852527 -1.889240 1.359898 -3.597524
    14 4.983657 -0.000004 0.000000 1.526754 0.296717 -0.472378
    15 11.123040 -0.000006 -0.000006 0.000000 0.000001 -0.708117
    16 11.208287 0.000000 -0.000016 -2.010873 0.369013 -0.265703
    17 2.676081 -1.712434 -0.000003 -1.570797 -0.000001 -1.570797
    18 3.984014 -0.000005 -0.000003 -2.696040 -1.438852 -0.175164
    19 15.940006 0.000002 0.000000 0.000000 0.000000 1.155115
    20 17.709558 0.000004 0.000002 -0.341945 -0.055027 -1.331236
    21 6.203996 0.000000 0.000001 -0.011146 0.000934 -0.500515
    22 -3.984013 0.000007 0.000007 -3.554019 -1.465277 0.228927
    23 15.940015 0.000000 0.000000 0.000000 0.000000 1.259710
    24 17.709572 -0.000006 0.000001 0.216980 0.212841 -1.363817
    25 6.204001 0.000003 -0.000001 -0.078651 -0.006185 -0.498943
    26 3.549240 0.198821 -1.489462 -0.029946 0.009262 -0.607746
    27 1.218999 -0.000001 0.000002 -0.078945 0.060341 -1.233553
    28 0.679998 -0.000001 -0.000001 -0.009097 0.087381 -0.393979
    29 3.698007 0.267555 -0.728972 -0.250504 0.112629 -0.985091
    30 1.749001 -0.000001 0.000003 -0.026038 0.015336 -1.206543
    31 0.959999 -0.000001 0.000001 -0.020498 0.033816 -0.766757
    32 3.768500 0.152546 0.071388 0.024215 0.090269 -0.990713
    33 2.037998 0.000001 0.000002 0.003250 -0.001731 -1.592255
    34 1.067001 0.000001 0.000002 0.001145 -0.006824 -0.628000
    35 3.783924 -0.017260 0.794558 0.335287 0.115680 -0.894438
    36 1.629002 -0.000001 0.000003 0.067453 -0.019985 -1.485665
    37 0.956000 0.000000 0.000001 0.036014 -0.060601 -0.700208
    38 1.258965 -0.297983 1.252590 -1.260230 -0.398514 -1.220818
    39 1.393001 0.000001 0.000000 0.001115 -0.131714 0.597756
    40 1.100002 0.000001 -0.000003 -0.114645 -0.228183 0.622441
    41 3.549266 0.211411 1.487664 0.414832 -0.091282 -0.832319
    42 1.218999 -0.000001 -0.000002 0.076519 -0.060605 -1.221542
    43 0.679999 0.000001 0.000000 0.029119 -0.082748 -0.641951
    44 3.698016 0.273718 0.726617 0.249277 -0.111356 -0.992149
    45 1.748999 0.000000 -0.000002 0.020255 -0.017985 -1.043218
    46 0.959996 0.000000 0.000000 0.015675 -0.036226 -0.705571
    47 3.768499 0.151954 -0.072746 -0.037311 -0.087309 -0.866988
    48 2.037997 0.000002 -0.000003 -0.004272 0.001742 -1.428344
    49 1.066998 0.000000 -0.000001 -0.001429 0.005624 -0.566382
    50 3.783906 -0.023949 -0.794455 -0.349973 -0.068445 -0.758571
    51 1.629001 0.000002 0.000000 -0.062588 0.029671 -1.321899
    52 0.955999 0.000000 -0.000002 -0.031449 0.062242 -0.638366
    53 1.258940 -0.308543 -1.250054 1.287226 0.528195 -0.661469
    54 1.392999 0.000000 -0.000003 -0.001788 0.370555 0.932381
    55 1.099998 -0.000002 -0.000003 0.000000 -0.013127 -0.286815
    56 0.578998 0.704300 0.000000 0.000000 -1.570790 -3.044320
    57 2.577897 -4.075848 1.825547 1.570743 -1.473520 1.570850
    58 -2.577999 -4.075848 1.825549 1.570743 -1.473520 1.570850
    59 2.330669 -1.877754 0.104131 -1.861302 0.207908 -1.328386
  time 120
    0 -0.003395 0.004619 23.307130 1.204158 -0.003612 -0.000300
    1 0.001573 4.212781 -1.689849 1.567694 -0.242211 1.555832
    2 3.837410 0.000000 0.000000 -0.000836 -0.018844 0.185871
    3 3.617862 0.000000 0.000000 -0.002513 -0.017207 0.054523
    4 7.539774 0.000000 0.000000 0.000000 0.000000 0.155813
    5 3.178292 0.000001 0.000000 3.166217 0.053868 0.000780
    6 2.970271 0.000000 0.000001 0.027270 0.008308 0.129138
    7 -0.000002 0.000001 0.000000 -1.570796 0.000000 -1.326450
    8 2.023705 0.907460 0.852577 3.210529 -1.224417 1.290488
    9 4.983657 -0.000003 0.000000 -1.922792 -1.049675 -0.129343
    10 11.123049 -0.000003 0.000001 -0.000001 -0.000001 -0.775813
    11 11.208297 -0.000001 0.000013 1.810797 -0.080335 0.620342
    12 2.676087 -1.712447 0.000003 1.570795 0.000000 1.570797
    13 2.023707 0.907463 -0.852527 -1.890675 1.360704 -3.599345
    14 4.983657 -0.000004 0.000000 1.525126 0.297672 -0.473984
    15 11.123040 -0.000006 -0.000006 0.000000 0.000001 -0.704579
    16 11.208287 0.000000 -0.000016 -2.010245 0.369574 -0.267016
    17 2.676081 -1.712434 -0.000003 -1.570797 -0.000001 -1.570797
    18 3.984014 -0.000005 -0.000003 -2.696136 -1.439262 -0.174398
    19 15.940006 0.000002 0.000000 0.000000 0.000000 1.155484
    20 17.709558 0.000004 0.000002 -0.342097 -0.056095 -1.330630
    21 6.203996 0.000000 0.000001 -0.011146 0.000934 -0.500515
    22 -3.984013 0.000007 0.000007 -3.547981 -1.465228 0.222314
    23 15.940015 0.000000 0.000000 0.000000 0.000000 1.259097
    24 17.709572 -0.000006 0.000001 0.216446 0.214187 -1.364309
    25 6.204001 0.000003 -0.000001 -0.078651 -0.006185 -0.498943
    26 3.549240 0.198821 -1.489462 -0.030006 0.009368 -0.608233
    27 1.218999 -0.000001 0.000002 -0.079083 0.060353 -1.234023
    28 0.679998 -0.000001 -0.000001 -0.009222 0.087366 -0.394480
    29 3.698007 0.267555 -0.728972 -0.250592 0.112730 -0.985570
    30 1.749001 -0.000001 0.000003 -0.026251 0.015384 -1.207035
    31 0.959999 -0.000001 0.000001 -0.020674 0.033720 -0.767215
    32 3.768500 0.152546 0.071388 0.024116 0.090353 -0.991256
    33 2.037998 0.000001 0.000002 0.003188 -0.001767 -1.592765
    34 1.067001 0.000001 0.000002 0.001109 -0.006920 -0.628500
    35 3.783924 -0.017260 0.794558 0.335207 0.115788 -0.894917
    36 1.629002 -0.000001 0.000003 0.067513 -0.020027 -1.486168
    37 0.956000 0.000000 0.000001 0.036079 -0.060613 -0.700705
    38 1.258965 -0.297983 1.252590 -1.260358 -0.398447 -1.221259
    39 1.393001 0.000001 0.000000 0.001115 -0.131210 0.597699
    40 1.100002 0.000001 -0.000003 -0.114358 -0.227779 0.622308
    41 3.549266 0.211411 1.487664 0.414785 -0.091364 -0.832514
    42 1.218999 -0.000001 -0.000002 0.076519 -0.060605 -1.221542
    43 0.679999 0.000001 0.000000 0.029119 -0.082748 -0.641951
    44 3.698016 0.273718 0.726617 0.249253 -0.111425 -0.992354
    45 1.748999 0.000000 -0.000002 0.020255 -0.017985 -1.043218
    46 0.959996 0.000000 0.000000 0.015675 -0.036226 -0.705571
    47 3.768499 0.151954 -0.072746 -0.037347 -0.087381 -0.867202
    48 2.037997 0.000002 -0.000003 -0.004272 0.001742 -1.428344
    49 1.066998 0.000000 -0.000001 -0.001429 0.005624 -0.566382
    50 3.783906 -0.023949 -0.794455 -0.350016 -0.068523 -0.758780
    51 1.629001 0.000002 0.000000 -0.062588 0.029671 -1.321899
    52 0.955999 0.000000 -0.000002 -0.031449 0.062230 -0.638366
    53 1.258940 -0.308543 -1.250054 1.287139 0.528130 -0.661686
    54 1.392999 0.000000 -0.000003 -0.001788 0.370555 0.932381
    55 1.099998 -0.000002 -0.000003 0.000000 -0.013127 -0.286815
    56 0.578998 0.704300 0.000000 0.000000 -1.570790 -3.044320
    57 2.577897 -4.075848 1.825547 1.570743 -1.473520 1.570850
    58 -2.577999 -4.075848 1.825549 1.570743 -1.473520 1.570850
    59 2.330669 -1.877754 0.104131 -1.861302 0.207908 -1.328386
  time 121
    0 -0.003395 0.004619 23.307130 1.204158 -0.003748 -0.000300
    1 0.001573 4.212781 -1.689849 1.568076 -0.241561 1.555601
    2 3.837410 0.000000 0.000000 -0.000809 -0.018986 0.185723
    3 3.617862 0.000000 0.000000 -0.002487 -0.017358 0.054370
    4 7.539774 0.000000 0.000000 0.000000 0.000000 0.155813
    5 3.178292 0.000001 0.000000 3.167642 0.053948 0.000197
    6 2.970271 0.000000 0.000001 0.026847 0.008268 0.127681
    7 -0.000002 0.000001 0.000000 -1.570796 0.000000 -1.326450
    8 2.023705 0.907460 0.852577 3.208230 -1.223152 1.291734
    9 4.983657 -0.000003 0.000000 -1.919830 -1.049979 -0.132366
    10 11.123049 -0.000003 0.000001 -0.000001 -0.000001 -0.773174
    11 11.208297 -0.000001 0.000013 1.811755 -0.080599 0.619062
    12 2.676087 -1.712447 0.000003 1.570795 0.000000 1.570797
    13 2.023707 0.907463 -0.852527 -1.892207 1.361462 -3.601167
    14 4.983657 -0.000004 0.000000 1.523689 0.298579 -0.475496
    15 11.123040 -0.000006 -0.000006 0.000000 0.000001 -0.701104
    16 11.208287 0.000000 -0.000016 -2.009706 0.370089 -0.268330
    17 2.676081 -1.712434 -0.000003 -1.570797 -0.000001 -1.570797
    18 3.984014 -0.000005 -0.000003 -2.696040 -1.439709 -0.173727
    19 15.940006 0.000002 0.000000 0.000000 0.000000 1.155778
    20 17.709558 0.000004 0.000002 -0.342248 -0.057199 -1.329938
    21 6.203996 0.000000 0.000001 -0.011146 0.000934 -0.500515
    22 -3.984013 0.000007 0.000007 -3.541655 -1.465277 0.215415
    23 15.940015 0.000000 0.000000 0.000000 0.000000 1.258407
    24 17.709572 -0.000006 0.000001 0.215794 0.215567 -1.364849
    25 6.204001 0.000003 -0.000001 -0.078651 -0.006185 -0.498943
    26 3.549240 0.198821 -1.489462 -0.030047 0.009500 -0.608720
    27 1.218999 -0.000001 0.000002 -0.079206 0.060353 -1.234493
    28 0.679998 -0.000001 -0.000001 -0.009329 0.087366 -0.394939
    29 3.698007 0.267555 -0.728972 -0.250680 0.112816 -0.986048
    30 1.749001 -0.000001 0.000003 -0.026445 0.015432 -1.207479
    31 0.959999 -0.000001 0.000001 -0.020849 0.033624 -0.767674
    32 3.768500 0.152546 0.071388 0.024051 0.090449 -0.991700
    33 2.037998 0.000001 0.000002 0.003107 -0.001803 -1.593224
    34 1.067001 0.000001 0.000002 0.001055 -0.006992 -0.629001
    35 3.783924 -0.017260 0.794558 0.335127 0.115881 -0.895397
    36 1.629002 -0.000001 0.000003 0.067572 -0.020048 -1.486625
    37 0.956000 0.000000 0.000001 0.036166 -0.060625 -0.701203
    38 1.258965 -0.297983 1.252590 -1.260444 -0.398380 -1.221699
    39 1.393001 0.000001 0.000000 0.001115 -0.130723 0.597642
    40 1.100002 0.000001 -0.000003 -0.114082 -0.227374 0.622174
    41 3.549266 0.211411 1.487664 0.414753 -0.091426 -0.832708
    42 1.218999 -0.000001 -0.000002 0.076519 -0.060605 -1.221542
    43 0.679999 0.000001 0.000000 0.029119 -0.082748 -0.641951
    44 3.698016 0.273718 0.726617 0.249229 -0.111494 -0.992508
    45 1.748999 0.000000 -0.000002 0.020255 -0.017985 -1.043218
    46 0.959996 0.000000 0.000000 0.015675 -0.036226 -0.705571
    47 3.768499 0.151954 -0.072746 -0.037383 -0.087441 -0.867362
    48 2.037997 0.000002 -0.000003 -0.004272 0.001742 -1.428344
    49 1.066998 0.000000 -0.000001 -0.001429 0.005624 -0.566382
    50 3.783906 -0.023949 -0.794455 -0.350059 -0.068569 -0.758937
    51 1.629001 0.000002 0.000000 -0.062588 0.029671 -1.321899
    52 0.955999 0.000000 -0.000002 -0.031449 0.062230 -0.638366
    53 1.258940 -0.308543 -1.250054 1.287095 0.528086 -0.661904
    54 1.392999 0.000000 -0.000003 -0.001788 0.370555 0.932381
    55 1.099998 -0.000002 -0.000003 0.000000 -0.013127 -0.286815
    56 0.578998 0.704300 0.000000 0.000000 -1.570790 -3.044320
    57 2.577897 -4.075848 1.825547 1.570743 -1.473520 1.570850
    58 -2.577999 -4.075848 1.825549 1.570743 -1.473520 1.570850
    59 2.330669 -1.877754 0.104131 -1.861302 0.207908 -1.328386
  time 122
    0 -0.003395 0.004619 23.307130 1.204158 -0.003839 -0.000300
    1 0.001573 4.212781 -1.689849 1.568480 -0.241331 1.555408
    2 3.837410 0.000000 0.000000 -0.000768 -0.019097 0.185575
    3 3.617862 0.000000 0.000000 -0.002462 -0.017479 0.054233
    4 7.539774 0.000000 0.000000 0.000000 0.000000 0.155813
    5 3.178292 0.000001 0.000000 3.169124 0.053888 0.001129
    6 2.970271 0.000000 0.000001 0.026340 0.008150 0.128182
    7 -0.000002 0.000001 0.000000 -1.570796 0.000000 -1.326450
    8 2.023705 0.907460 0.852577 3.206506 -1.221966 1.292693
    9 4.983657 -0.000003 0.000000 -1.917824 -1.049776 -0.134350
    10 11.123049 -0.000003 0.000001 -0.000001 -0.000001 -0.771995
    11 11.208297 -0.000001 0.000013 1.812618 -0.080818 0.618564
    12 2.676087 -1.712447 0.000003 1.570795 0.000000 1.570797
    13 2.023707 0.907463 -0.852527 -1.893929 1.362268 -3.603180
    14 4.983657 -0.000004 0.000000 1.522731 0.298818 -0.476914
    15 11.123040 -0.000006 -0.000006 0.000000 0.000001 -0.698766
    16 11.208287 0.000000 -0.000016 -2.009257 0.370557 -0.269425
    17 2.676081 -1.712434 -0.000003 -1.570797 -0.000001 -1.570797
    18 3.984014 -0.000005 -0.000003 -2.695944 -1.440193 -0.173056
    19 15.940006 0.000002 0.000000 0.000000 0.000000 1.156147
    20 17.709558 0.000004 0.000002 -0.342476 -0.058303 -1.329332
    21 6.203996 0.000000 0.000001 -0.011146 0.000934 -0.500515
    22 -3.984013 0.000007 0.000007 -3.535138 -1.465376 0.208419
    23 15.940015 0.000000 0.000000 0.000000 0.000000 1.257794
    24 17.709572 -0.000006 0.000001 0.215023 0.216946 -1.365488
    25 6.204001 0.000003 -0.000001 -0.078651 -0.006185 -0.498943
    26 3.549240 0.198821 -1.489462 -0.030087 0.009605 -0.609158
    27 1.218999 -0.000001 0.000002 -0.079344 0.060365 -1.234963
    28 0.679998 -0.000001 -0.000001 -0.009436 0.087366 -0.395398
    29 3.698007 0.267555 -0.728972 -0.250767 0.112902 -0.986479
    30 1.749001 -0.000001 0.000003 -0.026639 0.015480 -1.207873
    31 0.959999 -0.000001 0.000001 -0.021025 0.033540 -0.768091
    32 3.768500 0.152546 0.071388 0.023969 0.090533 -0.992144
    33 2.037998 0.000001 0.000002 0.003025 -0.001851 -1.593683
    34 1.067001 0.000001 0.000002 0.001037 -0.007063 -0.629459
    35 3.783924 -0.017260 0.794558 0.335067 0.115973 -0.895876
    36 1.629002 -0.000001 0.000003 0.067632 -0.020069 -1.487082
    37 0.956000 0.000000 0.000001 0.036230 -0.060637 -0.701639
    38 1.258965 -0.297983 1.252590 -1.260572 -0.398313 -1.222067
    39 1.393001 0.000001 0.000000 0.001097 -0.130273 0.597584
    40 1.100002 0.000001 -0.000003 -0.113818 -0.226991 0.622086
    41 3.549266 0.211411 1.487664 0.414722 -0.091468 -0.832806
    42 1.218999 -0.000001 -0.000002 0.076519 -0.060605 -1.221542
    43 0.679999 0.000001 0.000000 0.029119 -0.082748 -0.641951
    44 3.698016 0.273718 0.726617 0.249205 -0.111550 -0.992661
    45 1.748999 0.000000 -0.000002 0.020255 -0.017985 -1.043218
    46 0.959996 0.000000 0.000000 0.015675 -0.036226 -0.705571
    47 3.768499 0.151954 -0.072746 -0.037407 -0.087489 -0.867523
    48 2.037997 0.000002 -0.000003 -0.004272 0.001742 -1.428344
    49 1.066998 0.000000 -0.000001 -0.001429 0.005624 -0.566382
    50 3.783906 -0.023949 -0.794455 -0.350088 -0.068615 -0.759041
    51 1.629001 0.000002 0.000000 -0.062588 0.029671 -1.321899
    52 0.955999 0.000000 -0.000002 -0.031449 0.062230 -0.638366
    53 1.258940 -0.308543 -1.250054 1.287052 0.528043 -0.662049
    54 1.392999 0.000000 -0.000003 -0.001788 0.370555 0.932381
    55 1.099998 -0.000002 -0.000003 0.000000 -0.013127 -0.286815
    56 0.578998 0.704300 0.000000 0.000000 -1.570790 -3.044320
    57 2.577897 -4.075848 1.825547 1.570743 -1.473520 1.570850
    58 -2.577999 -4.075848 1.825549 1.570743 -1.473520 1.570850
    59 2.330669 -1.877754 0.104131 -1.861302 0.207908 -1.328386
  time 123
    0 -0.003395 0.004619 23.307130 1.204158 -0.003929 -0.000300
    1 0.001573 4.212781 -1.689849 1.568907 -0.241393 1.555215
    2 3.837410 0.000000 0.000000 -0.000728 -0.019223 0.185444
    3 3.617862 0.000000 0.000000 -0.002436 -0.017600 0.054113
    4 7.539774 0.000000 0.000000 0.000000 0.000000 0.155813
    5 3.178292 0.000001 0.000000 3.170863 0.053727 0.002614
    6 2.970271 0.000000 0.000001 0.025495 0.007953 0.129548
    7 -0.000002 0.000001 0.000000 -1.570796 0.000000 -1.326450
    8 2.023705 0.907460 0.852577 3.205452 -1.220860 1.293363
    9 4.983657 -0.000003 0.000000 -1.916678 -1.049319 -0.135579
    10 11.123049 -0.000003 0.000001 -0.000001 -0.000001 -0.771939
    11 11.208297 -0.000001 0.000013 1.813385 -0.080993 0.618706
    12 2.676087 -1.712447 0.000003 1.570795 0.000000 1.570797
    13 2.023707 0.907463 -0.852527 -1.895747 1.362980 -3.605097
    14 4.983657 -0.000004 0.000000 1.522252 0.298674 -0.478048
    15 11.123040 -0.000006 -0.000006 0.000000 0.000001 -0.697376
    16 11.208287 0.000000 -0.000016 -2.008808 0.371025 -0.270227
    17 2.676081 -1.712434 -0.000003 -1.570797 -0.000001 -1.570797
    18 3.984014 -0.000005 -0.000003 -2.695753 -1.440677 -0.172577
    19 15.940006 0.000002 0.000000 0.000000 0.000000 1.156441
    20 17.709558 0.000004 0.000002 -0.342703 -0.059443 -1.328726
    21 6.203996 0.000000 0.000001 -0.011146 0.000934 -0.500515
    22 -3.984013 0.000007 0.000007 -3.528716 -1.465524 0.201615
    23 15.940015 0.000000 0.000000 0.000000 0.000000 1.257104
    24 17.709572 -0.000006 0.000001 0.214251 0.218361 -1.366127
    25 6.204001 0.000003 -0.000001 -0.078651 -0.006185 -0.498943
    26 3.549240 0.198821 -1.489462 -0.030128 0.009685 -0.609547
    27 1.218999 -0.000001 0.000002 -0.079451 0.060365 -1.235381
    28 0.679998 -0.000001 -0.000001 -0.009543 0.087366 -0.395816
    29 3.698007 0.267555 -0.728972 -0.250838 0.112974 -0.986909
    30 1.749001 -0.000001 0.000003 -0.026814 0.015516 -1.208267
    31 0.959999 -0.000001 0.000001 -0.021181 0.033456 -0.768466
    32 3.768500 0.152546 0.071388 0.023887 0.090605 -0.992588
    33 2.037998 0.000001 0.000002 0.002964 -0.001886 -1.594091
    34 1.067001 0.000001 0.000002 0.001001 -0.007135 -0.629835
    35 3.783924 -0.017260 0.794558 0.335007 0.116050 -0.896259
    36 1.629002 -0.000001 0.000003 0.067691 -0.020090 -1.487493
    37 0.956000 0.000000 0.000001 0.036317 -0.060637 -0.702074
    38 1.258965 -0.297983 1.252590 -1.260657 -0.398246 -1.222434
    39 1.393001 0.000001 0.000000 0.001097 -0.129876 0.597556
    40 1.100002 0.000001 -0.000003 -0.113579 -0.226651 0.621997
    41 3.549266 0.211411 1.487664 0.414706 -0.091488 -0.832903
    42 1.218999 -0.000001 -0.000002 0.076519 -0.060605 -1.221542
    43 0.679999 0.000001 0.000000 0.029119 -0.082748 -0.641951
    44 3.698016 0.273718 0.726617 0.249205 -0.111577 -0.992713
    45 1.748999 0.000000 -0.000002 0.020255 -0.017985 -1.043218
    46 0.959996 0.000000 0.000000 0.015675 -0.036226 -0.705571
    47 3.768499 0.151954 -0.072746 -0.037419 -0.087513 -0.867576
    48 2.037997 0.000002 -0.000003 -0.004272 0.001742 -1.428344
    49 1.066998 0.000000 -0.000001 -0.001429 0.005624 -0.566382
    50 3.783906 -0.023949 -0.794455 -0.350102 -0.068646 -0.759146
    51 1.629001 0.000002 0.000000 -0.062588 0.029671 -1.321899
    52 0.955999 0.000000 -0.000002 -0.031449 0.062230 -0.638366
    53 1.258940 -0.308543 -1.250054 1.287052 0.528021 -0.662121
    54 1.392999 0.000000 -0.000003 -0.001788 0.370555 0.932381
    55 1.099998 -0.000002 -0.000003 0.000000 -0.013127 -0.286815
    56 0.578998 0.704300 0.000000 0.000000 -1.570790 -3.044320
    57 2.577897 -4.075848 1.825547 1.570743 -1.473520 1.570850
    58 -2.577999 -4.075848 1.825549 1.570743 -1.473520 1.570850
    59 2.330669 -1.877754 0.104131 -1.861302 0.207908 -1.328386
  time 124
    0 -0.003395 0.004619 23.307130 1.204158 -0.003974 -0.000300
    1 0.001573 4.212781 -1.689849 1.569312 -0.241477 1.555022
    2 3.837410 0.000000 0.000000 -0.000701 -0.019318 0.185345
    3 3.617862 0.000000 0.000000 -0.002410 -0.017691 0.053994
    4 7.539774 0.000000 0.000000 0.000000 0.000000 0.155813
    5 3.178292 0.000001 0.000000 3.172288 0.053467 0.003750
    6 2.970271 0.000000 0.000001 0.024860 0.007637 0.130641
    7 -0.000002 0.000001 0.000000 -1.570796 0.000000 -1.326450
    8 2.023705 0.907460 0.852577 3.205069 -1.219871 1.293555
    9 4.983657 -0.000003 0.000000 -1.916295 -1.048914 -0.136146
    10 11.123049 -0.000003 0.000001 -0.000001 -0.000001 -0.772051
    11 11.208297 -0.000001 0.000013 1.814056 -0.081169 0.618990
    12 2.676087 -1.712447 0.000003 1.570795 0.000000 1.570797
    13 2.023707 0.907463 -0.852527 -1.897565 1.363691 -3.607110
    14 4.983657 -0.000004 0.000000 1.521869 0.298340 -0.479277
    15 11.123040 -0.000006 -0.000006 0.000000 0.000001 -0.696176
    16 11.208287 0.000000 -0.000016 -2.008539 0.371352 -0.271030
    17 2.676081 -1.712434 -0.000003 -1.570797 -0.000001 -1.570797
    18 3.984014 -0.000005 -0.000003 -2.695369 -1.441235 -0.172098
    19 15.940006 0.000002 0.000000 0.000000 0.000000 1.156810
    20 17.709558 0.000004 0.000002 -0.343007 -0.060582 -1.328121
    21 6.203996 0.000000 0.000001 -0.011146 0.000934 -0.500515
    22 -3.984013 0.000007 0.000007 -3.522390 -1.465722 0.194907
    23 15.940015 0.000000 0.000000 0.000000 0.000000 1.256414
    24 17.709572 -0.000006 0.000001 0.213362 0.219672 -1.366766
    25 6.204001 0.000003 -0.000001 -0.078651 -0.006185 -0.498943
    26 3.549240 0.198821 -1.489462 -0.030168 0.009764 -0.609937
    27 1.218999 -0.000001 0.000002 -0.079558 0.060377 -1.235746
    28 0.679998 -0.000001 -0.000001 -0.009633 0.087366 -0.396192
    29 3.698007 0.267555 -0.728972 -0.250890 0.113046 -0.987292
    30 1.749001 -0.000001 0.000003 -0.026969 0.015551 -1.208611
    31 0.959999 -0.000001 0.000001 -0.021318 0.033372 -0.768800
    32 3.768500 0.152546 0.071388 0.023838 0.090689 -0.992933
    33 2.037998 0.000001 0.000002 0.002903 -0.001910 -1.594448
    34 1.067001 0.000001 0.000002 0.000964 -0.007207 -0.630210
    35 3.783924 -0.017260 0.794558 0.334947 0.116128 -0.896643
    36 1.629002 -0.000001 0.000003 0.067731 -0.020111 -1.487858
    37 0.956000 0.000000 0.000001 0.036360 -0.060649 -0.702447
    38 1.258965 -0.297983 1.252590 -1.260743 -0.398201 -1.222765
    39 1.393001 0.000001 0.000000 0.001097 -0.129498 0.597498
    40 1.100002 0.000001 -0.000003 -0.113363 -0.226353 0.621864
    41 3.549266 0.211411 1.487664 0.414706 -0.091488 -0.832903
    42 1.218999 -0.000001 -0.000002 0.076519 -0.060605 -1.221542
    43 0.679999 0.000001 0.000000 0.029119 -0.082748 -0.641951
    44 3.698016 0.273718 0.726617 0.249193 -0.111591 -0.992764
    45 1.748999 0.000000 -0.000002 0.020255 -0.017985 -1.043218
    46 0.959996 0.000000 0.000000 0.015675 -0.036226 -0.705571
    47 3.768499 0.151954 -0.072746 -0.037431 -0.087525 -0.867630
    48 2.037997 0.000002 -0.000003 -0.004272 0.001742 -1.428344
    49 1.066998 0.000000 -0.000001 -0.001429 0.005624 -0.566382
    50 3.783906 -0.023949 -0.794455 -0.350102 -0.068646 -0.759146
    51 1.629001 0.000002 0.000000 -0.062588 0.029671 -1.321899
    52 0.955999 0.000000 -0.000002 -0.031449 0.062230 -0.638366
    53 1.258940 -0.308543 -1.250054 1.287009 0.528021 -0.662158
    54 1.392999 0.000000 -0.000003 -0.001788 0.370555 0.932381
    55 1.099998 -0.000002 -0.000003 0.000000 -0.013127 -0.286815
    56 0.578998 0.704300 0.000000 0.000000 -1.570790 -3.044320
    57 2.577897 -4.075848 1.825547 1.570743 -1.473520 1.570850
    58 -2.577999 -4.075848 1.825549 1.570743 -1.473520 1.570850
    59 2.330669 -1.877754 0.104131 -1.861302 0.207908 -1.328386
  time 125
    0 -0.003395 0.004619 23.307130 1.204158 -0.004020 -0.000300
    1 0.001573 4.212781 -1.689849 1.569694 -0.241519 1.554868
    2 3.837410 0.000000 0.000000 -0.000660 -0.019413 0.185247
    3 3.617862 0.000000 0.000000 -0.002372 -0.017781 0.053891
    4 7.539774 0.000000 0.000000 0.000000 0.000000 0.155813
    5 3.178292 0.000001 0.000000 3.172858 0.053125 0.004507
    6 2.970271 0.000000 0.000001 0.024987 0.007104 0.131369
    7 -0.000002 0.000001 0.000000 -1.570796 0.000000 -1.326450
    8 2.023705 0.907460 0.852577 3.205356 -1.218843 1.293459
    9 4.983657 -0.000003 0.000000 -1.916582 -1.048660 -0.136335
    10 11.123049 -0.000003 0.000001 -0.000001 -0.000001 -0.771995
    11 11.208297 -0.000001 0.000013 1.814631 -0.081344 0.619133
    12 2.676087 -1.712447 0.000003 1.570795 0.000000 1.570797
    13 2.023707 0.907463 -0.852527 -1.899766 1.364402 -3.609411
    14 4.983657 -0.000004 0.000000 1.521677 0.298054 -0.480411
    15 11.123040 -0.000006 -0.000006 0.000000 0.000001 -0.694975
    16 11.208287 0.000000 -0.000016 -2.008270 0.371680 -0.271833
    17 2.676081 -1.712434 -0.000003 -1.570797 -0.000001 -1.570797
    18 3.984014 -0.000005 -0.000003 -2.695082 -1.441794 -0.171523
    19 15.940006 0.000002 0.000000 0.000000 0.000000 1.157105
    20 17.709558 0.000004 0.000002 -0.343310 -0.061722 -1.327515
    21 6.203996 0.000000 0.000001 -0.011146 0.000934 -0.500515
    22 -3.984013 0.000007 0.000007 -3.516160 -1.465919 0.188486
    23 15.940015 0.000000 0.000000 0.000000 0.000000 1.255724
    24 17.709572 -0.000006 0.000001 0.212413 0.220948 -1.367503
    25 6.204001 0.000003 -0.000001 -0.078651 -0.006185 -0.498943
    26 3.549240 0.198821 -1.489462 -0.030188 0.009870 -0.610277
    27 1.218999 -0.000001 0.000002 -0.079650 0.060377 -1.236059
    28 0.679998 -0.000001 -0.000001 -0.009704 0.087366 -0.396526
    29 3.698007 0.267555 -0.728972 -0.250960 0.113118 -0.987627
    30 1.749001 -0.000001 0.000003 -0.027104 0.015575 -1.208907
    31 0.959999 -0.000001 0.000001 -0.021435 0.033313 -0.769134
    32 3.768500 0.152546 0.071388 0.023772 0.090736 -0.993278
    33 2.037998 0.000001 0.000002 0.002841 -0.001946 -1.594805
    34 1.067001 0.000001 0.000002 0.000946 -0.007255 -0.630544
    35 3.783924 -0.017260 0.794558 0.334887 0.116189 -0.896978
    36 1.629002 -0.000001 0.000003 0.067771 -0.020111 -1.488224
    37 0.956000 0.000000 0.000001 0.036425 -0.060661 -0.702789
    38 1.258965 -0.297983 1.252590 -1.260828 -0.398157 -1.223095
    39 1.393001 0.000001 0.000000 0.001097 -0.129156 0.597470
    40 1.100002 0.000001 -0.000003 -0.113171 -0.226076 0.621819
    41 3.549266 0.211411 1.487664 0.414706 -0.091488 -0.832903
    42 1.218999 -0.000001 -0.000002 0.076519 -0.060605 -1.221542
    43 0.679999 0.000001 0.000000 0.029119 -0.082748 -0.641951
    44 3.698016 0.273718 0.726617 0.249205 -0.111577 -0.992713
    45 1.748999 0.000000 -0.000002 0.020255 -0.017985 -1.043218
    46 0.959996 0.000000 0.000000 0.015675 -0.036226 -0.705571
    47 3.768499 0.151954 -0.072746 -0.037419 -0.087513 -0.867576
    48 2.037997 0.000002 -0.000003 -0.004272 0.001742 -1.428344
    49 1.066998 0.000000 -0.000001 -0.001429 0.005624 -0.566382
    50 3.783906 -0.023949 -0.794455 -0.350102 -0.068646 -0.759146
    51 1.629001 0.000002 0.000000 -0.062588 0.029671 -1.321899
    52 0.955999 0.000000 -0.000002 -0.031449 0.062242 -0.638366
    53 1.258940 -0.308543 -1.250054 1.287009 0.528021 -0.662158
    54 1.392999 0.000000 -0.000003 -0.001788 0.370555 0.932381
    55 1.099998 -0.000002 -0.000003 0.000000 -0.013127 -0.286815
    56 0.578998 0.704300 0.000000 0.000000 -1.570790 -3.044320
    57 2.577897 -4.075848 1.825547 1.570743 -1.473520 1.570850
    58 -2.577999 -4.075848 1.825549 1.570743 -1.473520 1.570850
    59 2.330669 -1.877754 0.104131 -1.861302 0.207908 -1.328386
  time 126
    0 -0.003395 0.004619 23.307130 1.204158 -0.004020 -0.000300
    1 0.001573 4.212781 -1.689849 1.570076 -0.241519 1.554868
    2 3.837410 0.000000 0.000000 -0.000633 -0.019476 0.185165
    3 3.617862 0.000000 0.000000 -0.002359 -0.017857 0.053806
    4 7.539774 0.000000 0.000000 0.000000 0.000000 0.155813
    5 3.178292 0.000001 0.000000 3.173058 0.052664 0.005002
    6 2.970271 0.000000 0.000001 0.025283 0.006571 0.131779
    7 -0.000002 0.000001 0.000000 -1.570796 0.000000 -1.326450
    8 2.023705 0.907460 0.852577 3.206314 -1.217816 1.292980
    9 4.983657 -0.000003 0.000000 -1.917346 -1.048254 -0.136240
    10 11.123049 -0.000003 0.000001 -0.000001 -0.000001 -0.772108
    11 11.208297 -0.000001 0.000013 1.815015 -0.081520 0.619204
    12 2.676087 -1.712447 0.000003 1.570795 0.000000 1.570797
    13 2.023707 0.907463 -0.852527 -1.902350 1.365114 -3.612095
    14 4.983657 -0.000004 0.000000 1.521677 0.297529 -0.481450
    15 11.123040 -0.000006 -0.000006 0.000000 0.000001 -0.694217
    16 11.208287 0.000000 -0.000016 -2.008090 0.372007 -0.272417
    17 2.676081 -1.712434 -0.000003 -1.570797 -0.000001 -1.570797
    18 3.984014 -0.000005 -0.000003 -2.694602 -1.442390 -0.171140
    19 15.940006 0.000002 0.000000 0.000000 0.000000 1.157399
    20 17.709558 0.000004 0.000002 -0.343689 -0.062826 -1.326909
    21 6.203996 0.000000 0.000001 -0.011146 0.000934 -0.500515
    22 -3.984013 0.000007 0.000007 -3.510409 -1.466215 0.182545
    23 15.940015 0.000000 0.000000 0.000000 0.000000 1.255035
    24 17.709572 -0.000006 0.000001 0.211404 0.222121 -1.368191
    25 6.204001 0.000003 -0.000001 -0.078651 -0.006185 -0.498943
    26 3.549240 0.198821 -1.489462 -0.030208 0.009923 -0.610521
    27 1.218999 -0.000001 0.000002 -0.079726 0.060377 -1.236320
    28 0.679998 -0.000001 -0.000001 -0.009776 0.087366 -0.396818
    29 3.698007 0.267555 -0.728972 -0.250995 0.113161 -0.987914
    30 1.749001 -0.000001 0.000003 -0.027221 0.015611 -1.209153
    31 0.959999 -0.000001 0.000001 -0.021552 0.033253 -0.769384
    32 3.768500 0.152546 0.071388 0.023723 0.090796 -0.993525
    33 2.037998 0.000001 0.000002 0.002801 -0.001970 -1.595060
    34 1.067001 0.000001 0.000002 0.000928 -0.007303 -0.630835
    35 3.783924 -0.017260 0.794558 0.334847 0.116251 -0.897266
    36 1.629002 -0.000001 0.000003 0.067810 -0.020132 -1.488498
    37 0.956000 0.000000 0.000001 0.036468 -0.060661 -0.703069
    38 1.258965 -0.297983 1.252590 -1.260871 -0.398112 -1.223316
    39 1.393001 0.000001 0.000000 0.001097 -0.128885 0.597412
    40 1.100002 0.000001 -0.000003 -0.113015 -0.225842 0.621730
    41 3.549266 0.211411 1.487664 0.414722 -0.091468 -0.832806
    42 1.218999 -0.000001 -0.000002 0.076519 -0.060605 -1.221542
    43 0.679999 0.000001 0.000000 0.029119 -0.082748 -0.641951
    44 3.698016 0.273718 0.726617 0.249205 -0.111550 -0.992661
    45 1.748999 0.000000 -0.000002 0.020255 -0.017985 -1.043218
    46 0.959996 0.000000 0.000000 0.015675 -0.036226 -0.705571
    47 3.768499 0.151954 -0.072746 -0.037407 -0.087489 -0.867523
    48 2.037997 0.000002 -0.000003 -0.004272 0.001742 -1.428344
    49 1.066998 0.000000 -0.000001 -0.001429 0.005624 -0.566382
    50 3.783906 -0.023949 -0.794455 -0.350088 -0.068615 -0.759094
    51 1.629001 0.000002 0.000000 -0.062588 0.029671 -1.321899
    52 0.955999 0.000000 -0.000002 -0.031449 0.062242 -0.638366
    53 1.258940 -0.308543 -1.250054 1.287052 0.528043 -0.662049
    54 1.392999 0.000000 -0.000003 -0.001788 0.370555 0.932381
    55 1.099998 -0.000002 -0.000003 0.000000 -0.013127 -0.286815
    56 0.578998 0.704300 0.000000 0.000000 -1.570790 -3.044320
    57 2.577897 -4.075848 1.825547 1.570743 -1.473520 1.570850
    58 -2.577999 -4.075848 1.825549 1.570743 -1.473520 1.570850
    59 2.330669 -1.877754 0.104131 -1.861302 0.207908 -1.328386
  time 127
    0 -0.003395 0.004619 23.307130 1.204158 -0.003974 -0.000204
    1 0.001573 4.212781 -1.689849 1.570413 -0.241519 1.554945
    2 3.837410 0.000000 0.000000 -0.000606 -0.019539 0.185099
    3 3.617862 0.000000 0.000000 -0.002333 -0.017918 0.053754
    4 7.539774 0.000000 0.000000 0.000000 0.000000 0.155813
    5 3.178292 0.000001 0.000000 3.173742 0.052102 0.005176
    6 2.970271 0.000000 0.000001 0.025072 0.006038 0.131961
    7 -0.000002 0.000001 0.000000 -1.570796 0.000000 -1.326450
    8 2.023705 0.907460 0.852577 3.207847 -1.216748 1.292213
    9 4.983657 -0.000003 0.000000 -1.918684 -1.047747 -0.135673
    10 11.123049 -0.000003 0.000001 -0.000001 -0.000001 -0.772388
    11 11.208297 -0.000001 0.000013 1.815398 -0.081695 0.619346
    12 2.676087 -1.712447 0.000003 1.570795 0.000000 1.570797
    13 2.023707 0.907463 -0.852527 -1.905412 1.365777 -3.615066
    14 4.983657 -0.000004 0.000000 1.521773 0.296813 -0.482490
    15 11.123040 -0.000006 -0.000006 0.000000 0.000001 -0.693712
    16 11.208287 0.000000 -0.000016 -2.008090 0.372241 -0.272854
    17 2.676081 -1.712434 -0.000003 -1.570797 -0.000001 -1.570797
    18 3.984014 -0.000005 -0.000003 -2.693931 -1.442986 -0.170757
    19 15.940006 0.000002 0.000000 0.000000 0.000000 1.157694
    20 17.709558 0.000004 0.000002 -0.344069 -0.063930 -1.326303
    21 6.203996 0.000000 0.000001 -0.011146 0.000934 -0.500515
    22 -3.984013 0.000007 0.000007 -3.505042 -1.466561 0.177082
    23 15.940015 0.000000 0.000000 0.000000 0.000000 1.254498
    24 17.709572 -0.000006 0.000001 0.210455 0.223156 -1.368879
    25 6.204001 0.000003 -0.000001 -0.078651 -0.006185 -0.498943
    26 3.549240 0.198821 -1.489462 -0.030228 0.009975 -0.610764
    27 1.218999 -0.000001 0.000002 -0.079788 0.060377 -1.236582
    28 0.679998 -0.000001 -0.000001 -0.009829 0.087366 -0.397027
    29 3.698007 0.267555 -0.728972 -0.251030 0.113204 -0.988105
    30 1.749001 -0.000001 0.000003 -0.027318 0.015623 -1.209350
    31 0.959999 -0.000001 0.000001 -0.021630 0.033217 -0.769592
    32 3.768500 0.152546 0.071388 0.023674 0.090844 -0.993772
    33 2.037998 0.000001 0.000002 0.002760 -0.001994 -1.595315
    34 1.067001 0.000001 0.000002 0.000910 -0.007339 -0.631044
    35 3.783924 -0.017260 0.794558 0.334807 0.116297 -0.897458
    36 1.629002 -0.000001 0.000003 0.067850 -0.020153 -1.488727
    37 0.956000 0.000000 0.000001 0.036490 -0.060661 -0.703287
    38 1.258965 -0.297983 1.252590 -1.260956 -0.398067 -1.223536
    39 1.393001 0.000001 0.000000 0.001097 -0.128651 0.597412
    40 1.100002 0.000001 -0.000003 -0.112871 -0.225650 0.621686
    41 3.549266 0.211411 1.487664 0.414737 -0.091426 -0.832708
    42 1.218999 -0.000001 -0.000002 0.076519 -0.060605 -1.221542
    43 0.679999 0.000001 0.000000 0.029119 -0.082748 -0.641951
    44 3.698016 0.273718 0.726617 0.249229 -0.111508 -0.992559
    45 1.748999 0.000000 -0.000002 0.020255 -0.017985 -1.043218
    46 0.959996 0.000000 0.000000 0.015675 -0.036226 -0.705571
    47 3.768499 0.151954 -0.072746 -0.037383 -0.087453 -0.867416
    48 2.037997 0.000002 -0.000003 -0.004272 0.001742 -1.428344
    49 1.066998 0.000000 -0.000001 -0.001429 0.005624 -0.566382
    50 3.783906 -0.023949 -0.794455 -0.350073 -0.068584 -0.758937
    51 1.629001 0.000002 0.000000 -0.062588 0.029671 -1.321899
    52 0.955999 0.000000 -0.000002 -0.031449 0.062230 -0.638366
    53 1.258940 -0.308543 -1.250054 1.287095 0.528065 -0.661940
    54 1.392999 0.000000 -0.000003 -0.001788 0.370555 0.932381
    55 1.099998 -0.000002 -0.000003 0.000000 -0.013127 -0.286815
    56 0.578998 0.704300 0.000000 0.000000 -1.570790 -3.044320
    57 2.577897 -4.075848 1.825547 1.570743 -1.473520 1.570850
    58 -2.577999 -4.075848 1.825549 1.570743 -1.473520 1.570850
    59 2.330669 -1.877754 0.104131 -1.861302 0.207908 -1.328386
  time 128
    0 -0.003395 0.004619 23.307130 1.204252 -0.003929 -0.000204
    1 0.001573 4.212781 -1.689849 1.570772 -0.241708 1.554868
    2 3.837410 0.000000 0.000000 -0.000593 -0.019586 0.185050
    3 3.617862 0.000000 0.000000 -0.002321 -0.017963 0.053703
    4 7.539774 0.000000 0.000000 0.000000 0.000000 0.155813
    5 3.178292 0.000001 0.000000 3.174426 0.051399 0.005089
    6 2.970271 0.000000 0.000001 0.024733 0.005229 0.132098
    7 -0.000002 0.000001 0.000000 -1.570796 0.000000 -1.326450
    8 2.023705 0.907460 0.852577 3.209859 -1.215641 1.291255
    9 4.983657 -0.000003 0.000000 -1.920785 -1.046935 -0.134256
    10 11.123049 -0.000003 0.000001 -0.000001 -0.000001 -0.773511
    11 11.208297 -0.000001 0.000013 1.815590 -0.081827 0.620058
    12 2.676087 -1.712447 0.000003 1.570795 0.000000 1.570797
    13 2.023707 0.907463 -0.852527 -1.908762 1.366489 -3.618421
    14 4.983657 -0.000004 0.000000 1.522348 0.295906 -0.483530
    15 11.123040 -0.000006 -0.000006 0.000000 0.000001 -0.693585
    16 11.208287 0.000000 -0.000016 -2.008090 0.372428 -0.273438
    17 2.676081 -1.712434 -0.000003 -1.570797 -0.000001 -1.570797
    18 3.984014 -0.000005 -0.000003 -2.693356 -1.443619 -0.170565
    19 15.940006 0.000002 0.000000 0.000000 0.000000 1.157989
    20 17.709558 0.000004 0.000002 -0.344524 -0.065034 -1.325784
    21 6.203996 0.000000 0.000001 -0.011146 0.000934 -0.500515
    22 -3.984013 0.000007 0.000007 -3.500250 -1.466906 0.172387
    23 15.940015 0.000000 0.000000 0.000000 0.000000 1.253962
    24 17.709572 -0.000006 0.000001 0.209447 0.224053 -1.369567
    25 6.204001 0.000003 -0.000001 -0.078651 -0.006185 -0.498943
    26 3.549240 0.198821 -1.489462 -0.030249 0.010028 -0.610910
    27 1.218999 -0.000001 0.000002 -0.079849 0.060389 -1.236738
    28 0.679998 -0.000001 -0.000001 -0.009865 0.087366 -0.397194
    29 3.698007 0.267555 -0.728972 -0.251065 0.113233 -0.988296
    30 1.749001 -0.000001 0.000003 -0.027395 0.015647 -1.209547
    31 0.959999 -0.000001 0.000001 -0.021708 0.033181 -0.769759
    32 3.768500 0.152546 0.071388 0.023641 0.090868 -0.993920
    33 2.037998 0.000001 0.000002 0.002739 -0.002006 -1.595468
    34 1.067001 0.000001 0.000002 0.000892 -0.007375 -0.631211
    35 3.783924 -0.017260 0.794558 0.334787 0.116328 -0.897649
    36 1.629002 -0.000001 0.000003 0.067870 -0.020153 -1.488909
    37 0.956000 0.000000 0.000001 0.036533 -0.060661 -0.703443
    38 1.258965 -0.297983 1.252590 -1.260956 -0.398045 -1.223683
    39 1.393001 0.000001 0.000000 0.001079 -0.128489 0.597384
    40 1.100002 0.000001 -0.000003 -0.112788 -0.225501 0.621641
    41 3.549266 0.211411 1.487664 0.414769 -0.091364 -0.832563
    42 1.218999 -0.000001 -0.000002 0.076519 -0.060605 -1.221542
    43 0.679999 0.000001 0.000000 0.029119 -0.082748 -0.641951
    44 3.698016 0.273718 0.726617 0.249253 -0.111453 -0.992405
    45 1.748999 0.000000 -0.000002 0.020255 -0.017985 -1.043218
    46 0.959996 0.000000 0.000000 0.015675 -0.036226 -0.705571
    47 3.768499 0.151954 -0.072746 -0.037359 -0.087405 -0.867255
    48 2.037997 0.000002 -0.000003 -0.004272 0.001742 -1.428344
    49 1.066998 0.000000 -0.000001 -0.001429 0.005624 -0.566382
    50 3.783906 -0.023949 -0.794455 -0.350030 -0.068538 -0.758832
    51 1.629001 0.000002 0.000000 -0.062588 0.029671 -1.321899
    52 0.955999 0.000000 -0.000002 -0.031449 0.062242 -0.638366
    53 1.258940 -0.308543 -1.250054 1.287139 0.528130 -0.661759
    54 1.392999 0.000000 -0.000003 -0.001788 0.370555 0.932381
    55 1.099998 -0.000002 -0.000003 0.000000 -0.013127 -0.286815
    56 0.578998 0.704300 0.000000 0.000000 -1.570790 -3.044320
    57 2.577897 -4.075848 1.825547 1.570743 -1.473520 1.570850
    58 -2.577999 -4.075848 1.825549 1.570743 -1.473520 1.570850
    59 2.330669 -1.877754 0.104131 -1.861302 0.207908 -1.328386
  time 129
    0 -0.003395 0.004619 23.307130 1.204252 -0.003839 -0.000204
    1 0.001573 4.212781 -1.689849 1.571154 -0.241938 1.554829
    2 3.837410 0.000000 0.000000 -0.000566 -0.019618 0.185017
    3 3.617862 0.000000 0.000000 -0.002308 -0.017993 0.053669
    4 7.539774 0.000000 0.000000 0.000000 0.000000 0.155813
    5 3.178292 0.000001 0.000000 3.174939 0.050476 0.004594
    6 2.970271 0.000000 0.000001 0.024480 0.004203 0.131916
    7 -0.000002 0.000001 0.000000 -1.570796 0.000000 -1.326450
    8 2.023705 0.907460 0.852577 3.212350 -1.214495 1.289913
    9 4.983657 -0.000003 0.000000 -1.923269 -1.045971 -0.132555
    10 11.123049 -0.000003 0.000001 -0.000001 -0.000001 -0.774859
    11 11.208297 -0.000001 0.000013 1.815686 -0.081959 0.620911
    12 2.676087 -1.712447 0.000003 1.570795 0.000000 1.570797
    13 2.023707 0.907463 -0.852527 -1.912589 1.367200 -3.622160
    14 4.983657 -0.000004 0.000000 1.523018 0.294951 -0.484664
    15 11.123040 -0.000006 -0.000006 0.000000 0.000001 -0.693459
    16 11.208287 0.000000 -0.000016 -2.008180 0.372522 -0.273949
    17 2.676081 -1.712434 -0.000003 -1.570797 -0.000001 -1.570797
    18 3.984014 -0.000005 -0.000003 -2.692590 -1.444252 -0.170373
    19 15.940006 0.000002 0.000000 0.000000 0.000000 1.158210
    20 17.709558 0.000004 0.000002 -0.344979 -0.066066 -1.325351
    21 6.203996 0.000000 0.000001 -0.011146 0.000934 -0.500515
    22 -3.984013 0.000007 0.000007 -3.496224 -1.467301 0.168458
    23 15.940015 0.000000 0.000000 0.000000 0.000000 1.253502
    24 17.709572 -0.000006 0.000001 0.208438 0.224812 -1.370255
    25 6.204001 0.000003 -0.000001 -0.078651 -0.006185 -0.498943
    26 3.549240 0.198821 -1.489462 -0.030269 0.010055 -0.611007
    27 1.218999 -0.000001 0.000002 -0.079880 0.060389 -1.236843
    28 0.679998 -0.000001 -0.000001 -0.009883 0.087366 -0.397319
    29 3.698007 0.267555 -0.728972 -0.251083 0.113262 -0.988392
    30 1.749001 -0.000001 0.000003 -0.027434 0.015659 -1.209645
    31 0.959999 -0.000001 0.000001 -0.021748 0.033157 -0.769843
    32 3.768500 0.152546 0.071388 0.023625 0.090892 -0.994018
    33 2.037998 0.000001 0.000002 0.002739 -0.002018 -1.595570
    34 1.067001 0.000001 0.000002 0.000874 -0.007387 -0.631336
    35 3.783924 -0.017260 0.794558 0.334767 0.116344 -0.897745
    36 1.629002 -0.000001 0.000003 0.067890 -0.020174 -1.489001
    37 0.956000 0.000000 0.000001 0.036555 -0.060661 -0.703567
    38 1.258965 -0.297983 1.252590 -1.260999 -0.398045 -1.223756
    39 1.393001 0.000001 0.000000 0.001079 -0.128363 0.597384
    40 1.100002 0.000001 -0.000003 -0.112728 -0.225416 0.621597
    41 3.549266 0.211411 1.487664 0.414800 -0.091303 -0.832368
    42 1.218999 -0.000001 -0.000002 0.076519 -0.060605 -1.221542
    43 0.679999 0.000001 0.000000 0.029119 -0.082748 -0.641951
    44 3.698016 0.273718 0.726617 0.249265 -0.111384 -0.992252
    45 1.748999 0.000000 -0.000002 0.020255 -0.017985 -1.043218
    46 0.959996 0.000000 0.000000 0.015675 -0.036226 -0.705571
    47 3.768499 0.151954 -0.072746 -0.037323 -0.087333 -0.867095
    48 2.037997 0.000002 -0.000003 -0.004272 0.001742 -1.428344
    49 1.066998 0.000000 -0.000001 -0.001429 0.005624 -0.566382
    50 3.783906 -0.023949 -0.794455 -0.349987 -0.068461 -0.758623
    51 1.629001 0.000002 0.000000 -0.062588 0.029671 -1.321899
    52 0.955999 0.000000 -0.000002 -0.031449 0.062230 -0.638366
    53 1.258940 -0.308543 -1.250054 1.287182 0.528173 -0.661541
    54 1.392999 0.000000 -0.000003 -0.001788 0.370555 0.932381
    55 1.099998 -0.000002 -0.000003 0.000000 -0.013127 -0.286815
    56 0.578998 0.704300 0.000000 0.000000 -1.570790 -3.044320
    57 2.577897 -4.075848 1.825547 1.570743 -1.473520 1.570850
    58 -2.577999 -4.075848 1.825549 1.570743 -1.473520 1.570850
    59 2.330669 -1.877754 0.104131 -1.861302 0.207908 -1.328386
  time 130
    0 -0.003395 0.004619 23.307130 1.204252 -0.003748 -0.000108
    1 0.001573 4.212781 -1.689849 1.571514 -0.242127 1.554752
    2 3.837410 0.000000 0.000000 -0.000566 -0.019618 0.185017
    3 3.617862 0.000000 0.000000 -0.002295 -0.018008 0.053652
    4 7.539774 0.000000 0.000000 0.000000 0.000000 0.155813
    5 3.178292 0.000001 0.000000 3.175167 0.049392 0.003779
    6 2.970271 0.000000 0.000001 0.024480 0.002960 0.131369
    7 -0.000002 0.000001 0.000000 -1.570796 0.000000 -1.326450
    8 2.023705 0.907460 0.852577 3.215319 -1.213349 1.288476
    9 4.983657 -0.000003 0.000000 -1.926135 -1.045007 -0.130382
    10 11.123049 -0.000003 0.000001 -0.000001 -0.000001 -0.776374
    11 11.208297 -0.000001 0.000013 1.815590 -0.082046 0.621908
    12 2.676087 -1.712447 0.000003 1.570795 0.000000 1.570797
    13 2.023707 0.907463 -0.852527 -1.916704 1.367911 -3.626186
    14 4.983657 -0.000004 0.000000 1.523881 0.293948 -0.485798
    15 11.123040 -0.000006 -0.000006 0.000000 0.000001 -0.693459
    16 11.208287 0.000000 -0.000016 -2.008449 0.372569 -0.274533
    17 2.676081 -1.712434 -0.000003 -1.570797 -0.000001 -1.570797
    18 3.984014 -0.000005 -0.000003 -2.691727 -1.444885 -0.170182
    19 15.940006 0.000002 0.000000 0.000000 0.000000 1.158431
    20 17.709558 0.000004 0.000002 -0.345510 -0.067099 -1.324832
    21 6.203996 0.000000 0.000001 -0.011146 0.000934 -0.500515
    22 -3.984013 0.000007 0.000007 -3.492965 -1.467745 0.165487
    23 15.940015 0.000000 0.000000 0.000000 0.000000 1.253118
    24 17.709572 -0.000006 0.000001 0.207549 0.225363 -1.370894
    25 6.204001 0.000003 -0.000001 -0.078651 -0.006185 -0.498943
    26 3.549240 0.198821 -1.489462 -0.030269 0.010055 -0.611056
    27 1.218999 -0.000001 0.000002 -0.079880 0.060389 -1.236895
    28 0.679998 -0.000001 -0.000001 -0.009900 0.087366 -0.397361
    29 3.698007 0.267555 -0.728972 -0.251101 0.113262 -0.988440
    30 1.749001 -0.000001 0.000003 -0.027453 0.015659 -1.209645
    31 0.959999 -0.000001 0.000001 -0.021748 0.033157 -0.769884
    32 3.768500 0.152546 0.071388 0.023625 0.090892 -0.994068
    33 2.037998 0.000001 0.000002 0.002719 -0.002018 -1.595621
    34 1.067001 0.000001 0.000002 0.000874 -0.007399 -0.631377
    35 3.783924 -0.017260 0.794558 0.334767 0.116359 -0.897793
    36 1.629002 -0.000001 0.000003 0.067890 -0.020174 -1.489047
    37 0.956000 0.000000 0.000001 0.036555 -0.060673 -0.703598
    38 1.258965 -0.297983 1.252590 -1.260999 -0.398023 -1.223793
    39 1.393001 0.000001 0.000000 0.001079 -0.128345 0.597355
    40 1.100002 0.000001 -0.000003 -0.112704 -0.225395 0.621597
    41 3.549266 0.211411 1.487664 0.414847 -0.091241 -0.832174
    42 1.218999 -0.000001 -0.000002 0.076519 -0.060605 -1.221542
    43 0.679999 0.000001 0.000000 0.029119 -0.082748 -0.641951
    44 3.698016 0.273718 0.726617 0.249301 -0.111301 -0.991996
    45 1.748999 0.000000 -0.000002 0.020255 -0.017985 -1.043218
    46 0.959996 0.000000 0.000000 0.015675 -0.036226 -0.705571
    47 3.768499 0.151954 -0.072746 -0.037287 -0.087249 -0.866881
    48 2.037997 0.000002 -0.000003 -0.004272 0.001742 -1.428344
    49 1.066998 0.000000 -0.000001 -0.001429 0.005624 -0.566382
    50 3.783906 -0.023949 -0.794455 -0.349945 -0.068476 -0.758414
    51 1.629001 0.000002 0.000000 -0.062588 0.029671 -1.321899
    52 0.955999 0.000000 -0.000002 -0.031449 0.062230 -0.638366
    53 1.258940 -0.308543 -1.250054 1.287269 0.528260 -0.661324
    54 1.392999 0.000000 -0.000003 -0.001788 0.370555 0.932381
    55 1.099998 -0.000002 -0.000003 0.000000 -0.013127 -0.286815
    56 0.578998 0.704300 0.000000 0.000000 -1.570790 -3.044320
    57 2.577897 -4.075848 1.825547 1.570743 -1.473520 1.570850
    58 -2.577999 -4.075848 1.825549 1.570743 -1.473520 1.570850
    59 2.330669 -1.877754 0.104131 -1.861302 0.207908 -1.328386
  time 131
    0 -0.003395 0.004619 23.307130 1.204346 -0.003658 -0.000108
    1 0.001573 4.212781 -1.689849 1.571851 -0.242232 1.554675
    2 3.837410 0.000000 0.000000 -0.000552 -0.019618 0.185017
    3 3.617862 0.000000 0.000000 -0.002295 -0.018008 0.053669
    4 7.539774 0.000000 0.000000 0.000000 0.000000 0.155813
    5 3.178292 0.000001 0.000000 3.175025 0.048128 0.002585
    6 2.970271 0.000000 0.000001 0.024733 0.001500 0.130459
    7 -0.000002 0.000001 0.000000 -1.570796 0.000000 -1.326450
    8 2.023705 0.907460 0.852577 3.218672 -1.212202 1.286751
    9 4.983657 -0.000003 0.000000 -1.929383 -1.044094 -0.128020
    10 11.123049 -0.000003 0.000001 -0.000001 -0.000001 -0.777553
    11 11.208297 -0.000001 0.000013 1.815398 -0.082178 0.622690
    12 2.676087 -1.712447 0.000003 1.570795 0.000000 1.570797
    13 2.023707 0.907463 -0.852527 -1.921202 1.368575 -3.630500
    14 4.983657 -0.000004 0.000000 1.524934 0.292994 -0.486932
    15 11.123040 -0.000006 -0.000006 0.000000 0.000001 -0.693333
    16 11.208287 0.000000 -0.000016 -2.008719 0.372569 -0.275190
    17 2.676081 -1.712434 -0.000003 -1.570797 -0.000001 -1.570797
    18 3.984014 -0.000005 -0.000003 -2.690769 -1.445518 -0.170277
    19 15.940006 0.000002 0.000000 0.000000 0.000000 1.158578
    20 17.709558 0.000004 0.000002 -0.345965 -0.068061 -1.324486
    21 6.203996 0.000000 0.000001 -0.011146 0.000934 -0.500515
    22 -3.984013 0.000007 0.000007 -3.490761 -1.468140 0.163570
    23 15.940015 0.000000 0.000000 0.000000 0.000000 1.252889
    24 17.709572 -0.000006 0.000001 0.206659 0.225674 -1.371484
    25 6.204001 0.000003 -0.000001 -0.078651 -0.006185 -0.498943
    26 3.549240 0.198821 -1.489462 -0.030249 0.010028 -0.611007
    27 1.218999 -0.000001 0.000002 -0.079864 0.060389 -1.236843
    28 0.679998 -0.000001 -0.000001 -0.009883 0.087366 -0.397319
    29 3.698007 0.267555 -0.728972 -0.251083 0.113247 -0.988392
    30 1.749001 -0.000001 0.000003 -0.027434 0.015659 -1.209596
    31 0.959999 -0.000001 0.000001 -0.021728 0.033169 -0.769843
    32 3.768500 0.152546 0.071388 0.023641 0.090892 -0.994018
    33 2.037998 0.000001 0.000002 0.002739 -0.002018 -1.595570
    34 1.067001 0.000001 0.000002 0.000874 -0.007387 -0.631294
    35 3.783924 -0.017260 0.794558 0.334767 0.116344 -0.897745
    36 1.629002 -0.000001 0.000003 0.067890 -0.020153 -1.489001
    37 0.956000 0.000000 0.000001 0.036555 -0.060661 -0.703567
    38 1.258965 -0.297983 1.252590 -1.260999 -0.398045 -1.223756
    39 1.393001 0.000001 0.000000 0.001079 -0.128399 0.597384
    40 1.100002 0.000001 -0.000003 -0.112728 -0.225437 0.621597
    41 3.549266 0.211411 1.487664 0.414895 -0.091158 -0.831930
    42 1.218999 -0.000001 -0.000002 0.076519 -0.060605 -1.221542
    43 0.679999 0.000001 0.000000 0.029119 -0.082748 -0.641951
    44 3.698016 0.273718 0.726617 0.249337 -0.111204 -0.991791
    45 1.748999 0.000000 -0.000002 0.020255 -0.017985 -1.043218
    46 0.959996 0.000000 0.000000 0.015675 -0.036226 -0.705571
    47 3.768499 0.151954 -0.072746 -0.037239 -0.087165 -0.866613
    48 2.037997 0.000002 -0.000003 -0.004272 0.001742 -1.428344
    49 1.066998 0.000000 -0.000001 -0.001429 0.005624 -0.566382
    50 3.783906 -0.023949 -0.794455 -0.349887 -0.068399 -0.758152
    51 1.629001 0.000002 0.000000 -0.062588 0.029671 -1.321899
    52 0.955999 0.000000 -0.000002 -0.031449 0.062242 -0.638366
    53 1.258940 -0.308543 -1.250054 1.287313 0.528325 -0.661034
    54 1.392999 0.000000 -0.000003 -0.001788 0.370555 0.932381
    55 1.099998 -0.000002 -0.000003 0.000000 -0.013127 -0.286815
    56 0.578998 0.704300 0.000000 0.000000 -1.570790 -3.044320
    57 2.577897 -4.075848 1.825547 1.570743 -1.473520 1.570850
    58 -2.577999 -4.075848 1.825549 1.570743 -1.473520 1.570850
    59 2.330669 -1.877754 0.104131 -1.861302 0.207908 -1.328386
  time 132
    0 -0.003395 0.004619 23.307130 1.204440 -0.003522 -0.000013
    1 0.001573 4.212781 -1.689849 1.571874 -0.242232 1.554637
    2 3.837410 0.000000 0.000000 -0.000552 -0.019602 0.185050
    3 3.617862 0.000000 0.000000 -0.002282 -0.017978 0.053686
    4 7.539774 0.000000 0.000000 0.000000 0.000000 0.155813
    5 3.178292 0.000001 0.000000 3.174369 0.047285 0.001071
    6 2.970271 0.000000 0.000001 0.025706 0.000434 0.129138
    7 -0.000002 0.000001 0.000000 -1.570796 0.000000 -1.326450
    8 2.023705 0.907460 0.852577 3.222313 -1.211056 1.284834
    9 4.983657 -0.000003 0.000000 -1.932727 -1.042725 -0.125563
    10 11.123049 -0.000003 0.000001 -0.000001 -0.000001 -0.779013
    11 11.208297 -0.000001 0.000013 1.815207 -0.082266 0.623473
    12 2.676087 -1.712447 0.000003 1.570795 0.000000 1.570797
    13 2.023707 0.907463 -0.852527 -1.925986 1.369286 -3.635101
    14 4.983657 -0.000004 0.000000 1.525796 0.292373 -0.488066
    15 11.123040 -0.000006 -0.000006 0.000000 0.000001 -0.693017
    16 11.208287 0.000000 -0.000016 -2.009078 0.372522 -0.275846
    17 2.676081 -1.712434 -0.000003 -1.570797 -0.000001 -1.570797
    18 3.984014 -0.000005 -0.000003 -2.689714 -1.446151 -0.170373
    19 15.940006 0.000002 0.000000 0.000000 0.000000 1.158799
    20 17.709558 0.000004 0.000002 -0.346496 -0.068951 -1.324053
    21 6.203996 0.000000 0.000001 -0.011146 0.000934 -0.500515
    22 -3.984013 0.000007 0.000007 -3.489611 -1.468634 0.162708
    23 15.940015 0.000000 0.000000 0.000000 0.000000 1.252735
    24 17.709572 -0.000006 0.000001 0.205828 0.225812 -1.371975
    25 6.204001 0.000003 -0.000001 -0.078651 -0.006185 -0.498943
    26 3.549240 0.198821 -1.489462 -0.030249 0.010002 -0.610861
    27 1.218999 -0.000001 0.000002 -0.079818 0.060389 -1.236686
    28 0.679998 -0.000001 -0.000001 -0.009865 0.087366 -0.397152
    29 3.698007 0.267555 -0.728972 -0.251065 0.113219 -0.988249
    30 1.749001 -0.000001 0.000003 -0.027376 0.015635 -1.209498
    31 0.959999 -0.000001 0.000001 -0.021689 0.033181 -0.769718
    32 3.768500 0.152546 0.071388 0.023657 0.090856 -0.993870
    33 2.037998 0.000001 0.000002 0.002760 -0.002006 -1.595417
    34 1.067001 0.000001 0.000002 0.000892 -0.007363 -0.631169
    35 3.783924 -0.017260 0.794558 0.334787 0.116313 -0.897601
    36 1.629002 -0.000001 0.000003 0.067850 -0.020153 -1.488864
    37 0.956000 0.000000 0.000001 0.036511 -0.060661 -0.703412
    38 1.258965 -0.297983 1.252590 -1.260956 -0.398067 -1.223646
    39 1.393001 0.000001 0.000000 0.001079 -0.128525 0.597384
    40 1.100002 0.000001 -0.000003 -0.112800 -0.225544 0.621641
    41 3.549266 0.211411 1.487664 0.414942 -0.091055 -0.831687
    42 1.218999 -0.000001 -0.000002 0.076519 -0.060605 -1.221542
    43 0.679999 0.000001 0.000000 0.029119 -0.082748 -0.641951
    44 3.698016 0.273718 0.726617 0.249373 -0.111108 -0.991535
    45 1.748999 0.000000 -0.000002 0.020255 -0.017985 -1.043218
    46 0.959996 0.000000 0.000000 0.015675 -0.036226 -0.705571
    47 3.768499 0.151954 -0.072746 -0.037191 -0.087069 -0.866346
    48 2.037997 0.000002 -0.000003 -0.004272 0.001742 -1.428344
    49 1.066998 0.000000 -0.000001 -0.001429 0.005624 -0.566382
    50 3.783906 -0.023949 -0.794455 -0.349830 -0.068306 -0.757891
    51 1.629001 0.000002 0.000000 -0.062588 0.029671 -1.321899
    52 0.955999 0.000000 -0.000002 -0.031449 0.062230 -0.638366
    53 1.258940 -0.308543 -1.250054 1.287399 0.528412 -0.660708
    54 1.392999 0.000000 -0.000003 -0.001788 0.370555 0.932381
    55 1.099998 -0.000002 -0.000003 0.000000 -0.013127 -0.286815
    56 0.578998 0.704300 0.000000 0.000000 -1.570790 -3.044320
    57 2.577897 -4.075848 1.825547 1.570743 -1.473520 1.570850
    58 -2.577999 -4.075848 1.825549 1.570743 -1.473520 1.570850
    59 2.330669 -1.877754 0.104131 -1.861302 0.207908 -1.328386
  time 133
    0 -0.003395 0.004619 23.307130 1.204440 -0.003386 -0.000013
    1 0.001573 4.212781 -1.689849 1.571964 -0.242253 1.554598
    2 3.837410 0.000000 0.000000 -0.000512 -0.019586 0.185066
    3 3.617862 0.000000 0.000000 -0.002256 -0.017963 0.053720
    4 7.539774 0.000000 0.000000 0.000000 0.000000 0.155813
    5 3.178292 0.000001 0.000000 3.172944 0.046221 -0.000792
    6 2.970271 0.000000 0.000001 0.027313 -0.000868 0.127499
    7 -0.000002 0.000001 0.000000 -1.570796 0.000000 -1.326450
    8 2.023705 0.907460 0.852577 3.226336 -1.209910 1.282821
    9 4.983657 -0.000003 0.000000 -1.936453 -1.041406 -0.122823
    10 11.123049 -0.000003 0.000001 -0.000001 -0.000001 -0.780529
    11 11.208297 -0.000001 0.000013 1.814727 -0.082310 0.624327
    12 2.676087 -1.712447 0.000003 1.570795 0.000000 1.570797
    13 2.023707 0.907463 -0.852527 -1.931154 1.369950 -3.639990
    14 4.983657 -0.000004 0.000000 1.526946 0.291514 -0.489200
    15 11.123040 -0.000006 -0.000006 0.000000 0.000001 -0.693080
    16 11.208287 0.000000 -0.000016 -2.009526 0.372428 -0.276357
    17 2.676081 -1.712434 -0.000003 -1.570797 -0.000001 -1.570797
    18 3.984014 -0.000005 -0.000003 -2.688468 -1.446784 -0.170661
    19 15.940006 0.000002 0.000000 0.000000 0.000000 1.158873
    20 17.709558 0.000004 0.000002 -0.347027 -0.069806 -1.323793
    21 6.203996 0.000000 0.000001 -0.011146 0.000934 -0.500515
    22 -3.984013 0.000007 0.000007 -3.489611 -1.469078 0.163283
    23 15.940015 0.000000 0.000000 0.000000 0.000000 1.252735
    24 17.709572 -0.000006 0.000001 0.205176 0.225674 -1.372466
    25 6.204001 0.000003 -0.000001 -0.078651 -0.006185 -0.498943
    26 3.549240 0.198821 -1.489462 -0.030228 0.009949 -0.610667
    27 1.218999 -0.000001 0.000002 -0.079757 0.060377 -1.236477
    28 0.679998 -0.000001 -0.000001 -0.009793 0.087366 -0.396943
    29 3.698007 0.267555 -0.728972 -0.251030 0.113190 -0.988009
    30 1.749001 -0.000001 0.000003 -0.027279 0.015611 -1.209251
    31 0.959999 -0.000001 0.000001 -0.021591 0.033241 -0.769509
    32 3.768500 0.152546 0.071388 0.023690 0.090808 -0.993673
    33 2.037998 0.000001 0.000002 0.002780 -0.001982 -1.595213
    34 1.067001 0.000001 0.000002 0.000910 -0.007327 -0.630960
    35 3.783924 -0.017260 0.794558 0.334827 0.116266 -0.897362
    36 1.629002 -0.000001 0.000003 0.067830 -0.020153 -1.488635
    37 0.956000 0.000000 0.000001 0.036490 -0.060661 -0.703194
    38 1.258965 -0.297983 1.252590 -1.260914 -0.398090 -1.223426
    39 1.393001 0.000001 0.000000 0.001097 -0.128759 0.597412
    40 1.100002 0.000001 -0.000003 -0.112931 -0.225735 0.621686
    41 3.549266 0.211411 1.487664 0.415005 -0.090951 -0.831396
    42 1.218999 -0.000001 -0.000002 0.076519 -0.060605 -1.221542
    43 0.679999 0.000001 0.000000 0.029119 -0.082748 -0.641951
    44 3.698016 0.273718 0.726617 0.249409 -0.110997 -0.991228
    45 1.748999 0.000000 -0.000002 0.020255 -0.017985 -1.043218
    46 0.959996 0.000000 0.000000 0.015675 -0.036226 -0.705571
    47 3.768499 0.151954 -0.072746 -0.037131 -0.086961 -0.866078
    48 2.037997 0.000002 -0.000003 -0.004272 0.001742 -1.428344
    49 1.066998 0.000000 -0.000001 -0.001429 0.005624 -0.566382
    50 3.783906 -0.023949 -0.794455 -0.349773 -0.068198 -0.757629
    51 1.629001 0.000002 0.000000 -0.062588 0.029671 -1.321899
    52 0.955999 0.000000 -0.000002 -0.031449 0.062230 -0.638366
    53 1.258940 -0.308543 -1.250054 1.287486 0.528499 -0.660382
    54 1.392999 0.000000 -0.000003 -0.001788 0.370555 0.932381
    55 1.099998 -0.000002 -0.000003 0.000000 -0.013127 -0.286815
    56 0.578998 0.704300 0.000000 0.000000 -1.570790 -3.044320
    57 2.577897 -4.075848 1.825547 1.570743 -1.473520 1.570850
    58 -2.577999 -4.075848 1.825549 1.570743 -1.473520 1.570850
    59 2.330669 -1.877754 0.104131 -1.861302 0.207908 -1.328386
  time 134
    0 -0.003395 0.004619 23.307130 1.204534 -0.003205 0.000083
    1 0.001573 4.212781 -1.689849 1.572121 -0.242316 1.554637
    2 3.837410 0.000000 0.000000 -0.000485 -0.019539 0.185115
    3 3.617862 0.000000 0.000000 -0.002218 -0.017933 0.053771
    4 7.539774 0.000000 0.000000 0.000000 0.000000 0.155813
    5 3.178292 0.000001 0.000000 3.170892 0.044897 -0.002947
    6 2.970271 0.000000 0.000001 0.029300 -0.002566 0.125678
    7 -0.000002 0.000001 0.000000 -1.570796 0.000000 -1.326450
    8 2.023705 0.907460 0.852577 3.230551 -1.208803 1.280617
    9 4.983657 -0.000003 0.000000 -1.940370 -1.040290 -0.119800
    10 11.123049 -0.000003 0.000001 -0.000001 -0.000001 -0.782101
    11 11.208297 -0.000001 0.000013 1.814248 -0.082397 0.625180
    12 2.676087 -1.712447 0.000003 1.570795 0.000000 1.570797
    13 2.023707 0.907463 -0.852527 -1.936608 1.370614 -3.645070
    14 4.983657 -0.000004 0.000000 1.528383 0.290368 -0.490334
    15 11.123040 -0.000006 -0.000006 0.000000 0.000001 -0.693396
    16 11.208287 0.000000 -0.000016 -2.010065 0.372288 -0.276868
    17 2.676081 -1.712434 -0.000003 -1.570797 -0.000001 -1.570797
    18 3.984014 -0.000005 -0.000003 -2.687126 -1.447379 -0.171140
    19 15.940006 0.000002 0.000000 0.000000 0.000000 1.158947
    20 17.709558 0.000004 0.000002 -0.347558 -0.070589 -1.323534
    21 6.203996 0.000000 0.000001 -0.011146 0.000934 -0.500515
    22 -3.984013 0.000007 0.000007 -3.490761 -1.469522 0.165008
    23 15.940015 0.000000 0.000000 0.000000 0.000000 1.252812
    24 17.709572 -0.000006 0.000001 0.204523 0.225294 -1.372860
    25 6.204001 0.000003 -0.000001 -0.078651 -0.006185 -0.498943
    26 3.549240 0.198821 -1.489462 -0.030208 0.009896 -0.610375
    27 1.218999 -0.000001 0.000002 -0.079680 0.060377 -1.236164
    28 0.679998 -0.000001 -0.000001 -0.009740 0.087366 -0.396651
    29 3.698007 0.267555 -0.728972 -0.250978 0.113132 -0.987722
    30 1.749001 -0.000001 0.000003 -0.027163 0.015599 -1.209005
    31 0.959999 -0.000001 0.000001 -0.021494 0.033301 -0.769259
    32 3.768500 0.152546 0.071388 0.023756 0.090760 -0.993377
    33 2.037998 0.000001 0.000002 0.002821 -0.001958 -1.594907
    34 1.067001 0.000001 0.000002 0.000928 -0.007279 -0.630669
    35 3.783924 -0.017260 0.794558 0.334867 0.116205 -0.897074
    36 1.629002 -0.000001 0.000003 0.067791 -0.020132 -1.488315
    37 0.956000 0.000000 0.000001 0.036447 -0.060661 -0.702883
    38 1.258965 -0.297983 1.252590 -1.260828 -0.398134 -1.223169
    39 1.393001 0.000001 0.000000 0.001097 -0.129047 0.597441
    40 1.100002 0.000001 -0.000003 -0.113099 -0.225969 0.621775
    41 3.549266 0.211411 1.487664 0.415067 -0.090828 -0.831104
    42 1.218999 -0.000001 -0.000002 0.076519 -0.060605 -1.221542
    43 0.679999 0.000001 0.000000 0.029119 -0.082748 -0.641951
    44 3.698016 0.273718 0.726617 0.249445 -0.110873 -0.990921
    45 1.748999 0.000000 -0.000002 0.020255 -0.017985 -1.043218
    46 0.959996 0.000000 0.000000 0.015675 -0.036226 -0.705571
    47 3.768499 0.151954 -0.072746 -0.037084 -0.086854 -0.865757
    48 2.037997 0.000002 -0.000003 -0.004272 0.001742 -1.428344
    49 1.066998 0.000000 -0.000001 -0.001429 0.005624 -0.566382
    50 3.783906 -0.023949 -0.794455 -0.349701 -0.068089 -0.757315
    51 1.629001 0.000002 0.000000 -0.062588 0.029671 -1.321899
    52 0.955999 0.000000 -0.000002 -0.031449 0.062230 -0.638366
    53 1.258940 -0.308543 -1.250054 1.287573 0.528607 -0.660019
    54 1.392999 0.000000 -0.000003 -0.001788 0.370555 0.932381
    55 1.099998 -0.000002 -0.000003 0.000000 -0.013127 -0.286815
    56 0.578998 0.704300 0.000000 0.000000 -1.570790 -3.044320
    57 2.577897 -4.075848 1.825547 1.570743 -1.473520 1.570850
    58 -2.577999 -4.075848 1.825549 1.570743 -1.473520 1.570850
    59 2.330669 -1.877754 0.104131 -1.861302 0.207908 -1.328386
  time 135
    0 -0.003395 0.004619 23.307130 1.204629 -0.003024 0.000179
    1 0.001573 4.212781 -1.689849 1.572301 -0.242420 1.554637
    2 3.837410 0.000000 0.000000 -0.000444 -0.019507 0.185197
    3 3.617862 0.000000 0.000000 -0.002179 -0.017887 0.053840
    4 7.539774 0.000000 0.000000 0.000000 0.000000 0.155813
    5 3.178292 0.000001 0.000000 3.168896 0.043452 -0.005335
    6 2.970271 0.000000 0.000001 0.031075 -0.004381 0.123629
    7 -0.000002 0.000001 0.000000 -1.570796 0.000000 -1.326450
    8 2.023705 0.907460 0.852577 3.235054 -1.207696 1.278317
    9 4.983657 -0.000003 0.000000 -1.944573 -1.039174 -0.116493
    10 11.123049 -0.000003 0.000001 -0.000001 -0.000001 -0.783729
    11 11.208297 -0.000001 0.000013 1.813673 -0.082441 0.626105
    12 2.676087 -1.712447 0.000003 1.570795 0.000000 1.570797
    13 2.023707 0.907463 -0.852527 -1.942254 1.371278 -3.650438
    14 4.983657 -0.000004 0.000000 1.529916 0.289127 -0.491468
    15 11.123040 -0.000006 -0.000006 0.000000 0.000001 -0.693775
    16 11.208287 0.000000 -0.000016 -2.010693 0.372101 -0.277379
    17 2.676081 -1.712434 -0.000003 -1.570797 -0.000001 -1.570797
    18 3.984014 -0.000005 -0.000003 -2.685593 -1.447975 -0.171811
    19 15.940006 0.000002 0.000000 0.000000 0.000000 1.159020
    20 17.709558 0.000004 0.000002 -0.348164 -0.071266 -1.323361
    21 6.203996 0.000000 0.000001 -0.011146 0.000934 -0.500515
    22 -3.984013 0.000007 0.000007 -3.492869 -1.470016 0.167691
    23 15.940015 0.000000 0.000000 0.000000 0.000000 1.253118
    24 17.709572 -0.000006 0.000001 0.203989 0.224743 -1.373253
    25 6.204001 0.000003 -0.000001 -0.078651 -0.006185 -0.498943
    26 3.549240 0.198821 -1.489462 -0.030168 0.009790 -0.610034
    27 1.218999 -0.000001 0.000002 -0.079589 0.060377 -1.235798
    28 0.679998 -0.000001 -0.000001 -0.009651 0.087366 -0.396275
    29 3.698007 0.267555 -0.728972 -0.250908 0.113060 -0.987387
    30 1.749001 -0.000001 0.000003 -0.027007 0.015551 -1.208661
    31 0.959999 -0.000001 0.000001 -0.021357 0.033360 -0.768884
    32 3.768500 0.152546 0.071388 0.023821 0.090700 -0.993032
    33 2.037998 0.000001 0.000002 0.002882 -0.001922 -1.594550
    34 1.067001 0.000001 0.000002 0.000964 -0.007219 -0.630293
    35 3.783924 -0.017260 0.794558 0.334927 0.116143 -0.896739
    36 1.629002 -0.000001 0.000003 0.067751 -0.020111 -1.487950
    37 0.956000 0.000000 0.000001 0.036382 -0.060649 -0.702510
    38 1.258965 -0.297983 1.252590 -1.260743 -0.398179 -1.222838
    39 1.393001 0.000001 0.000000 0.001097 -0.129408 0.597498
    40 1.100002 0.000001 -0.000003 -0.113315 -0.226289 0.621864
    41 3.549266 0.211411 1.487664 0.415130 -0.090724 -0.830764
    42 1.218999 -0.000001 -0.000002 0.076519 -0.060605 -1.221542
    43 0.679999 0.000001 0.000000 0.029119 -0.082748 -0.641951
    44 3.698016 0.273718 0.726617 0.249493 -0.110762 -0.990614
    45 1.748999 0.000000 -0.000002 0.020255 -0.017985 -1.043218
    46 0.959996 0.000000 0.000000 0.015675 -0.036226 -0.705571
    47 3.768499 0.151954 -0.072746 -0.037024 -0.086734 -0.865436
    48 2.037997 0.000002 -0.000003 -0.004272 0.001742 -1.428344
    49 1.066998 0.000000 -0.000001 -0.001429 0.005624 -0.566382
    50 3.783906 -0.023949 -0.794455 -0.349630 -0.067981 -0.757001
    51 1.629001 0.000002 0.000000 -0.062588 0.029671 -1.321899
    52 0.955999 0.000000 -0.000002 -0.031449 0.062230 -0.638366
    53 1.258940 -0.308543 -1.250054 1.287660 0.528715 -0.659657
    54 1.392999 0.000000 -0.000003 -0.001788 0.370555 0.932381
    55 1.099998 -0.000002 -0.000003 0.000000 -0.013127 -0.286815
    56 0.578998 0.704300 0.000000 0.000000 -1.570790 -3.044320
    57 2.577897 -4.075848 1.825547 1.570743 -1.473520 1.570850
    58 -2.577999 -4.075848 1.825549 1.570743 -1.473520 1.570850
    59 2.330669 -1.877754 0.104131 -1.861302 0.207908 -1.328386
  time 136
    0 -0.003395 0.004619 23.307130 1.204629 -0.002843 0.000179
    1 0.001573 4.212781 -1.689849 1.572503 -0.242483 1.554637
    2 3.837410 0.000000 0.000000 -0.000404 -0.019444 0.185263
    3 3.617862 0.000000 0.000000 -0.002128 -0.017827 0.053908
    4 7.539774 0.000000 0.000000 0.000000 0.000000 0.155813
    5 3.178292 0.000001 0.000000 3.167557 0.041886 -0.007897
    6 2.970271 0.000000 0.000001 0.032175 -0.006236 0.121444
    7 -0.000002 0.000001 0.000000 -1.570796 0.000000 -1.326450
    8 2.023705 0.907460 0.852577 3.239748 -1.206589 1.275921
    9 4.983657 -0.000003 0.000000 -1.948968 -1.038159 -0.112997
    10 11.123049 -0.000003 0.000001 -0.000001 -0.000001 -0.785357
    11 11.208297 -0.000001 0.000013 1.813002 -0.082441 0.627101
    12 2.676087 -1.712447 0.000003 1.570795 0.000000 1.570797
    13 2.023707 0.907463 -0.852527 -1.948187 1.371942 -3.655998
    14 4.983657 -0.000004 0.000000 1.531640 0.287790 -0.492602
    15 11.123040 -0.000006 -0.000006 0.000000 0.000001 -0.694217
    16 11.208287 0.000000 -0.000016 -2.011411 0.371867 -0.277963
    17 2.676081 -1.712434 -0.000003 -1.570797 -0.000001 -1.570797
    18 3.984014 -0.000005 -0.000003 -2.684059 -1.448571 -0.172577
    19 15.940006 0.000002 0.000000 0.000000 0.000000 1.159020
    20 17.709558 0.000004 0.000002 -0.348695 -0.071871 -1.323274
    21 6.203996 0.000000 0.000001 -0.011146 0.000934 -0.500515
    22 -3.984013 0.000007 0.000007 -3.495745 -1.470460 0.171333
    23 15.940015 0.000000 0.000000 0.000000 0.000000 1.253425
    24 17.709572 -0.000006 0.000001 0.203456 0.224018 -1.373646
    25 6.204001 0.000003 -0.000001 -0.078651 -0.006185 -0.498943
    26 3.549240 0.198821 -1.489462 -0.030128 0.009685 -0.609596
    27 1.218999 -0.000001 0.000002 -0.079466 0.060365 -1.235381
    28 0.679998 -0.000001 -0.000001 -0.009543 0.087366 -0.395858
    29 3.698007 0.267555 -0.728972 -0.250838 0.112988 -0.986957
    30 1.749001 -0.000001 0.000003 -0.026814 0.015516 -1.208267
    31 0.959999 -0.000001 0.000001 -0.021181 0.033444 -0.768508
    32 3.768500 0.152546 0.071388 0.023887 0.090605 -0.992588
    33 2.037998 0.000001 0.000002 0.002964 -0.001886 -1.594142
    34 1.067001 0.000001 0.000002 0.000982 -0.007147 -0.629876
    35 3.783924 -0.017260 0.794558 0.335007 0.116050 -0.896307
    36 1.629002 -0.000001 0.000003 0.067691 -0.020090 -1.487539
    37 0.956000 0.000000 0.000001 0.036317 -0.060649 -0.702105
    38 1.258965 -0.297983 1.252590 -1.260657 -0.398246 -1.222471
    39 1.393001 0.000001 0.000000 0.001097 -0.129840 0.597527
    40 1.100002 0.000001 -0.000003 -0.113567 -0.226629 0.621952
    41 3.549266 0.211411 1.487664 0.415209 -0.090600 -0.830423
    42 1.218999 -0.000001 -0.000002 0.076519 -0.060605 -1.221542
    43 0.679999 0.000001 0.000000 0.029119 -0.082748 -0.641951
    44 3.698016 0.273718 0.726617 0.249541 -0.110624 -0.990255
    45 1.748999 0.000000 -0.000002 0.020255 -0.017985 -1.043218
    46 0.959996 0.000000 0.000000 0.015675 -0.036226 -0.705571
    47 3.768499 0.151954 -0.072746 -0.036952 -0.086614 -0.865115
    48 2.037997 0.000002 -0.000003 -0.004272 0.001742 -1.428344
    49 1.066998 0.000000 -0.000001 -0.001429 0.005624 -0.566382
    50 3.783906 -0.023949 -0.794455 -0.349558 -0.067857 -0.756635
    51 1.629001 0.000002 0.000000 -0.062588 0.029671 -1.321899
    52 0.955999 0.000000 -0.000002 -0.031449 0.062242 -0.638366
    53 1.258940 -0.308543 -1.250054 1.287747 0.528802 -0.659258
    54 1.392999 0.000000 -0.000003 -0.001788 0.370555 0.932381
    55 1.099998 -0.000002 -0.000003 0.000000 -0.013127 -0.286815
    56 0.578998 0.704300 0.000000 0.000000 -1.570790 -3.044320
    57 2.577897 -4.075848 1.825547 1.570743 -1.473520 1.570850
    58 -2.577999 -4.075848 1.825549 1.570743 -1.473520 1.570850
    59 2.330669 -1.877754 0.104131 -1.861302 0.207908 -1.328386
  time 137
    0 -0.003395 0.004619 23.307130 1.204723 -0.002662 0.000275
    1 0.001573 4.212781 -1.689849 1.572683 -0.242546 1.554598
    2 3.837410 0.000000 0.000000 -0.000363 -0.019381 0.185345
    3 3.617862 0.000000 0.000000 -0.002077 -0.017766 0.053994
    4 7.539774 0.000000 0.000000 0.000000 0.000000 0.155813
    5 3.178292 0.000001 0.000000 3.166246 0.040301 -0.010546
    6 2.970271 0.000000 0.000001 0.033189 -0.008130 0.119168
    7 -0.000002 0.000001 0.000000 -1.570796 0.000000 -1.326450
    8 2.023705 0.907460 0.852577 3.244538 -1.205561 1.273429
    9 4.983657 -0.000003 0.000000 -1.953362 -1.037195 -0.109406
    10 11.123049 -0.000003 0.000001 -0.000001 -0.000001 -0.786873
    11 11.208297 -0.000001 0.000013 1.812331 -0.082485 0.628026
    12 2.676087 -1.712447 0.000003 1.570795 0.000000 1.570797
    13 2.023707 0.907463 -0.852527 -1.954407 1.372558 -3.661750
    14 4.983657 -0.000004 0.000000 1.533556 0.286501 -0.493736
    15 11.123040 -0.000006 -0.000006 0.000000 0.000001 -0.694659
    16 11.208287 0.000000 -0.000016 -2.012129 0.371586 -0.278546
    17 2.676081 -1.712434 -0.000003 -1.570797 -0.000001 -1.570797
    18 3.984014 -0.000005 -0.000003 -2.682047 -1.449092 -0.173823
    19 15.940006 0.000002 0.000000 0.000000 0.000000 1.159020
    20 17.709558 0.000004 0.000002 -0.349302 -0.072298 -1.323274
    21 6.203996 0.000000 0.000001 -0.011146 0.000934 -0.500515
    22 -3.984013 0.000007 0.000007 -3.499291 -1.470954 0.175645
    23 15.940015 0.000000 0.000000 0.000000 0.000000 1.253885
    24 17.709572 -0.000006 0.000001 0.202981 0.223190 -1.373990
    25 6.204001 0.000003 -0.000001 -0.078651 -0.006185 -0.498943
    26 3.549240 0.198821 -1.489462 -0.030087 0.009579 -0.609158
    27 1.218999 -0.000001 0.000002 -0.079328 0.060365 -1.234911
    28 0.679998 -0.000001 -0.000001 -0.009436 0.087366 -0.395357
    29 3.698007 0.267555 -0.728972 -0.250750 0.112902 -0.986479
    30 1.749001 -0.000001 0.000003 -0.026620 0.015468 -1.207823
    31 0.959999 -0.000001 0.000001 -0.021006 0.033540 -0.768049
    32 3.768500 0.152546 0.071388 0.023969 0.090533 -0.992144
    33 2.037998 0.000001 0.000002 0.003025 -0.001851 -1.593632
    34 1.067001 0.000001 0.000002 0.001037 -0.007063 -0.629418
    35 3.783924 -0.017260 0.794558 0.335067 0.115958 -0.895828
    36 1.629002 -0.000001 0.000003 0.067632 -0.020069 -1.487036
    37 0.956000 0.000000 0.000001 0.036230 -0.060637 -0.701607
    38 1.258965 -0.297983 1.252590 -1.260529 -0.398313 -1.222067
    39 1.393001 0.000001 0.000000 0.001097 -0.130327 0.597584
    40 1.100002 0.000001 -0.000003 -0.113842 -0.227034 0.622086
    41 3.549266 0.211411 1.487664 0.415256 -0.090477 -0.830083
    42 1.218999 -0.000001 -0.000002 0.076519 -0.060605 -1.221542
    43 0.679999 0.000001 0.000000 0.029119 -0.082748 -0.641951
    44 3.698016 0.273718 0.726617 0.249589 -0.110499 -0.989948
    45 1.748999 0.000000 -0.000002 0.020255 -0.017985 -1.043218
    46 0.959996 0.000000 0.000000 0.015675 -0.036226 -0.705571
    47 3.768499 0.151954 -0.072746 -0.036892 -0.086494 -0.864794
    48 2.037997 0.000002 -0.000003 -0.004272 0.001742 -1.428344
    49 1.066998 0.000000 -0.000001 -0.001429 0.005624 -0.566382
    50 3.783906 -0.023949 -0.794455 -0.349472 -0.067733 -0.756321
    51 1.629001 0.000002 0.000000 -0.062588 0.029671 -1.321899
    52 0.955999 0.000000 -0.000002 -0.031449 0.062230 -0.638366
    53 1.258940 -0.308543 -1.250054 1.287877 0.528911 -0.658896
    54 1.392999 0.000000 -0.000003 -0.001788 0.370555 0.932381
    55 1.099998 -0.000002 -0.000003 0.000000 -0.013127 -0.286815
    56 0.578998 0.704300 0.000000 0.000000 -1.570790 -3.044320
    57 2.577897 -4.075848 1.825547 1.570743 -1.473520 1.570850
    58 -2.577999 -4.075848 1.825549 1.570743 -1.473520 1.570850
    59 2.330669 -1.877754 0.104131 -1.861302 0.207908 -1.328386
  time 138
    0 -0.003395 0.004619 23.307130 1.204817 -0.002435 0.000371
    1 0.001573 4.212781 -1.689849 1.572840 -0.242567 1.554560
    2 3.837410 0.000000 0.000000 -0.000309 -0.019318 0.185444
    3 3.617862 0.000000 0.000000 -0.002013 -0.017706 0.054096
    4 7.539774 0.000000 0.000000 0.000000 0.000000 0.155813
    5 3.178292 0.000001 0.000000 3.164193 0.038775 -0.013225
    6 2.970271 0.000000 0.000001 0.034923 -0.010064 0.116846
    7 -0.000002 0.000001 0.000000 -1.570796 0.000000 -1.326450
    8 2.023705 0.907460 0.852577 3.249328 -1.204573 1.270842
    9 4.983657 -0.000003 0.000000 -1.957757 -1.036231 -0.105721
    10 11.123049 -0.000003 0.000001 -0.000001 -0.000001 -0.788333
    11 11.208297 -0.000001 0.000013 1.811468 -0.082485 0.628951
    12 2.676087 -1.712447 0.000003 1.570795 0.000000 1.570797
    13 2.023707 0.907463 -0.852527 -1.960819 1.373222 -3.667693
    14 4.983657 -0.000004 0.000000 1.535472 0.285308 -0.494965
    15 11.123040 -0.000006 -0.000006 0.000000 0.000001 -0.694912
    16 11.208287 0.000000 -0.000016 -2.012937 0.371259 -0.279203
    17 2.676081 -1.712434 -0.000003 -1.570797 -0.000001 -1.570797
    18 3.984014 -0.000005 -0.000003 -2.679651 -1.449502 -0.175643
    19 15.940006 0.000002 0.000000 0.000000 0.000000 1.158799
    20 17.709558 0.000004 0.000002 -0.349985 -0.072548 -1.323447
    21 6.203996 0.000000 0.000001 -0.011146 0.000934 -0.500515
    22 -3.984013 0.000007 0.000007 -3.503508 -1.471398 0.180628
    23 15.940015 0.000000 0.000000 0.000000 0.000000 1.254345
    24 17.709572 -0.000006 0.000001 0.202507 0.222190 -1.374334
    25 6.204001 0.000003 -0.000001 -0.078651 -0.006185 -0.498943
    26 3.549240 0.198821 -1.489462 -0.030027 0.009473 -0.608622
    27 1.218999 -0.000001 0.000002 -0.079175 0.060353 -1.234389
    28 0.679998 -0.000001 -0.000001 -0.009311 0.087366 -0.394856
    29 3.698007 0.267555 -0.728972 -0.250662 0.112801 -0.985952
    30 1.749001 -0.000001 0.000003 -0.026406 0.015432 -1.207331
    31 0.959999 -0.000001 0.000001 -0.020810 0.033648 -0.767549
    32 3.768500 0.152546 0.071388 0.024067 0.090437 -0.991601
    33 2.037998 0.000001 0.000002 0.003127 -0.001791 -1.593122
    34 1.067001 0.000001 0.000002 0.001073 -0.006980 -0.628876
    35 3.783924 -0.017260 0.794558 0.335147 0.115865 -0.895301
    36 1.629002 -0.000001 0.000003 0.067552 -0.020048 -1.486533
    37 0.956000 0.000000 0.000001 0.036144 -0.060613 -0.701079
    38 1.258965 -0.297983 1.252590 -1.260444 -0.398402 -1.221589
    39 1.393001 0.000001 0.000000 0.001115 -0.130849 0.597642
    40 1.100002 0.000001 -0.000003 -0.114142 -0.227459 0.622219
    41 3.549266 0.211411 1.487664 0.415334 -0.090353 -0.829743
    42 1.218999 -0.000001 -0.000002 0.076519 -0.060605 -1.221542
    43 0.679999 0.000001 0.000000 0.029119 -0.082748 -0.641951
    44 3.698016 0.273718 0.726617 0.249637 -0.110361 -0.989590
    45 1.748999 0.000000 -0.000002 0.020255 -0.017985 -1.043218
    46 0.959996 0.000000 0.000000 0.015675 -0.036226 -0.705571
    47 3.768499 0.151954 -0.072746 -0.036832 -0.086362 -0.864420
    48 2.037997 0.000002 -0.000003 -0.004272 0.001742 -1.428344
    49 1.066998 0.000000 -0.000001 -0.001429 0.005624 -0.566382
    50 3.783906 -0.023949 -0.794455 -0.349401 -0.067610 -0.755955
    51 1.629001 0.000002 0.000000 -0.062588 0.029671 -1.321899
    52 0.955999 0.000000 -0.000002 -0.031449 0.062230 -0.638366
    53 1.258940 -0.308543 -1.250054 1.287964 0.529019 -0.658497
    54 1.392999 0.000000 -0.000003 -0.001788 0.370555 0.932381
    55 1.099998 -0.000002 -0.000003 0.000000 -0.013127 -0.286815
    56 0.578998 0.704300 0.000000 0.000000 -1.570790 -3.044320
    57 2.577897 -4.075848 1.825547 1.570743 -1.473520 1.570850
    58 -2.577999 -4.075848 1.825549 1.570743 -1.473520 1.570850
    59 2.330669 -1.877754 0.104131 -1.861302 0.207908 -1.328386
  time 139
    0 -0.003395 0.004619 23.307130 1.204911 -0.002254 0.000371
    1 0.001573 4.212781 -1.689849 1.573200 -0.242525 1.554251
    2 3.837410 0.000000 0.000000 -0.000242 -0.019223 0.185559
    3 3.617862 0.000000 0.000000 -0.001949 -0.017630 0.054216
    4 7.539774 0.000000 0.000000 0.000000 0.000000 0.155813
    5 3.178292 0.000001 0.000000 3.162968 0.036206 -0.016049
    6 2.970271 0.000000 0.000001 0.035599 -0.013202 0.114342
    7 -0.000002 0.000001 0.000000 -1.570796 0.000000 -1.326450
    8 2.023705 0.907460 0.852577 3.254309 -1.203664 1.268254
    9 4.983657 -0.000003 0.000000 -1.962151 -1.035978 -0.101753
    10 11.123049 -0.000003 0.000001 -0.000001 -0.000001 -0.789175
    11 11.208297 -0.000001 0.000013 1.810605 -0.082573 0.629734
    12 2.676087 -1.712447 0.000003 1.570795 0.000000 1.570797
    13 2.023707 0.907463 -0.852527 -1.967326 1.373791 -3.673828
    14 4.983657 -0.000004 0.000000 1.537579 0.284305 -0.496383
    15 11.123040 -0.000006 -0.000006 0.000000 0.000001 -0.694343
    16 11.208287 0.000000 -0.000016 -2.013745 0.370837 -0.280517
    17 2.676081 -1.712434 -0.000003 -1.570797 -0.000001 -1.570797
    18 3.984014 -0.000005 -0.000003 -2.676679 -1.449874 -0.178135
    19 15.940006 0.000002 0.000000 0.000000 0.000000 1.158578
    20 17.709558 0.000004 0.000002 -0.350667 -0.072583 -1.323793
    21 6.203996 0.000000 0.000001 -0.011146 0.000934 -0.500515
    22 -3.984013 0.000007 0.000007 -3.508492 -1.471892 0.186474
    23 15.940015 0.000000 0.000000 0.000000 0.000000 1.254958
    24 17.709572 -0.000006 0.000001 0.202091 0.221086 -1.374678
    25 6.204001 0.000003 -0.000001 -0.078651 -0.006185 -0.498943
    26 3.549240 0.198821 -1.489462 -0.029986 0.009341 -0.608087
    27 1.218999 -0.000001 0.000002 -0.079022 0.060353 -1.233866
    28 0.679998 -0.000001 -0.000001 -0.009168 0.087381 -0.394271
    29 3.698007 0.267555 -0.728972 -0.250557 0.112686 -0.985378
    30 1.749001 -0.000001 0.000003 -0.026174 0.015372 -1.206838
    31 0.959999 -0.000001 0.000001 -0.020596 0.033756 -0.767049
    32 3.768500 0.152546 0.071388 0.024149 0.090329 -0.991058
    33 2.037998 0.000001 0.000002 0.003209 -0.001743 -1.592561
    34 1.067001 0.000001 0.000002 0.001127 -0.006872 -0.628334
    35 3.783924 -0.017260 0.794558 0.335247 0.115742 -0.894726
    36 1.629002 -0.000001 0.000003 0.067493 -0.020006 -1.485985
    37 0.956000 0.000000 0.000001 0.036057 -0.060601 -0.700519
    38 1.258965 -0.297983 1.252590 -1.260273 -0.398470 -1.221075
    39 1.393001 0.000001 0.000000 0.001115 -0.131408 0.597728
    40 1.100002 0.000001 -0.000003 -0.114465 -0.227928 0.622352
    41 3.549266 0.211411 1.487664 0.415413 -0.090229 -0.829402
    42 1.218999 -0.000001 -0.000002 0.076519 -0.060605 -1.221542
    43 0.679999 0.000001 0.000000 0.029119 -0.082748 -0.641951
    44 3.698016 0.273718 0.726617 0.249697 -0.110237 -0.989231
    45 1.748999 0.000000 -0.000002 0.020255 -0.017985 -1.043218
    46 0.959996 0.000000 0.000000 0.015675 -0.036226 -0.705571
    47 3.768499 0.151954 -0.072746 -0.036772 -0.086230 -0.864099
    48 2.037997 0.000002 -0.000003 -0.004272 0.001742 -1.428344
    49 1.066998 0.000000 -0.000001 -0.001429 0.005624 -0.566382
    50 3.783906 -0.023949 -0.794455 -0.349315 -0.067486 -0.755641
    51 1.629001 0.000002 0.000000 -0.062588 0.029671 -1.321899
    52 0.955999 0.000000 -0.000002 -0.031449 0.062242 -0.638366
    53 1.258940 -0.308543 -1.250054 1.288051 0.529149 -0.658062
    54 1.392999 0.000000 -0.000003 -0.001788 0.370555 0.932381
    55 1.099998 -0.000002 -0.000003 0.000000 -0.013127 -0.286815
    56 0.578998 0.704300 0.000000 0.000000 -1.570790 -3.044320
    57 2.577897 -4.075848 1.825547 1.570743 -1.473520 1.570850
    58 -2.577999 -4.075848 1.825549 1.570743 -1.473520 1.570850
    59 2.330669 -1.877754 0.104131 -1.861302 0.207908 -1.328386
  time 140
    0 -0.003395 0.004619 23.307130 1.205005 -0.002028 0.000467
    1 0.001573 4.212781 -1.689849 1.573649 -0.242378 1.553981
    2 3.837410 0.000000 0.000000 -0.000188 -0.019128 0.185674
    3 3.617862 0.000000 0.000000 -0.001885 -0.017539 0.054335
    4 7.539774 0.000000 0.000000 0.000000 0.000000 0.155813
    5 3.178292 0.000001 0.000000 3.161942 0.033356 -0.018932
    6 2.970271 0.000000 0.000001 0.035895 -0.016596 0.111746
    7 -0.000002 0.000001 0.000000 -1.570796 0.000000 -1.326450
    8 2.023705 0.907460 0.852577 3.259195 -1.202755 1.265666
    9 4.983657 -0.000003 0.000000 -1.966450 -1.036028 -0.097784
    10 11.123049 -0.000003 0.000001 -0.000001 -0.000001 -0.789568
    11 11.208297 -0.000001 0.000013 1.809742 -0.082617 0.630303
    12 2.676087 -1.712447 0.000003 1.570795 0.000000 1.570797
    13 2.023707 0.907463 -0.852527 -1.974120 1.374407 -3.680059
    14 4.983657 -0.000004 0.000000 1.539783 0.283207 -0.497800
    15 11.123040 -0.000006 -0.000006 0.000000 0.000001 -0.693712
    16 11.208287 0.000000 -0.000016 -2.014643 0.370370 -0.281757
    17 2.676081 -1.712434 -0.000003 -1.570797 -0.000001 -1.570797
    18 3.984014 -0.000005 -0.000003 -2.673516 -1.450209 -0.181010
    19 15.940006 0.000002 0.000000 0.000000 0.000000 1.158210
    20 17.709558 0.000004 0.000002 -0.351426 -0.072441 -1.324226
    21 6.203996 0.000000 0.000001 -0.011146 0.000934 -0.500515
    22 -3.984013 0.000007 0.000007 -3.513764 -1.472336 0.192607
    23 15.940015 0.000000 0.000000 0.000000 0.000000 1.255571
    24 17.709572 -0.000006 0.000001 0.201676 0.219913 -1.375022
    25 6.204001 0.000003 -0.000001 -0.078651 -0.006185 -0.498943
    26 3.549240 0.198821 -1.489462 -0.029926 0.009183 -0.607503
    27 1.218999 -0.000001 0.000002 -0.078869 0.060341 -1.233292
    28 0.679998 -0.000001 -0.000001 -0.009026 0.087381 -0.393687
    29 3.698007 0.267555 -0.728972 -0.250452 0.112586 -0.984804
    30 1.749001 -0.000001 0.000003 -0.025922 0.015312 -1.206297
    31 0.959999 -0.000001 0.000001 -0.020381 0.033864 -0.766506
    32 3.768500 0.152546 0.071388 0.024264 0.090221 -0.990466
    33 2.037998 0.000001 0.000002 0.003290 -0.001695 -1.592000
    34 1.067001 0.000001 0.000002 0.001163 -0.006776 -0.627750
    35 3.783924 -0.017260 0.794558 0.335327 0.115618 -0.894150
    36 1.629002 -0.000001 0.000003 0.067414 -0.019964 -1.485391
    37 0.956000 0.000000 0.000001 0.035949 -0.060601 -0.699928
    38 1.258965 -0.297983 1.252590 -1.260188 -0.398559 -1.220561
    39 1.393001 0.000001 0.000000 0.001115 -0.132003 0.597785
    40 1.100002 0.000001 -0.000003 -0.114813 -0.228417 0.622485
    41 3.549266 0.211411 1.487664 0.415476 -0.090105 -0.829062
    42 1.218999 -0.000001 -0.000002 0.076519 -0.060605 -1.221542
    43 0.679999 0.000001 0.000000 0.029119 -0.082748 -0.641951
    44 3.698016 0.273718 0.726617 0.249733 -0.110099 -0.988924
    45 1.748999 0.000000 -0.000002 0.020255 -0.017985 -1.043218
    46 0.959996 0.000000 0.000000 0.015675 -0.036226 -0.705571
    47 3.768499 0.151954 -0.072746 -0.036700 -0.086110 -0.863724
    48 2.037997 0.000002 -0.000003 -0.004272 0.001742 -1.428344
    49 1.066998 0.000000 -0.000001 -0.001429 0.005624 -0.566382
    50 3.783906 -0.023949 -0.794455 -0.349244 -0.067362 -0.755275
    51 1.629001 0.000002 0.000000 -0.062588 0.029671 -1.321899
    52 0.955999 0.000000 -0.000002 -0.031449 0.062230 -0.638366
    53 1.258940 -0.308543 -1.250054 1.288181 0.529258 -0.657664
    54 1.392999 0.000000 -0.000003 -0.001788 0.370555 0.932381
    55 1.099998 -0.000002 -0.000003 0.000000 -0.013127 -0.286815
    56 0.578998 0.704300 0.000000 0.000000 -1.570790 -3.044320
    57 2.577897 -4.075848 1.825547 1.570743 -1.473520 1.570850
    58 -2.577999 -4.075848 1.825549 1.570743 -1.473520 1.570850
    59 2.330669 -1.877754 0.104131 -1.861302 0.207908 -1.328386
  time 141
    0 -0.003395 0.004619 23.307130 1.205099 -0.001802 0.000562
    1 0.001573 4.212781 -1.689849 1.574121 -0.242127 1.553672
    2 3.837410 0.000000 0.000000 -0.000133 -0.019034 0.185805
    3 3.617862 0.000000 0.000000 -0.001820 -0.017449 0.054455
    4 7.539774 0.000000 0.000000 0.000000 0.000000 0.155813
    5 3.178292 0.000001 0.000000 3.160801 0.030446 -0.021931
    6 2.970271 0.000000 0.000001 0.036234 -0.020069 0.108969
    7 -0.000002 0.000001 0.000000 -1.570796 0.000000 -1.326450
    8 2.023705 0.907460 0.852577 3.264176 -1.201964 1.263079
    9 4.983657 -0.000003 0.000000 -1.970654 -1.036434 -0.094005
    10 11.123049 -0.000003 0.000001 -0.000001 -0.000001 -0.789343
    11 11.208297 -0.000001 0.000013 1.808783 -0.082704 0.630588
    12 2.676087 -1.712447 0.000003 1.570795 0.000000 1.570797
    13 2.023707 0.907463 -0.852527 -1.981106 1.374976 -3.686481
    14 4.983657 -0.000004 0.000000 1.542082 0.282300 -0.499218
    15 11.123040 -0.000006 -0.000006 0.000000 0.000001 -0.692701
    16 11.208287 0.000000 -0.000016 -2.015540 0.369808 -0.283217
    17 2.676081 -1.712434 -0.000003 -1.570797 -0.000001 -1.570797
    18 3.984014 -0.000005 -0.000003 -2.669970 -1.450433 -0.184172
    19 15.940006 0.000002 0.000000 0.000000 0.000000 1.157768
    20 17.709558 0.000004 0.000002 -0.352184 -0.072120 -1.324832
    21 6.203996 0.000000 0.000001 -0.011146 0.000934 -0.500515
    22 -3.984013 0.000007 0.000007 -3.519706 -1.472830 0.199411
    23 15.940015 0.000000 0.000000 0.000000 0.000000 1.256261
    24 17.709572 -0.000006 0.000001 0.201320 0.218671 -1.375317
    25 6.204001 0.000003 -0.000001 -0.078651 -0.006185 -0.498943
    26 3.549240 0.198821 -1.489462 -0.029865 0.009051 -0.606870
    27 1.218999 -0.000001 0.000002 -0.078685 0.060341 -1.232666
    28 0.679998 -0.000001 -0.000001 -0.008883 0.087381 -0.393061
    29 3.698007 0.267555 -0.728972 -0.250364 0.112471 -0.984182
    30 1.749001 -0.000001 0.000003 -0.025670 0.015252 -1.205755
    31 0.959999 -0.000001 0.000001 -0.020147 0.033984 -0.765923
    32 3.768500 0.152546 0.071388 0.024362 0.090101 -0.989874
    33 2.037998 0.000001 0.000002 0.003393 -0.001647 -1.591388
    34 1.067001 0.000001 0.000002 0.001218 -0.006680 -0.627124
    35 3.783924 -0.017260 0.794558 0.335427 0.115510 -0.893527
    36 1.629002 -0.000001 0.000003 0.067334 -0.019943 -1.484751
    37 0.956000 0.000000 0.000001 0.035863 -0.060589 -0.699306
    38 1.258965 -0.297983 1.252590 -1.260017 -0.398648 -1.220010
    39 1.393001 0.000001 0.000000 0.001133 -0.132615 0.597842
    40 1.100002 0.000001 -0.000003 -0.115161 -0.228928 0.622663
    41 3.549266 0.211411 1.487664 0.415539 -0.089981 -0.828722
    42 1.218999 -0.000001 -0.000002 0.076519 -0.060605 -1.221542
    43 0.679999 0.000001 0.000000 0.029119 -0.082748 -0.641951
    44 3.698016 0.273718 0.726617 0.249780 -0.109961 -0.988566
    45 1.748999 0.000000 -0.000002 0.020255 -0.017985 -1.043218
    46 0.959996 0.000000 0.000000 0.015675 -0.036226 -0.705571
    47 3.768499 0.151954 -0.072746 -0.036640 -0.085991 -0.863403
    48 2.037997 0.000002 -0.000003 -0.004272 0.001742 -1.428344
    49 1.066998 0.000000 -0.000001 -0.001429 0.005624 -0.566382
    50 3.783906 -0.023949 -0.794455 -0.349158 -0.067238 -0.754961
    51 1.629001 0.000002 0.000000 -0.062588 0.029671 -1.321899
    52 0.955999 0.000000 -0.000002 -0.031449 0.062230 -0.638366
    53 1.258940 -0.308543 -1.250054 1.288268 0.529366 -0.657265
    54 1.392999 0.000000 -0.000003 -0.001788 0.370555 0.932381
    55 1.099998 -0.000002 -0.000003 0.000000 -0.013127 -0.286815
    56 0.578998 0.704300 0.000000 0.000000 -1.570790 -3.044320
    57 2.577897 -4.075848 1.825547 1.570743 -1.473520 1.570850
    58 -2.577999 -4.075848 1.825549 1.570743 -1.473520 1.570850
    59 2.330669 -1.877754 0.104131 -1.861302 0.207908 -1.328386
  time 142
    0 -0.003395 0.004619 23.307130 1.205193 -0.001575 0.000658
    1 0.001573 4.212781 -1.689849 1.574593 -0.241582 1.553364
    2 3.837410 0.000000 0.000000 -0.000066 -0.018923 0.185953
    3 3.617862 0.000000 0.000000 -0.001756 -0.017343 0.054592
    4 7.539774 0.000000 0.000000 0.000000 0.000000 0.155813
    5 3.178292 0.000001 0.000000 3.159291 0.027677 -0.024842
    6 2.970271 0.000000 0.000001 0.036995 -0.023444 0.105919
    7 -0.000002 0.000001 0.000000 -1.570796 0.000000 -1.326450
    8 2.023705 0.907460 0.852577 3.268966 -1.201213 1.260491
    9 4.983657 -0.000003 0.000000 -1.974475 -1.037297 -0.090415
    10 11.123049 -0.000003 0.000001 -0.000001 -0.000001 -0.788108
    11 11.208297 -0.000001 0.000013 1.807825 -0.082836 0.630303
    12 2.676087 -1.712447 0.000003 1.570795 0.000000 1.570797
    13 2.023707 0.907463 -0.852527 -1.988091 1.375498 -3.693000
    14 4.983657 -0.000004 0.000000 1.544189 0.281727 -0.500730
    15 11.123040 -0.000006 -0.000006 0.000000 0.000001 -0.690995
    16 11.208287 0.000000 -0.000016 -2.016438 0.369247 -0.284822
    17 2.676081 -1.712434 -0.000003 -1.570797 -0.000001 -1.570797
    18 3.984014 -0.000005 -0.000003 -2.666136 -1.450656 -0.187909
    19 15.940006 0.000002 0.000000 0.000000 0.000000 1.157252
    20 17.709558 0.000004 0.000002 -0.353019 -0.071729 -1.325524
    21 6.203996 0.000000 0.000001 -0.011146 0.000934 -0.500515
    22 -3.984013 0.000007 0.000007 -3.525936 -1.473274 0.206598
    23 15.940015 0.000000 0.000000 0.000000 0.000000 1.257027
    24 17.709572 -0.000006 0.000001 0.200964 0.217326 -1.375612
    25 6.204001 0.000003 -0.000001 -0.078651 -0.006185 -0.498943
    26 3.549240 0.198821 -1.489462 -0.029805 0.008892 -0.606286
    27 1.218999 -0.000001 0.000002 -0.078517 0.060341 -1.232039
    28 0.679998 -0.000001 -0.000001 -0.008740 0.087381 -0.392434
    29 3.698007 0.267555 -0.728972 -0.250259 0.112356 -0.983560
    30 1.749001 -0.000001 0.000003 -0.025398 0.015192 -1.205164
    31 0.959999 -0.000001 0.000001 -0.019912 0.034116 -0.765339
    32 3.768500 0.152546 0.071388 0.024477 0.089981 -0.989233
    33 2.037998 0.000001 0.000002 0.003495 -0.001587 -1.590776
    34 1.067001 0.000001 0.000002 0.001254 -0.006560 -0.626499
    35 3.783924 -0.017260 0.794558 0.335527 0.115371 -0.892904
    36 1.629002 -0.000001 0.000003 0.067255 -0.019901 -1.484111
    37 0.956000 0.000000 0.000001 0.035755 -0.060577 -0.698683
    38 1.258965 -0.297983 1.252590 -1.259889 -0.398738 -1.219459
    39 1.393001 0.000001 0.000000 0.001133 -0.133246 0.597928
    40 1.100002 0.000001 -0.000003 -0.115532 -0.229439 0.622796
    41 3.549266 0.211411 1.487664 0.415601 -0.089857 -0.828381
    42 1.218999 -0.000001 -0.000002 0.076519 -0.060605 -1.221542
    43 0.679999 0.000001 0.000000 0.029119 -0.082748 -0.641951
    44 3.698016 0.273718 0.726617 0.249828 -0.109836 -0.988259
    45 1.748999 0.000000 -0.000002 0.020255 -0.017985 -1.043218
    46 0.959996 0.000000 0.000000 0.015675 -0.036226 -0.705571
    47 3.768499 0.151954 -0.072746 -0.036580 -0.085871 -0.863082
    48 2.037997 0.000002 -0.000003 -0.004272 0.001742 -1.428344
    49 1.066998 0.000000 -0.000001 -0.001429 0.005624 -0.566382
    50 3.783906 -0.023949 -0.794455 -0.349086 -0.067115 -0.754647
    51 1.629001 0.000002 0.000000 -0.062588 0.029671 -1.321899
    52 0.955999 0.000000 -0.000002 -0.031449 0.062242 -0.638366
    53 1.258940 -0.308543 -1.250054 1.288355 0.529475 -0.656903
    54 1.392999 0.000000 -0.000003 -0.001788 0.370555 0.932381
    55 1.099998 -0.000002 -0.000003 0.000000 -0.013127 -0.286815
    56 0.578998 0.704300 0.000000 0.000000 -1.570790 -3.044320
    57 2.577897 -4.075848 1.825547 1.570743 -1.473520 1.570850
    58 -2.577999 -4.075848 1.825549 1.570743 -1.473520 1.570850
    59 2.330669 -1.877754 0.104131 -1.861302 0.207908 -1.328386
  time 143
    0 -0.003395 0.004619 23.307130 1.205287 -0.001349 0.000658
    1 0.001573 4.212781 -1.689849 1.575020 -0.240849 1.553094
    2 3.837410 0.000000 0.000000 -0.000012 -0.018813 0.186101
    3 3.617862 0.000000 0.000000 -0.001692 -0.017237 0.054746
    4 7.539774 0.000000 0.000000 0.000000 0.000000 0.155813
    5 3.178292 0.000001 0.000000 3.157381 0.025248 -0.027579
    6 2.970271 0.000000 0.000001 0.038136 -0.026463 0.102823
    7 -0.000002 0.000001 0.000000 -1.570796 0.000000 -1.326450
    8 2.023705 0.907460 0.852577 3.273756 -1.200580 1.257904
    9 4.983657 -0.000003 0.000000 -1.978010 -1.038463 -0.087013
    10 11.123049 -0.000003 0.000001 -0.000001 -0.000001 -0.786199
    11 11.208297 -0.000001 0.000013 1.806866 -0.082968 0.629592
    12 2.676087 -1.712447 0.000003 1.570795 0.000000 1.570797
    13 2.023707 0.907463 -0.852527 -1.995269 1.376067 -3.699518
    14 4.983657 -0.000004 0.000000 1.546201 0.281441 -0.502337
    15 11.123040 -0.000006 -0.000006 0.000000 0.000001 -0.688847
    16 11.208287 0.000000 -0.000016 -2.017425 0.368638 -0.286574
    17 2.676081 -1.712434 -0.000003 -1.570797 -0.000001 -1.570797
    18 3.984014 -0.000005 -0.000003 -2.661823 -1.450842 -0.191933
    19 15.940006 0.000002 0.000000 0.000000 0.000000 1.156736
    20 17.709558 0.000004 0.000002 -0.353929 -0.071266 -1.326303
    21 6.203996 0.000000 0.000001 -0.011146 0.000934 -0.500515
    22 -3.984013 0.000007 0.000007 -3.532550 -1.473768 0.214073
    23 15.940015 0.000000 0.000000 0.000000 0.000000 1.257717
    24 17.709572 -0.000006 0.000001 0.200668 0.215981 -1.375906
    25 6.204001 0.000003 -0.000001 -0.078651 -0.006185 -0.498943
    26 3.549240 0.198821 -1.489462 -0.029744 0.008734 -0.605653
    27 1.218999 -0.000001 0.000002 -0.078333 0.060329 -1.231413
    28 0.679998 -0.000001 -0.000001 -0.008597 0.087381 -0.391808
    29 3.698007 0.267555 -0.728972 -0.250136 0.112241 -0.982939
    30 1.749001 -0.000001 0.000003 -0.025127 0.015132 -1.204573
    31 0.959999 -0.000001 0.000001 -0.019678 0.034235 -0.764755
    32 3.768500 0.152546 0.071388 0.024592 0.089874 -0.988591
    33 2.037998 0.000001 0.000002 0.003597 -0.001539 -1.590113
    34 1.067001 0.000001 0.000002 0.001308 -0.006464 -0.625873
    35 3.783924 -0.017260 0.794558 0.335627 0.115248 -0.892281
    36 1.629002 -0.000001 0.000003 0.067156 -0.019880 -1.483517
    37 0.956000 0.000000 0.000001 0.035668 -0.060553 -0.698030
    38 1.258965 -0.297983 1.252590 -1.259718 -0.398827 -1.218871
    39 1.393001 0.000001 0.000000 0.001150 -0.133877 0.598014
    40 1.100002 0.000001 -0.000003 -0.115892 -0.229971 0.622974
    41 3.549266 0.211411 1.487664 0.415680 -0.089754 -0.828089
    42 1.218999 -0.000001 -0.000002 0.076519 -0.060605 -1.221542
    43 0.679999 0.000001 0.000000 0.029119 -0.082748 -0.641951
    44 3.698016 0.273718 0.726617 0.249876 -0.109712 -0.987900
    45 1.748999 0.000000 -0.000002 0.020255 -0.017985 -1.043218
    46 0.959996 0.000000 0.000000 0.015675 -0.036226 -0.705571
    47 3.768499 0.151954 -0.072746 -0.036520 -0.085751 -0.862761
    48 2.037997 0.000002 -0.000003 -0.004272 0.001742 -1.428344
    49 1.066998 0.000000 -0.000001 -0.001429 0.005624 -0.566382
    50 3.783906 -0.023949 -0.794455 -0.349015 -0.067006 -0.754333
    51 1.629001 0.000002 0.000000 -0.062588 0.029671 -1.321899
    52 0.955999 0.000000 -0.000002 -0.031449 0.062230 -0.638366
    53 1.258940 -0.308543 -1.250054 1.288485 0.529561 -0.656504
    54 1.392999 0.000000 -0.000003 -0.001788 0.370555 0.932381
    55 1.099998 -0.000002 -0.000003 0.000000 -0.013127 -0.286815
    56 0.578998 0.704300 0.000000 0.000000 -1.570790 -3.044320
    57 2.577897 -4.075848 1.825547 1.570743 -1.473520 1.570850
    58 -2.577999 -4.075848 1.825549 1.570743 -1.473520 1.570850
    59 2.330669 -1.877754 0.104131 -1.861302 0.207908 -1.328386
  time 144
    0 -0.003395 0.004619 23.307130 1.205287 -0.001123 0.000754
    1 0.001573 4.212781 -1.689849 1.575357 -0.240073 1.552785
    2 3.837410 0.000000 0.000000 -0.000012 -0.018686 0.186249
    3 3.617862 0.000000 0.000000 -0.001615 -0.017116 0.054899
    4 7.539774 0.000000 0.000000 0.000000 0.000000 0.155813
    5 3.178292 0.000001 0.000000 3.155500 0.023442 -0.030170
    6 2.970271 0.000000 0.000001 0.039405 -0.028831 0.099864
    7 -0.000002 0.000001 0.000000 -1.570796 0.000000 -1.326450
    8 2.023705 0.907460 0.852577 3.278259 -1.200027 1.255412
    9 4.983657 -0.000003 0.000000 -1.981354 -1.039579 -0.083895
    10 11.123049 -0.000003 0.000001 -0.000001 -0.000001 -0.784178
    11 11.208297 -0.000001 0.000013 1.805811 -0.083055 0.628809
    12 2.676087 -1.712447 0.000003 1.570795 0.000000 1.570797
    13 2.023707 0.907463 -0.852527 -2.002446 1.376541 -3.706132
    14 4.983657 -0.000004 0.000000 1.548213 0.281250 -0.503849
    15 11.123040 -0.000006 -0.000006 0.000000 0.000001 -0.686762
    16 11.208287 0.000000 -0.000016 -2.018502 0.368030 -0.288252
    17 2.676081 -1.712434 -0.000003 -1.570797 -0.000001 -1.570797
    18 3.984014 -0.000005 -0.000003 -2.657223 -1.451029 -0.196341
    19 15.940006 0.000002 0.000000 0.000000 0.000000 1.156147
    20 17.709558 0.000004 0.000002 -0.354839 -0.070767 -1.327082
    21 6.203996 0.000000 0.000001 -0.011146 0.000934 -0.500515
    22 -3.984013 0.000007 0.000007 -3.539259 -1.474212 0.221739
    23 15.940015 0.000000 0.000000 0.000000 0.000000 1.258484
    24 17.709572 -0.000006 0.000001 0.200371 0.214566 -1.376152
    25 6.204001 0.000003 -0.000001 -0.078651 -0.006185 -0.498943
    26 3.549240 0.198821 -1.489462 -0.029704 0.008601 -0.605020
    27 1.218999 -0.000001 0.000002 -0.078164 0.060317 -1.230786
    28 0.679998 -0.000001 -0.000001 -0.008436 0.087381 -0.391182
    29 3.698007 0.267555 -0.728972 -0.250031 0.112111 -0.982269
    30 1.749001 -0.000001 0.000003 -0.024855 0.015072 -1.203982
    31 0.959999 -0.000001 0.000001 -0.019444 0.034367 -0.764171
    32 3.768500 0.152546 0.071388 0.024706 0.089742 -0.987950
    33 2.037998 0.000001 0.000002 0.003699 -0.001479 -1.589501
    34 1.067001 0.000001 0.000002 0.001344 -0.006356 -0.625248
    35 3.783924 -0.017260 0.794558 0.335727 0.115109 -0.891658
    36 1.629002 -0.000001 0.000003 0.067076 -0.019838 -1.482878
    37 0.956000 0.000000 0.000001 0.035539 -0.060541 -0.697408
    38 1.258965 -0.297983 1.252590 -1.259590 -0.398917 -1.218320
    39 1.393001 0.000001 0.000000 0.001150 -0.134525 0.598071
    40 1.100002 0.000001 -0.000003 -0.116263 -0.230503 0.623107
    41 3.549266 0.211411 1.487664 0.415727 -0.089651 -0.827798
    42 1.218999 -0.000001 -0.000002 0.076519 -0.060605 -1.221542
    43 0.679999 0.000001 0.000000 0.029119 -0.082748 -0.641951
    44 3.698016 0.273718 0.726617 0.249912 -0.109587 -0.987593
    45 1.748999 0.000000 -0.000002 0.020255 -0.017985 -1.043218
    46 0.959996 0.000000 0.000000 0.015675 -0.036226 -0.705571
    47 3.768499 0.151954 -0.072746 -0.036460 -0.085631 -0.862440
    48 2.037997 0.000002 -0.000003 -0.004272 0.001742 -1.428344
    49 1.066998 0.000000 -0.000001 -0.001429 0.005624 -0.566382
    50 3.783906 -0.023949 -0.794455 -0.348943 -0.066898 -0.754019
    51 1.629001 0.000002 0.000000 -0.062588 0.029671 -1.321899
    52 0.955999 0.000000 -0.000002 -0.031449 0.062230 -0.638366
    53 1.258940 -0.308543 -1.250054 1.288572 0.529670 -0.656178
    54 1.392999 0.000000 -0.000003 -0.001788 0.370555 0.932381
    55 1.099998 -0.000002 -0.000003 0.000000 -0.013127 -0.286815
    56 0.578998 0.704300 0.000000 0.000000 -1.570790 -3.044320
    57 2.577897 -4.075848 1.825547 1.570743 -1.473520 1.570850
    58 -2.577999 -4.075848 1.825549 1.570743 -1.473520 1.570850
    59 2.330669 -1.877754 0.104131 -1.861302 0.207908 -1.328386
  time 145
    0 -0.003395 0.004619 23.307130 1.205382 -0.000896 0.000850
    1 0.001573 4.212781 -1.689849 1.575559 -0.239402 1.552554
    2 3.837410 0.000000 0.000000 -0.000012 -0.018560 0.186429
    3 3.617862 0.000000 0.000000 -0.001551 -0.016980 0.055070
    4 7.539774 0.000000 0.000000 0.000000 0.000000 0.155813
    5 3.178292 0.000001 0.000000 3.153903 0.022298 -0.032500
    6 2.970271 0.000000 0.000001 0.040546 -0.030410 0.097268
    7 -0.000002 0.000001 0.000000 -1.570796 0.000000 -1.326450
    8 2.023705 0.907460 0.852577 3.282761 -1.199553 1.252920
    9 4.983657 -0.000003 0.000000 -1.984506 -1.040391 -0.080777
    10 11.123049 -0.000003 0.000001 -0.000001 -0.000001 -0.782718
    11 11.208297 -0.000001 0.000013 1.804661 -0.083099 0.628311
    12 2.676087 -1.712447 0.000003 1.570795 0.000000 1.570797
    13 2.023707 0.907463 -0.852527 -2.009718 1.377063 -3.712747
    14 4.983657 -0.000004 0.000000 1.550320 0.281011 -0.505266
    15 11.123040 -0.000006 -0.000006 0.000000 0.000001 -0.685056
    16 11.208287 0.000000 -0.000016 -2.019579 0.367375 -0.289712
    17 2.676081 -1.712434 -0.000003 -1.570797 -0.000001 -1.570797
    18 3.984014 -0.000005 -0.000003 -2.652335 -1.451252 -0.201132
    19 15.940006 0.000002 0.000000 0.000000 0.000000 1.155557
    20 17.709558 0.000004 0.000002 -0.355901 -0.070269 -1.327948
    21 6.203996 0.000000 0.000001 -0.011146 0.000934 -0.500515
    22 -3.984013 0.000007 0.000007 -3.546160 -1.474656 0.229598
    23 15.940015 0.000000 0.000000 0.000000 0.000000 1.259250
    24 17.709572 -0.000006 0.000001 0.200075 0.213186 -1.376398
    25 6.204001 0.000003 -0.000001 -0.078651 -0.006185 -0.498943
    26 3.549240 0.198821 -1.489462 -0.029643 0.008443 -0.604436
    27 1.218999 -0.000001 0.000002 -0.077981 0.060317 -1.230159
    28 0.679998 -0.000001 -0.000001 -0.008294 0.087396 -0.390556
    29 3.698007 0.267555 -0.728972 -0.249926 0.111996 -0.981647
    30 1.749001 -0.000001 0.000003 -0.024603 0.015012 -1.203391
    31 0.959999 -0.000001 0.000001 -0.019209 0.034487 -0.763587
    32 3.768500 0.152546 0.071388 0.024805 0.089634 -0.987358
    33 2.037998 0.000001 0.000002 0.003801 -0.001419 -1.588889
    34 1.067001 0.000001 0.000002 0.001399 -0.006248 -0.624623
    35 3.783924 -0.017260 0.794558 0.335827 0.114985 -0.891035
    36 1.629002 -0.000001 0.000003 0.066997 -0.019817 -1.482238
    37 0.956000 0.000000 0.000001 0.035452 -0.060541 -0.696755
    38 1.258965 -0.297983 1.252590 -1.259462 -0.399006 -1.217769
    39 1.393001 0.000001 0.000000 0.001168 -0.135156 0.598157
    40 1.100002 0.000001 -0.000003 -0.116635 -0.231035 0.623284
    41 3.549266 0.211411 1.487664 0.415790 -0.089547 -0.827506
    42 1.218999 -0.000001 -0.000002 0.076519 -0.060605 -1.221542
    43 0.679999 0.000001 0.000000 0.029119 -0.082748 -0.641951
    44 3.698016 0.273718 0.726617 0.249948 -0.109477 -0.987337
    45 1.748999 0.000000 -0.000002 0.020255 -0.017985 -1.043218
    46 0.959996 0.000000 0.000000 0.015675 -0.036226 -0.705571
    47 3.768499 0.151954 -0.072746 -0.036400 -0.085535 -0.862172
    48 2.037997 0.000002 -0.000003 -0.004272 0.001742 -1.428344
    49 1.066998 0.000000 -0.000001 -0.001429 0.005624 -0.566382
    50 3.783906 -0.023949 -0.794455 -0.348886 -0.066790 -0.753706
    51 1.629001 0.000002 0.000000 -0.062588 0.029671 -1.321899
    52 0.955999 0.000000 -0.000002 -0.031449 0.062230 -0.638366
    53 1.258940 -0.308543 -1.250054 1.288659 0.529757 -0.655816
    54 1.392999 0.000000 -0.000003 -0.001788 0.370555 0.932381
    55 1.099998 -0.000002 -0.000003 0.000000 -0.013127 -0.286815
    56 0.578998 0.704300 0.000000 0.000000 -1.570790 -3.044320
    57 2.577897 -4.075848 1.825547 1.570743 -1.473520 1.570850
    58 -2.577999 -4.075848 1.825549 1.570743 -1.473520 1.570850
    59 2.330669 -1.877754 0.104131 -1.861302 0.207908 -1.328386
  time 146
    0 -0.003395 0.004619 23.307130 1.205476 -0.000670 0.000850
    1 0.001573 4.212781 -1.689849 1.575604 -0.239004 1.552323
    2 3.837410 0.000000 0.000000 0.000137 -0.018418 0.186594
    3 3.617862 0.000000 0.000000 -0.001500 -0.016844 0.055241
    4 7.539774 0.000000 0.000000 0.000000 0.000000 0.155813
    5 3.178292 0.000001 0.000000 3.152963 0.021415 -0.034567
    6 2.970271 0.000000 0.000001 0.041138 -0.031555 0.095220
    7 -0.000002 0.000001 0.000000 -1.570796 0.000000 -1.326450
    8 2.023705 0.907460 0.852577 3.286881 -1.199197 1.250524
    9 4.983657 -0.000003 0.000000 -1.987563 -1.040493 -0.077565
    10 11.123049 -0.000003 0.000001 -0.000001 -0.000001 -0.782550
    11 11.208297 -0.000001 0.000013 1.803415 -0.083055 0.628382
    12 2.676087 -1.712447 0.000003 1.570795 0.000000 1.570797
    13 2.023707 0.907463 -0.852527 -2.017087 1.377537 -3.719457
    14 4.983657 -0.000004 0.000000 1.552620 0.280486 -0.506589
    15 11.123040 -0.000006 -0.000006 0.000000 0.000001 -0.684424
    16 11.208287 0.000000 -0.000016 -2.020746 0.366720 -0.290879
    17 2.676081 -1.712434 -0.000003 -1.570797 -0.000001 -1.570797
    18 3.984014 -0.000005 -0.000003 -2.647255 -1.451438 -0.205923
    19 15.940006 0.000002 0.000000 0.000000 0.000000 1.154968
    20 17.709558 0.000004 0.000002 -0.356963 -0.069734 -1.328900
    21 6.203996 0.000000 0.000001 -0.011146 0.000934 -0.500515
    22 -3.984013 0.000007 0.000007 -3.553157 -1.475100 0.237456
    23 15.940015 0.000000 0.000000 0.000000 0.000000 1.260017
    24 17.709572 -0.000006 0.000001 0.199778 0.211772 -1.376644
    25 6.204001 0.000003 -0.000001 -0.078651 -0.006185 -0.498943
    26 3.549240 0.198821 -1.489462 -0.029583 0.008284 -0.603804
    27 1.218999 -0.000001 0.000002 -0.077812 0.060305 -1.229585
    28 0.679998 -0.000001 -0.000001 -0.008133 0.087396 -0.389929
    29 3.698007 0.267555 -0.728972 -0.249821 0.111881 -0.981073
    30 1.749001 -0.000001 0.000003 -0.024332 0.014952 -1.202849
    31 0.959999 -0.000001 0.000001 -0.018975 0.034607 -0.763003
    32 3.768500 0.152546 0.071388 0.024919 0.089514 -0.986717
    33 2.037998 0.000001 0.000002 0.003903 -0.001371 -1.588277
    34 1.067001 0.000001 0.000002 0.001453 -0.006141 -0.623997
    35 3.783924 -0.017260 0.794558 0.335927 0.114862 -0.890412
    36 1.629002 -0.000001 0.000003 0.066917 -0.019775 -1.481598
    37 0.956000 0.000000 0.000001 0.035344 -0.060517 -0.696133
    38 1.258965 -0.297983 1.252590 -1.259291 -0.399073 -1.217218
    39 1.393001 0.000001 0.000000 0.001168 -0.135769 0.598215
    40 1.100002 0.000001 -0.000003 -0.116982 -0.231546 0.623418
    41 3.549266 0.211411 1.487664 0.415837 -0.089444 -0.827263
    42 1.218999 -0.000001 -0.000002 0.076519 -0.060605 -1.221542
    43 0.679999 0.000001 0.000000 0.029119 -0.082748 -0.641951
    44 3.698016 0.273718 0.726617 0.249996 -0.109380 -0.987081
    45 1.748999 0.000000 -0.000002 0.020255 -0.017985 -1.043218
    46 0.959996 0.000000 0.000000 0.015675 -0.036226 -0.705571
    47 3.768499 0.151954 -0.072746 -0.036364 -0.085427 -0.861905
    48 2.037997 0.000002 -0.000003 -0.004272 0.001742 -1.428344
    49 1.066998 0.000000 -0.000001 -0.001429 0.005624 -0.566382
    50 3.783906 -0.023949 -0.794455 -0.348814 -0.066697 -0.753444
    51 1.629001 0.000002 0.000000 -0.062588 0.029671 -1.321899
    52 0.955999 0.000000 -0.000002 -0.031449 0.062230 -0.638366
    53 1.258940 -0.308543 -1.250054 1.288746 0.529843 -0.655526
    54 1.392999 0.000000 -0.000003 -0.001788 0.370555 0.932381
    55 1.099998 -0.000002 -0.000003 0.000000 -0.013127 -0.286815
    56 0.578998 0.704300 0.000000 0.000000 -1.570790 -3.044320
    57 2.577897 -4.075848 1.825547 1.570743 -1.473520 1.570850
    58 -2.577999 -4.075848 1.825549 1.570743 -1.473520 1.570850
    59 2.330669 -1.877754 0.104131 -1.861302 0.207908 -1.328386
  time 147
    0 -0.003395 0.004619 23.307130 1.205570 -0.000444 0.000946
    1 0.001573 4.212781 -1.689849 1.575469 -0.239088 1.552168
    2 3.837410 0.000000 0.000000 0.000177 -0.018260 0.186774
    3 3.617862 0.000000 0.000000 -0.001448 -0.016692 0.055412
    4 7.539774 0.000000 0.000000 0.000000 0.000000 0.155813
    5 3.178292 0.000001 0.000000 3.151680 0.020692 -0.036314
    6 2.970271 0.000000 0.000001 0.042237 -0.032482 0.093945
    7 -0.000002 0.000001 0.000000 -1.570796 0.000000 -1.326450
    8 2.023705 0.907460 0.852577 3.290808 -1.198960 1.248224
    9 4.983657 -0.000003 0.000000 -1.990811 -1.039630 -0.074258
    10 11.123049 -0.000003 0.000001 -0.000001 -0.000001 -0.784290
    11 11.208297 -0.000001 0.000013 1.801976 -0.082880 0.629592
    12 2.676087 -1.712447 0.000003 1.570795 0.000000 1.570797
    13 2.023707 0.907463 -0.852527 -2.024359 1.377964 -3.726071
    14 4.983657 -0.000004 0.000000 1.555206 0.279388 -0.507629
    15 11.123040 -0.000006 -0.000006 0.000000 0.000001 -0.685308
    16 11.208287 0.000000 -0.000016 -2.021913 0.366065 -0.291390
    17 2.676081 -1.712434 -0.000003 -1.570797 -0.000001 -1.570797
    18 3.984014 -0.000005 -0.000003 -2.642079 -1.451662 -0.211002
    19 15.940006 0.000002 0.000000 0.000000 0.000000 1.154378
    20 17.709558 0.000004 0.000002 -0.358024 -0.069271 -1.329765
    21 6.203996 0.000000 0.000001 -0.011146 0.000934 -0.500515
    22 -3.984013 0.000007 0.000007 -3.559962 -1.475495 0.245314
    23 15.940015 0.000000 0.000000 0.000000 0.000000 1.260783
    24 17.709572 -0.000006 0.000001 0.199481 0.210392 -1.376889
    25 6.204001 0.000003 -0.000001 -0.078651 -0.006185 -0.498943
    26 3.549240 0.198821 -1.489462 -0.029522 0.008152 -0.603220
    27 1.218999 -0.000001 0.000002 -0.077644 0.060293 -1.228959
    28 0.679998 -0.000001 -0.000001 -0.008008 0.087396 -0.389345
    29 3.698007 0.267555 -0.728972 -0.249715 0.111766 -0.980451
    30 1.749001 -0.000001 0.000003 -0.024099 0.014892 -1.202308
    31 0.959999 -0.000001 0.000001 -0.018741 0.034727 -0.762461
    32 3.768500 0.152546 0.071388 0.025018 0.089406 -0.986125
    33 2.037998 0.000001 0.000002 0.004005 -0.001311 -1.587665
    34 1.067001 0.000001 0.000002 0.001507 -0.006045 -0.623413
    35 3.783924 -0.017260 0.794558 0.336007 0.114738 -0.889837
    36 1.629002 -0.000001 0.000003 0.066838 -0.019733 -1.481004
    37 0.956000 0.000000 0.000001 0.035258 -0.060505 -0.695542
    38 1.258965 -0.297983 1.252590 -1.259163 -0.399162 -1.216704
    39 1.393001 0.000001 0.000000 0.001168 -0.136363 0.598272
    40 1.100002 0.000001 -0.000003 -0.117330 -0.232036 0.623551
    41 3.549266 0.211411 1.487664 0.415884 -0.089361 -0.826971
    42 1.218999 -0.000001 -0.000002 0.076519 -0.060605 -1.221542
    43 0.679999 0.000001 0.000000 0.029119 -0.082748 -0.641951
    44 3.698016 0.273718 0.726617 0.250020 -0.109283 -0.986825
    45 1.748999 0.000000 -0.000002 0.020255 -0.017985 -1.043218
    46 0.959996 0.000000 0.000000 0.015675 -0.036226 -0.705571
    47 3.768499 0.151954 -0.072746 -0.036317 -0.085343 -0.861691
    48 2.037997 0.000002 -0.000003 -0.004272 0.001742 -1.428344
    49 1.066998 0.000000 -0.000001 -0.001429 0.005624 -0.566382
    50 3.783906 -0.023949 -0.794455 -0.348771 -0.066604 -0.753235
    51 1.629001 0.000002 0.000000 -0.062588 0.029671 -1.321899
    52 0.955999 0.000000 -0.000002 -0.031449 0.062242 -0.638366
    53 1.258940 -0.308543 -1.250054 1.288789 0.529930 -0.655236
    54 1.392999 0.000000 -0.000003 -0.001788 0.370555 0.932381
    55 1.099998 -0.000002 -0.000003 0.000000 -0.013127 -0.286815
    56 0.578998 0.704300 0.000000 0.000000 -1.570790 -3.044320
    57 2.577897 -4.075848 1.825547 1.570743 -1.473520 1.570850
    58 -2.577999 -4.075848 1.825549 1.570743 -1.473520 1.570850
    59 2.330669 -1.877754 0.104131 -1.861302 0.207908 -1.328386
  time 148
    0 -0.003395 0.004619 23.307130 1.205664 -0.000217 0.001042
    1 0.001573 4.212781 -1.689849 1.575222 -0.239046 1.552091
    2 3.837410 0.000000 0.000000 0.000218 -0.018102 0.186955
    3 3.617862 0.000000 0.000000 -0.001397 -0.016541 0.055617
    4 7.539774 0.000000 0.000000 0.000000 0.000000 0.155813
    5 3.178292 0.000001 0.000000 3.150483 0.020130 -0.037711
    6 2.970271 0.000000 0.000001 0.043294 -0.033113 0.092943
    7 -0.000002 0.000001 0.000000 -1.570796 0.000000 -1.326450
    8 2.023705 0.907460 0.852577 3.294449 -1.198841 1.246020
    9 4.983657 -0.000003 0.000000 -1.993486 -1.038869 -0.071423
    10 11.123049 -0.000003 0.000001 -0.000001 -0.000001 -0.785750
    11 11.208297 -0.000001 0.000013 1.800538 -0.082661 0.630445
    12 2.676087 -1.712447 0.000003 1.570795 0.000000 1.570797
    13 2.023707 0.907463 -0.852527 -2.031632 1.378391 -3.732685
    14 4.983657 -0.000004 0.000000 1.557697 0.278434 -0.508669
    15 11.123040 -0.000006 -0.000006 0.000000 0.000001 -0.686130
    16 11.208287 0.000000 -0.000016 -2.023080 0.365456 -0.291828
    17 2.676081 -1.712434 -0.000003 -1.570797 -0.000001 -1.570797
    18 3.984014 -0.000005 -0.000003 -2.636808 -1.451885 -0.215984
    19 15.940006 0.000002 0.000000 0.000000 0.000000 1.153789
    20 17.709558 0.000004 0.000002 -0.359086 -0.068773 -1.330717
    21 6.203996 0.000000 0.000001 -0.011146 0.000934 -0.500515
    22 -3.984013 0.000007 0.000007 -3.566767 -1.475939 0.252980
    23 15.940015 0.000000 0.000000 0.000000 0.000000 1.261473
    24 17.709572 -0.000006 0.000001 0.199244 0.209047 -1.377086
    25 6.204001 0.000003 -0.000001 -0.078651 -0.006185 -0.498943
    26 3.549240 0.198821 -1.489462 -0.029482 0.008020 -0.602684
    27 1.218999 -0.000001 0.000002 -0.077491 0.060293 -1.228436
    28 0.679998 -0.000001 -0.000001 -0.007865 0.087396 -0.388761
    29 3.698007 0.267555 -0.728972 -0.249610 0.111665 -0.979877
    30 1.749001 -0.000001 0.000003 -0.023847 0.014844 -1.201766
    31 0.959999 -0.000001 0.000001 -0.018546 0.034835 -0.761919
    32 3.768500 0.152546 0.071388 0.025116 0.089310 -0.985582
    33 2.037998 0.000001 0.000002 0.004087 -0.001263 -1.587104
    34 1.067001 0.000001 0.000002 0.001544 -0.005949 -0.622871
    35 3.783924 -0.017260 0.794558 0.336087 0.114630 -0.889262
    36 1.629002 -0.000001 0.000003 0.066778 -0.019712 -1.480456
    37 0.956000 0.000000 0.000001 0.035150 -0.060493 -0.694982
    38 1.258965 -0.297983 1.252590 -1.259035 -0.399252 -1.216190
    39 1.393001 0.000001 0.000000 0.001186 -0.136922 0.598358
    40 1.100002 0.000001 -0.000003 -0.117653 -0.232504 0.623728
    41 3.549266 0.211411 1.487664 0.415931 -0.089279 -0.826777
    42 1.218999 -0.000001 -0.000002 0.076519 -0.060605 -1.221542
    43 0.679999 0.000001 0.000000 0.029119 -0.082748 -0.641951
    44 3.698016 0.273718 0.726617 0.250056 -0.109200 -0.986620
    45 1.748999 0.000000 -0.000002 0.020255 -0.017985 -1.043218
    46 0.959996 0.000000 0.000000 0.015675 -0.036226 -0.705571
    47 3.768499 0.151954 -0.072746 -0.036269 -0.085272 -0.861477
    48 2.037997 0.000002 -0.000003 -0.004272 0.001742 -1.428344
    49 1.066998 0.000000 -0.000001 -0.001429 0.005624 -0.566382
    50 3.783906 -0.023949 -0.794455 -0.348714 -0.066542 -0.753026
    51 1.629001 0.000002 0.000000 -0.062588 0.029671 -1.321899
    52 0.955999 0.000000 -0.000002 -0.031449 0.062230 -0.638366
    53 1.258940 -0.308543 -1.250054 1.288876 0.529995 -0.654982
    54 1.392999 0.000000 -0.000003 -0.001788 0.370555 0.932381
    55 1.099998 -0.000002 -0.000003 0.000000 -0.013127 -0.286815
    56 0.578998 0.704300 0.000000 0.000000 -1.570790 -3.044320
    57 2.577897 -4.075848 1.825547 1.570743 -1.473520 1.570850
    58 -2.577999 -4.075848 1.825549 1.570743 -1.473520 1.570850
    59 2.330669 -1.877754 0.104131 -1.861302 0.207908 -1.328386
  time 149
    0 -0.003395 0.004619 23.307130 1.205758 -0.000036 0.001137
    1 0.001573 4.212781 -1.689849 1.574975 -0.238941 1.552053
    2 3.837410 0.000000 0.000000 0.000258 -0.017928 0.187169
    3 3.617862 0.000000 0.000000 -0.001346 -0.016390 0.055805
    4 7.539774 0.000000 0.000000 0.000000 0.000000 0.155813
    5 3.178292 0.000001 0.000000 3.149656 0.019749 -0.038730
    6 2.970271 0.000000 0.000001 0.044013 -0.033449 0.092260
    7 -0.000002 0.000001 0.000000 -1.570796 0.000000 -1.326450
    8 2.023705 0.907460 0.852577 3.297610 -1.198881 1.244007
    9 4.983657 -0.000003 0.000000 -1.995684 -1.038210 -0.068872
    10 11.123049 -0.000003 0.000001 -0.000001 -0.000001 -0.786929
    11 11.208297 -0.000001 0.000013 1.799005 -0.082441 0.631157
    12 2.676087 -1.712447 0.000003 1.570795 0.000000 1.570797
    13 2.023707 0.907463 -0.852527 -2.038905 1.378770 -3.739204
    14 4.983657 -0.000004 0.000000 1.560092 0.277527 -0.509614
    15 11.123040 -0.000006 -0.000006 0.000000 0.000001 -0.687078
    16 11.208287 0.000000 -0.000016 -2.024336 0.364801 -0.292193
    17 2.676081 -1.712434 -0.000003 -1.570797 -0.000001 -1.570797
    18 3.984014 -0.000005 -0.000003 -2.631632 -1.452108 -0.220871
    19 15.940006 0.000002 0.000000 0.000000 0.000000 1.153273
    20 17.709558 0.000004 0.000002 -0.360224 -0.068381 -1.331582
    21 6.203996 0.000000 0.000001 -0.011146 0.000934 -0.500515
    22 -3.984013 0.000007 0.000007 -3.573380 -1.476334 0.260455
    23 15.940015 0.000000 0.000000 0.000000 0.000000 1.262163
    24 17.709572 -0.000006 0.000001 0.198948 0.207771 -1.377282
    25 6.204001 0.000003 -0.000001 -0.078651 -0.006185 -0.498943
    26 3.549240 0.198821 -1.489462 -0.029421 0.007888 -0.602197
    27 1.218999 -0.000001 0.000002 -0.077337 0.060281 -1.227914
    28 0.679998 -0.000001 -0.000001 -0.007740 0.087396 -0.388260
    29 3.698007 0.267555 -0.728972 -0.249523 0.111565 -0.979398
    30 1.749001 -0.000001 0.000003 -0.023634 0.014796 -1.201273
    31 0.959999 -0.000001 0.000001 -0.018331 0.034930 -0.761460
    32 3.768500 0.152546 0.071388 0.025198 0.089202 -0.985039
    33 2.037998 0.000001 0.000002 0.004168 -0.001215 -1.586595
    34 1.067001 0.000001 0.000002 0.001580 -0.005865 -0.622329
    35 3.783924 -0.017260 0.794558 0.336167 0.114522 -0.888734
    36 1.629002 -0.000001 0.000003 0.066699 -0.019691 -1.479908
    37 0.956000 0.000000 0.000001 0.035085 -0.060481 -0.694453
    38 1.258965 -0.297983 1.252590 -1.258907 -0.399319 -1.215749
    39 1.393001 0.000001 0.000000 0.001186 -0.137444 0.598415
    40 1.100002 0.000001 -0.000003 -0.117953 -0.232930 0.623817
    41 3.549266 0.211411 1.487664 0.415963 -0.089217 -0.826582
    42 1.218999 -0.000001 -0.000002 0.076519 -0.060605 -1.221542
    43 0.679999 0.000001 0.000000 0.029119 -0.082748 -0.641951
    44 3.698016 0.273718 0.726617 0.250092 -0.109131 -0.986415
    45 1.748999 0.000000 -0.000002 0.020255 -0.017985 -1.043218
    46 0.959996 0.000000 0.000000 0.015675 -0.036226 -0.705571
    47 3.768499 0.151954 -0.072746 -0.036245 -0.085200 -0.861263
    48 2.037997 0.000002 -0.000003 -0.004272 0.001742 -1.428344
    49 1.066998 0.000000 -0.000001 -0.001429 0.005624 -0.566382
    50 3.783906 -0.023949 -0.794455 -0.348686 -0.066465 -0.752816
    51 1.629001 0.000002 0.000000 -0.062588 0.029671 -1.321899
    52 0.955999 0.000000 -0.000002 -0.031449 0.062230 -0.638366
    53 1.258940 -0.308543 -1.250054 1.288919 0.530039 -0.654765
    54 1.392999 0.000000 -0.000003 -0.001788 0.370555 0.932381
    55 1.099998 -0.000002 -0.000003 0.000000 -0.013127 -0.286815
    56 0.578998 0.704300 0.000000 0.000000 -1.570790 -3.044320
    57 2.577897 -4.075848 1.825547 1.570743 -1.473520 1.570850
    58 -2.577999 -4.075848 1.825549 1.570743 -1.473520 1.570850
    59 2.330669 -1.877754 0.104131 -1.861302 0.207908 -1.328386
  time 150
    0 -0.003395 0.004619 23.307130 1.205852 0.000145 0.001137
    1 0.001573 4.212781 -1.689849 1.574683 -0.238837 1.552014
    2 3.837410 0.000000 0.000000 0.000272 -0.017755 0.187366
    3 3.617862 0.000000 0.000000 -0.001320 -0.016208 0.056010
    4 7.539774 0.000000 0.000000 0.000000 0.000000 0.155813
    5 3.178292 0.000001 0.000000 3.149172 0.019588 -0.039284
    6 2.970271 0.000000 0.000001 0.044436 -0.033488 0.092033
    7 -0.000002 0.000001 0.000000 -1.570796 0.000000 -1.326450
    8 2.023705 0.907460 0.852577 3.300580 -1.199039 1.241995
    9 4.983657 -0.000003 0.000000 -1.997499 -1.037601 -0.066604
    10 11.123049 -0.000003 0.000001 -0.000001 -0.000001 -0.788108
    11 11.208297 -0.000001 0.000013 1.797471 -0.082222 0.631797
    12 2.676087 -1.712447 0.000003 1.570795 0.000000 1.570797
    13 2.023707 0.907463 -0.852527 -2.046082 1.379149 -3.745722
    14 4.983657 -0.000004 0.000000 1.562582 0.276667 -0.510559
    15 11.123040 -0.000006 -0.000006 0.000000 0.000001 -0.688152
    16 11.208287 0.000000 -0.000016 -2.025593 0.364146 -0.292412
    17 2.676081 -1.712434 -0.000003 -1.570797 -0.000001 -1.570797
    18 3.984014 -0.000005 -0.000003 -2.626552 -1.452369 -0.225662
    19 15.940006 0.000002 0.000000 0.000000 0.000000 1.152757
    20 17.709558 0.000004 0.000002 -0.361286 -0.068061 -1.332448
    21 6.203996 0.000000 0.000001 -0.011146 0.000934 -0.500515
    22 -3.984013 0.000007 0.000007 -3.579610 -1.476729 0.267546
    23 15.940015 0.000000 0.000000 0.000000 0.000000 1.262776
    24 17.709572 -0.000006 0.000001 0.198710 0.206529 -1.377430
    25 6.204001 0.000003 -0.000001 -0.078651 -0.006185 -0.498943
    26 3.549240 0.198821 -1.489462 -0.029381 0.007782 -0.601711
    27 1.218999 -0.000001 0.000002 -0.077215 0.060281 -1.227444
    28 0.679998 -0.000001 -0.000001 -0.007633 0.087396 -0.387759
    29 3.698007 0.267555 -0.728972 -0.249435 0.111478 -0.978920
    30 1.749001 -0.000001 0.000003 -0.023440 0.014748 -1.200879
    31 0.959999 -0.000001 0.000001 -0.018155 0.035026 -0.761001
    32 3.768500 0.152546 0.071388 0.025296 0.089119 -0.984595
    33 2.037998 0.000001 0.000002 0.004250 -0.001179 -1.586136
    34 1.067001 0.000001 0.000002 0.001616 -0.005781 -0.621871
    35 3.783924 -0.017260 0.794558 0.336247 0.114429 -0.888255
    36 1.629002 -0.000001 0.000003 0.066640 -0.019670 -1.479451
    37 0.956000 0.000000 0.000001 0.034998 -0.060481 -0.693986
    38 1.258965 -0.297983 1.252590 -1.258821 -0.399386 -1.215308
    39 1.393001 0.000001 0.000000 0.001186 -0.137931 0.598473
    40 1.100002 0.000001 -0.000003 -0.118229 -0.233334 0.623950
    41 3.549266 0.211411 1.487664 0.415994 -0.089155 -0.826436
    42 1.218999 -0.000001 -0.000002 0.076519 -0.060605 -1.221542
    43 0.679999 0.000001 0.000000 0.029119 -0.082748 -0.641951
    44 3.698016 0.273718 0.726617 0.250104 -0.109076 -0.986262
    45 1.748999 0.000000 -0.000002 0.020255 -0.017985 -1.043218
    46 0.959996 0.000000 0.000000 0.015675 -0.036226 -0.705571
    47 3.768499 0.151954 -0.072746 -0.036209 -0.085152 -0.861102
    48 2.037997 0.000002 -0.000003 -0.004272 0.001742 -1.428344
    49 1.066998 0.000000 -0.000001 -0.001429 0.005624 -0.566382
    50 3.783906 -0.023949 -0.794455 -0.348643 -0.066418 -0.752659
    51 1.629001 0.000002 0.000000 -0.062588 0.029671 -1.321899
    52 0.955999 0.000000 -0.000002 -0.031449 0.062242 -0.638366
    53 1.258940 -0.308543 -1.250054 1.288919 0.530082 -0.654620
    54 1.392999 0.000000 -0.000003 -0.001788 0.370555 0.932381
    55 1.099998 -0.000002 -0.000003 0.000000 -0.013127 -0.286815
    56 0.578998 0.704300 0.000000 0.000000 -1.570790 -3.044320
    57 2.577897 -4.075848 1.825547 1.570743 -1.473520 1.570850
    58 -2.577999 -4.075848 1.825549 1.570743 -1.473520 1.570850
    59 2.330669 -1.877754 0.104131 -1.861302 0.207908 -1.328386
  time 151
    0 -0.003395 0.004619 23.307130 1.205946 0.000371 0.001233
    1 0.001573 4.212781 -1.689849 1.574323 -0.238732 1.552014
    2 3.837410 0.000000 0.000000 0.000285 -0.017581 0.187563
    3 3.617862 0.000000 0.000000 -0.001282 -0.016027 0.056215
    4 7.539774 0.000000 0.000000 0.000000 0.000000 0.155813
    5 3.178292 0.000001 0.000000 3.149115 0.019629 -0.039400
    6 2.970271 0.000000 0.000001 0.044478 -0.033232 0.092306
    7 -0.000002 0.000001 0.000000 -1.570796 0.000000 -1.326450
    8 2.023705 0.907460 0.852577 3.302975 -1.199355 1.240270
    9 4.983657 -0.000003 0.000000 -1.998836 -1.036992 -0.064809
    10 11.123049 -0.000003 0.000001 -0.000001 -0.000001 -0.789231
    11 11.208297 -0.000001 0.000013 1.795937 -0.081915 0.632366
    12 2.676087 -1.712447 0.000003 1.570795 0.000000 1.570797
    13 2.023707 0.907463 -0.852527 -2.053259 1.379529 -3.752049
    14 4.983657 -0.000004 0.000000 1.564977 0.275808 -0.511409
    15 11.123040 -0.000006 -0.000006 0.000000 0.000001 -0.689352
    16 11.208287 0.000000 -0.000016 -2.026849 0.363491 -0.292485
    17 2.676081 -1.712434 -0.000003 -1.570797 -0.000001 -1.570797
    18 3.984014 -0.000005 -0.000003 -2.621664 -1.452630 -0.230262
    19 15.940006 0.000002 0.000000 0.000000 0.000000 1.152315
    20 17.709558 0.000004 0.000002 -0.362348 -0.067811 -1.333227
    21 6.203996 0.000000 0.000001 -0.011146 0.000934 -0.500515
    22 -3.984013 0.000007 0.000007 -3.585457 -1.477124 0.274159
    23 15.940015 0.000000 0.000000 0.000000 0.000000 1.263312
    24 17.709572 -0.000006 0.000001 0.198414 0.205425 -1.377626
    25 6.204001 0.000003 -0.000001 -0.078651 -0.006185 -0.498943
    26 3.549240 0.198821 -1.489462 -0.029361 0.007677 -0.601321
    27 1.218999 -0.000001 0.000002 -0.077092 0.060281 -1.227027
    28 0.679998 -0.000001 -0.000001 -0.007526 0.087396 -0.387341
    29 3.698007 0.267555 -0.728972 -0.249365 0.111406 -0.978490
    30 1.749001 -0.000001 0.000003 -0.023266 0.014701 -1.200485
    31 0.959999 -0.000001 0.000001 -0.017999 0.035110 -0.760626
    32 3.768500 0.152546 0.071388 0.025362 0.089035 -0.984151
    33 2.037998 0.000001 0.000002 0.004311 -0.001131 -1.585677
    34 1.067001 0.000001 0.000002 0.001652 -0.005709 -0.621454
    35 3.783924 -0.017260 0.794558 0.336327 0.114337 -0.887824
    36 1.629002 -0.000001 0.000003 0.066580 -0.019649 -1.479039
    37 0.956000 0.000000 0.000001 0.034933 -0.060469 -0.693551
    38 1.258965 -0.297983 1.252590 -1.258693 -0.399453 -1.214941
    39 1.393001 0.000001 0.000000 0.001203 -0.138363 0.598530
    40 1.100002 0.000001 -0.000003 -0.118468 -0.233675 0.624039
    41 3.549266 0.211411 1.487664 0.416010 -0.089134 -0.826339
    42 1.218999 -0.000001 -0.000002 0.076519 -0.060605 -1.221542
    43 0.679999 0.000001 0.000000 0.029119 -0.082748 -0.641951
    44 3.698016 0.273718 0.726617 0.250116 -0.109035 -0.986159
    45 1.748999 0.000000 -0.000002 0.020255 -0.017985 -1.043218
    46 0.959996 0.000000 0.000000 0.015675 -0.036226 -0.705571
    47 3.768499 0.151954 -0.072746 -0.036197 -0.085104 -0.860995
    48 2.037997 0.000002 -0.000003 -0.004272 0.001742 -1.428344
    49 1.066998 0.000000 -0.000001 -0.001429 0.005624 -0.566382
    50 3.783906 -0.023949 -0.794455 -0.348614 -0.066372 -0.752555
    51 1.629001 0.000002 0.000000 -0.062588 0.029671 -1.321899
    52 0.955999 0.000000 -0.000002 -0.031449 0.062230 -0.638366
    53 1.258940 -0.308543 -1.250054 1.288963 0.530125 -0.654475
    54 1.392999 0.000000 -0.000003 -0.001788 0.370555 0.932381
    55 1.099998 -0.000002 -0.000003 0.000000 -0.013127 -0.286815
    56 0.578998 0.704300 0.000000 0.000000 -1.570790 -3.044320
    57 2.577897 -4.075848 1.825547 1.570743 -1.473520 1.570850
    58 -2.577999 -4.075848 1.825549 1.570743 -1.473520 1.570850
    59 2.330669 -1.877754 0.104131 -1.861302 0.207908 -1.328386
  time 152
    0 -0.003395 0.004619 23.307130 1.206040 0.000507 0.001233
    1 0.001573 4.212781 -1.689849 1.573941 -0.238648 1.552053
    2 3.837410 0.000000 0.000000 0.000299 -0.017391 0.187776
    3 3.617862 0.000000 0.000000 -0.001269 -0.015845 0.056420
    4 7.539774 0.000000 0.000000 0.000000 0.000000 0.155813
    5 3.178292 0.000001 0.000000 3.149457 0.019910 -0.038934
    6 2.970271 0.000000 0.000001 0.044140 -0.032660 0.093125
    7 -0.000002 0.000001 0.000000 -1.570796 0.000000 -1.326450
    8 2.023705 0.907460 0.852577 3.305178 -1.199869 1.238545
    9 4.983657 -0.000003 0.000000 -1.999696 -1.036586 -0.063297
    10 11.123049 -0.000003 0.000001 -0.000001 -0.000001 -0.790241
    11 11.208297 -0.000001 0.000013 1.794307 -0.081652 0.632935
    12 2.676087 -1.712447 0.000003 1.570795 0.000000 1.570797
    13 2.023707 0.907463 -0.852527 -2.060244 1.379813 -3.758376
    14 4.983657 -0.000004 0.000000 1.567372 0.274996 -0.512165
    15 11.123040 -0.000006 -0.000006 0.000000 0.000001 -0.690679
    16 11.208287 0.000000 -0.000016 -2.028196 0.362789 -0.292558
    17 2.676081 -1.712434 -0.000003 -1.570797 -0.000001 -1.570797
    18 3.984014 -0.000005 -0.000003 -2.617064 -1.452928 -0.234478
    19 15.940006 0.000002 0.000000 0.000000 0.000000 1.151947
    20 17.709558 0.000004 0.000002 -0.363410 -0.067669 -1.334006
    21 6.203996 0.000000 0.000001 -0.011146 0.000934 -0.500515
    22 -3.984013 0.000007 0.000007 -3.590728 -1.477470 0.280292
    23 15.940015 0.000000 0.000000 0.000000 0.000000 1.263772
    24 17.709572 -0.000006 0.000001 0.198117 0.204390 -1.377774
    25 6.204001 0.000003 -0.000001 -0.078651 -0.006185 -0.498943
    26 3.549240 0.198821 -1.489462 -0.029320 0.007597 -0.600932
    27 1.218999 -0.000001 0.000002 -0.076985 0.060281 -1.226661
    28 0.679998 -0.000001 -0.000001 -0.007437 0.087396 -0.386965
    29 3.698007 0.267555 -0.728972 -0.249295 0.111334 -0.978107
    30 1.749001 -0.000001 0.000003 -0.023091 0.014677 -1.200141
    31 0.959999 -0.000001 0.000001 -0.017862 0.035182 -0.760251
    32 3.768500 0.152546 0.071388 0.025428 0.088963 -0.983806
    33 2.037998 0.000001 0.000002 0.004372 -0.001107 -1.585320
    34 1.067001 0.000001 0.000002 0.001688 -0.005661 -0.621078
    35 3.783924 -0.017260 0.794558 0.336387 0.114275 -0.887488
    36 1.629002 -0.000001 0.000003 0.066520 -0.019628 -1.478674
    37 0.956000 0.000000 0.000001 0.034869 -0.060457 -0.693178
    38 1.258965 -0.297983 1.252590 -1.258608 -0.399498 -1.214611
    39 1.393001 0.000001 0.000000 0.001203 -0.138724 0.598559
    40 1.100002 0.000001 -0.000003 -0.118684 -0.233994 0.624128
    41 3.549266 0.211411 1.487664 0.416026 -0.089093 -0.826290
    42 1.218999 -0.000001 -0.000002 0.076519 -0.060605 -1.221542
    43 0.679999 0.000001 0.000000 0.029119 -0.082748 -0.641951
    44 3.698016 0.273718 0.726617 0.250128 -0.109007 -0.986108
    45 1.748999 0.000000 -0.000002 0.020255 -0.017985 -1.043218
    46 0.959996 0.000000 0.000000 0.015675 -0.036226 -0.705571
    47 3.768499 0.151954 -0.072746 -0.036185 -0.085080 -0.860942
    48 2.037997 0.000002 -0.000003 -0.004272 0.001742 -1.428344
    49 1.066998 0.000000 -0.000001 -0.001429 0.005624 -0.566382
    50 3.783906 -0.023949 -0.794455 -0.348600 -0.066356 -0.752502
    51 1.629001 0.000002 0.000000 -0.062588 0.029671 -1.321899
    52 0.955999 0.000000 -0.000002 -0.031449 0.062230 -0.638366
    53 1.258940 -0.308543 -1.250054 1.289006 0.530147 -0.654402
    54 1.392999 0.000000 -0.000003 -0.001788 0.370555 0.932381
    55 1.099998 -0.000002 -0.000003 0.000000 -0.013127 -0.286815
    56 0.578998 0.704300 0.000000 0.000000 -1.570790 -3.044320
    57 2.577897 -4.075848 1.825547 1.570743 -1.473520 1.570850
    58 -2.577999 -4.075848 1.825549 1.570743 -1.473520 1.570850
    59 2.330669 -1.877754 0.104131 -1.861302 0.207908 -1.328386
  time 153
    0 -0.003395 0.004619 23.307130 1.206135 0.000688 0.001329
    1 0.001573 4.212781 -1.689849 1.573537 -0.238543 1.552091
    2 3.837410 0.000000 0.000000 0.000285 -0.017186 0.187990
    3 3.617862 0.000000 0.000000 -0.001256 -0.015648 0.056642
    4 7.539774 0.000000 0.000000 0.000000 0.000000 0.155813
    5 3.178292 0.000001 0.000000 3.150369 0.020411 -0.037886
    6 2.970271 0.000000 0.000001 0.043294 -0.031732 0.094582
    7 -0.000002 0.000001 0.000000 -1.570796 0.000000 -1.326450
    8 2.023705 0.907460 0.852577 3.307190 -1.200620 1.236820
    9 4.983657 -0.000003 0.000000 -2.000174 -1.036383 -0.062069
    10 11.123049 -0.000003 0.000001 -0.000001 -0.000001 -0.791084
    11 11.208297 -0.000001 0.000013 1.792773 -0.081344 0.633291
    12 2.676087 -1.712447 0.000003 1.570795 0.000000 1.570797
    13 2.023707 0.907463 -0.852527 -2.067134 1.380145 -3.764511
    14 4.983657 -0.000004 0.000000 1.569767 0.274185 -0.512921
    15 11.123040 -0.000006 -0.000006 0.000000 0.000001 -0.692132
    16 11.208287 0.000000 -0.000016 -2.029542 0.362134 -0.292485
    17 2.676081 -1.712434 -0.000003 -1.570797 -0.000001 -1.570797
    18 3.984014 -0.000005 -0.000003 -2.612751 -1.453263 -0.238311
    19 15.940006 0.000002 0.000000 0.000000 0.000000 1.151652
    20 17.709558 0.000004 0.000002 -0.364396 -0.067633 -1.334611
    21 6.203996 0.000000 0.000001 -0.011146 0.000934 -0.500515
    22 -3.984013 0.000007 0.000007 -3.595617 -1.477865 0.285754
    23 15.940015 0.000000 0.000000 0.000000 0.000000 1.264155
    24 17.709572 -0.000006 0.000001 0.197761 0.203459 -1.377872
    25 6.204001 0.000003 -0.000001 -0.078651 -0.006185 -0.498943
    26 3.549240 0.198821 -1.489462 -0.029280 0.007518 -0.600640
    27 1.218999 -0.000001 0.000002 -0.076909 0.060281 -1.226348
    28 0.679998 -0.000001 -0.000001 -0.007365 0.087396 -0.386673
    29 3.698007 0.267555 -0.728972 -0.249242 0.111277 -0.977820
    30 1.749001 -0.000001 0.000003 -0.022975 0.014641 -1.199845
    31 0.959999 -0.000001 0.000001 -0.017765 0.035242 -0.760001
    32 3.768500 0.152546 0.071388 0.025477 0.088915 -0.983510
    33 2.037998 0.000001 0.000002 0.004413 -0.001072 -1.585014
    34 1.067001 0.000001 0.000002 0.001707 -0.005601 -0.620786
    35 3.783924 -0.017260 0.794558 0.336427 0.114213 -0.887201
    36 1.629002 -0.000001 0.000003 0.066481 -0.019607 -1.478354
    37 0.956000 0.000000 0.000001 0.034825 -0.060457 -0.692898
    38 1.258965 -0.297983 1.252590 -1.258565 -0.399542 -1.214353
    39 1.393001 0.000001 0.000000 0.001203 -0.139030 0.598587
    40 1.100002 0.000001 -0.000003 -0.118864 -0.234228 0.624217
    41 3.549266 0.211411 1.487664 0.416041 -0.089093 -0.826242
    42 1.218999 -0.000001 -0.000002 0.076519 -0.060605 -1.221542
    43 0.679999 0.000001 0.000000 0.029119 -0.082748 -0.641951
    44 3.698016 0.273718 0.726617 0.250140 -0.108993 -0.986108
    45 1.748999 0.000000 -0.000002 0.020255 -0.017985 -1.043218
    46 0.959996 0.000000 0.000000 0.015675 -0.036226 -0.705571
    47 3.768499 0.151954 -0.072746 -0.036173 -0.085080 -0.860942
    48 2.037997 0.000002 -0.000003 -0.004272 0.001742 -1.428344
    49 1.066998 0.000000 -0.000001 -0.001429 0.005624 -0.566382
    50 3.783906 -0.023949 -0.794455 -0.348600 -0.066341 -0.752502
    51 1.629001 0.000002 0.000000 -0.062588 0.029671 -1.321899
    52 0.955999 0.000000 -0.000002 -0.031449 0.062230 -0.638366
    53 1.258940 -0.308543 -1.250054 1.289006 0.530147 -0.654402
    54 1.392999 0.000000 -0.000003 -0.001788 0.370555 0.932381
    55 1.099998 -0.000002 -0.000003 0.000000 -0.013127 -0.286815
    56 0.578998 0.704300 0.000000 0.000000 -1.570790 -3.044320
    57 2.577897 -4.075848 1.825547 1.570743 -1.473520 1.570850
    58 -2.577999 -4.075848 1.825549 1.570743 -1.473520 1.570850
    59 2.330669 -1.877754 0.104131 -1.861302 0.207908 -1.328386
  time 154
    0 -0.003395 0.004619 23.307130 1.206135 0.000824 0.001329
    1 0.001573 4.212781 -1.689849 1.573087 -0.238438 1.552130
    2 3.837410 0.000000 0.000000 0.000258 -0.016997 0.188203
    3 3.617862 0.000000 0.000000 -0.001269 -0.015452 0.056864
    4 7.539774 0.000000 0.000000 0.000000 0.000000 0.155813
    5 3.178292 0.000001 0.000000 3.151880 0.021094 -0.036168
    6 2.970271 0.000000 0.000001 0.041899 -0.030548 0.096722
    7 -0.000002 0.000001 0.000000 -1.570796 0.000000 -1.326450
    8 2.023705 0.907460 0.852577 3.309106 -1.201569 1.234903
    9 4.983657 -0.000003 0.000000 -2.000365 -1.036333 -0.061219
    10 11.123049 -0.000003 0.000001 -0.000001 -0.000001 -0.791813
    11 11.208297 -0.000001 0.000013 1.791143 -0.081081 0.633576
    12 2.676087 -1.712447 0.000003 1.570795 0.000000 1.570797
    13 2.023707 0.907463 -0.852527 -2.073833 1.380430 -3.770454
    14 4.983657 -0.000004 0.000000 1.572162 0.273421 -0.513583
    15 11.123040 -0.000006 -0.000006 0.000000 0.000001 -0.693712
    16 11.208287 0.000000 -0.000016 -2.030799 0.361432 -0.292339
    17 2.676081 -1.712434 -0.000003 -1.570797 -0.000001 -1.570797
    18 3.984014 -0.000005 -0.000003 -2.608917 -1.453635 -0.241665
    19 15.940006 0.000002 0.000000 0.000000 0.000000 1.151431
    20 17.709558 0.000004 0.000002 -0.365306 -0.067740 -1.335131
    21 6.203996 0.000000 0.000001 -0.011146 0.000934 -0.500515
    22 -3.984013 0.000007 0.000007 -3.600025 -1.478309 0.291025
    23 15.940015 0.000000 0.000000 0.000000 0.000000 1.264462
    24 17.709572 -0.000006 0.000001 0.197346 0.202596 -1.378020
    25 6.204001 0.000003 -0.000001 -0.078651 -0.006185 -0.498943
    26 3.549240 0.198821 -1.489462 -0.029260 0.007465 -0.600445
    27 1.218999 -0.000001 0.000002 -0.076847 0.060269 -1.226139
    28 0.679998 -0.000001 -0.000001 -0.007329 0.087396 -0.386464
    29 3.698007 0.267555 -0.728972 -0.249207 0.111234 -0.977581
    30 1.749001 -0.000001 0.000003 -0.022878 0.014629 -1.199648
    31 0.959999 -0.000001 0.000001 -0.017667 0.035290 -0.759792
    32 3.768500 0.152546 0.071388 0.025526 0.088867 -0.983263
    33 2.037998 0.000001 0.000002 0.004454 -0.001072 -1.584810
    34 1.067001 0.000001 0.000002 0.001725 -0.005577 -0.620578
    35 3.783924 -0.017260 0.794558 0.336467 0.114167 -0.886961
    36 1.629002 -0.000001 0.000003 0.066461 -0.019587 -1.478125
    37 0.956000 0.000000 0.000001 0.034782 -0.060445 -0.692680
    38 1.258965 -0.297983 1.252590 -1.258523 -0.399565 -1.214133
    39 1.393001 0.000001 0.000000 0.001203 -0.139246 0.598616
    40 1.100002 0.000001 -0.000003 -0.118984 -0.234420 0.624261
    41 3.549266 0.211411 1.487664 0.416026 -0.089093 -0.826290
    42 1.218999 -0.000001 -0.000002 0.076519 -0.060605 -1.221542
    43 0.679999 0.000001 0.000000 0.029119 -0.082748 -0.641951
    44 3.698016 0.273718 0.726617 0.250128 -0.109007 -0.986108
    45 1.748999 0.000000 -0.000002 0.020255 -0.017985 -1.043218
    46 0.959996 0.000000 0.000000 0.015675 -0.036226 -0.705571
    47 3.768499 0.151954 -0.072746 -0.036173 -0.085092 -0.860942
    48 2.037997 0.000002 -0.000003 -0.004272 0.001742 -1.428344
    49 1.066998 0.000000 -0.000001 -0.001429 0.005624 -0.566382
    50 3.783906 -0.023949 -0.794455 -0.348600 -0.066356 -0.752502
    51 1.629001 0.000002 0.000000 -0.062588 0.029671 -1.321899
    52 0.955999 0.000000 -0.000002 -0.031449 0.062230 -0.638366
    53 1.258940 -0.308543 -1.250054 1.289006 0.530147 -0.654402
    54 1.392999 0.000000 -0.000003 -0.001788 0.370555 0.932381
    55 1.099998 -0.000002 -0.000003 0.000000 -0.013127 -0.286815
    56 0.578998 0.704300 0.000000 0.000000 -1.570790 -3.044320
    57 2.577897 -4.075848 1.825547 1.570743 -1.473520 1.570850
    58 -2.577999 -4.075848 1.825549 1.570743 -1.473520 1.570850
    59 2.330669 -1.877754 0.104131 -1.861302 0.207908 -1.328386
  time 155
    0 -0.003395 0.004619 23.307130 1.206229 0.001005 0.001425
    1 0.001573 4.212781 -1.689849 1.572638 -0.238334 1.552168
    2 3.837410 0.000000 0.000000 0.000231 -0.016775 0.188433
    3 3.617862 0.000000 0.000000 -0.001282 -0.015240 0.057087
    4 7.539774 0.000000 0.000000 0.000000 0.000000 0.155813
    5 3.178292 0.000001 0.000000 3.153932 0.021937 -0.033868
    6 2.970271 0.000000 0.000001 0.040039 -0.029068 0.099454
    7 -0.000002 0.000001 0.000000 -1.570796 0.000000 -1.326450
    8 2.023705 0.907460 0.852577 3.310830 -1.202715 1.232986
    9 4.983657 -0.000003 0.000000 -2.000174 -1.036485 -0.060746
    10 11.123049 -0.000003 0.000001 -0.000001 -0.000001 -0.792375
    11 11.208297 -0.000001 0.000013 1.789609 -0.080774 0.633789
    12 2.676087 -1.712447 0.000003 1.570795 0.000000 1.570797
    13 2.023707 0.907463 -0.852527 -2.080244 1.380667 -3.776109
    14 4.983657 -0.000004 0.000000 1.574461 0.272705 -0.514244
    15 11.123040 -0.000006 -0.000006 0.000000 0.000001 -0.695418
    16 11.208287 0.000000 -0.000016 -2.032145 0.360777 -0.292047
    17 2.676081 -1.712434 -0.000003 -1.570797 -0.000001 -1.570797
    18 3.984014 -0.000005 -0.000003 -2.605658 -1.454045 -0.244348
    19 15.940006 0.000002 0.000000 0.000000 0.000000 1.151357
    20 17.709558 0.000004 0.000002 -0.366216 -0.067989 -1.335650
    21 6.203996 0.000000 0.000001 -0.011146 0.000934 -0.500515
    22 -3.984013 0.000007 0.000007 -3.603859 -1.478802 0.295625
    23 15.940015 0.000000 0.000000 0.000000 0.000000 1.264615
    24 17.709572 -0.000006 0.000001 0.196871 0.201803 -1.378167
    25 6.204001 0.000003 -0.000001 -0.078651 -0.006185 -0.498943
    26 3.549240 0.198821 -1.489462 -0.029260 0.007439 -0.600299
    27 1.218999 -0.000001 0.000002 -0.076801 0.060269 -1.225982
    28 0.679998 -0.000001 -0.000001 -0.007294 0.087396 -0.386339
    29 3.698007 0.267555 -0.728972 -0.249189 0.111205 -0.977485
    30 1.749001 -0.000001 0.000003 -0.022839 0.014617 -1.199550
    31 0.959999 -0.000001 0.000001 -0.017628 0.035314 -0.759667
    32 3.768500 0.152546 0.071388 0.025542 0.088855 -0.983165
    33 2.037998 0.000001 0.000002 0.004474 -0.001048 -1.584708
    34 1.067001 0.000001 0.000002 0.001725 -0.005541 -0.620453
    35 3.783924 -0.017260 0.794558 0.336467 0.114136 -0.886817
    36 1.629002 -0.000001 0.000003 0.066441 -0.019587 -1.477988
    37 0.956000 0.000000 0.000001 0.034760 -0.060445 -0.692524
    38 1.258965 -0.297983 1.252590 -1.258480 -0.399587 -1.214023
    39 1.393001 0.000001 0.000000 0.001203 -0.139372 0.598616
    40 1.100002 0.000001 -0.000003 -0.119067 -0.234526 0.624306
    41 3.549266 0.211411 1.487664 0.416010 -0.089134 -0.826388
    42 1.218999 -0.000001 -0.000002 0.076519 -0.060605 -1.221542
    43 0.679999 0.000001 0.000000 0.029119 -0.082748 -0.641951
    44 3.698016 0.273718 0.726617 0.250116 -0.109048 -0.986211
    45 1.748999 0.000000 -0.000002 0.020255 -0.017985 -1.043218
    46 0.959996 0.000000 0.000000 0.015675 -0.036226 -0.705571
    47 3.768499 0.151954 -0.072746 -0.036197 -0.085116 -0.861049
    48 2.037997 0.000002 -0.000003 -0.004272 0.001742 -1.428344
    49 1.066998 0.000000 -0.000001 -0.001429 0.005624 -0.566382
    50 3.783906 -0.023949 -0.794455 -0.348628 -0.066387 -0.752607
    51 1.629001 0.000002 0.000000 -0.062588 0.029671 -1.321899
    52 0.955999 0.000000 -0.000002 -0.031449 0.062230 -0.638366
    53 1.258940 -0.308543 -1.250054 1.288963 0.530125 -0.654511
    54 1.392999 0.000000 -0.000003 -0.001788 0.370555 0.932381
    55 1.099998 -0.000002 -0.000003 0.000000 -0.013127 -0.286815
    56 0.578998 0.704300 0.000000 0.000000 -1.570790 -3.044320
    57 2.577897 -4.075848 1.825547 1.570743 -1.473520 1.570850
    58 -2.577999 -4.075848 1.825549 1.570743 -1.473520 1.570850
    59 2.330669 -1.877754 0.104131 -1.861302 0.207908 -1.328386
  time 156
    0 -0.003395 0.004619 23.307130 1.206323 0.001141 0.001521
    1 0.001573 4.212781 -1.689849 1.572166 -0.238229 1.552245
    2 3.837410 0.000000 0.000000 0.000191 -0.016570 0.188647
    3 3.617862 0.000000 0.000000 -0.001307 -0.015028 0.057309
    4 7.539774 0.000000 0.000000 0.000000 0.000000 0.155813
    5 3.178292 0.000001 0.000000 3.156440 0.022960 -0.031044
    6 2.970271 0.000000 0.000001 0.037756 -0.027351 0.102686
    7 -0.000002 0.000001 0.000000 -1.570796 0.000000 -1.326450
    8 2.023705 0.907460 0.852577 3.312459 -1.204059 1.231069
    9 4.983657 -0.000003 0.000000 -1.999792 -1.036840 -0.060368
    10 11.123049 -0.000003 0.000001 -0.000001 -0.000001 -0.792880
    11 11.208297 -0.000001 0.000013 1.788075 -0.080511 0.634003
    12 2.676087 -1.712447 0.000003 1.570795 0.000000 1.570797
    13 2.023707 0.907463 -0.852527 -2.086560 1.380904 -3.781669
    14 4.983657 -0.000004 0.000000 1.576760 0.272037 -0.514812
    15 11.123040 -0.000006 -0.000006 0.000000 0.000001 -0.697123
    16 11.208287 0.000000 -0.000016 -2.033491 0.360076 -0.291828
    17 2.676081 -1.712434 -0.000003 -1.570797 -0.000001 -1.570797
    18 3.984014 -0.000005 -0.000003 -2.602975 -1.454529 -0.246456
    19 15.940006 0.000002 0.000000 0.000000 0.000000 1.151357
    20 17.709558 0.000004 0.000002 -0.366974 -0.068452 -1.335910
    21 6.203996 0.000000 0.000001 -0.011146 0.000934 -0.500515
    22 -3.984013 0.000007 0.000007 -3.607118 -1.479345 0.299650
    23 15.940015 0.000000 0.000000 0.000000 0.000000 1.264692
    24 17.709572 -0.000006 0.000001 0.196278 0.201147 -1.378314
    25 6.204001 0.000003 -0.000001 -0.078651 -0.006185 -0.498943
    26 3.549240 0.198821 -1.489462 -0.029240 0.007439 -0.600250
    27 1.218999 -0.000001 0.000002 -0.076786 0.060269 -1.225982
    28 0.679998 -0.000001 -0.000001 -0.007276 0.087396 -0.386256
    29 3.698007 0.267555 -0.728972 -0.249172 0.111191 -0.977389
    30 1.749001 -0.000001 0.000003 -0.022820 0.014605 -1.199500
    31 0.959999 -0.000001 0.000001 -0.017608 0.035326 -0.759625
    32 3.768500 0.152546 0.071388 0.025559 0.088831 -0.983115
    33 2.037998 0.000001 0.000002 0.004495 -0.001048 -1.584657
    34 1.067001 0.000001 0.000002 0.001725 -0.005541 -0.620370
    35 3.783924 -0.017260 0.794558 0.336487 0.114121 -0.886769
    36 1.629002 -0.000001 0.000003 0.066441 -0.019587 -1.477943
    37 0.956000 0.000000 0.000001 0.034760 -0.060445 -0.692462
    38 1.258965 -0.297983 1.252590 -1.258480 -0.399609 -1.213986
    39 1.393001 0.000001 0.000000 0.001203 -0.139427 0.598645
    40 1.100002 0.000001 -0.000003 -0.119091 -0.234569 0.624350
    41 3.549266 0.211411 1.487664 0.415994 -0.089176 -0.826534
    42 1.218999 -0.000001 -0.000002 0.076519 -0.060605 -1.221542
    43 0.679999 0.000001 0.000000 0.029119 -0.082748 -0.641951
    44 3.698016 0.273718 0.726617 0.250092 -0.109104 -0.986364
    45 1.748999 0.000000 -0.000002 0.020255 -0.017985 -1.043218
    46 0.959996 0.000000 0.000000 0.015675 -0.036226 -0.705571
    47 3.768499 0.151954 -0.072746 -0.036221 -0.085176 -0.861209
    48 2.037997 0.000002 -0.000003 -0.004272 0.001742 -1.428344
    49 1.066998 0.000000 -0.000001 -0.001429 0.005624 -0.566382
    50 3.783906 -0.023949 -0.794455 -0.348657 -0.066434 -0.752764
    51 1.629001 0.000002 0.000000 -0.062588 0.029671 -1.321899
    52 0.955999 0.000000 -0.000002 -0.031449 0.062230 -0.638366
    53 1.258940 -0.308543 -1.250054 1.288876 0.530060 -0.654692
    54 1.392999 0.000000 -0.000003 -0.001788 0.370555 0.932381
    55 1.099998 -0.000002 -0.000003 0.000000 -0.013127 -0.286815
    56 0.578998 0.704300 0.000000 0.000000 -1.570790 -3.044320
    57 2.577897 -4.075848 1.825547 1.570743 -1.473520 1.570850
    58 -2.577999 -4.075848 1.825549 1.570743 -1.473520 1.570850
    59 2.330669 -1.877754 0.104131 -1.861302 0.207908 -1.328386
  time 157
    0 -0.003395 0.004619 23.307130 1.206417 0.001276 0.001521
    1 0.001573 4.212781 -1.689849 1.571671 -0.238103 1.552323
    2 3.837410 0.000000 0.000000 0.000137 -0.016349 0.188877
    3 3.617862 0.000000 0.000000 -0.001359 -0.014801 0.057531
    4 7.539774 0.000000 0.000000 0.000000 0.000000 0.155813
    5 3.178292 0.000001 0.000000 3.159376 0.024124 -0.027725
    6 2.970271 0.000000 0.000001 0.035092 -0.025417 0.106465
    7 -0.000002 0.000001 0.000000 -1.570796 0.000000 -1.326450
    8 2.023705 0.907460 0.852577 3.313992 -1.205561 1.229057
    9 4.983657 -0.000003 0.000000 -1.999123 -1.037297 -0.060274
    10 11.123049 -0.000003 0.000001 -0.000001 -0.000001 -0.793329
    11 11.208297 -0.000001 0.000013 1.786541 -0.080248 0.634074
    12 2.676087 -1.712447 0.000003 1.570795 0.000000 1.570797
    13 2.023707 0.907463 -0.852527 -2.092685 1.381093 -3.786942
    14 4.983657 -0.000004 0.000000 1.578964 0.271464 -0.515284
    15 11.123040 -0.000006 -0.000006 0.000000 0.000001 -0.698893
    16 11.208287 0.000000 -0.000016 -2.034748 0.359374 -0.291463
    17 2.676081 -1.712434 -0.000003 -1.570797 -0.000001 -1.570797
    18 3.984014 -0.000005 -0.000003 -2.601058 -1.455087 -0.247702
    19 15.940006 0.000002 0.000000 0.000000 0.000000 1.151578
    20 17.709558 0.000004 0.000002 -0.367733 -0.069022 -1.336083
    21 6.203996 0.000000 0.000001 -0.011146 0.000934 -0.500515
    22 -3.984013 0.000007 0.000007 -3.610185 -1.479888 0.303483
    23 15.940015 0.000000 0.000000 0.000000 0.000000 1.264692
    24 17.709572 -0.000006 0.000001 0.195626 0.200526 -1.378462
    25 6.204001 0.000003 -0.000001 -0.078651 -0.006185 -0.498943
    26 3.549240 0.198821 -1.489462 -0.029260 0.007439 -0.600299
    27 1.218999 -0.000001 0.000002 -0.076817 0.060269 -1.226035
    28 0.679998 -0.000001 -0.000001 -0.007294 0.087396 -0.386339
    29 3.698007 0.267555 -0.728972 -0.249189 0.111205 -0.977485
    30 1.749001 -0.000001 0.000003 -0.022839 0.014617 -1.199550
    31 0.959999 -0.000001 0.000001 -0.017628 0.035302 -0.759667
    32 3.768500 0.152546 0.071388 0.025542 0.088855 -0.983165
    33 2.037998 0.000001 0.000002 0.004474 -0.001048 -1.584708
    34 1.067001 0.000001 0.000002 0.001725 -0.005541 -0.620453
    35 3.783924 -0.017260 0.794558 0.336467 0.114152 -0.886865
    36 1.629002 -0.000001 0.000003 0.066441 -0.019587 -1.478034
    37 0.956000 0.000000 0.000001 0.034760 -0.060445 -0.692555
    38 1.258965 -0.297983 1.252590 -1.258480 -0.399587 -1.214023
    39 1.393001 0.000001 0.000000 0.001203 -0.139354 0.598616
    40 1.100002 0.000001 -0.000003 -0.119056 -0.234526 0.624306
    41 3.549266 0.211411 1.487664 0.415947 -0.089258 -0.826728
    42 1.218999 -0.000001 -0.000002 0.076519 -0.060605 -1.221542
    43 0.679999 0.000001 0.000000 0.029119 -0.082748 -0.641951
    44 3.698016 0.273718 0.726617 0.250068 -0.109173 -0.986518
    45 1.748999 0.000000 -0.000002 0.020255 -0.017985 -1.043218
    46 0.959996 0.000000 0.000000 0.015675 -0.036226 -0.705571
    47 3.768499 0.151954 -0.072746 -0.036257 -0.085248 -0.861370
    48 2.037997 0.000002 -0.000003 -0.004272 0.001742 -1.428344
    49 1.066998 0.000000 -0.000001 -0.001429 0.005624 -0.566382
    50 3.783906 -0.023949 -0.794455 -0.348700 -0.066511 -0.752921
    51 1.629001 0.000002 0.000000 -0.062588 0.029671 -1.321899
    52 0.955999 0.000000 -0.000002 -0.031449 0.062230 -0.638366
    53 1.258940 -0.308543 -1.250054 1.288876 0.529995 -0.654910
    54 1.392999 0.000000 -0.000003 -0.001788 0.370555 0.932381
    55 1.099998 -0.000002 -0.000003 0.000000 -0.013127 -0.286815
    56 0.578998 0.704300 0.000000 0.000000 -1.570790 -3.044320
    57 2.577897 -4.075848 1.825547 1.570743 -1.473520 1.570850
    58 -2.577999 -4.075848 1.825549 1.570743 -1.473520 1.570850
    59 2.330669 -1.877754 0.104131 -1.861302 0.207908 -1.328386
  time 158
    0 -0.003395 0.004619 23.307130 1.206511 0.001412 0.001617
    1 0.001573 4.212781 -1.689849 1.571177 -0.238019 1.552400
    2 3.837410 0.000000 0.000000 -0.000012 -0.016112 0.189107
    3 3.617862 0.000000 0.000000 -0.001423 -0.014559 0.057770
    4 7.539774 0.000000 0.000000 0.000000 0.000000 0.155813
    5 3.178292 0.000001 0.000000 3.162711 0.025409 -0.023998
    6 2.970271 0.000000 0.000001 0.032090 -0.023266 0.110563
    7 -0.000002 0.000001 0.000000 -1.570796 0.000000 -1.326450
    8 2.023705 0.907460 0.852577 3.315429 -1.207182 1.227044
    9 4.983657 -0.000003 0.000000 -1.998263 -1.037905 -0.060463
    10 11.123049 -0.000003 0.000001 -0.000001 -0.000001 -0.793666
    11 11.208297 -0.000001 0.000013 1.785007 -0.079984 0.634145
    12 2.676087 -1.712447 0.000003 1.570795 0.000000 1.570797
    13 2.023707 0.907463 -0.852527 -2.098426 1.381283 -3.792022
    14 4.983657 -0.000004 0.000000 1.581167 0.270939 -0.515757
    15 11.123040 -0.000006 -0.000006 0.000000 0.000001 -0.700725
    16 11.208287 0.000000 -0.000016 -2.036094 0.358719 -0.291098
    17 2.676081 -1.712434 -0.000003 -1.570797 -0.000001 -1.570797
    18 3.984014 -0.000005 -0.000003 -2.599620 -1.455646 -0.248276
    19 15.940006 0.000002 0.000000 0.000000 0.000000 1.151799
    20 17.709558 0.000004 0.000002 -0.368415 -0.069734 -1.336256
    21 6.203996 0.000000 0.000001 -0.011146 0.000934 -0.500515
    22 -3.984013 0.000007 0.000007 -3.613061 -1.480481 0.307316
    23 15.940015 0.000000 0.000000 0.000000 0.000000 1.264615
    24 17.709572 -0.000006 0.000001 0.194914 0.199940 -1.378658
    25 6.204001 0.000003 -0.000001 -0.078651 -0.006185 -0.498943
    26 3.549240 0.198821 -1.489462 -0.029280 0.007492 -0.600494
    27 1.218999 -0.000001 0.000002 -0.076863 0.060269 -1.226191
    28 0.679998 -0.000001 -0.000001 -0.007347 0.087396 -0.386548
    29 3.698007 0.267555 -0.728972 -0.249225 0.111234 -0.977676
    30 1.749001 -0.000001 0.000003 -0.022917 0.014641 -1.199747
    31 0.959999 -0.000001 0.000001 -0.017706 0.035278 -0.759834
    32 3.768500 0.152546 0.071388 0.025509 0.088879 -0.983362
    33 2.037998 0.000001 0.000002 0.004454 -0.001072 -1.584861
    34 1.067001 0.000001 0.000002 0.001707 -0.005589 -0.620661
    35 3.783924 -0.017260 0.794558 0.336447 0.114182 -0.887057
    36 1.629002 -0.000001 0.000003 0.066461 -0.019607 -1.478217
    37 0.956000 0.000000 0.000001 0.034804 -0.060445 -0.692742
    38 1.258965 -0.297983 1.252590 -1.258523 -0.399565 -1.214207
    39 1.393001 0.000001 0.000000 0.001203 -0.139174 0.598616
    40 1.100002 0.000001 -0.000003 -0.118948 -0.234356 0.624261
    41 3.549266 0.211411 1.487664 0.415900 -0.089341 -0.826971
    42 1.218999 -0.000001 -0.000002 0.076519 -0.060605 -1.221542
    43 0.679999 0.000001 0.000000 0.029119 -0.082748 -0.641951
    44 3.698016 0.273718 0.726617 0.250032 -0.109270 -0.986774
    45 1.748999 0.000000 -0.000002 0.020255 -0.017985 -1.043218
    46 0.959996 0.000000 0.000000 0.015675 -0.036226 -0.705571
    47 3.768499 0.151954 -0.072746 -0.036305 -0.085332 -0.861637
    48 2.037997 0.000002 -0.000003 -0.004272 0.001742 -1.428344
    49 1.066998 0.000000 -0.000001 -0.001429 0.005624 -0.566382
    50 3.783906 -0.023949 -0.794455 -0.348757 -0.066588 -0.753182
    51 1.629001 0.000002 0.000000 -0.062588 0.029671 -1.321899
    52 0.955999 0.000000 -0.000002 -0.031449 0.062230 -0.638366
    53 1.258940 -0.308543 -1.250054 1.288833 0.529930 -0.655199
    54 1.392999 0.000000 -0.000003 -0.001788 0.370555 0.932381
    55 1.099998 -0.000002 -0.000003 0.000000 -0.013127 -0.286815
    56 0.578998 0.704300 0.000000 0.000000 -1.570790 -3.044320
    57 2.577897 -4.075848 1.825547 1.570743 -1.473520 1.570850
    58 -2.577999 -4.075848 1.825549 1.570743 -1.473520 1.570850
    59 2.330669 -1.877754 0.104131 -1.861302 0.207908 -1.328386
  time 159
    0 -0.003395 0.004619 23.307130 1.206605 0.001593 0.001617
    1 0.001573 4.212781 -1.689849 1.570683 -0.237893 1.552477
    2 3.837410 0.000000 0.000000 -0.000025 -0.015875 0.189337
    3 3.617862 0.000000 0.000000 -0.001500 -0.014332 0.057992
    4 7.539774 0.000000 0.000000 0.000000 0.000000 0.155813
    5 3.178292 0.000001 0.000000 3.166331 0.026773 -0.019892
    6 2.970271 0.000000 0.000001 0.028835 -0.020918 0.115116
    7 -0.000002 0.000001 0.000000 -1.570796 0.000000 -1.326450
    8 2.023705 0.907460 0.852577 3.316770 -1.208921 1.225032
    9 4.983657 -0.000003 0.000000 -1.997117 -1.038666 -0.060746
    10 11.123049 -0.000003 0.000001 -0.000001 -0.000001 -0.793947
    11 11.208297 -0.000001 0.000013 1.783569 -0.079721 0.634145
    12 2.676087 -1.712447 0.000003 1.570795 0.000000 1.570797
    13 2.023707 0.907463 -0.852527 -2.103881 1.381473 -3.796719
    14 4.983657 -0.000004 0.000000 1.583370 0.270461 -0.516135
    15 11.123040 -0.000006 -0.000006 0.000000 0.000001 -0.702557
    16 11.208287 0.000000 -0.000016 -2.037351 0.358017 -0.290660
    17 2.676081 -1.712434 -0.000003 -1.570797 -0.000001 -1.570797
    18 3.984014 -0.000005 -0.000003 -2.598757 -1.456279 -0.248372
    19 15.940006 0.000002 0.000000 0.000000 0.000000 1.152168
    20 17.709558 0.000004 0.000002 -0.369022 -0.070518 -1.336256
    21 6.203996 0.000000 0.000001 -0.011146 0.000934 -0.500515
    22 -3.984013 0.000007 0.000007 -3.616223 -1.481122 0.311245
    23 15.940015 0.000000 0.000000 0.000000 0.000000 1.264615
    24 17.709572 -0.000006 0.000001 0.194202 0.199388 -1.378806
    25 6.204001 0.000003 -0.000001 -0.078651 -0.006185 -0.498943
    26 3.549240 0.198821 -1.489462 -0.029300 0.007571 -0.600786
    27 1.218999 -0.000001 0.000002 -0.076955 0.060281 -1.226505
    28 0.679998 -0.000001 -0.000001 -0.007419 0.087396 -0.386840
    29 3.698007 0.267555 -0.728972 -0.249277 0.111306 -0.977963
    30 1.749001 -0.000001 0.000003 -0.023033 0.014665 -1.199993
    31 0.959999 -0.000001 0.000001 -0.017804 0.035218 -0.760126
    32 3.768500 0.152546 0.071388 0.025444 0.088939 -0.983658
    33 2.037998 0.000001 0.000002 0.004393 -0.001095 -1.585167
    34 1.067001 0.000001 0.000002 0.001688 -0.005637 -0.620953
    35 3.783924 -0.017260 0.794558 0.336387 0.114244 -0.887344
    36 1.629002 -0.000001 0.000003 0.066501 -0.019607 -1.478537
    37 0.956000 0.000000 0.000001 0.034847 -0.060457 -0.693022
    38 1.258965 -0.297983 1.252590 -1.258608 -0.399520 -1.214464
    39 1.393001 0.000001 0.000000 0.001203 -0.138868 0.598559
    40 1.100002 0.000001 -0.000003 -0.118780 -0.234100 0.624173
    41 3.549266 0.211411 1.487664 0.415853 -0.089444 -0.827214
    42 1.218999 -0.000001 -0.000002 0.076519 -0.060605 -1.221542
    43 0.679999 0.000001 0.000000 0.029119 -0.082748 -0.641951
    44 3.698016 0.273718 0.726617 0.249996 -0.109380 -0.987030
    45 1.748999 0.000000 -0.000002 0.020255 -0.017985 -1.043218
    46 0.959996 0.000000 0.000000 0.015675 -0.036226 -0.705571
    47 3.768499 0.151954 -0.072746 -0.036364 -0.085427 -0.861905
    48 2.037997 0.000002 -0.000003 -0.004272 0.001742 -1.428344
    49 1.066998 0.000000 -0.000001 -0.001429 0.005624 -0.566382
    50 3.783906 -0.023949 -0.794455 -0.348814 -0.066697 -0.753444
    51 1.629001 0.000002 0.000000 -0.062588 0.029671 -1.321899
    52 0.955999 0.000000 -0.000002 -0.031449 0.062230 -0.638366
    53 1.258940 -0.308543 -1.250054 1.288746 0.529843 -0.655526
    54 1.392999 0.000000 -0.000003 -0.001788 0.370555 0.932381
    55 1.099998 -0.000002 -0.000003 0.000000 -0.013127 -0.286815
    56 0.578998 0.704300 0.000000 0.000000 -1.570790 -3.044320
    57 2.577897 -4.075848 1.825547 1.570743 -1.473520 1.570850
    58 -2.577999 -4.075848 1.825549 1.570743 -1.473520 1.570850
    59 2.330669 -1.877754 0.104131 -1.861302 0.207908 -1.328386
  time 160
    0 -0.003395 0.004619 23.307130 1.206699 0.001729 0.001712
    1 0.001573 4.212781 -1.689849 1.570188 -0.237789 1.552593
    2 3.837410 0.000000 0.000000 -0.000161 -0.015607 0.189600
    3 3.617862 0.000000 0.000000 -0.001602 -0.014045 0.058266
    4 7.539774 0.000000 0.000000 0.000000 0.000000 0.155813
    5 3.178292 0.000001 0.000000 3.170265 0.028259 -0.015467
    6 2.970271 0.000000 0.000001 0.025368 -0.018333 0.119987
    7 -0.000002 0.000001 0.000000 -1.570796 0.000000 -1.326450
    8 2.023705 0.907460 0.852577 3.318015 -1.210779 1.222923
    9 4.983657 -0.000003 0.000000 -1.995970 -1.039275 -0.061219
    10 11.123049 -0.000003 0.000001 -0.000001 -0.000001 -0.794452
    11 11.208297 -0.000001 0.000013 1.782131 -0.079458 0.634216
    12 2.676087 -1.712447 0.000003 1.570795 0.000000 1.570797
    13 2.023707 0.907463 -0.852527 -2.109048 1.381568 -3.801129
    14 4.983657 -0.000004 0.000000 1.585478 0.270032 -0.516418
    15 11.123040 -0.000006 -0.000006 0.000000 0.000001 -0.704642
    16 11.208287 0.000000 -0.000016 -2.038608 0.357362 -0.290077
    17 2.676081 -1.712434 -0.000003 -1.570797 -0.000001 -1.570797
    18 3.984014 -0.000005 -0.000003 -2.598470 -1.456912 -0.247893
    19 15.940006 0.000002 0.000000 0.000000 0.000000 1.152610
    20 17.709558 0.000004 0.000002 -0.369553 -0.071372 -1.336342
    21 6.203996 0.000000 0.000001 -0.011146 0.000934 -0.500515
    22 -3.984013 0.000007 0.000007 -3.619195 -1.481764 0.315174
    23 15.940015 0.000000 0.000000 0.000000 0.000000 1.264539
    24 17.709572 -0.000006 0.000001 0.193490 0.198836 -1.378953
    25 6.204001 0.000003 -0.000001 -0.078651 -0.006185 -0.498943
    26 3.549240 0.198821 -1.489462 -0.029341 0.007650 -0.601175
    27 1.218999 -0.000001 0.000002 -0.077062 0.060281 -1.226922
    28 0.679998 -0.000001 -0.000001 -0.007508 0.087396 -0.387216
    29 3.698007 0.267555 -0.728972 -0.249347 0.111378 -0.978394
    30 1.749001 -0.000001 0.000003 -0.023207 0.014701 -1.200387
    31 0.959999 -0.000001 0.000001 -0.017979 0.035134 -0.760501
    32 3.768500 0.152546 0.071388 0.025378 0.089011 -0.984053
    33 2.037998 0.000001 0.000002 0.004332 -0.001131 -1.585575
    34 1.067001 0.000001 0.000002 0.001652 -0.005697 -0.621329
    35 3.783924 -0.017260 0.794558 0.336347 0.114321 -0.887728
    36 1.629002 -0.000001 0.000003 0.066560 -0.019628 -1.478902
    37 0.956000 0.000000 0.000001 0.034912 -0.060469 -0.693458
    38 1.258965 -0.297983 1.252590 -1.258693 -0.399453 -1.214831
    39 1.393001 0.000001 0.000000 0.001203 -0.138453 0.598530
    40 1.100002 0.000001 -0.000003 -0.118528 -0.233760 0.624084
    41 3.549266 0.211411 1.487664 0.415790 -0.089547 -0.827555
    42 1.218999 -0.000001 -0.000002 0.076519 -0.060605 -1.221542
    43 0.679999 0.000001 0.000000 0.029119 -0.082748 -0.641951
    44 3.698016 0.273718 0.726617 0.249960 -0.109504 -0.987337
    45 1.748999 0.000000 -0.000002 0.020255 -0.017985 -1.043218
    46 0.959996 0.000000 0.000000 0.015675 -0.036226 -0.705571
    47 3.768499 0.151954 -0.072746 -0.036412 -0.085547 -0.862226
    48 2.037997 0.000002 -0.000003 -0.004272 0.001742 -1.428344
    49 1.066998 0.000000 -0.000001 -0.001429 0.005624 -0.566382
    50 3.783906 -0.023949 -0.794455 -0.348886 -0.066805 -0.753758
    51 1.629001 0.000002 0.000000 -0.062588 0.029671 -1.321899
    52 0.955999 0.000000 -0.000002 -0.031449 0.062230 -0.638366
    53 1.258940 -0.308543 -1.250054 1.288659 0.529757 -0.655852
    54 1.392999 0.000000 -0.000003 -0.001788 0.370555 0.932381
    55 1.099998 -0.000002 -0.000003 0.000000 -0.013127 -0.286815
    56 0.578998 0.704300 0.000000 0.000000 -1.570790 -3.044320
    57 2.577897 -4.075848 1.825547 1.570743 -1.473520 1.570850
    58 -2.577999 -4.075848 1.825549 1.570743 -1.473520 1.570850
    59 2.330669 -1.877754 0.104131 -1.861302 0.207908 -1.328386
  time 161
    0 -0.003395 0.004619 23.307130 1.206793 0.001910 0.001808
    1 0.001573 4.212781 -1.689849 1.569694 -0.237684 1.552670
    2 3.837410 0.000000 0.000000 -0.000350 -0.015275 0.189912
    3 3.617862 0.000000 0.000000 -0.001769 -0.013697 0.058573
    4 7.539774 0.000000 0.000000 0.000000 0.000000 0.155813
    5 3.178292 0.000001 0.000000 3.174398 0.029804 -0.010808
    6 2.970271 0.000000 0.000001 0.021816 -0.015471 0.125223
    7 -0.000002 0.000001 0.000000 -1.570796 0.000000 -1.326450
    8 2.023705 0.907460 0.852577 3.319165 -1.212756 1.220911
    9 4.983657 -0.000003 0.000000 -1.994633 -1.039579 -0.061691
    10 11.123049 -0.000003 0.000001 -0.000001 -0.000001 -0.795294
    11 11.208297 -0.000001 0.000013 1.780501 -0.079107 0.634430
    12 2.676087 -1.712447 0.000003 1.570795 0.000000 1.570797
    13 2.023707 0.907463 -0.852527 -2.113929 1.381710 -3.805251
    14 4.983657 -0.000004 0.000000 1.587681 0.269602 -0.516513
    15 11.123040 -0.000006 -0.000006 0.000000 0.000001 -0.707169
    16 11.208287 0.000000 -0.000016 -2.040044 0.356613 -0.289274
    17 2.676081 -1.712434 -0.000003 -1.570797 -0.000001 -1.570797
    18 3.984014 -0.000005 -0.000003 -2.598566 -1.457545 -0.246935
    19 15.940006 0.000002 0.000000 0.000000 0.000000 1.153126
    20 17.709558 0.000004 0.000002 -0.370008 -0.072263 -1.336256
    21 6.203996 0.000000 0.000001 -0.011146 0.000934 -0.500515
    22 -3.984013 0.000007 0.000007 -3.622262 -1.482356 0.319103
    23 15.940015 0.000000 0.000000 0.000000 0.000000 1.264462
    24 17.709572 -0.000006 0.000001 0.192719 0.198284 -1.379101
    25 6.204001 0.000003 -0.000001 -0.078651 -0.006185 -0.498943
    26 3.549240 0.198821 -1.489462 -0.029381 0.007782 -0.601662
    27 1.218999 -0.000001 0.000002 -0.077200 0.060281 -1.227392
    28 0.679998 -0.000001 -0.000001 -0.007615 0.087396 -0.387717
    29 3.698007 0.267555 -0.728972 -0.249435 0.111478 -0.978872
    30 1.749001 -0.000001 0.000003 -0.023421 0.014748 -1.200830
    31 0.959999 -0.000001 0.000001 -0.018155 0.035038 -0.760960
    32 3.768500 0.152546 0.071388 0.025296 0.089107 -0.984546
    33 2.037998 0.000001 0.000002 0.004250 -0.001179 -1.586085
    34 1.067001 0.000001 0.000002 0.001616 -0.005769 -0.621829
    35 3.783924 -0.017260 0.794558 0.336267 0.114429 -0.888255
    36 1.629002 -0.000001 0.000003 0.066640 -0.019670 -1.479405
    37 0.956000 0.000000 0.000001 0.034998 -0.060481 -0.693924
    38 1.258965 -0.297983 1.252590 -1.258779 -0.399386 -1.215272
    39 1.393001 0.000001 0.000000 0.001186 -0.137967 0.598473
    40 1.100002 0.000001 -0.000003 -0.118253 -0.233355 0.623950
    41 3.549266 0.211411 1.487664 0.415711 -0.089671 -0.827846
    42 1.218999 -0.000001 -0.000002 0.076519 -0.060605 -1.221542
    43 0.679999 0.000001 0.000000 0.029119 -0.082748 -0.641951
    44 3.698016 0.273718 0.726617 0.249912 -0.109629 -0.987695
    45 1.748999 0.000000 -0.000002 0.020255 -0.017985 -1.043218
    46 0.959996 0.000000 0.000000 0.015675 -0.036226 -0.705571
    47 3.768499 0.151954 -0.072746 -0.036472 -0.085667 -0.862547
    48 2.037997 0.000002 -0.000003 -0.004272 0.001742 -1.428344
    49 1.066998 0.000000 -0.000001 -0.001429 0.005624 -0.566382
    50 3.783906 -0.023949 -0.794455 -0.348972 -0.066929 -0.754072
    51 1.629001 0.000002 0.000000 -0.062588 0.029671 -1.321899
    52 0.955999 0.000000 -0.000002 -0.031449 0.062230 -0.638366
    53 1.258940 -0.308543 -1.250054 1.288529 0.529626 -0.656250
    54 1.392999 0.000000 -0.000003 -0.001788 0.370555 0.932381
    55 1.099998 -0.000002 -0.000003 0.000000 -0.013127 -0.286815
    56 0.578998 0.704300 0.000000 0.000000 -1.570790 -3.044320
    57 2.577897 -4.075848 1.825547 1.570743 -1.473520 1.570850
    58 -2.577999 -4.075848 1.825549 1.570743 -1.473520 1.570850
    59 2.330669 -1.877754 0.104131 -1.861302 0.207908 -1.328386
  time 162
    0 -0.003395 0.004619 23.307130 1.206888 0.002046 0.001808
    1 0.001573 4.212781 -1.689849 1.569244 -0.237579 1.552747
    2 3.837410 0.000000 0.000000 -0.000593 -0.014880 0.190257
    3 3.617862 0.000000 0.000000 -0.001974 -0.013304 0.058932
    4 7.539774 0.000000 0.000000 0.000000 0.000000 0.155813
    5 3.178292 0.000001 0.000000 3.178673 0.031410 -0.005946
    6 2.970271 0.000000 0.000001 0.018222 -0.012393 0.130686
    7 -0.000002 0.000001 0.000000 -1.570796 0.000000 -1.326450
    8 2.023705 0.907460 0.852577 3.320218 -1.214772 1.218898
    9 4.983657 -0.000003 0.000000 -1.993295 -1.039630 -0.062163
    10 11.123049 -0.000003 0.000001 -0.000001 -0.000001 -0.796529
    11 11.208297 -0.000001 0.000013 1.778680 -0.078712 0.634856
    12 2.676087 -1.712447 0.000003 1.570795 0.000000 1.570797
    13 2.023707 0.907463 -0.852527 -2.118426 1.381805 -3.808989
    14 4.983657 -0.000004 0.000000 1.589980 0.269172 -0.516607
    15 11.123040 -0.000006 -0.000006 0.000000 0.000001 -0.710013
    16 11.208287 0.000000 -0.000016 -2.041570 0.355724 -0.288325
    17 2.676081 -1.712434 -0.000003 -1.570797 -0.000001 -1.570797
    18 3.984014 -0.000005 -0.000003 -2.599237 -1.458178 -0.245498
    19 15.940006 0.000002 0.000000 0.000000 0.000000 1.153715
    20 17.709558 0.000004 0.000002 -0.370463 -0.073224 -1.336256
    21 6.203996 0.000000 0.000001 -0.011146 0.000934 -0.500515
    22 -3.984013 0.000007 0.000007 -3.625329 -1.482998 0.323032
    23 15.940015 0.000000 0.000000 0.000000 0.000000 1.264309
    24 17.709572 -0.000006 0.000001 0.191948 0.197767 -1.379248
    25 6.204001 0.000003 -0.000001 -0.078651 -0.006185 -0.498943
    26 3.549240 0.198821 -1.489462 -0.029442 0.007914 -0.602197
    27 1.218999 -0.000001 0.000002 -0.077353 0.060281 -1.227967
    28 0.679998 -0.000001 -0.000001 -0.007758 0.087396 -0.388301
    29 3.698007 0.267555 -0.728972 -0.249523 0.111565 -0.979446
    30 1.749001 -0.000001 0.000003 -0.023653 0.014796 -1.201323
    31 0.959999 -0.000001 0.000001 -0.018370 0.034930 -0.761502
    32 3.768500 0.152546 0.071388 0.025198 0.089214 -0.985089
    33 2.037998 0.000001 0.000002 0.004168 -0.001227 -1.586646
    34 1.067001 0.000001 0.000002 0.001580 -0.005865 -0.622371
    35 3.783924 -0.017260 0.794558 0.336167 0.114537 -0.888782
    36 1.629002 -0.000001 0.000003 0.066699 -0.019691 -1.479999
    37 0.956000 0.000000 0.000001 0.035085 -0.060481 -0.694515
    38 1.258965 -0.297983 1.252590 -1.258950 -0.399319 -1.215786
    39 1.393001 0.000001 0.000000 0.001186 -0.137408 0.598415
    40 1.100002 0.000001 -0.000003 -0.117929 -0.232908 0.623817
    41 3.549266 0.211411 1.487664 0.415633 -0.089795 -0.828235
    42 1.218999 -0.000001 -0.000002 0.076519 -0.060605 -1.221542
    43 0.679999 0.000001 0.000000 0.029119 -0.082748 -0.641951
    44 3.698016 0.273718 0.726617 0.249852 -0.109767 -0.988054
    45 1.748999 0.000000 -0.000002 0.020255 -0.017985 -1.043218
    46 0.959996 0.000000 0.000000 0.015675 -0.036226 -0.705571
    47 3.768499 0.151954 -0.072746 -0.036544 -0.085799 -0.862922
    48 2.037997 0.000002 -0.000003 -0.004272 0.001742 -1.428344
    49 1.066998 0.000000 -0.000001 -0.001429 0.005624 -0.566382
    50 3.783906 -0.023949 -0.794455 -0.349043 -0.067053 -0.754438
    51 1.629001 0.000002 0.000000 -0.062588 0.029671 -1.321899
    52 0.955999 0.000000 -0.000002 -0.031449 0.062230 -0.638366
    53 1.258940 -0.308543 -1.250054 1.288442 0.529518 -0.656685
    54 1.392999 0.000000 -0.000003 -0.001788 0.370555 0.932381
    55 1.099998 -0.000002 -0.000003 0.000000 -0.013127 -0.286815
    56 0.578998 0.704300 0.000000 0.000000 -1.570790 -3.044320
    57 2.577897 -4.075848 1.825547 1.570743 -1.473520 1.570850
    58 -2.577999 -4.075848 1.825549 1.570743 -1.473520 1.570850
    59 2.330669 -1.877754 0.104131 -1.861302 0.207908 -1.328386
  time 163
    0 -0.003395 0.004619 23.307130 1.206982 0.002182 0.001904
    1 0.001573 4.212781 -1.689849 1.568772 -0.237474 1.552824
    2 3.837410 0.000000 0.000000 -0.000863 -0.014438 0.190667
    3 3.617862 0.000000 0.000000 -0.002231 -0.012850 0.059342
    4 7.539774 0.000000 0.000000 0.000000 0.000000 0.155813
    5 3.178292 0.000001 0.000000 3.183091 0.033035 -0.000938
    6 2.970271 0.000000 0.000001 0.014586 -0.009097 0.136377
    7 -0.000002 0.000001 0.000000 -1.570796 0.000000 -1.326450
    8 2.023705 0.907460 0.852577 3.321272 -1.216827 1.216790
    9 4.983657 -0.000003 0.000000 -1.991862 -1.039478 -0.062447
    10 11.123049 -0.000003 0.000001 -0.000001 -0.000001 -0.797989
    11 11.208297 -0.000001 0.000013 1.776571 -0.078229 0.635283
    12 2.676087 -1.712447 0.000003 1.570795 0.000000 1.570797
    13 2.023707 0.907463 -0.852527 -2.122445 1.381899 -3.812248
    14 4.983657 -0.000004 0.000000 1.592567 0.268743 -0.516607
    15 11.123040 -0.000006 -0.000006 0.000000 0.000001 -0.713172
    16 11.208287 0.000000 -0.000016 -2.043365 0.354695 -0.287304
    17 2.676081 -1.712434 -0.000003 -1.570797 -0.000001 -1.570797
    18 3.984014 -0.000005 -0.000003 -2.600387 -1.458811 -0.243485
    19 15.940006 0.000002 0.000000 0.000000 0.000000 1.154378
    20 17.709558 0.000004 0.000002 -0.370842 -0.074221 -1.336083
    21 6.203996 0.000000 0.000001 -0.011146 0.000934 -0.500515
    22 -3.984013 0.000007 0.000007 -3.628204 -1.483640 0.326770
    23 15.940015 0.000000 0.000000 0.000000 0.000000 1.264155
    24 17.709572 -0.000006 0.000001 0.191177 0.197318 -1.379396
    25 6.204001 0.000003 -0.000001 -0.078651 -0.006185 -0.498943
    26 3.549240 0.198821 -1.489462 -0.029482 0.008047 -0.602830
    27 1.218999 -0.000001 0.000002 -0.077537 0.060293 -1.228593
    28 0.679998 -0.000001 -0.000001 -0.007901 0.087396 -0.388928
    29 3.698007 0.267555 -0.728972 -0.249628 0.111694 -0.980068
    30 1.749001 -0.000001 0.000003 -0.023925 0.014856 -1.201914
    31 0.959999 -0.000001 0.000001 -0.018604 0.034811 -0.762086
    32 3.768500 0.152546 0.071388 0.025100 0.089322 -0.985730
    33 2.037998 0.000001 0.000002 0.004066 -0.001275 -1.587257
    34 1.067001 0.000001 0.000002 0.001526 -0.005973 -0.623038
    35 3.783924 -0.017260 0.794558 0.336087 0.114661 -0.889405
    36 1.629002 -0.000001 0.000003 0.066798 -0.019712 -1.480593
    37 0.956000 0.000000 0.000001 0.035193 -0.060493 -0.695137
    38 1.258965 -0.297983 1.252590 -1.259078 -0.399229 -1.216337
    39 1.393001 0.000001 0.000000 0.001186 -0.136778 0.598329
    40 1.100002 0.000001 -0.000003 -0.117569 -0.232376 0.623684
    41 3.549266 0.211411 1.487664 0.415570 -0.089940 -0.828576
    42 1.218999 -0.000001 -0.000002 0.076519 -0.060605 -1.221542
    43 0.679999 0.000001 0.000000 0.029119 -0.082748 -0.641951
    44 3.698016 0.273718 0.726617 0.249804 -0.109905 -0.988412
    45 1.748999 0.000000 -0.000002 0.020255 -0.017985 -1.043218
    46 0.959996 0.000000 0.000000 0.015675 -0.036226 -0.705571
    47 3.768499 0.151954 -0.072746 -0.036616 -0.085931 -0.863296
    48 2.037997 0.000002 -0.000003 -0.004272 0.001742 -1.428344
    49 1.066998 0.000000 -0.000001 -0.001429 0.005624 -0.566382
    50 3.783906 -0.023949 -0.794455 -0.349129 -0.067192 -0.754804
    51 1.629001 0.000002 0.000000 -0.062588 0.029671 -1.321899
    52 0.955999 0.000000 -0.000002 -0.031449 0.062230 -0.638366
    53 1.258940 -0.308543 -1.250054 1.288311 0.529409 -0.657120
    54 1.392999 0.000000 -0.000003 -0.001788 0.370555 0.932381
    55 1.099998 -0.000002 -0.000003 0.000000 -0.013127 -0.286815
    56 0.578998 0.704300 0.000000 0.000000 -1.570790 -3.044320
    57 2.577897 -4.075848 1.825547 1.570743 -1.473520 1.570850
    58 -2.577999 -4.075848 1.825549 1.570743 -1.473520 1.570850
    59 2.330669 -1.877754 0.104131 -1.861302 0.207908 -1.328386
  time 164
    0 -0.003395 0.004619 23.307130 1.207170 0.002363 0.002000
    1 0.001573 4.212781 -1.689849 1.568323 -0.237370 1.552901
    2 3.837410 0.000000 0.000000 -0.001187 -0.013965 0.191078
    3 3.617862 0.000000 0.000000 -0.002500 -0.012366 0.059770
    4 7.539774 0.000000 0.000000 0.000000 0.000000 0.155813
    5 3.178292 0.000001 0.000000 3.187566 0.034701 0.004157
    6 2.970271 0.000000 0.000001 0.010950 -0.005664 0.142159
    7 -0.000002 0.000001 0.000000 -1.570796 0.000000 -1.326450
    8 2.023705 0.907460 0.852577 3.322230 -1.218923 1.214777
    9 4.983657 -0.000003 0.000000 -1.990334 -1.039072 -0.062636
    10 11.123049 -0.000003 0.000001 -0.000001 -0.000001 -0.799729
    11 11.208297 -0.000001 0.000013 1.774270 -0.077659 0.635853
    12 2.676087 -1.712447 0.000003 1.570795 0.000000 1.570797
    13 2.023707 0.907463 -0.852527 -2.126177 1.381947 -3.815220
    14 4.983657 -0.000004 0.000000 1.595153 0.268409 -0.516607
    15 11.123040 -0.000006 -0.000006 0.000000 0.000001 -0.716520
    16 11.208287 0.000000 -0.000016 -2.045250 0.353572 -0.286136
    17 2.676081 -1.712434 -0.000003 -1.570797 -0.000001 -1.570797
    18 3.984014 -0.000005 -0.000003 -2.601920 -1.459407 -0.241186
    19 15.940006 0.000002 0.000000 0.000000 0.000000 1.155041
    20 17.709558 0.000004 0.000002 -0.371146 -0.075183 -1.335996
    21 6.203996 0.000000 0.000001 -0.011146 0.000934 -0.500515
    22 -3.984013 0.000007 0.000007 -3.631080 -1.484331 0.330507
    23 15.940015 0.000000 0.000000 0.000000 0.000000 1.264002
    24 17.709572 -0.000006 0.000001 0.190406 0.196835 -1.379543
    25 6.204001 0.000003 -0.000001 -0.078651 -0.006185 -0.498943
    26 3.549240 0.198821 -1.489462 -0.029563 0.008232 -0.603512
    27 1.218999 -0.000001 0.000002 -0.077720 0.060305 -1.229220
    28 0.679998 -0.000001 -0.000001 -0.008061 0.087396 -0.389595
    29 3.698007 0.267555 -0.728972 -0.249751 0.111809 -0.980738
    30 1.749001 -0.000001 0.000003 -0.024196 0.014928 -1.202554
    31 0.959999 -0.000001 0.000001 -0.018858 0.034679 -0.762711
    32 3.768500 0.152546 0.071388 0.024969 0.089454 -0.986421
    33 2.037998 0.000001 0.000002 0.003964 -0.001335 -1.587920
    34 1.067001 0.000001 0.000002 0.001489 -0.006081 -0.623705
    35 3.783924 -0.017260 0.794558 0.335967 0.114800 -0.890076
    36 1.629002 -0.000001 0.000003 0.066878 -0.019754 -1.481278
    37 0.956000 0.000000 0.000001 0.035301 -0.060517 -0.695822
    38 1.258965 -0.297983 1.252590 -1.259206 -0.399140 -1.216925
    39 1.393001 0.000001 0.000000 0.001168 -0.136093 0.598243
    40 1.100002 0.000001 -0.000003 -0.117174 -0.231802 0.623506
    41 3.549266 0.211411 1.487664 0.415492 -0.090084 -0.829013
    42 1.218999 -0.000001 -0.000002 0.076519 -0.060605 -1.221542
    43 0.679999 0.000001 0.000000 0.029119 -0.082748 -0.641951
    44 3.698016 0.273718 0.726617 0.249744 -0.110057 -0.988822
    45 1.748999 0.000000 -0.000002 0.020255 -0.017985 -1.043218
    46 0.959996 0.000000 0.000000 0.015675 -0.036226 -0.705571
    47 3.768499 0.151954 -0.072746 -0.036688 -0.086087 -0.863671
    48 2.037997 0.000002 -0.000003 -0.004272 0.001742 -1.428344
    49 1.066998 0.000000 -0.000001 -0.001429 0.005624 -0.566382
    50 3.783906 -0.023949 -0.794455 -0.349229 -0.067331 -0.755223
    51 1.629001 0.000002 0.000000 -0.062588 0.029671 -1.321899
    52 0.955999 0.000000 -0.000002 -0.031449 0.062230 -0.638366
    53 1.258940 -0.308543 -1.250054 1.288181 0.529279 -0.657591
    54 1.392999 0.000000 -0.000003 -0.001788 0.370555 0.932381
    55 1.099998 -0.000002 -0.000003 0.000000 -0.013127 -0.286815
    56 0.578998 0.704300 0.000000 0.000000 -1.570790 -3.044320
    57 2.577897 -4.075848 1.825547 1.570743 -1.473520 1.570850
    58 -2.577999 -4.075848 1.825549 1.570743 -1.473520 1.570850
    59 2.330669 -1.877754 0.104131 -1.861302 0.207908 -1.328386
  time 165
    0 -0.003395 0.004619 23.307130 1.207264 0.002499 0.002000
    1 0.001573 4.212781 -1.689849 1.567896 -0.237265 1.552978
    2 3.837410 0.000000 0.000000 -0.001525 -0.013459 0.191538
    3 3.617862 0.000000 0.000000 -0.002821 -0.011836 0.060214
    4 7.539774 0.000000 0.000000 0.000000 0.000000 0.155813
    5 3.178292 0.000001 0.000000 3.192070 0.036367 0.009485
    6 2.970271 0.000000 0.000001 0.007399 -0.002112 0.148169
    7 -0.000002 0.000001 0.000000 -1.570796 0.000000 -1.326450
    8 2.023705 0.907460 0.852577 3.323092 -1.221057 1.212860
    9 4.983657 -0.000003 0.000000 -1.988805 -1.038565 -0.062825
    10 11.123049 -0.000003 0.000001 -0.000001 -0.000001 -0.801582
    11 11.208297 -0.000001 0.000013 1.771777 -0.077045 0.636493
    12 2.676087 -1.712447 0.000003 1.570795 0.000000 1.570797
    13 2.023707 0.907463 -0.852527 -2.129335 1.381994 -3.817712
    14 4.983657 -0.000004 0.000000 1.597836 0.268075 -0.516513
    15 11.123040 -0.000006 -0.000006 0.000000 0.000001 -0.720058
    16 11.208287 0.000000 -0.000016 -2.047314 0.352355 -0.284895
    17 2.676081 -1.712434 -0.000003 -1.570797 -0.000001 -1.570797
    18 3.984014 -0.000005 -0.000003 -2.603933 -1.460003 -0.238503
    19 15.940006 0.000002 0.000000 0.000000 0.000000 1.155705
    20 17.709558 0.000004 0.000002 -0.371373 -0.076180 -1.335823
    21 6.203996 0.000000 0.000001 -0.011146 0.000934 -0.500515
    22 -3.984013 0.000007 0.000007 -3.633667 -1.484973 0.334053
    23 15.940015 0.000000 0.000000 0.000000 0.000000 1.263849
    24 17.709572 -0.000006 0.000001 0.189635 0.196421 -1.379690
    25 6.204001 0.000003 -0.000001 -0.078651 -0.006185 -0.498943
    26 3.549240 0.198821 -1.489462 -0.029623 0.008390 -0.604193
    27 1.218999 -0.000001 0.000002 -0.077919 0.060305 -1.229951
    28 0.679998 -0.000001 -0.000001 -0.008240 0.087396 -0.390305
    29 3.698007 0.267555 -0.728972 -0.249873 0.111953 -0.981456
    30 1.749001 -0.000001 0.000003 -0.024506 0.015000 -1.203194
    31 0.959999 -0.000001 0.000001 -0.019112 0.034535 -0.763379
    32 3.768500 0.152546 0.071388 0.024854 0.089586 -0.987111
    33 2.037998 0.000001 0.000002 0.003842 -0.001395 -1.588634
    34 1.067001 0.000001 0.000002 0.001417 -0.006213 -0.624414
    35 3.783924 -0.017260 0.794558 0.335867 0.114939 -0.890795
    36 1.629002 -0.000001 0.000003 0.066977 -0.019796 -1.482010
    37 0.956000 0.000000 0.000001 0.035409 -0.060529 -0.696537
    38 1.258965 -0.297983 1.252590 -1.259376 -0.399028 -1.217586
    39 1.393001 0.000001 0.000000 0.001168 -0.135372 0.598186
    40 1.100002 0.000001 -0.000003 -0.116766 -0.231227 0.623329
    41 3.549266 0.211411 1.487664 0.415413 -0.090229 -0.829402
    42 1.218999 -0.000001 -0.000002 0.076519 -0.060605 -1.221542
    43 0.679999 0.000001 0.000000 0.029119 -0.082748 -0.641951
    44 3.698016 0.273718 0.726617 0.249685 -0.110209 -0.989231
    45 1.748999 0.000000 -0.000002 0.020255 -0.017985 -1.043218
    46 0.959996 0.000000 0.000000 0.015675 -0.036226 -0.705571
    47 3.768499 0.151954 -0.072746 -0.036760 -0.086230 -0.864045
    48 2.037997 0.000002 -0.000003 -0.004272 0.001742 -1.428344
    49 1.066998 0.000000 -0.000001 -0.001429 0.005624 -0.566382
    50 3.783906 -0.023949 -0.794455 -0.349315 -0.067470 -0.755589
    51 1.629001 0.000002 0.000000 -0.062588 0.029671 -1.321899
    52 0.955999 0.000000 -0.000002 -0.031449 0.062242 -0.638366
    53 1.258940 -0.308543 -1.250054 1.288094 0.529149 -0.658026
    54 1.392999 0.000000 -0.000003 -0.001788 0.370555 0.932381
    55 1.099998 -0.000002 -0.000003 0.000000 -0.013127 -0.286815
    56 0.578998 0.704300 0.000000 0.000000 -1.570790 -3.044320
    57 2.577897 -4.075848 1.825547 1.570743 -1.473520 1.570850
    58 -2.577999 -4.075848 1.825549 1.570743 -1.473520 1.570850
    59 2.330669 -1.877754 0.104131 -1.861302 0.207908 -1.328386
  time 166
    0 -0.003395 0.004619 23.307130 1.207358 0.002634 0.002096
    1 0.001573 4.212781 -1.689849 1.567581 -0.237286 1.553210
    2 3.837410 0.000000 0.000000 -0.001889 -0.012938 0.191998
    3 3.617862 0.000000 0.000000 -0.003141 -0.011307 0.060692
    4 7.539774 0.000000 0.000000 0.000000 0.000000 0.155813
    5 3.178292 0.000001 0.000000 3.196602 0.037973 0.015250
    6 2.970271 0.000000 0.000001 0.003636 0.001658 0.154816
    7 -0.000002 0.000001 0.000000 -1.570796 0.000000 -1.326450
    8 2.023705 0.907460 0.852577 3.323955 -1.223192 1.210943
    9 4.983657 -0.000003 0.000000 -1.987468 -1.037804 -0.062825
    10 11.123049 -0.000003 0.000001 -0.000001 -0.000001 -0.803996
    11 11.208297 -0.000001 0.000013 1.769189 -0.076387 0.637276
    12 2.676087 -1.712447 0.000003 1.570795 0.000000 1.570797
    13 2.023707 0.907463 -0.852527 -2.132110 1.382042 -3.819821
    14 4.983657 -0.000004 0.000000 1.600805 0.267263 -0.516135
    15 11.123040 -0.000006 -0.000006 0.000000 0.000001 -0.724608
    16 11.208287 0.000000 -0.000016 -2.049468 0.351045 -0.283217
    17 2.676081 -1.712434 -0.000003 -1.570797 -0.000001 -1.570797
    18 3.984014 -0.000005 -0.000003 -2.606329 -1.460561 -0.235436
    19 15.940006 0.000002 0.000000 0.000000 0.000000 1.156441
    20 17.709558 0.000004 0.000002 -0.371525 -0.077141 -1.335650
    21 6.203996 0.000000 0.000001 -0.011146 0.000934 -0.500515
    22 -3.984013 0.000007 0.000007 -3.636351 -1.485565 0.337503
    23 15.940015 0.000000 0.000000 0.000000 0.000000 1.263696
    24 17.709572 -0.000006 0.000001 0.188864 0.196042 -1.379838
    25 6.204001 0.000003 -0.000001 -0.078651 -0.006185 -0.498943
    26 3.549240 0.198821 -1.489462 -0.029684 0.008549 -0.604923
    27 1.218999 -0.000001 0.000002 -0.078118 0.060317 -1.230682
    28 0.679998 -0.000001 -0.000001 -0.008419 0.087396 -0.391057
    29 3.698007 0.267555 -0.728972 -0.250013 0.112097 -0.982173
    30 1.749001 -0.000001 0.000003 -0.024817 0.015060 -1.203883
    31 0.959999 -0.000001 0.000001 -0.019385 0.034391 -0.764046
    32 3.768500 0.152546 0.071388 0.024723 0.089730 -0.987851
    33 2.037998 0.000001 0.000002 0.003719 -0.001467 -1.589399
    34 1.067001 0.000001 0.000002 0.001363 -0.006332 -0.625123
    35 3.783924 -0.017260 0.794558 0.335747 0.115093 -0.891514
    36 1.629002 -0.000001 0.000003 0.067056 -0.019838 -1.482741
    37 0.956000 0.000000 0.000001 0.035539 -0.060541 -0.697284
    38 1.258965 -0.297983 1.252590 -1.259547 -0.398917 -1.218210
    39 1.393001 0.000001 0.000000 0.001150 -0.134633 0.598071
    40 1.100002 0.000001 -0.000003 -0.116335 -0.230610 0.623151
    41 3.549266 0.211411 1.487664 0.415334 -0.090373 -0.829791
    42 1.218999 -0.000001 -0.000002 0.076519 -0.060605 -1.221542
    43 0.679999 0.000001 0.000000 0.029119 -0.082748 -0.641951
    44 3.698016 0.273718 0.726617 0.249637 -0.110375 -0.989641
    45 1.748999 0.000000 -0.000002 0.020255 -0.017985 -1.043218
    46 0.959996 0.000000 0.000000 0.015675 -0.036226 -0.705571
    47 3.768499 0.151954 -0.072746 -0.036844 -0.086374 -0.864473
    48 2.037997 0.000002 -0.000003 -0.004272 0.001742 -1.428344
    49 1.066998 0.000000 -0.000001 -0.001429 0.005624 -0.566382
    50 3.783906 -0.023949 -0.794455 -0.349401 -0.067625 -0.756007
    51 1.629001 0.000002 0.000000 -0.062588 0.029671 -1.321899
    52 0.955999 0.000000 -0.000002 -0.031449 0.062230 -0.638366
    53 1.258940 -0.308543 -1.250054 1.287964 0.529019 -0.658497
    54 1.392999 0.000000 -0.000003 -0.001788 0.370555 0.932381
    55 1.099998 -0.000002 -0.000003 0.000000 -0.013127 -0.286815
    56 0.578998 0.704300 0.000000 0.000000 -1.570790 -3.044320
    57 2.577897 -4.075848 1.825547 1.570743 -1.473520 1.570850
    58 -2.577999 -4.075848 1.825549 1.570743 -1.473520 1.570850
    59 2.330669 -1.877754 0.104131 -1.861302 0.207908 -1.328386
  time 167
    0 -0.003395 0.004619 23.307130 1.207452 0.002770 0.002096
    1 0.001573 4.212781 -1.689849 1.567222 -0.237495 1.553480
    2 3.837410 0.000000 0.000000 -0.002281 -0.012401 0.192474
    3 3.617862 0.000000 0.000000 -0.003488 -0.010747 0.061171
    4 7.539774 0.000000 0.000000 0.000000 0.000000 0.155813
    5 3.178292 0.000001 0.000000 3.201163 0.039538 0.021015
    6 2.970271 0.000000 0.000001 0.000000 0.005486 0.161600
    7 -0.000002 0.000001 0.000000 -1.570796 0.000000 -1.326450
    8 2.023705 0.907460 0.852577 3.324721 -1.225287 1.209123
    9 4.983657 -0.000003 0.000000 -1.986321 -1.036536 -0.062541
    10 11.123049 -0.000003 0.000001 -0.000001 -0.000001 -0.807252
    11 11.208297 -0.000001 0.000013 1.766504 -0.075685 0.638485
    12 2.676087 -1.712447 0.000003 1.570795 0.000000 1.570797
    13 2.023707 0.907463 -0.852527 -2.134407 1.382042 -3.821451
    14 4.983657 -0.000004 0.000000 1.603967 0.266308 -0.515757
    15 11.123040 -0.000006 -0.000006 0.000000 0.000001 -0.729725
    16 11.208287 0.000000 -0.000016 -2.051712 0.349735 -0.281393
    17 2.676081 -1.712434 -0.000003 -1.570797 -0.000001 -1.570797
    18 3.984014 -0.000005 -0.000003 -2.609109 -1.461082 -0.232083
    19 15.940006 0.000002 0.000000 0.000000 0.000000 1.157178
    20 17.709558 0.000004 0.000002 -0.371677 -0.078032 -1.335390
    21 6.203996 0.000000 0.000001 -0.011146 0.000934 -0.500515
    22 -3.984013 0.000007 0.000007 -3.638747 -1.486207 0.340665
    23 15.940015 0.000000 0.000000 0.000000 0.000000 1.263466
    24 17.709572 -0.000006 0.000001 0.188092 0.195697 -1.379985
    25 6.204001 0.000003 -0.000001 -0.078651 -0.006185 -0.498943
    26 3.549240 0.198821 -1.489462 -0.029744 0.008734 -0.605653
    27 1.218999 -0.000001 0.000002 -0.078333 0.060329 -1.231413
    28 0.679998 -0.000001 -0.000001 -0.008597 0.087381 -0.391808
    29 3.698007 0.267555 -0.728972 -0.250136 0.112241 -0.982939
    30 1.749001 -0.000001 0.000003 -0.025127 0.015132 -1.204573
    31 0.959999 -0.000001 0.000001 -0.019678 0.034235 -0.764755
    32 3.768500 0.152546 0.071388 0.024592 0.089874 -0.988591
    33 2.037998 0.000001 0.000002 0.003597 -0.001539 -1.590113
    34 1.067001 0.000001 0.000002 0.001308 -0.006464 -0.625873
    35 3.783924 -0.017260 0.794558 0.335627 0.115248 -0.892281
    36 1.629002 -0.000001 0.000003 0.067156 -0.019880 -1.483517
    37 0.956000 0.000000 0.000001 0.035668 -0.060553 -0.698030
    38 1.258965 -0.297983 1.252590 -1.259718 -0.398827 -1.218871
    39 1.393001 0.000001 0.000000 0.001150 -0.133877 0.598014
    40 1.100002 0.000001 -0.000003 -0.115892 -0.229971 0.622974
    41 3.549266 0.211411 1.487664 0.415256 -0.090497 -0.830180
    42 1.218999 -0.000001 -0.000002 0.076519 -0.060605 -1.221542
    43 0.679999 0.000001 0.000000 0.029119 -0.082748 -0.641951
    44 3.698016 0.273718 0.726617 0.249577 -0.110527 -0.989999
    45 1.748999 0.000000 -0.000002 0.020255 -0.017985 -1.043218
    46 0.959996 0.000000 0.000000 0.015675 -0.036226 -0.705571
    47 3.768499 0.151954 -0.072746 -0.036904 -0.086530 -0.864848
    48 2.037997 0.000002 -0.000003 -0.004272 0.001742 -1.428344
    49 1.066998 0.000000 -0.000001 -0.001429 0.005624 -0.566382
    50 3.783906 -0.023949 -0.794455 -0.349487 -0.067764 -0.756426
    51 1.629001 0.000002 0.000000 -0.062588 0.029671 -1.321899
    52 0.955999 0.000000 -0.000002 -0.031449 0.062230 -0.638366
    53 1.258940 -0.308543 -1.250054 1.287834 0.528889 -0.658968
    54 1.392999 0.000000 -0.000003 -0.001788 0.370555 0.932381
    55 1.099998 -0.000002 -0.000003 0.000000 -0.013127 -0.286815
    56 0.578998 0.704300 0.000000 0.000000 -1.570790 -3.044320
    57 2.577897 -4.075848 1.825547 1.570743 -1.473520 1.570850
    58 -2.577999 -4.075848 1.825549 1.570743 -1.473520 1.570850
    59 2.330669 -1.877754 0.104131 -1.861302 0.207908 -1.328386
  time 168
    0 -0.003395 0.004619 23.307130 1.207546 0.002861 0.002192
    1 0.001573 4.212781 -1.689849 1.566817 -0.237956 1.553750
    2 3.837410 0.000000 0.000000 -0.002659 -0.011849 0.192934
    3 3.617862 0.000000 0.000000 -0.003834 -0.010187 0.061666
    4 7.539774 0.000000 0.000000 0.000000 0.000000 0.155813
    5 3.178292 0.000001 0.000000 3.205581 0.041023 0.027188
    6 2.970271 0.000000 0.000001 -0.003383 0.009334 0.168976
    7 -0.000002 0.000001 0.000000 -1.570796 0.000000 -1.326450
    8 2.023705 0.907460 0.852577 3.325392 -1.227343 1.207397
    9 4.983657 -0.000003 0.000000 -1.985462 -1.034709 -0.061974
    10 11.123049 -0.000003 0.000001 -0.000001 -0.000001 -0.811463
    11 11.208297 -0.000001 0.000013 1.763820 -0.074895 0.640264
    12 2.676087 -1.712447 0.000003 1.570795 0.000000 1.570797
    13 2.023707 0.907463 -0.852527 -2.136225 1.382042 -3.822505
    14 4.983657 -0.000004 0.000000 1.607128 0.265163 -0.515284
    15 11.123040 -0.000006 -0.000006 0.000000 0.000001 -0.735412
    16 11.208287 0.000000 -0.000016 -2.054046 0.348378 -0.279276
    17 2.676081 -1.712434 -0.000003 -1.570797 -0.000001 -1.570797
    18 3.984014 -0.000005 -0.000003 -2.612272 -1.461566 -0.228441
    19 15.940006 0.000002 0.000000 0.000000 0.000000 1.157989
    20 17.709558 0.000004 0.000002 -0.371677 -0.078886 -1.335217
    21 6.203996 0.000000 0.000001 -0.011146 0.000934 -0.500515
    22 -3.984013 0.000007 0.000007 -3.640952 -1.486799 0.343732
    23 15.940015 0.000000 0.000000 0.000000 0.000000 1.263236
    24 17.709572 -0.000006 0.000001 0.187321 0.195386 -1.380084
    25 6.204001 0.000003 -0.000001 -0.078651 -0.006185 -0.498943
    26 3.549240 0.198821 -1.489462 -0.029825 0.008919 -0.606383
    27 1.218999 -0.000001 0.000002 -0.078547 0.060341 -1.232143
    28 0.679998 -0.000001 -0.000001 -0.008776 0.087381 -0.392560
    29 3.698007 0.267555 -0.728972 -0.250259 0.112370 -0.983656
    30 1.749001 -0.000001 0.000003 -0.025437 0.015204 -1.205262
    31 0.959999 -0.000001 0.000001 -0.019951 0.034092 -0.765464
    32 3.768500 0.152546 0.071388 0.024460 0.090005 -0.989331
    33 2.037998 0.000001 0.000002 0.003474 -0.001599 -1.590878
    34 1.067001 0.000001 0.000002 0.001254 -0.006584 -0.626624
    35 3.783924 -0.017260 0.794558 0.335507 0.115387 -0.893048
    36 1.629002 -0.000001 0.000003 0.067255 -0.019901 -1.484249
    37 0.956000 0.000000 0.000001 0.035776 -0.060577 -0.698808
    38 1.258965 -0.297983 1.252590 -1.259889 -0.398715 -1.219569
    39 1.393001 0.000001 0.000000 0.001133 -0.133138 0.597928
    40 1.100002 0.000001 -0.000003 -0.115460 -0.229354 0.622796
    41 3.549266 0.211411 1.487664 0.415177 -0.090642 -0.830569
    42 1.218999 -0.000001 -0.000002 0.076519 -0.060605 -1.221542
    43 0.679999 0.000001 0.000000 0.029119 -0.082748 -0.641951
    44 3.698016 0.273718 0.726617 0.249529 -0.110679 -0.990409
    45 1.748999 0.000000 -0.000002 0.020255 -0.017985 -1.043218
    46 0.959996 0.000000 0.000000 0.015675 -0.036226 -0.705571
    47 3.768499 0.151954 -0.072746 -0.036988 -0.086662 -0.865276
    48 2.037997 0.000002 -0.000003 -0.004272 0.001742 -1.428344
    49 1.066998 0.000000 -0.000001 -0.001429 0.005624 -0.566382
    50 3.783906 -0.023949 -0.794455 -0.349573 -0.067904 -0.756792
    51 1.629001 0.000002 0.000000 -0.062588 0.029671 -1.321899
    52 0.955999 0.000000 -0.000002 -0.031449 0.062242 -0.638366
    53 1.258940 -0.308543 -1.250054 1.287703 0.528759 -0.659440
    54 1.392999 0.000000 -0.000003 -0.001788 0.370555 0.932381
    55 1.099998 -0.000002 -0.000003 0.000000 -0.013127 -0.286815
    56 0.578998 0.704300 0.000000 0.000000 -1.570790 -3.044320
    57 2.577897 -4.075848 1.825547 1.570743 -1.473520 1.570850
    58 -2.577999 -4.075848 1.825549 1.570743 -1.473520 1.570850
    59 2.330669 -1.877754 0.104131 -1.861302 0.207908 -1.328386
  time 169
    0 -0.003395 0.004619 23.307130 1.207640 0.002996 0.002192
    1 0.001573 4.212781 -1.689849 1.566435 -0.238187 1.554020
    2 3.837410 0.000000 0.000000 -0.003051 -0.011312 0.193427
    3 3.617862 0.000000 0.000000 -0.004180 -0.009628 0.062145
    4 7.539774 0.000000 0.000000 0.000000 0.000000 0.155813
    5 3.178292 0.000001 0.000000 3.209771 0.042428 0.033040
    6 2.970271 0.000000 0.000001 -0.006596 0.013103 0.175805
    7 -0.000002 0.000001 0.000000 -1.570796 0.000000 -1.326450
    8 2.023705 0.907460 0.852577 3.326062 -1.229319 1.205768
    9 4.983657 -0.000003 0.000000 -1.984411 -1.033086 -0.061597
    10 11.123049 -0.000003 0.000001 -0.000001 -0.000001 -0.815000
    11 11.208297 -0.000001 0.000013 1.761040 -0.074105 0.641616
    12 2.676087 -1.712447 0.000003 1.570795 0.000000 1.570797
    13 2.023707 0.907463 -0.852527 -2.137373 1.381994 -3.823080
    14 4.983657 -0.000004 0.000000 1.610193 0.264446 -0.514812
    15 11.123040 -0.000006 -0.000006 0.000000 0.000001 -0.740529
    16 11.208287 0.000000 -0.000016 -2.056290 0.346974 -0.277379
    17 2.676081 -1.712434 -0.000003 -1.570797 -0.000001 -1.570797
    18 3.984014 -0.000005 -0.000003 -2.615722 -1.461976 -0.224513
    19 15.940006 0.000002 0.000000 0.000000 0.000000 1.158726
    20 17.709558 0.000004 0.000002 -0.371677 -0.079670 -1.335044
    21 6.203996 0.000000 0.000001 -0.011146 0.000934 -0.500515
    22 -3.984013 0.000007 0.000007 -3.642869 -1.487391 0.346319
    23 15.940015 0.000000 0.000000 0.000000 0.000000 1.263006
    24 17.709572 -0.000006 0.000001 0.186610 0.195110 -1.380231
    25 6.204001 0.000003 -0.000001 -0.078651 -0.006185 -0.498943
    26 3.549240 0.198821 -1.489462 -0.029906 0.009103 -0.607113
    27 1.218999 -0.000001 0.000002 -0.078746 0.060341 -1.232874
    28 0.679998 -0.000001 -0.000001 -0.008936 0.087381 -0.393311
    29 3.698007 0.267555 -0.728972 -0.250399 0.112499 -0.984421
    30 1.749001 -0.000001 0.000003 -0.025767 0.015276 -1.205952
    31 0.959999 -0.000001 0.000001 -0.020244 0.033948 -0.766131
    32 3.768500 0.152546 0.071388 0.024329 0.090137 -0.990072
    33 2.037998 0.000001 0.000002 0.003352 -0.001671 -1.591592
    34 1.067001 0.000001 0.000002 0.001200 -0.006716 -0.627333
    35 3.783924 -0.017260 0.794558 0.335387 0.115541 -0.893767
    36 1.629002 -0.000001 0.000003 0.067354 -0.019943 -1.484980
    37 0.956000 0.000000 0.000001 0.035906 -0.060589 -0.699523
    38 1.258965 -0.297983 1.252590 -1.260060 -0.398604 -1.220230
    39 1.393001 0.000001 0.000000 0.001133 -0.132399 0.597842
    40 1.100002 0.000001 -0.000003 -0.115029 -0.228737 0.622618
    41 3.549266 0.211411 1.487664 0.415099 -0.090786 -0.830958
    42 1.218999 -0.000001 -0.000002 0.076519 -0.060605 -1.221542
    43 0.679999 0.000001 0.000000 0.029119 -0.082748 -0.641951
    44 3.698016 0.273718 0.726617 0.249469 -0.110817 -0.990767
    45 1.748999 0.000000 -0.000002 0.020255 -0.017985 -1.043218
    46 0.959996 0.000000 0.000000 0.015675 -0.036226 -0.705571
    47 3.768499 0.151954 -0.072746 -0.037060 -0.086806 -0.865650
    48 2.037997 0.000002 -0.000003 -0.004272 0.001742 -1.428344
    49 1.066998 0.000000 -0.000001 -0.001429 0.005624 -0.566382
    50 3.783906 -0.023949 -0.794455 -0.349673 -0.068043 -0.757158
    51 1.629001 0.000002 0.000000 -0.062588 0.029671 -1.321899
    52 0.955999 0.000000 -0.000002 -0.031449 0.062242 -0.638366
    53 1.258940 -0.308543 -1.250054 1.287617 0.528650 -0.659874
    54 1.392999 0.000000 -0.000003 -0.001788 0.370555 0.932381
    55 1.099998 -0.000002 -0.000003 0.000000 -0.013127 -0.286815
    56 0.578998 0.704300 0.000000 0.000000 -1.570790 -3.044320
    57 2.577897 -4.075848 1.825547 1.570743 -1.473520 1.570850
    58 -2.577999 -4.075848 1.825549 1.570743 -1.473520 1.570850
    59 2.330669 -1.877754 0.104131 -1.861302 0.207908 -1.328386
  time 170
    0 -0.003395 0.004619 23.307130 1.207640 0.003087 0.002287
    1 0.001573 4.212781 -1.689849 1.566031 -0.238019 1.554290
    2 3.837410 0.000000 0.000000 -0.003443 -0.010775 0.193887
    3 3.617862 0.000000 0.000000 -0.004539 -0.009068 0.062606
    4 7.539774 0.000000 0.000000 0.000000 0.000000 0.155813
    5 3.178292 0.000001 0.000000 3.213533 0.043793 0.037932
    6 2.970271 0.000000 0.000001 -0.009429 0.016714 0.181223
    7 -0.000002 0.000001 0.000000 -1.570796 0.000000 -1.326450
    8 2.023705 0.907460 0.852577 3.326733 -1.231256 1.204235
    9 4.983657 -0.000003 0.000000 -1.983169 -1.032071 -0.061597
    10 11.123049 -0.000003 0.000001 -0.000001 -0.000001 -0.816965
    11 11.208297 -0.000001 0.000013 1.758451 -0.073447 0.642042
    12 2.676087 -1.712447 0.000003 1.570795 0.000000 1.570797
    13 2.023707 0.907463 -0.852527 -2.138139 1.381947 -3.823176
    14 4.983657 -0.000004 0.000000 1.612780 0.264351 -0.514434
    15 11.123040 -0.000006 -0.000006 0.000000 0.000001 -0.744447
    16 11.208287 0.000000 -0.000016 -2.058533 0.345524 -0.275773
    17 2.676081 -1.712434 -0.000003 -1.570797 -0.000001 -1.570797
    18 3.984014 -0.000005 -0.000003 -2.619268 -1.462311 -0.220584
    19 15.940006 0.000002 0.000000 0.000000 0.000000 1.159389
    20 17.709558 0.000004 0.000002 -0.371525 -0.080382 -1.334785
    21 6.203996 0.000000 0.000001 -0.011146 0.000934 -0.500515
    22 -3.984013 0.000007 0.000007 -3.644498 -1.487934 0.348715
    23 15.940015 0.000000 0.000000 0.000000 0.000000 1.262776
    24 17.709572 -0.000006 0.000001 0.185898 0.194904 -1.380329
    25 6.204001 0.000003 -0.000001 -0.078651 -0.006185 -0.498943
    26 3.549240 0.198821 -1.489462 -0.029966 0.009262 -0.607795
    27 1.218999 -0.000001 0.000002 -0.078945 0.060341 -1.233605
    28 0.679998 -0.000001 -0.000001 -0.009115 0.087381 -0.394021
    29 3.698007 0.267555 -0.728972 -0.250522 0.112643 -0.985139
    30 1.749001 -0.000001 0.000003 -0.026057 0.015348 -1.206592
    31 0.959999 -0.000001 0.000001 -0.020498 0.033804 -0.766798
    32 3.768500 0.152546 0.071388 0.024198 0.090281 -0.990762
    33 2.037998 0.000001 0.000002 0.003250 -0.001731 -1.592306
    34 1.067001 0.000001 0.000002 0.001145 -0.006836 -0.628042
    35 3.783924 -0.017260 0.794558 0.335287 0.115695 -0.894486
    36 1.629002 -0.000001 0.000003 0.067453 -0.019985 -1.485711
    37 0.956000 0.000000 0.000001 0.036014 -0.060601 -0.700270
    38 1.258965 -0.297983 1.252590 -1.260230 -0.398514 -1.220855
    39 1.393001 0.000001 0.000000 0.001115 -0.131678 0.597756
    40 1.100002 0.000001 -0.000003 -0.114621 -0.228141 0.622396
    41 3.549266 0.211411 1.487664 0.415020 -0.090910 -0.831298
    42 1.218999 -0.000001 -0.000002 0.076519 -0.060605 -1.221542
    43 0.679999 0.000001 0.000000 0.029119 -0.082748 -0.641951
    44 3.698016 0.273718 0.726617 0.249421 -0.110956 -0.991125
    45 1.748999 0.000000 -0.000002 0.020255 -0.017985 -1.043218
    46 0.959996 0.000000 0.000000 0.015675 -0.036226 -0.705571
    47 3.768499 0.151954 -0.072746 -0.037119 -0.086937 -0.865971
    48 2.037997 0.000002 -0.000003 -0.004272 0.001742 -1.428344
    49 1.066998 0.000000 -0.000001 -0.001429 0.005624 -0.566382
    50 3.783906 -0.023949 -0.794455 -0.349744 -0.068167 -0.757524
    51 1.629001 0.000002 0.000000 -0.062588 0.029671 -1.321899
    52 0.955999 0.000000 -0.000002 -0.031449 0.062230 -0.638366
    53 1.258940 -0.308543 -1.250054 1.287486 0.528520 -0.660273
    54 1.392999 0.000000 -0.000003 -0.001788 0.370555 0.932381
    55 1.099998 -0.000002 -0.000003 0.000000 -0.013127 -0.286815
    56 0.578998 0.704300 0.000000 0.000000 -1.570790 -3.044320
    57 2.577897 -4.075848 1.825547 1.570743 -1.473520 1.570850
    58 -2.577999 -4.075848 1.825549 1.570743 -1.473520 1.570850
    59 2.330669 -1.877754 0.104131 -1.861302 0.207908 -1.328386
  time 171
    0 -0.003395 0.004619 23.307130 1.207735 0.003177 0.002287
    1 0.001573 4.212781 -1.689849 1.565693 -0.238103 1.554560
    2 3.837410 0.000000 0.000000 -0.003821 -0.010269 0.194314
    3 3.617862 0.000000 0.000000 -0.004873 -0.008538 0.063051
    4 7.539774 0.000000 0.000000 0.000000 0.000000 0.155813
    5 3.178292 0.000001 0.000000 3.217210 0.045057 0.042619
    6 2.970271 0.000000 0.000001 -0.012304 0.020188 0.186686
    7 -0.000002 0.000001 0.000000 -1.570796 0.000000 -1.326450
    8 2.023705 0.907460 0.852577 3.327308 -1.233114 1.202797
    9 4.983657 -0.000003 0.000000 -1.982309 -1.030752 -0.061030
    10 11.123049 -0.000003 0.000001 -0.000001 -0.000001 -0.819772
    11 11.208297 -0.000001 0.000013 1.755863 -0.072701 0.642967
    12 2.676087 -1.712447 0.000003 1.570795 0.000000 1.570797
    13 2.023707 0.907463 -0.852527 -2.138235 1.381899 -3.822697
    14 4.983657 -0.000004 0.000000 1.615558 0.264017 -0.513866
    15 11.123040 -0.000006 -0.000006 0.000000 0.000001 -0.748869
    16 11.208287 0.000000 -0.000016 -2.060777 0.344120 -0.274022
    17 2.676081 -1.712434 -0.000003 -1.570797 -0.000001 -1.570797
    18 3.984014 -0.000005 -0.000003 -2.623198 -1.462609 -0.216368
    19 15.940006 0.000002 0.000000 0.000000 0.000000 1.160125
    20 17.709558 0.000004 0.000002 -0.371373 -0.081023 -1.334611
    21 6.203996 0.000000 0.000001 -0.011146 0.000934 -0.500515
    22 -3.984013 0.000007 0.000007 -3.646127 -1.488428 0.350919
    23 15.940015 0.000000 0.000000 0.000000 0.000000 1.262469
    24 17.709572 -0.000006 0.000001 0.185245 0.194731 -1.380428
    25 6.204001 0.000003 -0.000001 -0.078651 -0.006185 -0.498943
    26 3.549240 0.198821 -1.489462 -0.030006 0.009421 -0.608476
    27 1.218999 -0.000001 0.000002 -0.079144 0.060353 -1.234284
    28 0.679998 -0.000001 -0.000001 -0.009276 0.087366 -0.394689
    29 3.698007 0.267555 -0.728972 -0.250645 0.112758 -0.985809
    30 1.749001 -0.000001 0.000003 -0.026348 0.015408 -1.207232
    31 0.959999 -0.000001 0.000001 -0.020752 0.033672 -0.767424
    32 3.768500 0.152546 0.071388 0.024084 0.090401 -0.991453
    33 2.037998 0.000001 0.000002 0.003148 -0.001791 -1.592969
    34 1.067001 0.000001 0.000002 0.001073 -0.006944 -0.628751
    35 3.783924 -0.017260 0.794558 0.335167 0.115834 -0.895157
    36 1.629002 -0.000001 0.000003 0.067533 -0.020027 -1.486396
    37 0.956000 0.000000 0.000001 0.036122 -0.060613 -0.700923
    38 1.258965 -0.297983 1.252590 -1.260401 -0.398425 -1.221442
    39 1.393001 0.000001 0.000000 0.001115 -0.130994 0.597670
    40 1.100002 0.000001 -0.000003 -0.114238 -0.227587 0.622263
    41 3.549266 0.211411 1.487664 0.414957 -0.091034 -0.831639
    42 1.218999 -0.000001 -0.000002 0.076519 -0.060605 -1.221542
    43 0.679999 0.000001 0.000000 0.029119 -0.082748 -0.641951
    44 3.698016 0.273718 0.726617 0.249373 -0.111094 -0.991484
    45 1.748999 0.000000 -0.000002 0.020255 -0.017985 -1.043218
    46 0.959996 0.000000 0.000000 0.015675 -0.036226 -0.705571
    47 3.768499 0.151954 -0.072746 -0.037179 -0.087057 -0.866346
    48 2.037997 0.000002 -0.000003 -0.004272 0.001742 -1.428344
    49 1.066998 0.000000 -0.000001 -0.001429 0.005624 -0.566382
    50 3.783906 -0.023949 -0.794455 -0.349830 -0.068290 -0.757838
    51 1.629001 0.000002 0.000000 -0.062588 0.029671 -1.321899
    52 0.955999 0.000000 -0.000002 -0.031449 0.062230 -0.638366
    53 1.258940 -0.308543 -1.250054 1.287399 0.528412 -0.660672
    54 1.392999 0.000000 -0.000003 -0.001788 0.370555 0.932381
    55 1.099998 -0.000002 -0.000003 0.000000 -0.013127 -0.286815
    56 0.578998 0.704300 0.000000 0.000000 -1.570790 -3.044320
    57 2.577897 -4.075848 1.825547 1.570743 -1.473520 1.570850
    58 -2.577999 -4.075848 1.825549 1.570743 -1.473520 1.570850
    59 2.330669 -1.877754 0.104131 -1.861302 0.207908 -1.328386
  time 172
    0 -0.003395 0.004619 23.307130 1.207829 0.003268 0.002287
    1 0.001573 4.212781 -1.689849 1.565424 -0.238313 1.554791
    2 3.837410 0.000000 0.000000 -0.004172 -0.009796 0.194725
    3 3.617862 0.000000 0.000000 -0.005193 -0.008039 0.063461
    4 7.539774 0.000000 0.000000 0.000000 0.000000 0.155813
    5 3.178292 0.000001 0.000000 3.221172 0.046081 0.047860
    6 2.970271 0.000000 0.000001 -0.015475 0.023483 0.192696
    7 -0.000002 0.000001 0.000000 -1.570796 0.000000 -1.326450
    8 2.023705 0.907460 0.852577 3.327882 -1.234853 1.201551
    9 4.983657 -0.000003 0.000000 -1.981640 -1.029383 -0.060368
    10 11.123049 -0.000003 0.000001 -0.000001 -0.000001 -0.822635
    11 11.208297 -0.000001 0.000013 1.753466 -0.071999 0.644035
    12 2.676087 -1.712447 0.000003 1.570795 0.000000 1.570797
    13 2.023707 0.907463 -0.852527 -2.137756 1.381805 -3.821643
    14 4.983657 -0.000004 0.000000 1.618240 0.263635 -0.513299
    15 11.123040 -0.000006 -0.000006 0.000000 0.000001 -0.753229
    16 11.208287 0.000000 -0.000016 -2.062932 0.342763 -0.272344
    17 2.676081 -1.712434 -0.000003 -1.570797 -0.000001 -1.570797
    18 3.984014 -0.000005 -0.000003 -2.627032 -1.462832 -0.212343
    19 15.940006 0.000002 0.000000 0.000000 0.000000 1.160789
    20 17.709558 0.000004 0.000002 -0.371146 -0.081522 -1.334352
    21 6.203996 0.000000 0.000001 -0.011146 0.000934 -0.500515
    22 -3.984013 0.000007 0.000007 -3.647182 -1.488922 0.352548
    23 15.940015 0.000000 0.000000 0.000000 0.000000 1.262239
    24 17.709572 -0.000006 0.000001 0.184593 0.194593 -1.380477
    25 6.204001 0.000003 -0.000001 -0.078651 -0.006185 -0.498943
    26 3.549240 0.198821 -1.489462 -0.030067 0.009579 -0.609109
    27 1.218999 -0.000001 0.000002 -0.079313 0.060365 -1.234859
    28 0.679998 -0.000001 -0.000001 -0.009418 0.087366 -0.395315
    29 3.698007 0.267555 -0.728972 -0.250750 0.112888 -0.986431
    30 1.749001 -0.000001 0.000003 -0.026600 0.015468 -1.207774
    31 0.959999 -0.000001 0.000001 -0.020986 0.033540 -0.768008
    32 3.768500 0.152546 0.071388 0.023985 0.090509 -0.992094
    33 2.037998 0.000001 0.000002 0.003046 -0.001851 -1.593581
    34 1.067001 0.000001 0.000002 0.001037 -0.007051 -0.629376
    35 3.783924 -0.017260 0.794558 0.335087 0.115958 -0.895780
    36 1.629002 -0.000001 0.000003 0.067612 -0.020069 -1.486990
    37 0.956000 0.000000 0.000001 0.036230 -0.060625 -0.701576
    38 1.258965 -0.297983 1.252590 -1.260529 -0.398313 -1.221993
    39 1.393001 0.000001 0.000000 0.001115 -0.130363 0.597584
    40 1.100002 0.000001 -0.000003 -0.113866 -0.227076 0.622086
    41 3.549266 0.211411 1.487664 0.414895 -0.091137 -0.831930
    42 1.218999 -0.000001 -0.000002 0.076519 -0.060605 -1.221542
    43 0.679999 0.000001 0.000000 0.029119 -0.082748 -0.641951
    44 3.698016 0.273718 0.726617 0.249337 -0.111218 -0.991791
    45 1.748999 0.000000 -0.000002 0.020255 -0.017985 -1.043218
    46 0.959996 0.000000 0.000000 0.015675 -0.036226 -0.705571
    47 3.768499 0.151954 -0.072746 -0.037251 -0.087165 -0.866613
    48 2.037997 0.000002 -0.000003 -0.004272 0.001742 -1.428344
    49 1.066998 0.000000 -0.000001 -0.001429 0.005624 -0.566382
    50 3.783906 -0.023949 -0.794455 -0.349887 -0.068399 -0.758152
    51 1.629001 0.000002 0.000000 -0.062588 0.029671 -1.321899
    52 0.955999 0.000000 -0.000002 -0.031449 0.062230 -0.638366
    53 1.258940 -0.308543 -1.250054 1.287313 0.528325 -0.661034
    54 1.392999 0.000000 -0.000003 -0.001788 0.370555 0.932381
    55 1.099998 -0.000002 -0.000003 0.000000 -0.013127 -0.286815
    56 0.578998 0.704300 0.000000 0.000000 -1.570790 -3.044320
    57 2.577897 -4.075848 1.825547 1.570743 -1.473520 1.570850
    58 -2.577999 -4.075848 1.825549 1.570743 -1.473520 1.570850
    59 2.330669 -1.877754 0.104131 -1.861302 0.207908 -1.328386
  time 173
    0 -0.003395 0.004619 23.307130 1.207923 0.003359 0.002287
    1 0.001573 4.212781 -1.689849 1.565289 -0.238501 1.555022
    2 3.837410 0.000000 0.000000 -0.004496 -0.009353 0.195119
    3 3.617862 0.000000 0.000000 -0.005501 -0.007585 0.063854
    4 7.539774 0.000000 0.000000 0.000000 0.000000 0.155813
    5 3.178292 0.000001 0.000000 3.224849 0.046904 0.053829
    6 2.970271 0.000000 0.000001 -0.018519 0.026483 0.199389
    7 -0.000002 0.000001 0.000000 -1.570796 0.000000 -1.326450
    8 2.023705 0.907460 0.852577 3.328361 -1.236435 1.200401
    9 4.983657 -0.000003 0.000000 -1.981258 -1.028317 -0.059423
    10 11.123049 -0.000003 0.000001 -0.000001 -0.000001 -0.825218
    11 11.208297 -0.000001 0.000013 1.751069 -0.071341 0.644959
    12 2.676087 -1.712447 0.000003 1.570795 0.000000 1.570797
    13 2.023707 0.907463 -0.852527 -2.136608 1.381710 -3.819917
    14 4.983657 -0.000004 0.000000 1.620923 0.263301 -0.512732
    15 11.123040 -0.000006 -0.000006 0.000000 0.000001 -0.757273
    16 11.208287 0.000000 -0.000016 -2.064996 0.341406 -0.270884
    17 2.676081 -1.712434 -0.000003 -1.570797 -0.000001 -1.570797
    18 3.984014 -0.000005 -0.000003 -2.630865 -1.462981 -0.208415
    19 15.940006 0.000002 0.000000 0.000000 0.000000 1.161378
    20 17.709558 0.000004 0.000002 -0.370918 -0.081984 -1.334179
    21 6.203996 0.000000 0.000001 -0.011146 0.000934 -0.500515
    22 -3.984013 0.000007 0.000007 -3.647853 -1.489415 0.353794
    23 15.940015 0.000000 0.000000 0.000000 0.000000 1.261933
    24 17.709572 -0.000006 0.000001 0.184000 0.194524 -1.380526
    25 6.204001 0.000003 -0.000001 -0.078651 -0.006185 -0.498943
    26 3.549240 0.198821 -1.489462 -0.030128 0.009711 -0.609645
    27 1.218999 -0.000001 0.000002 -0.079466 0.060365 -1.235433
    28 0.679998 -0.000001 -0.000001 -0.009543 0.087366 -0.395899
    29 3.698007 0.267555 -0.728972 -0.250838 0.113003 -0.987005
    30 1.749001 -0.000001 0.000003 -0.026833 0.015516 -1.208316
    31 0.959999 -0.000001 0.000001 -0.021201 0.033432 -0.768550
    32 3.768500 0.152546 0.071388 0.023870 0.090629 -0.992637
    33 2.037998 0.000001 0.000002 0.002943 -0.001886 -1.594142
    34 1.067001 0.000001 0.000002 0.000982 -0.007159 -0.629918
    35 3.783924 -0.017260 0.794558 0.334987 0.116066 -0.896355
    36 1.629002 -0.000001 0.000003 0.067691 -0.020090 -1.487584
    37 0.956000 0.000000 0.000001 0.036317 -0.060649 -0.702136
    38 1.258965 -0.297983 1.252590 -1.260657 -0.398246 -1.222508
    39 1.393001 0.000001 0.000000 0.001097 -0.129804 0.597527
    40 1.100002 0.000001 -0.000003 -0.113543 -0.226608 0.621952
    41 3.549266 0.211411 1.487664 0.414847 -0.091261 -0.832222
    42 1.218999 -0.000001 -0.000002 0.076519 -0.060605 -1.221542
    43 0.679999 0.000001 0.000000 0.029119 -0.082748 -0.641951
    44 3.698016 0.273718 0.726617 0.249289 -0.111315 -0.992047
    45 1.748999 0.000000 -0.000002 0.020255 -0.017985 -1.043218
    46 0.959996 0.000000 0.000000 0.015675 -0.036226 -0.705571
    47 3.768499 0.151954 -0.072746 -0.037299 -0.087273 -0.866934
    48 2.037997 0.000002 -0.000003 -0.004272 0.001742 -1.428344
    49 1.066998 0.000000 -0.000001 -0.001429 0.005624 -0.566382
    50 3.783906 -0.023949 -0.794455 -0.349959 -0.068414 -0.758466
    51 1.629001 0.000002 0.000000 -0.062588 0.029671 -1.321899
    52 0.955999 0.000000 -0.000002 -0.031449 0.062230 -0.638366
    53 1.258940 -0.308543 -1.250054 1.287226 0.528238 -0.661360
    54 1.392999 0.000000 -0.000003 -0.001788 0.370555 0.932381
    55 1.099998 -0.000002 -0.000003 0.000000 -0.013127 -0.286815
    56 0.578998 0.704300 0.000000 0.000000 -1.570790 -3.044320
    57 2.577897 -4.075848 1.825547 1.570743 -1.473520 1.570850
    58 -2.577999 -4.075848 1.825549 1.570743 -1.473520 1.570850
    59 2.330669 -1.877754 0.104131 -1.861302 0.207908 -1.328386
  time 174
    0 -0.003395 0.004619 23.307130 1.207923 0.003404 0.002383
    1 0.001573 4.212781 -1.689849 1.565266 -0.238711 1.555254
    2 3.837410 0.000000 0.000000 -0.004793 -0.008959 0.195464
    3 3.617862 0.000000 0.000000 -0.005771 -0.007177 0.064213
    4 7.539774 0.000000 0.000000 0.000000 0.000000 0.155813
    5 3.178292 0.000001 0.000000 3.228070 0.047606 0.058022
    6 2.970271 0.000000 0.000001 -0.021352 0.029068 0.204260
    7 -0.000002 0.000001 0.000000 -1.570796 0.000000 -1.326450
    8 2.023705 0.907460 0.852577 3.328745 -1.237897 1.199539
    9 4.983657 -0.000003 0.000000 -1.981163 -1.027506 -0.058290
    10 11.123049 -0.000003 0.000001 -0.000001 -0.000001 -0.827407
    11 11.208297 -0.000001 0.000013 1.748960 -0.070727 0.645813
    12 2.676087 -1.712447 0.000003 1.570795 0.000000 1.570797
    13 2.023707 0.907463 -0.852527 -2.134885 1.381615 -3.817616
    14 4.983657 -0.000004 0.000000 1.623413 0.263062 -0.512165
    15 11.123040 -0.000006 -0.000006 0.000000 0.000001 -0.760874
    16 11.208287 0.000000 -0.000016 -2.066881 0.340096 -0.269570
    17 2.676081 -1.712434 -0.000003 -1.570797 -0.000001 -1.570797
    18 3.984014 -0.000005 -0.000003 -2.634508 -1.463093 -0.204678
    19 15.940006 0.000002 0.000000 0.000000 0.000000 1.161894
    20 17.709558 0.000004 0.000002 -0.370615 -0.082305 -1.334006
    21 6.203996 0.000000 0.000001 -0.011146 0.000934 -0.500515
    22 -3.984013 0.000007 0.000007 -3.648140 -1.489810 0.354560
    23 15.940015 0.000000 0.000000 0.000000 0.000000 1.261626
    24 17.709572 -0.000006 0.000001 0.183466 0.194490 -1.380624
    25 6.204001 0.000003 -0.000001 -0.078651 -0.006185 -0.498943
    26 3.549240 0.198821 -1.489462 -0.030168 0.009817 -0.610131
    27 1.218999 -0.000001 0.000002 -0.079619 0.060377 -1.235903
    28 0.679998 -0.000001 -0.000001 -0.009668 0.087366 -0.396359
    29 3.698007 0.267555 -0.728972 -0.250925 0.113089 -0.987483
    30 1.749001 -0.000001 0.000003 -0.027046 0.015563 -1.208759
    31 0.959999 -0.000001 0.000001 -0.021396 0.033349 -0.769009
    32 3.768500 0.152546 0.071388 0.023805 0.090712 -0.993130
    33 2.037998 0.000001 0.000002 0.002862 -0.001934 -1.594652
    34 1.067001 0.000001 0.000002 0.000946 -0.007231 -0.630418
    35 3.783924 -0.017260 0.794558 0.334927 0.116158 -0.896834
    36 1.629002 -0.000001 0.000003 0.067751 -0.020111 -1.488087
    37 0.956000 0.000000 0.000001 0.036403 -0.060661 -0.702634
    38 1.258965 -0.297983 1.252590 -1.260785 -0.398179 -1.222948
    39 1.393001 0.000001 0.000000 0.001097 -0.129318 0.597470
    40 1.100002 0.000001 -0.000003 -0.113255 -0.226182 0.621819
    41 3.549266 0.211411 1.487664 0.414800 -0.091344 -0.832465
    42 1.218999 -0.000001 -0.000002 0.076519 -0.060605 -1.221542
    43 0.679999 0.000001 0.000000 0.029119 -0.082748 -0.641951
    44 3.698016 0.273718 0.726617 0.249265 -0.111412 -0.992303
    45 1.748999 0.000000 -0.000002 0.020255 -0.017985 -1.043218
    46 0.959996 0.000000 0.000000 0.015675 -0.036226 -0.705571
    47 3.768499 0.151954 -0.072746 -0.037347 -0.087357 -0.867148
    48 2.037997 0.000002 -0.000003 -0.004272 0.001742 -1.428344
    49 1.066998 0.000000 -0.000001 -0.001429 0.005624 -0.566382
    50 3.783906 -0.023949 -0.794455 -0.350002 -0.068492 -0.758728
    51 1.629001 0.000002 0.000000 -0.062588 0.029671 -1.321899
    52 0.955999 0.000000 -0.000002 -0.031449 0.062242 -0.638366
    53 1.258940 -0.308543 -1.250054 1.287182 0.528151 -0.661650
    54 1.392999 0.000000 -0.000003 -0.001788 0.370555 0.932381
    55 1.099998 -0.000002 -0.000003 0.000000 -0.013127 -0.286815
    56 0.578998 0.704300 0.000000 0.000000 -1.570790 -3.044320
    57 2.577897 -4.075848 1.825547 1.570743 -1.473520 1.570850
    58 -2.577999 -4.075848 1.825549 1.570743 -1.473520 1.570850
    59 2.330669 -1.877754 0.104131 -1.861302 0.207908 -1.328386
  time 175
    0 -0.003395 0.004619 23.307130 1.207923 0.003494 0.002383
    1 0.001573 4.212781 -1.689849 1.565356 -0.238920 1.555408
    2 3.837410 0.000000 0.000000 -0.005063 -0.008611 0.195760
    3 3.617862 0.000000 0.000000 -0.006001 -0.006829 0.064503
    4 7.539774 0.000000 0.000000 0.000000 0.000000 0.155813
    5 3.178292 0.000001 0.000000 3.230750 0.048007 0.060438
    6 2.970271 0.000000 0.000001 -0.024015 0.030943 0.207265
    7 -0.000002 0.000001 0.000000 -1.570796 0.000000 -1.326450
    8 2.023705 0.907460 0.852577 3.329224 -1.239202 1.198868
    9 4.983657 -0.000003 0.000000 -1.981258 -1.026999 -0.056967
    10 11.123049 -0.000003 0.000001 -0.000001 -0.000001 -0.829260
    11 11.208297 -0.000001 0.000013 1.747043 -0.070201 0.646525
    12 2.676087 -1.712447 0.000003 1.570795 0.000000 1.570797
    13 2.023707 0.907463 -0.852527 -2.132493 1.381473 -3.814741
    14 4.983657 -0.000004 0.000000 1.625712 0.262871 -0.511598
    15 11.123040 -0.000006 -0.000006 0.000000 0.000001 -0.764033
    16 11.208287 0.000000 -0.000016 -2.068676 0.338879 -0.268403
    17 2.676081 -1.712434 -0.000003 -1.570797 -0.000001 -1.570797
    18 3.984014 -0.000005 -0.000003 -2.638054 -1.463093 -0.201228
    19 15.940006 0.000002 0.000000 0.000000 0.000000 1.162336
    20 17.709558 0.000004 0.000002 -0.370236 -0.082519 -1.333919
    21 6.203996 0.000000 0.000001 -0.011146 0.000934 -0.500515
    22 -3.984013 0.000007 0.000007 -3.648044 -1.490156 0.354944
    23 15.940015 0.000000 0.000000 0.000000 0.000000 1.261320
    24 17.709572 -0.000006 0.000001 0.182932 0.194559 -1.380624
    25 6.204001 0.000003 -0.000001 -0.078651 -0.006185 -0.498943
    26 3.549240 0.198821 -1.489462 -0.030208 0.009923 -0.610521
    27 1.218999 -0.000001 0.000002 -0.079726 0.060377 -1.236320
    28 0.679998 -0.000001 -0.000001 -0.009776 0.087366 -0.396776
    29 3.698007 0.267555 -0.728972 -0.250995 0.113147 -0.987866
    30 1.749001 -0.000001 0.000003 -0.027221 0.015611 -1.209153
    31 0.959999 -0.000001 0.000001 -0.021533 0.033265 -0.769384
    32 3.768500 0.152546 0.071388 0.023723 0.090796 -0.993525
    33 2.037998 0.000001 0.000002 0.002801 -0.001970 -1.595060
    34 1.067001 0.000001 0.000002 0.000928 -0.007303 -0.630794
    35 3.783924 -0.017260 0.794558 0.334847 0.116236 -0.897218
    36 1.629002 -0.000001 0.000003 0.067810 -0.020132 -1.488452
    37 0.956000 0.000000 0.000001 0.036468 -0.060661 -0.703038
    38 1.258965 -0.297983 1.252590 -1.260871 -0.398112 -1.223316
    39 1.393001 0.000001 0.000000 0.001097 -0.128903 0.597441
    40 1.100002 0.000001 -0.000003 -0.113027 -0.225863 0.621730
    41 3.549266 0.211411 1.487664 0.414753 -0.091406 -0.832660
    42 1.218999 -0.000001 -0.000002 0.076519 -0.060605 -1.221542
    43 0.679999 0.000001 0.000000 0.029119 -0.082748 -0.641951
    44 3.698016 0.273718 0.726617 0.249229 -0.111481 -0.992508
    45 1.748999 0.000000 -0.000002 0.020255 -0.017985 -1.043218
    46 0.959996 0.000000 0.000000 0.015675 -0.036226 -0.705571
    47 3.768499 0.151954 -0.072746 -0.037371 -0.087429 -0.867362
    48 2.037997 0.000002 -0.000003 -0.004272 0.001742 -1.428344
    49 1.066998 0.000000 -0.000001 -0.001429 0.005624 -0.566382
    50 3.783906 -0.023949 -0.794455 -0.350059 -0.068554 -0.758884
    51 1.629001 0.000002 0.000000 -0.062588 0.029671 -1.321899
    52 0.955999 0.000000 -0.000002 -0.031449 0.062230 -0.638366
    53 1.258940 -0.308543 -1.250054 1.287095 0.528108 -0.661868
    54 1.392999 0.000000 -0.000003 -0.001788 0.370555 0.932381
    55 1.099998 -0.000002 -0.000003 0.000000 -0.013127 -0.286815
    56 0.578998 0.704300 0.000000 0.000000 -1.570790 -3.044320
    57 2.577897 -4.075848 1.825547 1.570743 -1.473520 1.570850
    58 -2.577999 -4.075848 1.825549 1.570743 -1.473520 1.570850
    59 2.330669 -1.877754 0.104131 -1.861302 0.207908 -1.328386
  time 176
    0 -0.003395 0.004619 23.307130 1.208017 0.003494 0.002383
    1 0.001573 4.212781 -1.689849 1.565514 -0.239130 1.555562
    2 3.837410 0.000000 0.000000 -0.005266 -0.008327 0.196006
    3 3.617862 0.000000 0.000000 -0.006194 -0.006526 0.064759
    4 7.539774 0.000000 0.000000 0.000000 0.000000 0.155813
    5 3.178292 0.000001 0.000000 3.232887 0.047967 0.062418
    6 2.970271 0.000000 0.000001 -0.026341 0.032107 0.209815
    7 -0.000002 0.000001 0.000000 -1.570796 0.000000 -1.326450
    8 2.023705 0.907460 0.852577 3.329511 -1.240348 1.198389
    9 4.983657 -0.000003 0.000000 -1.981545 -1.026745 -0.055360
    10 11.123049 -0.000003 0.000001 -0.000001 -0.000001 -0.830664
    11 11.208297 -0.000001 0.000013 1.745317 -0.069718 0.647094
    12 2.676087 -1.712447 0.000003 1.570795 0.000000 1.570797
    13 2.023707 0.907463 -0.852527 -2.129335 1.381330 -3.811098
    14 4.983657 -0.000004 0.000000 1.627724 0.262823 -0.511031
    15 11.123040 -0.000006 -0.000006 0.000000 0.000001 -0.766687
    16 11.208287 0.000000 -0.000016 -2.070202 0.337756 -0.267527
    17 2.676081 -1.712434 -0.000003 -1.570797 -0.000001 -1.570797
    18 3.984014 -0.000005 -0.000003 -2.641408 -1.463019 -0.197970
    19 15.940006 0.000002 0.000000 0.000000 0.000000 1.162778
    20 17.709558 0.000004 0.000002 -0.369856 -0.082590 -1.333833
    21 6.203996 0.000000 0.000001 -0.011146 0.000934 -0.500515
    22 -3.984013 0.000007 0.000007 -3.647469 -1.490501 0.354656
    23 15.940015 0.000000 0.000000 0.000000 0.000000 1.261013
    24 17.709572 -0.000006 0.000001 0.182517 0.194662 -1.380673
    25 6.204001 0.000003 -0.000001 -0.078651 -0.006185 -0.498943
    26 3.549240 0.198821 -1.489462 -0.030228 0.010002 -0.610813
    27 1.218999 -0.000001 0.000002 -0.079803 0.060377 -1.236634
    28 0.679998 -0.000001 -0.000001 -0.009847 0.087366 -0.397068
    29 3.698007 0.267555 -0.728972 -0.251048 0.113219 -0.988201
    30 1.749001 -0.000001 0.000003 -0.027337 0.015635 -1.209399
    31 0.959999 -0.000001 0.000001 -0.021650 0.033205 -0.769634
    32 3.768500 0.152546 0.071388 0.023674 0.090844 -0.993821
    33 2.037998 0.000001 0.000002 0.002760 -0.001994 -1.595366
    34 1.067001 0.000001 0.000002 0.000892 -0.007351 -0.631086
    35 3.783924 -0.017260 0.794558 0.334807 0.116297 -0.897553
    36 1.629002 -0.000001 0.000003 0.067850 -0.020153 -1.488772
    37 0.956000 0.000000 0.000001 0.036511 -0.060661 -0.703349
    38 1.258965 -0.297983 1.252590 -1.260956 -0.398067 -1.223573
    39 1.393001 0.000001 0.000000 0.001079 -0.128597 0.597384
    40 1.100002 0.000001 -0.000003 -0.112847 -0.225608 0.621641
    41 3.549266 0.211411 1.487664 0.414722 -0.091447 -0.832806
    42 1.218999 -0.000001 -0.000002 0.076519 -0.060605 -1.221542
    43 0.679999 0.000001 0.000000 0.029119 -0.082748 -0.641951
    44 3.698016 0.273718 0.726617 0.249217 -0.111536 -0.992661
    45 1.748999 0.000000 -0.000002 0.020255 -0.017985 -1.043218
    46 0.959996 0.000000 0.000000 0.015675 -0.036226 -0.705571
    47 3.768499 0.151954 -0.072746 -0.037407 -0.087477 -0.867469
    48 2.037997 0.000002 -0.000003 -0.004272 0.001742 -1.428344
    49 1.066998 0.000000 -0.000001 -0.001429 0.005624 -0.566382
    50 3.783906 -0.023949 -0.794455 -0.350088 -0.068600 -0.759041
    51 1.629001 0.000002 0.000000 -0.062588 0.029671 -1.321899
    52 0.955999 0.000000 -0.000002 -0.031449 0.062230 -0.638366
    53 1.258940 -0.308543 -1.250054 1.287052 0.528043 -0.662013
    54 1.392999 0.000000 -0.000003 -0.001788 0.370555 0.932381
    55 1.099998 -0.000002 -0.000003 0.000000 -0.013127 -0.286815
    56 0.578998 0.704300 0.000000 0.000000 -1.570790 -3.044320
    57 2.577897 -4.075848 1.825547 1.570743 -1.473520 1.570850
    58 -2.577999 -4.075848 1.825549 1.570743 -1.473520 1.570850
    59 2.330669 -1.877754 0.104131 -1.861302 0.207908 -1.328386
  time 177
    0 -0.003395 0.004619 23.307130 1.208017 0.003540 0.002383
    1 0.001573 4.212781 -1.689849 1.565761 -0.239340 1.555601
    2 3.837410 0.000000 0.000000 -0.005428 -0.008122 0.196187
    3 3.617862 0.000000 0.000000 -0.006335 -0.006299 0.064947
    4 7.539774 0.000000 0.000000 0.000000 0.000000 0.155813
    5 3.178292 0.000001 0.000000 3.234369 0.047586 0.063612
    6 2.970271 0.000000 0.000001 -0.028285 0.032501 0.211499
    7 -0.000002 0.000001 0.000000 -1.570796 0.000000 -1.326450
    8 2.023705 0.907460 0.852577 3.329798 -1.241297 1.198101
    9 4.983657 -0.000003 0.000000 -1.982118 -1.026846 -0.053660
    10 11.123049 -0.000003 0.000001 -0.000001 -0.000001 -0.831618
    11 11.208297 -0.000001 0.000013 1.743783 -0.069279 0.647592
    12 2.676087 -1.712447 0.000003 1.570795 0.000000 1.570797
    13 2.023707 0.907463 -0.852527 -2.124455 1.381046 -3.805826
    14 4.983657 -0.000004 0.000000 1.629544 0.263205 -0.510275
    15 11.123040 -0.000006 -0.000006 0.000000 0.000001 -0.768456
    16 11.208287 0.000000 -0.000016 -2.071458 0.336727 -0.266943
    17 2.676081 -1.712434 -0.000003 -1.570797 -0.000001 -1.570797
    18 3.984014 -0.000005 -0.000003 -2.644380 -1.462870 -0.195287
    19 15.940006 0.000002 0.000000 0.000000 0.000000 1.162999
    20 17.709558 0.000004 0.000002 -0.369477 -0.082519 -1.333746
    21 6.203996 0.000000 0.000001 -0.011146 0.000934 -0.500515
    22 -3.984013 0.000007 0.000007 -3.646511 -1.490748 0.353985
    23 15.940015 0.000000 0.000000 0.000000 0.000000 1.260630
    24 17.709572 -0.000006 0.000001 0.182101 0.194800 -1.380673
    25 6.204001 0.000003 -0.000001 -0.078651 -0.006185 -0.498943
    26 3.549240 0.198821 -1.489462 -0.030249 0.010028 -0.611007
    27 1.218999 -0.000001 0.000002 -0.079864 0.060389 -1.236790
    28 0.679998 -0.000001 -0.000001 -0.009883 0.087366 -0.397277
    29 3.698007 0.267555 -0.728972 -0.251083 0.113262 -0.988392
    30 1.749001 -0.000001 0.000003 -0.027415 0.015659 -1.209596
    31 0.959999 -0.000001 0.000001 -0.021728 0.033169 -0.769843
    32 3.768500 0.152546 0.071388 0.023641 0.090880 -0.994018
    33 2.037998 0.000001 0.000002 0.002739 -0.002018 -1.595570
    34 1.067001 0.000001 0.000002 0.000874 -0.007387 -0.631294
    35 3.783924 -0.017260 0.794558 0.334767 0.116344 -0.897697
    36 1.629002 -0.000001 0.000003 0.067890 -0.020153 -1.488955
    37 0.956000 0.000000 0.000001 0.036533 -0.060661 -0.703536
    38 1.258965 -0.297983 1.252590 -1.260999 -0.398045 -1.223720
    39 1.393001 0.000001 0.000000 0.001079 -0.128417 0.597384
    40 1.100002 0.000001 -0.000003 -0.112740 -0.225459 0.621597
    41 3.549266 0.211411 1.487664 0.414706 -0.091488 -0.832903
    42 1.218999 -0.000001 -0.000002 0.076519 -0.060605 -1.221542
    43 0.679999 0.000001 0.000000 0.029119 -0.082748 -0.641951
    44 3.698016 0.273718 0.726617 0.249205 -0.111577 -0.992713
    45 1.748999 0.000000 -0.000002 0.020255 -0.017985 -1.043218
    46 0.959996 0.000000 0.000000 0.015675 -0.036226 -0.705571
    47 3.768499 0.151954 -0.072746 -0.037419 -0.087513 -0.867576
    48 2.037997 0.000002 -0.000003 -0.004272 0.001742 -1.428344
    49 1.066998 0.000000 -0.000001 -0.001429 0.005624 -0.566382
    50 3.783906 -0.023949 -0.794455 -0.350102 -0.068631 -0.759146
    51 1.629001 0.000002 0.000000 -0.062588 0.029671 -1.321899
    52 0.955999 0.000000 -0.000002 -0.031449 0.062242 -0.638366
    53 1.258940 -0.308543 -1.250054 1.287052 0.528021 -0.662121
    54 1.392999 0.000000 -0.000003 -0.001788 0.370555 0.932381
    55 1.099998 -0.000002 -0.000003 0.000000 -0.013127 -0.286815
    56 0.578998 0.704300 0.000000 0.000000 -1.570790 -3.044320
    57 2.577897 -4.075848 1.825547 1.570743 -1.473520 1.570850
    58 -2.577999 -4.075848 1.825549 1.570743 -1.473520 1.570850
    59 2.330669 -1.877754 0.104131 -1.861302 0.207908 -1.328386
  time 178
    0 -0.003395 0.004619 23.307130 1.208017 0.003540 0.002287
    1 0.001573 4.212781 -1.689849 1.566031 -0.239549 1.555524
    2 3.837410 0.000000 0.000000 -0.005523 -0.007980 0.196302
    3 3.617862 0.000000 0.000000 -0.006437 -0.006178 0.065067
    4 7.539774 0.000000 0.000000 0.000000 0.000000 0.155813
    5 3.178292 0.000001 0.000000 3.235196 0.046944 0.064078
    6 2.970271 0.000000 0.000001 -0.029808 0.032166 0.212410
    7 -0.000002 0.000001 0.000000 -1.570796 0.000000 -1.326450
    8 2.023705 0.907460 0.852577 3.329798 -1.242206 1.198197
    9 4.983657 -0.000003 0.000000 -1.982691 -1.027455 -0.051676
    10 11.123049 -0.000003 0.000001 -0.000001 -0.000001 -0.831955
    11 11.208297 -0.000001 0.000013 1.742633 -0.068928 0.647948
    12 2.676087 -1.712447 0.000003 1.570795 0.000000 1.570797
    13 2.023707 0.907463 -0.852527 -2.116799 1.380667 -3.797774
    14 4.983657 -0.000004 0.000000 1.630790 0.264208 -0.509236
    15 11.123040 -0.000006 -0.000006 0.000000 0.000001 -0.769340
    16 11.208287 0.000000 -0.000016 -2.072356 0.335744 -0.266724
    17 2.676081 -1.712434 -0.000003 -1.570797 -0.000001 -1.570797
    18 3.984014 -0.000005 -0.000003 -2.647063 -1.462646 -0.192987
    19 15.940006 0.000002 0.000000 0.000000 0.000000 1.163220
    20 17.709558 0.000004 0.000002 -0.369098 -0.082305 -1.333746
    21 6.203996 0.000000 0.000001 -0.011146 0.000934 -0.500515
    22 -3.984013 0.000007 0.000007 -3.644881 -1.490995 0.352548
    23 15.940015 0.000000 0.000000 0.000000 0.000000 1.260323
    24 17.709572 -0.000006 0.000001 0.181805 0.195042 -1.380673
    25 6.204001 0.000003 -0.000001 -0.078651 -0.006185 -0.498943
    26 3.549240 0.198821 -1.489462 -0.030269 0.010055 -0.611056
    27 1.218999 -0.000001 0.000002 -0.079880 0.060389 -1.236895
    28 0.679998 -0.000001 -0.000001 -0.009900 0.087366 -0.397361
    29 3.698007 0.267555 -0.728972 -0.251101 0.113262 -0.988440
    30 1.749001 -0.000001 0.000003 -0.027453 0.015659 -1.209645
    31 0.959999 -0.000001 0.000001 -0.021748 0.033157 -0.769884
    32 3.768500 0.152546 0.071388 0.023625 0.090892 -0.994068
    33 2.037998 0.000001 0.000002 0.002719 -0.002018 -1.595621
    34 1.067001 0.000001 0.000002 0.000874 -0.007399 -0.631377
    35 3.783924 -0.017260 0.794558 0.334767 0.116359 -0.897793
    36 1.629002 -0.000001 0.000003 0.067890 -0.020174 -1.489047
    37 0.956000 0.000000 0.000001 0.036555 -0.060673 -0.703598
    38 1.258965 -0.297983 1.252590 -1.260999 -0.398023 -1.223793
    39 1.393001 0.000001 0.000000 0.001079 -0.128345 0.597355
    40 1.100002 0.000001 -0.000003 -0.112704 -0.225395 0.621597
    41 3.549266 0.211411 1.487664 0.414706 -0.091488 -0.832903
    42 1.218999 -0.000001 -0.000002 0.076519 -0.060605 -1.221542
    43 0.679999 0.000001 0.000000 0.029119 -0.082748 -0.641951
    44 3.698016 0.273718 0.726617 0.249193 -0.111591 -0.992764
    45 1.748999 0.000000 -0.000002 0.020255 -0.017985 -1.043218
    46 0.959996 0.000000 0.000000 0.015675 -0.036226 -0.705571
    47 3.768499 0.151954 -0.072746 -0.037431 -0.087525 -0.867630
    48 2.037997 0.000002 -0.000003 -0.004272 0.001742 -1.428344
    49 1.066998 0.000000 -0.000001 -0.001429 0.005624 -0.566382
    50 3.783906 -0.023949 -0.794455 -0.350102 -0.068646 -0.759146
    51 1.629001 0.000002 0.000000 -0.062588 0.029671 -1.321899
    52 0.955999 0.000000 -0.000002 -0.031449 0.062230 -0.638366
    53 1.258940 -0.308543 -1.250054 1.287009 0.528021 -0.662158
    54 1.392999 0.000000 -0.000003 -0.001788 0.370555 0.932381
    55 1.099998 -0.000002 -0.000003 0.000000 -0.013127 -0.286815
    56 0.578998 0.704300 0.000000 0.000000 -1.570790 -3.044320
    57 2.577897 -4.075848 1.825547 1.570743 -1.473520 1.570850
    58 -2.577999 -4.075848 1.825549 1.570743 -1.473520 1.570850
    59 2.330669 -1.877754 0.104131 -1.861302 0.207908 -1.328386
  time 179
    0 -0.003395 0.004619 23.307130 1.208017 0.003540 0.002287
    1 0.001573 4.212781 -1.689849 1.566390 -0.239780 1.555369
    2 3.837410 0.000000 0.000000 -0.005563 -0.007948 0.196335
    3 3.617862 0.000000 0.000000 -0.006463 -0.006118 0.065101
    4 7.539774 0.000000 0.000000 0.000000 0.000000 0.155813
    5 3.178292 0.000001 0.000000 3.235282 0.046081 0.063816
    6 2.970271 0.000000 0.000001 -0.030822 0.031179 0.212501
    7 -0.000002 0.000001 0.000000 -1.570796 0.000000 -1.326450
    8 2.023705 0.907460 0.852577 3.329798 -1.242957 1.198389
    9 4.983657 -0.000003 0.000000 -1.983455 -1.028571 -0.049691
    10 11.123049 -0.000003 0.000001 -0.000001 -0.000001 -0.831674
    11 11.208297 -0.000001 0.000013 1.741770 -0.068709 0.648019
    12 2.676087 -1.712447 0.000003 1.570795 0.000000 1.570797
    13 2.023707 0.907463 -0.852527 -2.106560 1.380098 -3.787133
    14 4.983657 -0.000004 0.000000 1.631652 0.265735 -0.507912
    15 11.123040 -0.000006 -0.000006 0.000000 0.000001 -0.769404
    16 11.208287 0.000000 -0.000016 -2.072984 0.334855 -0.266724
    17 2.676081 -1.712434 -0.000003 -1.570797 -0.000001 -1.570797
    18 3.984014 -0.000005 -0.000003 -2.649172 -1.462348 -0.191262
    19 15.940006 0.000002 0.000000 0.000000 0.000000 1.163294
    20 17.709558 0.000004 0.000002 -0.368643 -0.081949 -1.333746
    21 6.203996 0.000000 0.000001 -0.011146 0.000934 -0.500515
    22 -3.984013 0.000007 0.000007 -3.642773 -1.491143 0.350535
    23 15.940015 0.000000 0.000000 0.000000 0.000000 1.259940
    24 17.709572 -0.000006 0.000001 0.181508 0.195352 -1.380624
    25 6.204001 0.000003 -0.000001 -0.078651 -0.006185 -0.498943
    26 3.549240 0.198821 -1.489462 -0.030269 0.010028 -0.611007
    27 1.218999 -0.000001 0.000002 -0.079864 0.060389 -1.236843
    28 0.679998 -0.000001 -0.000001 -0.009883 0.087366 -0.397319
    29 3.698007 0.267555 -0.728972 -0.251083 0.113247 -0.988392
    30 1.749001 -0.000001 0.000003 -0.027434 0.015659 -1.209596
    31 0.959999 -0.000001 0.000001 -0.021728 0.033169 -0.769843
    32 3.768500 0.152546 0.071388 0.023641 0.090892 -0.994018
    33 2.037998 0.000001 0.000002 0.002739 -0.002018 -1.595570
    34 1.067001 0.000001 0.000002 0.000874 -0.007387 -0.631336
    35 3.783924 -0.017260 0.794558 0.334767 0.116344 -0.897745
    36 1.629002 -0.000001 0.000003 0.067890 -0.020174 -1.489001
    37 0.956000 0.000000 0.000001 0.036555 -0.060661 -0.703567
    38 1.258965 -0.297983 1.252590 -1.260999 -0.398045 -1.223756
    39 1.393001 0.000001 0.000000 0.001079 -0.128381 0.597384
    40 1.100002 0.000001 -0.000003 -0.112728 -0.225437 0.621597
    41 3.549266 0.211411 1.487664 0.414706 -0.091488 -0.832903
    42 1.218999 -0.000001 -0.000002 0.076519 -0.060605 -1.221542
    43 0.679999 0.000001 0.000000 0.029119 -0.082748 -0.641951
    44 3.698016 0.273718 0.726617 0.249205 -0.111577 -0.992713
    45 1.748999 0.000000 -0.000002 0.020255 -0.017985 -1.043218
    46 0.959996 0.000000 0.000000 0.015675 -0.036226 -0.705571
    47 3.768499 0.151954 -0.072746 -0.037419 -0.087513 -0.867576
    48 2.037997 0.000002 -0.000003 -0.004272 0.001742 -1.428344
    49 1.066998 0.000000 -0.000001 -0.001429 0.005624 -0.566382
    50 3.783906 -0.023949 -0.794455 -0.350102 -0.068646 -0.759146
    51 1.629001 0.000002 0.000000 -0.062588 0.029671 -1.321899
    52 0.955999 0.000000 -0.000002 -0.031449 0.062230 -0.638366
    53 1.258940 -0.308543 -1.250054 1.287052 0.528021 -0.662121
    54 1.392999 0.000000 -0.000003 -0.001788 0.370555 0.932381
    55 1.099998 -0.000002 -0.000003 0.000000 -0.013127 -0.286815
    56 0.578998 0.704300 0.000000 0.000000 -1.570790 -3.044320
    57 2.577897 -4.075848 1.825547 1.570743 -1.473520 1.570850
    58 -2.577999 -4.075848 1.825549 1.570743 -1.473520 1.570850
    59 2.330669 -1.877754 0.104131 -1.861302 0.207908 -1.328386
  time 180
    0 -0.003395 0.004619 23.307130 1.207923 0.003494 0.002287
    1 0.001573 4.212781 -1.689849 1.566750 -0.239989 1.555215
    2 3.837410 0.000000 0.000000 -0.005523 -0.007995 0.196285
    3 3.617862 0.000000 0.000000 -0.006437 -0.006178 0.065067
    4 7.539774 0.000000 0.000000 0.000000 0.000000 0.155813
    5 3.178292 0.000001 0.000000 3.234655 0.045077 0.062884
    6 2.970271 0.000000 0.000001 -0.031330 0.029620 0.211727
    7 -0.000002 0.000001 0.000000 -1.570796 0.000000 -1.326450
    8 2.023705 0.907460 0.852577 3.329511 -1.243669 1.198868
    9 4.983657 -0.000003 0.000000 -1.984220 -1.030194 -0.047707
    10 11.123049 -0.000003 0.000001 -0.000001 -0.000001 -0.830664
    11 11.208297 -0.000001 0.000013 1.741195 -0.068577 0.647877
    12 2.676087 -1.712447 0.000003 1.570795 0.000000 1.570797
    13 2.023707 0.907463 -0.852527 -2.094120 1.379386 -3.774288
    14 4.983657 -0.000004 0.000000 1.631939 0.267693 -0.506306
    15 11.123040 -0.000006 -0.000006 0.000000 0.000001 -0.768709
    16 11.208287 0.000000 -0.000016 -2.073254 0.334153 -0.266943
    17 2.676081 -1.712434 -0.000003 -1.570797 -0.000001 -1.570797
    18 3.984014 -0.000005 -0.000003 -2.650897 -1.461939 -0.190113
    19 15.940006 0.000002 0.000000 0.000000 0.000000 1.163220
    20 17.709558 0.000004 0.000002 -0.368188 -0.081415 -1.333833
    21 6.203996 0.000000 0.000001 -0.011146 0.000934 -0.500515
    22 -3.984013 0.000007 0.000007 -3.639802 -1.491192 0.347565
    23 15.940015 0.000000 0.000000 0.000000 0.000000 1.259633
    24 17.709572 -0.000006 0.000001 0.181330 0.195697 -1.380575
    25 6.204001 0.000003 -0.000001 -0.078651 -0.006185 -0.498943
    26 3.549240 0.198821 -1.489462 -0.030249 0.010002 -0.610910
    27 1.218999 -0.000001 0.000002 -0.079834 0.060389 -1.236686
    28 0.679998 -0.000001 -0.000001 -0.009865 0.087366 -0.397194
    29 3.698007 0.267555 -0.728972 -0.251065 0.113233 -0.988249
    30 1.749001 -0.000001 0.000003 -0.027376 0.015647 -1.209498
    31 0.959999 -0.000001 0.000001 -0.021689 0.033181 -0.769718
    32 3.768500 0.152546 0.071388 0.023657 0.090856 -0.993920
    33 2.037998 0.000001 0.000002 0.002760 -0.002006 -1.595417
    34 1.067001 0.000001 0.000002 0.000892 -0.007363 -0.631169
    35 3.783924 -0.017260 0.794558 0.334787 0.116313 -0.897601
    36 1.629002 -0.000001 0.000003 0.067870 -0.020153 -1.488864
    37 0.956000 0.000000 0.000001 0.036533 -0.060661 -0.703412
    38 1.258965 -0.297983 1.252590 -1.260956 -0.398067 -1.223646
    39 1.393001 0.000001 0.000000 0.001079 -0.128507 0.597384
    40 1.100002 0.000001 -0.000003 -0.112800 -0.225544 0.621641
    41 3.549266 0.211411 1.487664 0.414722 -0.091468 -0.832806
    42 1.218999 -0.000001 -0.000002 0.076519 -0.060605 -1.221542
    43 0.679999 0.000001 0.000000 0.029119 -0.082748 -0.641951
    44 3.698016 0.273718 0.726617 0.249205 -0.111550 -0.992661
    45 1.748999 0.000000 -0.000002 0.020255 -0.017985 -1.043218
    46 0.959996 0.000000 0.000000 0.015675 -0.036226 -0.705571
    47 3.768499 0.151954 -0.072746 -0.037407 -0.087489 -0.867523
    48 2.037997 0.000002 -0.000003 -0.004272 0.001742 -1.428344
    49 1.066998 0.000000 -0.000001 -0.001429 0.005624 -0.566382
    50 3.783906 -0.023949 -0.794455 -0.350088 -0.068615 -0.759041
    51 1.629001 0.000002 0.000000 -0.062588 0.029671 -1.321899
    52 0.955999 0.000000 -0.000002 -0.031449 0.062242 -0.638366
    53 1.258940 -0.308543 -1.250054 1.287052 0.528043 -0.662049
    54 1.392999 0.000000 -0.000003 -0.001788 0.370555 0.932381
    55 1.099998 -0.000002 -0.000003 0.000000 -0.013127 -0.286815
    56 0.578998 0.704300 0.000000 0.000000 -1.570790 -3.044320
    57 2.577897 -4.075848 1.825547 1.570743 -1.473520 1.570850
    58 -2.577999 -4.075848 1.825549 1.570743 -1.473520 1.570850
    59 2.330669 -1.877754 0.104131 -1.861302 0.207908 -1.328386
  time 181
    0 -0.003395 0.004619 23.307130 1.207829 0.003404 0.002192
    1 0.001573 4.212781 -1.689849 1.567132 -0.240220 1.555099
    2 3.837410 0.000000 0.000000 -0.005428 -0.008138 0.196154
    3 3.617862 0.000000 0.000000 -0.006335 -0.006330 0.064913
    4 7.539774 0.000000 0.000000 0.000000 0.000000 0.155813
    5 3.178292 0.000001 0.000000 3.233343 0.044074 0.061224
    6 2.970271 0.000000 0.000001 -0.031372 0.027726 0.210088
    7 -0.000002 0.000001 0.000000 -1.570796 0.000000 -1.326450
    8 2.023705 0.907460 0.852577 3.329224 -1.244301 1.199539
    9 4.983657 -0.000003 0.000000 -1.985079 -1.032325 -0.045912
    10 11.123049 -0.000003 0.000001 -0.000001 -0.000001 -0.828979
    11 11.208297 -0.000001 0.000013 1.741003 -0.068490 0.647379
    12 2.676087 -1.712447 0.000003 1.570795 0.000000 1.570797
    13 2.023707 0.907463 -0.852527 -2.079575 1.378485 -3.759430
    14 4.983657 -0.000004 0.000000 1.631748 0.270079 -0.504321
    15 11.123040 -0.000006 -0.000006 0.000000 0.000001 -0.767382
    16 11.208287 0.000000 -0.000016 -2.073164 0.333592 -0.267235
    17 2.676081 -1.712434 -0.000003 -1.570797 -0.000001 -1.570797
    18 3.984014 -0.000005 -0.000003 -2.652047 -1.461417 -0.189633
    19 15.940006 0.000002 0.000000 0.000000 0.000000 1.163146
    20 17.709558 0.000004 0.000002 -0.367733 -0.080738 -1.333919
    21 6.203996 0.000000 0.000001 -0.011146 0.000934 -0.500515
    22 -3.984013 0.000007 0.000007 -3.636064 -1.491192 0.343636
    23 15.940015 0.000000 0.000000 0.000000 0.000000 1.259250
    24 17.709572 -0.000006 0.000001 0.181271 0.196180 -1.380477
    25 6.204001 0.000003 -0.000001 -0.078651 -0.006185 -0.498943
    26 3.549240 0.198821 -1.489462 -0.030228 0.009975 -0.610667
    27 1.218999 -0.000001 0.000002 -0.079772 0.060377 -1.236477
    28 0.679998 -0.000001 -0.000001 -0.009811 0.087366 -0.396985
    29 3.698007 0.267555 -0.728972 -0.251030 0.113190 -0.988057
    30 1.749001 -0.000001 0.000003 -0.027298 0.015623 -1.209301
    31 0.959999 -0.000001 0.000001 -0.021611 0.033229 -0.769551
    32 3.768500 0.152546 0.071388 0.023690 0.090820 -0.993722
    33 2.037998 0.000001 0.000002 0.002780 -0.001982 -1.595213
    34 1.067001 0.000001 0.000002 0.000910 -0.007339 -0.630960
    35 3.783924 -0.017260 0.794558 0.334827 0.116282 -0.897410
    36 1.629002 -0.000001 0.000003 0.067830 -0.020153 -1.488635
    37 0.956000 0.000000 0.000001 0.036490 -0.060661 -0.703225
    38 1.258965 -0.297983 1.252590 -1.260914 -0.398090 -1.223462
    39 1.393001 0.000001 0.000000 0.001097 -0.128723 0.597412
    40 1.100002 0.000001 -0.000003 -0.112919 -0.225714 0.621686
    41 3.549266 0.211411 1.487664 0.414753 -0.091406 -0.832708
    42 1.218999 -0.000001 -0.000002 0.076519 -0.060605 -1.221542
    43 0.679999 0.000001 0.000000 0.029119 -0.082748 -0.641951
    44 3.698016 0.273718 0.726617 0.249229 -0.111494 -0.992508
    45 1.748999 0.000000 -0.000002 0.020255 -0.017985 -1.043218
    46 0.959996 0.000000 0.000000 0.015675 -0.036226 -0.705571
    47 3.768499 0.151954 -0.072746 -0.037383 -0.087441 -0.867362
    48 2.037997 0.000002 -0.000003 -0.004272 0.001742 -1.428344
    49 1.066998 0.000000 -0.000001 -0.001429 0.005624 -0.566382
    50 3.783906 -0.023949 -0.794455 -0.350059 -0.068569 -0.758937
    51 1.629001 0.000002 0.000000 -0.062588 0.029671 -1.321899
    52 0.955999 0.000000 -0.000002 -0.031449 0.062230 -0.638366
    53 1.258940 -0.308543 -1.250054 1.287095 0.528086 -0.661904
    54 1.392999 0.000000 -0.000003 -0.001788 0.370555 0.932381
    55 1.099998 -0.000002 -0.000003 0.000000 -0.013127 -0.286815
    56 0.578998 0.704300 0.000000 0.000000 -1.570790 -3.044320
    57 2.577897 -4.075848 1.825547 1.570743 -1.473520 1.570850
    58 -2.577999 -4.075848 1.825549 1.570743 -1.473520 1.570850
    59 2.330669 -1.877754 0.104131 -1.861302 0.207908 -1.328386
  time 182
    0 -0.003395 0.004619 23.307130 1.207735 0.003313 0.002096
    1 0.001573 4.212781 -1.689849 1.567514 -0.240450 1.555061
    2 3.837410 0.000000 0.000000 -0.005253 -0.008374 0.195957
    3 3.617862 0.000000 0.000000 -0.006181 -0.006572 0.064708
    4 7.539774 0.000000 0.000000 0.000000 0.000000 0.155813
    5 3.178292 0.000001 0.000000 3.231405 0.043090 0.058924
    6 2.970271 0.000000 0.000001 -0.030949 0.025614 0.207629
    7 -0.000002 0.000001 0.000000 -1.570796 0.000000 -1.326450
    8 2.023705 0.907460 0.852577 3.328745 -1.244855 1.200401
    9 4.983657 -0.000003 0.000000 -1.985939 -1.034760 -0.044306
    10 11.123049 -0.000003 0.000001 -0.000001 -0.000001 -0.826621
    11 11.208297 -0.000001 0.000013 1.741195 -0.068577 0.646525
    12 2.676087 -1.712447 0.000003 1.570795 0.000000 1.570797
    13 2.023707 0.907463 -0.852527 -2.063115 1.377442 -3.742655
    14 4.983657 -0.000004 0.000000 1.630981 0.272753 -0.502053
    15 11.123040 -0.000006 -0.000006 0.000000 0.000001 -0.765739
    16 11.208287 0.000000 -0.000016 -2.072625 0.333264 -0.267527
    17 2.676081 -1.712434 -0.000003 -1.570797 -0.000001 -1.570797
    18 3.984014 -0.000005 -0.000003 -2.652718 -1.460822 -0.189729
    19 15.940006 0.000002 0.000000 0.000000 0.000000 1.162925
    20 17.709558 0.000004 0.000002 -0.367278 -0.079919 -1.334092
    21 6.203996 0.000000 0.000001 -0.011146 0.000934 -0.500515
    22 -3.984013 0.000007 0.000007 -3.631271 -1.491044 0.338461
    23 15.940015 0.000000 0.000000 0.000000 0.000000 1.258867
    24 17.709572 -0.000006 0.000001 0.181390 0.196801 -1.380329
    25 6.204001 0.000003 -0.000001 -0.078651 -0.006185 -0.498943
    26 3.549240 0.198821 -1.489462 -0.030208 0.009896 -0.610423
    27 1.218999 -0.000001 0.000002 -0.079696 0.060377 -1.236216
    28 0.679998 -0.000001 -0.000001 -0.009740 0.087366 -0.396693
    29 3.698007 0.267555 -0.728972 -0.250978 0.113147 -0.987770
    30 1.749001 -0.000001 0.000003 -0.027163 0.015599 -1.209054
    31 0.959999 -0.000001 0.000001 -0.021494 0.033289 -0.769259
    32 3.768500 0.152546 0.071388 0.023739 0.090760 -0.993426
    33 2.037998 0.000001 0.000002 0.002821 -0.001958 -1.594958
    34 1.067001 0.000001 0.000002 0.000928 -0.007279 -0.630710
    35 3.783924 -0.017260 0.794558 0.334867 0.116220 -0.897122
    36 1.629002 -0.000001 0.000003 0.067791 -0.020132 -1.488361
    37 0.956000 0.000000 0.000001 0.036447 -0.060661 -0.702914
    38 1.258965 -0.297983 1.252590 -1.260828 -0.398134 -1.223205
    39 1.393001 0.000001 0.000000 0.001097 -0.129011 0.597441
    40 1.100002 0.000001 -0.000003 -0.113087 -0.225948 0.621775
    41 3.549266 0.211411 1.487664 0.414785 -0.091344 -0.832514
    42 1.218999 -0.000001 -0.000002 0.076519 -0.060605 -1.221542
    43 0.679999 0.000001 0.000000 0.029119 -0.082748 -0.641951
    44 3.698016 0.273718 0.726617 0.249253 -0.111439 -0.992354
    45 1.748999 0.000000 -0.000002 0.020255 -0.017985 -1.043218
    46 0.959996 0.000000 0.000000 0.015675 -0.036226 -0.705571
    47 3.768499 0.151954 -0.072746 -0.037347 -0.087381 -0.867202
    48 2.037997 0.000002 -0.000003 -0.004272 0.001742 -1.428344
    49 1.066998 0.000000 -0.000001 -0.001429 0.005624 -0.566382
    50 3.783906 -0.023949 -0.794455 -0.350016 -0.068507 -0.758780
    51 1.629001 0.000002 0.000000 -0.062588 0.029671 -1.321899
    52 0.955999 0.000000 -0.000002 -0.031449 0.062230 -0.638366
    53 1.258940 -0.308543 -1.250054 1.287139 0.528130 -0.661686
    54 1.392999 0.000000 -0.000003 -0.001788 0.370555 0.932381
    55 1.099998 -0.000002 -0.000003 0.000000 -0.013127 -0.286815
    56 0.578998 0.704300 0.000000 0.000000 -1.570790 -3.044320
    57 2.577897 -4.075848 1.825547 1.570743 -1.473520 1.570850
    58 -2.577999 -4.075848 1.825549 1.570743 -1.473520 1.570850
    59 2.330669 -1.877754 0.104131 -1.861302 0.207908 -1.328386
  time 183
    0 -0.003395 0.004619 23.307130 1.207640 0.003132 0.002000
    1 0.001573 4.212781 -1.689849 1.567873 -0.240660 1.555138
    2 3.837410 0.000000 0.000000 -0.005036 -0.008690 0.195678
    3 3.617862 0.000000 0.000000 -0.006001 -0.006905 0.064435
    4 7.539774 0.000000 0.000000 0.000000 0.000000 0.155813
    5 3.178292 0.000001 0.000000 3.228925 0.042267 0.055983
    6 2.970271 0.000000 0.000001 -0.030061 0.023444 0.204397
    7 -0.000002 0.000001 0.000000 -1.570796 0.000000 -1.326450
    8 2.023705 0.907460 0.852577 3.328170 -1.245329 1.201456
    9 4.983657 -0.000003 0.000000 -1.986895 -1.037550 -0.043077
    10 11.123049 -0.000003 0.000001 -0.000001 -0.000001 -0.823870
    11 11.208297 -0.000001 0.000013 1.741770 -0.068709 0.645315
    12 2.676087 -1.712447 0.000003 1.570795 0.000000 1.570797
    13 2.023707 0.907463 -0.852527 -2.045221 1.376209 -3.724441
    14 4.983657 -0.000004 0.000000 1.629640 0.275617 -0.499312
    15 11.123040 -0.000006 -0.000006 0.000000 0.000001 -0.763844
    16 11.208287 0.000000 -0.000016 -2.071817 0.333171 -0.267600
    17 2.676081 -1.712434 -0.000003 -1.570797 -0.000001 -1.570797
    18 3.984014 -0.000005 -0.000003 -2.652910 -1.460151 -0.190304
    19 15.940006 0.000002 0.000000 0.000000 0.000000 1.162557
    20 17.709558 0.000004 0.000002 -0.366823 -0.078958 -1.334265
    21 6.203996 0.000000 0.000001 -0.011146 0.000934 -0.500515
    22 -3.984013 0.000007 0.000007 -3.625616 -1.490748 0.332328
    23 15.940015 0.000000 0.000000 0.000000 0.000000 1.258484
    24 17.709572 -0.000006 0.000001 0.181568 0.197491 -1.380182
    25 6.204001 0.000003 -0.000001 -0.078651 -0.006185 -0.498943
    26 3.549240 0.198821 -1.489462 -0.030168 0.009817 -0.610083
    27 1.218999 -0.000001 0.000002 -0.079589 0.060377 -1.235851
    28 0.679998 -0.000001 -0.000001 -0.009668 0.087366 -0.396359
    29 3.698007 0.267555 -0.728972 -0.250925 0.113075 -0.987435
    30 1.749001 -0.000001 0.000003 -0.027027 0.015563 -1.208710
    31 0.959999 -0.000001 0.000001 -0.021377 0.033360 -0.768967
    32 3.768500 0.152546 0.071388 0.023805 0.090700 -0.993081
    33 2.037998 0.000001 0.000002 0.002882 -0.001922 -1.594601
    34 1.067001 0.000001 0.000002 0.000964 -0.007219 -0.630377
    35 3.783924 -0.017260 0.794558 0.334927 0.116158 -0.896786
    36 1.629002 -0.000001 0.000003 0.067751 -0.020111 -1.487996
    37 0.956000 0.000000 0.000001 0.036382 -0.060661 -0.702572
    38 1.258965 -0.297983 1.252590 -1.260785 -0.398179 -1.222912
    39 1.393001 0.000001 0.000000 0.001097 -0.129354 0.597498
    40 1.100002 0.000001 -0.000003 -0.113279 -0.226225 0.621864
    41 3.549266 0.211411 1.487664 0.414816 -0.091282 -0.832319
    42 1.218999 -0.000001 -0.000002 0.076519 -0.060605 -1.221542
    43 0.679999 0.000001 0.000000 0.029119 -0.082748 -0.641951
    44 3.698016 0.273718 0.726617 0.249277 -0.111356 -0.992149
    45 1.748999 0.000000 -0.000002 0.020255 -0.017985 -1.043218
    46 0.959996 0.000000 0.000000 0.015675 -0.036226 -0.705571
    47 3.768499 0.151954 -0.072746 -0.037311 -0.087309 -0.866988
    48 2.037997 0.000002 -0.000003 -0.004272 0.001742 -1.428344
    49 1.066998 0.000000 -0.000001 -0.001429 0.005624 -0.566382
    50 3.783906 -0.023949 -0.794455 -0.349973 -0.068445 -0.758571
    51 1.629001 0.000002 0.000000 -0.062588 0.029671 -1.321899
    52 0.955999 0.000000 -0.000002 -0.031449 0.062230 -0.638366
    53 1.258940 -0.308543 -1.250054 1.287226 0.528217 -0.661433
    54 1.392999 0.000000 -0.000003 -0.001788 0.370555 0.932381
    55 1.099998 -0.000002 -0.000003 0.000000 -0.013127 -0.286815
    56 0.578998 0.704300 0.000000 0.000000 -1.570790 -3.044320
    57 2.577897 -4.075848 1.825547 1.570743 -1.473520 1.570850
    58 -2.577999 -4.075848 1.825549 1.570743 -1.473520 1.570850
    59 2.330669 -1.877754 0.104131 -1.861302 0.207908 -1.328386
  time 184
    0 -0.003395 0.004619 23.307130 1.207452 0.002951 0.001904
    1 0.001573 4.212781 -1.689849 1.568188 -0.240890 1.555292
    2 3.837410 0.000000 0.000000 -0.004780 -0.009069 0.195349
    3 3.617862 0.000000 0.000000 -0.005758 -0.007298 0.064093
    4 7.539774 0.000000 0.000000 0.000000 0.000000 0.155813
    5 3.178292 0.000001 0.000000 3.225932 0.041685 0.052431
    6 2.970271 0.000000 0.000001 -0.028708 0.021352 0.200390
    7 -0.000002 0.000001 0.000000 -1.570796 0.000000 -1.326450
    8 2.023705 0.907460 0.852577 3.327499 -1.245764 1.202701
    9 4.983657 -0.000003 0.000000 -1.987850 -1.040594 -0.041944
    10 11.123049 -0.000003 0.000001 -0.000001 -0.000001 -0.820614
    11 11.208297 -0.000001 0.000013 1.742729 -0.068928 0.643892
    12 2.676087 -1.712447 0.000003 1.570795 0.000000 1.570797
    13 2.023707 0.907463 -0.852527 -2.025890 1.374787 -3.704790
    14 4.983657 -0.000004 0.000000 1.627820 0.278768 -0.496288
    15 11.123040 -0.000006 -0.000006 0.000000 0.000001 -0.761695
    16 11.208287 0.000000 -0.000016 -2.070561 0.333311 -0.267600
    17 2.676081 -1.712434 -0.000003 -1.570797 -0.000001 -1.570797
    18 3.984014 -0.000005 -0.000003 -2.652910 -1.459407 -0.191262
    19 15.940006 0.000002 0.000000 0.000000 0.000000 1.162189
    20 17.709558 0.000004 0.000002 -0.366368 -0.077889 -1.334525
    21 6.203996 0.000000 0.000001 -0.011146 0.000934 -0.500515
    22 -3.984013 0.000007 0.000007 -3.619195 -1.490402 0.325332
    23 15.940015 0.000000 0.000000 0.000000 0.000000 1.258100
    24 17.709572 -0.000006 0.000001 0.181923 0.198319 -1.379985
    25 6.204001 0.000003 -0.000001 -0.078651 -0.006185 -0.498943
    26 3.549240 0.198821 -1.489462 -0.030128 0.009711 -0.609693
    27 1.218999 -0.000001 0.000002 -0.079481 0.060365 -1.235485
    28 0.679998 -0.000001 -0.000001 -0.009561 0.087366 -0.395941
    29 3.698007 0.267555 -0.728972 -0.250855 0.113003 -0.987005
    30 1.749001 -0.000001 0.000003 -0.026852 0.015527 -1.208365
    31 0.959999 -0.000001 0.000001 -0.021220 0.033432 -0.768550
    32 3.768500 0.152546 0.071388 0.023870 0.090629 -0.992686
    33 2.037998 0.000001 0.000002 0.002943 -0.001898 -1.594193
    34 1.067001 0.000001 0.000002 0.000982 -0.007159 -0.629960
    35 3.783924 -0.017260 0.794558 0.334987 0.116066 -0.896355
    36 1.629002 -0.000001 0.000003 0.067691 -0.020090 -1.487630
    37 0.956000 0.000000 0.000001 0.036317 -0.060649 -0.702167
    38 1.258965 -0.297983 1.252590 -1.260657 -0.398246 -1.222544
    39 1.393001 0.000001 0.000000 0.001097 -0.129768 0.597527
    40 1.100002 0.000001 -0.000003 -0.113519 -0.226565 0.621952
    41 3.549266 0.211411 1.487664 0.414879 -0.091179 -0.832076
    42 1.218999 -0.000001 -0.000002 0.076519 -0.060605 -1.221542
    43 0.679999 0.000001 0.000000 0.029119 -0.082748 -0.641951
    44 3.698016 0.273718 0.726617 0.249313 -0.111260 -0.991893
    45 1.748999 0.000000 -0.000002 0.020255 -0.017985 -1.043218
    46 0.959996 0.000000 0.000000 0.015675 -0.036226 -0.705571
    47 3.768499 0.151954 -0.072746 -0.037263 -0.087213 -0.866720
    48 2.037997 0.000002 -0.000003 -0.004272 0.001742 -1.428344
    49 1.066998 0.000000 -0.000001 -0.001429 0.005624 -0.566382
    50 3.783906 -0.023949 -0.794455 -0.349916 -0.068445 -0.758257
    51 1.629001 0.000002 0.000000 -0.062588 0.029671 -1.321899
    52 0.955999 0.000000 -0.000002 -0.031449 0.062230 -0.638366
    53 1.258940 -0.308543 -1.250054 1.287269 0.528282 -0.661179
    54 1.392999 0.000000 -0.000003 -0.001788 0.370555 0.932381
    55 1.099998 -0.000002 -0.000003 0.000000 -0.013127 -0.286815
    56 0.578998 0.704300 0.000000 0.000000 -1.570790 -3.044320
    57 2.577897 -4.075848 1.825547 1.570743 -1.473520 1.570850
    58 -2.577999 -4.075848 1.825549 1.570743 -1.473520 1.570850
    59 2.330669 -1.877754 0.104131 -1.861302 0.207908 -1.328386
  time 185
    0 -0.003395 0.004619 23.307130 1.207358 0.002770 0.001712
    1 0.001573 4.212781 -1.689849 1.568480 -0.241100 1.555524
    2 3.837410 0.000000 0.000000 -0.004469 -0.009511 0.194955
    3 3.617862 0.000000 0.000000 -0.005476 -0.007752 0.063683
    4 7.539774 0.000000 0.000000 0.000000 0.000000 0.155813
    5 3.178292 0.000001 0.000000 3.222426 0.041384 0.048268
    6 2.970271 0.000000 0.000001 -0.026932 0.019378 0.195655
    7 -0.000002 0.000001 0.000000 -1.570796 0.000000 -1.326450
    8 2.023705 0.907460 0.852577 3.326829 -1.246159 1.203947
    9 4.983657 -0.000003 0.000000 -1.988901 -1.043841 -0.041093
    10 11.123049 -0.000003 0.000001 -0.000001 -0.000001 -0.817021
    11 11.208297 -0.000001 0.000013 1.743975 -0.069235 0.642256
    12 2.676087 -1.712447 0.000003 1.570795 0.000000 1.570797
    13 2.023707 0.907463 -0.852527 -2.005508 1.373175 -3.684181
    14 4.983657 -0.000004 0.000000 1.625617 0.282109 -0.492980
    15 11.123040 -0.000006 -0.000006 0.000000 0.000001 -0.759294
    16 11.208287 0.000000 -0.000016 -2.069035 0.333592 -0.267600
    17 2.676081 -1.712434 -0.000003 -1.570797 -0.000001 -1.570797
    18 3.984014 -0.000005 -0.000003 -2.652431 -1.458625 -0.192604
    19 15.940006 0.000002 0.000000 0.000000 0.000000 1.161746
    20 17.709558 0.000004 0.000002 -0.365837 -0.076714 -1.334785
    21 6.203996 0.000000 0.000001 -0.011146 0.000934 -0.500515
    22 -3.984013 0.000007 0.000007 -3.612198 -1.489909 0.317474
    23 15.940015 0.000000 0.000000 0.000000 0.000000 1.257717
    24 17.709572 -0.000006 0.000001 0.182339 0.199250 -1.379789
    25 6.204001 0.000003 -0.000001 -0.078651 -0.006185 -0.498943
    26 3.549240 0.198821 -1.489462 -0.030087 0.009605 -0.609206
    27 1.218999 -0.000001 0.000002 -0.079359 0.060365 -1.235015
    28 0.679998 -0.000001 -0.000001 -0.009454 0.087366 -0.395440
    29 3.698007 0.267555 -0.728972 -0.250767 0.112917 -0.986574
    30 1.749001 -0.000001 0.000003 -0.026658 0.015480 -1.207922
    31 0.959999 -0.000001 0.000001 -0.021045 0.033528 -0.768133
    32 3.768500 0.152546 0.071388 0.023952 0.090545 -0.992193
    33 2.037998 0.000001 0.000002 0.003025 -0.001851 -1.593734
    34 1.067001 0.000001 0.000002 0.001019 -0.007075 -0.629501
    35 3.783924 -0.017260 0.794558 0.335047 0.115973 -0.895924
    36 1.629002 -0.000001 0.000003 0.067632 -0.020069 -1.487127
    37 0.956000 0.000000 0.000001 0.036252 -0.060637 -0.701701
    38 1.258965 -0.297983 1.252590 -1.260572 -0.398313 -1.222140
    39 1.393001 0.000001 0.000000 0.001097 -0.130237 0.597584
    40 1.100002 0.000001 -0.000003 -0.113782 -0.226970 0.622041
    41 3.549266 0.211411 1.487664 0.414926 -0.091096 -0.831785
    42 1.218999 -0.000001 -0.000002 0.076519 -0.060605 -1.221542
    43 0.679999 0.000001 0.000000 0.029119 -0.082748 -0.641951
    44 3.698016 0.273718 0.726617 0.249361 -0.111149 -0.991637
    45 1.748999 0.000000 -0.000002 0.020255 -0.017985 -1.043218
    46 0.959996 0.000000 0.000000 0.015675 -0.036226 -0.705571
    47 3.768499 0.151954 -0.072746 -0.037215 -0.087117 -0.866453
    48 2.037997 0.000002 -0.000003 -0.004272 0.001742 -1.428344
    49 1.066998 0.000000 -0.000001 -0.001429 0.005624 -0.566382
    50 3.783906 -0.023949 -0.794455 -0.349859 -0.068337 -0.757995
    51 1.629001 0.000002 0.000000 -0.062588 0.029671 -1.321899
    52 0.955999 0.000000 -0.000002 -0.031449 0.062230 -0.638366
    53 1.258940 -0.308543 -1.250054 1.287356 0.528368 -0.660853
    54 1.392999 0.000000 -0.000003 -0.001788 0.370555 0.932381
    55 1.099998 -0.000002 -0.000003 0.000000 -0.013127 -0.286815
    56 0.578998 0.704300 0.000000 0.000000 -1.570790 -3.044320
    57 2.577897 -4.075848 1.825547 1.570743 -1.473520 1.570850
    58 -2.577999 -4.075848 1.825549 1.570743 -1.473520 1.570850
    59 2.330669 -1.877754 0.104131 -1.861302 0.207908 -1.328386
  time 186
    0 -0.003395 0.004619 23.307130 1.207170 0.002544 0.001617
    1 0.001573 4.212781 -1.689849 1.568772 -0.241310 1.555794
    2 3.837410 0.000000 0.000000 -0.004132 -0.010001 0.194528
    3 3.617862 0.000000 0.000000 -0.005181 -0.008251 0.063256
    4 7.539774 0.000000 0.000000 0.000000 0.000000 0.155813
    5 3.178292 0.000001 0.000000 3.218521 0.041284 0.043522
    6 2.970271 0.000000 0.000001 -0.024776 0.017464 0.190237
    7 -0.000002 0.000001 0.000000 -1.570796 0.000000 -1.326450
    8 2.023705 0.907460 0.852577 3.325966 -1.246475 1.205385
    9 4.983657 -0.000003 0.000000 -1.990047 -1.047240 -0.040432
    10 11.123049 -0.000003 0.000001 -0.000001 -0.000001 -0.813091
    11 11.208297 -0.000001 0.000013 1.745509 -0.069630 0.640406
    12 2.676087 -1.712447 0.000003 1.570795 0.000000 1.570797
    13 2.023707 0.907463 -0.852527 -1.984359 1.371373 -3.662708
    14 4.983657 -0.000004 0.000000 1.623030 0.285737 -0.489389
    15 11.123040 -0.000006 -0.000006 0.000000 0.000001 -0.756641
    16 11.208287 0.000000 -0.000016 -2.067240 0.334013 -0.267527
    17 2.676081 -1.712434 -0.000003 -1.570797 -0.000001 -1.570797
    18 3.984014 -0.000005 -0.000003 -2.651664 -1.457768 -0.194329
    19 15.940006 0.000002 0.000000 0.000000 0.000000 1.161231
    20 17.709558 0.000004 0.000002 -0.365382 -0.075468 -1.335044
    21 6.203996 0.000000 0.000001 -0.011146 0.000934 -0.500515
    22 -3.984013 0.000007 0.000007 -3.604722 -1.489366 0.309137
    23 15.940015 0.000000 0.000000 0.000000 0.000000 1.257334
    24 17.709572 -0.000006 0.000001 0.182873 0.200250 -1.379543
    25 6.204001 0.000003 -0.000001 -0.078651 -0.006185 -0.498943
    26 3.549240 0.198821 -1.489462 -0.030047 0.009473 -0.608720
    27 1.218999 -0.000001 0.000002 -0.079206 0.060353 -1.234493
    28 0.679998 -0.000001 -0.000001 -0.009329 0.087366 -0.394939
    29 3.698007 0.267555 -0.728972 -0.250680 0.112816 -0.986048
    30 1.749001 -0.000001 0.000003 -0.026445 0.015432 -1.207479
    31 0.959999 -0.000001 0.000001 -0.020849 0.033624 -0.767674
    32 3.768500 0.152546 0.071388 0.024051 0.090449 -0.991700
    33 2.037998 0.000001 0.000002 0.003107 -0.001803 -1.593224
    34 1.067001 0.000001 0.000002 0.001055 -0.006992 -0.629001
    35 3.783924 -0.017260 0.794558 0.335127 0.115881 -0.895397
    36 1.629002 -0.000001 0.000003 0.067572 -0.020048 -1.486625
    37 0.956000 0.000000 0.000001 0.036166 -0.060625 -0.701203
    38 1.258965 -0.297983 1.252590 -1.260444 -0.398380 -1.221663
    39 1.393001 0.000001 0.000000 0.001115 -0.130741 0.597642
    40 1.100002 0.000001 -0.000003 -0.114082 -0.227374 0.622174
    41 3.549266 0.211411 1.487664 0.414989 -0.090972 -0.831493
    42 1.218999 -0.000001 -0.000002 0.076519 -0.060605 -1.221542
    43 0.679999 0.000001 0.000000 0.029119 -0.082748 -0.641951
    44 3.698016 0.273718 0.726617 0.249397 -0.111025 -0.991330
    45 1.748999 0.000000 -0.000002 0.020255 -0.017985 -1.043218
    46 0.959996 0.000000 0.000000 0.015675 -0.036226 -0.705571
    47 3.768499 0.151954 -0.072746 -0.037155 -0.086997 -0.866132
    48 2.037997 0.000002 -0.000003 -0.004272 0.001742 -1.428344
    49 1.066998 0.000000 -0.000001 -0.001429 0.005624 -0.566382
    50 3.783906 -0.023949 -0.794455 -0.349787 -0.068229 -0.757681
    51 1.629001 0.000002 0.000000 -0.062588 0.029671 -1.321899
    52 0.955999 0.000000 -0.000002 -0.031449 0.062230 -0.638366
    53 1.258940 -0.308543 -1.250054 1.287443 0.528477 -0.660491
    54 1.392999 0.000000 -0.000003 -0.001788 0.370555 0.932381
    55 1.099998 -0.000002 -0.000003 0.000000 -0.013127 -0.286815
    56 0.578998 0.704300 0.000000 0.000000 -1.570790 -3.044320
    57 2.577897 -4.075848 1.825547 1.570743 -1.473520 1.570850
    58 -2.577999 -4.075848 1.825549 1.570743 -1.473520 1.570850
    59 2.330669 -1.877754 0.104131 -1.861302 0.207908 -1.328386
  time 187
    0 -0.003395 0.004619 23.307130 1.206982 0.002317 0.001425
    1 0.001573 4.212781 -1.689849 1.569020 -0.241519 1.556064
    2 3.837410 0.000000 0.000000 -0.003767 -0.010522 0.194068
    3 3.617862 0.000000 0.000000 -0.004847 -0.008780 0.062794
    4 7.539774 0.000000 0.000000 0.000000 0.000000 0.155813
    5 3.178292 0.000001 0.000000 3.214246 0.041324 0.038165
    6 2.970271 0.000000 0.000001 -0.022239 0.015590 0.184091
    7 -0.000002 0.000001 0.000000 -1.570796 0.000000 -1.326450
    8 2.023705 0.907460 0.852577 3.325104 -1.246752 1.207014
    9 4.983657 -0.000003 0.000000 -1.991194 -1.050791 -0.039865
    10 11.123049 -0.000003 0.000001 -0.000001 -0.000001 -0.808993
    11 11.208297 -0.000001 0.000013 1.747330 -0.070113 0.638485
    12 2.676087 -1.712447 0.000003 1.570795 0.000000 1.570797
    13 2.023707 0.907463 -0.852527 -1.962637 1.369381 -3.640661
    14 4.983657 -0.000004 0.000000 1.620156 0.289604 -0.485609
    15 11.123040 -0.000006 -0.000006 0.000000 0.000001 -0.753734
    16 11.208287 0.000000 -0.000016 -2.065175 0.334621 -0.267454
    17 2.676081 -1.712434 -0.000003 -1.570797 -0.000001 -1.570797
    18 3.984014 -0.000005 -0.000003 -2.650801 -1.456912 -0.196245
    19 15.940006 0.000002 0.000000 0.000000 0.000000 1.160715
    20 17.709558 0.000004 0.000002 -0.364926 -0.074186 -1.335304
    21 6.203996 0.000000 0.000001 -0.011146 0.000934 -0.500515
    22 -3.984013 0.000007 0.000007 -3.596958 -1.488724 0.300416
    23 15.940015 0.000000 0.000000 0.000000 0.000000 1.256874
    24 17.709572 -0.000006 0.000001 0.183466 0.201320 -1.379248
    25 6.204001 0.000003 -0.000001 -0.078651 -0.006185 -0.498943
    26 3.549240 0.198821 -1.489462 -0.030006 0.009341 -0.608184
    27 1.218999 -0.000001 0.000002 -0.079068 0.060353 -1.233971
    28 0.679998 -0.000001 -0.000001 -0.009204 0.087366 -0.394396
    29 3.698007 0.267555 -0.728972 -0.250592 0.112715 -0.985522
    30 1.749001 -0.000001 0.000003 -0.026213 0.015372 -1.206937
    31 0.959999 -0.000001 0.000001 -0.020654 0.033732 -0.767174
    32 3.768500 0.152546 0.071388 0.024133 0.090341 -0.991157
    33 2.037998 0.000001 0.000002 0.003188 -0.001755 -1.592663
    34 1.067001 0.000001 0.000002 0.001109 -0.006896 -0.628459
    35 3.783924 -0.017260 0.794558 0.335227 0.115772 -0.894869
    36 1.629002 -0.000001 0.000003 0.067493 -0.020006 -1.486076
    37 0.956000 0.000000 0.000001 0.036079 -0.060613 -0.700643
    38 1.258965 -0.297983 1.252590 -1.260316 -0.398447 -1.221185
    39 1.393001 0.000001 0.000000 0.001115 -0.131300 0.597699
    40 1.100002 0.000001 -0.000003 -0.114405 -0.227843 0.622308
    41 3.549266 0.211411 1.487664 0.415067 -0.090869 -0.831153
    42 1.218999 -0.000001 -0.000002 0.076519 -0.060605 -1.221542
    43 0.679999 0.000001 0.000000 0.029119 -0.082748 -0.641951
    44 3.698016 0.273718 0.726617 0.249445 -0.110900 -0.990972
    45 1.748999 0.000000 -0.000002 0.020255 -0.017985 -1.043218
    46 0.959996 0.000000 0.000000 0.015675 -0.036226 -0.705571
    47 3.768499 0.151954 -0.072746 -0.037096 -0.086878 -0.865811
    48 2.037997 0.000002 -0.000003 -0.004272 0.001742 -1.428344
    49 1.066998 0.000000 -0.000001 -0.001429 0.005624 -0.566382
    50 3.783906 -0.023949 -0.794455 -0.349701 -0.068105 -0.757367
    51 1.629001 0.000002 0.000000 -0.062588 0.029671 -1.321899
    52 0.955999 0.000000 -0.000002 -0.031449 0.062230 -0.638366
    53 1.258940 -0.308543 -1.250054 1.287573 0.528585 -0.660092
    54 1.392999 0.000000 -0.000003 -0.001788 0.370555 0.932381
    55 1.099998 -0.000002 -0.000003 0.000000 -0.013127 -0.286815
    56 0.578998 0.704300 0.000000 0.000000 -1.570790 -3.044320
    57 2.577897 -4.075848 1.825547 1.570743 -1.473520 1.570850
    58 -2.577999 -4.075848 1.825549 1.570743 -1.473520 1.570850
    59 2.330669 -1.877754 0.104131 -1.861302 0.207908 -1.328386
  time 188
    0 -0.003395 0.004619 23.307130 1.206793 0.002091 0.001329
    1 0.001573 4.212781 -1.689849 1.569222 -0.241645 1.556334
    2 3.837410 0.000000 0.000000 -0.003389 -0.011059 0.193575
    3 3.617862 0.000000 0.000000 -0.004501 -0.009355 0.062316
    4 7.539774 0.000000 0.000000 0.000000 0.000000 0.155813
    5 3.178292 0.000001 0.000000 3.209657 0.041384 0.032225
    6 2.970271 0.000000 0.000001 -0.019364 0.013656 0.177216
    7 -0.000002 0.000001 0.000000 -1.570796 0.000000 -1.326450
    8 2.023705 0.907460 0.852577 3.324146 -1.247029 1.208548
    9 4.983657 -0.000003 0.000000 -1.992340 -1.054545 -0.039581
    10 11.123049 -0.000003 0.000001 -0.000001 -0.000001 -0.804333
    11 11.208297 -0.000001 0.000013 1.749344 -0.070595 0.636208
    12 2.676087 -1.712447 0.000003 1.570795 0.000000 1.570797
    13 2.023707 0.907463 -0.852527 -1.940532 1.367247 -3.618230
    14 4.983657 -0.000004 0.000000 1.616803 0.293805 -0.481639
    15 11.123040 -0.000006 -0.000006 0.000000 0.000001 -0.750386
    16 11.208287 0.000000 -0.000016 -2.062932 0.335276 -0.267381
    17 2.676081 -1.712434 -0.000003 -1.570797 -0.000001 -1.570797
    18 3.984014 -0.000005 -0.000003 -2.649747 -1.455981 -0.198449
    19 15.940006 0.000002 0.000000 0.000000 0.000000 1.160125
    20 17.709558 0.000004 0.000002 -0.364396 -0.072832 -1.335650
    21 6.203996 0.000000 0.000001 -0.011146 0.000934 -0.500515
    22 -3.984013 0.000007 0.000007 -3.589003 -1.488033 0.291408
    23 15.940015 0.000000 0.000000 0.000000 0.000000 1.256491
    24 17.709572 -0.000006 0.000001 0.184178 0.202424 -1.378953
    25 6.204001 0.000003 -0.000001 -0.078651 -0.006185 -0.498943
    26 3.549240 0.198821 -1.489462 -0.029946 0.009209 -0.607600
    27 1.218999 -0.000001 0.000002 -0.078899 0.060341 -1.233397
    28 0.679998 -0.000001 -0.000001 -0.009061 0.087381 -0.393812
    29 3.698007 0.267555 -0.728972 -0.250487 0.112600 -0.984900
    30 1.749001 -0.000001 0.000003 -0.025980 0.015324 -1.206395
    31 0.959999 -0.000001 0.000001 -0.020439 0.033852 -0.766590
    32 3.768500 0.152546 0.071388 0.024247 0.090233 -0.990565
    33 2.037998 0.000001 0.000002 0.003270 -0.001707 -1.592102
    34 1.067001 0.000001 0.000002 0.001145 -0.006800 -0.627875
    35 3.783924 -0.017260 0.794558 0.335307 0.115649 -0.894294
    36 1.629002 -0.000001 0.000003 0.067433 -0.019985 -1.485482
    37 0.956000 0.000000 0.000001 0.035971 -0.060601 -0.700052
    38 1.258965 -0.297983 1.252590 -1.260188 -0.398537 -1.220671
    39 1.393001 0.000001 0.000000 0.001115 -0.131876 0.597785
    40 1.100002 0.000001 -0.000003 -0.114741 -0.228311 0.622485
    41 3.549266 0.211411 1.487664 0.415130 -0.090724 -0.830812
    42 1.218999 -0.000001 -0.000002 0.076519 -0.060605 -1.221542
    43 0.679999 0.000001 0.000000 0.029119 -0.082748 -0.641951
    44 3.698016 0.273718 0.726617 0.249493 -0.110762 -0.990614
    45 1.748999 0.000000 -0.000002 0.020255 -0.017985 -1.043218
    46 0.959996 0.000000 0.000000 0.015675 -0.036226 -0.705571
    47 3.768499 0.151954 -0.072746 -0.037024 -0.086746 -0.865490
    48 2.037997 0.000002 -0.000003 -0.004272 0.001742 -1.428344
    49 1.066998 0.000000 -0.000001 -0.001429 0.005624 -0.566382
    50 3.783906 -0.023949 -0.794455 -0.349630 -0.067981 -0.757001
    51 1.629001 0.000002 0.000000 -0.062588 0.029671 -1.321899
    52 0.955999 0.000000 -0.000002 -0.031449 0.062230 -0.638366
    53 1.258940 -0.308543 -1.250054 1.287660 0.528694 -0.659693
    54 1.392999 0.000000 -0.000003 -0.001788 0.370555 0.932381
    55 1.099998 -0.000002 -0.000003 0.000000 -0.013127 -0.286815
    56 0.578998 0.704300 0.000000 0.000000 -1.570790 -3.044320
    57 2.577897 -4.075848 1.825547 1.570743 -1.473520 1.570850
    58 -2.577999 -4.075848 1.825549 1.570743 -1.473520 1.570850
    59 2.330669 -1.877754 0.104131 -1.861302 0.207908 -1.328386
  time 189
    0 -0.003395 0.004619 23.307130 1.206511 0.001865 0.001137
    1 0.001573 4.212781 -1.689849 1.569402 -0.241729 1.556604
    2 3.837410 0.000000 0.000000 -0.002997 -0.011627 0.193099
    3 3.617862 0.000000 0.000000 -0.004155 -0.009930 0.061803
    4 7.539774 0.000000 0.000000 0.000000 0.000000 0.155813
    5 3.178292 0.000001 0.000000 3.204783 0.041384 0.025819
    6 2.970271 0.000000 0.000001 -0.016193 0.011603 0.169795
    7 -0.000002 0.000001 0.000000 -1.570796 0.000000 -1.326450
    8 2.023705 0.907460 0.852577 3.323188 -1.247266 1.210273
    9 4.983657 -0.000003 0.000000 -1.993582 -1.058400 -0.039392
    10 11.123049 -0.000003 0.000001 -0.000001 -0.000001 -0.799449
    11 11.208297 -0.000001 0.000013 1.751644 -0.071166 0.633860
    12 2.676087 -1.712447 0.000003 1.570795 0.000000 1.570797
    13 2.023707 0.907463 -0.852527 -1.918235 1.364924 -3.595607
    14 4.983657 -0.000004 0.000000 1.613355 0.298340 -0.477576
    15 11.123040 -0.000006 -0.000006 0.000000 0.000001 -0.746721
    16 11.208287 0.000000 -0.000016 -2.060418 0.336072 -0.267381
    17 2.676081 -1.712434 -0.000003 -1.570797 -0.000001 -1.570797
    18 3.984014 -0.000005 -0.000003 -2.648405 -1.455013 -0.200845
    19 15.940006 0.000002 0.000000 0.000000 0.000000 1.159462
    20 17.709558 0.000004 0.000002 -0.363940 -0.071444 -1.335910
    21 6.203996 0.000000 0.000001 -0.011146 0.000934 -0.500515
    22 -3.984013 0.000007 0.000007 -3.581048 -1.487243 0.282304
    23 15.940015 0.000000 0.000000 0.000000 0.000000 1.256108
    24 17.709572 -0.000006 0.000001 0.184889 0.203596 -1.378658
    25 6.204001 0.000003 -0.000001 -0.078651 -0.006185 -0.498943
    26 3.549240 0.198821 -1.489462 -0.029885 0.009077 -0.607016
    27 1.218999 -0.000001 0.000002 -0.078716 0.060341 -1.232770
    28 0.679998 -0.000001 -0.000001 -0.008918 0.087381 -0.393186
    29 3.698007 0.267555 -0.728972 -0.250382 0.112499 -0.984278
    30 1.749001 -0.000001 0.000003 -0.025708 0.015264 -1.205853
    31 0.959999 -0.000001 0.000001 -0.020205 0.033972 -0.766048
    32 3.768500 0.152546 0.071388 0.024346 0.090125 -0.989973
    33 2.037998 0.000001 0.000002 0.003372 -0.001659 -1.591490
    34 1.067001 0.000001 0.000002 0.001200 -0.006692 -0.627249
    35 3.783924 -0.017260 0.794558 0.335407 0.115525 -0.893671
    36 1.629002 -0.000001 0.000003 0.067334 -0.019943 -1.484888
    37 0.956000 0.000000 0.000001 0.035885 -0.060589 -0.699430
    38 1.258965 -0.297983 1.252590 -1.260060 -0.398626 -1.220120
    39 1.393001 0.000001 0.000000 0.001133 -0.132507 0.597842
    40 1.100002 0.000001 -0.000003 -0.115089 -0.228822 0.622618
    41 3.549266 0.211411 1.487664 0.415209 -0.090600 -0.830423
    42 1.218999 -0.000001 -0.000002 0.076519 -0.060605 -1.221542
    43 0.679999 0.000001 0.000000 0.029119 -0.082748 -0.641951
    44 3.698016 0.273718 0.726617 0.249553 -0.110610 -0.990255
    45 1.748999 0.000000 -0.000002 0.020255 -0.017985 -1.043218
    46 0.959996 0.000000 0.000000 0.015675 -0.036226 -0.705571
    47 3.768499 0.151954 -0.072746 -0.036952 -0.086614 -0.865115
    48 2.037997 0.000002 -0.000003 -0.004272 0.001742 -1.428344
    49 1.066998 0.000000 -0.000001 -0.001429 0.005624 -0.566382
    50 3.783906 -0.023949 -0.794455 -0.349544 -0.067842 -0.756635
    51 1.629001 0.000002 0.000000 -0.062588 0.029671 -1.321899
    52 0.955999 0.000000 -0.000002 -0.031449 0.062230 -0.638366
    53 1.258940 -0.308543 -1.250054 1.287790 0.528824 -0.659258
    54 1.392999 0.000000 -0.000003 -0.001788 0.370555 0.932381
    55 1.099998 -0.000002 -0.000003 0.000000 -0.013127 -0.286815
    56 0.578998 0.704300 0.000000 0.000000 -1.570790 -3.044320
    57 2.577897 -4.075848 1.825547 1.570743 -1.473520 1.570850
    58 -2.577999 -4.075848 1.825549 1.570743 -1.473520 1.570850
    59 2.330669 -1.877754 0.104131 -1.861302 0.207908 -1.328386
  time 190
    0 -0.003395 0.004619 23.307130 1.206323 0.001593 0.000946
    1 0.001573 4.212781 -1.689849 1.569402 -0.241456 1.556796
    2 3.837410 0.000000 0.000000 -0.002592 -0.012196 0.192589
    3 3.617862 0.000000 0.000000 -0.003795 -0.010505 0.061290
    4 7.539774 0.000000 0.000000 0.000000 0.000000 0.155813
    5 3.178292 0.000001 0.000000 3.199709 0.041224 0.019123
    6 2.970271 0.000000 0.000001 -0.012600 0.009413 0.161737
    7 -0.000002 0.000001 0.000000 -1.570796 0.000000 -1.326450
    8 2.023705 0.907460 0.852577 3.322134 -1.247464 1.212094
    9 4.983657 -0.000003 0.000000 -1.994442 -1.062458 -0.039676
    10 11.123049 -0.000003 0.000001 -0.000001 -0.000001 -0.793610
    11 11.208297 -0.000001 0.000013 1.754137 -0.071824 0.630872
    12 2.676087 -1.712447 0.000003 1.570795 0.000000 1.570797
    13 2.023707 0.907463 -0.852527 -1.896034 1.362458 -3.573080
    14 4.983657 -0.000004 0.000000 1.609235 0.303639 -0.473417
    15 11.123040 -0.000006 -0.000006 0.000000 0.000001 -0.741983
    16 11.208287 0.000000 -0.000016 -2.057905 0.336867 -0.267600
    17 2.676081 -1.712434 -0.000003 -1.570797 -0.000001 -1.570797
    18 3.984014 -0.000005 -0.000003 -2.647159 -1.454082 -0.203240
    19 15.940006 0.000002 0.000000 0.000000 0.000000 1.158799
    20 17.709558 0.000004 0.000002 -0.363410 -0.070055 -1.336169
    21 6.203996 0.000000 0.000001 -0.011146 0.000934 -0.500515
    22 -3.984013 0.000007 0.000007 -3.572997 -1.486454 0.273009
    23 15.940015 0.000000 0.000000 0.000000 0.000000 1.255724
    24 17.709572 -0.000006 0.000001 0.185720 0.204769 -1.378364
    25 6.204001 0.000003 -0.000001 -0.078651 -0.006185 -0.498943
    26 3.549240 0.198821 -1.489462 -0.029825 0.008919 -0.606383
    27 1.218999 -0.000001 0.000002 -0.078547 0.060341 -1.232143
    28 0.679998 -0.000001 -0.000001 -0.008758 0.087381 -0.392560
    29 3.698007 0.267555 -0.728972 -0.250259 0.112370 -0.983656
    30 1.749001 -0.000001 0.000003 -0.025437 0.015204 -1.205262
    31 0.959999 -0.000001 0.000001 -0.019951 0.034092 -0.765422
    32 3.768500 0.152546 0.071388 0.024460 0.089993 -0.989331
    33 2.037998 0.000001 0.000002 0.003474 -0.001599 -1.590878
    34 1.067001 0.000001 0.000002 0.001254 -0.006584 -0.626624
    35 3.783924 -0.017260 0.794558 0.335507 0.115402 -0.893000
    36 1.629002 -0.000001 0.000003 0.067255 -0.019901 -1.484249
    37 0.956000 0.000000 0.000001 0.035776 -0.060577 -0.698777
    38 1.258965 -0.297983 1.252590 -1.259889 -0.398715 -1.219532
    39 1.393001 0.000001 0.000000 0.001133 -0.133138 0.597928
    40 1.100002 0.000001 -0.000003 -0.115460 -0.229375 0.622796
    41 3.549266 0.211411 1.487664 0.415287 -0.090456 -0.830034
    42 1.218999 -0.000001 -0.000002 0.076519 -0.060605 -1.221542
    43 0.679999 0.000001 0.000000 0.029119 -0.082748 -0.641951
    44 3.698016 0.273718 0.726617 0.249601 -0.110458 -0.989846
    45 1.748999 0.000000 -0.000002 0.020255 -0.017985 -1.043218
    46 0.959996 0.000000 0.000000 0.015675 -0.036226 -0.705571
    47 3.768499 0.151954 -0.072746 -0.036892 -0.086458 -0.864741
    48 2.037997 0.000002 -0.000003 -0.004272 0.001742 -1.428344
    49 1.066998 0.000000 -0.000001 -0.001429 0.005624 -0.566382
    50 3.783906 -0.023949 -0.794455 -0.349458 -0.067702 -0.756269
    51 1.629001 0.000002 0.000000 -0.062588 0.029671 -1.321899
    52 0.955999 0.000000 -0.000002 -0.031449 0.062230 -0.638366
    53 1.258940 -0.308543 -1.250054 1.287877 0.528954 -0.658787
    54 1.392999 0.000000 -0.000003 -0.001788 0.370555 0.932381
    55 1.099998 -0.000002 -0.000003 0.000000 -0.013127 -0.286815
    56 0.578998 0.704300 0.000000 0.000000 -1.570790 -3.044320
    57 2.577897 -4.075848 1.825547 1.570743 -1.473520 1.570850
    58 -2.577999 -4.075848 1.825549 1.570743 -1.473520 1.570850
    59 2.330669 -1.877754 0.104131 -1.861302 0.207908 -1.328386
  time 191
    0 -0.003395 0.004619 23.307130 1.206135 0.001367 0.000850
    1 0.001573 4.212781 -1.689849 1.569177 -0.240953 1.556951
    2 3.837410 0.000000 0.000000 -0.002200 -0.012749 0.192097
    3 3.617862 0.000000 0.000000 -0.003449 -0.011095 0.060795
    4 7.539774 0.000000 0.000000 0.000000 0.000000 0.155813
    5 3.178292 0.000001 0.000000 3.194037 0.040802 0.012193
    6 2.970271 0.000000 0.000001 -0.008203 0.006966 0.153268
    7 -0.000002 0.000001 0.000000 -1.570796 0.000000 -1.326450
    8 2.023705 0.907460 0.852577 3.321081 -1.247661 1.213819
    9 4.983657 -0.000003 0.000000 -1.995110 -1.066466 -0.040432
    10 11.123049 -0.000003 0.000001 -0.000001 -0.000001 -0.787210
    11 11.208297 -0.000001 0.000013 1.756726 -0.072570 0.627599
    12 2.676087 -1.712447 0.000003 1.570795 0.000000 1.570797
    13 2.023707 0.907463 -0.852527 -1.874120 1.359945 -3.550841
    14 4.983657 -0.000004 0.000000 1.604733 0.309654 -0.469353
    15 11.123040 -0.000006 -0.000006 0.000000 0.000001 -0.736423
    16 11.208287 0.000000 -0.000016 -2.055123 0.337756 -0.268038
    17 2.676081 -1.712434 -0.000003 -1.570797 -0.000001 -1.570797
    18 3.984014 -0.000005 -0.000003 -2.645913 -1.453114 -0.205636
    19 15.940006 0.000002 0.000000 0.000000 0.000000 1.158062
    20 17.709558 0.000004 0.000002 -0.362879 -0.068666 -1.336429
    21 6.203996 0.000000 0.000001 -0.011146 0.000934 -0.500515
    22 -3.984013 0.000007 0.000007 -3.564946 -1.485614 0.263809
    23 15.940015 0.000000 0.000000 0.000000 0.000000 1.255341
    24 17.709572 -0.000006 0.000001 0.186550 0.205977 -1.378020
    25 6.204001 0.000003 -0.000001 -0.078651 -0.006185 -0.498943
    26 3.549240 0.198821 -1.489462 -0.029764 0.008760 -0.605751
    27 1.218999 -0.000001 0.000002 -0.078363 0.060329 -1.231517
    28 0.679998 -0.000001 -0.000001 -0.008615 0.087381 -0.391892
    29 3.698007 0.267555 -0.728972 -0.250154 0.112255 -0.983034
    30 1.749001 -0.000001 0.000003 -0.025166 0.015144 -1.204671
    31 0.959999 -0.000001 0.000001 -0.019717 0.034223 -0.764838
    32 3.768500 0.152546 0.071388 0.024575 0.089886 -0.988690
    33 2.037998 0.000001 0.000002 0.003597 -0.001539 -1.590215
    34 1.067001 0.000001 0.000002 0.001308 -0.006476 -0.625957
    35 3.783924 -0.017260 0.794558 0.335607 0.115263 -0.892377
    36 1.629002 -0.000001 0.000003 0.067175 -0.019880 -1.483563
    37 0.956000 0.000000 0.000001 0.035668 -0.060553 -0.698124
    38 1.258965 -0.297983 1.252590 -1.259761 -0.398805 -1.218981
    39 1.393001 0.000001 0.000000 0.001133 -0.133787 0.597985
    40 1.100002 0.000001 -0.000003 -0.115844 -0.229907 0.622929
    41 3.549266 0.211411 1.487664 0.415350 -0.090311 -0.829645
    42 1.218999 -0.000001 -0.000002 0.076519 -0.060605 -1.221542
    43 0.679999 0.000001 0.000000 0.029119 -0.082748 -0.641951
    44 3.698016 0.273718 0.726617 0.249661 -0.110320 -0.989487
    45 1.748999 0.000000 -0.000002 0.020255 -0.017985 -1.043218
    46 0.959996 0.000000 0.000000 0.015675 -0.036226 -0.705571
    47 3.768499 0.151954 -0.072746 -0.036808 -0.086326 -0.864313
    48 2.037997 0.000002 -0.000003 -0.004272 0.001742 -1.428344
    49 1.066998 0.000000 -0.000001 -0.001429 0.005624 -0.566382
    50 3.783906 -0.023949 -0.794455 -0.349372 -0.067563 -0.755850
    51 1.629001 0.000002 0.000000 -0.062588 0.029671 -1.321899
    52 0.955999 0.000000 -0.000002 -0.031449 0.062242 -0.638366
    53 1.258940 -0.308543 -1.250054 1.288007 0.529062 -0.658352
    54 1.392999 0.000000 -0.000003 -0.001788 0.370555 0.932381
    55 1.099998 -0.000002 -0.000003 0.000000 -0.013127 -0.286815
    56 0.578998 0.704300 0.000000 0.000000 -1.570790 -3.044320
    57 2.577897 -4.075848 1.825547 1.570743 -1.473520 1.570850
    58 -2.577999 -4.075848 1.825549 1.570743 -1.473520 1.570850
    59 2.330669 -1.877754 0.104131 -1.861302 0.207908 -1.328386
  time 192
    0 -0.003395 0.004619 23.307130 1.205946 0.001141 0.000658
    1 0.001573 4.212781 -1.689849 1.568907 -0.240367 1.557066
    2 3.837410 0.000000 0.000000 -0.001822 -0.013301 0.191604
    3 3.617862 0.000000 0.000000 -0.003103 -0.011670 0.060316
    4 7.539774 0.000000 0.000000 0.000000 0.000000 0.155813
    5 3.178292 0.000001 0.000000 3.188165 0.040040 0.005235
    6 2.970271 0.000000 0.000001 -0.003552 0.004183 0.144618
    7 -0.000002 0.000001 0.000000 -1.570796 0.000000 -1.326450
    8 2.023705 0.907460 0.852577 3.320027 -1.247819 1.215639
    9 4.983657 -0.000003 0.000000 -1.995779 -1.070524 -0.041188
    10 11.123049 -0.000003 0.000001 -0.000001 -0.000001 -0.780641
    11 11.208297 -0.000001 0.000013 1.759506 -0.073316 0.624184
    12 2.676087 -1.712447 0.000003 1.570795 0.000000 1.570797
    13 2.023707 0.907463 -0.852527 -1.852494 1.357195 -3.528889
    14 4.983657 -0.000004 0.000000 1.600135 0.315955 -0.465195
    15 11.123040 -0.000006 -0.000006 0.000000 0.000001 -0.730484
    16 11.208287 0.000000 -0.000016 -2.052340 0.338645 -0.268549
    17 2.676081 -1.712434 -0.000003 -1.570797 -0.000001 -1.570797
    18 3.984014 -0.000005 -0.000003 -2.644571 -1.452183 -0.208127
    19 15.940006 0.000002 0.000000 0.000000 0.000000 1.157399
    20 17.709558 0.000004 0.000002 -0.362348 -0.067313 -1.336689
    21 6.203996 0.000000 0.000001 -0.011146 0.000934 -0.500515
    22 -3.984013 0.000007 0.000007 -3.557374 -1.484775 0.254897
    23 15.940015 0.000000 0.000000 0.000000 0.000000 1.254958
    24 17.709572 -0.000006 0.000001 0.187440 0.207150 -1.377676
    25 6.204001 0.000003 -0.000001 -0.078651 -0.006185 -0.498943
    26 3.549240 0.198821 -1.489462 -0.029704 0.008601 -0.605069
    27 1.218999 -0.000001 0.000002 -0.078180 0.060317 -1.230838
    28 0.679998 -0.000001 -0.000001 -0.008454 0.087381 -0.391224
    29 3.698007 0.267555 -0.728972 -0.250031 0.112125 -0.982364
    30 1.749001 -0.000001 0.000003 -0.024894 0.015072 -1.204031
    31 0.959999 -0.000001 0.000001 -0.019463 0.034355 -0.764213
    32 3.768500 0.152546 0.071388 0.024690 0.089766 -0.987999
    33 2.037998 0.000001 0.000002 0.003699 -0.001479 -1.589552
    34 1.067001 0.000001 0.000002 0.001344 -0.006368 -0.625290
    35 3.783924 -0.017260 0.794558 0.335707 0.115124 -0.891706
    36 1.629002 -0.000001 0.000003 0.067096 -0.019838 -1.482923
    37 0.956000 0.000000 0.000001 0.035560 -0.060541 -0.697439
    38 1.258965 -0.297983 1.252590 -1.259590 -0.398894 -1.218394
    39 1.393001 0.000001 0.000000 0.001150 -0.134453 0.598071
    40 1.100002 0.000001 -0.000003 -0.116239 -0.230461 0.623107
    41 3.549266 0.211411 1.487664 0.415429 -0.090167 -0.829256
    42 1.218999 -0.000001 -0.000002 0.076519 -0.060605 -1.221542
    43 0.679999 0.000001 0.000000 0.029119 -0.082748 -0.641951
    44 3.698016 0.273718 0.726617 0.249709 -0.110154 -0.989078
    45 1.748999 0.000000 -0.000002 0.020255 -0.017985 -1.043218
    46 0.959996 0.000000 0.000000 0.015675 -0.036226 -0.705571
    47 3.768499 0.151954 -0.072746 -0.036736 -0.086170 -0.863938
    48 2.037997 0.000002 -0.000003 -0.004272 0.001742 -1.428344
    49 1.066998 0.000000 -0.000001 -0.001429 0.005624 -0.566382
    50 3.783906 -0.023949 -0.794455 -0.349272 -0.067424 -0.755484
    51 1.629001 0.000002 0.000000 -0.062588 0.029671 -1.321899
    52 0.955999 0.000000 -0.000002 -0.031449 0.062242 -0.638366
    53 1.258940 -0.308543 -1.250054 1.288138 0.529193 -0.657881
    54 1.392999 0.000000 -0.000003 -0.001788 0.370555 0.932381
    55 1.099998 -0.000002 -0.000003 0.000000 -0.013127 -0.286815
    56 0.578998 0.704300 0.000000 0.000000 -1.570790 -3.044320
    57 2.577897 -4.075848 1.825547 1.570743 -1.473520 1.570850
    58 -2.577999 -4.075848 1.825549 1.570743 -1.473520 1.570850
    59 2.330669 -1.877754 0.104131 -1.861302 0.207908 -1.328386
  time 193
    0 -0.003395 0.004619 23.307130 1.205758 0.000914 0.000467
    1 0.001573 4.212781 -1.689849 1.568772 -0.239780 1.557028
    2 3.837410 0.000000 0.000000 -0.001471 -0.013822 0.191144
    3 3.617862 0.000000 0.000000 -0.002782 -0.012199 0.059838
    4 7.539774 0.000000 0.000000 0.000000 0.000000 0.155813
    5 3.178292 0.000001 0.000000 3.182407 0.038775 -0.001666
    6 2.970271 0.000000 0.000001 0.000888 0.000967 0.136150
    7 -0.000002 0.000001 0.000000 -1.570796 0.000000 -1.326450
    8 2.023705 0.907460 0.852577 3.318973 -1.248017 1.217460
    9 4.983657 -0.000003 0.000000 -1.996639 -1.074735 -0.041849
    10 11.123049 -0.000003 0.000001 -0.000001 -0.000001 -0.773960
    11 11.208297 -0.000001 0.000013 1.762382 -0.074105 0.620840
    12 2.676087 -1.712447 0.000003 1.570795 0.000000 1.570797
    13 2.023707 0.907463 -0.852527 -1.831537 1.354350 -3.507512
    14 4.983657 -0.000004 0.000000 1.595632 0.322352 -0.461131
    15 11.123040 -0.000006 -0.000006 0.000000 0.000001 -0.724292
    16 11.208287 0.000000 -0.000016 -2.049468 0.339534 -0.269279
    17 2.676081 -1.712434 -0.000003 -1.570797 -0.000001 -1.570797
    18 3.984014 -0.000005 -0.000003 -2.643229 -1.451252 -0.210523
    19 15.940006 0.000002 0.000000 0.000000 0.000000 1.156662
    20 17.709558 0.000004 0.000002 -0.361817 -0.065960 -1.336862
    21 6.203996 0.000000 0.000001 -0.011146 0.000934 -0.500515
    22 -3.984013 0.000007 0.000007 -3.549994 -1.483936 0.246272
    23 15.940015 0.000000 0.000000 0.000000 0.000000 1.254575
    24 17.709572 -0.000006 0.000001 0.188389 0.208357 -1.377332
    25 6.204001 0.000003 -0.000001 -0.078651 -0.006185 -0.498943
    26 3.549240 0.198821 -1.489462 -0.029643 0.008443 -0.604436
    27 1.218999 -0.000001 0.000002 -0.077996 0.060317 -1.230159
    28 0.679998 -0.000001 -0.000001 -0.008294 0.087396 -0.390556
    29 3.698007 0.267555 -0.728972 -0.249926 0.111996 -0.981695
    30 1.749001 -0.000001 0.000003 -0.024603 0.015012 -1.203440
    31 0.959999 -0.000001 0.000001 -0.019209 0.034487 -0.763587
    32 3.768500 0.152546 0.071388 0.024805 0.089634 -0.987358
    33 2.037998 0.000001 0.000002 0.003801 -0.001431 -1.588889
    34 1.067001 0.000001 0.000002 0.001399 -0.006248 -0.624623
    35 3.783924 -0.017260 0.794558 0.335827 0.115001 -0.891035
    36 1.629002 -0.000001 0.000003 0.066997 -0.019817 -1.482238
    37 0.956000 0.000000 0.000001 0.035452 -0.060541 -0.696786
    38 1.258965 -0.297983 1.252590 -1.259462 -0.399006 -1.217769
    39 1.393001 0.000001 0.000000 0.001168 -0.135138 0.598157
    40 1.100002 0.000001 -0.000003 -0.116623 -0.231014 0.623284
    41 3.549266 0.211411 1.487664 0.415523 -0.090022 -0.828819
    42 1.218999 -0.000001 -0.000002 0.076519 -0.060605 -1.221542
    43 0.679999 0.000001 0.000000 0.029119 -0.082748 -0.641951
    44 3.698016 0.273718 0.726617 0.249768 -0.110002 -0.988668
    45 1.748999 0.000000 -0.000002 0.020255 -0.017985 -1.043218
    46 0.959996 0.000000 0.000000 0.015675 -0.036226 -0.705571
    47 3.768499 0.151954 -0.072746 -0.036652 -0.086027 -0.863510
    48 2.037997 0.000002 -0.000003 -0.004272 0.001742 -1.428344
    49 1.066998 0.000000 -0.000001 -0.001429 0.005624 -0.566382
    50 3.783906 -0.023949 -0.794455 -0.349186 -0.067269 -0.755066
    51 1.629001 0.000002 0.000000 -0.062588 0.029671 -1.321899
    52 0.955999 0.000000 -0.000002 -0.031449 0.062242 -0.638366
    53 1.258940 -0.308543 -1.250054 1.288225 0.529323 -0.657410
    54 1.392999 0.000000 -0.000003 -0.001788 0.370555 0.932381
    55 1.099998 -0.000002 -0.000003 0.000000 -0.013127 -0.286815
    56 0.578998 0.704300 0.000000 0.000000 -1.570790 -3.044320
    57 2.577897 -4.075848 1.825547 1.570743 -1.473520 1.570850
    58 -2.577999 -4.075848 1.825549 1.570743 -1.473520 1.570850
    59 2.330669 -1.877754 0.104131 -1.861302 0.207908 -1.328386
  time 194
    0 -0.003395 0.004619 23.307130 1.205570 0.000688 0.000371
    1 0.001573 4.212781 -1.689849 1.569514 -0.239319 1.556835
    2 3.837410 0.000000 0.000000 -0.001133 -0.014296 0.190733
    3 3.617862 0.000000 0.000000 -0.002474 -0.012699 0.059411
    4 7.539774 0.000000 0.000000 0.000000 0.000000 0.155813
    5 3.178292 0.000001 0.000000 3.176820 0.036889 -0.008333
    6 2.970271 0.000000 0.000001 0.004481 -0.003079 0.128137
    7 -0.000002 0.000001 0.000000 -1.570796 0.000000 -1.326450
    8 2.023705 0.907460 0.852577 3.317919 -1.248215 1.219281
    9 4.983657 -0.000003 0.000000 -1.998168 -1.080417 -0.041566
    10 11.123049 -0.000003 0.000001 -0.000001 -0.000001 -0.766606
    11 11.208297 -0.000001 0.000013 1.765354 -0.074939 0.617496
    12 2.676087 -1.712447 0.000003 1.570795 0.000000 1.570797
    13 2.023707 0.907463 -0.852527 -1.811250 1.351505 -3.486903
    14 4.983657 -0.000004 0.000000 1.591800 0.327842 -0.457162
    15 11.123040 -0.000006 -0.000006 0.000000 0.000001 -0.718163
    16 11.208287 0.000000 -0.000016 -2.046596 0.340330 -0.270446
    17 2.676081 -1.712434 -0.000003 -1.570797 -0.000001 -1.570797
    18 3.984014 -0.000005 -0.000003 -2.642079 -1.450321 -0.212822
    19 15.940006 0.000002 0.000000 0.000000 0.000000 1.155926
    20 17.709558 0.000004 0.000002 -0.361286 -0.064678 -1.337035
    21 6.203996 0.000000 0.000001 -0.011146 0.000934 -0.500515
    22 -3.984013 0.000007 0.000007 -3.542901 -1.483048 0.237935
    23 15.940015 0.000000 0.000000 0.000000 0.000000 1.254268
    24 17.709572 -0.000006 0.000001 0.189279 0.209530 -1.376988
    25 6.204001 0.000003 -0.000001 -0.078651 -0.006185 -0.498943
    26 3.549240 0.198821 -1.489462 -0.029583 0.008284 -0.603804
    27 1.218999 -0.000001 0.000002 -0.077797 0.060305 -1.229533
    28 0.679998 -0.000001 -0.000001 -0.008133 0.087396 -0.389888
    29 3.698007 0.267555 -0.728972 -0.249803 0.111881 -0.981025
    30 1.749001 -0.000001 0.000003 -0.024313 0.014952 -1.202800
    31 0.959999 -0.000001 0.000001 -0.018956 0.034619 -0.762962
    32 3.768500 0.152546 0.071388 0.024919 0.089514 -0.986717
    33 2.037998 0.000001 0.000002 0.003903 -0.001371 -1.588226
    34 1.067001 0.000001 0.000002 0.001453 -0.006129 -0.623997
    35 3.783924 -0.017260 0.794558 0.335927 0.114862 -0.890364
    36 1.629002 -0.000001 0.000003 0.066917 -0.019775 -1.481598
    37 0.956000 0.000000 0.000001 0.035344 -0.060517 -0.696102
    38 1.258965 -0.297983 1.252590 -1.259291 -0.399095 -1.217182
    39 1.393001 0.000001 0.000000 0.001168 -0.135805 0.598215
    40 1.100002 0.000001 -0.000003 -0.117006 -0.231567 0.623418
    41 3.549266 0.211411 1.487664 0.415601 -0.089878 -0.828430
    42 1.218999 -0.000001 -0.000002 0.076519 -0.060605 -1.221542
    43 0.679999 0.000001 0.000000 0.029119 -0.082748 -0.641951
    44 3.698016 0.273718 0.726617 0.249816 -0.109850 -0.988259
    45 1.748999 0.000000 -0.000002 0.020255 -0.017985 -1.043218
    46 0.959996 0.000000 0.000000 0.015675 -0.036226 -0.705571
    47 3.768499 0.151954 -0.072746 -0.036592 -0.085883 -0.863136
    48 2.037997 0.000002 -0.000003 -0.004272 0.001742 -1.428344
    49 1.066998 0.000000 -0.000001 -0.001429 0.005624 -0.566382
    50 3.783906 -0.023949 -0.794455 -0.349100 -0.067130 -0.754647
    51 1.629001 0.000002 0.000000 -0.062588 0.029671 -1.321899
    52 0.955999 0.000000 -0.000002 -0.031449 0.062242 -0.638366
    53 1.258940 -0.308543 -1.250054 1.288355 0.529453 -0.656939
    54 1.392999 0.000000 -0.000003 -0.001788 0.370555 0.932381
    55 1.099998 -0.000002 -0.000003 0.000000 -0.013127 -0.286815
    56 0.578998 0.704300 0.000000 0.000000 -1.570790 -3.044320
    57 2.577897 -4.075848 1.825547 1.570743 -1.473520 1.570850
    58 -2.577999 -4.075848 1.825549 1.570743 -1.473520 1.570850
    59 2.330669 -1.877754 0.104131 -1.861302 0.207908 -1.328386
  time 195
    0 -0.003395 0.004619 23.307130 1.205382 0.000507 0.000275
    1 0.001573 4.212781 -1.689849 1.570480 -0.239067 1.556526
    2 3.837410 0.000000 0.000000 -0.000822 -0.014738 0.190339
    3 3.617862 0.000000 0.000000 -0.002205 -0.013152 0.059018
    4 7.539774 0.000000 0.000000 0.000000 0.000000 0.155813
    5 3.178292 0.000001 0.000000 3.172573 0.034500 -0.014652
    6 2.970271 0.000000 0.000001 0.006722 -0.007460 0.120716
    7 -0.000002 0.000001 0.000000 -1.570796 0.000000 -1.326450
    8 2.023705 0.907460 0.852577 3.316866 -1.248412 1.221006
    9 4.983657 -0.000003 0.000000 -2.000174 -1.085997 -0.040715
    10 11.123049 -0.000003 0.000001 -0.000001 -0.000001 -0.759925
    11 11.208297 -0.000001 0.000013 1.768422 -0.075773 0.614579
    12 2.676087 -1.712447 0.000003 1.570795 0.000000 1.570797
    13 2.023707 0.907463 -0.852527 -1.791824 1.348565 -3.467060
    14 4.983657 -0.000004 0.000000 1.588352 0.332950 -0.453193
    15 11.123040 -0.000006 -0.000006 0.000000 0.000001 -0.712350
    16 11.208287 0.000000 -0.000016 -2.043724 0.341125 -0.271614
    17 2.676081 -1.712434 -0.000003 -1.570797 -0.000001 -1.570797
    18 3.984014 -0.000005 -0.000003 -2.640929 -1.449465 -0.214930
    19 15.940006 0.000002 0.000000 0.000000 0.000000 1.155189
    20 17.709558 0.000004 0.000002 -0.360755 -0.063502 -1.337121
    21 6.203996 0.000000 0.000001 -0.011146 0.000934 -0.500515
    22 -3.984013 0.000007 0.000007 -3.536384 -1.482208 0.230077
    23 15.940015 0.000000 0.000000 0.000000 0.000000 1.253885
    24 17.709572 -0.000006 0.000001 0.190228 0.210668 -1.376644
    25 6.204001 0.000003 -0.000001 -0.078651 -0.006185 -0.498943
    26 3.549240 0.198821 -1.489462 -0.029522 0.008126 -0.603122
    27 1.218999 -0.000001 0.000002 -0.077628 0.060293 -1.228854
    28 0.679998 -0.000001 -0.000001 -0.007972 0.087396 -0.389220
    29 3.698007 0.267555 -0.728972 -0.249680 0.111752 -0.980355
    30 1.749001 -0.000001 0.000003 -0.024041 0.014880 -1.202209
    31 0.959999 -0.000001 0.000001 -0.018702 0.034751 -0.762378
    32 3.768500 0.152546 0.071388 0.025034 0.089382 -0.986026
    33 2.037998 0.000001 0.000002 0.004005 -0.001311 -1.587563
    34 1.067001 0.000001 0.000002 0.001507 -0.006021 -0.623330
    35 3.783924 -0.017260 0.794558 0.336027 0.114738 -0.889741
    36 1.629002 -0.000001 0.000003 0.066838 -0.019733 -1.480913
    37 0.956000 0.000000 0.000001 0.035236 -0.060505 -0.695448
    38 1.258965 -0.297983 1.252590 -1.259120 -0.399185 -1.216594
    39 1.393001 0.000001 0.000000 0.001186 -0.136471 0.598301
    40 1.100002 0.000001 -0.000003 -0.117390 -0.232121 0.623595
    41 3.549266 0.211411 1.487664 0.415680 -0.089733 -0.828041
    42 1.218999 -0.000001 -0.000002 0.076519 -0.060605 -1.221542
    43 0.679999 0.000001 0.000000 0.029119 -0.082748 -0.641951
    44 3.698016 0.273718 0.726617 0.249888 -0.109684 -0.987849
    45 1.748999 0.000000 -0.000002 0.020255 -0.017985 -1.043218
    46 0.959996 0.000000 0.000000 0.015675 -0.036226 -0.705571
    47 3.768499 0.151954 -0.072746 -0.036508 -0.085727 -0.862708
    48 2.037997 0.000002 -0.000003 -0.004272 0.001742 -1.428344
    49 1.066998 0.000000 -0.000001 -0.001429 0.005624 -0.566382
    50 3.783906 -0.023949 -0.794455 -0.349000 -0.066991 -0.754281
    51 1.629001 0.000002 0.000000 -0.062588 0.029671 -1.321899
    52 0.955999 0.000000 -0.000002 -0.031449 0.062242 -0.638366
    53 1.258940 -0.308543 -1.250054 1.288485 0.529583 -0.656468
    54 1.392999 0.000000 -0.000003 -0.001788 0.370555 0.932381
    55 1.099998 -0.000002 -0.000003 0.000000 -0.013127 -0.286815
    56 0.578998 0.704300 0.000000 0.000000 -1.570790 -3.044320
    57 2.577897 -4.075848 1.825547 1.570743 -1.473520 1.570850
    58 -2.577999 -4.075848 1.825549 1.570743 -1.473520 1.570850
    59 2.330669 -1.877754 0.104131 -1.861302 0.207908 -1.328386
  time 196
    0 -0.003395 0.004619 23.307130 1.205287 0.000326 0.000179
    1 0.001573 4.212781 -1.689849 1.571559 -0.239130 1.556102
    2 3.837410 0.000000 0.000000 -0.000552 -0.015117 0.189994
    3 3.617862 0.000000 0.000000 -0.001961 -0.013546 0.058676
    4 7.539774 0.000000 0.000000 0.000000 0.000000 0.155813
    5 3.178292 0.000001 0.000000 3.168782 0.031891 -0.020475
    6 2.970271 0.000000 0.000001 0.008540 -0.011939 0.114251
    7 -0.000002 0.000001 0.000000 -1.570796 0.000000 -1.326450
    8 2.023705 0.907460 0.852577 3.315908 -1.248649 1.222731
    9 4.983657 -0.000003 0.000000 -2.002562 -1.090968 -0.039392
    10 11.123049 -0.000003 0.000001 -0.000001 -0.000001 -0.754704
    11 11.208297 -0.000001 0.000013 1.771298 -0.076562 0.612587
    12 2.676087 -1.712447 0.000003 1.570795 0.000000 1.570797
    13 2.023707 0.907463 -0.852527 -1.773355 1.345577 -3.448080
    14 4.983657 -0.000004 0.000000 1.585478 0.337485 -0.449223
    15 11.123040 -0.000006 -0.000006 0.000000 0.000001 -0.707548
    16 11.208287 0.000000 -0.000016 -2.040851 0.341827 -0.272635
    17 2.676081 -1.712434 -0.000003 -1.570797 -0.000001 -1.570797
    18 3.984014 -0.000005 -0.000003 -2.639971 -1.448645 -0.216943
    19 15.940006 0.000002 0.000000 0.000000 0.000000 1.154452
    20 17.709558 0.000004 0.000002 -0.360148 -0.062363 -1.337208
    21 6.203996 0.000000 0.000001 -0.011146 0.000934 -0.500515
    22 -3.984013 0.000007 0.000007 -3.530249 -1.481419 0.222889
    23 15.940015 0.000000 0.000000 0.000000 0.000000 1.253578
    24 17.709572 -0.000006 0.000001 0.191177 0.211772 -1.376300
    25 6.204001 0.000003 -0.000001 -0.078651 -0.006185 -0.498943
    26 3.549240 0.198821 -1.489462 -0.029462 0.007967 -0.602489
    27 1.218999 -0.000001 0.000002 -0.077445 0.060293 -1.228228
    28 0.679998 -0.000001 -0.000001 -0.007829 0.087396 -0.388594
    29 3.698007 0.267555 -0.728972 -0.249575 0.111622 -0.979733
    30 1.749001 -0.000001 0.000003 -0.023789 0.014820 -1.201618
    31 0.959999 -0.000001 0.000001 -0.018468 0.034871 -0.761752
    32 3.768500 0.152546 0.071388 0.025149 0.089262 -0.985385
    33 2.037998 0.000001 0.000002 0.004127 -0.001251 -1.586901
    34 1.067001 0.000001 0.000002 0.001544 -0.005913 -0.622663
    35 3.783924 -0.017260 0.794558 0.336127 0.114599 -0.889070
    36 1.629002 -0.000001 0.000003 0.066739 -0.019691 -1.480273
    37 0.956000 0.000000 0.000001 0.035128 -0.060493 -0.694795
    38 1.258965 -0.297983 1.252590 -1.258992 -0.399274 -1.216043
    39 1.393001 0.000001 0.000000 0.001186 -0.137120 0.598358
    40 1.100002 0.000001 -0.000003 -0.117761 -0.232653 0.623773
    41 3.549266 0.211411 1.487664 0.415759 -0.089589 -0.827652
    42 1.218999 -0.000001 -0.000002 0.076519 -0.060605 -1.221542
    43 0.679999 0.000001 0.000000 0.029119 -0.082748 -0.641951
    44 3.698016 0.273718 0.726617 0.249936 -0.109546 -0.987491
    45 1.748999 0.000000 -0.000002 0.020255 -0.017985 -1.043218
    46 0.959996 0.000000 0.000000 0.015675 -0.036226 -0.705571
    47 3.768499 0.151954 -0.072746 -0.036436 -0.085595 -0.862333
    48 2.037997 0.000002 -0.000003 -0.004272 0.001742 -1.428344
    49 1.066998 0.000000 -0.000001 -0.001429 0.005624 -0.566382
    50 3.783906 -0.023949 -0.794455 -0.348915 -0.066851 -0.753863
    51 1.629001 0.000002 0.000000 -0.062588 0.029671 -1.321899
    52 0.955999 0.000000 -0.000002 -0.031449 0.062242 -0.638366
    53 1.258940 -0.308543 -1.250054 1.288615 0.529713 -0.655997
    54 1.392999 0.000000 -0.000003 -0.001788 0.370555 0.932381
    55 1.099998 -0.000002 -0.000003 0.000000 -0.013127 -0.286815
    56 0.578998 0.704300 0.000000 0.000000 -1.570790 -3.044320
    57 2.577897 -4.075848 1.825547 1.570743 -1.473520 1.570850
    58 -2.577999 -4.075848 1.825549 1.570743 -1.473520 1.570850
    59 2.330669 -1.877754 0.104131 -1.861302 0.207908 -1.328386
  time 197
    0 -0.003395 0.004619 23.307130 1.205193 0.000190 0.000083
    1 0.001573 4.212781 -1.689849 1.572615 -0.240073 1.555678
    2 3.837410 0.000000 0.000000 -0.000336 -0.015449 0.189731
    3 3.617862 0.000000 0.000000 -0.001769 -0.013879 0.058385
    4 7.539774 0.000000 0.000000 0.000000 0.000000 0.155813
    5 3.178292 0.000001 0.000000 3.165219 0.029262 -0.024405
    6 2.970271 0.000000 0.000001 0.010401 -0.016202 0.110699
    7 -0.000002 0.000001 0.000000 -1.570796 0.000000 -1.326450
    8 2.023705 0.907460 0.852577 3.314950 -1.248887 1.224457
    9 4.983657 -0.000003 0.000000 -2.005810 -1.094164 -0.037219
    10 11.123049 -0.000003 0.000001 -0.000001 -0.000001 -0.753525
    11 11.208297 -0.000001 0.000013 1.774078 -0.077176 0.612729
    12 2.676087 -1.712447 0.000003 1.570795 0.000000 1.570797
    13 2.023707 0.907463 -0.852527 -1.755843 1.342637 -3.430154
    14 4.983657 -0.000004 0.000000 1.583466 0.340779 -0.445065
    15 11.123040 -0.000006 -0.000006 0.000000 0.000001 -0.705527
    16 11.208287 0.000000 -0.000016 -2.038159 0.342529 -0.272854
    17 2.676081 -1.712434 -0.000003 -1.570797 -0.000001 -1.570797
    18 3.984014 -0.000005 -0.000003 -2.639204 -1.447864 -0.218763
    19 15.940006 0.000002 0.000000 0.000000 0.000000 1.153789
    20 17.709558 0.000004 0.000002 -0.359617 -0.061330 -1.337294
    21 6.203996 0.000000 0.000001 -0.011146 0.000934 -0.500515
    22 -3.984013 0.000007 0.000007 -3.524594 -1.480629 0.216085
    23 15.940015 0.000000 0.000000 0.000000 0.000000 1.253195
    24 17.709572 -0.000006 0.000001 0.192067 0.212807 -1.375956
    25 6.204001 0.000003 -0.000001 -0.078651 -0.006185 -0.498943
    26 3.549240 0.198821 -1.489462 -0.029401 0.007835 -0.601905
    27 1.218999 -0.000001 0.000002 -0.077261 0.060281 -1.227601
    28 0.679998 -0.000001 -0.000001 -0.007687 0.087396 -0.387967
    29 3.698007 0.267555 -0.728972 -0.249470 0.111521 -0.979111
    30 1.749001 -0.000001 0.000003 -0.023518 0.014760 -1.201027
    31 0.959999 -0.000001 0.000001 -0.018233 0.034990 -0.761168
    32 3.768500 0.152546 0.071388 0.025247 0.089154 -0.984793
    33 2.037998 0.000001 0.000002 0.004229 -0.001191 -1.586289
    34 1.067001 0.000001 0.000002 0.001598 -0.005817 -0.622079
    35 3.783924 -0.017260 0.794558 0.336227 0.114476 -0.888447
    36 1.629002 -0.000001 0.000003 0.066659 -0.019670 -1.479633
    37 0.956000 0.000000 0.000001 0.035020 -0.060481 -0.694173
    38 1.258965 -0.297983 1.252590 -1.258864 -0.399363 -1.215455
    39 1.393001 0.000001 0.000000 0.001186 -0.137733 0.598444
    40 1.100002 0.000001 -0.000003 -0.118121 -0.233164 0.623906
    41 3.549266 0.211411 1.487664 0.415837 -0.089465 -0.827263
    42 1.218999 -0.000001 -0.000002 0.076519 -0.060605 -1.221542
    43 0.679999 0.000001 0.000000 0.029119 -0.082748 -0.641951
    44 3.698016 0.273718 0.726617 0.249984 -0.109394 -0.987081
    45 1.748999 0.000000 -0.000002 0.020255 -0.017985 -1.043218
    46 0.959996 0.000000 0.000000 0.015675 -0.036226 -0.705571
    47 3.768499 0.151954 -0.072746 -0.036364 -0.085451 -0.861958
    48 2.037997 0.000002 -0.000003 -0.004272 0.001742 -1.428344
    49 1.066998 0.000000 -0.000001 -0.001429 0.005624 -0.566382
    50 3.783906 -0.023949 -0.794455 -0.348829 -0.066712 -0.753496
    51 1.629001 0.000002 0.000000 -0.062588 0.029671 -1.321899
    52 0.955999 0.000000 -0.000002 -0.031449 0.062242 -0.638366
    53 1.258940 -0.308543 -1.250054 1.288702 0.529822 -0.655562
    54 1.392999 0.000000 -0.000003 -0.001788 0.370555 0.932381
    55 1.099998 -0.000002 -0.000003 0.000000 -0.013127 -0.286815
    56 0.578998 0.704300 0.000000 0.000000 -1.570790 -3.044320
    57 2.577897 -4.075848 1.825547 1.570743 -1.473520 1.570850
    58 -2.577999 -4.075848 1.825549 1.570743 -1.473520 1.570850
    59 2.330669 -1.877754 0.104131 -1.861302 0.207908 -1.328386
  time 198
    0 -0.003395 0.004619 23.307130 1.205099 0.000009 -0.000013
    1 0.001573 4.212781 -1.689849 1.573537 -0.241813 1.555331
    2 3.837410 0.000000 0.000000 -0.000161 -0.015686 0.189518
    3 3.617862 0.000000 0.000000 -0.001615 -0.014121 0.058180
    4 7.539774 0.000000 0.000000 0.000000 0.000000 0.155813
    5 3.178292 0.000001 0.000000 3.161685 0.026874 -0.026298
    6 2.970271 0.000000 0.000001 0.012515 -0.019951 0.110062
    7 -0.000002 0.000001 0.000000 -1.570796 0.000000 -1.326450
    8 2.023705 0.907460 0.852577 3.313992 -1.249163 1.225990
    9 4.983657 -0.000003 0.000000 -2.009727 -1.095331 -0.034385
    10 11.123049 -0.000003 0.000001 -0.000001 -0.000001 -0.756276
    11 11.208297 -0.000001 0.000013 1.776475 -0.077571 0.614935
    12 2.676087 -1.712447 0.000003 1.570795 0.000000 1.570797
    13 2.023707 0.907463 -0.852527 -1.739384 1.339745 -3.413283
    14 4.983657 -0.000004 0.000000 1.582317 0.342832 -0.440718
    15 11.123040 -0.000006 -0.000006 0.000000 0.000001 -0.706222
    16 11.208287 0.000000 -0.000016 -2.035556 0.343231 -0.272198
    17 2.676081 -1.712434 -0.000003 -1.570797 -0.000001 -1.570797
    18 3.984014 -0.000005 -0.000003 -2.638629 -1.447156 -0.220201
    19 15.940006 0.000002 0.000000 0.000000 0.000000 1.153126
    20 17.709558 0.000004 0.000002 -0.359010 -0.060440 -1.337208
    21 6.203996 0.000000 0.000001 -0.011146 0.000934 -0.500515
    22 -3.984013 0.000007 0.000007 -3.519706 -1.479938 0.210048
    23 15.940015 0.000000 0.000000 0.000000 0.000000 1.252889
    24 17.709572 -0.000006 0.000001 0.192897 0.213738 -1.375661
    25 6.204001 0.000003 -0.000001 -0.078651 -0.006185 -0.498943
    26 3.549240 0.198821 -1.489462 -0.029361 0.007677 -0.601321
    27 1.218999 -0.000001 0.000002 -0.077092 0.060281 -1.227027
    28 0.679998 -0.000001 -0.000001 -0.007526 0.087396 -0.387341
    29 3.698007 0.267555 -0.728972 -0.249365 0.111392 -0.978490
    30 1.749001 -0.000001 0.000003 -0.023266 0.014713 -1.200485
    31 0.959999 -0.000001 0.000001 -0.018018 0.035110 -0.760626
    32 3.768500 0.152546 0.071388 0.025362 0.089035 -0.984201
    33 2.037998 0.000001 0.000002 0.004311 -0.001131 -1.585728
    34 1.067001 0.000001 0.000002 0.001652 -0.005709 -0.621454
    35 3.783924 -0.017260 0.794558 0.336307 0.114352 -0.887872
    36 1.629002 -0.000001 0.000003 0.066580 -0.019649 -1.479039
    37 0.956000 0.000000 0.000001 0.034933 -0.060469 -0.693551
    38 1.258965 -0.297983 1.252590 -1.258693 -0.399453 -1.214941
    39 1.393001 0.000001 0.000000 0.001203 -0.138345 0.598501
    40 1.100002 0.000001 -0.000003 -0.118468 -0.233675 0.624039
    41 3.549266 0.211411 1.487664 0.415900 -0.089341 -0.826923
    42 1.218999 -0.000001 -0.000002 0.076519 -0.060605 -1.221542
    43 0.679999 0.000001 0.000000 0.029119 -0.082748 -0.641951
    44 3.698016 0.273718 0.726617 0.250044 -0.109256 -0.986723
    45 1.748999 0.000000 -0.000002 0.020255 -0.017985 -1.043218
    46 0.959996 0.000000 0.000000 0.015675 -0.036226 -0.705571
    47 3.768499 0.151954 -0.072746 -0.036293 -0.085320 -0.861584
    48 2.037997 0.000002 -0.000003 -0.004272 0.001742 -1.428344
    49 1.066998 0.000000 -0.000001 -0.001429 0.005624 -0.566382
    50 3.783906 -0.023949 -0.794455 -0.348757 -0.066588 -0.753130
    51 1.629001 0.000002 0.000000 -0.062588 0.029671 -1.321899
    52 0.955999 0.000000 -0.000002 -0.031449 0.062230 -0.638366
    53 1.258940 -0.308543 -1.250054 1.288833 0.529952 -0.655163
    54 1.392999 0.000000 -0.000003 -0.001788 0.370555 0.932381
    55 1.099998 -0.000002 -0.000003 0.000000 -0.013127 -0.286815
    56 0.578998 0.704300 0.000000 0.000000 -1.570790 -3.044320
    57 2.577897 -4.075848 1.825547 1.570743 -1.473520 1.570850
    58 -2.577999 -4.075848 1.825549 1.570743 -1.473520 1.570850
    59 2.330669 -1.877754 0.104131 -1.861302 0.207908 -1.328386
  time 199
    0 -0.003395 0.004619 23.307130 1.205005 0.000009 -0.000013
    1 0.001573 4.212781 -1.689849 1.574188 -0.243510 1.555061
    2 3.837410 0.000000 0.000000 -0.000066 -0.015828 0.189386
    3 3.617862 0.000000 0.000000 -0.001525 -0.014272 0.058044
    4 7.539774 0.000000 0.000000 0.000000 0.000000 0.155813
    5 3.178292 0.000001 0.000000 3.158008 0.024967 -0.027958
    6 2.970271 0.000000 0.000001 0.015221 -0.022911 0.109789
    7 -0.000002 0.000001 0.000000 -1.570796 0.000000 -1.326450
    8 2.023705 0.907460 0.852577 3.313129 -1.249480 1.227427
    9 4.983657 -0.000003 0.000000 -2.013548 -1.095635 -0.031928
    10 11.123049 -0.000003 0.000001 -0.000001 -0.000001 -0.760037
    11 11.208297 -0.000001 0.000013 1.778776 -0.077878 0.617496
    12 2.676087 -1.712447 0.000003 1.570795 0.000000 1.570797
    13 2.023707 0.907463 -0.852527 -1.724169 1.336900 -3.397562
    14 4.983657 -0.000004 0.000000 1.581167 0.344789 -0.436276
    15 11.123040 -0.000006 -0.000006 0.000000 0.000001 -0.707675
    16 11.208287 0.000000 -0.000016 -2.033132 0.343933 -0.271103
    17 2.676081 -1.712434 -0.000003 -1.570797 -0.000001 -1.570797
    18 3.984014 -0.000005 -0.000003 -2.638246 -1.446523 -0.221351
    19 15.940006 0.000002 0.000000 0.000000 0.000000 1.152463
    20 17.709558 0.000004 0.000002 -0.358404 -0.059657 -1.337121
    21 6.203996 0.000000 0.000001 -0.011146 0.000934 -0.500515
    22 -3.984013 0.000007 0.000007 -3.515297 -1.479247 0.204682
    23 15.940015 0.000000 0.000000 0.000000 0.000000 1.252582
    24 17.709572 -0.000006 0.000001 0.193728 0.214635 -1.375366
    25 6.204001 0.000003 -0.000001 -0.078651 -0.006185 -0.498943
    26 3.549240 0.198821 -1.489462 -0.029300 0.007545 -0.600786
    27 1.218999 -0.000001 0.000002 -0.076939 0.060281 -1.226452
    28 0.679998 -0.000001 -0.000001 -0.007401 0.087396 -0.386798
    29 3.698007 0.267555 -0.728972 -0.249277 0.111306 -0.977915
    30 1.749001 -0.000001 0.000003 -0.023033 0.014653 -1.199944
    31 0.959999 -0.000001 0.000001 -0.017804 0.035218 -0.760084
    32 3.768500 0.152546 0.071388 0.025460 0.088927 -0.983609
    33 2.037998 0.000001 0.000002 0.004393 -0.001084 -1.585167
    34 1.067001 0.000001 0.000002 0.001688 -0.005625 -0.620912
    35 3.783924 -0.017260 0.794558 0.336407 0.114229 -0.887296
    36 1.629002 -0.000001 0.000003 0.066501 -0.019607 -1.478491
    37 0.956000 0.000000 0.000001 0.034847 -0.060457 -0.692991
    38 1.258965 -0.297983 1.252590 -1.258565 -0.399520 -1.214427
    39 1.393001 0.000001 0.000000 0.001203 -0.138904 0.598587
    40 1.100002 0.000001 -0.000003 -0.118792 -0.234143 0.624217
    41 3.549266 0.211411 1.487664 0.415979 -0.089196 -0.826582
    42 1.218999 -0.000001 -0.000002 0.076519 -0.060605 -1.221542
    43 0.679999 0.000001 0.000000 0.029119 -0.082748 -0.641951
    44 3.698016 0.273718 0.726617 0.250092 -0.109118 -0.986415
    45 1.748999 0.000000 -0.000002 0.020255 -0.017985 -1.043218
    46 0.959996 0.000000 0.000000 0.015675 -0.036226 -0.705571
    47 3.768499 0.151954 -0.072746 -0.036233 -0.085188 -0.861263
    48 2.037997 0.000002 -0.000003 -0.004272 0.001742 -1.428344
    49 1.066998 0.000000 -0.000001 -0.001429 0.005624 -0.566382
    50 3.783906 -0.023949 -0.794455 -0.348671 -0.066465 -0.752816
    51 1.629001 0.000002 0.000000 -0.062588 0.029671 -1.321899
    52 0.955999 0.000000 -0.000002 -0.031449 0.062230 -0.638366
    53 1.258940 -0.308543 -1.250054 1.288833 0.530060 -0.654765
    54 1.392999 0.000000 -0.000003 -0.001788 0.370555 0.932381
    55 1.099998 -0.000002 -0.000003 0.000000 -0.013127 -0.286815
    56 0.578998 0.704300 0.000000 0.000000 -1.570790 -3.044320
    57 2.577897 -4.075848 1.825547 1.570743 -1.473520 1.570850
    58 -2.577999 -4.075848 1.825549 1.570743 -1.473520 1.570850
    59 2.330669 -1.877754 0.104131 -1.861302 0.207908 -1.328386
  time 200
    0 -0.003395 0.004619 23.307130 1.205005 0.000009 -0.000013
    1 0.001573 4.212781 -1.689849 1.574436 -0.244244 1.554945
    2 3.837410 0.000000 0.000000 -0.000025 -0.015875 0.189337
    3 3.617862 0.000000 0.000000 -0.001500 -0.014332 0.057992
    4 7.539774 0.000000 0.000000 0.000000 0.000000 0.155813
    5 3.178292 0.000001 0.000000 3.153932 0.023783 -0.031102
    6 2.970271 0.000000 0.000001 0.018814 -0.024806 0.107194
    7 -0.000002 0.000001 0.000000 -1.570796 0.000000 -1.326450
    8 2.023705 0.907460 0.852577 3.312363 -1.249835 1.228865
    9 4.983657 -0.000003 0.000000 -2.016414 -1.096092 -0.030700
    10 11.123049 -0.000003 0.000001 -0.000001 -0.000001 -0.761609
    11 11.208297 -0.000001 0.000013 1.780981 -0.078273 0.618492
    12 2.676087 -1.712447 0.000003 1.570795 0.000000 1.570797
    13 2.023707 0.907463 -0.852527 -1.710006 1.334150 -3.382991
    14 4.983657 -0.000004 0.000000 1.579538 0.347796 -0.432117
    15 11.123040 -0.000006 -0.000006 0.000000 0.000001 -0.707864
    16 11.208287 0.000000 -0.000016 -2.030978 0.344541 -0.270081
    17 2.676081 -1.712434 -0.000003 -1.570797 -0.000001 -1.570797
    18 3.984014 -0.000005 -0.000003 -2.638246 -1.445927 -0.222117
    19 15.940006 0.000002 0.000000 0.000000 0.000000 1.151873
    20 17.709558 0.000004 0.000002 -0.357797 -0.059051 -1.336948
    21 6.203996 0.000000 0.000001 -0.011146 0.000934 -0.500515
    22 -3.984013 0.000007 0.000007 -3.511751 -1.478704 0.200273
    23 15.940015 0.000000 0.000000 0.000000 0.000000 1.252352
    24 17.709572 -0.000006 0.000001 0.194499 0.215394 -1.375071
    25 6.204001 0.000003 -0.000001 -0.078651 -0.006185 -0.498943
    26 3.549240 0.198821 -1.489462 -0.029240 0.007439 -0.600250
    27 1.218999 -0.000001 0.000002 -0.076786 0.060269 -1.225982
    28 0.679998 -0.000001 -0.000001 -0.007276 0.087396 -0.386256
    29 3.698007 0.267555 -0.728972 -0.249172 0.111191 -0.977389
    30 1.749001 -0.000001 0.000003 -0.022820 0.014605 -1.199500
    31 0.959999 -0.000001 0.000001 -0.017608 0.035326 -0.759625
    32 3.768500 0.152546 0.071388 0.025559 0.088831 -0.983115
    33 2.037998 0.000001 0.000002 0.004495 -0.001048 -1.584657
    34 1.067001 0.000001 0.000002 0.001725 -0.005541 -0.620370
    35 3.783924 -0.017260 0.794558 0.336487 0.114121 -0.886769
    36 1.629002 -0.000001 0.000003 0.066441 -0.019587 -1.477943
    37 0.956000 0.000000 0.000001 0.034760 -0.060445 -0.692462
    38 1.258965 -0.297983 1.252590 -1.258480 -0.399609 -1.213986
    39 1.393001 0.000001 0.000000 0.001203 -0.139427 0.598645
    40 1.100002 0.000001 -0.000003 -0.119091 -0.234569 0.624350
    41 3.549266 0.211411 1.487664 0.416041 -0.089093 -0.826242
    42 1.218999 -0.000001 -0.000002 0.076519 -0.060605 -1.221542
    43 0.679999 0.000001 0.000000 0.029119 -0.082748 -0.641951
    44 3.698016 0.273718 0.726617 0.250140 -0.108993 -0.986108
    45 1.748999 0.000000 -0.000002 0.020255 -0.017985 -1.043218
    46 0.959996 0.000000 0.000000 0.015675 -0.036226 -0.705571
    47 3.768499 0.151954 -0.072746 -0.036173 -0.085080 -0.860942
    48 2.037997 0.000002 -0.000003 -0.004272 0.001742 -1.428344
    49 1.066998 0.000000 -0.000001 -0.001429 0.005624 -0.566382
    50 3.783906 -0.023949 -0.794455 -0.348600 -0.066341 -0.752502
    51 1.629001 0.000002 0.000000 -0.062588 0.029671 -1.321899
    52 0.955999 0.000000 -0.000002 -0.031449 0.062242 -0.638366
    53 1.258940 -0.308543 -1.250054 1.289006 0.530147 -0.654402
    54 1.392999 0.000000 -0.000003 -0.001788 0.370555 0.932381
    55 1.099998 -0.000002 -0.000003 0.000000 -0.013127 -0.286815
    56 0.578998 0.704300 0.000000 0.000000 -1.570790 -3.044320
    57 2.577897 -4.075848 1.825547 1.570743 -1.473520 1.570850
    58 -2.577999 -4.075848 1.825549 1.570743 -1.473520 1.570850
    59 2.330669 -1.877754 0.104131 -1.861302 0.207908 -1.328386
  time 201
    0 -0.003395 0.004619 23.307130 1.205005 0.000009 -0.000013
    1 0.001573 4.212781 -1.689849 1.574436 -0.244244 1.554945
    2 3.837410 0.000000 0.000000 -0.000025 -0.015875 0.189337
    3 3.617862 0.000000 0.000000 -0.001500 -0.014332 0.057992
    4 7.539774 0.000000 0.000000 0.000000 0.000000 0.155813
    5 3.178292 0.000001 0.000000 3.153932 0.023783 -0.031102
    6 2.970271 0.000000 0.000001 0.018814 -0.024806 0.107194
    7 -0.000002 0.000001 0.000000 -1.570796 0.000000 -1.326450
    8 2.023705 0.907460 0.852577 3.312363 -1.249835 1.228865
    9 4.983657 -0.000003 0.000000 -2.016414 -1.096092 -0.030700
    10 11.123049 -0.000003 0.000001 -0.000001 -0.000001 -0.761609
    11 11.208297 -0.000001 0.000013 1.780981 -0.078273 0.618492
    12 2.676087 -1.712447 0.000003 1.570795 0.000000 1.570797
    13 2.023707 0.907463 -0.852527 -1.710006 1.334150 -3.382991
    14 4.983657 -0.000004 0.000000 1.579538 0.347796 -0.432117
    15 11.123040 -0.000006 -0.000006 0.000000 0.000001 -0.707864
    16 11.208287 0.000000 -0.000016 -2.030978 0.344541 -0.270081
    17 2.676081 -1.712434 -0.000003 -1.570797 -0.000001 -1.570797
    18 3.984014 -0.000005 -0.000003 -2.638246 -1.445927 -0.222117
    19 15.940006 0.000002 0.000000 0.000000 0.000000 1.151873
    20 17.709558 0.000004 0.000002 -0.357797 -0.059051 -1.336948
    21 6.203996 0.000000 0.000001 -0.011146 0.000934 -0.500515
    22 -3.984013 0.000007 0.000007 -3.511751 -1.478704 0.200273
    23 15.940015 0.000000 0.000000 0.000000 0.000000 1.252352
    24 17.709572 -0.000006 0.000001 0.194499 0.215394 -1.375071
    25 6.204001 0.000003 -0.000001 -0.078651 -0.006185 -0.498943
    26 3.549240 0.198821 -1.489462 -0.029240 0.007439 -0.600250
    27 1.218999 -0.000001 0.000002 -0.076786 0.060269 -1.225982
    28 0.679998 -0.000001 -0.000001 -0.007276 0.087396 -0.386256
    29 3.698007 0.267555 -0.728972 -0.249172 0.111191 -0.977389
    30 1.749001 -0.000001 0.000003 -0.022820 0.014605 -1.199500
    31 0.959999 -0.000001 0.000001 -0.017608 0.035326 -0.759625
    32 3.768500 0.152546 0.071388 0.025559 0.088831 -0.983115
    33 2.037998 0.000001 0.000002 0.004495 -0.001048 -1.584657
    34 1.067001 0.000001 0.000002 0.001725 -0.005541 -0.620370
    35 3.783924 -0.017260 0.794558 0.336487 0.114121 -0.886769
    36 1.629002 -0.000001 0.000003 0.066441 -0.019587 -1.477943
    37 0.956000 0.000000 0.000001 0.034760 -0.060445 -0.692462
    38 1.258965 -0.297983 1.252590 -1.258480 -0.399609 -1.213986
    39 1.393001 0.000001 0.000000 0.001203 -0.139427 0.598645
    40 1.100002 0.000001 -0.000003 -0.119091 -0.234569 0.624350
    41 3.549266 0.211411 1.487664 0.416041 -0.089093 -0.826242
    42 1.218999 -0.000001 -0.000002 0.076519 -0.060605 -1.221542
    43 0.679999 0.000001 0.000000 0.029119 -0.082748 -0.641951
    44 3.698016 0.273718 0.726617 0.250140 -0.108993 -0.986108
    45 1.748999 0.000000 -0.000002 0.020255 -0.017985 -1.043218
    46 0.959996 0.000000 0.000000 0.015675 -0.036226 -0.705571
    47 3.768499 0.151954 -0.072746 -0.036173 -0.085080 -0.860942
    48 2.037997 0.000002 -0.000003 -0.004272 0.001742 -1.428344
    49 1.066998 0.000000 -0.000001 -0.001429 0.005624 -0.566382
    50 3.783906 -0.023949 -0.794455 -0.348600 -0.066341 -0.752502
    51 1.629001 0.000002 0.000000 -0.062588 0.029671 -1.321899
    52 0.955999 0.000000 -0.000002 -0.031449 0.062242 -0.638366
    53 1.258940 -0.308543 -1.250054 1.289006 0.530147 -0.654402
    54 1.392999 0.000000 -0.000003 -0.001788 0.370555 0.932381
    55 1.099998 -0.000002 -0.000003 0.000000 -0.013127 -0.286815
    56 0.578998 0.704300 0.000000 0.000000 -1.570790 -3.044320
    57 2.577897 -4.075848 1.825547 1.570743 -1.473520 1.570850
    58 -2.577999 -4.075848 1.825549 1.570743 -1.473520 1.570850
    59 2.330669 -1.877754 0.104131 -1.861302 0.207908 -1.328386
end
