// Created by Crowbar 0.71
version 1
nodes
  0 "ValveBiped.Bip01_Pelvis" -1
  1 "ValveBiped.Bip01_Spine" 0
  2 "ValveBiped.Bip01_Spine1" 1
  3 "ValveBiped.Bip01_Spine2" 2
  4 "ValveBiped.Bip01_Spine4" 3
  5 "ValveBiped.Bip01_Neck1" 4
  6 "ValveBiped.Bip01_Head1" 5
  7 "ValveBiped.forward" 6
  8 "ValveBiped.Bip01_R_Clavicle" 4
  9 "ValveBiped.Bip01_R_UpperArm" 8
  10 "ValveBiped.Bip01_R_Forearm" 9
  11 "ValveBiped.Bip01_R_Hand" 10
  12 "ValveBiped.Anim_Attachment_RH" 11
  13 "ValveBiped.Bip01_L_Clavicle" 4
  14 "ValveBiped.Bip01_L_UpperArm" 13
  15 "ValveBiped.Bip01_L_Forearm" 14
  16 "ValveBiped.Bip01_L_Hand" 15
  17 "ValveBiped.Anim_Attachment_LH" 16
  18 "ValveBiped.Bip01_R_Thigh" 0
  19 "ValveBiped.Bip01_R_Calf" 18
  20 "ValveBiped.Bip01_R_Foot" 19
  21 "ValveBiped.Bip01_R_Toe0" 20
  22 "ValveBiped.Bip01_L_Thigh" 0
  23 "ValveBiped.Bip01_L_Calf" 22
  24 "ValveBiped.Bip01_L_Foot" 23
  25 "ValveBiped.Bip01_L_Toe0" 24
  26 "ValveBiped.Bip01_L_Finger4" 16
  27 "ValveBiped.Bip01_L_Finger41" 26
  28 "ValveBiped.Bip01_L_Finger42" 27
  29 "ValveBiped.Bip01_L_Finger3" 16
  30 "ValveBiped.Bip01_L_Finger31" 29
  31 "ValveBiped.Bip01_L_Finger32" 30
  32 "ValveBiped.Bip01_L_Finger2" 16
  33 "ValveBiped.Bip01_L_Finger21" 32
  34 "ValveBiped.Bip01_L_Finger22" 33
  35 "ValveBiped.Bip01_L_Finger1" 16
  36 "ValveBiped.Bip01_L_Finger11" 35
  37 "ValveBiped.Bip01_L_Finger12" 36
  38 "ValveBiped.Bip01_L_Finger0" 16
  39 "ValveBiped.Bip01_L_Finger01" 38
  40 "ValveBiped.Bip01_L_Finger02" 39
  41 "ValveBiped.Bip01_R_Finger4" 11
  42 "ValveBiped.Bip01_R_Finger41" 41
  43 "ValveBiped.Bip01_R_Finger42" 42
  44 "ValveBiped.Bip01_R_Finger3" 11
  45 "ValveBiped.Bip01_R_Finger31" 44
  46 "ValveBiped.Bip01_R_Finger32" 45
  47 "ValveBiped.Bip01_R_Finger2" 11
  48 "ValveBiped.Bip01_R_Finger21" 47
  49 "ValveBiped.Bip01_R_Finger22" 48
  50 "ValveBiped.Bip01_R_Finger1" 11
  51 "ValveBiped.Bip01_R_Finger11" 50
  52 "ValveBiped.Bip01_R_Finger12" 51
  53 "ValveBiped.Bip01_R_Finger0" 11
  54 "ValveBiped.Bip01_R_Finger01" 53
  55 "ValveBiped.Bip01_R_Finger02" 54
  56 "ValveBiped.baton_parent" 11
end
skeleton
  time 0
    0 0.000000 -0.533203 19.828125 1.570795 0.000003 -0.000003
    1 0.000005 3.345128 -2.981903 1.570790 0.086284 1.570789
    2 4.018331 0.000000 0.000000 -0.613140 -0.066670 0.045925
    3 3.518564 0.000000 0.000000 -0.131224 -0.042413 0.157577
    4 8.942642 0.000000 0.000000 -0.411863 -0.013770 0.271616
    5 3.307269 0.000000 -0.000004 -2.940265 -0.130086 0.387319
    6 3.593710 -0.000001 -0.000004 0.897448 -0.024329 0.614089
    7 1.999994 -3.000001 0.000004 -1.570800 -0.000007 -1.326410
    8 2.033349 1.000771 -1.937607 -1.688728 1.147837 2.790133
    9 6.028143 0.000002 -0.000004 1.665843 0.041308 -0.700349
    10 11.692545 0.000000 0.000000 0.025336 -0.256111 -1.029787
    11 11.481701 0.000000 0.000000 -1.605107 -0.192141 -0.198988
    12 2.676086 -1.712440 0.000000 -1.570753 -0.000007 -1.570752
    13 2.033341 1.000767 1.937660 0.294931 -1.313958 -2.508565
    14 6.028140 0.000002 0.000000 -1.764597 -0.491612 -0.187078
    15 11.692553 0.000000 0.000011 -0.160644 0.725911 -1.403625
    16 11.481667 0.000000 -0.000031 0.832526 -0.014268 -0.151440
    17 2.676086 -1.712440 0.000004 1.570753 0.000007 1.570800
    18 -3.890452 0.000004 0.000004 -1.570797 0.229027 -1.576018
    19 17.848171 0.000000 0.000004 0.000000 0.000000 1.661808
    20 16.525251 0.000000 0.000004 0.038610 0.040778 -1.043418
    21 6.879454 0.000000 0.000008 -0.081332 -0.002951 -0.584373
    22 3.890452 -0.000004 -0.000004 -1.570795 -1.373850 -1.565555
    23 17.848175 0.000000 -0.000004 0.000000 0.000000 1.994689
    24 16.525246 0.000000 0.000004 -0.027915 -0.040781 -1.744128
    25 6.879452 0.000000 0.000000 -0.005219 -0.002811 -0.539668
    26 3.859703 -0.142403 -1.191975 -0.479143 0.152189 -0.879872
    27 1.312565 0.000001 0.000004 0.000000 0.009664 -0.439719
    28 0.729362 0.000002 0.000004 -0.028976 0.117245 -0.451386
    29 3.942326 0.046774 -0.431438 -0.155011 0.073329 -0.810646
    30 1.539093 0.000001 0.000000 0.041407 0.089644 -0.699058
    31 1.196320 -0.000001 0.000004 -0.000002 0.007360 -0.430801
    32 3.883686 -0.046767 0.431446 0.812670 -0.191549 -1.550266
    33 1.719570 0.000002 0.000004 0.194938 -0.171308 -0.606847
    34 1.209183 -0.000001 -0.000004 0.409190 -0.306121 -0.737508
    35 3.859859 -0.137950 1.332462 0.716033 -0.200230 -1.353927
    36 1.719429 0.000002 0.000000 -0.000001 0.004072 -0.363008
    37 1.099670 0.000001 0.000004 0.133914 -0.229713 -0.543027
    38 0.806049 -0.348922 1.321259 -1.148537 -0.413342 -0.685814
    39 1.789787 0.000000 0.000004 0.143112 0.004764 0.680910
    40 1.207001 0.000000 -0.000004 -0.238537 -0.328319 0.202547
    41 3.859665 -0.132565 1.193108 0.479138 -0.158546 -0.879039
    42 1.312561 0.000000 0.000000 0.000000 -0.011932 -0.439671
    43 0.729366 0.000002 0.000000 0.000002 -0.006134 -0.244270
    44 3.942291 0.050330 0.431042 -0.174164 0.127577 -1.207787
    45 1.539097 0.000003 0.000000 0.000000 -0.005853 -0.247769
    46 1.196320 0.000000 0.000000 0.004942 -0.275387 -1.121008
    47 3.883648 -0.050325 -0.431044 -0.040059 -0.165983 -1.257799
    48 1.719574 -0.000005 0.000000 0.366781 -0.096847 -2.862900
    49 1.209183 -0.000001 0.000000 0.000001 -0.004461 -0.216376
    50 3.859825 -0.148935 -1.331284 -0.354417 0.038566 -0.532000
    51 1.719425 0.000000 0.000000 0.089602 0.216058 -1.899362
    52 1.099663 0.000000 0.000000 0.000002 -0.004208 -0.244311
    53 0.806015 -0.359835 -1.318335 0.934008 0.297777 -0.930652
    54 1.789780 0.000001 0.000000 0.009096 -0.315147 0.639492
    55 1.207001 0.000000 0.000004 0.000381 -0.070245 0.716387
    56 2.338451 -1.535743 -6.391512 1.520238 -0.094383 -2.001948
  time 1
    0 0.000000 -0.533203 19.828125 1.570795 0.000003 -0.000003
    1 0.000005 3.345128 -2.981903 1.570790 0.086248 1.570789
    2 4.018331 0.000000 0.000000 -0.613140 -0.066670 0.045925
    3 3.518564 0.000000 0.000000 -0.131224 -0.042413 0.157577
    4 8.942642 0.000000 0.000000 -0.411875 -0.013794 0.271631
    5 3.307269 0.000000 -0.000004 -2.940265 -0.130086 0.387319
    6 3.593710 -0.000001 -0.000004 0.897448 -0.024413 0.614159
    7 1.999994 -3.000001 0.000004 -1.570753 -0.000007 -1.326410
    8 2.033349 1.000771 -1.937607 -1.688728 1.147837 2.790133
    9 6.028143 0.000002 -0.000004 1.665567 0.041448 -0.700773
    10 11.692545 0.000000 0.000000 0.025264 -0.256027 -1.029984
    11 11.481701 0.000000 0.000000 -1.605161 -0.192014 -0.199086
    12 2.676086 -1.712440 0.000000 -1.570753 -0.000007 -1.570752
    13 2.033341 1.000767 1.937660 0.294931 -1.313958 -2.508565
    14 6.028140 0.000002 0.000000 -1.764656 -0.491545 -0.187039
    15 11.692553 0.000000 0.000011 -0.160665 0.725911 -1.403625
    16 11.481667 0.000000 -0.000031 0.832526 -0.014268 -0.151440
    17 2.676086 -1.712440 0.000004 1.570753 0.000007 1.570752
    18 -3.890452 0.000004 0.000004 -1.570797 0.229027 -1.576018
    19 17.848171 0.000000 0.000004 0.000000 0.000000 1.661808
    20 16.525251 0.000000 0.000004 0.038610 0.040778 -1.043418
    21 6.879454 0.000000 0.000008 -0.081332 -0.002951 -0.584373
    22 3.890452 -0.000004 -0.000004 -1.570795 -1.373850 -1.565555
    23 17.848175 0.000000 -0.000004 0.000000 0.000000 1.994689
    24 16.525246 0.000000 0.000004 -0.027915 -0.040781 -1.744128
    25 6.879452 0.000000 0.000000 -0.005219 -0.002811 -0.539668
    26 3.859703 -0.142403 -1.191975 -0.479143 0.152189 -0.879872
    27 1.312565 0.000001 0.000004 0.000000 0.009664 -0.439719
    28 0.729362 0.000002 0.000004 -0.028976 0.117245 -0.451386
    29 3.942326 0.046774 -0.431438 -0.155011 0.073329 -0.810646
    30 1.539093 0.000001 0.000000 0.041407 0.089644 -0.699058
    31 1.196320 -0.000001 0.000004 -0.000002 0.007360 -0.430801
    32 3.883686 -0.046767 0.431446 0.812670 -0.191549 -1.550266
    33 1.719570 0.000002 0.000004 0.194938 -0.171308 -0.606847
    34 1.209183 -0.000001 -0.000004 0.409190 -0.306121 -0.737508
    35 3.859859 -0.137950 1.332462 0.716033 -0.200230 -1.353927
    36 1.719429 0.000002 0.000000 -0.000001 0.004072 -0.363008
    37 1.099670 0.000001 0.000004 0.133914 -0.229713 -0.543027
    38 0.806049 -0.348922 1.321259 -1.148537 -0.413342 -0.685814
    39 1.789787 0.000000 0.000004 0.143112 0.004764 0.680910
    40 1.207001 0.000000 -0.000004 -0.238537 -0.328319 0.202547
    41 3.859665 -0.132565 1.193108 0.479138 -0.158546 -0.879039
    42 1.312561 0.000000 0.000000 0.000000 -0.011932 -0.439671
    43 0.729366 0.000002 0.000000 0.000002 -0.006134 -0.244270
    44 3.942291 0.050330 0.431042 -0.174164 0.127577 -1.207787
    45 1.539097 0.000003 0.000000 0.000000 -0.005853 -0.247769
    46 1.196320 0.000000 0.000000 0.004942 -0.275387 -1.121008
    47 3.883648 -0.050325 -0.431044 -0.040059 -0.165983 -1.257799
    48 1.719574 -0.000005 0.000000 0.366781 -0.096847 -2.862813
    49 1.209183 -0.000001 0.000000 0.000001 -0.004461 -0.216376
    50 3.859825 -0.148935 -1.331284 -0.354417 0.038566 -0.532000
    51 1.719425 0.000000 0.000000 0.089602 0.216058 -1.899362
    52 1.099663 0.000000 0.000000 0.000002 -0.004208 -0.244311
    53 0.806015 -0.359835 -1.318335 0.934008 0.297777 -0.930652
    54 1.789780 0.000001 0.000000 0.009096 -0.315147 0.639492
    55 1.207001 0.000000 0.000004 0.000381 -0.070245 0.716387
    56 2.338451 -1.535743 -6.391512 1.520238 -0.094383 -2.001948
  time 2
    0 0.000000 -0.533203 19.828125 1.570795 0.000003 -0.000003
    1 0.000005 3.345128 -2.981903 1.570790 0.086140 1.570789
    2 4.018331 0.000000 0.000000 -0.613140 -0.066670 0.045925
    3 3.518564 0.000000 0.000000 -0.131224 -0.042413 0.157577
    4 8.942642 0.000000 0.000000 -0.411888 -0.013842 0.271678
    5 3.307269 0.000000 -0.000004 -2.940265 -0.130086 0.387319
    6 3.593710 -0.000001 -0.000004 0.897448 -0.024688 0.614371
    7 1.999994 -3.000001 0.000004 -1.570753 -0.000007 -1.326410
    8 2.033349 1.000771 -1.937607 -1.688728 1.147837 2.790133
    9 6.028143 0.000002 -0.000004 1.664740 0.041866 -0.701974
    10 11.692545 0.000000 0.000000 0.025037 -0.255763 -1.030379
    11 11.481701 0.000000 0.000000 -1.605431 -0.191570 -0.199478
    12 2.676086 -1.712440 0.000000 -1.570753 -0.000007 -1.570752
    13 2.033341 1.000767 1.937660 0.294931 -1.313958 -2.508565
    14 6.028140 0.000002 0.000000 -1.764773 -0.491410 -0.186922
    15 11.692553 0.000000 0.000011 -0.160774 0.725945 -1.403555
    16 11.481667 0.000000 -0.000031 0.832526 -0.014268 -0.151440
    17 2.676086 -1.712440 0.000004 1.570753 0.000007 1.570752
    18 -3.890452 0.000004 0.000004 -1.570797 0.229027 -1.576018
    19 17.848171 0.000000 0.000004 0.000000 0.000000 1.661808
    20 16.525251 0.000000 0.000004 0.038610 0.040778 -1.043418
    21 6.879454 0.000000 0.000008 -0.081332 -0.002951 -0.584373
    22 3.890452 -0.000004 -0.000004 -1.570795 -1.373850 -1.565555
    23 17.848175 0.000000 -0.000004 0.000000 0.000000 1.994689
    24 16.525246 0.000000 0.000004 -0.027915 -0.040781 -1.744128
    25 6.879452 0.000000 0.000000 -0.005219 -0.002811 -0.539668
    26 3.859703 -0.142403 -1.191975 -0.479143 0.152189 -0.879872
    27 1.312565 0.000001 0.000004 0.000000 0.009664 -0.439719
    28 0.729362 0.000002 0.000004 -0.028976 0.117245 -0.451386
    29 3.942326 0.046774 -0.431438 -0.155011 0.073329 -0.810646
    30 1.539093 0.000001 0.000000 0.041407 0.089644 -0.699058
    31 1.196320 -0.000001 0.000004 -0.000002 0.007360 -0.430801
    32 3.883686 -0.046767 0.431446 0.812670 -0.191549 -1.550266
    33 1.719570 0.000002 0.000004 0.194938 -0.171308 -0.606847
    34 1.209183 -0.000001 -0.000004 0.409190 -0.306121 -0.737508
    35 3.859859 -0.137950 1.332462 0.716033 -0.200230 -1.353927
    36 1.719429 0.000002 0.000000 -0.000001 0.004072 -0.363008
    37 1.099670 0.000001 0.000004 0.133914 -0.229713 -0.543027
    38 0.806049 -0.348922 1.321259 -1.148537 -0.413342 -0.685814
    39 1.789787 0.000000 0.000004 0.143112 0.004764 0.680910
    40 1.207001 0.000000 -0.000004 -0.238537 -0.328319 0.202547
    41 3.859665 -0.132565 1.193108 0.479138 -0.158546 -0.879039
    42 1.312561 0.000000 0.000000 0.000000 -0.011932 -0.439671
    43 0.729366 0.000002 0.000000 0.000002 -0.006134 -0.244270
    44 3.942291 0.050330 0.431042 -0.174164 0.127577 -1.207787
    45 1.539097 0.000003 0.000000 0.000000 -0.005853 -0.247769
    46 1.196320 0.000000 0.000000 0.004942 -0.275387 -1.121008
    47 3.883648 -0.050325 -0.431044 -0.040059 -0.165983 -1.257799
    48 1.719574 -0.000005 0.000000 0.366781 -0.096847 -2.862813
    49 1.209183 -0.000001 0.000000 0.000001 -0.004461 -0.216376
    50 3.859825 -0.148935 -1.331284 -0.354417 0.038566 -0.532000
    51 1.719425 0.000000 0.000000 0.089602 0.216058 -1.899362
    52 1.099663 0.000000 0.000000 0.000002 -0.004208 -0.244311
    53 0.806015 -0.359835 -1.318335 0.934008 0.297777 -0.930652
    54 1.789780 0.000001 0.000000 0.009096 -0.315147 0.639492
    55 1.207001 0.000000 0.000004 0.000381 -0.070245 0.716387
    56 2.338451 -1.535743 -6.391512 1.520238 -0.094383 -2.001948
  time 3
    0 0.000000 -0.533203 19.828125 1.570795 0.000003 -0.000003
    1 0.000005 3.345128 -2.981903 1.570790 0.085960 1.570789
    2 4.018331 0.000000 0.000000 -0.613140 -0.066670 0.045925
    3 3.518564 0.000000 0.000000 -0.131224 -0.042413 0.157577
    4 8.942642 0.000000 0.000000 -0.411901 -0.013914 0.271770
    5 3.307269 0.000000 -0.000004 -2.940265 -0.130086 0.387319
    6 3.593710 -0.000001 -0.000004 0.897402 -0.025120 0.614722
    7 1.999994 -3.000001 0.000004 -1.570753 -0.000007 -1.326410
    8 2.033349 1.000771 -1.937607 -1.688728 1.147837 2.790133
    9 6.028143 0.000002 -0.000004 1.663453 0.042546 -0.703918
    10 11.692545 0.000000 0.000000 0.024677 -0.255344 -1.031168
    11 11.481701 0.000000 0.000000 -1.605862 -0.190842 -0.200067
    12 2.676086 -1.712440 0.000000 -1.570753 -0.000007 -1.570752
    13 2.033341 1.000767 1.937660 0.294931 -1.313958 -2.508565
    14 6.028140 0.000002 0.000000 -1.765007 -0.491174 -0.186726
    15 11.692553 0.000000 0.000011 -0.160947 0.725978 -1.403555
    16 11.481667 0.000000 -0.000031 0.832526 -0.014268 -0.151440
    17 2.676086 -1.712440 0.000004 1.570753 0.000007 1.570752
    18 -3.890452 0.000004 0.000004 -1.570797 0.229027 -1.576018
    19 17.848171 0.000000 0.000004 0.000000 0.000000 1.661808
    20 16.525251 0.000000 0.000004 0.038610 0.040778 -1.043418
    21 6.879454 0.000000 0.000008 -0.081332 -0.002951 -0.584373
    22 3.890452 -0.000004 -0.000004 -1.570795 -1.373850 -1.565555
    23 17.848175 0.000000 -0.000004 0.000000 0.000000 1.994689
    24 16.525246 0.000000 0.000004 -0.027915 -0.040781 -1.744128
    25 6.879452 0.000000 0.000000 -0.005219 -0.002811 -0.539668
    26 3.859703 -0.142403 -1.191975 -0.479143 0.152189 -0.879872
    27 1.312565 0.000001 0.000004 0.000000 0.009664 -0.439719
    28 0.729362 0.000002 0.000004 -0.028976 0.117245 -0.451386
    29 3.942326 0.046774 -0.431438 -0.155011 0.073329 -0.810646
    30 1.539093 0.000001 0.000000 0.041407 0.089644 -0.699058
    31 1.196320 -0.000001 0.000004 -0.000002 0.007360 -0.430801
    32 3.883686 -0.046767 0.431446 0.812670 -0.191549 -1.550266
    33 1.719570 0.000002 0.000004 0.194938 -0.171308 -0.606847
    34 1.209183 -0.000001 -0.000004 0.409190 -0.306121 -0.737508
    35 3.859859 -0.137950 1.332462 0.716033 -0.200230 -1.353927
    36 1.719429 0.000002 0.000000 -0.000001 0.004072 -0.363008
    37 1.099670 0.000001 0.000004 0.133914 -0.229713 -0.543027
    38 0.806049 -0.348922 1.321259 -1.148537 -0.413342 -0.685814
    39 1.789787 0.000000 0.000004 0.143112 0.004764 0.680910
    40 1.207001 0.000000 -0.000004 -0.238537 -0.328319 0.202547
    41 3.859665 -0.132565 1.193108 0.479138 -0.158546 -0.879039
    42 1.312561 0.000000 0.000000 0.000000 -0.011932 -0.439671
    43 0.729366 0.000002 0.000000 0.000002 -0.006134 -0.244270
    44 3.942291 0.050330 0.431042 -0.174164 0.127577 -1.207787
    45 1.539097 0.000003 0.000000 0.000000 -0.005853 -0.247769
    46 1.196320 0.000000 0.000000 0.004942 -0.275387 -1.121008
    47 3.883648 -0.050325 -0.431044 -0.040059 -0.165983 -1.257799
    48 1.719574 -0.000005 0.000000 0.366781 -0.096847 -2.862813
    49 1.209183 -0.000001 0.000000 0.000001 -0.004461 -0.216376
    50 3.859825 -0.148935 -1.331284 -0.354417 0.038566 -0.532000
    51 1.719425 0.000000 0.000000 0.089602 0.216058 -1.899362
    52 1.099663 0.000000 0.000000 0.000002 -0.004208 -0.244311
    53 0.806015 -0.359835 -1.318335 0.934008 0.297777 -0.930652
    54 1.789780 0.000001 0.000000 0.009096 -0.315147 0.639492
    55 1.207001 0.000000 0.000004 0.000381 -0.070245 0.716387
    56 2.338451 -1.535743 -6.391512 1.520238 -0.094383 -2.001948
  time 4
    0 0.000000 -0.533203 19.828125 1.570795 0.000003 -0.000003
    1 0.000005 3.345128 -2.981903 1.570790 0.085709 1.570789
    2 4.018331 0.000000 0.000000 -0.613140 -0.066670 0.045925
    3 3.518564 0.000000 0.000000 -0.131224 -0.042413 0.157577
    4 8.942642 0.000000 0.000000 -0.411926 -0.014010 0.271877
    5 3.307269 0.000000 -0.000004 -2.940265 -0.130086 0.387319
    6 3.593710 -0.000001 -0.000004 0.897402 -0.025707 0.615180
    7 1.999994 -3.000001 0.000004 -1.570753 -0.000007 -1.326410
    8 2.033349 1.000771 -1.937607 -1.688728 1.147837 2.790133
    9 6.028143 0.000002 -0.000004 1.661707 0.043470 -0.706604
    10 11.692545 0.000000 0.000000 0.024174 -0.254768 -1.032155
    11 11.481701 0.000000 0.000000 -1.606456 -0.189860 -0.200901
    12 2.676086 -1.712440 0.000000 -1.570753 -0.000007 -1.570752
    13 2.033341 1.000767 1.937660 0.294931 -1.313958 -2.508565
    14 6.028140 0.000002 0.000000 -1.765299 -0.490870 -0.186453
    15 11.692553 0.000000 0.000011 -0.161164 0.726044 -1.403555
    16 11.481667 0.000000 -0.000031 0.832526 -0.014268 -0.151440
    17 2.676086 -1.712440 0.000004 1.570753 0.000007 1.570752
    18 -3.890452 0.000004 0.000004 -1.570797 0.229027 -1.576018
    19 17.848171 0.000000 0.000004 0.000000 0.000000 1.661808
    20 16.525251 0.000000 0.000004 0.038610 0.040778 -1.043418
    21 6.879454 0.000000 0.000008 -0.081332 -0.002951 -0.584373
    22 3.890452 -0.000004 -0.000004 -1.570795 -1.373850 -1.565555
    23 17.848175 0.000000 -0.000004 0.000000 0.000000 1.994689
    24 16.525246 0.000000 0.000004 -0.027915 -0.040781 -1.744128
    25 6.879452 0.000000 0.000000 -0.005219 -0.002811 -0.539668
    26 3.859703 -0.142403 -1.191975 -0.479143 0.152189 -0.879872
    27 1.312565 0.000001 0.000004 0.000000 0.009664 -0.439719
    28 0.729362 0.000002 0.000004 -0.028976 0.117245 -0.451386
    29 3.942326 0.046774 -0.431438 -0.155011 0.073329 -0.810646
    30 1.539093 0.000001 0.000000 0.041407 0.089644 -0.699058
    31 1.196320 -0.000001 0.000004 -0.000002 0.007360 -0.430801
    32 3.883686 -0.046767 0.431446 0.812670 -0.191549 -1.550266
    33 1.719570 0.000002 0.000004 0.194938 -0.171308 -0.606847
    34 1.209183 -0.000001 -0.000004 0.409190 -0.306121 -0.737508
    35 3.859859 -0.137950 1.332462 0.716033 -0.200230 -1.353927
    36 1.719429 0.000002 0.000000 -0.000001 0.004072 -0.363008
    37 1.099670 0.000001 0.000004 0.133914 -0.229713 -0.543027
    38 0.806049 -0.348922 1.321259 -1.148537 -0.413342 -0.685814
    39 1.789787 0.000000 0.000004 0.143112 0.004764 0.680910
    40 1.207001 0.000000 -0.000004 -0.238537 -0.328319 0.202547
    41 3.859665 -0.132565 1.193108 0.479138 -0.158546 -0.879039
    42 1.312561 0.000000 0.000000 0.000000 -0.011932 -0.439671
    43 0.729366 0.000002 0.000000 0.000002 -0.006134 -0.244270
    44 3.942291 0.050330 0.431042 -0.174164 0.127577 -1.207787
    45 1.539097 0.000003 0.000000 0.000000 -0.005853 -0.247769
    46 1.196320 0.000000 0.000000 0.004942 -0.275387 -1.121008
    47 3.883648 -0.050325 -0.431044 -0.040059 -0.165983 -1.257799
    48 1.719574 -0.000005 0.000000 0.366781 -0.096847 -2.862813
    49 1.209183 -0.000001 0.000000 0.000001 -0.004461 -0.216376
    50 3.859825 -0.148935 -1.331284 -0.354417 0.038566 -0.532000
    51 1.719425 0.000000 0.000000 0.089602 0.216058 -1.899362
    52 1.099663 0.000000 0.000000 0.000002 -0.004208 -0.244311
    53 0.806015 -0.359835 -1.318335 0.934008 0.297777 -0.930652
    54 1.789780 0.000001 0.000000 0.009096 -0.315147 0.639492
    55 1.207001 0.000000 0.000004 0.000381 -0.070245 0.716387
    56 2.338451 -1.535743 -6.391512 1.520238 -0.094383 -2.001948
  time 5
    0 0.000000 -0.533203 19.828125 1.570795 0.000003 -0.000003
    1 0.000005 3.345128 -2.981903 1.570790 0.085409 1.570789
    2 4.018331 0.000000 0.000000 -0.613140 -0.066670 0.045925
    3 3.518564 0.000000 0.000000 -0.131224 -0.042413 0.157577
    4 8.942642 0.000000 0.000000 -0.411965 -0.014142 0.272031
    5 3.307269 0.000000 -0.000004 -2.940265 -0.130086 0.387319
    6 3.593710 -0.000001 -0.000004 0.897356 -0.026438 0.615743
    7 1.999994 -3.000001 0.000004 -1.570753 -0.000007 -1.326410
    8 2.033349 1.000771 -1.937607 -1.688728 1.147837 2.790133
    9 6.028143 0.000002 -0.000004 1.659501 0.044639 -0.709996
    10 11.692545 0.000000 0.000000 0.023563 -0.254049 -1.033404
    11 11.481701 0.000000 0.000000 -1.607157 -0.188624 -0.201980
    12 2.676086 -1.712440 0.000000 -1.570753 -0.000007 -1.570752
    13 2.033341 1.000767 1.937660 0.294931 -1.313958 -2.508565
    14 6.028140 0.000002 0.000000 -1.765650 -0.490466 -0.186102
    15 11.692553 0.000000 0.000011 -0.161468 0.726110 -1.403555
    16 11.481667 0.000000 -0.000031 0.832526 -0.014268 -0.151440
    17 2.676086 -1.712440 0.000004 1.570753 0.000007 1.570752
    18 -3.890452 0.000004 0.000004 -1.570797 0.229027 -1.576018
    19 17.848171 0.000000 0.000004 0.000000 0.000000 1.661808
    20 16.525251 0.000000 0.000004 0.038610 0.040778 -1.043418
    21 6.879454 0.000000 0.000008 -0.081332 -0.002951 -0.584373
    22 3.890452 -0.000004 -0.000004 -1.570795 -1.373850 -1.565555
    23 17.848175 0.000000 -0.000004 0.000000 0.000000 1.994689
    24 16.525246 0.000000 0.000004 -0.027915 -0.040781 -1.744128
    25 6.879452 0.000000 0.000000 -0.005219 -0.002811 -0.539668
    26 3.859703 -0.142403 -1.191975 -0.479143 0.152189 -0.879872
    27 1.312565 0.000001 0.000004 0.000000 0.009664 -0.439719
    28 0.729362 0.000002 0.000004 -0.028976 0.117245 -0.451386
    29 3.942326 0.046774 -0.431438 -0.155011 0.073329 -0.810646
    30 1.539093 0.000001 0.000000 0.041407 0.089644 -0.699058
    31 1.196320 -0.000001 0.000004 -0.000002 0.007360 -0.430801
    32 3.883686 -0.046767 0.431446 0.812670 -0.191549 -1.550266
    33 1.719570 0.000002 0.000004 0.194938 -0.171308 -0.606847
    34 1.209183 -0.000001 -0.000004 0.409190 -0.306121 -0.737508
    35 3.859859 -0.137950 1.332462 0.716033 -0.200230 -1.353927
    36 1.719429 0.000002 0.000000 -0.000001 0.004072 -0.363008
    37 1.099670 0.000001 0.000004 0.133914 -0.229713 -0.543027
    38 0.806049 -0.348922 1.321259 -1.148537 -0.413342 -0.685814
    39 1.789787 0.000000 0.000004 0.143112 0.004764 0.680910
    40 1.207001 0.000000 -0.000004 -0.238537 -0.328319 0.202547
    41 3.859665 -0.132565 1.193108 0.479138 -0.158546 -0.879039
    42 1.312561 0.000000 0.000000 0.000000 -0.011932 -0.439671
    43 0.729366 0.000002 0.000000 0.000002 -0.006134 -0.244270
    44 3.942291 0.050330 0.431042 -0.174164 0.127577 -1.207787
    45 1.539097 0.000003 0.000000 0.000000 -0.005853 -0.247769
    46 1.196320 0.000000 0.000000 0.004942 -0.275387 -1.121008
    47 3.883648 -0.050325 -0.431044 -0.040059 -0.165983 -1.257799
    48 1.719574 -0.000005 0.000000 0.366781 -0.096847 -2.862813
    49 1.209183 -0.000001 0.000000 0.000001 -0.004461 -0.216376
    50 3.859825 -0.148935 -1.331284 -0.354417 0.038566 -0.532000
    51 1.719425 0.000000 0.000000 0.089602 0.216058 -1.899362
    52 1.099663 0.000000 0.000000 0.000002 -0.004208 -0.244311
    53 0.806015 -0.359835 -1.318335 0.934008 0.297777 -0.930652
    54 1.789780 0.000001 0.000000 0.009096 -0.315147 0.639492
    55 1.207001 0.000000 0.000004 0.000381 -0.070245 0.716387
    56 2.338451 -1.535743 -6.391512 1.520238 -0.094383 -2.001948
  time 6
    0 0.000000 -0.533203 19.828125 1.570795 0.000003 -0.000003
    1 0.000005 3.345128 -2.981903 1.570790 0.085037 1.570789
    2 4.018331 0.000000 0.000000 -0.613140 -0.066670 0.045925
    3 3.518564 0.000000 0.000000 -0.131224 -0.042413 0.157577
    4 8.942642 0.000000 0.000000 -0.412003 -0.014298 0.272200
    5 3.307269 0.000000 -0.000004 -2.940265 -0.130086 0.387319
    6 3.593710 -0.000001 -0.000004 0.897310 -0.027313 0.616447
    7 1.999994 -3.000001 0.000004 -1.570753 -0.000007 -1.326410
    8 2.033349 1.000771 -1.937607 -1.688728 1.147837 2.790133
    9 6.028143 0.000002 -0.000004 1.656836 0.046034 -0.714025
    10 11.692545 0.000000 0.000000 0.022820 -0.253186 -1.034917
    11 11.481701 0.000000 0.000000 -1.608020 -0.187167 -0.203206
    12 2.676086 -1.712440 0.000000 -1.570753 -0.000007 -1.570752
    13 2.033341 1.000767 1.937660 0.294931 -1.313958 -2.508565
    14 6.028140 0.000002 0.000000 -1.766059 -0.489960 -0.185673
    15 11.692553 0.000000 0.000011 -0.161793 0.726176 -1.403485
    16 11.481667 0.000000 -0.000031 0.832526 -0.014268 -0.151440
    17 2.676086 -1.712440 0.000004 1.570753 0.000007 1.570752
    18 -3.890452 0.000004 0.000004 -1.570797 0.229027 -1.576018
    19 17.848171 0.000000 0.000004 0.000000 0.000000 1.661808
    20 16.525251 0.000000 0.000004 0.038610 0.040778 -1.043418
    21 6.879454 0.000000 0.000008 -0.081332 -0.002951 -0.584373
    22 3.890452 -0.000004 -0.000004 -1.570795 -1.373850 -1.565555
    23 17.848175 0.000000 -0.000004 0.000000 0.000000 1.994689
    24 16.525246 0.000000 0.000004 -0.027915 -0.040781 -1.744128
    25 6.879452 0.000000 0.000000 -0.005219 -0.002811 -0.539668
    26 3.859703 -0.142403 -1.191975 -0.479143 0.152189 -0.879872
    27 1.312565 0.000001 0.000004 0.000000 0.009664 -0.439719
    28 0.729362 0.000002 0.000004 -0.028976 0.117245 -0.451386
    29 3.942326 0.046774 -0.431438 -0.155011 0.073329 -0.810646
    30 1.539093 0.000001 0.000000 0.041407 0.089644 -0.699058
    31 1.196320 -0.000001 0.000004 -0.000002 0.007360 -0.430801
    32 3.883686 -0.046767 0.431446 0.812670 -0.191549 -1.550266
    33 1.719570 0.000002 0.000004 0.194938 -0.171308 -0.606847
    34 1.209183 -0.000001 -0.000004 0.409190 -0.306121 -0.737508
    35 3.859859 -0.137950 1.332462 0.716033 -0.200230 -1.353927
    36 1.719429 0.000002 0.000000 -0.000001 0.004072 -0.363008
    37 1.099670 0.000001 0.000004 0.133914 -0.229713 -0.543027
    38 0.806049 -0.348922 1.321259 -1.148537 -0.413342 -0.685814
    39 1.789787 0.000000 0.000004 0.143112 0.004764 0.680910
    40 1.207001 0.000000 -0.000004 -0.238537 -0.328319 0.202547
    41 3.859665 -0.132565 1.193108 0.479138 -0.158546 -0.879039
    42 1.312561 0.000000 0.000000 0.000000 -0.011932 -0.439671
    43 0.729366 0.000002 0.000000 0.000002 -0.006134 -0.244270
    44 3.942291 0.050330 0.431042 -0.174164 0.127577 -1.207787
    45 1.539097 0.000003 0.000000 0.000000 -0.005853 -0.247769
    46 1.196320 0.000000 0.000000 0.004942 -0.275387 -1.121008
    47 3.883648 -0.050325 -0.431044 -0.040059 -0.165983 -1.257799
    48 1.719574 -0.000005 0.000000 0.366781 -0.096847 -2.862900
    49 1.209183 -0.000001 0.000000 0.000001 -0.004461 -0.216376
    50 3.859825 -0.148935 -1.331284 -0.354417 0.038566 -0.532000
    51 1.719425 0.000000 0.000000 0.089602 0.216058 -1.899362
    52 1.099663 0.000000 0.000000 0.000002 -0.004208 -0.244311
    53 0.806015 -0.359835 -1.318335 0.934008 0.297777 -0.930652
    54 1.789780 0.000001 0.000000 0.009096 -0.315147 0.639492
    55 1.207001 0.000000 0.000004 0.000381 -0.070245 0.716387
    56 2.338451 -1.535743 -6.391512 1.520238 -0.094383 -2.001948
  time 7
    0 0.000000 -0.533203 19.828125 1.570795 0.000003 -0.000003
    1 0.000005 3.345128 -2.981903 1.570790 0.084618 1.570789
    2 4.018331 0.000000 0.000000 -0.613140 -0.066670 0.045925
    3 3.518564 0.000000 0.000000 -0.131224 -0.042413 0.157577
    4 8.942642 0.000000 0.000000 -0.412054 -0.014477 0.272400
    5 3.307269 0.000000 -0.000004 -2.940265 -0.130086 0.387319
    6 3.593710 -0.000001 -0.000004 0.897264 -0.028320 0.617221
    7 1.999994 -3.000001 0.000004 -1.570753 -0.000007 -1.326410
    8 2.033349 1.000771 -1.937607 -1.688728 1.147837 2.790133
    9 6.028143 0.000002 -0.000004 1.653804 0.047620 -0.718654
    10 11.692545 0.000000 0.000000 0.021969 -0.252204 -1.036627
    11 11.481701 0.000000 0.000000 -1.609045 -0.185488 -0.204628
    12 2.676086 -1.712440 0.000000 -1.570753 -0.000007 -1.570752
    13 2.033341 1.000767 1.937660 0.294931 -1.313958 -2.508565
    14 6.028140 0.000002 0.000000 -1.766527 -0.489420 -0.185204
    15 11.692553 0.000000 0.000011 -0.162184 0.726276 -1.403485
    16 11.481667 0.000000 -0.000031 0.832526 -0.014268 -0.151440
    17 2.676086 -1.712440 0.000004 1.570753 0.000007 1.570752
    18 -3.890452 0.000004 0.000004 -1.570797 0.229027 -1.576018
    19 17.848171 0.000000 0.000004 0.000000 0.000000 1.661808
    20 16.525251 0.000000 0.000004 0.038610 0.040778 -1.043418
    21 6.879454 0.000000 0.000008 -0.081332 -0.002951 -0.584373
    22 3.890452 -0.000004 -0.000004 -1.570795 -1.373850 -1.565555
    23 17.848175 0.000000 -0.000004 0.000000 0.000000 1.994689
    24 16.525246 0.000000 0.000004 -0.027915 -0.040781 -1.744128
    25 6.879452 0.000000 0.000000 -0.005219 -0.002811 -0.539668
    26 3.859703 -0.142403 -1.191975 -0.479143 0.152189 -0.879872
    27 1.312565 0.000001 0.000004 0.000000 0.009664 -0.439719
    28 0.729362 0.000002 0.000004 -0.028976 0.117245 -0.451386
    29 3.942326 0.046774 -0.431438 -0.155011 0.073329 -0.810646
    30 1.539093 0.000001 0.000000 0.041407 0.089644 -0.699058
    31 1.196320 -0.000001 0.000004 -0.000002 0.007360 -0.430801
    32 3.883686 -0.046767 0.431446 0.812670 -0.191549 -1.550266
    33 1.719570 0.000002 0.000004 0.194938 -0.171308 -0.606847
    34 1.209183 -0.000001 -0.000004 0.409190 -0.306121 -0.737508
    35 3.859859 -0.137950 1.332462 0.716033 -0.200230 -1.353927
    36 1.719429 0.000002 0.000000 -0.000001 0.004072 -0.363008
    37 1.099670 0.000001 0.000004 0.133914 -0.229713 -0.543027
    38 0.806049 -0.348922 1.321259 -1.148537 -0.413342 -0.685814
    39 1.789787 0.000000 0.000004 0.143112 0.004764 0.680910
    40 1.207001 0.000000 -0.000004 -0.238537 -0.328319 0.202547
    41 3.859665 -0.132565 1.193108 0.479138 -0.158546 -0.879039
    42 1.312561 0.000000 0.000000 0.000000 -0.011932 -0.439671
    43 0.729366 0.000002 0.000000 0.000002 -0.006134 -0.244270
    44 3.942291 0.050330 0.431042 -0.174164 0.127577 -1.207787
    45 1.539097 0.000003 0.000000 0.000000 -0.005853 -0.247769
    46 1.196320 0.000000 0.000000 0.004942 -0.275387 -1.121008
    47 3.883648 -0.050325 -0.431044 -0.040059 -0.165983 -1.257799
    48 1.719574 -0.000005 0.000000 0.366781 -0.096847 -2.862813
    49 1.209183 -0.000001 0.000000 0.000001 -0.004461 -0.216376
    50 3.859825 -0.148935 -1.331284 -0.354417 0.038566 -0.532000
    51 1.719425 0.000000 0.000000 0.089602 0.216058 -1.899362
    52 1.099663 0.000000 0.000000 0.000002 -0.004208 -0.244311
    53 0.806015 -0.359835 -1.318335 0.934008 0.297777 -0.930652
    54 1.789780 0.000001 0.000000 0.009096 -0.315147 0.639492
    55 1.207001 0.000000 0.000004 0.000381 -0.070245 0.716387
    56 2.338451 -1.535743 -6.391512 1.520238 -0.094383 -2.001948
  time 8
    0 0.000000 -0.533203 19.828125 1.570795 0.000003 -0.000003
    1 0.000005 3.345128 -2.981903 1.570790 0.084151 1.570789
    2 4.018331 0.000000 0.000000 -0.613140 -0.066670 0.045925
    3 3.518564 0.000000 0.000000 -0.131224 -0.042413 0.157577
    4 8.942642 0.000000 0.000000 -0.412105 -0.014669 0.272615
    5 3.307269 0.000000 -0.000004 -2.940265 -0.130086 0.387319
    6 3.593710 -0.000001 -0.000004 0.897172 -0.029446 0.618136
    7 1.999994 -3.000001 0.000004 -1.570753 -0.000007 -1.326410
    8 2.033349 1.000771 -1.937607 -1.688728 1.147837 2.790133
    9 6.028143 0.000002 -0.000004 1.650403 0.049416 -0.723849
    10 11.692545 0.000000 0.000000 0.021010 -0.251089 -1.038600
    11 11.481701 0.000000 0.000000 -1.610178 -0.183587 -0.206247
    12 2.676086 -1.712440 0.000000 -1.570753 -0.000007 -1.570752
    13 2.033341 1.000767 1.937660 0.294931 -1.313958 -2.508565
    14 6.028140 0.000002 0.000000 -1.767111 -0.488813 -0.184697
    15 11.692553 0.000000 0.000011 -0.162617 0.726375 -1.403416
    16 11.481667 0.000000 -0.000031 0.832526 -0.014268 -0.151440
    17 2.676086 -1.712440 0.000004 1.570753 0.000007 1.570752
    18 -3.890452 0.000004 0.000004 -1.570797 0.229027 -1.576018
    19 17.848171 0.000000 0.000004 0.000000 0.000000 1.661808
    20 16.525251 0.000000 0.000004 0.038610 0.040778 -1.043418
    21 6.879454 0.000000 0.000008 -0.081332 -0.002951 -0.584373
    22 3.890452 -0.000004 -0.000004 -1.570795 -1.373850 -1.565555
    23 17.848175 0.000000 -0.000004 0.000000 0.000000 1.994689
    24 16.525246 0.000000 0.000004 -0.027915 -0.040781 -1.744128
    25 6.879452 0.000000 0.000000 -0.005219 -0.002811 -0.539668
    26 3.859703 -0.142403 -1.191975 -0.479143 0.152189 -0.879872
    27 1.312565 0.000001 0.000004 0.000000 0.009664 -0.439719
    28 0.729362 0.000002 0.000004 -0.028976 0.117245 -0.451386
    29 3.942326 0.046774 -0.431438 -0.155011 0.073329 -0.810646
    30 1.539093 0.000001 0.000000 0.041407 0.089644 -0.699058
    31 1.196320 -0.000001 0.000004 -0.000002 0.007360 -0.430801
    32 3.883686 -0.046767 0.431446 0.812670 -0.191549 -1.550266
    33 1.719570 0.000002 0.000004 0.194938 -0.171308 -0.606847
    34 1.209183 -0.000001 -0.000004 0.409190 -0.306121 -0.737508
    35 3.859859 -0.137950 1.332462 0.716033 -0.200230 -1.353927
    36 1.719429 0.000002 0.000000 -0.000001 0.004072 -0.363008
    37 1.099670 0.000001 0.000004 0.133914 -0.229713 -0.543027
    38 0.806049 -0.348922 1.321259 -1.148537 -0.413342 -0.685814
    39 1.789787 0.000000 0.000004 0.143112 0.004764 0.680910
    40 1.207001 0.000000 -0.000004 -0.238537 -0.328319 0.202547
    41 3.859665 -0.132565 1.193108 0.479138 -0.158546 -0.879039
    42 1.312561 0.000000 0.000000 0.000000 -0.011932 -0.439671
    43 0.729366 0.000002 0.000000 0.000002 -0.006134 -0.244270
    44 3.942291 0.050330 0.431042 -0.174164 0.127577 -1.207787
    45 1.539097 0.000003 0.000000 0.000000 -0.005853 -0.247769
    46 1.196320 0.000000 0.000000 0.004942 -0.275387 -1.121008
    47 3.883648 -0.050325 -0.431044 -0.040059 -0.165983 -1.257799
    48 1.719574 -0.000005 0.000000 0.366781 -0.096847 -2.862813
    49 1.209183 -0.000001 0.000000 0.000001 -0.004461 -0.216376
    50 3.859825 -0.148935 -1.331284 -0.354417 0.038566 -0.532000
    51 1.719425 0.000000 0.000000 0.089602 0.216058 -1.899362
    52 1.099663 0.000000 0.000000 0.000002 -0.004208 -0.244311
    53 0.806015 -0.359835 -1.318335 0.934008 0.297777 -0.930652
    54 1.789780 0.000001 0.000000 0.009096 -0.315147 0.639492
    55 1.207001 0.000000 0.000004 0.000381 -0.070245 0.716387
    56 2.338451 -1.535743 -6.391512 1.520238 -0.094383 -2.001948
  time 9
    0 0.000000 -0.533203 19.828125 1.570795 0.000003 -0.000003
    1 0.000005 3.345128 -2.981903 1.570790 0.083635 1.570789
    2 4.018331 0.000000 0.000000 -0.613140 -0.066670 0.045925
    3 3.518564 0.000000 0.000000 -0.131224 -0.042413 0.157577
    4 8.942642 0.000000 0.000000 -0.412156 -0.014885 0.272861
    5 3.307269 0.000000 -0.000004 -2.940265 -0.130086 0.387319
    6 3.593710 -0.000001 -0.000004 0.897126 -0.030681 0.619086
    7 1.999994 -3.000001 0.000004 -1.570753 -0.000007 -1.326410
    8 2.033349 1.000771 -1.937607 -1.688728 1.147837 2.790133
    9 6.028143 0.000002 -0.000004 1.646635 0.051404 -0.729610
    10 11.692545 0.000000 0.000000 0.019943 -0.249855 -1.040705
    11 11.481701 0.000000 0.000000 -1.611419 -0.181496 -0.208013
    12 2.676086 -1.712440 0.000000 -1.570800 -0.000007 -1.570752
    13 2.033341 1.000767 1.937660 0.294931 -1.313958 -2.508565
    14 6.028140 0.000002 0.000000 -1.767696 -0.488138 -0.184112
    15 11.692553 0.000000 0.000011 -0.163095 0.726475 -1.403416
    16 11.481667 0.000000 -0.000031 0.832526 -0.014268 -0.151440
    17 2.676086 -1.712440 0.000004 1.570753 0.000007 1.570752
    18 -3.890452 0.000004 0.000004 -1.570797 0.229027 -1.576018
    19 17.848171 0.000000 0.000004 0.000000 0.000000 1.661808
    20 16.525251 0.000000 0.000004 0.038610 0.040778 -1.043418
    21 6.879454 0.000000 0.000008 -0.081332 -0.002951 -0.584373
    22 3.890452 -0.000004 -0.000004 -1.570795 -1.373850 -1.565555
    23 17.848175 0.000000 -0.000004 0.000000 0.000000 1.994689
    24 16.525246 0.000000 0.000004 -0.027915 -0.040781 -1.744128
    25 6.879452 0.000000 0.000000 -0.005219 -0.002811 -0.539668
    26 3.859703 -0.142403 -1.191975 -0.479143 0.152189 -0.879872
    27 1.312565 0.000001 0.000004 0.000000 0.009664 -0.439719
    28 0.729362 0.000002 0.000004 -0.028976 0.117245 -0.451386
    29 3.942326 0.046774 -0.431438 -0.155011 0.073329 -0.810646
    30 1.539093 0.000001 0.000000 0.041407 0.089644 -0.699058
    31 1.196320 -0.000001 0.000004 -0.000002 0.007360 -0.430801
    32 3.883686 -0.046767 0.431446 0.812670 -0.191549 -1.550266
    33 1.719570 0.000002 0.000004 0.194938 -0.171308 -0.606847
    34 1.209183 -0.000001 -0.000004 0.409190 -0.306121 -0.737508
    35 3.859859 -0.137950 1.332462 0.716033 -0.200230 -1.353927
    36 1.719429 0.000002 0.000000 -0.000001 0.004072 -0.363008
    37 1.099670 0.000001 0.000004 0.133914 -0.229713 -0.543027
    38 0.806049 -0.348922 1.321259 -1.148537 -0.413342 -0.685814
    39 1.789787 0.000000 0.000004 0.143112 0.004764 0.680910
    40 1.207001 0.000000 -0.000004 -0.238537 -0.328319 0.202547
    41 3.859665 -0.132565 1.193108 0.479138 -0.158546 -0.879039
    42 1.312561 0.000000 0.000000 0.000000 -0.011932 -0.439671
    43 0.729366 0.000002 0.000000 0.000002 -0.006134 -0.244270
    44 3.942291 0.050330 0.431042 -0.174164 0.127577 -1.207787
    45 1.539097 0.000003 0.000000 0.000000 -0.005853 -0.247769
    46 1.196320 0.000000 0.000000 0.004942 -0.275387 -1.121008
    47 3.883648 -0.050325 -0.431044 -0.040059 -0.165983 -1.257799
    48 1.719574 -0.000005 0.000000 0.366781 -0.096847 -2.862813
    49 1.209183 -0.000001 0.000000 0.000001 -0.004461 -0.216376
    50 3.859825 -0.148935 -1.331284 -0.354417 0.038566 -0.532000
    51 1.719425 0.000000 0.000000 0.089602 0.216058 -1.899420
    52 1.099663 0.000000 0.000000 0.000002 -0.004208 -0.244311
    53 0.806015 -0.359835 -1.318335 0.934008 0.297777 -0.930652
    54 1.789780 0.000001 0.000000 0.009096 -0.315147 0.639492
    55 1.207001 0.000000 0.000004 0.000381 -0.070245 0.716387
    56 2.338451 -1.535743 -6.391512 1.520238 -0.094383 -2.001948
  time 10
    0 0.000000 -0.533203 19.828125 1.570795 0.000003 -0.000003
    1 0.000005 3.345128 -2.981903 1.570790 0.083084 1.570789
    2 4.018331 0.000000 0.000000 -0.613140 -0.066670 0.045925
    3 3.518564 0.000000 0.000000 -0.131224 -0.042413 0.157577
    4 8.942642 0.000000 0.000000 -0.412219 -0.015113 0.273122
    5 3.307269 0.000000 -0.000004 -2.940265 -0.130086 0.387319
    6 3.593710 -0.000001 -0.000004 0.897035 -0.032023 0.620142
    7 1.999994 -3.000001 0.000004 -1.570800 -0.000007 -1.326410
    8 2.033349 1.000771 -1.937607 -1.688728 1.147837 2.790133
    9 6.028143 0.000002 -0.000004 1.642500 0.053549 -0.735829
    10 11.692545 0.000000 0.000000 0.018805 -0.248524 -1.043073
    11 11.481701 0.000000 0.000000 -1.612768 -0.179215 -0.209926
    12 2.676086 -1.712440 0.000000 -1.570753 -0.000007 -1.570752
    13 2.033341 1.000767 1.937660 0.294931 -1.313958 -2.508565
    14 6.028140 0.000002 0.000000 -1.768397 -0.487396 -0.183487
    15 11.692553 0.000000 0.000011 -0.163615 0.726574 -1.403346
    16 11.481667 0.000000 -0.000031 0.832526 -0.014268 -0.151440
    17 2.676086 -1.712440 0.000004 1.570753 0.000007 1.570752
    18 -3.890452 0.000004 0.000004 -1.570797 0.229027 -1.576018
    19 17.848171 0.000000 0.000004 0.000000 0.000000 1.661808
    20 16.525251 0.000000 0.000004 0.038610 0.040778 -1.043418
    21 6.879454 0.000000 0.000008 -0.081332 -0.002951 -0.584373
    22 3.890452 -0.000004 -0.000004 -1.570795 -1.373850 -1.565555
    23 17.848175 0.000000 -0.000004 0.000000 0.000000 1.994689
    24 16.525246 0.000000 0.000004 -0.027915 -0.040781 -1.744128
    25 6.879452 0.000000 0.000000 -0.005219 -0.002811 -0.539668
    26 3.859703 -0.142403 -1.191975 -0.479143 0.152189 -0.879872
    27 1.312565 0.000001 0.000004 0.000000 0.009664 -0.439719
    28 0.729362 0.000002 0.000004 -0.028976 0.117245 -0.451386
    29 3.942326 0.046774 -0.431438 -0.155011 0.073329 -0.810646
    30 1.539093 0.000001 0.000000 0.041407 0.089644 -0.699058
    31 1.196320 -0.000001 0.000004 -0.000002 0.007360 -0.430801
    32 3.883686 -0.046767 0.431446 0.812670 -0.191549 -1.550266
    33 1.719570 0.000002 0.000004 0.194938 -0.171308 -0.606847
    34 1.209183 -0.000001 -0.000004 0.409190 -0.306121 -0.737508
    35 3.859859 -0.137950 1.332462 0.716033 -0.200230 -1.353927
    36 1.719429 0.000002 0.000000 -0.000001 0.004072 -0.363008
    37 1.099670 0.000001 0.000004 0.133914 -0.229713 -0.543027
    38 0.806049 -0.348922 1.321259 -1.148537 -0.413342 -0.685814
    39 1.789787 0.000000 0.000004 0.143112 0.004764 0.680910
    40 1.207001 0.000000 -0.000004 -0.238537 -0.328319 0.202547
    41 3.859665 -0.132565 1.193108 0.479138 -0.158546 -0.879039
    42 1.312561 0.000000 0.000000 0.000000 -0.011932 -0.439671
    43 0.729366 0.000002 0.000000 0.000002 -0.006134 -0.244270
    44 3.942291 0.050330 0.431042 -0.174164 0.127577 -1.207787
    45 1.539097 0.000003 0.000000 0.000000 -0.005853 -0.247769
    46 1.196320 0.000000 0.000000 0.004942 -0.275387 -1.121008
    47 3.883648 -0.050325 -0.431044 -0.040059 -0.165983 -1.257799
    48 1.719574 -0.000005 0.000000 0.366781 -0.096847 -2.862813
    49 1.209183 -0.000001 0.000000 0.000001 -0.004461 -0.216376
    50 3.859825 -0.148935 -1.331284 -0.354417 0.038566 -0.532000
    51 1.719425 0.000000 0.000000 0.089602 0.216058 -1.899362
    52 1.099663 0.000000 0.000000 0.000002 -0.004208 -0.244311
    53 0.806015 -0.359835 -1.318335 0.934008 0.297777 -0.930652
    54 1.789780 0.000001 0.000000 0.009096 -0.315147 0.639492
    55 1.207001 0.000000 0.000004 0.000381 -0.070245 0.716387
    56 2.338451 -1.535743 -6.391512 1.520238 -0.094383 -2.001948
  time 11
    0 0.000000 -0.533203 19.828125 1.570795 0.000003 -0.000003
    1 0.000005 3.345128 -2.981903 1.570790 0.082485 1.570789
    2 4.018331 0.000000 0.000000 -0.613140 -0.066670 0.045925
    3 3.518564 0.000000 0.000000 -0.131224 -0.042413 0.157577
    4 8.942642 0.000000 0.000000 -0.412296 -0.015364 0.273399
    5 3.307269 0.000000 -0.000004 -2.940265 -0.130086 0.387319
    6 3.593710 -0.000001 -0.000004 0.896989 -0.033449 0.621268
    7 1.999994 -3.000001 0.000004 -1.570800 -0.000007 -1.326410
    8 2.033349 1.000771 -1.937607 -1.688728 1.147837 2.790133
    9 6.028143 0.000002 -0.000004 1.638089 0.055868 -0.742544
    10 11.692545 0.000000 0.000000 0.017570 -0.247086 -1.045572
    11 11.481701 0.000000 0.000000 -1.614225 -0.176776 -0.211986
    12 2.676086 -1.712440 0.000000 -1.570753 -0.000007 -1.570752
    13 2.033341 1.000767 1.937660 0.294931 -1.313958 -2.508565
    14 6.028140 0.000002 0.000000 -1.769099 -0.486621 -0.182824
    15 11.692553 0.000000 0.000011 -0.164179 0.726707 -1.403276
    16 11.481667 0.000000 -0.000031 0.832526 -0.014268 -0.151440
    17 2.676086 -1.712440 0.000004 1.570753 0.000007 1.570752
    18 -3.890452 0.000004 0.000004 -1.570797 0.229027 -1.576018
    19 17.848171 0.000000 0.000004 0.000000 0.000000 1.661808
    20 16.525251 0.000000 0.000004 0.038610 0.040778 -1.043418
    21 6.879454 0.000000 0.000008 -0.081332 -0.002951 -0.584373
    22 3.890452 -0.000004 -0.000004 -1.570795 -1.373850 -1.565555
    23 17.848175 0.000000 -0.000004 0.000000 0.000000 1.994689
    24 16.525246 0.000000 0.000004 -0.027915 -0.040781 -1.744128
    25 6.879452 0.000000 0.000000 -0.005219 -0.002811 -0.539668
    26 3.859703 -0.142403 -1.191975 -0.479143 0.152189 -0.879872
    27 1.312565 0.000001 0.000004 0.000000 0.009664 -0.439719
    28 0.729362 0.000002 0.000004 -0.028976 0.117245 -0.451386
    29 3.942326 0.046774 -0.431438 -0.155011 0.073329 -0.810646
    30 1.539093 0.000001 0.000000 0.041407 0.089644 -0.699058
    31 1.196320 -0.000001 0.000004 -0.000002 0.007360 -0.430801
    32 3.883686 -0.046767 0.431446 0.812670 -0.191549 -1.550266
    33 1.719570 0.000002 0.000004 0.194938 -0.171308 -0.606847
    34 1.209183 -0.000001 -0.000004 0.409190 -0.306121 -0.737508
    35 3.859859 -0.137950 1.332462 0.716033 -0.200230 -1.353927
    36 1.719429 0.000002 0.000000 -0.000001 0.004072 -0.363008
    37 1.099670 0.000001 0.000004 0.133914 -0.229713 -0.543027
    38 0.806049 -0.348922 1.321259 -1.148537 -0.413342 -0.685814
    39 1.789787 0.000000 0.000004 0.143112 0.004764 0.680910
    40 1.207001 0.000000 -0.000004 -0.238537 -0.328319 0.202547
    41 3.859665 -0.132565 1.193108 0.479138 -0.158546 -0.879039
    42 1.312561 0.000000 0.000000 0.000000 -0.011932 -0.439671
    43 0.729366 0.000002 0.000000 0.000002 -0.006134 -0.244270
    44 3.942291 0.050330 0.431042 -0.174164 0.127577 -1.207787
    45 1.539097 0.000003 0.000000 0.000000 -0.005853 -0.247769
    46 1.196320 0.000000 0.000000 0.004942 -0.275387 -1.121008
    47 3.883648 -0.050325 -0.431044 -0.040059 -0.165983 -1.257799
    48 1.719574 -0.000005 0.000000 0.366781 -0.096847 -2.862813
    49 1.209183 -0.000001 0.000000 0.000001 -0.004461 -0.216376
    50 3.859825 -0.148935 -1.331284 -0.354417 0.038566 -0.532000
    51 1.719425 0.000000 0.000000 0.089602 0.216058 -1.899362
    52 1.099663 0.000000 0.000000 0.000002 -0.004208 -0.244311
    53 0.806015 -0.359835 -1.318335 0.934008 0.297777 -0.930652
    54 1.789780 0.000001 0.000000 0.009096 -0.315147 0.639492
    55 1.207001 0.000000 0.000004 0.000381 -0.070245 0.716387
    56 2.338451 -1.535743 -6.391512 1.520238 -0.094383 -2.001948
  time 12
    0 0.000000 -0.533203 19.828125 1.570795 0.000003 -0.000003
    1 0.000005 3.345128 -2.981903 1.570790 0.081850 1.570789
    2 4.018331 0.000000 0.000000 -0.613140 -0.066670 0.045925
    3 3.518564 0.000000 0.000000 -0.131224 -0.042413 0.157577
    4 8.942642 0.000000 0.000000 -0.412360 -0.015628 0.273691
    5 3.307269 0.000000 -0.000004 -2.940265 -0.130086 0.387319
    6 3.593710 -0.000001 -0.000004 0.896897 -0.034971 0.622464
    7 1.999994 -3.000001 0.000004 -1.570753 -0.000007 -1.326410
    8 2.033349 1.000771 -1.937607 -1.688728 1.147837 2.790133
    9 6.028143 0.000002 -0.000004 1.633402 0.058327 -0.749682
    10 11.692545 0.000000 0.000000 0.016252 -0.245564 -1.048269
    11 11.481701 0.000000 0.000000 -1.615735 -0.174178 -0.214193
    12 2.676086 -1.712440 0.000000 -1.570753 -0.000007 -1.570752
    13 2.033341 1.000767 1.937660 0.294931 -1.313958 -2.508565
    14 6.028140 0.000002 0.000000 -1.769800 -0.485811 -0.182121
    15 11.692553 0.000000 0.000011 -0.164765 0.726839 -1.403276
    16 11.481667 0.000000 -0.000031 0.832526 -0.014268 -0.151440
    17 2.676086 -1.712440 0.000004 1.570753 0.000007 1.570752
    18 -3.890452 0.000004 0.000004 -1.570797 0.229027 -1.576018
    19 17.848171 0.000000 0.000004 0.000000 0.000000 1.661808
    20 16.525251 0.000000 0.000004 0.038610 0.040778 -1.043418
    21 6.879454 0.000000 0.000008 -0.081332 -0.002951 -0.584373
    22 3.890452 -0.000004 -0.000004 -1.570795 -1.373850 -1.565555
    23 17.848175 0.000000 -0.000004 0.000000 0.000000 1.994689
    24 16.525246 0.000000 0.000004 -0.027915 -0.040781 -1.744128
    25 6.879452 0.000000 0.000000 -0.005219 -0.002811 -0.539668
    26 3.859703 -0.142403 -1.191975 -0.479143 0.152189 -0.879872
    27 1.312565 0.000001 0.000004 0.000000 0.009664 -0.439719
    28 0.729362 0.000002 0.000004 -0.028976 0.117245 -0.451386
    29 3.942326 0.046774 -0.431438 -0.155011 0.073329 -0.810646
    30 1.539093 0.000001 0.000000 0.041407 0.089644 -0.699058
    31 1.196320 -0.000001 0.000004 -0.000002 0.007360 -0.430801
    32 3.883686 -0.046767 0.431446 0.812670 -0.191549 -1.550266
    33 1.719570 0.000002 0.000004 0.194938 -0.171308 -0.606847
    34 1.209183 -0.000001 -0.000004 0.409190 -0.306121 -0.737508
    35 3.859859 -0.137950 1.332462 0.716033 -0.200230 -1.353927
    36 1.719429 0.000002 0.000000 -0.000001 0.004072 -0.363008
    37 1.099670 0.000001 0.000004 0.133914 -0.229713 -0.543027
    38 0.806049 -0.348922 1.321259 -1.148537 -0.413342 -0.685814
    39 1.789787 0.000000 0.000004 0.143112 0.004764 0.680910
    40 1.207001 0.000000 -0.000004 -0.238537 -0.328319 0.202547
    41 3.859665 -0.132565 1.193108 0.479138 -0.158546 -0.879039
    42 1.312561 0.000000 0.000000 0.000000 -0.011932 -0.439671
    43 0.729366 0.000002 0.000000 0.000002 -0.006134 -0.244270
    44 3.942291 0.050330 0.431042 -0.174164 0.127577 -1.207787
    45 1.539097 0.000003 0.000000 0.000000 -0.005853 -0.247769
    46 1.196320 0.000000 0.000000 0.004942 -0.275387 -1.121008
    47 3.883648 -0.050325 -0.431044 -0.040059 -0.165983 -1.257799
    48 1.719574 -0.000005 0.000000 0.366781 -0.096847 -2.862900
    49 1.209183 -0.000001 0.000000 0.000001 -0.004461 -0.216376
    50 3.859825 -0.148935 -1.331284 -0.354417 0.038566 -0.532000
    51 1.719425 0.000000 0.000000 0.089602 0.216058 -1.899362
    52 1.099663 0.000000 0.000000 0.000002 -0.004208 -0.244311
    53 0.806015 -0.359835 -1.318335 0.934008 0.297777 -0.930652
    54 1.789780 0.000001 0.000000 0.009096 -0.315147 0.639492
    55 1.207001 0.000000 0.000004 0.000381 -0.070245 0.716387
    56 2.338451 -1.535743 -6.391512 1.520238 -0.094383 -2.001948
  time 13
    0 0.000000 -0.533203 19.828125 1.570795 0.000003 -0.000003
    1 0.000005 3.345128 -2.981903 1.570790 0.081190 1.570789
    2 4.018331 0.000000 0.000000 -0.613140 -0.066670 0.045925
    3 3.518564 0.000000 0.000000 -0.131224 -0.042413 0.157577
    4 8.942642 0.000000 0.000000 -0.412436 -0.015904 0.273998
    5 3.307269 0.000000 -0.000004 -2.940265 -0.130086 0.387319
    6 3.593710 -0.000001 -0.000004 0.896805 -0.036553 0.623696
    7 1.999994 -3.000001 0.000004 -1.570753 -0.000007 -1.326410
    8 2.033349 1.000771 -1.937607 -1.688728 1.147837 2.790133
    9 6.028143 0.000002 -0.000004 1.628531 0.060925 -0.757209
    10 11.692545 0.000000 0.000000 0.014862 -0.243958 -1.051031
    11 11.481701 0.000000 0.000000 -1.617408 -0.171422 -0.216498
    12 2.676086 -1.712440 0.000000 -1.570753 -0.000007 -1.570752
    13 2.033341 1.000767 1.937660 0.294931 -1.313958 -2.508565
    14 6.028140 0.000002 0.000000 -1.770619 -0.484934 -0.181380
    15 11.692553 0.000000 0.000011 -0.165394 0.726972 -1.403206
    16 11.481667 0.000000 -0.000031 0.832526 -0.014268 -0.151440
    17 2.676086 -1.712440 0.000004 1.570753 0.000007 1.570752
    18 -3.890452 0.000004 0.000004 -1.570797 0.229027 -1.576018
    19 17.848171 0.000000 0.000004 0.000000 0.000000 1.661808
    20 16.525251 0.000000 0.000004 0.038610 0.040778 -1.043418
    21 6.879454 0.000000 0.000008 -0.081332 -0.002951 -0.584373
    22 3.890452 -0.000004 -0.000004 -1.570795 -1.373850 -1.565555
    23 17.848175 0.000000 -0.000004 0.000000 0.000000 1.994689
    24 16.525246 0.000000 0.000004 -0.027915 -0.040781 -1.744128
    25 6.879452 0.000000 0.000000 -0.005219 -0.002811 -0.539668
    26 3.859703 -0.142403 -1.191975 -0.479143 0.152189 -0.879872
    27 1.312565 0.000001 0.000004 0.000000 0.009664 -0.439719
    28 0.729362 0.000002 0.000004 -0.028976 0.117245 -0.451386
    29 3.942326 0.046774 -0.431438 -0.155011 0.073329 -0.810646
    30 1.539093 0.000001 0.000000 0.041407 0.089644 -0.699058
    31 1.196320 -0.000001 0.000004 -0.000002 0.007360 -0.430801
    32 3.883686 -0.046767 0.431446 0.812670 -0.191549 -1.550266
    33 1.719570 0.000002 0.000004 0.194938 -0.171308 -0.606847
    34 1.209183 -0.000001 -0.000004 0.409190 -0.306121 -0.737508
    35 3.859859 -0.137950 1.332462 0.716033 -0.200230 -1.353927
    36 1.719429 0.000002 0.000000 -0.000001 0.004072 -0.363008
    37 1.099670 0.000001 0.000004 0.133914 -0.229713 -0.543027
    38 0.806049 -0.348922 1.321259 -1.148537 -0.413342 -0.685814
    39 1.789787 0.000000 0.000004 0.143112 0.004764 0.680910
    40 1.207001 0.000000 -0.000004 -0.238537 -0.328319 0.202547
    41 3.859665 -0.132565 1.193108 0.479138 -0.158546 -0.879039
    42 1.312561 0.000000 0.000000 0.000000 -0.011932 -0.439671
    43 0.729366 0.000002 0.000000 0.000002 -0.006134 -0.244270
    44 3.942291 0.050330 0.431042 -0.174164 0.127577 -1.207787
    45 1.539097 0.000003 0.000000 0.000000 -0.005853 -0.247769
    46 1.196320 0.000000 0.000000 0.004942 -0.275387 -1.121008
    47 3.883648 -0.050325 -0.431044 -0.040059 -0.165983 -1.257799
    48 1.719574 -0.000005 0.000000 0.366781 -0.096847 -2.862813
    49 1.209183 -0.000001 0.000000 0.000001 -0.004461 -0.216376
    50 3.859825 -0.148935 -1.331284 -0.354417 0.038566 -0.532000
    51 1.719425 0.000000 0.000000 0.089602 0.216058 -1.899362
    52 1.099663 0.000000 0.000000 0.000002 -0.004208 -0.244311
    53 0.806015 -0.359835 -1.318335 0.934008 0.297777 -0.930652
    54 1.789780 0.000001 0.000000 0.009096 -0.315147 0.639492
    55 1.207001 0.000000 0.000004 0.000381 -0.070245 0.716387
    56 2.338451 -1.535743 -6.391512 1.520238 -0.094383 -2.001948
  time 14
    0 0.000000 -0.533203 19.828125 1.570795 0.000003 -0.000003
    1 0.000005 3.345128 -2.981903 1.570790 0.080507 1.570789
    2 4.018331 0.000000 0.000000 -0.613140 -0.066670 0.045925
    3 3.518564 0.000000 0.000000 -0.131224 -0.042413 0.157577
    4 8.942642 0.000000 0.000000 -0.412512 -0.016191 0.274336
    5 3.307269 0.000000 -0.000004 -2.940265 -0.130086 0.387319
    6 3.593710 -0.000001 -0.000004 0.896713 -0.038207 0.624998
    7 1.999994 -3.000001 0.000004 -1.570753 -0.000007 -1.326410
    8 2.033349 1.000771 -1.937607 -1.688820 1.147837 2.790133
    9 6.028143 0.000002 -0.000004 1.623384 0.063627 -0.765055
    10 11.692545 0.000000 0.000000 0.013412 -0.242269 -1.053991
    11 11.481701 0.000000 0.000000 -1.619080 -0.168571 -0.218950
    12 2.676086 -1.712440 0.000000 -1.570753 -0.000007 -1.570752
    13 2.033341 1.000767 1.937660 0.294931 -1.313958 -2.508565
    14 6.028140 0.000002 0.000000 -1.771379 -0.484023 -0.180599
    15 11.692553 0.000000 0.000011 -0.166023 0.727137 -1.403136
    16 11.481667 0.000000 -0.000031 0.832526 -0.014268 -0.151440
    17 2.676086 -1.712440 0.000004 1.570753 0.000007 1.570752
    18 -3.890452 0.000004 0.000004 -1.570797 0.229027 -1.576018
    19 17.848171 0.000000 0.000004 0.000000 0.000000 1.661808
    20 16.525251 0.000000 0.000004 0.038610 0.040778 -1.043418
    21 6.879454 0.000000 0.000008 -0.081332 -0.002951 -0.584373
    22 3.890452 -0.000004 -0.000004 -1.570795 -1.373850 -1.565555
    23 17.848175 0.000000 -0.000004 0.000000 0.000000 1.994689
    24 16.525246 0.000000 0.000004 -0.027915 -0.040781 -1.744128
    25 6.879452 0.000000 0.000000 -0.005219 -0.002811 -0.539668
    26 3.859703 -0.142403 -1.191975 -0.479143 0.152189 -0.879872
    27 1.312565 0.000001 0.000004 0.000000 0.009664 -0.439719
    28 0.729362 0.000002 0.000004 -0.028976 0.117245 -0.451386
    29 3.942326 0.046774 -0.431438 -0.155011 0.073329 -0.810646
    30 1.539093 0.000001 0.000000 0.041407 0.089644 -0.699058
    31 1.196320 -0.000001 0.000004 -0.000002 0.007360 -0.430801
    32 3.883686 -0.046767 0.431446 0.812670 -0.191549 -1.550266
    33 1.719570 0.000002 0.000004 0.194938 -0.171308 -0.606847
    34 1.209183 -0.000001 -0.000004 0.409190 -0.306121 -0.737508
    35 3.859859 -0.137950 1.332462 0.716033 -0.200230 -1.353927
    36 1.719429 0.000002 0.000000 -0.000001 0.004072 -0.363008
    37 1.099670 0.000001 0.000004 0.133914 -0.229713 -0.543027
    38 0.806049 -0.348922 1.321259 -1.148537 -0.413342 -0.685814
    39 1.789787 0.000000 0.000004 0.143112 0.004764 0.680910
    40 1.207001 0.000000 -0.000004 -0.238537 -0.328319 0.202547
    41 3.859665 -0.132565 1.193108 0.479138 -0.158546 -0.879039
    42 1.312561 0.000000 0.000000 0.000000 -0.011932 -0.439671
    43 0.729366 0.000002 0.000000 0.000002 -0.006134 -0.244270
    44 3.942291 0.050330 0.431042 -0.174164 0.127577 -1.207787
    45 1.539097 0.000003 0.000000 0.000000 -0.005853 -0.247769
    46 1.196320 0.000000 0.000000 0.004942 -0.275387 -1.121008
    47 3.883648 -0.050325 -0.431044 -0.040059 -0.165983 -1.257799
    48 1.719574 -0.000005 0.000000 0.366781 -0.096847 -2.862813
    49 1.209183 -0.000001 0.000000 0.000001 -0.004461 -0.216376
    50 3.859825 -0.148935 -1.331284 -0.354417 0.038566 -0.532000
    51 1.719425 0.000000 0.000000 0.089602 0.216058 -1.899420
    52 1.099663 0.000000 0.000000 0.000002 -0.004208 -0.244311
    53 0.806015 -0.359835 -1.318335 0.934008 0.297777 -0.930652
    54 1.789780 0.000001 0.000000 0.009096 -0.315147 0.639492
    55 1.207001 0.000000 0.000004 0.000381 -0.070245 0.716387
    56 2.338451 -1.535743 -6.391512 1.520238 -0.094383 -2.001948
  time 15
    0 0.000000 -0.533203 19.828125 1.570795 0.000003 -0.000003
    1 0.000005 3.345128 -2.981903 1.570790 0.079800 1.570789
    2 4.018331 0.000000 0.000000 -0.613140 -0.066670 0.045925
    3 3.518564 0.000000 0.000000 -0.131224 -0.042413 0.157577
    4 8.942642 0.000000 0.000000 -0.412589 -0.016491 0.274659
    5 3.307269 0.000000 -0.000004 -2.940265 -0.130086 0.387319
    6 3.593710 -0.000001 -0.000004 0.896621 -0.039909 0.626335
    7 1.999994 -3.000001 0.000004 -1.570753 -0.000007 -1.326410
    8 2.033349 1.000771 -1.937607 -1.688728 1.147837 2.790133
    9 6.028143 0.000002 -0.000004 1.617962 0.066452 -0.773253
    10 11.692545 0.000000 0.000000 0.011914 -0.240519 -1.057016
    11 11.481701 0.000000 0.000000 -1.620861 -0.165593 -0.221452
    12 2.676086 -1.712440 0.000000 -1.570753 -0.000007 -1.570752
    13 2.033341 1.000767 1.937660 0.294931 -1.313958 -2.508565
    14 6.028140 0.000002 0.000000 -1.772256 -0.483113 -0.179819
    15 11.692553 0.000000 0.000011 -0.166695 0.727270 -1.403066
    16 11.481667 0.000000 -0.000031 0.832526 -0.014268 -0.151440
    17 2.676086 -1.712440 0.000004 1.570753 0.000007 1.570752
    18 -3.890452 0.000004 0.000004 -1.570797 0.229027 -1.576018
    19 17.848171 0.000000 0.000004 0.000000 0.000000 1.661808
    20 16.525251 0.000000 0.000004 0.038610 0.040778 -1.043418
    21 6.879454 0.000000 0.000008 -0.081332 -0.002951 -0.584373
    22 3.890452 -0.000004 -0.000004 -1.570795 -1.373850 -1.565555
    23 17.848175 0.000000 -0.000004 0.000000 0.000000 1.994689
    24 16.525246 0.000000 0.000004 -0.027915 -0.040781 -1.744128
    25 6.879452 0.000000 0.000000 -0.005219 -0.002811 -0.539668
    26 3.859703 -0.142403 -1.191975 -0.479143 0.152189 -0.879872
    27 1.312565 0.000001 0.000004 0.000000 0.009664 -0.439719
    28 0.729362 0.000002 0.000004 -0.028976 0.117245 -0.451386
    29 3.942326 0.046774 -0.431438 -0.155011 0.073329 -0.810646
    30 1.539093 0.000001 0.000000 0.041407 0.089644 -0.699058
    31 1.196320 -0.000001 0.000004 -0.000002 0.007360 -0.430801
    32 3.883686 -0.046767 0.431446 0.812670 -0.191549 -1.550266
    33 1.719570 0.000002 0.000004 0.194938 -0.171308 -0.606847
    34 1.209183 -0.000001 -0.000004 0.409190 -0.306121 -0.737508
    35 3.859859 -0.137950 1.332462 0.716033 -0.200230 -1.353927
    36 1.719429 0.000002 0.000000 -0.000001 0.004072 -0.363008
    37 1.099670 0.000001 0.000004 0.133914 -0.229713 -0.543027
    38 0.806049 -0.348922 1.321259 -1.148537 -0.413342 -0.685814
    39 1.789787 0.000000 0.000004 0.143112 0.004764 0.680910
    40 1.207001 0.000000 -0.000004 -0.238537 -0.328319 0.202547
    41 3.859665 -0.132565 1.193108 0.479138 -0.158546 -0.879039
    42 1.312561 0.000000 0.000000 0.000000 -0.011932 -0.439671
    43 0.729366 0.000002 0.000000 0.000002 -0.006134 -0.244270
    44 3.942291 0.050330 0.431042 -0.174164 0.127577 -1.207787
    45 1.539097 0.000003 0.000000 0.000000 -0.005853 -0.247769
    46 1.196320 0.000000 0.000000 0.004942 -0.275387 -1.121008
    47 3.883648 -0.050325 -0.431044 -0.040059 -0.165983 -1.257799
    48 1.719574 -0.000005 0.000000 0.366781 -0.096847 -2.862813
    49 1.209183 -0.000001 0.000000 0.000001 -0.004461 -0.216376
    50 3.859825 -0.148935 -1.331284 -0.354417 0.038566 -0.532000
    51 1.719425 0.000000 0.000000 0.089602 0.216058 -1.899362
    52 1.099663 0.000000 0.000000 0.000002 -0.004208 -0.244311
    53 0.806015 -0.359835 -1.318335 0.934008 0.297777 -0.930652
    54 1.789780 0.000001 0.000000 0.009096 -0.315147 0.639492
    55 1.207001 0.000000 0.000004 0.000381 -0.070245 0.716387
    56 2.338451 -1.535743 -6.391512 1.520238 -0.094383 -2.001948
  time 16
    0 0.000000 -0.533203 19.828125 1.570795 0.000003 -0.000003
    1 0.000005 3.345128 -2.981903 1.570790 0.079069 1.570789
    2 4.018331 0.000000 0.000000 -0.613140 -0.066670 0.045925
    3 3.518564 0.000000 0.000000 -0.131224 -0.042413 0.157577
    4 8.942642 0.000000 0.000000 -0.412678 -0.016802 0.275012
    5 3.307269 0.000000 -0.000004 -2.940265 -0.130086 0.387319
    6 3.593710 -0.000001 -0.000004 0.896529 -0.041670 0.627707
    7 1.999994 -3.000001 0.000004 -1.570753 -0.000007 -1.326410
    8 2.033349 1.000771 -1.937607 -1.688728 1.147837 2.790133
    9 6.028143 0.000002 -0.000004 1.612448 0.069382 -0.781699
    10 11.692545 0.000000 0.000000 0.010356 -0.238709 -1.060239
    11 11.481701 0.000000 0.000000 -1.622695 -0.162489 -0.224051
    12 2.676086 -1.712440 0.000000 -1.570753 -0.000007 -1.570752
    13 2.033341 1.000767 1.937660 0.294931 -1.313958 -2.508565
    14 6.028140 0.000002 0.000000 -1.773074 -0.482135 -0.178999
    15 11.692553 0.000000 0.000011 -0.167367 0.727435 -1.403066
    16 11.481667 0.000000 -0.000031 0.832526 -0.014268 -0.151440
    17 2.676086 -1.712440 0.000004 1.570753 0.000007 1.570752
    18 -3.890452 0.000004 0.000004 -1.570797 0.229027 -1.576018
    19 17.848171 0.000000 0.000004 0.000000 0.000000 1.661808
    20 16.525251 0.000000 0.000004 0.038610 0.040778 -1.043418
    21 6.879454 0.000000 0.000008 -0.081332 -0.002951 -0.584373
    22 3.890452 -0.000004 -0.000004 -1.570795 -1.373850 -1.565555
    23 17.848175 0.000000 -0.000004 0.000000 0.000000 1.994689
    24 16.525246 0.000000 0.000004 -0.027915 -0.040781 -1.744128
    25 6.879452 0.000000 0.000000 -0.005219 -0.002811 -0.539668
    26 3.859703 -0.142403 -1.191975 -0.479143 0.152189 -0.879872
    27 1.312565 0.000001 0.000004 0.000000 0.009664 -0.439719
    28 0.729362 0.000002 0.000004 -0.028976 0.117245 -0.451386
    29 3.942326 0.046774 -0.431438 -0.155011 0.073329 -0.810646
    30 1.539093 0.000001 0.000000 0.041407 0.089644 -0.699058
    31 1.196320 -0.000001 0.000004 -0.000002 0.007360 -0.430801
    32 3.883686 -0.046767 0.431446 0.812670 -0.191549 -1.550266
    33 1.719570 0.000002 0.000004 0.194938 -0.171308 -0.606847
    34 1.209183 -0.000001 -0.000004 0.409190 -0.306121 -0.737508
    35 3.859859 -0.137950 1.332462 0.716033 -0.200230 -1.353927
    36 1.719429 0.000002 0.000000 -0.000001 0.004072 -0.363008
    37 1.099670 0.000001 0.000004 0.133914 -0.229713 -0.543027
    38 0.806049 -0.348922 1.321259 -1.148537 -0.413342 -0.685814
    39 1.789787 0.000000 0.000004 0.143112 0.004764 0.680910
    40 1.207001 0.000000 -0.000004 -0.238537 -0.328319 0.202547
    41 3.859665 -0.132565 1.193108 0.479138 -0.158546 -0.879039
    42 1.312561 0.000000 0.000000 0.000000 -0.011932 -0.439671
    43 0.729366 0.000002 0.000000 0.000002 -0.006134 -0.244270
    44 3.942291 0.050330 0.431042 -0.174164 0.127577 -1.207787
    45 1.539097 0.000003 0.000000 0.000000 -0.005853 -0.247769
    46 1.196320 0.000000 0.000000 0.004942 -0.275387 -1.121008
    47 3.883648 -0.050325 -0.431044 -0.040059 -0.165983 -1.257799
    48 1.719574 -0.000005 0.000000 0.366781 -0.096847 -2.862813
    49 1.209183 -0.000001 0.000000 0.000001 -0.004461 -0.216376
    50 3.859825 -0.148935 -1.331284 -0.354417 0.038566 -0.532000
    51 1.719425 0.000000 0.000000 0.089602 0.216058 -1.899362
    52 1.099663 0.000000 0.000000 0.000002 -0.004208 -0.244311
    53 0.806015 -0.359835 -1.318335 0.934008 0.297777 -0.930652
    54 1.789780 0.000001 0.000000 0.009096 -0.315147 0.639492
    55 1.207001 0.000000 0.000004 0.000381 -0.070245 0.716387
    56 2.338451 -1.535743 -6.391512 1.520238 -0.094383 -2.001948
  time 17
    0 0.000000 -0.533203 19.828125 1.570795 0.000003 -0.000003
    1 0.000005 3.345128 -2.981903 1.570790 0.078314 1.570789
    2 4.018331 0.000000 0.000000 -0.613140 -0.066670 0.045925
    3 3.518564 0.000000 0.000000 -0.131224 -0.042413 0.157577
    4 8.942642 0.000000 0.000000 -0.412755 -0.017114 0.275351
    5 3.307269 0.000000 -0.000004 -2.940265 -0.130086 0.387319
    6 3.593710 -0.000001 -0.000004 0.896437 -0.043456 0.629115
    7 1.999994 -3.000001 0.000004 -1.570800 -0.000007 -1.326410
    8 2.033349 1.000771 -1.937607 -1.688728 1.147837 2.790133
    9 6.028143 0.000002 -0.000004 1.606659 0.072381 -0.790428
    10 11.692545 0.000000 0.000000 0.008750 -0.236851 -1.063462
    11 11.481701 0.000000 0.000000 -1.624583 -0.159321 -0.226749
    12 2.676086 -1.712440 0.000000 -1.570753 -0.000007 -1.570752
    13 2.033341 1.000767 1.937660 0.294931 -1.313958 -2.508565
    14 6.028140 0.000002 0.000000 -1.773951 -0.481156 -0.178141
    15 11.692553 0.000000 0.000011 -0.168061 0.727568 -1.402996
    16 11.481667 0.000000 -0.000031 0.832526 -0.014268 -0.151440
    17 2.676086 -1.712440 0.000004 1.570753 0.000007 1.570752
    18 -3.890452 0.000004 0.000004 -1.570797 0.229027 -1.576018
    19 17.848171 0.000000 0.000004 0.000000 0.000000 1.661808
    20 16.525251 0.000000 0.000004 0.038610 0.040778 -1.043418
    21 6.879454 0.000000 0.000008 -0.081332 -0.002951 -0.584373
    22 3.890452 -0.000004 -0.000004 -1.570795 -1.373850 -1.565555
    23 17.848175 0.000000 -0.000004 0.000000 0.000000 1.994689
    24 16.525246 0.000000 0.000004 -0.027915 -0.040781 -1.744128
    25 6.879452 0.000000 0.000000 -0.005219 -0.002811 -0.539668
    26 3.859703 -0.142403 -1.191975 -0.479143 0.152189 -0.879872
    27 1.312565 0.000001 0.000004 0.000000 0.009664 -0.439719
    28 0.729362 0.000002 0.000004 -0.028976 0.117245 -0.451386
    29 3.942326 0.046774 -0.431438 -0.155011 0.073329 -0.810646
    30 1.539093 0.000001 0.000000 0.041407 0.089644 -0.699058
    31 1.196320 -0.000001 0.000004 -0.000002 0.007360 -0.430801
    32 3.883686 -0.046767 0.431446 0.812670 -0.191549 -1.550266
    33 1.719570 0.000002 0.000004 0.194938 -0.171308 -0.606847
    34 1.209183 -0.000001 -0.000004 0.409190 -0.306121 -0.737508
    35 3.859859 -0.137950 1.332462 0.716033 -0.200230 -1.353927
    36 1.719429 0.000002 0.000000 -0.000001 0.004072 -0.363008
    37 1.099670 0.000001 0.000004 0.133914 -0.229713 -0.543027
    38 0.806049 -0.348922 1.321259 -1.148537 -0.413342 -0.685814
    39 1.789787 0.000000 0.000004 0.143112 0.004764 0.680910
    40 1.207001 0.000000 -0.000004 -0.238537 -0.328319 0.202547
    41 3.859665 -0.132565 1.193108 0.479138 -0.158546 -0.879039
    42 1.312561 0.000000 0.000000 0.000000 -0.011932 -0.439671
    43 0.729366 0.000002 0.000000 0.000002 -0.006134 -0.244270
    44 3.942291 0.050330 0.431042 -0.174164 0.127577 -1.207787
    45 1.539097 0.000003 0.000000 0.000000 -0.005853 -0.247769
    46 1.196320 0.000000 0.000000 0.004942 -0.275387 -1.121008
    47 3.883648 -0.050325 -0.431044 -0.040059 -0.165983 -1.257799
    48 1.719574 -0.000005 0.000000 0.366781 -0.096847 -2.862813
    49 1.209183 -0.000001 0.000000 0.000001 -0.004461 -0.216376
    50 3.859825 -0.148935 -1.331284 -0.354417 0.038566 -0.532000
    51 1.719425 0.000000 0.000000 0.089602 0.216058 -1.899362
    52 1.099663 0.000000 0.000000 0.000002 -0.004208 -0.244311
    53 0.806015 -0.359835 -1.318335 0.934008 0.297777 -0.930652
    54 1.789780 0.000001 0.000000 0.009096 -0.315147 0.639492
    55 1.207001 0.000000 0.000004 0.000381 -0.070245 0.716387
    56 2.338451 -1.535743 -6.391512 1.520238 -0.094383 -2.001948
  time 18
    0 0.000000 -0.533203 19.828125 1.570795 0.000003 -0.000003
    1 0.000005 3.345128 -2.981903 1.570790 0.077559 1.570789
    2 4.018331 0.000000 0.000000 -0.613140 -0.066670 0.045925
    3 3.518564 0.000000 0.000000 -0.131224 -0.042413 0.157577
    4 8.942642 0.000000 0.000000 -0.412844 -0.017426 0.275719
    5 3.307269 0.000000 -0.000004 -2.940265 -0.130086 0.387319
    6 3.593710 -0.000001 -0.000004 0.896345 -0.045278 0.630558
    7 1.999994 -3.000001 0.000004 -1.570800 -0.000007 -1.326410
    8 2.033349 1.000771 -1.937607 -1.688728 1.147837 2.790133
    9 6.028143 0.000002 -0.000004 1.600869 0.075450 -0.799334
    10 11.692545 0.000000 0.000000 0.007108 -0.234946 -1.066816
    11 11.481701 0.000000 0.000000 -1.626471 -0.156090 -0.229495
    12 2.676086 -1.712440 0.000000 -1.570753 -0.000007 -1.570752
    13 2.033341 1.000767 1.937660 0.294931 -1.313958 -2.508565
    14 6.028140 0.000002 0.000000 -1.774886 -0.480178 -0.177282
    15 11.692553 0.000000 0.000011 -0.168777 0.727734 -1.402926
    16 11.481667 0.000000 -0.000031 0.832526 -0.014268 -0.151440
    17 2.676086 -1.712440 0.000004 1.570753 0.000007 1.570752
    18 -3.890452 0.000004 0.000004 -1.570797 0.229027 -1.576018
    19 17.848171 0.000000 0.000004 0.000000 0.000000 1.661808
    20 16.525251 0.000000 0.000004 0.038610 0.040778 -1.043418
    21 6.879454 0.000000 0.000008 -0.081332 -0.002951 -0.584373
    22 3.890452 -0.000004 -0.000004 -1.570795 -1.373850 -1.565555
    23 17.848175 0.000000 -0.000004 0.000000 0.000000 1.994689
    24 16.525246 0.000000 0.000004 -0.027915 -0.040781 -1.744128
    25 6.879452 0.000000 0.000000 -0.005219 -0.002811 -0.539668
    26 3.859703 -0.142403 -1.191975 -0.479143 0.152189 -0.879872
    27 1.312565 0.000001 0.000004 0.000000 0.009664 -0.439719
    28 0.729362 0.000002 0.000004 -0.028976 0.117245 -0.451386
    29 3.942326 0.046774 -0.431438 -0.155011 0.073329 -0.810646
    30 1.539093 0.000001 0.000000 0.041407 0.089644 -0.699058
    31 1.196320 -0.000001 0.000004 -0.000002 0.007360 -0.430801
    32 3.883686 -0.046767 0.431446 0.812670 -0.191549 -1.550266
    33 1.719570 0.000002 0.000004 0.194938 -0.171308 -0.606847
    34 1.209183 -0.000001 -0.000004 0.409190 -0.306121 -0.737508
    35 3.859859 -0.137950 1.332462 0.716033 -0.200230 -1.353927
    36 1.719429 0.000002 0.000000 -0.000001 0.004072 -0.363008
    37 1.099670 0.000001 0.000004 0.133914 -0.229713 -0.543027
    38 0.806049 -0.348922 1.321259 -1.148537 -0.413342 -0.685814
    39 1.789787 0.000000 0.000004 0.143112 0.004764 0.680910
    40 1.207001 0.000000 -0.000004 -0.238537 -0.328319 0.202547
    41 3.859665 -0.132565 1.193108 0.479138 -0.158546 -0.879039
    42 1.312561 0.000000 0.000000 0.000000 -0.011932 -0.439671
    43 0.729366 0.000002 0.000000 0.000002 -0.006134 -0.244270
    44 3.942291 0.050330 0.431042 -0.174164 0.127577 -1.207787
    45 1.539097 0.000003 0.000000 0.000000 -0.005853 -0.247769
    46 1.196320 0.000000 0.000000 0.004942 -0.275387 -1.121008
    47 3.883648 -0.050325 -0.431044 -0.040059 -0.165983 -1.257799
    48 1.719574 -0.000005 0.000000 0.366781 -0.096847 -2.862813
    49 1.209183 -0.000001 0.000000 0.000001 -0.004461 -0.216376
    50 3.859825 -0.148935 -1.331284 -0.354417 0.038566 -0.532000
    51 1.719425 0.000000 0.000000 0.089602 0.216058 -1.899362
    52 1.099663 0.000000 0.000000 0.000002 -0.004208 -0.244311
    53 0.806015 -0.359835 -1.318335 0.934008 0.297777 -0.930652
    54 1.789780 0.000001 0.000000 0.009096 -0.315147 0.639492
    55 1.207001 0.000000 0.000004 0.000381 -0.070245 0.716387
    56 2.338451 -1.535743 -6.391512 1.520238 -0.094383 -2.001948
  time 19
    0 0.000000 -0.533203 19.828125 1.570795 0.000003 -0.000003
    1 0.000005 3.345128 -2.981903 1.570790 0.076792 1.570789
    2 4.018331 0.000000 0.000000 -0.613121 -0.066670 0.045925
    3 3.518564 0.000000 0.000000 -0.131224 -0.042413 0.157577
    4 8.942642 0.000000 0.000000 -0.412933 -0.017749 0.276073
    5 3.307269 0.000000 -0.000004 -2.940265 -0.130086 0.387319
    6 3.593710 -0.000001 -0.000004 0.896207 -0.047111 0.632000
    7 1.999994 -3.000001 0.000004 -1.570753 -0.000007 -1.326410
    8 2.033349 1.000771 -1.937607 -1.688728 1.147837 2.790133
    9 6.028143 0.000002 -0.000004 1.594895 0.078588 -0.808416
    10 11.692545 0.000000 0.000000 0.005442 -0.233004 -1.070171
    11 11.481701 0.000000 0.000000 -1.628467 -0.152763 -0.232291
    12 2.676086 -1.712440 0.000000 -1.570753 -0.000007 -1.570752
    13 2.033341 1.000767 1.937660 0.294931 -1.313958 -2.508565
    14 6.028140 0.000002 0.000000 -1.775763 -0.479166 -0.176424
    15 11.692553 0.000000 0.000011 -0.169471 0.727899 -1.402856
    16 11.481667 0.000000 -0.000031 0.832526 -0.014268 -0.151440
    17 2.676086 -1.712440 0.000004 1.570753 0.000007 1.570752
    18 -3.890452 0.000004 0.000004 -1.570797 0.229027 -1.576018
    19 17.848171 0.000000 0.000004 0.000000 0.000000 1.661808
    20 16.525251 0.000000 0.000004 0.038610 0.040778 -1.043418
    21 6.879454 0.000000 0.000008 -0.081332 -0.002951 -0.584373
    22 3.890452 -0.000004 -0.000004 -1.570795 -1.373850 -1.565555
    23 17.848175 0.000000 -0.000004 0.000000 0.000000 1.994689
    24 16.525246 0.000000 0.000004 -0.027915 -0.040781 -1.744128
    25 6.879452 0.000000 0.000000 -0.005219 -0.002811 -0.539668
    26 3.859703 -0.142403 -1.191975 -0.479143 0.152189 -0.879872
    27 1.312565 0.000001 0.000004 0.000000 0.009664 -0.439719
    28 0.729362 0.000002 0.000004 -0.028976 0.117245 -0.451386
    29 3.942326 0.046774 -0.431438 -0.155011 0.073329 -0.810646
    30 1.539093 0.000001 0.000000 0.041407 0.089644 -0.699058
    31 1.196320 -0.000001 0.000004 -0.000002 0.007360 -0.430801
    32 3.883686 -0.046767 0.431446 0.812670 -0.191549 -1.550266
    33 1.719570 0.000002 0.000004 0.194938 -0.171308 -0.606847
    34 1.209183 -0.000001 -0.000004 0.409190 -0.306121 -0.737508
    35 3.859859 -0.137950 1.332462 0.716033 -0.200230 -1.353927
    36 1.719429 0.000002 0.000000 -0.000001 0.004072 -0.363008
    37 1.099670 0.000001 0.000004 0.133914 -0.229713 -0.543027
    38 0.806049 -0.348922 1.321259 -1.148537 -0.413342 -0.685814
    39 1.789787 0.000000 0.000004 0.143112 0.004764 0.680910
    40 1.207001 0.000000 -0.000004 -0.238537 -0.328319 0.202547
    41 3.859665 -0.132565 1.193108 0.479138 -0.158546 -0.879039
    42 1.312561 0.000000 0.000000 0.000000 -0.011932 -0.439671
    43 0.729366 0.000002 0.000000 0.000002 -0.006134 -0.244270
    44 3.942291 0.050330 0.431042 -0.174164 0.127577 -1.207787
    45 1.539097 0.000003 0.000000 0.000000 -0.005853 -0.247769
    46 1.196320 0.000000 0.000000 0.004942 -0.275387 -1.121008
    47 3.883648 -0.050325 -0.431044 -0.040059 -0.165983 -1.257799
    48 1.719574 -0.000005 0.000000 0.366781 -0.096847 -2.862813
    49 1.209183 -0.000001 0.000000 0.000001 -0.004461 -0.216376
    50 3.859825 -0.148935 -1.331284 -0.354417 0.038566 -0.532000
    51 1.719425 0.000000 0.000000 0.089602 0.216058 -1.899362
    52 1.099663 0.000000 0.000000 0.000002 -0.004208 -0.244311
    53 0.806015 -0.359835 -1.318335 0.934008 0.297777 -0.930652
    54 1.789780 0.000001 0.000000 0.009096 -0.315147 0.639492
    55 1.207001 0.000000 0.000004 0.000381 -0.070245 0.716387
    56 2.338451 -1.535743 -6.391512 1.520238 -0.094383 -2.001948
  time 20
    0 0.000000 -0.533203 19.828125 1.570795 0.000003 -0.000003
    1 0.000005 3.345128 -2.981903 1.570790 0.076025 1.570789
    2 4.018331 0.000000 0.000000 -0.613121 -0.066670 0.045925
    3 3.518564 0.000000 0.000000 -0.131224 -0.042413 0.157577
    4 8.942642 0.000000 0.000000 -0.413009 -0.018073 0.276442
    5 3.307269 0.000000 -0.000004 -2.940265 -0.130086 0.387319
    6 3.593710 -0.000001 -0.000004 0.896115 -0.048957 0.633443
    7 1.999994 -3.000001 0.000004 -1.570800 -0.000007 -1.326410
    8 2.033349 1.000771 -1.937607 -1.688728 1.147837 2.790133
    9 6.028143 0.000002 -0.000004 1.588830 0.081762 -0.817604
    10 11.692545 0.000000 0.000000 0.003740 -0.231039 -1.073657
    11 11.481701 0.000000 0.000000 -1.630464 -0.149437 -0.235136
    12 2.676086 -1.712440 0.000000 -1.570753 -0.000007 -1.570752
    13 2.033341 1.000767 1.937660 0.294931 -1.313958 -2.508565
    14 6.028140 0.000002 0.000000 -1.776699 -0.478155 -0.175565
    15 11.692553 0.000000 0.000011 -0.170209 0.728065 -1.402786
    16 11.481667 0.000000 -0.000031 0.832526 -0.014268 -0.151440
    17 2.676086 -1.712440 0.000004 1.570753 0.000007 1.570752
    18 -3.890452 0.000004 0.000004 -1.570797 0.229027 -1.576018
    19 17.848171 0.000000 0.000004 0.000000 0.000000 1.661808
    20 16.525251 0.000000 0.000004 0.038610 0.040778 -1.043418
    21 6.879454 0.000000 0.000008 -0.081332 -0.002951 -0.584373
    22 3.890452 -0.000004 -0.000004 -1.570795 -1.373850 -1.565555
    23 17.848175 0.000000 -0.000004 0.000000 0.000000 1.994689
    24 16.525246 0.000000 0.000004 -0.027915 -0.040781 -1.744128
    25 6.879452 0.000000 0.000000 -0.005219 -0.002811 -0.539668
    26 3.859703 -0.142403 -1.191975 -0.479143 0.152189 -0.879872
    27 1.312565 0.000001 0.000004 0.000000 0.009664 -0.439719
    28 0.729362 0.000002 0.000004 -0.028976 0.117245 -0.451386
    29 3.942326 0.046774 -0.431438 -0.155011 0.073329 -0.810646
    30 1.539093 0.000001 0.000000 0.041407 0.089644 -0.699058
    31 1.196320 -0.000001 0.000004 -0.000002 0.007360 -0.430801
    32 3.883686 -0.046767 0.431446 0.812670 -0.191549 -1.550266
    33 1.719570 0.000002 0.000004 0.194938 -0.171308 -0.606847
    34 1.209183 -0.000001 -0.000004 0.409190 -0.306121 -0.737508
    35 3.859859 -0.137950 1.332462 0.716033 -0.200230 -1.353927
    36 1.719429 0.000002 0.000000 -0.000001 0.004072 -0.363008
    37 1.099670 0.000001 0.000004 0.133914 -0.229713 -0.543027
    38 0.806049 -0.348922 1.321259 -1.148537 -0.413342 -0.685814
    39 1.789787 0.000000 0.000004 0.143112 0.004764 0.680910
    40 1.207001 0.000000 -0.000004 -0.238537 -0.328319 0.202547
    41 3.859665 -0.132565 1.193108 0.479138 -0.158546 -0.879039
    42 1.312561 0.000000 0.000000 0.000000 -0.011932 -0.439671
    43 0.729366 0.000002 0.000000 0.000002 -0.006134 -0.244270
    44 3.942291 0.050330 0.431042 -0.174164 0.127577 -1.207787
    45 1.539097 0.000003 0.000000 0.000000 -0.005853 -0.247769
    46 1.196320 0.000000 0.000000 0.004942 -0.275387 -1.121008
    47 3.883648 -0.050325 -0.431044 -0.040059 -0.165983 -1.257799
    48 1.719574 -0.000005 0.000000 0.366781 -0.096847 -2.862900
    49 1.209183 -0.000001 0.000000 0.000001 -0.004461 -0.216376
    50 3.859825 -0.148935 -1.331284 -0.354417 0.038566 -0.532000
    51 1.719425 0.000000 0.000000 0.089602 0.216058 -1.899362
    52 1.099663 0.000000 0.000000 0.000002 -0.004208 -0.244311
    53 0.806015 -0.359835 -1.318335 0.934008 0.297777 -0.930652
    54 1.789780 0.000001 0.000000 0.009096 -0.315147 0.639492
    55 1.207001 0.000000 0.000004 0.000381 -0.070245 0.716387
    56 2.338451 -1.535743 -6.391512 1.520238 -0.094383 -2.001948
  time 21
    0 0.000000 -0.533203 19.828125 1.570795 0.000003 -0.000003
    1 0.000005 3.345128 -2.981903 1.570790 0.075258 1.570789
    2 4.018331 0.000000 0.000000 -0.613121 -0.066670 0.045925
    3 3.518564 0.000000 0.000000 -0.131224 -0.042413 0.157577
    4 8.942642 0.000000 0.000000 -0.413099 -0.018396 0.276795
    5 3.307269 0.000000 -0.000004 -2.940265 -0.130086 0.387319
    6 3.593710 -0.000001 -0.000004 0.896023 -0.050803 0.634886
    7 1.999994 -3.000001 0.000004 -1.570753 -0.000007 -1.326410
    8 2.033349 1.000771 -1.937607 -1.688728 1.147837 2.790133
    9 6.028143 0.000002 -0.000004 1.582764 0.084970 -0.826898
    10 11.692545 0.000000 0.000000 0.002026 -0.229049 -1.077077
    11 11.481701 0.000000 0.000000 -1.632460 -0.146047 -0.238030
    12 2.676086 -1.712440 0.000000 -1.570753 -0.000007 -1.570752
    13 2.033341 1.000767 1.937660 0.294931 -1.313958 -2.508565
    14 6.028140 0.000002 0.000000 -1.777576 -0.477176 -0.174706
    15 11.692553 0.000000 0.000011 -0.170924 0.728231 -1.402716
    16 11.481667 0.000000 -0.000031 0.832526 -0.014268 -0.151440
    17 2.676086 -1.712440 0.000004 1.570753 0.000007 1.570752
    18 -3.890452 0.000004 0.000004 -1.570797 0.229027 -1.576018
    19 17.848171 0.000000 0.000004 0.000000 0.000000 1.661808
    20 16.525251 0.000000 0.000004 0.038610 0.040778 -1.043418
    21 6.879454 0.000000 0.000008 -0.081332 -0.002951 -0.584373
    22 3.890452 -0.000004 -0.000004 -1.570795 -1.373850 -1.565555
    23 17.848175 0.000000 -0.000004 0.000000 0.000000 1.994689
    24 16.525246 0.000000 0.000004 -0.027915 -0.040781 -1.744128
    25 6.879452 0.000000 0.000000 -0.005219 -0.002811 -0.539668
    26 3.859703 -0.142403 -1.191975 -0.479143 0.152189 -0.879872
    27 1.312565 0.000001 0.000004 0.000000 0.009664 -0.439719
    28 0.729362 0.000002 0.000004 -0.028976 0.117245 -0.451386
    29 3.942326 0.046774 -0.431438 -0.155011 0.073329 -0.810646
    30 1.539093 0.000001 0.000000 0.041407 0.089644 -0.699058
    31 1.196320 -0.000001 0.000004 -0.000002 0.007360 -0.430801
    32 3.883686 -0.046767 0.431446 0.812670 -0.191549 -1.550266
    33 1.719570 0.000002 0.000004 0.194938 -0.171308 -0.606847
    34 1.209183 -0.000001 -0.000004 0.409190 -0.306121 -0.737508
    35 3.859859 -0.137950 1.332462 0.716033 -0.200230 -1.353927
    36 1.719429 0.000002 0.000000 -0.000001 0.004072 -0.363008
    37 1.099670 0.000001 0.000004 0.133914 -0.229713 -0.543027
    38 0.806049 -0.348922 1.321259 -1.148537 -0.413342 -0.685814
    39 1.789787 0.000000 0.000004 0.143112 0.004764 0.680910
    40 1.207001 0.000000 -0.000004 -0.238537 -0.328319 0.202547
    41 3.859665 -0.132565 1.193108 0.479138 -0.158546 -0.879039
    42 1.312561 0.000000 0.000000 0.000000 -0.011932 -0.439671
    43 0.729366 0.000002 0.000000 0.000002 -0.006134 -0.244270
    44 3.942291 0.050330 0.431042 -0.174164 0.127577 -1.207787
    45 1.539097 0.000003 0.000000 0.000000 -0.005853 -0.247769
    46 1.196320 0.000000 0.000000 0.004942 -0.275387 -1.121008
    47 3.883648 -0.050325 -0.431044 -0.040059 -0.165983 -1.257799
    48 1.719574 -0.000005 0.000000 0.366781 -0.096847 -2.862813
    49 1.209183 -0.000001 0.000000 0.000001 -0.004461 -0.216376
    50 3.859825 -0.148935 -1.331284 -0.354417 0.038566 -0.532000
    51 1.719425 0.000000 0.000000 0.089602 0.216058 -1.899362
    52 1.099663 0.000000 0.000000 0.000002 -0.004208 -0.244311
    53 0.806015 -0.359835 -1.318335 0.934008 0.297777 -0.930652
    54 1.789780 0.000001 0.000000 0.009096 -0.315147 0.639492
    55 1.207001 0.000000 0.000004 0.000381 -0.070245 0.716387
    56 2.338451 -1.535743 -6.391512 1.520238 -0.094383 -2.001948
  time 22
    0 0.000000 -0.533203 19.828125 1.570795 0.000003 -0.000003
    1 0.000005 3.345128 -2.981903 1.570790 0.074491 1.570789
    2 4.018331 0.000000 0.000000 -0.613121 -0.066670 0.045925
    3 3.518564 0.000000 0.000000 -0.131224 -0.042413 0.157577
    4 8.942642 0.000000 0.000000 -0.413188 -0.018708 0.277149
    5 3.307269 0.000000 -0.000004 -2.940265 -0.130086 0.387319
    6 3.593710 -0.000001 -0.000004 0.895931 -0.052636 0.636329
    7 1.999994 -3.000001 0.000004 -1.570753 -0.000007 -1.326410
    8 2.033349 1.000771 -1.937607 -1.688728 1.147837 2.790133
    9 6.028143 0.000002 -0.000004 1.576607 0.088196 -0.836263
    10 11.692545 0.000000 0.000000 0.000313 -0.227048 -1.080628
    11 11.481701 0.000000 0.000000 -1.634510 -0.142626 -0.240874
    12 2.676086 -1.712440 0.000000 -1.570753 -0.000007 -1.570752
    13 2.033341 1.000767 1.937660 0.294931 -1.313958 -2.508565
    14 6.028140 0.000002 0.000000 -1.778452 -0.476165 -0.173848
    15 11.692553 0.000000 0.000011 -0.171618 0.728396 -1.402646
    16 11.481667 0.000000 -0.000031 0.832526 -0.014268 -0.151440
    17 2.676086 -1.712440 0.000004 1.570753 0.000007 1.570800
    18 -3.890452 0.000004 0.000004 -1.570797 0.229027 -1.576018
    19 17.848171 0.000000 0.000004 0.000000 0.000000 1.661808
    20 16.525251 0.000000 0.000004 0.038610 0.040778 -1.043418
    21 6.879454 0.000000 0.000008 -0.081332 -0.002951 -0.584373
    22 3.890452 -0.000004 -0.000004 -1.570795 -1.373850 -1.565555
    23 17.848175 0.000000 -0.000004 0.000000 0.000000 1.994689
    24 16.525246 0.000000 0.000004 -0.027915 -0.040781 -1.744128
    25 6.879452 0.000000 0.000000 -0.005219 -0.002811 -0.539668
    26 3.859703 -0.142403 -1.191975 -0.479143 0.152189 -0.879872
    27 1.312565 0.000001 0.000004 0.000000 0.009664 -0.439719
    28 0.729362 0.000002 0.000004 -0.028976 0.117245 -0.451386
    29 3.942326 0.046774 -0.431438 -0.155011 0.073329 -0.810646
    30 1.539093 0.000001 0.000000 0.041407 0.089644 -0.699058
    31 1.196320 -0.000001 0.000004 -0.000002 0.007360 -0.430801
    32 3.883686 -0.046767 0.431446 0.812670 -0.191549 -1.550266
    33 1.719570 0.000002 0.000004 0.194938 -0.171308 -0.606847
    34 1.209183 -0.000001 -0.000004 0.409190 -0.306121 -0.737508
    35 3.859859 -0.137950 1.332462 0.716033 -0.200230 -1.353927
    36 1.719429 0.000002 0.000000 -0.000001 0.004072 -0.363008
    37 1.099670 0.000001 0.000004 0.133914 -0.229713 -0.543027
    38 0.806049 -0.348922 1.321259 -1.148537 -0.413342 -0.685814
    39 1.789787 0.000000 0.000004 0.143112 0.004764 0.680910
    40 1.207001 0.000000 -0.000004 -0.238537 -0.328319 0.202547
    41 3.859665 -0.132565 1.193108 0.479138 -0.158546 -0.879039
    42 1.312561 0.000000 0.000000 0.000000 -0.011932 -0.439671
    43 0.729366 0.000002 0.000000 0.000002 -0.006134 -0.244270
    44 3.942291 0.050330 0.431042 -0.174164 0.127577 -1.207787
    45 1.539097 0.000003 0.000000 0.000000 -0.005853 -0.247769
    46 1.196320 0.000000 0.000000 0.004942 -0.275387 -1.121008
    47 3.883648 -0.050325 -0.431044 -0.040059 -0.165983 -1.257799
    48 1.719574 -0.000005 0.000000 0.366781 -0.096847 -2.862813
    49 1.209183 -0.000001 0.000000 0.000001 -0.004461 -0.216376
    50 3.859825 -0.148935 -1.331284 -0.354417 0.038566 -0.532000
    51 1.719425 0.000000 0.000000 0.089602 0.216058 -1.899362
    52 1.099663 0.000000 0.000000 0.000002 -0.004208 -0.244311
    53 0.806015 -0.359835 -1.318335 0.934008 0.297777 -0.930652
    54 1.789780 0.000001 0.000000 0.009096 -0.315147 0.639492
    55 1.207001 0.000000 0.000004 0.000381 -0.070245 0.716387
    56 2.338451 -1.535743 -6.391512 1.520238 -0.094383 -2.001948
  time 23
    0 0.000000 -0.533203 19.828125 1.570795 0.000003 -0.000003
    1 0.000005 3.345128 -2.981903 1.570790 0.073736 1.570789
    2 4.018331 0.000000 0.000000 -0.613121 -0.066670 0.045925
    3 3.518564 0.000000 0.000000 -0.131224 -0.042413 0.157577
    4 8.942642 0.000000 0.000000 -0.413264 -0.019032 0.277517
    5 3.307269 0.000000 -0.000004 -2.940265 -0.130086 0.387319
    6 3.593710 -0.000001 -0.000004 0.895839 -0.054458 0.637772
    7 1.999994 -3.000001 0.000004 -1.570753 -0.000007 -1.326410
    8 2.033349 1.000771 -1.937607 -1.688728 1.147837 2.790133
    9 6.028143 0.000002 -0.000004 1.570450 0.091422 -0.845628
    10 11.692545 0.000000 0.000000 -0.001401 -0.225047 -1.084114
    11 11.481701 0.000000 0.000000 -1.636506 -0.139205 -0.243768
    12 2.676086 -1.712440 0.000000 -1.570753 -0.000007 -1.570752
    13 2.033341 1.000767 1.937660 0.294931 -1.313958 -2.508565
    14 6.028140 0.000002 0.000000 -1.779388 -0.475186 -0.172989
    15 11.692553 0.000000 0.000011 -0.172334 0.728529 -1.402646
    16 11.481667 0.000000 -0.000031 0.832526 -0.014268 -0.151440
    17 2.676086 -1.712440 0.000004 1.570753 0.000007 1.570752
    18 -3.890452 0.000004 0.000004 -1.570797 0.229027 -1.576018
    19 17.848171 0.000000 0.000004 0.000000 0.000000 1.661808
    20 16.525251 0.000000 0.000004 0.038610 0.040778 -1.043418
    21 6.879454 0.000000 0.000008 -0.081332 -0.002951 -0.584373
    22 3.890452 -0.000004 -0.000004 -1.570795 -1.373850 -1.565555
    23 17.848175 0.000000 -0.000004 0.000000 0.000000 1.994689
    24 16.525246 0.000000 0.000004 -0.027915 -0.040781 -1.744128
    25 6.879452 0.000000 0.000000 -0.005219 -0.002811 -0.539668
    26 3.859703 -0.142403 -1.191975 -0.479143 0.152189 -0.879872
    27 1.312565 0.000001 0.000004 0.000000 0.009664 -0.439719
    28 0.729362 0.000002 0.000004 -0.028976 0.117245 -0.451386
    29 3.942326 0.046774 -0.431438 -0.155011 0.073329 -0.810646
    30 1.539093 0.000001 0.000000 0.041407 0.089644 -0.699058
    31 1.196320 -0.000001 0.000004 -0.000002 0.007360 -0.430801
    32 3.883686 -0.046767 0.431446 0.812670 -0.191549 -1.550266
    33 1.719570 0.000002 0.000004 0.194938 -0.171308 -0.606847
    34 1.209183 -0.000001 -0.000004 0.409190 -0.306121 -0.737508
    35 3.859859 -0.137950 1.332462 0.716033 -0.200230 -1.353927
    36 1.719429 0.000002 0.000000 -0.000001 0.004072 -0.363008
    37 1.099670 0.000001 0.000004 0.133914 -0.229713 -0.543027
    38 0.806049 -0.348922 1.321259 -1.148537 -0.413342 -0.685814
    39 1.789787 0.000000 0.000004 0.143112 0.004764 0.680910
    40 1.207001 0.000000 -0.000004 -0.238537 -0.328319 0.202547
    41 3.859665 -0.132565 1.193108 0.479138 -0.158546 -0.879039
    42 1.312561 0.000000 0.000000 0.000000 -0.011932 -0.439671
    43 0.729366 0.000002 0.000000 0.000002 -0.006134 -0.244270
    44 3.942291 0.050330 0.431042 -0.174164 0.127577 -1.207787
    45 1.539097 0.000003 0.000000 0.000000 -0.005853 -0.247769
    46 1.196320 0.000000 0.000000 0.004942 -0.275387 -1.121008
    47 3.883648 -0.050325 -0.431044 -0.040059 -0.165983 -1.257799
    48 1.719574 -0.000005 0.000000 0.366781 -0.096847 -2.862813
    49 1.209183 -0.000001 0.000000 0.000001 -0.004461 -0.216376
    50 3.859825 -0.148935 -1.331284 -0.354417 0.038566 -0.532000
    51 1.719425 0.000000 0.000000 0.089602 0.216058 -1.899362
    52 1.099663 0.000000 0.000000 0.000002 -0.004208 -0.244311
    53 0.806015 -0.359835 -1.318335 0.934008 0.297777 -0.930652
    54 1.789780 0.000001 0.000000 0.009096 -0.315147 0.639492
    55 1.207001 0.000000 0.000004 0.000381 -0.070245 0.716387
    56 2.338451 -1.535743 -6.391512 1.520238 -0.094383 -2.001948
  time 24
    0 0.000000 -0.533203 19.828125 1.570795 0.000003 -0.000003
    1 0.000005 3.345128 -2.981903 1.570790 0.072993 1.570789
    2 4.018331 0.000000 0.000000 -0.613121 -0.066670 0.045925
    3 3.518564 0.000000 0.000000 -0.131224 -0.042413 0.157577
    4 8.942642 0.000000 0.000000 -0.413353 -0.019343 0.277856
    5 3.307269 0.000000 -0.000004 -2.940265 -0.130086 0.387319
    6 3.593710 -0.000001 -0.000004 0.895747 -0.056244 0.639144
    7 1.999994 -3.000001 0.000004 -1.570753 -0.000007 -1.326410
    8 2.033349 1.000771 -1.937607 -1.688728 1.147837 2.790133
    9 6.028143 0.000002 -0.000004 1.564292 0.094647 -0.854993
    10 11.692545 0.000000 0.000000 -0.003127 -0.223045 -1.087600
    11 11.481701 0.000000 0.000000 -1.638556 -0.135815 -0.246662
    12 2.676086 -1.712440 0.000000 -1.570753 -0.000007 -1.570752
    13 2.033341 1.000767 1.937660 0.294931 -1.313958 -2.508565
    14 6.028140 0.000002 0.000000 -1.780265 -0.474208 -0.172170
    15 11.692553 0.000000 0.000011 -0.173028 0.728694 -1.402576
    16 11.481667 0.000000 -0.000031 0.832526 -0.014268 -0.151440
    17 2.676086 -1.712440 0.000004 1.570753 0.000007 1.570752
    18 -3.890452 0.000004 0.000004 -1.570797 0.229027 -1.576018
    19 17.848171 0.000000 0.000004 0.000000 0.000000 1.661808
    20 16.525251 0.000000 0.000004 0.038610 0.040778 -1.043418
    21 6.879454 0.000000 0.000008 -0.081332 -0.002951 -0.584373
    22 3.890452 -0.000004 -0.000004 -1.570795 -1.373850 -1.565555
    23 17.848175 0.000000 -0.000004 0.000000 0.000000 1.994689
    24 16.525246 0.000000 0.000004 -0.027915 -0.040781 -1.744128
    25 6.879452 0.000000 0.000000 -0.005219 -0.002811 -0.539668
    26 3.859703 -0.142403 -1.191975 -0.479143 0.152189 -0.879872
    27 1.312565 0.000001 0.000004 0.000000 0.009664 -0.439719
    28 0.729362 0.000002 0.000004 -0.028976 0.117245 -0.451386
    29 3.942326 0.046774 -0.431438 -0.155011 0.073329 -0.810646
    30 1.539093 0.000001 0.000000 0.041407 0.089644 -0.699058
    31 1.196320 -0.000001 0.000004 -0.000002 0.007360 -0.430801
    32 3.883686 -0.046767 0.431446 0.812670 -0.191549 -1.550266
    33 1.719570 0.000002 0.000004 0.194938 -0.171308 -0.606847
    34 1.209183 -0.000001 -0.000004 0.409190 -0.306121 -0.737508
    35 3.859859 -0.137950 1.332462 0.716033 -0.200230 -1.353927
    36 1.719429 0.000002 0.000000 -0.000001 0.004072 -0.363008
    37 1.099670 0.000001 0.000004 0.133914 -0.229713 -0.543027
    38 0.806049 -0.348922 1.321259 -1.148537 -0.413342 -0.685814
    39 1.789787 0.000000 0.000004 0.143112 0.004764 0.680910
    40 1.207001 0.000000 -0.000004 -0.238537 -0.328319 0.202547
    41 3.859665 -0.132565 1.193108 0.479138 -0.158546 -0.879039
    42 1.312561 0.000000 0.000000 0.000000 -0.011932 -0.439671
    43 0.729366 0.000002 0.000000 0.000002 -0.006134 -0.244270
    44 3.942291 0.050330 0.431042 -0.174164 0.127577 -1.207787
    45 1.539097 0.000003 0.000000 0.000000 -0.005853 -0.247769
    46 1.196320 0.000000 0.000000 0.004942 -0.275387 -1.121008
    47 3.883648 -0.050325 -0.431044 -0.040059 -0.165983 -1.257799
    48 1.719574 -0.000005 0.000000 0.366781 -0.096847 -2.862813
    49 1.209183 -0.000001 0.000000 0.000001 -0.004461 -0.216376
    50 3.859825 -0.148935 -1.331284 -0.354417 0.038566 -0.532000
    51 1.719425 0.000000 0.000000 0.089602 0.216058 -1.899362
    52 1.099663 0.000000 0.000000 0.000002 -0.004208 -0.244311
    53 0.806015 -0.359835 -1.318335 0.934008 0.297777 -0.930652
    54 1.789780 0.000001 0.000000 0.009096 -0.315147 0.639492
    55 1.207001 0.000000 0.000004 0.000381 -0.070245 0.716387
    56 2.338451 -1.535743 -6.391512 1.520238 -0.094383 -2.001948
  time 25
    0 0.000000 -0.533203 19.828125 1.570795 0.000003 -0.000003
    1 0.000005 3.345128 -2.981903 1.570790 0.072262 1.570789
    2 4.018331 0.000000 0.000000 -0.613121 -0.066670 0.045925
    3 3.518564 0.000000 0.000000 -0.131224 -0.042413 0.157577
    4 8.942642 0.000000 0.000000 -0.413430 -0.019643 0.278209
    5 3.307269 0.000000 -0.000004 -2.940265 -0.130086 0.387319
    6 3.593710 -0.000001 -0.000004 0.895655 -0.058005 0.640551
    7 1.999994 -3.000001 0.000004 -1.570753 -0.000007 -1.326410
    8 2.033349 1.000771 -1.937607 -1.688728 1.147837 2.790133
    9 6.028143 0.000002 -0.000004 1.558227 0.097856 -0.864287
    10 11.692545 0.000000 0.000000 -0.004841 -0.221056 -1.091086
    11 11.481701 0.000000 0.000000 -1.640552 -0.132425 -0.249556
    12 2.676086 -1.712440 0.000000 -1.570753 -0.000007 -1.570752
    13 2.033341 1.000767 1.937660 0.294931 -1.313958 -2.508565
    14 6.028140 0.000002 0.000000 -1.781083 -0.473230 -0.171350
    15 11.692553 0.000000 0.000011 -0.173701 0.728860 -1.402506
    16 11.481667 0.000000 -0.000031 0.832526 -0.014268 -0.151440
    17 2.676086 -1.712440 0.000004 1.570753 0.000007 1.570752
    18 -3.890452 0.000004 0.000004 -1.570797 0.229027 -1.576018
    19 17.848171 0.000000 0.000004 0.000000 0.000000 1.661808
    20 16.525251 0.000000 0.000004 0.038610 0.040778 -1.043418
    21 6.879454 0.000000 0.000008 -0.081332 -0.002951 -0.584373
    22 3.890452 -0.000004 -0.000004 -1.570795 -1.373850 -1.565555
    23 17.848175 0.000000 -0.000004 0.000000 0.000000 1.994689
    24 16.525246 0.000000 0.000004 -0.027915 -0.040781 -1.744128
    25 6.879452 0.000000 0.000000 -0.005219 -0.002811 -0.539668
    26 3.859703 -0.142403 -1.191975 -0.479143 0.152189 -0.879872
    27 1.312565 0.000001 0.000004 0.000000 0.009664 -0.439719
    28 0.729362 0.000002 0.000004 -0.028976 0.117245 -0.451386
    29 3.942326 0.046774 -0.431438 -0.155011 0.073329 -0.810646
    30 1.539093 0.000001 0.000000 0.041407 0.089644 -0.699058
    31 1.196320 -0.000001 0.000004 -0.000002 0.007360 -0.430801
    32 3.883686 -0.046767 0.431446 0.812670 -0.191549 -1.550266
    33 1.719570 0.000002 0.000004 0.194938 -0.171308 -0.606847
    34 1.209183 -0.000001 -0.000004 0.409190 -0.306121 -0.737508
    35 3.859859 -0.137950 1.332462 0.716033 -0.200230 -1.353927
    36 1.719429 0.000002 0.000000 -0.000001 0.004072 -0.363008
    37 1.099670 0.000001 0.000004 0.133914 -0.229713 -0.543027
    38 0.806049 -0.348922 1.321259 -1.148537 -0.413342 -0.685814
    39 1.789787 0.000000 0.000004 0.143112 0.004764 0.680910
    40 1.207001 0.000000 -0.000004 -0.238537 -0.328319 0.202547
    41 3.859665 -0.132565 1.193108 0.479138 -0.158546 -0.879039
    42 1.312561 0.000000 0.000000 0.000000 -0.011932 -0.439671
    43 0.729366 0.000002 0.000000 0.000002 -0.006134 -0.244270
    44 3.942291 0.050330 0.431042 -0.174164 0.127577 -1.207787
    45 1.539097 0.000003 0.000000 0.000000 -0.005853 -0.247769
    46 1.196320 0.000000 0.000000 0.004942 -0.275387 -1.121008
    47 3.883648 -0.050325 -0.431044 -0.040059 -0.165983 -1.257799
    48 1.719574 -0.000005 0.000000 0.366781 -0.096847 -2.862813
    49 1.209183 -0.000001 0.000000 0.000001 -0.004461 -0.216376
    50 3.859825 -0.148935 -1.331284 -0.354417 0.038566 -0.532000
    51 1.719425 0.000000 0.000000 0.089602 0.216058 -1.899362
    52 1.099663 0.000000 0.000000 0.000002 -0.004208 -0.244311
    53 0.806015 -0.359835 -1.318335 0.934008 0.297777 -0.930652
    54 1.789780 0.000001 0.000000 0.009096 -0.315147 0.639492
    55 1.207001 0.000000 0.000004 0.000381 -0.070245 0.716387
    56 2.338451 -1.535743 -6.391512 1.520238 -0.094383 -2.001948
  time 26
    0 0.000000 -0.533203 19.828125 1.570795 0.000003 -0.000003
    1 0.000005 3.345128 -2.981903 1.570790 0.071555 1.570789
    2 4.018331 0.000000 0.000000 -0.613121 -0.066670 0.045925
    3 3.518564 0.000000 0.000000 -0.131224 -0.042413 0.157577
    4 8.942642 0.000000 0.000000 -0.413519 -0.019942 0.278532
    5 3.307269 0.000000 -0.000004 -2.940265 -0.130086 0.387319
    6 3.593710 -0.000001 -0.000004 0.895563 -0.059707 0.641889
    7 1.999994 -3.000001 0.000004 -1.570753 -0.000007 -1.326410
    8 2.033349 1.000771 -1.937607 -1.688728 1.147837 2.790133
    9 6.028143 0.000002 -0.000004 1.552161 0.101029 -0.873475
    10 11.692545 0.000000 0.000000 -0.006531 -0.219090 -1.094506
    11 11.481701 0.000000 0.000000 -1.642548 -0.129067 -0.252351
    12 2.676086 -1.712440 0.000000 -1.570753 -0.000007 -1.570752
    13 2.033341 1.000767 1.937660 0.294931 -1.313958 -2.508565
    14 6.028140 0.000002 0.000000 -1.781960 -0.472320 -0.170570
    15 11.692553 0.000000 0.000011 -0.174373 0.728993 -1.402436
    16 11.481667 0.000000 -0.000031 0.832526 -0.014268 -0.151440
    17 2.676086 -1.712440 0.000004 1.570753 0.000007 1.570752
    18 -3.890452 0.000004 0.000004 -1.570797 0.229027 -1.576018
    19 17.848171 0.000000 0.000004 0.000000 0.000000 1.661808
    20 16.525251 0.000000 0.000004 0.038610 0.040778 -1.043418
    21 6.879454 0.000000 0.000008 -0.081332 -0.002951 -0.584373
    22 3.890452 -0.000004 -0.000004 -1.570795 -1.373850 -1.565555
    23 17.848175 0.000000 -0.000004 0.000000 0.000000 1.994689
    24 16.525246 0.000000 0.000004 -0.027915 -0.040781 -1.744128
    25 6.879452 0.000000 0.000000 -0.005219 -0.002811 -0.539668
    26 3.859703 -0.142403 -1.191975 -0.479143 0.152189 -0.879872
    27 1.312565 0.000001 0.000004 0.000000 0.009664 -0.439719
    28 0.729362 0.000002 0.000004 -0.028976 0.117245 -0.451386
    29 3.942326 0.046774 -0.431438 -0.155011 0.073329 -0.810646
    30 1.539093 0.000001 0.000000 0.041407 0.089644 -0.699058
    31 1.196320 -0.000001 0.000004 -0.000002 0.007360 -0.430801
    32 3.883686 -0.046767 0.431446 0.812670 -0.191549 -1.550266
    33 1.719570 0.000002 0.000004 0.194938 -0.171308 -0.606847
    34 1.209183 -0.000001 -0.000004 0.409190 -0.306121 -0.737508
    35 3.859859 -0.137950 1.332462 0.716033 -0.200230 -1.353927
    36 1.719429 0.000002 0.000000 -0.000001 0.004072 -0.363008
    37 1.099670 0.000001 0.000004 0.133914 -0.229713 -0.543027
    38 0.806049 -0.348922 1.321259 -1.148537 -0.413342 -0.685814
    39 1.789787 0.000000 0.000004 0.143112 0.004764 0.680910
    40 1.207001 0.000000 -0.000004 -0.238537 -0.328319 0.202547
    41 3.859665 -0.132565 1.193108 0.479138 -0.158546 -0.879039
    42 1.312561 0.000000 0.000000 0.000000 -0.011932 -0.439671
    43 0.729366 0.000002 0.000000 0.000002 -0.006134 -0.244270
    44 3.942291 0.050330 0.431042 -0.174164 0.127577 -1.207787
    45 1.539097 0.000003 0.000000 0.000000 -0.005853 -0.247769
    46 1.196320 0.000000 0.000000 0.004942 -0.275387 -1.121008
    47 3.883648 -0.050325 -0.431044 -0.040059 -0.165983 -1.257799
    48 1.719574 -0.000005 0.000000 0.366781 -0.096847 -2.862813
    49 1.209183 -0.000001 0.000000 0.000001 -0.004461 -0.216376
    50 3.859825 -0.148935 -1.331284 -0.354417 0.038566 -0.532000
    51 1.719425 0.000000 0.000000 0.089602 0.216058 -1.899362
    52 1.099663 0.000000 0.000000 0.000002 -0.004208 -0.244311
    53 0.806015 -0.359835 -1.318335 0.934008 0.297777 -0.930652
    54 1.789780 0.000001 0.000000 0.009096 -0.315147 0.639492
    55 1.207001 0.000000 0.000004 0.000381 -0.070245 0.716387
    56 2.338451 -1.535743 -6.391512 1.520238 -0.094383 -2.001948
  time 27
    0 0.000000 -0.533203 19.828125 1.570795 0.000003 -0.000003
    1 0.000005 3.345128 -2.981903 1.570790 0.070860 1.570789
    2 4.018331 0.000000 0.000000 -0.613121 -0.066670 0.045925
    3 3.518564 0.000000 0.000000 -0.131224 -0.042413 0.157577
    4 8.942642 0.000000 0.000000 -0.413596 -0.020230 0.278870
    5 3.307269 0.000000 -0.000004 -2.940265 -0.130086 0.387319
    6 3.593710 -0.000001 -0.000004 0.895471 -0.061361 0.643191
    7 1.999994 -3.000001 0.000004 -1.570753 -0.000007 -1.326410
    8 2.033349 1.000771 -1.937607 -1.688728 1.147837 2.790133
    9 6.028143 0.000002 -0.000004 1.546188 0.104168 -0.882557
    10 11.692545 0.000000 0.000000 -0.008208 -0.217149 -1.097926
    11 11.481701 0.000000 0.000000 -1.644491 -0.125741 -0.255196
    12 2.676086 -1.712440 0.000000 -1.570753 -0.000007 -1.570752
    13 2.033341 1.000767 1.937660 0.294931 -1.313958 -2.508565
    14 6.028140 0.000002 0.000000 -1.782778 -0.471409 -0.169789
    15 11.692553 0.000000 0.000011 -0.175024 0.729158 -1.402367
    16 11.481667 0.000000 -0.000031 0.832526 -0.014268 -0.151440
    17 2.676086 -1.712440 0.000004 1.570753 0.000007 1.570752
    18 -3.890452 0.000004 0.000004 -1.570797 0.229027 -1.576018
    19 17.848171 0.000000 0.000004 0.000000 0.000000 1.661808
    20 16.525251 0.000000 0.000004 0.038610 0.040778 -1.043418
    21 6.879454 0.000000 0.000008 -0.081332 -0.002951 -0.584373
    22 3.890452 -0.000004 -0.000004 -1.570795 -1.373850 -1.565555
    23 17.848175 0.000000 -0.000004 0.000000 0.000000 1.994689
    24 16.525246 0.000000 0.000004 -0.027915 -0.040781 -1.744128
    25 6.879452 0.000000 0.000000 -0.005219 -0.002811 -0.539668
    26 3.859703 -0.142403 -1.191975 -0.479143 0.152189 -0.879872
    27 1.312565 0.000001 0.000004 0.000000 0.009664 -0.439719
    28 0.729362 0.000002 0.000004 -0.028976 0.117245 -0.451386
    29 3.942326 0.046774 -0.431438 -0.155011 0.073329 -0.810646
    30 1.539093 0.000001 0.000000 0.041407 0.089644 -0.699058
    31 1.196320 -0.000001 0.000004 -0.000002 0.007360 -0.430801
    32 3.883686 -0.046767 0.431446 0.812670 -0.191549 -1.550266
    33 1.719570 0.000002 0.000004 0.194938 -0.171308 -0.606847
    34 1.209183 -0.000001 -0.000004 0.409190 -0.306121 -0.737508
    35 3.859859 -0.137950 1.332462 0.716033 -0.200230 -1.353927
    36 1.719429 0.000002 0.000000 -0.000001 0.004072 -0.363008
    37 1.099670 0.000001 0.000004 0.133914 -0.229713 -0.543027
    38 0.806049 -0.348922 1.321259 -1.148537 -0.413342 -0.685814
    39 1.789787 0.000000 0.000004 0.143112 0.004764 0.680910
    40 1.207001 0.000000 -0.000004 -0.238537 -0.328319 0.202547
    41 3.859665 -0.132565 1.193108 0.479138 -0.158546 -0.879039
    42 1.312561 0.000000 0.000000 0.000000 -0.011932 -0.439671
    43 0.729366 0.000002 0.000000 0.000002 -0.006134 -0.244270
    44 3.942291 0.050330 0.431042 -0.174164 0.127577 -1.207787
    45 1.539097 0.000003 0.000000 0.000000 -0.005853 -0.247769
    46 1.196320 0.000000 0.000000 0.004942 -0.275387 -1.121008
    47 3.883648 -0.050325 -0.431044 -0.040059 -0.165983 -1.257799
    48 1.719574 -0.000005 0.000000 0.366781 -0.096847 -2.862813
    49 1.209183 -0.000001 0.000000 0.000001 -0.004461 -0.216376
    50 3.859825 -0.148935 -1.331284 -0.354417 0.038566 -0.532000
    51 1.719425 0.000000 0.000000 0.089602 0.216058 -1.899362
    52 1.099663 0.000000 0.000000 0.000002 -0.004208 -0.244311
    53 0.806015 -0.359835 -1.318335 0.934008 0.297777 -0.930652
    54 1.789780 0.000001 0.000000 0.009096 -0.315147 0.639492
    55 1.207001 0.000000 0.000004 0.000381 -0.070245 0.716387
    56 2.338451 -1.535743 -6.391512 1.520238 -0.094383 -2.001948
  time 28
    0 0.000000 -0.533203 19.828125 1.570795 0.000003 -0.000003
    1 0.000005 3.345128 -2.981903 1.570790 0.070201 1.570789
    2 4.018331 0.000000 0.000000 -0.613121 -0.066670 0.045925
    3 3.518564 0.000000 0.000000 -0.131224 -0.042413 0.157577
    4 8.942642 0.000000 0.000000 -0.413672 -0.020506 0.279177
    5 3.307269 0.000000 -0.000004 -2.940265 -0.130086 0.387319
    6 3.593710 -0.000001 -0.000004 0.895379 -0.062943 0.644422
    7 1.999994 -3.000001 0.000004 -1.570753 -0.000007 -1.326410
    8 2.033349 1.000771 -1.937607 -1.688728 1.147837 2.790133
    9 6.028143 0.000002 -0.000004 1.540398 0.107237 -0.891462
    10 11.692545 0.000000 0.000000 -0.009850 -0.215243 -1.101215
    11 11.481701 0.000000 0.000000 -1.646433 -0.122510 -0.257943
    12 2.676086 -1.712440 0.000000 -1.570753 -0.000007 -1.570752
    13 2.033341 1.000767 1.937660 0.294931 -1.313958 -2.508565
    14 6.028140 0.000002 0.000000 -1.783538 -0.470532 -0.169048
    15 11.692553 0.000000 0.000011 -0.175631 0.729291 -1.402367
    16 11.481667 0.000000 -0.000031 0.832526 -0.014268 -0.151440
    17 2.676086 -1.712440 0.000004 1.570753 0.000007 1.570752
    18 -3.890452 0.000004 0.000004 -1.570797 0.229027 -1.576018
    19 17.848171 0.000000 0.000004 0.000000 0.000000 1.661808
    20 16.525251 0.000000 0.000004 0.038610 0.040778 -1.043418
    21 6.879454 0.000000 0.000008 -0.081332 -0.002951 -0.584373
    22 3.890452 -0.000004 -0.000004 -1.570795 -1.373850 -1.565555
    23 17.848175 0.000000 -0.000004 0.000000 0.000000 1.994689
    24 16.525246 0.000000 0.000004 -0.027915 -0.040781 -1.744128
    25 6.879452 0.000000 0.000000 -0.005219 -0.002811 -0.539668
    26 3.859703 -0.142403 -1.191975 -0.479143 0.152189 -0.879872
    27 1.312565 0.000001 0.000004 0.000000 0.009664 -0.439719
    28 0.729362 0.000002 0.000004 -0.028976 0.117245 -0.451386
    29 3.942326 0.046774 -0.431438 -0.155011 0.073329 -0.810646
    30 1.539093 0.000001 0.000000 0.041407 0.089644 -0.699058
    31 1.196320 -0.000001 0.000004 -0.000002 0.007360 -0.430801
    32 3.883686 -0.046767 0.431446 0.812670 -0.191549 -1.550266
    33 1.719570 0.000002 0.000004 0.194938 -0.171308 -0.606847
    34 1.209183 -0.000001 -0.000004 0.409190 -0.306121 -0.737508
    35 3.859859 -0.137950 1.332462 0.716033 -0.200230 -1.353927
    36 1.719429 0.000002 0.000000 -0.000001 0.004072 -0.363008
    37 1.099670 0.000001 0.000004 0.133914 -0.229713 -0.543027
    38 0.806049 -0.348922 1.321259 -1.148537 -0.413342 -0.685814
    39 1.789787 0.000000 0.000004 0.143112 0.004764 0.680910
    40 1.207001 0.000000 -0.000004 -0.238537 -0.328319 0.202547
    41 3.859665 -0.132565 1.193108 0.479138 -0.158546 -0.879039
    42 1.312561 0.000000 0.000000 0.000000 -0.011932 -0.439671
    43 0.729366 0.000002 0.000000 0.000002 -0.006134 -0.244270
    44 3.942291 0.050330 0.431042 -0.174164 0.127577 -1.207787
    45 1.539097 0.000003 0.000000 0.000000 -0.005853 -0.247769
    46 1.196320 0.000000 0.000000 0.004942 -0.275387 -1.121008
    47 3.883648 -0.050325 -0.431044 -0.040059 -0.165983 -1.257799
    48 1.719574 -0.000005 0.000000 0.366781 -0.096847 -2.862900
    49 1.209183 -0.000001 0.000000 0.000001 -0.004461 -0.216376
    50 3.859825 -0.148935 -1.331284 -0.354417 0.038566 -0.532000
    51 1.719425 0.000000 0.000000 0.089602 0.216058 -1.899362
    52 1.099663 0.000000 0.000000 0.000002 -0.004208 -0.244311
    53 0.806015 -0.359835 -1.318335 0.934008 0.297777 -0.930652
    54 1.789780 0.000001 0.000000 0.009096 -0.315147 0.639492
    55 1.207001 0.000000 0.000004 0.000381 -0.070245 0.716387
    56 2.338451 -1.535743 -6.391512 1.520238 -0.094383 -2.001948
  time 29
    0 0.000000 -0.533203 19.828125 1.570795 0.000003 -0.000003
    1 0.000005 3.345128 -2.981903 1.570790 0.069565 1.570789
    2 4.018331 0.000000 0.000000 -0.613121 -0.066670 0.045925
    3 3.518564 0.000000 0.000000 -0.131224 -0.042413 0.157577
    4 8.942642 0.000000 0.000000 -0.413736 -0.020769 0.279469
    5 3.307269 0.000000 -0.000004 -2.940265 -0.130086 0.387319
    6 3.593710 -0.000001 -0.000004 0.895287 -0.064465 0.645619
    7 1.999994 -3.000001 0.000004 -1.570753 -0.000007 -1.326410
    8 2.033349 1.000771 -1.937607 -1.688728 1.147837 2.790133
    9 6.028143 0.000002 -0.000004 1.534608 0.110236 -0.900156
    10 11.692545 0.000000 0.000000 -0.011444 -0.213374 -1.104504
    11 11.481701 0.000000 0.000000 -1.648321 -0.119342 -0.260591
    12 2.676086 -1.712440 0.000000 -1.570753 -0.000007 -1.570752
    13 2.033341 1.000767 1.937660 0.294931 -1.313958 -2.508565
    14 6.028140 0.000002 0.000000 -1.784298 -0.469722 -0.168345
    15 11.692553 0.000000 0.000011 -0.176217 0.729423 -1.402297
    16 11.481667 0.000000 -0.000031 0.832526 -0.014268 -0.151440
    17 2.676086 -1.712440 0.000004 1.570753 0.000007 1.570752
    18 -3.890452 0.000004 0.000004 -1.570797 0.229027 -1.576018
    19 17.848171 0.000000 0.000004 0.000000 0.000000 1.661808
    20 16.525251 0.000000 0.000004 0.038610 0.040778 -1.043418
    21 6.879454 0.000000 0.000008 -0.081332 -0.002951 -0.584373
    22 3.890452 -0.000004 -0.000004 -1.570795 -1.373850 -1.565555
    23 17.848175 0.000000 -0.000004 0.000000 0.000000 1.994689
    24 16.525246 0.000000 0.000004 -0.027915 -0.040781 -1.744128
    25 6.879452 0.000000 0.000000 -0.005219 -0.002811 -0.539668
    26 3.859703 -0.142403 -1.191975 -0.479143 0.152189 -0.879872
    27 1.312565 0.000001 0.000004 0.000000 0.009664 -0.439719
    28 0.729362 0.000002 0.000004 -0.028976 0.117245 -0.451386
    29 3.942326 0.046774 -0.431438 -0.155011 0.073329 -0.810646
    30 1.539093 0.000001 0.000000 0.041407 0.089644 -0.699058
    31 1.196320 -0.000001 0.000004 -0.000002 0.007360 -0.430801
    32 3.883686 -0.046767 0.431446 0.812670 -0.191549 -1.550266
    33 1.719570 0.000002 0.000004 0.194938 -0.171308 -0.606847
    34 1.209183 -0.000001 -0.000004 0.409190 -0.306121 -0.737508
    35 3.859859 -0.137950 1.332462 0.716033 -0.200230 -1.353927
    36 1.719429 0.000002 0.000000 -0.000001 0.004072 -0.363008
    37 1.099670 0.000001 0.000004 0.133914 -0.229713 -0.543027
    38 0.806049 -0.348922 1.321259 -1.148537 -0.413342 -0.685814
    39 1.789787 0.000000 0.000004 0.143112 0.004764 0.680910
    40 1.207001 0.000000 -0.000004 -0.238537 -0.328319 0.202547
    41 3.859665 -0.132565 1.193108 0.479138 -0.158546 -0.879039
    42 1.312561 0.000000 0.000000 0.000000 -0.011932 -0.439671
    43 0.729366 0.000002 0.000000 0.000002 -0.006134 -0.244270
    44 3.942291 0.050330 0.431042 -0.174164 0.127577 -1.207787
    45 1.539097 0.000003 0.000000 0.000000 -0.005853 -0.247769
    46 1.196320 0.000000 0.000000 0.004942 -0.275387 -1.121008
    47 3.883648 -0.050325 -0.431044 -0.040059 -0.165983 -1.257799
    48 1.719574 -0.000005 0.000000 0.366781 -0.096847 -2.862813
    49 1.209183 -0.000001 0.000000 0.000001 -0.004461 -0.216376
    50 3.859825 -0.148935 -1.331284 -0.354417 0.038566 -0.532000
    51 1.719425 0.000000 0.000000 0.089602 0.216058 -1.899362
    52 1.099663 0.000000 0.000000 0.000002 -0.004208 -0.244311
    53 0.806015 -0.359835 -1.318335 0.934008 0.297777 -0.930652
    54 1.789780 0.000001 0.000000 0.009096 -0.315147 0.639492
    55 1.207001 0.000000 0.000004 0.000381 -0.070245 0.716387
    56 2.338451 -1.535743 -6.391512 1.520238 -0.094383 -2.001948
  time 30
    0 0.000000 -0.533203 19.828125 1.570795 0.000003 -0.000003
    1 0.000005 3.345128 -2.981903 1.570790 0.068978 1.570789
    2 4.018331 0.000000 0.000000 -0.613121 -0.066670 0.045925
    3 3.518564 0.000000 0.000000 -0.131224 -0.042413 0.157577
    4 8.942642 0.000000 0.000000 -0.413799 -0.021021 0.279746
    5 3.307269 0.000000 -0.000004 -2.940265 -0.130086 0.387319
    6 3.593710 -0.000001 -0.000004 0.895195 -0.065891 0.646745
    7 1.999994 -3.000001 0.000004 -1.570753 -0.000007 -1.326410
    8 2.033349 1.000771 -1.937607 -1.688728 1.147837 2.790133
    9 6.028143 0.000002 -0.000004 1.529094 0.113148 -0.908637
    10 11.692545 0.000000 0.000000 -0.013002 -0.211564 -1.107661
    11 11.481701 0.000000 0.000000 -1.650155 -0.116237 -0.263240
    12 2.676086 -1.712440 0.000000 -1.570753 -0.000007 -1.570752
    13 2.033341 1.000767 1.937660 0.294931 -1.313958 -2.508565
    14 6.028140 0.000002 0.000000 -1.785000 -0.468947 -0.167682
    15 11.692553 0.000000 0.000011 -0.176780 0.729556 -1.402227
    16 11.481667 0.000000 -0.000031 0.832526 -0.014268 -0.151440
    17 2.676086 -1.712440 0.000004 1.570753 0.000007 1.570752
    18 -3.890452 0.000004 0.000004 -1.570797 0.229027 -1.576018
    19 17.848171 0.000000 0.000004 0.000000 0.000000 1.661808
    20 16.525251 0.000000 0.000004 0.038610 0.040778 -1.043418
    21 6.879454 0.000000 0.000008 -0.081332 -0.002951 -0.584373
    22 3.890452 -0.000004 -0.000004 -1.570795 -1.373850 -1.565555
    23 17.848175 0.000000 -0.000004 0.000000 0.000000 1.994689
    24 16.525246 0.000000 0.000004 -0.027915 -0.040781 -1.744128
    25 6.879452 0.000000 0.000000 -0.005219 -0.002811 -0.539668
    26 3.859703 -0.142403 -1.191975 -0.479143 0.152189 -0.879872
    27 1.312565 0.000001 0.000004 0.000000 0.009664 -0.439719
    28 0.729362 0.000002 0.000004 -0.028976 0.117245 -0.451386
    29 3.942326 0.046774 -0.431438 -0.155011 0.073329 -0.810646
    30 1.539093 0.000001 0.000000 0.041407 0.089644 -0.699058
    31 1.196320 -0.000001 0.000004 -0.000002 0.007360 -0.430801
    32 3.883686 -0.046767 0.431446 0.812670 -0.191549 -1.550266
    33 1.719570 0.000002 0.000004 0.194938 -0.171308 -0.606847
    34 1.209183 -0.000001 -0.000004 0.409190 -0.306121 -0.737508
    35 3.859859 -0.137950 1.332462 0.716033 -0.200230 -1.353927
    36 1.719429 0.000002 0.000000 -0.000001 0.004072 -0.363008
    37 1.099670 0.000001 0.000004 0.133914 -0.229713 -0.543027
    38 0.806049 -0.348922 1.321259 -1.148537 -0.413342 -0.685814
    39 1.789787 0.000000 0.000004 0.143112 0.004764 0.680910
    40 1.207001 0.000000 -0.000004 -0.238537 -0.328319 0.202547
    41 3.859665 -0.132565 1.193108 0.479138 -0.158546 -0.879039
    42 1.312561 0.000000 0.000000 0.000000 -0.011932 -0.439671
    43 0.729366 0.000002 0.000000 0.000002 -0.006134 -0.244270
    44 3.942291 0.050330 0.431042 -0.174164 0.127577 -1.207787
    45 1.539097 0.000003 0.000000 0.000000 -0.005853 -0.247769
    46 1.196320 0.000000 0.000000 0.004942 -0.275387 -1.121008
    47 3.883648 -0.050325 -0.431044 -0.040059 -0.165983 -1.257799
    48 1.719574 -0.000005 0.000000 0.366781 -0.096847 -2.862813
    49 1.209183 -0.000001 0.000000 0.000001 -0.004461 -0.216376
    50 3.859825 -0.148935 -1.331284 -0.354417 0.038566 -0.532000
    51 1.719425 0.000000 0.000000 0.089602 0.216058 -1.899420
    52 1.099663 0.000000 0.000000 0.000002 -0.004208 -0.244311
    53 0.806015 -0.359835 -1.318335 0.934008 0.297777 -0.930652
    54 1.789780 0.000001 0.000000 0.009096 -0.315147 0.639492
    55 1.207001 0.000000 0.000004 0.000381 -0.070245 0.716387
    56 2.338451 -1.535743 -6.391512 1.520238 -0.094383 -2.001948
  time 31
    0 0.000000 -0.533203 19.828125 1.570795 0.000003 -0.000003
    1 0.000005 3.345128 -2.981903 1.570790 0.068415 1.570789
    2 4.018331 0.000000 0.000000 -0.613121 -0.066670 0.045925
    3 3.518564 0.000000 0.000000 -0.131224 -0.042413 0.157577
    4 8.942642 0.000000 0.000000 -0.413863 -0.021261 0.280007
    5 3.307269 0.000000 -0.000004 -2.940265 -0.130086 0.387319
    6 3.593710 -0.000001 -0.000004 0.895149 -0.067234 0.647800
    7 1.999994 -3.000001 0.000004 -1.570753 -0.000007 -1.326410
    8 2.033349 1.000771 -1.937607 -1.688728 1.147837 2.790133
    9 6.028143 0.000002 -0.000004 1.523672 0.115973 -0.916836
    10 11.692545 0.000000 0.000000 -0.014512 -0.209814 -1.110686
    11 11.481701 0.000000 0.000000 -1.651936 -0.113259 -0.265741
    12 2.676086 -1.712440 0.000000 -1.570753 -0.000007 -1.570752
    13 2.033341 1.000767 1.937660 0.294931 -1.313958 -2.508565
    14 6.028140 0.000002 0.000000 -1.785643 -0.468205 -0.167057
    15 11.692553 0.000000 0.000011 -0.177301 0.729655 -1.402227
    16 11.481667 0.000000 -0.000031 0.832526 -0.014268 -0.151440
    17 2.676086 -1.712440 0.000004 1.570753 0.000007 1.570800
    18 -3.890452 0.000004 0.000004 -1.570797 0.229027 -1.576018
    19 17.848171 0.000000 0.000004 0.000000 0.000000 1.661808
    20 16.525251 0.000000 0.000004 0.038610 0.040778 -1.043418
    21 6.879454 0.000000 0.000008 -0.081332 -0.002951 -0.584373
    22 3.890452 -0.000004 -0.000004 -1.570795 -1.373850 -1.565555
    23 17.848175 0.000000 -0.000004 0.000000 0.000000 1.994689
    24 16.525246 0.000000 0.000004 -0.027915 -0.040781 -1.744128
    25 6.879452 0.000000 0.000000 -0.005219 -0.002811 -0.539668
    26 3.859703 -0.142403 -1.191975 -0.479143 0.152189 -0.879872
    27 1.312565 0.000001 0.000004 0.000000 0.009664 -0.439719
    28 0.729362 0.000002 0.000004 -0.028976 0.117245 -0.451386
    29 3.942326 0.046774 -0.431438 -0.155011 0.073329 -0.810646
    30 1.539093 0.000001 0.000000 0.041407 0.089644 -0.699058
    31 1.196320 -0.000001 0.000004 -0.000002 0.007360 -0.430801
    32 3.883686 -0.046767 0.431446 0.812670 -0.191549 -1.550266
    33 1.719570 0.000002 0.000004 0.194938 -0.171308 -0.606847
    34 1.209183 -0.000001 -0.000004 0.409190 -0.306121 -0.737508
    35 3.859859 -0.137950 1.332462 0.716033 -0.200230 -1.353927
    36 1.719429 0.000002 0.000000 -0.000001 0.004072 -0.363008
    37 1.099670 0.000001 0.000004 0.133914 -0.229713 -0.543027
    38 0.806049 -0.348922 1.321259 -1.148537 -0.413342 -0.685814
    39 1.789787 0.000000 0.000004 0.143112 0.004764 0.680910
    40 1.207001 0.000000 -0.000004 -0.238537 -0.328319 0.202547
    41 3.859665 -0.132565 1.193108 0.479138 -0.158546 -0.879039
    42 1.312561 0.000000 0.000000 0.000000 -0.011932 -0.439671
    43 0.729366 0.000002 0.000000 0.000002 -0.006134 -0.244270
    44 3.942291 0.050330 0.431042 -0.174164 0.127577 -1.207787
    45 1.539097 0.000003 0.000000 0.000000 -0.005853 -0.247769
    46 1.196320 0.000000 0.000000 0.004942 -0.275387 -1.121008
    47 3.883648 -0.050325 -0.431044 -0.040059 -0.165983 -1.257799
    48 1.719574 -0.000005 0.000000 0.366781 -0.096847 -2.862813
    49 1.209183 -0.000001 0.000000 0.000001 -0.004461 -0.216376
    50 3.859825 -0.148935 -1.331284 -0.354417 0.038566 -0.532000
    51 1.719425 0.000000 0.000000 0.089602 0.216058 -1.899362
    52 1.099663 0.000000 0.000000 0.000002 -0.004208 -0.244311
    53 0.806015 -0.359835 -1.318335 0.934008 0.297777 -0.930652
    54 1.789780 0.000001 0.000000 0.009096 -0.315147 0.639492
    55 1.207001 0.000000 0.000004 0.000381 -0.070245 0.716387
    56 2.338451 -1.535743 -6.391512 1.520238 -0.094383 -2.001948
  time 32
    0 0.000000 -0.533203 19.828125 1.570795 0.000003 -0.000003
    1 0.000005 3.345128 -2.981903 1.570790 0.067900 1.570789
    2 4.018331 0.000000 0.000000 -0.613121 -0.066670 0.045925
    3 3.518564 0.000000 0.000000 -0.131224 -0.042413 0.157577
    4 8.942642 0.000000 0.000000 -0.413927 -0.021476 0.280253
    5 3.307269 0.000000 -0.000004 -2.940265 -0.130086 0.387319
    6 3.593710 -0.000001 -0.000004 0.895057 -0.068468 0.648751
    7 1.999994 -3.000001 0.000004 -1.570753 -0.000007 -1.326410
    8 2.033349 1.000771 -1.937607 -1.688728 1.147837 2.790133
    9 6.028143 0.000002 -0.000004 1.518526 0.118693 -0.924681
    10 11.692545 0.000000 0.000000 -0.015962 -0.208136 -1.113646
    11 11.481701 0.000000 0.000000 -1.653608 -0.110408 -0.268145
    12 2.676086 -1.712440 0.000000 -1.570753 -0.000007 -1.570752
    13 2.033341 1.000767 1.937660 0.294931 -1.313958 -2.508565
    14 6.028140 0.000002 0.000000 -1.786228 -0.467530 -0.166472
    15 11.692553 0.000000 0.000011 -0.177778 0.729755 -1.402157
    16 11.481667 0.000000 -0.000031 0.832526 -0.014268 -0.151440
    17 2.676086 -1.712440 0.000004 1.570753 0.000007 1.570752
    18 -3.890452 0.000004 0.000004 -1.570797 0.229027 -1.576018
    19 17.848171 0.000000 0.000004 0.000000 0.000000 1.661808
    20 16.525251 0.000000 0.000004 0.038610 0.040778 -1.043418
    21 6.879454 0.000000 0.000008 -0.081332 -0.002951 -0.584373
    22 3.890452 -0.000004 -0.000004 -1.570795 -1.373850 -1.565555
    23 17.848175 0.000000 -0.000004 0.000000 0.000000 1.994689
    24 16.525246 0.000000 0.000004 -0.027915 -0.040781 -1.744128
    25 6.879452 0.000000 0.000000 -0.005219 -0.002811 -0.539668
    26 3.859703 -0.142403 -1.191975 -0.479143 0.152189 -0.879872
    27 1.312565 0.000001 0.000004 0.000000 0.009664 -0.439719
    28 0.729362 0.000002 0.000004 -0.028976 0.117245 -0.451386
    29 3.942326 0.046774 -0.431438 -0.155011 0.073329 -0.810646
    30 1.539093 0.000001 0.000000 0.041407 0.089644 -0.699058
    31 1.196320 -0.000001 0.000004 -0.000002 0.007360 -0.430801
    32 3.883686 -0.046767 0.431446 0.812670 -0.191549 -1.550266
    33 1.719570 0.000002 0.000004 0.194938 -0.171308 -0.606847
    34 1.209183 -0.000001 -0.000004 0.409190 -0.306121 -0.737508
    35 3.859859 -0.137950 1.332462 0.716033 -0.200230 -1.353927
    36 1.719429 0.000002 0.000000 -0.000001 0.004072 -0.363008
    37 1.099670 0.000001 0.000004 0.133914 -0.229713 -0.543027
    38 0.806049 -0.348922 1.321259 -1.148537 -0.413342 -0.685814
    39 1.789787 0.000000 0.000004 0.143112 0.004764 0.680910
    40 1.207001 0.000000 -0.000004 -0.238537 -0.328319 0.202547
    41 3.859665 -0.132565 1.193108 0.479138 -0.158546 -0.879039
    42 1.312561 0.000000 0.000000 0.000000 -0.011932 -0.439671
    43 0.729366 0.000002 0.000000 0.000002 -0.006134 -0.244270
    44 3.942291 0.050330 0.431042 -0.174164 0.127577 -1.207787
    45 1.539097 0.000003 0.000000 0.000000 -0.005853 -0.247769
    46 1.196320 0.000000 0.000000 0.004942 -0.275387 -1.121008
    47 3.883648 -0.050325 -0.431044 -0.040059 -0.165983 -1.257799
    48 1.719574 -0.000005 0.000000 0.366781 -0.096847 -2.862813
    49 1.209183 -0.000001 0.000000 0.000001 -0.004461 -0.216376
    50 3.859825 -0.148935 -1.331284 -0.354417 0.038566 -0.532000
    51 1.719425 0.000000 0.000000 0.089602 0.216058 -1.899362
    52 1.099663 0.000000 0.000000 0.000002 -0.004208 -0.244311
    53 0.806015 -0.359835 -1.318335 0.934008 0.297777 -0.930652
    54 1.789780 0.000001 0.000000 0.009096 -0.315147 0.639492
    55 1.207001 0.000000 0.000004 0.000381 -0.070245 0.716387
    56 2.338451 -1.535743 -6.391512 1.520238 -0.094383 -2.001948
  time 33
    0 0.000000 -0.533203 19.828125 1.570795 0.000003 -0.000003
    1 0.000005 3.345128 -2.981903 1.570790 0.067432 1.570789
    2 4.018331 0.000000 0.000000 -0.613121 -0.066670 0.045925
    3 3.518564 0.000000 0.000000 -0.131224 -0.042413 0.157577
    4 8.942642 0.000000 0.000000 -0.413978 -0.021668 0.280468
    5 3.307269 0.000000 -0.000004 -2.940265 -0.130086 0.387319
    6 3.593710 -0.000001 -0.000004 0.895011 -0.069594 0.649630
    7 1.999994 -3.000001 0.000004 -1.570753 -0.000007 -1.326410
    8 2.033349 1.000771 -1.937607 -1.688728 1.147837 2.790133
    9 6.028143 0.000002 -0.000004 1.513655 0.121291 -0.932208
    10 11.692545 0.000000 0.000000 -0.017353 -0.206530 -1.116474
    11 11.481701 0.000000 0.000000 -1.655227 -0.107652 -0.270499
    12 2.676086 -1.712440 0.000000 -1.570753 -0.000007 -1.570752
    13 2.033341 1.000767 1.937660 0.294931 -1.313958 -2.508565
    14 6.028140 0.000002 0.000000 -1.786754 -0.466923 -0.165925
    15 11.692553 0.000000 0.000011 -0.178212 0.729854 -1.402157
    16 11.481667 0.000000 -0.000031 0.832526 -0.014268 -0.151440
    17 2.676086 -1.712440 0.000004 1.570753 0.000007 1.570752
    18 -3.890452 0.000004 0.000004 -1.570797 0.229027 -1.576018
    19 17.848171 0.000000 0.000004 0.000000 0.000000 1.661808
    20 16.525251 0.000000 0.000004 0.038610 0.040778 -1.043418
    21 6.879454 0.000000 0.000008 -0.081332 -0.002951 -0.584373
    22 3.890452 -0.000004 -0.000004 -1.570795 -1.373850 -1.565555
    23 17.848175 0.000000 -0.000004 0.000000 0.000000 1.994689
    24 16.525246 0.000000 0.000004 -0.027915 -0.040781 -1.744128
    25 6.879452 0.000000 0.000000 -0.005219 -0.002811 -0.539668
    26 3.859703 -0.142403 -1.191975 -0.479143 0.152189 -0.879872
    27 1.312565 0.000001 0.000004 0.000000 0.009664 -0.439719
    28 0.729362 0.000002 0.000004 -0.028976 0.117245 -0.451386
    29 3.942326 0.046774 -0.431438 -0.155011 0.073329 -0.810646
    30 1.539093 0.000001 0.000000 0.041407 0.089644 -0.699058
    31 1.196320 -0.000001 0.000004 -0.000002 0.007360 -0.430801
    32 3.883686 -0.046767 0.431446 0.812670 -0.191549 -1.550266
    33 1.719570 0.000002 0.000004 0.194938 -0.171308 -0.606847
    34 1.209183 -0.000001 -0.000004 0.409190 -0.306121 -0.737508
    35 3.859859 -0.137950 1.332462 0.716033 -0.200230 -1.353927
    36 1.719429 0.000002 0.000000 -0.000001 0.004072 -0.363008
    37 1.099670 0.000001 0.000004 0.133914 -0.229713 -0.543027
    38 0.806049 -0.348922 1.321259 -1.148537 -0.413342 -0.685814
    39 1.789787 0.000000 0.000004 0.143112 0.004764 0.680910
    40 1.207001 0.000000 -0.000004 -0.238537 -0.328319 0.202547
    41 3.859665 -0.132565 1.193108 0.479138 -0.158546 -0.879039
    42 1.312561 0.000000 0.000000 0.000000 -0.011932 -0.439671
    43 0.729366 0.000002 0.000000 0.000002 -0.006134 -0.244270
    44 3.942291 0.050330 0.431042 -0.174164 0.127577 -1.207787
    45 1.539097 0.000003 0.000000 0.000000 -0.005853 -0.247769
    46 1.196320 0.000000 0.000000 0.004942 -0.275387 -1.121008
    47 3.883648 -0.050325 -0.431044 -0.040059 -0.165983 -1.257799
    48 1.719574 -0.000005 0.000000 0.366781 -0.096847 -2.862813
    49 1.209183 -0.000001 0.000000 0.000001 -0.004461 -0.216376
    50 3.859825 -0.148935 -1.331284 -0.354417 0.038566 -0.532000
    51 1.719425 0.000000 0.000000 0.089602 0.216058 -1.899362
    52 1.099663 0.000000 0.000000 0.000002 -0.004208 -0.244311
    53 0.806015 -0.359835 -1.318335 0.934008 0.297777 -0.930652
    54 1.789780 0.000001 0.000000 0.009096 -0.315147 0.639492
    55 1.207001 0.000000 0.000004 0.000381 -0.070245 0.716387
    56 2.338451 -1.535743 -6.391512 1.520238 -0.094383 -2.001948
  time 34
    0 0.000000 -0.533203 19.828125 1.570795 0.000003 -0.000003
    1 0.000005 3.345128 -2.981903 1.570790 0.067013 1.570789
    2 4.018331 0.000000 0.000000 -0.613121 -0.066670 0.045925
    3 3.518564 0.000000 0.000000 -0.131224 -0.042413 0.157577
    4 8.942642 0.000000 0.000000 -0.414029 -0.021848 0.280668
    5 3.307269 0.000000 -0.000004 -2.940265 -0.130086 0.387319
    6 3.593710 -0.000001 -0.000004 0.894965 -0.070601 0.650440
    7 1.999994 -3.000001 0.000004 -1.570800 -0.000007 -1.326410
    8 2.033349 1.000771 -1.937607 -1.688728 1.147837 2.790133
    9 6.028143 0.000002 -0.000004 1.508968 0.123750 -0.939347
    10 11.692545 0.000000 0.000000 -0.018659 -0.204996 -1.119105
    11 11.481701 0.000000 0.000000 -1.656791 -0.105054 -0.272706
    12 2.676086 -1.712440 0.000000 -1.570753 -0.000007 -1.570752
    13 2.033341 1.000767 1.937660 0.294931 -1.313958 -2.508565
    14 6.028140 0.000002 0.000000 -1.787280 -0.466349 -0.165457
    15 11.692553 0.000000 0.000011 -0.178602 0.729953 -1.402087
    16 11.481667 0.000000 -0.000031 0.832526 -0.014268 -0.151440
    17 2.676086 -1.712440 0.000004 1.570753 0.000007 1.570752
    18 -3.890452 0.000004 0.000004 -1.570797 0.229027 -1.576018
    19 17.848171 0.000000 0.000004 0.000000 0.000000 1.661808
    20 16.525251 0.000000 0.000004 0.038610 0.040778 -1.043418
    21 6.879454 0.000000 0.000008 -0.081332 -0.002951 -0.584373
    22 3.890452 -0.000004 -0.000004 -1.570795 -1.373850 -1.565555
    23 17.848175 0.000000 -0.000004 0.000000 0.000000 1.994689
    24 16.525246 0.000000 0.000004 -0.027915 -0.040781 -1.744128
    25 6.879452 0.000000 0.000000 -0.005219 -0.002811 -0.539668
    26 3.859703 -0.142403 -1.191975 -0.479143 0.152189 -0.879872
    27 1.312565 0.000001 0.000004 0.000000 0.009664 -0.439719
    28 0.729362 0.000002 0.000004 -0.028976 0.117245 -0.451386
    29 3.942326 0.046774 -0.431438 -0.155011 0.073329 -0.810646
    30 1.539093 0.000001 0.000000 0.041407 0.089644 -0.699058
    31 1.196320 -0.000001 0.000004 -0.000002 0.007360 -0.430801
    32 3.883686 -0.046767 0.431446 0.812670 -0.191549 -1.550266
    33 1.719570 0.000002 0.000004 0.194938 -0.171308 -0.606847
    34 1.209183 -0.000001 -0.000004 0.409190 -0.306121 -0.737508
    35 3.859859 -0.137950 1.332462 0.716033 -0.200230 -1.353927
    36 1.719429 0.000002 0.000000 -0.000001 0.004072 -0.363008
    37 1.099670 0.000001 0.000004 0.133914 -0.229713 -0.543027
    38 0.806049 -0.348922 1.321259 -1.148537 -0.413342 -0.685814
    39 1.789787 0.000000 0.000004 0.143112 0.004764 0.680910
    40 1.207001 0.000000 -0.000004 -0.238537 -0.328319 0.202547
    41 3.859665 -0.132565 1.193108 0.479138 -0.158546 -0.879039
    42 1.312561 0.000000 0.000000 0.000000 -0.011932 -0.439671
    43 0.729366 0.000002 0.000000 0.000002 -0.006134 -0.244270
    44 3.942291 0.050330 0.431042 -0.174164 0.127577 -1.207787
    45 1.539097 0.000003 0.000000 0.000000 -0.005853 -0.247769
    46 1.196320 0.000000 0.000000 0.004942 -0.275387 -1.121008
    47 3.883648 -0.050325 -0.431044 -0.040059 -0.165983 -1.257799
    48 1.719574 -0.000005 0.000000 0.366781 -0.096847 -2.862813
    49 1.209183 -0.000001 0.000000 0.000001 -0.004461 -0.216376
    50 3.859825 -0.148935 -1.331284 -0.354417 0.038566 -0.532000
    51 1.719425 0.000000 0.000000 0.089602 0.216058 -1.899420
    52 1.099663 0.000000 0.000000 0.000002 -0.004208 -0.244311
    53 0.806015 -0.359835 -1.318335 0.934008 0.297777 -0.930652
    54 1.789780 0.000001 0.000000 0.009096 -0.315147 0.639492
    55 1.207001 0.000000 0.000004 0.000381 -0.070245 0.716387
    56 2.338451 -1.535743 -6.391512 1.520238 -0.094383 -2.001948
  time 35
    0 0.000000 -0.533203 19.828125 1.570795 0.000003 -0.000003
    1 0.000005 3.345128 -2.981903 1.570790 0.066653 1.570789
    2 4.018331 0.000000 0.000000 -0.613121 -0.066670 0.045925
    3 3.518564 0.000000 0.000000 -0.131224 -0.042413 0.157577
    4 8.942642 0.000000 0.000000 -0.414067 -0.021992 0.280837
    5 3.307269 0.000000 -0.000004 -2.940265 -0.130086 0.387319
    6 3.593710 -0.000001 -0.000004 0.894919 -0.071476 0.651108
    7 1.999994 -3.000001 0.000004 -1.570753 -0.000007 -1.326410
    8 2.033349 1.000771 -1.937607 -1.688728 1.147837 2.790133
    9 6.028143 0.000002 -0.000004 1.504557 0.126051 -0.946061
    10 11.692545 0.000000 0.000000 -0.019893 -0.203570 -1.121604
    11 11.481701 0.000000 0.000000 -1.658248 -0.102615 -0.274766
    12 2.676086 -1.712440 0.000000 -1.570753 -0.000007 -1.570752
    13 2.033341 1.000767 1.937660 0.294931 -1.313958 -2.508565
    14 6.028140 0.000002 0.000000 -1.787689 -0.465877 -0.165067
    15 11.692553 0.000000 0.000011 -0.178949 0.730020 -1.402087
    16 11.481667 0.000000 -0.000031 0.832526 -0.014268 -0.151440
    17 2.676086 -1.712440 0.000004 1.570753 0.000007 1.570752
    18 -3.890452 0.000004 0.000004 -1.570797 0.229027 -1.576018
    19 17.848171 0.000000 0.000004 0.000000 0.000000 1.661808
    20 16.525251 0.000000 0.000004 0.038610 0.040778 -1.043418
    21 6.879454 0.000000 0.000008 -0.081332 -0.002951 -0.584373
    22 3.890452 -0.000004 -0.000004 -1.570795 -1.373850 -1.565555
    23 17.848175 0.000000 -0.000004 0.000000 0.000000 1.994689
    24 16.525246 0.000000 0.000004 -0.027915 -0.040781 -1.744128
    25 6.879452 0.000000 0.000000 -0.005219 -0.002811 -0.539668
    26 3.859703 -0.142403 -1.191975 -0.479143 0.152189 -0.879872
    27 1.312565 0.000001 0.000004 0.000000 0.009664 -0.439719
    28 0.729362 0.000002 0.000004 -0.028976 0.117245 -0.451386
    29 3.942326 0.046774 -0.431438 -0.155011 0.073329 -0.810646
    30 1.539093 0.000001 0.000000 0.041407 0.089644 -0.699058
    31 1.196320 -0.000001 0.000004 -0.000002 0.007360 -0.430801
    32 3.883686 -0.046767 0.431446 0.812670 -0.191549 -1.550266
    33 1.719570 0.000002 0.000004 0.194938 -0.171308 -0.606847
    34 1.209183 -0.000001 -0.000004 0.409190 -0.306121 -0.737508
    35 3.859859 -0.137950 1.332462 0.716033 -0.200230 -1.353927
    36 1.719429 0.000002 0.000000 -0.000001 0.004072 -0.363008
    37 1.099670 0.000001 0.000004 0.133914 -0.229713 -0.543027
    38 0.806049 -0.348922 1.321259 -1.148537 -0.413342 -0.685814
    39 1.789787 0.000000 0.000004 0.143112 0.004764 0.680910
    40 1.207001 0.000000 -0.000004 -0.238537 -0.328319 0.202547
    41 3.859665 -0.132565 1.193108 0.479138 -0.158546 -0.879039
    42 1.312561 0.000000 0.000000 0.000000 -0.011932 -0.439671
    43 0.729366 0.000002 0.000000 0.000002 -0.006134 -0.244270
    44 3.942291 0.050330 0.431042 -0.174164 0.127577 -1.207787
    45 1.539097 0.000003 0.000000 0.000000 -0.005853 -0.247769
    46 1.196320 0.000000 0.000000 0.004942 -0.275387 -1.121008
    47 3.883648 -0.050325 -0.431044 -0.040059 -0.165983 -1.257799
    48 1.719574 -0.000005 0.000000 0.366781 -0.096847 -2.862813
    49 1.209183 -0.000001 0.000000 0.000001 -0.004461 -0.216376
    50 3.859825 -0.148935 -1.331284 -0.354417 0.038566 -0.532000
    51 1.719425 0.000000 0.000000 0.089602 0.216058 -1.899362
    52 1.099663 0.000000 0.000000 0.000002 -0.004208 -0.244311
    53 0.806015 -0.359835 -1.318335 0.934008 0.297777 -0.930652
    54 1.789780 0.000001 0.000000 0.009096 -0.315147 0.639492
    55 1.207001 0.000000 0.000004 0.000381 -0.070245 0.716387
    56 2.338451 -1.535743 -6.391512 1.520238 -0.094383 -2.001948
  time 36
    0 0.000000 -0.533203 19.828125 1.570795 0.000003 -0.000003
    1 0.000005 3.345128 -2.981903 1.570790 0.066342 1.570789
    2 4.018331 0.000000 0.000000 -0.613121 -0.066670 0.045925
    3 3.518564 0.000000 0.000000 -0.131224 -0.042413 0.157577
    4 8.942642 0.000000 0.000000 -0.414093 -0.022124 0.280991
    5 3.307269 0.000000 -0.000004 -2.940265 -0.130086 0.387319
    6 3.593710 -0.000001 -0.000004 0.894873 -0.072207 0.651706
    7 1.999994 -3.000001 0.000004 -1.570753 -0.000007 -1.326410
    8 2.033349 1.000771 -1.937607 -1.688728 1.147837 2.790133
    9 6.028143 0.000002 -0.000004 1.500421 0.128213 -0.952281
    10 11.692545 0.000000 0.000000 -0.021044 -0.202228 -1.123972
    11 11.481701 0.000000 0.000000 -1.659597 -0.100334 -0.276679
    12 2.676086 -1.712440 0.000000 -1.570753 -0.000007 -1.570752
    13 2.033341 1.000767 1.937660 0.294931 -1.313958 -2.508565
    14 6.028140 0.000002 0.000000 -1.788098 -0.465473 -0.164716
    15 11.692553 0.000000 0.000011 -0.179231 0.730086 -1.402017
    16 11.481667 0.000000 -0.000031 0.832526 -0.014268 -0.151440
    17 2.676086 -1.712440 0.000004 1.570753 0.000007 1.570752
    18 -3.890452 0.000004 0.000004 -1.570797 0.229027 -1.576018
    19 17.848171 0.000000 0.000004 0.000000 0.000000 1.661808
    20 16.525251 0.000000 0.000004 0.038610 0.040778 -1.043418
    21 6.879454 0.000000 0.000008 -0.081332 -0.002951 -0.584373
    22 3.890452 -0.000004 -0.000004 -1.570795 -1.373850 -1.565555
    23 17.848175 0.000000 -0.000004 0.000000 0.000000 1.994689
    24 16.525246 0.000000 0.000004 -0.027915 -0.040781 -1.744128
    25 6.879452 0.000000 0.000000 -0.005219 -0.002811 -0.539668
    26 3.859703 -0.142403 -1.191975 -0.479143 0.152189 -0.879872
    27 1.312565 0.000001 0.000004 0.000000 0.009664 -0.439719
    28 0.729362 0.000002 0.000004 -0.028976 0.117245 -0.451386
    29 3.942326 0.046774 -0.431438 -0.155011 0.073329 -0.810646
    30 1.539093 0.000001 0.000000 0.041407 0.089644 -0.699058
    31 1.196320 -0.000001 0.000004 -0.000002 0.007360 -0.430801
    32 3.883686 -0.046767 0.431446 0.812670 -0.191549 -1.550266
    33 1.719570 0.000002 0.000004 0.194938 -0.171308 -0.606847
    34 1.209183 -0.000001 -0.000004 0.409190 -0.306121 -0.737508
    35 3.859859 -0.137950 1.332462 0.716033 -0.200230 -1.353927
    36 1.719429 0.000002 0.000000 -0.000001 0.004072 -0.363008
    37 1.099670 0.000001 0.000004 0.133914 -0.229713 -0.543027
    38 0.806049 -0.348922 1.321259 -1.148537 -0.413342 -0.685814
    39 1.789787 0.000000 0.000004 0.143112 0.004764 0.680910
    40 1.207001 0.000000 -0.000004 -0.238537 -0.328319 0.202547
    41 3.859665 -0.132565 1.193108 0.479138 -0.158546 -0.879039
    42 1.312561 0.000000 0.000000 0.000000 -0.011932 -0.439671
    43 0.729366 0.000002 0.000000 0.000002 -0.006134 -0.244270
    44 3.942291 0.050330 0.431042 -0.174164 0.127577 -1.207787
    45 1.539097 0.000003 0.000000 0.000000 -0.005853 -0.247769
    46 1.196320 0.000000 0.000000 0.004942 -0.275387 -1.121008
    47 3.883648 -0.050325 -0.431044 -0.040059 -0.165983 -1.257799
    48 1.719574 -0.000005 0.000000 0.366781 -0.096847 -2.862813
    49 1.209183 -0.000001 0.000000 0.000001 -0.004461 -0.216376
    50 3.859825 -0.148935 -1.331284 -0.354417 0.038566 -0.532000
    51 1.719425 0.000000 0.000000 0.089602 0.216058 -1.899362
    52 1.099663 0.000000 0.000000 0.000002 -0.004208 -0.244311
    53 0.806015 -0.359835 -1.318335 0.934008 0.297777 -0.930652
    54 1.789780 0.000001 0.000000 0.009096 -0.315147 0.639492
    55 1.207001 0.000000 0.000004 0.000381 -0.070245 0.716387
    56 2.338451 -1.535743 -6.391512 1.520238 -0.094383 -2.001948
  time 37
    0 0.000000 -0.533203 19.828125 1.570795 0.000003 -0.000003
    1 0.000005 3.345128 -2.981903 1.570790 0.066102 1.570789
    2 4.018331 0.000000 0.000000 -0.613121 -0.066670 0.045925
    3 3.518564 0.000000 0.000000 -0.131224 -0.042413 0.157577
    4 8.942642 0.000000 0.000000 -0.414131 -0.022231 0.281098
    5 3.307269 0.000000 -0.000004 -2.940265 -0.130086 0.387319
    6 3.593710 -0.000001 -0.000004 0.894828 -0.072794 0.652164
    7 1.999994 -3.000001 0.000004 -1.570753 -0.000007 -1.326410
    8 2.033349 1.000771 -1.937607 -1.688728 1.147837 2.790133
    9 6.028143 0.000002 -0.000004 1.496653 0.130201 -0.958041
    10 11.692545 0.000000 0.000000 -0.022111 -0.201006 -1.126077
    11 11.481701 0.000000 0.000000 -1.660838 -0.098243 -0.278445
    12 2.676086 -1.712440 0.000000 -1.570753 -0.000007 -1.570752
    13 2.033341 1.000767 1.937660 0.294931 -1.313958 -2.508565
    14 6.028140 0.000002 0.000000 -1.788332 -0.465169 -0.164442
    15 11.692553 0.000000 0.000011 -0.179448 0.730152 -1.402017
    16 11.481667 0.000000 -0.000031 0.832526 -0.014268 -0.151440
    17 2.676086 -1.712440 0.000004 1.570753 0.000007 1.570752
    18 -3.890452 0.000004 0.000004 -1.570797 0.229027 -1.576018
    19 17.848171 0.000000 0.000004 0.000000 0.000000 1.661808
    20 16.525251 0.000000 0.000004 0.038610 0.040778 -1.043418
    21 6.879454 0.000000 0.000008 -0.081332 -0.002951 -0.584373
    22 3.890452 -0.000004 -0.000004 -1.570795 -1.373850 -1.565555
    23 17.848175 0.000000 -0.000004 0.000000 0.000000 1.994689
    24 16.525246 0.000000 0.000004 -0.027915 -0.040781 -1.744128
    25 6.879452 0.000000 0.000000 -0.005219 -0.002811 -0.539668
    26 3.859703 -0.142403 -1.191975 -0.479143 0.152189 -0.879872
    27 1.312565 0.000001 0.000004 0.000000 0.009664 -0.439719
    28 0.729362 0.000002 0.000004 -0.028976 0.117245 -0.451386
    29 3.942326 0.046774 -0.431438 -0.155011 0.073329 -0.810646
    30 1.539093 0.000001 0.000000 0.041407 0.089644 -0.699058
    31 1.196320 -0.000001 0.000004 -0.000002 0.007360 -0.430801
    32 3.883686 -0.046767 0.431446 0.812670 -0.191549 -1.550266
    33 1.719570 0.000002 0.000004 0.194938 -0.171308 -0.606847
    34 1.209183 -0.000001 -0.000004 0.409190 -0.306121 -0.737508
    35 3.859859 -0.137950 1.332462 0.716033 -0.200230 -1.353927
    36 1.719429 0.000002 0.000000 -0.000001 0.004072 -0.363008
    37 1.099670 0.000001 0.000004 0.133914 -0.229713 -0.543027
    38 0.806049 -0.348922 1.321259 -1.148537 -0.413342 -0.685814
    39 1.789787 0.000000 0.000004 0.143112 0.004764 0.680910
    40 1.207001 0.000000 -0.000004 -0.238537 -0.328319 0.202547
    41 3.859665 -0.132565 1.193108 0.479138 -0.158546 -0.879039
    42 1.312561 0.000000 0.000000 0.000000 -0.011932 -0.439671
    43 0.729366 0.000002 0.000000 0.000002 -0.006134 -0.244270
    44 3.942291 0.050330 0.431042 -0.174164 0.127577 -1.207787
    45 1.539097 0.000003 0.000000 0.000000 -0.005853 -0.247769
    46 1.196320 0.000000 0.000000 0.004942 -0.275387 -1.121008
    47 3.883648 -0.050325 -0.431044 -0.040059 -0.165983 -1.257799
    48 1.719574 -0.000005 0.000000 0.366781 -0.096847 -2.862813
    49 1.209183 -0.000001 0.000000 0.000001 -0.004461 -0.216376
    50 3.859825 -0.148935 -1.331284 -0.354417 0.038566 -0.532000
    51 1.719425 0.000000 0.000000 0.089602 0.216058 -1.899362
    52 1.099663 0.000000 0.000000 0.000002 -0.004208 -0.244311
    53 0.806015 -0.359835 -1.318335 0.934008 0.297777 -0.930652
    54 1.789780 0.000001 0.000000 0.009096 -0.315147 0.639492
    55 1.207001 0.000000 0.000004 0.000381 -0.070245 0.716387
    56 2.338451 -1.535743 -6.391512 1.520238 -0.094383 -2.001948
  time 38
    0 0.000000 -0.533203 19.828125 1.570795 0.000003 -0.000003
    1 0.000005 3.345128 -2.981903 1.570790 0.065922 1.570789
    2 4.018331 0.000000 0.000000 -0.613121 -0.066670 0.045925
    3 3.518564 0.000000 0.000000 -0.131224 -0.042413 0.157577
    4 8.942642 0.000000 0.000000 -0.414144 -0.022303 0.281190
    5 3.307269 0.000000 -0.000004 -2.940265 -0.130086 0.387319
    6 3.593710 -0.000001 -0.000004 0.894828 -0.073238 0.652481
    7 1.999994 -3.000001 0.000004 -1.570753 -0.000007 -1.326410
    8 2.033349 1.000771 -1.937607 -1.688728 1.147837 2.790133
    9 6.028143 0.000002 -0.000004 1.493253 0.131997 -0.963236
    10 11.692545 0.000000 0.000000 -0.023069 -0.199891 -1.128050
    11 11.481701 0.000000 0.000000 -1.661970 -0.096342 -0.280063
    12 2.676086 -1.712440 0.000000 -1.570753 -0.000007 -1.570752
    13 2.033341 1.000767 1.937660 0.294931 -1.313958 -2.508565
    14 6.028140 0.000002 0.000000 -1.788566 -0.464933 -0.164247
    15 11.692553 0.000000 0.000011 -0.179622 0.730185 -1.402017
    16 11.481667 0.000000 -0.000031 0.832526 -0.014268 -0.151440
    17 2.676086 -1.712440 0.000004 1.570753 0.000007 1.570752
    18 -3.890452 0.000004 0.000004 -1.570797 0.229027 -1.576018
    19 17.848171 0.000000 0.000004 0.000000 0.000000 1.661808
    20 16.525251 0.000000 0.000004 0.038610 0.040778 -1.043418
    21 6.879454 0.000000 0.000008 -0.081332 -0.002951 -0.584373
    22 3.890452 -0.000004 -0.000004 -1.570795 -1.373850 -1.565555
    23 17.848175 0.000000 -0.000004 0.000000 0.000000 1.994689
    24 16.525246 0.000000 0.000004 -0.027915 -0.040781 -1.744128
    25 6.879452 0.000000 0.000000 -0.005219 -0.002811 -0.539668
    26 3.859703 -0.142403 -1.191975 -0.479143 0.152189 -0.879872
    27 1.312565 0.000001 0.000004 0.000000 0.009664 -0.439719
    28 0.729362 0.000002 0.000004 -0.028976 0.117245 -0.451386
    29 3.942326 0.046774 -0.431438 -0.155011 0.073329 -0.810646
    30 1.539093 0.000001 0.000000 0.041407 0.089644 -0.699058
    31 1.196320 -0.000001 0.000004 -0.000002 0.007360 -0.430801
    32 3.883686 -0.046767 0.431446 0.812670 -0.191549 -1.550266
    33 1.719570 0.000002 0.000004 0.194938 -0.171308 -0.606847
    34 1.209183 -0.000001 -0.000004 0.409190 -0.306121 -0.737508
    35 3.859859 -0.137950 1.332462 0.716033 -0.200230 -1.353927
    36 1.719429 0.000002 0.000000 -0.000001 0.004072 -0.363008
    37 1.099670 0.000001 0.000004 0.133914 -0.229713 -0.543027
    38 0.806049 -0.348922 1.321259 -1.148537 -0.413342 -0.685814
    39 1.789787 0.000000 0.000004 0.143112 0.004764 0.680910
    40 1.207001 0.000000 -0.000004 -0.238537 -0.328319 0.202547
    41 3.859665 -0.132565 1.193108 0.479138 -0.158546 -0.879039
    42 1.312561 0.000000 0.000000 0.000000 -0.011932 -0.439671
    43 0.729366 0.000002 0.000000 0.000002 -0.006134 -0.244270
    44 3.942291 0.050330 0.431042 -0.174164 0.127577 -1.207787
    45 1.539097 0.000003 0.000000 0.000000 -0.005853 -0.247769
    46 1.196320 0.000000 0.000000 0.004942 -0.275387 -1.121008
    47 3.883648 -0.050325 -0.431044 -0.040059 -0.165983 -1.257799
    48 1.719574 -0.000005 0.000000 0.366781 -0.096847 -2.862813
    49 1.209183 -0.000001 0.000000 0.000001 -0.004461 -0.216376
    50 3.859825 -0.148935 -1.331284 -0.354417 0.038566 -0.532000
    51 1.719425 0.000000 0.000000 0.089602 0.216058 -1.899362
    52 1.099663 0.000000 0.000000 0.000002 -0.004208 -0.244311
    53 0.806015 -0.359835 -1.318335 0.934008 0.297777 -0.930652
    54 1.789780 0.000001 0.000000 0.009096 -0.315147 0.639492
    55 1.207001 0.000000 0.000004 0.000381 -0.070245 0.716387
    56 2.338451 -1.535743 -6.391512 1.520238 -0.094383 -2.001948
  time 39
    0 0.000000 -0.533203 19.828125 1.570795 0.000003 -0.000003
    1 0.000005 3.345128 -2.981903 1.570790 0.065802 1.570789
    2 4.018331 0.000000 0.000000 -0.613121 -0.066670 0.045925
    3 3.518564 0.000000 0.000000 -0.131224 -0.042413 0.157577
    4 8.942642 0.000000 0.000000 -0.414156 -0.022351 0.281237
    5 3.307269 0.000000 -0.000004 -2.940265 -0.130086 0.387319
    6 3.593710 -0.000001 -0.000004 0.894782 -0.073501 0.652692
    7 1.999994 -3.000001 0.000004 -1.570753 -0.000007 -1.326410
    8 2.033349 1.000771 -1.937607 -1.688728 1.147837 2.790133
    9 6.028143 0.000002 -0.000004 1.490220 0.133584 -0.967865
    10 11.692545 0.000000 0.000000 -0.023920 -0.198896 -1.129760
    11 11.481701 0.000000 0.000000 -1.662942 -0.094663 -0.281486
    12 2.676086 -1.712440 0.000000 -1.570753 -0.000007 -1.570752
    13 2.033341 1.000767 1.937660 0.294931 -1.313958 -2.508565
    14 6.028140 0.000002 0.000000 -1.788683 -0.464798 -0.164130
    15 11.692553 0.000000 0.000011 -0.179730 0.730218 -1.402017
    16 11.481667 0.000000 -0.000031 0.832526 -0.014268 -0.151440
    17 2.676086 -1.712440 0.000004 1.570753 0.000007 1.570752
    18 -3.890452 0.000004 0.000004 -1.570797 0.229027 -1.576018
    19 17.848171 0.000000 0.000004 0.000000 0.000000 1.661808
    20 16.525251 0.000000 0.000004 0.038610 0.040778 -1.043418
    21 6.879454 0.000000 0.000008 -0.081332 -0.002951 -0.584373
    22 3.890452 -0.000004 -0.000004 -1.570795 -1.373850 -1.565555
    23 17.848175 0.000000 -0.000004 0.000000 0.000000 1.994689
    24 16.525246 0.000000 0.000004 -0.027915 -0.040781 -1.744128
    25 6.879452 0.000000 0.000000 -0.005219 -0.002811 -0.539668
    26 3.859703 -0.142403 -1.191975 -0.479143 0.152189 -0.879872
    27 1.312565 0.000001 0.000004 0.000000 0.009664 -0.439719
    28 0.729362 0.000002 0.000004 -0.028976 0.117245 -0.451386
    29 3.942326 0.046774 -0.431438 -0.155011 0.073329 -0.810646
    30 1.539093 0.000001 0.000000 0.041407 0.089644 -0.699058
    31 1.196320 -0.000001 0.000004 -0.000002 0.007360 -0.430801
    32 3.883686 -0.046767 0.431446 0.812670 -0.191549 -1.550266
    33 1.719570 0.000002 0.000004 0.194938 -0.171308 -0.606847
    34 1.209183 -0.000001 -0.000004 0.409190 -0.306121 -0.737508
    35 3.859859 -0.137950 1.332462 0.716033 -0.200230 -1.353927
    36 1.719429 0.000002 0.000000 -0.000001 0.004072 -0.363008
    37 1.099670 0.000001 0.000004 0.133914 -0.229713 -0.543027
    38 0.806049 -0.348922 1.321259 -1.148537 -0.413342 -0.685814
    39 1.789787 0.000000 0.000004 0.143112 0.004764 0.680910
    40 1.207001 0.000000 -0.000004 -0.238537 -0.328319 0.202547
    41 3.859665 -0.132565 1.193108 0.479138 -0.158546 -0.879039
    42 1.312561 0.000000 0.000000 0.000000 -0.011932 -0.439671
    43 0.729366 0.000002 0.000000 0.000002 -0.006134 -0.244270
    44 3.942291 0.050330 0.431042 -0.174164 0.127577 -1.207787
    45 1.539097 0.000003 0.000000 0.000000 -0.005853 -0.247769
    46 1.196320 0.000000 0.000000 0.004942 -0.275387 -1.121008
    47 3.883648 -0.050325 -0.431044 -0.040059 -0.165983 -1.257799
    48 1.719574 -0.000005 0.000000 0.366781 -0.096847 -2.862813
    49 1.209183 -0.000001 0.000000 0.000001 -0.004461 -0.216376
    50 3.859825 -0.148935 -1.331284 -0.354417 0.038566 -0.532000
    51 1.719425 0.000000 0.000000 0.089602 0.216058 -1.899362
    52 1.099663 0.000000 0.000000 0.000002 -0.004208 -0.244311
    53 0.806015 -0.359835 -1.318335 0.934008 0.297777 -0.930652
    54 1.789780 0.000001 0.000000 0.009096 -0.315147 0.639492
    55 1.207001 0.000000 0.000004 0.000381 -0.070245 0.716387
    56 2.338451 -1.535743 -6.391512 1.520238 -0.094383 -2.001948
  time 40
    0 0.000000 -0.533203 19.828125 1.570795 0.000003 -0.000003
    1 0.000005 3.345128 -2.981903 1.570790 0.065766 1.570789
    2 4.018331 0.000000 0.000000 -0.613121 -0.066670 0.045925
    3 3.518564 0.000000 0.000000 -0.131224 -0.042413 0.157577
    4 8.942642 0.000000 0.000000 -0.414169 -0.022363 0.281252
    5 3.307269 0.000000 -0.000004 -2.940265 -0.130086 0.387319
    6 3.593710 -0.000001 -0.000004 0.894782 -0.073585 0.652762
    7 1.999994 -3.000001 0.000004 -1.570753 -0.000007 -1.326410
    8 2.033349 1.000771 -1.937607 -1.688728 1.147837 2.790133
    9 6.028143 0.000002 -0.000004 1.487555 0.134979 -0.971894
    10 11.692545 0.000000 0.000000 -0.024651 -0.198045 -1.131273
    11 11.481701 0.000000 0.000000 -1.663805 -0.093206 -0.282712
    12 2.676086 -1.712440 0.000000 -1.570753 -0.000007 -1.570752
    13 2.033341 1.000767 1.937660 0.294931 -1.313958 -2.508565
    14 6.028140 0.000002 0.000000 -1.788741 -0.464730 -0.164091
    15 11.692553 0.000000 0.000011 -0.179752 0.730218 -1.402017
    16 11.481667 0.000000 -0.000031 0.832526 -0.014268 -0.151440
    17 2.676086 -1.712440 0.000004 1.570753 0.000007 1.570752
    18 -3.890452 0.000004 0.000004 -1.570797 0.229027 -1.576018
    19 17.848171 0.000000 0.000004 0.000000 0.000000 1.661808
    20 16.525251 0.000000 0.000004 0.038610 0.040778 -1.043418
    21 6.879454 0.000000 0.000008 -0.081332 -0.002951 -0.584373
    22 3.890452 -0.000004 -0.000004 -1.570795 -1.373850 -1.565555
    23 17.848175 0.000000 -0.000004 0.000000 0.000000 1.994689
    24 16.525246 0.000000 0.000004 -0.027915 -0.040781 -1.744128
    25 6.879452 0.000000 0.000000 -0.005219 -0.002811 -0.539668
    26 3.859703 -0.142403 -1.191975 -0.479143 0.152189 -0.879872
    27 1.312565 0.000001 0.000004 0.000000 0.009664 -0.439719
    28 0.729362 0.000002 0.000004 -0.028976 0.117245 -0.451386
    29 3.942326 0.046774 -0.431438 -0.155011 0.073329 -0.810646
    30 1.539093 0.000001 0.000000 0.041407 0.089644 -0.699058
    31 1.196320 -0.000001 0.000004 -0.000002 0.007360 -0.430801
    32 3.883686 -0.046767 0.431446 0.812670 -0.191549 -1.550266
    33 1.719570 0.000002 0.000004 0.194938 -0.171308 -0.606847
    34 1.209183 -0.000001 -0.000004 0.409190 -0.306121 -0.737508
    35 3.859859 -0.137950 1.332462 0.716033 -0.200230 -1.353927
    36 1.719429 0.000002 0.000000 -0.000001 0.004072 -0.363008
    37 1.099670 0.000001 0.000004 0.133914 -0.229713 -0.543027
    38 0.806049 -0.348922 1.321259 -1.148537 -0.413342 -0.685814
    39 1.789787 0.000000 0.000004 0.143112 0.004764 0.680910
    40 1.207001 0.000000 -0.000004 -0.238537 -0.328319 0.202547
    41 3.859665 -0.132565 1.193108 0.479138 -0.158546 -0.879039
    42 1.312561 0.000000 0.000000 0.000000 -0.011932 -0.439671
    43 0.729366 0.000002 0.000000 0.000002 -0.006134 -0.244270
    44 3.942291 0.050330 0.431042 -0.174164 0.127577 -1.207787
    45 1.539097 0.000003 0.000000 0.000000 -0.005853 -0.247769
    46 1.196320 0.000000 0.000000 0.004942 -0.275387 -1.121008
    47 3.883648 -0.050325 -0.431044 -0.040059 -0.165983 -1.257799
    48 1.719574 -0.000005 0.000000 0.366781 -0.096847 -2.862900
    49 1.209183 -0.000001 0.000000 0.000001 -0.004461 -0.216376
    50 3.859825 -0.148935 -1.331284 -0.354417 0.038566 -0.532000
    51 1.719425 0.000000 0.000000 0.089602 0.216058 -1.899362
    52 1.099663 0.000000 0.000000 0.000002 -0.004208 -0.244311
    53 0.806015 -0.359835 -1.318335 0.934008 0.297777 -0.930652
    54 1.789780 0.000001 0.000000 0.009096 -0.315147 0.639492
    55 1.207001 0.000000 0.000004 0.000381 -0.070245 0.716387
    56 2.338451 -1.535743 -6.391512 1.520238 -0.094383 -2.001948
  time 41
    0 0.000000 -0.533203 19.828125 1.570795 0.000003 -0.000003
    1 0.000005 3.345128 -2.981903 1.570790 0.065790 1.570789
    2 4.018331 0.000000 0.000000 -0.613121 -0.066670 0.045925
    3 3.518564 0.000000 0.000000 -0.131224 -0.042413 0.157577
    4 8.942642 0.000000 0.000000 -0.414156 -0.022363 0.281252
    5 3.307269 0.000000 -0.000004 -2.940265 -0.130086 0.387319
    6 3.593710 -0.000001 -0.000004 0.894782 -0.073549 0.652762
    7 1.999994 -3.000001 0.000004 -1.570753 -0.000007 -1.326410
    8 2.033349 1.000771 -1.937607 -1.688728 1.147837 2.790133
    9 6.028143 0.000002 -0.000004 1.485350 0.136130 -0.975251
    10 11.692545 0.000000 0.000000 -0.025275 -0.197314 -1.132522
    11 11.481701 0.000000 0.000000 -1.664560 -0.091971 -0.283742
    12 2.676086 -1.712440 0.000000 -1.570753 -0.000007 -1.570752
    13 2.033341 1.000767 1.937660 0.294931 -1.313958 -2.508565
    14 6.028140 0.000002 0.000000 -1.788741 -0.464764 -0.164091
    15 11.692553 0.000000 0.000011 -0.179752 0.730218 -1.402017
    16 11.481667 0.000000 -0.000031 0.832526 -0.014268 -0.151440
    17 2.676086 -1.712440 0.000004 1.570753 0.000007 1.570752
    18 -3.890452 0.000004 0.000004 -1.570797 0.229027 -1.576018
    19 17.848171 0.000000 0.000004 0.000000 0.000000 1.661808
    20 16.525251 0.000000 0.000004 0.038610 0.040778 -1.043418
    21 6.879454 0.000000 0.000008 -0.081332 -0.002951 -0.584373
    22 3.890452 -0.000004 -0.000004 -1.570795 -1.373850 -1.565555
    23 17.848175 0.000000 -0.000004 0.000000 0.000000 1.994689
    24 16.525246 0.000000 0.000004 -0.027915 -0.040781 -1.744128
    25 6.879452 0.000000 0.000000 -0.005219 -0.002811 -0.539668
    26 3.859703 -0.142403 -1.191975 -0.479143 0.152189 -0.879872
    27 1.312565 0.000001 0.000004 0.000000 0.009664 -0.439719
    28 0.729362 0.000002 0.000004 -0.028976 0.117245 -0.451386
    29 3.942326 0.046774 -0.431438 -0.155011 0.073329 -0.810646
    30 1.539093 0.000001 0.000000 0.041407 0.089644 -0.699058
    31 1.196320 -0.000001 0.000004 -0.000002 0.007360 -0.430801
    32 3.883686 -0.046767 0.431446 0.812670 -0.191549 -1.550266
    33 1.719570 0.000002 0.000004 0.194938 -0.171308 -0.606847
    34 1.209183 -0.000001 -0.000004 0.409190 -0.306121 -0.737508
    35 3.859859 -0.137950 1.332462 0.716033 -0.200230 -1.353927
    36 1.719429 0.000002 0.000000 -0.000001 0.004072 -0.363008
    37 1.099670 0.000001 0.000004 0.133914 -0.229713 -0.543027
    38 0.806049 -0.348922 1.321259 -1.148537 -0.413342 -0.685814
    39 1.789787 0.000000 0.000004 0.143112 0.004764 0.680910
    40 1.207001 0.000000 -0.000004 -0.238537 -0.328319 0.202547
    41 3.859665 -0.132565 1.193108 0.479138 -0.158546 -0.879039
    42 1.312561 0.000000 0.000000 0.000000 -0.011932 -0.439671
    43 0.729366 0.000002 0.000000 0.000002 -0.006134 -0.244270
    44 3.942291 0.050330 0.431042 -0.174164 0.127577 -1.207787
    45 1.539097 0.000003 0.000000 0.000000 -0.005853 -0.247769
    46 1.196320 0.000000 0.000000 0.004942 -0.275387 -1.121008
    47 3.883648 -0.050325 -0.431044 -0.040059 -0.165983 -1.257799
    48 1.719574 -0.000005 0.000000 0.366781 -0.096847 -2.862813
    49 1.209183 -0.000001 0.000000 0.000001 -0.004461 -0.216376
    50 3.859825 -0.148935 -1.331284 -0.354417 0.038566 -0.532000
    51 1.719425 0.000000 0.000000 0.089602 0.216058 -1.899362
    52 1.099663 0.000000 0.000000 0.000002 -0.004208 -0.244311
    53 0.806015 -0.359835 -1.318335 0.934008 0.297777 -0.930652
    54 1.789780 0.000001 0.000000 0.009096 -0.315147 0.639492
    55 1.207001 0.000000 0.000004 0.000381 -0.070245 0.716387
    56 2.338451 -1.535743 -6.391512 1.520238 -0.094383 -2.001948
  time 42
    0 0.000000 -0.533203 19.828125 1.570795 0.000003 -0.000003
    1 0.000005 3.345128 -2.981903 1.570790 0.065838 1.570789
    2 4.018331 0.000000 0.000000 -0.613121 -0.066670 0.045925
    3 3.518564 0.000000 0.000000 -0.131224 -0.042413 0.157577
    4 8.942642 0.000000 0.000000 -0.414156 -0.022339 0.281221
    5 3.307269 0.000000 -0.000004 -2.940265 -0.130086 0.387319
    6 3.593710 -0.000001 -0.000004 0.894782 -0.073430 0.652657
    7 1.999994 -3.000001 0.000004 -1.570753 -0.000007 -1.326410
    8 2.033349 1.000771 -1.937607 -1.688728 1.147837 2.790133
    9 6.028143 0.000002 -0.000004 1.483603 0.137071 -0.977972
    10 11.692545 0.000000 0.000000 -0.025778 -0.196739 -1.133575
    11 11.481701 0.000000 0.000000 -1.665154 -0.090989 -0.284575
    12 2.676086 -1.712440 0.000000 -1.570753 -0.000007 -1.570752
    13 2.033341 1.000767 1.937660 0.294931 -1.313958 -2.508565
    14 6.028140 0.000002 0.000000 -1.788683 -0.464832 -0.164169
    15 11.692553 0.000000 0.000011 -0.179709 0.730185 -1.402017
    16 11.481667 0.000000 -0.000031 0.832526 -0.014268 -0.151440
    17 2.676086 -1.712440 0.000004 1.570753 0.000007 1.570752
    18 -3.890452 0.000004 0.000004 -1.570797 0.229027 -1.576018
    19 17.848171 0.000000 0.000004 0.000000 0.000000 1.661808
    20 16.525251 0.000000 0.000004 0.038610 0.040778 -1.043418
    21 6.879454 0.000000 0.000008 -0.081332 -0.002951 -0.584373
    22 3.890452 -0.000004 -0.000004 -1.570795 -1.373850 -1.565555
    23 17.848175 0.000000 -0.000004 0.000000 0.000000 1.994689
    24 16.525246 0.000000 0.000004 -0.027915 -0.040781 -1.744128
    25 6.879452 0.000000 0.000000 -0.005219 -0.002811 -0.539668
    26 3.859703 -0.142403 -1.191975 -0.479143 0.152189 -0.879872
    27 1.312565 0.000001 0.000004 0.000000 0.009664 -0.439719
    28 0.729362 0.000002 0.000004 -0.028976 0.117245 -0.451386
    29 3.942326 0.046774 -0.431438 -0.155011 0.073329 -0.810646
    30 1.539093 0.000001 0.000000 0.041407 0.089644 -0.699058
    31 1.196320 -0.000001 0.000004 -0.000002 0.007360 -0.430801
    32 3.883686 -0.046767 0.431446 0.812670 -0.191549 -1.550266
    33 1.719570 0.000002 0.000004 0.194938 -0.171308 -0.606847
    34 1.209183 -0.000001 -0.000004 0.409190 -0.306121 -0.737508
    35 3.859859 -0.137950 1.332462 0.716033 -0.200230 -1.353927
    36 1.719429 0.000002 0.000000 -0.000001 0.004072 -0.363008
    37 1.099670 0.000001 0.000004 0.133914 -0.229713 -0.543027
    38 0.806049 -0.348922 1.321259 -1.148537 -0.413342 -0.685814
    39 1.789787 0.000000 0.000004 0.143112 0.004764 0.680910
    40 1.207001 0.000000 -0.000004 -0.238537 -0.328319 0.202547
    41 3.859665 -0.132565 1.193108 0.479138 -0.158546 -0.879039
    42 1.312561 0.000000 0.000000 0.000000 -0.011932 -0.439671
    43 0.729366 0.000002 0.000000 0.000002 -0.006134 -0.244270
    44 3.942291 0.050330 0.431042 -0.174164 0.127577 -1.207787
    45 1.539097 0.000003 0.000000 0.000000 -0.005853 -0.247769
    46 1.196320 0.000000 0.000000 0.004942 -0.275387 -1.121008
    47 3.883648 -0.050325 -0.431044 -0.040059 -0.165983 -1.257799
    48 1.719574 -0.000005 0.000000 0.366781 -0.096847 -2.862813
    49 1.209183 -0.000001 0.000000 0.000001 -0.004461 -0.216376
    50 3.859825 -0.148935 -1.331284 -0.354417 0.038566 -0.532000
    51 1.719425 0.000000 0.000000 0.089602 0.216058 -1.899362
    52 1.099663 0.000000 0.000000 0.000002 -0.004208 -0.244311
    53 0.806015 -0.359835 -1.318335 0.934008 0.297777 -0.930652
    54 1.789780 0.000001 0.000000 0.009096 -0.315147 0.639492
    55 1.207001 0.000000 0.000004 0.000381 -0.070245 0.716387
    56 2.338451 -1.535743 -6.391512 1.520238 -0.094383 -2.001948
  time 43
    0 0.000000 -0.533203 19.828125 1.570795 0.000003 -0.000003
    1 0.000005 3.345128 -2.981903 1.570790 0.065922 1.570789
    2 4.018331 0.000000 0.000000 -0.613121 -0.066670 0.045925
    3 3.518564 0.000000 0.000000 -0.131224 -0.042413 0.157577
    4 8.942642 0.000000 0.000000 -0.414144 -0.022303 0.281190
    5 3.307269 0.000000 -0.000004 -2.940265 -0.130086 0.387319
    6 3.593710 -0.000001 -0.000004 0.894828 -0.073238 0.652481
    7 1.999994 -3.000001 0.000004 -1.570753 -0.000007 -1.326410
    8 2.033349 1.000771 -1.937607 -1.688728 1.147837 2.790133
    9 6.028143 0.000002 -0.000004 1.482317 0.137734 -0.979916
    10 11.692545 0.000000 0.000000 -0.026137 -0.196320 -1.134298
    11 11.481701 0.000000 0.000000 -1.665585 -0.090260 -0.285213
    12 2.676086 -1.712440 0.000000 -1.570753 -0.000007 -1.570752
    13 2.033341 1.000767 1.937660 0.294931 -1.313958 -2.508565
    14 6.028140 0.000002 0.000000 -1.788566 -0.464933 -0.164247
    15 11.692553 0.000000 0.000011 -0.179622 0.730185 -1.402017
    16 11.481667 0.000000 -0.000031 0.832526 -0.014268 -0.151440
    17 2.676086 -1.712440 0.000004 1.570753 0.000007 1.570752
    18 -3.890452 0.000004 0.000004 -1.570797 0.229027 -1.576018
    19 17.848171 0.000000 0.000004 0.000000 0.000000 1.661808
    20 16.525251 0.000000 0.000004 0.038610 0.040778 -1.043418
    21 6.879454 0.000000 0.000008 -0.081332 -0.002951 -0.584373
    22 3.890452 -0.000004 -0.000004 -1.570795 -1.373850 -1.565555
    23 17.848175 0.000000 -0.000004 0.000000 0.000000 1.994689
    24 16.525246 0.000000 0.000004 -0.027915 -0.040781 -1.744128
    25 6.879452 0.000000 0.000000 -0.005219 -0.002811 -0.539668
    26 3.859703 -0.142403 -1.191975 -0.479143 0.152189 -0.879872
    27 1.312565 0.000001 0.000004 0.000000 0.009664 -0.439719
    28 0.729362 0.000002 0.000004 -0.028976 0.117245 -0.451386
    29 3.942326 0.046774 -0.431438 -0.155011 0.073329 -0.810646
    30 1.539093 0.000001 0.000000 0.041407 0.089644 -0.699058
    31 1.196320 -0.000001 0.000004 -0.000002 0.007360 -0.430801
    32 3.883686 -0.046767 0.431446 0.812670 -0.191549 -1.550266
    33 1.719570 0.000002 0.000004 0.194938 -0.171308 -0.606847
    34 1.209183 -0.000001 -0.000004 0.409190 -0.306121 -0.737508
    35 3.859859 -0.137950 1.332462 0.716033 -0.200230 -1.353927
    36 1.719429 0.000002 0.000000 -0.000001 0.004072 -0.363008
    37 1.099670 0.000001 0.000004 0.133914 -0.229713 -0.543027
    38 0.806049 -0.348922 1.321259 -1.148537 -0.413342 -0.685814
    39 1.789787 0.000000 0.000004 0.143112 0.004764 0.680910
    40 1.207001 0.000000 -0.000004 -0.238537 -0.328319 0.202547
    41 3.859665 -0.132565 1.193108 0.479138 -0.158546 -0.879039
    42 1.312561 0.000000 0.000000 0.000000 -0.011932 -0.439671
    43 0.729366 0.000002 0.000000 0.000002 -0.006134 -0.244270
    44 3.942291 0.050330 0.431042 -0.174164 0.127577 -1.207787
    45 1.539097 0.000003 0.000000 0.000000 -0.005853 -0.247769
    46 1.196320 0.000000 0.000000 0.004942 -0.275387 -1.121008
    47 3.883648 -0.050325 -0.431044 -0.040059 -0.165983 -1.257799
    48 1.719574 -0.000005 0.000000 0.366781 -0.096847 -2.862813
    49 1.209183 -0.000001 0.000000 0.000001 -0.004461 -0.216376
    50 3.859825 -0.148935 -1.331284 -0.354417 0.038566 -0.532000
    51 1.719425 0.000000 0.000000 0.089602 0.216058 -1.899362
    52 1.099663 0.000000 0.000000 0.000002 -0.004208 -0.244311
    53 0.806015 -0.359835 -1.318335 0.934008 0.297777 -0.930652
    54 1.789780 0.000001 0.000000 0.009096 -0.315147 0.639492
    55 1.207001 0.000000 0.000004 0.000381 -0.070245 0.716387
    56 2.338451 -1.535743 -6.391512 1.520238 -0.094383 -2.001948
  time 44
    0 0.000000 -0.533203 19.828125 1.570795 0.000003 -0.000003
    1 0.000005 3.345128 -2.981903 1.570790 0.066030 1.570789
    2 4.018331 0.000000 0.000000 -0.613121 -0.066670 0.045925
    3 3.518564 0.000000 0.000000 -0.131224 -0.042413 0.157577
    4 8.942642 0.000000 0.000000 -0.414131 -0.022255 0.281129
    5 3.307269 0.000000 -0.000004 -2.940265 -0.130086 0.387319
    6 3.593710 -0.000001 -0.000004 0.894828 -0.072962 0.652270
    7 1.999994 -3.000001 0.000004 -1.570753 -0.000007 -1.326410
    8 2.033349 1.000771 -1.937607 -1.688728 1.147837 2.790133
    9 6.028143 0.000002 -0.000004 1.481490 0.138152 -0.981118
    10 11.692545 0.000000 0.000000 -0.026353 -0.196068 -1.134759
    11 11.481701 0.000000 0.000000 -1.665801 -0.089817 -0.285556
    12 2.676086 -1.712440 0.000000 -1.570753 -0.000007 -1.570752
    13 2.033341 1.000767 1.937660 0.294931 -1.313958 -2.508565
    14 6.028140 0.000002 0.000000 -1.788449 -0.465068 -0.164364
    15 11.692553 0.000000 0.000011 -0.179513 0.730152 -1.402017
    16 11.481667 0.000000 -0.000031 0.832526 -0.014268 -0.151440
    17 2.676086 -1.712440 0.000004 1.570753 0.000007 1.570752
    18 -3.890452 0.000004 0.000004 -1.570797 0.229027 -1.576018
    19 17.848171 0.000000 0.000004 0.000000 0.000000 1.661808
    20 16.525251 0.000000 0.000004 0.038610 0.040778 -1.043418
    21 6.879454 0.000000 0.000008 -0.081332 -0.002951 -0.584373
    22 3.890452 -0.000004 -0.000004 -1.570795 -1.373850 -1.565555
    23 17.848175 0.000000 -0.000004 0.000000 0.000000 1.994689
    24 16.525246 0.000000 0.000004 -0.027915 -0.040781 -1.744128
    25 6.879452 0.000000 0.000000 -0.005219 -0.002811 -0.539668
    26 3.859703 -0.142403 -1.191975 -0.479143 0.152189 -0.879872
    27 1.312565 0.000001 0.000004 0.000000 0.009664 -0.439719
    28 0.729362 0.000002 0.000004 -0.028976 0.117245 -0.451386
    29 3.942326 0.046774 -0.431438 -0.155011 0.073329 -0.810646
    30 1.539093 0.000001 0.000000 0.041407 0.089644 -0.699058
    31 1.196320 -0.000001 0.000004 -0.000002 0.007360 -0.430801
    32 3.883686 -0.046767 0.431446 0.812670 -0.191549 -1.550266
    33 1.719570 0.000002 0.000004 0.194938 -0.171308 -0.606847
    34 1.209183 -0.000001 -0.000004 0.409190 -0.306121 -0.737508
    35 3.859859 -0.137950 1.332462 0.716033 -0.200230 -1.353927
    36 1.719429 0.000002 0.000000 -0.000001 0.004072 -0.363008
    37 1.099670 0.000001 0.000004 0.133914 -0.229713 -0.543027
    38 0.806049 -0.348922 1.321259 -1.148537 -0.413342 -0.685814
    39 1.789787 0.000000 0.000004 0.143112 0.004764 0.680910
    40 1.207001 0.000000 -0.000004 -0.238537 -0.328319 0.202547
    41 3.859665 -0.132565 1.193108 0.479138 -0.158546 -0.879039
    42 1.312561 0.000000 0.000000 0.000000 -0.011932 -0.439671
    43 0.729366 0.000002 0.000000 0.000002 -0.006134 -0.244270
    44 3.942291 0.050330 0.431042 -0.174164 0.127577 -1.207787
    45 1.539097 0.000003 0.000000 0.000000 -0.005853 -0.247769
    46 1.196320 0.000000 0.000000 0.004942 -0.275387 -1.121008
    47 3.883648 -0.050325 -0.431044 -0.040059 -0.165983 -1.257799
    48 1.719574 -0.000005 0.000000 0.366781 -0.096847 -2.862813
    49 1.209183 -0.000001 0.000000 0.000001 -0.004461 -0.216376
    50 3.859825 -0.148935 -1.331284 -0.354417 0.038566 -0.532000
    51 1.719425 0.000000 0.000000 0.089602 0.216058 -1.899362
    52 1.099663 0.000000 0.000000 0.000002 -0.004208 -0.244311
    53 0.806015 -0.359835 -1.318335 0.934008 0.297777 -0.930652
    54 1.789780 0.000001 0.000000 0.009096 -0.315147 0.639492
    55 1.207001 0.000000 0.000004 0.000381 -0.070245 0.716387
    56 2.338451 -1.535743 -6.391512 1.520238 -0.094383 -2.001948
  time 45
    0 0.000000 -0.533203 19.828125 1.570795 0.000003 -0.000003
    1 0.000005 3.345128 -2.981903 1.570790 0.066174 1.570789
    2 4.018331 0.000000 0.000000 -0.613121 -0.066670 0.045925
    3 3.518564 0.000000 0.000000 -0.131224 -0.042413 0.157577
    4 8.942642 0.000000 0.000000 -0.414118 -0.022195 0.281067
    5 3.307269 0.000000 -0.000004 -2.940265 -0.130086 0.387319
    6 3.593710 -0.000001 -0.000004 0.894828 -0.072615 0.652023
    7 1.999994 -3.000001 0.000004 -1.570753 -0.000007 -1.326410
    8 2.033349 1.000771 -1.937607 -1.688728 1.147837 2.790133
    9 6.028143 0.000002 -0.000004 1.481214 0.138292 -0.981542
    10 11.692545 0.000000 0.000000 -0.026437 -0.195972 -1.134890
    11 11.481701 0.000000 0.000000 -1.665909 -0.089690 -0.285704
    12 2.676086 -1.712440 0.000000 -1.570753 -0.000007 -1.570752
    13 2.033341 1.000767 1.937660 0.294931 -1.313958 -2.508565
    14 6.028140 0.000002 0.000000 -1.788274 -0.465270 -0.164520
    15 11.692553 0.000000 0.000011 -0.179383 0.730119 -1.402017
    16 11.481667 0.000000 -0.000031 0.832526 -0.014268 -0.151440
    17 2.676086 -1.712440 0.000004 1.570753 0.000007 1.570800
    18 -3.890452 0.000004 0.000004 -1.570797 0.229027 -1.576018
    19 17.848171 0.000000 0.000004 0.000000 0.000000 1.661808
    20 16.525251 0.000000 0.000004 0.038610 0.040778 -1.043418
    21 6.879454 0.000000 0.000008 -0.081332 -0.002951 -0.584373
    22 3.890452 -0.000004 -0.000004 -1.570795 -1.373850 -1.565555
    23 17.848175 0.000000 -0.000004 0.000000 0.000000 1.994689
    24 16.525246 0.000000 0.000004 -0.027915 -0.040781 -1.744128
    25 6.879452 0.000000 0.000000 -0.005219 -0.002811 -0.539668
    26 3.859703 -0.142403 -1.191975 -0.479143 0.152189 -0.879872
    27 1.312565 0.000001 0.000004 0.000000 0.009664 -0.439719
    28 0.729362 0.000002 0.000004 -0.028976 0.117245 -0.451386
    29 3.942326 0.046774 -0.431438 -0.155011 0.073329 -0.810646
    30 1.539093 0.000001 0.000000 0.041407 0.089644 -0.699058
    31 1.196320 -0.000001 0.000004 -0.000002 0.007360 -0.430801
    32 3.883686 -0.046767 0.431446 0.812670 -0.191549 -1.550266
    33 1.719570 0.000002 0.000004 0.194938 -0.171308 -0.606847
    34 1.209183 -0.000001 -0.000004 0.409190 -0.306121 -0.737508
    35 3.859859 -0.137950 1.332462 0.716033 -0.200230 -1.353927
    36 1.719429 0.000002 0.000000 -0.000001 0.004072 -0.363008
    37 1.099670 0.000001 0.000004 0.133914 -0.229713 -0.543027
    38 0.806049 -0.348922 1.321259 -1.148537 -0.413342 -0.685814
    39 1.789787 0.000000 0.000004 0.143112 0.004764 0.680910
    40 1.207001 0.000000 -0.000004 -0.238537 -0.328319 0.202547
    41 3.859665 -0.132565 1.193108 0.479138 -0.158546 -0.879039
    42 1.312561 0.000000 0.000000 0.000000 -0.011932 -0.439671
    43 0.729366 0.000002 0.000000 0.000002 -0.006134 -0.244270
    44 3.942291 0.050330 0.431042 -0.174164 0.127577 -1.207787
    45 1.539097 0.000003 0.000000 0.000000 -0.005853 -0.247769
    46 1.196320 0.000000 0.000000 0.004942 -0.275387 -1.121008
    47 3.883648 -0.050325 -0.431044 -0.040059 -0.165983 -1.257799
    48 1.719574 -0.000005 0.000000 0.366781 -0.096847 -2.862900
    49 1.209183 -0.000001 0.000000 0.000001 -0.004461 -0.216376
    50 3.859825 -0.148935 -1.331284 -0.354417 0.038566 -0.532000
    51 1.719425 0.000000 0.000000 0.089602 0.216058 -1.899362
    52 1.099663 0.000000 0.000000 0.000002 -0.004208 -0.244311
    53 0.806015 -0.359835 -1.318335 0.934008 0.297777 -0.930652
    54 1.789780 0.000001 0.000000 0.009096 -0.315147 0.639492
    55 1.207001 0.000000 0.000004 0.000381 -0.070245 0.716387
    56 2.338451 -1.535743 -6.391512 1.520238 -0.094383 -2.001948
  time 46
    0 0.000000 -0.533203 19.828125 1.570795 0.000003 -0.000003
    1 0.000005 3.345128 -2.981903 1.570790 0.066342 1.570789
    2 4.018331 0.000000 0.000000 -0.613121 -0.066670 0.045925
    3 3.518564 0.000000 0.000000 -0.131224 -0.042413 0.157577
    4 8.942642 0.000000 0.000000 -0.414093 -0.022124 0.280991
    5 3.307269 0.000000 -0.000004 -2.940265 -0.130086 0.387319
    6 3.593710 -0.000001 -0.000004 0.894873 -0.072207 0.651706
    7 1.999994 -3.000001 0.000004 -1.570800 -0.000007 -1.326410
    8 2.033349 1.000771 -1.937607 -1.688728 1.147837 2.790133
    9 6.028143 0.000002 -0.000004 1.481398 0.138205 -0.981259
    10 11.692545 0.000000 0.000000 -0.026377 -0.196032 -1.134759
    11 11.481701 0.000000 0.000000 -1.665855 -0.089785 -0.285605
    12 2.676086 -1.712440 0.000000 -1.570753 -0.000007 -1.570752
    13 2.033341 1.000767 1.937660 0.294931 -1.313958 -2.508565
    14 6.028140 0.000002 0.000000 -1.788098 -0.465473 -0.164716
    15 11.692553 0.000000 0.000011 -0.179231 0.730086 -1.402017
    16 11.481667 0.000000 -0.000031 0.832526 -0.014268 -0.151440
    17 2.676086 -1.712440 0.000004 1.570753 0.000007 1.570752
    18 -3.890452 0.000004 0.000004 -1.570797 0.229027 -1.576018
    19 17.848171 0.000000 0.000004 0.000000 0.000000 1.661808
    20 16.525251 0.000000 0.000004 0.038610 0.040778 -1.043418
    21 6.879454 0.000000 0.000008 -0.081332 -0.002951 -0.584373
    22 3.890452 -0.000004 -0.000004 -1.570795 -1.373850 -1.565555
    23 17.848175 0.000000 -0.000004 0.000000 0.000000 1.994689
    24 16.525246 0.000000 0.000004 -0.027915 -0.040781 -1.744128
    25 6.879452 0.000000 0.000000 -0.005219 -0.002811 -0.539668
    26 3.859703 -0.142403 -1.191975 -0.479143 0.152189 -0.879872
    27 1.312565 0.000001 0.000004 0.000000 0.009664 -0.439719
    28 0.729362 0.000002 0.000004 -0.028976 0.117245 -0.451386
    29 3.942326 0.046774 -0.431438 -0.155011 0.073329 -0.810646
    30 1.539093 0.000001 0.000000 0.041407 0.089644 -0.699058
    31 1.196320 -0.000001 0.000004 -0.000002 0.007360 -0.430801
    32 3.883686 -0.046767 0.431446 0.812670 -0.191549 -1.550266
    33 1.719570 0.000002 0.000004 0.194938 -0.171308 -0.606847
    34 1.209183 -0.000001 -0.000004 0.409190 -0.306121 -0.737508
    35 3.859859 -0.137950 1.332462 0.716033 -0.200230 -1.353927
    36 1.719429 0.000002 0.000000 -0.000001 0.004072 -0.363008
    37 1.099670 0.000001 0.000004 0.133914 -0.229713 -0.543027
    38 0.806049 -0.348922 1.321259 -1.148537 -0.413342 -0.685814
    39 1.789787 0.000000 0.000004 0.143112 0.004764 0.680910
    40 1.207001 0.000000 -0.000004 -0.238537 -0.328319 0.202547
    41 3.859665 -0.132565 1.193108 0.479138 -0.158546 -0.879039
    42 1.312561 0.000000 0.000000 0.000000 -0.011932 -0.439671
    43 0.729366 0.000002 0.000000 0.000002 -0.006134 -0.244270
    44 3.942291 0.050330 0.431042 -0.174164 0.127577 -1.207787
    45 1.539097 0.000003 0.000000 0.000000 -0.005853 -0.247769
    46 1.196320 0.000000 0.000000 0.004942 -0.275387 -1.121008
    47 3.883648 -0.050325 -0.431044 -0.040059 -0.165983 -1.257799
    48 1.719574 -0.000005 0.000000 0.366781 -0.096847 -2.862813
    49 1.209183 -0.000001 0.000000 0.000001 -0.004461 -0.216376
    50 3.859825 -0.148935 -1.331284 -0.354417 0.038566 -0.532000
    51 1.719425 0.000000 0.000000 0.089602 0.216058 -1.899362
    52 1.099663 0.000000 0.000000 0.000002 -0.004208 -0.244311
    53 0.806015 -0.359835 -1.318335 0.934008 0.297777 -0.930652
    54 1.789780 0.000001 0.000000 0.009096 -0.315147 0.639492
    55 1.207001 0.000000 0.000004 0.000381 -0.070245 0.716387
    56 2.338451 -1.535743 -6.391512 1.520238 -0.094383 -2.001948
  time 47
    0 0.000000 -0.533203 19.828125 1.570795 0.000003 -0.000003
    1 0.000005 3.345128 -2.981903 1.570790 0.066545 1.570789
    2 4.018331 0.000000 0.000000 -0.613121 -0.066670 0.045925
    3 3.518564 0.000000 0.000000 -0.131224 -0.042413 0.157577
    4 8.942642 0.000000 0.000000 -0.414080 -0.022040 0.280898
    5 3.307269 0.000000 -0.000004 -2.940265 -0.130086 0.387319
    6 3.593710 -0.000001 -0.000004 0.894873 -0.071740 0.651319
    7 1.999994 -3.000001 0.000004 -1.570753 -0.000007 -1.326410
    8 2.033349 1.000771 -1.937607 -1.688728 1.147837 2.790133
    9 6.028143 0.000002 -0.000004 1.481949 0.137926 -0.980446
    10 11.692545 0.000000 0.000000 -0.026233 -0.196212 -1.134495
    11 11.481701 0.000000 0.000000 -1.665693 -0.090070 -0.285360
    12 2.676086 -1.712440 0.000000 -1.570753 -0.000007 -1.570752
    13 2.033341 1.000767 1.937660 0.294931 -1.313958 -2.508565
    14 6.028140 0.000002 0.000000 -1.787806 -0.465742 -0.164950
    15 11.692553 0.000000 0.000011 -0.179036 0.730053 -1.402087
    16 11.481667 0.000000 -0.000031 0.832526 -0.014268 -0.151440
    17 2.676086 -1.712440 0.000004 1.570753 0.000007 1.570752
    18 -3.890452 0.000004 0.000004 -1.570797 0.229027 -1.576018
    19 17.848171 0.000000 0.000004 0.000000 0.000000 1.661808
    20 16.525251 0.000000 0.000004 0.038610 0.040778 -1.043418
    21 6.879454 0.000000 0.000008 -0.081332 -0.002951 -0.584373
    22 3.890452 -0.000004 -0.000004 -1.570795 -1.373850 -1.565555
    23 17.848175 0.000000 -0.000004 0.000000 0.000000 1.994689
    24 16.525246 0.000000 0.000004 -0.027915 -0.040781 -1.744128
    25 6.879452 0.000000 0.000000 -0.005219 -0.002811 -0.539668
    26 3.859703 -0.142403 -1.191975 -0.479143 0.152189 -0.879872
    27 1.312565 0.000001 0.000004 0.000000 0.009664 -0.439719
    28 0.729362 0.000002 0.000004 -0.028976 0.117245 -0.451386
    29 3.942326 0.046774 -0.431438 -0.155011 0.073329 -0.810646
    30 1.539093 0.000001 0.000000 0.041407 0.089644 -0.699058
    31 1.196320 -0.000001 0.000004 -0.000002 0.007360 -0.430801
    32 3.883686 -0.046767 0.431446 0.812670 -0.191549 -1.550266
    33 1.719570 0.000002 0.000004 0.194938 -0.171308 -0.606847
    34 1.209183 -0.000001 -0.000004 0.409190 -0.306121 -0.737508
    35 3.859859 -0.137950 1.332462 0.716033 -0.200230 -1.353927
    36 1.719429 0.000002 0.000000 -0.000001 0.004072 -0.363008
    37 1.099670 0.000001 0.000004 0.133914 -0.229713 -0.543027
    38 0.806049 -0.348922 1.321259 -1.148537 -0.413342 -0.685814
    39 1.789787 0.000000 0.000004 0.143112 0.004764 0.680910
    40 1.207001 0.000000 -0.000004 -0.238537 -0.328319 0.202547
    41 3.859665 -0.132565 1.193108 0.479138 -0.158546 -0.879039
    42 1.312561 0.000000 0.000000 0.000000 -0.011932 -0.439671
    43 0.729366 0.000002 0.000000 0.000002 -0.006134 -0.244270
    44 3.942291 0.050330 0.431042 -0.174164 0.127577 -1.207787
    45 1.539097 0.000003 0.000000 0.000000 -0.005853 -0.247769
    46 1.196320 0.000000 0.000000 0.004942 -0.275387 -1.121008
    47 3.883648 -0.050325 -0.431044 -0.040059 -0.165983 -1.257799
    48 1.719574 -0.000005 0.000000 0.366781 -0.096847 -2.862813
    49 1.209183 -0.000001 0.000000 0.000001 -0.004461 -0.216376
    50 3.859825 -0.148935 -1.331284 -0.354417 0.038566 -0.532000
    51 1.719425 0.000000 0.000000 0.089602 0.216058 -1.899420
    52 1.099663 0.000000 0.000000 0.000002 -0.004208 -0.244311
    53 0.806015 -0.359835 -1.318335 0.934008 0.297777 -0.930652
    54 1.789780 0.000001 0.000000 0.009096 -0.315147 0.639492
    55 1.207001 0.000000 0.000004 0.000381 -0.070245 0.716387
    56 2.338451 -1.535743 -6.391512 1.520238 -0.094383 -2.001948
  time 48
    0 0.000000 -0.533203 19.828125 1.570795 0.000003 -0.000003
    1 0.000005 3.345128 -2.981903 1.570790 0.066761 1.570789
    2 4.018331 0.000000 0.000000 -0.613121 -0.066670 0.045925
    3 3.518564 0.000000 0.000000 -0.131224 -0.042413 0.157577
    4 8.942642 0.000000 0.000000 -0.414054 -0.021944 0.280791
    5 3.307269 0.000000 -0.000004 -2.940265 -0.130086 0.387319
    6 3.593710 -0.000001 -0.000004 0.894919 -0.071200 0.650897
    7 1.999994 -3.000001 0.000004 -1.570753 -0.000007 -1.326410
    8 2.033349 1.000771 -1.937607 -1.688728 1.147837 2.790133
    9 6.028143 0.000002 -0.000004 1.482776 0.137472 -0.979103
    10 11.692545 0.000000 0.000000 -0.025982 -0.196499 -1.133969
    11 11.481701 0.000000 0.000000 -1.665369 -0.090577 -0.284968
    12 2.676086 -1.712440 0.000000 -1.570753 -0.000007 -1.570752
    13 2.033341 1.000767 1.937660 0.294931 -1.313958 -2.508565
    14 6.028140 0.000002 0.000000 -1.787572 -0.466046 -0.165184
    15 11.692553 0.000000 0.000011 -0.178841 0.729987 -1.402087
    16 11.481667 0.000000 -0.000031 0.832526 -0.014268 -0.151440
    17 2.676086 -1.712440 0.000004 1.570753 0.000007 1.570752
    18 -3.890452 0.000004 0.000004 -1.570797 0.229027 -1.576018
    19 17.848171 0.000000 0.000004 0.000000 0.000000 1.661808
    20 16.525251 0.000000 0.000004 0.038610 0.040778 -1.043418
    21 6.879454 0.000000 0.000008 -0.081332 -0.002951 -0.584373
    22 3.890452 -0.000004 -0.000004 -1.570795 -1.373850 -1.565555
    23 17.848175 0.000000 -0.000004 0.000000 0.000000 1.994689
    24 16.525246 0.000000 0.000004 -0.027915 -0.040781 -1.744128
    25 6.879452 0.000000 0.000000 -0.005219 -0.002811 -0.539668
    26 3.859703 -0.142403 -1.191975 -0.479143 0.152189 -0.879872
    27 1.312565 0.000001 0.000004 0.000000 0.009664 -0.439719
    28 0.729362 0.000002 0.000004 -0.028976 0.117245 -0.451386
    29 3.942326 0.046774 -0.431438 -0.155011 0.073329 -0.810646
    30 1.539093 0.000001 0.000000 0.041407 0.089644 -0.699058
    31 1.196320 -0.000001 0.000004 -0.000002 0.007360 -0.430801
    32 3.883686 -0.046767 0.431446 0.812670 -0.191549 -1.550266
    33 1.719570 0.000002 0.000004 0.194938 -0.171308 -0.606847
    34 1.209183 -0.000001 -0.000004 0.409190 -0.306121 -0.737508
    35 3.859859 -0.137950 1.332462 0.716033 -0.200230 -1.353927
    36 1.719429 0.000002 0.000000 -0.000001 0.004072 -0.363008
    37 1.099670 0.000001 0.000004 0.133914 -0.229713 -0.543027
    38 0.806049 -0.348922 1.321259 -1.148537 -0.413342 -0.685814
    39 1.789787 0.000000 0.000004 0.143112 0.004764 0.680910
    40 1.207001 0.000000 -0.000004 -0.238537 -0.328319 0.202547
    41 3.859665 -0.132565 1.193108 0.479138 -0.158546 -0.879039
    42 1.312561 0.000000 0.000000 0.000000 -0.011932 -0.439671
    43 0.729366 0.000002 0.000000 0.000002 -0.006134 -0.244270
    44 3.942291 0.050330 0.431042 -0.174164 0.127577 -1.207787
    45 1.539097 0.000003 0.000000 0.000000 -0.005853 -0.247769
    46 1.196320 0.000000 0.000000 0.004942 -0.275387 -1.121008
    47 3.883648 -0.050325 -0.431044 -0.040059 -0.165983 -1.257799
    48 1.719574 -0.000005 0.000000 0.366781 -0.096847 -2.862813
    49 1.209183 -0.000001 0.000000 0.000001 -0.004461 -0.216376
    50 3.859825 -0.148935 -1.331284 -0.354417 0.038566 -0.532000
    51 1.719425 0.000000 0.000000 0.089602 0.216058 -1.899362
    52 1.099663 0.000000 0.000000 0.000002 -0.004208 -0.244311
    53 0.806015 -0.359835 -1.318335 0.934008 0.297777 -0.930652
    54 1.789780 0.000001 0.000000 0.009096 -0.315147 0.639492
    55 1.207001 0.000000 0.000004 0.000381 -0.070245 0.716387
    56 2.338451 -1.535743 -6.391512 1.520238 -0.094383 -2.001948
  time 49
    0 0.000000 -0.533203 19.828125 1.570795 0.000003 -0.000003
    1 0.000005 3.345128 -2.981903 1.570790 0.067013 1.570789
    2 4.018331 0.000000 0.000000 -0.613121 -0.066670 0.045925
    3 3.518564 0.000000 0.000000 -0.131224 -0.042413 0.157577
    4 8.942642 0.000000 0.000000 -0.414029 -0.021848 0.280668
    5 3.307269 0.000000 -0.000004 -2.940265 -0.130086 0.387319
    6 3.593710 -0.000001 -0.000004 0.894965 -0.070601 0.650440
    7 1.999994 -3.000001 0.000004 -1.570753 -0.000007 -1.326410
    8 2.033349 1.000771 -1.937607 -1.688728 1.147837 2.790133
    9 6.028143 0.000002 -0.000004 1.483971 0.136827 -0.977301
    10 11.692545 0.000000 0.000000 -0.025646 -0.196883 -1.133312
    11 11.481701 0.000000 0.000000 -1.664992 -0.091242 -0.284379
    12 2.676086 -1.712440 0.000000 -1.570753 -0.000007 -1.570752
    13 2.033341 1.000767 1.937660 0.294931 -1.313958 -2.508565
    14 6.028140 0.000002 0.000000 -1.787280 -0.466349 -0.165457
    15 11.692553 0.000000 0.000011 -0.178602 0.729953 -1.402087
    16 11.481667 0.000000 -0.000031 0.832526 -0.014268 -0.151440
    17 2.676086 -1.712440 0.000004 1.570753 0.000007 1.570752
    18 -3.890452 0.000004 0.000004 -1.570797 0.229027 -1.576018
    19 17.848171 0.000000 0.000004 0.000000 0.000000 1.661808
    20 16.525251 0.000000 0.000004 0.038610 0.040778 -1.043418
    21 6.879454 0.000000 0.000008 -0.081332 -0.002951 -0.584373
    22 3.890452 -0.000004 -0.000004 -1.570795 -1.373850 -1.565555
    23 17.848175 0.000000 -0.000004 0.000000 0.000000 1.994689
    24 16.525246 0.000000 0.000004 -0.027915 -0.040781 -1.744128
    25 6.879452 0.000000 0.000000 -0.005219 -0.002811 -0.539668
    26 3.859703 -0.142403 -1.191975 -0.479143 0.152189 -0.879872
    27 1.312565 0.000001 0.000004 0.000000 0.009664 -0.439719
    28 0.729362 0.000002 0.000004 -0.028976 0.117245 -0.451386
    29 3.942326 0.046774 -0.431438 -0.155011 0.073329 -0.810646
    30 1.539093 0.000001 0.000000 0.041407 0.089644 -0.699058
    31 1.196320 -0.000001 0.000004 -0.000002 0.007360 -0.430801
    32 3.883686 -0.046767 0.431446 0.812670 -0.191549 -1.550266
    33 1.719570 0.000002 0.000004 0.194938 -0.171308 -0.606847
    34 1.209183 -0.000001 -0.000004 0.409190 -0.306121 -0.737508
    35 3.859859 -0.137950 1.332462 0.716033 -0.200230 -1.353927
    36 1.719429 0.000002 0.000000 -0.000001 0.004072 -0.363008
    37 1.099670 0.000001 0.000004 0.133914 -0.229713 -0.543027
    38 0.806049 -0.348922 1.321259 -1.148537 -0.413342 -0.685814
    39 1.789787 0.000000 0.000004 0.143112 0.004764 0.680910
    40 1.207001 0.000000 -0.000004 -0.238537 -0.328319 0.202547
    41 3.859665 -0.132565 1.193108 0.479138 -0.158546 -0.879039
    42 1.312561 0.000000 0.000000 0.000000 -0.011932 -0.439671
    43 0.729366 0.000002 0.000000 0.000002 -0.006134 -0.244270
    44 3.942291 0.050330 0.431042 -0.174164 0.127577 -1.207787
    45 1.539097 0.000003 0.000000 0.000000 -0.005853 -0.247769
    46 1.196320 0.000000 0.000000 0.004942 -0.275387 -1.121008
    47 3.883648 -0.050325 -0.431044 -0.040059 -0.165983 -1.257799
    48 1.719574 -0.000005 0.000000 0.366781 -0.096847 -2.862813
    49 1.209183 -0.000001 0.000000 0.000001 -0.004461 -0.216376
    50 3.859825 -0.148935 -1.331284 -0.354417 0.038566 -0.532000
    51 1.719425 0.000000 0.000000 0.089602 0.216058 -1.899362
    52 1.099663 0.000000 0.000000 0.000002 -0.004208 -0.244311
    53 0.806015 -0.359835 -1.318335 0.934008 0.297777 -0.930652
    54 1.789780 0.000001 0.000000 0.009096 -0.315147 0.639492
    55 1.207001 0.000000 0.000004 0.000381 -0.070245 0.716387
    56 2.338451 -1.535743 -6.391512 1.520238 -0.094383 -2.001948
  time 50
    0 0.000000 -0.533203 19.828125 1.570795 0.000003 -0.000003
    1 0.000005 3.345128 -2.981903 1.570790 0.067288 1.570789
    2 4.018331 0.000000 0.000000 -0.613121 -0.066670 0.045925
    3 3.518564 0.000000 0.000000 -0.131224 -0.042413 0.157577
    4 8.942642 0.000000 0.000000 -0.413991 -0.021728 0.280545
    5 3.307269 0.000000 -0.000004 -2.940265 -0.130086 0.387319
    6 3.593710 -0.000001 -0.000004 0.895011 -0.069942 0.649912
    7 1.999994 -3.000001 0.000004 -1.570753 -0.000007 -1.326410
    8 2.033349 1.000771 -1.937607 -1.688728 1.147837 2.790133
    9 6.028143 0.000002 -0.000004 1.485533 0.136042 -0.975004
    10 11.692545 0.000000 0.000000 -0.025227 -0.197374 -1.132457
    11 11.481701 0.000000 0.000000 -1.664506 -0.092066 -0.283693
    12 2.676086 -1.712440 0.000000 -1.570753 -0.000007 -1.570800
    13 2.033341 1.000767 1.937660 0.294931 -1.313958 -2.508565
    14 6.028140 0.000002 0.000000 -1.786988 -0.466721 -0.165769
    15 11.692553 0.000000 0.000011 -0.178342 0.729887 -1.402087
    16 11.481667 0.000000 -0.000031 0.832526 -0.014268 -0.151440
    17 2.676086 -1.712440 0.000004 1.570753 0.000007 1.570752
    18 -3.890452 0.000004 0.000004 -1.570797 0.229027 -1.576018
    19 17.848171 0.000000 0.000004 0.000000 0.000000 1.661808
    20 16.525251 0.000000 0.000004 0.038610 0.040778 -1.043418
    21 6.879454 0.000000 0.000008 -0.081332 -0.002951 -0.584373
    22 3.890452 -0.000004 -0.000004 -1.570795 -1.373850 -1.565555
    23 17.848175 0.000000 -0.000004 0.000000 0.000000 1.994689
    24 16.525246 0.000000 0.000004 -0.027915 -0.040781 -1.744128
    25 6.879452 0.000000 0.000000 -0.005219 -0.002811 -0.539668
    26 3.859703 -0.142403 -1.191975 -0.479143 0.152189 -0.879872
    27 1.312565 0.000001 0.000004 0.000000 0.009664 -0.439719
    28 0.729362 0.000002 0.000004 -0.028976 0.117245 -0.451386
    29 3.942326 0.046774 -0.431438 -0.155011 0.073329 -0.810646
    30 1.539093 0.000001 0.000000 0.041407 0.089644 -0.699058
    31 1.196320 -0.000001 0.000004 -0.000002 0.007360 -0.430801
    32 3.883686 -0.046767 0.431446 0.812670 -0.191549 -1.550266
    33 1.719570 0.000002 0.000004 0.194938 -0.171308 -0.606847
    34 1.209183 -0.000001 -0.000004 0.409190 -0.306121 -0.737508
    35 3.859859 -0.137950 1.332462 0.716033 -0.200230 -1.353927
    36 1.719429 0.000002 0.000000 -0.000001 0.004072 -0.363008
    37 1.099670 0.000001 0.000004 0.133914 -0.229713 -0.543027
    38 0.806049 -0.348922 1.321259 -1.148537 -0.413342 -0.685814
    39 1.789787 0.000000 0.000004 0.143112 0.004764 0.680910
    40 1.207001 0.000000 -0.000004 -0.238537 -0.328319 0.202547
    41 3.859665 -0.132565 1.193108 0.479138 -0.158546 -0.879039
    42 1.312561 0.000000 0.000000 0.000000 -0.011932 -0.439671
    43 0.729366 0.000002 0.000000 0.000002 -0.006134 -0.244270
    44 3.942291 0.050330 0.431042 -0.174164 0.127577 -1.207787
    45 1.539097 0.000003 0.000000 0.000000 -0.005853 -0.247769
    46 1.196320 0.000000 0.000000 0.004942 -0.275387 -1.121008
    47 3.883648 -0.050325 -0.431044 -0.040059 -0.165983 -1.257799
    48 1.719574 -0.000005 0.000000 0.366781 -0.096847 -2.862813
    49 1.209183 -0.000001 0.000000 0.000001 -0.004461 -0.216376
    50 3.859825 -0.148935 -1.331284 -0.354417 0.038566 -0.532000
    51 1.719425 0.000000 0.000000 0.089602 0.216058 -1.899362
    52 1.099663 0.000000 0.000000 0.000002 -0.004208 -0.244311
    53 0.806015 -0.359835 -1.318335 0.934008 0.297777 -0.930652
    54 1.789780 0.000001 0.000000 0.009096 -0.315147 0.639492
    55 1.207001 0.000000 0.000004 0.000381 -0.070245 0.716387
    56 2.338451 -1.535743 -6.391512 1.520238 -0.094383 -2.001948
  time 51
    0 0.000000 -0.533203 19.828125 1.570795 0.000003 -0.000003
    1 0.000005 3.345128 -2.981903 1.570790 0.067588 1.570789
    2 4.018331 0.000000 0.000000 -0.613121 -0.066670 0.045925
    3 3.518564 0.000000 0.000000 -0.131224 -0.042413 0.157577
    4 8.942642 0.000000 0.000000 -0.413952 -0.021608 0.280407
    5 3.307269 0.000000 -0.000004 -2.940265 -0.130086 0.387319
    6 3.593710 -0.000001 -0.000004 0.895011 -0.069235 0.649349
    7 1.999994 -3.000001 0.000004 -1.570753 -0.000007 -1.326410
    8 2.033349 1.000771 -1.937607 -1.688728 1.147837 2.790133
    9 6.028143 0.000002 -0.000004 1.487371 0.135083 -0.972212
    10 11.692545 0.000000 0.000000 -0.024723 -0.197973 -1.131404
    11 11.481701 0.000000 0.000000 -1.663913 -0.093079 -0.282810
    12 2.676086 -1.712440 0.000000 -1.570753 -0.000007 -1.570752
    13 2.033341 1.000767 1.937660 0.294931 -1.313958 -2.508565
    14 6.028140 0.000002 0.000000 -1.786637 -0.467125 -0.166121
    15 11.692553 0.000000 0.000011 -0.178060 0.729821 -1.402157
    16 11.481667 0.000000 -0.000031 0.832526 -0.014268 -0.151440
    17 2.676086 -1.712440 0.000004 1.570753 0.000007 1.570752
    18 -3.890452 0.000004 0.000004 -1.570797 0.229027 -1.576018
    19 17.848171 0.000000 0.000004 0.000000 0.000000 1.661808
    20 16.525251 0.000000 0.000004 0.038610 0.040778 -1.043418
    21 6.879454 0.000000 0.000008 -0.081332 -0.002951 -0.584373
    22 3.890452 -0.000004 -0.000004 -1.570795 -1.373850 -1.565555
    23 17.848175 0.000000 -0.000004 0.000000 0.000000 1.994689
    24 16.525246 0.000000 0.000004 -0.027915 -0.040781 -1.744128
    25 6.879452 0.000000 0.000000 -0.005219 -0.002811 -0.539668
    26 3.859703 -0.142403 -1.191975 -0.479143 0.152189 -0.879872
    27 1.312565 0.000001 0.000004 0.000000 0.009664 -0.439719
    28 0.729362 0.000002 0.000004 -0.028976 0.117245 -0.451386
    29 3.942326 0.046774 -0.431438 -0.155011 0.073329 -0.810646
    30 1.539093 0.000001 0.000000 0.041407 0.089644 -0.699058
    31 1.196320 -0.000001 0.000004 -0.000002 0.007360 -0.430801
    32 3.883686 -0.046767 0.431446 0.812670 -0.191549 -1.550266
    33 1.719570 0.000002 0.000004 0.194938 -0.171308 -0.606847
    34 1.209183 -0.000001 -0.000004 0.409190 -0.306121 -0.737508
    35 3.859859 -0.137950 1.332462 0.716033 -0.200230 -1.353927
    36 1.719429 0.000002 0.000000 -0.000001 0.004072 -0.363008
    37 1.099670 0.000001 0.000004 0.133914 -0.229713 -0.543027
    38 0.806049 -0.348922 1.321259 -1.148537 -0.413342 -0.685814
    39 1.789787 0.000000 0.000004 0.143112 0.004764 0.680910
    40 1.207001 0.000000 -0.000004 -0.238537 -0.328319 0.202547
    41 3.859665 -0.132565 1.193108 0.479138 -0.158546 -0.879039
    42 1.312561 0.000000 0.000000 0.000000 -0.011932 -0.439671
    43 0.729366 0.000002 0.000000 0.000002 -0.006134 -0.244270
    44 3.942291 0.050330 0.431042 -0.174164 0.127577 -1.207787
    45 1.539097 0.000003 0.000000 0.000000 -0.005853 -0.247769
    46 1.196320 0.000000 0.000000 0.004942 -0.275387 -1.121008
    47 3.883648 -0.050325 -0.431044 -0.040059 -0.165983 -1.257799
    48 1.719574 -0.000005 0.000000 0.366781 -0.096847 -2.862813
    49 1.209183 -0.000001 0.000000 0.000001 -0.004461 -0.216376
    50 3.859825 -0.148935 -1.331284 -0.354417 0.038566 -0.532000
    51 1.719425 0.000000 0.000000 0.089602 0.216058 -1.899362
    52 1.099663 0.000000 0.000000 0.000002 -0.004208 -0.244311
    53 0.806015 -0.359835 -1.318335 0.934008 0.297777 -0.930652
    54 1.789780 0.000001 0.000000 0.009096 -0.315147 0.639492
    55 1.207001 0.000000 0.000004 0.000381 -0.070245 0.716387
    56 2.338451 -1.535743 -6.391512 1.520238 -0.094383 -2.001948
  time 52
    0 0.000000 -0.533203 19.828125 1.570795 0.000003 -0.000003
    1 0.000005 3.345128 -2.981903 1.570790 0.067900 1.570789
    2 4.018331 0.000000 0.000000 -0.613121 -0.066670 0.045925
    3 3.518564 0.000000 0.000000 -0.131224 -0.042413 0.157577
    4 8.942642 0.000000 0.000000 -0.413927 -0.021476 0.280253
    5 3.307269 0.000000 -0.000004 -2.940265 -0.130086 0.387319
    6 3.593710 -0.000001 -0.000004 0.895057 -0.068468 0.648751
    7 1.999994 -3.000001 0.000004 -1.570753 -0.000007 -1.326410
    8 2.033349 1.000771 -1.937607 -1.688728 1.147837 2.790133
    9 6.028143 0.000002 -0.000004 1.489485 0.133985 -0.969032
    10 11.692545 0.000000 0.000000 -0.024124 -0.198657 -1.130220
    11 11.481701 0.000000 0.000000 -1.663211 -0.094252 -0.281829
    12 2.676086 -1.712440 0.000000 -1.570753 -0.000007 -1.570752
    13 2.033341 1.000767 1.937660 0.294931 -1.313958 -2.508565
    14 6.028140 0.000002 0.000000 -1.786228 -0.467530 -0.166472
    15 11.692553 0.000000 0.000011 -0.177778 0.729755 -1.402157
    16 11.481667 0.000000 -0.000031 0.832526 -0.014268 -0.151440
    17 2.676086 -1.712440 0.000004 1.570753 0.000007 1.570752
    18 -3.890452 0.000004 0.000004 -1.570797 0.229027 -1.576018
    19 17.848171 0.000000 0.000004 0.000000 0.000000 1.661808
    20 16.525251 0.000000 0.000004 0.038610 0.040778 -1.043418
    21 6.879454 0.000000 0.000008 -0.081332 -0.002951 -0.584373
    22 3.890452 -0.000004 -0.000004 -1.570795 -1.373850 -1.565555
    23 17.848175 0.000000 -0.000004 0.000000 0.000000 1.994689
    24 16.525246 0.000000 0.000004 -0.027915 -0.040781 -1.744128
    25 6.879452 0.000000 0.000000 -0.005219 -0.002811 -0.539668
    26 3.859703 -0.142403 -1.191975 -0.479143 0.152189 -0.879872
    27 1.312565 0.000001 0.000004 0.000000 0.009664 -0.439719
    28 0.729362 0.000002 0.000004 -0.028976 0.117245 -0.451386
    29 3.942326 0.046774 -0.431438 -0.155011 0.073329 -0.810646
    30 1.539093 0.000001 0.000000 0.041407 0.089644 -0.699058
    31 1.196320 -0.000001 0.000004 -0.000002 0.007360 -0.430801
    32 3.883686 -0.046767 0.431446 0.812670 -0.191549 -1.550266
    33 1.719570 0.000002 0.000004 0.194938 -0.171308 -0.606847
    34 1.209183 -0.000001 -0.000004 0.409190 -0.306121 -0.737508
    35 3.859859 -0.137950 1.332462 0.716033 -0.200230 -1.353927
    36 1.719429 0.000002 0.000000 -0.000001 0.004072 -0.363008
    37 1.099670 0.000001 0.000004 0.133914 -0.229713 -0.543027
    38 0.806049 -0.348922 1.321259 -1.148537 -0.413342 -0.685814
    39 1.789787 0.000000 0.000004 0.143112 0.004764 0.680910
    40 1.207001 0.000000 -0.000004 -0.238537 -0.328319 0.202547
    41 3.859665 -0.132565 1.193108 0.479138 -0.158546 -0.879039
    42 1.312561 0.000000 0.000000 0.000000 -0.011932 -0.439671
    43 0.729366 0.000002 0.000000 0.000002 -0.006134 -0.244270
    44 3.942291 0.050330 0.431042 -0.174164 0.127577 -1.207787
    45 1.539097 0.000003 0.000000 0.000000 -0.005853 -0.247769
    46 1.196320 0.000000 0.000000 0.004942 -0.275387 -1.121008
    47 3.883648 -0.050325 -0.431044 -0.040059 -0.165983 -1.257799
    48 1.719574 -0.000005 0.000000 0.366781 -0.096847 -2.862813
    49 1.209183 -0.000001 0.000000 0.000001 -0.004461 -0.216376
    50 3.859825 -0.148935 -1.331284 -0.354417 0.038566 -0.532000
    51 1.719425 0.000000 0.000000 0.089602 0.216058 -1.899362
    52 1.099663 0.000000 0.000000 0.000002 -0.004208 -0.244311
    53 0.806015 -0.359835 -1.318335 0.934008 0.297777 -0.930652
    54 1.789780 0.000001 0.000000 0.009096 -0.315147 0.639492
    55 1.207001 0.000000 0.000004 0.000381 -0.070245 0.716387
    56 2.338451 -1.535743 -6.391512 1.520238 -0.094383 -2.001948
  time 53
    0 0.000000 -0.533203 19.828125 1.570795 0.000003 -0.000003
    1 0.000005 3.345128 -2.981903 1.570790 0.068247 1.570789
    2 4.018331 0.000000 0.000000 -0.613121 -0.066670 0.045925
    3 3.518564 0.000000 0.000000 -0.131224 -0.042413 0.157577
    4 8.942642 0.000000 0.000000 -0.413889 -0.021333 0.280099
    5 3.307269 0.000000 -0.000004 -2.940265 -0.130086 0.387319
    6 3.593710 -0.000001 -0.000004 0.895103 -0.067653 0.648117
    7 1.999994 -3.000001 0.000004 -1.570800 -0.000007 -1.326410
    8 2.033349 1.000771 -1.937607 -1.688728 1.147837 2.790133
    9 6.028143 0.000002 -0.000004 1.491783 0.132747 -0.965427
    10 11.692545 0.000000 0.000000 -0.023465 -0.199424 -1.128839
    11 11.481701 0.000000 0.000000 -1.662402 -0.095550 -0.280750
    12 2.676086 -1.712440 0.000000 -1.570753 -0.000007 -1.570752
    13 2.033341 1.000767 1.937660 0.294931 -1.313958 -2.508565
    14 6.028140 0.000002 0.000000 -1.785818 -0.467968 -0.166862
    15 11.692553 0.000000 0.000011 -0.177453 0.729688 -1.402157
    16 11.481667 0.000000 -0.000031 0.832526 -0.014268 -0.151440
    17 2.676086 -1.712440 0.000004 1.570800 0.000007 1.570752
    18 -3.890452 0.000004 0.000004 -1.570797 0.229027 -1.576018
    19 17.848171 0.000000 0.000004 0.000000 0.000000 1.661808
    20 16.525251 0.000000 0.000004 0.038610 0.040778 -1.043418
    21 6.879454 0.000000 0.000008 -0.081332 -0.002951 -0.584373
    22 3.890452 -0.000004 -0.000004 -1.570795 -1.373850 -1.565555
    23 17.848175 0.000000 -0.000004 0.000000 0.000000 1.994689
    24 16.525246 0.000000 0.000004 -0.027915 -0.040781 -1.744128
    25 6.879452 0.000000 0.000000 -0.005219 -0.002811 -0.539668
    26 3.859703 -0.142403 -1.191975 -0.479143 0.152189 -0.879872
    27 1.312565 0.000001 0.000004 0.000000 0.009664 -0.439719
    28 0.729362 0.000002 0.000004 -0.028976 0.117245 -0.451386
    29 3.942326 0.046774 -0.431438 -0.155011 0.073329 -0.810646
    30 1.539093 0.000001 0.000000 0.041407 0.089644 -0.699058
    31 1.196320 -0.000001 0.000004 -0.000002 0.007360 -0.430801
    32 3.883686 -0.046767 0.431446 0.812670 -0.191549 -1.550266
    33 1.719570 0.000002 0.000004 0.194938 -0.171308 -0.606847
    34 1.209183 -0.000001 -0.000004 0.409190 -0.306121 -0.737508
    35 3.859859 -0.137950 1.332462 0.716033 -0.200230 -1.353927
    36 1.719429 0.000002 0.000000 -0.000001 0.004072 -0.363008
    37 1.099670 0.000001 0.000004 0.133914 -0.229713 -0.543027
    38 0.806049 -0.348922 1.321259 -1.148537 -0.413342 -0.685814
    39 1.789787 0.000000 0.000004 0.143112 0.004764 0.680910
    40 1.207001 0.000000 -0.000004 -0.238537 -0.328319 0.202547
    41 3.859665 -0.132565 1.193108 0.479138 -0.158546 -0.879039
    42 1.312561 0.000000 0.000000 0.000000 -0.011932 -0.439671
    43 0.729366 0.000002 0.000000 0.000002 -0.006134 -0.244270
    44 3.942291 0.050330 0.431042 -0.174164 0.127577 -1.207787
    45 1.539097 0.000003 0.000000 0.000000 -0.005853 -0.247769
    46 1.196320 0.000000 0.000000 0.004942 -0.275387 -1.121008
    47 3.883648 -0.050325 -0.431044 -0.040059 -0.165983 -1.257799
    48 1.719574 -0.000005 0.000000 0.366781 -0.096847 -2.862813
    49 1.209183 -0.000001 0.000000 0.000001 -0.004461 -0.216376
    50 3.859825 -0.148935 -1.331284 -0.354417 0.038566 -0.532000
    51 1.719425 0.000000 0.000000 0.089602 0.216058 -1.899362
    52 1.099663 0.000000 0.000000 0.000002 -0.004208 -0.244311
    53 0.806015 -0.359835 -1.318335 0.934008 0.297777 -0.930652
    54 1.789780 0.000001 0.000000 0.009096 -0.315147 0.639492
    55 1.207001 0.000000 0.000004 0.000381 -0.070245 0.716387
    56 2.338451 -1.535743 -6.391512 1.520238 -0.094383 -2.001948
  time 54
    0 0.000000 -0.533203 19.828125 1.570795 0.000003 -0.000003
    1 0.000005 3.345128 -2.981903 1.570790 0.068595 1.570789
    2 4.018331 0.000000 0.000000 -0.613121 -0.066670 0.045925
    3 3.518564 0.000000 0.000000 -0.131224 -0.042413 0.157577
    4 8.942642 0.000000 0.000000 -0.413850 -0.021177 0.279930
    5 3.307269 0.000000 -0.000004 -2.940265 -0.130086 0.387319
    6 3.593710 -0.000001 -0.000004 0.895149 -0.066790 0.647449
    7 1.999994 -3.000001 0.000004 -1.570800 -0.000007 -1.326410
    8 2.033349 1.000771 -1.937607 -1.688728 1.147837 2.790133
    9 6.028143 0.000002 -0.000004 1.494448 0.131352 -0.961398
    10 11.692545 0.000000 0.000000 -0.022722 -0.200286 -1.127392
    11 11.481701 0.000000 0.000000 -1.661539 -0.097008 -0.279475
    12 2.676086 -1.712440 0.000000 -1.570753 -0.000007 -1.570800
    13 2.033341 1.000767 1.937660 0.294931 -1.313958 -2.508565
    14 6.028140 0.000002 0.000000 -1.785409 -0.468441 -0.167252
    15 11.692553 0.000000 0.000011 -0.177127 0.729622 -1.402227
    16 11.481667 0.000000 -0.000031 0.832526 -0.014268 -0.151440
    17 2.676086 -1.712440 0.000004 1.570753 0.000007 1.570752
    18 -3.890452 0.000004 0.000004 -1.570797 0.229027 -1.576018
    19 17.848171 0.000000 0.000004 0.000000 0.000000 1.661808
    20 16.525251 0.000000 0.000004 0.038610 0.040778 -1.043418
    21 6.879454 0.000000 0.000008 -0.081332 -0.002951 -0.584373
    22 3.890452 -0.000004 -0.000004 -1.570795 -1.373850 -1.565555
    23 17.848175 0.000000 -0.000004 0.000000 0.000000 1.994689
    24 16.525246 0.000000 0.000004 -0.027915 -0.040781 -1.744128
    25 6.879452 0.000000 0.000000 -0.005219 -0.002811 -0.539668
    26 3.859703 -0.142403 -1.191975 -0.479143 0.152189 -0.879872
    27 1.312565 0.000001 0.000004 0.000000 0.009664 -0.439719
    28 0.729362 0.000002 0.000004 -0.028976 0.117245 -0.451386
    29 3.942326 0.046774 -0.431438 -0.155011 0.073329 -0.810646
    30 1.539093 0.000001 0.000000 0.041407 0.089644 -0.699058
    31 1.196320 -0.000001 0.000004 -0.000002 0.007360 -0.430801
    32 3.883686 -0.046767 0.431446 0.812670 -0.191549 -1.550266
    33 1.719570 0.000002 0.000004 0.194938 -0.171308 -0.606847
    34 1.209183 -0.000001 -0.000004 0.409190 -0.306121 -0.737508
    35 3.859859 -0.137950 1.332462 0.716033 -0.200230 -1.353927
    36 1.719429 0.000002 0.000000 -0.000001 0.004072 -0.363008
    37 1.099670 0.000001 0.000004 0.133914 -0.229713 -0.543027
    38 0.806049 -0.348922 1.321259 -1.148537 -0.413342 -0.685814
    39 1.789787 0.000000 0.000004 0.143112 0.004764 0.680910
    40 1.207001 0.000000 -0.000004 -0.238537 -0.328319 0.202547
    41 3.859665 -0.132565 1.193108 0.479138 -0.158546 -0.879039
    42 1.312561 0.000000 0.000000 0.000000 -0.011932 -0.439671
    43 0.729366 0.000002 0.000000 0.000002 -0.006134 -0.244270
    44 3.942291 0.050330 0.431042 -0.174164 0.127577 -1.207787
    45 1.539097 0.000003 0.000000 0.000000 -0.005853 -0.247769
    46 1.196320 0.000000 0.000000 0.004942 -0.275387 -1.121008
    47 3.883648 -0.050325 -0.431044 -0.040059 -0.165983 -1.257799
    48 1.719574 -0.000005 0.000000 0.366781 -0.096847 -2.862813
    49 1.209183 -0.000001 0.000000 0.000001 -0.004461 -0.216376
    50 3.859825 -0.148935 -1.331284 -0.354417 0.038566 -0.532000
    51 1.719425 0.000000 0.000000 0.089602 0.216058 -1.899420
    52 1.099663 0.000000 0.000000 0.000002 -0.004208 -0.244311
    53 0.806015 -0.359835 -1.318335 0.934008 0.297777 -0.930652
    54 1.789780 0.000001 0.000000 0.009096 -0.315147 0.639492
    55 1.207001 0.000000 0.000004 0.000381 -0.070245 0.716387
    56 2.338451 -1.535743 -6.391512 1.520238 -0.094383 -2.001948
  time 55
    0 0.000000 -0.533203 19.828125 1.570795 0.000003 -0.000003
    1 0.000005 3.345128 -2.981903 1.570790 0.068978 1.570789
    2 4.018331 0.000000 0.000000 -0.613121 -0.066670 0.045925
    3 3.518564 0.000000 0.000000 -0.131224 -0.042413 0.157577
    4 8.942642 0.000000 0.000000 -0.413799 -0.021021 0.279746
    5 3.307269 0.000000 -0.000004 -2.940265 -0.130086 0.387319
    6 3.593710 -0.000001 -0.000004 0.895195 -0.065891 0.646745
    7 1.999994 -3.000001 0.000004 -1.570753 -0.000007 -1.326410
    8 2.033349 1.000771 -1.937607 -1.688728 1.147837 2.790133
    9 6.028143 0.000002 -0.000004 1.497297 0.129852 -0.957016
    10 11.692545 0.000000 0.000000 -0.021919 -0.201221 -1.125748
    11 11.481701 0.000000 0.000000 -1.660622 -0.098623 -0.278150
    12 2.676086 -1.712440 0.000000 -1.570753 -0.000007 -1.570752
    13 2.033341 1.000767 1.937660 0.294931 -1.313958 -2.508565
    14 6.028140 0.000002 0.000000 -1.785000 -0.468947 -0.167682
    15 11.692553 0.000000 0.000011 -0.176780 0.729556 -1.402227
    16 11.481667 0.000000 -0.000031 0.832526 -0.014268 -0.151440
    17 2.676086 -1.712440 0.000004 1.570753 0.000007 1.570752
    18 -3.890452 0.000004 0.000004 -1.570797 0.229027 -1.576018
    19 17.848171 0.000000 0.000004 0.000000 0.000000 1.661808
    20 16.525251 0.000000 0.000004 0.038610 0.040778 -1.043418
    21 6.879454 0.000000 0.000008 -0.081332 -0.002951 -0.584373
    22 3.890452 -0.000004 -0.000004 -1.570795 -1.373850 -1.565555
    23 17.848175 0.000000 -0.000004 0.000000 0.000000 1.994689
    24 16.525246 0.000000 0.000004 -0.027915 -0.040781 -1.744128
    25 6.879452 0.000000 0.000000 -0.005219 -0.002811 -0.539668
    26 3.859703 -0.142403 -1.191975 -0.479143 0.152189 -0.879872
    27 1.312565 0.000001 0.000004 0.000000 0.009664 -0.439719
    28 0.729362 0.000002 0.000004 -0.028976 0.117245 -0.451386
    29 3.942326 0.046774 -0.431438 -0.155011 0.073329 -0.810646
    30 1.539093 0.000001 0.000000 0.041407 0.089644 -0.699058
    31 1.196320 -0.000001 0.000004 -0.000002 0.007360 -0.430801
    32 3.883686 -0.046767 0.431446 0.812670 -0.191549 -1.550266
    33 1.719570 0.000002 0.000004 0.194938 -0.171308 -0.606847
    34 1.209183 -0.000001 -0.000004 0.409190 -0.306121 -0.737508
    35 3.859859 -0.137950 1.332462 0.716033 -0.200230 -1.353927
    36 1.719429 0.000002 0.000000 -0.000001 0.004072 -0.363008
    37 1.099670 0.000001 0.000004 0.133914 -0.229713 -0.543027
    38 0.806049 -0.348922 1.321259 -1.148537 -0.413342 -0.685814
    39 1.789787 0.000000 0.000004 0.143112 0.004764 0.680910
    40 1.207001 0.000000 -0.000004 -0.238537 -0.328319 0.202547
    41 3.859665 -0.132565 1.193108 0.479138 -0.158546 -0.879039
    42 1.312561 0.000000 0.000000 0.000000 -0.011932 -0.439671
    43 0.729366 0.000002 0.000000 0.000002 -0.006134 -0.244270
    44 3.942291 0.050330 0.431042 -0.174164 0.127577 -1.207787
    45 1.539097 0.000003 0.000000 0.000000 -0.005853 -0.247769
    46 1.196320 0.000000 0.000000 0.004942 -0.275387 -1.121008
    47 3.883648 -0.050325 -0.431044 -0.040059 -0.165983 -1.257799
    48 1.719574 -0.000005 0.000000 0.366781 -0.096847 -2.862813
    49 1.209183 -0.000001 0.000000 0.000001 -0.004461 -0.216376
    50 3.859825 -0.148935 -1.331284 -0.354417 0.038566 -0.532000
    51 1.719425 0.000000 0.000000 0.089602 0.216058 -1.899362
    52 1.099663 0.000000 0.000000 0.000002 -0.004208 -0.244311
    53 0.806015 -0.359835 -1.318335 0.934008 0.297777 -0.930652
    54 1.789780 0.000001 0.000000 0.009096 -0.315147 0.639492
    55 1.207001 0.000000 0.000004 0.000381 -0.070245 0.716387
    56 2.338451 -1.535743 -6.391512 1.520238 -0.094383 -2.001948
  time 56
    0 0.000000 -0.533203 19.828125 1.570795 0.000003 -0.000003
    1 0.000005 3.345128 -2.981903 1.570790 0.069374 1.570789
    2 4.018331 0.000000 0.000000 -0.613121 -0.066670 0.045925
    3 3.518564 0.000000 0.000000 -0.131224 -0.042413 0.157577
    4 8.942642 0.000000 0.000000 -0.413761 -0.020865 0.279561
    5 3.307269 0.000000 -0.000004 -2.940265 -0.130086 0.387319
    6 3.593710 -0.000001 -0.000004 0.895241 -0.064944 0.646006
    7 1.999994 -3.000001 0.000004 -1.570753 -0.000007 -1.326410
    8 2.033349 1.000771 -1.937607 -1.688728 1.147837 2.790133
    9 6.028143 0.000002 -0.000004 1.500421 0.128213 -0.952281
    10 11.692545 0.000000 0.000000 -0.021044 -0.202228 -1.123972
    11 11.481701 0.000000 0.000000 -1.659597 -0.100334 -0.276679
    12 2.676086 -1.712440 0.000000 -1.570753 -0.000007 -1.570752
    13 2.033341 1.000767 1.937660 0.294931 -1.313958 -2.508565
    14 6.028140 0.000002 0.000000 -1.784532 -0.469453 -0.168111
    15 11.692553 0.000000 0.000011 -0.176412 0.729456 -1.402297
    16 11.481667 0.000000 -0.000031 0.832526 -0.014268 -0.151440
    17 2.676086 -1.712440 0.000004 1.570753 0.000007 1.570752
    18 -3.890452 0.000004 0.000004 -1.570797 0.229027 -1.576018
    19 17.848171 0.000000 0.000004 0.000000 0.000000 1.661808
    20 16.525251 0.000000 0.000004 0.038610 0.040778 -1.043418
    21 6.879454 0.000000 0.000008 -0.081332 -0.002951 -0.584373
    22 3.890452 -0.000004 -0.000004 -1.570795 -1.373850 -1.565555
    23 17.848175 0.000000 -0.000004 0.000000 0.000000 1.994689
    24 16.525246 0.000000 0.000004 -0.027915 -0.040781 -1.744128
    25 6.879452 0.000000 0.000000 -0.005219 -0.002811 -0.539668
    26 3.859703 -0.142403 -1.191975 -0.479143 0.152189 -0.879872
    27 1.312565 0.000001 0.000004 0.000000 0.009664 -0.439719
    28 0.729362 0.000002 0.000004 -0.028976 0.117245 -0.451386
    29 3.942326 0.046774 -0.431438 -0.155011 0.073329 -0.810646
    30 1.539093 0.000001 0.000000 0.041407 0.089644 -0.699058
    31 1.196320 -0.000001 0.000004 -0.000002 0.007360 -0.430801
    32 3.883686 -0.046767 0.431446 0.812670 -0.191549 -1.550266
    33 1.719570 0.000002 0.000004 0.194938 -0.171308 -0.606847
    34 1.209183 -0.000001 -0.000004 0.409190 -0.306121 -0.737508
    35 3.859859 -0.137950 1.332462 0.716033 -0.200230 -1.353927
    36 1.719429 0.000002 0.000000 -0.000001 0.004072 -0.363008
    37 1.099670 0.000001 0.000004 0.133914 -0.229713 -0.543027
    38 0.806049 -0.348922 1.321259 -1.148537 -0.413342 -0.685814
    39 1.789787 0.000000 0.000004 0.143112 0.004764 0.680910
    40 1.207001 0.000000 -0.000004 -0.238537 -0.328319 0.202547
    41 3.859665 -0.132565 1.193108 0.479138 -0.158546 -0.879039
    42 1.312561 0.000000 0.000000 0.000000 -0.011932 -0.439671
    43 0.729366 0.000002 0.000000 0.000002 -0.006134 -0.244270
    44 3.942291 0.050330 0.431042 -0.174164 0.127577 -1.207787
    45 1.539097 0.000003 0.000000 0.000000 -0.005853 -0.247769
    46 1.196320 0.000000 0.000000 0.004942 -0.275387 -1.121008
    47 3.883648 -0.050325 -0.431044 -0.040059 -0.165983 -1.257799
    48 1.719574 -0.000005 0.000000 0.366781 -0.096847 -2.862813
    49 1.209183 -0.000001 0.000000 0.000001 -0.004461 -0.216376
    50 3.859825 -0.148935 -1.331284 -0.354417 0.038566 -0.532000
    51 1.719425 0.000000 0.000000 0.089602 0.216058 -1.899362
    52 1.099663 0.000000 0.000000 0.000002 -0.004208 -0.244311
    53 0.806015 -0.359835 -1.318335 0.934008 0.297777 -0.930652
    54 1.789780 0.000001 0.000000 0.009096 -0.315147 0.639492
    55 1.207001 0.000000 0.000004 0.000381 -0.070245 0.716387
    56 2.338451 -1.535743 -6.391512 1.520238 -0.094383 -2.001948
  time 57
    0 0.000000 -0.533203 19.828125 1.570795 0.000003 -0.000003
    1 0.000005 3.345128 -2.981903 1.570790 0.069781 1.570789
    2 4.018331 0.000000 0.000000 -0.613121 -0.066670 0.045925
    3 3.518564 0.000000 0.000000 -0.131224 -0.042413 0.157577
    4 8.942642 0.000000 0.000000 -0.413710 -0.020685 0.279377
    5 3.307269 0.000000 -0.000004 -2.940265 -0.130086 0.387319
    6 3.593710 -0.000001 -0.000004 0.895333 -0.063962 0.645232
    7 1.999994 -3.000001 0.000004 -1.570800 -0.000007 -1.326410
    8 2.033349 1.000771 -1.937607 -1.688728 1.147837 2.790133
    9 6.028143 0.000002 -0.000004 1.503730 0.126470 -0.947227
    10 11.692545 0.000000 0.000000 -0.020109 -0.203319 -1.122065
    11 11.481701 0.000000 0.000000 -1.658518 -0.102171 -0.275109
    12 2.676086 -1.712440 0.000000 -1.570753 -0.000007 -1.570752
    13 2.033341 1.000767 1.937660 0.294931 -1.313958 -2.508565
    14 6.028140 0.000002 0.000000 -1.784006 -0.469992 -0.168579
    15 11.692553 0.000000 0.000011 -0.176021 0.729357 -1.402297
    16 11.481667 0.000000 -0.000031 0.832526 -0.014268 -0.151440
    17 2.676086 -1.712440 0.000004 1.570753 0.000007 1.570752
    18 -3.890452 0.000004 0.000004 -1.570797 0.229027 -1.576018
    19 17.848171 0.000000 0.000004 0.000000 0.000000 1.661808
    20 16.525251 0.000000 0.000004 0.038610 0.040778 -1.043418
    21 6.879454 0.000000 0.000008 -0.081332 -0.002951 -0.584373
    22 3.890452 -0.000004 -0.000004 -1.570795 -1.373850 -1.565555
    23 17.848175 0.000000 -0.000004 0.000000 0.000000 1.994689
    24 16.525246 0.000000 0.000004 -0.027915 -0.040781 -1.744128
    25 6.879452 0.000000 0.000000 -0.005219 -0.002811 -0.539668
    26 3.859703 -0.142403 -1.191975 -0.479143 0.152189 -0.879872
    27 1.312565 0.000001 0.000004 0.000000 0.009664 -0.439719
    28 0.729362 0.000002 0.000004 -0.028976 0.117245 -0.451386
    29 3.942326 0.046774 -0.431438 -0.155011 0.073329 -0.810646
    30 1.539093 0.000001 0.000000 0.041407 0.089644 -0.699058
    31 1.196320 -0.000001 0.000004 -0.000002 0.007360 -0.430801
    32 3.883686 -0.046767 0.431446 0.812670 -0.191549 -1.550266
    33 1.719570 0.000002 0.000004 0.194938 -0.171308 -0.606847
    34 1.209183 -0.000001 -0.000004 0.409190 -0.306121 -0.737508
    35 3.859859 -0.137950 1.332462 0.716033 -0.200230 -1.353927
    36 1.719429 0.000002 0.000000 -0.000001 0.004072 -0.363008
    37 1.099670 0.000001 0.000004 0.133914 -0.229713 -0.543027
    38 0.806049 -0.348922 1.321259 -1.148537 -0.413342 -0.685814
    39 1.789787 0.000000 0.000004 0.143112 0.004764 0.680910
    40 1.207001 0.000000 -0.000004 -0.238537 -0.328319 0.202547
    41 3.859665 -0.132565 1.193108 0.479138 -0.158546 -0.879039
    42 1.312561 0.000000 0.000000 0.000000 -0.011932 -0.439671
    43 0.729366 0.000002 0.000000 0.000002 -0.006134 -0.244270
    44 3.942291 0.050330 0.431042 -0.174164 0.127577 -1.207787
    45 1.539097 0.000003 0.000000 0.000000 -0.005853 -0.247769
    46 1.196320 0.000000 0.000000 0.004942 -0.275387 -1.121008
    47 3.883648 -0.050325 -0.431044 -0.040059 -0.165983 -1.257799
    48 1.719574 -0.000005 0.000000 0.366781 -0.096847 -2.862813
    49 1.209183 -0.000001 0.000000 0.000001 -0.004461 -0.216376
    50 3.859825 -0.148935 -1.331284 -0.354417 0.038566 -0.532000
    51 1.719425 0.000000 0.000000 0.089602 0.216058 -1.899362
    52 1.099663 0.000000 0.000000 0.000002 -0.004208 -0.244311
    53 0.806015 -0.359835 -1.318335 0.934008 0.297777 -0.930652
    54 1.789780 0.000001 0.000000 0.009096 -0.315147 0.639492
    55 1.207001 0.000000 0.000004 0.000381 -0.070245 0.716387
    56 2.338451 -1.535743 -6.391512 1.520238 -0.094383 -2.001948
  time 58
    0 0.000000 -0.533203 19.828125 1.570795 0.000003 -0.000003
    1 0.000005 3.345128 -2.981903 1.570790 0.070201 1.570789
    2 4.018331 0.000000 0.000000 -0.613121 -0.066670 0.045925
    3 3.518564 0.000000 0.000000 -0.131224 -0.042413 0.157577
    4 8.942642 0.000000 0.000000 -0.413672 -0.020506 0.279177
    5 3.307269 0.000000 -0.000004 -2.940265 -0.130086 0.387319
    6 3.593710 -0.000001 -0.000004 0.895379 -0.062943 0.644422
    7 1.999994 -3.000001 0.000004 -1.570753 -0.000007 -1.326410
    8 2.033349 1.000771 -1.937607 -1.688728 1.147837 2.790133
    9 6.028143 0.000002 -0.000004 1.507314 0.124604 -0.941821
    10 11.692545 0.000000 0.000000 -0.019126 -0.204469 -1.120026
    11 11.481701 0.000000 0.000000 -1.657331 -0.104136 -0.273442
    12 2.676086 -1.712440 0.000000 -1.570753 -0.000007 -1.570752
    13 2.033341 1.000767 1.937660 0.294931 -1.313958 -2.508565
    14 6.028140 0.000002 0.000000 -1.783538 -0.470532 -0.169048
    15 11.692553 0.000000 0.000011 -0.175631 0.729291 -1.402367
    16 11.481667 0.000000 -0.000031 0.832526 -0.014268 -0.151440
    17 2.676086 -1.712440 0.000004 1.570753 0.000007 1.570752
    18 -3.890452 0.000004 0.000004 -1.570797 0.229027 -1.576018
    19 17.848171 0.000000 0.000004 0.000000 0.000000 1.661808
    20 16.525251 0.000000 0.000004 0.038610 0.040778 -1.043418
    21 6.879454 0.000000 0.000008 -0.081332 -0.002951 -0.584373
    22 3.890452 -0.000004 -0.000004 -1.570795 -1.373850 -1.565555
    23 17.848175 0.000000 -0.000004 0.000000 0.000000 1.994689
    24 16.525246 0.000000 0.000004 -0.027915 -0.040781 -1.744128
    25 6.879452 0.000000 0.000000 -0.005219 -0.002811 -0.539668
    26 3.859703 -0.142403 -1.191975 -0.479143 0.152189 -0.879872
    27 1.312565 0.000001 0.000004 0.000000 0.009664 -0.439719
    28 0.729362 0.000002 0.000004 -0.028976 0.117245 -0.451386
    29 3.942326 0.046774 -0.431438 -0.155011 0.073329 -0.810646
    30 1.539093 0.000001 0.000000 0.041407 0.089644 -0.699058
    31 1.196320 -0.000001 0.000004 -0.000002 0.007360 -0.430801
    32 3.883686 -0.046767 0.431446 0.812670 -0.191549 -1.550266
    33 1.719570 0.000002 0.000004 0.194938 -0.171308 -0.606847
    34 1.209183 -0.000001 -0.000004 0.409190 -0.306121 -0.737508
    35 3.859859 -0.137950 1.332462 0.716033 -0.200230 -1.353927
    36 1.719429 0.000002 0.000000 -0.000001 0.004072 -0.363008
    37 1.099670 0.000001 0.000004 0.133914 -0.229713 -0.543027
    38 0.806049 -0.348922 1.321259 -1.148537 -0.413342 -0.685814
    39 1.789787 0.000000 0.000004 0.143112 0.004764 0.680910
    40 1.207001 0.000000 -0.000004 -0.238537 -0.328319 0.202547
    41 3.859665 -0.132565 1.193108 0.479138 -0.158546 -0.879039
    42 1.312561 0.000000 0.000000 0.000000 -0.011932 -0.439671
    43 0.729366 0.000002 0.000000 0.000002 -0.006134 -0.244270
    44 3.942291 0.050330 0.431042 -0.174164 0.127577 -1.207787
    45 1.539097 0.000003 0.000000 0.000000 -0.005853 -0.247769
    46 1.196320 0.000000 0.000000 0.004942 -0.275387 -1.121008
    47 3.883648 -0.050325 -0.431044 -0.040059 -0.165983 -1.257799
    48 1.719574 -0.000005 0.000000 0.366781 -0.096847 -2.862813
    49 1.209183 -0.000001 0.000000 0.000001 -0.004461 -0.216376
    50 3.859825 -0.148935 -1.331284 -0.354417 0.038566 -0.532000
    51 1.719425 0.000000 0.000000 0.089602 0.216058 -1.899362
    52 1.099663 0.000000 0.000000 0.000002 -0.004208 -0.244311
    53 0.806015 -0.359835 -1.318335 0.934008 0.297777 -0.930652
    54 1.789780 0.000001 0.000000 0.009096 -0.315147 0.639492
    55 1.207001 0.000000 0.000004 0.000381 -0.070245 0.716387
    56 2.338451 -1.535743 -6.391512 1.520238 -0.094383 -2.001948
  time 59
    0 0.000000 -0.533203 19.828125 1.570795 0.000003 -0.000003
    1 0.000005 3.345128 -2.981903 1.570790 0.070644 1.570789
    2 4.018331 0.000000 0.000000 -0.613121 -0.066670 0.045925
    3 3.518564 0.000000 0.000000 -0.131224 -0.042413 0.157577
    4 8.942642 0.000000 0.000000 -0.413621 -0.020326 0.278962
    5 3.307269 0.000000 -0.000004 -2.940265 -0.130086 0.387319
    6 3.593710 -0.000001 -0.000004 0.895425 -0.061900 0.643613
    7 1.999994 -3.000001 0.000004 -1.570753 -0.000007 -1.326410
    8 2.033349 1.000771 -1.937607 -1.688728 1.147837 2.790133
    9 6.028143 0.000002 -0.000004 1.510990 0.122651 -0.936166
    10 11.692545 0.000000 0.000000 -0.018072 -0.205680 -1.117921
    11 11.481701 0.000000 0.000000 -1.656090 -0.106226 -0.271725
    12 2.676086 -1.712440 0.000000 -1.570753 -0.000007 -1.570752
    13 2.033341 1.000767 1.937660 0.294931 -1.313958 -2.508565
    14 6.028140 0.000002 0.000000 -1.783012 -0.471105 -0.169516
    15 11.692553 0.000000 0.000011 -0.175219 0.729191 -1.402367
    16 11.481667 0.000000 -0.000031 0.832526 -0.014268 -0.151440
    17 2.676086 -1.712440 0.000004 1.570753 0.000007 1.570752
    18 -3.890452 0.000004 0.000004 -1.570797 0.229027 -1.576018
    19 17.848171 0.000000 0.000004 0.000000 0.000000 1.661808
    20 16.525251 0.000000 0.000004 0.038610 0.040778 -1.043418
    21 6.879454 0.000000 0.000008 -0.081332 -0.002951 -0.584373
    22 3.890452 -0.000004 -0.000004 -1.570795 -1.373850 -1.565555
    23 17.848175 0.000000 -0.000004 0.000000 0.000000 1.994689
    24 16.525246 0.000000 0.000004 -0.027915 -0.040781 -1.744128
    25 6.879452 0.000000 0.000000 -0.005219 -0.002811 -0.539668
    26 3.859703 -0.142403 -1.191975 -0.479143 0.152189 -0.879872
    27 1.312565 0.000001 0.000004 0.000000 0.009664 -0.439719
    28 0.729362 0.000002 0.000004 -0.028976 0.117245 -0.451386
    29 3.942326 0.046774 -0.431438 -0.155011 0.073329 -0.810646
    30 1.539093 0.000001 0.000000 0.041407 0.089644 -0.699058
    31 1.196320 -0.000001 0.000004 -0.000002 0.007360 -0.430801
    32 3.883686 -0.046767 0.431446 0.812670 -0.191549 -1.550266
    33 1.719570 0.000002 0.000004 0.194938 -0.171308 -0.606847
    34 1.209183 -0.000001 -0.000004 0.409190 -0.306121 -0.737508
    35 3.859859 -0.137950 1.332462 0.716033 -0.200230 -1.353927
    36 1.719429 0.000002 0.000000 -0.000001 0.004072 -0.363008
    37 1.099670 0.000001 0.000004 0.133914 -0.229713 -0.543027
    38 0.806049 -0.348922 1.321259 -1.148537 -0.413342 -0.685814
    39 1.789787 0.000000 0.000004 0.143112 0.004764 0.680910
    40 1.207001 0.000000 -0.000004 -0.238537 -0.328319 0.202547
    41 3.859665 -0.132565 1.193108 0.479138 -0.158546 -0.879039
    42 1.312561 0.000000 0.000000 0.000000 -0.011932 -0.439671
    43 0.729366 0.000002 0.000000 0.000002 -0.006134 -0.244270
    44 3.942291 0.050330 0.431042 -0.174164 0.127577 -1.207787
    45 1.539097 0.000003 0.000000 0.000000 -0.005853 -0.247769
    46 1.196320 0.000000 0.000000 0.004942 -0.275387 -1.121008
    47 3.883648 -0.050325 -0.431044 -0.040059 -0.165983 -1.257799
    48 1.719574 -0.000005 0.000000 0.366781 -0.096847 -2.862813
    49 1.209183 -0.000001 0.000000 0.000001 -0.004461 -0.216376
    50 3.859825 -0.148935 -1.331284 -0.354417 0.038566 -0.532000
    51 1.719425 0.000000 0.000000 0.089602 0.216058 -1.899362
    52 1.099663 0.000000 0.000000 0.000002 -0.004208 -0.244311
    53 0.806015 -0.359835 -1.318335 0.934008 0.297777 -0.930652
    54 1.789780 0.000001 0.000000 0.009096 -0.315147 0.639492
    55 1.207001 0.000000 0.000004 0.000381 -0.070245 0.716387
    56 2.338451 -1.535743 -6.391512 1.520238 -0.094383 -2.001948
  time 60
    0 0.000000 -0.533203 19.828125 1.570795 0.000003 -0.000003
    1 0.000005 3.345128 -2.981903 1.570790 0.071087 1.570789
    2 4.018331 0.000000 0.000000 -0.613121 -0.066670 0.045925
    3 3.518564 0.000000 0.000000 -0.131224 -0.042413 0.157577
    4 8.942642 0.000000 0.000000 -0.413570 -0.020134 0.278762
    5 3.307269 0.000000 -0.000004 -2.940265 -0.130086 0.387319
    6 3.593710 -0.000001 -0.000004 0.895471 -0.060822 0.642733
    7 1.999994 -3.000001 0.000004 -1.570753 -0.000007 -1.326410
    8 2.033349 1.000771 -1.937607 -1.688728 1.147837 2.790133
    9 6.028143 0.000002 -0.000004 1.514942 0.120593 -0.930194
    10 11.692545 0.000000 0.000000 -0.016981 -0.206962 -1.115685
    11 11.481701 0.000000 0.000000 -1.654795 -0.108381 -0.269861
    12 2.676086 -1.712440 0.000000 -1.570753 -0.000007 -1.570752
    13 2.033341 1.000767 1.937660 0.294931 -1.313958 -2.508565
    14 6.028140 0.000002 0.000000 -1.782486 -0.471712 -0.170023
    15 11.692553 0.000000 0.000011 -0.174807 0.729092 -1.402436
    16 11.481667 0.000000 -0.000031 0.832526 -0.014268 -0.151440
    17 2.676086 -1.712440 0.000004 1.570753 0.000007 1.570752
    18 -3.890452 0.000004 0.000004 -1.570797 0.229027 -1.576018
    19 17.848171 0.000000 0.000004 0.000000 0.000000 1.661808
    20 16.525251 0.000000 0.000004 0.038610 0.040778 -1.043418
    21 6.879454 0.000000 0.000008 -0.081332 -0.002951 -0.584373
    22 3.890452 -0.000004 -0.000004 -1.570795 -1.373850 -1.565555
    23 17.848175 0.000000 -0.000004 0.000000 0.000000 1.994689
    24 16.525246 0.000000 0.000004 -0.027915 -0.040781 -1.744128
    25 6.879452 0.000000 0.000000 -0.005219 -0.002811 -0.539668
    26 3.859703 -0.142403 -1.191975 -0.479143 0.152189 -0.879872
    27 1.312565 0.000001 0.000004 0.000000 0.009664 -0.439719
    28 0.729362 0.000002 0.000004 -0.028976 0.117245 -0.451386
    29 3.942326 0.046774 -0.431438 -0.155011 0.073329 -0.810646
    30 1.539093 0.000001 0.000000 0.041407 0.089644 -0.699058
    31 1.196320 -0.000001 0.000004 -0.000002 0.007360 -0.430801
    32 3.883686 -0.046767 0.431446 0.812670 -0.191549 -1.550266
    33 1.719570 0.000002 0.000004 0.194938 -0.171308 -0.606847
    34 1.209183 -0.000001 -0.000004 0.409190 -0.306121 -0.737508
    35 3.859859 -0.137950 1.332462 0.716033 -0.200230 -1.353927
    36 1.719429 0.000002 0.000000 -0.000001 0.004072 -0.363008
    37 1.099670 0.000001 0.000004 0.133914 -0.229713 -0.543027
    38 0.806049 -0.348922 1.321259 -1.148537 -0.413342 -0.685814
    39 1.789787 0.000000 0.000004 0.143112 0.004764 0.680910
    40 1.207001 0.000000 -0.000004 -0.238537 -0.328319 0.202547
    41 3.859665 -0.132565 1.193108 0.479138 -0.158546 -0.879039
    42 1.312561 0.000000 0.000000 0.000000 -0.011932 -0.439671
    43 0.729366 0.000002 0.000000 0.000002 -0.006134 -0.244270
    44 3.942291 0.050330 0.431042 -0.174164 0.127577 -1.207787
    45 1.539097 0.000003 0.000000 0.000000 -0.005853 -0.247769
    46 1.196320 0.000000 0.000000 0.004942 -0.275387 -1.121008
    47 3.883648 -0.050325 -0.431044 -0.040059 -0.165983 -1.257799
    48 1.719574 -0.000005 0.000000 0.366781 -0.096847 -2.862813
    49 1.209183 -0.000001 0.000000 0.000001 -0.004461 -0.216376
    50 3.859825 -0.148935 -1.331284 -0.354417 0.038566 -0.532000
    51 1.719425 0.000000 0.000000 0.089602 0.216058 -1.899362
    52 1.099663 0.000000 0.000000 0.000002 -0.004208 -0.244311
    53 0.806015 -0.359835 -1.318335 0.934008 0.297777 -0.930652
    54 1.789780 0.000001 0.000000 0.009096 -0.315147 0.639492
    55 1.207001 0.000000 0.000004 0.000381 -0.070245 0.716387
    56 2.338451 -1.535743 -6.391512 1.520238 -0.094383 -2.001948
  time 61
    0 0.000000 -0.533203 19.828125 1.570795 0.000003 -0.000003
    1 0.000005 3.345128 -2.981903 1.570790 0.071555 1.570789
    2 4.018331 0.000000 0.000000 -0.613121 -0.066670 0.045925
    3 3.518564 0.000000 0.000000 -0.131224 -0.042413 0.157577
    4 8.942642 0.000000 0.000000 -0.413519 -0.019942 0.278532
    5 3.307269 0.000000 -0.000004 -2.940265 -0.130086 0.387319
    6 3.593710 -0.000001 -0.000004 0.895563 -0.059707 0.641889
    7 1.999994 -3.000001 0.000004 -1.570753 -0.000007 -1.326410
    8 2.033349 1.000771 -1.937607 -1.688728 1.147837 2.790133
    9 6.028143 0.000002 -0.000004 1.518985 0.118449 -0.923974
    10 11.692545 0.000000 0.000000 -0.015831 -0.208280 -1.113383
    11 11.481701 0.000000 0.000000 -1.653446 -0.110661 -0.267948
    12 2.676086 -1.712440 0.000000 -1.570753 -0.000007 -1.570752
    13 2.033341 1.000767 1.937660 0.294931 -1.313958 -2.508565
    14 6.028140 0.000002 0.000000 -1.781960 -0.472320 -0.170570
    15 11.692553 0.000000 0.000011 -0.174373 0.728993 -1.402436
    16 11.481667 0.000000 -0.000031 0.832526 -0.014268 -0.151440
    17 2.676086 -1.712440 0.000004 1.570753 0.000007 1.570752
    18 -3.890452 0.000004 0.000004 -1.570797 0.229027 -1.576018
    19 17.848171 0.000000 0.000004 0.000000 0.000000 1.661808
    20 16.525251 0.000000 0.000004 0.038610 0.040778 -1.043418
    21 6.879454 0.000000 0.000008 -0.081332 -0.002951 -0.584373
    22 3.890452 -0.000004 -0.000004 -1.570795 -1.373850 -1.565555
    23 17.848175 0.000000 -0.000004 0.000000 0.000000 1.994689
    24 16.525246 0.000000 0.000004 -0.027915 -0.040781 -1.744128
    25 6.879452 0.000000 0.000000 -0.005219 -0.002811 -0.539668
    26 3.859703 -0.142403 -1.191975 -0.479143 0.152189 -0.879872
    27 1.312565 0.000001 0.000004 0.000000 0.009664 -0.439719
    28 0.729362 0.000002 0.000004 -0.028976 0.117245 -0.451386
    29 3.942326 0.046774 -0.431438 -0.155011 0.073329 -0.810646
    30 1.539093 0.000001 0.000000 0.041407 0.089644 -0.699058
    31 1.196320 -0.000001 0.000004 -0.000002 0.007360 -0.430801
    32 3.883686 -0.046767 0.431446 0.812670 -0.191549 -1.550266
    33 1.719570 0.000002 0.000004 0.194938 -0.171308 -0.606847
    34 1.209183 -0.000001 -0.000004 0.409190 -0.306121 -0.737508
    35 3.859859 -0.137950 1.332462 0.716033 -0.200230 -1.353927
    36 1.719429 0.000002 0.000000 -0.000001 0.004072 -0.363008
    37 1.099670 0.000001 0.000004 0.133914 -0.229713 -0.543027
    38 0.806049 -0.348922 1.321259 -1.148537 -0.413342 -0.685814
    39 1.789787 0.000000 0.000004 0.143112 0.004764 0.680910
    40 1.207001 0.000000 -0.000004 -0.238537 -0.328319 0.202547
    41 3.859665 -0.132565 1.193108 0.479138 -0.158546 -0.879039
    42 1.312561 0.000000 0.000000 0.000000 -0.011932 -0.439671
    43 0.729366 0.000002 0.000000 0.000002 -0.006134 -0.244270
    44 3.942291 0.050330 0.431042 -0.174164 0.127577 -1.207787
    45 1.539097 0.000003 0.000000 0.000000 -0.005853 -0.247769
    46 1.196320 0.000000 0.000000 0.004942 -0.275387 -1.121008
    47 3.883648 -0.050325 -0.431044 -0.040059 -0.165983 -1.257799
    48 1.719574 -0.000005 0.000000 0.366781 -0.096847 -2.862813
    49 1.209183 -0.000001 0.000000 0.000001 -0.004461 -0.216376
    50 3.859825 -0.148935 -1.331284 -0.354417 0.038566 -0.532000
    51 1.719425 0.000000 0.000000 0.089602 0.216058 -1.899362
    52 1.099663 0.000000 0.000000 0.000002 -0.004208 -0.244311
    53 0.806015 -0.359835 -1.318335 0.934008 0.297777 -0.930652
    54 1.789780 0.000001 0.000000 0.009096 -0.315147 0.639492
    55 1.207001 0.000000 0.000004 0.000381 -0.070245 0.716387
    56 2.338451 -1.535743 -6.391512 1.520238 -0.094383 -2.001948
  time 62
    0 0.000000 -0.533203 19.828125 1.570795 0.000003 -0.000003
    1 0.000005 3.345128 -2.981903 1.570790 0.072022 1.570789
    2 4.018331 0.000000 0.000000 -0.613121 -0.066670 0.045925
    3 3.518564 0.000000 0.000000 -0.131224 -0.042413 0.157577
    4 8.942642 0.000000 0.000000 -0.413468 -0.019751 0.278317
    5 3.307269 0.000000 -0.000004 -2.940265 -0.130086 0.387319
    6 3.593710 -0.000001 -0.000004 0.895609 -0.058581 0.640974
    7 1.999994 -3.000001 0.000004 -1.570753 -0.000007 -1.326410
    8 2.033349 1.000771 -1.937607 -1.688728 1.147837 2.790133
    9 6.028143 0.000002 -0.000004 1.523213 0.116234 -0.917543
    10 11.692545 0.000000 0.000000 -0.014644 -0.209658 -1.110949
    11 11.481701 0.000000 0.000000 -1.652098 -0.113006 -0.265987
    12 2.676086 -1.712440 0.000000 -1.570753 -0.000007 -1.570752
    13 2.033341 1.000767 1.937660 0.294931 -1.313958 -2.508565
    14 6.028140 0.000002 0.000000 -1.781375 -0.472927 -0.171077
    15 11.692553 0.000000 0.000011 -0.173939 0.728893 -1.402506
    16 11.481667 0.000000 -0.000031 0.832526 -0.014268 -0.151440
    17 2.676086 -1.712440 0.000004 1.570753 0.000007 1.570752
    18 -3.890452 0.000004 0.000004 -1.570797 0.229027 -1.576018
    19 17.848171 0.000000 0.000004 0.000000 0.000000 1.661808
    20 16.525251 0.000000 0.000004 0.038610 0.040778 -1.043418
    21 6.879454 0.000000 0.000008 -0.081332 -0.002951 -0.584373
    22 3.890452 -0.000004 -0.000004 -1.570795 -1.373850 -1.565555
    23 17.848175 0.000000 -0.000004 0.000000 0.000000 1.994689
    24 16.525246 0.000000 0.000004 -0.027915 -0.040781 -1.744128
    25 6.879452 0.000000 0.000000 -0.005219 -0.002811 -0.539668
    26 3.859703 -0.142403 -1.191975 -0.479143 0.152189 -0.879872
    27 1.312565 0.000001 0.000004 0.000000 0.009664 -0.439719
    28 0.729362 0.000002 0.000004 -0.028976 0.117245 -0.451386
    29 3.942326 0.046774 -0.431438 -0.155011 0.073329 -0.810646
    30 1.539093 0.000001 0.000000 0.041407 0.089644 -0.699058
    31 1.196320 -0.000001 0.000004 -0.000002 0.007360 -0.430801
    32 3.883686 -0.046767 0.431446 0.812670 -0.191549 -1.550266
    33 1.719570 0.000002 0.000004 0.194938 -0.171308 -0.606847
    34 1.209183 -0.000001 -0.000004 0.409190 -0.306121 -0.737508
    35 3.859859 -0.137950 1.332462 0.716033 -0.200230 -1.353927
    36 1.719429 0.000002 0.000000 -0.000001 0.004072 -0.363008
    37 1.099670 0.000001 0.000004 0.133914 -0.229713 -0.543027
    38 0.806049 -0.348922 1.321259 -1.148537 -0.413342 -0.685814
    39 1.789787 0.000000 0.000004 0.143112 0.004764 0.680910
    40 1.207001 0.000000 -0.000004 -0.238537 -0.328319 0.202547
    41 3.859665 -0.132565 1.193108 0.479138 -0.158546 -0.879039
    42 1.312561 0.000000 0.000000 0.000000 -0.011932 -0.439671
    43 0.729366 0.000002 0.000000 0.000002 -0.006134 -0.244270
    44 3.942291 0.050330 0.431042 -0.174164 0.127577 -1.207787
    45 1.539097 0.000003 0.000000 0.000000 -0.005853 -0.247769
    46 1.196320 0.000000 0.000000 0.004942 -0.275387 -1.121008
    47 3.883648 -0.050325 -0.431044 -0.040059 -0.165983 -1.257799
    48 1.719574 -0.000005 0.000000 0.366781 -0.096847 -2.862813
    49 1.209183 -0.000001 0.000000 0.000001 -0.004461 -0.216376
    50 3.859825 -0.148935 -1.331284 -0.354417 0.038566 -0.532000
    51 1.719425 0.000000 0.000000 0.089602 0.216058 -1.899362
    52 1.099663 0.000000 0.000000 0.000002 -0.004208 -0.244311
    53 0.806015 -0.359835 -1.318335 0.934008 0.297777 -0.930652
    54 1.789780 0.000001 0.000000 0.009096 -0.315147 0.639492
    55 1.207001 0.000000 0.000004 0.000381 -0.070245 0.716387
    56 2.338451 -1.535743 -6.391512 1.520238 -0.094383 -2.001948
  time 63
    0 0.000000 -0.533203 19.828125 1.570795 0.000003 -0.000003
    1 0.000005 3.345128 -2.981903 1.570790 0.072502 1.570789
    2 4.018331 0.000000 0.000000 -0.613121 -0.066670 0.045925
    3 3.518564 0.000000 0.000000 -0.131224 -0.042413 0.157577
    4 8.942642 0.000000 0.000000 -0.413404 -0.019547 0.278086
    5 3.307269 0.000000 -0.000004 -2.940265 -0.130086 0.387319
    6 3.593710 -0.000001 -0.000004 0.895655 -0.057418 0.640094
    7 1.999994 -3.000001 0.000004 -1.570753 -0.000007 -1.326410
    8 2.033349 1.000771 -1.937607 -1.688728 1.147837 2.790133
    9 6.028143 0.000002 -0.000004 1.527624 0.113933 -0.910899
    10 11.692545 0.000000 0.000000 -0.013422 -0.211085 -1.108516
    11 11.481701 0.000000 0.000000 -1.650641 -0.115413 -0.263927
    12 2.676086 -1.712440 0.000000 -1.570753 -0.000007 -1.570752
    13 2.033341 1.000767 1.937660 0.294931 -1.313958 -2.508565
    14 6.028140 0.000002 0.000000 -1.780849 -0.473567 -0.171623
    15 11.692553 0.000000 0.000011 -0.173484 0.728794 -1.402506
    16 11.481667 0.000000 -0.000031 0.832526 -0.014268 -0.151440
    17 2.676086 -1.712440 0.000004 1.570753 0.000007 1.570752
    18 -3.890452 0.000004 0.000004 -1.570797 0.229027 -1.576018
    19 17.848171 0.000000 0.000004 0.000000 0.000000 1.661808
    20 16.525251 0.000000 0.000004 0.038610 0.040778 -1.043418
    21 6.879454 0.000000 0.000008 -0.081332 -0.002951 -0.584373
    22 3.890452 -0.000004 -0.000004 -1.570795 -1.373850 -1.565555
    23 17.848175 0.000000 -0.000004 0.000000 0.000000 1.994689
    24 16.525246 0.000000 0.000004 -0.027915 -0.040781 -1.744128
    25 6.879452 0.000000 0.000000 -0.005219 -0.002811 -0.539668
    26 3.859703 -0.142403 -1.191975 -0.479143 0.152189 -0.879872
    27 1.312565 0.000001 0.000004 0.000000 0.009664 -0.439719
    28 0.729362 0.000002 0.000004 -0.028976 0.117245 -0.451386
    29 3.942326 0.046774 -0.431438 -0.155011 0.073329 -0.810646
    30 1.539093 0.000001 0.000000 0.041407 0.089644 -0.699058
    31 1.196320 -0.000001 0.000004 -0.000002 0.007360 -0.430801
    32 3.883686 -0.046767 0.431446 0.812670 -0.191549 -1.550266
    33 1.719570 0.000002 0.000004 0.194938 -0.171308 -0.606847
    34 1.209183 -0.000001 -0.000004 0.409190 -0.306121 -0.737508
    35 3.859859 -0.137950 1.332462 0.716033 -0.200230 -1.353927
    36 1.719429 0.000002 0.000000 -0.000001 0.004072 -0.363008
    37 1.099670 0.000001 0.000004 0.133914 -0.229713 -0.543027
    38 0.806049 -0.348922 1.321259 -1.148537 -0.413342 -0.685814
    39 1.789787 0.000000 0.000004 0.143112 0.004764 0.680910
    40 1.207001 0.000000 -0.000004 -0.238537 -0.328319 0.202547
    41 3.859665 -0.132565 1.193108 0.479138 -0.158546 -0.879039
    42 1.312561 0.000000 0.000000 0.000000 -0.011932 -0.439671
    43 0.729366 0.000002 0.000000 0.000002 -0.006134 -0.244270
    44 3.942291 0.050330 0.431042 -0.174164 0.127577 -1.207787
    45 1.539097 0.000003 0.000000 0.000000 -0.005853 -0.247769
    46 1.196320 0.000000 0.000000 0.004942 -0.275387 -1.121008
    47 3.883648 -0.050325 -0.431044 -0.040059 -0.165983 -1.257799
    48 1.719574 -0.000005 0.000000 0.366781 -0.096847 -2.862813
    49 1.209183 -0.000001 0.000000 0.000001 -0.004461 -0.216376
    50 3.859825 -0.148935 -1.331284 -0.354417 0.038566 -0.532000
    51 1.719425 0.000000 0.000000 0.089602 0.216058 -1.899362
    52 1.099663 0.000000 0.000000 0.000002 -0.004208 -0.244311
    53 0.806015 -0.359835 -1.318335 0.934008 0.297777 -0.930652
    54 1.789780 0.000001 0.000000 0.009096 -0.315147 0.639492
    55 1.207001 0.000000 0.000004 0.000381 -0.070245 0.716387
    56 2.338451 -1.535743 -6.391512 1.520238 -0.094383 -2.001948
  time 64
    0 0.000000 -0.533203 19.828125 1.570795 0.000003 -0.000003
    1 0.000005 3.345128 -2.981903 1.570790 0.072993 1.570789
    2 4.018331 0.000000 0.000000 -0.613121 -0.066670 0.045925
    3 3.518564 0.000000 0.000000 -0.131224 -0.042413 0.157577
    4 8.942642 0.000000 0.000000 -0.413353 -0.019343 0.277856
    5 3.307269 0.000000 -0.000004 -2.940265 -0.130086 0.387319
    6 3.593710 -0.000001 -0.000004 0.895747 -0.056244 0.639179
    7 1.999994 -3.000001 0.000004 -1.570800 -0.000007 -1.326410
    8 2.033349 1.000771 -1.937607 -1.688728 1.147837 2.790133
    9 6.028143 0.000002 -0.000004 1.532127 0.111579 -0.904043
    10 11.692545 0.000000 0.000000 -0.012163 -0.212547 -1.105951
    11 11.481701 0.000000 0.000000 -1.649130 -0.117916 -0.261818
    12 2.676086 -1.712440 0.000000 -1.570753 -0.000007 -1.570752
    13 2.033341 1.000767 1.937660 0.294931 -1.313958 -2.508565
    14 6.028140 0.000002 0.000000 -1.780265 -0.474208 -0.172170
    15 11.692553 0.000000 0.000011 -0.173028 0.728694 -1.402576
    16 11.481667 0.000000 -0.000031 0.832526 -0.014268 -0.151440
    17 2.676086 -1.712440 0.000004 1.570753 0.000007 1.570752
    18 -3.890452 0.000004 0.000004 -1.570797 0.229027 -1.576018
    19 17.848171 0.000000 0.000004 0.000000 0.000000 1.661808
    20 16.525251 0.000000 0.000004 0.038610 0.040778 -1.043418
    21 6.879454 0.000000 0.000008 -0.081332 -0.002951 -0.584373
    22 3.890452 -0.000004 -0.000004 -1.570795 -1.373850 -1.565555
    23 17.848175 0.000000 -0.000004 0.000000 0.000000 1.994689
    24 16.525246 0.000000 0.000004 -0.027915 -0.040781 -1.744128
    25 6.879452 0.000000 0.000000 -0.005219 -0.002811 -0.539668
    26 3.859703 -0.142403 -1.191975 -0.479143 0.152189 -0.879872
    27 1.312565 0.000001 0.000004 0.000000 0.009664 -0.439719
    28 0.729362 0.000002 0.000004 -0.028976 0.117245 -0.451386
    29 3.942326 0.046774 -0.431438 -0.155011 0.073329 -0.810646
    30 1.539093 0.000001 0.000000 0.041407 0.089644 -0.699058
    31 1.196320 -0.000001 0.000004 -0.000002 0.007360 -0.430801
    32 3.883686 -0.046767 0.431446 0.812670 -0.191549 -1.550266
    33 1.719570 0.000002 0.000004 0.194938 -0.171308 -0.606847
    34 1.209183 -0.000001 -0.000004 0.409190 -0.306121 -0.737508
    35 3.859859 -0.137950 1.332462 0.716033 -0.200230 -1.353927
    36 1.719429 0.000002 0.000000 -0.000001 0.004072 -0.363008
    37 1.099670 0.000001 0.000004 0.133914 -0.229713 -0.543027
    38 0.806049 -0.348922 1.321259 -1.148537 -0.413342 -0.685814
    39 1.789787 0.000000 0.000004 0.143112 0.004764 0.680910
    40 1.207001 0.000000 -0.000004 -0.238537 -0.328319 0.202547
    41 3.859665 -0.132565 1.193108 0.479138 -0.158546 -0.879039
    42 1.312561 0.000000 0.000000 0.000000 -0.011932 -0.439671
    43 0.729366 0.000002 0.000000 0.000002 -0.006134 -0.244270
    44 3.942291 0.050330 0.431042 -0.174164 0.127577 -1.207787
    45 1.539097 0.000003 0.000000 0.000000 -0.005853 -0.247769
    46 1.196320 0.000000 0.000000 0.004942 -0.275387 -1.121008
    47 3.883648 -0.050325 -0.431044 -0.040059 -0.165983 -1.257799
    48 1.719574 -0.000005 0.000000 0.366781 -0.096847 -2.862900
    49 1.209183 -0.000001 0.000000 0.000001 -0.004461 -0.216376
    50 3.859825 -0.148935 -1.331284 -0.354417 0.038566 -0.532000
    51 1.719425 0.000000 0.000000 0.089602 0.216058 -1.899362
    52 1.099663 0.000000 0.000000 0.000002 -0.004208 -0.244311
    53 0.806015 -0.359835 -1.318335 0.934008 0.297777 -0.930652
    54 1.789780 0.000001 0.000000 0.009096 -0.315147 0.639492
    55 1.207001 0.000000 0.000004 0.000381 -0.070245 0.716387
    56 2.338451 -1.535743 -6.391512 1.520238 -0.094383 -2.001948
  time 65
    0 0.000000 -0.533203 19.828125 1.570795 0.000003 -0.000003
    1 0.000005 3.345128 -2.981903 1.570790 0.073484 1.570789
    2 4.018331 0.000000 0.000000 -0.613121 -0.066670 0.045925
    3 3.518564 0.000000 0.000000 -0.131224 -0.042413 0.157577
    4 8.942642 0.000000 0.000000 -0.413303 -0.019139 0.277625
    5 3.307269 0.000000 -0.000004 -2.940265 -0.130086 0.387319
    6 3.593710 -0.000001 -0.000004 0.895793 -0.055057 0.638229
    7 1.999994 -3.000001 0.000004 -1.570753 -0.000007 -1.326410
    8 2.033349 1.000771 -1.937607 -1.688728 1.147837 2.790133
    9 6.028143 0.000002 -0.000004 1.536722 0.109155 -0.897046
    10 11.692545 0.000000 0.000000 -0.010869 -0.214045 -1.103320
    11 11.481701 0.000000 0.000000 -1.647620 -0.120482 -0.259659
    12 2.676086 -1.712440 0.000000 -1.570753 -0.000007 -1.570752
    13 2.033341 1.000767 1.937660 0.294931 -1.313958 -2.508565
    14 6.028140 0.000002 0.000000 -1.779680 -0.474849 -0.172716
    15 11.692553 0.000000 0.000011 -0.172573 0.728595 -1.402576
    16 11.481667 0.000000 -0.000031 0.832526 -0.014268 -0.151440
    17 2.676086 -1.712440 0.000004 1.570753 0.000007 1.570800
    18 -3.890452 0.000004 0.000004 -1.570797 0.229027 -1.576018
    19 17.848171 0.000000 0.000004 0.000000 0.000000 1.661808
    20 16.525251 0.000000 0.000004 0.038610 0.040778 -1.043418
    21 6.879454 0.000000 0.000008 -0.081332 -0.002951 -0.584373
    22 3.890452 -0.000004 -0.000004 -1.570795 -1.373850 -1.565555
    23 17.848175 0.000000 -0.000004 0.000000 0.000000 1.994689
    24 16.525246 0.000000 0.000004 -0.027915 -0.040781 -1.744128
    25 6.879452 0.000000 0.000000 -0.005219 -0.002811 -0.539668
    26 3.859703 -0.142403 -1.191975 -0.479143 0.152189 -0.879872
    27 1.312565 0.000001 0.000004 0.000000 0.009664 -0.439719
    28 0.729362 0.000002 0.000004 -0.028976 0.117245 -0.451386
    29 3.942326 0.046774 -0.431438 -0.155011 0.073329 -0.810646
    30 1.539093 0.000001 0.000000 0.041407 0.089644 -0.699058
    31 1.196320 -0.000001 0.000004 -0.000002 0.007360 -0.430801
    32 3.883686 -0.046767 0.431446 0.812670 -0.191549 -1.550266
    33 1.719570 0.000002 0.000004 0.194938 -0.171308 -0.606847
    34 1.209183 -0.000001 -0.000004 0.409190 -0.306121 -0.737508
    35 3.859859 -0.137950 1.332462 0.716033 -0.200230 -1.353927
    36 1.719429 0.000002 0.000000 -0.000001 0.004072 -0.363008
    37 1.099670 0.000001 0.000004 0.133914 -0.229713 -0.543027
    38 0.806049 -0.348922 1.321259 -1.148537 -0.413342 -0.685814
    39 1.789787 0.000000 0.000004 0.143112 0.004764 0.680910
    40 1.207001 0.000000 -0.000004 -0.238537 -0.328319 0.202547
    41 3.859665 -0.132565 1.193108 0.479138 -0.158546 -0.879039
    42 1.312561 0.000000 0.000000 0.000000 -0.011932 -0.439671
    43 0.729366 0.000002 0.000000 0.000002 -0.006134 -0.244270
    44 3.942291 0.050330 0.431042 -0.174164 0.127577 -1.207787
    45 1.539097 0.000003 0.000000 0.000000 -0.005853 -0.247769
    46 1.196320 0.000000 0.000000 0.004942 -0.275387 -1.121008
    47 3.883648 -0.050325 -0.431044 -0.040059 -0.165983 -1.257799
    48 1.719574 -0.000005 0.000000 0.366781 -0.096847 -2.862813
    49 1.209183 -0.000001 0.000000 0.000001 -0.004461 -0.216376
    50 3.859825 -0.148935 -1.331284 -0.354417 0.038566 -0.532000
    51 1.719425 0.000000 0.000000 0.089602 0.216058 -1.899362
    52 1.099663 0.000000 0.000000 0.000002 -0.004208 -0.244311
    53 0.806015 -0.359835 -1.318335 0.934008 0.297777 -0.930652
    54 1.789780 0.000001 0.000000 0.009096 -0.315147 0.639492
    55 1.207001 0.000000 0.000004 0.000381 -0.070245 0.716387
    56 2.338451 -1.535743 -6.391512 1.520238 -0.094383 -2.001948
  time 66
    0 0.000000 -0.533203 19.828125 1.570795 0.000003 -0.000003
    1 0.000005 3.345128 -2.981903 1.570790 0.073988 1.570789
    2 4.018331 0.000000 0.000000 -0.613121 -0.066670 0.045925
    3 3.518564 0.000000 0.000000 -0.131224 -0.042413 0.157577
    4 8.942642 0.000000 0.000000 -0.413239 -0.018924 0.277394
    5 3.307269 0.000000 -0.000004 -2.940265 -0.130086 0.387319
    6 3.593710 -0.000001 -0.000004 0.895839 -0.053859 0.637279
    7 1.999994 -3.000001 0.000004 -1.570753 -0.000007 -1.326410
    8 2.033349 1.000771 -1.937607 -1.688728 1.147837 2.790133
    9 6.028143 0.000002 -0.000004 1.541409 0.106679 -0.889872
    10 11.692545 0.000000 0.000000 -0.009551 -0.215579 -1.100623
    11 11.481701 0.000000 0.000000 -1.646109 -0.123080 -0.257403
    12 2.676086 -1.712440 0.000000 -1.570753 -0.000007 -1.570752
    13 2.033341 1.000767 1.937660 0.294931 -1.313958 -2.508565
    14 6.028140 0.000002 0.000000 -1.779095 -0.475490 -0.173301
    15 11.692553 0.000000 0.000011 -0.172096 0.728496 -1.402646
    16 11.481667 0.000000 -0.000031 0.832526 -0.014268 -0.151440
    17 2.676086 -1.712440 0.000004 1.570753 0.000007 1.570752
    18 -3.890452 0.000004 0.000004 -1.570797 0.229027 -1.576018
    19 17.848171 0.000000 0.000004 0.000000 0.000000 1.661808
    20 16.525251 0.000000 0.000004 0.038610 0.040778 -1.043418
    21 6.879454 0.000000 0.000008 -0.081332 -0.002951 -0.584373
    22 3.890452 -0.000004 -0.000004 -1.570795 -1.373850 -1.565555
    23 17.848175 0.000000 -0.000004 0.000000 0.000000 1.994689
    24 16.525246 0.000000 0.000004 -0.027915 -0.040781 -1.744128
    25 6.879452 0.000000 0.000000 -0.005219 -0.002811 -0.539668
    26 3.859703 -0.142403 -1.191975 -0.479143 0.152189 -0.879872
    27 1.312565 0.000001 0.000004 0.000000 0.009664 -0.439719
    28 0.729362 0.000002 0.000004 -0.028976 0.117245 -0.451386
    29 3.942326 0.046774 -0.431438 -0.155011 0.073329 -0.810646
    30 1.539093 0.000001 0.000000 0.041407 0.089644 -0.699058
    31 1.196320 -0.000001 0.000004 -0.000002 0.007360 -0.430801
    32 3.883686 -0.046767 0.431446 0.812670 -0.191549 -1.550266
    33 1.719570 0.000002 0.000004 0.194938 -0.171308 -0.606847
    34 1.209183 -0.000001 -0.000004 0.409190 -0.306121 -0.737508
    35 3.859859 -0.137950 1.332462 0.716033 -0.200230 -1.353927
    36 1.719429 0.000002 0.000000 -0.000001 0.004072 -0.363008
    37 1.099670 0.000001 0.000004 0.133914 -0.229713 -0.543027
    38 0.806049 -0.348922 1.321259 -1.148537 -0.413342 -0.685814
    39 1.789787 0.000000 0.000004 0.143112 0.004764 0.680910
    40 1.207001 0.000000 -0.000004 -0.238537 -0.328319 0.202547
    41 3.859665 -0.132565 1.193108 0.479138 -0.158546 -0.879039
    42 1.312561 0.000000 0.000000 0.000000 -0.011932 -0.439671
    43 0.729366 0.000002 0.000000 0.000002 -0.006134 -0.244270
    44 3.942291 0.050330 0.431042 -0.174164 0.127577 -1.207787
    45 1.539097 0.000003 0.000000 0.000000 -0.005853 -0.247769
    46 1.196320 0.000000 0.000000 0.004942 -0.275387 -1.121008
    47 3.883648 -0.050325 -0.431044 -0.040059 -0.165983 -1.257799
    48 1.719574 -0.000005 0.000000 0.366781 -0.096847 -2.862900
    49 1.209183 -0.000001 0.000000 0.000001 -0.004461 -0.216376
    50 3.859825 -0.148935 -1.331284 -0.354417 0.038566 -0.532000
    51 1.719425 0.000000 0.000000 0.089602 0.216058 -1.899362
    52 1.099663 0.000000 0.000000 0.000002 -0.004208 -0.244311
    53 0.806015 -0.359835 -1.318335 0.934008 0.297777 -0.930652
    54 1.789780 0.000001 0.000000 0.009096 -0.315147 0.639492
    55 1.207001 0.000000 0.000004 0.000381 -0.070245 0.716387
    56 2.338451 -1.535743 -6.391512 1.520238 -0.094383 -2.001948
  time 67
    0 0.000000 -0.533203 19.828125 1.570795 0.000003 -0.000003
    1 0.000005 3.345128 -2.981903 1.570790 0.074491 1.570789
    2 4.018331 0.000000 0.000000 -0.613121 -0.066670 0.045925
    3 3.518564 0.000000 0.000000 -0.131224 -0.042413 0.157577
    4 8.942642 0.000000 0.000000 -0.413188 -0.018708 0.277149
    5 3.307269 0.000000 -0.000004 -2.940265 -0.130086 0.387319
    6 3.593710 -0.000001 -0.000004 0.895931 -0.052636 0.636329
    7 1.999994 -3.000001 0.000004 -1.570753 -0.000007 -1.326410
    8 2.033349 1.000771 -1.937607 -1.688728 1.147837 2.790133
    9 6.028143 0.000002 -0.000004 1.546188 0.104168 -0.882557
    10 11.692545 0.000000 0.000000 -0.008208 -0.217149 -1.097926
    11 11.481701 0.000000 0.000000 -1.644491 -0.125741 -0.255196
    12 2.676086 -1.712440 0.000000 -1.570753 -0.000007 -1.570752
    13 2.033341 1.000767 1.937660 0.294931 -1.313958 -2.508565
    14 6.028140 0.000002 0.000000 -1.778452 -0.476165 -0.173848
    15 11.692553 0.000000 0.000011 -0.171618 0.728396 -1.402646
    16 11.481667 0.000000 -0.000031 0.832526 -0.014268 -0.151440
    17 2.676086 -1.712440 0.000004 1.570753 0.000007 1.570752
    18 -3.890452 0.000004 0.000004 -1.570797 0.229027 -1.576018
    19 17.848171 0.000000 0.000004 0.000000 0.000000 1.661808
    20 16.525251 0.000000 0.000004 0.038610 0.040778 -1.043418
    21 6.879454 0.000000 0.000008 -0.081332 -0.002951 -0.584373
    22 3.890452 -0.000004 -0.000004 -1.570795 -1.373850 -1.565555
    23 17.848175 0.000000 -0.000004 0.000000 0.000000 1.994689
    24 16.525246 0.000000 0.000004 -0.027915 -0.040781 -1.744128
    25 6.879452 0.000000 0.000000 -0.005219 -0.002811 -0.539668
    26 3.859703 -0.142403 -1.191975 -0.479143 0.152189 -0.879872
    27 1.312565 0.000001 0.000004 0.000000 0.009664 -0.439719
    28 0.729362 0.000002 0.000004 -0.028976 0.117245 -0.451386
    29 3.942326 0.046774 -0.431438 -0.155011 0.073329 -0.810646
    30 1.539093 0.000001 0.000000 0.041407 0.089644 -0.699058
    31 1.196320 -0.000001 0.000004 -0.000002 0.007360 -0.430801
    32 3.883686 -0.046767 0.431446 0.812670 -0.191549 -1.550266
    33 1.719570 0.000002 0.000004 0.194938 -0.171308 -0.606847
    34 1.209183 -0.000001 -0.000004 0.409190 -0.306121 -0.737508
    35 3.859859 -0.137950 1.332462 0.716033 -0.200230 -1.353927
    36 1.719429 0.000002 0.000000 -0.000001 0.004072 -0.363008
    37 1.099670 0.000001 0.000004 0.133914 -0.229713 -0.543027
    38 0.806049 -0.348922 1.321259 -1.148537 -0.413342 -0.685814
    39 1.789787 0.000000 0.000004 0.143112 0.004764 0.680910
    40 1.207001 0.000000 -0.000004 -0.238537 -0.328319 0.202547
    41 3.859665 -0.132565 1.193108 0.479138 -0.158546 -0.879039
    42 1.312561 0.000000 0.000000 0.000000 -0.011932 -0.439671
    43 0.729366 0.000002 0.000000 0.000002 -0.006134 -0.244270
    44 3.942291 0.050330 0.431042 -0.174164 0.127577 -1.207787
    45 1.539097 0.000003 0.000000 0.000000 -0.005853 -0.247769
    46 1.196320 0.000000 0.000000 0.004942 -0.275387 -1.121008
    47 3.883648 -0.050325 -0.431044 -0.040059 -0.165983 -1.257799
    48 1.719574 -0.000005 0.000000 0.366781 -0.096847 -2.862813
    49 1.209183 -0.000001 0.000000 0.000001 -0.004461 -0.216376
    50 3.859825 -0.148935 -1.331284 -0.354417 0.038566 -0.532000
    51 1.719425 0.000000 0.000000 0.089602 0.216058 -1.899362
    52 1.099663 0.000000 0.000000 0.000002 -0.004208 -0.244311
    53 0.806015 -0.359835 -1.318335 0.934008 0.297777 -0.930652
    54 1.789780 0.000001 0.000000 0.009096 -0.315147 0.639492
    55 1.207001 0.000000 0.000004 0.000381 -0.070245 0.716387
    56 2.338451 -1.535743 -6.391512 1.520238 -0.094383 -2.001948
  time 68
    0 0.000000 -0.533203 19.828125 1.570795 0.000003 -0.000003
    1 0.000005 3.345128 -2.981903 1.570790 0.075006 1.570789
    2 4.018331 0.000000 0.000000 -0.613121 -0.066670 0.045925
    3 3.518564 0.000000 0.000000 -0.131224 -0.042413 0.157577
    4 8.942642 0.000000 0.000000 -0.413124 -0.018504 0.276918
    5 3.307269 0.000000 -0.000004 -2.940265 -0.130086 0.387319
    6 3.593710 -0.000001 -0.000004 0.895977 -0.051414 0.635379
    7 1.999994 -3.000001 0.000004 -1.570753 -0.000007 -1.326410
    8 2.033349 1.000771 -1.937607 -1.688728 1.147837 2.790133
    9 6.028143 0.000002 -0.000004 1.551059 0.101605 -0.875136
    10 11.692545 0.000000 0.000000 -0.006842 -0.218731 -1.095098
    11 11.481701 0.000000 0.000000 -1.642872 -0.128465 -0.252891
    12 2.676086 -1.712440 0.000000 -1.570753 -0.000007 -1.570752
    13 2.033341 1.000767 1.937660 0.294931 -1.313958 -2.508565
    14 6.028140 0.000002 0.000000 -1.777868 -0.476839 -0.174433
    15 11.692553 0.000000 0.000011 -0.171163 0.728264 -1.402716
    16 11.481667 0.000000 -0.000031 0.832526 -0.014268 -0.151440
    17 2.676086 -1.712440 0.000004 1.570753 0.000007 1.570752
    18 -3.890452 0.000004 0.000004 -1.570797 0.229027 -1.576018
    19 17.848171 0.000000 0.000004 0.000000 0.000000 1.661808
    20 16.525251 0.000000 0.000004 0.038610 0.040778 -1.043418
    21 6.879454 0.000000 0.000008 -0.081332 -0.002951 -0.584373
    22 3.890452 -0.000004 -0.000004 -1.570795 -1.373850 -1.565555
    23 17.848175 0.000000 -0.000004 0.000000 0.000000 1.994689
    24 16.525246 0.000000 0.000004 -0.027915 -0.040781 -1.744128
    25 6.879452 0.000000 0.000000 -0.005219 -0.002811 -0.539668
    26 3.859703 -0.142403 -1.191975 -0.479143 0.152189 -0.879872
    27 1.312565 0.000001 0.000004 0.000000 0.009664 -0.439719
    28 0.729362 0.000002 0.000004 -0.028976 0.117245 -0.451386
    29 3.942326 0.046774 -0.431438 -0.155011 0.073329 -0.810646
    30 1.539093 0.000001 0.000000 0.041407 0.089644 -0.699058
    31 1.196320 -0.000001 0.000004 -0.000002 0.007360 -0.430801
    32 3.883686 -0.046767 0.431446 0.812670 -0.191549 -1.550266
    33 1.719570 0.000002 0.000004 0.194938 -0.171308 -0.606847
    34 1.209183 -0.000001 -0.000004 0.409190 -0.306121 -0.737508
    35 3.859859 -0.137950 1.332462 0.716033 -0.200230 -1.353927
    36 1.719429 0.000002 0.000000 -0.000001 0.004072 -0.363008
    37 1.099670 0.000001 0.000004 0.133914 -0.229713 -0.543027
    38 0.806049 -0.348922 1.321259 -1.148537 -0.413342 -0.685814
    39 1.789787 0.000000 0.000004 0.143112 0.004764 0.680910
    40 1.207001 0.000000 -0.000004 -0.238537 -0.328319 0.202547
    41 3.859665 -0.132565 1.193108 0.479138 -0.158546 -0.879039
    42 1.312561 0.000000 0.000000 0.000000 -0.011932 -0.439671
    43 0.729366 0.000002 0.000000 0.000002 -0.006134 -0.244270
    44 3.942291 0.050330 0.431042 -0.174164 0.127577 -1.207787
    45 1.539097 0.000003 0.000000 0.000000 -0.005853 -0.247769
    46 1.196320 0.000000 0.000000 0.004942 -0.275387 -1.121008
    47 3.883648 -0.050325 -0.431044 -0.040059 -0.165983 -1.257799
    48 1.719574 -0.000005 0.000000 0.366781 -0.096847 -2.862813
    49 1.209183 -0.000001 0.000000 0.000001 -0.004461 -0.216376
    50 3.859825 -0.148935 -1.331284 -0.354417 0.038566 -0.532000
    51 1.719425 0.000000 0.000000 0.089602 0.216058 -1.899362
    52 1.099663 0.000000 0.000000 0.000002 -0.004208 -0.244311
    53 0.806015 -0.359835 -1.318335 0.934008 0.297777 -0.930652
    54 1.789780 0.000001 0.000000 0.009096 -0.315147 0.639492
    55 1.207001 0.000000 0.000004 0.000381 -0.070245 0.716387
    56 2.338451 -1.535743 -6.391512 1.520238 -0.094383 -2.001948
  time 69
    0 0.000000 -0.533203 19.828125 1.570795 0.000003 -0.000003
    1 0.000005 3.345128 -2.981903 1.570790 0.075510 1.570789
    2 4.018331 0.000000 0.000000 -0.613121 -0.066670 0.045925
    3 3.518564 0.000000 0.000000 -0.131224 -0.042413 0.157577
    4 8.942642 0.000000 0.000000 -0.413073 -0.018288 0.276672
    5 3.307269 0.000000 -0.000004 -2.940265 -0.130086 0.387319
    6 3.593710 -0.000001 -0.000004 0.896069 -0.050191 0.634393
    7 1.999994 -3.000001 0.000004 -1.570753 -0.000007 -1.326410
    8 2.033349 1.000771 -1.937607 -1.688728 1.147837 2.790133
    9 6.028143 0.000002 -0.000004 1.556021 0.099007 -0.867644
    10 11.692545 0.000000 0.000000 -0.005464 -0.220337 -1.092336
    11 11.481701 0.000000 0.000000 -1.641254 -0.131190 -0.250586
    12 2.676086 -1.712440 0.000000 -1.570753 -0.000007 -1.570752
    13 2.033341 1.000767 1.937660 0.294931 -1.313958 -2.508565
    14 6.028140 0.000002 0.000000 -1.777283 -0.477514 -0.175019
    15 11.692553 0.000000 0.000011 -0.170686 0.728164 -1.402786
    16 11.481667 0.000000 -0.000031 0.832526 -0.014268 -0.151440
    17 2.676086 -1.712440 0.000004 1.570753 0.000007 1.570752
    18 -3.890452 0.000004 0.000004 -1.570797 0.229027 -1.576018
    19 17.848171 0.000000 0.000004 0.000000 0.000000 1.661808
    20 16.525251 0.000000 0.000004 0.038610 0.040778 -1.043418
    21 6.879454 0.000000 0.000008 -0.081332 -0.002951 -0.584373
    22 3.890452 -0.000004 -0.000004 -1.570795 -1.373850 -1.565555
    23 17.848175 0.000000 -0.000004 0.000000 0.000000 1.994689
    24 16.525246 0.000000 0.000004 -0.027915 -0.040781 -1.744128
    25 6.879452 0.000000 0.000000 -0.005219 -0.002811 -0.539668
    26 3.859703 -0.142403 -1.191975 -0.479143 0.152189 -0.879872
    27 1.312565 0.000001 0.000004 0.000000 0.009664 -0.439719
    28 0.729362 0.000002 0.000004 -0.028976 0.117245 -0.451386
    29 3.942326 0.046774 -0.431438 -0.155011 0.073329 -0.810646
    30 1.539093 0.000001 0.000000 0.041407 0.089644 -0.699058
    31 1.196320 -0.000001 0.000004 -0.000002 0.007360 -0.430801
    32 3.883686 -0.046767 0.431446 0.812670 -0.191549 -1.550266
    33 1.719570 0.000002 0.000004 0.194938 -0.171308 -0.606847
    34 1.209183 -0.000001 -0.000004 0.409190 -0.306121 -0.737508
    35 3.859859 -0.137950 1.332462 0.716033 -0.200230 -1.353927
    36 1.719429 0.000002 0.000000 -0.000001 0.004072 -0.363008
    37 1.099670 0.000001 0.000004 0.133914 -0.229713 -0.543027
    38 0.806049 -0.348922 1.321259 -1.148537 -0.413342 -0.685814
    39 1.789787 0.000000 0.000004 0.143112 0.004764 0.680910
    40 1.207001 0.000000 -0.000004 -0.238537 -0.328319 0.202547
    41 3.859665 -0.132565 1.193108 0.479138 -0.158546 -0.879039
    42 1.312561 0.000000 0.000000 0.000000 -0.011932 -0.439671
    43 0.729366 0.000002 0.000000 0.000002 -0.006134 -0.244270
    44 3.942291 0.050330 0.431042 -0.174164 0.127577 -1.207787
    45 1.539097 0.000003 0.000000 0.000000 -0.005853 -0.247769
    46 1.196320 0.000000 0.000000 0.004942 -0.275387 -1.121008
    47 3.883648 -0.050325 -0.431044 -0.040059 -0.165983 -1.257799
    48 1.719574 -0.000005 0.000000 0.366781 -0.096847 -2.862813
    49 1.209183 -0.000001 0.000000 0.000001 -0.004461 -0.216376
    50 3.859825 -0.148935 -1.331284 -0.354417 0.038566 -0.532000
    51 1.719425 0.000000 0.000000 0.089602 0.216058 -1.899362
    52 1.099663 0.000000 0.000000 0.000002 -0.004208 -0.244311
    53 0.806015 -0.359835 -1.318335 0.934008 0.297777 -0.930652
    54 1.789780 0.000001 0.000000 0.009096 -0.315147 0.639492
    55 1.207001 0.000000 0.000004 0.000381 -0.070245 0.716387
    56 2.338451 -1.535743 -6.391512 1.520238 -0.094383 -2.001948
  time 70
    0 0.000000 -0.533203 19.828125 1.570795 0.000003 -0.000003
    1 0.000005 3.345128 -2.981903 1.570790 0.076025 1.570789
    2 4.018331 0.000000 0.000000 -0.613121 -0.066670 0.045925
    3 3.518564 0.000000 0.000000 -0.131224 -0.042413 0.157577
    4 8.942642 0.000000 0.000000 -0.413009 -0.018073 0.276442
    5 3.307269 0.000000 -0.000004 -2.940265 -0.130086 0.387319
    6 3.593710 -0.000001 -0.000004 0.896115 -0.048957 0.633443
    7 1.999994 -3.000001 0.000004 -1.570753 -0.000007 -1.326410
    8 2.033349 1.000771 -1.937607 -1.688728 1.147837 2.790133
    9 6.028143 0.000002 -0.000004 1.560984 0.096409 -0.860046
    10 11.692545 0.000000 0.000000 -0.004062 -0.221955 -1.089508
    11 11.481701 0.000000 0.000000 -1.639635 -0.133946 -0.248231
    12 2.676086 -1.712440 0.000000 -1.570753 -0.000007 -1.570752
    13 2.033341 1.000767 1.937660 0.294931 -1.313958 -2.508565
    14 6.028140 0.000002 0.000000 -1.776699 -0.478155 -0.175565
    15 11.692553 0.000000 0.000011 -0.170209 0.728065 -1.402786
    16 11.481667 0.000000 -0.000031 0.832526 -0.014268 -0.151440
    17 2.676086 -1.712440 0.000004 1.570753 0.000007 1.570752
    18 -3.890452 0.000004 0.000004 -1.570797 0.229027 -1.576018
    19 17.848171 0.000000 0.000004 0.000000 0.000000 1.661808
    20 16.525251 0.000000 0.000004 0.038610 0.040778 -1.043418
    21 6.879454 0.000000 0.000008 -0.081332 -0.002951 -0.584373
    22 3.890452 -0.000004 -0.000004 -1.570795 -1.373850 -1.565555
    23 17.848175 0.000000 -0.000004 0.000000 0.000000 1.994689
    24 16.525246 0.000000 0.000004 -0.027915 -0.040781 -1.744128
    25 6.879452 0.000000 0.000000 -0.005219 -0.002811 -0.539668
    26 3.859703 -0.142403 -1.191975 -0.479143 0.152189 -0.879872
    27 1.312565 0.000001 0.000004 0.000000 0.009664 -0.439719
    28 0.729362 0.000002 0.000004 -0.028976 0.117245 -0.451386
    29 3.942326 0.046774 -0.431438 -0.155011 0.073329 -0.810646
    30 1.539093 0.000001 0.000000 0.041407 0.089644 -0.699058
    31 1.196320 -0.000001 0.000004 -0.000002 0.007360 -0.430801
    32 3.883686 -0.046767 0.431446 0.812670 -0.191549 -1.550266
    33 1.719570 0.000002 0.000004 0.194938 -0.171308 -0.606847
    34 1.209183 -0.000001 -0.000004 0.409190 -0.306121 -0.737508
    35 3.859859 -0.137950 1.332462 0.716033 -0.200230 -1.353927
    36 1.719429 0.000002 0.000000 -0.000001 0.004072 -0.363008
    37 1.099670 0.000001 0.000004 0.133914 -0.229713 -0.543027
    38 0.806049 -0.348922 1.321259 -1.148537 -0.413342 -0.685814
    39 1.789787 0.000000 0.000004 0.143112 0.004764 0.680910
    40 1.207001 0.000000 -0.000004 -0.238537 -0.328319 0.202547
    41 3.859665 -0.132565 1.193108 0.479138 -0.158546 -0.879039
    42 1.312561 0.000000 0.000000 0.000000 -0.011932 -0.439671
    43 0.729366 0.000002 0.000000 0.000002 -0.006134 -0.244270
    44 3.942291 0.050330 0.431042 -0.174164 0.127577 -1.207787
    45 1.539097 0.000003 0.000000 0.000000 -0.005853 -0.247769
    46 1.196320 0.000000 0.000000 0.004942 -0.275387 -1.121008
    47 3.883648 -0.050325 -0.431044 -0.040059 -0.165983 -1.257799
    48 1.719574 -0.000005 0.000000 0.366781 -0.096847 -2.862813
    49 1.209183 -0.000001 0.000000 0.000001 -0.004461 -0.216376
    50 3.859825 -0.148935 -1.331284 -0.354417 0.038566 -0.532000
    51 1.719425 0.000000 0.000000 0.089602 0.216058 -1.899362
    52 1.099663 0.000000 0.000000 0.000002 -0.004208 -0.244311
    53 0.806015 -0.359835 -1.318335 0.934008 0.297777 -0.930652
    54 1.789780 0.000001 0.000000 0.009096 -0.315147 0.639492
    55 1.207001 0.000000 0.000004 0.000381 -0.070245 0.716387
    56 2.338451 -1.535743 -6.391512 1.520238 -0.094383 -2.001948
  time 71
    0 0.000000 -0.533203 19.828125 1.570795 0.000003 -0.000003
    1 0.000005 3.345128 -2.981903 1.570790 0.076540 1.570789
    2 4.018331 0.000000 0.000000 -0.613121 -0.066670 0.045925
    3 3.518564 0.000000 0.000000 -0.131224 -0.042413 0.157577
    4 8.942642 0.000000 0.000000 -0.412958 -0.017857 0.276196
    5 3.307269 0.000000 -0.000004 -2.940265 -0.130086 0.387319
    6 3.593710 -0.000001 -0.000004 0.896207 -0.047723 0.632458
    7 1.999994 -3.000001 0.000004 -1.570753 -0.000007 -1.326410
    8 2.033349 1.000771 -1.937607 -1.688728 1.147837 2.790133
    9 6.028143 0.000002 -0.000004 1.565947 0.093776 -0.852448
    10 11.692545 0.000000 0.000000 -0.002660 -0.223585 -1.086679
    11 11.481701 0.000000 0.000000 -1.637963 -0.136734 -0.245877
    12 2.676086 -1.712440 0.000000 -1.570753 -0.000007 -1.570752
    13 2.033341 1.000767 1.937660 0.294931 -1.313958 -2.508565
    14 6.028140 0.000002 0.000000 -1.776056 -0.478829 -0.176150
    15 11.692553 0.000000 0.000011 -0.169710 0.727966 -1.402856
    16 11.481667 0.000000 -0.000031 0.832526 -0.014268 -0.151440
    17 2.676086 -1.712440 0.000004 1.570753 0.000007 1.570752
    18 -3.890452 0.000004 0.000004 -1.570797 0.229027 -1.576018
    19 17.848171 0.000000 0.000004 0.000000 0.000000 1.661808
    20 16.525251 0.000000 0.000004 0.038610 0.040778 -1.043418
    21 6.879454 0.000000 0.000008 -0.081332 -0.002951 -0.584373
    22 3.890452 -0.000004 -0.000004 -1.570795 -1.373850 -1.565555
    23 17.848175 0.000000 -0.000004 0.000000 0.000000 1.994689
    24 16.525246 0.000000 0.000004 -0.027915 -0.040781 -1.744128
    25 6.879452 0.000000 0.000000 -0.005219 -0.002811 -0.539668
    26 3.859703 -0.142403 -1.191975 -0.479143 0.152189 -0.879872
    27 1.312565 0.000001 0.000004 0.000000 0.009664 -0.439719
    28 0.729362 0.000002 0.000004 -0.028976 0.117245 -0.451386
    29 3.942326 0.046774 -0.431438 -0.155011 0.073329 -0.810646
    30 1.539093 0.000001 0.000000 0.041407 0.089644 -0.699058
    31 1.196320 -0.000001 0.000004 -0.000002 0.007360 -0.430801
    32 3.883686 -0.046767 0.431446 0.812670 -0.191549 -1.550266
    33 1.719570 0.000002 0.000004 0.194938 -0.171308 -0.606847
    34 1.209183 -0.000001 -0.000004 0.409190 -0.306121 -0.737508
    35 3.859859 -0.137950 1.332462 0.716033 -0.200230 -1.353927
    36 1.719429 0.000002 0.000000 -0.000001 0.004072 -0.363008
    37 1.099670 0.000001 0.000004 0.133914 -0.229713 -0.543027
    38 0.806049 -0.348922 1.321259 -1.148537 -0.413342 -0.685814
    39 1.789787 0.000000 0.000004 0.143112 0.004764 0.680910
    40 1.207001 0.000000 -0.000004 -0.238537 -0.328319 0.202547
    41 3.859665 -0.132565 1.193108 0.479138 -0.158546 -0.879039
    42 1.312561 0.000000 0.000000 0.000000 -0.011932 -0.439671
    43 0.729366 0.000002 0.000000 0.000002 -0.006134 -0.244270
    44 3.942291 0.050330 0.431042 -0.174164 0.127577 -1.207787
    45 1.539097 0.000003 0.000000 0.000000 -0.005853 -0.247769
    46 1.196320 0.000000 0.000000 0.004942 -0.275387 -1.121008
    47 3.883648 -0.050325 -0.431044 -0.040059 -0.165983 -1.257799
    48 1.719574 -0.000005 0.000000 0.366781 -0.096847 -2.862813
    49 1.209183 -0.000001 0.000000 0.000001 -0.004461 -0.216376
    50 3.859825 -0.148935 -1.331284 -0.354417 0.038566 -0.532000
    51 1.719425 0.000000 0.000000 0.089602 0.216058 -1.899420
    52 1.099663 0.000000 0.000000 0.000002 -0.004208 -0.244311
    53 0.806015 -0.359835 -1.318335 0.934008 0.297777 -0.930652
    54 1.789780 0.000001 0.000000 0.009096 -0.315147 0.639492
    55 1.207001 0.000000 0.000004 0.000381 -0.070245 0.716387
    56 2.338451 -1.535743 -6.391512 1.520238 -0.094383 -2.001948
  time 72
    0 0.000000 -0.533203 19.828125 1.570795 0.000003 -0.000003
    1 0.000005 3.345128 -2.981903 1.570790 0.077056 1.570789
    2 4.018331 0.000000 0.000000 -0.613121 -0.066670 0.045925
    3 3.518564 0.000000 0.000000 -0.131224 -0.042413 0.157577
    4 8.942642 0.000000 0.000000 -0.412895 -0.017641 0.275950
    5 3.307269 0.000000 -0.000004 -2.940265 -0.130086 0.387319
    6 3.593710 -0.000001 -0.000004 0.896253 -0.046500 0.631508
    7 1.999994 -3.000001 0.000004 -1.570800 -0.000007 -1.326410
    8 2.033349 1.000771 -1.937607 -1.688728 1.147837 2.790133
    9 6.028143 0.000002 -0.000004 1.571001 0.091125 -0.844780
    10 11.692545 0.000000 0.000000 -0.001245 -0.225226 -1.083786
    11 11.481701 0.000000 0.000000 -1.636344 -0.139521 -0.243523
    12 2.676086 -1.712440 0.000000 -1.570753 -0.000007 -1.570752
    13 2.033341 1.000767 1.937660 0.294931 -1.313958 -2.508565
    14 6.028140 0.000002 0.000000 -1.775471 -0.479504 -0.176736
    15 11.692553 0.000000 0.000011 -0.169233 0.727833 -1.402856
    16 11.481667 0.000000 -0.000031 0.832526 -0.014268 -0.151440
    17 2.676086 -1.712440 0.000004 1.570753 0.000007 1.570752
    18 -3.890452 0.000004 0.000004 -1.570797 0.229027 -1.576018
    19 17.848171 0.000000 0.000004 0.000000 0.000000 1.661808
    20 16.525251 0.000000 0.000004 0.038610 0.040778 -1.043418
    21 6.879454 0.000000 0.000008 -0.081332 -0.002951 -0.584373
    22 3.890452 -0.000004 -0.000004 -1.570795 -1.373850 -1.565555
    23 17.848175 0.000000 -0.000004 0.000000 0.000000 1.994689
    24 16.525246 0.000000 0.000004 -0.027915 -0.040781 -1.744128
    25 6.879452 0.000000 0.000000 -0.005219 -0.002811 -0.539668
    26 3.859703 -0.142403 -1.191975 -0.479143 0.152189 -0.879872
    27 1.312565 0.000001 0.000004 0.000000 0.009664 -0.439719
    28 0.729362 0.000002 0.000004 -0.028976 0.117245 -0.451386
    29 3.942326 0.046774 -0.431438 -0.155011 0.073329 -0.810646
    30 1.539093 0.000001 0.000000 0.041407 0.089644 -0.699058
    31 1.196320 -0.000001 0.000004 -0.000002 0.007360 -0.430801
    32 3.883686 -0.046767 0.431446 0.812670 -0.191549 -1.550266
    33 1.719570 0.000002 0.000004 0.194938 -0.171308 -0.606847
    34 1.209183 -0.000001 -0.000004 0.409190 -0.306121 -0.737508
    35 3.859859 -0.137950 1.332462 0.716033 -0.200230 -1.353927
    36 1.719429 0.000002 0.000000 -0.000001 0.004072 -0.363008
    37 1.099670 0.000001 0.000004 0.133914 -0.229713 -0.543027
    38 0.806049 -0.348922 1.321259 -1.148537 -0.413342 -0.685814
    39 1.789787 0.000000 0.000004 0.143112 0.004764 0.680910
    40 1.207001 0.000000 -0.000004 -0.238537 -0.328319 0.202547
    41 3.859665 -0.132565 1.193108 0.479138 -0.158546 -0.879039
    42 1.312561 0.000000 0.000000 0.000000 -0.011932 -0.439671
    43 0.729366 0.000002 0.000000 0.000002 -0.006134 -0.244270
    44 3.942291 0.050330 0.431042 -0.174164 0.127577 -1.207787
    45 1.539097 0.000003 0.000000 0.000000 -0.005853 -0.247769
    46 1.196320 0.000000 0.000000 0.004942 -0.275387 -1.121008
    47 3.883648 -0.050325 -0.431044 -0.040059 -0.165983 -1.257799
    48 1.719574 -0.000005 0.000000 0.366781 -0.096847 -2.862813
    49 1.209183 -0.000001 0.000000 0.000001 -0.004461 -0.216376
    50 3.859825 -0.148935 -1.331284 -0.354417 0.038566 -0.532000
    51 1.719425 0.000000 0.000000 0.089602 0.216058 -1.899362
    52 1.099663 0.000000 0.000000 0.000002 -0.004208 -0.244311
    53 0.806015 -0.359835 -1.318335 0.934008 0.297777 -0.930652
    54 1.789780 0.000001 0.000000 0.009096 -0.315147 0.639492
    55 1.207001 0.000000 0.000004 0.000381 -0.070245 0.716387
    56 2.338451 -1.535743 -6.391512 1.520238 -0.094383 -2.001948
  time 73
    0 0.000000 -0.533203 19.828125 1.570795 0.000003 -0.000003
    1 0.000005 3.345128 -2.981903 1.570790 0.077559 1.570789
    2 4.018331 0.000000 0.000000 -0.613140 -0.066670 0.045925
    3 3.518564 0.000000 0.000000 -0.131224 -0.042413 0.157577
    4 8.942642 0.000000 0.000000 -0.412844 -0.017426 0.275719
    5 3.307269 0.000000 -0.000004 -2.940265 -0.130086 0.387319
    6 3.593710 -0.000001 -0.000004 0.896345 -0.045278 0.630558
    7 1.999994 -3.000001 0.000004 -1.570800 -0.000007 -1.326410
    8 2.033349 1.000771 -1.937607 -1.688728 1.147837 2.790133
    9 6.028143 0.000002 -0.000004 1.576056 0.088492 -0.837111
    10 11.692545 0.000000 0.000000 0.000157 -0.226868 -1.080892
    11 11.481701 0.000000 0.000000 -1.634672 -0.142309 -0.241169
    12 2.676086 -1.712440 0.000000 -1.570753 -0.000007 -1.570752
    13 2.033341 1.000767 1.937660 0.294931 -1.313958 -2.508565
    14 6.028140 0.000002 0.000000 -1.774886 -0.480178 -0.177282
    15 11.692553 0.000000 0.000011 -0.168777 0.727734 -1.402926
    16 11.481667 0.000000 -0.000031 0.832526 -0.014268 -0.151440
    17 2.676086 -1.712440 0.000004 1.570753 0.000007 1.570752
    18 -3.890452 0.000004 0.000004 -1.570797 0.229027 -1.576018
    19 17.848171 0.000000 0.000004 0.000000 0.000000 1.661808
    20 16.525251 0.000000 0.000004 0.038610 0.040778 -1.043418
    21 6.879454 0.000000 0.000008 -0.081332 -0.002951 -0.584373
    22 3.890452 -0.000004 -0.000004 -1.570795 -1.373850 -1.565555
    23 17.848175 0.000000 -0.000004 0.000000 0.000000 1.994689
    24 16.525246 0.000000 0.000004 -0.027915 -0.040781 -1.744128
    25 6.879452 0.000000 0.000000 -0.005219 -0.002811 -0.539668
    26 3.859703 -0.142403 -1.191975 -0.479143 0.152189 -0.879872
    27 1.312565 0.000001 0.000004 0.000000 0.009664 -0.439719
    28 0.729362 0.000002 0.000004 -0.028976 0.117245 -0.451386
    29 3.942326 0.046774 -0.431438 -0.155011 0.073329 -0.810646
    30 1.539093 0.000001 0.000000 0.041407 0.089644 -0.699058
    31 1.196320 -0.000001 0.000004 -0.000002 0.007360 -0.430801
    32 3.883686 -0.046767 0.431446 0.812670 -0.191549 -1.550266
    33 1.719570 0.000002 0.000004 0.194938 -0.171308 -0.606847
    34 1.209183 -0.000001 -0.000004 0.409190 -0.306121 -0.737508
    35 3.859859 -0.137950 1.332462 0.716033 -0.200230 -1.353927
    36 1.719429 0.000002 0.000000 -0.000001 0.004072 -0.363008
    37 1.099670 0.000001 0.000004 0.133914 -0.229713 -0.543027
    38 0.806049 -0.348922 1.321259 -1.148537 -0.413342 -0.685814
    39 1.789787 0.000000 0.000004 0.143112 0.004764 0.680910
    40 1.207001 0.000000 -0.000004 -0.238537 -0.328319 0.202547
    41 3.859665 -0.132565 1.193108 0.479138 -0.158546 -0.879039
    42 1.312561 0.000000 0.000000 0.000000 -0.011932 -0.439671
    43 0.729366 0.000002 0.000000 0.000002 -0.006134 -0.244270
    44 3.942291 0.050330 0.431042 -0.174164 0.127577 -1.207787
    45 1.539097 0.000003 0.000000 0.000000 -0.005853 -0.247769
    46 1.196320 0.000000 0.000000 0.004942 -0.275387 -1.121008
    47 3.883648 -0.050325 -0.431044 -0.040059 -0.165983 -1.257799
    48 1.719574 -0.000005 0.000000 0.366781 -0.096847 -2.862813
    49 1.209183 -0.000001 0.000000 0.000001 -0.004461 -0.216376
    50 3.859825 -0.148935 -1.331284 -0.354417 0.038566 -0.532000
    51 1.719425 0.000000 0.000000 0.089602 0.216058 -1.899362
    52 1.099663 0.000000 0.000000 0.000002 -0.004208 -0.244311
    53 0.806015 -0.359835 -1.318335 0.934008 0.297777 -0.930652
    54 1.789780 0.000001 0.000000 0.009096 -0.315147 0.639492
    55 1.207001 0.000000 0.000004 0.000381 -0.070245 0.716387
    56 2.338451 -1.535743 -6.391512 1.520238 -0.094383 -2.001948
  time 74
    0 0.000000 -0.533203 19.828125 1.570795 0.000003 -0.000003
    1 0.000005 3.345128 -2.981903 1.570790 0.078062 1.570789
    2 4.018331 0.000000 0.000000 -0.613140 -0.066670 0.045925
    3 3.518564 0.000000 0.000000 -0.131224 -0.042413 0.157577
    4 8.942642 0.000000 0.000000 -0.412780 -0.017222 0.275473
    5 3.307269 0.000000 -0.000004 -2.940265 -0.130086 0.387319
    6 3.593710 -0.000001 -0.000004 0.896391 -0.044055 0.629608
    7 1.999994 -3.000001 0.000004 -1.570800 -0.000007 -1.326410
    8 2.033349 1.000771 -1.937607 -1.688728 1.147837 2.790133
    9 6.028143 0.000002 -0.000004 1.581110 0.085842 -0.829442
    10 11.692545 0.000000 0.000000 0.001559 -0.228498 -1.078063
    11 11.481701 0.000000 0.000000 -1.632999 -0.145097 -0.238814
    12 2.676086 -1.712440 0.000000 -1.570753 -0.000007 -1.570752
    13 2.033341 1.000767 1.937660 0.294931 -1.313958 -2.508565
    14 6.028140 0.000002 0.000000 -1.774243 -0.480853 -0.177867
    15 11.692553 0.000000 0.000011 -0.168300 0.727634 -1.402926
    16 11.481667 0.000000 -0.000031 0.832526 -0.014268 -0.151440
    17 2.676086 -1.712440 0.000004 1.570753 0.000007 1.570752
    18 -3.890452 0.000004 0.000004 -1.570797 0.229027 -1.576018
    19 17.848171 0.000000 0.000004 0.000000 0.000000 1.661808
    20 16.525251 0.000000 0.000004 0.038610 0.040778 -1.043418
    21 6.879454 0.000000 0.000008 -0.081332 -0.002951 -0.584373
    22 3.890452 -0.000004 -0.000004 -1.570795 -1.373850 -1.565555
    23 17.848175 0.000000 -0.000004 0.000000 0.000000 1.994689
    24 16.525246 0.000000 0.000004 -0.027915 -0.040781 -1.744128
    25 6.879452 0.000000 0.000000 -0.005219 -0.002811 -0.539668
    26 3.859703 -0.142403 -1.191975 -0.479143 0.152189 -0.879872
    27 1.312565 0.000001 0.000004 0.000000 0.009664 -0.439719
    28 0.729362 0.000002 0.000004 -0.028976 0.117245 -0.451386
    29 3.942326 0.046774 -0.431438 -0.155011 0.073329 -0.810646
    30 1.539093 0.000001 0.000000 0.041407 0.089644 -0.699058
    31 1.196320 -0.000001 0.000004 -0.000002 0.007360 -0.430801
    32 3.883686 -0.046767 0.431446 0.812670 -0.191549 -1.550266
    33 1.719570 0.000002 0.000004 0.194938 -0.171308 -0.606847
    34 1.209183 -0.000001 -0.000004 0.409190 -0.306121 -0.737508
    35 3.859859 -0.137950 1.332462 0.716033 -0.200230 -1.353927
    36 1.719429 0.000002 0.000000 -0.000001 0.004072 -0.363008
    37 1.099670 0.000001 0.000004 0.133914 -0.229713 -0.543027
    38 0.806049 -0.348922 1.321259 -1.148537 -0.413342 -0.685814
    39 1.789787 0.000000 0.000004 0.143112 0.004764 0.680910
    40 1.207001 0.000000 -0.000004 -0.238537 -0.328319 0.202547
    41 3.859665 -0.132565 1.193108 0.479138 -0.158546 -0.879039
    42 1.312561 0.000000 0.000000 0.000000 -0.011932 -0.439671
    43 0.729366 0.000002 0.000000 0.000002 -0.006134 -0.244270
    44 3.942291 0.050330 0.431042 -0.174164 0.127577 -1.207787
    45 1.539097 0.000003 0.000000 0.000000 -0.005853 -0.247769
    46 1.196320 0.000000 0.000000 0.004942 -0.275387 -1.121008
    47 3.883648 -0.050325 -0.431044 -0.040059 -0.165983 -1.257799
    48 1.719574 -0.000005 0.000000 0.366781 -0.096847 -2.862813
    49 1.209183 -0.000001 0.000000 0.000001 -0.004461 -0.216376
    50 3.859825 -0.148935 -1.331284 -0.354417 0.038566 -0.532000
    51 1.719425 0.000000 0.000000 0.089602 0.216058 -1.899362
    52 1.099663 0.000000 0.000000 0.000002 -0.004208 -0.244311
    53 0.806015 -0.359835 -1.318335 0.934008 0.297777 -0.930652
    54 1.789780 0.000001 0.000000 0.009096 -0.315147 0.639492
    55 1.207001 0.000000 0.000004 0.000381 -0.070245 0.716387
    56 2.338451 -1.535743 -6.391512 1.520238 -0.094383 -2.001948
  time 75
    0 0.000000 -0.533203 19.828125 1.570795 0.000003 -0.000003
    1 0.000005 3.345128 -2.981903 1.570790 0.078566 1.570789
    2 4.018331 0.000000 0.000000 -0.613140 -0.066670 0.045925
    3 3.518564 0.000000 0.000000 -0.131224 -0.042413 0.157577
    4 8.942642 0.000000 0.000000 -0.412729 -0.017006 0.275243
    5 3.307269 0.000000 -0.000004 -2.940265 -0.130086 0.387319
    6 3.593710 -0.000001 -0.000004 0.896437 -0.042857 0.628657
    7 1.999994 -3.000001 0.000004 -1.570753 -0.000007 -1.326410
    8 2.033349 1.000771 -1.937607 -1.688728 1.147837 2.790133
    9 6.028143 0.000002 -0.000004 1.586073 0.083209 -0.821809
    10 11.692545 0.000000 0.000000 0.002961 -0.230128 -1.075235
    11 11.481701 0.000000 0.000000 -1.631381 -0.147885 -0.236460
    12 2.676086 -1.712440 0.000000 -1.570753 -0.000007 -1.570752
    13 2.033341 1.000767 1.937660 0.294931 -1.313958 -2.508565
    14 6.028140 0.000002 0.000000 -1.773659 -0.481494 -0.178414
    15 11.692553 0.000000 0.000011 -0.167823 0.727535 -1.402996
    16 11.481667 0.000000 -0.000031 0.832526 -0.014268 -0.151440
    17 2.676086 -1.712440 0.000004 1.570753 0.000007 1.570752
    18 -3.890452 0.000004 0.000004 -1.570797 0.229027 -1.576018
    19 17.848171 0.000000 0.000004 0.000000 0.000000 1.661808
    20 16.525251 0.000000 0.000004 0.038610 0.040778 -1.043418
    21 6.879454 0.000000 0.000008 -0.081332 -0.002951 -0.584373
    22 3.890452 -0.000004 -0.000004 -1.570795 -1.373850 -1.565555
    23 17.848175 0.000000 -0.000004 0.000000 0.000000 1.994689
    24 16.525246 0.000000 0.000004 -0.027915 -0.040781 -1.744128
    25 6.879452 0.000000 0.000000 -0.005219 -0.002811 -0.539668
    26 3.859703 -0.142403 -1.191975 -0.479143 0.152189 -0.879872
    27 1.312565 0.000001 0.000004 0.000000 0.009664 -0.439719
    28 0.729362 0.000002 0.000004 -0.028976 0.117245 -0.451386
    29 3.942326 0.046774 -0.431438 -0.155011 0.073329 -0.810646
    30 1.539093 0.000001 0.000000 0.041407 0.089644 -0.699058
    31 1.196320 -0.000001 0.000004 -0.000002 0.007360 -0.430801
    32 3.883686 -0.046767 0.431446 0.812670 -0.191549 -1.550266
    33 1.719570 0.000002 0.000004 0.194938 -0.171308 -0.606847
    34 1.209183 -0.000001 -0.000004 0.409190 -0.306121 -0.737508
    35 3.859859 -0.137950 1.332462 0.716033 -0.200230 -1.353927
    36 1.719429 0.000002 0.000000 -0.000001 0.004072 -0.363008
    37 1.099670 0.000001 0.000004 0.133914 -0.229713 -0.543027
    38 0.806049 -0.348922 1.321259 -1.148537 -0.413342 -0.685814
    39 1.789787 0.000000 0.000004 0.143112 0.004764 0.680910
    40 1.207001 0.000000 -0.000004 -0.238537 -0.328319 0.202547
    41 3.859665 -0.132565 1.193108 0.479138 -0.158546 -0.879039
    42 1.312561 0.000000 0.000000 0.000000 -0.011932 -0.439671
    43 0.729366 0.000002 0.000000 0.000002 -0.006134 -0.244270
    44 3.942291 0.050330 0.431042 -0.174164 0.127577 -1.207787
    45 1.539097 0.000003 0.000000 0.000000 -0.005853 -0.247769
    46 1.196320 0.000000 0.000000 0.004942 -0.275387 -1.121008
    47 3.883648 -0.050325 -0.431044 -0.040059 -0.165983 -1.257799
    48 1.719574 -0.000005 0.000000 0.366781 -0.096847 -2.862813
    49 1.209183 -0.000001 0.000000 0.000001 -0.004461 -0.216376
    50 3.859825 -0.148935 -1.331284 -0.354417 0.038566 -0.532000
    51 1.719425 0.000000 0.000000 0.089602 0.216058 -1.899362
    52 1.099663 0.000000 0.000000 0.000002 -0.004208 -0.244311
    53 0.806015 -0.359835 -1.318335 0.934008 0.297777 -0.930652
    54 1.789780 0.000001 0.000000 0.009096 -0.315147 0.639492
    55 1.207001 0.000000 0.000004 0.000381 -0.070245 0.716387
    56 2.338451 -1.535743 -6.391512 1.520238 -0.094383 -2.001948
  time 76
    0 0.000000 -0.533203 19.828125 1.570795 0.000003 -0.000003
    1 0.000005 3.345128 -2.981903 1.570790 0.079069 1.570789
    2 4.018331 0.000000 0.000000 -0.613140 -0.066670 0.045925
    3 3.518564 0.000000 0.000000 -0.131224 -0.042413 0.157577
    4 8.942642 0.000000 0.000000 -0.412678 -0.016802 0.275012
    5 3.307269 0.000000 -0.000004 -2.940265 -0.130086 0.387319
    6 3.593710 -0.000001 -0.000004 0.896529 -0.041670 0.627707
    7 1.999994 -3.000001 0.000004 -1.570753 -0.000007 -1.326410
    8 2.033349 1.000771 -1.937607 -1.688728 1.147837 2.790133
    9 6.028143 0.000002 -0.000004 1.591035 0.080593 -0.814247
    10 11.692545 0.000000 0.000000 0.004363 -0.231758 -1.072407
    11 11.481701 0.000000 0.000000 -1.629708 -0.150641 -0.234106
    12 2.676086 -1.712440 0.000000 -1.570753 -0.000007 -1.570752
    13 2.033341 1.000767 1.937660 0.294931 -1.313958 -2.508565
    14 6.028140 0.000002 0.000000 -1.773074 -0.482135 -0.178999
    15 11.692553 0.000000 0.000011 -0.167367 0.727435 -1.403066
    16 11.481667 0.000000 -0.000031 0.832526 -0.014268 -0.151440
    17 2.676086 -1.712440 0.000004 1.570753 0.000007 1.570752
    18 -3.890452 0.000004 0.000004 -1.570797 0.229027 -1.576018
    19 17.848171 0.000000 0.000004 0.000000 0.000000 1.661808
    20 16.525251 0.000000 0.000004 0.038610 0.040778 -1.043418
    21 6.879454 0.000000 0.000008 -0.081332 -0.002951 -0.584373
    22 3.890452 -0.000004 -0.000004 -1.570795 -1.373850 -1.565555
    23 17.848175 0.000000 -0.000004 0.000000 0.000000 1.994689
    24 16.525246 0.000000 0.000004 -0.027915 -0.040781 -1.744128
    25 6.879452 0.000000 0.000000 -0.005219 -0.002811 -0.539668
    26 3.859703 -0.142403 -1.191975 -0.479143 0.152189 -0.879872
    27 1.312565 0.000001 0.000004 0.000000 0.009664 -0.439719
    28 0.729362 0.000002 0.000004 -0.028976 0.117245 -0.451386
    29 3.942326 0.046774 -0.431438 -0.155011 0.073329 -0.810646
    30 1.539093 0.000001 0.000000 0.041407 0.089644 -0.699058
    31 1.196320 -0.000001 0.000004 -0.000002 0.007360 -0.430801
    32 3.883686 -0.046767 0.431446 0.812670 -0.191549 -1.550266
    33 1.719570 0.000002 0.000004 0.194938 -0.171308 -0.606847
    34 1.209183 -0.000001 -0.000004 0.409190 -0.306121 -0.737508
    35 3.859859 -0.137950 1.332462 0.716033 -0.200230 -1.353927
    36 1.719429 0.000002 0.000000 -0.000001 0.004072 -0.363008
    37 1.099670 0.000001 0.000004 0.133914 -0.229713 -0.543027
    38 0.806049 -0.348922 1.321259 -1.148537 -0.413342 -0.685814
    39 1.789787 0.000000 0.000004 0.143112 0.004764 0.680910
    40 1.207001 0.000000 -0.000004 -0.238537 -0.328319 0.202547
    41 3.859665 -0.132565 1.193108 0.479138 -0.158546 -0.879039
    42 1.312561 0.000000 0.000000 0.000000 -0.011932 -0.439671
    43 0.729366 0.000002 0.000000 0.000002 -0.006134 -0.244270
    44 3.942291 0.050330 0.431042 -0.174164 0.127577 -1.207787
    45 1.539097 0.000003 0.000000 0.000000 -0.005853 -0.247769
    46 1.196320 0.000000 0.000000 0.004942 -0.275387 -1.121008
    47 3.883648 -0.050325 -0.431044 -0.040059 -0.165983 -1.257799
    48 1.719574 -0.000005 0.000000 0.366781 -0.096847 -2.862813
    49 1.209183 -0.000001 0.000000 0.000001 -0.004461 -0.216376
    50 3.859825 -0.148935 -1.331284 -0.354417 0.038566 -0.532000
    51 1.719425 0.000000 0.000000 0.089602 0.216058 -1.899362
    52 1.099663 0.000000 0.000000 0.000002 -0.004208 -0.244311
    53 0.806015 -0.359835 -1.318335 0.934008 0.297777 -0.930652
    54 1.789780 0.000001 0.000000 0.009096 -0.315147 0.639492
    55 1.207001 0.000000 0.000004 0.000381 -0.070245 0.716387
    56 2.338451 -1.535743 -6.391512 1.520238 -0.094383 -2.001948
  time 77
    0 0.000000 -0.533203 19.828125 1.570795 0.000003 -0.000003
    1 0.000005 3.345128 -2.981903 1.570790 0.079549 1.570789
    2 4.018331 0.000000 0.000000 -0.613140 -0.066670 0.045925
    3 3.518564 0.000000 0.000000 -0.131224 -0.042413 0.157577
    4 8.942642 0.000000 0.000000 -0.412614 -0.016599 0.274782
    5 3.307269 0.000000 -0.000004 -2.940265 -0.130086 0.387319
    6 3.593710 -0.000001 -0.000004 0.896575 -0.040496 0.626792
    7 1.999994 -3.000001 0.000004 -1.570753 -0.000007 -1.326410
    8 2.033349 1.000771 -1.937607 -1.688728 1.147837 2.790133
    9 6.028143 0.000002 -0.000004 1.595998 0.078013 -0.806755
    10 11.692545 0.000000 0.000000 0.005742 -0.233364 -1.069579
    11 11.481701 0.000000 0.000000 -1.628090 -0.153365 -0.231801
    12 2.676086 -1.712440 0.000000 -1.570753 -0.000007 -1.570752
    13 2.033341 1.000767 1.937660 0.294931 -1.313958 -2.508565
    14 6.028140 0.000002 0.000000 -1.772548 -0.482775 -0.179546
    15 11.692553 0.000000 0.000011 -0.166912 0.727336 -1.403066
    16 11.481667 0.000000 -0.000031 0.832526 -0.014268 -0.151440
    17 2.676086 -1.712440 0.000004 1.570753 0.000007 1.570752
    18 -3.890452 0.000004 0.000004 -1.570797 0.229027 -1.576018
    19 17.848171 0.000000 0.000004 0.000000 0.000000 1.661808
    20 16.525251 0.000000 0.000004 0.038610 0.040778 -1.043418
    21 6.879454 0.000000 0.000008 -0.081332 -0.002951 -0.584373
    22 3.890452 -0.000004 -0.000004 -1.570795 -1.373850 -1.565555
    23 17.848175 0.000000 -0.000004 0.000000 0.000000 1.994689
    24 16.525246 0.000000 0.000004 -0.027915 -0.040781 -1.744128
    25 6.879452 0.000000 0.000000 -0.005219 -0.002811 -0.539668
    26 3.859703 -0.142403 -1.191975 -0.479143 0.152189 -0.879872
    27 1.312565 0.000001 0.000004 0.000000 0.009664 -0.439719
    28 0.729362 0.000002 0.000004 -0.028976 0.117245 -0.451386
    29 3.942326 0.046774 -0.431438 -0.155011 0.073329 -0.810646
    30 1.539093 0.000001 0.000000 0.041407 0.089644 -0.699058
    31 1.196320 -0.000001 0.000004 -0.000002 0.007360 -0.430801
    32 3.883686 -0.046767 0.431446 0.812670 -0.191549 -1.550266
    33 1.719570 0.000002 0.000004 0.194938 -0.171308 -0.606847
    34 1.209183 -0.000001 -0.000004 0.409190 -0.306121 -0.737508
    35 3.859859 -0.137950 1.332462 0.716033 -0.200230 -1.353927
    36 1.719429 0.000002 0.000000 -0.000001 0.004072 -0.363008
    37 1.099670 0.000001 0.000004 0.133914 -0.229713 -0.543027
    38 0.806049 -0.348922 1.321259 -1.148537 -0.413342 -0.685814
    39 1.789787 0.000000 0.000004 0.143112 0.004764 0.680910
    40 1.207001 0.000000 -0.000004 -0.238537 -0.328319 0.202547
    41 3.859665 -0.132565 1.193108 0.479138 -0.158546 -0.879039
    42 1.312561 0.000000 0.000000 0.000000 -0.011932 -0.439671
    43 0.729366 0.000002 0.000000 0.000002 -0.006134 -0.244270
    44 3.942291 0.050330 0.431042 -0.174164 0.127577 -1.207787
    45 1.539097 0.000003 0.000000 0.000000 -0.005853 -0.247769
    46 1.196320 0.000000 0.000000 0.004942 -0.275387 -1.121008
    47 3.883648 -0.050325 -0.431044 -0.040059 -0.165983 -1.257799
    48 1.719574 -0.000005 0.000000 0.366781 -0.096847 -2.862813
    49 1.209183 -0.000001 0.000000 0.000001 -0.004461 -0.216376
    50 3.859825 -0.148935 -1.331284 -0.354417 0.038566 -0.532000
    51 1.719425 0.000000 0.000000 0.089602 0.216058 -1.899362
    52 1.099663 0.000000 0.000000 0.000002 -0.004208 -0.244311
    53 0.806015 -0.359835 -1.318335 0.934008 0.297777 -0.930652
    54 1.789780 0.000001 0.000000 0.009096 -0.315147 0.639492
    55 1.207001 0.000000 0.000004 0.000381 -0.070245 0.716387
    56 2.338451 -1.535743 -6.391512 1.520238 -0.094383 -2.001948
  time 78
    0 0.000000 -0.533203 19.828125 1.570795 0.000003 -0.000003
    1 0.000005 3.345128 -2.981903 1.570790 0.080040 1.570789
    2 4.018331 0.000000 0.000000 -0.613140 -0.066670 0.045925
    3 3.518564 0.000000 0.000000 -0.131224 -0.042413 0.157577
    4 8.942642 0.000000 0.000000 -0.412563 -0.016395 0.274551
    5 3.307269 0.000000 -0.000004 -2.940265 -0.130086 0.387319
    6 3.593710 -0.000001 -0.000004 0.896667 -0.039333 0.625878
    7 1.999994 -3.000001 0.000004 -1.570753 -0.000007 -1.326410
    8 2.033349 1.000771 -1.937607 -1.688728 1.147837 2.790133
    9 6.028143 0.000002 -0.000004 1.600869 0.075450 -0.799334
    10 11.692545 0.000000 0.000000 0.007108 -0.234946 -1.066816
    11 11.481701 0.000000 0.000000 -1.626471 -0.156090 -0.229495
    12 2.676086 -1.712440 0.000000 -1.570753 -0.000007 -1.570752
    13 2.033341 1.000767 1.937660 0.294931 -1.313958 -2.508565
    14 6.028140 0.000002 0.000000 -1.771963 -0.483416 -0.180053
    15 11.692553 0.000000 0.000011 -0.166456 0.727237 -1.403136
    16 11.481667 0.000000 -0.000031 0.832526 -0.014268 -0.151440
    17 2.676086 -1.712440 0.000004 1.570753 0.000007 1.570752
    18 -3.890452 0.000004 0.000004 -1.570797 0.229027 -1.576018
    19 17.848171 0.000000 0.000004 0.000000 0.000000 1.661808
    20 16.525251 0.000000 0.000004 0.038610 0.040778 -1.043418
    21 6.879454 0.000000 0.000008 -0.081332 -0.002951 -0.584373
    22 3.890452 -0.000004 -0.000004 -1.570795 -1.373850 -1.565555
    23 17.848175 0.000000 -0.000004 0.000000 0.000000 1.994689
    24 16.525246 0.000000 0.000004 -0.027915 -0.040781 -1.744128
    25 6.879452 0.000000 0.000000 -0.005219 -0.002811 -0.539668
    26 3.859703 -0.142403 -1.191975 -0.479143 0.152189 -0.879872
    27 1.312565 0.000001 0.000004 0.000000 0.009664 -0.439719
    28 0.729362 0.000002 0.000004 -0.028976 0.117245 -0.451386
    29 3.942326 0.046774 -0.431438 -0.155011 0.073329 -0.810646
    30 1.539093 0.000001 0.000000 0.041407 0.089644 -0.699058
    31 1.196320 -0.000001 0.000004 -0.000002 0.007360 -0.430801
    32 3.883686 -0.046767 0.431446 0.812670 -0.191549 -1.550266
    33 1.719570 0.000002 0.000004 0.194938 -0.171308 -0.606847
    34 1.209183 -0.000001 -0.000004 0.409190 -0.306121 -0.737508
    35 3.859859 -0.137950 1.332462 0.716033 -0.200230 -1.353927
    36 1.719429 0.000002 0.000000 -0.000001 0.004072 -0.363008
    37 1.099670 0.000001 0.000004 0.133914 -0.229713 -0.543027
    38 0.806049 -0.348922 1.321259 -1.148537 -0.413342 -0.685814
    39 1.789787 0.000000 0.000004 0.143112 0.004764 0.680910
    40 1.207001 0.000000 -0.000004 -0.238537 -0.328319 0.202547
    41 3.859665 -0.132565 1.193108 0.479138 -0.158546 -0.879039
    42 1.312561 0.000000 0.000000 0.000000 -0.011932 -0.439671
    43 0.729366 0.000002 0.000000 0.000002 -0.006134 -0.244270
    44 3.942291 0.050330 0.431042 -0.174164 0.127577 -1.207787
    45 1.539097 0.000003 0.000000 0.000000 -0.005853 -0.247769
    46 1.196320 0.000000 0.000000 0.004942 -0.275387 -1.121008
    47 3.883648 -0.050325 -0.431044 -0.040059 -0.165983 -1.257799
    48 1.719574 -0.000005 0.000000 0.366781 -0.096847 -2.862813
    49 1.209183 -0.000001 0.000000 0.000001 -0.004461 -0.216376
    50 3.859825 -0.148935 -1.331284 -0.354417 0.038566 -0.532000
    51 1.719425 0.000000 0.000000 0.089602 0.216058 -1.899362
    52 1.099663 0.000000 0.000000 0.000002 -0.004208 -0.244311
    53 0.806015 -0.359835 -1.318335 0.934008 0.297777 -0.930652
    54 1.789780 0.000001 0.000000 0.009096 -0.315147 0.639492
    55 1.207001 0.000000 0.000004 0.000381 -0.070245 0.716387
    56 2.338451 -1.535743 -6.391512 1.520238 -0.094383 -2.001948
  time 79
    0 0.000000 -0.533203 19.828125 1.570795 0.000003 -0.000003
    1 0.000005 3.345128 -2.981903 1.570790 0.080507 1.570789
    2 4.018331 0.000000 0.000000 -0.613140 -0.066670 0.045925
    3 3.518564 0.000000 0.000000 -0.131224 -0.042413 0.157577
    4 8.942642 0.000000 0.000000 -0.412512 -0.016191 0.274336
    5 3.307269 0.000000 -0.000004 -2.940265 -0.130086 0.387319
    6 3.593710 -0.000001 -0.000004 0.896713 -0.038207 0.624998
    7 1.999994 -3.000001 0.000004 -1.570753 -0.000007 -1.326410
    8 2.033349 1.000771 -1.937607 -1.688820 1.147837 2.790133
    9 6.028143 0.000002 -0.000004 1.605648 0.072939 -0.792018
    10 11.692545 0.000000 0.000000 0.008450 -0.236504 -1.064054
    11 11.481701 0.000000 0.000000 -1.624907 -0.158751 -0.227239
    12 2.676086 -1.712440 0.000000 -1.570753 -0.000007 -1.570752
    13 2.033341 1.000767 1.937660 0.294931 -1.313958 -2.508565
    14 6.028140 0.000002 0.000000 -1.771379 -0.484023 -0.180599
    15 11.692553 0.000000 0.000011 -0.166023 0.727137 -1.403136
    16 11.481667 0.000000 -0.000031 0.832526 -0.014268 -0.151440
    17 2.676086 -1.712440 0.000004 1.570753 0.000007 1.570752
    18 -3.890452 0.000004 0.000004 -1.570797 0.229027 -1.576018
    19 17.848171 0.000000 0.000004 0.000000 0.000000 1.661808
    20 16.525251 0.000000 0.000004 0.038610 0.040778 -1.043418
    21 6.879454 0.000000 0.000008 -0.081332 -0.002951 -0.584373
    22 3.890452 -0.000004 -0.000004 -1.570795 -1.373850 -1.565555
    23 17.848175 0.000000 -0.000004 0.000000 0.000000 1.994689
    24 16.525246 0.000000 0.000004 -0.027915 -0.040781 -1.744128
    25 6.879452 0.000000 0.000000 -0.005219 -0.002811 -0.539668
    26 3.859703 -0.142403 -1.191975 -0.479143 0.152189 -0.879872
    27 1.312565 0.000001 0.000004 0.000000 0.009664 -0.439719
    28 0.729362 0.000002 0.000004 -0.028976 0.117245 -0.451386
    29 3.942326 0.046774 -0.431438 -0.155011 0.073329 -0.810646
    30 1.539093 0.000001 0.000000 0.041407 0.089644 -0.699058
    31 1.196320 -0.000001 0.000004 -0.000002 0.007360 -0.430801
    32 3.883686 -0.046767 0.431446 0.812670 -0.191549 -1.550266
    33 1.719570 0.000002 0.000004 0.194938 -0.171308 -0.606847
    34 1.209183 -0.000001 -0.000004 0.409190 -0.306121 -0.737508
    35 3.859859 -0.137950 1.332462 0.716033 -0.200230 -1.353927
    36 1.719429 0.000002 0.000000 -0.000001 0.004072 -0.363008
    37 1.099670 0.000001 0.000004 0.133914 -0.229713 -0.543027
    38 0.806049 -0.348922 1.321259 -1.148537 -0.413342 -0.685814
    39 1.789787 0.000000 0.000004 0.143112 0.004764 0.680910
    40 1.207001 0.000000 -0.000004 -0.238537 -0.328319 0.202547
    41 3.859665 -0.132565 1.193108 0.479138 -0.158546 -0.879039
    42 1.312561 0.000000 0.000000 0.000000 -0.011932 -0.439671
    43 0.729366 0.000002 0.000000 0.000002 -0.006134 -0.244270
    44 3.942291 0.050330 0.431042 -0.174164 0.127577 -1.207787
    45 1.539097 0.000003 0.000000 0.000000 -0.005853 -0.247769
    46 1.196320 0.000000 0.000000 0.004942 -0.275387 -1.121008
    47 3.883648 -0.050325 -0.431044 -0.040059 -0.165983 -1.257799
    48 1.719574 -0.000005 0.000000 0.366781 -0.096847 -2.862813
    49 1.209183 -0.000001 0.000000 0.000001 -0.004461 -0.216376
    50 3.859825 -0.148935 -1.331284 -0.354417 0.038566 -0.532000
    51 1.719425 0.000000 0.000000 0.089602 0.216058 -1.899362
    52 1.099663 0.000000 0.000000 0.000002 -0.004208 -0.244311
    53 0.806015 -0.359835 -1.318335 0.934008 0.297777 -0.930652
    54 1.789780 0.000001 0.000000 0.009096 -0.315147 0.639492
    55 1.207001 0.000000 0.000004 0.000381 -0.070245 0.716387
    56 2.338451 -1.535743 -6.391512 1.520238 -0.094383 -2.001948
  time 80
    0 0.000000 -0.533203 19.828125 1.570795 0.000003 -0.000003
    1 0.000005 3.345128 -2.981903 1.570790 0.080963 1.570789
    2 4.018331 0.000000 0.000000 -0.613140 -0.066670 0.045925
    3 3.518564 0.000000 0.000000 -0.131224 -0.042413 0.157577
    4 8.942642 0.000000 0.000000 -0.412461 -0.015999 0.274106
    5 3.307269 0.000000 -0.000004 -2.940265 -0.130086 0.387319
    6 3.593710 -0.000001 -0.000004 0.896759 -0.037092 0.624118
    7 1.999994 -3.000001 0.000004 -1.570753 -0.000007 -1.326410
    8 2.033349 1.000771 -1.937607 -1.688728 1.147837 2.790133
    9 6.028143 0.000002 -0.000004 1.610335 0.070463 -0.784845
    10 11.692545 0.000000 0.000000 0.009768 -0.238038 -1.061357
    11 11.481701 0.000000 0.000000 -1.623342 -0.161348 -0.225032
    12 2.676086 -1.712440 0.000000 -1.570753 -0.000007 -1.570752
    13 2.033341 1.000767 1.937660 0.294931 -1.313958 -2.508565
    14 6.028140 0.000002 0.000000 -1.770853 -0.484631 -0.181107
    15 11.692553 0.000000 0.000011 -0.165589 0.727038 -1.403206
    16 11.481667 0.000000 -0.000031 0.832526 -0.014268 -0.151440
    17 2.676086 -1.712440 0.000004 1.570753 0.000007 1.570752
    18 -3.890452 0.000004 0.000004 -1.570797 0.229027 -1.576018
    19 17.848171 0.000000 0.000004 0.000000 0.000000 1.661808
    20 16.525251 0.000000 0.000004 0.038610 0.040778 -1.043418
    21 6.879454 0.000000 0.000008 -0.081332 -0.002951 -0.584373
    22 3.890452 -0.000004 -0.000004 -1.570795 -1.373850 -1.565555
    23 17.848175 0.000000 -0.000004 0.000000 0.000000 1.994689
    24 16.525246 0.000000 0.000004 -0.027915 -0.040781 -1.744128
    25 6.879452 0.000000 0.000000 -0.005219 -0.002811 -0.539668
    26 3.859703 -0.142403 -1.191975 -0.479143 0.152189 -0.879872
    27 1.312565 0.000001 0.000004 0.000000 0.009664 -0.439719
    28 0.729362 0.000002 0.000004 -0.028976 0.117245 -0.451386
    29 3.942326 0.046774 -0.431438 -0.155011 0.073329 -0.810646
    30 1.539093 0.000001 0.000000 0.041407 0.089644 -0.699058
    31 1.196320 -0.000001 0.000004 -0.000002 0.007360 -0.430801
    32 3.883686 -0.046767 0.431446 0.812670 -0.191549 -1.550266
    33 1.719570 0.000002 0.000004 0.194938 -0.171308 -0.606847
    34 1.209183 -0.000001 -0.000004 0.409190 -0.306121 -0.737508
    35 3.859859 -0.137950 1.332462 0.716033 -0.200230 -1.353927
    36 1.719429 0.000002 0.000000 -0.000001 0.004072 -0.363008
    37 1.099670 0.000001 0.000004 0.133914 -0.229713 -0.543027
    38 0.806049 -0.348922 1.321259 -1.148537 -0.413342 -0.685814
    39 1.789787 0.000000 0.000004 0.143112 0.004764 0.680910
    40 1.207001 0.000000 -0.000004 -0.238537 -0.328319 0.202547
    41 3.859665 -0.132565 1.193108 0.479138 -0.158546 -0.879039
    42 1.312561 0.000000 0.000000 0.000000 -0.011932 -0.439671
    43 0.729366 0.000002 0.000000 0.000002 -0.006134 -0.244270
    44 3.942291 0.050330 0.431042 -0.174164 0.127577 -1.207787
    45 1.539097 0.000003 0.000000 0.000000 -0.005853 -0.247769
    46 1.196320 0.000000 0.000000 0.004942 -0.275387 -1.121008
    47 3.883648 -0.050325 -0.431044 -0.040059 -0.165983 -1.257799
    48 1.719574 -0.000005 0.000000 0.366781 -0.096847 -2.862813
    49 1.209183 -0.000001 0.000000 0.000001 -0.004461 -0.216376
    50 3.859825 -0.148935 -1.331284 -0.354417 0.038566 -0.532000
    51 1.719425 0.000000 0.000000 0.089602 0.216058 -1.899362
    52 1.099663 0.000000 0.000000 0.000002 -0.004208 -0.244311
    53 0.806015 -0.359835 -1.318335 0.934008 0.297777 -0.930652
    54 1.789780 0.000001 0.000000 0.009096 -0.315147 0.639492
    55 1.207001 0.000000 0.000004 0.000381 -0.070245 0.716387
    56 2.338451 -1.535743 -6.391512 1.520238 -0.094383 -2.001948
  time 81
    0 0.000000 -0.533203 19.828125 1.570795 0.000003 -0.000003
    1 0.000005 3.345128 -2.981903 1.570790 0.081418 1.570789
    2 4.018331 0.000000 0.000000 -0.613140 -0.066670 0.045925
    3 3.518564 0.000000 0.000000 -0.131224 -0.042413 0.157577
    4 8.942642 0.000000 0.000000 -0.412411 -0.015820 0.273906
    5 3.307269 0.000000 -0.000004 -2.940265 -0.130086 0.387319
    6 3.593710 -0.000001 -0.000004 0.896851 -0.036014 0.623273
    7 1.999994 -3.000001 0.000004 -1.570753 -0.000007 -1.326410
    8 2.033349 1.000771 -1.937607 -1.688728 1.147837 2.790133
    9 6.028143 0.000002 -0.000004 1.614930 0.068039 -0.777847
    10 11.692545 0.000000 0.000000 0.011063 -0.239536 -1.058792
    11 11.481701 0.000000 0.000000 -1.621832 -0.163914 -0.222874
    12 2.676086 -1.712440 0.000000 -1.570753 -0.000007 -1.570752
    13 2.033341 1.000767 1.937660 0.294931 -1.313958 -2.508565
    14 6.028140 0.000002 0.000000 -1.770326 -0.485238 -0.181614
    15 11.692553 0.000000 0.000011 -0.165177 0.726938 -1.403206
    16 11.481667 0.000000 -0.000031 0.832526 -0.014268 -0.151440
    17 2.676086 -1.712440 0.000004 1.570753 0.000007 1.570752
    18 -3.890452 0.000004 0.000004 -1.570797 0.229027 -1.576018
    19 17.848171 0.000000 0.000004 0.000000 0.000000 1.661808
    20 16.525251 0.000000 0.000004 0.038610 0.040778 -1.043418
    21 6.879454 0.000000 0.000008 -0.081332 -0.002951 -0.584373
    22 3.890452 -0.000004 -0.000004 -1.570795 -1.373850 -1.565555
    23 17.848175 0.000000 -0.000004 0.000000 0.000000 1.994689
    24 16.525246 0.000000 0.000004 -0.027915 -0.040781 -1.744128
    25 6.879452 0.000000 0.000000 -0.005219 -0.002811 -0.539668
    26 3.859703 -0.142403 -1.191975 -0.479143 0.152189 -0.879872
    27 1.312565 0.000001 0.000004 0.000000 0.009664 -0.439719
    28 0.729362 0.000002 0.000004 -0.028976 0.117245 -0.451386
    29 3.942326 0.046774 -0.431438 -0.155011 0.073329 -0.810646
    30 1.539093 0.000001 0.000000 0.041407 0.089644 -0.699058
    31 1.196320 -0.000001 0.000004 -0.000002 0.007360 -0.430801
    32 3.883686 -0.046767 0.431446 0.812670 -0.191549 -1.550266
    33 1.719570 0.000002 0.000004 0.194938 -0.171308 -0.606847
    34 1.209183 -0.000001 -0.000004 0.409190 -0.306121 -0.737508
    35 3.859859 -0.137950 1.332462 0.716033 -0.200230 -1.353927
    36 1.719429 0.000002 0.000000 -0.000001 0.004072 -0.363008
    37 1.099670 0.000001 0.000004 0.133914 -0.229713 -0.543027
    38 0.806049 -0.348922 1.321259 -1.148537 -0.413342 -0.685814
    39 1.789787 0.000000 0.000004 0.143112 0.004764 0.680910
    40 1.207001 0.000000 -0.000004 -0.238537 -0.328319 0.202547
    41 3.859665 -0.132565 1.193108 0.479138 -0.158546 -0.879039
    42 1.312561 0.000000 0.000000 0.000000 -0.011932 -0.439671
    43 0.729366 0.000002 0.000000 0.000002 -0.006134 -0.244270
    44 3.942291 0.050330 0.431042 -0.174164 0.127577 -1.207787
    45 1.539097 0.000003 0.000000 0.000000 -0.005853 -0.247769
    46 1.196320 0.000000 0.000000 0.004942 -0.275387 -1.121008
    47 3.883648 -0.050325 -0.431044 -0.040059 -0.165983 -1.257799
    48 1.719574 -0.000005 0.000000 0.366781 -0.096847 -2.862813
    49 1.209183 -0.000001 0.000000 0.000001 -0.004461 -0.216376
    50 3.859825 -0.148935 -1.331284 -0.354417 0.038566 -0.532000
    51 1.719425 0.000000 0.000000 0.089602 0.216058 -1.899362
    52 1.099663 0.000000 0.000000 0.000002 -0.004208 -0.244311
    53 0.806015 -0.359835 -1.318335 0.934008 0.297777 -0.930652
    54 1.789780 0.000001 0.000000 0.009096 -0.315147 0.639492
    55 1.207001 0.000000 0.000004 0.000381 -0.070245 0.716387
    56 2.338451 -1.535743 -6.391512 1.520238 -0.094383 -2.001948
  time 82
    0 0.000000 -0.533203 19.828125 1.570795 0.000003 -0.000003
    1 0.000005 3.345128 -2.981903 1.570790 0.081850 1.570789
    2 4.018331 0.000000 0.000000 -0.613140 -0.066670 0.045925
    3 3.518564 0.000000 0.000000 -0.131224 -0.042413 0.157577
    4 8.942642 0.000000 0.000000 -0.412360 -0.015628 0.273691
    5 3.307269 0.000000 -0.000004 -2.940265 -0.130086 0.387319
    6 3.593710 -0.000001 -0.000004 0.896897 -0.034971 0.622464
    7 1.999994 -3.000001 0.000004 -1.570753 -0.000007 -1.326410
    8 2.033349 1.000771 -1.937607 -1.688728 1.147837 2.790133
    9 6.028143 0.000002 -0.000004 1.619433 0.065685 -0.770992
    10 11.692545 0.000000 0.000000 0.012321 -0.241010 -1.056227
    11 11.481701 0.000000 0.000000 -1.620375 -0.166417 -0.220765
    12 2.676086 -1.712440 0.000000 -1.570753 -0.000007 -1.570752
    13 2.033341 1.000767 1.937660 0.294931 -1.313958 -2.508565
    14 6.028140 0.000002 0.000000 -1.769800 -0.485811 -0.182121
    15 11.692553 0.000000 0.000011 -0.164765 0.726839 -1.403276
    16 11.481667 0.000000 -0.000031 0.832526 -0.014268 -0.151440
    17 2.676086 -1.712440 0.000004 1.570753 0.000007 1.570752
    18 -3.890452 0.000004 0.000004 -1.570797 0.229027 -1.576018
    19 17.848171 0.000000 0.000004 0.000000 0.000000 1.661808
    20 16.525251 0.000000 0.000004 0.038610 0.040778 -1.043418
    21 6.879454 0.000000 0.000008 -0.081332 -0.002951 -0.584373
    22 3.890452 -0.000004 -0.000004 -1.570795 -1.373850 -1.565555
    23 17.848175 0.000000 -0.000004 0.000000 0.000000 1.994689
    24 16.525246 0.000000 0.000004 -0.027915 -0.040781 -1.744128
    25 6.879452 0.000000 0.000000 -0.005219 -0.002811 -0.539668
    26 3.859703 -0.142403 -1.191975 -0.479143 0.152189 -0.879872
    27 1.312565 0.000001 0.000004 0.000000 0.009664 -0.439719
    28 0.729362 0.000002 0.000004 -0.028976 0.117245 -0.451386
    29 3.942326 0.046774 -0.431438 -0.155011 0.073329 -0.810646
    30 1.539093 0.000001 0.000000 0.041407 0.089644 -0.699058
    31 1.196320 -0.000001 0.000004 -0.000002 0.007360 -0.430801
    32 3.883686 -0.046767 0.431446 0.812670 -0.191549 -1.550266
    33 1.719570 0.000002 0.000004 0.194938 -0.171308 -0.606847
    34 1.209183 -0.000001 -0.000004 0.409190 -0.306121 -0.737508
    35 3.859859 -0.137950 1.332462 0.716033 -0.200230 -1.353927
    36 1.719429 0.000002 0.000000 -0.000001 0.004072 -0.363008
    37 1.099670 0.000001 0.000004 0.133914 -0.229713 -0.543027
    38 0.806049 -0.348922 1.321259 -1.148537 -0.413342 -0.685814
    39 1.789787 0.000000 0.000004 0.143112 0.004764 0.680910
    40 1.207001 0.000000 -0.000004 -0.238537 -0.328319 0.202547
    41 3.859665 -0.132565 1.193108 0.479138 -0.158546 -0.879039
    42 1.312561 0.000000 0.000000 0.000000 -0.011932 -0.439671
    43 0.729366 0.000002 0.000000 0.000002 -0.006134 -0.244270
    44 3.942291 0.050330 0.431042 -0.174164 0.127577 -1.207787
    45 1.539097 0.000003 0.000000 0.000000 -0.005853 -0.247769
    46 1.196320 0.000000 0.000000 0.004942 -0.275387 -1.121008
    47 3.883648 -0.050325 -0.431044 -0.040059 -0.165983 -1.257799
    48 1.719574 -0.000005 0.000000 0.366781 -0.096847 -2.862813
    49 1.209183 -0.000001 0.000000 0.000001 -0.004461 -0.216376
    50 3.859825 -0.148935 -1.331284 -0.354417 0.038566 -0.532000
    51 1.719425 0.000000 0.000000 0.089602 0.216058 -1.899362
    52 1.099663 0.000000 0.000000 0.000002 -0.004208 -0.244311
    53 0.806015 -0.359835 -1.318335 0.934008 0.297777 -0.930652
    54 1.789780 0.000001 0.000000 0.009096 -0.315147 0.639492
    55 1.207001 0.000000 0.000004 0.000381 -0.070245 0.716387
    56 2.338451 -1.535743 -6.391512 1.520238 -0.094383 -2.001948
  time 83
    0 0.000000 -0.533203 19.828125 1.570795 0.000003 -0.000003
    1 0.000005 3.345128 -2.981903 1.570790 0.082281 1.570789
    2 4.018331 0.000000 0.000000 -0.613140 -0.066670 0.045925
    3 3.518564 0.000000 0.000000 -0.131224 -0.042413 0.157577
    4 8.942642 0.000000 0.000000 -0.412309 -0.015448 0.273491
    5 3.307269 0.000000 -0.000004 -2.940265 -0.130086 0.387319
    6 3.593710 -0.000001 -0.000004 0.896943 -0.033952 0.621655
    7 1.999994 -3.000001 0.000004 -1.570753 -0.000007 -1.326410
    8 2.033349 1.000771 -1.937607 -1.688820 1.147837 2.790133
    9 6.028143 0.000002 -0.000004 1.623844 0.063383 -0.764348
    10 11.692545 0.000000 0.000000 0.013556 -0.242424 -1.053728
    11 11.481701 0.000000 0.000000 -1.618918 -0.168825 -0.218705
    12 2.676086 -1.712440 0.000000 -1.570753 -0.000007 -1.570752
    13 2.033341 1.000767 1.937660 0.294931 -1.313958 -2.508565
    14 6.028140 0.000002 0.000000 -1.769333 -0.486351 -0.182590
    15 11.692553 0.000000 0.000011 -0.164374 0.726740 -1.403276
    16 11.481667 0.000000 -0.000031 0.832526 -0.014268 -0.151440
    17 2.676086 -1.712440 0.000004 1.570753 0.000007 1.570752
    18 -3.890452 0.000004 0.000004 -1.570797 0.229027 -1.576018
    19 17.848171 0.000000 0.000004 0.000000 0.000000 1.661808
    20 16.525251 0.000000 0.000004 0.038610 0.040778 -1.043418
    21 6.879454 0.000000 0.000008 -0.081332 -0.002951 -0.584373
    22 3.890452 -0.000004 -0.000004 -1.570795 -1.373850 -1.565555
    23 17.848175 0.000000 -0.000004 0.000000 0.000000 1.994689
    24 16.525246 0.000000 0.000004 -0.027915 -0.040781 -1.744128
    25 6.879452 0.000000 0.000000 -0.005219 -0.002811 -0.539668
    26 3.859703 -0.142403 -1.191975 -0.479143 0.152189 -0.879872
    27 1.312565 0.000001 0.000004 0.000000 0.009664 -0.439719
    28 0.729362 0.000002 0.000004 -0.028976 0.117245 -0.451386
    29 3.942326 0.046774 -0.431438 -0.155011 0.073329 -0.810646
    30 1.539093 0.000001 0.000000 0.041407 0.089644 -0.699058
    31 1.196320 -0.000001 0.000004 -0.000002 0.007360 -0.430801
    32 3.883686 -0.046767 0.431446 0.812670 -0.191549 -1.550266
    33 1.719570 0.000002 0.000004 0.194938 -0.171308 -0.606847
    34 1.209183 -0.000001 -0.000004 0.409190 -0.306121 -0.737508
    35 3.859859 -0.137950 1.332462 0.716033 -0.200230 -1.353927
    36 1.719429 0.000002 0.000000 -0.000001 0.004072 -0.363008
    37 1.099670 0.000001 0.000004 0.133914 -0.229713 -0.543027
    38 0.806049 -0.348922 1.321259 -1.148537 -0.413342 -0.685814
    39 1.789787 0.000000 0.000004 0.143112 0.004764 0.680910
    40 1.207001 0.000000 -0.000004 -0.238537 -0.328319 0.202547
    41 3.859665 -0.132565 1.193108 0.479138 -0.158546 -0.879039
    42 1.312561 0.000000 0.000000 0.000000 -0.011932 -0.439671
    43 0.729366 0.000002 0.000000 0.000002 -0.006134 -0.244270
    44 3.942291 0.050330 0.431042 -0.174164 0.127577 -1.207787
    45 1.539097 0.000003 0.000000 0.000000 -0.005853 -0.247769
    46 1.196320 0.000000 0.000000 0.004942 -0.275387 -1.121008
    47 3.883648 -0.050325 -0.431044 -0.040059 -0.165983 -1.257799
    48 1.719574 -0.000005 0.000000 0.366781 -0.096847 -2.862813
    49 1.209183 -0.000001 0.000000 0.000001 -0.004461 -0.216376
    50 3.859825 -0.148935 -1.331284 -0.354417 0.038566 -0.532000
    51 1.719425 0.000000 0.000000 0.089602 0.216058 -1.899420
    52 1.099663 0.000000 0.000000 0.000002 -0.004208 -0.244311
    53 0.806015 -0.359835 -1.318335 0.934008 0.297777 -0.930652
    54 1.789780 0.000001 0.000000 0.009096 -0.315147 0.639492
    55 1.207001 0.000000 0.000004 0.000381 -0.070245 0.716387
    56 2.338451 -1.535743 -6.391512 1.520238 -0.094383 -2.001948
  time 84
    0 0.000000 -0.533203 19.828125 1.570795 0.000003 -0.000003
    1 0.000005 3.345128 -2.981903 1.570790 0.082688 1.570789
    2 4.018331 0.000000 0.000000 -0.613140 -0.066670 0.045925
    3 3.518564 0.000000 0.000000 -0.131224 -0.042413 0.157577
    4 8.942642 0.000000 0.000000 -0.412270 -0.015280 0.273307
    5 3.307269 0.000000 -0.000004 -2.940265 -0.130086 0.387319
    6 3.593710 -0.000001 -0.000004 0.896989 -0.032970 0.620881
    7 1.999994 -3.000001 0.000004 -1.570753 -0.000007 -1.326410
    8 2.033349 1.000771 -1.937607 -1.688728 1.147837 2.790133
    9 6.028143 0.000002 -0.000004 1.628071 0.061169 -0.757881
    10 11.692545 0.000000 0.000000 0.014742 -0.243803 -1.051294
    11 11.481701 0.000000 0.000000 -1.617516 -0.171169 -0.216743
    12 2.676086 -1.712440 0.000000 -1.570753 -0.000007 -1.570752
    13 2.033341 1.000767 1.937660 0.294931 -1.313958 -2.508565
    14 6.028140 0.000002 0.000000 -1.768807 -0.486890 -0.183058
    15 11.692553 0.000000 0.000011 -0.163984 0.726673 -1.403346
    16 11.481667 0.000000 -0.000031 0.832526 -0.014268 -0.151440
    17 2.676086 -1.712440 0.000004 1.570753 0.000007 1.570752
    18 -3.890452 0.000004 0.000004 -1.570797 0.229027 -1.576018
    19 17.848171 0.000000 0.000004 0.000000 0.000000 1.661808
    20 16.525251 0.000000 0.000004 0.038610 0.040778 -1.043418
    21 6.879454 0.000000 0.000008 -0.081332 -0.002951 -0.584373
    22 3.890452 -0.000004 -0.000004 -1.570795 -1.373850 -1.565555
    23 17.848175 0.000000 -0.000004 0.000000 0.000000 1.994689
    24 16.525246 0.000000 0.000004 -0.027915 -0.040781 -1.744128
    25 6.879452 0.000000 0.000000 -0.005219 -0.002811 -0.539668
    26 3.859703 -0.142403 -1.191975 -0.479143 0.152189 -0.879872
    27 1.312565 0.000001 0.000004 0.000000 0.009664 -0.439719
    28 0.729362 0.000002 0.000004 -0.028976 0.117245 -0.451386
    29 3.942326 0.046774 -0.431438 -0.155011 0.073329 -0.810646
    30 1.539093 0.000001 0.000000 0.041407 0.089644 -0.699058
    31 1.196320 -0.000001 0.000004 -0.000002 0.007360 -0.430801
    32 3.883686 -0.046767 0.431446 0.812670 -0.191549 -1.550266
    33 1.719570 0.000002 0.000004 0.194938 -0.171308 -0.606847
    34 1.209183 -0.000001 -0.000004 0.409190 -0.306121 -0.737508
    35 3.859859 -0.137950 1.332462 0.716033 -0.200230 -1.353927
    36 1.719429 0.000002 0.000000 -0.000001 0.004072 -0.363008
    37 1.099670 0.000001 0.000004 0.133914 -0.229713 -0.543027
    38 0.806049 -0.348922 1.321259 -1.148537 -0.413342 -0.685814
    39 1.789787 0.000000 0.000004 0.143112 0.004764 0.680910
    40 1.207001 0.000000 -0.000004 -0.238537 -0.328319 0.202547
    41 3.859665 -0.132565 1.193108 0.479138 -0.158546 -0.879039
    42 1.312561 0.000000 0.000000 0.000000 -0.011932 -0.439671
    43 0.729366 0.000002 0.000000 0.000002 -0.006134 -0.244270
    44 3.942291 0.050330 0.431042 -0.174164 0.127577 -1.207787
    45 1.539097 0.000003 0.000000 0.000000 -0.005853 -0.247769
    46 1.196320 0.000000 0.000000 0.004942 -0.275387 -1.121008
    47 3.883648 -0.050325 -0.431044 -0.040059 -0.165983 -1.257799
    48 1.719574 -0.000005 0.000000 0.366781 -0.096847 -2.862813
    49 1.209183 -0.000001 0.000000 0.000001 -0.004461 -0.216376
    50 3.859825 -0.148935 -1.331284 -0.354417 0.038566 -0.532000
    51 1.719425 0.000000 0.000000 0.089602 0.216058 -1.899362
    52 1.099663 0.000000 0.000000 0.000002 -0.004208 -0.244311
    53 0.806015 -0.359835 -1.318335 0.934008 0.297777 -0.930652
    54 1.789780 0.000001 0.000000 0.009096 -0.315147 0.639492
    55 1.207001 0.000000 0.000004 0.000381 -0.070245 0.716387
    56 2.338451 -1.535743 -6.391512 1.520238 -0.094383 -2.001948
  time 85
    0 0.000000 -0.533203 19.828125 1.570795 0.000003 -0.000003
    1 0.000005 3.345128 -2.981903 1.570790 0.083084 1.570789
    2 4.018331 0.000000 0.000000 -0.613140 -0.066670 0.045925
    3 3.518564 0.000000 0.000000 -0.131224 -0.042413 0.157577
    4 8.942642 0.000000 0.000000 -0.412219 -0.015113 0.273122
    5 3.307269 0.000000 -0.000004 -2.940265 -0.130086 0.387319
    6 3.593710 -0.000001 -0.000004 0.897035 -0.032023 0.620142
    7 1.999994 -3.000001 0.000004 -1.570800 -0.000007 -1.326410
    8 2.033349 1.000771 -1.937607 -1.688728 1.147837 2.790133
    9 6.028143 0.000002 -0.000004 1.632115 0.059024 -0.751696
    10 11.692545 0.000000 0.000000 0.015881 -0.245133 -1.048992
    11 11.481701 0.000000 0.000000 -1.616167 -0.173450 -0.214830
    12 2.676086 -1.712440 0.000000 -1.570753 -0.000007 -1.570752
    13 2.033341 1.000767 1.937660 0.294931 -1.313958 -2.508565
    14 6.028140 0.000002 0.000000 -1.768397 -0.487396 -0.183487
    15 11.692553 0.000000 0.000011 -0.163615 0.726574 -1.403346
    16 11.481667 0.000000 -0.000031 0.832526 -0.014268 -0.151440
    17 2.676086 -1.712440 0.000004 1.570753 0.000007 1.570752
    18 -3.890452 0.000004 0.000004 -1.570797 0.229027 -1.576018
    19 17.848171 0.000000 0.000004 0.000000 0.000000 1.661808
    20 16.525251 0.000000 0.000004 0.038610 0.040778 -1.043418
    21 6.879454 0.000000 0.000008 -0.081332 -0.002951 -0.584373
    22 3.890452 -0.000004 -0.000004 -1.570795 -1.373850 -1.565555
    23 17.848175 0.000000 -0.000004 0.000000 0.000000 1.994689
    24 16.525246 0.000000 0.000004 -0.027915 -0.040781 -1.744128
    25 6.879452 0.000000 0.000000 -0.005219 -0.002811 -0.539668
    26 3.859703 -0.142403 -1.191975 -0.479143 0.152189 -0.879872
    27 1.312565 0.000001 0.000004 0.000000 0.009664 -0.439719
    28 0.729362 0.000002 0.000004 -0.028976 0.117245 -0.451386
    29 3.942326 0.046774 -0.431438 -0.155011 0.073329 -0.810646
    30 1.539093 0.000001 0.000000 0.041407 0.089644 -0.699058
    31 1.196320 -0.000001 0.000004 -0.000002 0.007360 -0.430801
    32 3.883686 -0.046767 0.431446 0.812670 -0.191549 -1.550266
    33 1.719570 0.000002 0.000004 0.194938 -0.171308 -0.606847
    34 1.209183 -0.000001 -0.000004 0.409190 -0.306121 -0.737508
    35 3.859859 -0.137950 1.332462 0.716033 -0.200230 -1.353927
    36 1.719429 0.000002 0.000000 -0.000001 0.004072 -0.363008
    37 1.099670 0.000001 0.000004 0.133914 -0.229713 -0.543027
    38 0.806049 -0.348922 1.321259 -1.148537 -0.413342 -0.685814
    39 1.789787 0.000000 0.000004 0.143112 0.004764 0.680910
    40 1.207001 0.000000 -0.000004 -0.238537 -0.328319 0.202547
    41 3.859665 -0.132565 1.193108 0.479138 -0.158546 -0.879039
    42 1.312561 0.000000 0.000000 0.000000 -0.011932 -0.439671
    43 0.729366 0.000002 0.000000 0.000002 -0.006134 -0.244270
    44 3.942291 0.050330 0.431042 -0.174164 0.127577 -1.207787
    45 1.539097 0.000003 0.000000 0.000000 -0.005853 -0.247769
    46 1.196320 0.000000 0.000000 0.004942 -0.275387 -1.121008
    47 3.883648 -0.050325 -0.431044 -0.040059 -0.165983 -1.257799
    48 1.719574 -0.000005 0.000000 0.366781 -0.096847 -2.862813
    49 1.209183 -0.000001 0.000000 0.000001 -0.004461 -0.216376
    50 3.859825 -0.148935 -1.331284 -0.354417 0.038566 -0.532000
    51 1.719425 0.000000 0.000000 0.089602 0.216058 -1.899362
    52 1.099663 0.000000 0.000000 0.000002 -0.004208 -0.244311
    53 0.806015 -0.359835 -1.318335 0.934008 0.297777 -0.930652
    54 1.789780 0.000001 0.000000 0.009096 -0.315147 0.639492
    55 1.207001 0.000000 0.000004 0.000381 -0.070245 0.716387
    56 2.338451 -1.535743 -6.391512 1.520238 -0.094383 -2.001948
  time 86
    0 0.000000 -0.533203 19.828125 1.570795 0.000003 -0.000003
    1 0.000005 3.345128 -2.981903 1.570790 0.083456 1.570789
    2 4.018331 0.000000 0.000000 -0.613140 -0.066670 0.045925
    3 3.518564 0.000000 0.000000 -0.131224 -0.042413 0.157577
    4 8.942642 0.000000 0.000000 -0.412181 -0.014957 0.272938
    5 3.307269 0.000000 -0.000004 -2.940265 -0.130086 0.387319
    6 3.593710 -0.000001 -0.000004 0.897081 -0.031124 0.619438
    7 1.999994 -3.000001 0.000004 -1.570753 -0.000007 -1.326410
    8 2.033349 1.000771 -1.937607 -1.688728 1.147837 2.790133
    9 6.028143 0.000002 -0.000004 1.636067 0.056967 -0.745724
    10 11.692545 0.000000 0.000000 0.016983 -0.246403 -1.046756
    11 11.481701 0.000000 0.000000 -1.614926 -0.175604 -0.212966
    12 2.676086 -1.712440 0.000000 -1.570753 -0.000007 -1.570752
    13 2.033341 1.000767 1.937660 0.294931 -1.313958 -2.508565
    14 6.028140 0.000002 0.000000 -1.767930 -0.487902 -0.183917
    15 11.692553 0.000000 0.000011 -0.163268 0.726508 -1.403346
    16 11.481667 0.000000 -0.000031 0.832526 -0.014268 -0.151440
    17 2.676086 -1.712440 0.000004 1.570753 0.000007 1.570752
    18 -3.890452 0.000004 0.000004 -1.570797 0.229027 -1.576018
    19 17.848171 0.000000 0.000004 0.000000 0.000000 1.661808
    20 16.525251 0.000000 0.000004 0.038610 0.040778 -1.043418
    21 6.879454 0.000000 0.000008 -0.081332 -0.002951 -0.584373
    22 3.890452 -0.000004 -0.000004 -1.570795 -1.373850 -1.565555
    23 17.848175 0.000000 -0.000004 0.000000 0.000000 1.994689
    24 16.525246 0.000000 0.000004 -0.027915 -0.040781 -1.744128
    25 6.879452 0.000000 0.000000 -0.005219 -0.002811 -0.539668
    26 3.859703 -0.142403 -1.191975 -0.479143 0.152189 -0.879872
    27 1.312565 0.000001 0.000004 0.000000 0.009664 -0.439719
    28 0.729362 0.000002 0.000004 -0.028976 0.117245 -0.451386
    29 3.942326 0.046774 -0.431438 -0.155011 0.073329 -0.810646
    30 1.539093 0.000001 0.000000 0.041407 0.089644 -0.699058
    31 1.196320 -0.000001 0.000004 -0.000002 0.007360 -0.430801
    32 3.883686 -0.046767 0.431446 0.812670 -0.191549 -1.550266
    33 1.719570 0.000002 0.000004 0.194938 -0.171308 -0.606847
    34 1.209183 -0.000001 -0.000004 0.409190 -0.306121 -0.737508
    35 3.859859 -0.137950 1.332462 0.716033 -0.200230 -1.353927
    36 1.719429 0.000002 0.000000 -0.000001 0.004072 -0.363008
    37 1.099670 0.000001 0.000004 0.133914 -0.229713 -0.543027
    38 0.806049 -0.348922 1.321259 -1.148537 -0.413342 -0.685814
    39 1.789787 0.000000 0.000004 0.143112 0.004764 0.680910
    40 1.207001 0.000000 -0.000004 -0.238537 -0.328319 0.202547
    41 3.859665 -0.132565 1.193108 0.479138 -0.158546 -0.879039
    42 1.312561 0.000000 0.000000 0.000000 -0.011932 -0.439671
    43 0.729366 0.000002 0.000000 0.000002 -0.006134 -0.244270
    44 3.942291 0.050330 0.431042 -0.174164 0.127577 -1.207787
    45 1.539097 0.000003 0.000000 0.000000 -0.005853 -0.247769
    46 1.196320 0.000000 0.000000 0.004942 -0.275387 -1.121008
    47 3.883648 -0.050325 -0.431044 -0.040059 -0.165983 -1.257799
    48 1.719574 -0.000005 0.000000 0.366781 -0.096847 -2.862813
    49 1.209183 -0.000001 0.000000 0.000001 -0.004461 -0.216376
    50 3.859825 -0.148935 -1.331284 -0.354417 0.038566 -0.532000
    51 1.719425 0.000000 0.000000 0.089602 0.216058 -1.899420
    52 1.099663 0.000000 0.000000 0.000002 -0.004208 -0.244311
    53 0.806015 -0.359835 -1.318335 0.934008 0.297777 -0.930652
    54 1.789780 0.000001 0.000000 0.009096 -0.315147 0.639492
    55 1.207001 0.000000 0.000004 0.000381 -0.070245 0.716387
    56 2.338451 -1.535743 -6.391512 1.520238 -0.094383 -2.001948
  time 87
    0 0.000000 -0.533203 19.828125 1.570795 0.000003 -0.000003
    1 0.000005 3.345128 -2.981903 1.570790 0.083815 1.570789
    2 4.018331 0.000000 0.000000 -0.613140 -0.066670 0.045925
    3 3.518564 0.000000 0.000000 -0.131224 -0.042413 0.157577
    4 8.942642 0.000000 0.000000 -0.412143 -0.014813 0.272769
    5 3.307269 0.000000 -0.000004 -2.940265 -0.130086 0.387319
    6 3.593710 -0.000001 -0.000004 0.897126 -0.030261 0.618769
    7 1.999994 -3.000001 0.000004 -1.570753 -0.000007 -1.326410
    8 2.033349 1.000771 -1.937607 -1.688728 1.147837 2.790133
    9 6.028143 0.000002 -0.000004 1.639743 0.055014 -0.740070
    10 11.692545 0.000000 0.000000 0.018026 -0.247626 -1.044651
    11 11.481701 0.000000 0.000000 -1.613685 -0.177695 -0.211250
    12 2.676086 -1.712440 0.000000 -1.570753 -0.000007 -1.570752
    13 2.033341 1.000767 1.937660 0.294931 -1.313958 -2.508565
    14 6.028140 0.000002 0.000000 -1.767520 -0.488374 -0.184307
    15 11.692553 0.000000 0.000011 -0.162943 0.726441 -1.403416
    16 11.481667 0.000000 -0.000031 0.832526 -0.014268 -0.151440
    17 2.676086 -1.712440 0.000004 1.570753 0.000007 1.570752
    18 -3.890452 0.000004 0.000004 -1.570797 0.229027 -1.576018
    19 17.848171 0.000000 0.000004 0.000000 0.000000 1.661808
    20 16.525251 0.000000 0.000004 0.038610 0.040778 -1.043418
    21 6.879454 0.000000 0.000008 -0.081332 -0.002951 -0.584373
    22 3.890452 -0.000004 -0.000004 -1.570795 -1.373850 -1.565555
    23 17.848175 0.000000 -0.000004 0.000000 0.000000 1.994689
    24 16.525246 0.000000 0.000004 -0.027915 -0.040781 -1.744128
    25 6.879452 0.000000 0.000000 -0.005219 -0.002811 -0.539668
    26 3.859703 -0.142403 -1.191975 -0.479143 0.152189 -0.879872
    27 1.312565 0.000001 0.000004 0.000000 0.009664 -0.439719
    28 0.729362 0.000002 0.000004 -0.028976 0.117245 -0.451386
    29 3.942326 0.046774 -0.431438 -0.155011 0.073329 -0.810646
    30 1.539093 0.000001 0.000000 0.041407 0.089644 -0.699058
    31 1.196320 -0.000001 0.000004 -0.000002 0.007360 -0.430801
    32 3.883686 -0.046767 0.431446 0.812670 -0.191549 -1.550266
    33 1.719570 0.000002 0.000004 0.194938 -0.171308 -0.606847
    34 1.209183 -0.000001 -0.000004 0.409190 -0.306121 -0.737508
    35 3.859859 -0.137950 1.332462 0.716033 -0.200230 -1.353927
    36 1.719429 0.000002 0.000000 -0.000001 0.004072 -0.363008
    37 1.099670 0.000001 0.000004 0.133914 -0.229713 -0.543027
    38 0.806049 -0.348922 1.321259 -1.148537 -0.413342 -0.685814
    39 1.789787 0.000000 0.000004 0.143112 0.004764 0.680910
    40 1.207001 0.000000 -0.000004 -0.238537 -0.328319 0.202547
    41 3.859665 -0.132565 1.193108 0.479138 -0.158546 -0.879039
    42 1.312561 0.000000 0.000000 0.000000 -0.011932 -0.439671
    43 0.729366 0.000002 0.000000 0.000002 -0.006134 -0.244270
    44 3.942291 0.050330 0.431042 -0.174164 0.127577 -1.207787
    45 1.539097 0.000003 0.000000 0.000000 -0.005853 -0.247769
    46 1.196320 0.000000 0.000000 0.004942 -0.275387 -1.121008
    47 3.883648 -0.050325 -0.431044 -0.040059 -0.165983 -1.257799
    48 1.719574 -0.000005 0.000000 0.366781 -0.096847 -2.862813
    49 1.209183 -0.000001 0.000000 0.000001 -0.004461 -0.216376
    50 3.859825 -0.148935 -1.331284 -0.354417 0.038566 -0.532000
    51 1.719425 0.000000 0.000000 0.089602 0.216058 -1.899362
    52 1.099663 0.000000 0.000000 0.000002 -0.004208 -0.244311
    53 0.806015 -0.359835 -1.318335 0.934008 0.297777 -0.930652
    54 1.789780 0.000001 0.000000 0.009096 -0.315147 0.639492
    55 1.207001 0.000000 0.000004 0.000381 -0.070245 0.716387
    56 2.338451 -1.535743 -6.391512 1.520238 -0.094383 -2.001948
  time 88
    0 0.000000 -0.533203 19.828125 1.570795 0.000003 -0.000003
    1 0.000005 3.345128 -2.981903 1.570790 0.084151 1.570789
    2 4.018331 0.000000 0.000000 -0.613140 -0.066670 0.045925
    3 3.518564 0.000000 0.000000 -0.131224 -0.042413 0.157577
    4 8.942642 0.000000 0.000000 -0.412105 -0.014669 0.272615
    5 3.307269 0.000000 -0.000004 -2.940265 -0.130086 0.387319
    6 3.593710 -0.000001 -0.000004 0.897172 -0.029446 0.618136
    7 1.999994 -3.000001 0.000004 -1.570753 -0.000007 -1.326410
    8 2.033349 1.000771 -1.937607 -1.688728 1.147837 2.790133
    9 6.028143 0.000002 -0.000004 1.643327 0.053148 -0.734663
    10 11.692545 0.000000 0.000000 0.019021 -0.248776 -1.042612
    11 11.481701 0.000000 0.000000 -1.612498 -0.179659 -0.209582
    12 2.676086 -1.712440 0.000000 -1.570753 -0.000007 -1.570752
    13 2.033341 1.000767 1.937660 0.294931 -1.313958 -2.508565
    14 6.028140 0.000002 0.000000 -1.767111 -0.488813 -0.184697
    15 11.692553 0.000000 0.000011 -0.162617 0.726375 -1.403416
    16 11.481667 0.000000 -0.000031 0.832526 -0.014268 -0.151440
    17 2.676086 -1.712440 0.000004 1.570753 0.000007 1.570752
    18 -3.890452 0.000004 0.000004 -1.570797 0.229027 -1.576018
    19 17.848171 0.000000 0.000004 0.000000 0.000000 1.661808
    20 16.525251 0.000000 0.000004 0.038610 0.040778 -1.043418
    21 6.879454 0.000000 0.000008 -0.081332 -0.002951 -0.584373
    22 3.890452 -0.000004 -0.000004 -1.570795 -1.373850 -1.565555
    23 17.848175 0.000000 -0.000004 0.000000 0.000000 1.994689
    24 16.525246 0.000000 0.000004 -0.027915 -0.040781 -1.744128
    25 6.879452 0.000000 0.000000 -0.005219 -0.002811 -0.539668
    26 3.859703 -0.142403 -1.191975 -0.479143 0.152189 -0.879872
    27 1.312565 0.000001 0.000004 0.000000 0.009664 -0.439719
    28 0.729362 0.000002 0.000004 -0.028976 0.117245 -0.451386
    29 3.942326 0.046774 -0.431438 -0.155011 0.073329 -0.810646
    30 1.539093 0.000001 0.000000 0.041407 0.089644 -0.699058
    31 1.196320 -0.000001 0.000004 -0.000002 0.007360 -0.430801
    32 3.883686 -0.046767 0.431446 0.812670 -0.191549 -1.550266
    33 1.719570 0.000002 0.000004 0.194938 -0.171308 -0.606847
    34 1.209183 -0.000001 -0.000004 0.409190 -0.306121 -0.737508
    35 3.859859 -0.137950 1.332462 0.716033 -0.200230 -1.353927
    36 1.719429 0.000002 0.000000 -0.000001 0.004072 -0.363008
    37 1.099670 0.000001 0.000004 0.133914 -0.229713 -0.543027
    38 0.806049 -0.348922 1.321259 -1.148537 -0.413342 -0.685814
    39 1.789787 0.000000 0.000004 0.143112 0.004764 0.680910
    40 1.207001 0.000000 -0.000004 -0.238537 -0.328319 0.202547
    41 3.859665 -0.132565 1.193108 0.479138 -0.158546 -0.879039
    42 1.312561 0.000000 0.000000 0.000000 -0.011932 -0.439671
    43 0.729366 0.000002 0.000000 0.000002 -0.006134 -0.244270
    44 3.942291 0.050330 0.431042 -0.174164 0.127577 -1.207787
    45 1.539097 0.000003 0.000000 0.000000 -0.005853 -0.247769
    46 1.196320 0.000000 0.000000 0.004942 -0.275387 -1.121008
    47 3.883648 -0.050325 -0.431044 -0.040059 -0.165983 -1.257799
    48 1.719574 -0.000005 0.000000 0.366781 -0.096847 -2.862813
    49 1.209183 -0.000001 0.000000 0.000001 -0.004461 -0.216376
    50 3.859825 -0.148935 -1.331284 -0.354417 0.038566 -0.532000
    51 1.719425 0.000000 0.000000 0.089602 0.216058 -1.899362
    52 1.099663 0.000000 0.000000 0.000002 -0.004208 -0.244311
    53 0.806015 -0.359835 -1.318335 0.934008 0.297777 -0.930652
    54 1.789780 0.000001 0.000000 0.009096 -0.315147 0.639492
    55 1.207001 0.000000 0.000004 0.000381 -0.070245 0.716387
    56 2.338451 -1.535743 -6.391512 1.520238 -0.094383 -2.001948
  time 89
    0 0.000000 -0.533203 19.828125 1.570795 0.000003 -0.000003
    1 0.000005 3.345128 -2.981903 1.570790 0.084474 1.570789
    2 4.018331 0.000000 0.000000 -0.613140 -0.066670 0.045925
    3 3.518564 0.000000 0.000000 -0.131224 -0.042413 0.157577
    4 8.942642 0.000000 0.000000 -0.412066 -0.014537 0.272461
    5 3.307269 0.000000 -0.000004 -2.940265 -0.130086 0.387319
    6 3.593710 -0.000001 -0.000004 0.897218 -0.028691 0.617502
    7 1.999994 -3.000001 0.000004 -1.570800 -0.000007 -1.326410
    8 2.033349 1.000771 -1.937607 -1.688728 1.147837 2.790133
    9 6.028143 0.000002 -0.000004 1.646635 0.051404 -0.729610
    10 11.692545 0.000000 0.000000 0.019943 -0.249855 -1.040705
    11 11.481701 0.000000 0.000000 -1.611419 -0.181496 -0.208013
    12 2.676086 -1.712440 0.000000 -1.570753 -0.000007 -1.570752
    13 2.033341 1.000767 1.937660 0.294931 -1.313958 -2.508565
    14 6.028140 0.000002 0.000000 -1.766702 -0.489218 -0.185048
    15 11.692553 0.000000 0.000011 -0.162335 0.726309 -1.403485
    16 11.481667 0.000000 -0.000031 0.832526 -0.014268 -0.151440
    17 2.676086 -1.712440 0.000004 1.570753 0.000007 1.570752
    18 -3.890452 0.000004 0.000004 -1.570797 0.229027 -1.576018
    19 17.848171 0.000000 0.000004 0.000000 0.000000 1.661808
    20 16.525251 0.000000 0.000004 0.038610 0.040778 -1.043418
    21 6.879454 0.000000 0.000008 -0.081332 -0.002951 -0.584373
    22 3.890452 -0.000004 -0.000004 -1.570795 -1.373850 -1.565555
    23 17.848175 0.000000 -0.000004 0.000000 0.000000 1.994689
    24 16.525246 0.000000 0.000004 -0.027915 -0.040781 -1.744128
    25 6.879452 0.000000 0.000000 -0.005219 -0.002811 -0.539668
    26 3.859703 -0.142403 -1.191975 -0.479143 0.152189 -0.879872
    27 1.312565 0.000001 0.000004 0.000000 0.009664 -0.439719
    28 0.729362 0.000002 0.000004 -0.028976 0.117245 -0.451386
    29 3.942326 0.046774 -0.431438 -0.155011 0.073329 -0.810646
    30 1.539093 0.000001 0.000000 0.041407 0.089644 -0.699058
    31 1.196320 -0.000001 0.000004 -0.000002 0.007360 -0.430801
    32 3.883686 -0.046767 0.431446 0.812670 -0.191549 -1.550266
    33 1.719570 0.000002 0.000004 0.194938 -0.171308 -0.606847
    34 1.209183 -0.000001 -0.000004 0.409190 -0.306121 -0.737508
    35 3.859859 -0.137950 1.332462 0.716033 -0.200230 -1.353927
    36 1.719429 0.000002 0.000000 -0.000001 0.004072 -0.363008
    37 1.099670 0.000001 0.000004 0.133914 -0.229713 -0.543027
    38 0.806049 -0.348922 1.321259 -1.148537 -0.413342 -0.685814
    39 1.789787 0.000000 0.000004 0.143112 0.004764 0.680910
    40 1.207001 0.000000 -0.000004 -0.238537 -0.328319 0.202547
    41 3.859665 -0.132565 1.193108 0.479138 -0.158546 -0.879039
    42 1.312561 0.000000 0.000000 0.000000 -0.011932 -0.439671
    43 0.729366 0.000002 0.000000 0.000002 -0.006134 -0.244270
    44 3.942291 0.050330 0.431042 -0.174164 0.127577 -1.207787
    45 1.539097 0.000003 0.000000 0.000000 -0.005853 -0.247769
    46 1.196320 0.000000 0.000000 0.004942 -0.275387 -1.121008
    47 3.883648 -0.050325 -0.431044 -0.040059 -0.165983 -1.257799
    48 1.719574 -0.000005 0.000000 0.366781 -0.096847 -2.862813
    49 1.209183 -0.000001 0.000000 0.000001 -0.004461 -0.216376
    50 3.859825 -0.148935 -1.331284 -0.354417 0.038566 -0.532000
    51 1.719425 0.000000 0.000000 0.089602 0.216058 -1.899362
    52 1.099663 0.000000 0.000000 0.000002 -0.004208 -0.244311
    53 0.806015 -0.359835 -1.318335 0.934008 0.297777 -0.930652
    54 1.789780 0.000001 0.000000 0.009096 -0.315147 0.639492
    55 1.207001 0.000000 0.000004 0.000381 -0.070245 0.716387
    56 2.338451 -1.535743 -6.391512 1.520238 -0.094383 -2.001948
  time 90
    0 0.000000 -0.533203 19.828125 1.570795 0.000003 -0.000003
    1 0.000005 3.345128 -2.981903 1.570790 0.084762 1.570789
    2 4.018331 0.000000 0.000000 -0.613140 -0.066670 0.045925
    3 3.518564 0.000000 0.000000 -0.131224 -0.042413 0.157577
    4 8.942642 0.000000 0.000000 -0.412041 -0.014405 0.272323
    5 3.307269 0.000000 -0.000004 -2.940265 -0.130086 0.387319
    6 3.593710 -0.000001 -0.000004 0.897264 -0.027972 0.616975
    7 1.999994 -3.000001 0.000004 -1.570753 -0.000007 -1.326410
    8 2.033349 1.000771 -1.937607 -1.688728 1.147837 2.790133
    9 6.028143 0.000002 -0.000004 1.649760 0.049765 -0.724839
    10 11.692545 0.000000 0.000000 0.020818 -0.250873 -1.038995
    11 11.481701 0.000000 0.000000 -1.610394 -0.183207 -0.206541
    12 2.676086 -1.712440 0.000000 -1.570753 -0.000007 -1.570752
    13 2.033341 1.000767 1.937660 0.294931 -1.313958 -2.508565
    14 6.028140 0.000002 0.000000 -1.766410 -0.489622 -0.185361
    15 11.692553 0.000000 0.000011 -0.162053 0.726243 -1.403485
    16 11.481667 0.000000 -0.000031 0.832526 -0.014268 -0.151440
    17 2.676086 -1.712440 0.000004 1.570753 0.000007 1.570752
    18 -3.890452 0.000004 0.000004 -1.570797 0.229027 -1.576018
    19 17.848171 0.000000 0.000004 0.000000 0.000000 1.661808
    20 16.525251 0.000000 0.000004 0.038610 0.040778 -1.043418
    21 6.879454 0.000000 0.000008 -0.081332 -0.002951 -0.584373
    22 3.890452 -0.000004 -0.000004 -1.570795 -1.373850 -1.565555
    23 17.848175 0.000000 -0.000004 0.000000 0.000000 1.994689
    24 16.525246 0.000000 0.000004 -0.027915 -0.040781 -1.744128
    25 6.879452 0.000000 0.000000 -0.005219 -0.002811 -0.539668
    26 3.859703 -0.142403 -1.191975 -0.479143 0.152189 -0.879872
    27 1.312565 0.000001 0.000004 0.000000 0.009664 -0.439719
    28 0.729362 0.000002 0.000004 -0.028976 0.117245 -0.451386
    29 3.942326 0.046774 -0.431438 -0.155011 0.073329 -0.810646
    30 1.539093 0.000001 0.000000 0.041407 0.089644 -0.699058
    31 1.196320 -0.000001 0.000004 -0.000002 0.007360 -0.430801
    32 3.883686 -0.046767 0.431446 0.812670 -0.191549 -1.550266
    33 1.719570 0.000002 0.000004 0.194938 -0.171308 -0.606847
    34 1.209183 -0.000001 -0.000004 0.409190 -0.306121 -0.737508
    35 3.859859 -0.137950 1.332462 0.716033 -0.200230 -1.353927
    36 1.719429 0.000002 0.000000 -0.000001 0.004072 -0.363008
    37 1.099670 0.000001 0.000004 0.133914 -0.229713 -0.543027
    38 0.806049 -0.348922 1.321259 -1.148537 -0.413342 -0.685814
    39 1.789787 0.000000 0.000004 0.143112 0.004764 0.680910
    40 1.207001 0.000000 -0.000004 -0.238537 -0.328319 0.202547
    41 3.859665 -0.132565 1.193108 0.479138 -0.158546 -0.879039
    42 1.312561 0.000000 0.000000 0.000000 -0.011932 -0.439671
    43 0.729366 0.000002 0.000000 0.000002 -0.006134 -0.244270
    44 3.942291 0.050330 0.431042 -0.174164 0.127577 -1.207787
    45 1.539097 0.000003 0.000000 0.000000 -0.005853 -0.247769
    46 1.196320 0.000000 0.000000 0.004942 -0.275387 -1.121008
    47 3.883648 -0.050325 -0.431044 -0.040059 -0.165983 -1.257799
    48 1.719574 -0.000005 0.000000 0.366781 -0.096847 -2.862813
    49 1.209183 -0.000001 0.000000 0.000001 -0.004461 -0.216376
    50 3.859825 -0.148935 -1.331284 -0.354417 0.038566 -0.532000
    51 1.719425 0.000000 0.000000 0.089602 0.216058 -1.899420
    52 1.099663 0.000000 0.000000 0.000002 -0.004208 -0.244311
    53 0.806015 -0.359835 -1.318335 0.934008 0.297777 -0.930652
    54 1.789780 0.000001 0.000000 0.009096 -0.315147 0.639492
    55 1.207001 0.000000 0.000004 0.000381 -0.070245 0.716387
    56 2.338451 -1.535743 -6.391512 1.520238 -0.094383 -2.001948
  time 91
    0 0.000000 -0.533203 19.828125 1.570795 0.000003 -0.000003
    1 0.000005 3.345128 -2.981903 1.570790 0.085037 1.570789
    2 4.018331 0.000000 0.000000 -0.613140 -0.066670 0.045925
    3 3.518564 0.000000 0.000000 -0.131224 -0.042413 0.157577
    4 8.942642 0.000000 0.000000 -0.412003 -0.014298 0.272200
    5 3.307269 0.000000 -0.000004 -2.940265 -0.130086 0.387319
    6 3.593710 -0.000001 -0.000004 0.897310 -0.027313 0.616447
    7 1.999994 -3.000001 0.000004 -1.570753 -0.000007 -1.326410
    8 2.033349 1.000771 -1.937607 -1.688728 1.147837 2.790133
    9 6.028143 0.000002 -0.000004 1.652609 0.048248 -0.720457
    10 11.692545 0.000000 0.000000 0.021633 -0.251808 -1.037351
    11 11.481701 0.000000 0.000000 -1.609423 -0.184823 -0.205168
    12 2.676086 -1.712440 0.000000 -1.570753 -0.000007 -1.570752
    13 2.033341 1.000767 1.937660 0.294931 -1.313958 -2.508565
    14 6.028140 0.000002 0.000000 -1.766059 -0.489960 -0.185673
    15 11.692553 0.000000 0.000011 -0.161793 0.726176 -1.403485
    16 11.481667 0.000000 -0.000031 0.832526 -0.014268 -0.151440
    17 2.676086 -1.712440 0.000004 1.570753 0.000007 1.570752
    18 -3.890452 0.000004 0.000004 -1.570797 0.229027 -1.576018
    19 17.848171 0.000000 0.000004 0.000000 0.000000 1.661808
    20 16.525251 0.000000 0.000004 0.038610 0.040778 -1.043418
    21 6.879454 0.000000 0.000008 -0.081332 -0.002951 -0.584373
    22 3.890452 -0.000004 -0.000004 -1.570795 -1.373850 -1.565555
    23 17.848175 0.000000 -0.000004 0.000000 0.000000 1.994689
    24 16.525246 0.000000 0.000004 -0.027915 -0.040781 -1.744128
    25 6.879452 0.000000 0.000000 -0.005219 -0.002811 -0.539668
    26 3.859703 -0.142403 -1.191975 -0.479143 0.152189 -0.879872
    27 1.312565 0.000001 0.000004 0.000000 0.009664 -0.439719
    28 0.729362 0.000002 0.000004 -0.028976 0.117257 -0.451386
    29 3.942326 0.046774 -0.431438 -0.155011 0.073329 -0.810646
    30 1.539093 0.000001 0.000000 0.041407 0.089644 -0.699058
    31 1.196320 -0.000001 0.000004 -0.000002 0.007360 -0.430801
    32 3.883686 -0.046767 0.431446 0.812670 -0.191549 -1.550266
    33 1.719570 0.000002 0.000004 0.194938 -0.171308 -0.606847
    34 1.209183 -0.000001 -0.000004 0.409190 -0.306121 -0.737508
    35 3.859859 -0.137950 1.332462 0.716033 -0.200230 -1.353927
    36 1.719429 0.000002 0.000000 -0.000001 0.004072 -0.363008
    37 1.099670 0.000001 0.000004 0.133914 -0.229713 -0.543027
    38 0.806049 -0.348922 1.321259 -1.148537 -0.413342 -0.685814
    39 1.789787 0.000000 0.000004 0.143112 0.004764 0.680910
    40 1.207001 0.000000 -0.000004 -0.238537 -0.328319 0.202547
    41 3.859665 -0.132565 1.193108 0.479138 -0.158546 -0.879039
    42 1.312561 0.000000 0.000000 0.000000 -0.011932 -0.439671
    43 0.729366 0.000002 0.000000 0.000002 -0.006134 -0.244270
    44 3.942291 0.050330 0.431042 -0.174164 0.127577 -1.207787
    45 1.539097 0.000003 0.000000 0.000000 -0.005853 -0.247769
    46 1.196320 0.000000 0.000000 0.004942 -0.275387 -1.121008
    47 3.883648 -0.050325 -0.431044 -0.040059 -0.165983 -1.257799
    48 1.719574 -0.000005 0.000000 0.366781 -0.096847 -2.862813
    49 1.209183 -0.000001 0.000000 0.000001 -0.004461 -0.216376
    50 3.859825 -0.148935 -1.331284 -0.354417 0.038566 -0.532000
    51 1.719425 0.000000 0.000000 0.089602 0.216058 -1.899362
    52 1.099663 0.000000 0.000000 0.000002 -0.004208 -0.244311
    53 0.806015 -0.359835 -1.318335 0.934008 0.297777 -0.930652
    54 1.789780 0.000001 0.000000 0.009096 -0.315147 0.639492
    55 1.207001 0.000000 0.000004 0.000381 -0.070245 0.716387
    56 2.338451 -1.535743 -6.391512 1.520238 -0.094383 -2.001948
  time 92
    0 0.000000 -0.533203 19.828125 1.570795 0.000003 -0.000003
    1 0.000005 3.345128 -2.981903 1.570790 0.085289 1.570789
    2 4.018331 0.000000 0.000000 -0.613140 -0.066670 0.045925
    3 3.518564 0.000000 0.000000 -0.131224 -0.042413 0.157577
    4 8.942642 0.000000 0.000000 -0.411977 -0.014190 0.272077
    5 3.307269 0.000000 -0.000004 -2.940265 -0.130086 0.387319
    6 3.593710 -0.000001 -0.000004 0.897310 -0.026726 0.615989
    7 1.999994 -3.000001 0.000004 -1.570800 -0.000007 -1.326410
    8 2.033349 1.000771 -1.937607 -1.688728 1.147837 2.790133
    9 6.028143 0.000002 -0.000004 1.655274 0.046871 -0.716463
    10 11.692545 0.000000 0.000000 0.022364 -0.252659 -1.035838
    11 11.481701 0.000000 0.000000 -1.608560 -0.186280 -0.203942
    12 2.676086 -1.712440 0.000000 -1.570753 -0.000007 -1.570752
    13 2.033341 1.000767 1.937660 0.294931 -1.313958 -2.508565
    14 6.028140 0.000002 0.000000 -1.765767 -0.490297 -0.185946
    15 11.692553 0.000000 0.000011 -0.161555 0.726110 -1.403485
    16 11.481667 0.000000 -0.000031 0.832526 -0.014268 -0.151440
    17 2.676086 -1.712440 0.000004 1.570753 0.000007 1.570752
    18 -3.890452 0.000004 0.000004 -1.570797 0.229027 -1.576018
    19 17.848171 0.000000 0.000004 0.000000 0.000000 1.661808
    20 16.525251 0.000000 0.000004 0.038610 0.040778 -1.043418
    21 6.879454 0.000000 0.000008 -0.081332 -0.002951 -0.584373
    22 3.890452 -0.000004 -0.000004 -1.570795 -1.373850 -1.565555
    23 17.848175 0.000000 -0.000004 0.000000 0.000000 1.994689
    24 16.525246 0.000000 0.000004 -0.027915 -0.040781 -1.744128
    25 6.879452 0.000000 0.000000 -0.005219 -0.002811 -0.539668
    26 3.859703 -0.142403 -1.191975 -0.479143 0.152189 -0.879872
    27 1.312565 0.000001 0.000004 0.000000 0.009664 -0.439719
    28 0.729362 0.000002 0.000004 -0.028976 0.117245 -0.451386
    29 3.942326 0.046774 -0.431438 -0.155011 0.073329 -0.810646
    30 1.539093 0.000001 0.000000 0.041407 0.089644 -0.699058
    31 1.196320 -0.000001 0.000004 -0.000002 0.007360 -0.430801
    32 3.883686 -0.046767 0.431446 0.812670 -0.191549 -1.550266
    33 1.719570 0.000002 0.000004 0.194938 -0.171308 -0.606847
    34 1.209183 -0.000001 -0.000004 0.409190 -0.306121 -0.737508
    35 3.859859 -0.137950 1.332462 0.716033 -0.200230 -1.353927
    36 1.719429 0.000002 0.000000 -0.000001 0.004072 -0.363008
    37 1.099670 0.000001 0.000004 0.133914 -0.229713 -0.543027
    38 0.806049 -0.348922 1.321259 -1.148537 -0.413342 -0.685814
    39 1.789787 0.000000 0.000004 0.143112 0.004764 0.680910
    40 1.207001 0.000000 -0.000004 -0.238537 -0.328319 0.202547
    41 3.859665 -0.132565 1.193108 0.479138 -0.158546 -0.879039
    42 1.312561 0.000000 0.000000 0.000000 -0.011932 -0.439671
    43 0.729366 0.000002 0.000000 0.000002 -0.006134 -0.244270
    44 3.942291 0.050330 0.431042 -0.174164 0.127577 -1.207787
    45 1.539097 0.000003 0.000000 0.000000 -0.005853 -0.247769
    46 1.196320 0.000000 0.000000 0.004942 -0.275387 -1.121008
    47 3.883648 -0.050325 -0.431044 -0.040059 -0.165983 -1.257799
    48 1.719574 -0.000005 0.000000 0.366781 -0.096847 -2.862813
    49 1.209183 -0.000001 0.000000 0.000001 -0.004461 -0.216376
    50 3.859825 -0.148935 -1.331284 -0.354417 0.038566 -0.532000
    51 1.719425 0.000000 0.000000 0.089602 0.216058 -1.899362
    52 1.099663 0.000000 0.000000 0.000002 -0.004208 -0.244311
    53 0.806015 -0.359835 -1.318335 0.934008 0.297777 -0.930652
    54 1.789780 0.000001 0.000000 0.009096 -0.315147 0.639492
    55 1.207001 0.000000 0.000004 0.000381 -0.070245 0.716387
    56 2.338451 -1.535743 -6.391512 1.520238 -0.094383 -2.001948
  time 93
    0 0.000000 -0.533203 19.828125 1.570795 0.000003 -0.000003
    1 0.000005 3.345128 -2.981903 1.570790 0.085517 1.570789
    2 4.018331 0.000000 0.000000 -0.613140 -0.066670 0.045925
    3 3.518564 0.000000 0.000000 -0.131224 -0.042413 0.157577
    4 8.942642 0.000000 0.000000 -0.411952 -0.014094 0.271970
    5 3.307269 0.000000 -0.000004 -2.940265 -0.130086 0.387319
    6 3.593710 -0.000001 -0.000004 0.897356 -0.026186 0.615567
    7 1.999994 -3.000001 0.000004 -1.570753 -0.000007 -1.326410
    8 2.033349 1.000771 -1.937607 -1.688728 1.147837 2.790133
    9 6.028143 0.000002 -0.000004 1.657572 0.045633 -0.712859
    10 11.692545 0.000000 0.000000 0.023035 -0.253438 -1.034457
    11 11.481701 0.000000 0.000000 -1.607805 -0.187610 -0.202863
    12 2.676086 -1.712440 0.000000 -1.570753 -0.000007 -1.570752
    13 2.033341 1.000767 1.937660 0.294931 -1.313958 -2.508565
    14 6.028140 0.000002 0.000000 -1.765474 -0.490601 -0.186219
    15 11.692553 0.000000 0.000011 -0.161359 0.726077 -1.403555
    16 11.481667 0.000000 -0.000031 0.832526 -0.014268 -0.151440
    17 2.676086 -1.712440 0.000004 1.570753 0.000007 1.570752
    18 -3.890452 0.000004 0.000004 -1.570797 0.229027 -1.576018
    19 17.848171 0.000000 0.000004 0.000000 0.000000 1.661808
    20 16.525251 0.000000 0.000004 0.038610 0.040778 -1.043418
    21 6.879454 0.000000 0.000008 -0.081332 -0.002951 -0.584373
    22 3.890452 -0.000004 -0.000004 -1.570795 -1.373850 -1.565555
    23 17.848175 0.000000 -0.000004 0.000000 0.000000 1.994689
    24 16.525246 0.000000 0.000004 -0.027915 -0.040781 -1.744128
    25 6.879452 0.000000 0.000000 -0.005219 -0.002811 -0.539668
    26 3.859703 -0.142403 -1.191975 -0.479143 0.152189 -0.879872
    27 1.312565 0.000001 0.000004 0.000000 0.009664 -0.439719
    28 0.729362 0.000002 0.000004 -0.028976 0.117245 -0.451386
    29 3.942326 0.046774 -0.431438 -0.155011 0.073329 -0.810646
    30 1.539093 0.000001 0.000000 0.041407 0.089644 -0.699058
    31 1.196320 -0.000001 0.000004 -0.000002 0.007360 -0.430801
    32 3.883686 -0.046767 0.431446 0.812670 -0.191549 -1.550266
    33 1.719570 0.000002 0.000004 0.194938 -0.171308 -0.606847
    34 1.209183 -0.000001 -0.000004 0.409190 -0.306121 -0.737508
    35 3.859859 -0.137950 1.332462 0.716033 -0.200230 -1.353927
    36 1.719429 0.000002 0.000000 -0.000001 0.004072 -0.363008
    37 1.099670 0.000001 0.000004 0.133914 -0.229713 -0.543027
    38 0.806049 -0.348922 1.321259 -1.148537 -0.413342 -0.685814
    39 1.789787 0.000000 0.000004 0.143112 0.004764 0.680910
    40 1.207001 0.000000 -0.000004 -0.238537 -0.328319 0.202547
    41 3.859665 -0.132565 1.193108 0.479138 -0.158546 -0.879039
    42 1.312561 0.000000 0.000000 0.000000 -0.011932 -0.439671
    43 0.729366 0.000002 0.000000 0.000002 -0.006134 -0.244270
    44 3.942291 0.050330 0.431042 -0.174164 0.127577 -1.207787
    45 1.539097 0.000003 0.000000 0.000000 -0.005853 -0.247769
    46 1.196320 0.000000 0.000000 0.004942 -0.275387 -1.121008
    47 3.883648 -0.050325 -0.431044 -0.040059 -0.165983 -1.257799
    48 1.719574 -0.000005 0.000000 0.366781 -0.096847 -2.862813
    49 1.209183 -0.000001 0.000000 0.000001 -0.004461 -0.216376
    50 3.859825 -0.148935 -1.331284 -0.354417 0.038566 -0.532000
    51 1.719425 0.000000 0.000000 0.089602 0.216058 -1.899362
    52 1.099663 0.000000 0.000000 0.000002 -0.004208 -0.244311
    53 0.806015 -0.359835 -1.318335 0.934008 0.297777 -0.930652
    54 1.789780 0.000001 0.000000 0.009096 -0.315147 0.639492
    55 1.207001 0.000000 0.000004 0.000381 -0.070245 0.716387
    56 2.338451 -1.535743 -6.391512 1.520238 -0.094383 -2.001948
  time 94
    0 0.000000 -0.533203 19.828125 1.570795 0.000003 -0.000003
    1 0.000005 3.345128 -2.981903 1.570790 0.085709 1.570789
    2 4.018331 0.000000 0.000000 -0.613140 -0.066670 0.045925
    3 3.518564 0.000000 0.000000 -0.131224 -0.042413 0.157577
    4 8.942642 0.000000 0.000000 -0.411926 -0.014010 0.271877
    5 3.307269 0.000000 -0.000004 -2.940265 -0.130086 0.387319
    6 3.593710 -0.000001 -0.000004 0.897402 -0.025707 0.615180
    7 1.999994 -3.000001 0.000004 -1.570753 -0.000007 -1.326410
    8 2.033349 1.000771 -1.937607 -1.688728 1.147837 2.790133
    9 6.028143 0.000002 -0.000004 1.659685 0.044517 -0.709643
    10 11.692545 0.000000 0.000000 0.023623 -0.254121 -1.033273
    11 11.481701 0.000000 0.000000 -1.607103 -0.188751 -0.201833
    12 2.676086 -1.712440 0.000000 -1.570753 -0.000007 -1.570752
    13 2.033341 1.000767 1.937660 0.294931 -1.313958 -2.508565
    14 6.028140 0.000002 0.000000 -1.765299 -0.490870 -0.186453
    15 11.692553 0.000000 0.000011 -0.161164 0.726044 -1.403555
    16 11.481667 0.000000 -0.000031 0.832526 -0.014268 -0.151440
    17 2.676086 -1.712440 0.000004 1.570753 0.000007 1.570752
    18 -3.890452 0.000004 0.000004 -1.570797 0.229027 -1.576018
    19 17.848171 0.000000 0.000004 0.000000 0.000000 1.661808
    20 16.525251 0.000000 0.000004 0.038610 0.040778 -1.043418
    21 6.879454 0.000000 0.000008 -0.081332 -0.002951 -0.584373
    22 3.890452 -0.000004 -0.000004 -1.570795 -1.373850 -1.565555
    23 17.848175 0.000000 -0.000004 0.000000 0.000000 1.994689
    24 16.525246 0.000000 0.000004 -0.027915 -0.040781 -1.744128
    25 6.879452 0.000000 0.000000 -0.005219 -0.002811 -0.539668
    26 3.859703 -0.142403 -1.191975 -0.479143 0.152189 -0.879872
    27 1.312565 0.000001 0.000004 0.000000 0.009664 -0.439719
    28 0.729362 0.000002 0.000004 -0.028976 0.117245 -0.451386
    29 3.942326 0.046774 -0.431438 -0.155011 0.073329 -0.810646
    30 1.539093 0.000001 0.000000 0.041407 0.089644 -0.699058
    31 1.196320 -0.000001 0.000004 -0.000002 0.007360 -0.430801
    32 3.883686 -0.046767 0.431446 0.812670 -0.191549 -1.550266
    33 1.719570 0.000002 0.000004 0.194938 -0.171308 -0.606847
    34 1.209183 -0.000001 -0.000004 0.409190 -0.306121 -0.737508
    35 3.859859 -0.137950 1.332462 0.716033 -0.200230 -1.353927
    36 1.719429 0.000002 0.000000 -0.000001 0.004072 -0.363008
    37 1.099670 0.000001 0.000004 0.133914 -0.229713 -0.543027
    38 0.806049 -0.348922 1.321259 -1.148537 -0.413342 -0.685814
    39 1.789787 0.000000 0.000004 0.143112 0.004764 0.680910
    40 1.207001 0.000000 -0.000004 -0.238537 -0.328319 0.202547
    41 3.859665 -0.132565 1.193108 0.479138 -0.158546 -0.879039
    42 1.312561 0.000000 0.000000 0.000000 -0.011932 -0.439671
    43 0.729366 0.000002 0.000000 0.000002 -0.006134 -0.244270
    44 3.942291 0.050330 0.431042 -0.174164 0.127577 -1.207787
    45 1.539097 0.000003 0.000000 0.000000 -0.005853 -0.247769
    46 1.196320 0.000000 0.000000 0.004942 -0.275387 -1.121008
    47 3.883648 -0.050325 -0.431044 -0.040059 -0.165983 -1.257799
    48 1.719574 -0.000005 0.000000 0.366781 -0.096847 -2.862813
    49 1.209183 -0.000001 0.000000 0.000001 -0.004461 -0.216376
    50 3.859825 -0.148935 -1.331284 -0.354417 0.038566 -0.532000
    51 1.719425 0.000000 0.000000 0.089602 0.216058 -1.899362
    52 1.099663 0.000000 0.000000 0.000002 -0.004208 -0.244311
    53 0.806015 -0.359835 -1.318335 0.934008 0.297777 -0.930652
    54 1.789780 0.000001 0.000000 0.009096 -0.315147 0.639492
    55 1.207001 0.000000 0.000004 0.000381 -0.070245 0.716387
    56 2.338451 -1.535743 -6.391512 1.520238 -0.094383 -2.001948
  time 95
    0 0.000000 -0.533203 19.828125 1.570795 0.000003 -0.000003
    1 0.000005 3.345128 -2.981903 1.570790 0.085888 1.570789
    2 4.018331 0.000000 0.000000 -0.613140 -0.066670 0.045925
    3 3.518564 0.000000 0.000000 -0.131224 -0.042413 0.157577
    4 8.942642 0.000000 0.000000 -0.411914 -0.013938 0.271800
    5 3.307269 0.000000 -0.000004 -2.940265 -0.130086 0.387319
    6 3.593710 -0.000001 -0.000004 0.897402 -0.025299 0.614863
    7 1.999994 -3.000001 0.000004 -1.570753 -0.000007 -1.326410
    8 2.033349 1.000771 -1.937607 -1.688728 1.147837 2.790133
    9 6.028143 0.000002 -0.000004 1.661523 0.043575 -0.706887
    10 11.692545 0.000000 0.000000 0.024126 -0.254709 -1.032286
    11 11.481701 0.000000 0.000000 -1.606510 -0.189765 -0.200999
    12 2.676086 -1.712440 0.000000 -1.570753 -0.000007 -1.570752
    13 2.033341 1.000767 1.937660 0.294931 -1.313958 -2.508565
    14 6.028140 0.000002 0.000000 -1.765065 -0.491073 -0.186609
    15 11.692553 0.000000 0.000011 -0.161012 0.726011 -1.403555
    16 11.481667 0.000000 -0.000031 0.832526 -0.014268 -0.151440
    17 2.676086 -1.712440 0.000004 1.570753 0.000007 1.570752
    18 -3.890452 0.000004 0.000004 -1.570797 0.229027 -1.576018
    19 17.848171 0.000000 0.000004 0.000000 0.000000 1.661808
    20 16.525251 0.000000 0.000004 0.038610 0.040778 -1.043418
    21 6.879454 0.000000 0.000008 -0.081332 -0.002951 -0.584373
    22 3.890452 -0.000004 -0.000004 -1.570795 -1.373850 -1.565555
    23 17.848175 0.000000 -0.000004 0.000000 0.000000 1.994689
    24 16.525246 0.000000 0.000004 -0.027915 -0.040781 -1.744128
    25 6.879452 0.000000 0.000000 -0.005219 -0.002811 -0.539668
    26 3.859703 -0.142403 -1.191975 -0.479143 0.152189 -0.879872
    27 1.312565 0.000001 0.000004 0.000000 0.009664 -0.439719
    28 0.729362 0.000002 0.000004 -0.028976 0.117245 -0.451386
    29 3.942326 0.046774 -0.431438 -0.155011 0.073329 -0.810646
    30 1.539093 0.000001 0.000000 0.041407 0.089644 -0.699058
    31 1.196320 -0.000001 0.000004 -0.000002 0.007360 -0.430801
    32 3.883686 -0.046767 0.431446 0.812670 -0.191549 -1.550266
    33 1.719570 0.000002 0.000004 0.194938 -0.171308 -0.606847
    34 1.209183 -0.000001 -0.000004 0.409190 -0.306121 -0.737508
    35 3.859859 -0.137950 1.332462 0.716033 -0.200230 -1.353927
    36 1.719429 0.000002 0.000000 -0.000001 0.004072 -0.363008
    37 1.099670 0.000001 0.000004 0.133914 -0.229713 -0.543027
    38 0.806049 -0.348922 1.321259 -1.148537 -0.413342 -0.685814
    39 1.789787 0.000000 0.000004 0.143112 0.004764 0.680910
    40 1.207001 0.000000 -0.000004 -0.238537 -0.328319 0.202547
    41 3.859665 -0.132565 1.193108 0.479138 -0.158546 -0.879039
    42 1.312561 0.000000 0.000000 0.000000 -0.011932 -0.439671
    43 0.729366 0.000002 0.000000 0.000002 -0.006134 -0.244270
    44 3.942291 0.050330 0.431042 -0.174164 0.127577 -1.207787
    45 1.539097 0.000003 0.000000 0.000000 -0.005853 -0.247769
    46 1.196320 0.000000 0.000000 0.004942 -0.275387 -1.121008
    47 3.883648 -0.050325 -0.431044 -0.040059 -0.165983 -1.257799
    48 1.719574 -0.000005 0.000000 0.366781 -0.096847 -2.862900
    49 1.209183 -0.000001 0.000000 0.000001 -0.004461 -0.216376
    50 3.859825 -0.148935 -1.331284 -0.354417 0.038566 -0.532000
    51 1.719425 0.000000 0.000000 0.089602 0.216058 -1.899362
    52 1.099663 0.000000 0.000000 0.000002 -0.004208 -0.244311
    53 0.806015 -0.359835 -1.318335 0.934008 0.297777 -0.930652
    54 1.789780 0.000001 0.000000 0.009096 -0.315147 0.639492
    55 1.207001 0.000000 0.000004 0.000381 -0.070245 0.716387
    56 2.338451 -1.535743 -6.391512 1.520238 -0.094383 -2.001948
  time 96
    0 0.000000 -0.533203 19.828125 1.570795 0.000003 -0.000003
    1 0.000005 3.345128 -2.981903 1.570790 0.086020 1.570789
    2 4.018331 0.000000 0.000000 -0.613140 -0.066670 0.045925
    3 3.518564 0.000000 0.000000 -0.131224 -0.042413 0.157577
    4 8.942642 0.000000 0.000000 -0.411901 -0.013890 0.271739
    5 3.307269 0.000000 -0.000004 -2.940265 -0.130086 0.387319
    6 3.593710 -0.000001 -0.000004 0.897448 -0.024952 0.614582
    7 1.999994 -3.000001 0.000004 -1.570753 -0.000007 -1.326410
    8 2.033349 1.000771 -1.937607 -1.688728 1.147837 2.790133
    9 6.028143 0.000002 -0.000004 1.662994 0.042773 -0.704590
    10 11.692545 0.000000 0.000000 0.024557 -0.255200 -1.031365
    11 11.481701 0.000000 0.000000 -1.606024 -0.190620 -0.200312
    12 2.676086 -1.712440 0.000000 -1.570753 -0.000007 -1.570752
    13 2.033341 1.000767 1.937660 0.294931 -1.313958 -2.508565
    14 6.028140 0.000002 0.000000 -1.764890 -0.491275 -0.186765
    15 11.692553 0.000000 0.000011 -0.160882 0.725978 -1.403555
    16 11.481667 0.000000 -0.000031 0.832526 -0.014268 -0.151440
    17 2.676086 -1.712440 0.000004 1.570800 0.000007 1.570752
    18 -3.890452 0.000004 0.000004 -1.570797 0.229027 -1.576018
    19 17.848171 0.000000 0.000004 0.000000 0.000000 1.661808
    20 16.525251 0.000000 0.000004 0.038610 0.040778 -1.043418
    21 6.879454 0.000000 0.000008 -0.081332 -0.002951 -0.584373
    22 3.890452 -0.000004 -0.000004 -1.570795 -1.373850 -1.565555
    23 17.848175 0.000000 -0.000004 0.000000 0.000000 1.994689
    24 16.525246 0.000000 0.000004 -0.027915 -0.040781 -1.744128
    25 6.879452 0.000000 0.000000 -0.005219 -0.002811 -0.539668
    26 3.859703 -0.142403 -1.191975 -0.479143 0.152189 -0.879872
    27 1.312565 0.000001 0.000004 0.000000 0.009664 -0.439719
    28 0.729362 0.000002 0.000004 -0.028976 0.117245 -0.451386
    29 3.942326 0.046774 -0.431438 -0.155011 0.073329 -0.810646
    30 1.539093 0.000001 0.000000 0.041407 0.089644 -0.699058
    31 1.196320 -0.000001 0.000004 -0.000002 0.007360 -0.430801
    32 3.883686 -0.046767 0.431446 0.812670 -0.191549 -1.550266
    33 1.719570 0.000002 0.000004 0.194938 -0.171308 -0.606847
    34 1.209183 -0.000001 -0.000004 0.409190 -0.306121 -0.737508
    35 3.859859 -0.137950 1.332462 0.716033 -0.200230 -1.353927
    36 1.719429 0.000002 0.000000 -0.000001 0.004072 -0.363008
    37 1.099670 0.000001 0.000004 0.133914 -0.229713 -0.543027
    38 0.806049 -0.348922 1.321259 -1.148537 -0.413342 -0.685814
    39 1.789787 0.000000 0.000004 0.143112 0.004764 0.680910
    40 1.207001 0.000000 -0.000004 -0.238537 -0.328319 0.202547
    41 3.859665 -0.132565 1.193108 0.479138 -0.158546 -0.879039
    42 1.312561 0.000000 0.000000 0.000000 -0.011932 -0.439671
    43 0.729366 0.000002 0.000000 0.000002 -0.006134 -0.244270
    44 3.942291 0.050330 0.431042 -0.174164 0.127577 -1.207787
    45 1.539097 0.000003 0.000000 0.000000 -0.005853 -0.247769
    46 1.196320 0.000000 0.000000 0.004942 -0.275387 -1.121008
    47 3.883648 -0.050325 -0.431044 -0.040059 -0.165983 -1.257799
    48 1.719574 -0.000005 0.000000 0.366781 -0.096847 -2.862813
    49 1.209183 -0.000001 0.000000 0.000001 -0.004461 -0.216376
    50 3.859825 -0.148935 -1.331284 -0.354417 0.038566 -0.532000
    51 1.719425 0.000000 0.000000 0.089602 0.216058 -1.899420
    52 1.099663 0.000000 0.000000 0.000002 -0.004208 -0.244311
    53 0.806015 -0.359835 -1.318335 0.934008 0.297777 -0.930652
    54 1.789780 0.000001 0.000000 0.009096 -0.315147 0.639492
    55 1.207001 0.000000 0.000004 0.000381 -0.070245 0.716387
    56 2.338451 -1.535743 -6.391512 1.520238 -0.094383 -2.001948
  time 97
    0 0.000000 -0.533203 19.828125 1.570795 0.000003 -0.000003
    1 0.000005 3.345128 -2.981903 1.570790 0.086140 1.570789
    2 4.018331 0.000000 0.000000 -0.613140 -0.066670 0.045925
    3 3.518564 0.000000 0.000000 -0.131224 -0.042413 0.157577
    4 8.942642 0.000000 0.000000 -0.411875 -0.013842 0.271678
    5 3.307269 0.000000 -0.000004 -2.940265 -0.130086 0.387319
    6 3.593710 -0.000001 -0.000004 0.897448 -0.024688 0.614371
    7 1.999994 -3.000001 0.000004 -1.570753 -0.000007 -1.326410
    8 2.033349 1.000771 -1.937607 -1.688728 1.147837 2.790133
    9 6.028143 0.000002 -0.000004 1.664188 0.042145 -0.702752
    10 11.692545 0.000000 0.000000 0.024893 -0.255595 -1.030708
    11 11.481701 0.000000 0.000000 -1.605593 -0.191285 -0.199724
    12 2.676086 -1.712440 0.000000 -1.570753 -0.000007 -1.570752
    13 2.033341 1.000767 1.937660 0.294931 -1.313958 -2.508565
    14 6.028140 0.000002 0.000000 -1.764773 -0.491410 -0.186922
    15 11.692553 0.000000 0.000011 -0.160774 0.725945 -1.403555
    16 11.481667 0.000000 -0.000031 0.832526 -0.014268 -0.151440
    17 2.676086 -1.712440 0.000004 1.570753 0.000007 1.570752
    18 -3.890452 0.000004 0.000004 -1.570797 0.229027 -1.576018
    19 17.848171 0.000000 0.000004 0.000000 0.000000 1.661808
    20 16.525251 0.000000 0.000004 0.038610 0.040778 -1.043418
    21 6.879454 0.000000 0.000008 -0.081332 -0.002951 -0.584373
    22 3.890452 -0.000004 -0.000004 -1.570795 -1.373850 -1.565555
    23 17.848175 0.000000 -0.000004 0.000000 0.000000 1.994689
    24 16.525246 0.000000 0.000004 -0.027915 -0.040781 -1.744128
    25 6.879452 0.000000 0.000000 -0.005219 -0.002811 -0.539668
    26 3.859703 -0.142403 -1.191975 -0.479143 0.152189 -0.879872
    27 1.312565 0.000001 0.000004 0.000000 0.009664 -0.439719
    28 0.729362 0.000002 0.000004 -0.028976 0.117245 -0.451386
    29 3.942326 0.046774 -0.431438 -0.155011 0.073329 -0.810646
    30 1.539093 0.000001 0.000000 0.041407 0.089644 -0.699058
    31 1.196320 -0.000001 0.000004 -0.000002 0.007360 -0.430801
    32 3.883686 -0.046767 0.431446 0.812670 -0.191549 -1.550266
    33 1.719570 0.000002 0.000004 0.194938 -0.171308 -0.606847
    34 1.209183 -0.000001 -0.000004 0.409190 -0.306121 -0.737508
    35 3.859859 -0.137950 1.332462 0.716033 -0.200230 -1.353927
    36 1.719429 0.000002 0.000000 -0.000001 0.004072 -0.363008
    37 1.099670 0.000001 0.000004 0.133914 -0.229713 -0.543027
    38 0.806049 -0.348922 1.321259 -1.148537 -0.413342 -0.685814
    39 1.789787 0.000000 0.000004 0.143112 0.004764 0.680910
    40 1.207001 0.000000 -0.000004 -0.238537 -0.328319 0.202547
    41 3.859665 -0.132565 1.193108 0.479138 -0.158546 -0.879039
    42 1.312561 0.000000 0.000000 0.000000 -0.011932 -0.439671
    43 0.729366 0.000002 0.000000 0.000002 -0.006134 -0.244270
    44 3.942291 0.050330 0.431042 -0.174164 0.127577 -1.207787
    45 1.539097 0.000003 0.000000 0.000000 -0.005853 -0.247769
    46 1.196320 0.000000 0.000000 0.004942 -0.275387 -1.121008
    47 3.883648 -0.050325 -0.431044 -0.040059 -0.165983 -1.257799
    48 1.719574 -0.000005 0.000000 0.366781 -0.096847 -2.862813
    49 1.209183 -0.000001 0.000000 0.000001 -0.004461 -0.216376
    50 3.859825 -0.148935 -1.331284 -0.354417 0.038566 -0.532000
    51 1.719425 0.000000 0.000000 0.089602 0.216058 -1.899362
    52 1.099663 0.000000 0.000000 0.000002 -0.004208 -0.244311
    53 0.806015 -0.359835 -1.318335 0.934008 0.297777 -0.930652
    54 1.789780 0.000001 0.000000 0.009096 -0.315147 0.639492
    55 1.207001 0.000000 0.000004 0.000381 -0.070245 0.716387
    56 2.338451 -1.535743 -6.391512 1.520238 -0.094383 -2.001948
  time 98
    0 0.000000 -0.533203 19.828125 1.570795 0.000003 -0.000003
    1 0.000005 3.345128 -2.981903 1.570790 0.086224 1.570789
    2 4.018331 0.000000 0.000000 -0.613140 -0.066670 0.045925
    3 3.518564 0.000000 0.000000 -0.131224 -0.042413 0.157577
    4 8.942642 0.000000 0.000000 -0.411875 -0.013806 0.271647
    5 3.307269 0.000000 -0.000004 -2.940265 -0.130086 0.387319
    6 3.593710 -0.000001 -0.000004 0.897448 -0.024484 0.614230
    7 1.999994 -3.000001 0.000004 -1.570800 -0.000007 -1.326410
    8 2.033349 1.000771 -1.937607 -1.688728 1.147837 2.790133
    9 6.028143 0.000002 -0.000004 1.665107 0.041692 -0.701444
    10 11.692545 0.000000 0.000000 0.025133 -0.255883 -1.030247
    11 11.481701 0.000000 0.000000 -1.605323 -0.191760 -0.199331
    12 2.676086 -1.712440 0.000000 -1.570753 -0.000007 -1.570752
    13 2.033341 1.000767 1.937660 0.294931 -1.313958 -2.508565
    14 6.028140 0.000002 0.000000 -1.764656 -0.491511 -0.187000
    15 11.692553 0.000000 0.000011 -0.160687 0.725911 -1.403555
    16 11.481667 0.000000 -0.000031 0.832526 -0.014268 -0.151440
    17 2.676086 -1.712440 0.000004 1.570753 0.000007 1.570752
    18 -3.890452 0.000004 0.000004 -1.570797 0.229027 -1.576018
    19 17.848171 0.000000 0.000004 0.000000 0.000000 1.661808
    20 16.525251 0.000000 0.000004 0.038610 0.040778 -1.043418
    21 6.879454 0.000000 0.000008 -0.081332 -0.002951 -0.584373
    22 3.890452 -0.000004 -0.000004 -1.570795 -1.373850 -1.565555
    23 17.848175 0.000000 -0.000004 0.000000 0.000000 1.994689
    24 16.525246 0.000000 0.000004 -0.027915 -0.040781 -1.744128
    25 6.879452 0.000000 0.000000 -0.005219 -0.002811 -0.539668
    26 3.859703 -0.142403 -1.191975 -0.479143 0.152189 -0.879872
    27 1.312565 0.000001 0.000004 0.000000 0.009664 -0.439719
    28 0.729362 0.000002 0.000004 -0.028976 0.117245 -0.451386
    29 3.942326 0.046774 -0.431438 -0.155011 0.073329 -0.810646
    30 1.539093 0.000001 0.000000 0.041407 0.089644 -0.699058
    31 1.196320 -0.000001 0.000004 -0.000002 0.007360 -0.430801
    32 3.883686 -0.046767 0.431446 0.812670 -0.191549 -1.550266
    33 1.719570 0.000002 0.000004 0.194938 -0.171308 -0.606847
    34 1.209183 -0.000001 -0.000004 0.409190 -0.306121 -0.737508
    35 3.859859 -0.137950 1.332462 0.716033 -0.200230 -1.353927
    36 1.719429 0.000002 0.000000 -0.000001 0.004072 -0.363008
    37 1.099670 0.000001 0.000004 0.133914 -0.229713 -0.543027
    38 0.806049 -0.348922 1.321259 -1.148537 -0.413342 -0.685814
    39 1.789787 0.000000 0.000004 0.143112 0.004764 0.680910
    40 1.207001 0.000000 -0.000004 -0.238537 -0.328319 0.202547
    41 3.859665 -0.132565 1.193108 0.479138 -0.158546 -0.879039
    42 1.312561 0.000000 0.000000 0.000000 -0.011932 -0.439671
    43 0.729366 0.000002 0.000000 0.000002 -0.006134 -0.244270
    44 3.942291 0.050330 0.431042 -0.174164 0.127577 -1.207787
    45 1.539097 0.000003 0.000000 0.000000 -0.005853 -0.247769
    46 1.196320 0.000000 0.000000 0.004942 -0.275387 -1.121008
    47 3.883648 -0.050325 -0.431044 -0.040059 -0.165983 -1.257799
    48 1.719574 -0.000005 0.000000 0.366781 -0.096847 -2.862813
    49 1.209183 -0.000001 0.000000 0.000001 -0.004461 -0.216376
    50 3.859825 -0.148935 -1.331284 -0.354417 0.038566 -0.532000
    51 1.719425 0.000000 0.000000 0.089602 0.216058 -1.899362
    52 1.099663 0.000000 0.000000 0.000002 -0.004208 -0.244311
    53 0.806015 -0.359835 -1.318335 0.934008 0.297777 -0.930652
    54 1.789780 0.000001 0.000000 0.009096 -0.315147 0.639492
    55 1.207001 0.000000 0.000004 0.000381 -0.070245 0.716387
    56 2.338451 -1.535743 -6.391512 1.520238 -0.094383 -2.001948
  time 99
    0 0.000000 -0.533203 19.828125 1.570795 0.000003 -0.000003
    1 0.000005 3.345128 -2.981903 1.570790 0.086272 1.570789
    2 4.018331 0.000000 0.000000 -0.613140 -0.066670 0.045925
    3 3.518564 0.000000 0.000000 -0.131224 -0.042413 0.157577
    4 8.942642 0.000000 0.000000 -0.411863 -0.013782 0.271616
    5 3.307269 0.000000 -0.000004 -2.940265 -0.130086 0.387319
    6 3.593710 -0.000001 -0.000004 0.897448 -0.024365 0.614124
    7 1.999994 -3.000001 0.000004 -1.570800 -0.000007 -1.326410
    8 2.033349 1.000771 -1.937607 -1.688728 1.147837 2.790133
    9 6.028143 0.000002 -0.000004 1.665659 0.041413 -0.700632
    10 11.692545 0.000000 0.000000 0.025288 -0.256051 -1.029919
    11 11.481701 0.000000 0.000000 -1.605161 -0.192046 -0.199086
    12 2.676086 -1.712440 0.000000 -1.570753 -0.000007 -1.570752
    13 2.033341 1.000767 1.937660 0.294931 -1.313958 -2.508565
    14 6.028140 0.000002 0.000000 -1.764597 -0.491579 -0.187078
    15 11.692553 0.000000 0.000011 -0.160644 0.725911 -1.403625
    16 11.481667 0.000000 -0.000031 0.832526 -0.014268 -0.151440
    17 2.676086 -1.712440 0.000004 1.570800 0.000007 1.570752
    18 -3.890452 0.000004 0.000004 -1.570797 0.229027 -1.576018
    19 17.848171 0.000000 0.000004 0.000000 0.000000 1.661808
    20 16.525251 0.000000 0.000004 0.038610 0.040778 -1.043418
    21 6.879454 0.000000 0.000008 -0.081332 -0.002951 -0.584373
    22 3.890452 -0.000004 -0.000004 -1.570795 -1.373850 -1.565555
    23 17.848175 0.000000 -0.000004 0.000000 0.000000 1.994689
    24 16.525246 0.000000 0.000004 -0.027915 -0.040781 -1.744128
    25 6.879452 0.000000 0.000000 -0.005219 -0.002811 -0.539668
    26 3.859703 -0.142403 -1.191975 -0.479143 0.152189 -0.879872
    27 1.312565 0.000001 0.000004 0.000000 0.009664 -0.439719
    28 0.729362 0.000002 0.000004 -0.028976 0.117245 -0.451386
    29 3.942326 0.046774 -0.431438 -0.155011 0.073329 -0.810646
    30 1.539093 0.000001 0.000000 0.041407 0.089644 -0.699058
    31 1.196320 -0.000001 0.000004 -0.000002 0.007360 -0.430801
    32 3.883686 -0.046767 0.431446 0.812670 -0.191549 -1.550266
    33 1.719570 0.000002 0.000004 0.194938 -0.171308 -0.606847
    34 1.209183 -0.000001 -0.000004 0.409190 -0.306121 -0.737508
    35 3.859859 -0.137950 1.332462 0.716033 -0.200230 -1.353927
    36 1.719429 0.000002 0.000000 -0.000001 0.004072 -0.363008
    37 1.099670 0.000001 0.000004 0.133914 -0.229713 -0.543027
    38 0.806049 -0.348922 1.321259 -1.148537 -0.413342 -0.685814
    39 1.789787 0.000000 0.000004 0.143112 0.004764 0.680910
    40 1.207001 0.000000 -0.000004 -0.238537 -0.328319 0.202547
    41 3.859665 -0.132565 1.193108 0.479138 -0.158546 -0.879039
    42 1.312561 0.000000 0.000000 0.000000 -0.011932 -0.439671
    43 0.729366 0.000002 0.000000 0.000002 -0.006134 -0.244270
    44 3.942291 0.050330 0.431042 -0.174164 0.127577 -1.207787
    45 1.539097 0.000003 0.000000 0.000000 -0.005853 -0.247769
    46 1.196320 0.000000 0.000000 0.004942 -0.275387 -1.121008
    47 3.883648 -0.050325 -0.431044 -0.040059 -0.165983 -1.257799
    48 1.719574 -0.000005 0.000000 0.366781 -0.096847 -2.862813
    49 1.209183 -0.000001 0.000000 0.000001 -0.004461 -0.216376
    50 3.859825 -0.148935 -1.331284 -0.354417 0.038566 -0.532000
    51 1.719425 0.000000 0.000000 0.089602 0.216058 -1.899420
    52 1.099663 0.000000 0.000000 0.000002 -0.004208 -0.244311
    53 0.806015 -0.359835 -1.318335 0.934008 0.297777 -0.930652
    54 1.789780 0.000001 0.000000 0.009096 -0.315147 0.639492
    55 1.207001 0.000000 0.000004 0.000381 -0.070245 0.716387
    56 2.338451 -1.535743 -6.391512 1.520238 -0.094383 -2.001948
  time 100
    0 0.000000 -0.533203 19.828125 1.570795 0.000003 -0.000003
    1 0.000005 3.345128 -2.981903 1.570790 0.086284 1.570789
    2 4.018331 0.000000 0.000000 -0.613140 -0.066670 0.045925
    3 3.518564 0.000000 0.000000 -0.131224 -0.042413 0.157577
    4 8.942642 0.000000 0.000000 -0.411863 -0.013770 0.271616
    5 3.307269 0.000000 -0.000004 -2.940265 -0.130086 0.387319
    6 3.593710 -0.000001 -0.000004 0.897448 -0.024329 0.614089
    7 1.999994 -3.000001 0.000004 -1.570800 -0.000007 -1.326410
    8 2.033349 1.000771 -1.937607 -1.688728 1.147837 2.790133
    9 6.028143 0.000002 -0.000004 1.665843 0.041308 -0.700349
    10 11.692545 0.000000 0.000000 0.025336 -0.256111 -1.029787
    11 11.481701 0.000000 0.000000 -1.605107 -0.192141 -0.198988
    12 2.676086 -1.712440 0.000000 -1.570753 -0.000007 -1.570752
    13 2.033341 1.000767 1.937660 0.294931 -1.313958 -2.508565
    14 6.028140 0.000002 0.000000 -1.764597 -0.491612 -0.187078
    15 11.692553 0.000000 0.000011 -0.160644 0.725911 -1.403625
    16 11.481667 0.000000 -0.000031 0.832526 -0.014268 -0.151440
    17 2.676086 -1.712440 0.000004 1.570753 0.000007 1.570800
    18 -3.890452 0.000004 0.000004 -1.570797 0.229027 -1.576018
    19 17.848171 0.000000 0.000004 0.000000 0.000000 1.661808
    20 16.525251 0.000000 0.000004 0.038610 0.040778 -1.043418
    21 6.879454 0.000000 0.000008 -0.081332 -0.002951 -0.584373
    22 3.890452 -0.000004 -0.000004 -1.570795 -1.373850 -1.565555
    23 17.848175 0.000000 -0.000004 0.000000 0.000000 1.994689
    24 16.525246 0.000000 0.000004 -0.027915 -0.040781 -1.744128
    25 6.879452 0.000000 0.000000 -0.005219 -0.002811 -0.539668
    26 3.859703 -0.142403 -1.191975 -0.479143 0.152189 -0.879872
    27 1.312565 0.000001 0.000004 0.000000 0.009664 -0.439719
    28 0.729362 0.000002 0.000004 -0.028976 0.117245 -0.451386
    29 3.942326 0.046774 -0.431438 -0.155011 0.073329 -0.810646
    30 1.539093 0.000001 0.000000 0.041407 0.089644 -0.699058
    31 1.196320 -0.000001 0.000004 -0.000002 0.007360 -0.430801
    32 3.883686 -0.046767 0.431446 0.812670 -0.191549 -1.550266
    33 1.719570 0.000002 0.000004 0.194938 -0.171308 -0.606847
    34 1.209183 -0.000001 -0.000004 0.409190 -0.306121 -0.737508
    35 3.859859 -0.137950 1.332462 0.716033 -0.200230 -1.353927
    36 1.719429 0.000002 0.000000 -0.000001 0.004072 -0.363008
    37 1.099670 0.000001 0.000004 0.133914 -0.229713 -0.543027
    38 0.806049 -0.348922 1.321259 -1.148537 -0.413342 -0.685814
    39 1.789787 0.000000 0.000004 0.143112 0.004764 0.680910
    40 1.207001 0.000000 -0.000004 -0.238537 -0.328319 0.202547
    41 3.859665 -0.132565 1.193108 0.479138 -0.158546 -0.879039
    42 1.312561 0.000000 0.000000 0.000000 -0.011932 -0.439671
    43 0.729366 0.000002 0.000000 0.000002 -0.006134 -0.244270
    44 3.942291 0.050330 0.431042 -0.174164 0.127577 -1.207787
    45 1.539097 0.000003 0.000000 0.000000 -0.005853 -0.247769
    46 1.196320 0.000000 0.000000 0.004942 -0.275387 -1.121008
    47 3.883648 -0.050325 -0.431044 -0.040059 -0.165983 -1.257799
    48 1.719574 -0.000005 0.000000 0.366781 -0.096847 -2.862900
    49 1.209183 -0.000001 0.000000 0.000001 -0.004461 -0.216376
    50 3.859825 -0.148935 -1.331284 -0.354417 0.038566 -0.532000
    51 1.719425 0.000000 0.000000 0.089602 0.216058 -1.899362
    52 1.099663 0.000000 0.000000 0.000002 -0.004208 -0.244311
    53 0.806015 -0.359835 -1.318335 0.934008 0.297777 -0.930652
    54 1.789780 0.000001 0.000000 0.009096 -0.315147 0.639492
    55 1.207001 0.000000 0.000004 0.000381 -0.070245 0.716387
    56 2.338451 -1.535743 -6.391512 1.520238 -0.094383 -2.001948
end
