// Created by Crowbar 0.71
version 1
nodes
  0 "ValveBiped.Bip01_Pelvis" -1
  1 "ValveBiped.Bip01_Spine" 0
  2 "ValveBiped.Bip01_Spine1" 1
  3 "ValveBiped.Bip01_Spine2" 2
  4 "ValveBiped.Bip01_Spine4" 3
  5 "ValveBiped.Bip01_Neck1" 4
  6 "ValveBiped.Bip01_Head1" 5
  7 "ValveBiped.forward" 6
  8 "ValveBiped.Bip01_R_Clavicle" 4
  9 "ValveBiped.Bip01_R_UpperArm" 8
  10 "ValveBiped.Bip01_R_Forearm" 9
  11 "ValveBiped.Bip01_R_Hand" 10
  12 "ValveBiped.Anim_Attachment_RH" 11
  13 "ValveBiped.Bip01_L_Clavicle" 4
  14 "ValveBiped.Bip01_L_UpperArm" 13
  15 "ValveBiped.Bip01_L_Forearm" 14
  16 "ValveBiped.Bip01_L_Hand" 15
  17 "ValveBiped.Anim_Attachment_LH" 16
  18 "ValveBiped.Bip01_R_Thigh" 0
  19 "ValveBiped.Bip01_R_Calf" 18
  20 "ValveBiped.Bip01_R_Foot" 19
  21 "ValveBiped.Bip01_R_Toe0" 20
  22 "ValveBiped.Bip01_L_Thigh" 0
  23 "ValveBiped.Bip01_L_Calf" 22
  24 "ValveBiped.Bip01_L_Foot" 23
  25 "ValveBiped.Bip01_L_Toe0" 24
  26 "ValveBiped.Bip01_L_Finger4" 16
  27 "ValveBiped.Bip01_L_Finger41" 26
  28 "ValveBiped.Bip01_L_Finger42" 27
  29 "ValveBiped.Bip01_L_Finger3" 16
  30 "ValveBiped.Bip01_L_Finger31" 29
  31 "ValveBiped.Bip01_L_Finger32" 30
  32 "ValveBiped.Bip01_L_Finger2" 16
  33 "ValveBiped.Bip01_L_Finger21" 32
  34 "ValveBiped.Bip01_L_Finger22" 33
  35 "ValveBiped.Bip01_L_Finger1" 16
  36 "ValveBiped.Bip01_L_Finger11" 35
  37 "ValveBiped.Bip01_L_Finger12" 36
  38 "ValveBiped.Bip01_L_Finger0" 16
  39 "ValveBiped.Bip01_L_Finger01" 38
  40 "ValveBiped.Bip01_L_Finger02" 39
  41 "ValveBiped.Bip01_R_Finger4" 11
  42 "ValveBiped.Bip01_R_Finger41" 41
  43 "ValveBiped.Bip01_R_Finger42" 42
  44 "ValveBiped.Bip01_R_Finger3" 11
  45 "ValveBiped.Bip01_R_Finger31" 44
  46 "ValveBiped.Bip01_R_Finger32" 45
  47 "ValveBiped.Bip01_R_Finger2" 11
  48 "ValveBiped.Bip01_R_Finger21" 47
  49 "ValveBiped.Bip01_R_Finger22" 48
  50 "ValveBiped.Bip01_R_Finger1" 11
  51 "ValveBiped.Bip01_R_Finger11" 50
  52 "ValveBiped.Bip01_R_Finger12" 51
  53 "ValveBiped.Bip01_R_Finger0" 11
  54 "ValveBiped.Bip01_R_Finger01" 53
  55 "ValveBiped.Bip01_R_Finger02" 54
  56 "ValveBiped.baton_parent" 11
end
skeleton
  time 0
    0 1.720360 -1.265659 38.148936 1.580688 0.042049 0.139934
    1 -0.124999 3.345128 -2.981903 1.568794 0.125210 1.575983
    2 4.018331 0.000000 0.000000 0.029777 0.079290 0.035918
    3 3.518564 0.000000 0.000000 0.034146 0.028164 0.141214
    4 8.942642 0.000000 0.000000 -0.020977 -0.072291 0.260228
    5 3.307269 0.000000 -0.000004 3.138800 0.000567 0.400476
    6 3.593710 -0.000001 -0.000004 -0.067170 -0.058018 0.499247
    7 1.999994 -3.000001 0.000004 -1.570793 0.000002 -1.326448
    8 2.033349 1.000771 -1.937607 -1.320635 1.216094 -3.022079
    9 6.028143 0.000002 -0.000004 0.963997 0.150480 -1.008753
    10 11.692545 0.000000 0.000000 -0.000011 0.000000 -0.380555
    11 11.481701 0.000000 0.000000 -0.751047 0.006970 0.171310
    12 2.676086 -1.712440 0.000000 -1.570793 0.000001 -1.570793
    13 2.033341 1.000767 1.937660 1.360963 -1.323649 -3.098180
    14 6.028140 0.000002 0.000000 -1.281426 0.091123 -1.089875
    15 11.692553 0.000000 0.000011 -0.000013 0.000000 -0.617539
    16 11.481667 0.000000 -0.000031 1.991799 0.050394 0.021289
    17 2.676086 -1.712440 0.000004 1.570793 0.000005 1.570793
    18 -3.890452 0.000004 0.000004 -1.288091 -0.025847 -1.434007
    19 17.848171 0.000000 0.000004 0.000009 0.000000 0.407078
    20 16.525251 0.000000 0.000004 -0.302470 -0.088960 -1.095661
    21 6.879454 0.000000 0.000008 -0.078823 -0.003085 -0.871527
    22 3.890452 -0.000004 -0.000004 -2.168818 0.249705 -1.437821
    23 17.848175 0.000000 -0.000004 0.000010 0.000000 0.417075
    24 16.525246 0.000000 0.000004 0.138209 0.474536 -1.150354
    25 6.879452 0.000000 0.000000 -0.006880 -0.002021 -0.498808
    26 3.859703 -0.142403 -1.191975 -0.454210 0.125457 -0.727588
    27 1.312565 0.000001 0.000004 -0.168576 0.310526 -0.695409
    28 0.729362 0.000002 0.000004 -0.168575 0.310524 -0.538329
    29 3.942326 0.046774 -0.431438 -0.180314 0.236513 -0.665163
    30 1.539093 0.000001 0.000000 -0.102742 0.185414 -0.715744
    31 1.196320 -0.000001 0.000004 -0.102743 0.185421 -0.539053
    32 3.883686 -0.046767 0.431446 0.132500 0.038417 -0.577108
    33 1.719570 0.000002 0.000004 -0.032705 0.058460 -0.470191
    34 1.209183 -0.000001 -0.000004 -0.032706 0.058463 -0.411280
    35 3.859859 -0.137950 1.332462 0.521870 -0.068640 -0.464350
    36 1.719429 0.000002 0.000000 0.068756 -0.123349 -0.545078
    37 1.099670 0.000001 0.000004 0.068746 -0.123345 -0.270165
    38 0.806049 -0.348922 1.321259 -0.826856 -0.289357 -0.678286
    39 1.789787 0.000000 0.000004 0.030440 0.074684 0.204407
    40 1.207001 0.000000 -0.000004 0.004901 0.032015 0.303799
    41 3.859665 -0.132565 1.193108 0.154237 -0.057261 -1.683866
    42 1.312561 0.000000 0.000000 0.000000 0.000000 -0.627085
    43 0.729366 0.000002 0.000000 0.000000 0.000000 -1.021394
    44 3.942291 0.050330 0.431042 0.020416 -0.074382 -1.517442
    45 1.539097 0.000003 0.000000 0.000000 0.000000 -0.806822
    46 1.196320 0.000000 0.000000 0.000000 0.000000 -1.303469
    47 3.883648 -0.050325 -0.431044 -0.127900 -0.099349 -0.936271
    48 1.719574 -0.000005 0.000000 0.000000 0.000000 -1.100726
    49 1.209183 -0.000001 0.000000 0.000000 0.000000 -1.091479
    50 3.859825 -0.148935 -1.331284 -0.351999 -0.088877 -0.797488
    51 1.719425 0.000000 0.000000 0.000000 0.000000 -0.997179
    52 1.099663 0.000000 0.000000 0.000000 0.000000 -1.420907
    53 0.806015 -0.359835 -1.318335 1.372063 0.323488 -0.797750
    54 1.789780 0.000001 0.000000 0.000000 0.000000 0.612641
    55 1.207001 0.000000 0.000004 0.000000 0.000000 0.666342
    56 5.667969 -2.029297 -5.722656 1.991476 0.082321 -2.001942
  time 1
    0 1.888334 -1.246127 38.270033 1.580688 0.042049 0.127821
    1 -0.124999 3.345128 -2.981903 1.568843 0.125222 1.578853
    2 4.018331 0.000000 0.000000 0.035442 0.077396 0.035858
    3 3.518564 0.000000 0.000000 0.040006 0.024916 0.141059
    4 8.942642 0.000000 0.000000 -0.020658 -0.072627 0.258000
    5 3.307269 0.000000 -0.000004 3.138800 0.000567 0.400476
    6 3.593710 -0.000001 -0.000004 -0.067170 -0.058018 0.499247
    7 1.999994 -3.000001 0.000004 -1.570793 0.000002 -1.326448
    8 2.033349 1.000771 -1.937607 -1.373511 1.219507 -3.078500
    9 6.028143 0.000002 -0.000004 0.970154 0.174892 -0.990200
    10 11.692545 0.000000 0.000000 -0.000011 0.000000 -0.374175
    11 11.481701 0.000000 0.000000 -0.751047 0.006970 0.171310
    12 2.676086 -1.712440 0.000000 -1.570793 0.000001 -1.570793
    13 2.033341 1.000767 1.937660 1.269457 -1.323358 -3.004240
    14 6.028140 0.000002 0.000000 -1.253423 0.113654 -1.104197
    15 11.692553 0.000000 0.000011 -0.000013 0.000000 -0.584739
    16 11.481667 0.000000 -0.000031 1.991799 0.050394 0.021289
    17 2.676086 -1.712440 0.000004 1.570793 0.000005 1.570793
    18 -3.890452 0.000004 0.000004 -1.312578 0.011232 -1.459194
    19 17.848171 0.000000 0.000004 0.000009 0.000000 0.396763
    20 16.525251 0.000000 0.000004 -0.214671 -0.050571 -1.093650
    21 6.879454 0.000000 0.000008 -0.078571 -0.003121 -0.913127
    22 3.890452 -0.000004 -0.000004 -2.098248 0.302427 -1.487179
    23 17.848175 0.000000 -0.000004 0.000010 0.000000 0.164839
    24 16.525246 0.000000 0.000004 0.017929 0.373181 -1.177123
    25 6.879452 0.000000 0.000000 -0.007850 -0.001805 -0.405330
    26 3.859703 -0.142403 -1.191975 -0.454210 0.125457 -0.727588
    27 1.312565 0.000001 0.000004 -0.168576 0.310526 -0.695409
    28 0.729362 0.000002 0.000004 -0.168575 0.310524 -0.538329
    29 3.942326 0.046774 -0.431438 -0.180314 0.236513 -0.665163
    30 1.539093 0.000001 0.000000 -0.102742 0.185414 -0.715744
    31 1.196320 -0.000001 0.000004 -0.102743 0.185421 -0.539053
    32 3.883686 -0.046767 0.431446 0.132500 0.038417 -0.577108
    33 1.719570 0.000002 0.000004 -0.032705 0.058460 -0.470191
    34 1.209183 -0.000001 -0.000004 -0.032706 0.058463 -0.411280
    35 3.859859 -0.137950 1.332462 0.521870 -0.068640 -0.464350
    36 1.719429 0.000002 0.000000 0.068756 -0.123349 -0.545078
    37 1.099670 0.000001 0.000004 0.068746 -0.123345 -0.270165
    38 0.806049 -0.348922 1.321259 -0.826856 -0.289357 -0.678286
    39 1.789787 0.000000 0.000004 0.030440 0.074684 0.204407
    40 1.207001 0.000000 -0.000004 0.004901 0.032015 0.303799
    41 3.859665 -0.132565 1.193108 0.154237 -0.057261 -1.683866
    42 1.312561 0.000000 0.000000 0.000000 0.000000 -0.627085
    43 0.729366 0.000002 0.000000 0.000000 0.000000 -1.021394
    44 3.942291 0.050330 0.431042 0.020416 -0.074382 -1.517442
    45 1.539097 0.000003 0.000000 0.000000 0.000000 -0.806822
    46 1.196320 0.000000 0.000000 0.000000 0.000000 -1.303469
    47 3.883648 -0.050325 -0.431044 -0.127900 -0.099349 -0.936271
    48 1.719574 -0.000005 0.000000 0.000000 0.000000 -1.100726
    49 1.209183 -0.000001 0.000000 0.000000 0.000000 -1.091479
    50 3.859825 -0.148935 -1.331284 -0.351999 -0.088877 -0.797488
    51 1.719425 0.000000 0.000000 0.000000 0.000000 -0.997179
    52 1.099663 0.000000 0.000000 0.000000 0.000000 -1.420907
    53 0.806015 -0.359835 -1.318335 1.372063 0.323488 -0.797750
    54 1.789780 0.000001 0.000000 0.000000 0.000000 0.612641
    55 1.207001 0.000000 0.000004 0.000000 0.000000 0.666342
    56 5.667969 -2.029297 -5.722656 1.991476 0.082321 -2.001942
  time 2
    0 2.025057 -1.195344 38.301284 1.580633 0.042049 0.116010
    1 -0.124999 3.345128 -2.981903 1.568989 0.125234 1.582810
    2 4.018331 0.000000 0.000000 0.041256 0.074400 0.035235
    3 3.518564 0.000000 0.000000 0.045890 0.021153 0.140471
    4 8.942642 0.000000 0.000000 -0.020238 -0.072471 0.254911
    5 3.307269 0.000000 -0.000004 3.138800 0.000567 0.400476
    6 3.593710 -0.000001 -0.000004 -0.067170 -0.058018 0.499247
    7 1.999994 -3.000001 0.000004 -1.570793 0.000002 -1.326448
    8 2.033349 1.000771 -1.937607 -1.424439 1.221836 3.150520
    9 6.028143 0.000002 -0.000004 0.974657 0.197786 -0.972707
    10 11.692545 0.000000 0.000000 -0.000011 0.000000 -0.362862
    11 11.481701 0.000000 0.000000 -0.751047 0.006970 0.171310
    12 2.676086 -1.712440 0.000000 -1.570793 0.000001 -1.570793
    13 2.033341 1.000767 1.937660 1.183623 -1.321229 -2.916207
    14 6.028140 0.000002 0.000000 -1.226356 0.128494 -1.118520
    15 11.692553 0.000000 0.000011 -0.000013 0.000000 -0.536763
    16 11.481667 0.000000 -0.000031 1.991799 0.050394 0.021289
    17 2.676086 -1.712440 0.000004 1.570793 0.000005 1.570793
    18 -3.890452 0.000004 0.000004 -1.336770 0.049394 -1.485340
    19 17.848171 0.000000 0.000004 0.000009 0.000000 0.383458
    20 16.525251 0.000000 0.000004 -0.124077 -0.017753 -1.092242
    21 6.879454 0.000000 0.000008 -0.078224 -0.003253 -0.983182
    22 3.890452 -0.000004 -0.000004 -1.981094 0.185158 -1.457688
    23 17.848175 0.000000 -0.000004 0.000010 0.000000 0.274461
    24 16.525246 0.000000 0.000004 -0.053184 0.224610 -1.344553
    25 6.879452 0.000000 0.000000 -0.008126 -0.001961 -0.410393
    26 3.859703 -0.142403 -1.191975 -0.454210 0.125457 -0.727588
    27 1.312565 0.000001 0.000004 -0.168576 0.310526 -0.695409
    28 0.729362 0.000002 0.000004 -0.168575 0.310524 -0.538329
    29 3.942326 0.046774 -0.431438 -0.180314 0.236513 -0.665163
    30 1.539093 0.000001 0.000000 -0.102730 0.185414 -0.715744
    31 1.196320 -0.000001 0.000004 -0.102743 0.185421 -0.539053
    32 3.883686 -0.046767 0.431446 0.132500 0.038417 -0.577108
    33 1.719570 0.000002 0.000004 -0.032705 0.058460 -0.470191
    34 1.209183 -0.000001 -0.000004 -0.032706 0.058463 -0.411280
    35 3.859859 -0.137950 1.332462 0.521870 -0.068640 -0.464350
    36 1.719429 0.000002 0.000000 0.068756 -0.123349 -0.545078
    37 1.099670 0.000001 0.000004 0.068746 -0.123345 -0.270165
    38 0.806049 -0.348922 1.321259 -0.826856 -0.289357 -0.678286
    39 1.789787 0.000000 0.000004 0.030440 0.074684 0.204407
    40 1.207001 0.000000 -0.000004 0.004901 0.032015 0.303799
    41 3.859665 -0.132565 1.193108 0.154237 -0.057261 -1.683866
    42 1.312561 0.000000 0.000000 0.000000 0.000000 -0.627085
    43 0.729366 0.000002 0.000000 0.000000 0.000000 -1.021394
    44 3.942291 0.050330 0.431042 0.020416 -0.074382 -1.517442
    45 1.539097 0.000003 0.000000 0.000000 0.000000 -0.806822
    46 1.196320 0.000000 0.000000 0.000000 0.000000 -1.303469
    47 3.883648 -0.050325 -0.431044 -0.127900 -0.099349 -0.936271
    48 1.719574 -0.000005 0.000000 0.000000 0.000000 -1.100726
    49 1.209183 -0.000001 0.000000 0.000000 0.000000 -1.091479
    50 3.859825 -0.148935 -1.331284 -0.351999 -0.088877 -0.797488
    51 1.719425 0.000000 0.000000 0.000000 0.000000 -0.997179
    52 1.099663 0.000000 0.000000 0.000000 0.000000 -1.420907
    53 0.806015 -0.359835 -1.318335 1.372063 0.323488 -0.797750
    54 1.789780 0.000001 0.000000 0.000000 0.000000 0.612641
    55 1.207001 0.000000 0.000004 0.000000 0.000000 0.666342
    56 5.667969 -2.029297 -5.722656 1.991476 0.082321 -2.001942
  time 3
    0 2.110997 -1.109404 38.207531 1.580579 0.042049 0.104729
    1 -0.124999 3.345128 -2.981903 1.569232 0.125246 1.587312
    2 4.018331 0.000000 0.000000 0.047127 0.070158 0.034228
    3 3.518564 0.000000 0.000000 0.051703 0.017198 0.139632
    4 8.942642 0.000000 0.000000 -0.019753 -0.071920 0.251207
    5 3.307269 0.000000 -0.000004 3.138800 0.000567 0.400476
    6 3.593710 -0.000001 -0.000004 -0.067170 -0.058018 0.499247
    7 1.999994 -3.000001 0.000004 -1.570793 0.000002 -1.326448
    8 2.033349 1.000771 -1.937607 -1.470636 1.223081 3.101259
    9 6.028143 0.000002 -0.000004 0.977690 0.218100 -0.957582
    10 11.692545 0.000000 0.000000 -0.000011 0.000000 -0.348524
    11 11.481701 0.000000 0.000000 -0.751047 0.006970 0.171310
    12 2.676086 -1.712440 0.000000 -1.570793 0.000001 -1.570793
    13 2.033341 1.000767 1.937660 1.107716 -1.317842 -2.838463
    14 6.028140 0.000002 0.000000 -1.201803 0.134802 -1.132843
    15 11.692553 0.000000 0.000011 -0.000013 0.000000 -0.475708
    16 11.481667 0.000000 -0.000031 1.991799 0.050394 0.021289
    17 2.676086 -1.712440 0.000004 1.570793 0.000005 1.570793
    18 -3.890452 0.000004 0.000004 -1.360431 0.071185 -1.515578
    19 17.848171 0.000000 0.000004 0.000009 0.000000 0.396090
    20 16.525251 0.000000 0.000004 -0.034863 0.010355 -1.061325
    21 6.879454 0.000000 0.000008 -0.078008 -0.003373 -1.031051
    22 3.890452 -0.000004 -0.000004 -1.880664 0.034564 -1.429297
    23 17.848175 0.000000 -0.000004 0.000010 0.000000 0.393723
    24 16.525246 0.000000 0.000004 -0.087357 0.087469 -1.456636
    25 6.879452 0.000000 0.000000 -0.008366 -0.002153 -0.421465
    26 3.859703 -0.142403 -1.191975 -0.454210 0.125457 -0.727588
    27 1.312565 0.000001 0.000004 -0.168576 0.310526 -0.695409
    28 0.729362 0.000002 0.000004 -0.168575 0.310524 -0.538329
    29 3.942326 0.046774 -0.431438 -0.180314 0.236513 -0.665163
    30 1.539093 0.000001 0.000000 -0.102730 0.185414 -0.715744
    31 1.196320 -0.000001 0.000004 -0.102743 0.185421 -0.539053
    32 3.883686 -0.046767 0.431446 0.132500 0.038417 -0.577108
    33 1.719570 0.000002 0.000004 -0.032705 0.058460 -0.470191
    34 1.209183 -0.000001 -0.000004 -0.032706 0.058463 -0.411280
    35 3.859859 -0.137950 1.332462 0.521870 -0.068640 -0.464350
    36 1.719429 0.000002 0.000000 0.068756 -0.123349 -0.545078
    37 1.099670 0.000001 0.000004 0.068746 -0.123345 -0.270165
    38 0.806049 -0.348922 1.321259 -0.826856 -0.289357 -0.678286
    39 1.789787 0.000000 0.000004 0.030440 0.074684 0.204407
    40 1.207001 0.000000 -0.000004 0.004901 0.032015 0.303799
    41 3.859665 -0.132565 1.193108 0.154237 -0.057261 -1.683866
    42 1.312561 0.000000 0.000000 0.000000 0.000000 -0.627085
    43 0.729366 0.000002 0.000000 0.000000 0.000000 -1.021394
    44 3.942291 0.050330 0.431042 0.020416 -0.074382 -1.517442
    45 1.539097 0.000003 0.000000 0.000000 0.000000 -0.806822
    46 1.196320 0.000000 0.000000 0.000000 0.000000 -1.303469
    47 3.883648 -0.050325 -0.431044 -0.127900 -0.099349 -0.936271
    48 1.719574 -0.000005 0.000000 0.000000 0.000000 -1.100726
    49 1.209183 -0.000001 0.000000 0.000000 0.000000 -1.091479
    50 3.859825 -0.148935 -1.331284 -0.351999 -0.088877 -0.797488
    51 1.719425 0.000000 0.000000 0.000000 0.000000 -0.997179
    52 1.099663 0.000000 0.000000 0.000000 0.000000 -1.420907
    53 0.806015 -0.359835 -1.318335 1.372063 0.323488 -0.797750
    54 1.789780 0.000001 0.000000 0.000000 0.000000 0.612641
    55 1.207001 0.000000 0.000004 0.000000 0.000000 0.666342
    56 5.667969 -2.029297 -5.722656 1.991476 0.082321 -2.001942
  time 4
    0 2.130529 -0.980494 38.000494 1.580525 0.042049 0.094433
    1 -0.124999 3.345128 -2.981903 1.569476 0.125258 1.592012
    2 4.018331 0.000000 0.000000 0.052960 0.064465 0.033018
    3 3.518564 0.000000 0.000000 0.057360 0.013363 0.138662
    4 8.942642 0.000000 0.000000 -0.019231 -0.071045 0.247181
    5 3.307269 0.000000 -0.000004 3.138800 0.000567 0.400476
    6 3.593710 -0.000001 -0.000004 -0.067170 -0.058018 0.499247
    7 1.999994 -3.000001 0.000004 -1.570793 0.000002 -1.326448
    8 2.033349 1.000771 -1.937607 -1.508856 1.223563 3.060686
    9 6.028143 0.000002 -0.000004 0.979528 0.232886 -0.945142
    10 11.692545 0.000000 0.000000 -0.000011 0.000000 -0.336948
    11 11.481701 0.000000 0.000000 -0.751047 0.006970 0.171310
    12 2.676086 -1.712440 0.000000 -1.570793 0.000001 -1.570793
    13 2.033341 1.000767 1.937660 1.046588 -1.314212 -2.775868
    14 6.028140 0.000002 0.000000 -1.181342 0.132103 -1.146814
    15 11.692553 0.000000 0.000011 -0.000013 0.000000 -0.406121
    16 11.481667 0.000000 -0.000031 1.991799 0.050394 0.021289
    17 2.676086 -1.712440 0.000004 1.570793 0.000005 1.570793
    18 -3.890452 0.000004 0.000004 -1.381791 0.106295 -1.540254
    19 17.848171 0.000000 0.000004 0.000009 0.000000 0.383906
    20 16.525251 0.000000 0.000004 0.047297 0.028388 -1.063336
    21 6.879454 0.000000 0.000008 -0.078260 -0.003517 -1.005635
    22 3.890452 -0.000004 -0.000004 -1.805933 -0.117461 -1.405237
    23 17.848175 0.000000 -0.000004 0.000010 0.000000 0.468536
    24 16.525246 0.000000 0.000004 -0.105132 -0.019691 -1.492630
    25 6.879452 0.000000 0.000000 -0.008557 -0.002380 -0.436366
    26 3.859703 -0.142403 -1.191975 -0.454210 0.125457 -0.727588
    27 1.312565 0.000001 0.000004 -0.168576 0.310526 -0.695409
    28 0.729362 0.000002 0.000004 -0.168575 0.310524 -0.538329
    29 3.942326 0.046774 -0.431438 -0.180314 0.236513 -0.665163
    30 1.539093 0.000001 0.000000 -0.102742 0.185414 -0.715744
    31 1.196320 -0.000001 0.000004 -0.102743 0.185421 -0.539053
    32 3.883686 -0.046767 0.431446 0.132500 0.038417 -0.577108
    33 1.719570 0.000002 0.000004 -0.032705 0.058460 -0.470191
    34 1.209183 -0.000001 -0.000004 -0.032706 0.058463 -0.411280
    35 3.859859 -0.137950 1.332462 0.521870 -0.068640 -0.464350
    36 1.719429 0.000002 0.000000 0.068756 -0.123349 -0.545078
    37 1.099670 0.000001 0.000004 0.068746 -0.123345 -0.270165
    38 0.806049 -0.348922 1.321259 -0.826856 -0.289357 -0.678286
    39 1.789787 0.000000 0.000004 0.030440 0.074684 0.204407
    40 1.207001 0.000000 -0.000004 0.004901 0.032015 0.303799
    41 3.859665 -0.132565 1.193108 0.154237 -0.057261 -1.683866
    42 1.312561 0.000000 0.000000 0.000000 0.000000 -0.627085
    43 0.729366 0.000002 0.000000 0.000000 0.000000 -1.021394
    44 3.942291 0.050330 0.431042 0.020416 -0.074382 -1.517442
    45 1.539097 0.000003 0.000000 0.000000 0.000000 -0.806822
    46 1.196320 0.000000 0.000000 0.000000 0.000000 -1.303469
    47 3.883648 -0.050325 -0.431044 -0.127900 -0.099349 -0.936271
    48 1.719574 -0.000005 0.000000 0.000000 0.000000 -1.100726
    49 1.209183 -0.000001 0.000000 0.000000 0.000000 -1.091479
    50 3.859825 -0.148935 -1.331284 -0.351999 -0.088877 -0.797488
    51 1.719425 0.000000 0.000000 0.000000 0.000000 -0.997179
    52 1.099663 0.000000 0.000000 0.000000 0.000000 -1.420907
    53 0.806015 -0.359835 -1.318335 1.372063 0.323488 -0.797750
    54 1.789780 0.000001 0.000000 0.000000 0.000000 0.612641
    55 1.207001 0.000000 0.000004 0.000000 0.000000 0.666342
    56 5.667969 -2.029297 -5.722656 1.991476 0.082321 -2.001942
  time 5
    0 2.068027 -0.804707 37.730954 1.580525 0.042049 0.085348
    1 -0.124999 3.345128 -2.981903 1.569719 0.125270 1.596266
    2 4.018331 0.000000 0.000000 0.058644 0.057969 0.031855
    3 3.518564 0.000000 0.000000 0.062741 0.009935 0.137691
    4 8.942642 0.000000 0.000000 -0.018708 -0.069942 0.243108
    5 3.307269 0.000000 -0.000004 3.138800 0.000567 0.400476
    6 3.593710 -0.000001 -0.000004 -0.067170 -0.058018 0.499247
    7 1.999994 -3.000001 0.000004 -1.570793 0.000002 -1.326448
    8 2.033349 1.000771 -1.937607 -1.537427 1.223522 3.030232
    9 6.028143 0.000002 -0.000004 0.980999 0.240367 -0.934717
    10 11.692545 0.000000 0.000000 -0.000011 0.000000 -0.332870
    11 11.481701 0.000000 0.000000 -0.751047 0.006970 0.171310
    12 2.676086 -1.712440 0.000000 -1.570793 0.000001 -1.570793
    13 2.033341 1.000767 1.937660 1.001506 -1.311115 -2.729660
    14 6.028140 0.000002 0.000000 -1.165616 0.122221 -1.159927
    15 11.692553 0.000000 0.000011 -0.000013 0.000000 -0.334576
    16 11.481667 0.000000 -0.000031 1.991799 0.050394 0.021289
    17 2.676086 -1.712440 0.000004 1.570793 0.000005 1.570793
    18 -3.890452 0.000004 0.000004 -1.400908 0.105868 -1.568062
    19 17.848171 0.000000 0.000004 0.000009 0.000000 0.434286
    20 16.525251 0.000000 0.000004 0.119520 0.038464 -1.067006
    21 6.879454 0.000000 0.000008 -0.078463 -0.003673 -0.988881
    22 3.890452 -0.000004 -0.000004 -1.753964 -0.245502 -1.386470
    23 17.848175 0.000000 -0.000004 0.000010 0.000000 0.469225
    24 16.525246 0.000000 0.000004 -0.117328 -0.096146 -1.445723
    25 6.879452 0.000000 0.000000 -0.008677 -0.002632 -0.459169
    26 3.859703 -0.142403 -1.191975 -0.454210 0.125457 -0.727588
    27 1.312565 0.000001 0.000004 -0.168576 0.310526 -0.695409
    28 0.729362 0.000002 0.000004 -0.168575 0.310524 -0.538329
    29 3.942326 0.046774 -0.431438 -0.180314 0.236513 -0.665163
    30 1.539093 0.000001 0.000000 -0.102742 0.185414 -0.715744
    31 1.196320 -0.000001 0.000004 -0.102743 0.185421 -0.539053
    32 3.883686 -0.046767 0.431446 0.132500 0.038417 -0.577108
    33 1.719570 0.000002 0.000004 -0.032705 0.058460 -0.470191
    34 1.209183 -0.000001 -0.000004 -0.032706 0.058463 -0.411280
    35 3.859859 -0.137950 1.332462 0.521870 -0.068640 -0.464350
    36 1.719429 0.000002 0.000000 0.068756 -0.123349 -0.545078
    37 1.099670 0.000001 0.000004 0.068746 -0.123345 -0.270165
    38 0.806049 -0.348922 1.321259 -0.826856 -0.289357 -0.678286
    39 1.789787 0.000000 0.000004 0.030440 0.074684 0.204407
    40 1.207001 0.000000 -0.000004 0.004901 0.032015 0.303799
    41 3.859665 -0.132565 1.193108 0.154237 -0.057261 -1.683866
    42 1.312561 0.000000 0.000000 0.000000 0.000000 -0.627085
    43 0.729366 0.000002 0.000000 0.000000 0.000000 -1.021394
    44 3.942291 0.050330 0.431042 0.020416 -0.074382 -1.517442
    45 1.539097 0.000003 0.000000 0.000000 0.000000 -0.806822
    46 1.196320 0.000000 0.000000 0.000000 0.000000 -1.303469
    47 3.883648 -0.050325 -0.431044 -0.127900 -0.099349 -0.936271
    48 1.719574 -0.000005 0.000000 0.000000 0.000000 -1.100726
    49 1.209183 -0.000001 0.000000 0.000000 0.000000 -1.091479
    50 3.859825 -0.148935 -1.331284 -0.351999 -0.088877 -0.797488
    51 1.719425 0.000000 0.000000 0.000000 0.000000 -0.997179
    52 1.099663 0.000000 0.000000 0.000000 0.000000 -1.420907
    53 0.806015 -0.359835 -1.318335 1.372105 0.323488 -0.797750
    54 1.789780 0.000001 0.000000 0.000000 0.000000 0.612641
    55 1.207001 0.000000 0.000004 0.000000 0.000000 0.666342
    56 5.667969 -2.029297 -5.722656 1.991476 0.082321 -2.001942
  time 6
    0 1.900053 -0.589857 37.437977 1.580470 0.042049 0.077928
    1 -0.124999 3.345128 -2.981903 1.569914 0.125270 1.599679
    2 4.018331 0.000000 0.000000 0.063991 0.051714 0.030872
    3 3.518564 0.000000 0.000000 0.067762 0.007275 0.136888
    4 8.942642 0.000000 0.000000 -0.018211 -0.068708 0.239266
    5 3.307269 0.000000 -0.000004 3.138800 0.000567 0.400476
    6 3.593710 -0.000001 -0.000004 -0.067170 -0.058018 0.499247
    7 1.999994 -3.000001 0.000004 -1.570793 0.000002 -1.326448
    8 2.033349 1.000771 -1.937607 -1.557001 1.223362 3.009420
    9 6.028143 0.000002 -0.000004 0.983112 0.240977 -0.926024
    10 11.692545 0.000000 0.000000 -0.000011 0.000000 -0.337474
    11 11.481701 0.000000 0.000000 -0.751047 0.006970 0.171310
    12 2.676086 -1.712440 0.000000 -1.570793 0.000001 -1.570793
    13 2.033341 1.000767 1.937660 0.970979 -1.308744 -2.698506
    14 6.028140 0.000002 0.000000 -1.153807 0.108898 -1.171011
    15 11.692553 0.000000 0.000011 -0.000013 0.000000 -0.269046
    16 11.481667 0.000000 -0.000031 1.991799 0.050394 0.021289
    17 2.676086 -1.712440 0.000004 1.570793 0.000005 1.570793
    18 -3.890452 0.000004 0.000004 -1.418728 0.066764 -1.600345
    19 17.848171 0.000000 0.000004 0.000009 0.000000 0.550744
    20 16.525251 0.000000 0.000004 0.182143 0.027437 -1.041468
    21 6.879454 0.000000 0.000008 -0.078296 -0.003780 -1.024630
    22 3.890452 -0.000004 -0.000004 -1.721168 -0.323597 -1.378084
    23 17.848175 0.000000 -0.000004 0.000010 0.000000 0.382517
    24 16.525246 0.000000 0.000004 -0.127255 -0.142819 -1.310790
    25 6.879452 0.000000 0.000000 -0.008593 -0.002908 -0.494033
    26 3.859703 -0.142403 -1.191975 -0.454210 0.125457 -0.727588
    27 1.312565 0.000001 0.000004 -0.168576 0.310526 -0.695409
    28 0.729362 0.000002 0.000004 -0.168575 0.310524 -0.538329
    29 3.942326 0.046774 -0.431438 -0.180314 0.236513 -0.665163
    30 1.539093 0.000001 0.000000 -0.102742 0.185414 -0.715744
    31 1.196320 -0.000001 0.000004 -0.102743 0.185421 -0.539053
    32 3.883686 -0.046767 0.431446 0.132500 0.038417 -0.577108
    33 1.719570 0.000002 0.000004 -0.032705 0.058460 -0.470191
    34 1.209183 -0.000001 -0.000004 -0.032706 0.058463 -0.411280
    35 3.859859 -0.137950 1.332462 0.521870 -0.068640 -0.464350
    36 1.719429 0.000002 0.000000 0.068756 -0.123349 -0.545078
    37 1.099670 0.000001 0.000004 0.068746 -0.123345 -0.270165
    38 0.806049 -0.348922 1.321259 -0.826856 -0.289357 -0.678286
    39 1.789787 0.000000 0.000004 0.030440 0.074684 0.204407
    40 1.207001 0.000000 -0.000004 0.004901 0.032015 0.303799
    41 3.859665 -0.132565 1.193108 0.154237 -0.057261 -1.683866
    42 1.312561 0.000000 0.000000 0.000000 0.000000 -0.627085
    43 0.729366 0.000002 0.000000 0.000000 0.000000 -1.021394
    44 3.942291 0.050330 0.431042 0.020416 -0.074382 -1.517442
    45 1.539097 0.000003 0.000000 0.000000 0.000000 -0.806822
    46 1.196320 0.000000 0.000000 0.000000 0.000000 -1.303469
    47 3.883648 -0.050325 -0.431044 -0.127900 -0.099349 -0.936271
    48 1.719574 -0.000005 0.000000 0.000000 0.000000 -1.100726
    49 1.209183 -0.000001 0.000000 0.000000 0.000000 -1.091479
    50 3.859825 -0.148935 -1.331284 -0.351999 -0.088877 -0.797488
    51 1.719425 0.000000 0.000000 0.000000 0.000000 -0.997179
    52 1.099663 0.000000 0.000000 0.000000 0.000000 -1.420907
    53 0.806015 -0.359835 -1.318335 1.372105 0.323488 -0.797750
    54 1.789780 0.000001 0.000000 0.000000 0.000000 0.612641
    55 1.207001 0.000000 0.000004 0.000000 0.000000 0.666342
    56 5.667969 -2.029297 -5.722656 1.991476 0.082321 -2.001942
  time 7
    0 1.610982 -0.335943 37.148905 1.580470 0.042049 0.072629
    1 -0.124999 3.345128 -2.981903 1.569963 0.125282 1.601708
    2 4.018331 0.000000 0.000000 0.068926 0.046704 0.030261
    3 3.518564 0.000000 0.000000 0.072304 0.005645 0.136361
    4 8.942642 0.000000 0.000000 -0.017791 -0.067401 0.235931
    5 3.307269 0.000000 -0.000004 3.138800 0.000567 0.400476
    6 3.593710 -0.000001 -0.000004 -0.067170 -0.058018 0.499247
    7 1.999994 -3.000001 0.000004 -1.570793 0.000002 -1.326448
    8 2.033349 1.000771 -1.937607 -1.568133 1.223161 2.997582
    9 6.028143 0.000002 -0.000004 0.986513 0.235833 -0.919027
    10 11.692545 0.000000 0.000000 -0.000011 0.000000 -0.349774
    11 11.481701 0.000000 0.000000 -0.751047 0.006970 0.171310
    12 2.676086 -1.712440 0.000000 -1.570793 0.000001 -1.570793
    13 2.033341 1.000767 1.937660 0.954111 -1.307244 -2.681261
    14 6.028140 0.000002 0.000000 -1.145097 0.098240 -1.177372
    15 11.692553 0.000000 0.000011 -0.000013 0.000000 -0.223727
    16 11.481667 0.000000 -0.000031 1.991799 0.050394 0.021289
    17 2.676086 -1.712440 0.000004 1.570793 0.000005 1.570793
    18 -3.890452 0.000004 0.000004 -1.452774 0.073951 -1.672136
    19 17.848171 0.000000 0.000004 0.000009 0.000000 0.573467
    20 16.525251 0.000000 0.000004 0.260926 -0.032231 -0.986672
    21 6.879454 0.000000 0.000008 -0.078224 -0.003852 -1.042486
    22 3.890452 -0.000004 -0.000004 -1.691308 -0.372785 -1.427579
    23 17.848175 0.000000 -0.000004 0.000010 0.000000 0.458269
    24 16.525246 0.000000 0.000004 -0.093375 -0.192113 -1.344915
    25 6.879452 0.000000 0.000000 -0.008330 -0.003231 -0.545115
    26 3.859703 -0.142403 -1.191975 -0.454210 0.125457 -0.727588
    27 1.312565 0.000001 0.000004 -0.168576 0.310526 -0.695409
    28 0.729362 0.000002 0.000004 -0.168575 0.310524 -0.538329
    29 3.942326 0.046774 -0.431438 -0.180314 0.236513 -0.665163
    30 1.539093 0.000001 0.000000 -0.102742 0.185414 -0.715744
    31 1.196320 -0.000001 0.000004 -0.102743 0.185421 -0.539053
    32 3.883686 -0.046767 0.431446 0.132500 0.038417 -0.577108
    33 1.719570 0.000002 0.000004 -0.032705 0.058460 -0.470191
    34 1.209183 -0.000001 -0.000004 -0.032706 0.058463 -0.411280
    35 3.859859 -0.137950 1.332462 0.521870 -0.068640 -0.464350
    36 1.719429 0.000002 0.000000 0.068756 -0.123349 -0.545078
    37 1.099670 0.000001 0.000004 0.068746 -0.123345 -0.270165
    38 0.806049 -0.348922 1.321259 -0.826856 -0.289357 -0.678286
    39 1.789787 0.000000 0.000004 0.030440 0.074684 0.204407
    40 1.207001 0.000000 -0.000004 0.004901 0.032015 0.303799
    41 3.859665 -0.132565 1.193108 0.154237 -0.057261 -1.683866
    42 1.312561 0.000000 0.000000 0.000000 0.000000 -0.627085
    43 0.729366 0.000002 0.000000 0.000000 0.000000 -1.021394
    44 3.942291 0.050330 0.431042 0.020416 -0.074382 -1.517442
    45 1.539097 0.000003 0.000000 0.000000 0.000000 -0.806822
    46 1.196320 0.000000 0.000000 0.000000 0.000000 -1.303469
    47 3.883648 -0.050325 -0.431044 -0.127900 -0.099349 -0.936271
    48 1.719574 -0.000005 0.000000 0.000000 0.000000 -1.100726
    49 1.209183 -0.000001 0.000000 0.000000 0.000000 -1.091479
    50 3.859825 -0.148935 -1.331284 -0.351999 -0.088877 -0.797488
    51 1.719425 0.000000 0.000000 0.000000 0.000000 -0.997179
    52 1.099663 0.000000 0.000000 0.000000 0.000000 -1.420907
    53 0.806015 -0.359835 -1.318335 1.372063 0.323488 -0.797750
    54 1.789780 0.000001 0.000000 0.000000 0.000000 0.612641
    55 1.207001 0.000000 0.000004 0.000000 0.000000 0.666342
    56 5.667969 -2.029297 -5.722656 1.991476 0.082321 -2.001942
  time 8
    0 1.314098 -0.070310 37.062965 1.580470 0.042049 0.077550
    1 -0.124999 3.345128 -2.981903 1.570255 0.125282 1.605814
    2 4.018331 0.000000 0.000000 0.067487 0.038554 0.031124
    3 3.518564 0.000000 0.000000 0.070147 0.000419 0.136768
    4 8.942642 0.000000 0.000000 -0.016555 -0.062919 0.231997
    5 3.307269 0.000000 -0.000004 3.138800 0.000567 0.400476
    6 3.593710 -0.000001 -0.000004 -0.067170 -0.058018 0.499247
    7 1.999994 -3.000001 0.000004 -1.570793 0.000002 -1.326448
    8 2.033349 1.000771 -1.937607 -1.557836 1.223322 3.008466
    9 6.028143 0.000002 -0.000004 0.984215 0.238083 -0.935601
    10 11.692545 0.000000 0.000000 -0.000011 0.000000 -0.330042
    11 11.481701 0.000000 0.000000 -0.751047 0.006970 0.171310
    12 2.676086 -1.712440 0.000000 -1.570793 0.000001 -1.570793
    13 2.033341 1.000767 1.937660 0.968815 -1.308405 -2.696410
    14 6.028140 0.000002 0.000000 -1.150066 0.090752 -1.170894
    15 11.692553 0.000000 0.000011 -0.000013 0.000000 -0.221769
    16 11.481667 0.000000 -0.000031 1.991799 0.050394 0.021289
    17 2.676086 -1.712440 0.000004 1.570793 0.000005 1.570793
    18 -3.890452 0.000004 0.000004 -1.457848 0.041522 -1.699369
    19 17.848171 0.000000 0.000004 0.000009 0.000000 0.642833
    20 16.525251 0.000000 0.000004 0.277652 -0.054432 -0.950225
    21 6.879454 0.000000 0.000008 -0.077888 -0.003661 -1.079071
    22 3.890452 -0.000004 -0.000004 -1.682905 -0.386586 -1.444558
    23 17.848175 0.000000 -0.000004 0.000010 0.000000 0.517932
    24 16.525246 0.000000 0.000004 -0.097562 -0.184030 -1.291557
    25 6.879452 0.000000 0.000000 -0.007850 -0.003183 -0.571376
    26 3.859703 -0.142403 -1.191975 -0.454210 0.125457 -0.727588
    27 1.312565 0.000001 0.000004 -0.168576 0.310526 -0.695409
    28 0.729362 0.000002 0.000004 -0.168575 0.310524 -0.538329
    29 3.942326 0.046774 -0.431438 -0.180314 0.236513 -0.665163
    30 1.539093 0.000001 0.000000 -0.102730 0.185414 -0.715744
    31 1.196320 -0.000001 0.000004 -0.102743 0.185421 -0.539053
    32 3.883686 -0.046767 0.431446 0.132500 0.038417 -0.577108
    33 1.719570 0.000002 0.000004 -0.032705 0.058460 -0.470191
    34 1.209183 -0.000001 -0.000004 -0.032706 0.058463 -0.411280
    35 3.859859 -0.137950 1.332462 0.521870 -0.068640 -0.464350
    36 1.719429 0.000002 0.000000 0.068756 -0.123349 -0.545078
    37 1.099670 0.000001 0.000004 0.068746 -0.123333 -0.270165
    38 0.806049 -0.348922 1.321259 -0.826856 -0.289357 -0.678286
    39 1.789787 0.000000 0.000004 0.030440 0.074684 0.204407
    40 1.207001 0.000000 -0.000004 0.004901 0.032015 0.303799
    41 3.859665 -0.132565 1.193108 0.154237 -0.057261 -1.683866
    42 1.312561 0.000000 0.000000 0.000000 0.000000 -0.627085
    43 0.729366 0.000002 0.000000 0.000000 0.000000 -1.021394
    44 3.942291 0.050330 0.431042 0.020416 -0.074382 -1.517442
    45 1.539097 0.000003 0.000000 0.000000 0.000000 -0.806822
    46 1.196320 0.000000 0.000000 0.000000 0.000000 -1.303469
    47 3.883648 -0.050325 -0.431044 -0.127900 -0.099349 -0.936271
    48 1.719574 -0.000005 0.000000 0.000000 0.000000 -1.100726
    49 1.209183 -0.000001 0.000000 0.000000 0.000000 -1.091479
    50 3.859825 -0.148935 -1.331284 -0.351999 -0.088877 -0.797488
    51 1.719425 0.000000 0.000000 0.000000 0.000000 -0.997179
    52 1.099663 0.000000 0.000000 0.000000 0.000000 -1.420907
    53 0.806015 -0.359835 -1.318335 1.372063 0.323488 -0.797750
    54 1.789780 0.000001 0.000000 0.000000 0.000000 0.612641
    55 1.207001 0.000000 0.000004 0.000000 0.000000 0.666342
    56 5.667969 -2.029297 -5.722656 1.991476 0.082321 -2.001942
  time 9
    0 1.138311 0.136728 37.133280 1.580525 0.042049 0.084212
    1 -0.124999 3.345128 -2.981903 1.570547 0.125282 1.609623
    2 4.018331 0.000000 0.000000 0.064645 0.031735 0.032514
    3 3.518564 0.000000 0.000000 0.066576 -0.004722 0.137427
    4 8.942642 0.000000 0.000000 -0.015421 -0.058125 0.227909
    5 3.307269 0.000000 -0.000004 3.138800 0.000567 0.400476
    6 3.593710 -0.000001 -0.000004 -0.067170 -0.058018 0.499247
    7 1.999994 -3.000001 0.000004 -1.570793 0.000002 -1.326448
    8 2.033349 1.000771 -1.937607 -1.539468 1.223522 3.028036
    9 6.028143 0.000002 -0.000004 0.980723 0.235694 -0.953942
    10 11.692545 0.000000 0.000000 -0.000011 0.000000 -0.315836
    11 11.481701 0.000000 0.000000 -0.751047 0.006970 0.171310
    12 2.676086 -1.712440 0.000000 -1.570793 0.000001 -1.570793
    13 2.033341 1.000767 1.937660 0.996506 -1.310341 -2.724516
    14 6.028140 0.000002 0.000000 -1.160238 0.076113 -1.164884
    15 11.692553 0.000000 0.000011 -0.000013 0.000000 -0.216034
    16 11.481667 0.000000 -0.000031 1.991799 0.050394 0.021289
    17 2.676086 -1.712440 0.000004 1.570793 0.000005 1.570793
    18 -3.890452 0.000004 0.000004 -1.459618 -0.011586 -1.725259
    19 17.848171 0.000000 0.000004 0.000009 0.000000 0.715115
    20 16.525251 0.000000 0.000004 0.302068 -0.044268 -0.837969
    21 6.879454 0.000000 0.000008 -0.077481 -0.003421 -1.128954
    22 3.890452 -0.000004 -0.000004 -1.675644 -0.374847 -1.468068
    23 17.848175 0.000000 -0.000004 0.000010 0.000000 0.526884
    24 16.525246 0.000000 0.000004 -0.095732 -0.172348 -1.205340
    25 6.879452 0.000000 0.000000 -0.007443 -0.003100 -0.592410
    26 3.859703 -0.142403 -1.191975 -0.454210 0.125457 -0.727588
    27 1.312565 0.000001 0.000004 -0.168576 0.310526 -0.695409
    28 0.729362 0.000002 0.000004 -0.168575 0.310524 -0.538329
    29 3.942326 0.046774 -0.431438 -0.180314 0.236513 -0.665163
    30 1.539093 0.000001 0.000000 -0.102742 0.185414 -0.715744
    31 1.196320 -0.000001 0.000004 -0.102743 0.185421 -0.539053
    32 3.883686 -0.046767 0.431446 0.132500 0.038417 -0.577108
    33 1.719570 0.000002 0.000004 -0.032705 0.058460 -0.470191
    34 1.209183 -0.000001 -0.000004 -0.032706 0.058463 -0.411280
    35 3.859859 -0.137950 1.332462 0.521870 -0.068640 -0.464350
    36 1.719429 0.000002 0.000000 0.068756 -0.123349 -0.545078
    37 1.099670 0.000001 0.000004 0.068746 -0.123345 -0.270165
    38 0.806049 -0.348922 1.321259 -0.826856 -0.289357 -0.678286
    39 1.789787 0.000000 0.000004 0.030440 0.074684 0.204407
    40 1.207001 0.000000 -0.000004 0.004901 0.032015 0.303799
    41 3.859665 -0.132565 1.193108 0.154237 -0.057261 -1.683866
    42 1.312561 0.000000 0.000000 0.000000 0.000000 -0.627085
    43 0.729366 0.000002 0.000000 0.000000 0.000000 -1.021394
    44 3.942291 0.050330 0.431042 0.020416 -0.074382 -1.517442
    45 1.539097 0.000003 0.000000 0.000000 0.000000 -0.806822
    46 1.196320 0.000000 0.000000 0.000000 0.000000 -1.303469
    47 3.883648 -0.050325 -0.431044 -0.127900 -0.099349 -0.936271
    48 1.719574 -0.000005 0.000000 0.000000 0.000000 -1.100726
    49 1.209183 -0.000001 0.000000 0.000000 0.000000 -1.091479
    50 3.859825 -0.148935 -1.331284 -0.351999 -0.088877 -0.797488
    51 1.719425 0.000000 0.000000 0.000000 0.000000 -0.997179
    52 1.099663 0.000000 0.000000 0.000000 0.000000 -1.420907
    53 0.806015 -0.359835 -1.318335 1.372063 0.323488 -0.797750
    54 1.789780 0.000001 0.000000 0.000000 0.000000 0.612641
    55 1.207001 0.000000 0.000004 0.000000 0.000000 0.666342
    56 5.667969 -2.029297 -5.722656 1.991476 0.082321 -2.001942
  time 10
    0 1.071903 0.304702 37.305160 1.580525 0.042049 0.092389
    1 -0.124999 3.345128 -2.981903 1.570742 0.125282 1.612937
    2 4.018331 0.000000 0.000000 0.060588 0.026210 0.034192
    3 3.518564 0.000000 0.000000 0.061842 -0.008809 0.138206
    4 8.942642 0.000000 0.000000 -0.014376 -0.053212 0.223837
    5 3.307269 0.000000 -0.000004 3.138800 0.000567 0.400476
    6 3.593710 -0.000001 -0.000004 -0.067170 -0.058018 0.499247
    7 1.999994 -3.000001 0.000004 -1.570793 0.000002 -1.326448
    8 2.033349 1.000771 -1.937607 -1.510340 1.223563 3.059063
    9 6.028143 0.000002 -0.000004 0.976220 0.224674 -0.971152
    10 11.692545 0.000000 0.000000 -0.000011 0.000000 -0.313468
    11 11.481701 0.000000 0.000000 -0.751047 0.006970 0.171310
    12 2.676086 -1.712440 0.000000 -1.570793 0.000001 -1.570793
    13 2.033341 1.000767 1.937660 1.044274 -1.314067 -2.773391
    14 6.028140 0.000002 0.000000 -1.176899 0.057158 -1.159420
    15 11.692553 0.000000 0.000011 -0.000013 0.000000 -0.209040
    16 11.481667 0.000000 -0.000031 1.991799 0.050394 0.021289
    17 2.676086 -1.712440 0.000004 1.570793 0.000005 1.570793
    18 -3.890452 0.000004 0.000004 -1.460090 0.013399 -1.742584
    19 17.848171 0.000000 0.000004 0.000009 0.000000 0.676321
    20 16.525251 0.000000 0.000004 0.347683 -0.012985 -0.709324
    21 6.879454 0.000000 0.000008 -0.077337 -0.003133 -1.132297
    22 3.890452 -0.000004 -0.000004 -1.669280 -0.342910 -1.497216
    23 17.848175 0.000000 -0.000004 0.000010 0.000000 0.507852
    24 16.525246 0.000000 0.000004 -0.079392 -0.165007 -1.152404
    25 6.879452 0.000000 0.000000 -0.007191 -0.003052 -0.605746
    26 3.859703 -0.142403 -1.191975 -0.454210 0.125457 -0.727588
    27 1.312565 0.000001 0.000004 -0.168576 0.310526 -0.695409
    28 0.729362 0.000002 0.000004 -0.168575 0.310524 -0.538329
    29 3.942326 0.046774 -0.431438 -0.180314 0.236513 -0.665163
    30 1.539093 0.000001 0.000000 -0.102742 0.185414 -0.715744
    31 1.196320 -0.000001 0.000004 -0.102743 0.185421 -0.539053
    32 3.883686 -0.046767 0.431446 0.132500 0.038417 -0.577108
    33 1.719570 0.000002 0.000004 -0.032705 0.058460 -0.470191
    34 1.209183 -0.000001 -0.000004 -0.032706 0.058463 -0.411280
    35 3.859859 -0.137950 1.332462 0.521870 -0.068640 -0.464350
    36 1.719429 0.000002 0.000000 0.068756 -0.123349 -0.545078
    37 1.099670 0.000001 0.000004 0.068746 -0.123333 -0.270165
    38 0.806049 -0.348922 1.321259 -0.826856 -0.289357 -0.678286
    39 1.789787 0.000000 0.000004 0.030440 0.074684 0.204407
    40 1.207001 0.000000 -0.000004 0.004901 0.032015 0.303799
    41 3.859665 -0.132565 1.193108 0.154237 -0.057261 -1.683866
    42 1.312561 0.000000 0.000000 0.000000 0.000000 -0.627085
    43 0.729366 0.000002 0.000000 0.000000 0.000000 -1.021394
    44 3.942291 0.050330 0.431042 0.020416 -0.074382 -1.517442
    45 1.539097 0.000003 0.000000 0.000000 0.000000 -0.806822
    46 1.196320 0.000000 0.000000 0.000000 0.000000 -1.303469
    47 3.883648 -0.050325 -0.431044 -0.127900 -0.099349 -0.936271
    48 1.719574 -0.000005 0.000000 0.000000 0.000000 -1.100726
    49 1.209183 -0.000001 0.000000 0.000000 0.000000 -1.091479
    50 3.859825 -0.148935 -1.331284 -0.351999 -0.088877 -0.797488
    51 1.719425 0.000000 0.000000 0.000000 0.000000 -0.997179
    52 1.099663 0.000000 0.000000 0.000000 0.000000 -1.420907
    53 0.806015 -0.359835 -1.318335 1.372063 0.323488 -0.797750
    54 1.789780 0.000001 0.000000 0.000000 0.000000 0.612641
    55 1.207001 0.000000 0.000004 0.000000 0.000000 0.666342
    56 5.667969 -2.029297 -5.722656 1.991476 0.082321 -2.001942
  time 11
    0 1.091435 0.433612 37.547355 1.580579 0.042049 0.101701
    1 -0.124999 3.345128 -2.981903 1.570888 0.125282 1.615658
    2 4.018331 0.000000 0.000000 0.055503 0.021980 0.035966
    3 3.518564 0.000000 0.000000 0.056185 -0.011098 0.138997
    4 8.942642 0.000000 0.000000 -0.013446 -0.048334 0.220056
    5 3.307269 0.000000 -0.000004 3.138800 0.000567 0.400476
    6 3.593710 -0.000001 -0.000004 -0.067170 -0.058018 0.499247
    7 1.999994 -3.000001 0.000004 -1.570793 0.000002 -1.326448
    8 2.033349 1.000771 -1.937607 -1.470822 1.223081 3.101164
    9 6.028143 0.000002 -0.000004 0.970522 0.205127 -0.986348
    10 11.692545 0.000000 0.000000 -0.000011 0.000000 -0.321821
    11 11.481701 0.000000 0.000000 -0.751047 0.006970 0.171310
    12 2.676086 -1.712440 0.000000 -1.570793 0.000001 -1.570793
    13 2.033341 1.000767 1.937660 1.111523 -1.318713 -2.842369
    14 6.028140 0.000002 0.000000 -1.199114 0.035369 -1.154190
    15 11.692553 0.000000 0.000011 -0.000013 0.000000 -0.202186
    16 11.481667 0.000000 -0.000031 1.991799 0.050394 0.021289
    17 2.676086 -1.712440 0.000004 1.570793 0.000005 1.570793
    18 -3.890452 0.000004 0.000004 -1.459146 0.011374 -1.761954
    19 17.848171 0.000000 0.000004 0.000009 0.000000 0.681179
    20 16.525251 0.000000 0.000004 0.407000 0.035437 -0.660410
    21 6.879454 0.000000 0.000008 -0.077637 -0.002714 -1.025808
    22 3.890452 -0.000004 -0.000004 -1.664630 -0.305882 -1.529387
    23 17.848175 0.000000 -0.000004 0.000010 0.000000 0.494643
    24 16.525246 0.000000 0.000004 -0.048880 -0.162330 -1.162352
    25 6.879452 0.000000 0.000000 -0.006927 -0.003100 -0.634518
    26 3.859703 -0.142403 -1.191975 -0.454210 0.125457 -0.727588
    27 1.312565 0.000001 0.000004 -0.168576 0.310526 -0.695409
    28 0.729362 0.000002 0.000004 -0.168575 0.310524 -0.538329
    29 3.942326 0.046774 -0.431438 -0.180314 0.236513 -0.665163
    30 1.539093 0.000001 0.000000 -0.102730 0.185414 -0.715744
    31 1.196320 -0.000001 0.000004 -0.102743 0.185421 -0.539053
    32 3.883686 -0.046767 0.431446 0.132500 0.038417 -0.577108
    33 1.719570 0.000002 0.000004 -0.032705 0.058460 -0.470191
    34 1.209183 -0.000001 -0.000004 -0.032706 0.058463 -0.411280
    35 3.859859 -0.137950 1.332462 0.521870 -0.068640 -0.464350
    36 1.719429 0.000002 0.000000 0.068756 -0.123349 -0.545078
    37 1.099670 0.000001 0.000004 0.068746 -0.123345 -0.270165
    38 0.806049 -0.348922 1.321259 -0.826856 -0.289357 -0.678286
    39 1.789787 0.000000 0.000004 0.030440 0.074684 0.204407
    40 1.207001 0.000000 -0.000004 0.004901 0.032015 0.303799
    41 3.859665 -0.132565 1.193108 0.154237 -0.057261 -1.683866
    42 1.312561 0.000000 0.000000 0.000000 0.000000 -0.627085
    43 0.729366 0.000002 0.000000 0.000000 0.000000 -1.021394
    44 3.942291 0.050330 0.431042 0.020416 -0.074382 -1.517442
    45 1.539097 0.000003 0.000000 0.000000 0.000000 -0.806822
    46 1.196320 0.000000 0.000000 0.000000 0.000000 -1.303469
    47 3.883648 -0.050325 -0.431044 -0.127900 -0.099349 -0.936271
    48 1.719574 -0.000005 0.000000 0.000000 0.000000 -1.100726
    49 1.209183 -0.000001 0.000000 0.000000 0.000000 -1.091479
    50 3.859825 -0.148935 -1.331284 -0.351999 -0.088877 -0.797488
    51 1.719425 0.000000 0.000000 0.000000 0.000000 -0.997179
    52 1.099663 0.000000 0.000000 0.000000 0.000000 -1.420907
    53 0.806015 -0.359835 -1.318335 1.372063 0.323488 -0.797750
    54 1.789780 0.000001 0.000000 0.000000 0.000000 0.612641
    55 1.207001 0.000000 0.000004 0.000000 0.000000 0.666342
    56 5.667969 -2.029297 -5.722656 1.991476 0.082321 -2.001942
  time 12
    0 1.169562 0.519552 37.809082 1.580579 0.042049 0.111922
    1 -0.124999 3.345128 -2.981903 1.570985 0.125282 1.617686
    2 4.018331 0.000000 0.000000 0.049614 0.018996 0.037524
    3 3.518564 0.000000 0.000000 0.049809 -0.011769 0.139632
    4 8.942642 0.000000 0.000000 -0.012668 -0.043660 0.216721
    5 3.307269 0.000000 -0.000004 3.138800 0.000567 0.400476
    6 3.593710 -0.000001 -0.000004 -0.067170 -0.058018 0.499247
    7 1.999994 -3.000001 0.000004 -1.570793 0.000002 -1.326448
    8 2.033349 1.000771 -1.937607 -1.424347 1.221836 3.150520
    9 6.028143 0.000002 -0.000004 0.963354 0.180995 -1.000413
    10 11.692545 0.000000 0.000000 -0.000011 0.000000 -0.333857
    11 11.481701 0.000000 0.000000 -0.751047 0.006970 0.171310
    12 2.676086 -1.712440 0.000000 -1.570793 0.000001 -1.570793
    13 2.033341 1.000767 1.937660 1.187728 -1.322245 -2.920589
    14 6.028140 0.000002 0.000000 -1.223609 0.010544 -1.148063
    15 11.692553 0.000000 0.000011 -0.000013 0.000000 -0.196591
    16 11.481667 0.000000 -0.000031 1.991799 0.050394 0.021289
    17 2.676086 -1.712440 0.000004 1.570793 0.000005 1.570793
    18 -3.890452 0.000004 0.000004 -1.449174 -0.099006 -1.776785
    19 17.848171 0.000000 0.000004 0.000009 0.000000 0.790311
    20 16.525251 0.000000 0.000004 0.452438 0.111031 -0.677100
    21 6.879454 0.000000 0.000008 -0.077936 -0.002414 -0.928019
    22 3.890452 -0.000004 -0.000004 -1.661448 -0.241504 -1.564515
    23 17.848175 0.000000 -0.000004 0.000010 0.000000 0.432601
    24 16.525246 0.000000 0.000004 -0.011851 -0.158551 -1.168863
    25 6.879452 0.000000 0.000000 -0.006880 -0.003124 -0.642833
    26 3.859703 -0.142403 -1.191975 -0.454210 0.125457 -0.727588
    27 1.312565 0.000001 0.000004 -0.168576 0.310526 -0.695409
    28 0.729362 0.000002 0.000004 -0.168575 0.310524 -0.538329
    29 3.942326 0.046774 -0.431438 -0.180314 0.236513 -0.665163
    30 1.539093 0.000001 0.000000 -0.102742 0.185414 -0.715744
    31 1.196320 -0.000001 0.000004 -0.102743 0.185421 -0.539053
    32 3.883686 -0.046767 0.431446 0.132500 0.038417 -0.577108
    33 1.719570 0.000002 0.000004 -0.032705 0.058460 -0.470191
    34 1.209183 -0.000001 -0.000004 -0.032706 0.058463 -0.411280
    35 3.859859 -0.137950 1.332462 0.521870 -0.068640 -0.464350
    36 1.719429 0.000002 0.000000 0.068756 -0.123349 -0.545078
    37 1.099670 0.000001 0.000004 0.068746 -0.123333 -0.270165
    38 0.806049 -0.348922 1.321259 -0.826856 -0.289357 -0.678286
    39 1.789787 0.000000 0.000004 0.030440 0.074684 0.204407
    40 1.207001 0.000000 -0.000004 0.004901 0.032015 0.303799
    41 3.859665 -0.132565 1.193108 0.154237 -0.057261 -1.683866
    42 1.312561 0.000000 0.000000 0.000000 0.000000 -0.627085
    43 0.729366 0.000002 0.000000 0.000000 0.000000 -1.021394
    44 3.942291 0.050330 0.431042 0.020416 -0.074382 -1.517442
    45 1.539097 0.000003 0.000000 0.000000 0.000000 -0.806822
    46 1.196320 0.000000 0.000000 0.000000 0.000000 -1.303469
    47 3.883648 -0.050325 -0.431044 -0.127900 -0.099349 -0.936271
    48 1.719574 -0.000005 0.000000 0.000000 0.000000 -1.100726
    49 1.209183 -0.000001 0.000000 0.000000 0.000000 -1.091479
    50 3.859825 -0.148935 -1.331284 -0.351999 -0.088877 -0.797488
    51 1.719425 0.000000 0.000000 0.000000 0.000000 -0.997179
    52 1.099663 0.000000 0.000000 0.000000 0.000000 -1.420907
    53 0.806015 -0.359835 -1.318335 1.372105 0.323488 -0.797750
    54 1.789780 0.000001 0.000000 0.000000 0.000000 0.612641
    55 1.207001 0.000000 0.000004 0.000000 0.000000 0.666342
    56 5.667969 -2.029297 -5.722656 1.991476 0.082321 -2.001942
  time 13
    0 1.302379 0.570335 38.051277 1.580633 0.042049 0.122748
    1 -0.124999 3.345128 -2.981903 1.571034 0.125270 1.618874
    2 4.018331 0.000000 0.000000 0.043070 0.017222 0.038638
    3 3.518564 0.000000 0.000000 0.042870 -0.011110 0.140040
    4 8.942642 0.000000 0.000000 -0.012057 -0.039381 0.214124
    5 3.307269 0.000000 -0.000004 3.138800 0.000567 0.400476
    6 3.593710 -0.000001 -0.000004 -0.067170 -0.058018 0.499247
    7 1.999994 -3.000001 0.000004 -1.570793 0.000002 -1.326448
    8 2.033349 1.000771 -1.937607 -1.373511 1.219507 -3.078404
    9 6.028143 0.000002 -0.000004 0.954623 0.154334 -1.013524
    10 11.692545 0.000000 0.000000 -0.000011 0.000000 -0.346091
    11 11.481701 0.000000 0.000000 -0.751047 0.006970 0.171310
    12 2.676086 -1.712440 0.000000 -1.570793 0.000001 -1.570793
    13 2.033341 1.000767 1.937660 1.270875 -1.324229 -3.005764
    14 6.028140 0.000002 0.000000 -1.249740 -0.016135 -1.140141
    15 11.692553 0.000000 0.000011 -0.000013 0.000000 -0.193514
    16 11.481667 0.000000 -0.000031 1.991799 0.050394 0.021289
    17 2.676086 -1.712440 0.000004 1.570793 0.000005 1.570793
    18 -3.890452 0.000004 0.000004 -1.422091 -0.215176 -1.765342
    19 17.848171 0.000000 0.000004 0.000009 0.000000 0.860276
    20 16.525251 0.000000 0.000004 0.448867 0.220760 -0.733856
    21 6.879454 0.000000 0.000008 -0.078224 -0.002282 -0.857356
    22 3.890452 -0.000004 -0.000004 -1.660632 -0.161852 -1.600124
    23 17.848175 0.000000 -0.000004 0.000010 0.000000 0.341511
    24 16.525246 0.000000 0.000004 0.027212 -0.152023 -1.160905
    25 6.879452 0.000000 0.000000 -0.006832 -0.003148 -0.649007
    26 3.859703 -0.142403 -1.191975 -0.454210 0.125457 -0.727588
    27 1.312565 0.000001 0.000004 -0.168576 0.310526 -0.695409
    28 0.729362 0.000002 0.000004 -0.168575 0.310524 -0.538329
    29 3.942326 0.046774 -0.431438 -0.180314 0.236513 -0.665163
    30 1.539093 0.000001 0.000000 -0.102742 0.185414 -0.715744
    31 1.196320 -0.000001 0.000004 -0.102743 0.185421 -0.539053
    32 3.883686 -0.046767 0.431446 0.132500 0.038417 -0.577108
    33 1.719570 0.000002 0.000004 -0.032705 0.058460 -0.470191
    34 1.209183 -0.000001 -0.000004 -0.032706 0.058463 -0.411280
    35 3.859859 -0.137950 1.332462 0.521870 -0.068640 -0.464350
    36 1.719429 0.000002 0.000000 0.068756 -0.123349 -0.545078
    37 1.099670 0.000001 0.000004 0.068746 -0.123345 -0.270165
    38 0.806049 -0.348922 1.321259 -0.826856 -0.289357 -0.678286
    39 1.789787 0.000000 0.000004 0.030440 0.074684 0.204407
    40 1.207001 0.000000 -0.000004 0.004901 0.032015 0.303799
    41 3.859665 -0.132565 1.193108 0.154237 -0.057261 -1.683866
    42 1.312561 0.000000 0.000000 0.000000 0.000000 -0.627085
    43 0.729366 0.000002 0.000000 0.000000 0.000000 -1.021394
    44 3.942291 0.050330 0.431042 0.020416 -0.074382 -1.517442
    45 1.539097 0.000003 0.000000 0.000000 0.000000 -0.806822
    46 1.196320 0.000000 0.000000 0.000000 0.000000 -1.303469
    47 3.883648 -0.050325 -0.431044 -0.127900 -0.099349 -0.936271
    48 1.719574 -0.000005 0.000000 0.000000 0.000000 -1.100726
    49 1.209183 -0.000001 0.000000 0.000000 0.000000 -1.091479
    50 3.859825 -0.148935 -1.331284 -0.351999 -0.088877 -0.797488
    51 1.719425 0.000000 0.000000 0.000000 0.000000 -0.997179
    52 1.099663 0.000000 0.000000 0.000000 0.000000 -1.420907
    53 0.806015 -0.359835 -1.318335 1.372063 0.323488 -0.797750
    54 1.789780 0.000001 0.000000 0.000000 0.000000 0.612641
    55 1.207001 0.000000 0.000004 0.000000 0.000000 0.666342
    56 5.667969 -2.029297 -5.722656 1.991476 0.082321 -2.001942
  time 14
    0 1.462540 0.589867 38.230970 1.580688 0.042049 0.133878
    1 -0.124999 3.345128 -2.981903 1.570985 0.125270 1.619171
    2 4.018331 0.000000 0.000000 0.036115 0.016659 0.039094
    3 3.518564 0.000000 0.000000 0.035548 -0.009396 0.140088
    4 8.942642 0.000000 0.000000 -0.011636 -0.035678 0.212433
    5 3.307269 0.000000 -0.000004 3.138800 0.000567 0.400476
    6 3.593710 -0.000001 -0.000004 -0.067170 -0.058018 0.499247
    7 1.999994 -3.000001 0.000004 -1.570793 0.000002 -1.326448
    8 2.033349 1.000771 -1.937607 -1.320728 1.216094 -3.022174
    9 6.028143 0.000002 -0.000004 0.944422 0.126452 -1.025751
    10 11.692545 0.000000 0.000000 -0.000011 0.000000 -0.357009
    11 11.481701 0.000000 0.000000 -0.751047 0.006970 0.171310
    12 2.676086 -1.712440 0.000000 -1.570793 0.000001 -1.570793
    13 2.033341 1.000767 1.937660 1.359993 -1.324520 -3.097227
    14 6.028140 0.000002 0.000000 -1.277626 -0.042950 -1.129409
    15 11.692553 0.000000 0.000011 -0.000013 0.000000 -0.194843
    16 11.481667 0.000000 -0.000031 1.991799 0.050394 0.021289
    17 2.676086 -1.712440 0.000004 1.570793 0.000005 1.570793
    18 -3.890452 0.000004 0.000004 -1.381673 -0.280691 -1.726602
    19 17.848171 0.000000 0.000004 0.000009 0.000000 0.831199
    20 16.525251 0.000000 0.000004 0.382265 0.309034 -0.795087
    21 6.879454 0.000000 0.000008 -0.078499 -0.002414 -0.829585
    22 3.890452 -0.000004 -0.000004 -1.662590 -0.086829 -1.634771
    23 17.848175 0.000000 -0.000004 0.000010 0.000000 0.258496
    24 16.525246 0.000000 0.000004 0.064430 -0.144302 -1.136848
    25 6.879452 0.000000 0.000000 -0.006592 -0.003159 -0.671358
    26 3.859703 -0.142403 -1.191975 -0.454210 0.125457 -0.727588
    27 1.312565 0.000001 0.000004 -0.168576 0.310526 -0.695409
    28 0.729362 0.000002 0.000004 -0.168575 0.310524 -0.538329
    29 3.942326 0.046774 -0.431438 -0.180314 0.236513 -0.665163
    30 1.539093 0.000001 0.000000 -0.102742 0.185414 -0.715744
    31 1.196320 -0.000001 0.000004 -0.102743 0.185421 -0.539053
    32 3.883686 -0.046767 0.431446 0.132500 0.038417 -0.577108
    33 1.719570 0.000002 0.000004 -0.032705 0.058460 -0.470191
    34 1.209183 -0.000001 -0.000004 -0.032706 0.058463 -0.411280
    35 3.859859 -0.137950 1.332462 0.521870 -0.068640 -0.464350
    36 1.719429 0.000002 0.000000 0.068756 -0.123349 -0.545078
    37 1.099670 0.000001 0.000004 0.068746 -0.123345 -0.270165
    38 0.806049 -0.348922 1.321259 -0.826856 -0.289357 -0.678286
    39 1.789787 0.000000 0.000004 0.030440 0.074684 0.204407
    40 1.207001 0.000000 -0.000004 0.004901 0.032015 0.303799
    41 3.859665 -0.132565 1.193108 0.154237 -0.057261 -1.683866
    42 1.312561 0.000000 0.000000 0.000000 0.000000 -0.627085
    43 0.729366 0.000002 0.000000 0.000000 0.000000 -1.021394
    44 3.942291 0.050330 0.431042 0.020416 -0.074382 -1.517442
    45 1.539097 0.000003 0.000000 0.000000 0.000000 -0.806822
    46 1.196320 0.000000 0.000000 0.000000 0.000000 -1.303469
    47 3.883648 -0.050325 -0.431044 -0.127900 -0.099349 -0.936271
    48 1.719574 -0.000005 0.000000 0.000000 0.000000 -1.100726
    49 1.209183 -0.000001 0.000000 0.000000 0.000000 -1.091479
    50 3.859825 -0.148935 -1.331284 -0.351999 -0.088877 -0.797488
    51 1.719425 0.000000 0.000000 0.000000 0.000000 -0.997179
    52 1.099663 0.000000 0.000000 0.000000 0.000000 -1.420907
    53 0.806015 -0.359835 -1.318335 1.372063 0.323488 -0.797750
    54 1.789780 0.000001 0.000000 0.000000 0.000000 0.612641
    55 1.207001 0.000000 0.000004 0.000000 0.000000 0.666342
    56 5.667969 -2.029297 -5.722656 1.991476 0.082321 -2.001942
  time 15
    0 1.634420 0.570335 38.309097 1.580742 0.042049 0.145083
    1 -0.124999 3.345128 -2.981903 1.570888 0.125270 1.618626
    2 4.018331 0.000000 0.000000 0.029198 0.017282 0.038638
    3 3.518564 0.000000 0.000000 0.028273 -0.006807 0.139608
    4 8.942642 0.000000 0.000000 -0.011369 -0.032562 0.211926
    5 3.307269 0.000000 -0.000004 3.138800 0.000567 0.400476
    6 3.593710 -0.000001 -0.000004 -0.067170 -0.058018 0.499247
    7 1.999994 -3.000001 0.000004 -1.570793 0.000002 -1.326448
    8 2.033349 1.000771 -1.937607 -1.268315 1.211557 -2.966326
    9 6.028143 0.000002 -0.000004 0.933762 0.099024 -1.037130
    10 11.692545 0.000000 0.000000 -0.000011 0.000000 -0.363849
    11 11.481701 0.000000 0.000000 -0.751047 0.006970 0.171310
    12 2.676086 -1.712440 0.000000 -1.570793 0.000001 -1.570793
    13 2.033341 1.000767 1.937660 1.452096 -1.322874 3.091095
    14 6.028140 0.000002 0.000000 -1.306563 -0.060961 -1.111925
    15 11.692553 0.000000 0.000011 -0.000013 0.000000 -0.225056
    16 11.481667 0.000000 -0.000031 1.991799 0.050394 0.021289
    17 2.676086 -1.712440 0.000004 1.570793 0.000005 1.570793
    18 -3.890452 0.000004 0.000004 -1.316885 -0.416883 -1.682428
    19 17.848171 0.000000 0.000004 0.000009 0.000000 0.813708
    20 16.525251 0.000000 0.000004 0.242468 0.352045 -0.823993
    21 6.879454 0.000000 0.000008 -0.079218 -0.002211 -0.695211
    22 3.890452 -0.000004 -0.000004 -1.666751 -0.025817 -1.667561
    23 17.848175 0.000000 -0.000004 0.000010 0.000000 0.204030
    24 16.525246 0.000000 0.000004 0.099980 -0.138045 -1.110802
    25 6.879452 0.000000 0.000000 -0.006232 -0.003159 -0.707292
    26 3.859703 -0.142403 -1.191975 -0.454210 0.125457 -0.727588
    27 1.312565 0.000001 0.000004 -0.168576 0.310526 -0.695409
    28 0.729362 0.000002 0.000004 -0.168575 0.310524 -0.538329
    29 3.942326 0.046774 -0.431438 -0.180314 0.236513 -0.665163
    30 1.539093 0.000001 0.000000 -0.102742 0.185414 -0.715744
    31 1.196320 -0.000001 0.000004 -0.102743 0.185421 -0.539053
    32 3.883686 -0.046767 0.431446 0.132500 0.038417 -0.577108
    33 1.719570 0.000002 0.000004 -0.032705 0.058460 -0.470191
    34 1.209183 -0.000001 -0.000004 -0.032706 0.058463 -0.411280
    35 3.859859 -0.137950 1.332462 0.521870 -0.068640 -0.464350
    36 1.719429 0.000002 0.000000 0.068756 -0.123349 -0.545078
    37 1.099670 0.000001 0.000004 0.068746 -0.123345 -0.270165
    38 0.806049 -0.348922 1.321259 -0.826856 -0.289357 -0.678286
    39 1.789787 0.000000 0.000004 0.030440 0.074684 0.204407
    40 1.207001 0.000000 -0.000004 0.004901 0.032015 0.303799
    41 3.859665 -0.132565 1.193108 0.154237 -0.057261 -1.683866
    42 1.312561 0.000000 0.000000 0.000000 0.000000 -0.627085
    43 0.729366 0.000002 0.000000 0.000000 0.000000 -1.021394
    44 3.942291 0.050330 0.431042 0.020416 -0.074382 -1.517442
    45 1.539097 0.000003 0.000000 0.000000 0.000000 -0.806822
    46 1.196320 0.000000 0.000000 0.000000 0.000000 -1.303469
    47 3.883648 -0.050325 -0.431044 -0.127900 -0.099349 -0.936271
    48 1.719574 -0.000005 0.000000 0.000000 0.000000 -1.100726
    49 1.209183 -0.000001 0.000000 0.000000 0.000000 -1.091479
    50 3.859825 -0.148935 -1.331284 -0.351999 -0.088877 -0.797488
    51 1.719425 0.000000 0.000000 0.000000 0.000000 -0.997179
    52 1.099663 0.000000 0.000000 0.000000 0.000000 -1.420907
    53 0.806015 -0.359835 -1.318335 1.372063 0.323488 -0.797750
    54 1.789780 0.000001 0.000000 0.000000 0.000000 0.612641
    55 1.207001 0.000000 0.000004 0.000000 0.000000 0.666342
    56 5.667969 -2.029297 -5.722656 1.991476 0.082321 -2.001942
  time 16
    0 1.794581 0.515646 38.273940 1.580742 0.042049 0.155909
    1 -0.124999 3.345128 -2.981903 1.570839 0.125282 1.617439
    2 4.018331 0.000000 0.000000 0.022804 0.019044 0.037320
    3 3.518564 0.000000 0.000000 0.021550 -0.003476 0.138734
    4 8.942642 0.000000 0.000000 -0.011267 -0.030117 0.212679
    5 3.307269 0.000000 -0.000004 3.138800 0.000567 0.400476
    6 3.593710 -0.000001 -0.000004 -0.067170 -0.058018 0.499247
    7 1.999994 -3.000001 0.000004 -1.570793 0.000002 -1.326448
    8 2.033349 1.000771 -1.937607 -1.218129 1.206137 -2.912674
    9 6.028143 0.000002 -0.000004 0.923377 0.074368 -1.048439
    10 11.692545 0.000000 0.000000 -0.000011 0.000000 -0.362797
    11 11.481701 0.000000 0.000000 -0.751047 0.006970 0.171310
    12 2.676086 -1.712440 0.000000 -1.570793 0.000001 -1.570793
    13 2.033341 1.000767 1.937660 1.540691 -1.319245 2.999823
    14 6.028140 0.000002 0.000000 -1.334741 -0.077016 -1.090031
    15 11.692553 0.000000 0.000011 -0.000013 0.000000 -0.271144
    16 11.481667 0.000000 -0.000031 1.991799 0.050394 0.021289
    17 2.676086 -1.712440 0.000004 1.570793 0.000005 1.570793
    18 -3.890452 0.000004 0.000004 -1.253514 -0.482227 -1.629304
    19 17.848171 0.000000 0.000004 0.000009 0.000000 0.742024
    20 16.525251 0.000000 0.000004 0.075514 0.326305 -0.858178
    21 6.879454 0.000000 0.000008 -0.079914 -0.002055 -0.591609
    22 3.890452 -0.000004 -0.000004 -1.673196 0.036373 -1.699802
    23 17.848175 0.000000 -0.000004 0.000010 0.000000 0.149188
    24 16.525246 0.000000 0.000004 0.135207 -0.133506 -1.082887
    25 6.879452 0.000000 0.000000 -0.005885 -0.003148 -0.743268
    26 3.859703 -0.142403 -1.191975 -0.454210 0.125457 -0.727588
    27 1.312565 0.000001 0.000004 -0.168576 0.310526 -0.695409
    28 0.729362 0.000002 0.000004 -0.168575 0.310524 -0.538329
    29 3.942326 0.046774 -0.431438 -0.180314 0.236513 -0.665163
    30 1.539093 0.000001 0.000000 -0.102742 0.185414 -0.715744
    31 1.196320 -0.000001 0.000004 -0.102743 0.185421 -0.539053
    32 3.883686 -0.046767 0.431446 0.132500 0.038417 -0.577108
    33 1.719570 0.000002 0.000004 -0.032705 0.058460 -0.470191
    34 1.209183 -0.000001 -0.000004 -0.032706 0.058463 -0.411280
    35 3.859859 -0.137950 1.332462 0.521870 -0.068640 -0.464350
    36 1.719429 0.000002 0.000000 0.068756 -0.123349 -0.545078
    37 1.099670 0.000001 0.000004 0.068746 -0.123333 -0.270165
    38 0.806049 -0.348922 1.321259 -0.826856 -0.289357 -0.678286
    39 1.789787 0.000000 0.000004 0.030440 0.074684 0.204407
    40 1.207001 0.000000 -0.000004 0.004901 0.032015 0.303799
    41 3.859665 -0.132565 1.193108 0.154237 -0.057261 -1.683866
    42 1.312561 0.000000 0.000000 0.000000 0.000000 -0.627085
    43 0.729366 0.000002 0.000000 0.000000 0.000000 -1.021394
    44 3.942291 0.050330 0.431042 0.020416 -0.074382 -1.517442
    45 1.539097 0.000003 0.000000 0.000000 0.000000 -0.806822
    46 1.196320 0.000000 0.000000 0.000000 0.000000 -1.303469
    47 3.883648 -0.050325 -0.431044 -0.127900 -0.099349 -0.936271
    48 1.719574 -0.000005 0.000000 0.000000 0.000000 -1.100726
    49 1.209183 -0.000001 0.000000 0.000000 0.000000 -1.091479
    50 3.859825 -0.148935 -1.331284 -0.351999 -0.088877 -0.797488
    51 1.719425 0.000000 0.000000 0.000000 0.000000 -0.997179
    52 1.099663 0.000000 0.000000 0.000000 0.000000 -1.420907
    53 0.806015 -0.359835 -1.318335 1.372105 0.323488 -0.797750
    54 1.789780 0.000001 0.000000 0.000000 0.000000 0.612641
    55 1.207001 0.000000 0.000004 0.000000 0.000000 0.666342
    56 5.667969 -2.029297 -5.722656 1.991476 0.082321 -2.001942
  time 17
    0 1.931304 0.433612 38.156749 1.580797 0.042049 0.166054
    1 -0.124999 3.345128 -2.981903 1.570790 0.125282 1.615658
    2 4.018331 0.000000 0.000000 0.017064 0.021992 0.035438
    3 3.518564 0.000000 0.000000 0.015510 0.000407 0.137583
    4 8.942642 0.000000 0.000000 -0.011407 -0.028715 0.214585
    5 3.307269 0.000000 -0.000004 3.138800 0.000567 0.400476
    6 3.593710 -0.000001 -0.000004 -0.067170 -0.058018 0.499247
    7 1.999994 -3.000001 0.000004 -1.570793 0.000002 -1.326448
    8 2.033349 1.000771 -1.937607 -1.172025 1.200074 -2.863222
    9 6.028143 0.000002 -0.000004 0.914003 0.053915 -1.059888
    10 11.692545 0.000000 0.000000 -0.000011 0.000000 -0.353325
    11 11.481701 0.000000 0.000000 -0.751047 0.006970 0.171310
    12 2.676086 -1.712440 0.000000 -1.570793 0.000001 -1.570793
    13 2.033341 1.000767 1.937660 1.621450 -1.314067 2.916363
    14 6.028140 0.000002 0.000000 -1.360873 -0.101503 -1.067786
    15 11.692553 0.000000 0.000011 -0.000013 0.000000 -0.305413
    16 11.481667 0.000000 -0.000031 1.991799 0.050394 0.021289
    17 2.676086 -1.712440 0.000004 1.570793 0.000005 1.570793
    18 -3.890452 0.000004 0.000004 -1.206487 -0.510207 -1.587176
    19 17.848171 0.000000 0.000004 0.000009 0.000000 0.725505
    20 16.525251 0.000000 0.000004 -0.041812 0.232342 -0.869942
    21 6.879454 0.000000 0.000008 -0.080021 -0.002139 -0.593015
    22 3.890452 -0.000004 -0.000004 -1.681926 0.097722 -1.731286
    23 17.848175 0.000000 -0.000004 0.000010 0.000000 0.097226
    24 16.525246 0.000000 0.000004 0.168897 -0.131481 -1.052380
    25 6.879452 0.000000 0.000000 -0.005537 -0.003136 -0.781466
    26 3.859703 -0.142403 -1.191975 -0.454210 0.125457 -0.727588
    27 1.312565 0.000001 0.000004 -0.168576 0.310526 -0.695409
    28 0.729362 0.000002 0.000004 -0.168575 0.310524 -0.538329
    29 3.942326 0.046774 -0.431438 -0.180314 0.236513 -0.665163
    30 1.539093 0.000001 0.000000 -0.102742 0.185414 -0.715744
    31 1.196320 -0.000001 0.000004 -0.102743 0.185421 -0.539053
    32 3.883686 -0.046767 0.431446 0.132500 0.038417 -0.577108
    33 1.719570 0.000002 0.000004 -0.032705 0.058460 -0.470191
    34 1.209183 -0.000001 -0.000004 -0.032706 0.058463 -0.411280
    35 3.859859 -0.137950 1.332462 0.521870 -0.068640 -0.464350
    36 1.719429 0.000002 0.000000 0.068756 -0.123349 -0.545078
    37 1.099670 0.000001 0.000004 0.068746 -0.123345 -0.270165
    38 0.806049 -0.348922 1.321259 -0.826856 -0.289357 -0.678286
    39 1.789787 0.000000 0.000004 0.030440 0.074684 0.204407
    40 1.207001 0.000000 -0.000004 0.004901 0.032015 0.303799
    41 3.859665 -0.132565 1.193108 0.154237 -0.057261 -1.683866
    42 1.312561 0.000000 0.000000 0.000000 0.000000 -0.627085
    43 0.729366 0.000002 0.000000 0.000000 0.000000 -1.021394
    44 3.942291 0.050330 0.431042 0.020416 -0.074382 -1.517442
    45 1.539097 0.000003 0.000000 0.000000 0.000000 -0.806822
    46 1.196320 0.000000 0.000000 0.000000 0.000000 -1.303469
    47 3.883648 -0.050325 -0.431044 -0.127900 -0.099349 -0.936271
    48 1.719574 -0.000005 0.000000 0.000000 0.000000 -1.100726
    49 1.209183 -0.000001 0.000000 0.000000 0.000000 -1.091479
    50 3.859825 -0.148935 -1.331284 -0.351999 -0.088877 -0.797488
    51 1.719425 0.000000 0.000000 0.000000 0.000000 -0.997179
    52 1.099663 0.000000 0.000000 0.000000 0.000000 -1.420907
    53 0.806015 -0.359835 -1.318335 1.372063 0.323488 -0.797750
    54 1.789780 0.000001 0.000000 0.000000 0.000000 0.612641
    55 1.207001 0.000000 0.000004 0.000000 0.000000 0.666342
    56 5.667969 -2.029297 -5.722656 1.991476 0.082321 -2.001942
  time 18
    0 2.025057 0.328140 37.977056 1.580851 0.042049 0.175291
    1 -0.128905 3.345128 -2.981903 1.570693 0.125282 1.613333
    2 4.018331 0.000000 0.000000 0.012109 0.026019 0.033185
    3 3.518564 0.000000 0.000000 0.010344 0.004722 0.136301
    4 8.942642 0.000000 0.000000 -0.011815 -0.028679 0.217520
    5 3.307269 0.000000 -0.000004 3.138800 0.000567 0.400476
    6 3.593710 -0.000001 -0.000004 -0.067170 -0.058018 0.499247
    7 1.999994 -3.000001 0.000004 -1.570793 0.000002 -1.326448
    8 2.033349 1.000771 -1.937607 -1.131579 1.193931 -2.819785
    9 6.028143 0.000002 -0.000004 0.906099 0.038518 -1.071868
    10 11.692545 0.000000 0.000000 -0.000011 0.000000 -0.336422
    11 11.481701 0.000000 0.000000 -0.751047 0.006970 0.171310
    12 2.676086 -1.712440 0.000000 -1.570793 0.000001 -1.570793
    13 2.033341 1.000767 1.937660 1.691460 -1.307969 2.843860
    14 6.028140 0.000002 0.000000 -1.383614 -0.134355 -1.046751
    15 11.692553 0.000000 0.000011 -0.000013 0.000000 -0.321498
    16 11.481667 0.000000 -0.000031 1.991799 0.050394 0.021289
    17 2.676086 -1.712440 0.000004 1.570793 0.000005 1.570793
    18 -3.890452 0.000004 0.000004 -1.165419 -0.543235 -1.561222
    19 17.848171 0.000000 0.000004 0.000009 0.000000 0.742846
    20 16.525251 0.000000 0.000004 -0.134314 0.115872 -0.821027
    21 6.879454 0.000000 0.000008 -0.079602 -0.002390 -0.674695
    22 3.890452 -0.000004 -0.000004 -1.693184 0.149645 -1.760914
    23 17.848175 0.000000 -0.000004 0.000010 0.000000 0.065234
    24 16.525246 0.000000 0.000004 0.199893 -0.132855 -1.025972
    25 6.879452 0.000000 0.000000 -0.005178 -0.003124 -0.823945
    26 3.859703 -0.142403 -1.191975 -0.454210 0.125457 -0.727588
    27 1.312565 0.000001 0.000004 -0.168576 0.310526 -0.695409
    28 0.729362 0.000002 0.000004 -0.168575 0.310524 -0.538329
    29 3.942326 0.046774 -0.431438 -0.180314 0.236513 -0.665163
    30 1.539093 0.000001 0.000000 -0.102730 0.185414 -0.715744
    31 1.196320 -0.000001 0.000004 -0.102743 0.185421 -0.539053
    32 3.883686 -0.046767 0.431446 0.132500 0.038417 -0.577108
    33 1.719570 0.000002 0.000004 -0.032705 0.058460 -0.470191
    34 1.209183 -0.000001 -0.000004 -0.032706 0.058463 -0.411280
    35 3.859859 -0.137950 1.332462 0.521870 -0.068640 -0.464350
    36 1.719429 0.000002 0.000000 0.068756 -0.123349 -0.545078
    37 1.099670 0.000001 0.000004 0.068746 -0.123333 -0.270165
    38 0.806049 -0.348922 1.321259 -0.826856 -0.289357 -0.678286
    39 1.789787 0.000000 0.000004 0.030440 0.074684 0.204407
    40 1.207001 0.000000 -0.000004 0.004901 0.032015 0.303799
    41 3.859665 -0.132565 1.193108 0.154237 -0.057261 -1.683866
    42 1.312561 0.000000 0.000000 0.000000 0.000000 -0.627085
    43 0.729366 0.000002 0.000000 0.000000 0.000000 -1.021394
    44 3.942291 0.050330 0.431042 0.020416 -0.074382 -1.517442
    45 1.539097 0.000003 0.000000 0.000000 0.000000 -0.806822
    46 1.196320 0.000000 0.000000 0.000000 0.000000 -1.303469
    47 3.883648 -0.050325 -0.431044 -0.127900 -0.099349 -0.936271
    48 1.719574 -0.000005 0.000000 0.000000 0.000000 -1.100726
    49 1.209183 -0.000001 0.000000 0.000000 0.000000 -1.091479
    50 3.859825 -0.148935 -1.331284 -0.351999 -0.088877 -0.797488
    51 1.719425 0.000000 0.000000 0.000000 0.000000 -0.997179
    52 1.099663 0.000000 0.000000 0.000000 0.000000 -1.420907
    53 0.806015 -0.359835 -1.318335 1.372105 0.323488 -0.797750
    54 1.789780 0.000001 0.000000 0.000000 0.000000 0.612641
    55 1.207001 0.000000 0.000004 0.000000 0.000000 0.666342
    56 5.667969 -2.029297 -5.722656 1.991476 0.082321 -2.001942
  time 19
    0 2.056308 0.191417 37.770018 1.580851 0.042049 0.183467
    1 -0.124999 3.345128 -2.981903 1.570644 0.125282 1.610365
    2 4.018331 0.000000 0.000000 0.008034 0.031148 0.030872
    3 3.518564 0.000000 0.000000 0.006221 0.009240 0.135054
    4 8.942642 0.000000 0.000000 -0.012707 -0.030728 0.221393
    5 3.307269 0.000000 -0.000004 3.138800 0.000567 0.400476
    6 3.593710 -0.000001 -0.000004 -0.067170 -0.058018 0.499247
    7 1.999994 -3.000001 0.000004 -1.570793 0.000002 -1.326448
    8 2.033349 1.000771 -1.937607 -1.098369 1.188229 -2.784080
    9 6.028143 0.000002 -0.000004 0.900126 0.028335 -1.084661
    10 11.692545 0.000000 0.000000 -0.000011 0.000000 -0.314586
    11 11.481701 0.000000 0.000000 -0.751047 0.006970 0.171310
    12 2.676086 -1.712440 0.000000 -1.570793 0.000001 -1.570793
    13 2.033341 1.000767 1.937660 1.748260 -1.301727 2.784885
    14 6.028140 0.000002 0.000000 -1.402145 -0.170479 -1.027277
    15 11.692553 0.000000 0.000011 -0.000013 0.000000 -0.323107
    16 11.481667 0.000000 -0.000031 1.991799 0.050394 0.021289
    17 2.676086 -1.712440 0.000004 1.570793 0.000005 1.570793
    18 -3.890452 0.000004 0.000004 -1.131609 -0.566481 -1.539487
    19 17.848171 0.000000 0.000004 0.000009 0.000000 0.767289
    20 16.525251 0.000000 0.000004 -0.229045 -0.005191 -0.766081
    21 6.879454 0.000000 0.000008 -0.079087 -0.002642 -0.774460
    22 3.890452 -0.000004 -0.000004 -1.706564 0.176701 -1.785937
    23 17.848175 0.000000 -0.000004 0.000010 0.000000 0.084392
    24 16.525246 0.000000 0.000004 0.225633 -0.136924 -1.016868
    25 6.879452 0.000000 0.000000 -0.004794 -0.003100 -0.872721
    26 3.859703 -0.142403 -1.191975 -0.454210 0.125457 -0.727588
    27 1.312565 0.000001 0.000004 -0.168576 0.310526 -0.695409
    28 0.729362 0.000002 0.000004 -0.168575 0.310524 -0.538329
    29 3.942326 0.046774 -0.431438 -0.180314 0.236513 -0.665163
    30 1.539093 0.000001 0.000000 -0.102742 0.185414 -0.715744
    31 1.196320 -0.000001 0.000004 -0.102743 0.185421 -0.539053
    32 3.883686 -0.046767 0.431446 0.132500 0.038417 -0.577108
    33 1.719570 0.000002 0.000004 -0.032705 0.058460 -0.470191
    34 1.209183 -0.000001 -0.000004 -0.032706 0.058463 -0.411280
    35 3.859859 -0.137950 1.332462 0.521870 -0.068640 -0.464350
    36 1.719429 0.000002 0.000000 0.068756 -0.123349 -0.545078
    37 1.099670 0.000001 0.000004 0.068746 -0.123345 -0.270165
    38 0.806049 -0.348922 1.321259 -0.826856 -0.289357 -0.678286
    39 1.789787 0.000000 0.000004 0.030440 0.074684 0.204407
    40 1.207001 0.000000 -0.000004 0.004901 0.032015 0.303799
    41 3.859665 -0.132565 1.193108 0.154237 -0.057261 -1.683866
    42 1.312561 0.000000 0.000000 0.000000 0.000000 -0.627085
    43 0.729366 0.000002 0.000000 0.000000 0.000000 -1.021394
    44 3.942291 0.050330 0.431042 0.020416 -0.074382 -1.517442
    45 1.539097 0.000003 0.000000 0.000000 0.000000 -0.806822
    46 1.196320 0.000000 0.000000 0.000000 0.000000 -1.303469
    47 3.883648 -0.050325 -0.431044 -0.127900 -0.099349 -0.936271
    48 1.719574 -0.000005 0.000000 0.000000 0.000000 -1.100726
    49 1.209183 -0.000001 0.000000 0.000000 0.000000 -1.091479
    50 3.859825 -0.148935 -1.331284 -0.351999 -0.088877 -0.797488
    51 1.719425 0.000000 0.000000 0.000000 0.000000 -0.997179
    52 1.099663 0.000000 0.000000 0.000000 0.000000 -1.420907
    53 0.806015 -0.359835 -1.318335 1.372063 0.323488 -0.797750
    54 1.789780 0.000001 0.000000 0.000000 0.000000 0.612641
    55 1.207001 0.000000 0.000004 0.000000 0.000000 0.666342
    56 5.667969 -2.029297 -5.722656 1.991476 0.082321 -2.001942
  time 20
    0 2.001619 0.039069 37.543449 1.580906 0.042049 0.190054
    1 -0.124999 3.345128 -2.981903 1.570596 0.125282 1.606853
    2 4.018331 0.000000 0.000000 0.005024 0.037308 0.028703
    3 3.518564 0.000000 0.000000 0.003345 0.013794 0.134024
    4 8.942642 0.000000 0.000000 -0.014006 -0.034851 0.226065
    5 3.307269 0.000000 -0.000004 3.138800 0.000567 0.400476
    6 3.593710 -0.000001 -0.000004 -0.067170 -0.058018 0.499247
    7 1.999994 -3.000001 0.000004 -1.570793 0.000002 -1.326448
    8 2.033349 1.000771 -1.937607 -1.073508 1.183532 -2.757158
    9 6.028143 0.000002 -0.000004 0.896726 0.022982 -1.097206
    10 11.692545 0.000000 0.000000 -0.000011 0.000000 -0.291697
    11 11.481701 0.000000 0.000000 -0.751047 0.006970 0.171310
    12 2.676086 -1.712440 0.000000 -1.570793 0.000001 -1.570793
    13 2.033341 1.000767 1.937660 1.790430 -1.296307 2.740964
    14 6.028140 0.000002 0.000000 -1.415533 -0.201712 -1.011003
    15 11.692553 0.000000 0.000011 -0.000013 0.000000 -0.321218
    16 11.481667 0.000000 -0.000031 1.991799 0.050394 0.021289
    17 2.676086 -1.712440 0.000004 1.570793 0.000005 1.570793
    18 -3.890452 0.000004 0.000004 -1.111311 -0.565111 -1.512381
    19 17.848171 0.000000 0.000004 0.000009 0.000000 0.779398
    20 16.525251 0.000000 0.000004 -0.321530 -0.135423 -0.754216
    21 6.879454 0.000000 0.000008 -0.078811 -0.002810 -0.836005
    22 3.890452 -0.000004 -0.000004 -1.724594 0.165929 -1.799273
    23 17.848175 0.000000 -0.000004 0.000010 0.000000 0.181054
    24 16.525246 0.000000 0.000004 0.234915 -0.127412 -1.031338
    25 6.879452 0.000000 0.000000 -0.004423 -0.003088 -0.929607
    26 3.859703 -0.142403 -1.191975 -0.454210 0.125457 -0.727588
    27 1.312565 0.000001 0.000004 -0.168576 0.310526 -0.695409
    28 0.729362 0.000002 0.000004 -0.168575 0.310524 -0.538329
    29 3.942326 0.046774 -0.431438 -0.180314 0.236513 -0.665163
    30 1.539093 0.000001 0.000000 -0.102730 0.185414 -0.715744
    31 1.196320 -0.000001 0.000004 -0.102743 0.185421 -0.539053
    32 3.883686 -0.046767 0.431446 0.132500 0.038417 -0.577108
    33 1.719570 0.000002 0.000004 -0.032705 0.058460 -0.470191
    34 1.209183 -0.000001 -0.000004 -0.032706 0.058463 -0.411280
    35 3.859859 -0.137950 1.332462 0.521870 -0.068640 -0.464350
    36 1.719429 0.000002 0.000000 0.068756 -0.123349 -0.545078
    37 1.099670 0.000001 0.000004 0.068746 -0.123333 -0.270165
    38 0.806049 -0.348922 1.321259 -0.826856 -0.289357 -0.678286
    39 1.789787 0.000000 0.000004 0.030440 0.074684 0.204407
    40 1.207001 0.000000 -0.000004 0.004901 0.032015 0.303799
    41 3.859665 -0.132565 1.193108 0.154237 -0.057261 -1.683866
    42 1.312561 0.000000 0.000000 0.000000 0.000000 -0.627085
    43 0.729366 0.000002 0.000000 0.000000 0.000000 -1.021394
    44 3.942291 0.050330 0.431042 0.020416 -0.074382 -1.517442
    45 1.539097 0.000003 0.000000 0.000000 0.000000 -0.806822
    46 1.196320 0.000000 0.000000 0.000000 0.000000 -1.303469
    47 3.883648 -0.050325 -0.431044 -0.127900 -0.099349 -0.936271
    48 1.719574 -0.000005 0.000000 0.000000 0.000000 -1.100726
    49 1.209183 -0.000001 0.000000 0.000000 0.000000 -1.091479
    50 3.859825 -0.148935 -1.331284 -0.351999 -0.088877 -0.797488
    51 1.719425 0.000000 0.000000 0.000000 0.000000 -0.997179
    52 1.099663 0.000000 0.000000 0.000000 0.000000 -1.420907
    53 0.806015 -0.359835 -1.318335 1.372063 0.323488 -0.797750
    54 1.789780 0.000001 0.000000 0.000000 0.000000 0.612641
    55 1.207001 0.000000 0.000004 0.000000 0.000000 0.666342
    56 5.667969 -2.029297 -5.722656 1.991476 0.082321 -2.001942
  time 21
    0 1.845364 -0.136718 37.328598 1.580906 0.042049 0.194824
    1 -0.124999 3.345128 -2.981903 1.570596 0.125282 1.602796
    2 4.018331 0.000000 0.000000 0.003154 0.044535 0.026965
    3 3.518564 0.000000 0.000000 0.001847 0.018217 0.133317
    4 8.942642 0.000000 0.000000 -0.015510 -0.040256 0.231444
    5 3.307269 0.000000 -0.000004 3.138800 0.000567 0.400476
    6 3.593710 -0.000001 -0.000004 -0.067170 -0.058018 0.499247
    7 1.999994 -3.000001 0.000004 -1.570793 0.000002 -1.326448
    8 2.033349 1.000771 -1.937607 -1.057924 1.180360 -2.740356
    9 6.028143 0.000002 -0.000004 0.896542 0.021692 -1.107243
    10 11.692545 0.000000 0.000000 -0.000011 0.000000 -0.273347
    11 11.481701 0.000000 0.000000 -0.751047 0.006970 0.171310
    12 2.676086 -1.712440 0.000000 -1.570793 0.000001 -1.570793
    13 2.033341 1.000767 1.937660 1.816777 -1.292532 2.713525
    14 6.028140 0.000002 0.000000 -1.423250 -0.217666 -1.000348
    15 11.692553 0.000000 0.000011 -0.000013 0.000000 -0.331219
    16 11.481667 0.000000 -0.000031 1.991799 0.050394 0.021289
    17 2.676086 -1.712440 0.000004 1.570793 0.000005 1.570793
    18 -3.890452 0.000004 0.000004 -1.117212 -0.506071 -1.466482
    19 17.848171 0.000000 0.000004 0.000009 0.000000 0.729840
    20 16.525251 0.000000 0.000004 -0.363997 -0.306063 -0.853402
    21 6.879454 0.000000 0.000008 -0.079314 -0.002858 -0.774270
    22 3.890452 -0.000004 -0.000004 -1.749232 0.158944 -1.804979
    23 17.848175 0.000000 -0.000004 0.000010 0.000000 0.255679
    24 16.525246 0.000000 0.000004 0.219322 -0.111716 -0.931193
    25 6.879452 0.000000 0.000000 -0.004003 -0.003076 -0.996371
    26 3.859703 -0.142403 -1.191975 -0.454210 0.125457 -0.727588
    27 1.312565 0.000001 0.000004 -0.168576 0.310526 -0.695409
    28 0.729362 0.000002 0.000004 -0.168575 0.310524 -0.538329
    29 3.942326 0.046774 -0.431438 -0.180314 0.236513 -0.665163
    30 1.539093 0.000001 0.000000 -0.102742 0.185414 -0.715744
    31 1.196320 -0.000001 0.000004 -0.102743 0.185421 -0.539053
    32 3.883686 -0.046767 0.431446 0.132500 0.038417 -0.577108
    33 1.719570 0.000002 0.000004 -0.032705 0.058460 -0.470191
    34 1.209183 -0.000001 -0.000004 -0.032706 0.058463 -0.411280
    35 3.859859 -0.137950 1.332462 0.521870 -0.068640 -0.464350
    36 1.719429 0.000002 0.000000 0.068756 -0.123349 -0.545078
    37 1.099670 0.000001 0.000004 0.068746 -0.123345 -0.270165
    38 0.806049 -0.348922 1.321259 -0.826856 -0.289357 -0.678286
    39 1.789787 0.000000 0.000004 0.030440 0.074684 0.204407
    40 1.207001 0.000000 -0.000004 0.004901 0.032015 0.303799
    41 3.859665 -0.132565 1.193108 0.154237 -0.057261 -1.683866
    42 1.312561 0.000000 0.000000 0.000000 0.000000 -0.627085
    43 0.729366 0.000002 0.000000 0.000000 0.000000 -1.021394
    44 3.942291 0.050330 0.431042 0.020416 -0.074382 -1.517442
    45 1.539097 0.000003 0.000000 0.000000 0.000000 -0.806822
    46 1.196320 0.000000 0.000000 0.000000 0.000000 -1.303469
    47 3.883648 -0.050325 -0.431044 -0.127900 -0.099349 -0.936271
    48 1.719574 -0.000005 0.000000 0.000000 0.000000 -1.100726
    49 1.209183 -0.000001 0.000000 0.000000 0.000000 -1.091479
    50 3.859825 -0.148935 -1.331284 -0.351999 -0.088877 -0.797488
    51 1.719425 0.000000 0.000000 0.000000 0.000000 -0.997179
    52 1.099663 0.000000 0.000000 0.000000 0.000000 -1.420907
    53 0.806015 -0.359835 -1.318335 1.372063 0.323488 -0.797750
    54 1.789780 0.000001 0.000000 0.000000 0.000000 0.612641
    55 1.207001 0.000000 0.000004 0.000000 0.000000 0.666342
    56 5.667969 -2.029297 -5.722656 1.991476 0.082321 -2.001942
  time 22
    0 1.579731 -0.335943 37.160625 1.580906 0.042049 0.197549
    1 -0.124999 3.345128 -2.981903 1.570644 0.125270 1.598195
    2 4.018331 0.000000 0.000000 0.002593 0.052732 0.025851
    3 3.518564 0.000000 0.000000 0.001955 0.022303 0.133089
    4 8.942642 0.000000 0.000000 -0.016963 -0.046165 0.237407
    5 3.307269 0.000000 -0.000004 3.138800 0.000567 0.400476
    6 3.593710 -0.000001 -0.000004 -0.067170 -0.058018 0.499247
    7 1.999994 -3.000001 0.000004 -1.570793 0.000002 -1.326448
    8 2.033349 1.000771 -1.937607 -1.052543 1.179276 -2.734533
    9 6.028143 0.000002 -0.000004 0.900034 0.023366 -1.112296
    10 11.692545 0.000000 0.000000 -0.000011 0.000000 -0.265915
    11 11.481701 0.000000 0.000000 -0.751047 0.006970 0.171310
    12 2.676086 -1.712440 0.000000 -1.570793 0.000001 -1.570793
    13 2.033341 1.000767 1.937660 1.825883 -1.291032 2.703903
    14 6.028140 0.000002 0.000000 -1.424185 -0.209908 -0.998202
    15 11.692553 0.000000 0.000011 -0.000013 0.000000 -0.364439
    16 11.481667 0.000000 -0.000031 1.991799 0.050394 0.021289
    17 2.676086 -1.712440 0.000004 1.570793 0.000005 1.570793
    18 -3.890452 0.000004 0.000004 -1.137215 -0.398971 -1.405495
    19 17.848171 0.000000 0.000004 0.000009 0.000000 0.595817
    20 16.525251 0.000000 0.000004 -0.328390 -0.459621 -0.980087
    21 6.879454 0.000000 0.000008 -0.080357 -0.002870 -0.660221
    22 3.890452 -0.000004 -0.000004 -1.785129 0.158818 -1.798448
    23 17.848175 0.000000 -0.000004 0.000010 0.000000 0.319474
    24 16.525246 0.000000 0.000004 0.211167 -0.065821 -0.834305
    25 6.879452 0.000000 0.000000 -0.003656 -0.003100 -1.063629
    26 3.859703 -0.142403 -1.191975 -0.454210 0.125457 -0.727588
    27 1.312565 0.000001 0.000004 -0.168576 0.310526 -0.695409
    28 0.729362 0.000002 0.000004 -0.168575 0.310524 -0.538329
    29 3.942326 0.046774 -0.431438 -0.180314 0.236513 -0.665163
    30 1.539093 0.000001 0.000000 -0.102742 0.185414 -0.715744
    31 1.196320 -0.000001 0.000004 -0.102743 0.185421 -0.539053
    32 3.883686 -0.046767 0.431446 0.132500 0.038417 -0.577108
    33 1.719570 0.000002 0.000004 -0.032705 0.058460 -0.470191
    34 1.209183 -0.000001 -0.000004 -0.032706 0.058463 -0.411280
    35 3.859859 -0.137950 1.332462 0.521870 -0.068640 -0.464350
    36 1.719429 0.000002 0.000000 0.068756 -0.123349 -0.545078
    37 1.099670 0.000001 0.000004 0.068746 -0.123345 -0.270165
    38 0.806049 -0.348922 1.321259 -0.826856 -0.289357 -0.678286
    39 1.789787 0.000000 0.000004 0.030440 0.074684 0.204407
    40 1.207001 0.000000 -0.000004 0.004901 0.032015 0.303799
    41 3.859665 -0.132565 1.193108 0.154237 -0.057261 -1.683866
    42 1.312561 0.000000 0.000000 0.000000 0.000000 -0.627085
    43 0.729366 0.000002 0.000000 0.000000 0.000000 -1.021394
    44 3.942291 0.050330 0.431042 0.020416 -0.074382 -1.517442
    45 1.539097 0.000003 0.000000 0.000000 0.000000 -0.806822
    46 1.196320 0.000000 0.000000 0.000000 0.000000 -1.303469
    47 3.883648 -0.050325 -0.431044 -0.127900 -0.099349 -0.936271
    48 1.719574 -0.000005 0.000000 0.000000 0.000000 -1.100726
    49 1.209183 -0.000001 0.000000 0.000000 0.000000 -1.091479
    50 3.859825 -0.148935 -1.331284 -0.351999 -0.088877 -0.797488
    51 1.719425 0.000000 0.000000 0.000000 0.000000 -0.997179
    52 1.099663 0.000000 0.000000 0.000000 0.000000 -1.420907
    53 0.806015 -0.359835 -1.318335 1.372063 0.323488 -0.797750
    54 1.789780 0.000001 0.000000 0.000000 0.000000 0.612641
    55 1.207001 0.000000 0.000004 0.000000 0.000000 0.666342
    56 5.667969 -2.029297 -5.722656 1.991476 0.082321 -2.001942
  time 23
    0 1.306285 -0.539074 37.047340 1.580906 0.042049 0.197625
    1 -0.124999 3.345128 -2.981903 1.570644 0.125270 1.593298
    2 4.018331 0.000000 0.000000 0.003229 0.061169 0.025731
    3 3.518564 0.000000 0.000000 0.003405 0.025851 0.133520
    4 8.942642 0.000000 0.000000 -0.018199 -0.051714 0.243354
    5 3.307269 0.000000 -0.000004 3.138800 0.000567 0.400476
    6 3.593710 -0.000001 -0.000004 -0.067170 -0.058018 0.499247
    7 1.999994 -3.000001 0.000004 -1.570793 0.000002 -1.326448
    8 2.033349 1.000771 -1.937607 -1.058109 1.180440 -2.740547
    9 6.028143 0.000002 -0.000004 0.906283 0.027620 -1.110211
    10 11.692545 0.000000 0.000000 -0.000011 0.000000 -0.273084
    11 11.481701 0.000000 0.000000 -0.751047 0.006970 0.171310
    12 2.676086 -1.712440 0.000000 -1.570793 0.000001 -1.570793
    13 2.033341 1.000767 1.937660 1.816553 -1.292290 2.713716
    14 6.028140 0.000002 0.000000 -1.419157 -0.181643 -1.003392
    15 11.692553 0.000000 0.000011 -0.000013 0.000000 -0.417451
    16 11.481667 0.000000 -0.000031 1.991799 0.050394 0.021289
    17 2.676086 -1.712440 0.000004 1.570793 0.000005 1.570793
    18 -3.890452 0.000004 0.000004 -1.150845 -0.315174 -1.363111
    19 17.848171 0.000000 0.000004 0.000009 0.000000 0.489675
    20 16.525251 0.000000 0.000004 -0.351780 -0.478545 -1.013668
    21 6.879454 0.000000 0.000008 -0.080729 -0.002942 -0.634919
    22 3.890452 -0.000004 -0.000004 -1.829103 0.129532 -1.773632
    23 17.848175 0.000000 -0.000004 0.000010 0.000000 0.453761
    24 16.525246 0.000000 0.000004 0.221562 -0.000487 -0.810851
    25 6.879452 0.000000 0.000000 -0.003512 -0.003088 -1.089602
    26 3.859703 -0.142403 -1.191975 -0.454210 0.125457 -0.727588
    27 1.312565 0.000001 0.000004 -0.168576 0.310526 -0.695409
    28 0.729362 0.000002 0.000004 -0.168575 0.310524 -0.538329
    29 3.942326 0.046774 -0.431438 -0.180314 0.236513 -0.665163
    30 1.539093 0.000001 0.000000 -0.102742 0.185414 -0.715744
    31 1.196320 -0.000001 0.000004 -0.102743 0.185421 -0.539053
    32 3.883686 -0.046767 0.431446 0.132500 0.038417 -0.577108
    33 1.719570 0.000002 0.000004 -0.032705 0.058460 -0.470191
    34 1.209183 -0.000001 -0.000004 -0.032706 0.058463 -0.411280
    35 3.859859 -0.137950 1.332462 0.521870 -0.068640 -0.464350
    36 1.719429 0.000002 0.000000 0.068756 -0.123349 -0.545078
    37 1.099670 0.000001 0.000004 0.068746 -0.123345 -0.270165
    38 0.806049 -0.348922 1.321259 -0.826856 -0.289357 -0.678286
    39 1.789787 0.000000 0.000004 0.030440 0.074684 0.204407
    40 1.207001 0.000000 -0.000004 0.004901 0.032015 0.303799
    41 3.859665 -0.132565 1.193108 0.154237 -0.057261 -1.683866
    42 1.312561 0.000000 0.000000 0.000000 0.000000 -0.627085
    43 0.729366 0.000002 0.000000 0.000000 0.000000 -1.021394
    44 3.942291 0.050330 0.431042 0.020416 -0.074382 -1.517442
    45 1.539097 0.000003 0.000000 0.000000 0.000000 -0.806822
    46 1.196320 0.000000 0.000000 0.000000 0.000000 -1.303469
    47 3.883648 -0.050325 -0.431044 -0.127900 -0.099349 -0.936271
    48 1.719574 -0.000005 0.000000 0.000000 0.000000 -1.100726
    49 1.209183 -0.000001 0.000000 0.000000 0.000000 -1.091479
    50 3.859825 -0.148935 -1.331284 -0.351999 -0.088877 -0.797488
    51 1.719425 0.000000 0.000000 0.000000 0.000000 -0.997179
    52 1.099663 0.000000 0.000000 0.000000 0.000000 -1.420907
    53 0.806015 -0.359835 -1.318335 1.372063 0.323488 -0.797750
    54 1.789780 0.000001 0.000000 0.000000 0.000000 0.612641
    55 1.207001 0.000000 0.000004 0.000000 0.000000 0.666342
    56 5.667969 -2.029297 -5.722656 1.991476 0.082321 -2.001942
  time 24
    0 1.157843 -0.718767 37.019995 1.580906 0.042049 0.194748
    1 -0.124999 3.345128 -2.981903 1.570450 0.125258 1.588499
    2 4.018331 0.000000 0.000000 0.004855 0.068612 0.026558
    3 3.518564 0.000000 0.000000 0.005838 0.028679 0.134443
    4 8.942642 0.000000 0.000000 -0.019218 -0.056663 0.248656
    5 3.307269 0.000000 -0.000004 3.138800 0.000567 0.400476
    6 3.593710 -0.000001 -0.000004 -0.067170 -0.058018 0.499247
    7 1.999994 -3.000001 0.000004 -1.570793 0.000002 -1.326448
    8 2.033349 1.000771 -1.937607 -1.073972 1.183612 -2.757827
    9 6.028143 0.000002 -0.000004 0.913727 0.034421 -1.101801
    10 11.692545 0.000000 0.000000 -0.000011 0.000000 -0.292552
    11 11.481701 0.000000 0.000000 -0.751047 0.006970 0.171310
    12 2.676086 -1.712440 0.000000 -1.570793 0.000001 -1.570793
    13 2.033341 1.000767 1.937660 1.789982 -1.295774 2.741440
    14 6.028140 0.000002 0.000000 -1.409745 -0.143159 -1.012173
    15 11.692553 0.000000 0.000011 -0.000013 0.000000 -0.477456
    16 11.481667 0.000000 -0.000031 1.991799 0.050394 0.021289
    17 2.676086 -1.712440 0.000004 1.570793 0.000005 1.570793
    18 -3.890452 0.000004 0.000004 -1.165242 -0.243726 -1.339011
    19 17.848171 0.000000 0.000004 0.000009 0.000000 0.407975
    20 16.525251 0.000000 0.000004 -0.484541 -0.382812 -1.001955
    21 6.879454 0.000000 0.000008 -0.080621 -0.002978 -0.649545
    22 3.890452 -0.000004 -0.000004 -1.881153 0.095871 -1.733761
    23 17.848175 0.000000 -0.000004 0.000010 0.000000 0.603262
    24 16.525246 0.000000 0.000004 0.248444 0.070145 -0.825020
    25 6.879452 0.000000 0.000000 -0.003560 -0.003064 -1.076842
    26 3.859703 -0.142403 -1.191975 -0.454210 0.125457 -0.727588
    27 1.312565 0.000001 0.000004 -0.168576 0.310526 -0.695409
    28 0.729362 0.000002 0.000004 -0.168575 0.310524 -0.538329
    29 3.942326 0.046774 -0.431438 -0.180314 0.236513 -0.665163
    30 1.539093 0.000001 0.000000 -0.102742 0.185414 -0.715744
    31 1.196320 -0.000001 0.000004 -0.102743 0.185421 -0.539053
    32 3.883686 -0.046767 0.431446 0.132500 0.038417 -0.577108
    33 1.719570 0.000002 0.000004 -0.032705 0.058460 -0.470191
    34 1.209183 -0.000001 -0.000004 -0.032706 0.058463 -0.411280
    35 3.859859 -0.137950 1.332462 0.521870 -0.068640 -0.464350
    36 1.719429 0.000002 0.000000 0.068756 -0.123349 -0.545078
    37 1.099670 0.000001 0.000004 0.068746 -0.123333 -0.270165
    38 0.806049 -0.348922 1.321259 -0.826856 -0.289357 -0.678286
    39 1.789787 0.000000 0.000004 0.030440 0.074684 0.204407
    40 1.207001 0.000000 -0.000004 0.004901 0.032015 0.303799
    41 3.859665 -0.132565 1.193108 0.154237 -0.057261 -1.683866
    42 1.312561 0.000000 0.000000 0.000000 0.000000 -0.627085
    43 0.729366 0.000002 0.000000 0.000000 0.000000 -1.021394
    44 3.942291 0.050330 0.431042 0.020416 -0.074382 -1.517442
    45 1.539097 0.000003 0.000000 0.000000 0.000000 -0.806822
    46 1.196320 0.000000 0.000000 0.000000 0.000000 -1.303469
    47 3.883648 -0.050325 -0.431044 -0.127900 -0.099349 -0.936271
    48 1.719574 -0.000005 0.000000 0.000000 0.000000 -1.100726
    49 1.209183 -0.000001 0.000000 0.000000 0.000000 -1.091479
    50 3.859825 -0.148935 -1.331284 -0.351999 -0.088877 -0.797488
    51 1.719425 0.000000 0.000000 0.000000 0.000000 -0.997179
    52 1.099663 0.000000 0.000000 0.000000 0.000000 -1.420907
    53 0.806015 -0.359835 -1.318335 1.372063 0.323488 -0.797750
    54 1.789780 0.000001 0.000000 0.000000 0.000000 0.612641
    55 1.207001 0.000000 0.000004 0.000000 0.000000 0.666342
    56 5.667969 -2.029297 -5.722656 1.991476 0.082321 -2.001942
  time 25
    0 1.103154 -0.875022 37.098123 1.580906 0.042049 0.189524
    1 -0.124999 3.345128 -2.981903 1.570157 0.125246 1.583997
    2 4.018331 0.000000 0.000000 0.007379 0.074281 0.028044
    3 3.518564 0.000000 0.000000 0.009146 0.030764 0.135749
    4 8.942642 0.000000 0.000000 -0.020008 -0.060978 0.253205
    5 3.307269 0.000000 -0.000004 3.138800 0.000567 0.400476
    6 3.593710 -0.000001 -0.000004 -0.067170 -0.058018 0.499247
    7 1.999994 -3.000001 0.000004 -1.570793 0.000002 -1.326448
    8 2.033349 1.000771 -1.937607 -1.099111 1.188350 -2.784844
    9 6.028143 0.000002 -0.000004 0.921998 0.044482 -1.089467
    10 11.692545 0.000000 0.000000 -0.000011 0.000000 -0.318072
    11 11.481701 0.000000 0.000000 -0.751047 0.006970 0.171310
    12 2.676086 -1.712440 0.000000 -1.570793 0.000001 -1.570793
    13 2.033341 1.000767 1.937660 1.747737 -1.300952 2.785457
    14 6.028140 0.000002 0.000000 -1.396299 -0.099682 -1.023179
    15 11.692553 0.000000 0.000011 -0.000013 0.000000 -0.534455
    16 11.481667 0.000000 -0.000031 1.991799 0.050394 0.021289
    17 2.676086 -1.712440 0.000004 1.570793 0.000005 1.570793
    18 -3.890452 0.000004 0.000004 -1.182176 -0.159814 -1.318490
    19 17.848171 0.000000 0.000004 0.000009 0.000000 0.307215
    20 16.525251 0.000000 0.000004 -0.590127 -0.276696 -0.994716
    21 6.879454 0.000000 0.000008 -0.080477 -0.002990 -0.664666
    22 3.890452 -0.000004 -0.000004 -1.947807 0.085520 -1.676429
    23 17.848175 0.000000 -0.000004 0.000010 0.000000 0.707938
    24 16.525246 0.000000 0.000004 0.291929 0.145533 -0.837500
    25 6.879452 0.000000 0.000000 -0.003799 -0.003004 -1.025802
    26 3.859703 -0.142403 -1.191975 -0.454210 0.125457 -0.727588
    27 1.312565 0.000001 0.000004 -0.168576 0.310526 -0.695409
    28 0.729362 0.000002 0.000004 -0.168575 0.310524 -0.538329
    29 3.942326 0.046774 -0.431438 -0.180314 0.236513 -0.665163
    30 1.539093 0.000001 0.000000 -0.102730 0.185414 -0.715744
    31 1.196320 -0.000001 0.000004 -0.102743 0.185421 -0.539053
    32 3.883686 -0.046767 0.431446 0.132500 0.038417 -0.577108
    33 1.719570 0.000002 0.000004 -0.032705 0.058460 -0.470191
    34 1.209183 -0.000001 -0.000004 -0.032706 0.058463 -0.411280
    35 3.859859 -0.137950 1.332462 0.521870 -0.068640 -0.464350
    36 1.719429 0.000002 0.000000 0.068756 -0.123349 -0.545078
    37 1.099670 0.000001 0.000004 0.068746 -0.123345 -0.270165
    38 0.806049 -0.348922 1.321259 -0.826856 -0.289357 -0.678286
    39 1.789787 0.000000 0.000004 0.030440 0.074684 0.204407
    40 1.207001 0.000000 -0.000004 0.004901 0.032015 0.303799
    41 3.859665 -0.132565 1.193108 0.154237 -0.057261 -1.683866
    42 1.312561 0.000000 0.000000 0.000000 0.000000 -0.627085
    43 0.729366 0.000002 0.000000 0.000000 0.000000 -1.021394
    44 3.942291 0.050330 0.431042 0.020416 -0.074382 -1.517442
    45 1.539097 0.000003 0.000000 0.000000 0.000000 -0.806822
    46 1.196320 0.000000 0.000000 0.000000 0.000000 -1.303469
    47 3.883648 -0.050325 -0.431044 -0.127900 -0.099349 -0.936271
    48 1.719574 -0.000005 0.000000 0.000000 0.000000 -1.100726
    49 1.209183 -0.000001 0.000000 0.000000 0.000000 -1.091479
    50 3.859825 -0.148935 -1.331284 -0.351999 -0.088877 -0.797488
    51 1.719425 0.000000 0.000000 0.000000 0.000000 -0.997179
    52 1.099663 0.000000 0.000000 0.000000 0.000000 -1.420907
    53 0.806015 -0.359835 -1.318335 1.372063 0.323488 -0.797750
    54 1.789780 0.000001 0.000000 0.000000 0.000000 0.612641
    55 1.207001 0.000000 0.000004 0.000000 0.000000 0.666342
    56 5.667969 -2.029297 -5.722656 1.991476 0.082321 -2.001942
  time 26
    0 1.138311 -1.003932 37.277816 1.580851 0.042049 0.182256
    1 -0.124999 3.345128 -2.981903 1.569817 0.125234 1.580139
    2 4.018331 0.000000 0.000000 0.010707 0.077876 0.029938
    3 3.518564 0.000000 0.000000 0.013184 0.032071 0.137224
    4 8.942642 0.000000 0.000000 -0.020607 -0.064621 0.256847
    5 3.307269 0.000000 -0.000004 3.138800 0.000567 0.400476
    6 3.593710 -0.000001 -0.000004 -0.067170 -0.058018 0.499247
    7 1.999994 -3.000001 0.000004 -1.570793 0.000002 -1.326448
    8 2.033349 1.000771 -1.937607 -1.132321 1.194051 -2.820548
    9 6.028143 0.000002 -0.000004 0.930637 0.058588 -1.075190
    10 11.692545 0.000000 0.000000 -0.000011 0.000000 -0.343591
    11 11.481701 0.000000 0.000000 -0.751047 0.006970 0.171310
    12 2.676086 -1.712440 0.000000 -1.570793 0.000001 -1.570793
    13 2.033341 1.000767 1.937660 1.691012 -1.307002 2.844241
    14 6.028140 0.000002 0.000000 -1.379054 -0.054890 -1.035316
    15 11.692553 0.000000 0.000011 -0.000013 0.000000 -0.582011
    16 11.481667 0.000000 -0.000031 1.991799 0.050394 0.021289
    17 2.676086 -1.712440 0.000004 1.570793 0.000005 1.570793
    18 -3.890452 0.000004 0.000004 -1.199996 -0.135143 -1.339906
    19 17.848171 0.000000 0.000004 0.000009 0.000000 0.341972
    20 16.525251 0.000000 0.000004 -0.556658 -0.257231 -1.040412
    21 6.879454 0.000000 0.000008 -0.080249 -0.003013 -0.689284
    22 3.890452 -0.000004 -0.000004 -2.027596 0.099994 -1.602393
    23 17.848175 0.000000 -0.000004 0.000010 0.000000 0.754266
    24 16.525246 0.000000 0.000004 0.346117 0.217902 -0.831953
    25 6.879452 0.000000 0.000000 -0.004207 -0.002884 -0.937510
    26 3.859703 -0.142403 -1.191975 -0.454210 0.125457 -0.727588
    27 1.312565 0.000001 0.000004 -0.168576 0.310526 -0.695409
    28 0.729362 0.000002 0.000004 -0.168575 0.310524 -0.538329
    29 3.942326 0.046774 -0.431438 -0.180314 0.236513 -0.665163
    30 1.539093 0.000001 0.000000 -0.102742 0.185414 -0.715744
    31 1.196320 -0.000001 0.000004 -0.102743 0.185421 -0.539053
    32 3.883686 -0.046767 0.431446 0.132500 0.038417 -0.577108
    33 1.719570 0.000002 0.000004 -0.032705 0.058460 -0.470191
    34 1.209183 -0.000001 -0.000004 -0.032706 0.058463 -0.411280
    35 3.859859 -0.137950 1.332462 0.521870 -0.068640 -0.464350
    36 1.719429 0.000002 0.000000 0.068756 -0.123349 -0.545078
    37 1.099670 0.000001 0.000004 0.068746 -0.123345 -0.270165
    38 0.806049 -0.348922 1.321259 -0.826856 -0.289357 -0.678286
    39 1.789787 0.000000 0.000004 0.030440 0.074684 0.204407
    40 1.207001 0.000000 -0.000004 0.004901 0.032015 0.303799
    41 3.859665 -0.132565 1.193108 0.154237 -0.057261 -1.683866
    42 1.312561 0.000000 0.000000 0.000000 0.000000 -0.627085
    43 0.729366 0.000002 0.000000 0.000000 0.000000 -1.021394
    44 3.942291 0.050330 0.431042 0.020416 -0.074382 -1.517442
    45 1.539097 0.000003 0.000000 0.000000 0.000000 -0.806822
    46 1.196320 0.000000 0.000000 0.000000 0.000000 -1.303469
    47 3.883648 -0.050325 -0.431044 -0.127900 -0.099349 -0.936271
    48 1.719574 -0.000005 0.000000 0.000000 0.000000 -1.100726
    49 1.209183 -0.000001 0.000000 0.000000 0.000000 -1.091479
    50 3.859825 -0.148935 -1.331284 -0.351999 -0.088877 -0.797488
    51 1.719425 0.000000 0.000000 0.000000 0.000000 -0.997179
    52 1.099663 0.000000 0.000000 0.000000 0.000000 -1.420907
    53 0.806015 -0.359835 -1.318335 1.372063 0.323488 -0.797750
    54 1.789780 0.000001 0.000000 0.000000 0.000000 0.612641
    55 1.207001 0.000000 0.000004 0.000000 0.000000 0.666342
    56 5.667969 -2.029297 -5.722656 1.991476 0.082321 -2.001942
  time 27
    0 1.232064 -1.117217 37.492666 1.580851 0.042049 0.173246
    1 -0.124999 3.345128 -2.981903 1.569427 0.125222 1.577171
    2 4.018331 0.000000 0.000000 0.014727 0.079781 0.031951
    3 3.518564 0.000000 0.000000 0.017811 0.032490 0.138662
    4 8.942642 0.000000 0.000000 -0.020977 -0.067569 0.259506
    5 3.307269 0.000000 -0.000004 3.138800 0.000567 0.400476
    6 3.593710 -0.000001 -0.000004 -0.067170 -0.058018 0.499247
    7 1.999994 -3.000001 0.000004 -1.570793 0.000002 -1.326448
    8 2.033349 1.000771 -1.937607 -1.172396 1.200154 -2.863699
    9 6.028143 0.000002 -0.000004 0.939643 0.077036 -1.059818
    10 11.692545 0.000000 0.000000 -0.000011 0.000000 -0.364441
    11 11.481701 0.000000 0.000000 -0.751047 0.006970 0.171310
    12 2.676086 -1.712440 0.000000 -1.570793 0.000001 -1.570793
    13 2.033341 1.000767 1.937660 1.621375 -1.313002 2.916554
    14 6.028140 0.000002 0.000000 -1.358417 -0.011683 -1.048273
    15 11.692553 0.000000 0.000011 -0.000013 0.000000 -0.615791
    16 11.481667 0.000000 -0.000031 1.991799 0.050394 0.021289
    17 2.676086 -1.712440 0.000004 1.570793 0.000005 1.570793
    18 -3.890452 0.000004 0.000004 -1.218701 -0.124105 -1.365477
    19 17.848171 0.000000 0.000004 0.000009 0.000000 0.396389
    20 16.525251 0.000000 0.000004 -0.515357 -0.214205 -1.067358
    21 6.879454 0.000000 0.000008 -0.079758 -0.003037 -0.745055
    22 3.890452 -0.000004 -0.000004 -2.108772 0.128985 -1.520657
    23 17.848175 0.000000 -0.000004 0.000010 0.000000 0.765284
    24 16.525246 0.000000 0.000004 0.372413 0.320396 -0.909308
    25 6.879452 0.000000 0.000000 -0.004722 -0.002704 -0.833247
    26 3.859703 -0.142403 -1.191975 -0.454210 0.125457 -0.727588
    27 1.312565 0.000001 0.000004 -0.168576 0.310526 -0.695409
    28 0.729362 0.000002 0.000004 -0.168575 0.310524 -0.538329
    29 3.942326 0.046774 -0.431438 -0.180314 0.236513 -0.665163
    30 1.539093 0.000001 0.000000 -0.102742 0.185414 -0.715744
    31 1.196320 -0.000001 0.000004 -0.102743 0.185421 -0.539053
    32 3.883686 -0.046767 0.431446 0.132500 0.038417 -0.577108
    33 1.719570 0.000002 0.000004 -0.032705 0.058460 -0.470191
    34 1.209183 -0.000001 -0.000004 -0.032706 0.058463 -0.411280
    35 3.859859 -0.137950 1.332462 0.521870 -0.068640 -0.464350
    36 1.719429 0.000002 0.000000 0.068756 -0.123349 -0.545078
    37 1.099670 0.000001 0.000004 0.068746 -0.123345 -0.270165
    38 0.806049 -0.348922 1.321259 -0.826856 -0.289357 -0.678286
    39 1.789787 0.000000 0.000004 0.030440 0.074684 0.204407
    40 1.207001 0.000000 -0.000004 0.004901 0.032015 0.303799
    41 3.859665 -0.132565 1.193108 0.154237 -0.057261 -1.683866
    42 1.312561 0.000000 0.000000 0.000000 0.000000 -0.627085
    43 0.729366 0.000002 0.000000 0.000000 0.000000 -1.021394
    44 3.942291 0.050330 0.431042 0.020416 -0.074382 -1.517442
    45 1.539097 0.000003 0.000000 0.000000 0.000000 -0.806822
    46 1.196320 0.000000 0.000000 0.000000 0.000000 -1.303469
    47 3.883648 -0.050325 -0.431044 -0.127900 -0.099349 -0.936271
    48 1.719574 -0.000005 0.000000 0.000000 0.000000 -1.100726
    49 1.209183 -0.000001 0.000000 0.000000 0.000000 -1.091479
    50 3.859825 -0.148935 -1.331284 -0.351999 -0.088877 -0.797488
    51 1.719425 0.000000 0.000000 0.000000 0.000000 -0.997179
    52 1.099663 0.000000 0.000000 0.000000 0.000000 -1.420907
    53 0.806015 -0.359835 -1.318335 1.372063 0.323488 -0.797750
    54 1.789780 0.000001 0.000000 0.000000 0.000000 0.612641
    55 1.207001 0.000000 0.000004 0.000000 0.000000 0.666342
    56 5.667969 -2.029297 -5.722656 1.991476 0.082321 -2.001942
  time 28
    0 1.380506 -1.195344 37.730954 1.580797 0.042049 0.162950
    1 -0.124999 3.345128 -2.981903 1.569135 0.125210 1.575291
    2 4.018331 0.000000 0.000000 0.019307 0.080441 0.033797
    3 3.518564 0.000000 0.000000 0.022940 0.032023 0.139944
    4 8.942642 0.000000 0.000000 -0.021168 -0.069834 0.261027
    5 3.307269 0.000000 -0.000004 3.138800 0.000567 0.400476
    6 3.593710 -0.000001 -0.000004 -0.067170 -0.058018 0.499247
    7 1.999994 -3.000001 0.000004 -1.570793 0.000002 -1.326448
    8 2.033349 1.000771 -1.937607 -1.218315 1.206137 -2.912769
    9 6.028143 0.000002 -0.000004 0.948374 0.099460 -1.043632
    10 11.692545 0.000000 0.000000 -0.000011 0.000000 -0.377858
    11 11.481701 0.000000 0.000000 -0.751047 0.006970 0.171310
    12 2.676086 -1.712440 0.000000 -1.570793 0.000001 -1.570793
    13 2.033341 1.000767 1.937660 1.541065 -1.318180 2.999442
    14 6.028140 0.000002 0.000000 -1.334858 0.027982 -1.061659
    15 11.692553 0.000000 0.000011 -0.000013 0.000000 -0.633555
    16 11.481667 0.000000 -0.000031 1.991799 0.050394 0.021289
    17 2.676086 -1.712440 0.000004 1.570793 0.000005 1.570793
    18 -3.890452 0.000004 0.000004 -1.239588 -0.107762 -1.390344
    19 17.848171 0.000000 0.000004 0.000009 0.000000 0.434361
    20 16.525251 0.000000 0.000004 -0.459559 -0.165271 -1.079926
    21 6.879454 0.000000 0.000008 -0.079290 -0.003061 -0.805232
    22 3.890452 -0.000004 -0.000004 -2.175181 0.169337 -1.455007
    23 17.848175 0.000000 -0.000004 0.000010 0.000000 0.714324
    24 16.525246 0.000000 0.000004 0.355224 0.426923 -0.991184
    25 6.879452 0.000000 0.000000 -0.005333 -0.002500 -0.720341
    26 3.859703 -0.142403 -1.191975 -0.454210 0.125457 -0.727588
    27 1.312565 0.000001 0.000004 -0.168576 0.310526 -0.695409
    28 0.729362 0.000002 0.000004 -0.168575 0.310524 -0.538329
    29 3.942326 0.046774 -0.431438 -0.180314 0.236513 -0.665163
    30 1.539093 0.000001 0.000000 -0.102742 0.185414 -0.715744
    31 1.196320 -0.000001 0.000004 -0.102743 0.185421 -0.539053
    32 3.883686 -0.046767 0.431446 0.132500 0.038417 -0.577108
    33 1.719570 0.000002 0.000004 -0.032705 0.058460 -0.470191
    34 1.209183 -0.000001 -0.000004 -0.032706 0.058463 -0.411280
    35 3.859859 -0.137950 1.332462 0.521870 -0.068640 -0.464350
    36 1.719429 0.000002 0.000000 0.068756 -0.123349 -0.545078
    37 1.099670 0.000001 0.000004 0.068746 -0.123345 -0.270165
    38 0.806049 -0.348922 1.321259 -0.826856 -0.289357 -0.678286
    39 1.789787 0.000000 0.000004 0.030440 0.074684 0.204407
    40 1.207001 0.000000 -0.000004 0.004901 0.032015 0.303799
    41 3.859665 -0.132565 1.193108 0.154237 -0.057261 -1.683866
    42 1.312561 0.000000 0.000000 0.000000 0.000000 -0.627085
    43 0.729366 0.000002 0.000000 0.000000 0.000000 -1.021394
    44 3.942291 0.050330 0.431042 0.020416 -0.074382 -1.517442
    45 1.539097 0.000003 0.000000 0.000000 0.000000 -0.806822
    46 1.196320 0.000000 0.000000 0.000000 0.000000 -1.303469
    47 3.883648 -0.050325 -0.431044 -0.127900 -0.099349 -0.936271
    48 1.719574 -0.000005 0.000000 0.000000 0.000000 -1.100726
    49 1.209183 -0.000001 0.000000 0.000000 0.000000 -1.091479
    50 3.859825 -0.148935 -1.331284 -0.351999 -0.088877 -0.797488
    51 1.719425 0.000000 0.000000 0.000000 0.000000 -0.997179
    52 1.099663 0.000000 0.000000 0.000000 0.000000 -1.420907
    53 0.806015 -0.359835 -1.318335 1.372063 0.323488 -0.797750
    54 1.789780 0.000001 0.000000 0.000000 0.000000 0.612641
    55 1.207001 0.000000 0.000004 0.000000 0.000000 0.666342
    56 5.667969 -2.029297 -5.722656 1.991476 0.082321 -2.001942
  time 29
    0 1.548480 -1.246127 37.957524 1.580742 0.042049 0.151745
    1 -0.124999 3.345128 -2.981903 1.568892 0.125210 1.574747
    2 4.018331 0.000000 0.000000 0.024374 0.080237 0.035235
    3 3.518564 0.000000 0.000000 0.028417 0.030597 0.140855
    4 8.942642 0.000000 0.000000 -0.021142 -0.071404 0.261304
    5 3.307269 0.000000 -0.000004 3.138800 0.000567 0.400476
    6 3.593710 -0.000001 -0.000004 -0.067170 -0.058018 0.499247
    7 1.999994 -3.000001 0.000004 -1.570793 0.000002 -1.326448
    8 2.033349 1.000771 -1.937607 -1.268222 1.211557 -2.966135
    9 6.028143 0.000002 -0.000004 0.956645 0.124831 -1.026811
    10 11.692545 0.000000 0.000000 -0.000011 0.000000 -0.382331
    11 11.481701 0.000000 0.000000 -0.751047 0.006970 0.171310
    12 2.676086 -1.712440 0.000000 -1.570793 0.000001 -1.570793
    13 2.033341 1.000767 1.937660 1.452917 -1.321858 3.090143
    14 6.028140 0.000002 0.000000 -1.308960 0.062318 -1.075552
    15 11.692553 0.000000 0.000011 -0.000013 0.000000 -0.634114
    16 11.481667 0.000000 -0.000031 1.991799 0.050394 0.021289
    17 2.676086 -1.712440 0.000004 1.570793 0.000005 1.570793
    18 -3.890452 0.000004 0.000004 -1.263308 -0.071339 -1.412271
    19 17.848171 0.000000 0.000004 0.000009 0.000000 0.430624
    20 16.525251 0.000000 0.000004 -0.386098 -0.125551 -1.089829
    21 6.879454 0.000000 0.000008 -0.079015 -0.003073 -0.843375
    22 3.890452 -0.000004 -0.000004 -2.198514 0.209605 -1.426204
    23 17.848175 0.000000 -0.000004 0.000010 0.000000 0.597816
    24 16.525246 0.000000 0.000004 0.270933 0.490178 -1.074447
    25 6.879452 0.000000 0.000000 -0.006053 -0.002261 -0.606364
    26 3.859703 -0.142403 -1.191975 -0.454210 0.125457 -0.727588
    27 1.312565 0.000001 0.000004 -0.168576 0.310526 -0.695409
    28 0.729362 0.000002 0.000004 -0.168575 0.310524 -0.538329
    29 3.942326 0.046774 -0.431438 -0.180314 0.236513 -0.665163
    30 1.539093 0.000001 0.000000 -0.102742 0.185414 -0.715744
    31 1.196320 -0.000001 0.000004 -0.102743 0.185421 -0.539053
    32 3.883686 -0.046767 0.431446 0.132500 0.038417 -0.577108
    33 1.719570 0.000002 0.000004 -0.032705 0.058460 -0.470191
    34 1.209183 -0.000001 -0.000004 -0.032706 0.058463 -0.411280
    35 3.859859 -0.137950 1.332462 0.521870 -0.068640 -0.464350
    36 1.719429 0.000002 0.000000 0.068756 -0.123349 -0.545078
    37 1.099670 0.000001 0.000004 0.068746 -0.123345 -0.270165
    38 0.806049 -0.348922 1.321259 -0.826856 -0.289357 -0.678286
    39 1.789787 0.000000 0.000004 0.030440 0.074684 0.204407
    40 1.207001 0.000000 -0.000004 0.004901 0.032015 0.303799
    41 3.859665 -0.132565 1.193108 0.154237 -0.057261 -1.683866
    42 1.312561 0.000000 0.000000 0.000000 0.000000 -0.627085
    43 0.729366 0.000002 0.000000 0.000000 0.000000 -1.021394
    44 3.942291 0.050330 0.431042 0.020416 -0.074382 -1.517442
    45 1.539097 0.000003 0.000000 0.000000 0.000000 -0.806822
    46 1.196320 0.000000 0.000000 0.000000 0.000000 -1.303469
    47 3.883648 -0.050325 -0.431044 -0.127900 -0.099349 -0.936271
    48 1.719574 -0.000005 0.000000 0.000000 0.000000 -1.100726
    49 1.209183 -0.000001 0.000000 0.000000 0.000000 -1.091479
    50 3.859825 -0.148935 -1.331284 -0.351999 -0.088877 -0.797488
    51 1.719425 0.000000 0.000000 0.000000 0.000000 -0.997179
    52 1.099663 0.000000 0.000000 0.000000 0.000000 -1.420907
    53 0.806015 -0.359835 -1.318335 1.372063 0.323488 -0.797750
    54 1.789780 0.000001 0.000000 0.000000 0.000000 0.612641
    55 1.207001 0.000000 0.000004 0.000000 0.000000 0.666342
    56 5.667969 -2.029297 -5.722656 1.991476 0.082321 -2.001942
  time 30
    0 1.720360 -1.265659 38.148936 1.580688 0.042049 0.139934
    1 -0.124999 3.345128 -2.981903 1.568794 0.125210 1.575983
    2 4.018331 0.000000 0.000000 0.029777 0.079290 0.035918
    3 3.518564 0.000000 0.000000 0.034146 0.028164 0.141214
    4 8.942642 0.000000 0.000000 -0.020977 -0.072291 0.260228
    5 3.307269 0.000000 -0.000004 3.138800 0.000567 0.400476
    6 3.593710 -0.000001 -0.000004 -0.067170 -0.058018 0.499247
    7 1.999994 -3.000001 0.000004 -1.570793 0.000002 -1.326448
    8 2.033349 1.000771 -1.937607 -1.320635 1.216094 -3.022079
    9 6.028143 0.000002 -0.000004 0.963997 0.150480 -1.008753
    10 11.692545 0.000000 0.000000 -0.000011 0.000000 -0.380555
    11 11.481701 0.000000 0.000000 -0.751047 0.006970 0.171310
    12 2.676086 -1.712440 0.000000 -1.570793 0.000001 -1.570793
    13 2.033341 1.000767 1.937660 1.360963 -1.323649 -3.098180
    14 6.028140 0.000002 0.000000 -1.281426 0.091123 -1.089875
    15 11.692553 0.000000 0.000011 -0.000013 0.000000 -0.617539
    16 11.481667 0.000000 -0.000031 1.991799 0.050394 0.021289
    17 2.676086 -1.712440 0.000004 1.570793 0.000005 1.570793
    18 -3.890452 0.000004 0.000004 -1.288091 -0.025847 -1.434007
    19 17.848171 0.000000 0.000004 0.000009 0.000000 0.407078
    20 16.525251 0.000000 0.000004 -0.302470 -0.088960 -1.095661
    21 6.879454 0.000000 0.000008 -0.078823 -0.003085 -0.871527
    22 3.890452 -0.000004 -0.000004 -2.168818 0.249705 -1.437821
    23 17.848175 0.000000 -0.000004 0.000010 0.000000 0.417075
    24 16.525246 0.000000 0.000004 0.138209 0.474536 -1.150354
    25 6.879452 0.000000 0.000000 -0.006880 -0.002021 -0.498808
    26 3.859703 -0.142403 -1.191975 -0.454210 0.125457 -0.727588
    27 1.312565 0.000001 0.000004 -0.168576 0.310526 -0.695409
    28 0.729362 0.000002 0.000004 -0.168575 0.310524 -0.538329
    29 3.942326 0.046774 -0.431438 -0.180314 0.236513 -0.665163
    30 1.539093 0.000001 0.000000 -0.102742 0.185414 -0.715744
    31 1.196320 -0.000001 0.000004 -0.102743 0.185421 -0.539053
    32 3.883686 -0.046767 0.431446 0.132500 0.038417 -0.577108
    33 1.719570 0.000002 0.000004 -0.032705 0.058460 -0.470191
    34 1.209183 -0.000001 -0.000004 -0.032706 0.058463 -0.411280
    35 3.859859 -0.137950 1.332462 0.521870 -0.068640 -0.464350
    36 1.719429 0.000002 0.000000 0.068756 -0.123349 -0.545078
    37 1.099670 0.000001 0.000004 0.068746 -0.123345 -0.270165
    38 0.806049 -0.348922 1.321259 -0.826856 -0.289357 -0.678286
    39 1.789787 0.000000 0.000004 0.030440 0.074684 0.204407
    40 1.207001 0.000000 -0.000004 0.004901 0.032015 0.303799
    41 3.859665 -0.132565 1.193108 0.154237 -0.057261 -1.683866
    42 1.312561 0.000000 0.000000 0.000000 0.000000 -0.627085
    43 0.729366 0.000002 0.000000 0.000000 0.000000 -1.021394
    44 3.942291 0.050330 0.431042 0.020416 -0.074382 -1.517442
    45 1.539097 0.000003 0.000000 0.000000 0.000000 -0.806822
    46 1.196320 0.000000 0.000000 0.000000 0.000000 -1.303469
    47 3.883648 -0.050325 -0.431044 -0.127900 -0.099349 -0.936271
    48 1.719574 -0.000005 0.000000 0.000000 0.000000 -1.100726
    49 1.209183 -0.000001 0.000000 0.000000 0.000000 -1.091479
    50 3.859825 -0.148935 -1.331284 -0.351999 -0.088877 -0.797488
    51 1.719425 0.000000 0.000000 0.000000 0.000000 -0.997179
    52 1.099663 0.000000 0.000000 0.000000 0.000000 -1.420907
    53 0.806015 -0.359835 -1.318335 1.372063 0.323488 -0.797750
    54 1.789780 0.000001 0.000000 0.000000 0.000000 0.612641
    55 1.207001 0.000000 0.000004 0.000000 0.000000 0.666342
    56 5.667969 -2.029297 -5.722656 1.991476 0.082321 -2.001942
end
