// Created by Crowbar 0.71
version 1
nodes
  0 "ValveBiped.Bip01_Pelvis" -1
  1 "ValveBiped.Bip01_Spine" 0
  2 "ValveBiped.Bip01_Spine1" 1
  3 "ValveBiped.Bip01_Spine2" 2
  4 "ValveBiped.Bip01_Spine4" 3
  5 "ValveBiped.Bip01_Neck1" 4
  6 "ValveBiped.Bip01_Head1" 5
  7 "ValveBiped.forward" 6
  8 "ValveBiped.Bip01_R_Clavicle" 4
  9 "ValveBiped.Bip01_R_UpperArm" 8
  10 "ValveBiped.Bip01_R_Forearm" 9
  11 "ValveBiped.Bip01_R_Hand" 10
  12 "ValveBiped.Anim_Attachment_RH" 11
  13 "ValveBiped.Bip01_L_Clavicle" 4
  14 "ValveBiped.Bip01_L_UpperArm" 13
  15 "ValveBiped.Bip01_L_Forearm" 14
  16 "ValveBiped.Bip01_L_Hand" 15
  17 "ValveBiped.Anim_Attachment_LH" 16
  18 "ValveBiped.Bip01_R_Thigh" 0
  19 "ValveBiped.Bip01_R_Calf" 18
  20 "ValveBiped.Bip01_R_Foot" 19
  21 "ValveBiped.Bip01_R_Toe0" 20
  22 "ValveBiped.Bip01_L_Thigh" 0
  23 "ValveBiped.Bip01_L_Calf" 22
  24 "ValveBiped.Bip01_L_Foot" 23
  25 "ValveBiped.Bip01_L_Toe0" 24
  26 "ValveBiped.Bip01_L_Finger4" 16
  27 "ValveBiped.Bip01_L_Finger41" 26
  28 "ValveBiped.Bip01_L_Finger42" 27
  29 "ValveBiped.Bip01_L_Finger3" 16
  30 "ValveBiped.Bip01_L_Finger31" 29
  31 "ValveBiped.Bip01_L_Finger32" 30
  32 "ValveBiped.Bip01_L_Finger2" 16
  33 "ValveBiped.Bip01_L_Finger21" 32
  34 "ValveBiped.Bip01_L_Finger22" 33
  35 "ValveBiped.Bip01_L_Finger1" 16
  36 "ValveBiped.Bip01_L_Finger11" 35
  37 "ValveBiped.Bip01_L_Finger12" 36
  38 "ValveBiped.Bip01_L_Finger0" 16
  39 "ValveBiped.Bip01_L_Finger01" 38
  40 "ValveBiped.Bip01_L_Finger02" 39
  41 "ValveBiped.Bip01_R_Finger4" 11
  42 "ValveBiped.Bip01_R_Finger41" 41
  43 "ValveBiped.Bip01_R_Finger42" 42
  44 "ValveBiped.Bip01_R_Finger3" 11
  45 "ValveBiped.Bip01_R_Finger31" 44
  46 "ValveBiped.Bip01_R_Finger32" 45
  47 "ValveBiped.Bip01_R_Finger2" 11
  48 "ValveBiped.Bip01_R_Finger21" 47
  49 "ValveBiped.Bip01_R_Finger22" 48
  50 "ValveBiped.Bip01_R_Finger1" 11
  51 "ValveBiped.Bip01_R_Finger11" 50
  52 "ValveBiped.Bip01_R_Finger12" 51
  53 "ValveBiped.Bip01_R_Finger0" 11
  54 "ValveBiped.Bip01_R_Finger01" 53
  55 "ValveBiped.Bip01_R_Finger02" 54
  56 "ValveBiped.baton_parent" 11
end
skeleton
  time 0
    0 1.610982 -0.335943 38.105966 1.580742 0.042049 0.017134
    1 -0.124999 3.345128 -2.981903 1.570304 0.125210 1.575983
    2 4.018331 0.000000 0.000000 0.028618 0.079254 0.035966
    3 3.518564 0.000000 0.000000 0.033594 0.028296 0.141274
    4 8.942642 0.000000 0.000000 -0.020301 -0.072519 0.260382
    5 3.307269 0.000000 -0.000004 3.138800 0.000567 0.400476
    6 3.593710 -0.000001 -0.000004 -0.067170 -0.058018 0.499247
    7 1.999994 -3.000001 0.000004 -1.570793 0.000002 -1.326448
    8 2.033349 1.000771 -1.937607 -1.268222 1.211557 -2.966135
    9 6.028143 0.000002 -0.000004 0.957840 0.141988 -1.025680
    10 11.692545 0.000000 0.000000 -0.000011 0.000000 -0.359574
    11 11.481701 0.000000 0.000000 -0.751047 0.006970 0.171310
    12 2.676086 -1.712440 0.000000 -1.570792 0.000005 -1.570792
    13 2.033341 1.000767 1.937660 1.451947 -1.323891 3.091191
    14 6.028140 0.000002 0.000000 -1.300074 -0.110543 -1.128355
    15 11.692553 0.000000 0.000011 -0.000013 0.000000 -0.214425
    16 11.481667 0.000000 -0.000031 1.991742 0.050384 0.021281
    17 2.676086 -1.712440 0.000004 1.570793 0.000005 1.570793
    18 -3.890452 0.000004 0.000004 -1.375772 0.115993 -1.526637
    19 17.848171 0.000000 0.000004 0.000009 0.000000 0.000000
    20 16.525251 0.000000 0.000004 0.040560 0.073227 -1.105414
    21 6.879454 0.000000 0.000008 -0.077768 -0.003361 -0.668351
    22 3.890452 -0.000004 -0.000004 -1.957679 -0.271674 -1.319652
    23 17.848175 0.000000 -0.000004 0.000010 0.000000 0.813052
    24 16.525246 0.000000 0.000004 0.135602 0.145696 -0.931796
    25 6.879452 0.000000 0.000000 -0.006400 -0.003363 -0.713425
    26 3.859703 -0.142403 -1.191975 -0.454210 0.125458 -0.727586
    27 1.312565 0.000001 0.000004 -0.168573 0.310525 -0.695408
    28 0.729362 0.000002 0.000004 -0.168575 0.310526 -0.538327
    29 3.942326 0.046774 -0.431438 -0.180316 0.236513 -0.665164
    30 1.539093 0.000001 0.000000 -0.102742 0.185414 -0.715744
    31 1.196320 -0.000001 0.000004 -0.102743 0.185420 -0.539055
    32 3.883686 -0.046767 0.431446 0.132500 0.038417 -0.577108
    33 1.719570 0.000002 0.000004 -0.032705 0.058460 -0.470191
    34 1.209183 -0.000001 -0.000004 -0.032705 0.058461 -0.411280
    35 3.859859 -0.137950 1.332462 0.521871 -0.068642 -0.464350
    36 1.719429 0.000002 0.000000 0.068756 -0.123349 -0.545076
    37 1.099670 0.000001 0.000004 0.068746 -0.123345 -0.270165
    38 0.806049 -0.348922 1.321259 -0.826856 -0.289358 -0.678288
    39 1.789787 0.000000 0.000004 0.030440 0.074684 0.204409
    40 1.207001 0.000000 -0.000004 0.004901 0.032015 0.303799
    41 3.859665 -0.132565 1.193108 0.154237 -0.057261 -1.683866
    42 1.312561 0.000000 0.000000 0.000000 0.000000 -0.627085
    43 0.729366 0.000002 0.000000 0.000000 0.000000 -1.021394
    44 3.942291 0.050330 0.431042 0.020416 -0.074382 -1.517442
    45 1.539097 0.000003 0.000000 0.000000 0.000000 -0.806822
    46 1.196320 0.000000 0.000000 0.000000 0.000000 -1.303469
    47 3.883648 -0.050325 -0.431044 -0.127900 -0.099349 -0.936271
    48 1.719574 -0.000005 0.000000 0.000000 0.000000 -1.100726
    49 1.209183 -0.000001 0.000000 0.000000 0.000000 -1.091479
    50 3.859825 -0.148935 -1.331284 -0.351997 -0.088877 -0.797488
    51 1.719425 0.000000 0.000000 0.000000 0.000000 -0.997179
    52 1.099663 0.000000 0.000000 0.000000 0.000000 -1.420907
    53 0.806015 -0.359835 -1.318335 1.372063 0.323488 -0.797750
    54 1.789780 0.000001 0.000000 0.000000 0.000000 0.612641
    55 1.207001 0.000000 0.000004 0.000000 0.000000 0.666342
    56 5.671875 -2.031250 -5.722656 1.991476 0.082321 -2.001942
  time 1
    0 1.610982 -0.335943 38.188000 1.580688 0.042049 0.005929
    1 -0.124999 3.345128 -2.981903 1.570255 0.125222 1.579100
    2 4.018331 0.000000 0.000000 0.034657 0.077385 0.035834
    3 3.518564 0.000000 0.000000 0.039694 0.025108 0.141214
    4 8.942642 0.000000 0.000000 -0.020097 -0.072854 0.258522
    5 3.307269 0.000000 -0.000004 3.138800 0.000567 0.400476
    6 3.593710 -0.000001 -0.000004 -0.067170 -0.058018 0.499247
    7 1.999994 -3.000001 0.000004 -1.570793 0.000002 -1.326448
    8 2.033349 1.000771 -1.937607 -1.218036 1.206097 -2.912578
    9 6.028143 0.000002 -0.000004 0.948741 0.114473 -1.047555
    10 11.692545 0.000000 0.000000 -0.000011 0.000000 -0.359311
    11 11.481701 0.000000 0.000000 -0.751047 0.006970 0.171310
    12 2.676086 -1.712440 0.000000 -1.570792 0.000005 -1.570792
    13 2.033341 1.000767 1.937660 1.541139 -1.320019 2.999251
    14 6.028140 0.000002 0.000000 -1.326323 -0.125451 -1.096236
    15 11.692553 0.000000 0.000011 -0.000013 0.000000 -0.262192
    16 11.481667 0.000000 -0.000031 1.991742 0.050384 0.021281
    17 2.676086 -1.712440 0.000004 1.570793 0.000005 1.570793
    18 -3.890452 0.000004 0.000004 -1.403091 0.070643 -1.527660
    19 17.848171 0.000000 0.000004 0.000009 0.000000 0.000000
    20 16.525251 0.000000 0.000004 0.037838 0.092385 -1.093901
    21 6.879454 0.000000 0.000008 -0.080621 -0.003433 -0.663602
    22 3.890452 -0.000004 -0.000004 -1.961024 -0.180703 -1.323433
    23 17.848175 0.000000 -0.000004 0.000010 0.000000 0.759900
    24 16.525246 0.000000 0.000004 0.143479 0.156944 -0.845037
    25 6.879452 0.000000 0.000000 -0.004830 -0.003927 -0.958050
    26 3.859703 -0.142403 -1.191975 -0.454210 0.125458 -0.727586
    27 1.312565 0.000001 0.000004 -0.168573 0.310525 -0.695408
    28 0.729362 0.000002 0.000004 -0.168575 0.310526 -0.538327
    29 3.942326 0.046774 -0.431438 -0.180316 0.236513 -0.665164
    30 1.539093 0.000001 0.000000 -0.102742 0.185414 -0.715744
    31 1.196320 -0.000001 0.000004 -0.102743 0.185420 -0.539055
    32 3.883686 -0.046767 0.431446 0.132500 0.038417 -0.577108
    33 1.719570 0.000002 0.000004 -0.032705 0.058460 -0.470191
    34 1.209183 -0.000001 -0.000004 -0.032705 0.058461 -0.411280
    35 3.859859 -0.137950 1.332462 0.521871 -0.068642 -0.464350
    36 1.719429 0.000002 0.000000 0.068756 -0.123349 -0.545076
    37 1.099670 0.000001 0.000004 0.068746 -0.123345 -0.270165
    38 0.806049 -0.348922 1.321259 -0.826856 -0.289358 -0.678288
    39 1.789787 0.000000 0.000004 0.030440 0.074684 0.204409
    40 1.207001 0.000000 -0.000004 0.004901 0.032015 0.303799
    41 3.859665 -0.132565 1.193108 0.154237 -0.057261 -1.683866
    42 1.312561 0.000000 0.000000 0.000000 0.000000 -0.627085
    43 0.729366 0.000002 0.000000 0.000000 0.000000 -1.021394
    44 3.942291 0.050330 0.431042 0.020416 -0.074382 -1.517442
    45 1.539097 0.000003 0.000000 0.000000 0.000000 -0.806822
    46 1.196320 0.000000 0.000000 0.000000 0.000000 -1.303469
    47 3.883648 -0.050325 -0.431044 -0.127900 -0.099349 -0.936271
    48 1.719574 -0.000005 0.000000 0.000000 0.000000 -1.100726
    49 1.209183 -0.000001 0.000000 0.000000 0.000000 -1.091479
    50 3.859825 -0.148935 -1.331284 -0.351997 -0.088877 -0.797488
    51 1.719425 0.000000 0.000000 0.000000 0.000000 -0.997179
    52 1.099663 0.000000 0.000000 0.000000 0.000000 -1.420907
    53 0.806015 -0.359835 -1.318335 1.372063 0.323488 -0.797750
    54 1.789780 0.000001 0.000000 0.000000 0.000000 0.612641
    55 1.207001 0.000000 0.000004 0.000000 0.000000 0.666342
    56 5.671875 -2.031250 -5.722656 1.991476 0.082321 -2.001942
  time 2
    0 1.610982 -0.335943 38.184093 1.580633 0.042049 -0.005276
    1 -0.124999 3.345128 -2.981903 1.570206 0.125234 1.583503
    2 4.018331 0.000000 0.000000 0.040845 0.074388 0.035079
    3 3.518564 0.000000 0.000000 0.045854 0.021213 0.140807
    4 8.942642 0.000000 0.000000 -0.019779 -0.072699 0.255756
    5 3.307269 0.000000 -0.000004 3.138800 0.000567 0.400476
    6 3.593710 -0.000001 -0.000004 -0.067170 -0.058018 0.499247
    7 1.999994 -3.000001 0.000004 -1.570793 0.000002 -1.326448
    8 2.033349 1.000771 -1.937607 -1.172210 1.200114 -2.863318
    9 6.028143 0.000002 -0.000004 0.939368 0.089103 -1.069642
    10 11.692545 0.000000 0.000000 -0.000011 0.000000 -0.350629
    11 11.481701 0.000000 0.000000 -0.751047 0.006970 0.171310
    12 2.676086 -1.712440 0.000000 -1.570792 0.000005 -1.570792
    13 2.033341 1.000767 1.937660 1.622196 -1.314599 2.915601
    14 6.028140 0.000002 0.000000 -1.350584 -0.146262 -1.063376
    15 11.692553 0.000000 0.000011 -0.000013 0.000000 -0.300097
    16 11.481667 0.000000 -0.000031 1.991742 0.050384 0.021281
    17 2.676086 -1.712440 0.000004 1.570793 0.000005 1.570793
    18 -3.890452 0.000004 0.000004 -1.418256 -0.042218 -1.538080
    19 17.848171 0.000000 0.000004 0.000009 0.000000 0.140302
    20 16.525251 0.000000 0.000004 0.031331 0.100180 -1.137688
    21 6.879454 0.000000 0.000008 -0.081100 -0.003457 -0.662880
    22 3.890452 -0.000004 -0.000004 -1.932062 -0.082831 -1.347424
    23 17.848175 0.000000 -0.000004 0.000010 0.000000 0.659043
    24 16.525246 0.000000 0.000004 0.116261 0.156058 -0.776063
    25 6.879452 0.000000 0.000000 -0.003200 -0.004262 -1.237497
    26 3.859703 -0.142403 -1.191975 -0.454210 0.125458 -0.727586
    27 1.312565 0.000001 0.000004 -0.168573 0.310525 -0.695408
    28 0.729362 0.000002 0.000004 -0.168575 0.310526 -0.538327
    29 3.942326 0.046774 -0.431438 -0.180316 0.236513 -0.665164
    30 1.539093 0.000001 0.000000 -0.102730 0.185414 -0.715744
    31 1.196320 -0.000001 0.000004 -0.102743 0.185420 -0.539055
    32 3.883686 -0.046767 0.431446 0.132500 0.038417 -0.577108
    33 1.719570 0.000002 0.000004 -0.032705 0.058460 -0.470191
    34 1.209183 -0.000001 -0.000004 -0.032705 0.058461 -0.411280
    35 3.859859 -0.137950 1.332462 0.521871 -0.068642 -0.464350
    36 1.719429 0.000002 0.000000 0.068756 -0.123349 -0.545076
    37 1.099670 0.000001 0.000004 0.068746 -0.123333 -0.270165
    38 0.806049 -0.348922 1.321259 -0.826856 -0.289358 -0.678288
    39 1.789787 0.000000 0.000004 0.030440 0.074684 0.204409
    40 1.207001 0.000000 -0.000004 0.004901 0.032015 0.303799
    41 3.859665 -0.132565 1.193108 0.154237 -0.057261 -1.683866
    42 1.312561 0.000000 0.000000 0.000000 0.000000 -0.627085
    43 0.729366 0.000002 0.000000 0.000000 0.000000 -1.021394
    44 3.942291 0.050330 0.431042 0.020416 -0.074382 -1.517442
    45 1.539097 0.000003 0.000000 0.000000 0.000000 -0.806822
    46 1.196320 0.000000 0.000000 0.000000 0.000000 -1.303469
    47 3.883648 -0.050325 -0.431044 -0.127900 -0.099349 -0.936271
    48 1.719574 -0.000005 0.000000 0.000000 0.000000 -1.100726
    49 1.209183 -0.000001 0.000000 0.000000 0.000000 -1.091479
    50 3.859825 -0.148935 -1.331284 -0.351997 -0.088877 -0.797488
    51 1.719425 0.000000 0.000000 0.000000 0.000000 -0.997179
    52 1.099663 0.000000 0.000000 0.000000 0.000000 -1.420907
    53 0.806015 -0.359835 -1.318335 1.372063 0.323488 -0.797750
    54 1.789780 0.000001 0.000000 0.000000 0.000000 0.612641
    55 1.207001 0.000000 0.000004 0.000000 0.000000 0.666342
    56 5.671875 -2.031250 -5.722656 1.991476 0.082321 -2.001942
  time 3
    0 1.610982 -0.335943 38.066902 1.580579 0.042049 -0.017087
    1 -0.124999 3.345128 -2.981903 1.570157 0.125258 1.588450
    2 4.018331 0.000000 0.000000 0.047071 0.070158 0.033976
    3 3.518564 0.000000 0.000000 0.051895 0.016874 0.139992
    4 8.942642 0.000000 0.000000 -0.019422 -0.072075 0.252206
    5 3.307269 0.000000 -0.000004 3.138800 0.000567 0.400476
    6 3.593710 -0.000001 -0.000004 -0.067170 -0.058018 0.499247
    7 1.999994 -3.000001 0.000004 -1.570793 0.000002 -1.326448
    8 2.033349 1.000771 -1.937607 -1.132043 1.194011 -2.820167
    9 6.028143 0.000002 -0.000004 0.929350 0.066888 -1.091552
    10 11.692545 0.000000 0.000000 -0.000011 0.000000 -0.334515
    11 11.481701 0.000000 0.000000 -0.751047 0.006970 0.171310
    12 2.676086 -1.712440 0.000000 -1.570792 0.000005 -1.570792
    13 2.033341 1.000767 1.937660 1.692057 -1.308211 2.843193
    14 6.028140 0.000002 0.000000 -1.372565 -0.173751 -1.031882
    15 11.692553 0.000000 0.000011 -0.000013 0.000000 -0.318561
    16 11.481667 0.000000 -0.000031 1.991742 0.050384 0.021281
    17 2.676086 -1.712440 0.000004 1.570793 0.000005 1.570793
    18 -3.890452 0.000004 0.000004 -1.447345 -0.129695 -1.540446
    19 17.848171 0.000000 0.000004 0.000009 0.000000 0.224394
    20 16.525251 0.000000 0.000004 0.033241 0.119806 -1.143318
    21 6.879454 0.000000 0.000008 -0.081112 -0.003481 -0.662880
    22 3.890452 -0.000004 -0.000004 -1.880827 0.011548 -1.378977
    23 17.848175 0.000000 -0.000004 0.000010 0.000000 0.546542
    24 16.525246 0.000000 0.000004 0.052878 0.146636 -0.780826
    25 6.879452 0.000000 0.000000 -0.002757 -0.004022 -1.303561
    26 3.859703 -0.142403 -1.191975 -0.454210 0.125458 -0.727586
    27 1.312565 0.000001 0.000004 -0.168573 0.310525 -0.695408
    28 0.729362 0.000002 0.000004 -0.168575 0.310526 -0.538327
    29 3.942326 0.046774 -0.431438 -0.180316 0.236513 -0.665164
    30 1.539093 0.000001 0.000000 -0.102742 0.185414 -0.715744
    31 1.196320 -0.000001 0.000004 -0.102743 0.185420 -0.539055
    32 3.883686 -0.046767 0.431446 0.132500 0.038417 -0.577108
    33 1.719570 0.000002 0.000004 -0.032705 0.058460 -0.470191
    34 1.209183 -0.000001 -0.000004 -0.032705 0.058461 -0.411280
    35 3.859859 -0.137950 1.332462 0.521871 -0.068642 -0.464350
    36 1.719429 0.000002 0.000000 0.068756 -0.123349 -0.545076
    37 1.099670 0.000001 0.000004 0.068746 -0.123345 -0.270165
    38 0.806049 -0.348922 1.321259 -0.826856 -0.289358 -0.678288
    39 1.789787 0.000000 0.000004 0.030440 0.074684 0.204409
    40 1.207001 0.000000 -0.000004 0.004901 0.032015 0.303799
    41 3.859665 -0.132565 1.193108 0.154237 -0.057261 -1.683866
    42 1.312561 0.000000 0.000000 0.000000 0.000000 -0.627085
    43 0.729366 0.000002 0.000000 0.000000 0.000000 -1.021394
    44 3.942291 0.050330 0.431042 0.020416 -0.074382 -1.517442
    45 1.539097 0.000003 0.000000 0.000000 0.000000 -0.806822
    46 1.196320 0.000000 0.000000 0.000000 0.000000 -1.303469
    47 3.883648 -0.050325 -0.431044 -0.127900 -0.099349 -0.936271
    48 1.719574 -0.000005 0.000000 0.000000 0.000000 -1.100726
    49 1.209183 -0.000001 0.000000 0.000000 0.000000 -1.091479
    50 3.859825 -0.148935 -1.331284 -0.351997 -0.088877 -0.797488
    51 1.719425 0.000000 0.000000 0.000000 0.000000 -0.997179
    52 1.099663 0.000000 0.000000 0.000000 0.000000 -1.420907
    53 0.806015 -0.359835 -1.318335 1.372063 0.323488 -0.797750
    54 1.789780 0.000001 0.000000 0.000000 0.000000 0.612641
    55 1.207001 0.000000 0.000004 0.000000 0.000000 0.666342
    56 5.671875 -2.031250 -5.722656 1.991476 0.082321 -2.001942
  time 4
    0 1.610982 -0.335943 37.859865 1.580579 0.042049 -0.028898
    1 -0.124999 3.345128 -2.981903 1.570060 0.125270 1.593298
    2 4.018331 0.000000 0.000000 0.053166 0.064561 0.032682
    3 3.518564 0.000000 0.000000 0.057683 0.012644 0.138865
    4 8.942642 0.000000 0.000000 -0.019002 -0.071153 0.248011
    5 3.307269 0.000000 -0.000004 3.138800 0.000567 0.400476
    6 3.593710 -0.000001 -0.000004 -0.067170 -0.058018 0.499247
    7 1.999994 -3.000001 0.000004 -1.570793 0.000002 -1.326448
    8 2.033349 1.000771 -1.937607 -1.098926 1.188310 -2.784653
    9 6.028143 0.000002 -0.000004 0.919701 0.048196 -1.112897
    10 11.692545 0.000000 0.000000 -0.000011 0.000000 -0.313336
    11 11.481701 0.000000 0.000000 -0.751047 0.006970 0.171310
    12 2.676086 -1.712440 0.000000 -1.570792 0.000005 -1.570792
    13 2.033341 1.000767 1.937660 1.748633 -1.301872 2.784504
    14 6.028140 0.000002 0.000000 -1.390863 -0.203095 -1.003119
    15 11.692553 0.000000 0.000011 -0.000013 0.000000 -0.320869
    16 11.481667 0.000000 -0.000031 1.991742 0.050384 0.021281
    17 2.676086 -1.712440 0.000004 1.570793 0.000005 1.570793
    18 -3.890452 0.000004 0.000004 -1.423625 -0.208929 -1.545943
    19 17.848171 0.000000 0.000004 0.000009 0.000000 0.290845
    20 16.525251 0.000000 0.000004 0.008064 0.095427 -1.138040
    21 6.879454 0.000000 0.000008 -0.081124 -0.003481 -0.662880
    22 3.890452 -0.000004 -0.000004 -1.825187 0.072644 -1.401319
    23 17.848175 0.000000 -0.000004 0.000010 0.000000 0.490761
    24 16.525246 0.000000 0.000004 -0.020256 0.123201 -0.859386
    25 6.879452 0.000000 0.000000 -0.002457 -0.003807 -1.348839
    26 3.859703 -0.142403 -1.191975 -0.454210 0.125458 -0.727586
    27 1.312565 0.000001 0.000004 -0.168573 0.310525 -0.695408
    28 0.729362 0.000002 0.000004 -0.168575 0.310526 -0.538327
    29 3.942326 0.046774 -0.431438 -0.180316 0.236513 -0.665164
    30 1.539093 0.000001 0.000000 -0.102730 0.185414 -0.715744
    31 1.196320 -0.000001 0.000004 -0.102743 0.185420 -0.539055
    32 3.883686 -0.046767 0.431446 0.132500 0.038417 -0.577108
    33 1.719570 0.000002 0.000004 -0.032705 0.058460 -0.470191
    34 1.209183 -0.000001 -0.000004 -0.032705 0.058461 -0.411280
    35 3.859859 -0.137950 1.332462 0.521871 -0.068642 -0.464350
    36 1.719429 0.000002 0.000000 0.068756 -0.123349 -0.545076
    37 1.099670 0.000001 0.000004 0.068746 -0.123333 -0.270165
    38 0.806049 -0.348922 1.321259 -0.826856 -0.289358 -0.678288
    39 1.789787 0.000000 0.000004 0.030440 0.074684 0.204409
    40 1.207001 0.000000 -0.000004 0.004901 0.032015 0.303799
    41 3.859665 -0.132565 1.193108 0.154237 -0.057261 -1.683866
    42 1.312561 0.000000 0.000000 0.000000 0.000000 -0.627085
    43 0.729366 0.000002 0.000000 0.000000 0.000000 -1.021394
    44 3.942291 0.050330 0.431042 0.020416 -0.074382 -1.517442
    45 1.539097 0.000003 0.000000 0.000000 0.000000 -0.806822
    46 1.196320 0.000000 0.000000 0.000000 0.000000 -1.303469
    47 3.883648 -0.050325 -0.431044 -0.127900 -0.099349 -0.936271
    48 1.719574 -0.000005 0.000000 0.000000 0.000000 -1.100726
    49 1.209183 -0.000001 0.000000 0.000000 0.000000 -1.091479
    50 3.859825 -0.148935 -1.331284 -0.351997 -0.088877 -0.797488
    51 1.719425 0.000000 0.000000 0.000000 0.000000 -0.997179
    52 1.099663 0.000000 0.000000 0.000000 0.000000 -1.420907
    53 0.806015 -0.359835 -1.318335 1.372105 0.323488 -0.797750
    54 1.789780 0.000001 0.000000 0.000000 0.000000 0.612641
    55 1.207001 0.000000 0.000004 0.000000 0.000000 0.666342
    56 5.671875 -2.031250 -5.722656 1.991476 0.082321 -2.001942
  time 5
    0 1.610982 -0.335943 37.586419 1.580525 0.042049 -0.041693
    1 -0.124999 3.345128 -2.981903 1.570011 0.125270 1.597503
    2 4.018331 0.000000 0.000000 0.058943 0.057754 0.031472
    3 3.518564 0.000000 0.000000 0.063088 0.009048 0.137631
    4 8.942642 0.000000 0.000000 -0.018581 -0.069990 0.243416
    5 3.307269 0.000000 -0.000004 3.138800 0.000567 0.400476
    6 3.593710 -0.000001 -0.000004 -0.067170 -0.058018 0.499247
    7 1.999994 -3.000001 0.000004 -1.570793 0.000002 -1.326448
    8 2.033349 1.000771 -1.937607 -1.073879 1.183612 -2.757636
    9 6.028143 0.000002 -0.000004 0.909776 0.033409 -1.132192
    10 11.692545 0.000000 0.000000 -0.000011 0.000000 -0.291040
    11 11.481701 0.000000 0.000000 -0.751047 0.006970 0.171310
    12 2.676086 -1.712440 0.000000 -1.570792 0.000005 -1.570792
    13 2.033341 1.000767 1.937660 1.790654 -1.296307 2.740773
    14 6.028140 0.000002 0.000000 -1.405887 -0.225120 -0.978806
    15 11.692553 0.000000 0.000011 -0.000013 0.000000 -0.318840
    16 11.481667 0.000000 -0.000031 1.991742 0.050384 0.021281
    17 2.676086 -1.712440 0.000004 1.570793 0.000005 1.570793
    18 -3.890452 0.000004 0.000004 -1.492307 -0.282773 -1.535459
    19 17.848171 0.000000 0.000004 0.000009 0.000000 0.340702
    20 16.525251 0.000000 0.000004 0.033842 0.144989 -1.114161
    21 6.879454 0.000000 0.000008 -0.081136 -0.003493 -0.662880
    22 3.890452 -0.000004 -0.000004 -1.848520 0.132141 -1.407918
    23 17.848175 0.000000 -0.000004 0.000010 0.000000 0.445310
    24 16.525246 0.000000 0.000004 -0.033272 0.132803 -1.008065
    25 6.879452 0.000000 0.000000 -0.002793 -0.003723 -1.279564
    26 3.859703 -0.142403 -1.191975 -0.454210 0.125458 -0.727586
    27 1.312565 0.000001 0.000004 -0.168573 0.310525 -0.695408
    28 0.729362 0.000002 0.000004 -0.168575 0.310526 -0.538327
    29 3.942326 0.046774 -0.431438 -0.180316 0.236513 -0.665164
    30 1.539093 0.000001 0.000000 -0.102730 0.185414 -0.715744
    31 1.196320 -0.000001 0.000004 -0.102743 0.185420 -0.539055
    32 3.883686 -0.046767 0.431446 0.132500 0.038417 -0.577108
    33 1.719570 0.000002 0.000004 -0.032705 0.058460 -0.470191
    34 1.209183 -0.000001 -0.000004 -0.032705 0.058461 -0.411280
    35 3.859859 -0.137950 1.332462 0.521871 -0.068642 -0.464350
    36 1.719429 0.000002 0.000000 0.068756 -0.123349 -0.545076
    37 1.099670 0.000001 0.000004 0.068746 -0.123345 -0.270165
    38 0.806049 -0.348922 1.321259 -0.826856 -0.289358 -0.678288
    39 1.789787 0.000000 0.000004 0.030440 0.074684 0.204409
    40 1.207001 0.000000 -0.000004 0.004901 0.032015 0.303799
    41 3.859665 -0.132565 1.193108 0.154237 -0.057261 -1.683866
    42 1.312561 0.000000 0.000000 0.000000 0.000000 -0.627085
    43 0.729366 0.000002 0.000000 0.000000 0.000000 -1.021394
    44 3.942291 0.050330 0.431042 0.020416 -0.074382 -1.517442
    45 1.539097 0.000003 0.000000 0.000000 0.000000 -0.806822
    46 1.196320 0.000000 0.000000 0.000000 0.000000 -1.303469
    47 3.883648 -0.050325 -0.431044 -0.127900 -0.099349 -0.936271
    48 1.719574 -0.000005 0.000000 0.000000 0.000000 -1.100726
    49 1.209183 -0.000001 0.000000 0.000000 0.000000 -1.091479
    50 3.859825 -0.148935 -1.331284 -0.351997 -0.088877 -0.797488
    51 1.719425 0.000000 0.000000 0.000000 0.000000 -0.997179
    52 1.099663 0.000000 0.000000 0.000000 0.000000 -1.420907
    53 0.806015 -0.359835 -1.318335 1.372063 0.323488 -0.797750
    54 1.789780 0.000001 0.000000 0.000000 0.000000 0.612641
    55 1.207001 0.000000 0.000004 0.000000 0.000000 0.666342
    56 5.671875 -2.031250 -5.722656 1.991476 0.082321 -2.001942
  time 6
    0 1.610982 -0.335943 37.281722 1.580470 0.042049 -0.051989
    1 -0.124999 3.345128 -2.981903 1.569963 0.125270 1.600520
    2 4.018331 0.000000 0.000000 0.064271 0.050731 0.030597
    3 3.518564 0.000000 0.000000 0.068014 0.006627 0.136696
    4 8.942642 0.000000 0.000000 -0.018173 -0.068720 0.238913
    5 3.307269 0.000000 -0.000004 3.138800 0.000567 0.400476
    6 3.593710 -0.000001 -0.000004 -0.067170 -0.058018 0.499247
    7 1.999994 -3.000001 0.000004 -1.570793 0.000002 -1.326448
    8 2.033349 1.000771 -1.937607 -1.058109 1.180400 -2.740547
    9 6.028143 0.000002 -0.000004 0.903894 0.022232 -1.147777
    10 11.692545 0.000000 0.000000 -0.000011 0.000000 -0.273150
    11 11.481701 0.000000 0.000000 -0.751047 0.006970 0.171310
    12 2.676086 -1.712440 0.000000 -1.570792 0.000005 -1.570792
    13 2.033341 1.000767 1.937660 1.816777 -1.292435 2.713525
    14 6.028140 0.000002 0.000000 -1.414013 -0.230078 -0.961790
    15 11.692553 0.000000 0.000011 -0.000013 0.000000 -0.329331
    16 11.481667 0.000000 -0.000031 1.991742 0.050384 0.021281
    17 2.676086 -1.712440 0.000004 1.570793 0.000005 1.570793
    18 -3.890452 0.000004 0.000004 -1.425336 -0.343810 -1.544793
    19 17.848171 0.000000 0.000004 0.000009 0.000000 0.367910
    20 16.525251 0.000000 0.000004 -0.017342 0.091186 -1.085003
    21 6.879454 0.000000 0.000008 -0.081136 -0.003493 -0.662880
    22 3.890452 -0.000004 -0.000004 -1.782682 0.202157 -1.443458
    23 17.848175 0.000000 -0.000004 0.000010 0.000000 0.336878
    24 16.525246 0.000000 0.000004 -0.104063 0.053653 -1.174832
    25 6.879452 0.000000 0.000000 -0.003979 -0.003567 -1.053380
    26 3.859703 -0.142403 -1.191975 -0.454210 0.125458 -0.727586
    27 1.312565 0.000001 0.000004 -0.168573 0.310525 -0.695408
    28 0.729362 0.000002 0.000004 -0.168575 0.310526 -0.538327
    29 3.942326 0.046774 -0.431438 -0.180316 0.236513 -0.665164
    30 1.539093 0.000001 0.000000 -0.102742 0.185414 -0.715744
    31 1.196320 -0.000001 0.000004 -0.102743 0.185420 -0.539055
    32 3.883686 -0.046767 0.431446 0.132500 0.038417 -0.577108
    33 1.719570 0.000002 0.000004 -0.032705 0.058460 -0.470191
    34 1.209183 -0.000001 -0.000004 -0.032705 0.058461 -0.411280
    35 3.859859 -0.137950 1.332462 0.521871 -0.068642 -0.464350
    36 1.719429 0.000002 0.000000 0.068756 -0.123349 -0.545076
    37 1.099670 0.000001 0.000004 0.068746 -0.123345 -0.270165
    38 0.806049 -0.348922 1.321259 -0.826856 -0.289358 -0.678288
    39 1.789787 0.000000 0.000004 0.030440 0.074684 0.204409
    40 1.207001 0.000000 -0.000004 0.004901 0.032015 0.303799
    41 3.859665 -0.132565 1.193108 0.154237 -0.057261 -1.683866
    42 1.312561 0.000000 0.000000 0.000000 0.000000 -0.627085
    43 0.729366 0.000002 0.000000 0.000000 0.000000 -1.021394
    44 3.942291 0.050330 0.431042 0.020416 -0.074382 -1.517442
    45 1.539097 0.000003 0.000000 0.000000 0.000000 -0.806822
    46 1.196320 0.000000 0.000000 0.000000 0.000000 -1.303469
    47 3.883648 -0.050325 -0.431044 -0.127900 -0.099349 -0.936271
    48 1.719574 -0.000005 0.000000 0.000000 0.000000 -1.100726
    49 1.209183 -0.000001 0.000000 0.000000 0.000000 -1.091479
    50 3.859825 -0.148935 -1.331284 -0.351997 -0.088877 -0.797488
    51 1.719425 0.000000 0.000000 0.000000 0.000000 -0.997179
    52 1.099663 0.000000 0.000000 0.000000 0.000000 -1.420907
    53 0.806015 -0.359835 -1.318335 1.372063 0.323488 -0.797750
    54 1.789780 0.000001 0.000000 0.000000 0.000000 0.612641
    55 1.207001 0.000000 0.000004 0.000000 0.000000 0.666342
    56 5.671875 -2.031250 -5.722656 1.991476 0.082321 -2.001942
  time 7
    0 1.610982 -0.335943 37.008276 1.580470 0.042049 -0.056153
    1 -0.124999 3.345128 -2.981903 1.569963 0.125282 1.601708
    2 4.018331 0.000000 0.000000 0.068926 0.046704 0.030261
    3 3.518564 0.000000 0.000000 0.072304 0.005645 0.136361
    4 8.942642 0.000000 0.000000 -0.017791 -0.067401 0.235931
    5 3.307269 0.000000 -0.000004 3.138800 0.000567 0.400476
    6 3.593710 -0.000001 -0.000004 -0.067170 -0.058018 0.499247
    7 1.999994 -3.000001 0.000004 -1.570793 0.000002 -1.326448
    8 2.033349 1.000771 -1.937607 -1.052543 1.179276 -2.734533
    9 6.028143 0.000002 -0.000004 0.906375 0.014839 -1.155905
    10 11.692545 0.000000 0.000000 -0.000011 0.000000 -0.265915
    11 11.481701 0.000000 0.000000 -0.751047 0.006970 0.171310
    12 2.676086 -1.712440 0.000000 -1.570792 0.000005 -1.570792
    13 2.033341 1.000767 1.937660 1.825883 -1.291032 2.703903
    14 6.028140 0.000002 0.000000 -1.411558 -0.211359 -0.957536
    15 11.692553 0.000000 0.000011 -0.000013 0.000000 -0.364439
    16 11.481667 0.000000 -0.000031 1.991742 0.050384 0.021281
    17 2.676086 -1.712440 0.000004 1.570793 0.000005 1.570793
    18 -3.890452 0.000004 0.000004 -1.354530 -0.386336 -1.554318
    19 17.848171 0.000000 0.000004 0.000009 0.000000 0.368359
    20 16.525251 0.000000 0.000004 -0.070400 0.043480 -1.043932
    21 6.879454 0.000000 0.000008 -0.081124 -0.003481 -0.662880
    22 3.890452 -0.000004 -0.000004 -1.698895 0.162563 -1.458788
    23 17.848175 0.000000 -0.000004 0.000010 0.000000 0.378448
    24 16.525246 0.000000 0.000004 -0.146245 -0.044519 -1.294391
    25 6.879452 0.000000 0.000000 -0.005381 -0.002920 -0.770846
    26 3.859703 -0.142403 -1.191975 -0.454210 0.125458 -0.727586
    27 1.312565 0.000001 0.000004 -0.168573 0.310525 -0.695408
    28 0.729362 0.000002 0.000004 -0.168575 0.310526 -0.538327
    29 3.942326 0.046774 -0.431438 -0.180316 0.236513 -0.665164
    30 1.539093 0.000001 0.000000 -0.102742 0.185414 -0.715744
    31 1.196320 -0.000001 0.000004 -0.102743 0.185420 -0.539055
    32 3.883686 -0.046767 0.431446 0.132500 0.038417 -0.577108
    33 1.719570 0.000002 0.000004 -0.032705 0.058460 -0.470191
    34 1.209183 -0.000001 -0.000004 -0.032705 0.058461 -0.411280
    35 3.859859 -0.137950 1.332462 0.521871 -0.068642 -0.464350
    36 1.719429 0.000002 0.000000 0.068756 -0.123349 -0.545076
    37 1.099670 0.000001 0.000004 0.068746 -0.123345 -0.270165
    38 0.806049 -0.348922 1.321259 -0.826856 -0.289358 -0.678288
    39 1.789787 0.000000 0.000004 0.030440 0.074684 0.204409
    40 1.207001 0.000000 -0.000004 0.004901 0.032015 0.303799
    41 3.859665 -0.132565 1.193108 0.154237 -0.057261 -1.683866
    42 1.312561 0.000000 0.000000 0.000000 0.000000 -0.627085
    43 0.729366 0.000002 0.000000 0.000000 0.000000 -1.021394
    44 3.942291 0.050330 0.431042 0.020416 -0.074382 -1.517442
    45 1.539097 0.000003 0.000000 0.000000 0.000000 -0.806822
    46 1.196320 0.000000 0.000000 0.000000 0.000000 -1.303469
    47 3.883648 -0.050325 -0.431044 -0.127900 -0.099349 -0.936271
    48 1.719574 -0.000005 0.000000 0.000000 0.000000 -1.100726
    49 1.209183 -0.000001 0.000000 0.000000 0.000000 -1.091479
    50 3.859825 -0.148935 -1.331284 -0.351997 -0.088877 -0.797488
    51 1.719425 0.000000 0.000000 0.000000 0.000000 -0.997179
    52 1.099663 0.000000 0.000000 0.000000 0.000000 -1.420907
    53 0.806015 -0.359835 -1.318335 1.372063 0.323488 -0.797750
    54 1.789780 0.000001 0.000000 0.000000 0.000000 0.612641
    55 1.207001 0.000000 0.000004 0.000000 0.000000 0.666342
    56 5.671875 -2.031250 -5.722656 1.991476 0.082321 -2.001942
  time 8
    0 1.610982 -0.335943 36.832489 1.580470 0.042049 -0.052216
    1 -0.124999 3.345128 -2.981903 1.570304 0.125282 1.605962
    2 4.018331 0.000000 0.000000 0.068235 0.037871 0.030764
    3 3.518564 0.000000 0.000000 0.070950 0.000755 0.136612
    4 8.942642 0.000000 0.000000 -0.016529 -0.063147 0.232166
    5 3.307269 0.000000 -0.000004 3.138800 0.000567 0.400476
    6 3.593710 -0.000001 -0.000004 -0.067170 -0.058018 0.499247
    7 1.999994 -3.000001 0.000004 -1.570793 0.000002 -1.326448
    8 2.033349 1.000771 -1.937607 -1.058109 1.180400 -2.740547
    9 6.028143 0.000002 -0.000004 0.908673 0.010532 -1.158131
    10 11.692545 0.000000 0.000000 -0.000011 0.000000 -0.273018
    11 11.481701 0.000000 0.000000 -0.751047 0.006970 0.171310
    12 2.676086 -1.712440 0.000000 -1.570792 0.000005 -1.570792
    13 2.033341 1.000767 1.937660 1.816777 -1.292435 2.713525
    14 6.028140 0.000002 0.000000 -1.406296 -0.174054 -0.958395
    15 11.692553 0.000000 0.000011 -0.000013 0.000000 -0.414793
    16 11.481667 0.000000 -0.000031 1.991742 0.050384 0.021281
    17 2.676086 -1.712440 0.000004 1.570793 0.000005 1.570793
    18 -3.890452 0.000004 0.000004 -1.350813 -0.409125 -1.552272
    19 17.848171 0.000000 0.000004 0.000009 0.000000 0.375534
    20 16.525251 0.000000 0.000004 -0.080513 0.040775 -1.132912
    21 6.879454 0.000000 0.000008 -0.081388 -0.003697 -0.662880
    22 3.890452 -0.000004 -0.000004 -1.725736 0.041591 -1.437546
    23 17.848175 0.000000 -0.000004 0.000010 0.000000 0.543224
    24 16.525246 0.000000 0.000004 -0.128339 -0.016852 -1.344975
    25 6.879452 0.000000 0.000000 -0.005345 -0.002992 -0.786241
    26 3.859703 -0.142403 -1.191975 -0.454210 0.125458 -0.727586
    27 1.312565 0.000001 0.000004 -0.168573 0.310525 -0.695408
    28 0.729362 0.000002 0.000004 -0.168575 0.310526 -0.538327
    29 3.942326 0.046774 -0.431438 -0.180316 0.236513 -0.665164
    30 1.539093 0.000001 0.000000 -0.102742 0.185414 -0.715744
    31 1.196320 -0.000001 0.000004 -0.102743 0.185420 -0.539055
    32 3.883686 -0.046767 0.431446 0.132500 0.038417 -0.577108
    33 1.719570 0.000002 0.000004 -0.032705 0.058460 -0.470191
    34 1.209183 -0.000001 -0.000004 -0.032705 0.058461 -0.411280
    35 3.859859 -0.137950 1.332462 0.521871 -0.068642 -0.464350
    36 1.719429 0.000002 0.000000 0.068756 -0.123349 -0.545076
    37 1.099670 0.000001 0.000004 0.068746 -0.123333 -0.270165
    38 0.806049 -0.348922 1.321259 -0.826856 -0.289358 -0.678288
    39 1.789787 0.000000 0.000004 0.030440 0.074684 0.204409
    40 1.207001 0.000000 -0.000004 0.004901 0.032015 0.303799
    41 3.859665 -0.132565 1.193108 0.154237 -0.057261 -1.683866
    42 1.312561 0.000000 0.000000 0.000000 0.000000 -0.627085
    43 0.729366 0.000002 0.000000 0.000000 0.000000 -1.021394
    44 3.942291 0.050330 0.431042 0.020416 -0.074382 -1.517442
    45 1.539097 0.000003 0.000000 0.000000 0.000000 -0.806822
    46 1.196320 0.000000 0.000000 0.000000 0.000000 -1.303469
    47 3.883648 -0.050325 -0.431044 -0.127900 -0.099349 -0.936271
    48 1.719574 -0.000005 0.000000 0.000000 0.000000 -1.100726
    49 1.209183 -0.000001 0.000000 0.000000 0.000000 -1.091479
    50 3.859825 -0.148935 -1.331284 -0.351997 -0.088877 -0.797488
    51 1.719425 0.000000 0.000000 0.000000 0.000000 -0.997179
    52 1.099663 0.000000 0.000000 0.000000 0.000000 -1.420907
    53 0.806015 -0.359835 -1.318335 1.372063 0.323488 -0.797750
    54 1.789780 0.000001 0.000000 0.000000 0.000000 0.612641
    55 1.207001 0.000000 0.000004 0.000000 0.000000 0.666342
    56 5.671875 -2.031250 -5.722656 1.991476 0.082321 -2.001942
  time 9
    0 1.610982 -0.335943 36.809051 1.580525 0.042049 -0.042677
    1 -0.124999 3.345128 -2.981903 1.570255 0.125282 1.609821
    2 4.018331 0.000000 0.000000 0.065767 0.030405 0.032059
    3 3.518564 0.000000 0.000000 0.067678 -0.004758 0.137260
    4 8.942642 0.000000 0.000000 -0.015217 -0.058365 0.227925
    5 3.307269 0.000000 -0.000004 3.138800 0.000567 0.400476
    6 3.593710 -0.000001 -0.000004 -0.067170 -0.058018 0.499247
    7 1.999994 -3.000001 0.000004 -1.570793 0.000002 -1.326448
    8 2.033349 1.000771 -1.937607 -1.073879 1.183612 -2.757636
    9 6.028143 0.000002 -0.000004 0.914922 0.009068 -1.152477
    10 11.692545 0.000000 0.000000 -0.000011 0.000000 -0.292289
    11 11.481701 0.000000 0.000000 -0.751047 0.006970 0.171310
    12 2.676086 -1.712440 0.000000 -1.570792 0.000005 -1.570792
    13 2.033341 1.000767 1.937660 1.790654 -1.296307 2.740773
    14 6.028140 0.000002 0.000000 -1.394604 -0.133782 -0.963703
    15 11.692553 0.000000 0.000011 -0.000013 0.000000 -0.465567
    16 11.481667 0.000000 -0.000031 1.991742 0.050384 0.021281
    17 2.676086 -1.712440 0.000004 1.570793 0.000005 1.570793
    18 -3.890452 0.000004 0.000004 -1.151494 -0.388332 -1.573752
    19 17.848171 0.000000 0.000004 0.000009 0.000000 0.319698
    20 16.525251 0.000000 0.000004 -0.181768 -0.126648 -1.218122
    21 6.879454 0.000000 0.000008 -0.081819 -0.004032 -0.662880
    22 3.890452 -0.000004 -0.000004 -1.759430 -0.039323 -1.417748
    23 17.848175 0.000000 -0.000004 0.000010 0.000000 0.620291
    24 16.525246 0.000000 0.000004 -0.104634 0.018934 -1.360953
    25 6.879452 0.000000 0.000000 -0.005381 -0.003076 -0.794144
    26 3.859703 -0.142403 -1.191975 -0.454210 0.125458 -0.727586
    27 1.312565 0.000001 0.000004 -0.168573 0.310525 -0.695408
    28 0.729362 0.000002 0.000004 -0.168575 0.310526 -0.538327
    29 3.942326 0.046774 -0.431438 -0.180316 0.236513 -0.665164
    30 1.539093 0.000001 0.000000 -0.102730 0.185414 -0.715744
    31 1.196320 -0.000001 0.000004 -0.102743 0.185420 -0.539055
    32 3.883686 -0.046767 0.431446 0.132500 0.038417 -0.577108
    33 1.719570 0.000002 0.000004 -0.032705 0.058460 -0.470191
    34 1.209183 -0.000001 -0.000004 -0.032705 0.058461 -0.411280
    35 3.859859 -0.137950 1.332462 0.521871 -0.068642 -0.464350
    36 1.719429 0.000002 0.000000 0.068756 -0.123349 -0.545076
    37 1.099670 0.000001 0.000004 0.068746 -0.123333 -0.270165
    38 0.806049 -0.348922 1.321259 -0.826856 -0.289358 -0.678288
    39 1.789787 0.000000 0.000004 0.030440 0.074684 0.204409
    40 1.207001 0.000000 -0.000004 0.004901 0.032015 0.303799
    41 3.859665 -0.132565 1.193108 0.154237 -0.057261 -1.683866
    42 1.312561 0.000000 0.000000 0.000000 0.000000 -0.627085
    43 0.729366 0.000002 0.000000 0.000000 0.000000 -1.021394
    44 3.942291 0.050330 0.431042 0.020416 -0.074382 -1.517442
    45 1.539097 0.000003 0.000000 0.000000 0.000000 -0.806822
    46 1.196320 0.000000 0.000000 0.000000 0.000000 -1.303469
    47 3.883648 -0.050325 -0.431044 -0.127900 -0.099349 -0.936271
    48 1.719574 -0.000005 0.000000 0.000000 0.000000 -1.100726
    49 1.209183 -0.000001 0.000000 0.000000 0.000000 -1.091479
    50 3.859825 -0.148935 -1.331284 -0.351997 -0.088877 -0.797488
    51 1.719425 0.000000 0.000000 0.000000 0.000000 -0.997179
    52 1.099663 0.000000 0.000000 0.000000 0.000000 -1.420907
    53 0.806015 -0.359835 -1.318335 1.372063 0.323488 -0.797750
    54 1.789780 0.000001 0.000000 0.000000 0.000000 0.612641
    55 1.207001 0.000000 0.000004 0.000000 0.000000 0.666342
    56 5.671875 -2.031250 -5.722656 1.991476 0.082321 -2.001942
  time 10
    0 1.610982 -0.335943 36.965306 1.580579 0.042049 -0.031018
    1 -0.124999 3.345128 -2.981903 1.570011 0.125282 1.613086
    2 4.018331 0.000000 0.000000 0.061747 0.024664 0.033797
    3 3.518564 0.000000 0.000000 0.062921 -0.008881 0.138122
    4 8.942642 0.000000 0.000000 -0.013968 -0.053379 0.223606
    5 3.307269 0.000000 -0.000004 3.138800 0.000567 0.400476
    6 3.593710 -0.000001 -0.000004 -0.067170 -0.058018 0.499247
    7 1.999994 -3.000001 0.000004 -1.570793 0.000002 -1.326448
    8 2.033349 1.000771 -1.937607 -1.098926 1.188310 -2.784653
    9 6.028143 0.000002 -0.000004 0.922825 0.012014 -1.138801
    10 11.692545 0.000000 0.000000 -0.000011 0.000000 -0.317611
    11 11.481701 0.000000 0.000000 -0.751047 0.006970 0.171310
    12 2.676086 -1.712440 0.000000 -1.570792 0.000005 -1.570792
    13 2.033341 1.000767 1.937660 1.748633 -1.301872 2.784504
    14 6.028140 0.000002 0.000000 -1.379171 -0.093139 -0.974162
    15 11.692553 0.000000 0.000011 -0.000013 0.000000 -0.511795
    16 11.481667 0.000000 -0.000031 1.991742 0.050384 0.021281
    17 2.676086 -1.712440 0.000004 1.570793 0.000005 1.570793
    18 -3.890452 0.000004 0.000004 -1.183829 -0.300342 -1.524016
    19 17.848171 0.000000 0.000004 0.000009 0.000000 0.080653
    20 16.525251 0.000000 0.000004 -0.165661 -0.114729 -1.174336
    21 6.879454 0.000000 0.000008 -0.082203 -0.004332 -0.662880
    22 3.890452 -0.000004 -0.000004 -1.730387 -0.095959 -1.422285
    23 17.848175 0.000000 -0.000004 0.000010 0.000000 0.635504
    24 16.525246 0.000000 0.000004 -0.113492 0.000037 -1.353718
    25 6.879452 0.000000 0.000000 -0.005585 -0.003052 -0.764713
    26 3.859703 -0.142403 -1.191975 -0.454210 0.125458 -0.727586
    27 1.312565 0.000001 0.000004 -0.168573 0.310525 -0.695408
    28 0.729362 0.000002 0.000004 -0.168575 0.310526 -0.538327
    29 3.942326 0.046774 -0.431438 -0.180316 0.236513 -0.665164
    30 1.539093 0.000001 0.000000 -0.102742 0.185414 -0.715744
    31 1.196320 -0.000001 0.000004 -0.102743 0.185420 -0.539055
    32 3.883686 -0.046767 0.431446 0.132500 0.038417 -0.577108
    33 1.719570 0.000002 0.000004 -0.032705 0.058460 -0.470191
    34 1.209183 -0.000001 -0.000004 -0.032705 0.058461 -0.411280
    35 3.859859 -0.137950 1.332462 0.521871 -0.068642 -0.464350
    36 1.719429 0.000002 0.000000 0.068756 -0.123349 -0.545076
    37 1.099670 0.000001 0.000004 0.068746 -0.123345 -0.270165
    38 0.806049 -0.348922 1.321259 -0.826856 -0.289358 -0.678288
    39 1.789787 0.000000 0.000004 0.030440 0.074684 0.204409
    40 1.207001 0.000000 -0.000004 0.004901 0.032015 0.303799
    41 3.859665 -0.132565 1.193108 0.154237 -0.057261 -1.683866
    42 1.312561 0.000000 0.000000 0.000000 0.000000 -0.627085
    43 0.729366 0.000002 0.000000 0.000000 0.000000 -1.021394
    44 3.942291 0.050330 0.431042 0.020416 -0.074382 -1.517442
    45 1.539097 0.000003 0.000000 0.000000 0.000000 -0.806822
    46 1.196320 0.000000 0.000000 0.000000 0.000000 -1.303469
    47 3.883648 -0.050325 -0.431044 -0.127900 -0.099349 -0.936271
    48 1.719574 -0.000005 0.000000 0.000000 0.000000 -1.100726
    49 1.209183 -0.000001 0.000000 0.000000 0.000000 -1.091479
    50 3.859825 -0.148935 -1.331284 -0.351997 -0.088877 -0.797488
    51 1.719425 0.000000 0.000000 0.000000 0.000000 -0.997179
    52 1.099663 0.000000 0.000000 0.000000 0.000000 -1.420907
    53 0.806015 -0.359835 -1.318335 1.372063 0.323488 -0.797750
    54 1.789780 0.000001 0.000000 0.000000 0.000000 0.612641
    55 1.207001 0.000000 0.000004 0.000000 0.000000 0.666342
    56 5.671875 -2.031250 -5.722656 1.991476 0.082321 -2.001942
  time 11
    0 1.610982 -0.335943 37.281722 1.580579 0.042049 -0.020343
    1 -0.124999 3.345128 -2.981903 1.569768 0.125282 1.615807
    2 4.018331 0.000000 0.000000 0.056438 0.020637 0.035690
    3 3.518564 0.000000 0.000000 0.057036 -0.011146 0.138997
    4 8.942642 0.000000 0.000000 -0.012885 -0.048478 0.219687
    5 3.307269 0.000000 -0.000004 3.138800 0.000567 0.400476
    6 3.593710 -0.000001 -0.000004 -0.067170 -0.058018 0.499247
    7 1.999994 -3.000001 0.000004 -1.570793 0.000002 -1.326448
    8 2.033349 1.000771 -1.937607 -1.132043 1.194011 -2.820167
    9 6.028143 0.000002 -0.000004 0.929167 0.020977 -1.118728
    10 11.692545 0.000000 0.000000 -0.000011 0.000000 -0.342802
    11 11.481701 0.000000 0.000000 -0.751047 0.006970 0.171310
    12 2.676086 -1.712440 0.000000 -1.570792 0.000005 -1.570792
    13 2.033341 1.000767 1.937660 1.692057 -1.308211 2.843193
    14 6.028140 0.000002 0.000000 -1.363387 -0.052832 -0.989070
    15 11.692553 0.000000 0.000011 -0.000013 0.000000 -0.550750
    16 11.481667 0.000000 -0.000031 1.991742 0.050384 0.021281
    17 2.676086 -1.712440 0.000004 1.570793 0.000005 1.570793
    18 -3.890452 0.000004 0.000004 -1.223067 -0.388161 -1.567167
    19 17.848171 0.000000 0.000004 0.000009 0.000000 0.329265
    20 16.525251 0.000000 0.000004 -0.130442 -0.062153 -1.338825
    21 6.879454 0.000000 0.000008 -0.082239 -0.004356 -0.662880
    22 3.890452 -0.000004 -0.000004 -1.703382 -0.128527 -1.431360
    23 17.848175 0.000000 -0.000004 0.000010 0.000000 0.600320
    24 16.525246 0.000000 0.000004 -0.122628 -0.017124 -1.326647
    25 6.879452 0.000000 0.000000 -0.005909 -0.002980 -0.719600
    26 3.859703 -0.142403 -1.191975 -0.454210 0.125458 -0.727586
    27 1.312565 0.000001 0.000004 -0.168573 0.310525 -0.695408
    28 0.729362 0.000002 0.000004 -0.168575 0.310526 -0.538327
    29 3.942326 0.046774 -0.431438 -0.180316 0.236513 -0.665164
    30 1.539093 0.000001 0.000000 -0.102742 0.185414 -0.715744
    31 1.196320 -0.000001 0.000004 -0.102743 0.185420 -0.539055
    32 3.883686 -0.046767 0.431446 0.132500 0.038417 -0.577108
    33 1.719570 0.000002 0.000004 -0.032705 0.058460 -0.470191
    34 1.209183 -0.000001 -0.000004 -0.032705 0.058461 -0.411280
    35 3.859859 -0.137950 1.332462 0.521871 -0.068642 -0.464350
    36 1.719429 0.000002 0.000000 0.068756 -0.123349 -0.545076
    37 1.099670 0.000001 0.000004 0.068746 -0.123345 -0.270165
    38 0.806049 -0.348922 1.321259 -0.826856 -0.289358 -0.678288
    39 1.789787 0.000000 0.000004 0.030440 0.074684 0.204409
    40 1.207001 0.000000 -0.000004 0.004901 0.032015 0.303799
    41 3.859665 -0.132565 1.193108 0.154237 -0.057261 -1.683866
    42 1.312561 0.000000 0.000000 0.000000 0.000000 -0.627085
    43 0.729366 0.000002 0.000000 0.000000 0.000000 -1.021394
    44 3.942291 0.050330 0.431042 0.020416 -0.074382 -1.517442
    45 1.539097 0.000003 0.000000 0.000000 0.000000 -0.806822
    46 1.196320 0.000000 0.000000 0.000000 0.000000 -1.303469
    47 3.883648 -0.050325 -0.431044 -0.127900 -0.099349 -0.936271
    48 1.719574 -0.000005 0.000000 0.000000 0.000000 -1.100726
    49 1.209183 -0.000001 0.000000 0.000000 0.000000 -1.091479
    50 3.859825 -0.148935 -1.331284 -0.351997 -0.088877 -0.797488
    51 1.719425 0.000000 0.000000 0.000000 0.000000 -0.997179
    52 1.099663 0.000000 0.000000 0.000000 0.000000 -1.420907
    53 0.806015 -0.359835 -1.318335 1.372063 0.323488 -0.797750
    54 1.789780 0.000001 0.000000 0.000000 0.000000 0.612641
    55 1.207001 0.000000 0.000004 0.000000 0.000000 0.666342
    56 5.671875 -2.031250 -5.722656 1.991476 0.082321 -2.001942
  time 12
    0 1.610982 -0.335943 37.633295 1.580633 0.042049 -0.011409
    1 -0.124999 3.345128 -2.981903 1.569573 0.125282 1.617785
    2 4.018331 0.000000 0.000000 0.050174 0.018121 0.037404
    3 3.518564 0.000000 0.000000 0.050313 -0.011769 0.139728
    4 8.942642 0.000000 0.000000 -0.011993 -0.043828 0.216429
    5 3.307269 0.000000 -0.000004 3.138800 0.000567 0.400476
    6 3.593710 -0.000001 -0.000004 -0.067170 -0.058018 0.499247
    7 1.999994 -3.000001 0.000004 -1.570793 0.000002 -1.326448
    8 2.033349 1.000771 -1.937607 -1.172210 1.200114 -2.863318
    9 6.028143 0.000002 -0.000004 0.933394 0.036321 -1.094627
    10 11.692545 0.000000 0.000000 -0.000011 0.000000 -0.363125
    11 11.481701 0.000000 0.000000 -0.751047 0.006970 0.171310
    12 2.676086 -1.712440 0.000000 -1.570792 0.000005 -1.570792
    13 2.033341 1.000767 1.937660 1.622196 -1.314599 2.915601
    14 6.028140 0.000002 0.000000 -1.347252 -0.013808 -1.007295
    15 11.692553 0.000000 0.000011 -0.000013 0.000000 -0.580823
    16 11.481667 0.000000 -0.000031 1.991742 0.050384 0.021281
    17 2.676086 -1.712440 0.000004 1.570793 0.000005 1.570793
    18 -3.890452 0.000004 0.000004 -1.196810 -0.455530 -1.623423
    19 17.848171 0.000000 0.000004 0.000009 0.000000 0.602619
    20 16.525251 0.000000 0.000004 -0.117005 -0.058322 -1.437960
    21 6.879454 0.000000 0.000008 -0.081843 -0.004056 -0.662880
    22 3.890452 -0.000004 -0.000004 -1.681518 -0.145274 -1.440984
    23 17.848175 0.000000 -0.000004 0.000010 0.000000 0.534710
    24 16.525246 0.000000 0.000004 -0.130432 -0.030541 -1.287698
    25 6.879452 0.000000 0.000000 -0.006244 -0.002944 -0.679508
    26 3.859703 -0.142403 -1.191975 -0.454210 0.125458 -0.727586
    27 1.312565 0.000001 0.000004 -0.168573 0.310525 -0.695408
    28 0.729362 0.000002 0.000004 -0.168575 0.310526 -0.538327
    29 3.942326 0.046774 -0.431438 -0.180316 0.236513 -0.665164
    30 1.539093 0.000001 0.000000 -0.102742 0.185414 -0.715744
    31 1.196320 -0.000001 0.000004 -0.102743 0.185420 -0.539055
    32 3.883686 -0.046767 0.431446 0.132500 0.038417 -0.577108
    33 1.719570 0.000002 0.000004 -0.032705 0.058460 -0.470191
    34 1.209183 -0.000001 -0.000004 -0.032705 0.058461 -0.411280
    35 3.859859 -0.137950 1.332462 0.521871 -0.068642 -0.464350
    36 1.719429 0.000002 0.000000 0.068756 -0.123349 -0.545076
    37 1.099670 0.000001 0.000004 0.068746 -0.123345 -0.270165
    38 0.806049 -0.348922 1.321259 -0.826856 -0.289358 -0.678288
    39 1.789787 0.000000 0.000004 0.030440 0.074684 0.204409
    40 1.207001 0.000000 -0.000004 0.004901 0.032015 0.303799
    41 3.859665 -0.132565 1.193108 0.154237 -0.057261 -1.683866
    42 1.312561 0.000000 0.000000 0.000000 0.000000 -0.627085
    43 0.729366 0.000002 0.000000 0.000000 0.000000 -1.021394
    44 3.942291 0.050330 0.431042 0.020416 -0.074382 -1.517442
    45 1.539097 0.000003 0.000000 0.000000 0.000000 -0.806822
    46 1.196320 0.000000 0.000000 0.000000 0.000000 -1.303469
    47 3.883648 -0.050325 -0.431044 -0.127900 -0.099349 -0.936271
    48 1.719574 -0.000005 0.000000 0.000000 0.000000 -1.100726
    49 1.209183 -0.000001 0.000000 0.000000 0.000000 -1.091479
    50 3.859825 -0.148935 -1.331284 -0.351997 -0.088877 -0.797488
    51 1.719425 0.000000 0.000000 0.000000 0.000000 -0.997179
    52 1.099663 0.000000 0.000000 0.000000 0.000000 -1.420907
    53 0.806015 -0.359835 -1.318335 1.372105 0.323488 -0.797750
    54 1.789780 0.000001 0.000000 0.000000 0.000000 0.612641
    55 1.207001 0.000000 0.000004 0.000000 0.000000 0.666342
    56 5.671875 -2.031250 -5.722656 1.991476 0.082321 -2.001942
  time 13
    0 1.610982 -0.335943 37.914554 1.580688 0.042049 0.002825
    1 -0.124999 3.345128 -2.981903 1.569525 0.125270 1.618973
    2 4.018331 0.000000 0.000000 0.043276 0.016838 0.038638
    3 3.518564 0.000000 0.000000 0.043050 -0.011098 0.140112
    4 8.942642 0.000000 0.000000 -0.011356 -0.039561 0.214001
    5 3.307269 0.000000 -0.000004 3.138800 0.000567 0.400476
    6 3.593710 -0.000001 -0.000004 -0.067170 -0.058018 0.499247
    7 1.999994 -3.000001 0.000004 -1.570793 0.000002 -1.326448
    8 2.033349 1.000771 -1.937607 -1.218036 1.206097 -2.912578
    9 6.028143 0.000002 -0.000004 0.942125 0.056304 -1.069359
    10 11.692545 0.000000 0.000000 -0.000011 0.000000 -0.375688
    11 11.481701 0.000000 0.000000 -0.751047 0.006970 0.171310
    12 2.676086 -1.712440 0.000000 -1.570792 0.000005 -1.570792
    13 2.033341 1.000767 1.937660 1.541139 -1.320019 2.999251
    14 6.028140 0.000002 0.000000 -1.324335 0.021641 -1.026691
    15 11.692553 0.000000 0.000011 -0.000013 0.000000 -0.601034
    16 11.481667 0.000000 -0.000031 1.991742 0.050384 0.021281
    17 2.676086 -1.712440 0.000004 1.570793 0.000005 1.570793
    18 -3.890452 0.000004 0.000004 -1.153146 -0.433112 -1.661204
    19 17.848171 0.000000 0.000004 0.000009 0.000000 0.712274
    20 16.525251 0.000000 0.000004 -0.113522 -0.076061 -1.418203
    21 6.879454 0.000000 0.000008 -0.081388 -0.003697 -0.662880
    22 3.890452 -0.000004 -0.000004 -1.617638 -0.157602 -1.459063
    23 17.848175 0.000000 -0.000004 0.000010 0.000000 0.458958
    24 16.525246 0.000000 0.000004 -0.158075 -0.073995 -1.242178
    25 6.879452 0.000000 0.000000 -0.006556 -0.002944 -0.649831
    26 3.859703 -0.142403 -1.191975 -0.454210 0.125458 -0.727586
    27 1.312565 0.000001 0.000004 -0.168573 0.310525 -0.695408
    28 0.729362 0.000002 0.000004 -0.168575 0.310526 -0.538327
    29 3.942326 0.046774 -0.431438 -0.180316 0.236513 -0.665164
    30 1.539093 0.000001 0.000000 -0.102742 0.185414 -0.715744
    31 1.196320 -0.000001 0.000004 -0.102743 0.185420 -0.539055
    32 3.883686 -0.046767 0.431446 0.132500 0.038417 -0.577108
    33 1.719570 0.000002 0.000004 -0.032705 0.058460 -0.470191
    34 1.209183 -0.000001 -0.000004 -0.032705 0.058461 -0.411280
    35 3.859859 -0.137950 1.332462 0.521871 -0.068642 -0.464350
    36 1.719429 0.000002 0.000000 0.068756 -0.123349 -0.545076
    37 1.099670 0.000001 0.000004 0.068746 -0.123345 -0.270165
    38 0.806049 -0.348922 1.321259 -0.826856 -0.289358 -0.678288
    39 1.789787 0.000000 0.000004 0.030440 0.074684 0.204409
    40 1.207001 0.000000 -0.000004 0.004901 0.032015 0.303799
    41 3.859665 -0.132565 1.193108 0.154237 -0.057261 -1.683866
    42 1.312561 0.000000 0.000000 0.000000 0.000000 -0.627085
    43 0.729366 0.000002 0.000000 0.000000 0.000000 -1.021394
    44 3.942291 0.050330 0.431042 0.020416 -0.074382 -1.517442
    45 1.539097 0.000003 0.000000 0.000000 0.000000 -0.806822
    46 1.196320 0.000000 0.000000 0.000000 0.000000 -1.303469
    47 3.883648 -0.050325 -0.431044 -0.127900 -0.099349 -0.936271
    48 1.719574 -0.000005 0.000000 0.000000 0.000000 -1.100726
    49 1.209183 -0.000001 0.000000 0.000000 0.000000 -1.091479
    50 3.859825 -0.148935 -1.331284 -0.351997 -0.088877 -0.797488
    51 1.719425 0.000000 0.000000 0.000000 0.000000 -0.997179
    52 1.099663 0.000000 0.000000 0.000000 0.000000 -1.420907
    53 0.806015 -0.359835 -1.318335 1.372105 0.323488 -0.797750
    54 1.789780 0.000001 0.000000 0.000000 0.000000 0.612641
    55 1.207001 0.000000 0.000004 0.000000 0.000000 0.666342
    56 5.671875 -2.031250 -5.722656 1.991476 0.082321 -2.001942
  time 14
    0 1.610982 -0.335943 38.090340 1.580742 0.042049 0.023039
    1 -0.124999 3.345128 -2.981903 1.569476 0.125270 1.619171
    2 4.018331 0.000000 0.000000 0.036115 0.016515 0.039094
    3 3.518564 0.000000 0.000000 0.035548 -0.009396 0.140088
    4 8.942642 0.000000 0.000000 -0.010999 -0.035870 0.212433
    5 3.307269 0.000000 -0.000004 3.138800 0.000567 0.400476
    6 3.593710 -0.000001 -0.000004 -0.067170 -0.058018 0.499247
    7 1.999994 -3.000001 0.000004 -1.570793 0.000002 -1.326448
    8 2.033349 1.000771 -1.937607 -1.268222 1.211557 -2.966135
    9 6.028143 0.000002 -0.000004 0.955910 0.079425 -1.044516
    10 11.692545 0.000000 0.000000 -0.000011 0.000000 -0.379042
    11 11.481701 0.000000 0.000000 -0.751047 0.006970 0.171310
    12 2.676086 -1.712440 0.000000 -1.570792 0.000005 -1.570792
    13 2.033341 1.000767 1.937660 1.451947 -1.323891 3.091191
    14 6.028140 0.000002 0.000000 -1.293995 0.053077 -1.045502
    15 11.692553 0.000000 0.000011 -0.000013 0.000000 -0.610476
    16 11.481667 0.000000 -0.000031 1.991742 0.050384 0.021281
    17 2.676086 -1.712440 0.000004 1.570793 0.000005 1.570793
    18 -3.890452 0.000004 0.000004 -1.118274 -0.351938 -1.675204
    19 17.848171 0.000000 0.000004 0.000009 0.000000 0.703305
    20 16.525251 0.000000 0.000004 -0.112815 -0.093874 -1.320425
    21 6.879454 0.000000 0.000008 -0.080968 -0.003397 -0.666375
    22 3.890452 -0.000004 -0.000004 -1.534504 -0.168332 -1.477005
    23 17.848175 0.000000 -0.000004 0.000010 0.000000 0.381077
    24 16.525246 0.000000 0.000004 -0.193815 -0.127412 -1.189423
    25 6.879452 0.000000 0.000000 -0.006856 -0.002944 -0.623734
    26 3.859703 -0.142403 -1.191975 -0.454210 0.125458 -0.727586
    27 1.312565 0.000001 0.000004 -0.168573 0.310525 -0.695408
    28 0.729362 0.000002 0.000004 -0.168575 0.310526 -0.538327
    29 3.942326 0.046774 -0.431438 -0.180316 0.236513 -0.665164
    30 1.539093 0.000001 0.000000 -0.102742 0.185414 -0.715744
    31 1.196320 -0.000001 0.000004 -0.102743 0.185420 -0.539055
    32 3.883686 -0.046767 0.431446 0.132500 0.038417 -0.577108
    33 1.719570 0.000002 0.000004 -0.032705 0.058460 -0.470191
    34 1.209183 -0.000001 -0.000004 -0.032705 0.058461 -0.411280
    35 3.859859 -0.137950 1.332462 0.521871 -0.068642 -0.464350
    36 1.719429 0.000002 0.000000 0.068756 -0.123349 -0.545076
    37 1.099670 0.000001 0.000004 0.068746 -0.123345 -0.270165
    38 0.806049 -0.348922 1.321259 -0.826856 -0.289358 -0.678288
    39 1.789787 0.000000 0.000004 0.030440 0.074684 0.204409
    40 1.207001 0.000000 -0.000004 0.004901 0.032015 0.303799
    41 3.859665 -0.132565 1.193108 0.154237 -0.057261 -1.683866
    42 1.312561 0.000000 0.000000 0.000000 0.000000 -0.627085
    43 0.729366 0.000002 0.000000 0.000000 0.000000 -1.021394
    44 3.942291 0.050330 0.431042 0.020416 -0.074382 -1.517442
    45 1.539097 0.000003 0.000000 0.000000 0.000000 -0.806822
    46 1.196320 0.000000 0.000000 0.000000 0.000000 -1.303469
    47 3.883648 -0.050325 -0.431044 -0.127900 -0.099349 -0.936271
    48 1.719574 -0.000005 0.000000 0.000000 0.000000 -1.100726
    49 1.209183 -0.000001 0.000000 0.000000 0.000000 -1.091479
    50 3.859825 -0.148935 -1.331284 -0.351997 -0.088877 -0.797488
    51 1.719425 0.000000 0.000000 0.000000 0.000000 -0.997179
    52 1.099663 0.000000 0.000000 0.000000 0.000000 -1.420907
    53 0.806015 -0.359835 -1.318335 1.372063 0.323488 -0.797750
    54 1.789780 0.000001 0.000000 0.000000 0.000000 0.612641
    55 1.207001 0.000000 0.000004 0.000000 0.000000 0.666342
    56 5.671875 -2.031250 -5.722656 1.991476 0.082321 -2.001942
  time 15
    0 1.610982 -0.335943 38.188000 1.580797 0.042049 0.029928
    1 -0.124999 3.345128 -2.981903 1.569525 0.125270 1.618527
    2 4.018331 0.000000 0.000000 0.029029 0.016922 0.038710
    3 3.518564 0.000000 0.000000 0.028117 -0.006795 0.139704
    4 8.942642 0.000000 0.000000 -0.010948 -0.032802 0.211680
    5 3.307269 0.000000 -0.000004 3.138800 0.000567 0.400476
    6 3.593710 -0.000001 -0.000004 -0.067170 -0.058018 0.499247
    7 1.999994 -3.000001 0.000004 -1.570793 0.000002 -1.326448
    8 2.033349 1.000771 -1.937607 -1.320728 1.216094 -3.022174
    9 6.028143 0.000002 -0.000004 0.955910 0.108806 -1.019178
    10 11.692545 0.000000 0.000000 -0.000011 0.000000 -0.372991
    11 11.481701 0.000000 0.000000 -0.751047 0.006970 0.171310
    12 2.676086 -1.712440 0.000000 -1.570792 0.000005 -1.570792
    13 2.033341 1.000767 1.937660 1.358873 -1.325730 -3.096179
    14 6.028140 0.000002 0.000000 -1.274995 0.084748 -1.066342
    15 11.692553 0.000000 0.000011 -0.000013 0.000000 -0.608238
    16 11.481667 0.000000 -0.000031 1.991742 0.050384 0.021281
    17 2.676086 -1.712440 0.000004 1.570793 0.000005 1.570793
    18 -3.890452 0.000004 0.000004 -1.097445 -0.321249 -1.704675
    19 17.848171 0.000000 0.000004 0.000009 0.000000 0.803542
    20 16.525251 0.000000 0.000004 -0.115220 -0.107958 -1.276940
    21 6.879454 0.000000 0.000008 -0.079398 -0.003361 -0.826963
    22 3.890452 -0.000004 -0.000004 -1.557021 -0.175738 -1.474599
    23 17.848175 0.000000 -0.000004 0.000010 0.000000 0.301381
    24 16.525246 0.000000 0.000004 -0.180023 -0.103922 -1.135763
    25 6.879452 0.000000 0.000000 -0.007119 -0.002968 -0.603606
    26 3.859703 -0.142403 -1.191975 -0.454210 0.125458 -0.727586
    27 1.312565 0.000001 0.000004 -0.168573 0.310525 -0.695408
    28 0.729362 0.000002 0.000004 -0.168575 0.310526 -0.538327
    29 3.942326 0.046774 -0.431438 -0.180316 0.236513 -0.665164
    30 1.539093 0.000001 0.000000 -0.102742 0.185414 -0.715744
    31 1.196320 -0.000001 0.000004 -0.102743 0.185420 -0.539055
    32 3.883686 -0.046767 0.431446 0.132500 0.038417 -0.577108
    33 1.719570 0.000002 0.000004 -0.032705 0.058460 -0.470191
    34 1.209183 -0.000001 -0.000004 -0.032705 0.058461 -0.411280
    35 3.859859 -0.137950 1.332462 0.521871 -0.068642 -0.464350
    36 1.719429 0.000002 0.000000 0.068756 -0.123349 -0.545076
    37 1.099670 0.000001 0.000004 0.068746 -0.123345 -0.270165
    38 0.806049 -0.348922 1.321259 -0.826856 -0.289358 -0.678288
    39 1.789787 0.000000 0.000004 0.030440 0.074684 0.204409
    40 1.207001 0.000000 -0.000004 0.004901 0.032015 0.303799
    41 3.859665 -0.132565 1.193108 0.154237 -0.057261 -1.683866
    42 1.312561 0.000000 0.000000 0.000000 0.000000 -0.627085
    43 0.729366 0.000002 0.000000 0.000000 0.000000 -1.021394
    44 3.942291 0.050330 0.431042 0.020416 -0.074382 -1.517442
    45 1.539097 0.000003 0.000000 0.000000 0.000000 -0.806822
    46 1.196320 0.000000 0.000000 0.000000 0.000000 -1.303469
    47 3.883648 -0.050325 -0.431044 -0.127900 -0.099349 -0.936271
    48 1.719574 -0.000005 0.000000 0.000000 0.000000 -1.100726
    49 1.209183 -0.000001 0.000000 0.000000 0.000000 -1.091479
    50 3.859825 -0.148935 -1.331284 -0.351997 -0.088877 -0.797488
    51 1.719425 0.000000 0.000000 0.000000 0.000000 -0.997179
    52 1.099663 0.000000 0.000000 0.000000 0.000000 -1.420907
    53 0.806015 -0.359835 -1.318335 1.372063 0.323488 -0.797750
    54 1.789780 0.000001 0.000000 0.000000 0.000000 0.612641
    55 1.207001 0.000000 0.000004 0.000000 0.000000 0.666342
    56 5.671875 -2.031250 -5.722656 1.991476 0.082321 -2.001942
  time 16
    0 1.610982 -0.335943 38.160655 1.580797 0.042049 0.037045
    1 -0.128905 3.345128 -2.981903 1.569622 0.125282 1.617390
    2 4.018331 0.000000 0.000000 0.022280 0.018253 0.037656
    3 3.518564 0.000000 0.000000 0.021070 -0.003476 0.138973
    4 8.942642 0.000000 0.000000 -0.011126 -0.030513 0.211680
    5 3.307269 0.000000 -0.000004 3.138800 0.000567 0.400476
    6 3.593710 -0.000001 -0.000004 -0.067170 -0.058018 0.499247
    7 1.999994 -3.000001 0.000004 -1.570793 0.000002 -1.326448
    8 2.033349 1.000771 -1.937607 -1.373511 1.219507 -3.078500
    9 6.028143 0.000002 -0.000004 0.955818 0.139896 -0.995077
    10 11.692545 0.000000 0.000000 -0.000011 0.000000 -0.358916
    11 11.481701 0.000000 0.000000 -0.751047 0.006970 0.171310
    12 2.676086 -1.712440 0.000000 -1.570792 0.000005 -1.570792
    13 2.033341 1.000767 1.937660 1.266844 -1.325342 -3.001667
    14 6.028140 0.000002 0.000000 -1.254417 0.112237 -1.087689
    15 11.692553 0.000000 0.000011 -0.000013 0.000000 -0.593551
    16 11.481667 0.000000 -0.000031 1.991742 0.050384 0.021281
    17 2.676086 -1.712440 0.000004 1.570793 0.000005 1.570793
    18 -3.890452 0.000004 0.000004 -1.106119 -0.272020 -1.713880
    19 17.848171 0.000000 0.000004 0.000009 0.000000 0.848391
    20 16.525251 0.000000 0.000004 -0.103551 -0.109128 -1.218525
    21 6.879454 0.000000 0.000008 -0.078344 -0.003337 -0.973039
    22 3.890452 -0.000004 -0.000004 -1.531975 -0.193620 -1.479617
    23 17.848175 0.000000 -0.000004 0.000010 0.000000 0.242657
    24 16.525246 0.000000 0.000004 -0.192556 -0.118551 -1.080235
    25 6.879452 0.000000 0.000000 -0.007275 -0.002992 -0.592575
    26 3.859703 -0.142403 -1.191975 -0.454210 0.125458 -0.727586
    27 1.312565 0.000001 0.000004 -0.168573 0.310525 -0.695408
    28 0.729362 0.000002 0.000004 -0.168575 0.310526 -0.538327
    29 3.942326 0.046774 -0.431438 -0.180316 0.236513 -0.665164
    30 1.539093 0.000001 0.000000 -0.102742 0.185414 -0.715744
    31 1.196320 -0.000001 0.000004 -0.102743 0.185420 -0.539055
    32 3.883686 -0.046767 0.431446 0.132500 0.038417 -0.577108
    33 1.719570 0.000002 0.000004 -0.032705 0.058460 -0.470191
    34 1.209183 -0.000001 -0.000004 -0.032705 0.058461 -0.411280
    35 3.859859 -0.137950 1.332462 0.521871 -0.068642 -0.464350
    36 1.719429 0.000002 0.000000 0.068756 -0.123349 -0.545076
    37 1.099670 0.000001 0.000004 0.068746 -0.123345 -0.270165
    38 0.806049 -0.348922 1.321259 -0.826856 -0.289358 -0.678288
    39 1.789787 0.000000 0.000004 0.030440 0.074684 0.204409
    40 1.207001 0.000000 -0.000004 0.004901 0.032015 0.303799
    41 3.859665 -0.132565 1.193108 0.154237 -0.057261 -1.683866
    42 1.312561 0.000000 0.000000 0.000000 0.000000 -0.627085
    43 0.729366 0.000002 0.000000 0.000000 0.000000 -1.021394
    44 3.942291 0.050330 0.431042 0.020416 -0.074382 -1.517442
    45 1.539097 0.000003 0.000000 0.000000 0.000000 -0.806822
    46 1.196320 0.000000 0.000000 0.000000 0.000000 -1.303469
    47 3.883648 -0.050325 -0.431044 -0.127900 -0.099349 -0.936271
    48 1.719574 -0.000005 0.000000 0.000000 0.000000 -1.100726
    49 1.209183 -0.000001 0.000000 0.000000 0.000000 -1.091479
    50 3.859825 -0.148935 -1.331284 -0.351997 -0.088877 -0.797488
    51 1.719425 0.000000 0.000000 0.000000 0.000000 -0.997179
    52 1.099663 0.000000 0.000000 0.000000 0.000000 -1.420907
    53 0.806015 -0.359835 -1.318335 1.372063 0.323488 -0.797750
    54 1.789780 0.000001 0.000000 0.000000 0.000000 0.612641
    55 1.207001 0.000000 0.000004 0.000000 0.000000 0.666342
    56 5.671875 -2.031250 -5.722656 1.991476 0.082321 -2.001942
  time 17
    0 1.610982 -0.335943 38.023932 1.580851 0.042049 0.044162
    1 -0.124999 3.345128 -2.981903 1.569768 0.125282 1.615708
    2 4.018331 0.000000 0.000000 0.016223 0.020637 0.035990
    3 3.518564 0.000000 0.000000 0.014683 0.000407 0.137919
    4 8.942642 0.000000 0.000000 -0.011496 -0.029087 0.212956
    5 3.307269 0.000000 -0.000004 3.138800 0.000567 0.400476
    6 3.593710 -0.000001 -0.000004 -0.067170 -0.058018 0.499247
    7 1.999994 -3.000001 0.000004 -1.570793 0.000002 -1.326448
    8 2.033349 1.000771 -1.937607 -1.424254 1.221836 3.150520
    9 6.028143 0.000002 -0.000004 0.955726 0.171125 -0.972389
    10 11.692545 0.000000 0.000000 -0.000011 0.000000 -0.339842
    11 11.481701 0.000000 0.000000 -0.751047 0.006970 0.171310
    12 2.676086 -1.712440 0.000000 -1.570792 0.000005 -1.570792
    13 2.033341 1.000767 1.937660 1.180638 -1.323068 -2.913253
    14 6.028140 0.000002 0.000000 -1.233138 0.134026 -1.109661
    15 11.692553 0.000000 0.000011 -0.000013 0.000000 -0.565367
    16 11.481667 0.000000 -0.000031 1.991742 0.050384 0.021281
    17 2.676086 -1.712440 0.000004 1.570793 0.000005 1.570793
    18 -3.890452 0.000004 0.000004 -1.123702 -0.204565 -1.709469
    19 17.848171 0.000000 0.000004 0.000009 0.000000 0.844055
    20 16.525251 0.000000 0.000004 -0.086896 -0.111921 -1.160662
    21 6.879454 0.000000 0.000008 -0.077637 -0.003325 -1.091798
    22 3.890452 -0.000004 -0.000004 -1.521695 -0.240368 -1.483261
    23 17.848175 0.000000 -0.000004 0.000010 0.000000 0.241781
    24 16.525246 0.000000 0.000004 -0.196817 -0.119799 -1.043035
    25 6.879452 0.000000 0.000000 -0.007287 -0.003040 -0.598049
    26 3.859703 -0.142403 -1.191975 -0.454210 0.125458 -0.727586
    27 1.312565 0.000001 0.000004 -0.168573 0.310525 -0.695408
    28 0.729362 0.000002 0.000004 -0.168575 0.310526 -0.538327
    29 3.942326 0.046774 -0.431438 -0.180316 0.236513 -0.665164
    30 1.539093 0.000001 0.000000 -0.102742 0.185414 -0.715744
    31 1.196320 -0.000001 0.000004 -0.102743 0.185420 -0.539055
    32 3.883686 -0.046767 0.431446 0.132500 0.038417 -0.577108
    33 1.719570 0.000002 0.000004 -0.032705 0.058460 -0.470191
    34 1.209183 -0.000001 -0.000004 -0.032705 0.058461 -0.411280
    35 3.859859 -0.137950 1.332462 0.521871 -0.068642 -0.464350
    36 1.719429 0.000002 0.000000 0.068756 -0.123349 -0.545076
    37 1.099670 0.000001 0.000004 0.068746 -0.123345 -0.270165
    38 0.806049 -0.348922 1.321259 -0.826856 -0.289358 -0.678288
    39 1.789787 0.000000 0.000004 0.030440 0.074684 0.204409
    40 1.207001 0.000000 -0.000004 0.004901 0.032015 0.303799
    41 3.859665 -0.132565 1.193108 0.154237 -0.057261 -1.683866
    42 1.312561 0.000000 0.000000 0.000000 0.000000 -0.627085
    43 0.729366 0.000002 0.000000 0.000000 0.000000 -1.021394
    44 3.942291 0.050330 0.431042 0.020416 -0.074382 -1.517442
    45 1.539097 0.000003 0.000000 0.000000 0.000000 -0.806822
    46 1.196320 0.000000 0.000000 0.000000 0.000000 -1.303469
    47 3.883648 -0.050325 -0.431044 -0.127900 -0.099349 -0.936271
    48 1.719574 -0.000005 0.000000 0.000000 0.000000 -1.100726
    49 1.209183 -0.000001 0.000000 0.000000 0.000000 -1.091479
    50 3.859825 -0.148935 -1.331284 -0.351997 -0.088877 -0.797488
    51 1.719425 0.000000 0.000000 0.000000 0.000000 -0.997179
    52 1.099663 0.000000 0.000000 0.000000 0.000000 -1.420907
    53 0.806015 -0.359835 -1.318335 1.372105 0.323488 -0.797750
    54 1.789780 0.000001 0.000000 0.000000 0.000000 0.612641
    55 1.207001 0.000000 0.000004 0.000000 0.000000 0.666342
    56 5.671875 -2.031250 -5.722656 1.991476 0.082321 -2.001942
  time 18
    0 1.610982 -0.335943 37.816895 1.580851 0.042049 0.050976
    1 -0.128905 3.345128 -2.981903 1.569963 0.125282 1.613482
    2 4.018331 0.000000 0.000000 0.011044 0.024305 0.033797
    3 3.518564 0.000000 0.000000 0.009278 0.004734 0.136636
    4 8.942642 0.000000 0.000000 -0.011955 -0.028643 0.215861
    5 3.307269 0.000000 -0.000004 3.138800 0.000567 0.400476
    6 3.593710 -0.000001 -0.000004 -0.067170 -0.058018 0.499247
    7 1.999994 -3.000001 0.000004 -1.570793 0.000002 -1.326448
    8 2.033349 1.000771 -1.937607 -1.470636 1.223081 3.101259
    9 6.028143 0.000002 -0.000004 0.956461 0.199879 -0.950514
    10 11.692545 0.000000 0.000000 -0.000011 0.000000 -0.321163
    11 11.481701 0.000000 0.000000 -0.751047 0.006970 0.171310
    12 2.676086 -1.712440 0.000000 -1.570792 0.000005 -1.570792
    13 2.033341 1.000767 1.937660 1.104432 -1.319439 -2.835224
    14 6.028140 0.000002 0.000000 -1.212092 0.148462 -1.132492
    15 11.692553 0.000000 0.000011 -0.000013 0.000000 -0.522356
    16 11.481667 0.000000 -0.000031 1.991742 0.050384 0.021281
    17 2.676086 -1.712440 0.000004 1.570793 0.000005 1.570793
    18 -3.890452 0.000004 0.000004 -1.131668 -0.116832 -1.697771
    19 17.848171 0.000000 0.000004 0.000009 0.000000 0.792180
    20 16.525251 0.000000 0.000004 -0.076394 -0.125405 -1.113558
    21 6.879454 0.000000 0.000008 -0.077217 -0.003313 -1.172605
    22 3.890452 -0.000004 -0.000004 -1.509131 -0.286316 -1.488073
    23 17.848175 0.000000 -0.000004 0.000010 0.000000 0.242908
    24 16.525246 0.000000 0.000004 -0.197827 -0.127756 -1.021390
    25 6.879452 0.000000 0.000000 -0.007311 -0.003100 -0.603194
    26 3.859703 -0.142403 -1.191975 -0.454210 0.125458 -0.727586
    27 1.312565 0.000001 0.000004 -0.168573 0.310525 -0.695408
    28 0.729362 0.000002 0.000004 -0.168575 0.310526 -0.538327
    29 3.942326 0.046774 -0.431438 -0.180316 0.236513 -0.665164
    30 1.539093 0.000001 0.000000 -0.102742 0.185414 -0.715744
    31 1.196320 -0.000001 0.000004 -0.102743 0.185420 -0.539055
    32 3.883686 -0.046767 0.431446 0.132500 0.038417 -0.577108
    33 1.719570 0.000002 0.000004 -0.032705 0.058460 -0.470191
    34 1.209183 -0.000001 -0.000004 -0.032705 0.058461 -0.411280
    35 3.859859 -0.137950 1.332462 0.521871 -0.068642 -0.464350
    36 1.719429 0.000002 0.000000 0.068756 -0.123349 -0.545076
    37 1.099670 0.000001 0.000004 0.068746 -0.123345 -0.270165
    38 0.806049 -0.348922 1.321259 -0.826856 -0.289358 -0.678288
    39 1.789787 0.000000 0.000004 0.030440 0.074684 0.204409
    40 1.207001 0.000000 -0.000004 0.004901 0.032015 0.303799
    41 3.859665 -0.132565 1.193108 0.154237 -0.057261 -1.683866
    42 1.312561 0.000000 0.000000 0.000000 0.000000 -0.627085
    43 0.729366 0.000002 0.000000 0.000000 0.000000 -1.021394
    44 3.942291 0.050330 0.431042 0.020416 -0.074382 -1.517442
    45 1.539097 0.000003 0.000000 0.000000 0.000000 -0.806822
    46 1.196320 0.000000 0.000000 0.000000 0.000000 -1.303469
    47 3.883648 -0.050325 -0.431044 -0.127900 -0.099349 -0.936271
    48 1.719574 -0.000005 0.000000 0.000000 0.000000 -1.100726
    49 1.209183 -0.000001 0.000000 0.000000 0.000000 -1.091479
    50 3.859825 -0.148935 -1.331284 -0.351997 -0.088877 -0.797488
    51 1.719425 0.000000 0.000000 0.000000 0.000000 -0.997179
    52 1.099663 0.000000 0.000000 0.000000 0.000000 -1.420907
    53 0.806015 -0.359835 -1.318335 1.372063 0.323488 -0.797750
    54 1.789780 0.000001 0.000000 0.000000 0.000000 0.612641
    55 1.207001 0.000000 0.000004 0.000000 0.000000 0.666342
    56 5.671875 -2.031250 -5.722656 1.991476 0.082321 -2.001942
  time 19
    0 1.610982 -0.335943 37.574700 1.580906 0.042049 0.057108
    1 -0.124999 3.345128 -2.981903 1.570157 0.125282 1.610612
    2 4.018331 0.000000 0.000000 0.006968 0.029362 0.031376
    3 3.518564 0.000000 0.000000 0.005095 0.009240 0.135258
    4 8.942642 0.000000 0.000000 -0.012834 -0.030573 0.220087
    5 3.307269 0.000000 -0.000004 3.138800 0.000567 0.400476
    6 3.593710 -0.000001 -0.000004 -0.067170 -0.058018 0.499247
    7 1.999994 -3.000001 0.000004 -1.570793 0.000002 -1.326448
    8 2.033349 1.000771 -1.937607 -1.510340 1.223563 3.059063
    9 6.028143 0.000002 -0.000004 0.958299 0.222477 -0.929664
    10 11.692545 0.000000 0.000000 -0.000011 0.000000 -0.310376
    11 11.481701 0.000000 0.000000 -0.751047 0.006970 0.171310
    12 2.676086 -1.712440 0.000000 -1.570792 0.000005 -1.570792
    13 2.033341 1.000767 1.937660 1.041512 -1.315228 -2.770819
    14 6.028140 0.000002 0.000000 -1.192274 0.153825 -1.155439
    15 11.692553 0.000000 0.000011 -0.000013 0.000000 -0.463050
    16 11.481667 0.000000 -0.000031 1.991742 0.050384 0.021281
    17 2.676086 -1.712440 0.000004 1.570793 0.000005 1.570793
    18 -3.890452 0.000004 0.000004 -1.241123 -0.030524 -1.644263
    19 17.848171 0.000000 0.000004 0.000009 0.000000 0.708014
    20 16.525251 0.000000 0.000004 0.018761 -0.068442 -1.104408
    21 6.879454 0.000000 0.000008 -0.077121 -0.003265 -1.186510
    22 3.890452 -0.000004 -0.000004 -1.459284 -0.325911 -1.498384
    23 17.848175 0.000000 -0.000004 0.000010 0.000000 0.240278
    24 16.525246 0.000000 0.000004 -0.212439 -0.173904 -1.030373
    25 6.879452 0.000000 0.000000 -0.007443 -0.003243 -0.607969
    26 3.859703 -0.142403 -1.191975 -0.454210 0.125458 -0.727586
    27 1.312565 0.000001 0.000004 -0.168573 0.310525 -0.695408
    28 0.729362 0.000002 0.000004 -0.168575 0.310526 -0.538327
    29 3.942326 0.046774 -0.431438 -0.180316 0.236513 -0.665164
    30 1.539093 0.000001 0.000000 -0.102730 0.185414 -0.715744
    31 1.196320 -0.000001 0.000004 -0.102743 0.185420 -0.539055
    32 3.883686 -0.046767 0.431446 0.132500 0.038417 -0.577108
    33 1.719570 0.000002 0.000004 -0.032705 0.058460 -0.470191
    34 1.209183 -0.000001 -0.000004 -0.032705 0.058461 -0.411280
    35 3.859859 -0.137950 1.332462 0.521871 -0.068642 -0.464350
    36 1.719429 0.000002 0.000000 0.068756 -0.123349 -0.545076
    37 1.099670 0.000001 0.000004 0.068746 -0.123333 -0.270165
    38 0.806049 -0.348922 1.321259 -0.826856 -0.289358 -0.678288
    39 1.789787 0.000000 0.000004 0.030440 0.074684 0.204409
    40 1.207001 0.000000 -0.000004 0.004901 0.032015 0.303799
    41 3.859665 -0.132565 1.193108 0.154237 -0.057261 -1.683866
    42 1.312561 0.000000 0.000000 0.000000 0.000000 -0.627085
    43 0.729366 0.000002 0.000000 0.000000 0.000000 -1.021394
    44 3.942291 0.050330 0.431042 0.020416 -0.074382 -1.517442
    45 1.539097 0.000003 0.000000 0.000000 0.000000 -0.806822
    46 1.196320 0.000000 0.000000 0.000000 0.000000 -1.303469
    47 3.883648 -0.050325 -0.431044 -0.127900 -0.099349 -0.936271
    48 1.719574 -0.000005 0.000000 0.000000 0.000000 -1.100726
    49 1.209183 -0.000001 0.000000 0.000000 0.000000 -1.091479
    50 3.859825 -0.148935 -1.331284 -0.351997 -0.088877 -0.797488
    51 1.719425 0.000000 0.000000 0.000000 0.000000 -0.997179
    52 1.099663 0.000000 0.000000 0.000000 0.000000 -1.420907
    53 0.806015 -0.359835 -1.318335 1.372063 0.323488 -0.797750
    54 1.789780 0.000001 0.000000 0.000000 0.000000 0.612641
    55 1.207001 0.000000 0.000004 0.000000 0.000000 0.666342
    56 5.671875 -2.031250 -5.722656 1.991476 0.082321 -2.001942
  time 20
    0 1.610982 -0.335943 37.328598 1.580906 0.042049 0.062332
    1 -0.124999 3.345128 -2.981903 1.570401 0.125282 1.607100
    2 4.018331 0.000000 0.000000 0.004201 0.035978 0.028979
    3 3.518564 0.000000 0.000000 0.002410 0.013806 0.134084
    4 8.942642 0.000000 0.000000 -0.014108 -0.034827 0.225312
    5 3.307269 0.000000 -0.000004 3.138800 0.000567 0.400476
    6 3.593710 -0.000001 -0.000004 -0.067170 -0.058018 0.499247
    7 1.999994 -3.000001 0.000004 -1.570793 0.000002 -1.326448
    8 2.033349 1.000771 -1.937607 -1.541138 1.223522 3.026318
    9 6.028143 0.000002 -0.000004 0.962435 0.235641 -0.909097
    10 11.692545 0.000000 0.000000 -0.000011 0.000000 -0.314520
    11 11.481701 0.000000 0.000000 -0.751047 0.006970 0.171310
    12 2.676086 -1.712440 0.000000 -1.570792 0.000005 -1.570792
    13 2.033341 1.000767 1.937660 0.994266 -1.311212 -2.722420
    14 6.028140 0.000002 0.000000 -1.174970 0.147956 -1.179011
    15 11.692553 0.000000 0.000011 -0.000013 0.000000 -0.385910
    16 11.481667 0.000000 -0.000031 1.991742 0.050384 0.021281
    17 2.676086 -1.712440 0.000004 1.570793 0.000005 1.570793
    18 -3.890452 0.000004 0.000004 -1.234337 0.080369 -1.624062
    19 17.848171 0.000000 0.000004 0.000009 0.000000 0.589164
    20 16.525251 0.000000 0.000004 0.025338 -0.084354 -1.097571
    21 6.879454 0.000000 0.000008 -0.077121 -0.003265 -1.186510
    22 3.890452 -0.000004 -0.000004 -1.454388 -0.351999 -1.502921
    23 17.848175 0.000000 -0.000004 0.000010 0.000000 0.215299
    24 16.525246 0.000000 0.000004 -0.189086 -0.193560 -1.055877
    25 6.879452 0.000000 0.000000 -0.007682 -0.003447 -0.612085
    26 3.859703 -0.142403 -1.191975 -0.454210 0.125458 -0.727586
    27 1.312565 0.000001 0.000004 -0.168573 0.310525 -0.695408
    28 0.729362 0.000002 0.000004 -0.168575 0.310526 -0.538327
    29 3.942326 0.046774 -0.431438 -0.180316 0.236513 -0.665164
    30 1.539093 0.000001 0.000000 -0.102742 0.185414 -0.715744
    31 1.196320 -0.000001 0.000004 -0.102743 0.185420 -0.539055
    32 3.883686 -0.046767 0.431446 0.132500 0.038417 -0.577108
    33 1.719570 0.000002 0.000004 -0.032705 0.058460 -0.470191
    34 1.209183 -0.000001 -0.000004 -0.032705 0.058461 -0.411280
    35 3.859859 -0.137950 1.332462 0.521871 -0.068642 -0.464350
    36 1.719429 0.000002 0.000000 0.068756 -0.123349 -0.545076
    37 1.099670 0.000001 0.000004 0.068746 -0.123333 -0.270165
    38 0.806049 -0.348922 1.321259 -0.826856 -0.289358 -0.678288
    39 1.789787 0.000000 0.000004 0.030440 0.074684 0.204409
    40 1.207001 0.000000 -0.000004 0.004901 0.032015 0.303799
    41 3.859665 -0.132565 1.193108 0.154237 -0.057261 -1.683866
    42 1.312561 0.000000 0.000000 0.000000 0.000000 -0.627085
    43 0.729366 0.000002 0.000000 0.000000 0.000000 -1.021394
    44 3.942291 0.050330 0.431042 0.020416 -0.074382 -1.517442
    45 1.539097 0.000003 0.000000 0.000000 0.000000 -0.806822
    46 1.196320 0.000000 0.000000 0.000000 0.000000 -1.303469
    47 3.883648 -0.050325 -0.431044 -0.127900 -0.099349 -0.936271
    48 1.719574 -0.000005 0.000000 0.000000 0.000000 -1.100726
    49 1.209183 -0.000001 0.000000 0.000000 0.000000 -1.091479
    50 3.859825 -0.148935 -1.331284 -0.351997 -0.088877 -0.797488
    51 1.719425 0.000000 0.000000 0.000000 0.000000 -0.997179
    52 1.099663 0.000000 0.000000 0.000000 0.000000 -1.420907
    53 0.806015 -0.359835 -1.318335 1.372105 0.323488 -0.797750
    54 1.789780 0.000001 0.000000 0.000000 0.000000 0.612641
    55 1.207001 0.000000 0.000004 0.000000 0.000000 0.666342
    56 5.671875 -2.031250 -5.722656 1.991476 0.082321 -2.001942
  time 21
    0 1.610982 -0.335943 37.094216 1.580906 0.042049 0.066345
    1 -0.124999 3.345128 -2.981903 1.570547 0.125282 1.602895
    2 4.018331 0.000000 0.000000 0.002836 0.043936 0.027037
    3 3.518564 0.000000 0.000000 0.001476 0.018217 0.133317
    4 8.942642 0.000000 0.000000 -0.015535 -0.040256 0.231183
    5 3.307269 0.000000 -0.000004 3.138800 0.000567 0.400476
    6 3.593710 -0.000001 -0.000004 -0.067170 -0.058018 0.499247
    7 1.999994 -3.000001 0.000004 -1.570793 0.000002 -1.326448
    8 2.033349 1.000771 -1.937607 -1.561083 1.223282 3.005124
    9 6.028143 0.000002 -0.000004 0.969143 0.238693 -0.889307
    10 11.692545 0.000000 0.000000 -0.000011 0.000000 -0.333857
    11 11.481701 0.000000 0.000000 -0.751047 0.006970 0.171310
    12 2.676086 -1.712440 0.000000 -1.570792 0.000005 -1.570792
    13 2.033341 1.000767 1.937660 0.964486 -1.308357 -2.691932
    14 6.028140 0.000002 0.000000 -1.161407 0.128967 -1.203871
    15 11.692553 0.000000 0.000011 -0.000013 0.000000 -0.292894
    16 11.481667 0.000000 -0.000031 1.991742 0.050384 0.021281
    17 2.676086 -1.712440 0.000004 1.570793 0.000005 1.570793
    18 -3.890452 0.000004 0.000004 -1.227020 0.180966 -1.601049
    19 17.848171 0.000000 0.000004 0.000009 0.000000 0.464036
    20 16.525251 0.000000 0.000004 0.033435 -0.094576 -1.093650
    21 6.879454 0.000000 0.000008 -0.077145 -0.003313 -1.186510
    22 3.890452 -0.000004 -0.000004 -1.503665 -0.346234 -1.500653
    23 17.848175 0.000000 -0.000004 0.000010 0.000000 0.127401
    24 16.525246 0.000000 0.000004 -0.126333 -0.172999 -1.065403
    25 6.879452 0.000000 0.000000 -0.007994 -0.003699 -0.615419
    26 3.859703 -0.142403 -1.191975 -0.454210 0.125458 -0.727586
    27 1.312565 0.000001 0.000004 -0.168573 0.310525 -0.695408
    28 0.729362 0.000002 0.000004 -0.168575 0.310526 -0.538327
    29 3.942326 0.046774 -0.431438 -0.180316 0.236513 -0.665164
    30 1.539093 0.000001 0.000000 -0.102742 0.185414 -0.715744
    31 1.196320 -0.000001 0.000004 -0.102743 0.185420 -0.539055
    32 3.883686 -0.046767 0.431446 0.132500 0.038417 -0.577108
    33 1.719570 0.000002 0.000004 -0.032705 0.058460 -0.470191
    34 1.209183 -0.000001 -0.000004 -0.032705 0.058461 -0.411280
    35 3.859859 -0.137950 1.332462 0.521871 -0.068642 -0.464350
    36 1.719429 0.000002 0.000000 0.068756 -0.123349 -0.545076
    37 1.099670 0.000001 0.000004 0.068746 -0.123345 -0.270165
    38 0.806049 -0.348922 1.321259 -0.826856 -0.289358 -0.678288
    39 1.789787 0.000000 0.000004 0.030440 0.074684 0.204409
    40 1.207001 0.000000 -0.000004 0.004901 0.032015 0.303799
    41 3.859665 -0.132565 1.193108 0.154237 -0.057261 -1.683866
    42 1.312561 0.000000 0.000000 0.000000 0.000000 -0.627085
    43 0.729366 0.000002 0.000000 0.000000 0.000000 -1.021394
    44 3.942291 0.050330 0.431042 0.020416 -0.074382 -1.517442
    45 1.539097 0.000003 0.000000 0.000000 0.000000 -0.806822
    46 1.196320 0.000000 0.000000 0.000000 0.000000 -1.303469
    47 3.883648 -0.050325 -0.431044 -0.127900 -0.099349 -0.936271
    48 1.719574 -0.000005 0.000000 0.000000 0.000000 -1.100726
    49 1.209183 -0.000001 0.000000 0.000000 0.000000 -1.091479
    50 3.859825 -0.148935 -1.331284 -0.351997 -0.088877 -0.797488
    51 1.719425 0.000000 0.000000 0.000000 0.000000 -0.997179
    52 1.099663 0.000000 0.000000 0.000000 0.000000 -1.420907
    53 0.806015 -0.359835 -1.318335 1.372063 0.323488 -0.797750
    54 1.789780 0.000001 0.000000 0.000000 0.000000 0.612641
    55 1.207001 0.000000 0.000004 0.000000 0.000000 0.666342
    56 5.671875 -2.031250 -5.722656 1.991476 0.082321 -2.001942
  time 22
    0 1.610982 -0.335943 36.918430 1.580906 0.042049 0.068767
    1 -0.124999 3.345128 -2.981903 1.570644 0.125270 1.598195
    2 4.018331 0.000000 0.000000 0.002593 0.052732 0.025851
    3 3.518564 0.000000 0.000000 0.001955 0.022303 0.133089
    4 8.942642 0.000000 0.000000 -0.016963 -0.046165 0.237407
    5 3.307269 0.000000 -0.000004 3.138800 0.000567 0.400476
    6 3.593710 -0.000001 -0.000004 -0.067170 -0.058018 0.499247
    7 1.999994 -3.000001 0.000004 -1.570793 0.000002 -1.326448
    8 2.033349 1.000771 -1.937607 -1.568133 1.223161 2.997582
    9 6.028143 0.000002 -0.000004 0.976404 0.238606 -0.877539
    10 11.692545 0.000000 0.000000 -0.000011 0.000000 -0.349774
    11 11.481701 0.000000 0.000000 -0.751047 0.006970 0.171310
    12 2.676086 -1.712440 0.000000 -1.570792 0.000005 -1.570792
    13 2.033341 1.000767 1.937660 0.954111 -1.307244 -2.681261
    14 6.028140 0.000002 0.000000 -1.153807 0.106773 -1.221628
    15 11.692553 0.000000 0.000011 -0.000013 0.000000 -0.223727
    16 11.481667 0.000000 -0.000031 1.991802 0.050384 0.021281
    17 2.676086 -1.712440 0.000004 1.570793 0.000005 1.570793
    18 -3.890452 0.000004 0.000004 -1.293224 0.241432 -1.569788
    19 17.848171 0.000000 0.000004 0.000009 0.000000 0.377478
    20 16.525251 0.000000 0.000004 0.087926 -0.037072 -1.113809
    21 6.879454 0.000000 0.000008 -0.077325 -0.003313 -1.150760
    22 3.890452 -0.000004 -0.000004 -1.592102 -0.320020 -1.502165
    23 17.848175 0.000000 -0.000004 0.000010 0.000000 0.000000
    24 16.525246 0.000000 0.000004 -0.041003 -0.112837 -1.030976
    25 6.879452 0.000000 0.000000 -0.007131 -0.003783 -0.625051
    26 3.859703 -0.142403 -1.191975 -0.454210 0.125458 -0.727586
    27 1.312565 0.000001 0.000004 -0.168573 0.310525 -0.695408
    28 0.729362 0.000002 0.000004 -0.168575 0.310526 -0.538327
    29 3.942326 0.046774 -0.431438 -0.180316 0.236513 -0.665164
    30 1.539093 0.000001 0.000000 -0.102742 0.185414 -0.715744
    31 1.196320 -0.000001 0.000004 -0.102743 0.185420 -0.539055
    32 3.883686 -0.046767 0.431446 0.132500 0.038417 -0.577108
    33 1.719570 0.000002 0.000004 -0.032705 0.058460 -0.470191
    34 1.209183 -0.000001 -0.000004 -0.032705 0.058461 -0.411280
    35 3.859859 -0.137950 1.332462 0.521871 -0.068642 -0.464350
    36 1.719429 0.000002 0.000000 0.068756 -0.123349 -0.545076
    37 1.099670 0.000001 0.000004 0.068746 -0.123345 -0.270165
    38 0.806049 -0.348922 1.321259 -0.826856 -0.289358 -0.678288
    39 1.789787 0.000000 0.000004 0.030440 0.074684 0.204409
    40 1.207001 0.000000 -0.000004 0.004901 0.032015 0.303799
    41 3.859665 -0.132565 1.193108 0.154237 -0.057261 -1.683866
    42 1.312561 0.000000 0.000000 0.000000 0.000000 -0.627085
    43 0.729366 0.000002 0.000000 0.000000 0.000000 -1.021394
    44 3.942291 0.050330 0.431042 0.020416 -0.074382 -1.517442
    45 1.539097 0.000003 0.000000 0.000000 0.000000 -0.806822
    46 1.196320 0.000000 0.000000 0.000000 0.000000 -1.303469
    47 3.883648 -0.050325 -0.431044 -0.127900 -0.099349 -0.936271
    48 1.719574 -0.000005 0.000000 0.000000 0.000000 -1.100726
    49 1.209183 -0.000001 0.000000 0.000000 0.000000 -1.091479
    50 3.859825 -0.148935 -1.331284 -0.351997 -0.088877 -0.797488
    51 1.719425 0.000000 0.000000 0.000000 0.000000 -0.997179
    52 1.099663 0.000000 0.000000 0.000000 0.000000 -1.420907
    53 0.806015 -0.359835 -1.318335 1.372063 0.323488 -0.797750
    54 1.789780 0.000001 0.000000 0.000000 0.000000 0.612641
    55 1.207001 0.000000 0.000004 0.000000 0.000000 0.666342
    56 5.671875 -2.031250 -5.722656 1.991476 0.082321 -2.001942
  time 23
    0 1.610982 -0.335943 36.836396 1.580906 0.042049 0.069373
    1 -0.124999 3.345128 -2.981903 1.570693 0.125270 1.593149
    2 4.018331 0.000000 0.000000 0.003079 0.061349 0.025671
    3 3.518564 0.000000 0.000000 0.003321 0.025971 0.133496
    4 8.942642 0.000000 0.000000 -0.018224 -0.052013 0.243631
    5 3.307269 0.000000 -0.000004 3.138800 0.000567 0.400476
    6 3.593710 -0.000001 -0.000004 -0.067170 -0.058018 0.499247
    7 1.999994 -3.000001 0.000004 -1.570793 0.000002 -1.326448
    8 2.033349 1.000771 -1.937607 -1.561083 1.223282 3.005124
    9 6.028143 0.000002 -0.000004 0.980631 0.248614 -0.885490
    10 11.692545 0.000000 0.000000 -0.000011 0.000000 -0.328793
    11 11.481701 0.000000 0.000000 -0.751047 0.006970 0.171310
    12 2.676086 -1.712440 0.000000 -1.570792 0.000005 -1.570792
    13 2.033341 1.000767 1.937660 0.964486 -1.308357 -2.691932
    14 6.028140 0.000002 0.000000 -1.154275 0.096317 -1.221433
    15 11.692553 0.000000 0.000011 -0.000013 0.000000 -0.224566
    16 11.481667 0.000000 -0.000031 1.991742 0.050384 0.021281
    17 2.676086 -1.712440 0.000004 1.570793 0.000005 1.570793
    18 -3.890452 0.000004 0.000004 -1.320602 0.231992 -1.562373
    19 17.848171 0.000000 0.000004 0.000009 0.000000 0.377627
    20 16.525251 0.000000 0.000004 0.104280 -0.005044 -1.160360
    21 6.879454 0.000000 0.000008 -0.077613 -0.003325 -1.097269
    22 3.890452 -0.000004 -0.000004 -1.634118 -0.391846 -1.503402
    23 17.848175 0.000000 -0.000004 0.000010 0.000000 0.087271
    24 16.525246 0.000000 0.000004 0.020155 -0.088497 -1.127684
    25 6.879452 0.000000 0.000000 -0.008809 -0.004322 -0.619206
    26 3.859703 -0.142403 -1.191975 -0.454210 0.125458 -0.727586
    27 1.312565 0.000001 0.000004 -0.168573 0.310525 -0.695408
    28 0.729362 0.000002 0.000004 -0.168575 0.310526 -0.538327
    29 3.942326 0.046774 -0.431438 -0.180316 0.236513 -0.665164
    30 1.539093 0.000001 0.000000 -0.102742 0.185414 -0.715744
    31 1.196320 -0.000001 0.000004 -0.102743 0.185420 -0.539055
    32 3.883686 -0.046767 0.431446 0.132500 0.038417 -0.577108
    33 1.719570 0.000002 0.000004 -0.032705 0.058460 -0.470191
    34 1.209183 -0.000001 -0.000004 -0.032705 0.058461 -0.411280
    35 3.859859 -0.137950 1.332462 0.521871 -0.068642 -0.464350
    36 1.719429 0.000002 0.000000 0.068756 -0.123349 -0.545076
    37 1.099670 0.000001 0.000004 0.068746 -0.123345 -0.270165
    38 0.806049 -0.348922 1.321259 -0.826856 -0.289358 -0.678288
    39 1.789787 0.000000 0.000004 0.030440 0.074684 0.204409
    40 1.207001 0.000000 -0.000004 0.004901 0.032015 0.303799
    41 3.859665 -0.132565 1.193108 0.154237 -0.057261 -1.683866
    42 1.312561 0.000000 0.000000 0.000000 0.000000 -0.627085
    43 0.729366 0.000002 0.000000 0.000000 0.000000 -1.021394
    44 3.942291 0.050330 0.431042 0.020416 -0.074382 -1.517442
    45 1.539097 0.000003 0.000000 0.000000 0.000000 -0.806822
    46 1.196320 0.000000 0.000000 0.000000 0.000000 -1.303469
    47 3.883648 -0.050325 -0.431044 -0.127900 -0.099349 -0.936271
    48 1.719574 -0.000005 0.000000 0.000000 0.000000 -1.100726
    49 1.209183 -0.000001 0.000000 0.000000 0.000000 -1.091479
    50 3.859825 -0.148935 -1.331284 -0.351997 -0.088877 -0.797488
    51 1.719425 0.000000 0.000000 0.000000 0.000000 -0.997179
    52 1.099663 0.000000 0.000000 0.000000 0.000000 -1.420907
    53 0.806015 -0.359835 -1.318335 1.372063 0.323488 -0.797750
    54 1.789780 0.000001 0.000000 0.000000 0.000000 0.612641
    55 1.207001 0.000000 0.000004 0.000000 0.000000 0.666342
    56 5.671875 -2.031250 -5.722656 1.991476 0.082321 -2.001942
  time 24
    0 1.610982 -0.335943 36.859834 1.580906 0.042049 0.067253
    1 -0.124999 3.345128 -2.981903 1.570742 0.125258 1.588153
    2 4.018331 0.000000 0.000000 0.004388 0.068744 0.026354
    3 3.518564 0.000000 0.000000 0.005586 0.029003 0.134419
    4 8.942642 0.000000 0.000000 -0.019269 -0.057466 0.249378
    5 3.307269 0.000000 -0.000004 3.138800 0.000567 0.400476
    6 3.593710 -0.000001 -0.000004 -0.067170 -0.058018 0.499247
    7 1.999994 -3.000001 0.000004 -1.570793 0.000002 -1.326448
    8 2.033349 1.000771 -1.937607 -1.541138 1.223522 3.026318
    9 6.028143 0.000002 -0.000004 0.982193 0.256339 -0.902312
    10 11.692545 0.000000 0.000000 -0.000011 0.000000 -0.304720
    11 11.481701 0.000000 0.000000 -0.751047 0.006970 0.171310
    12 2.676086 -1.712440 0.000000 -1.570792 0.000005 -1.570792
    13 2.033341 1.000767 1.937660 0.994266 -1.311212 -2.722420
    14 6.028140 0.000002 0.000000 -1.162986 0.078238 -1.217608
    15 11.692553 0.000000 0.000011 -0.000013 0.000000 -0.227364
    16 11.481667 0.000000 -0.000031 1.991742 0.050384 0.021281
    17 2.676086 -1.712440 0.000004 1.570793 0.000005 1.570793
    18 -3.890452 0.000004 0.000004 -1.266849 0.168559 -1.582062
    19 17.848171 0.000000 0.000004 0.000009 0.000000 0.441014
    20 16.525251 0.000000 0.000004 0.064287 -0.042483 -1.223502
    21 6.879454 0.000000 0.000008 -0.077996 -0.003325 -1.030101
    22 3.890452 -0.000004 -0.000004 -1.814989 -0.471203 -1.473499
    23 17.848175 0.000000 -0.000004 0.000010 0.000000 0.267762
    24 16.525246 0.000000 0.000004 0.112820 0.056330 -1.240731
    25 6.879452 0.000000 0.000000 -0.009169 -0.004574 -0.619330
    26 3.859703 -0.142403 -1.191975 -0.454210 0.125458 -0.727586
    27 1.312565 0.000001 0.000004 -0.168573 0.310525 -0.695408
    28 0.729362 0.000002 0.000004 -0.168575 0.310526 -0.538327
    29 3.942326 0.046774 -0.431438 -0.180316 0.236513 -0.665164
    30 1.539093 0.000001 0.000000 -0.102742 0.185414 -0.715744
    31 1.196320 -0.000001 0.000004 -0.102743 0.185420 -0.539055
    32 3.883686 -0.046767 0.431446 0.132500 0.038417 -0.577108
    33 1.719570 0.000002 0.000004 -0.032705 0.058460 -0.470191
    34 1.209183 -0.000001 -0.000004 -0.032705 0.058461 -0.411280
    35 3.859859 -0.137950 1.332462 0.521871 -0.068642 -0.464350
    36 1.719429 0.000002 0.000000 0.068756 -0.123349 -0.545076
    37 1.099670 0.000001 0.000004 0.068746 -0.123345 -0.270165
    38 0.806049 -0.348922 1.321259 -0.826856 -0.289358 -0.678288
    39 1.789787 0.000000 0.000004 0.030440 0.074684 0.204409
    40 1.207001 0.000000 -0.000004 0.004901 0.032015 0.303799
    41 3.859665 -0.132565 1.193108 0.154237 -0.057261 -1.683866
    42 1.312561 0.000000 0.000000 0.000000 0.000000 -0.627085
    43 0.729366 0.000002 0.000000 0.000000 0.000000 -1.021394
    44 3.942291 0.050330 0.431042 0.020416 -0.074382 -1.517442
    45 1.539097 0.000003 0.000000 0.000000 0.000000 -0.806822
    46 1.196320 0.000000 0.000000 0.000000 0.000000 -1.303469
    47 3.883648 -0.050325 -0.431044 -0.127900 -0.099349 -0.936271
    48 1.719574 -0.000005 0.000000 0.000000 0.000000 -1.100726
    49 1.209183 -0.000001 0.000000 0.000000 0.000000 -1.091479
    50 3.859825 -0.148935 -1.331284 -0.351997 -0.088877 -0.797488
    51 1.719425 0.000000 0.000000 0.000000 0.000000 -0.997179
    52 1.099663 0.000000 0.000000 0.000000 0.000000 -1.420907
    53 0.806015 -0.359835 -1.318335 1.372063 0.323488 -0.797750
    54 1.789780 0.000001 0.000000 0.000000 0.000000 0.612641
    55 1.207001 0.000000 0.000004 0.000000 0.000000 0.666342
    56 5.671875 -2.031250 -5.722656 1.991476 0.082321 -2.001942
  time 25
    0 1.610982 -0.335943 36.957493 1.580906 0.042049 0.061954
    1 -0.124999 3.345128 -2.981903 1.570693 0.125246 1.583552
    2 4.018331 0.000000 0.000000 0.006519 0.074269 0.027696
    3 3.518564 0.000000 0.000000 0.008678 0.031268 0.135714
    4 8.942642 0.000000 0.000000 -0.020008 -0.062116 0.254143
    5 3.307269 0.000000 -0.000004 3.138800 0.000567 0.400476
    6 3.593710 -0.000001 -0.000004 -0.067170 -0.058018 0.499247
    7 1.999994 -3.000001 0.000004 -1.570793 0.000002 -1.326448
    8 2.033349 1.000771 -1.937607 -1.510340 1.223563 3.059063
    9 6.028143 0.000002 -0.000004 0.981642 0.254438 -0.921324
    10 11.692545 0.000000 0.000000 -0.000011 0.000000 -0.295775
    11 11.481701 0.000000 0.000000 -0.751047 0.006970 0.171310
    12 2.676086 -1.712440 0.000000 -1.570792 0.000005 -1.570792
    13 2.033341 1.000767 1.937660 1.041512 -1.315228 -2.770819
    14 6.028140 0.000002 0.000000 -1.178945 0.054122 -1.210349
    15 11.692553 0.000000 0.000011 -0.000013 0.000000 -0.230021
    16 11.481667 0.000000 -0.000031 1.991742 0.050384 0.021281
    17 2.676086 -1.712440 0.000004 1.570793 0.000005 1.570793
    18 -3.890452 0.000004 0.000004 -1.239411 0.126632 -1.590437
    19 17.848171 0.000000 0.000004 0.000009 0.000000 0.452076
    20 16.525251 0.000000 0.000004 0.040419 -0.059097 -1.267087
    21 6.879454 0.000000 0.000008 -0.078463 -0.003337 -0.954423
    22 3.890452 -0.000004 -0.000004 -1.858392 -0.553801 -1.424554
    23 17.848175 0.000000 -0.000004 0.000010 0.000000 0.541221
    24 16.525246 0.000000 0.000004 0.115895 0.070073 -1.346181
    25 6.879452 0.000000 0.000000 -0.009097 -0.004514 -0.618136
    26 3.859703 -0.142403 -1.191975 -0.454210 0.125458 -0.727586
    27 1.312565 0.000001 0.000004 -0.168573 0.310525 -0.695408
    28 0.729362 0.000002 0.000004 -0.168575 0.310526 -0.538327
    29 3.942326 0.046774 -0.431438 -0.180316 0.236513 -0.665164
    30 1.539093 0.000001 0.000000 -0.102742 0.185414 -0.715744
    31 1.196320 -0.000001 0.000004 -0.102743 0.185420 -0.539055
    32 3.883686 -0.046767 0.431446 0.132500 0.038417 -0.577108
    33 1.719570 0.000002 0.000004 -0.032705 0.058460 -0.470191
    34 1.209183 -0.000001 -0.000004 -0.032705 0.058461 -0.411280
    35 3.859859 -0.137950 1.332462 0.521871 -0.068642 -0.464350
    36 1.719429 0.000002 0.000000 0.068756 -0.123349 -0.545076
    37 1.099670 0.000001 0.000004 0.068746 -0.123345 -0.270165
    38 0.806049 -0.348922 1.321259 -0.826856 -0.289358 -0.678288
    39 1.789787 0.000000 0.000004 0.030440 0.074684 0.204409
    40 1.207001 0.000000 -0.000004 0.004901 0.032015 0.303799
    41 3.859665 -0.132565 1.193108 0.154237 -0.057261 -1.683866
    42 1.312561 0.000000 0.000000 0.000000 0.000000 -0.627085
    43 0.729366 0.000002 0.000000 0.000000 0.000000 -1.021394
    44 3.942291 0.050330 0.431042 0.020416 -0.074382 -1.517442
    45 1.539097 0.000003 0.000000 0.000000 0.000000 -0.806822
    46 1.196320 0.000000 0.000000 0.000000 0.000000 -1.303469
    47 3.883648 -0.050325 -0.431044 -0.127900 -0.099349 -0.936271
    48 1.719574 -0.000005 0.000000 0.000000 0.000000 -1.100726
    49 1.209183 -0.000001 0.000000 0.000000 0.000000 -1.091479
    50 3.859825 -0.148935 -1.331284 -0.351997 -0.088877 -0.797488
    51 1.719425 0.000000 0.000000 0.000000 0.000000 -0.997179
    52 1.099663 0.000000 0.000000 0.000000 0.000000 -1.420907
    53 0.806015 -0.359835 -1.318335 1.372063 0.323488 -0.797750
    54 1.789780 0.000001 0.000000 0.000000 0.000000 0.612641
    55 1.207001 0.000000 0.000004 0.000000 0.000000 0.666342
    56 5.671875 -2.031250 -5.722656 1.991476 0.082321 -2.001942
  time 26
    0 1.610982 -0.335943 37.156718 1.580851 0.042049 0.054307
    1 -0.124999 3.345128 -2.981903 1.570644 0.125222 1.579793
    2 4.018331 0.000000 0.000000 0.009511 0.077828 0.029530
    3 3.518564 0.000000 0.000000 0.012513 0.032586 0.137176
    4 8.942642 0.000000 0.000000 -0.020352 -0.065580 0.257662
    5 3.307269 0.000000 -0.000004 3.138800 0.000567 0.400476
    6 3.593710 -0.000001 -0.000004 -0.067170 -0.058018 0.499247
    7 1.999994 -3.000001 0.000004 -1.570793 0.000002 -1.326448
    8 2.033349 1.000771 -1.937607 -1.470636 1.223081 3.101259
    9 6.028143 0.000002 -0.000004 0.979344 0.242407 -0.940548
    10 11.692545 0.000000 0.000000 -0.000011 0.000000 -0.302418
    11 11.481701 0.000000 0.000000 -0.751047 0.006970 0.171310
    12 2.676086 -1.712440 0.000000 -1.570792 0.000005 -1.570792
    13 2.033341 1.000767 1.937660 1.104432 -1.319439 -2.835224
    14 6.028140 0.000002 0.000000 -1.200225 0.024508 -1.200319
    15 11.692553 0.000000 0.000011 -0.000013 0.000000 -0.229532
    16 11.481667 0.000000 -0.000031 1.991742 0.050384 0.021281
    17 2.676086 -1.712440 0.000004 1.570793 0.000005 1.570793
    18 -3.890452 0.000004 0.000004 -1.252451 0.100962 -1.583469
    19 17.848171 0.000000 0.000004 0.000009 0.000000 0.417094
    20 16.525251 0.000000 0.000004 0.037307 -0.041430 -1.287849
    21 6.879454 0.000000 0.000008 -0.079003 -0.003349 -0.876883
    22 3.890452 -0.000004 -0.000004 -1.887354 -0.574250 -1.379527
    23 17.848175 0.000000 -0.000004 0.000010 0.000000 0.742496
    24 16.525246 0.000000 0.000004 0.102615 0.075498 -1.342262
    25 6.879452 0.000000 0.000000 -0.008593 -0.004118 -0.615502
    26 3.859703 -0.142403 -1.191975 -0.454210 0.125458 -0.727586
    27 1.312565 0.000001 0.000004 -0.168573 0.310525 -0.695408
    28 0.729362 0.000002 0.000004 -0.168575 0.310526 -0.538327
    29 3.942326 0.046774 -0.431438 -0.180316 0.236513 -0.665164
    30 1.539093 0.000001 0.000000 -0.102742 0.185414 -0.715744
    31 1.196320 -0.000001 0.000004 -0.102743 0.185420 -0.539055
    32 3.883686 -0.046767 0.431446 0.132500 0.038417 -0.577108
    33 1.719570 0.000002 0.000004 -0.032705 0.058460 -0.470191
    34 1.209183 -0.000001 -0.000004 -0.032705 0.058461 -0.411280
    35 3.859859 -0.137950 1.332462 0.521871 -0.068642 -0.464350
    36 1.719429 0.000002 0.000000 0.068756 -0.123349 -0.545076
    37 1.099670 0.000001 0.000004 0.068746 -0.123345 -0.270165
    38 0.806049 -0.348922 1.321259 -0.826856 -0.289358 -0.678288
    39 1.789787 0.000000 0.000004 0.030440 0.074684 0.204409
    40 1.207001 0.000000 -0.000004 0.004901 0.032015 0.303799
    41 3.859665 -0.132565 1.193108 0.154237 -0.057261 -1.683866
    42 1.312561 0.000000 0.000000 0.000000 0.000000 -0.627085
    43 0.729366 0.000002 0.000000 0.000000 0.000000 -1.021394
    44 3.942291 0.050330 0.431042 0.020416 -0.074382 -1.517442
    45 1.539097 0.000003 0.000000 0.000000 0.000000 -0.806822
    46 1.196320 0.000000 0.000000 0.000000 0.000000 -1.303469
    47 3.883648 -0.050325 -0.431044 -0.127900 -0.099349 -0.936271
    48 1.719574 -0.000005 0.000000 0.000000 0.000000 -1.100726
    49 1.209183 -0.000001 0.000000 0.000000 0.000000 -1.091479
    50 3.859825 -0.148935 -1.331284 -0.351997 -0.088877 -0.797488
    51 1.719425 0.000000 0.000000 0.000000 0.000000 -0.997179
    52 1.099663 0.000000 0.000000 0.000000 0.000000 -1.420907
    53 0.806015 -0.359835 -1.318335 1.372063 0.323488 -0.797750
    54 1.789780 0.000001 0.000000 0.000000 0.000000 0.612641
    55 1.207001 0.000000 0.000004 0.000000 0.000000 0.666342
    56 5.671875 -2.031250 -5.722656 1.991476 0.082321 -2.001942
  time 27
    0 1.610982 -0.335943 37.441883 1.580851 0.042049 0.045222
    1 -0.124999 3.345128 -2.981903 1.570596 0.125222 1.577121
    2 4.018331 0.000000 0.000000 0.013306 0.079614 0.031675
    3 3.518564 0.000000 0.000000 0.017032 0.032850 0.138638
    4 8.942642 0.000000 0.000000 -0.020480 -0.068084 0.259982
    5 3.307269 0.000000 -0.000004 3.138800 0.000567 0.400476
    6 3.593710 -0.000001 -0.000004 -0.067170 -0.058018 0.499247
    7 1.999994 -3.000001 0.000004 -1.570793 0.000002 -1.326448
    8 2.033349 1.000771 -1.937607 -1.424254 1.221836 3.150520
    9 6.028143 0.000002 -0.000004 0.975393 0.222668 -0.960444
    10 11.692545 0.000000 0.000000 -0.000011 0.000000 -0.318466
    11 11.481701 0.000000 0.000000 -0.751047 0.006970 0.171310
    12 2.676086 -1.712440 0.000000 -1.570792 0.000005 -1.570792
    13 2.033341 1.000767 1.937660 1.180638 -1.323068 -2.913253
    14 6.028140 0.000002 0.000000 -1.224778 -0.010030 -1.187519
    15 11.692553 0.000000 0.000011 -0.000013 0.000000 -0.223447
    16 11.481667 0.000000 -0.000031 1.991742 0.050384 0.021281
    17 2.676086 -1.712440 0.000004 1.570793 0.000005 1.570793
    18 -3.890452 0.000004 0.000004 -1.263308 0.095115 -1.570939
    19 17.848171 0.000000 0.000004 0.000009 0.000000 0.335245
    20 16.525251 0.000000 0.000004 0.030730 -0.028020 -1.277493
    21 6.879454 0.000000 0.000008 -0.079590 -0.003361 -0.804093
    22 3.890452 -0.000004 -0.000004 -1.904976 -0.541809 -1.349968
    23 17.848175 0.000000 -0.000004 0.000010 0.000000 0.845607
    24 16.525246 0.000000 0.000004 0.091415 0.086185 -1.253935
    25 6.879452 0.000000 0.000000 -0.008018 -0.003675 -0.611303
    26 3.859703 -0.142403 -1.191975 -0.454210 0.125458 -0.727586
    27 1.312565 0.000001 0.000004 -0.168573 0.310525 -0.695408
    28 0.729362 0.000002 0.000004 -0.168575 0.310526 -0.538327
    29 3.942326 0.046774 -0.431438 -0.180316 0.236513 -0.665164
    30 1.539093 0.000001 0.000000 -0.102742 0.185414 -0.715744
    31 1.196320 -0.000001 0.000004 -0.102743 0.185420 -0.539055
    32 3.883686 -0.046767 0.431446 0.132500 0.038417 -0.577108
    33 1.719570 0.000002 0.000004 -0.032705 0.058460 -0.470191
    34 1.209183 -0.000001 -0.000004 -0.032705 0.058461 -0.411280
    35 3.859859 -0.137950 1.332462 0.521871 -0.068642 -0.464350
    36 1.719429 0.000002 0.000000 0.068756 -0.123349 -0.545076
    37 1.099670 0.000001 0.000004 0.068746 -0.123345 -0.270165
    38 0.806049 -0.348922 1.321259 -0.826856 -0.289358 -0.678288
    39 1.789787 0.000000 0.000004 0.030440 0.074684 0.204409
    40 1.207001 0.000000 -0.000004 0.004901 0.032015 0.303799
    41 3.859665 -0.132565 1.193108 0.154237 -0.057261 -1.683866
    42 1.312561 0.000000 0.000000 0.000000 0.000000 -0.627085
    43 0.729366 0.000002 0.000000 0.000000 0.000000 -1.021394
    44 3.942291 0.050330 0.431042 0.020416 -0.074382 -1.517442
    45 1.539097 0.000003 0.000000 0.000000 0.000000 -0.806822
    46 1.196320 0.000000 0.000000 0.000000 0.000000 -1.303469
    47 3.883648 -0.050325 -0.431044 -0.127900 -0.099349 -0.936271
    48 1.719574 -0.000005 0.000000 0.000000 0.000000 -1.100726
    49 1.209183 -0.000001 0.000000 0.000000 0.000000 -1.091479
    50 3.859825 -0.148935 -1.331284 -0.351997 -0.088877 -0.797488
    51 1.719425 0.000000 0.000000 0.000000 0.000000 -0.997179
    52 1.099663 0.000000 0.000000 0.000000 0.000000 -1.420907
    53 0.806015 -0.359835 -1.318335 1.372105 0.323488 -0.797750
    54 1.789780 0.000001 0.000000 0.000000 0.000000 0.612641
    55 1.207001 0.000000 0.000004 0.000000 0.000000 0.666342
    56 5.671875 -2.031250 -5.722656 1.991476 0.082321 -2.001942
  time 28
    0 1.610982 -0.335943 37.734861 1.580797 0.042049 0.035455
    1 -0.124999 3.345128 -2.981903 1.570498 0.125210 1.575439
    2 4.018331 0.000000 0.000000 0.017812 0.080273 0.033689
    3 3.518564 0.000000 0.000000 0.022101 0.032155 0.139920
    4 8.942642 0.000000 0.000000 -0.020492 -0.070122 0.261181
    5 3.307269 0.000000 -0.000004 3.138800 0.000567 0.400476
    6 3.593710 -0.000001 -0.000004 -0.067170 -0.058018 0.499247
    7 1.999994 -3.000001 0.000004 -1.570793 0.000002 -1.326448
    8 2.033349 1.000771 -1.937607 -1.373511 1.219507 -3.078500
    9 6.028143 0.000002 -0.000004 0.970154 0.198013 -0.981400
    10 11.692545 0.000000 0.000000 -0.000011 0.000000 -0.336685
    11 11.481701 0.000000 0.000000 -0.751047 0.006970 0.171310
    12 2.676086 -1.712440 0.000000 -1.570792 0.000005 -1.570792
    13 2.033341 1.000767 1.937660 1.266844 -1.325342 -3.001667
    14 6.028140 0.000002 0.000000 -1.250676 -0.048009 -1.172064
    15 11.692553 0.000000 0.000011 -0.000013 0.000000 -0.211068
    16 11.481667 0.000000 -0.000031 1.991742 0.050384 0.021281
    17 2.676086 -1.712440 0.000004 1.570793 0.000005 1.570793
    18 -3.890452 0.000004 0.000004 -1.289920 0.107123 -1.552016
    19 17.848171 0.000000 0.000004 0.000009 0.000000 0.211836
    20 16.525251 0.000000 0.000004 0.029581 -0.002266 -1.234209
    21 6.879454 0.000000 0.000008 -0.080165 -0.003373 -0.741484
    22 3.890452 -0.000004 -0.000004 -1.910034 -0.471666 -1.337181
    23 17.848175 0.000000 -0.000004 0.000010 0.000000 0.874593
    24 16.525246 0.000000 0.000004 0.087608 0.097306 -1.142456
    25 6.879452 0.000000 0.000000 -0.007611 -0.003339 -0.605417
    26 3.859703 -0.142403 -1.191975 -0.454210 0.125458 -0.727586
    27 1.312565 0.000001 0.000004 -0.168573 0.310525 -0.695408
    28 0.729362 0.000002 0.000004 -0.168575 0.310526 -0.538327
    29 3.942326 0.046774 -0.431438 -0.180316 0.236513 -0.665164
    30 1.539093 0.000001 0.000000 -0.102742 0.185414 -0.715744
    31 1.196320 -0.000001 0.000004 -0.102743 0.185420 -0.539055
    32 3.883686 -0.046767 0.431446 0.132500 0.038417 -0.577108
    33 1.719570 0.000002 0.000004 -0.032705 0.058460 -0.470191
    34 1.209183 -0.000001 -0.000004 -0.032705 0.058461 -0.411280
    35 3.859859 -0.137950 1.332462 0.521871 -0.068642 -0.464350
    36 1.719429 0.000002 0.000000 0.068756 -0.123349 -0.545076
    37 1.099670 0.000001 0.000004 0.068746 -0.123345 -0.270165
    38 0.806049 -0.348922 1.321259 -0.826856 -0.289358 -0.678288
    39 1.789787 0.000000 0.000004 0.030440 0.074684 0.204409
    40 1.207001 0.000000 -0.000004 0.004901 0.032015 0.303799
    41 3.859665 -0.132565 1.193108 0.154237 -0.057261 -1.683866
    42 1.312561 0.000000 0.000000 0.000000 0.000000 -0.627085
    43 0.729366 0.000002 0.000000 0.000000 0.000000 -1.021394
    44 3.942291 0.050330 0.431042 0.020416 -0.074382 -1.517442
    45 1.539097 0.000003 0.000000 0.000000 0.000000 -0.806822
    46 1.196320 0.000000 0.000000 0.000000 0.000000 -1.303469
    47 3.883648 -0.050325 -0.431044 -0.127900 -0.099349 -0.936271
    48 1.719574 -0.000005 0.000000 0.000000 0.000000 -1.100726
    49 1.209183 -0.000001 0.000000 0.000000 0.000000 -1.091479
    50 3.859825 -0.148935 -1.331284 -0.351997 -0.088877 -0.797488
    51 1.719425 0.000000 0.000000 0.000000 0.000000 -0.997179
    52 1.099663 0.000000 0.000000 0.000000 0.000000 -1.420907
    53 0.806015 -0.359835 -1.318335 1.372105 0.323488 -0.797750
    54 1.789780 0.000001 0.000000 0.000000 0.000000 0.612641
    55 1.207001 0.000000 0.000004 0.000000 0.000000 0.666342
    56 5.671875 -2.031250 -5.722656 1.991476 0.082321 -2.001942
  time 29
    0 1.610982 -0.335943 37.961430 1.580742 0.042049 0.025840
    1 -0.124999 3.345128 -2.981903 1.570401 0.125210 1.574796
    2 4.018331 0.000000 0.000000 0.022972 0.080189 0.035235
    3 3.518564 0.000000 0.000000 0.027686 0.030645 0.140879
    4 8.942642 0.000000 0.000000 -0.020441 -0.071596 0.261304
    5 3.307269 0.000000 -0.000004 3.138800 0.000567 0.400476
    6 3.593710 -0.000001 -0.000004 -0.067170 -0.058018 0.499247
    7 1.999994 -3.000001 0.000004 -1.570793 0.000002 -1.326448
    8 2.033349 1.000771 -1.937607 -1.320728 1.216094 -3.022174
    9 6.028143 0.000002 -0.000004 0.963997 0.170602 -1.003381
    10 11.692545 0.000000 0.000000 -0.000011 0.000000 -0.351484
    11 11.481701 0.000000 0.000000 -0.751047 0.006970 0.171310
    12 2.676086 -1.712440 0.000000 -1.570792 0.000005 -1.570792
    13 2.033341 1.000767 1.937660 1.358873 -1.325730 -3.096179
    14 6.028140 0.000002 0.000000 -1.275930 -0.086460 -1.154268
    15 11.692553 0.000000 0.000011 -0.000013 0.000000 -0.194843
    16 11.481667 0.000000 -0.000031 1.991742 0.050384 0.021281
    17 2.676086 -1.712440 0.000004 1.570793 0.000005 1.570793
    18 -3.890452 0.000004 0.000004 -1.333760 0.160772 -1.525231
    19 17.848171 0.000000 0.000004 0.000009 0.000000 0.000000
    20 16.525251 0.000000 0.000004 0.035451 0.038595 -1.127634
    21 6.879454 0.000000 0.000008 -0.079997 -0.003373 -0.693577
    22 3.890452 -0.000004 -0.000004 -1.925943 -0.370513 -1.330170
    23 17.848175 0.000000 -0.000004 0.000010 0.000000 0.848486
    24 16.525246 0.000000 0.000004 0.102337 0.117975 -1.033328
    25 6.879452 0.000000 0.000000 -0.007311 -0.003171 -0.611756
    26 3.859703 -0.142403 -1.191975 -0.454210 0.125458 -0.727586
    27 1.312565 0.000001 0.000004 -0.168573 0.310525 -0.695408
    28 0.729362 0.000002 0.000004 -0.168575 0.310526 -0.538327
    29 3.942326 0.046774 -0.431438 -0.180316 0.236513 -0.665164
    30 1.539093 0.000001 0.000000 -0.102730 0.185414 -0.715744
    31 1.196320 -0.000001 0.000004 -0.102743 0.185420 -0.539055
    32 3.883686 -0.046767 0.431446 0.132500 0.038417 -0.577108
    33 1.719570 0.000002 0.000004 -0.032705 0.058460 -0.470191
    34 1.209183 -0.000001 -0.000004 -0.032705 0.058461 -0.411280
    35 3.859859 -0.137950 1.332462 0.521871 -0.068642 -0.464350
    36 1.719429 0.000002 0.000000 0.068756 -0.123349 -0.545076
    37 1.099670 0.000001 0.000004 0.068746 -0.123333 -0.270165
    38 0.806049 -0.348922 1.321259 -0.826856 -0.289358 -0.678288
    39 1.789787 0.000000 0.000004 0.030440 0.074684 0.204409
    40 1.207001 0.000000 -0.000004 0.004901 0.032015 0.303799
    41 3.859665 -0.132565 1.193108 0.154237 -0.057261 -1.683866
    42 1.312561 0.000000 0.000000 0.000000 0.000000 -0.627085
    43 0.729366 0.000002 0.000000 0.000000 0.000000 -1.021394
    44 3.942291 0.050330 0.431042 0.020416 -0.074382 -1.517442
    45 1.539097 0.000003 0.000000 0.000000 0.000000 -0.806822
    46 1.196320 0.000000 0.000000 0.000000 0.000000 -1.303469
    47 3.883648 -0.050325 -0.431044 -0.127900 -0.099349 -0.936271
    48 1.719574 -0.000005 0.000000 0.000000 0.000000 -1.100726
    49 1.209183 -0.000001 0.000000 0.000000 0.000000 -1.091479
    50 3.859825 -0.148935 -1.331284 -0.351997 -0.088877 -0.797488
    51 1.719425 0.000000 0.000000 0.000000 0.000000 -0.997179
    52 1.099663 0.000000 0.000000 0.000000 0.000000 -1.420907
    53 0.806015 -0.359835 -1.318335 1.372063 0.323488 -0.797750
    54 1.789780 0.000001 0.000000 0.000000 0.000000 0.612641
    55 1.207001 0.000000 0.000004 0.000000 0.000000 0.666342
    56 5.671875 -2.031250 -5.722656 1.991476 0.082321 -2.001942
  time 30
    0 1.610982 -0.335943 38.105966 1.580742 0.042049 0.017134
    1 -0.124999 3.345128 -2.981903 1.570304 0.125210 1.575983
    2 4.018331 0.000000 0.000000 0.028618 0.079254 0.035966
    3 3.518564 0.000000 0.000000 0.033594 0.028296 0.141274
    4 8.942642 0.000000 0.000000 -0.020301 -0.072519 0.260382
    5 3.307269 0.000000 -0.000004 3.138800 0.000567 0.400476
    6 3.593710 -0.000001 -0.000004 -0.067170 -0.058018 0.499247
    7 1.999994 -3.000001 0.000004 -1.570793 0.000002 -1.326448
    8 2.033349 1.000771 -1.937607 -1.268222 1.211557 -2.966135
    9 6.028143 0.000002 -0.000004 0.957840 0.141988 -1.025680
    10 11.692545 0.000000 0.000000 -0.000011 0.000000 -0.359574
    11 11.481701 0.000000 0.000000 -0.751047 0.006970 0.171310
    12 2.676086 -1.712440 0.000000 -1.570792 0.000005 -1.570792
    13 2.033341 1.000767 1.937660 1.451947 -1.323891 3.091191
    14 6.028140 0.000002 0.000000 -1.300074 -0.110543 -1.128355
    15 11.692553 0.000000 0.000011 -0.000013 0.000000 -0.214425
    16 11.481667 0.000000 -0.000031 1.991742 0.050384 0.021281
    17 2.676086 -1.712440 0.000004 1.570793 0.000005 1.570793
    18 -3.890452 0.000004 0.000004 -1.375772 0.115993 -1.526637
    19 17.848171 0.000000 0.000004 0.000009 0.000000 0.000000
    20 16.525251 0.000000 0.000004 0.040560 0.073227 -1.105414
    21 6.879454 0.000000 0.000008 -0.077768 -0.003361 -0.668351
    22 3.890452 -0.000004 -0.000004 -1.957679 -0.271674 -1.319652
    23 17.848175 0.000000 -0.000004 0.000010 0.000000 0.813052
    24 16.525246 0.000000 0.000004 0.135602 0.145696 -0.931796
    25 6.879452 0.000000 0.000000 -0.006400 -0.003363 -0.713425
    26 3.859703 -0.142403 -1.191975 -0.454210 0.125458 -0.727586
    27 1.312565 0.000001 0.000004 -0.168573 0.310525 -0.695408
    28 0.729362 0.000002 0.000004 -0.168575 0.310526 -0.538327
    29 3.942326 0.046774 -0.431438 -0.180316 0.236513 -0.665164
    30 1.539093 0.000001 0.000000 -0.102742 0.185414 -0.715744
    31 1.196320 -0.000001 0.000004 -0.102743 0.185420 -0.539055
    32 3.883686 -0.046767 0.431446 0.132500 0.038417 -0.577108
    33 1.719570 0.000002 0.000004 -0.032705 0.058460 -0.470191
    34 1.209183 -0.000001 -0.000004 -0.032705 0.058461 -0.411280
    35 3.859859 -0.137950 1.332462 0.521871 -0.068642 -0.464350
    36 1.719429 0.000002 0.000000 0.068756 -0.123349 -0.545076
    37 1.099670 0.000001 0.000004 0.068746 -0.123345 -0.270165
    38 0.806049 -0.348922 1.321259 -0.826856 -0.289358 -0.678288
    39 1.789787 0.000000 0.000004 0.030440 0.074684 0.204409
    40 1.207001 0.000000 -0.000004 0.004901 0.032015 0.303799
    41 3.859665 -0.132565 1.193108 0.154237 -0.057261 -1.683866
    42 1.312561 0.000000 0.000000 0.000000 0.000000 -0.627085
    43 0.729366 0.000002 0.000000 0.000000 0.000000 -1.021394
    44 3.942291 0.050330 0.431042 0.020416 -0.074382 -1.517442
    45 1.539097 0.000003 0.000000 0.000000 0.000000 -0.806822
    46 1.196320 0.000000 0.000000 0.000000 0.000000 -1.303469
    47 3.883648 -0.050325 -0.431044 -0.127900 -0.099349 -0.936271
    48 1.719574 -0.000005 0.000000 0.000000 0.000000 -1.100726
    49 1.209183 -0.000001 0.000000 0.000000 0.000000 -1.091479
    50 3.859825 -0.148935 -1.331284 -0.351997 -0.088877 -0.797488
    51 1.719425 0.000000 0.000000 0.000000 0.000000 -0.997179
    52 1.099663 0.000000 0.000000 0.000000 0.000000 -1.420907
    53 0.806015 -0.359835 -1.318335 1.372063 0.323488 -0.797750
    54 1.789780 0.000001 0.000000 0.000000 0.000000 0.612641
    55 1.207001 0.000000 0.000004 0.000000 0.000000 0.666342
    56 5.671875 -2.031250 -5.722656 1.991476 0.082321 -2.001942
end
