// Created by Crowbar 0.71
version 1
nodes
  0 "ValveBiped.Bip01_Pelvis" -1
  1 "ValveBiped.Bip01_Spine" 0
  2 "ValveBiped.Bip01_Spine1" 1
  3 "ValveBiped.Bip01_Spine2" 2
  4 "ValveBiped.Bip01_Spine4" 3
  5 "ValveBiped.Bip01_Neck1" 4
  6 "ValveBiped.Bip01_Head1" 5
  7 "ValveBiped.forward" 6
  8 "ValveBiped.Bip01_R_Clavicle" 4
  9 "ValveBiped.Bip01_R_UpperArm" 8
  10 "ValveBiped.Bip01_R_Forearm" 9
  11 "ValveBiped.Bip01_R_Hand" 10
  12 "ValveBiped.Anim_Attachment_RH" 11
  13 "ValveBiped.Bip01_L_Clavicle" 4
  14 "ValveBiped.Bip01_L_UpperArm" 13
  15 "ValveBiped.Bip01_L_Forearm" 14
  16 "ValveBiped.Bip01_L_Hand" 15
  17 "ValveBiped.Anim_Attachment_LH" 16
  18 "ValveBiped.Bip01_R_Thigh" 0
  19 "ValveBiped.Bip01_R_Calf" 18
  20 "ValveBiped.Bip01_R_Foot" 19
  21 "ValveBiped.Bip01_R_Toe0" 20
  22 "ValveBiped.Bip01_L_Thigh" 0
  23 "ValveBiped.Bip01_L_Calf" 22
  24 "ValveBiped.Bip01_L_Foot" 23
  25 "ValveBiped.Bip01_L_Toe0" 24
  26 "ValveBiped.Bip01_L_Finger4" 16
  27 "ValveBiped.Bip01_L_Finger41" 26
  28 "ValveBiped.Bip01_L_Finger42" 27
  29 "ValveBiped.Bip01_L_Finger3" 16
  30 "ValveBiped.Bip01_L_Finger31" 29
  31 "ValveBiped.Bip01_L_Finger32" 30
  32 "ValveBiped.Bip01_L_Finger2" 16
  33 "ValveBiped.Bip01_L_Finger21" 32
  34 "ValveBiped.Bip01_L_Finger22" 33
  35 "ValveBiped.Bip01_L_Finger1" 16
  36 "ValveBiped.Bip01_L_Finger11" 35
  37 "ValveBiped.Bip01_L_Finger12" 36
  38 "ValveBiped.Bip01_L_Finger0" 16
  39 "ValveBiped.Bip01_L_Finger01" 38
  40 "ValveBiped.Bip01_L_Finger02" 39
  41 "ValveBiped.Bip01_R_Finger4" 11
  42 "ValveBiped.Bip01_R_Finger41" 41
  43 "ValveBiped.Bip01_R_Finger42" 42
  44 "ValveBiped.Bip01_R_Finger3" 11
  45 "ValveBiped.Bip01_R_Finger31" 44
  46 "ValveBiped.Bip01_R_Finger32" 45
  47 "ValveBiped.Bip01_R_Finger2" 11
  48 "ValveBiped.Bip01_R_Finger21" 47
  49 "ValveBiped.Bip01_R_Finger22" 48
  50 "ValveBiped.Bip01_R_Finger1" 11
  51 "ValveBiped.Bip01_R_Finger11" 50
  52 "ValveBiped.Bip01_R_Finger12" 51
  53 "ValveBiped.Bip01_R_Finger0" 11
  54 "ValveBiped.Bip01_R_Finger01" 53
  55 "ValveBiped.Bip01_R_Finger02" 54
  56 "ValveBiped.baton_parent" 11
end
skeleton
  time 0
    0 1.232064 -0.335943 37.961430 1.580742 0.042049 0.025764
    1 -0.124999 3.345128 -2.981903 1.570401 0.125210 1.574796
    2 4.018331 0.000000 0.000000 0.022972 0.080189 0.035235
    3 3.518564 0.000000 0.000000 0.027686 0.030645 0.140879
    4 8.942642 0.000000 0.000000 -0.020441 -0.071596 0.261304
    5 3.307269 0.000000 -0.000004 3.138800 0.000567 0.400476
    6 3.593710 -0.000001 -0.000004 -0.067170 -0.058018 0.499247
    7 1.999994 -3.000001 0.000004 -1.570793 0.000002 -1.326448
    8 2.033349 1.000771 -1.937607 -1.268222 1.211557 -2.966135
    9 6.028143 0.000002 -0.000004 0.959034 0.125737 -1.025009
    10 11.692545 0.000000 0.000000 -0.000011 0.000000 -0.379042
    11 11.481701 0.000000 0.000000 -0.751047 0.006970 0.171310
    12 2.676086 -1.712440 0.000000 -1.570793 0.000001 -1.570793
    13 2.033341 1.000767 1.937660 1.451947 -1.323987 3.091191
    14 6.028140 0.000002 0.000000 -1.306096 0.049737 -1.080977
    15 11.692553 0.000000 0.000011 -0.000013 0.000000 -0.608867
    16 11.481667 0.000000 -0.000031 1.991802 0.050384 0.021281
    17 2.676086 -1.712440 0.000004 1.570793 0.000005 1.570793
    18 -3.890452 0.000004 0.000004 -1.295112 -0.049121 -1.501961
    19 17.848171 0.000000 0.000004 0.000009 0.000000 0.317679
    20 16.525251 0.000000 0.000004 -0.049007 0.044782 -1.266584
    21 6.879454 0.000000 0.000008 -0.081028 -0.003109 -0.629068
    22 3.890452 -0.000004 -0.000004 -1.600831 -0.325616 -1.466144
    23 17.848175 0.000000 -0.000004 0.000010 0.000000 1.012011
    24 16.525246 0.000000 0.000004 -0.155250 -0.013073 -0.983708
    25 6.879452 0.000000 0.000000 -0.005441 -0.002380 -0.690457
    26 3.859703 -0.142403 -1.191975 -0.454210 0.125457 -0.727588
    27 1.312565 0.000001 0.000004 -0.168575 0.310524 -0.695408
    28 0.729362 0.000002 0.000004 -0.168573 0.310526 -0.538329
    29 3.942326 0.046774 -0.431438 -0.180316 0.236513 -0.665164
    30 1.539093 0.000001 0.000000 -0.102742 0.185414 -0.715744
    31 1.196320 -0.000001 0.000004 -0.102742 0.185423 -0.539053
    32 3.883686 -0.046767 0.431446 0.132500 0.038417 -0.577108
    33 1.719570 0.000002 0.000004 -0.032705 0.058460 -0.470191
    34 1.209183 -0.000001 -0.000004 -0.032705 0.058461 -0.411278
    35 3.859859 -0.137950 1.332462 0.521871 -0.068642 -0.464350
    36 1.719429 0.000002 0.000000 0.068757 -0.123348 -0.545076
    37 1.099670 0.000001 0.000004 0.068746 -0.123333 -0.270165
    38 0.806049 -0.348922 1.321259 -0.826856 -0.289358 -0.678288
    39 1.789787 0.000000 0.000004 0.030440 0.074684 0.204409
    40 1.207001 0.000000 -0.000004 0.004901 0.032015 0.303799
    41 3.859665 -0.132565 1.193108 0.154238 -0.057257 -1.683865
    42 1.312561 0.000000 0.000000 0.000000 0.000000 -0.627085
    43 0.729366 0.000002 0.000000 0.000000 0.000000 -1.021394
    44 3.942291 0.050330 0.431042 0.020416 -0.074382 -1.517442
    45 1.539097 0.000003 0.000000 0.000000 0.000000 -0.806822
    46 1.196320 0.000000 0.000000 0.000000 0.000000 -1.303469
    47 3.883648 -0.050325 -0.431044 -0.127900 -0.099350 -0.936274
    48 1.719574 -0.000005 0.000000 0.000000 0.000000 -1.100726
    49 1.209183 -0.000001 0.000000 0.000000 0.000000 -1.091479
    50 3.859825 -0.148935 -1.331284 -0.351999 -0.088877 -0.797488
    51 1.719425 0.000000 0.000000 -0.000007 0.000000 -0.997181
    52 1.099663 0.000000 0.000000 0.000000 0.000000 -1.420907
    53 0.806015 -0.359835 -1.318335 1.372063 0.323488 -0.797750
    54 1.789780 0.000001 0.000000 0.000000 0.000000 0.612641
    55 1.207001 0.000000 0.000004 0.000000 0.000000 0.666342
    56 5.671875 -2.029297 -5.722656 1.991476 0.082321 -2.001942
  time 1
    0 1.243783 -0.335943 38.105966 1.580742 0.042049 0.017058
    1 -0.124999 3.345128 -2.981903 1.570304 0.125210 1.575983
    2 4.018331 0.000000 0.000000 0.028618 0.079254 0.035966
    3 3.518564 0.000000 0.000000 0.033594 0.028296 0.141274
    4 8.942642 0.000000 0.000000 -0.020301 -0.072519 0.260382
    5 3.307269 0.000000 -0.000004 3.138800 0.000567 0.400476
    6 3.593710 -0.000001 -0.000004 -0.067170 -0.058018 0.499247
    7 1.999994 -3.000001 0.000004 -1.570793 0.000002 -1.326448
    8 2.033349 1.000771 -1.937607 -1.320728 1.216094 -3.022174
    9 6.028143 0.000002 -0.000004 0.969603 0.152381 -1.007693
    10 11.692545 0.000000 0.000000 -0.000011 0.000000 -0.372991
    11 11.481701 0.000000 0.000000 -0.751047 0.006970 0.171310
    12 2.676086 -1.712440 0.000000 -1.570793 0.000001 -1.570793
    13 2.033341 1.000767 1.937660 1.358799 -1.325778 -3.096084
    14 6.028140 0.000002 0.000000 -1.275287 0.077564 -1.094948
    15 11.692553 0.000000 0.000011 -0.000013 0.000000 -0.592222
    16 11.481667 0.000000 -0.000031 1.991742 0.050384 0.021281
    17 2.676086 -1.712440 0.000004 1.570793 0.000005 1.570793
    18 -3.890452 0.000004 0.000004 -1.309037 0.034648 -1.492756
    19 17.848171 0.000000 0.000004 0.000009 0.000000 0.248014
    20 16.525251 0.000000 0.000004 -0.033926 0.043246 -1.244716
    21 6.879454 0.000000 0.000008 -0.080645 -0.003121 -0.663830
    22 3.890452 -0.000004 -0.000004 -1.605074 -0.407078 -1.475218
    23 17.848175 0.000000 -0.000004 0.000010 0.000000 0.961238
    24 16.525246 0.000000 0.000004 -0.150110 -0.051970 -1.006317
    25 6.879452 0.000000 0.000000 -0.006280 -0.002153 -0.568330
    26 3.859703 -0.142403 -1.191975 -0.454210 0.125457 -0.727588
    27 1.312565 0.000001 0.000004 -0.168575 0.310524 -0.695408
    28 0.729362 0.000002 0.000004 -0.168573 0.310526 -0.538329
    29 3.942326 0.046774 -0.431438 -0.180316 0.236513 -0.665164
    30 1.539093 0.000001 0.000000 -0.102742 0.185414 -0.715744
    31 1.196320 -0.000001 0.000004 -0.102742 0.185423 -0.539053
    32 3.883686 -0.046767 0.431446 0.132500 0.038417 -0.577108
    33 1.719570 0.000002 0.000004 -0.032705 0.058460 -0.470191
    34 1.209183 -0.000001 -0.000004 -0.032705 0.058461 -0.411278
    35 3.859859 -0.137950 1.332462 0.521871 -0.068642 -0.464350
    36 1.719429 0.000002 0.000000 0.068757 -0.123348 -0.545076
    37 1.099670 0.000001 0.000004 0.068746 -0.123345 -0.270165
    38 0.806049 -0.348922 1.321259 -0.826856 -0.289358 -0.678288
    39 1.789787 0.000000 0.000004 0.030440 0.074684 0.204409
    40 1.207001 0.000000 -0.000004 0.004901 0.032015 0.303799
    41 3.859665 -0.132565 1.193108 0.154238 -0.057257 -1.683865
    42 1.312561 0.000000 0.000000 0.000000 0.000000 -0.627085
    43 0.729366 0.000002 0.000000 0.000000 0.000000 -1.021394
    44 3.942291 0.050330 0.431042 0.020416 -0.074382 -1.517442
    45 1.539097 0.000003 0.000000 0.000000 0.000000 -0.806822
    46 1.196320 0.000000 0.000000 0.000000 0.000000 -1.303469
    47 3.883648 -0.050325 -0.431044 -0.127900 -0.099350 -0.936274
    48 1.719574 -0.000005 0.000000 0.000000 0.000000 -1.100726
    49 1.209183 -0.000001 0.000000 0.000000 0.000000 -1.091479
    50 3.859825 -0.148935 -1.331284 -0.351999 -0.088877 -0.797488
    51 1.719425 0.000000 0.000000 -0.000007 0.000000 -0.997181
    52 1.099663 0.000000 0.000000 0.000000 0.000000 -1.420907
    53 0.806015 -0.359835 -1.318335 1.372063 0.323488 -0.797750
    54 1.789780 0.000001 0.000000 0.000000 0.000000 0.612641
    55 1.207001 0.000000 0.000004 0.000000 0.000000 0.666342
    56 5.671875 -2.029297 -5.722656 1.991476 0.082321 -2.001942
  time 2
    0 1.286753 -0.335943 38.188000 1.580688 0.042049 0.005853
    1 -0.124999 3.345128 -2.981903 1.570255 0.125222 1.579100
    2 4.018331 0.000000 0.000000 0.034657 0.077385 0.035834
    3 3.518564 0.000000 0.000000 0.039694 0.025108 0.141214
    4 8.942642 0.000000 0.000000 -0.020097 -0.072854 0.258522
    5 3.307269 0.000000 -0.000004 3.138800 0.000567 0.400476
    6 3.593710 -0.000001 -0.000004 -0.067170 -0.058018 0.499247
    7 1.999994 -3.000001 0.000004 -1.570793 0.000002 -1.326448
    8 2.033349 1.000771 -1.937607 -1.373511 1.219507 -3.078500
    9 6.028143 0.000002 -0.000004 0.976587 0.179669 -0.990482
    10 11.692545 0.000000 0.000000 -0.000011 0.000000 -0.358916
    11 11.481701 0.000000 0.000000 -0.751047 0.006970 0.171310
    12 2.676086 -1.712440 0.000000 -1.570793 0.000001 -1.570793
    13 2.033341 1.000767 1.937660 1.266695 -1.325488 -3.001572
    14 6.028140 0.000002 0.000000 -1.246057 0.099690 -1.109817
    15 11.692553 0.000000 0.000011 -0.000013 0.000000 -0.559842
    16 11.481667 0.000000 -0.000031 1.991742 0.050384 0.021281
    17 2.676086 -1.712440 0.000004 1.570793 0.000005 1.570793
    18 -3.890452 0.000004 0.000004 -1.324320 0.101789 -1.490454
    19 17.848171 0.000000 0.000004 0.000009 0.000000 0.209743
    20 16.525251 0.000000 0.000004 -0.018244 0.041155 -1.217519
    21 6.879454 0.000000 0.000008 -0.080117 -0.003133 -0.717701
    22 3.890452 -0.000004 -0.000004 -1.612253 -0.442675 -1.482986
    23 17.848175 0.000000 -0.000004 0.000010 0.000000 0.827702
    24 16.525246 0.000000 0.000004 -0.135162 -0.090794 -1.011261
    25 6.879452 0.000000 0.000000 -0.007335 -0.001877 -0.447356
    26 3.859703 -0.142403 -1.191975 -0.454210 0.125457 -0.727588
    27 1.312565 0.000001 0.000004 -0.168575 0.310524 -0.695408
    28 0.729362 0.000002 0.000004 -0.168573 0.310526 -0.538329
    29 3.942326 0.046774 -0.431438 -0.180316 0.236513 -0.665164
    30 1.539093 0.000001 0.000000 -0.102742 0.185414 -0.715744
    31 1.196320 -0.000001 0.000004 -0.102742 0.185423 -0.539053
    32 3.883686 -0.046767 0.431446 0.132500 0.038417 -0.577108
    33 1.719570 0.000002 0.000004 -0.032705 0.058460 -0.470191
    34 1.209183 -0.000001 -0.000004 -0.032705 0.058461 -0.411278
    35 3.859859 -0.137950 1.332462 0.521871 -0.068642 -0.464350
    36 1.719429 0.000002 0.000000 0.068757 -0.123348 -0.545076
    37 1.099670 0.000001 0.000004 0.068746 -0.123333 -0.270165
    38 0.806049 -0.348922 1.321259 -0.826856 -0.289358 -0.678288
    39 1.789787 0.000000 0.000004 0.030440 0.074684 0.204409
    40 1.207001 0.000000 -0.000004 0.004901 0.032015 0.303799
    41 3.859665 -0.132565 1.193108 0.154238 -0.057257 -1.683865
    42 1.312561 0.000000 0.000000 0.000000 0.000000 -0.627085
    43 0.729366 0.000002 0.000000 0.000000 0.000000 -1.021394
    44 3.942291 0.050330 0.431042 0.020416 -0.074382 -1.517442
    45 1.539097 0.000003 0.000000 0.000000 0.000000 -0.806822
    46 1.196320 0.000000 0.000000 0.000000 0.000000 -1.303469
    47 3.883648 -0.050325 -0.431044 -0.127900 -0.099350 -0.936274
    48 1.719574 -0.000005 0.000000 0.000000 0.000000 -1.100726
    49 1.209183 -0.000001 0.000000 0.000000 0.000000 -1.091479
    50 3.859825 -0.148935 -1.331284 -0.351999 -0.088877 -0.797488
    51 1.719425 0.000000 0.000000 -0.000007 0.000000 -0.997181
    52 1.099663 0.000000 0.000000 0.000000 0.000000 -1.420907
    53 0.806015 -0.359835 -1.318335 1.372063 0.323488 -0.797750
    54 1.789780 0.000001 0.000000 0.000000 0.000000 0.612641
    55 1.207001 0.000000 0.000004 0.000000 0.000000 0.666342
    56 5.671875 -2.029297 -5.722656 1.991476 0.082321 -2.001942
  time 3
    0 1.349255 -0.335943 38.184093 1.580633 0.042049 -0.005276
    1 -0.124999 3.345128 -2.981903 1.570206 0.125234 1.583503
    2 4.018331 0.000000 0.000000 0.040845 0.074388 0.035079
    3 3.518564 0.000000 0.000000 0.045854 0.021213 0.140807
    4 8.942642 0.000000 0.000000 -0.019779 -0.072699 0.255756
    5 3.307269 0.000000 -0.000004 3.138800 0.000567 0.400476
    6 3.593710 -0.000001 -0.000004 -0.067170 -0.058018 0.499247
    7 1.999994 -3.000001 0.000004 -1.570793 0.000002 -1.326448
    8 2.033349 1.000771 -1.937607 -1.424254 1.221836 3.150520
    9 6.028143 0.000002 -0.000004 0.981918 0.205371 -0.974509
    10 11.692545 0.000000 0.000000 -0.000011 0.000000 -0.339842
    11 11.481701 0.000000 0.000000 -0.751047 0.006970 0.171310
    12 2.676086 -1.712440 0.000000 -1.570793 0.000001 -1.570793
    13 2.033341 1.000767 1.937660 1.180488 -1.323165 -2.913158
    14 6.028140 0.000002 0.000000 -1.217880 0.114531 -1.124569
    15 11.692553 0.000000 0.000011 -0.000013 0.000000 -0.512704
    16 11.481667 0.000000 -0.000031 1.991742 0.050384 0.021281
    17 2.676086 -1.712440 0.000004 1.570793 0.000005 1.570793
    18 -3.890452 0.000004 0.000004 -1.340015 0.132564 -1.499021
    19 17.848171 0.000000 0.000004 0.000009 0.000000 0.244202
    20 16.525251 0.000000 0.000004 -0.001890 0.037586 -1.200879
    21 6.879454 0.000000 0.000008 -0.079446 -0.003157 -0.796229
    22 3.890452 -0.000004 -0.000004 -1.620412 -0.453994 -1.488485
    23 17.848175 0.000000 -0.000004 0.000010 0.000000 0.664928
    24 16.525246 0.000000 0.000004 -0.111340 -0.124573 -1.022415
    25 6.879452 0.000000 0.000000 -0.008102 -0.001817 -0.393558
    26 3.859703 -0.142403 -1.191975 -0.454210 0.125457 -0.727588
    27 1.312565 0.000001 0.000004 -0.168575 0.310524 -0.695408
    28 0.729362 0.000002 0.000004 -0.168573 0.310526 -0.538329
    29 3.942326 0.046774 -0.431438 -0.180316 0.236513 -0.665164
    30 1.539093 0.000001 0.000000 -0.102742 0.185414 -0.715744
    31 1.196320 -0.000001 0.000004 -0.102742 0.185423 -0.539053
    32 3.883686 -0.046767 0.431446 0.132500 0.038417 -0.577108
    33 1.719570 0.000002 0.000004 -0.032705 0.058460 -0.470191
    34 1.209183 -0.000001 -0.000004 -0.032705 0.058461 -0.411278
    35 3.859859 -0.137950 1.332462 0.521871 -0.068642 -0.464350
    36 1.719429 0.000002 0.000000 0.068757 -0.123348 -0.545076
    37 1.099670 0.000001 0.000004 0.068746 -0.123345 -0.270165
    38 0.806049 -0.348922 1.321259 -0.826856 -0.289358 -0.678288
    39 1.789787 0.000000 0.000004 0.030440 0.074684 0.204409
    40 1.207001 0.000000 -0.000004 0.004901 0.032015 0.303799
    41 3.859665 -0.132565 1.193108 0.154238 -0.057257 -1.683865
    42 1.312561 0.000000 0.000000 0.000000 0.000000 -0.627085
    43 0.729366 0.000002 0.000000 0.000000 0.000000 -1.021394
    44 3.942291 0.050330 0.431042 0.020416 -0.074382 -1.517442
    45 1.539097 0.000003 0.000000 0.000000 0.000000 -0.806822
    46 1.196320 0.000000 0.000000 0.000000 0.000000 -1.303469
    47 3.883648 -0.050325 -0.431044 -0.127900 -0.099350 -0.936274
    48 1.719574 -0.000005 0.000000 0.000000 0.000000 -1.100726
    49 1.209183 -0.000001 0.000000 0.000000 0.000000 -1.091479
    50 3.859825 -0.148935 -1.331284 -0.351999 -0.088877 -0.797488
    51 1.719425 0.000000 0.000000 -0.000007 0.000000 -0.997181
    52 1.099663 0.000000 0.000000 0.000000 0.000000 -1.420907
    53 0.806015 -0.359835 -1.318335 1.372105 0.323488 -0.797750
    54 1.789780 0.000001 0.000000 0.000000 0.000000 0.612641
    55 1.207001 0.000000 0.000004 0.000000 0.000000 0.666342
    56 5.671875 -2.029297 -5.722656 1.991476 0.082321 -2.001942
  time 4
    0 1.423476 -0.335943 38.066902 1.580579 0.042049 -0.017087
    1 -0.124999 3.345128 -2.981903 1.570157 0.125258 1.588450
    2 4.018331 0.000000 0.000000 0.047071 0.070158 0.033976
    3 3.518564 0.000000 0.000000 0.051895 0.016874 0.139992
    4 8.942642 0.000000 0.000000 -0.019422 -0.072075 0.252206
    5 3.307269 0.000000 -0.000004 3.138800 0.000567 0.400476
    6 3.593710 -0.000001 -0.000004 -0.067170 -0.058018 0.499247
    7 1.999994 -3.000001 0.000004 -1.570793 0.000002 -1.326448
    8 2.033349 1.000771 -1.937607 -1.470636 1.223081 3.101259
    9 6.028143 0.000002 -0.000004 0.984307 0.227307 -0.960444
    10 11.692545 0.000000 0.000000 -0.000011 0.000000 -0.321163
    11 11.481701 0.000000 0.000000 -0.751047 0.006970 0.171310
    12 2.676086 -1.712440 0.000000 -1.570793 0.000001 -1.570793
    13 2.033341 1.000767 1.937660 1.104283 -1.319535 -2.835128
    14 6.028140 0.000002 0.000000 -1.193560 0.121715 -1.139243
    15 11.692553 0.000000 0.000011 -0.000013 0.000000 -0.452839
    16 11.481667 0.000000 -0.000031 1.991742 0.050384 0.021281
    17 2.676086 -1.712440 0.000004 1.570793 0.000005 1.570793
    18 -3.890452 0.000004 0.000004 -1.357067 0.142775 -1.513468
    19 17.848171 0.000000 0.000004 0.000009 0.000000 0.318277
    20 16.525251 0.000000 0.000004 0.014447 0.031429 -1.185898
    21 6.879454 0.000000 0.000008 -0.078763 -0.003169 -0.891662
    22 3.890452 -0.000004 -0.000004 -1.629631 -0.446210 -1.492747
    23 17.848175 0.000000 -0.000004 0.000010 0.000000 0.498524
    24 16.525246 0.000000 0.000004 -0.081061 -0.151065 -1.051475
    25 6.879452 0.000000 0.000000 -0.008461 -0.002033 -0.401749
    26 3.859703 -0.142403 -1.191975 -0.454210 0.125457 -0.727588
    27 1.312565 0.000001 0.000004 -0.168575 0.310524 -0.695408
    28 0.729362 0.000002 0.000004 -0.168573 0.310526 -0.538329
    29 3.942326 0.046774 -0.431438 -0.180316 0.236513 -0.665164
    30 1.539093 0.000001 0.000000 -0.102742 0.185414 -0.715744
    31 1.196320 -0.000001 0.000004 -0.102742 0.185423 -0.539053
    32 3.883686 -0.046767 0.431446 0.132500 0.038417 -0.577108
    33 1.719570 0.000002 0.000004 -0.032705 0.058460 -0.470191
    34 1.209183 -0.000001 -0.000004 -0.032705 0.058461 -0.411278
    35 3.859859 -0.137950 1.332462 0.521871 -0.068642 -0.464350
    36 1.719429 0.000002 0.000000 0.068757 -0.123348 -0.545076
    37 1.099670 0.000001 0.000004 0.068746 -0.123345 -0.270165
    38 0.806049 -0.348922 1.321259 -0.826856 -0.289358 -0.678288
    39 1.789787 0.000000 0.000004 0.030440 0.074684 0.204409
    40 1.207001 0.000000 -0.000004 0.004901 0.032015 0.303799
    41 3.859665 -0.132565 1.193108 0.154238 -0.057257 -1.683865
    42 1.312561 0.000000 0.000000 0.000000 0.000000 -0.627085
    43 0.729366 0.000002 0.000000 0.000000 0.000000 -1.021394
    44 3.942291 0.050330 0.431042 0.020416 -0.074382 -1.517442
    45 1.539097 0.000003 0.000000 0.000000 0.000000 -0.806822
    46 1.196320 0.000000 0.000000 0.000000 0.000000 -1.303469
    47 3.883648 -0.050325 -0.431044 -0.127900 -0.099350 -0.936274
    48 1.719574 -0.000005 0.000000 0.000000 0.000000 -1.100726
    49 1.209183 -0.000001 0.000000 0.000000 0.000000 -1.091479
    50 3.859825 -0.148935 -1.331284 -0.351999 -0.088877 -0.797488
    51 1.719425 0.000000 0.000000 -0.000007 0.000000 -0.997181
    52 1.099663 0.000000 0.000000 0.000000 0.000000 -1.420907
    53 0.806015 -0.359835 -1.318335 1.372105 0.323488 -0.797750
    54 1.789780 0.000001 0.000000 0.000000 0.000000 0.612641
    55 1.207001 0.000000 0.000004 0.000000 0.000000 0.666342
    56 5.671875 -2.029297 -5.722656 1.991476 0.082321 -2.001942
  time 5
    0 1.485978 -0.335943 37.859865 1.580579 0.042049 -0.028898
    1 -0.124999 3.345128 -2.981903 1.570060 0.125270 1.593298
    2 4.018331 0.000000 0.000000 0.053166 0.064561 0.032682
    3 3.518564 0.000000 0.000000 0.057683 0.012644 0.138865
    4 8.942642 0.000000 0.000000 -0.019002 -0.071153 0.248011
    5 3.307269 0.000000 -0.000004 3.138800 0.000567 0.400476
    6 3.593710 -0.000001 -0.000004 -0.067170 -0.058018 0.499247
    7 1.999994 -3.000001 0.000004 -1.570793 0.000002 -1.326448
    8 2.033349 1.000771 -1.937607 -1.510340 1.223563 3.059063
    9 6.028143 0.000002 -0.000004 0.984675 0.242267 -0.947828
    10 11.692545 0.000000 0.000000 -0.000011 0.000000 -0.310376
    11 11.481701 0.000000 0.000000 -0.751047 0.006970 0.171310
    12 2.676086 -1.712440 0.000000 -1.570793 0.000001 -1.570793
    13 2.033341 1.000767 1.937660 1.041438 -1.315277 -2.770723
    14 6.028140 0.000002 0.000000 -1.173801 0.121142 -1.153215
    15 11.692553 0.000000 0.000011 -0.000013 0.000000 -0.383811
    16 11.481667 0.000000 -0.000031 1.991742 0.050384 0.021281
    17 2.676086 -1.712440 0.000004 1.570793 0.000005 1.570793
    18 -3.890452 0.000004 0.000004 -1.373884 0.141919 -1.528363
    19 17.848171 0.000000 0.000004 0.000009 0.000000 0.393773
    20 16.525251 0.000000 0.000004 0.028485 0.022830 -1.136130
    21 6.879454 0.000000 0.000008 -0.078164 -0.003253 -0.993402
    22 3.890452 -0.000004 -0.000004 -1.637952 -0.389447 -1.499140
    23 17.848175 0.000000 -0.000004 0.000010 0.000000 0.279344
    24 16.525246 0.000000 0.000004 -0.047357 -0.169039 -1.069985
    25 6.879452 0.000000 0.000000 -0.008845 -0.002333 -0.416526
    26 3.859703 -0.142403 -1.191975 -0.454210 0.125457 -0.727588
    27 1.312565 0.000001 0.000004 -0.168575 0.310524 -0.695408
    28 0.729362 0.000002 0.000004 -0.168573 0.310526 -0.538329
    29 3.942326 0.046774 -0.431438 -0.180316 0.236513 -0.665164
    30 1.539093 0.000001 0.000000 -0.102742 0.185414 -0.715744
    31 1.196320 -0.000001 0.000004 -0.102742 0.185423 -0.539053
    32 3.883686 -0.046767 0.431446 0.132500 0.038417 -0.577108
    33 1.719570 0.000002 0.000004 -0.032705 0.058460 -0.470191
    34 1.209183 -0.000001 -0.000004 -0.032705 0.058461 -0.411278
    35 3.859859 -0.137950 1.332462 0.521871 -0.068642 -0.464350
    36 1.719429 0.000002 0.000000 0.068757 -0.123348 -0.545076
    37 1.099670 0.000001 0.000004 0.068746 -0.123333 -0.270165
    38 0.806049 -0.348922 1.321259 -0.826856 -0.289358 -0.678288
    39 1.789787 0.000000 0.000004 0.030440 0.074684 0.204409
    40 1.207001 0.000000 -0.000004 0.004901 0.032015 0.303799
    41 3.859665 -0.132565 1.193108 0.154238 -0.057257 -1.683865
    42 1.312561 0.000000 0.000000 0.000000 0.000000 -0.627085
    43 0.729366 0.000002 0.000000 0.000000 0.000000 -1.021394
    44 3.942291 0.050330 0.431042 0.020416 -0.074382 -1.517442
    45 1.539097 0.000003 0.000000 0.000000 0.000000 -0.806822
    46 1.196320 0.000000 0.000000 0.000000 0.000000 -1.303469
    47 3.883648 -0.050325 -0.431044 -0.127900 -0.099350 -0.936274
    48 1.719574 -0.000005 0.000000 0.000000 0.000000 -1.100726
    49 1.209183 -0.000001 0.000000 0.000000 0.000000 -1.091479
    50 3.859825 -0.148935 -1.331284 -0.351999 -0.088877 -0.797488
    51 1.719425 0.000000 0.000000 -0.000007 0.000000 -0.997181
    52 1.099663 0.000000 0.000000 0.000000 0.000000 -1.420907
    53 0.806015 -0.359835 -1.318335 1.372063 0.323488 -0.797750
    54 1.789780 0.000001 0.000000 0.000000 0.000000 0.612641
    55 1.207001 0.000000 0.000004 0.000000 0.000000 0.666342
    56 5.671875 -2.029297 -5.722656 1.991476 0.082321 -2.001942
  time 6
    0 1.548480 -0.335943 37.586419 1.580525 0.042049 -0.041768
    1 -0.124999 3.345128 -2.981903 1.570011 0.125270 1.597503
    2 4.018331 0.000000 0.000000 0.058943 0.057754 0.031472
    3 3.518564 0.000000 0.000000 0.063088 0.009048 0.137631
    4 8.942642 0.000000 0.000000 -0.018581 -0.069978 0.243416
    5 3.307269 0.000000 -0.000004 3.138800 0.000567 0.400476
    6 3.593710 -0.000001 -0.000004 -0.067170 -0.058018 0.499247
    7 1.999994 -3.000001 0.000004 -1.570793 0.000002 -1.326448
    8 2.033349 1.000771 -1.937607 -1.541138 1.223522 3.026318
    9 6.028143 0.000002 -0.000004 0.982745 0.247952 -0.936060
    10 11.692545 0.000000 0.000000 -0.000011 0.000000 -0.314520
    11 11.481701 0.000000 0.000000 -0.751047 0.006970 0.171310
    12 2.676086 -1.712440 0.000000 -1.570793 0.000001 -1.570793
    13 2.033341 1.000767 1.937660 0.994192 -1.311260 -2.722324
    14 6.028140 0.000002 0.000000 -1.160998 0.114058 -1.166093
    15 11.692553 0.000000 0.000011 -0.000013 0.000000 -0.312057
    16 11.481667 0.000000 -0.000031 1.991802 0.050384 0.021281
    17 2.676086 -1.712440 0.000004 1.570793 0.000005 1.570793
    18 -3.890452 0.000004 0.000004 -1.390641 0.172409 -1.537569
    19 17.848171 0.000000 0.000004 0.000009 0.000000 0.403864
    20 16.525251 0.000000 0.000004 0.041073 0.009405 -1.004569
    21 6.879454 0.000000 0.000008 -0.077169 -0.003649 -1.207443
    22 3.890452 -0.000004 -0.000004 -1.648232 -0.345056 -1.503196
    23 17.848175 0.000000 -0.000004 0.000010 0.000000 0.137794
    24 16.525246 0.000000 0.000004 -0.014545 -0.178515 -1.137270
    25 6.879452 0.000000 0.000000 -0.009264 -0.002752 -0.441429
    26 3.859703 -0.142403 -1.191975 -0.454210 0.125457 -0.727588
    27 1.312565 0.000001 0.000004 -0.168575 0.310524 -0.695408
    28 0.729362 0.000002 0.000004 -0.168573 0.310526 -0.538329
    29 3.942326 0.046774 -0.431438 -0.180316 0.236513 -0.665164
    30 1.539093 0.000001 0.000000 -0.102742 0.185414 -0.715744
    31 1.196320 -0.000001 0.000004 -0.102742 0.185423 -0.539053
    32 3.883686 -0.046767 0.431446 0.132500 0.038417 -0.577108
    33 1.719570 0.000002 0.000004 -0.032705 0.058460 -0.470191
    34 1.209183 -0.000001 -0.000004 -0.032705 0.058461 -0.411278
    35 3.859859 -0.137950 1.332462 0.521871 -0.068642 -0.464350
    36 1.719429 0.000002 0.000000 0.068757 -0.123348 -0.545076
    37 1.099670 0.000001 0.000004 0.068746 -0.123345 -0.270165
    38 0.806049 -0.348922 1.321259 -0.826856 -0.289358 -0.678288
    39 1.789787 0.000000 0.000004 0.030440 0.074684 0.204409
    40 1.207001 0.000000 -0.000004 0.004901 0.032015 0.303799
    41 3.859665 -0.132565 1.193108 0.154238 -0.057257 -1.683865
    42 1.312561 0.000000 0.000000 0.000000 0.000000 -0.627085
    43 0.729366 0.000002 0.000000 0.000000 0.000000 -1.021394
    44 3.942291 0.050330 0.431042 0.020416 -0.074382 -1.517442
    45 1.539097 0.000003 0.000000 0.000000 0.000000 -0.806822
    46 1.196320 0.000000 0.000000 0.000000 0.000000 -1.303469
    47 3.883648 -0.050325 -0.431044 -0.127900 -0.099350 -0.936274
    48 1.719574 -0.000005 0.000000 0.000000 0.000000 -1.100726
    49 1.209183 -0.000001 0.000000 0.000000 0.000000 -1.091479
    50 3.859825 -0.148935 -1.331284 -0.351999 -0.088877 -0.797488
    51 1.719425 0.000000 0.000000 -0.000007 0.000000 -0.997181
    52 1.099663 0.000000 0.000000 0.000000 0.000000 -1.420907
    53 0.806015 -0.359835 -1.318335 1.372063 0.323488 -0.797750
    54 1.789780 0.000001 0.000000 0.000000 0.000000 0.612641
    55 1.207001 0.000000 0.000004 0.000000 0.000000 0.666342
    56 5.671875 -2.029297 -5.722656 1.991476 0.082321 -2.001942
  time 7
    0 1.595356 -0.335943 37.281722 1.580470 0.042049 -0.051989
    1 -0.124999 3.345128 -2.981903 1.569963 0.125270 1.600520
    2 4.018331 0.000000 0.000000 0.064271 0.050731 0.030597
    3 3.518564 0.000000 0.000000 0.068014 0.006627 0.136696
    4 8.942642 0.000000 0.000000 -0.018173 -0.068720 0.238913
    5 3.307269 0.000000 -0.000004 3.138800 0.000567 0.400476
    6 3.593710 -0.000001 -0.000004 -0.067170 -0.058018 0.499247
    7 1.999994 -3.000001 0.000004 -1.570793 0.000002 -1.326448
    8 2.033349 1.000771 -1.937607 -1.561083 1.223282 3.005124
    9 6.028143 0.000002 -0.000004 0.982285 0.243558 -0.925176
    10 11.692545 0.000000 0.000000 -0.000011 0.000000 -0.333857
    11 11.481701 0.000000 0.000000 -0.751047 0.006970 0.171310
    12 2.676086 -1.712440 0.000000 -1.570793 0.000001 -1.570793
    13 2.033341 1.000767 1.937660 0.964486 -1.308357 -2.691932
    14 6.028140 0.000002 0.000000 -1.152521 0.103737 -1.175186
    15 11.692553 0.000000 0.000011 -0.000013 0.000000 -0.250513
    16 11.481667 0.000000 -0.000031 1.991742 0.050384 0.021281
    17 2.676086 -1.712440 0.000004 1.570793 0.000005 1.570793
    18 -3.890452 0.000004 0.000004 -1.404566 0.211228 -1.545432
    19 17.848171 0.000000 0.000004 0.000009 0.000000 0.416422
    20 16.525251 0.000000 0.000004 0.049719 -0.005264 -0.926246
    21 6.879454 0.000000 0.000008 -0.077097 -0.003673 -1.223209
    22 3.890452 -0.000004 -0.000004 -1.656798 -0.282403 -1.506702
    23 17.848175 0.000000 -0.000004 0.000010 0.000000 0.000000
    24 16.525246 0.000000 0.000004 -0.009128 -0.179328 -1.091991
    25 6.879452 0.000000 0.000000 -0.008114 -0.003064 -0.487365
    26 3.859703 -0.142403 -1.191975 -0.454210 0.125457 -0.727588
    27 1.312565 0.000001 0.000004 -0.168575 0.310524 -0.695408
    28 0.729362 0.000002 0.000004 -0.168573 0.310526 -0.538329
    29 3.942326 0.046774 -0.431438 -0.180316 0.236513 -0.665164
    30 1.539093 0.000001 0.000000 -0.102742 0.185414 -0.715744
    31 1.196320 -0.000001 0.000004 -0.102742 0.185423 -0.539053
    32 3.883686 -0.046767 0.431446 0.132500 0.038417 -0.577108
    33 1.719570 0.000002 0.000004 -0.032705 0.058460 -0.470191
    34 1.209183 -0.000001 -0.000004 -0.032705 0.058461 -0.411278
    35 3.859859 -0.137950 1.332462 0.521871 -0.068642 -0.464350
    36 1.719429 0.000002 0.000000 0.068757 -0.123348 -0.545076
    37 1.099670 0.000001 0.000004 0.068746 -0.123345 -0.270165
    38 0.806049 -0.348922 1.321259 -0.826856 -0.289358 -0.678288
    39 1.789787 0.000000 0.000004 0.030440 0.074684 0.204409
    40 1.207001 0.000000 -0.000004 0.004901 0.032015 0.303799
    41 3.859665 -0.132565 1.193108 0.154238 -0.057257 -1.683865
    42 1.312561 0.000000 0.000000 0.000000 0.000000 -0.627085
    43 0.729366 0.000002 0.000000 0.000000 0.000000 -1.021394
    44 3.942291 0.050330 0.431042 0.020416 -0.074382 -1.517442
    45 1.539097 0.000003 0.000000 0.000000 0.000000 -0.806822
    46 1.196320 0.000000 0.000000 0.000000 0.000000 -1.303469
    47 3.883648 -0.050325 -0.431044 -0.127900 -0.099350 -0.936274
    48 1.719574 -0.000005 0.000000 0.000000 0.000000 -1.100726
    49 1.209183 -0.000001 0.000000 0.000000 0.000000 -1.091479
    50 3.859825 -0.148935 -1.331284 -0.351999 -0.088877 -0.797488
    51 1.719425 0.000000 0.000000 -0.000007 0.000000 -0.997181
    52 1.099663 0.000000 0.000000 0.000000 0.000000 -1.420907
    53 0.806015 -0.359835 -1.318335 1.372063 0.323488 -0.797750
    54 1.789780 0.000001 0.000000 0.000000 0.000000 0.612641
    55 1.207001 0.000000 0.000004 0.000000 0.000000 0.666342
    56 5.671875 -2.029297 -5.722656 1.991476 0.082321 -2.001942
  time 8
    0 1.610982 -0.335943 37.008276 1.580470 0.042049 -0.056229
    1 -0.124999 3.345128 -2.981903 1.569963 0.125282 1.601708
    2 4.018331 0.000000 0.000000 0.068926 0.046704 0.030261
    3 3.518564 0.000000 0.000000 0.072304 0.005645 0.136361
    4 8.942642 0.000000 0.000000 -0.017791 -0.067401 0.235931
    5 3.307269 0.000000 -0.000004 3.138800 0.000567 0.400476
    6 3.593710 -0.000001 -0.000004 -0.067170 -0.058018 0.499247
    7 1.999994 -3.000001 0.000004 -1.570793 0.000002 -1.326448
    8 2.033349 1.000771 -1.937607 -1.568133 1.223161 2.997582
    9 6.028143 0.000002 -0.000004 0.986513 0.235833 -0.919027
    10 11.692545 0.000000 0.000000 -0.000011 0.000000 -0.349774
    11 11.481701 0.000000 0.000000 -0.751047 0.006970 0.171310
    12 2.676086 -1.712440 0.000000 -1.570793 0.000001 -1.570793
    13 2.033341 1.000767 1.937660 0.954111 -1.307244 -2.681261
    14 6.028140 0.000002 0.000000 -1.145097 0.098240 -1.177372
    15 11.692553 0.000000 0.000011 -0.000013 0.000000 -0.223727
    16 11.481667 0.000000 -0.000031 1.991742 0.050384 0.021281
    17 2.676086 -1.712440 0.000004 1.570793 0.000005 1.570793
    18 -3.890452 0.000004 0.000004 -1.410526 0.284130 -1.546966
    19 17.848171 0.000000 0.000004 0.000009 0.000000 0.372993
    20 16.525251 0.000000 0.000004 0.055818 -0.019947 -0.860943
    21 6.879454 0.000000 0.000008 -0.077217 -0.003673 -1.199579
    22 3.890452 -0.000004 -0.000004 -1.665446 -0.396937 -1.492885
    23 17.848175 0.000000 -0.000004 0.000010 0.000000 0.302633
    24 16.525246 0.000000 0.000004 -0.010329 -0.178967 -1.274253
    25 6.879452 0.000000 0.000000 -0.008701 -0.003459 -0.545074
    26 3.859703 -0.142403 -1.191975 -0.454210 0.125457 -0.727588
    27 1.312565 0.000001 0.000004 -0.168575 0.310524 -0.695408
    28 0.729362 0.000002 0.000004 -0.168573 0.310526 -0.538329
    29 3.942326 0.046774 -0.431438 -0.180316 0.236513 -0.665164
    30 1.539093 0.000001 0.000000 -0.102742 0.185414 -0.715744
    31 1.196320 -0.000001 0.000004 -0.102742 0.185423 -0.539053
    32 3.883686 -0.046767 0.431446 0.132500 0.038417 -0.577108
    33 1.719570 0.000002 0.000004 -0.032705 0.058460 -0.470191
    34 1.209183 -0.000001 -0.000004 -0.032705 0.058461 -0.411278
    35 3.859859 -0.137950 1.332462 0.521871 -0.068642 -0.464350
    36 1.719429 0.000002 0.000000 0.068757 -0.123348 -0.545076
    37 1.099670 0.000001 0.000004 0.068746 -0.123345 -0.270165
    38 0.806049 -0.348922 1.321259 -0.826856 -0.289358 -0.678288
    39 1.789787 0.000000 0.000004 0.030440 0.074684 0.204409
    40 1.207001 0.000000 -0.000004 0.004901 0.032015 0.303799
    41 3.859665 -0.132565 1.193108 0.154238 -0.057257 -1.683865
    42 1.312561 0.000000 0.000000 0.000000 0.000000 -0.627085
    43 0.729366 0.000002 0.000000 0.000000 0.000000 -1.021394
    44 3.942291 0.050330 0.431042 0.020416 -0.074382 -1.517442
    45 1.539097 0.000003 0.000000 0.000000 0.000000 -0.806822
    46 1.196320 0.000000 0.000000 0.000000 0.000000 -1.303469
    47 3.883648 -0.050325 -0.431044 -0.127900 -0.099350 -0.936274
    48 1.719574 -0.000005 0.000000 0.000000 0.000000 -1.100726
    49 1.209183 -0.000001 0.000000 0.000000 0.000000 -1.091479
    50 3.859825 -0.148935 -1.331284 -0.351999 -0.088877 -0.797488
    51 1.719425 0.000000 0.000000 -0.000007 0.000000 -0.997181
    52 1.099663 0.000000 0.000000 0.000000 0.000000 -1.420907
    53 0.806015 -0.359835 -1.318335 1.372063 0.323488 -0.797750
    54 1.789780 0.000001 0.000000 0.000000 0.000000 0.612641
    55 1.207001 0.000000 0.000004 0.000000 0.000000 0.666342
    56 5.671875 -2.029297 -5.722656 1.991476 0.082321 -2.001942
  time 9
    0 1.622701 -0.335943 36.832489 1.580470 0.042049 -0.052292
    1 -0.124999 3.345128 -2.981903 1.570304 0.125282 1.605962
    2 4.018331 0.000000 0.000000 0.068235 0.037871 0.030764
    3 3.518564 0.000000 0.000000 0.070950 0.000755 0.136612
    4 8.942642 0.000000 0.000000 -0.016529 -0.063147 0.232166
    5 3.307269 0.000000 -0.000004 3.138800 0.000567 0.400476
    6 3.593710 -0.000001 -0.000004 -0.067170 -0.058018 0.499247
    7 1.999994 -3.000001 0.000004 -1.570793 0.000002 -1.326448
    8 2.033349 1.000771 -1.937607 -1.561083 1.223282 3.005124
    9 6.028143 0.000002 -0.000004 0.984766 0.239216 -0.934046
    10 11.692545 0.000000 0.000000 -0.000011 0.000000 -0.328793
    11 11.481701 0.000000 0.000000 -0.751047 0.006970 0.171310
    12 2.676086 -1.712440 0.000000 -1.570793 0.000001 -1.570793
    13 2.033341 1.000767 1.937660 0.964486 -1.308357 -2.691932
    14 6.028140 0.000002 0.000000 -1.147845 0.095406 -1.170698
    15 11.692553 0.000000 0.000011 -0.000013 0.000000 -0.224566
    16 11.481667 0.000000 -0.000031 1.991742 0.050384 0.021281
    17 2.676086 -1.712440 0.000004 1.570793 0.000005 1.570793
    18 -3.890452 0.000004 0.000004 -1.405806 0.386951 -1.541916
    19 17.848171 0.000000 0.000004 0.000009 0.000000 0.247042
    20 16.525251 0.000000 0.000004 0.061971 -0.032714 -0.806499
    21 6.879454 0.000000 0.000008 -0.076941 -0.003553 -1.244940
    22 3.890452 -0.000004 -0.000004 -1.664548 -0.439183 -1.486354
    23 17.848175 0.000000 -0.000004 0.000010 0.000000 0.479304
    24 16.525246 0.000000 0.000004 -0.031061 -0.174120 -1.308680
    25 6.879452 0.000000 0.000000 -0.008198 -0.003363 -0.566807
    26 3.859703 -0.142403 -1.191975 -0.454210 0.125457 -0.727588
    27 1.312565 0.000001 0.000004 -0.168575 0.310524 -0.695408
    28 0.729362 0.000002 0.000004 -0.168573 0.310526 -0.538329
    29 3.942326 0.046774 -0.431438 -0.180316 0.236513 -0.665164
    30 1.539093 0.000001 0.000000 -0.102742 0.185414 -0.715744
    31 1.196320 -0.000001 0.000004 -0.102742 0.185423 -0.539053
    32 3.883686 -0.046767 0.431446 0.132500 0.038417 -0.577108
    33 1.719570 0.000002 0.000004 -0.032705 0.058460 -0.470191
    34 1.209183 -0.000001 -0.000004 -0.032705 0.058461 -0.411278
    35 3.859859 -0.137950 1.332462 0.521871 -0.068642 -0.464350
    36 1.719429 0.000002 0.000000 0.068757 -0.123348 -0.545076
    37 1.099670 0.000001 0.000004 0.068746 -0.123345 -0.270165
    38 0.806049 -0.348922 1.321259 -0.826856 -0.289358 -0.678288
    39 1.789787 0.000000 0.000004 0.030440 0.074684 0.204409
    40 1.207001 0.000000 -0.000004 0.004901 0.032015 0.303799
    41 3.859665 -0.132565 1.193108 0.154238 -0.057257 -1.683865
    42 1.312561 0.000000 0.000000 0.000000 0.000000 -0.627085
    43 0.729366 0.000002 0.000000 0.000000 0.000000 -1.021394
    44 3.942291 0.050330 0.431042 0.020416 -0.074382 -1.517442
    45 1.539097 0.000003 0.000000 0.000000 0.000000 -0.806822
    46 1.196320 0.000000 0.000000 0.000000 0.000000 -1.303469
    47 3.883648 -0.050325 -0.431044 -0.127900 -0.099350 -0.936274
    48 1.719574 -0.000005 0.000000 0.000000 0.000000 -1.100726
    49 1.209183 -0.000001 0.000000 0.000000 0.000000 -1.091479
    50 3.859825 -0.148935 -1.331284 -0.351999 -0.088877 -0.797488
    51 1.719425 0.000000 0.000000 -0.000007 0.000000 -0.997181
    52 1.099663 0.000000 0.000000 0.000000 0.000000 -1.420907
    53 0.806015 -0.359835 -1.318335 1.372063 0.323488 -0.797750
    54 1.789780 0.000001 0.000000 0.000000 0.000000 0.612641
    55 1.207001 0.000000 0.000004 0.000000 0.000000 0.666342
    56 5.671875 -2.029297 -5.722656 1.991476 0.082321 -2.001942
  time 10
    0 1.646139 -0.335943 36.809051 1.580525 0.042049 -0.042753
    1 -0.124999 3.345128 -2.981903 1.570255 0.125282 1.609821
    2 4.018331 0.000000 0.000000 0.065767 0.030405 0.032059
    3 3.518564 0.000000 0.000000 0.067678 -0.004758 0.137260
    4 8.942642 0.000000 0.000000 -0.015217 -0.058365 0.227925
    5 3.307269 0.000000 -0.000004 3.138800 0.000567 0.400476
    6 3.593710 -0.000001 -0.000004 -0.067170 -0.058018 0.499247
    7 1.999994 -3.000001 0.000004 -1.570793 0.000002 -1.326448
    8 2.033349 1.000771 -1.937607 -1.541138 1.223522 3.026318
    9 6.028143 0.000002 -0.000004 0.983480 0.238832 -0.955108
    10 11.692545 0.000000 0.000000 -0.000011 0.000000 -0.304720
    11 11.481701 0.000000 0.000000 -0.751047 0.006970 0.171310
    12 2.676086 -1.712440 0.000000 -1.570793 0.000001 -1.570793
    13 2.033341 1.000767 1.937660 0.994266 -1.311212 -2.722420
    14 6.028140 0.000002 0.000000 -1.155444 0.085355 -1.161996
    15 11.692553 0.000000 0.000011 -0.000013 0.000000 -0.227364
    16 11.481667 0.000000 -0.000031 1.991742 0.050384 0.021281
    17 2.676086 -1.712440 0.000004 1.570793 0.000005 1.570793
    18 -3.890452 0.000004 0.000004 -1.403504 0.354123 -1.559368
    19 17.848171 0.000000 0.000004 0.000009 0.000000 0.367462
    20 16.525251 0.000000 0.000004 0.063474 -0.051726 -0.776386
    21 6.879454 0.000000 0.000008 -0.076881 -0.003145 -1.227426
    22 3.890452 -0.000004 -0.000004 -1.656145 -0.437752 -1.485392
    23 17.848175 0.000000 -0.000004 0.000010 0.000000 0.547544
    24 16.525246 0.000000 0.000004 -0.065014 -0.161065 -1.199672
    25 6.879452 0.000000 0.000000 -0.007527 -0.003159 -0.592410
    26 3.859703 -0.142403 -1.191975 -0.454210 0.125457 -0.727588
    27 1.312565 0.000001 0.000004 -0.168575 0.310524 -0.695408
    28 0.729362 0.000002 0.000004 -0.168573 0.310526 -0.538329
    29 3.942326 0.046774 -0.431438 -0.180316 0.236513 -0.665164
    30 1.539093 0.000001 0.000000 -0.102742 0.185414 -0.715744
    31 1.196320 -0.000001 0.000004 -0.102742 0.185423 -0.539053
    32 3.883686 -0.046767 0.431446 0.132500 0.038417 -0.577108
    33 1.719570 0.000002 0.000004 -0.032705 0.058460 -0.470191
    34 1.209183 -0.000001 -0.000004 -0.032705 0.058461 -0.411278
    35 3.859859 -0.137950 1.332462 0.521871 -0.068642 -0.464350
    36 1.719429 0.000002 0.000000 0.068757 -0.123348 -0.545076
    37 1.099670 0.000001 0.000004 0.068746 -0.123345 -0.270165
    38 0.806049 -0.348922 1.321259 -0.826856 -0.289358 -0.678288
    39 1.789787 0.000000 0.000004 0.030440 0.074684 0.204409
    40 1.207001 0.000000 -0.000004 0.004901 0.032015 0.303799
    41 3.859665 -0.132565 1.193108 0.154238 -0.057257 -1.683865
    42 1.312561 0.000000 0.000000 0.000000 0.000000 -0.627085
    43 0.729366 0.000002 0.000000 0.000000 0.000000 -1.021394
    44 3.942291 0.050330 0.431042 0.020416 -0.074382 -1.517442
    45 1.539097 0.000003 0.000000 0.000000 0.000000 -0.806822
    46 1.196320 0.000000 0.000000 0.000000 0.000000 -1.303469
    47 3.883648 -0.050325 -0.431044 -0.127900 -0.099350 -0.936274
    48 1.719574 -0.000005 0.000000 0.000000 0.000000 -1.100726
    49 1.209183 -0.000001 0.000000 0.000000 0.000000 -1.091479
    50 3.859825 -0.148935 -1.331284 -0.351999 -0.088877 -0.797488
    51 1.719425 0.000000 0.000000 -0.000007 0.000000 -0.997123
    52 1.099663 0.000000 0.000000 0.000000 0.000000 -1.420907
    53 0.806015 -0.359835 -1.318335 1.372105 0.323488 -0.797750
    54 1.789780 0.000001 0.000000 0.000000 0.000000 0.612641
    55 1.207001 0.000000 0.000004 0.000000 0.000000 0.666342
    56 5.671875 -2.029297 -5.722656 1.991476 0.082321 -2.001942
  time 11
    0 1.689109 -0.335943 36.965306 1.580579 0.042049 -0.031018
    1 -0.124999 3.345128 -2.981903 1.570011 0.125282 1.613086
    2 4.018331 0.000000 0.000000 0.061747 0.024664 0.033797
    3 3.518564 0.000000 0.000000 0.062921 -0.008881 0.138122
    4 8.942642 0.000000 0.000000 -0.013968 -0.053379 0.223606
    5 3.307269 0.000000 -0.000004 3.138800 0.000567 0.400476
    6 3.593710 -0.000001 -0.000004 -0.067170 -0.058018 0.499247
    7 1.999994 -3.000001 0.000004 -1.570793 0.000002 -1.326448
    8 2.033349 1.000771 -1.937607 -1.510340 1.223563 3.059063
    9 6.028143 0.000002 -0.000004 0.981550 0.228736 -0.973838
    10 11.692545 0.000000 0.000000 -0.000011 0.000000 -0.295775
    11 11.481701 0.000000 0.000000 -0.751047 0.006970 0.171310
    12 2.676086 -1.712440 0.000000 -1.570793 0.000001 -1.570793
    13 2.033341 1.000767 1.937660 1.041512 -1.315228 -2.770819
    14 6.028140 0.000002 0.000000 -1.169066 0.069401 -1.154268
    15 11.692553 0.000000 0.000011 -0.000013 0.000000 -0.230021
    16 11.481667 0.000000 -0.000031 1.991742 0.050384 0.021281
    17 2.676086 -1.712440 0.000004 1.570793 0.000005 1.570793
    18 -3.890452 0.000004 0.000004 -1.399138 0.287724 -1.578418
    19 17.848171 0.000000 0.000004 0.000009 0.000000 0.520695
    20 16.525251 0.000000 0.000004 0.061034 -0.067360 -0.755976
    21 6.879454 0.000000 0.000008 -0.077229 -0.002762 -1.116569
    22 3.890452 -0.000004 -0.000004 -1.642929 -0.395843 -1.491235
    23 17.848175 0.000000 -0.000004 0.000010 0.000000 0.554994
    24 16.525246 0.000000 0.000004 -0.081179 -0.151752 -1.157951
    25 6.879452 0.000000 0.000000 -0.007311 -0.002980 -0.589364
    26 3.859703 -0.142403 -1.191975 -0.454210 0.125457 -0.727588
    27 1.312565 0.000001 0.000004 -0.168575 0.310524 -0.695408
    28 0.729362 0.000002 0.000004 -0.168573 0.310526 -0.538329
    29 3.942326 0.046774 -0.431438 -0.180316 0.236513 -0.665164
    30 1.539093 0.000001 0.000000 -0.102742 0.185414 -0.715744
    31 1.196320 -0.000001 0.000004 -0.102742 0.185423 -0.539053
    32 3.883686 -0.046767 0.431446 0.132500 0.038417 -0.577108
    33 1.719570 0.000002 0.000004 -0.032705 0.058460 -0.470191
    34 1.209183 -0.000001 -0.000004 -0.032705 0.058461 -0.411278
    35 3.859859 -0.137950 1.332462 0.521871 -0.068642 -0.464350
    36 1.719429 0.000002 0.000000 0.068757 -0.123348 -0.545076
    37 1.099670 0.000001 0.000004 0.068746 -0.123345 -0.270165
    38 0.806049 -0.348922 1.321259 -0.826856 -0.289358 -0.678288
    39 1.789787 0.000000 0.000004 0.030440 0.074684 0.204409
    40 1.207001 0.000000 -0.000004 0.004901 0.032015 0.303799
    41 3.859665 -0.132565 1.193108 0.154238 -0.057257 -1.683865
    42 1.312561 0.000000 0.000000 0.000000 0.000000 -0.627085
    43 0.729366 0.000002 0.000000 0.000000 0.000000 -1.021394
    44 3.942291 0.050330 0.431042 0.020416 -0.074382 -1.517442
    45 1.539097 0.000003 0.000000 0.000000 0.000000 -0.806822
    46 1.196320 0.000000 0.000000 0.000000 0.000000 -1.303469
    47 3.883648 -0.050325 -0.431044 -0.127900 -0.099350 -0.936274
    48 1.719574 -0.000005 0.000000 0.000000 0.000000 -1.100726
    49 1.209183 -0.000001 0.000000 0.000000 0.000000 -1.091479
    50 3.859825 -0.148935 -1.331284 -0.351999 -0.088877 -0.797488
    51 1.719425 0.000000 0.000000 -0.000007 0.000000 -0.997181
    52 1.099663 0.000000 0.000000 0.000000 0.000000 -1.420907
    53 0.806015 -0.359835 -1.318335 1.372063 0.323488 -0.797750
    54 1.789780 0.000001 0.000000 0.000000 0.000000 0.612641
    55 1.207001 0.000000 0.000004 0.000000 0.000000 0.666342
    56 5.671875 -2.029297 -5.722656 1.991476 0.082321 -2.001942
  time 12
    0 1.735986 -0.335943 37.281722 1.580579 0.042049 -0.020418
    1 -0.124999 3.345128 -2.981903 1.569768 0.125282 1.615807
    2 4.018331 0.000000 0.000000 0.056438 0.020637 0.035690
    3 3.518564 0.000000 0.000000 0.057036 -0.011146 0.138997
    4 8.942642 0.000000 0.000000 -0.012885 -0.048478 0.219687
    5 3.307269 0.000000 -0.000004 3.138800 0.000567 0.400476
    6 3.593710 -0.000001 -0.000004 -0.067170 -0.058018 0.499247
    7 1.999994 -3.000001 0.000004 -1.570793 0.000002 -1.326448
    8 2.033349 1.000771 -1.937607 -1.470636 1.223081 3.101259
    9 6.028143 0.000002 -0.000004 0.976220 0.209852 -0.988751
    10 11.692545 0.000000 0.000000 -0.000011 0.000000 -0.302418
    11 11.481701 0.000000 0.000000 -0.751047 0.006970 0.171310
    12 2.676086 -1.712440 0.000000 -1.570793 0.000001 -1.570793
    13 2.033341 1.000767 1.937660 1.104432 -1.319439 -2.835224
    14 6.028140 0.000002 0.000000 -1.189936 0.048051 -1.148336
    15 11.692553 0.000000 0.000011 -0.000013 0.000000 -0.229532
    16 11.481667 0.000000 -0.000031 1.991742 0.050384 0.021281
    17 2.676086 -1.712440 0.000004 1.570793 0.000005 1.570793
    18 -3.890452 0.000004 0.000004 -1.391998 0.173293 -1.594272
    19 17.848171 0.000000 0.000004 0.000009 0.000000 0.704202
    20 16.525251 0.000000 0.000004 0.059231 -0.065912 -0.807404
    21 6.879454 0.000000 0.000008 -0.077613 -0.002486 -1.001000
    22 3.890452 -0.000004 -0.000004 -1.630283 -0.329782 -1.498865
    23 17.848175 0.000000 -0.000004 0.000010 0.000000 0.531454
    24 16.525246 0.000000 0.000004 -0.084473 -0.149401 -1.182851
    25 6.879452 0.000000 0.000000 -0.007227 -0.002908 -0.585165
    26 3.859703 -0.142403 -1.191975 -0.454210 0.125457 -0.727588
    27 1.312565 0.000001 0.000004 -0.168575 0.310524 -0.695408
    28 0.729362 0.000002 0.000004 -0.168573 0.310526 -0.538329
    29 3.942326 0.046774 -0.431438 -0.180316 0.236513 -0.665164
    30 1.539093 0.000001 0.000000 -0.102742 0.185414 -0.715744
    31 1.196320 -0.000001 0.000004 -0.102742 0.185423 -0.539053
    32 3.883686 -0.046767 0.431446 0.132500 0.038417 -0.577108
    33 1.719570 0.000002 0.000004 -0.032705 0.058460 -0.470191
    34 1.209183 -0.000001 -0.000004 -0.032705 0.058461 -0.411278
    35 3.859859 -0.137950 1.332462 0.521871 -0.068642 -0.464350
    36 1.719429 0.000002 0.000000 0.068757 -0.123348 -0.545076
    37 1.099670 0.000001 0.000004 0.068746 -0.123345 -0.270165
    38 0.806049 -0.348922 1.321259 -0.826856 -0.289358 -0.678288
    39 1.789787 0.000000 0.000004 0.030440 0.074684 0.204409
    40 1.207001 0.000000 -0.000004 0.004901 0.032015 0.303799
    41 3.859665 -0.132565 1.193108 0.154238 -0.057257 -1.683865
    42 1.312561 0.000000 0.000000 0.000000 0.000000 -0.627085
    43 0.729366 0.000002 0.000000 0.000000 0.000000 -1.021394
    44 3.942291 0.050330 0.431042 0.020416 -0.074382 -1.517442
    45 1.539097 0.000003 0.000000 0.000000 0.000000 -0.806822
    46 1.196320 0.000000 0.000000 0.000000 0.000000 -1.303469
    47 3.883648 -0.050325 -0.431044 -0.127900 -0.099350 -0.936274
    48 1.719574 -0.000005 0.000000 0.000000 0.000000 -1.100726
    49 1.209183 -0.000001 0.000000 0.000000 0.000000 -1.091479
    50 3.859825 -0.148935 -1.331284 -0.351999 -0.088877 -0.797488
    51 1.719425 0.000000 0.000000 -0.000007 0.000000 -0.997181
    52 1.099663 0.000000 0.000000 0.000000 0.000000 -1.420907
    53 0.806015 -0.359835 -1.318335 1.372105 0.323488 -0.797750
    54 1.789780 0.000001 0.000000 0.000000 0.000000 0.612641
    55 1.207001 0.000000 0.000004 0.000000 0.000000 0.666342
    56 5.671875 -2.029297 -5.722656 1.991476 0.082321 -2.001942
  time 13
    0 1.778956 -0.335943 37.633295 1.580633 0.042049 -0.011485
    1 -0.124999 3.345128 -2.981903 1.569573 0.125282 1.617785
    2 4.018331 0.000000 0.000000 0.050174 0.018121 0.037404
    3 3.518564 0.000000 0.000000 0.050313 -0.011769 0.139728
    4 8.942642 0.000000 0.000000 -0.011993 -0.043828 0.216429
    5 3.307269 0.000000 -0.000004 3.138800 0.000567 0.400476
    6 3.593710 -0.000001 -0.000004 -0.067170 -0.058018 0.499247
    7 1.999994 -3.000001 0.000004 -1.570793 0.000002 -1.326448
    8 2.033349 1.000771 -1.937607 -1.424254 1.221836 3.150520
    9 6.028143 0.000002 -0.000004 0.967305 0.185144 -1.001084
    10 11.692545 0.000000 0.000000 -0.000011 0.000000 -0.318466
    11 11.481701 0.000000 0.000000 -0.751047 0.006970 0.171310
    12 2.676086 -1.712440 0.000000 -1.570793 0.000001 -1.570793
    13 2.033341 1.000767 1.937660 1.180638 -1.323068 -2.913253
    14 6.028140 0.000002 0.000000 -1.216827 0.021472 -1.143458
    15 11.692553 0.000000 0.000011 -0.000013 0.000000 -0.223447
    16 11.481667 0.000000 -0.000031 1.991742 0.050384 0.021281
    17 2.676086 -1.712440 0.000004 1.570793 0.000005 1.570793
    18 -3.890452 0.000004 0.000004 -1.380846 0.005955 -1.611980
    19 17.848171 0.000000 0.000004 0.000009 0.000000 0.917832
    20 16.525251 0.000000 0.000004 0.055978 -0.052501 -0.867931
    21 6.879454 0.000000 0.000008 -0.077924 -0.002234 -0.903591
    22 3.890452 -0.000004 -0.000004 -1.619922 -0.243398 -1.505671
    23 17.848175 0.000000 -0.000004 0.000010 0.000000 0.468474
    24 16.525246 0.000000 0.000004 -0.085556 -0.148443 -1.201963
    25 6.879452 0.000000 0.000000 -0.007203 -0.002884 -0.584589
    26 3.859703 -0.142403 -1.191975 -0.454210 0.125457 -0.727588
    27 1.312565 0.000001 0.000004 -0.168575 0.310524 -0.695408
    28 0.729362 0.000002 0.000004 -0.168573 0.310526 -0.538329
    29 3.942326 0.046774 -0.431438 -0.180316 0.236513 -0.665164
    30 1.539093 0.000001 0.000000 -0.102742 0.185414 -0.715744
    31 1.196320 -0.000001 0.000004 -0.102742 0.185423 -0.539053
    32 3.883686 -0.046767 0.431446 0.132500 0.038417 -0.577108
    33 1.719570 0.000002 0.000004 -0.032705 0.058460 -0.470191
    34 1.209183 -0.000001 -0.000004 -0.032705 0.058461 -0.411278
    35 3.859859 -0.137950 1.332462 0.521871 -0.068642 -0.464350
    36 1.719429 0.000002 0.000000 0.068757 -0.123348 -0.545076
    37 1.099670 0.000001 0.000004 0.068746 -0.123345 -0.270165
    38 0.806049 -0.348922 1.321259 -0.826856 -0.289358 -0.678288
    39 1.789787 0.000000 0.000004 0.030440 0.074684 0.204409
    40 1.207001 0.000000 -0.000004 0.004901 0.032015 0.303799
    41 3.859665 -0.132565 1.193108 0.154238 -0.057257 -1.683865
    42 1.312561 0.000000 0.000000 0.000000 0.000000 -0.627085
    43 0.729366 0.000002 0.000000 0.000000 0.000000 -1.021394
    44 3.942291 0.050330 0.431042 0.020416 -0.074382 -1.517442
    45 1.539097 0.000003 0.000000 0.000000 0.000000 -0.806822
    46 1.196320 0.000000 0.000000 0.000000 0.000000 -1.303469
    47 3.883648 -0.050325 -0.431044 -0.127900 -0.099350 -0.936274
    48 1.719574 -0.000005 0.000000 0.000000 0.000000 -1.100726
    49 1.209183 -0.000001 0.000000 0.000000 0.000000 -1.091479
    50 3.859825 -0.148935 -1.331284 -0.351999 -0.088877 -0.797488
    51 1.719425 0.000000 0.000000 -0.000007 0.000000 -0.997181
    52 1.099663 0.000000 0.000000 0.000000 0.000000 -1.420907
    53 0.806015 -0.359835 -1.318335 1.372063 0.323488 -0.797750
    54 1.789780 0.000001 0.000000 0.000000 0.000000 0.612641
    55 1.207001 0.000000 0.000004 0.000000 0.000000 0.666342
    56 5.671875 -2.029297 -5.722656 1.991476 0.082321 -2.001942
  time 14
    0 1.821926 -0.335943 37.914554 1.580688 0.042049 0.002825
    1 -0.124999 3.345128 -2.981903 1.569525 0.125270 1.618973
    2 4.018331 0.000000 0.000000 0.043276 0.016838 0.038638
    3 3.518564 0.000000 0.000000 0.043050 -0.011098 0.140112
    4 8.942642 0.000000 0.000000 -0.011356 -0.039561 0.214001
    5 3.307269 0.000000 -0.000004 3.138800 0.000567 0.400476
    6 3.593710 -0.000001 -0.000004 -0.067170 -0.058018 0.499247
    7 1.999994 -3.000001 0.000004 -1.570793 0.000002 -1.326448
    8 2.033349 1.000771 -1.937607 -1.373511 1.219507 -3.078500
    9 6.028143 0.000002 -0.000004 0.961699 0.155920 -1.012075
    10 11.692545 0.000000 0.000000 -0.000011 0.000000 -0.336685
    11 11.481701 0.000000 0.000000 -0.751047 0.006970 0.171310
    12 2.676086 -1.712440 0.000000 -1.570793 0.000001 -1.570793
    13 2.033341 1.000767 1.937660 1.266844 -1.325342 -3.001667
    14 6.028140 0.000002 0.000000 -1.241264 -0.010705 -1.137448
    15 11.692553 0.000000 0.000011 -0.000013 0.000000 -0.211068
    16 11.481667 0.000000 -0.000031 1.991742 0.050384 0.021281
    17 2.676086 -1.712440 0.000004 1.570793 0.000005 1.570793
    18 -3.890452 0.000004 0.000004 -1.357834 -0.106992 -1.617478
    19 17.848171 0.000000 0.000004 0.000009 0.000000 1.010370
    20 16.525251 0.000000 0.000004 0.052848 -0.028751 -0.952085
    21 6.879454 0.000000 0.000008 -0.078116 -0.002103 -0.847212
    22 3.890452 -0.000004 -0.000004 -1.604992 -0.148682 -1.511514
    23 17.848175 0.000000 -0.000004 0.000010 0.000000 0.384833
    24 16.525246 0.000000 0.000004 -0.086698 -0.147321 -1.208776
    25 6.879452 0.000000 0.000000 -0.007131 -0.002920 -0.594303
    26 3.859703 -0.142403 -1.191975 -0.454210 0.125457 -0.727588
    27 1.312565 0.000001 0.000004 -0.168575 0.310524 -0.695408
    28 0.729362 0.000002 0.000004 -0.168573 0.310526 -0.538329
    29 3.942326 0.046774 -0.431438 -0.180316 0.236513 -0.665164
    30 1.539093 0.000001 0.000000 -0.102742 0.185414 -0.715744
    31 1.196320 -0.000001 0.000004 -0.102742 0.185423 -0.539053
    32 3.883686 -0.046767 0.431446 0.132500 0.038417 -0.577108
    33 1.719570 0.000002 0.000004 -0.032705 0.058460 -0.470191
    34 1.209183 -0.000001 -0.000004 -0.032705 0.058461 -0.411278
    35 3.859859 -0.137950 1.332462 0.521871 -0.068642 -0.464350
    36 1.719429 0.000002 0.000000 0.068757 -0.123348 -0.545076
    37 1.099670 0.000001 0.000004 0.068746 -0.123345 -0.270165
    38 0.806049 -0.348922 1.321259 -0.826856 -0.289358 -0.678288
    39 1.789787 0.000000 0.000004 0.030440 0.074684 0.204409
    40 1.207001 0.000000 -0.000004 0.004901 0.032015 0.303799
    41 3.859665 -0.132565 1.193108 0.154238 -0.057257 -1.683865
    42 1.312561 0.000000 0.000000 0.000000 0.000000 -0.627085
    43 0.729366 0.000002 0.000000 0.000000 0.000000 -1.021394
    44 3.942291 0.050330 0.431042 0.020416 -0.074382 -1.517442
    45 1.539097 0.000003 0.000000 0.000000 0.000000 -0.806822
    46 1.196320 0.000000 0.000000 0.000000 0.000000 -1.303469
    47 3.883648 -0.050325 -0.431044 -0.127900 -0.099350 -0.936274
    48 1.719574 -0.000005 0.000000 0.000000 0.000000 -1.100726
    49 1.209183 -0.000001 0.000000 0.000000 0.000000 -1.091479
    50 3.859825 -0.148935 -1.331284 -0.351999 -0.088877 -0.797488
    51 1.719425 0.000000 0.000000 -0.000007 0.000000 -0.997181
    52 1.099663 0.000000 0.000000 0.000000 0.000000 -1.420907
    53 0.806015 -0.359835 -1.318335 1.372063 0.323488 -0.797750
    54 1.789780 0.000001 0.000000 0.000000 0.000000 0.612641
    55 1.207001 0.000000 0.000004 0.000000 0.000000 0.666342
    56 5.671875 -2.029297 -5.722656 1.991476 0.082321 -2.001942
  time 15
    0 1.845364 -0.335943 38.090340 1.580742 0.042049 0.022963
    1 -0.124999 3.345128 -2.981903 1.569476 0.125270 1.619171
    2 4.018331 0.000000 0.000000 0.036115 0.016515 0.039094
    3 3.518564 0.000000 0.000000 0.035548 -0.009396 0.140088
    4 8.942642 0.000000 0.000000 -0.010999 -0.035870 0.212433
    5 3.307269 0.000000 -0.000004 3.138800 0.000567 0.400476
    6 3.593710 -0.000001 -0.000004 -0.067170 -0.058018 0.499247
    7 1.999994 -3.000001 0.000004 -1.570793 0.000002 -1.326448
    8 2.033349 1.000771 -1.937607 -1.320728 1.216094 -3.022174
    9 6.028143 0.000002 -0.000004 0.960137 0.124726 -1.023949
    10 11.692545 0.000000 0.000000 -0.000011 0.000000 -0.351484
    11 11.481701 0.000000 0.000000 -0.751047 0.006970 0.171310
    12 2.676086 -1.712440 0.000000 -1.570793 0.000001 -1.570793
    13 2.033341 1.000767 1.937660 1.358873 -1.325730 -3.096179
    14 6.028140 0.000002 0.000000 -1.260965 -0.046053 -1.129448
    15 11.692553 0.000000 0.000011 -0.000013 0.000000 -0.194843
    16 11.481667 0.000000 -0.000031 1.991742 0.050384 0.021281
    17 2.676086 -1.712440 0.000004 1.570793 0.000005 1.570793
    18 -3.890452 0.000004 0.000004 -1.325618 -0.178782 -1.615304
    19 17.848171 0.000000 0.000004 0.000009 0.000000 1.007828
    20 16.525251 0.000000 0.000004 0.043018 0.000498 -1.053584
    21 6.879454 0.000000 0.000008 -0.078260 -0.002163 -0.832434
    22 3.890452 -0.000004 -0.000004 -1.585004 -0.050768 -1.514333
    23 17.848175 0.000000 -0.000004 0.000010 0.000000 0.290237
    24 16.525246 0.000000 0.000004 -0.088997 -0.145170 -1.202747
    25 6.879452 0.000000 0.000000 -0.007011 -0.002944 -0.610356
    26 3.859703 -0.142403 -1.191975 -0.454210 0.125457 -0.727588
    27 1.312565 0.000001 0.000004 -0.168575 0.310524 -0.695408
    28 0.729362 0.000002 0.000004 -0.168573 0.310526 -0.538329
    29 3.942326 0.046774 -0.431438 -0.180316 0.236513 -0.665164
    30 1.539093 0.000001 0.000000 -0.102742 0.185414 -0.715744
    31 1.196320 -0.000001 0.000004 -0.102742 0.185423 -0.539053
    32 3.883686 -0.046767 0.431446 0.132500 0.038417 -0.577108
    33 1.719570 0.000002 0.000004 -0.032705 0.058460 -0.470191
    34 1.209183 -0.000001 -0.000004 -0.032705 0.058461 -0.411278
    35 3.859859 -0.137950 1.332462 0.521871 -0.068642 -0.464350
    36 1.719429 0.000002 0.000000 0.068757 -0.123348 -0.545076
    37 1.099670 0.000001 0.000004 0.068746 -0.123345 -0.270165
    38 0.806049 -0.348922 1.321259 -0.826856 -0.289358 -0.678288
    39 1.789787 0.000000 0.000004 0.030440 0.074684 0.204409
    40 1.207001 0.000000 -0.000004 0.004901 0.032015 0.303799
    41 3.859665 -0.132565 1.193108 0.154238 -0.057257 -1.683865
    42 1.312561 0.000000 0.000000 0.000000 0.000000 -0.627085
    43 0.729366 0.000002 0.000000 0.000000 0.000000 -1.021394
    44 3.942291 0.050330 0.431042 0.020416 -0.074382 -1.517442
    45 1.539097 0.000003 0.000000 0.000000 0.000000 -0.806822
    46 1.196320 0.000000 0.000000 0.000000 0.000000 -1.303469
    47 3.883648 -0.050325 -0.431044 -0.127900 -0.099350 -0.936274
    48 1.719574 -0.000005 0.000000 0.000000 0.000000 -1.100726
    49 1.209183 -0.000001 0.000000 0.000000 0.000000 -1.091479
    50 3.859825 -0.148935 -1.331284 -0.351999 -0.088877 -0.797488
    51 1.719425 0.000000 0.000000 -0.000007 0.000000 -0.997181
    52 1.099663 0.000000 0.000000 0.000000 0.000000 -1.420907
    53 0.806015 -0.359835 -1.318335 1.372063 0.323488 -0.797750
    54 1.789780 0.000001 0.000000 0.000000 0.000000 0.612641
    55 1.207001 0.000000 0.000004 0.000000 0.000000 0.666342
    56 5.671875 -2.029297 -5.722656 1.991476 0.082321 -2.001942
  time 16
    0 1.857083 -0.335943 38.188000 1.580797 0.042049 0.029928
    1 -0.124999 3.345128 -2.981903 1.569525 0.125270 1.618527
    2 4.018331 0.000000 0.000000 0.029029 0.016922 0.038710
    3 3.518564 0.000000 0.000000 0.028117 -0.006795 0.139704
    4 8.942642 0.000000 0.000000 -0.010948 -0.032802 0.211680
    5 3.307269 0.000000 -0.000004 3.138800 0.000567 0.400476
    6 3.593710 -0.000001 -0.000004 -0.067170 -0.058018 0.499247
    7 1.999994 -3.000001 0.000004 -1.570793 0.000002 -1.326448
    8 2.033349 1.000771 -1.937607 -1.268222 1.211557 -2.966135
    9 6.028143 0.000002 -0.000004 0.944882 0.097978 -1.035999
    10 11.692545 0.000000 0.000000 -0.000011 0.000000 -0.359574
    11 11.481701 0.000000 0.000000 -0.751047 0.006970 0.171310
    12 2.676086 -1.712440 0.000000 -1.570793 0.000001 -1.570793
    13 2.033341 1.000767 1.937660 1.451947 -1.323891 3.091191
    14 6.028140 0.000002 0.000000 -1.294404 -0.066729 -1.113837
    15 11.692553 0.000000 0.000011 -0.000013 0.000000 -0.214425
    16 11.481667 0.000000 -0.000031 1.991742 0.050384 0.021281
    17 2.676086 -1.712440 0.000004 1.570793 0.000005 1.570793
    18 -3.890452 0.000004 0.000004 -1.301721 -0.257673 -1.610254
    19 17.848171 0.000000 0.000004 0.000009 0.000000 0.958569
    20 16.525251 0.000000 0.000004 0.019044 0.030391 -1.137789
    21 6.879454 0.000000 0.000008 -0.078451 -0.002438 -0.840944
    22 3.890452 -0.000004 -0.000004 -1.578967 0.058674 -1.513301
    23 17.848175 0.000000 -0.000004 0.000010 0.000000 0.172289
    24 16.525246 0.000000 0.000004 -0.093009 -0.141354 -1.176098
    25 6.879452 0.000000 0.000000 -0.006784 -0.003004 -0.635836
    26 3.859703 -0.142403 -1.191975 -0.454210 0.125457 -0.727588
    27 1.312565 0.000001 0.000004 -0.168575 0.310524 -0.695408
    28 0.729362 0.000002 0.000004 -0.168573 0.310526 -0.538329
    29 3.942326 0.046774 -0.431438 -0.180316 0.236513 -0.665164
    30 1.539093 0.000001 0.000000 -0.102742 0.185414 -0.715744
    31 1.196320 -0.000001 0.000004 -0.102742 0.185423 -0.539053
    32 3.883686 -0.046767 0.431446 0.132500 0.038417 -0.577108
    33 1.719570 0.000002 0.000004 -0.032705 0.058460 -0.470191
    34 1.209183 -0.000001 -0.000004 -0.032705 0.058461 -0.411278
    35 3.859859 -0.137950 1.332462 0.521871 -0.068642 -0.464350
    36 1.719429 0.000002 0.000000 0.068757 -0.123348 -0.545076
    37 1.099670 0.000001 0.000004 0.068746 -0.123345 -0.270165
    38 0.806049 -0.348922 1.321259 -0.826856 -0.289358 -0.678288
    39 1.789787 0.000000 0.000004 0.030440 0.074684 0.204409
    40 1.207001 0.000000 -0.000004 0.004901 0.032015 0.303799
    41 3.859665 -0.132565 1.193108 0.154238 -0.057257 -1.683865
    42 1.312561 0.000000 0.000000 0.000000 0.000000 -0.627085
    43 0.729366 0.000002 0.000000 0.000000 0.000000 -1.021394
    44 3.942291 0.050330 0.431042 0.020416 -0.074382 -1.517442
    45 1.539097 0.000003 0.000000 0.000000 0.000000 -0.806822
    46 1.196320 0.000000 0.000000 0.000000 0.000000 -1.303469
    47 3.883648 -0.050325 -0.431044 -0.127900 -0.099350 -0.936274
    48 1.719574 -0.000005 0.000000 0.000000 0.000000 -1.100726
    49 1.209183 -0.000001 0.000000 0.000000 0.000000 -1.091479
    50 3.859825 -0.148935 -1.331284 -0.351999 -0.088877 -0.797488
    51 1.719425 0.000000 0.000000 -0.000007 0.000000 -0.997181
    52 1.099663 0.000000 0.000000 0.000000 0.000000 -1.420907
    53 0.806015 -0.359835 -1.318335 1.372063 0.323488 -0.797750
    54 1.789780 0.000001 0.000000 0.000000 0.000000 0.612641
    55 1.207001 0.000000 0.000004 0.000000 0.000000 0.666342
    56 5.671875 -2.029297 -5.722656 1.991476 0.082321 -2.001942
  time 17
    0 1.845364 -0.335943 38.160655 1.580797 0.042049 0.037045
    1 -0.128905 3.345128 -2.981903 1.569622 0.125282 1.617390
    2 4.018331 0.000000 0.000000 0.022280 0.018253 0.037656
    3 3.518564 0.000000 0.000000 0.021070 -0.003476 0.138973
    4 8.942642 0.000000 0.000000 -0.011126 -0.030513 0.211680
    5 3.307269 0.000000 -0.000004 3.138800 0.000567 0.400476
    6 3.593710 -0.000001 -0.000004 -0.067170 -0.058018 0.499247
    7 1.999994 -3.000001 0.000004 -1.570793 0.000002 -1.326448
    8 2.033349 1.000771 -1.937607 -1.218036 1.206097 -2.912578
    9 6.028143 0.000002 -0.000004 0.930177 0.073758 -1.048050
    10 11.692545 0.000000 0.000000 -0.000011 0.000000 -0.359311
    11 11.481701 0.000000 0.000000 -0.751047 0.006970 0.171310
    12 2.676086 -1.712440 0.000000 -1.570793 0.000001 -1.570793
    13 2.033341 1.000767 1.937660 1.541139 -1.320019 2.999251
    14 6.028140 0.000002 0.000000 -1.327024 -0.080996 -1.091007
    15 11.692553 0.000000 0.000011 -0.000013 0.000000 -0.262192
    16 11.481667 0.000000 -0.000031 1.991742 0.050384 0.021281
    17 2.676086 -1.712440 0.000004 1.570793 0.000005 1.570793
    18 -3.890452 0.000004 0.000004 -1.272159 -0.347375 -1.609295
    19 17.848171 0.000000 0.000004 0.000009 0.000000 0.907516
    20 16.525251 0.000000 0.000004 -0.019110 0.051070 -1.227473
    21 6.879454 0.000000 0.000008 -0.079290 -0.002270 -0.696502
    22 3.890452 -0.000004 -0.000004 -1.573338 0.193195 -1.509933
    23 17.848175 0.000000 -0.000004 0.000010 0.000000 0.000000
    24 16.525246 0.000000 0.000004 -0.099305 -0.135079 -1.106461
    25 6.879452 0.000000 0.000000 -0.006544 -0.003052 -0.674281
    26 3.859703 -0.142403 -1.191975 -0.454210 0.125457 -0.727588
    27 1.312565 0.000001 0.000004 -0.168575 0.310524 -0.695408
    28 0.729362 0.000002 0.000004 -0.168573 0.310526 -0.538329
    29 3.942326 0.046774 -0.431438 -0.180316 0.236513 -0.665164
    30 1.539093 0.000001 0.000000 -0.102742 0.185414 -0.715744
    31 1.196320 -0.000001 0.000004 -0.102742 0.185423 -0.539053
    32 3.883686 -0.046767 0.431446 0.132500 0.038417 -0.577108
    33 1.719570 0.000002 0.000004 -0.032705 0.058460 -0.470191
    34 1.209183 -0.000001 -0.000004 -0.032705 0.058461 -0.411278
    35 3.859859 -0.137950 1.332462 0.521871 -0.068642 -0.464350
    36 1.719429 0.000002 0.000000 0.068757 -0.123348 -0.545076
    37 1.099670 0.000001 0.000004 0.068746 -0.123333 -0.270165
    38 0.806049 -0.348922 1.321259 -0.826856 -0.289358 -0.678288
    39 1.789787 0.000000 0.000004 0.030440 0.074684 0.204409
    40 1.207001 0.000000 -0.000004 0.004901 0.032015 0.303799
    41 3.859665 -0.132565 1.193108 0.154238 -0.057257 -1.683865
    42 1.312561 0.000000 0.000000 0.000000 0.000000 -0.627085
    43 0.729366 0.000002 0.000000 0.000000 0.000000 -1.021394
    44 3.942291 0.050330 0.431042 0.020416 -0.074382 -1.517442
    45 1.539097 0.000003 0.000000 0.000000 0.000000 -0.806822
    46 1.196320 0.000000 0.000000 0.000000 0.000000 -1.303469
    47 3.883648 -0.050325 -0.431044 -0.127900 -0.099350 -0.936274
    48 1.719574 -0.000005 0.000000 0.000000 0.000000 -1.100726
    49 1.209183 -0.000001 0.000000 0.000000 0.000000 -1.091479
    50 3.859825 -0.148935 -1.331284 -0.351999 -0.088877 -0.797488
    51 1.719425 0.000000 0.000000 -0.000007 0.000000 -0.997181
    52 1.099663 0.000000 0.000000 0.000000 0.000000 -1.420907
    53 0.806015 -0.359835 -1.318335 1.372063 0.323488 -0.797750
    54 1.789780 0.000001 0.000000 0.000000 0.000000 0.612641
    55 1.207001 0.000000 0.000004 0.000000 0.000000 0.666342
    56 5.671875 -2.029297 -5.722656 1.991476 0.082321 -2.001942
  time 18
    0 1.825832 -0.335943 38.023932 1.580851 0.042049 0.044086
    1 -0.124999 3.345128 -2.981903 1.569768 0.125282 1.615708
    2 4.018331 0.000000 0.000000 0.016223 0.020637 0.035990
    3 3.518564 0.000000 0.000000 0.014683 0.000407 0.137919
    4 8.942642 0.000000 0.000000 -0.011496 -0.029087 0.212956
    5 3.307269 0.000000 -0.000004 3.138800 0.000567 0.400476
    6 3.593710 -0.000001 -0.000004 -0.067170 -0.058018 0.499247
    7 1.999994 -3.000001 0.000004 -1.570793 0.000002 -1.326448
    8 2.033349 1.000771 -1.937607 -1.172210 1.200114 -2.863318
    9 6.028143 0.000002 -0.000004 0.917128 0.053532 -1.060100
    10 11.692545 0.000000 0.000000 -0.000011 0.000000 -0.350629
    11 11.481701 0.000000 0.000000 -0.751047 0.006970 0.171310
    12 2.676086 -1.712440 0.000000 -1.570793 0.000001 -1.570793
    13 2.033341 1.000767 1.937660 1.622196 -1.314599 2.915601
    14 6.028140 0.000002 0.000000 -1.356897 -0.103561 -1.067396
    15 11.692553 0.000000 0.000011 -0.000013 0.000000 -0.300097
    16 11.481667 0.000000 -0.000031 1.991742 0.050384 0.021281
    17 2.676086 -1.712440 0.000004 1.570793 0.000005 1.570793
    18 -3.890452 0.000004 0.000004 -1.243483 -0.400768 -1.599962
    19 17.848171 0.000000 0.000004 0.000009 0.000000 0.774241
    20 16.525251 0.000000 0.000004 -0.064778 0.055355 -1.273371
    21 6.879454 0.000000 0.000008 -0.080441 -0.002079 -0.544728
    22 3.890452 -0.000004 -0.000004 -1.568198 0.243646 -1.504227
    23 17.848175 0.000000 -0.000004 0.000010 0.000000 0.000000
    24 16.525246 0.000000 0.000004 -0.107958 -0.125658 -1.107969
    25 6.879452 0.000000 0.000000 -0.006448 -0.003088 -0.728491
    26 3.859703 -0.142403 -1.191975 -0.454210 0.125457 -0.727588
    27 1.312565 0.000001 0.000004 -0.168575 0.310524 -0.695408
    28 0.729362 0.000002 0.000004 -0.168573 0.310526 -0.538329
    29 3.942326 0.046774 -0.431438 -0.180316 0.236513 -0.665164
    30 1.539093 0.000001 0.000000 -0.102730 0.185414 -0.715744
    31 1.196320 -0.000001 0.000004 -0.102742 0.185423 -0.539053
    32 3.883686 -0.046767 0.431446 0.132500 0.038417 -0.577108
    33 1.719570 0.000002 0.000004 -0.032705 0.058460 -0.470191
    34 1.209183 -0.000001 -0.000004 -0.032705 0.058461 -0.411278
    35 3.859859 -0.137950 1.332462 0.521871 -0.068642 -0.464350
    36 1.719429 0.000002 0.000000 0.068757 -0.123348 -0.545076
    37 1.099670 0.000001 0.000004 0.068746 -0.123333 -0.270165
    38 0.806049 -0.348922 1.321259 -0.826856 -0.289358 -0.678288
    39 1.789787 0.000000 0.000004 0.030440 0.074684 0.204409
    40 1.207001 0.000000 -0.000004 0.004901 0.032015 0.303799
    41 3.859665 -0.132565 1.193108 0.154238 -0.057257 -1.683865
    42 1.312561 0.000000 0.000000 0.000000 0.000000 -0.627085
    43 0.729366 0.000002 0.000000 0.000000 0.000000 -1.021394
    44 3.942291 0.050330 0.431042 0.020416 -0.074382 -1.517442
    45 1.539097 0.000003 0.000000 0.000000 0.000000 -0.806822
    46 1.196320 0.000000 0.000000 0.000000 0.000000 -1.303469
    47 3.883648 -0.050325 -0.431044 -0.127900 -0.099350 -0.936274
    48 1.719574 -0.000005 0.000000 0.000000 0.000000 -1.100726
    49 1.209183 -0.000001 0.000000 0.000000 0.000000 -1.091479
    50 3.859825 -0.148935 -1.331284 -0.351999 -0.088877 -0.797488
    51 1.719425 0.000000 0.000000 -0.000007 0.000000 -0.997181
    52 1.099663 0.000000 0.000000 0.000000 0.000000 -1.420907
    53 0.806015 -0.359835 -1.318335 1.372063 0.323488 -0.797750
    54 1.789780 0.000001 0.000000 0.000000 0.000000 0.612641
    55 1.207001 0.000000 0.000004 0.000000 0.000000 0.666342
    56 5.671875 -2.029297 -5.722656 1.991476 0.082321 -2.001942
  time 19
    0 1.782862 -0.335943 37.816895 1.580851 0.042049 0.050976
    1 -0.124999 3.345128 -2.981903 1.569963 0.125282 1.613482
    2 4.018331 0.000000 0.000000 0.011044 0.024305 0.033797
    3 3.518564 0.000000 0.000000 0.009278 0.004734 0.136636
    4 8.942642 0.000000 0.000000 -0.011955 -0.028643 0.215861
    5 3.307269 0.000000 -0.000004 3.138800 0.000567 0.400476
    6 3.593710 -0.000001 -0.000004 -0.067170 -0.058018 0.499247
    7 1.999994 -3.000001 0.000004 -1.570793 0.000002 -1.326448
    8 2.033349 1.000771 -1.937607 -1.132043 1.194011 -2.820167
    9 6.028143 0.000002 -0.000004 0.906651 0.038466 -1.072045
    10 11.692545 0.000000 0.000000 -0.000011 0.000000 -0.334515
    11 11.481701 0.000000 0.000000 -0.751047 0.006970 0.171310
    12 2.676086 -1.712440 0.000000 -1.570793 0.000001 -1.570793
    13 2.033341 1.000767 1.937660 1.692057 -1.308211 2.843193
    14 6.028140 0.000002 0.000000 -1.382678 -0.135974 -1.045229
    15 11.692553 0.000000 0.000011 -0.000013 0.000000 -0.318561
    16 11.481667 0.000000 -0.000031 1.991742 0.050384 0.021281
    17 2.676086 -1.712440 0.000004 1.570793 0.000005 1.570793
    18 -3.890452 0.000004 0.000004 -1.223952 -0.395235 -1.572281
    19 17.848171 0.000000 0.000004 0.000009 0.000000 0.536915
    20 16.525251 0.000000 0.000004 -0.107988 0.042705 -1.259044
    21 6.879454 0.000000 0.000008 -0.081903 -0.001959 -0.424829
    22 3.890452 -0.000004 -0.000004 -1.563792 0.292708 -1.496803
    23 17.848175 0.000000 -0.000004 0.000010 0.000000 0.000000
    24 16.525246 0.000000 0.000004 -0.117826 -0.112909 -1.101216
    25 6.879452 0.000000 0.000000 -0.005693 -0.003159 -0.796572
    26 3.859703 -0.142403 -1.191975 -0.454210 0.125457 -0.727588
    27 1.312565 0.000001 0.000004 -0.168575 0.310524 -0.695408
    28 0.729362 0.000002 0.000004 -0.168573 0.310526 -0.538329
    29 3.942326 0.046774 -0.431438 -0.180316 0.236513 -0.665164
    30 1.539093 0.000001 0.000000 -0.102742 0.185414 -0.715744
    31 1.196320 -0.000001 0.000004 -0.102742 0.185423 -0.539053
    32 3.883686 -0.046767 0.431446 0.132500 0.038417 -0.577108
    33 1.719570 0.000002 0.000004 -0.032705 0.058460 -0.470191
    34 1.209183 -0.000001 -0.000004 -0.032705 0.058461 -0.411278
    35 3.859859 -0.137950 1.332462 0.521871 -0.068642 -0.464350
    36 1.719429 0.000002 0.000000 0.068757 -0.123348 -0.545076
    37 1.099670 0.000001 0.000004 0.068746 -0.123333 -0.270165
    38 0.806049 -0.348922 1.321259 -0.826856 -0.289358 -0.678288
    39 1.789787 0.000000 0.000004 0.030440 0.074684 0.204409
    40 1.207001 0.000000 -0.000004 0.004901 0.032015 0.303799
    41 3.859665 -0.132565 1.193108 0.154238 -0.057257 -1.683865
    42 1.312561 0.000000 0.000000 0.000000 0.000000 -0.627085
    43 0.729366 0.000002 0.000000 0.000000 0.000000 -1.021394
    44 3.942291 0.050330 0.431042 0.020416 -0.074382 -1.517442
    45 1.539097 0.000003 0.000000 0.000000 0.000000 -0.806822
    46 1.196320 0.000000 0.000000 0.000000 0.000000 -1.303469
    47 3.883648 -0.050325 -0.431044 -0.127900 -0.099350 -0.936274
    48 1.719574 -0.000005 0.000000 0.000000 0.000000 -1.100726
    49 1.209183 -0.000001 0.000000 0.000000 0.000000 -1.091479
    50 3.859825 -0.148935 -1.331284 -0.351999 -0.088877 -0.797488
    51 1.719425 0.000000 0.000000 -0.000007 0.000000 -0.997181
    52 1.099663 0.000000 0.000000 0.000000 0.000000 -1.420907
    53 0.806015 -0.359835 -1.318335 1.372063 0.323488 -0.797750
    54 1.789780 0.000001 0.000000 0.000000 0.000000 0.612641
    55 1.207001 0.000000 0.000004 0.000000 0.000000 0.666342
    56 5.671875 -2.029297 -5.722656 1.991476 0.082321 -2.001942
  time 20
    0 1.735986 -0.335943 37.574700 1.580906 0.042049 0.057108
    1 -0.124999 3.345128 -2.981903 1.570157 0.125282 1.610612
    2 4.018331 0.000000 0.000000 0.006968 0.029362 0.031376
    3 3.518564 0.000000 0.000000 0.005095 0.009240 0.135258
    4 8.942642 0.000000 0.000000 -0.012834 -0.030573 0.220087
    5 3.307269 0.000000 -0.000004 3.138800 0.000567 0.400476
    6 3.593710 -0.000001 -0.000004 -0.067170 -0.058018 0.499247
    7 1.999994 -3.000001 0.000004 -1.570793 0.000002 -1.326448
    8 2.033349 1.000771 -1.937607 -1.098926 1.188310 -2.784653
    9 6.028143 0.000002 -0.000004 0.899207 0.028510 -1.084767
    10 11.692545 0.000000 0.000000 -0.000011 0.000000 -0.313336
    11 11.481701 0.000000 0.000000 -0.751047 0.006970 0.171310
    12 2.676086 -1.712440 0.000000 -1.570793 0.000001 -1.570793
    13 2.033341 1.000767 1.937660 1.748633 -1.301872 2.784504
    14 6.028140 0.000002 0.000000 -1.403022 -0.172705 -1.024896
    15 11.692553 0.000000 0.000011 -0.000013 0.000000 -0.320869
    16 11.481667 0.000000 -0.000031 1.991742 0.050384 0.021281
    17 2.676086 -1.712440 0.000004 1.570793 0.000005 1.570793
    18 -3.890452 0.000004 0.000004 -1.204185 -0.403449 -1.551185
    19 17.848171 0.000000 0.000004 0.000009 0.000000 0.382037
    20 16.525251 0.000000 0.000004 -0.145170 0.019876 -1.276639
    21 6.879454 0.000000 0.000008 -0.082191 -0.002462 -0.468822
    22 3.890452 -0.000004 -0.000004 -1.560937 0.274656 -1.488348
    23 17.848175 0.000000 -0.000004 0.000010 0.000000 0.134726
    24 16.525246 0.000000 0.000004 -0.129422 -0.094718 -1.140345
    25 6.879452 0.000000 0.000000 -0.004806 -0.003231 -0.886963
    26 3.859703 -0.142403 -1.191975 -0.454210 0.125457 -0.727588
    27 1.312565 0.000001 0.000004 -0.168575 0.310524 -0.695408
    28 0.729362 0.000002 0.000004 -0.168573 0.310526 -0.538329
    29 3.942326 0.046774 -0.431438 -0.180316 0.236513 -0.665164
    30 1.539093 0.000001 0.000000 -0.102742 0.185414 -0.715744
    31 1.196320 -0.000001 0.000004 -0.102742 0.185423 -0.539053
    32 3.883686 -0.046767 0.431446 0.132500 0.038417 -0.577108
    33 1.719570 0.000002 0.000004 -0.032705 0.058460 -0.470191
    34 1.209183 -0.000001 -0.000004 -0.032705 0.058461 -0.411278
    35 3.859859 -0.137950 1.332462 0.521871 -0.068642 -0.464350
    36 1.719429 0.000002 0.000000 0.068757 -0.123348 -0.545076
    37 1.099670 0.000001 0.000004 0.068746 -0.123333 -0.270165
    38 0.806049 -0.348922 1.321259 -0.826856 -0.289358 -0.678288
    39 1.789787 0.000000 0.000004 0.030440 0.074684 0.204409
    40 1.207001 0.000000 -0.000004 0.004901 0.032015 0.303799
    41 3.859665 -0.132565 1.193108 0.154238 -0.057257 -1.683865
    42 1.312561 0.000000 0.000000 0.000000 0.000000 -0.627085
    43 0.729366 0.000002 0.000000 0.000000 0.000000 -1.021394
    44 3.942291 0.050330 0.431042 0.020416 -0.074382 -1.517442
    45 1.539097 0.000003 0.000000 0.000000 0.000000 -0.806822
    46 1.196320 0.000000 0.000000 0.000000 0.000000 -1.303469
    47 3.883648 -0.050325 -0.431044 -0.127900 -0.099350 -0.936274
    48 1.719574 -0.000005 0.000000 0.000000 0.000000 -1.100726
    49 1.209183 -0.000001 0.000000 0.000000 0.000000 -1.091479
    50 3.859825 -0.148935 -1.331284 -0.351999 -0.088877 -0.797488
    51 1.719425 0.000000 0.000000 -0.000007 0.000000 -0.997181
    52 1.099663 0.000000 0.000000 0.000000 0.000000 -1.420907
    53 0.806015 -0.359835 -1.318335 1.372063 0.323488 -0.797750
    54 1.789780 0.000001 0.000000 0.000000 0.000000 0.612641
    55 1.207001 0.000000 0.000004 0.000000 0.000000 0.666342
    56 5.671875 -2.029297 -5.722656 1.991476 0.082321 -2.001942
  time 21
    0 1.677390 -0.335943 37.328598 1.580906 0.042049 0.062256
    1 -0.124999 3.345128 -2.981903 1.570401 0.125282 1.607100
    2 4.018331 0.000000 0.000000 0.004201 0.035978 0.028979
    3 3.518564 0.000000 0.000000 0.002410 0.013806 0.134084
    4 8.942642 0.000000 0.000000 -0.014108 -0.034827 0.225312
    5 3.307269 0.000000 -0.000004 3.138800 0.000567 0.400476
    6 3.593710 -0.000001 -0.000004 -0.067170 -0.058018 0.499247
    7 1.999994 -3.000001 0.000004 -1.570793 0.000002 -1.326448
    8 2.033349 1.000771 -1.937607 -1.073879 1.183612 -2.757636
    9 6.028143 0.000002 -0.000004 0.895347 0.023226 -1.097383
    10 11.692545 0.000000 0.000000 -0.000011 0.000000 -0.291040
    11 11.481701 0.000000 0.000000 -0.751047 0.006970 0.171310
    12 2.676086 -1.712440 0.000000 -1.570793 0.000001 -1.570793
    13 2.033341 1.000767 1.937660 1.790654 -1.296307 2.740773
    14 6.028140 0.000002 0.000000 -1.417053 -0.204714 -1.008271
    15 11.692553 0.000000 0.000011 -0.000013 0.000000 -0.318840
    16 11.481667 0.000000 -0.000031 1.991742 0.050384 0.021281
    17 2.676086 -1.712440 0.000004 1.570793 0.000005 1.570793
    18 -3.890452 0.000004 0.000004 -1.201648 -0.333884 -1.506244
    19 17.848171 0.000000 0.000004 0.000009 0.000000 0.125652
    20 16.525251 0.000000 0.000004 -0.166687 -0.002646 -1.219983
    21 6.879454 0.000000 0.000008 -0.082430 -0.002930 -0.507383
    22 3.890452 -0.000004 -0.000004 -1.560040 0.267798 -1.478174
    23 17.848175 0.000000 -0.000004 0.000010 0.000000 0.239151
    24 16.525246 0.000000 0.000004 -0.141428 -0.069203 -1.131543
    25 6.879452 0.000000 0.000000 -0.004075 -0.003267 -1.004645
    26 3.859703 -0.142403 -1.191975 -0.454210 0.125457 -0.727588
    27 1.312565 0.000001 0.000004 -0.168575 0.310524 -0.695408
    28 0.729362 0.000002 0.000004 -0.168573 0.310526 -0.538329
    29 3.942326 0.046774 -0.431438 -0.180316 0.236513 -0.665164
    30 1.539093 0.000001 0.000000 -0.102730 0.185414 -0.715744
    31 1.196320 -0.000001 0.000004 -0.102742 0.185423 -0.539053
    32 3.883686 -0.046767 0.431446 0.132500 0.038417 -0.577108
    33 1.719570 0.000002 0.000004 -0.032705 0.058460 -0.470191
    34 1.209183 -0.000001 -0.000004 -0.032705 0.058461 -0.411278
    35 3.859859 -0.137950 1.332462 0.521871 -0.068642 -0.464350
    36 1.719429 0.000002 0.000000 0.068757 -0.123348 -0.545076
    37 1.099670 0.000001 0.000004 0.068746 -0.123345 -0.270165
    38 0.806049 -0.348922 1.321259 -0.826856 -0.289358 -0.678288
    39 1.789787 0.000000 0.000004 0.030440 0.074684 0.204409
    40 1.207001 0.000000 -0.000004 0.004901 0.032015 0.303799
    41 3.859665 -0.132565 1.193108 0.154238 -0.057257 -1.683865
    42 1.312561 0.000000 0.000000 0.000000 0.000000 -0.627085
    43 0.729366 0.000002 0.000000 0.000000 0.000000 -1.021394
    44 3.942291 0.050330 0.431042 0.020416 -0.074382 -1.517442
    45 1.539097 0.000003 0.000000 0.000000 0.000000 -0.806822
    46 1.196320 0.000000 0.000000 0.000000 0.000000 -1.303469
    47 3.883648 -0.050325 -0.431044 -0.127900 -0.099350 -0.936274
    48 1.719574 -0.000005 0.000000 0.000000 0.000000 -1.100726
    49 1.209183 -0.000001 0.000000 0.000000 0.000000 -1.091479
    50 3.859825 -0.148935 -1.331284 -0.351999 -0.088877 -0.797488
    51 1.719425 0.000000 0.000000 -0.000007 0.000000 -0.997181
    52 1.099663 0.000000 0.000000 0.000000 0.000000 -1.420907
    53 0.806015 -0.359835 -1.318335 1.372063 0.323488 -0.797750
    54 1.789780 0.000001 0.000000 0.000000 0.000000 0.612641
    55 1.207001 0.000000 0.000004 0.000000 0.000000 0.666342
    56 5.671875 -2.029297 -5.722656 1.991476 0.082321 -2.001942
  time 22
    0 1.610982 -0.335943 37.094216 1.580906 0.042049 0.066269
    1 -0.124999 3.345128 -2.981903 1.570547 0.125282 1.602895
    2 4.018331 0.000000 0.000000 0.002836 0.043936 0.027037
    3 3.518564 0.000000 0.000000 0.001476 0.018217 0.133317
    4 8.942642 0.000000 0.000000 -0.015535 -0.040256 0.231183
    5 3.307269 0.000000 -0.000004 3.138800 0.000567 0.400476
    6 3.593710 -0.000001 -0.000004 -0.067170 -0.058018 0.499247
    7 1.999994 -3.000001 0.000004 -1.570793 0.000002 -1.326448
    8 2.033349 1.000771 -1.937607 -1.058109 1.180400 -2.740547
    9 6.028143 0.000002 -0.000004 0.895807 0.021849 -1.107349
    10 11.692545 0.000000 0.000000 -0.000011 0.000000 -0.273150
    11 11.481701 0.000000 0.000000 -0.751047 0.006970 0.171310
    12 2.676086 -1.712440 0.000000 -1.570793 0.000001 -1.570793
    13 2.033341 1.000767 1.937660 1.816777 -1.292435 2.713525
    14 6.028140 0.000002 0.000000 -1.424068 -0.220398 -0.998514
    15 11.692553 0.000000 0.000011 -0.000013 0.000000 -0.329331
    16 11.481667 0.000000 -0.000031 1.991742 0.050384 0.021281
    17 2.676086 -1.712440 0.000004 1.570793 0.000005 1.570793
    18 -3.890452 0.000004 0.000004 -1.201353 -0.288506 -1.484253
    19 17.848171 0.000000 0.000004 0.000009 0.000000 0.000000
    20 16.525251 0.000000 0.000004 -0.164636 -0.002266 -1.109486
    21 6.879454 0.000000 0.000008 -0.085127 -0.002942 -0.548261
    22 3.890452 -0.000004 -0.000004 -1.561590 0.267924 -1.465869
    23 17.848175 0.000000 -0.000004 0.000010 0.000000 0.315592
    24 16.525246 0.000000 0.000004 -0.151004 -0.034411 -1.069683
    25 6.879452 0.000000 0.000000 -0.003260 -0.003291 -1.155749
    26 3.859703 -0.142403 -1.191975 -0.454210 0.125457 -0.727588
    27 1.312565 0.000001 0.000004 -0.168575 0.310524 -0.695408
    28 0.729362 0.000002 0.000004 -0.168573 0.310526 -0.538329
    29 3.942326 0.046774 -0.431438 -0.180316 0.236513 -0.665164
    30 1.539093 0.000001 0.000000 -0.102742 0.185414 -0.715744
    31 1.196320 -0.000001 0.000004 -0.102742 0.185423 -0.539053
    32 3.883686 -0.046767 0.431446 0.132500 0.038417 -0.577108
    33 1.719570 0.000002 0.000004 -0.032705 0.058460 -0.470191
    34 1.209183 -0.000001 -0.000004 -0.032705 0.058461 -0.411278
    35 3.859859 -0.137950 1.332462 0.521871 -0.068642 -0.464350
    36 1.719429 0.000002 0.000000 0.068757 -0.123348 -0.545076
    37 1.099670 0.000001 0.000004 0.068746 -0.123345 -0.270165
    38 0.806049 -0.348922 1.321259 -0.826856 -0.289358 -0.678288
    39 1.789787 0.000000 0.000004 0.030440 0.074684 0.204409
    40 1.207001 0.000000 -0.000004 0.004901 0.032015 0.303799
    41 3.859665 -0.132565 1.193108 0.154238 -0.057257 -1.683865
    42 1.312561 0.000000 0.000000 0.000000 0.000000 -0.627085
    43 0.729366 0.000002 0.000000 0.000000 0.000000 -1.021394
    44 3.942291 0.050330 0.431042 0.020416 -0.074382 -1.517442
    45 1.539097 0.000003 0.000000 0.000000 0.000000 -0.806822
    46 1.196320 0.000000 0.000000 0.000000 0.000000 -1.303469
    47 3.883648 -0.050325 -0.431044 -0.127900 -0.099350 -0.936274
    48 1.719574 -0.000005 0.000000 0.000000 0.000000 -1.100726
    49 1.209183 -0.000001 0.000000 0.000000 0.000000 -1.091479
    50 3.859825 -0.148935 -1.331284 -0.351999 -0.088877 -0.797488
    51 1.719425 0.000000 0.000000 -0.000007 0.000000 -0.997181
    52 1.099663 0.000000 0.000000 0.000000 0.000000 -1.420907
    53 0.806015 -0.359835 -1.318335 1.372063 0.323488 -0.797750
    54 1.789780 0.000001 0.000000 0.000000 0.000000 0.612641
    55 1.207001 0.000000 0.000004 0.000000 0.000000 0.666342
    56 5.671875 -2.029297 -5.722656 1.991476 0.082321 -2.001942
  time 23
    0 1.540667 -0.335943 36.918430 1.580906 0.042049 0.068692
    1 -0.124999 3.345128 -2.981903 1.570644 0.125270 1.598195
    2 4.018331 0.000000 0.000000 0.002593 0.052732 0.025851
    3 3.518564 0.000000 0.000000 0.001955 0.022303 0.133089
    4 8.942642 0.000000 0.000000 -0.016963 -0.046165 0.237407
    5 3.307269 0.000000 -0.000004 3.138800 0.000567 0.400476
    6 3.593710 -0.000001 -0.000004 -0.067170 -0.058018 0.499247
    7 1.999994 -3.000001 0.000004 -1.570793 0.000002 -1.326448
    8 2.033349 1.000771 -1.937607 -1.052543 1.179276 -2.734533
    9 6.028143 0.000002 -0.000004 0.900034 0.023366 -1.112296
    10 11.692545 0.000000 0.000000 -0.000011 0.000000 -0.265915
    11 11.481701 0.000000 0.000000 -0.751047 0.006970 0.171310
    12 2.676086 -1.712440 0.000000 -1.570793 0.000001 -1.570793
    13 2.033341 1.000767 1.937660 1.825883 -1.291032 2.703903
    14 6.028140 0.000002 0.000000 -1.424185 -0.209908 -0.998202
    15 11.692553 0.000000 0.000011 -0.000013 0.000000 -0.364439
    16 11.481667 0.000000 -0.000031 1.991742 0.050384 0.021281
    17 2.676086 -1.712440 0.000004 1.570793 0.000005 1.570793
    18 -3.890452 0.000004 0.000004 -1.188018 -0.381715 -1.529642
    19 17.848171 0.000000 0.000004 0.000009 0.000000 0.235531
    20 16.525251 0.000000 0.000004 -0.163575 0.030596 -1.087266
    21 6.879454 0.000000 0.000008 -0.081759 -0.002882 -0.545108
    22 3.890452 -0.000004 -0.000004 -1.567382 0.190334 -1.449370
    23 17.848175 0.000000 -0.000004 0.000010 0.000000 0.542035
    24 16.525246 0.000000 0.000004 -0.152658 0.016764 -1.021812
    25 6.879452 0.000000 0.000000 -0.002997 -0.002956 -1.183657
    26 3.859703 -0.142403 -1.191975 -0.454210 0.125457 -0.727588
    27 1.312565 0.000001 0.000004 -0.168575 0.310524 -0.695408
    28 0.729362 0.000002 0.000004 -0.168573 0.310526 -0.538329
    29 3.942326 0.046774 -0.431438 -0.180316 0.236513 -0.665164
    30 1.539093 0.000001 0.000000 -0.102742 0.185414 -0.715744
    31 1.196320 -0.000001 0.000004 -0.102742 0.185423 -0.539053
    32 3.883686 -0.046767 0.431446 0.132500 0.038417 -0.577108
    33 1.719570 0.000002 0.000004 -0.032705 0.058460 -0.470191
    34 1.209183 -0.000001 -0.000004 -0.032705 0.058461 -0.411278
    35 3.859859 -0.137950 1.332462 0.521871 -0.068642 -0.464350
    36 1.719429 0.000002 0.000000 0.068757 -0.123348 -0.545076
    37 1.099670 0.000001 0.000004 0.068746 -0.123345 -0.270165
    38 0.806049 -0.348922 1.321259 -0.826856 -0.289358 -0.678288
    39 1.789787 0.000000 0.000004 0.030440 0.074684 0.204409
    40 1.207001 0.000000 -0.000004 0.004901 0.032015 0.303799
    41 3.859665 -0.132565 1.193108 0.154238 -0.057257 -1.683865
    42 1.312561 0.000000 0.000000 0.000000 0.000000 -0.627085
    43 0.729366 0.000002 0.000000 0.000000 0.000000 -1.021394
    44 3.942291 0.050330 0.431042 0.020416 -0.074382 -1.517442
    45 1.539097 0.000003 0.000000 0.000000 0.000000 -0.806822
    46 1.196320 0.000000 0.000000 0.000000 0.000000 -1.303469
    47 3.883648 -0.050325 -0.431044 -0.127900 -0.099350 -0.936274
    48 1.719574 -0.000005 0.000000 0.000000 0.000000 -1.100726
    49 1.209183 -0.000001 0.000000 0.000000 0.000000 -1.091479
    50 3.859825 -0.148935 -1.331284 -0.351999 -0.088877 -0.797488
    51 1.719425 0.000000 0.000000 -0.000007 0.000000 -0.997181
    52 1.099663 0.000000 0.000000 0.000000 0.000000 -1.420907
    53 0.806015 -0.359835 -1.318335 1.372063 0.323488 -0.797750
    54 1.789780 0.000001 0.000000 0.000000 0.000000 0.612641
    55 1.207001 0.000000 0.000004 0.000000 0.000000 0.666342
    56 5.671875 -2.029297 -5.722656 1.991476 0.082321 -2.001942
  time 24
    0 1.478165 -0.335943 36.836396 1.580906 0.042049 0.069373
    1 -0.124999 3.345128 -2.981903 1.570693 0.125270 1.593149
    2 4.018331 0.000000 0.000000 0.003079 0.061349 0.025671
    3 3.518564 0.000000 0.000000 0.003321 0.025971 0.133496
    4 8.942642 0.000000 0.000000 -0.018224 -0.052013 0.243631
    5 3.307269 0.000000 -0.000004 3.138800 0.000567 0.400476
    6 3.593710 -0.000001 -0.000004 -0.067170 -0.058018 0.499247
    7 1.999994 -3.000001 0.000004 -1.570793 0.000002 -1.326448
    8 2.033349 1.000771 -1.937607 -1.058109 1.180400 -2.740547
    9 6.028143 0.000002 -0.000004 0.906835 0.027463 -1.110600
    10 11.692545 0.000000 0.000000 -0.000011 0.000000 -0.273018
    11 11.481701 0.000000 0.000000 -0.751047 0.006970 0.171310
    12 2.676086 -1.712440 0.000000 -1.570793 0.000001 -1.570793
    13 2.033341 1.000767 1.937660 1.816777 -1.292435 2.713525
    14 6.028140 0.000002 0.000000 -1.418339 -0.180092 -1.004992
    15 11.692553 0.000000 0.000011 -0.000013 0.000000 -0.416472
    16 11.481667 0.000000 -0.000031 1.991742 0.050384 0.021281
    17 2.676086 -1.712440 0.000004 1.570793 0.000005 1.570793
    18 -3.890452 0.000004 0.000004 -1.184950 -0.423528 -1.560007
    19 17.848171 0.000000 0.000004 0.000009 0.000000 0.413133
    20 16.525251 0.000000 0.000004 -0.143349 0.054653 -1.059566
    21 6.879454 0.000000 0.000008 -0.081388 -0.002966 -0.582453
    22 3.890452 -0.000004 -0.000004 -1.576683 0.134119 -1.428129
    23 17.848175 0.000000 -0.000004 0.000010 0.000000 0.694478
    24 16.525246 0.000000 0.000004 -0.136421 0.075299 -0.889230
    25 6.879452 0.000000 0.000000 -0.002889 -0.002824 -1.194647
    26 3.859703 -0.142403 -1.191975 -0.454210 0.125457 -0.727588
    27 1.312565 0.000001 0.000004 -0.168575 0.310524 -0.695408
    28 0.729362 0.000002 0.000004 -0.168573 0.310526 -0.538329
    29 3.942326 0.046774 -0.431438 -0.180316 0.236513 -0.665164
    30 1.539093 0.000001 0.000000 -0.102742 0.185414 -0.715744
    31 1.196320 -0.000001 0.000004 -0.102742 0.185423 -0.539053
    32 3.883686 -0.046767 0.431446 0.132500 0.038417 -0.577108
    33 1.719570 0.000002 0.000004 -0.032705 0.058460 -0.470191
    34 1.209183 -0.000001 -0.000004 -0.032705 0.058461 -0.411278
    35 3.859859 -0.137950 1.332462 0.521871 -0.068642 -0.464350
    36 1.719429 0.000002 0.000000 0.068757 -0.123348 -0.545076
    37 1.099670 0.000001 0.000004 0.068746 -0.123345 -0.270165
    38 0.806049 -0.348922 1.321259 -0.826856 -0.289358 -0.678288
    39 1.789787 0.000000 0.000004 0.030440 0.074684 0.204409
    40 1.207001 0.000000 -0.000004 0.004901 0.032015 0.303799
    41 3.859665 -0.132565 1.193108 0.154238 -0.057257 -1.683865
    42 1.312561 0.000000 0.000000 0.000000 0.000000 -0.627085
    43 0.729366 0.000002 0.000000 0.000000 0.000000 -1.021394
    44 3.942291 0.050330 0.431042 0.020416 -0.074382 -1.517442
    45 1.539097 0.000003 0.000000 0.000000 0.000000 -0.806822
    46 1.196320 0.000000 0.000000 0.000000 0.000000 -1.303469
    47 3.883648 -0.050325 -0.431044 -0.127900 -0.099350 -0.936274
    48 1.719574 -0.000005 0.000000 0.000000 0.000000 -1.100726
    49 1.209183 -0.000001 0.000000 0.000000 0.000000 -1.091479
    50 3.859825 -0.148935 -1.331284 -0.351999 -0.088877 -0.797488
    51 1.719425 0.000000 0.000000 -0.000007 0.000000 -0.997181
    52 1.099663 0.000000 0.000000 0.000000 0.000000 -1.420907
    53 0.806015 -0.359835 -1.318335 1.372105 0.323488 -0.797750
    54 1.789780 0.000001 0.000000 0.000000 0.000000 0.612641
    55 1.207001 0.000000 0.000004 0.000000 0.000000 0.666342
    56 5.671875 -2.029297 -5.722656 1.991476 0.082321 -2.001942
  time 25
    0 1.411757 -0.335943 36.859834 1.580906 0.042049 0.067178
    1 -0.124999 3.345128 -2.981903 1.570742 0.125258 1.588153
    2 4.018331 0.000000 0.000000 0.004388 0.068744 0.026354
    3 3.518564 0.000000 0.000000 0.005586 0.029003 0.134419
    4 8.942642 0.000000 0.000000 -0.019269 -0.057466 0.249378
    5 3.307269 0.000000 -0.000004 3.138800 0.000567 0.400476
    6 3.593710 -0.000001 -0.000004 -0.067170 -0.058018 0.499247
    7 1.999994 -3.000001 0.000004 -1.570793 0.000002 -1.326448
    8 2.033349 1.000771 -1.937607 -1.073879 1.183612 -2.757636
    9 6.028143 0.000002 -0.000004 0.914554 0.034421 -1.102649
    10 11.692545 0.000000 0.000000 -0.000011 0.000000 -0.292289
    11 11.481701 0.000000 0.000000 -0.751047 0.006970 0.171310
    12 2.676086 -1.712440 0.000000 -1.570793 0.000001 -1.570793
    13 2.033341 1.000767 1.937660 1.790654 -1.296307 2.740773
    14 6.028140 0.000002 0.000000 -1.408518 -0.143361 -1.014554
    15 11.692553 0.000000 0.000011 -0.000013 0.000000 -0.471582
    16 11.481667 0.000000 -0.000031 1.991742 0.050384 0.021281
    17 2.676086 -1.712440 0.000004 1.570793 0.000005 1.570793
    18 -3.890452 0.000004 0.000004 -1.195571 -0.411321 -1.567487
    19 17.848171 0.000000 0.000004 0.000009 0.000000 0.502681
    20 16.525251 0.000000 0.000004 -0.124643 0.058236 -1.111798
    21 6.879454 0.000000 0.000008 -0.081232 -0.003097 -0.611326
    22 3.890452 -0.000004 -0.000004 -1.588023 0.135507 -1.409018
    23 17.848175 0.000000 -0.000004 0.000010 0.000000 0.723589
    24 16.525246 0.000000 0.000004 -0.108514 0.119259 -0.732894
    25 6.879452 0.000000 0.000000 -0.002997 -0.002860 -1.174190
    26 3.859703 -0.142403 -1.191975 -0.454210 0.125457 -0.727588
    27 1.312565 0.000001 0.000004 -0.168575 0.310524 -0.695408
    28 0.729362 0.000002 0.000004 -0.168573 0.310526 -0.538329
    29 3.942326 0.046774 -0.431438 -0.180316 0.236513 -0.665164
    30 1.539093 0.000001 0.000000 -0.102730 0.185414 -0.715744
    31 1.196320 -0.000001 0.000004 -0.102742 0.185423 -0.539053
    32 3.883686 -0.046767 0.431446 0.132500 0.038417 -0.577108
    33 1.719570 0.000002 0.000004 -0.032705 0.058460 -0.470191
    34 1.209183 -0.000001 -0.000004 -0.032705 0.058461 -0.411278
    35 3.859859 -0.137950 1.332462 0.521871 -0.068642 -0.464350
    36 1.719429 0.000002 0.000000 0.068757 -0.123348 -0.545076
    37 1.099670 0.000001 0.000004 0.068746 -0.123333 -0.270165
    38 0.806049 -0.348922 1.321259 -0.826856 -0.289358 -0.678288
    39 1.789787 0.000000 0.000004 0.030440 0.074684 0.204409
    40 1.207001 0.000000 -0.000004 0.004901 0.032015 0.303799
    41 3.859665 -0.132565 1.193108 0.154238 -0.057257 -1.683865
    42 1.312561 0.000000 0.000000 0.000000 0.000000 -0.627085
    43 0.729366 0.000002 0.000000 0.000000 0.000000 -1.021394
    44 3.942291 0.050330 0.431042 0.020416 -0.074382 -1.517442
    45 1.539097 0.000003 0.000000 0.000000 0.000000 -0.806822
    46 1.196320 0.000000 0.000000 0.000000 0.000000 -1.303469
    47 3.883648 -0.050325 -0.431044 -0.127900 -0.099350 -0.936274
    48 1.719574 -0.000005 0.000000 0.000000 0.000000 -1.100726
    49 1.209183 -0.000001 0.000000 0.000000 0.000000 -1.091479
    50 3.859825 -0.148935 -1.331284 -0.351999 -0.088877 -0.797488
    51 1.719425 0.000000 0.000000 -0.000007 0.000000 -0.997181
    52 1.099663 0.000000 0.000000 0.000000 0.000000 -1.420907
    53 0.806015 -0.359835 -1.318335 1.372063 0.323488 -0.797750
    54 1.789780 0.000001 0.000000 0.000000 0.000000 0.612641
    55 1.207001 0.000000 0.000004 0.000000 0.000000 0.666342
    56 5.671875 -2.029297 -5.722656 1.991476 0.082321 -2.001942
  time 26
    0 1.357068 -0.335943 36.957493 1.580906 0.042049 0.061878
    1 -0.124999 3.345128 -2.981903 1.570693 0.125246 1.583552
    2 4.018331 0.000000 0.000000 0.006519 0.074269 0.027696
    3 3.518564 0.000000 0.000000 0.008678 0.031268 0.135714
    4 8.942642 0.000000 0.000000 -0.020008 -0.062116 0.254143
    5 3.307269 0.000000 -0.000004 3.138800 0.000567 0.400476
    6 3.593710 -0.000001 -0.000004 -0.067170 -0.058018 0.499247
    7 1.999994 -3.000001 0.000004 -1.570793 0.000002 -1.326448
    8 2.033349 1.000771 -1.937607 -1.098926 1.188310 -2.784653
    9 6.028143 0.000002 -0.000004 0.922458 0.044621 -1.090421
    10 11.692545 0.000000 0.000000 -0.000011 0.000000 -0.317611
    11 11.481701 0.000000 0.000000 -0.751047 0.006970 0.171310
    12 2.676086 -1.712440 0.000000 -1.570793 0.000001 -1.570793
    13 2.033341 1.000767 1.937660 1.748633 -1.301872 2.784409
    14 6.028140 0.000002 0.000000 -1.395247 -0.102819 -1.026028
    15 11.692553 0.000000 0.000011 -0.000013 0.000000 -0.522565
    16 11.481667 0.000000 -0.000031 1.991742 0.050384 0.021281
    17 2.676086 -1.712440 0.000004 1.570793 0.000005 1.570793
    18 -3.890452 0.000004 0.000004 -1.212977 -0.374300 -1.563459
    19 17.848171 0.000000 0.000004 0.000009 0.000000 0.544689
    20 16.525251 0.000000 0.000004 -0.108890 0.055151 -1.188814
    21 6.879454 0.000000 0.000008 -0.081232 -0.003097 -0.611326
    22 3.890452 -0.000004 -0.000004 -1.597323 0.111986 -1.400219
    23 17.848175 0.000000 -0.000004 0.000010 0.000000 0.756269
    24 16.525246 0.000000 0.000004 -0.088250 0.139240 -0.628650
    25 6.879452 0.000000 0.000000 -0.003260 -0.002812 -1.108537
    26 3.859703 -0.142403 -1.191975 -0.454210 0.125457 -0.727588
    27 1.312565 0.000001 0.000004 -0.168575 0.310524 -0.695408
    28 0.729362 0.000002 0.000004 -0.168573 0.310526 -0.538329
    29 3.942326 0.046774 -0.431438 -0.180316 0.236513 -0.665164
    30 1.539093 0.000001 0.000000 -0.102742 0.185414 -0.715744
    31 1.196320 -0.000001 0.000004 -0.102742 0.185423 -0.539053
    32 3.883686 -0.046767 0.431446 0.132500 0.038417 -0.577108
    33 1.719570 0.000002 0.000004 -0.032705 0.058460 -0.470191
    34 1.209183 -0.000001 -0.000004 -0.032705 0.058461 -0.411278
    35 3.859859 -0.137950 1.332462 0.521871 -0.068642 -0.464350
    36 1.719429 0.000002 0.000000 0.068757 -0.123348 -0.545076
    37 1.099670 0.000001 0.000004 0.068746 -0.123345 -0.270165
    38 0.806049 -0.348922 1.321259 -0.826856 -0.289358 -0.678288
    39 1.789787 0.000000 0.000004 0.030440 0.074684 0.204409
    40 1.207001 0.000000 -0.000004 0.004901 0.032015 0.303799
    41 3.859665 -0.132565 1.193108 0.154238 -0.057257 -1.683865
    42 1.312561 0.000000 0.000000 0.000000 0.000000 -0.627085
    43 0.729366 0.000002 0.000000 0.000000 0.000000 -1.021394
    44 3.942291 0.050330 0.431042 0.020416 -0.074382 -1.517442
    45 1.539097 0.000003 0.000000 0.000000 0.000000 -0.806822
    46 1.196320 0.000000 0.000000 0.000000 0.000000 -1.303469
    47 3.883648 -0.050325 -0.431044 -0.127900 -0.099350 -0.936274
    48 1.719574 -0.000005 0.000000 0.000000 0.000000 -1.100726
    49 1.209183 -0.000001 0.000000 0.000000 0.000000 -1.091479
    50 3.859825 -0.148935 -1.331284 -0.351999 -0.088877 -0.797488
    51 1.719425 0.000000 0.000000 -0.000007 0.000000 -0.997181
    52 1.099663 0.000000 0.000000 0.000000 0.000000 -1.420907
    53 0.806015 -0.359835 -1.318335 1.372063 0.323488 -0.797750
    54 1.789780 0.000001 0.000000 0.000000 0.000000 0.612641
    55 1.207001 0.000000 0.000004 0.000000 0.000000 0.666342
    56 5.671875 -2.029297 -5.722656 1.991476 0.082321 -2.001942
  time 27
    0 1.306285 -0.335943 37.156718 1.580851 0.042049 0.054231
    1 -0.124999 3.345128 -2.981903 1.570644 0.125222 1.579793
    2 4.018331 0.000000 0.000000 0.009511 0.077828 0.029530
    3 3.518564 0.000000 0.000000 0.012513 0.032586 0.137176
    4 8.942642 0.000000 0.000000 -0.020352 -0.065580 0.257662
    5 3.307269 0.000000 -0.000004 3.138800 0.000567 0.400476
    6 3.593710 -0.000001 -0.000004 -0.067170 -0.058018 0.499247
    7 1.999994 -3.000001 0.000004 -1.570793 0.000002 -1.326448
    8 2.033349 1.000771 -1.937607 -1.132043 1.194011 -2.820167
    9 6.028143 0.000002 -0.000004 0.930637 0.058919 -1.075296
    10 11.692545 0.000000 0.000000 -0.000011 0.000000 -0.342802
    11 11.481701 0.000000 0.000000 -0.751047 0.006970 0.171310
    12 2.676086 -1.712440 0.000000 -1.570793 0.000001 -1.570793
    13 2.033341 1.000767 1.937660 1.692057 -1.308260 2.843193
    14 6.028140 0.000002 0.000000 -1.378411 -0.061231 -1.039219
    15 11.692553 0.000000 0.000011 -0.000013 0.000000 -0.564387
    16 11.481667 0.000000 -0.000031 1.991742 0.050384 0.021281
    17 2.676086 -1.712440 0.000004 1.570793 0.000005 1.570793
    18 -3.890452 0.000004 0.000004 -1.234337 -0.316229 -1.551889
    19 17.848171 0.000000 0.000004 0.000009 0.000000 0.540802
    20 16.525251 0.000000 0.000004 -0.093508 0.052050 -1.243560
    21 6.879454 0.000000 0.000008 -0.081232 -0.003097 -0.611402
    22 3.890452 -0.000004 -0.000004 -1.599934 -0.001412 -1.408399
    23 17.848175 0.000000 -0.000004 0.000010 0.000000 0.874655
    24 16.525246 0.000000 0.000004 -0.096391 0.129150 -0.636849
    25 6.879452 0.000000 0.000000 -0.003512 -0.002536 -1.026172
    26 3.859703 -0.142403 -1.191975 -0.454210 0.125457 -0.727588
    27 1.312565 0.000001 0.000004 -0.168575 0.310524 -0.695408
    28 0.729362 0.000002 0.000004 -0.168573 0.310526 -0.538329
    29 3.942326 0.046774 -0.431438 -0.180316 0.236513 -0.665164
    30 1.539093 0.000001 0.000000 -0.102742 0.185414 -0.715744
    31 1.196320 -0.000001 0.000004 -0.102742 0.185423 -0.539053
    32 3.883686 -0.046767 0.431446 0.132500 0.038417 -0.577108
    33 1.719570 0.000002 0.000004 -0.032705 0.058460 -0.470191
    34 1.209183 -0.000001 -0.000004 -0.032705 0.058461 -0.411278
    35 3.859859 -0.137950 1.332462 0.521871 -0.068642 -0.464350
    36 1.719429 0.000002 0.000000 0.068757 -0.123348 -0.545076
    37 1.099670 0.000001 0.000004 0.068746 -0.123345 -0.270165
    38 0.806049 -0.348922 1.321259 -0.826856 -0.289358 -0.678288
    39 1.789787 0.000000 0.000004 0.030440 0.074684 0.204409
    40 1.207001 0.000000 -0.000004 0.004901 0.032015 0.303799
    41 3.859665 -0.132565 1.193108 0.154238 -0.057257 -1.683865
    42 1.312561 0.000000 0.000000 0.000000 0.000000 -0.627085
    43 0.729366 0.000002 0.000000 0.000000 0.000000 -1.021394
    44 3.942291 0.050330 0.431042 0.020416 -0.074382 -1.517442
    45 1.539097 0.000003 0.000000 0.000000 0.000000 -0.806822
    46 1.196320 0.000000 0.000000 0.000000 0.000000 -1.303469
    47 3.883648 -0.050325 -0.431044 -0.127900 -0.099350 -0.936274
    48 1.719574 -0.000005 0.000000 0.000000 0.000000 -1.100726
    49 1.209183 -0.000001 0.000000 0.000000 0.000000 -1.091479
    50 3.859825 -0.148935 -1.331284 -0.351999 -0.088877 -0.797488
    51 1.719425 0.000000 0.000000 -0.000007 0.000000 -0.997181
    52 1.099663 0.000000 0.000000 0.000000 0.000000 -1.420907
    53 0.806015 -0.359835 -1.318335 1.372063 0.323488 -0.797750
    54 1.789780 0.000001 0.000000 0.000000 0.000000 0.612641
    55 1.207001 0.000000 0.000004 0.000000 0.000000 0.666342
    56 5.671875 -2.029297 -5.722656 1.991476 0.082321 -2.001942
  time 28
    0 1.263315 -0.335943 37.441883 1.580851 0.042049 0.045222
    1 -0.124999 3.345128 -2.981903 1.570596 0.125222 1.577121
    2 4.018331 0.000000 0.000000 0.013306 0.079614 0.031675
    3 3.518564 0.000000 0.000000 0.017032 0.032850 0.138638
    4 8.942642 0.000000 0.000000 -0.020480 -0.068084 0.259982
    5 3.307269 0.000000 -0.000004 3.138800 0.000567 0.400476
    6 3.593710 -0.000001 -0.000004 -0.067170 -0.058018 0.499247
    7 1.999994 -3.000001 0.000004 -1.570793 0.000002 -1.326448
    8 2.033349 1.000771 -1.937607 -1.172210 1.200114 -2.863318
    9 6.028143 0.000002 -0.000004 0.939551 0.077612 -1.058934
    10 11.692545 0.000000 0.000000 -0.000011 0.000000 -0.363125
    11 11.481701 0.000000 0.000000 -0.751047 0.006970 0.171310
    12 2.676086 -1.712440 0.000000 -1.570793 0.000001 -1.570793
    13 2.033341 1.000767 1.937660 1.622196 -1.314599 2.915506
    14 6.028140 0.000002 0.000000 -1.357891 -0.020824 -1.052995
    15 11.692553 0.000000 0.000011 -0.000013 0.000000 -0.594041
    16 11.481667 0.000000 -0.000031 1.991742 0.050384 0.021281
    17 2.676086 -1.712440 0.000004 1.570793 0.000005 1.570793
    18 -3.890452 0.000004 0.000004 -1.256818 -0.237451 -1.535203
    19 17.848171 0.000000 0.000004 0.000009 0.000000 0.491244
    20 16.525251 0.000000 0.000004 -0.078445 0.049111 -1.272969
    21 6.879454 0.000000 0.000008 -0.081232 -0.003097 -0.611554
    22 3.890452 -0.000004 -0.000004 -1.596100 -0.106689 -1.435622
    23 17.848175 0.000000 -0.000004 0.000010 0.000000 0.947089
    24 16.525246 0.000000 0.000004 -0.133976 0.077360 -0.803435
    25 6.879452 0.000000 0.000000 -0.003847 -0.002512 -0.955745
    26 3.859703 -0.142403 -1.191975 -0.454210 0.125457 -0.727588
    27 1.312565 0.000001 0.000004 -0.168575 0.310524 -0.695408
    28 0.729362 0.000002 0.000004 -0.168573 0.310526 -0.538329
    29 3.942326 0.046774 -0.431438 -0.180316 0.236513 -0.665164
    30 1.539093 0.000001 0.000000 -0.102742 0.185414 -0.715744
    31 1.196320 -0.000001 0.000004 -0.102742 0.185423 -0.539053
    32 3.883686 -0.046767 0.431446 0.132500 0.038417 -0.577108
    33 1.719570 0.000002 0.000004 -0.032705 0.058460 -0.470191
    34 1.209183 -0.000001 -0.000004 -0.032705 0.058461 -0.411278
    35 3.859859 -0.137950 1.332462 0.521871 -0.068642 -0.464350
    36 1.719429 0.000002 0.000000 0.068757 -0.123348 -0.545076
    37 1.099670 0.000001 0.000004 0.068746 -0.123345 -0.270165
    38 0.806049 -0.348922 1.321259 -0.826856 -0.289358 -0.678288
    39 1.789787 0.000000 0.000004 0.030440 0.074684 0.204409
    40 1.207001 0.000000 -0.000004 0.004901 0.032015 0.303799
    41 3.859665 -0.132565 1.193108 0.154238 -0.057257 -1.683865
    42 1.312561 0.000000 0.000000 0.000000 0.000000 -0.627085
    43 0.729366 0.000002 0.000000 0.000000 0.000000 -1.021394
    44 3.942291 0.050330 0.431042 0.020416 -0.074382 -1.517442
    45 1.539097 0.000003 0.000000 0.000000 0.000000 -0.806822
    46 1.196320 0.000000 0.000000 0.000000 0.000000 -1.303469
    47 3.883648 -0.050325 -0.431044 -0.127900 -0.099350 -0.936274
    48 1.719574 -0.000005 0.000000 0.000000 0.000000 -1.100726
    49 1.209183 -0.000001 0.000000 0.000000 0.000000 -1.091479
    50 3.859825 -0.148935 -1.331284 -0.351999 -0.088877 -0.797488
    51 1.719425 0.000000 0.000000 -0.000007 0.000000 -0.997181
    52 1.099663 0.000000 0.000000 0.000000 0.000000 -1.420907
    53 0.806015 -0.359835 -1.318335 1.372063 0.323488 -0.797750
    54 1.789780 0.000001 0.000000 0.000000 0.000000 0.612641
    55 1.207001 0.000000 0.000004 0.000000 0.000000 0.666342
    56 5.671875 -2.029297 -5.722656 1.991476 0.082321 -2.001942
  time 29
    0 1.243783 -0.335943 37.734861 1.580797 0.042049 0.035455
    1 -0.124999 3.345128 -2.981903 1.570498 0.125210 1.575439
    2 4.018331 0.000000 0.000000 0.017812 0.080273 0.033689
    3 3.518564 0.000000 0.000000 0.022101 0.032155 0.139920
    4 8.942642 0.000000 0.000000 -0.020492 -0.070122 0.261181
    5 3.307269 0.000000 -0.000004 3.138800 0.000567 0.400476
    6 3.593710 -0.000001 -0.000004 -0.067170 -0.058018 0.499247
    7 1.999994 -3.000001 0.000004 -1.570793 0.000002 -1.326448
    8 2.033349 1.000771 -1.937607 -1.218036 1.206097 -2.912578
    9 6.028143 0.000002 -0.000004 0.948925 0.100262 -1.042007
    10 11.692545 0.000000 0.000000 -0.000011 0.000000 -0.375688
    11 11.481701 0.000000 0.000000 -0.751047 0.006970 0.171310
    12 2.676086 -1.712440 0.000000 -1.570793 0.000001 -1.570793
    13 2.033341 1.000767 1.937660 1.541139 -1.320116 2.999251
    14 6.028140 0.000002 0.000000 -1.333747 0.016649 -1.067044
    15 11.692553 0.000000 0.000011 -0.000013 0.000000 -0.609287
    16 11.481667 0.000000 -0.000031 1.991742 0.050384 0.021281
    17 2.676086 -1.712440 0.000004 1.570793 0.000005 1.570793
    18 -3.890452 0.000004 0.000004 -1.277765 -0.142901 -1.516792
    19 17.848171 0.000000 0.000004 0.000009 0.000000 0.404985
    20 16.525251 0.000000 0.000004 -0.063629 0.046610 -1.276940
    21 6.879454 0.000000 0.000008 -0.081208 -0.003097 -0.612846
    22 3.890452 -0.000004 -0.000004 -1.595936 -0.214406 -1.457001
    23 17.848175 0.000000 -0.000004 0.000010 0.000000 0.991789
    24 16.525246 0.000000 0.000004 -0.152556 0.021665 -0.947472
    25 6.879452 0.000000 0.000000 -0.004746 -0.002572 -0.811143
    26 3.859703 -0.142403 -1.191975 -0.454210 0.125457 -0.727588
    27 1.312565 0.000001 0.000004 -0.168575 0.310524 -0.695408
    28 0.729362 0.000002 0.000004 -0.168573 0.310526 -0.538329
    29 3.942326 0.046774 -0.431438 -0.180316 0.236513 -0.665164
    30 1.539093 0.000001 0.000000 -0.102742 0.185414 -0.715744
    31 1.196320 -0.000001 0.000004 -0.102742 0.185423 -0.539053
    32 3.883686 -0.046767 0.431446 0.132500 0.038417 -0.577108
    33 1.719570 0.000002 0.000004 -0.032705 0.058460 -0.470191
    34 1.209183 -0.000001 -0.000004 -0.032705 0.058461 -0.411278
    35 3.859859 -0.137950 1.332462 0.521871 -0.068642 -0.464350
    36 1.719429 0.000002 0.000000 0.068757 -0.123348 -0.545076
    37 1.099670 0.000001 0.000004 0.068746 -0.123345 -0.270165
    38 0.806049 -0.348922 1.321259 -0.826856 -0.289358 -0.678288
    39 1.789787 0.000000 0.000004 0.030440 0.074684 0.204409
    40 1.207001 0.000000 -0.000004 0.004901 0.032015 0.303799
    41 3.859665 -0.132565 1.193108 0.154238 -0.057257 -1.683865
    42 1.312561 0.000000 0.000000 0.000000 0.000000 -0.627085
    43 0.729366 0.000002 0.000000 0.000000 0.000000 -1.021394
    44 3.942291 0.050330 0.431042 0.020416 -0.074382 -1.517442
    45 1.539097 0.000003 0.000000 0.000000 0.000000 -0.806822
    46 1.196320 0.000000 0.000000 0.000000 0.000000 -1.303469
    47 3.883648 -0.050325 -0.431044 -0.127900 -0.099350 -0.936274
    48 1.719574 -0.000005 0.000000 0.000000 0.000000 -1.100726
    49 1.209183 -0.000001 0.000000 0.000000 0.000000 -1.091479
    50 3.859825 -0.148935 -1.331284 -0.351999 -0.088877 -0.797488
    51 1.719425 0.000000 0.000000 -0.000007 0.000000 -0.997181
    52 1.099663 0.000000 0.000000 0.000000 0.000000 -1.420907
    53 0.806015 -0.359835 -1.318335 1.372063 0.323488 -0.797750
    54 1.789780 0.000001 0.000000 0.000000 0.000000 0.612641
    55 1.207001 0.000000 0.000004 0.000000 0.000000 0.666342
    56 5.671875 -2.029297 -5.722656 1.991476 0.082321 -2.001942
  time 30
    0 1.232064 -0.335943 37.961430 1.580742 0.042049 0.025764
    1 -0.124999 3.345128 -2.981903 1.570401 0.125210 1.574796
    2 4.018331 0.000000 0.000000 0.022972 0.080189 0.035235
    3 3.518564 0.000000 0.000000 0.027686 0.030645 0.140879
    4 8.942642 0.000000 0.000000 -0.020441 -0.071596 0.261304
    5 3.307269 0.000000 -0.000004 3.138800 0.000567 0.400476
    6 3.593710 -0.000001 -0.000004 -0.067170 -0.058018 0.499247
    7 1.999994 -3.000001 0.000004 -1.570793 0.000002 -1.326448
    8 2.033349 1.000771 -1.937607 -1.268222 1.211557 -2.966135
    9 6.028143 0.000002 -0.000004 0.959034 0.125737 -1.025009
    10 11.692545 0.000000 0.000000 -0.000011 0.000000 -0.379042
    11 11.481701 0.000000 0.000000 -0.751047 0.006970 0.171310
    12 2.676086 -1.712440 0.000000 -1.570793 0.000001 -1.570793
    13 2.033341 1.000767 1.937660 1.451947 -1.323987 3.091191
    14 6.028140 0.000002 0.000000 -1.306096 0.049737 -1.080977
    15 11.692553 0.000000 0.000011 -0.000013 0.000000 -0.608867
    16 11.481667 0.000000 -0.000031 1.991802 0.050384 0.021281
    17 2.676086 -1.712440 0.000004 1.570793 0.000005 1.570793
    18 -3.890452 0.000004 0.000004 -1.295112 -0.049121 -1.501961
    19 17.848171 0.000000 0.000004 0.000009 0.000000 0.317679
    20 16.525251 0.000000 0.000004 -0.049007 0.044782 -1.266584
    21 6.879454 0.000000 0.000008 -0.081028 -0.003109 -0.629068
    22 3.890452 -0.000004 -0.000004 -1.600831 -0.325616 -1.466144
    23 17.848175 0.000000 -0.000004 0.000010 0.000000 1.012011
    24 16.525246 0.000000 0.000004 -0.155250 -0.013073 -0.983708
    25 6.879452 0.000000 0.000000 -0.005441 -0.002380 -0.690457
    26 3.859703 -0.142403 -1.191975 -0.454210 0.125457 -0.727588
    27 1.312565 0.000001 0.000004 -0.168575 0.310524 -0.695408
    28 0.729362 0.000002 0.000004 -0.168573 0.310526 -0.538329
    29 3.942326 0.046774 -0.431438 -0.180316 0.236513 -0.665164
    30 1.539093 0.000001 0.000000 -0.102742 0.185414 -0.715744
    31 1.196320 -0.000001 0.000004 -0.102742 0.185423 -0.539053
    32 3.883686 -0.046767 0.431446 0.132500 0.038417 -0.577108
    33 1.719570 0.000002 0.000004 -0.032705 0.058460 -0.470191
    34 1.209183 -0.000001 -0.000004 -0.032705 0.058461 -0.411278
    35 3.859859 -0.137950 1.332462 0.521871 -0.068642 -0.464350
    36 1.719429 0.000002 0.000000 0.068757 -0.123348 -0.545076
    37 1.099670 0.000001 0.000004 0.068746 -0.123333 -0.270165
    38 0.806049 -0.348922 1.321259 -0.826856 -0.289358 -0.678288
    39 1.789787 0.000000 0.000004 0.030440 0.074684 0.204409
    40 1.207001 0.000000 -0.000004 0.004901 0.032015 0.303799
    41 3.859665 -0.132565 1.193108 0.154238 -0.057257 -1.683865
    42 1.312561 0.000000 0.000000 0.000000 0.000000 -0.627085
    43 0.729366 0.000002 0.000000 0.000000 0.000000 -1.021394
    44 3.942291 0.050330 0.431042 0.020416 -0.074382 -1.517442
    45 1.539097 0.000003 0.000000 0.000000 0.000000 -0.806822
    46 1.196320 0.000000 0.000000 0.000000 0.000000 -1.303469
    47 3.883648 -0.050325 -0.431044 -0.127900 -0.099350 -0.936274
    48 1.719574 -0.000005 0.000000 0.000000 0.000000 -1.100726
    49 1.209183 -0.000001 0.000000 0.000000 0.000000 -1.091479
    50 3.859825 -0.148935 -1.331284 -0.351999 -0.088877 -0.797488
    51 1.719425 0.000000 0.000000 -0.000007 0.000000 -0.997181
    52 1.099663 0.000000 0.000000 0.000000 0.000000 -1.420907
    53 0.806015 -0.359835 -1.318335 1.372063 0.323488 -0.797750
    54 1.789780 0.000001 0.000000 0.000000 0.000000 0.612641
    55 1.207001 0.000000 0.000004 0.000000 0.000000 0.666342
    56 5.671875 -2.029297 -5.722656 1.991476 0.082321 -2.001942
end
