// Created by Crowbar 0.71
version 1
nodes
  0 "ValveBiped.Bip01_Pelvis" -1
  1 "ValveBiped.Bip01_Spine" 0
  2 "ValveBiped.Bip01_Spine1" 1
  3 "ValveBiped.Bip01_Spine2" 2
  4 "ValveBiped.Bip01_Spine4" 3
  5 "ValveBiped.Bip01_Neck1" 4
  6 "ValveBiped.Bip01_Head1" 5
  7 "ValveBiped.forward" 6
  8 "ValveBiped.Bip01_R_Clavicle" 4
  9 "ValveBiped.Bip01_R_UpperArm" 8
  10 "ValveBiped.Bip01_R_Forearm" 9
  11 "ValveBiped.Bip01_R_Hand" 10
  12 "ValveBiped.Anim_Attachment_RH" 11
  13 "ValveBiped.Bip01_L_Clavicle" 4
  14 "ValveBiped.Bip01_L_UpperArm" 13
  15 "ValveBiped.Bip01_L_Forearm" 14
  16 "ValveBiped.Bip01_L_Hand" 15
  17 "ValveBiped.Anim_Attachment_LH" 16
  18 "ValveBiped.Bip01_R_Thigh" 0
  19 "ValveBiped.Bip01_R_Calf" 18
  20 "ValveBiped.Bip01_R_Foot" 19
  21 "ValveBiped.Bip01_R_Toe0" 20
  22 "ValveBiped.Bip01_L_Thigh" 0
  23 "ValveBiped.Bip01_L_Calf" 22
  24 "ValveBiped.Bip01_L_Foot" 23
  25 "ValveBiped.Bip01_L_Toe0" 24
  26 "ValveBiped.Bip01_L_Finger4" 16
  27 "ValveBiped.Bip01_L_Finger41" 26
  28 "ValveBiped.Bip01_L_Finger42" 27
  29 "ValveBiped.Bip01_L_Finger3" 16
  30 "ValveBiped.Bip01_L_Finger31" 29
  31 "ValveBiped.Bip01_L_Finger32" 30
  32 "ValveBiped.Bip01_L_Finger2" 16
  33 "ValveBiped.Bip01_L_Finger21" 32
  34 "ValveBiped.Bip01_L_Finger22" 33
  35 "ValveBiped.Bip01_L_Finger1" 16
  36 "ValveBiped.Bip01_L_Finger11" 35
  37 "ValveBiped.Bip01_L_Finger12" 36
  38 "ValveBiped.Bip01_L_Finger0" 16
  39 "ValveBiped.Bip01_L_Finger01" 38
  40 "ValveBiped.Bip01_L_Finger02" 39
  41 "ValveBiped.Bip01_R_Finger4" 11
  42 "ValveBiped.Bip01_R_Finger41" 41
  43 "ValveBiped.Bip01_R_Finger42" 42
  44 "ValveBiped.Bip01_R_Finger3" 11
  45 "ValveBiped.Bip01_R_Finger31" 44
  46 "ValveBiped.Bip01_R_Finger32" 45
  47 "ValveBiped.Bip01_R_Finger2" 11
  48 "ValveBiped.Bip01_R_Finger21" 47
  49 "ValveBiped.Bip01_R_Finger22" 48
  50 "ValveBiped.Bip01_R_Finger1" 11
  51 "ValveBiped.Bip01_R_Finger11" 50
  52 "ValveBiped.Bip01_R_Finger12" 51
  53 "ValveBiped.Bip01_R_Finger0" 11
  54 "ValveBiped.Bip01_R_Finger01" 53
  55 "ValveBiped.Bip01_R_Finger02" 54
  56 "ValveBiped.baton_parent" 11
end
skeleton
  time 0
    0 -0.002349 -0.531261 34.840241 1.693190 0.000007 -0.719444
    1 0.000005 3.345128 -2.981903 1.570796 0.123096 1.570796
    2 4.018331 0.000000 0.000000 0.054441 -0.042799 0.034481
    3 3.518564 0.000000 0.000000 -0.095603 -0.001979 0.100465
    4 8.942642 0.000000 0.000000 -0.120247 0.021687 0.192790
    5 3.307269 0.000000 -0.000004 -2.676674 -0.310542 0.304883
    6 3.593710 -0.000001 -0.000004 0.430938 0.028991 0.366427
    7 1.999994 -3.000001 0.000004 -1.570753 -0.000007 -1.326410
    8 2.033349 1.000771 -1.937607 -1.633305 1.117634 2.980521
    9 6.028143 0.000002 -0.000004 1.639467 -0.008055 -0.586840
    10 11.692545 0.000000 0.000000 0.183964 -0.021512 -1.987159
    11 11.481701 0.000000 0.000000 -1.141199 0.118725 -0.006785
    12 2.676086 -1.712440 0.000000 -1.570795 0.000005 -1.570795
    13 2.033341 1.000767 1.937660 0.859154 -1.303000 -2.741514
    14 6.028140 0.000002 0.000000 -1.509069 -0.433093 -0.622378
    15 11.692553 0.000000 0.000011 -0.711747 0.466856 -1.626303
    16 11.481667 0.000000 -0.000031 1.617377 -0.034172 0.028287
    17 2.676086 -1.712440 0.000004 1.570797 0.000001 1.570797
    18 -3.890452 0.000004 0.000004 -1.122109 0.023211 -1.751022
    19 17.848171 0.000000 0.000004 0.000009 0.000000 0.724159
    20 16.525251 0.000000 0.000004 0.018602 0.052971 -1.492103
    21 6.879454 0.000000 0.000008 -0.081332 -0.002951 -0.584373
    22 3.890452 -0.000004 -0.000004 -2.029881 -0.650999 -1.274075
    23 17.848175 0.000000 -0.000004 0.000010 0.000000 0.702742
    24 16.525246 0.000000 0.000004 -0.027913 -0.040776 -1.071613
    25 6.879452 0.000000 0.000000 -0.007311 -0.002944 -0.584342
    26 3.859703 -0.142403 -1.191975 -0.479143 0.152189 -0.879872
    27 1.312565 0.000001 0.000004 0.000000 0.009664 -0.439719
    28 0.729362 0.000002 0.000004 -0.028979 0.117255 -0.451390
    29 3.942326 0.046774 -0.431438 -0.155011 0.073329 -0.810646
    30 1.539093 0.000001 0.000000 0.041407 0.089645 -0.699060
    31 1.196320 -0.000001 0.000004 -0.000002 0.007360 -0.430801
    32 3.883686 -0.046767 0.431446 0.812670 -0.191549 -1.550266
    33 1.719570 0.000002 0.000004 0.194938 -0.171308 -0.606847
    34 1.209183 -0.000001 -0.000004 0.409190 -0.306122 -0.737506
    35 3.859859 -0.137950 1.332462 0.716033 -0.200230 -1.353927
    36 1.719429 0.000002 0.000000 -0.000001 0.004072 -0.363008
    37 1.099670 0.000001 0.000004 0.133914 -0.229713 -0.543027
    38 0.806049 -0.348922 1.321259 -1.148537 -0.413342 -0.685814
    39 1.789787 0.000000 0.000004 0.143112 0.004764 0.680910
    40 1.207001 0.000000 -0.000004 -0.238537 -0.328319 0.202547
    41 3.859665 -0.132565 1.193108 0.479138 -0.158546 -0.879039
    42 1.312561 0.000000 0.000000 0.000000 -0.011932 -0.439671
    43 0.729366 0.000002 0.000000 0.000002 -0.006134 -0.244270
    44 3.942291 0.050330 0.431042 0.154996 -0.079305 -0.810204
    45 1.539097 0.000003 0.000000 0.000000 -0.005853 -0.247769
    46 1.196320 0.000000 0.000000 0.000001 -0.009662 -0.430760
    47 3.883648 -0.050325 -0.431044 -0.034933 -0.082803 -1.461175
    48 1.719574 -0.000005 0.000000 0.000000 -0.007972 -1.498039
    49 1.209183 -0.000001 0.000000 0.000001 -0.004459 -0.216376
    50 3.859825 -0.148935 -1.331284 -0.082074 -0.080252 -1.260988
    51 1.719425 0.000000 0.000000 0.000000 -0.006612 -1.709117
    52 1.099663 0.000000 0.000000 0.000000 -0.004208 -0.244311
    53 0.806015 -0.359835 -1.318335 0.912685 0.357216 -0.682331
    54 1.789780 0.000001 0.000000 0.012436 -0.169953 0.694155
    55 1.207001 0.000000 0.000004 -0.000002 -0.009618 0.362904
    56 2.338451 -1.535743 -6.391512 1.520238 -0.094383 -2.001948
  time 1
    0 -0.002349 -0.535168 34.836335 1.693190 0.000007 -0.719444
    1 0.000005 3.345128 -2.981903 1.570796 0.123096 1.570796
    2 4.018331 0.000000 0.000000 0.054441 -0.042799 0.034481
    3 3.518564 0.000000 0.000000 -0.095603 -0.001979 0.100465
    4 8.942642 0.000000 0.000000 -0.120247 0.021687 0.192790
    5 3.307269 0.000000 -0.000004 -2.676674 -0.310542 0.304883
    6 3.593710 -0.000001 -0.000004 0.430938 0.028931 0.366532
    7 1.999994 -3.000001 0.000004 -1.570800 -0.000007 -1.326410
    8 2.033349 1.000771 -1.937607 -1.633305 1.117634 2.980521
    9 6.028143 0.000002 -0.000004 1.639191 -0.007811 -0.586698
    10 11.692545 0.000000 0.000000 0.183952 -0.021560 -1.986896
    11 11.481701 0.000000 0.000000 -1.141199 0.118725 -0.006785
    12 2.676086 -1.712440 0.000000 -1.570795 0.000005 -1.570795
    13 2.033341 1.000767 1.937660 0.859154 -1.303000 -2.741514
    14 6.028140 0.000002 0.000000 -1.509186 -0.433194 -0.622261
    15 11.692553 0.000000 0.000011 -0.711747 0.466856 -1.626303
    16 11.481667 0.000000 -0.000031 1.617377 -0.034172 0.028287
    17 2.676086 -1.712440 0.000004 1.570797 0.000001 1.570797
    18 -3.890452 0.000004 0.000004 -1.122109 0.023211 -1.751022
    19 17.848171 0.000000 0.000004 0.000009 0.000000 0.724533
    20 16.525251 0.000000 0.000004 0.018584 0.052971 -1.492404
    21 6.879454 0.000000 0.000008 -0.081332 -0.002951 -0.584373
    22 3.890452 -0.000004 -0.000004 -2.029881 -0.650999 -1.274075
    23 17.848175 0.000000 -0.000004 0.000010 0.000000 0.703305
    24 16.525246 0.000000 0.000004 -0.027898 -0.040776 -1.071975
    25 6.879452 0.000000 0.000000 -0.007299 -0.002944 -0.584342
    26 3.859703 -0.142403 -1.191975 -0.479143 0.152189 -0.879872
    27 1.312565 0.000001 0.000004 0.000000 0.009664 -0.439719
    28 0.729362 0.000002 0.000004 -0.028979 0.117255 -0.451390
    29 3.942326 0.046774 -0.431438 -0.155011 0.073329 -0.810646
    30 1.539093 0.000001 0.000000 0.041407 0.089645 -0.699060
    31 1.196320 -0.000001 0.000004 -0.000002 0.007360 -0.430801
    32 3.883686 -0.046767 0.431446 0.812670 -0.191549 -1.550266
    33 1.719570 0.000002 0.000004 0.194938 -0.171308 -0.606847
    34 1.209183 -0.000001 -0.000004 0.409190 -0.306122 -0.737506
    35 3.859859 -0.137950 1.332462 0.716033 -0.200230 -1.353927
    36 1.719429 0.000002 0.000000 -0.000001 0.004072 -0.363008
    37 1.099670 0.000001 0.000004 0.133914 -0.229713 -0.543027
    38 0.806049 -0.348922 1.321259 -1.148537 -0.413342 -0.685814
    39 1.789787 0.000000 0.000004 0.143112 0.004764 0.680910
    40 1.207001 0.000000 -0.000004 -0.238537 -0.328319 0.202547
    41 3.859665 -0.132565 1.193108 0.479138 -0.158546 -0.879039
    42 1.312561 0.000000 0.000000 0.000000 -0.011932 -0.439671
    43 0.729366 0.000002 0.000000 0.000002 -0.006134 -0.244270
    44 3.942291 0.050330 0.431042 0.154996 -0.079305 -0.810204
    45 1.539097 0.000003 0.000000 0.000000 -0.005853 -0.247769
    46 1.196320 0.000000 0.000000 0.000001 -0.009662 -0.430760
    47 3.883648 -0.050325 -0.431044 -0.034933 -0.082803 -1.461175
    48 1.719574 -0.000005 0.000000 0.000000 -0.007972 -1.498039
    49 1.209183 -0.000001 0.000000 0.000001 -0.004459 -0.216376
    50 3.859825 -0.148935 -1.331284 -0.082074 -0.080252 -1.260988
    51 1.719425 0.000000 0.000000 0.000000 -0.006612 -1.709117
    52 1.099663 0.000000 0.000000 0.000000 -0.004208 -0.244311
    53 0.806015 -0.359835 -1.318335 0.912685 0.357216 -0.682331
    54 1.789780 0.000001 0.000000 0.012436 -0.169953 0.694155
    55 1.207001 0.000000 0.000004 -0.000002 -0.009618 0.362904
    56 2.338451 -1.535743 -6.391512 1.520238 -0.094383 -2.001948
  time 2
    0 -0.002349 -0.539074 34.828522 1.693190 0.000007 -0.719444
    1 0.000005 3.345128 -2.981903 1.570796 0.123096 1.570796
    2 4.018331 0.000000 0.000000 0.054441 -0.042799 0.034481
    3 3.518564 0.000000 0.000000 -0.095603 -0.001979 0.100465
    4 8.942642 0.000000 0.000000 -0.120247 0.021687 0.192790
    5 3.307269 0.000000 -0.000004 -2.676674 -0.310542 0.304883
    6 3.593710 -0.000001 -0.000004 0.430938 0.028763 0.366919
    7 1.999994 -3.000001 0.000004 -1.570800 -0.000007 -1.326410
    8 2.033349 1.000771 -1.937607 -1.633305 1.117634 2.980521
    9 6.028143 0.000002 -0.000004 1.638548 -0.007114 -0.586380
    10 11.692545 0.000000 0.000000 0.183928 -0.021692 -1.986107
    11 11.481701 0.000000 0.000000 -1.141199 0.118725 -0.006785
    12 2.676086 -1.712440 0.000000 -1.570795 0.000005 -1.570795
    13 2.033341 1.000767 1.937660 0.859154 -1.303000 -2.741514
    14 6.028140 0.000002 0.000000 -1.509478 -0.433497 -0.621832
    15 11.692553 0.000000 0.000011 -0.711747 0.466856 -1.626303
    16 11.481667 0.000000 -0.000031 1.617377 -0.034172 0.028287
    17 2.676086 -1.712440 0.000004 1.570797 0.000001 1.570797
    18 -3.890452 0.000004 0.000004 -1.122109 0.023211 -1.751022
    19 17.848171 0.000000 0.000004 0.000009 0.000000 0.725430
    20 16.525251 0.000000 0.000004 0.018531 0.052986 -1.493359
    21 6.879454 0.000000 0.000008 -0.081332 -0.002951 -0.584373
    22 3.890452 -0.000004 -0.000004 -2.030207 -0.651757 -1.273663
    23 17.848175 0.000000 -0.000004 0.000010 0.000000 0.704808
    24 16.525246 0.000000 0.000004 -0.027855 -0.040812 -1.073000
    25 6.879452 0.000000 0.000000 -0.007311 -0.002944 -0.584342
    26 3.859703 -0.142403 -1.191975 -0.479143 0.152189 -0.879872
    27 1.312565 0.000001 0.000004 0.000000 0.009664 -0.439719
    28 0.729362 0.000002 0.000004 -0.028979 0.117255 -0.451390
    29 3.942326 0.046774 -0.431438 -0.155011 0.073329 -0.810646
    30 1.539093 0.000001 0.000000 0.041407 0.089645 -0.699060
    31 1.196320 -0.000001 0.000004 -0.000002 0.007360 -0.430801
    32 3.883686 -0.046767 0.431446 0.812670 -0.191549 -1.550266
    33 1.719570 0.000002 0.000004 0.194938 -0.171308 -0.606847
    34 1.209183 -0.000001 -0.000004 0.409190 -0.306122 -0.737506
    35 3.859859 -0.137950 1.332462 0.716033 -0.200230 -1.353927
    36 1.719429 0.000002 0.000000 -0.000001 0.004072 -0.363008
    37 1.099670 0.000001 0.000004 0.133914 -0.229713 -0.543027
    38 0.806049 -0.348922 1.321259 -1.148537 -0.413342 -0.685814
    39 1.789787 0.000000 0.000004 0.143112 0.004764 0.680910
    40 1.207001 0.000000 -0.000004 -0.238537 -0.328319 0.202547
    41 3.859665 -0.132565 1.193108 0.479138 -0.158546 -0.879039
    42 1.312561 0.000000 0.000000 0.000000 -0.011932 -0.439671
    43 0.729366 0.000002 0.000000 0.000002 -0.006134 -0.244270
    44 3.942291 0.050330 0.431042 0.154996 -0.079305 -0.810204
    45 1.539097 0.000003 0.000000 0.000000 -0.005853 -0.247769
    46 1.196320 0.000000 0.000000 0.000001 -0.009662 -0.430760
    47 3.883648 -0.050325 -0.431044 -0.034933 -0.082803 -1.461175
    48 1.719574 -0.000005 0.000000 0.000000 -0.007972 -1.498039
    49 1.209183 -0.000001 0.000000 0.000001 -0.004459 -0.216376
    50 3.859825 -0.148935 -1.331284 -0.082074 -0.080252 -1.260988
    51 1.719425 0.000000 0.000000 0.000000 -0.006612 -1.709117
    52 1.099663 0.000000 0.000000 0.000000 -0.004208 -0.244311
    53 0.806015 -0.359835 -1.318335 0.912685 0.357216 -0.682331
    54 1.789780 0.000001 0.000000 0.012436 -0.169953 0.694155
    55 1.207001 0.000000 0.000004 -0.000002 -0.009618 0.362904
    56 2.338451 -1.535743 -6.391512 1.520238 -0.094383 -2.001948
  time 3
    0 -0.002349 -0.546887 34.816803 1.693190 0.000007 -0.719444
    1 0.000005 3.345128 -2.981903 1.570796 0.123096 1.570796
    2 4.018331 0.000000 0.000000 0.054441 -0.042799 0.034481
    3 3.518564 0.000000 0.000000 -0.095603 -0.001979 0.100465
    4 8.942642 0.000000 0.000000 -0.120247 0.021687 0.192790
    5 3.307269 0.000000 -0.000004 -2.676674 -0.310542 0.304883
    6 3.593710 -0.000001 -0.000004 0.430938 0.028487 0.367517
    7 1.999994 -3.000001 0.000004 -1.570800 -0.000007 -1.326410
    8 2.033349 1.000771 -1.937607 -1.633305 1.117634 2.980521
    9 6.028143 0.000002 -0.000004 1.637537 -0.005998 -0.585815
    10 11.692545 0.000000 0.000000 0.183893 -0.021920 -1.984923
    11 11.481701 0.000000 0.000000 -1.141199 0.118725 -0.006785
    12 2.676086 -1.712440 0.000000 -1.570795 0.000005 -1.570795
    13 2.033341 1.000767 1.937660 0.859154 -1.303000 -2.741514
    14 6.028140 0.000002 0.000000 -1.509946 -0.433970 -0.621129
    15 11.692553 0.000000 0.000011 -0.711747 0.466856 -1.626303
    16 11.481667 0.000000 -0.000031 1.617377 -0.034172 0.028287
    17 2.676086 -1.712440 0.000004 1.570797 0.000001 1.570797
    18 -3.890452 0.000004 0.000004 -1.122345 0.022612 -1.751917
    19 17.848171 0.000000 0.000004 0.000009 0.000000 0.726925
    20 16.525251 0.000000 0.000004 0.018460 0.053015 -1.494817
    21 6.879454 0.000000 0.000008 -0.081332 -0.002951 -0.584373
    22 3.890452 -0.000004 -0.000004 -2.030533 -0.652724 -1.273182
    23 17.848175 0.000000 -0.000004 0.000010 0.000000 0.707187
    24 16.525246 0.000000 0.000004 -0.027781 -0.040849 -1.074567
    25 6.879452 0.000000 0.000000 -0.007311 -0.002944 -0.584342
    26 3.859703 -0.142403 -1.191975 -0.479143 0.152189 -0.879872
    27 1.312565 0.000001 0.000004 0.000000 0.009664 -0.439719
    28 0.729362 0.000002 0.000004 -0.028979 0.117255 -0.451390
    29 3.942326 0.046774 -0.431438 -0.155011 0.073329 -0.810646
    30 1.539093 0.000001 0.000000 0.041407 0.089645 -0.699060
    31 1.196320 -0.000001 0.000004 -0.000002 0.007360 -0.430801
    32 3.883686 -0.046767 0.431446 0.812670 -0.191549 -1.550266
    33 1.719570 0.000002 0.000004 0.194938 -0.171308 -0.606847
    34 1.209183 -0.000001 -0.000004 0.409190 -0.306122 -0.737506
    35 3.859859 -0.137950 1.332462 0.716033 -0.200230 -1.353927
    36 1.719429 0.000002 0.000000 -0.000001 0.004072 -0.363008
    37 1.099670 0.000001 0.000004 0.133914 -0.229713 -0.543027
    38 0.806049 -0.348922 1.321259 -1.148537 -0.413342 -0.685814
    39 1.789787 0.000000 0.000004 0.143112 0.004764 0.680910
    40 1.207001 0.000000 -0.000004 -0.238537 -0.328319 0.202547
    41 3.859665 -0.132565 1.193108 0.479138 -0.158546 -0.879039
    42 1.312561 0.000000 0.000000 0.000000 -0.011932 -0.439671
    43 0.729366 0.000002 0.000000 0.000002 -0.006134 -0.244270
    44 3.942291 0.050330 0.431042 0.154996 -0.079305 -0.810204
    45 1.539097 0.000003 0.000000 0.000000 -0.005853 -0.247769
    46 1.196320 0.000000 0.000000 0.000001 -0.009662 -0.430760
    47 3.883648 -0.050325 -0.431044 -0.034933 -0.082803 -1.461175
    48 1.719574 -0.000005 0.000000 0.000000 -0.007972 -1.498039
    49 1.209183 -0.000001 0.000000 0.000001 -0.004459 -0.216376
    50 3.859825 -0.148935 -1.331284 -0.082074 -0.080252 -1.260988
    51 1.719425 0.000000 0.000000 0.000000 -0.006612 -1.709117
    52 1.099663 0.000000 0.000000 0.000000 -0.004208 -0.244311
    53 0.806015 -0.359835 -1.318335 0.912685 0.357216 -0.682331
    54 1.789780 0.000001 0.000000 0.012436 -0.169953 0.694155
    55 1.207001 0.000000 0.000004 -0.000002 -0.009618 0.362904
    56 2.338451 -1.535743 -6.391512 1.520238 -0.094383 -2.001948
  time 4
    0 -0.002349 -0.554699 34.801178 1.693190 0.000007 -0.719444
    1 0.000005 3.345128 -2.981903 1.570796 0.123096 1.570796
    2 4.018331 0.000000 0.000000 0.054441 -0.042799 0.034481
    3 3.518564 0.000000 0.000000 -0.095603 -0.001979 0.100465
    4 8.942642 0.000000 0.000000 -0.120247 0.021687 0.192790
    5 3.307269 0.000000 -0.000004 -2.676674 -0.310542 0.304883
    6 3.593710 -0.000001 -0.000004 0.430984 0.028116 0.368327
    7 1.999994 -3.000001 0.000004 -1.570800 -0.000007 -1.326410
    8 2.033349 1.000771 -1.937607 -1.633305 1.117634 2.980521
    9 6.028143 0.000002 -0.000004 1.636159 -0.004481 -0.585108
    10 11.692545 0.000000 0.000000 0.183845 -0.022231 -1.983279
    11 11.481701 0.000000 0.000000 -1.141199 0.118725 -0.006785
    12 2.676086 -1.712440 0.000000 -1.570795 0.000005 -1.570795
    13 2.033341 1.000767 1.937660 0.859154 -1.303000 -2.741514
    14 6.028140 0.000002 0.000000 -1.510589 -0.434611 -0.620192
    15 11.692553 0.000000 0.000011 -0.711747 0.466856 -1.626303
    16 11.481667 0.000000 -0.000031 1.617377 -0.034172 0.028287
    17 2.676086 -1.712440 0.000004 1.570797 0.000001 1.570797
    18 -3.890452 0.000004 0.000004 -1.122463 0.022184 -1.752556
    19 17.848171 0.000000 0.000004 0.000009 0.000000 0.728868
    20 16.525251 0.000000 0.000004 0.018354 0.053045 -1.496828
    21 6.879454 0.000000 0.000008 -0.081332 -0.002951 -0.584373
    22 3.890452 -0.000004 -0.000004 -2.030533 -0.654113 -1.272563
    23 17.848175 0.000000 -0.000004 0.000010 0.000000 0.710442
    24 16.525246 0.000000 0.000004 -0.027693 -0.040903 -1.076798
    25 6.879452 0.000000 0.000000 -0.007311 -0.002944 -0.584342
    26 3.859703 -0.142403 -1.191975 -0.479143 0.152189 -0.879872
    27 1.312565 0.000001 0.000004 0.000000 0.009664 -0.439719
    28 0.729362 0.000002 0.000004 -0.028979 0.117255 -0.451390
    29 3.942326 0.046774 -0.431438 -0.155011 0.073329 -0.810646
    30 1.539093 0.000001 0.000000 0.041407 0.089645 -0.699060
    31 1.196320 -0.000001 0.000004 -0.000002 0.007360 -0.430801
    32 3.883686 -0.046767 0.431446 0.812670 -0.191549 -1.550266
    33 1.719570 0.000002 0.000004 0.194938 -0.171308 -0.606847
    34 1.209183 -0.000001 -0.000004 0.409190 -0.306122 -0.737506
    35 3.859859 -0.137950 1.332462 0.716033 -0.200230 -1.353927
    36 1.719429 0.000002 0.000000 -0.000001 0.004072 -0.363008
    37 1.099670 0.000001 0.000004 0.133914 -0.229713 -0.543027
    38 0.806049 -0.348922 1.321259 -1.148537 -0.413342 -0.685814
    39 1.789787 0.000000 0.000004 0.143112 0.004764 0.680910
    40 1.207001 0.000000 -0.000004 -0.238537 -0.328319 0.202547
    41 3.859665 -0.132565 1.193108 0.479138 -0.158546 -0.879039
    42 1.312561 0.000000 0.000000 0.000000 -0.011932 -0.439671
    43 0.729366 0.000002 0.000000 0.000002 -0.006134 -0.244270
    44 3.942291 0.050330 0.431042 0.154996 -0.079305 -0.810204
    45 1.539097 0.000003 0.000000 0.000000 -0.005853 -0.247769
    46 1.196320 0.000000 0.000000 0.000001 -0.009662 -0.430760
    47 3.883648 -0.050325 -0.431044 -0.034933 -0.082803 -1.461220
    48 1.719574 -0.000005 0.000000 0.000000 -0.007972 -1.498039
    49 1.209183 -0.000001 0.000000 0.000001 -0.004459 -0.216376
    50 3.859825 -0.148935 -1.331284 -0.082074 -0.080252 -1.260988
    51 1.719425 0.000000 0.000000 0.000000 -0.006612 -1.709117
    52 1.099663 0.000000 0.000000 0.000000 -0.004208 -0.244311
    53 0.806015 -0.359835 -1.318335 0.912685 0.357216 -0.682331
    54 1.789780 0.000001 0.000000 0.012436 -0.169953 0.694155
    55 1.207001 0.000000 0.000004 -0.000002 -0.009618 0.362904
    56 2.338451 -1.535743 -6.391512 1.520238 -0.094383 -2.001948
  time 5
    0 -0.002349 -0.566419 34.777739 1.693190 0.000007 -0.719444
    1 0.000005 3.345128 -2.981903 1.570796 0.123096 1.570796
    2 4.018331 0.000000 0.000000 0.054441 -0.042799 0.034481
    3 3.518564 0.000000 0.000000 -0.095603 -0.001979 0.100465
    4 8.942642 0.000000 0.000000 -0.120247 0.021687 0.192790
    5 3.307269 0.000000 -0.000004 -2.676674 -0.310542 0.304883
    6 3.593710 -0.000001 -0.000004 0.430984 0.027648 0.369347
    7 1.999994 -3.000001 0.000004 -1.570753 -0.000007 -1.326410
    8 2.033349 1.000771 -1.937607 -1.633305 1.117634 2.980521
    9 6.028143 0.000002 -0.000004 1.634413 -0.002598 -0.584189
    10 11.692545 0.000000 0.000000 0.183785 -0.022603 -1.981240
    11 11.481701 0.000000 0.000000 -1.141199 0.118725 -0.006785
    12 2.676086 -1.712440 0.000000 -1.570795 0.000005 -1.570795
    13 2.033341 1.000767 1.937660 0.859154 -1.303000 -2.741514
    14 6.028140 0.000002 0.000000 -1.511349 -0.435386 -0.619022
    15 11.692553 0.000000 0.000011 -0.711747 0.466856 -1.626303
    16 11.481667 0.000000 -0.000031 1.617377 -0.034172 0.028287
    17 2.676086 -1.712440 0.000004 1.570797 0.000001 1.570797
    18 -3.890452 0.000004 0.000004 -1.122345 0.021728 -1.753387
    19 17.848171 0.000000 0.000004 0.000009 0.000000 0.731335
    20 16.525251 0.000000 0.000004 0.018213 0.053088 -1.499342
    21 6.879454 0.000000 0.000008 -0.081332 -0.002951 -0.584373
    22 3.890452 -0.000004 -0.000004 -2.031512 -0.655712 -1.271532
    23 17.848175 0.000000 -0.000004 0.000010 0.000000 0.714449
    24 16.525246 0.000000 0.000004 -0.027576 -0.040975 -1.079511
    25 6.879452 0.000000 0.000000 -0.007299 -0.002944 -0.584342
    26 3.859703 -0.142403 -1.191975 -0.479143 0.152189 -0.879872
    27 1.312565 0.000001 0.000004 0.000000 0.009664 -0.439719
    28 0.729362 0.000002 0.000004 -0.028979 0.117255 -0.451390
    29 3.942326 0.046774 -0.431438 -0.155011 0.073329 -0.810646
    30 1.539093 0.000001 0.000000 0.041407 0.089645 -0.699060
    31 1.196320 -0.000001 0.000004 -0.000002 0.007360 -0.430801
    32 3.883686 -0.046767 0.431446 0.812670 -0.191549 -1.550266
    33 1.719570 0.000002 0.000004 0.194938 -0.171308 -0.606847
    34 1.209183 -0.000001 -0.000004 0.409190 -0.306122 -0.737506
    35 3.859859 -0.137950 1.332462 0.716033 -0.200230 -1.353927
    36 1.719429 0.000002 0.000000 -0.000001 0.004072 -0.363008
    37 1.099670 0.000001 0.000004 0.133914 -0.229713 -0.543027
    38 0.806049 -0.348922 1.321259 -1.148537 -0.413342 -0.685814
    39 1.789787 0.000000 0.000004 0.143112 0.004764 0.680910
    40 1.207001 0.000000 -0.000004 -0.238537 -0.328319 0.202547
    41 3.859665 -0.132565 1.193108 0.479138 -0.158546 -0.879039
    42 1.312561 0.000000 0.000000 0.000000 -0.011932 -0.439671
    43 0.729366 0.000002 0.000000 0.000002 -0.006134 -0.244270
    44 3.942291 0.050330 0.431042 0.154996 -0.079305 -0.810204
    45 1.539097 0.000003 0.000000 0.000000 -0.005853 -0.247769
    46 1.196320 0.000000 0.000000 0.000001 -0.009662 -0.430760
    47 3.883648 -0.050325 -0.431044 -0.034933 -0.082803 -1.461175
    48 1.719574 -0.000005 0.000000 0.000000 -0.007972 -1.498039
    49 1.209183 -0.000001 0.000000 0.000001 -0.004459 -0.216376
    50 3.859825 -0.148935 -1.331284 -0.082074 -0.080252 -1.260988
    51 1.719425 0.000000 0.000000 0.000000 -0.006612 -1.709117
    52 1.099663 0.000000 0.000000 0.000000 -0.004208 -0.244311
    53 0.806015 -0.359835 -1.318335 0.912685 0.357216 -0.682331
    54 1.789780 0.000001 0.000000 0.012436 -0.169953 0.694155
    55 1.207001 0.000000 0.000004 -0.000002 -0.009618 0.362904
    56 2.338451 -1.535743 -6.391512 1.520238 -0.094383 -2.001948
  time 6
    0 -0.002349 -0.582044 34.754301 1.693190 0.000007 -0.719444
    1 0.000005 3.345128 -2.981903 1.570796 0.123096 1.570796
    2 4.018331 0.000000 0.000000 0.054441 -0.042799 0.034481
    3 3.518564 0.000000 0.000000 -0.095603 -0.001979 0.100465
    4 8.942642 0.000000 0.000000 -0.120247 0.021687 0.192790
    5 3.307269 0.000000 -0.000004 -2.676674 -0.310542 0.304883
    6 3.593710 -0.000001 -0.000004 0.431030 0.027097 0.370508
    7 1.999994 -3.000001 0.000004 -1.570800 -0.000007 -1.326410
    8 2.033349 1.000771 -1.937607 -1.633305 1.117634 2.980521
    9 6.028143 0.000002 -0.000004 1.632391 -0.000366 -0.583129
    10 11.692545 0.000000 0.000000 0.183713 -0.023058 -1.978806
    11 11.481701 0.000000 0.000000 -1.141199 0.118725 -0.006785
    12 2.676086 -1.712440 0.000000 -1.570795 0.000005 -1.570795
    13 2.033341 1.000767 1.937660 0.859154 -1.303000 -2.741514
    14 6.028140 0.000002 0.000000 -1.512226 -0.436331 -0.617656
    15 11.692553 0.000000 0.000011 -0.711747 0.466856 -1.626303
    16 11.481667 0.000000 -0.000031 1.617377 -0.034172 0.028287
    17 2.676086 -1.712440 0.000004 1.570797 0.000001 1.570797
    18 -3.890452 0.000004 0.000004 -1.122876 0.021072 -1.754154
    19 17.848171 0.000000 0.000004 0.000009 0.000000 0.734176
    20 16.525251 0.000000 0.000004 0.018054 0.053132 -1.502257
    21 6.879454 0.000000 0.000008 -0.081332 -0.002951 -0.584373
    22 3.890452 -0.000004 -0.000004 -2.032165 -0.657563 -1.270569
    23 17.848175 0.000000 -0.000004 0.000010 0.000000 0.719082
    24 16.525246 0.000000 0.000004 -0.027445 -0.041066 -1.082706
    25 6.879452 0.000000 0.000000 -0.007299 -0.002944 -0.584342
    26 3.859703 -0.142403 -1.191975 -0.479143 0.152189 -0.879872
    27 1.312565 0.000001 0.000004 0.000000 0.009664 -0.439719
    28 0.729362 0.000002 0.000004 -0.028979 0.117255 -0.451390
    29 3.942326 0.046774 -0.431438 -0.155011 0.073329 -0.810646
    30 1.539093 0.000001 0.000000 0.041407 0.089645 -0.699060
    31 1.196320 -0.000001 0.000004 -0.000002 0.007360 -0.430801
    32 3.883686 -0.046767 0.431446 0.812670 -0.191549 -1.550266
    33 1.719570 0.000002 0.000004 0.194938 -0.171308 -0.606847
    34 1.209183 -0.000001 -0.000004 0.409190 -0.306122 -0.737506
    35 3.859859 -0.137950 1.332462 0.716033 -0.200230 -1.353927
    36 1.719429 0.000002 0.000000 -0.000001 0.004072 -0.363008
    37 1.099670 0.000001 0.000004 0.133914 -0.229713 -0.543027
    38 0.806049 -0.348922 1.321259 -1.148537 -0.413342 -0.685814
    39 1.789787 0.000000 0.000004 0.143112 0.004764 0.680910
    40 1.207001 0.000000 -0.000004 -0.238537 -0.328319 0.202547
    41 3.859665 -0.132565 1.193108 0.479138 -0.158546 -0.879039
    42 1.312561 0.000000 0.000000 0.000000 -0.011932 -0.439671
    43 0.729366 0.000002 0.000000 0.000002 -0.006134 -0.244270
    44 3.942291 0.050330 0.431042 0.154996 -0.079305 -0.810204
    45 1.539097 0.000003 0.000000 0.000000 -0.005853 -0.247769
    46 1.196320 0.000000 0.000000 0.000001 -0.009662 -0.430760
    47 3.883648 -0.050325 -0.431044 -0.034933 -0.082803 -1.461175
    48 1.719574 -0.000005 0.000000 0.000000 -0.007972 -1.498039
    49 1.209183 -0.000001 0.000000 0.000001 -0.004459 -0.216376
    50 3.859825 -0.148935 -1.331284 -0.082074 -0.080252 -1.260988
    51 1.719425 0.000000 0.000000 0.000000 -0.006612 -1.709117
    52 1.099663 0.000000 0.000000 0.000000 -0.004208 -0.244311
    53 0.806015 -0.359835 -1.318335 0.912685 0.357216 -0.682331
    54 1.789780 0.000001 0.000000 0.012436 -0.169953 0.694155
    55 1.207001 0.000000 0.000004 -0.000002 -0.009618 0.362904
    56 2.338451 -1.535743 -6.391512 1.520238 -0.094383 -2.001948
  time 7
    0 -0.002349 -0.597669 34.723050 1.693190 0.000007 -0.719444
    1 0.000005 3.345128 -2.981903 1.570796 0.123096 1.570796
    2 4.018331 0.000000 0.000000 0.054441 -0.042799 0.034481
    3 3.518564 0.000000 0.000000 -0.095603 -0.001979 0.100465
    4 8.942642 0.000000 0.000000 -0.120247 0.021687 0.192790
    5 3.307269 0.000000 -0.000004 -2.676674 -0.310542 0.304883
    6 3.593710 -0.000001 -0.000004 0.431030 0.026486 0.371881
    7 1.999994 -3.000001 0.000004 -1.570800 -0.000007 -1.326410
    8 2.033349 1.000771 -1.937607 -1.633305 1.117634 2.980521
    9 6.028143 0.000002 -0.000004 1.630001 0.002145 -0.581892
    10 11.692545 0.000000 0.000000 0.183629 -0.023562 -1.976044
    11 11.481701 0.000000 0.000000 -1.141199 0.118725 -0.006785
    12 2.676086 -1.712440 0.000000 -1.570795 0.000005 -1.570795
    13 2.033341 1.000767 1.937660 0.859154 -1.303000 -2.741514
    14 6.028140 0.000002 0.000000 -1.513278 -0.437376 -0.616095
    15 11.692553 0.000000 0.000011 -0.711747 0.466856 -1.626303
    16 11.481667 0.000000 -0.000031 1.617377 -0.034172 0.028287
    17 2.676086 -1.712440 0.000004 1.570797 0.000001 1.570797
    18 -3.890452 0.000004 0.000004 -1.123112 0.020387 -1.755177
    19 17.848171 0.000000 0.000004 0.000009 0.000000 0.737464
    20 16.525251 0.000000 0.000004 0.017877 0.053191 -1.505575
    21 6.879454 0.000000 0.000008 -0.081332 -0.002951 -0.584373
    22 3.890452 -0.000004 -0.000004 -2.032899 -0.659625 -1.269469
    23 17.848175 0.000000 -0.000004 0.000010 0.000000 0.724341
    24 16.525246 0.000000 0.000004 -0.027283 -0.041156 -1.086324
    25 6.879452 0.000000 0.000000 -0.007311 -0.002944 -0.584342
    26 3.859703 -0.142403 -1.191975 -0.479143 0.152189 -0.879872
    27 1.312565 0.000001 0.000004 0.000000 0.009664 -0.439719
    28 0.729362 0.000002 0.000004 -0.028979 0.117255 -0.451390
    29 3.942326 0.046774 -0.431438 -0.155011 0.073329 -0.810646
    30 1.539093 0.000001 0.000000 0.041407 0.089645 -0.699060
    31 1.196320 -0.000001 0.000004 -0.000002 0.007360 -0.430801
    32 3.883686 -0.046767 0.431446 0.812670 -0.191549 -1.550266
    33 1.719570 0.000002 0.000004 0.194938 -0.171308 -0.606847
    34 1.209183 -0.000001 -0.000004 0.409190 -0.306122 -0.737506
    35 3.859859 -0.137950 1.332462 0.716033 -0.200230 -1.353927
    36 1.719429 0.000002 0.000000 -0.000001 0.004072 -0.363008
    37 1.099670 0.000001 0.000004 0.133914 -0.229713 -0.543027
    38 0.806049 -0.348922 1.321259 -1.148537 -0.413342 -0.685814
    39 1.789787 0.000000 0.000004 0.143112 0.004764 0.680910
    40 1.207001 0.000000 -0.000004 -0.238537 -0.328319 0.202547
    41 3.859665 -0.132565 1.193108 0.479138 -0.158546 -0.879039
    42 1.312561 0.000000 0.000000 0.000000 -0.011932 -0.439671
    43 0.729366 0.000002 0.000000 0.000002 -0.006134 -0.244270
    44 3.942291 0.050330 0.431042 0.154996 -0.079305 -0.810204
    45 1.539097 0.000003 0.000000 0.000000 -0.005853 -0.247769
    46 1.196320 0.000000 0.000000 0.000001 -0.009662 -0.430760
    47 3.883648 -0.050325 -0.431044 -0.034933 -0.082803 -1.461175
    48 1.719574 -0.000005 0.000000 0.000000 -0.007972 -1.498039
    49 1.209183 -0.000001 0.000000 0.000001 -0.004459 -0.216376
    50 3.859825 -0.148935 -1.331284 -0.082074 -0.080252 -1.260988
    51 1.719425 0.000000 0.000000 0.000000 -0.006612 -1.709117
    52 1.099663 0.000000 0.000000 0.000000 -0.004208 -0.244311
    53 0.806015 -0.359835 -1.318335 0.912685 0.357216 -0.682331
    54 1.789780 0.000001 0.000000 0.012436 -0.169953 0.694155
    55 1.207001 0.000000 0.000004 -0.000002 -0.009618 0.362904
    56 2.338451 -1.535743 -6.391512 1.520238 -0.094383 -2.001948
  time 8
    0 -0.002349 -0.617201 34.691799 1.693190 0.000007 -0.719444
    1 0.000005 3.345128 -2.981903 1.570796 0.123096 1.570796
    2 4.018331 0.000000 0.000000 0.054441 -0.042799 0.034481
    3 3.518564 0.000000 0.000000 -0.095603 -0.001979 0.100465
    4 8.942642 0.000000 0.000000 -0.120247 0.021687 0.192790
    5 3.307269 0.000000 -0.000004 -2.676674 -0.310542 0.304883
    6 3.593710 -0.000001 -0.000004 0.431076 0.025803 0.373359
    7 1.999994 -3.000001 0.000004 -1.570800 -0.000007 -1.326410
    8 2.033349 1.000771 -1.937607 -1.633305 1.117634 2.980521
    9 6.028143 0.000002 -0.000004 1.627520 0.004918 -0.580549
    10 11.692545 0.000000 0.000000 0.183545 -0.024113 -1.973018
    11 11.481701 0.000000 0.000000 -1.141199 0.118725 -0.006785
    12 2.676086 -1.712440 0.000000 -1.570795 0.000005 -1.570795
    13 2.033341 1.000767 1.937660 0.859154 -1.303000 -2.741514
    14 6.028140 0.000002 0.000000 -1.514447 -0.438523 -0.614417
    15 11.692553 0.000000 0.000011 -0.711747 0.466856 -1.626303
    16 11.481667 0.000000 -0.000031 1.617377 -0.034172 0.028287
    17 2.676086 -1.712440 0.000004 1.570797 0.000001 1.570797
    18 -3.890452 0.000004 0.000004 -1.123407 0.019646 -1.756328
    19 17.848171 0.000000 0.000004 0.000009 0.000000 0.740978
    20 16.525251 0.000000 0.000004 0.017682 0.053249 -1.509195
    21 6.879454 0.000000 0.000008 -0.081332 -0.002951 -0.584373
    22 3.890452 -0.000004 -0.000004 -2.033715 -0.661939 -1.268163
    23 17.848175 0.000000 -0.000004 0.000010 0.000000 0.730100
    24 16.525246 0.000000 0.000004 -0.027122 -0.041246 -1.090303
    25 6.879452 0.000000 0.000000 -0.007299 -0.002944 -0.584342
    26 3.859703 -0.142403 -1.191975 -0.479143 0.152189 -0.879872
    27 1.312565 0.000001 0.000004 0.000000 0.009664 -0.439719
    28 0.729362 0.000002 0.000004 -0.028979 0.117255 -0.451390
    29 3.942326 0.046774 -0.431438 -0.155011 0.073329 -0.810646
    30 1.539093 0.000001 0.000000 0.041407 0.089645 -0.699060
    31 1.196320 -0.000001 0.000004 -0.000002 0.007360 -0.430801
    32 3.883686 -0.046767 0.431446 0.812670 -0.191549 -1.550266
    33 1.719570 0.000002 0.000004 0.194938 -0.171308 -0.606847
    34 1.209183 -0.000001 -0.000004 0.409190 -0.306122 -0.737506
    35 3.859859 -0.137950 1.332462 0.716033 -0.200230 -1.353927
    36 1.719429 0.000002 0.000000 -0.000001 0.004072 -0.363008
    37 1.099670 0.000001 0.000004 0.133914 -0.229713 -0.543027
    38 0.806049 -0.348922 1.321259 -1.148537 -0.413342 -0.685814
    39 1.789787 0.000000 0.000004 0.143112 0.004764 0.680910
    40 1.207001 0.000000 -0.000004 -0.238537 -0.328319 0.202547
    41 3.859665 -0.132565 1.193108 0.479138 -0.158546 -0.879039
    42 1.312561 0.000000 0.000000 0.000000 -0.011932 -0.439671
    43 0.729366 0.000002 0.000000 0.000002 -0.006134 -0.244270
    44 3.942291 0.050330 0.431042 0.154996 -0.079305 -0.810204
    45 1.539097 0.000003 0.000000 0.000000 -0.005853 -0.247769
    46 1.196320 0.000000 0.000000 0.000001 -0.009662 -0.430760
    47 3.883648 -0.050325 -0.431044 -0.034933 -0.082803 -1.461175
    48 1.719574 -0.000005 0.000000 0.000000 -0.007972 -1.498039
    49 1.209183 -0.000001 0.000000 0.000001 -0.004459 -0.216376
    50 3.859825 -0.148935 -1.331284 -0.082074 -0.080252 -1.260988
    51 1.719425 0.000000 0.000000 0.000000 -0.006612 -1.709117
    52 1.099663 0.000000 0.000000 0.000000 -0.004208 -0.244311
    53 0.806015 -0.359835 -1.318335 0.912685 0.357216 -0.682331
    54 1.789780 0.000001 0.000000 0.012436 -0.169953 0.694155
    55 1.207001 0.000000 0.000004 -0.000002 -0.009618 0.362904
    56 2.338451 -1.535743 -6.391512 1.520238 -0.094383 -2.001948
  time 9
    0 -0.002349 -0.636733 34.656642 1.693190 0.000007 -0.719444
    1 0.000005 3.345128 -2.981903 1.570796 0.123096 1.570796
    2 4.018331 0.000000 0.000000 0.054441 -0.042799 0.034481
    3 3.518564 0.000000 0.000000 -0.095603 -0.001979 0.100465
    4 8.942642 0.000000 0.000000 -0.120247 0.021687 0.192790
    5 3.307269 0.000000 -0.000004 -2.676674 -0.310542 0.304883
    6 3.593710 -0.000001 -0.000004 0.431122 0.025048 0.374978
    7 1.999994 -3.000001 0.000004 -1.570800 -0.000007 -1.326410
    8 2.033349 1.000771 -1.937607 -1.633305 1.117634 2.980521
    9 6.028143 0.000002 -0.000004 1.624671 0.007952 -0.579101
    10 11.692545 0.000000 0.000000 0.183449 -0.024724 -1.969730
    11 11.481701 0.000000 0.000000 -1.141199 0.118725 -0.006785
    12 2.676086 -1.712440 0.000000 -1.570795 0.000005 -1.570795
    13 2.033341 1.000767 1.937660 0.859154 -1.303000 -2.741514
    14 6.028140 0.000002 0.000000 -1.515675 -0.439771 -0.612543
    15 11.692553 0.000000 0.000011 -0.711747 0.466856 -1.626303
    16 11.481667 0.000000 -0.000031 1.617377 -0.034172 0.028287
    17 2.676086 -1.712440 0.000004 1.570797 0.000001 1.570797
    18 -3.890452 0.000004 0.000004 -1.123702 0.018847 -1.757479
    19 17.848171 0.000000 0.000004 0.000009 0.000000 0.744790
    20 16.525251 0.000000 0.000004 0.017470 0.053308 -1.513166
    21 6.879454 0.000000 0.000008 -0.081332 -0.002951 -0.584373
    22 3.890452 -0.000004 -0.000004 -2.034205 -0.664422 -1.266995
    23 17.848175 0.000000 -0.000004 0.000010 0.000000 0.736298
    24 16.525246 0.000000 0.000004 -0.026932 -0.041355 -1.094644
    25 6.879452 0.000000 0.000000 -0.007311 -0.002944 -0.584342
    26 3.859703 -0.142403 -1.191975 -0.479143 0.152189 -0.879872
    27 1.312565 0.000001 0.000004 0.000000 0.009664 -0.439719
    28 0.729362 0.000002 0.000004 -0.028979 0.117255 -0.451390
    29 3.942326 0.046774 -0.431438 -0.155011 0.073329 -0.810646
    30 1.539093 0.000001 0.000000 0.041407 0.089645 -0.699060
    31 1.196320 -0.000001 0.000004 -0.000002 0.007360 -0.430801
    32 3.883686 -0.046767 0.431446 0.812670 -0.191549 -1.550266
    33 1.719570 0.000002 0.000004 0.194938 -0.171308 -0.606847
    34 1.209183 -0.000001 -0.000004 0.409190 -0.306122 -0.737506
    35 3.859859 -0.137950 1.332462 0.716033 -0.200230 -1.353927
    36 1.719429 0.000002 0.000000 -0.000001 0.004072 -0.363008
    37 1.099670 0.000001 0.000004 0.133914 -0.229713 -0.543027
    38 0.806049 -0.348922 1.321259 -1.148537 -0.413342 -0.685814
    39 1.789787 0.000000 0.000004 0.143112 0.004764 0.680910
    40 1.207001 0.000000 -0.000004 -0.238537 -0.328319 0.202547
    41 3.859665 -0.132565 1.193108 0.479138 -0.158546 -0.879039
    42 1.312561 0.000000 0.000000 0.000000 -0.011932 -0.439671
    43 0.729366 0.000002 0.000000 0.000002 -0.006134 -0.244270
    44 3.942291 0.050330 0.431042 0.154996 -0.079305 -0.810204
    45 1.539097 0.000003 0.000000 0.000000 -0.005853 -0.247769
    46 1.196320 0.000000 0.000000 0.000001 -0.009662 -0.430760
    47 3.883648 -0.050325 -0.431044 -0.034933 -0.082803 -1.461175
    48 1.719574 -0.000005 0.000000 0.000000 -0.007972 -1.498039
    49 1.209183 -0.000001 0.000000 0.000001 -0.004459 -0.216376
    50 3.859825 -0.148935 -1.331284 -0.082074 -0.080252 -1.260988
    51 1.719425 0.000000 0.000000 0.000000 -0.006612 -1.709117
    52 1.099663 0.000000 0.000000 0.000000 -0.004208 -0.244311
    53 0.806015 -0.359835 -1.318335 0.912685 0.357216 -0.682331
    54 1.789780 0.000001 0.000000 0.012436 -0.169953 0.694155
    55 1.207001 0.000000 0.000004 -0.000002 -0.009618 0.362904
    56 2.338451 -1.535743 -6.391512 1.520238 -0.094383 -2.001948
  time 10
    0 -0.002349 -0.656265 34.621485 1.693190 0.000007 -0.719444
    1 0.000005 3.345128 -2.981903 1.570796 0.123096 1.570796
    2 4.018331 0.000000 0.000000 0.054441 -0.042799 0.034481
    3 3.518564 0.000000 0.000000 -0.095603 -0.001979 0.100465
    4 8.942642 0.000000 0.000000 -0.120247 0.021687 0.192790
    5 3.307269 0.000000 -0.000004 -2.676674 -0.310542 0.304883
    6 3.593710 -0.000001 -0.000004 0.431122 0.024257 0.376702
    7 1.999994 -3.000001 0.000004 -1.570800 -0.000007 -1.326410
    8 2.033349 1.000771 -1.937607 -1.633305 1.117634 2.980521
    9 6.028143 0.000002 -0.000004 1.621730 0.011178 -0.577510
    10 11.692545 0.000000 0.000000 0.183341 -0.025371 -1.966244
    11 11.481701 0.000000 0.000000 -1.141199 0.118725 -0.006785
    12 2.676086 -1.712440 0.000000 -1.570795 0.000005 -1.570795
    13 2.033341 1.000767 1.937660 0.859154 -1.303000 -2.741514
    14 6.028140 0.000002 0.000000 -1.516961 -0.441120 -0.610592
    15 11.692553 0.000000 0.000011 -0.711747 0.466856 -1.626303
    16 11.481667 0.000000 -0.000031 1.617377 -0.034172 0.028287
    17 2.676086 -1.712440 0.000004 1.570797 0.000001 1.570797
    18 -3.890452 0.000004 0.000004 -1.124056 0.018020 -1.758757
    19 17.848171 0.000000 0.000004 0.000009 0.000000 0.748826
    20 16.525251 0.000000 0.000004 0.017240 0.053381 -1.517389
    21 6.879454 0.000000 0.000008 -0.081332 -0.002951 -0.584373
    22 3.890452 -0.000004 -0.000004 -2.035592 -0.666988 -1.265414
    23 17.848175 0.000000 -0.000004 0.000010 0.000000 0.742872
    24 16.525246 0.000000 0.000004 -0.026742 -0.041481 -1.099226
    25 6.879452 0.000000 0.000000 -0.007299 -0.002944 -0.584342
    26 3.859703 -0.142403 -1.191975 -0.479143 0.152189 -0.879872
    27 1.312565 0.000001 0.000004 0.000000 0.009664 -0.439719
    28 0.729362 0.000002 0.000004 -0.028979 0.117255 -0.451390
    29 3.942326 0.046774 -0.431438 -0.155011 0.073329 -0.810646
    30 1.539093 0.000001 0.000000 0.041407 0.089645 -0.699060
    31 1.196320 -0.000001 0.000004 -0.000002 0.007360 -0.430801
    32 3.883686 -0.046767 0.431446 0.812670 -0.191549 -1.550266
    33 1.719570 0.000002 0.000004 0.194938 -0.171308 -0.606847
    34 1.209183 -0.000001 -0.000004 0.409190 -0.306122 -0.737506
    35 3.859859 -0.137950 1.332462 0.716033 -0.200230 -1.353927
    36 1.719429 0.000002 0.000000 -0.000001 0.004072 -0.363008
    37 1.099670 0.000001 0.000004 0.133914 -0.229713 -0.543027
    38 0.806049 -0.348922 1.321259 -1.148537 -0.413342 -0.685814
    39 1.789787 0.000000 0.000004 0.143112 0.004764 0.680910
    40 1.207001 0.000000 -0.000004 -0.238537 -0.328319 0.202547
    41 3.859665 -0.132565 1.193108 0.479138 -0.158546 -0.879039
    42 1.312561 0.000000 0.000000 0.000000 -0.011932 -0.439671
    43 0.729366 0.000002 0.000000 0.000002 -0.006134 -0.244270
    44 3.942291 0.050330 0.431042 0.154996 -0.079305 -0.810204
    45 1.539097 0.000003 0.000000 0.000000 -0.005853 -0.247769
    46 1.196320 0.000000 0.000000 0.000001 -0.009662 -0.430760
    47 3.883648 -0.050325 -0.431044 -0.034933 -0.082803 -1.461175
    48 1.719574 -0.000005 0.000000 0.000000 -0.007972 -1.498039
    49 1.209183 -0.000001 0.000000 0.000001 -0.004459 -0.216376
    50 3.859825 -0.148935 -1.331284 -0.082074 -0.080252 -1.260988
    51 1.719425 0.000000 0.000000 0.000000 -0.006612 -1.709117
    52 1.099663 0.000000 0.000000 0.000000 -0.004208 -0.244311
    53 0.806015 -0.359835 -1.318335 0.912685 0.357216 -0.682331
    54 1.789780 0.000001 0.000000 0.012436 -0.169953 0.694155
    55 1.207001 0.000000 0.000004 -0.000002 -0.009618 0.362904
    56 2.338451 -1.535743 -6.391512 1.520238 -0.094383 -2.001948
  time 11
    0 -0.002349 -0.679703 34.582421 1.693190 0.000007 -0.719444
    1 0.000005 3.345128 -2.981903 1.570796 0.123096 1.570796
    2 4.018331 0.000000 0.000000 0.054441 -0.042799 0.034481
    3 3.518564 0.000000 0.000000 -0.095603 -0.001979 0.100465
    4 8.942642 0.000000 0.000000 -0.120247 0.021687 0.192790
    5 3.307269 0.000000 -0.000004 -2.676674 -0.310542 0.304883
    6 3.593710 -0.000001 -0.000004 0.431168 0.023418 0.378532
    7 1.999994 -3.000001 0.000004 -1.570753 -0.000007 -1.326410
    8 2.033349 1.000771 -1.937607 -1.633305 1.117634 2.980521
    9 6.028143 0.000002 -0.000004 1.618606 0.014578 -0.575885
    10 11.692545 0.000000 0.000000 0.183233 -0.026054 -1.962561
    11 11.481701 0.000000 0.000000 -1.141199 0.118725 -0.006785
    12 2.676086 -1.712440 0.000000 -1.570795 0.000005 -1.570795
    13 2.033341 1.000767 1.937660 0.859154 -1.303000 -2.741514
    14 6.028140 0.000002 0.000000 -1.518364 -0.442503 -0.608524
    15 11.692553 0.000000 0.000011 -0.711747 0.466856 -1.626303
    16 11.481667 0.000000 -0.000031 1.617377 -0.034172 0.028287
    17 2.676086 -1.712440 0.000004 1.570797 0.000001 1.570797
    18 -3.890452 0.000004 0.000004 -1.124411 0.017136 -1.760100
    19 17.848171 0.000000 0.000004 0.000009 0.000000 0.753087
    20 16.525251 0.000000 0.000004 0.017010 0.053439 -1.521813
    21 6.879454 0.000000 0.000008 -0.081332 -0.002951 -0.584373
    22 3.890452 -0.000004 -0.000004 -2.036571 -0.669681 -1.263970
    23 17.848175 0.000000 -0.000004 0.000010 0.000000 0.749696
    24 16.525246 0.000000 0.000004 -0.026537 -0.041608 -1.104050
    25 6.879452 0.000000 0.000000 -0.007299 -0.002944 -0.584342
    26 3.859703 -0.142403 -1.191975 -0.479143 0.152189 -0.879872
    27 1.312565 0.000001 0.000004 0.000000 0.009664 -0.439719
    28 0.729362 0.000002 0.000004 -0.028979 0.117255 -0.451390
    29 3.942326 0.046774 -0.431438 -0.155011 0.073329 -0.810646
    30 1.539093 0.000001 0.000000 0.041407 0.089645 -0.699060
    31 1.196320 -0.000001 0.000004 -0.000002 0.007360 -0.430801
    32 3.883686 -0.046767 0.431446 0.812670 -0.191549 -1.550266
    33 1.719570 0.000002 0.000004 0.194938 -0.171308 -0.606847
    34 1.209183 -0.000001 -0.000004 0.409190 -0.306122 -0.737506
    35 3.859859 -0.137950 1.332462 0.716033 -0.200230 -1.353927
    36 1.719429 0.000002 0.000000 -0.000001 0.004072 -0.363008
    37 1.099670 0.000001 0.000004 0.133914 -0.229713 -0.543027
    38 0.806049 -0.348922 1.321259 -1.148537 -0.413342 -0.685814
    39 1.789787 0.000000 0.000004 0.143112 0.004764 0.680910
    40 1.207001 0.000000 -0.000004 -0.238537 -0.328319 0.202547
    41 3.859665 -0.132565 1.193108 0.479138 -0.158546 -0.879039
    42 1.312561 0.000000 0.000000 0.000000 -0.011932 -0.439671
    43 0.729366 0.000002 0.000000 0.000002 -0.006134 -0.244270
    44 3.942291 0.050330 0.431042 0.154996 -0.079305 -0.810204
    45 1.539097 0.000003 0.000000 0.000000 -0.005853 -0.247769
    46 1.196320 0.000000 0.000000 0.000001 -0.009662 -0.430760
    47 3.883648 -0.050325 -0.431044 -0.034933 -0.082803 -1.461175
    48 1.719574 -0.000005 0.000000 0.000000 -0.007972 -1.498039
    49 1.209183 -0.000001 0.000000 0.000001 -0.004459 -0.216376
    50 3.859825 -0.148935 -1.331284 -0.082074 -0.080252 -1.260988
    51 1.719425 0.000000 0.000000 0.000000 -0.006612 -1.709117
    52 1.099663 0.000000 0.000000 0.000000 -0.004208 -0.244311
    53 0.806015 -0.359835 -1.318335 0.912685 0.357216 -0.682331
    54 1.789780 0.000001 0.000000 0.012436 -0.169953 0.694155
    55 1.207001 0.000000 0.000004 -0.000002 -0.009618 0.362904
    56 2.338451 -1.535743 -6.391512 1.520238 -0.094383 -2.001948
  time 12
    0 -0.002349 -0.703141 34.543357 1.693190 0.000007 -0.719444
    1 0.000005 3.345128 -2.981903 1.570796 0.123096 1.570796
    2 4.018331 0.000000 0.000000 0.054441 -0.042799 0.034481
    3 3.518564 0.000000 0.000000 -0.095603 -0.001979 0.100465
    4 8.942642 0.000000 0.000000 -0.120247 0.021687 0.192790
    5 3.307269 0.000000 -0.000004 -2.676674 -0.310542 0.304883
    6 3.593710 -0.000001 -0.000004 0.431214 0.022543 0.380432
    7 1.999994 -3.000001 0.000004 -1.570753 -0.000007 -1.326410
    8 2.033349 1.000771 -1.937607 -1.633305 1.117634 2.980521
    9 6.028143 0.000002 -0.000004 1.615389 0.018117 -0.574153
    10 11.692545 0.000000 0.000000 0.183126 -0.026774 -1.958680
    11 11.481701 0.000000 0.000000 -1.141199 0.118725 -0.006785
    12 2.676086 -1.712440 0.000000 -1.570795 0.000005 -1.570795
    13 2.033341 1.000767 1.937660 0.859154 -1.303000 -2.741514
    14 6.028140 0.000002 0.000000 -1.519825 -0.443987 -0.606377
    15 11.692553 0.000000 0.000011 -0.711747 0.466856 -1.626303
    16 11.481667 0.000000 -0.000031 1.617377 -0.034172 0.028287
    17 2.676086 -1.712440 0.000004 1.570797 0.000001 1.570797
    18 -3.890452 0.000004 0.000004 -1.124765 0.016252 -1.761442
    19 17.848171 0.000000 0.000004 0.000009 0.000000 0.757422
    20 16.525251 0.000000 0.000004 0.016763 0.053527 -1.526438
    21 6.879454 0.000000 0.000008 -0.081332 -0.002951 -0.584373
    22 3.890452 -0.000004 -0.000004 -2.037550 -0.672458 -1.262389
    23 17.848175 0.000000 -0.000004 0.000010 0.000000 0.756707
    24 16.525246 0.000000 0.000004 -0.026332 -0.041735 -1.109114
    25 6.879452 0.000000 0.000000 -0.007311 -0.002944 -0.584342
    26 3.859703 -0.142403 -1.191975 -0.479143 0.152189 -0.879872
    27 1.312565 0.000001 0.000004 0.000000 0.009664 -0.439719
    28 0.729362 0.000002 0.000004 -0.028979 0.117255 -0.451390
    29 3.942326 0.046774 -0.431438 -0.155011 0.073329 -0.810646
    30 1.539093 0.000001 0.000000 0.041407 0.089645 -0.699060
    31 1.196320 -0.000001 0.000004 -0.000002 0.007360 -0.430801
    32 3.883686 -0.046767 0.431446 0.812670 -0.191549 -1.550266
    33 1.719570 0.000002 0.000004 0.194938 -0.171308 -0.606847
    34 1.209183 -0.000001 -0.000004 0.409190 -0.306122 -0.737506
    35 3.859859 -0.137950 1.332462 0.716033 -0.200230 -1.353927
    36 1.719429 0.000002 0.000000 -0.000001 0.004072 -0.363008
    37 1.099670 0.000001 0.000004 0.133914 -0.229713 -0.543027
    38 0.806049 -0.348922 1.321259 -1.148537 -0.413342 -0.685814
    39 1.789787 0.000000 0.000004 0.143112 0.004764 0.680910
    40 1.207001 0.000000 -0.000004 -0.238537 -0.328319 0.202547
    41 3.859665 -0.132565 1.193108 0.479138 -0.158546 -0.879039
    42 1.312561 0.000000 0.000000 0.000000 -0.011932 -0.439671
    43 0.729366 0.000002 0.000000 0.000002 -0.006134 -0.244270
    44 3.942291 0.050330 0.431042 0.154996 -0.079305 -0.810204
    45 1.539097 0.000003 0.000000 0.000000 -0.005853 -0.247769
    46 1.196320 0.000000 0.000000 0.000001 -0.009662 -0.430760
    47 3.883648 -0.050325 -0.431044 -0.034933 -0.082803 -1.461175
    48 1.719574 -0.000005 0.000000 0.000000 -0.007972 -1.498039
    49 1.209183 -0.000001 0.000000 0.000001 -0.004459 -0.216376
    50 3.859825 -0.148935 -1.331284 -0.082074 -0.080252 -1.260988
    51 1.719425 0.000000 0.000000 0.000000 -0.006612 -1.709117
    52 1.099663 0.000000 0.000000 0.000000 -0.004208 -0.244311
    53 0.806015 -0.359835 -1.318335 0.912685 0.357216 -0.682331
    54 1.789780 0.000001 0.000000 0.012436 -0.169953 0.694155
    55 1.207001 0.000000 0.000004 -0.000002 -0.009618 0.362904
    56 2.338451 -1.535743 -6.391512 1.520238 -0.094383 -2.001948
  time 13
    0 -0.002349 -0.726580 34.500387 1.693190 0.000007 -0.719444
    1 0.000005 3.345128 -2.981903 1.570796 0.123096 1.570796
    2 4.018331 0.000000 0.000000 0.054441 -0.042799 0.034481
    3 3.518564 0.000000 0.000000 -0.095603 -0.001979 0.100465
    4 8.942642 0.000000 0.000000 -0.120247 0.021687 0.192790
    5 3.307269 0.000000 -0.000004 -2.676674 -0.310542 0.304883
    6 3.593710 -0.000001 -0.000004 0.431260 0.021644 0.382367
    7 1.999994 -3.000001 0.000004 -1.570753 -0.000007 -1.326410
    8 2.033349 1.000771 -1.937607 -1.633305 1.117634 2.980521
    9 6.028143 0.000002 -0.000004 1.611989 0.021779 -0.572386
    10 11.692545 0.000000 0.000000 0.183006 -0.027505 -1.954734
    11 11.481701 0.000000 0.000000 -1.141199 0.118725 -0.006785
    12 2.676086 -1.712440 0.000000 -1.570795 0.000005 -1.570795
    13 2.033341 1.000767 1.937660 0.859154 -1.303000 -2.741514
    14 6.028140 0.000002 0.000000 -1.521287 -0.445471 -0.604153
    15 11.692553 0.000000 0.000011 -0.711747 0.466856 -1.626303
    16 11.481667 0.000000 -0.000031 1.617377 -0.034172 0.028287
    17 2.676086 -1.712440 0.000004 1.570797 0.000001 1.570797
    18 -3.890452 0.000004 0.000004 -1.125119 0.015367 -1.762848
    19 17.848171 0.000000 0.000004 0.000009 0.000000 0.761907
    20 16.525251 0.000000 0.000004 0.016498 0.053600 -1.531164
    21 6.879454 0.000000 0.000008 -0.081332 -0.002951 -0.584373
    22 3.890452 -0.000004 -0.000004 -2.038610 -0.675320 -1.260876
    23 17.848175 0.000000 -0.000004 0.000010 0.000000 0.763907
    24 16.525246 0.000000 0.000004 -0.026112 -0.041861 -1.114299
    25 6.879452 0.000000 0.000000 -0.007299 -0.002944 -0.584342
    26 3.859703 -0.142403 -1.191975 -0.479143 0.152189 -0.879872
    27 1.312565 0.000001 0.000004 0.000000 0.009664 -0.439719
    28 0.729362 0.000002 0.000004 -0.028979 0.117255 -0.451390
    29 3.942326 0.046774 -0.431438 -0.155011 0.073329 -0.810646
    30 1.539093 0.000001 0.000000 0.041407 0.089645 -0.699060
    31 1.196320 -0.000001 0.000004 -0.000002 0.007360 -0.430801
    32 3.883686 -0.046767 0.431446 0.812670 -0.191549 -1.550266
    33 1.719570 0.000002 0.000004 0.194938 -0.171308 -0.606847
    34 1.209183 -0.000001 -0.000004 0.409190 -0.306122 -0.737506
    35 3.859859 -0.137950 1.332462 0.716033 -0.200230 -1.353927
    36 1.719429 0.000002 0.000000 -0.000001 0.004072 -0.363008
    37 1.099670 0.000001 0.000004 0.133914 -0.229713 -0.543027
    38 0.806049 -0.348922 1.321259 -1.148537 -0.413342 -0.685814
    39 1.789787 0.000000 0.000004 0.143112 0.004764 0.680910
    40 1.207001 0.000000 -0.000004 -0.238537 -0.328319 0.202547
    41 3.859665 -0.132565 1.193108 0.479138 -0.158546 -0.879039
    42 1.312561 0.000000 0.000000 0.000000 -0.011932 -0.439671
    43 0.729366 0.000002 0.000000 0.000002 -0.006134 -0.244270
    44 3.942291 0.050330 0.431042 0.154996 -0.079305 -0.810204
    45 1.539097 0.000003 0.000000 0.000000 -0.005853 -0.247769
    46 1.196320 0.000000 0.000000 0.000001 -0.009662 -0.430760
    47 3.883648 -0.050325 -0.431044 -0.034933 -0.082803 -1.461175
    48 1.719574 -0.000005 0.000000 0.000000 -0.007972 -1.498039
    49 1.209183 -0.000001 0.000000 0.000001 -0.004459 -0.216376
    50 3.859825 -0.148935 -1.331284 -0.082074 -0.080252 -1.260988
    51 1.719425 0.000000 0.000000 0.000000 -0.006612 -1.709117
    52 1.099663 0.000000 0.000000 0.000000 -0.004208 -0.244311
    53 0.806015 -0.359835 -1.318335 0.912685 0.357216 -0.682331
    54 1.789780 0.000001 0.000000 0.012436 -0.169953 0.694155
    55 1.207001 0.000000 0.000004 -0.000002 -0.009618 0.362904
    56 2.338451 -1.535743 -6.391512 1.520238 -0.094383 -2.001948
  time 14
    0 -0.002349 -0.750018 34.461323 1.693190 0.000007 -0.719444
    1 0.000005 3.345128 -2.981903 1.570796 0.123096 1.570796
    2 4.018331 0.000000 0.000000 0.054441 -0.042799 0.034481
    3 3.518564 0.000000 0.000000 -0.095603 -0.001979 0.100465
    4 8.942642 0.000000 0.000000 -0.120247 0.021687 0.192790
    5 3.307269 0.000000 -0.000004 -2.676674 -0.310542 0.304883
    6 3.593710 -0.000001 -0.000004 0.431306 0.020733 0.384373
    7 1.999994 -3.000001 0.000004 -1.570800 -0.000007 -1.326410
    8 2.033349 1.000771 -1.937607 -1.633305 1.117634 2.980521
    9 6.028143 0.000002 -0.000004 1.608588 0.025511 -0.570584
    10 11.692545 0.000000 0.000000 0.182886 -0.028260 -1.950656
    11 11.481701 0.000000 0.000000 -1.141199 0.118725 -0.006785
    12 2.676086 -1.712440 0.000000 -1.570795 0.000005 -1.570795
    13 2.033341 1.000767 1.937660 0.859154 -1.303000 -2.741514
    14 6.028140 0.000002 0.000000 -1.522807 -0.446989 -0.601889
    15 11.692553 0.000000 0.000011 -0.711747 0.466856 -1.626303
    16 11.481667 0.000000 -0.000031 1.617377 -0.034172 0.028287
    17 2.676086 -1.712440 0.000004 1.570797 0.000001 1.570797
    18 -3.890452 0.000004 0.000004 -1.125178 0.014512 -1.764447
    19 17.848171 0.000000 0.000004 0.000009 0.000000 0.766392
    20 16.525251 0.000000 0.000004 0.016233 0.053673 -1.536040
    21 6.879454 0.000000 0.000008 -0.081332 -0.002951 -0.584373
    22 3.890452 -0.000004 -0.000004 -2.039752 -0.678223 -1.259227
    23 17.848175 0.000000 -0.000004 0.000010 0.000000 0.771294
    24 16.525246 0.000000 0.000004 -0.025893 -0.042006 -1.119545
    25 6.879452 0.000000 0.000000 -0.007299 -0.002944 -0.584342
    26 3.859703 -0.142403 -1.191975 -0.479143 0.152189 -0.879872
    27 1.312565 0.000001 0.000004 0.000000 0.009664 -0.439719
    28 0.729362 0.000002 0.000004 -0.028979 0.117255 -0.451390
    29 3.942326 0.046774 -0.431438 -0.155011 0.073329 -0.810646
    30 1.539093 0.000001 0.000000 0.041407 0.089645 -0.699060
    31 1.196320 -0.000001 0.000004 -0.000002 0.007360 -0.430801
    32 3.883686 -0.046767 0.431446 0.812670 -0.191549 -1.550266
    33 1.719570 0.000002 0.000004 0.194938 -0.171308 -0.606847
    34 1.209183 -0.000001 -0.000004 0.409190 -0.306122 -0.737506
    35 3.859859 -0.137950 1.332462 0.716033 -0.200230 -1.353927
    36 1.719429 0.000002 0.000000 -0.000001 0.004072 -0.363008
    37 1.099670 0.000001 0.000004 0.133914 -0.229713 -0.543027
    38 0.806049 -0.348922 1.321259 -1.148537 -0.413342 -0.685814
    39 1.789787 0.000000 0.000004 0.143112 0.004764 0.680910
    40 1.207001 0.000000 -0.000004 -0.238537 -0.328319 0.202547
    41 3.859665 -0.132565 1.193108 0.479138 -0.158546 -0.879039
    42 1.312561 0.000000 0.000000 0.000000 -0.011932 -0.439671
    43 0.729366 0.000002 0.000000 0.000002 -0.006134 -0.244270
    44 3.942291 0.050330 0.431042 0.154996 -0.079305 -0.810204
    45 1.539097 0.000003 0.000000 0.000000 -0.005853 -0.247769
    46 1.196320 0.000000 0.000000 0.000001 -0.009662 -0.430760
    47 3.883648 -0.050325 -0.431044 -0.034933 -0.082803 -1.461220
    48 1.719574 -0.000005 0.000000 0.000000 -0.007972 -1.498039
    49 1.209183 -0.000001 0.000000 0.000001 -0.004459 -0.216376
    50 3.859825 -0.148935 -1.331284 -0.082074 -0.080252 -1.260988
    51 1.719425 0.000000 0.000000 0.000000 -0.006612 -1.709117
    52 1.099663 0.000000 0.000000 0.000000 -0.004208 -0.244311
    53 0.806015 -0.359835 -1.318335 0.912685 0.357216 -0.682331
    54 1.789780 0.000001 0.000000 0.012436 -0.169953 0.694155
    55 1.207001 0.000000 0.000004 -0.000002 -0.009618 0.362904
    56 2.338451 -1.535743 -6.391512 1.520238 -0.094383 -2.001948
  time 15
    0 -0.002349 -0.773456 34.418353 1.693190 0.000007 -0.719444
    1 0.000005 3.345128 -2.981903 1.570796 0.123096 1.570796
    2 4.018331 0.000000 0.000000 0.054441 -0.042799 0.034481
    3 3.518564 0.000000 0.000000 -0.095603 -0.001979 0.100465
    4 8.942642 0.000000 0.000000 -0.120247 0.021687 0.192790
    5 3.307269 0.000000 -0.000004 -2.676674 -0.310542 0.304883
    6 3.593710 -0.000001 -0.000004 0.431306 0.019799 0.386379
    7 1.999994 -3.000001 0.000004 -1.570753 -0.000007 -1.326410
    8 2.033349 1.000771 -1.937607 -1.633305 1.117634 2.980521
    9 6.028143 0.000002 -0.000004 1.605096 0.029277 -0.568782
    10 11.692545 0.000000 0.000000 0.182766 -0.029015 -1.946512
    11 11.481701 0.000000 0.000000 -1.141199 0.118725 -0.006785
    12 2.676086 -1.712440 0.000000 -1.570795 0.000005 -1.570795
    13 2.033341 1.000767 1.937660 0.859154 -1.303000 -2.741514
    14 6.028140 0.000002 0.000000 -1.524327 -0.448541 -0.599626
    15 11.692553 0.000000 0.000011 -0.711747 0.466856 -1.626303
    16 11.481667 0.000000 -0.000031 1.617377 -0.034172 0.028287
    17 2.676086 -1.712440 0.000004 1.570797 0.000001 1.570797
    18 -3.890452 0.000004 0.000004 -1.125886 0.013570 -1.765725
    19 17.848171 0.000000 0.000004 0.000009 0.000000 0.770877
    20 16.525251 0.000000 0.000004 0.015985 0.053747 -1.540866
    21 6.879454 0.000000 0.000008 -0.081332 -0.002951 -0.584373
    22 3.890452 -0.000004 -0.000004 -2.040813 -0.681042 -1.257646
    23 17.848175 0.000000 -0.000004 0.000010 0.000000 0.778431
    24 16.525246 0.000000 0.000004 -0.025658 -0.042132 -1.124850
    25 6.879452 0.000000 0.000000 -0.007299 -0.002944 -0.584342
    26 3.859703 -0.142403 -1.191975 -0.479143 0.152189 -0.879872
    27 1.312565 0.000001 0.000004 0.000000 0.009664 -0.439719
    28 0.729362 0.000002 0.000004 -0.028979 0.117255 -0.451390
    29 3.942326 0.046774 -0.431438 -0.155011 0.073329 -0.810646
    30 1.539093 0.000001 0.000000 0.041407 0.089645 -0.699060
    31 1.196320 -0.000001 0.000004 -0.000002 0.007360 -0.430801
    32 3.883686 -0.046767 0.431446 0.812670 -0.191549 -1.550266
    33 1.719570 0.000002 0.000004 0.194938 -0.171308 -0.606847
    34 1.209183 -0.000001 -0.000004 0.409190 -0.306122 -0.737506
    35 3.859859 -0.137950 1.332462 0.716033 -0.200230 -1.353927
    36 1.719429 0.000002 0.000000 -0.000001 0.004072 -0.363008
    37 1.099670 0.000001 0.000004 0.133914 -0.229713 -0.543027
    38 0.806049 -0.348922 1.321259 -1.148537 -0.413342 -0.685814
    39 1.789787 0.000000 0.000004 0.143112 0.004764 0.680910
    40 1.207001 0.000000 -0.000004 -0.238537 -0.328319 0.202547
    41 3.859665 -0.132565 1.193108 0.479138 -0.158546 -0.879039
    42 1.312561 0.000000 0.000000 0.000000 -0.011932 -0.439671
    43 0.729366 0.000002 0.000000 0.000002 -0.006134 -0.244270
    44 3.942291 0.050330 0.431042 0.154996 -0.079305 -0.810204
    45 1.539097 0.000003 0.000000 0.000000 -0.005853 -0.247769
    46 1.196320 0.000000 0.000000 0.000001 -0.009662 -0.430760
    47 3.883648 -0.050325 -0.431044 -0.034933 -0.082803 -1.461175
    48 1.719574 -0.000005 0.000000 0.000000 -0.007972 -1.498039
    49 1.209183 -0.000001 0.000000 0.000001 -0.004459 -0.216376
    50 3.859825 -0.148935 -1.331284 -0.082074 -0.080252 -1.260988
    51 1.719425 0.000000 0.000000 0.000000 -0.006612 -1.709117
    52 1.099663 0.000000 0.000000 0.000000 -0.004208 -0.244311
    53 0.806015 -0.359835 -1.318335 0.912685 0.357216 -0.682331
    54 1.789780 0.000001 0.000000 0.012436 -0.169953 0.694155
    55 1.207001 0.000000 0.000004 -0.000002 -0.009618 0.362904
    56 2.338451 -1.535743 -6.391512 1.520238 -0.094383 -2.001948
  time 16
    0 -0.002349 -0.796894 34.375383 1.693190 0.000007 -0.719444
    1 0.000005 3.345128 -2.981903 1.570796 0.123096 1.570796
    2 4.018331 0.000000 0.000000 0.054441 -0.042799 0.034481
    3 3.518564 0.000000 0.000000 -0.095603 -0.001979 0.100465
    4 8.942642 0.000000 0.000000 -0.120247 0.021687 0.192790
    5 3.307269 0.000000 -0.000004 -2.676674 -0.310542 0.304883
    6 3.593710 -0.000001 -0.000004 0.431352 0.018864 0.388420
    7 1.999994 -3.000001 0.000004 -1.570753 -0.000007 -1.326410
    8 2.033349 1.000771 -1.937607 -1.633305 1.117634 2.980521
    9 6.028143 0.000002 -0.000004 1.601604 0.033061 -0.566944
    10 11.692545 0.000000 0.000000 0.182646 -0.029782 -1.942435
    11 11.481701 0.000000 0.000000 -1.141199 0.118725 -0.006785
    12 2.676086 -1.712440 0.000000 -1.570795 0.000005 -1.570795
    13 2.033341 1.000767 1.937660 0.859154 -1.303000 -2.741514
    14 6.028140 0.000002 0.000000 -1.525847 -0.450092 -0.597362
    15 11.692553 0.000000 0.000011 -0.711747 0.466856 -1.626303
    16 11.481667 0.000000 -0.000031 1.617377 -0.034172 0.028287
    17 2.676086 -1.712440 0.000004 1.570797 0.000001 1.570797
    18 -3.890452 0.000004 0.000004 -1.126299 0.012715 -1.767132
    19 17.848171 0.000000 0.000004 0.000009 0.000000 0.775362
    20 16.525251 0.000000 0.000004 0.015720 0.053834 -1.545742
    21 6.879454 0.000000 0.000008 -0.081332 -0.002951 -0.584373
    22 3.890452 -0.000004 -0.000004 -2.041874 -0.683819 -1.256133
    23 17.848175 0.000000 -0.000004 0.000010 0.000000 0.785506
    24 16.525246 0.000000 0.000004 -0.025439 -0.042277 -1.130216
    25 6.879452 0.000000 0.000000 -0.007311 -0.002944 -0.584342
    26 3.859703 -0.142403 -1.191975 -0.479143 0.152189 -0.879872
    27 1.312565 0.000001 0.000004 0.000000 0.009664 -0.439719
    28 0.729362 0.000002 0.000004 -0.028979 0.117255 -0.451390
    29 3.942326 0.046774 -0.431438 -0.155011 0.073329 -0.810646
    30 1.539093 0.000001 0.000000 0.041407 0.089645 -0.699060
    31 1.196320 -0.000001 0.000004 -0.000002 0.007360 -0.430801
    32 3.883686 -0.046767 0.431446 0.812670 -0.191549 -1.550266
    33 1.719570 0.000002 0.000004 0.194938 -0.171308 -0.606847
    34 1.209183 -0.000001 -0.000004 0.409190 -0.306122 -0.737506
    35 3.859859 -0.137950 1.332462 0.716033 -0.200230 -1.353927
    36 1.719429 0.000002 0.000000 -0.000001 0.004072 -0.363008
    37 1.099670 0.000001 0.000004 0.133914 -0.229713 -0.543027
    38 0.806049 -0.348922 1.321259 -1.148537 -0.413342 -0.685814
    39 1.789787 0.000000 0.000004 0.143112 0.004764 0.680910
    40 1.207001 0.000000 -0.000004 -0.238537 -0.328319 0.202547
    41 3.859665 -0.132565 1.193108 0.479138 -0.158546 -0.879039
    42 1.312561 0.000000 0.000000 0.000000 -0.011932 -0.439671
    43 0.729366 0.000002 0.000000 0.000002 -0.006134 -0.244270
    44 3.942291 0.050330 0.431042 0.154996 -0.079305 -0.810204
    45 1.539097 0.000003 0.000000 0.000000 -0.005853 -0.247769
    46 1.196320 0.000000 0.000000 0.000001 -0.009662 -0.430760
    47 3.883648 -0.050325 -0.431044 -0.034933 -0.082803 -1.461220
    48 1.719574 -0.000005 0.000000 0.000000 -0.007972 -1.498039
    49 1.209183 -0.000001 0.000000 0.000001 -0.004459 -0.216376
    50 3.859825 -0.148935 -1.331284 -0.082074 -0.080252 -1.260988
    51 1.719425 0.000000 0.000000 0.000000 -0.006612 -1.709117
    52 1.099663 0.000000 0.000000 0.000000 -0.004208 -0.244311
    53 0.806015 -0.359835 -1.318335 0.912685 0.357216 -0.682331
    54 1.789780 0.000001 0.000000 0.012436 -0.169953 0.694155
    55 1.207001 0.000000 0.000004 -0.000002 -0.009618 0.362904
    56 2.338451 -1.535743 -6.391512 1.520238 -0.094383 -2.001948
  time 17
    0 -0.002349 -0.820333 34.332413 1.693190 0.000007 -0.719444
    1 0.000005 3.345128 -2.981903 1.570796 0.123096 1.570796
    2 4.018331 0.000000 0.000000 0.054441 -0.042799 0.034481
    3 3.518564 0.000000 0.000000 -0.095603 -0.001979 0.100465
    4 8.942642 0.000000 0.000000 -0.120247 0.021687 0.192790
    5 3.307269 0.000000 -0.000004 -2.676674 -0.310542 0.304883
    6 3.593710 -0.000001 -0.000004 0.431398 0.017929 0.390461
    7 1.999994 -3.000001 0.000004 -1.570800 -0.000007 -1.326410
    8 2.033349 1.000771 -1.937607 -1.633305 1.117634 2.980521
    9 6.028143 0.000002 -0.000004 1.598112 0.036844 -0.565106
    10 11.692545 0.000000 0.000000 0.182526 -0.030537 -1.938291
    11 11.481701 0.000000 0.000000 -1.141199 0.118725 -0.006785
    12 2.676086 -1.712440 0.000000 -1.570795 0.000005 -1.570795
    13 2.033341 1.000767 1.937660 0.859154 -1.303000 -2.741514
    14 6.028140 0.000002 0.000000 -1.527367 -0.451610 -0.595098
    15 11.692553 0.000000 0.000011 -0.711747 0.466856 -1.626303
    16 11.481667 0.000000 -0.000031 1.617377 -0.034172 0.028287
    17 2.676086 -1.712440 0.000004 1.570797 0.000001 1.570797
    18 -3.890452 0.000004 0.000004 -1.126712 0.011859 -1.768538
    19 17.848171 0.000000 0.000004 0.000009 0.000000 0.779772
    20 16.525251 0.000000 0.000004 0.015455 0.053907 -1.550568
    21 6.879454 0.000000 0.000008 -0.081332 -0.002951 -0.584373
    22 3.890452 -0.000004 -0.000004 -2.042934 -0.686596 -1.254552
    23 17.848175 0.000000 -0.000004 0.000010 0.000000 0.792517
    24 16.525246 0.000000 0.000004 -0.025219 -0.042404 -1.135462
    25 6.879452 0.000000 0.000000 -0.007299 -0.002944 -0.584342
    26 3.859703 -0.142403 -1.191975 -0.479143 0.152189 -0.879872
    27 1.312565 0.000001 0.000004 0.000000 0.009664 -0.439719
    28 0.729362 0.000002 0.000004 -0.028979 0.117255 -0.451390
    29 3.942326 0.046774 -0.431438 -0.155011 0.073329 -0.810646
    30 1.539093 0.000001 0.000000 0.041407 0.089645 -0.699060
    31 1.196320 -0.000001 0.000004 -0.000002 0.007360 -0.430801
    32 3.883686 -0.046767 0.431446 0.812670 -0.191549 -1.550266
    33 1.719570 0.000002 0.000004 0.194938 -0.171308 -0.606847
    34 1.209183 -0.000001 -0.000004 0.409190 -0.306122 -0.737506
    35 3.859859 -0.137950 1.332462 0.716033 -0.200230 -1.353927
    36 1.719429 0.000002 0.000000 -0.000001 0.004072 -0.363008
    37 1.099670 0.000001 0.000004 0.133914 -0.229713 -0.543027
    38 0.806049 -0.348922 1.321259 -1.148537 -0.413342 -0.685814
    39 1.789787 0.000000 0.000004 0.143112 0.004764 0.680910
    40 1.207001 0.000000 -0.000004 -0.238537 -0.328319 0.202547
    41 3.859665 -0.132565 1.193108 0.479138 -0.158546 -0.879039
    42 1.312561 0.000000 0.000000 0.000000 -0.011932 -0.439671
    43 0.729366 0.000002 0.000000 0.000002 -0.006134 -0.244270
    44 3.942291 0.050330 0.431042 0.154996 -0.079305 -0.810204
    45 1.539097 0.000003 0.000000 0.000000 -0.005853 -0.247769
    46 1.196320 0.000000 0.000000 0.000001 -0.009662 -0.430760
    47 3.883648 -0.050325 -0.431044 -0.034933 -0.082803 -1.461175
    48 1.719574 -0.000005 0.000000 0.000000 -0.007972 -1.498039
    49 1.209183 -0.000001 0.000000 0.000001 -0.004459 -0.216376
    50 3.859825 -0.148935 -1.331284 -0.082074 -0.080252 -1.260988
    51 1.719425 0.000000 0.000000 0.000000 -0.006612 -1.709117
    52 1.099663 0.000000 0.000000 0.000000 -0.004208 -0.244311
    53 0.806015 -0.359835 -1.318335 0.912685 0.357216 -0.682331
    54 1.789780 0.000001 0.000000 0.012436 -0.169953 0.694155
    55 1.207001 0.000000 0.000004 -0.000002 -0.009618 0.362904
    56 2.338451 -1.535743 -6.391512 1.520238 -0.094383 -2.001948
  time 18
    0 -0.002349 -0.847677 34.293350 1.693190 0.000007 -0.719444
    1 0.000005 3.345128 -2.981903 1.570796 0.123096 1.570796
    2 4.018331 0.000000 0.000000 0.054441 -0.042799 0.034481
    3 3.518564 0.000000 0.000000 -0.095603 -0.001979 0.100465
    4 8.942642 0.000000 0.000000 -0.120247 0.021687 0.192790
    5 3.307269 0.000000 -0.000004 -2.676674 -0.310542 0.304883
    6 3.593710 -0.000001 -0.000004 0.431443 0.017018 0.392431
    7 1.999994 -3.000001 0.000004 -1.570800 -0.000007 -1.326410
    8 2.033349 1.000771 -1.937607 -1.633305 1.117634 2.980521
    9 6.028143 0.000002 -0.000004 1.594620 0.040576 -0.563304
    10 11.692545 0.000000 0.000000 0.182406 -0.031292 -1.934213
    11 11.481701 0.000000 0.000000 -1.141199 0.118725 -0.006785
    12 2.676086 -1.712440 0.000000 -1.570795 0.000005 -1.570795
    13 2.033341 1.000767 1.937660 0.859154 -1.303000 -2.741514
    14 6.028140 0.000002 0.000000 -1.528828 -0.453094 -0.592874
    15 11.692553 0.000000 0.000011 -0.711747 0.466856 -1.626303
    16 11.481667 0.000000 -0.000031 1.617377 -0.034172 0.028287
    17 2.676086 -1.712440 0.000004 1.570797 0.000001 1.570797
    18 -3.890452 0.000004 0.000004 -1.127066 0.011032 -1.769944
    19 17.848171 0.000000 0.000004 0.000009 0.000000 0.784107
    20 16.525251 0.000000 0.000004 0.015207 0.053981 -1.555344
    21 6.879454 0.000000 0.000008 -0.081332 -0.002951 -0.584373
    22 3.890452 -0.000004 -0.000004 -2.043995 -0.689247 -1.253108
    23 17.848175 0.000000 -0.000004 0.000010 0.000000 0.799404
    24 16.525246 0.000000 0.000004 -0.024999 -0.042548 -1.140647
    25 6.879452 0.000000 0.000000 -0.007299 -0.002944 -0.584342
    26 3.859703 -0.142403 -1.191975 -0.479143 0.152189 -0.879872
    27 1.312565 0.000001 0.000004 0.000000 0.009664 -0.439719
    28 0.729362 0.000002 0.000004 -0.028979 0.117255 -0.451390
    29 3.942326 0.046774 -0.431438 -0.155011 0.073329 -0.810646
    30 1.539093 0.000001 0.000000 0.041407 0.089645 -0.699060
    31 1.196320 -0.000001 0.000004 -0.000002 0.007360 -0.430801
    32 3.883686 -0.046767 0.431446 0.812670 -0.191549 -1.550266
    33 1.719570 0.000002 0.000004 0.194938 -0.171308 -0.606847
    34 1.209183 -0.000001 -0.000004 0.409190 -0.306122 -0.737506
    35 3.859859 -0.137950 1.332462 0.716033 -0.200230 -1.353927
    36 1.719429 0.000002 0.000000 -0.000001 0.004072 -0.363008
    37 1.099670 0.000001 0.000004 0.133914 -0.229713 -0.543027
    38 0.806049 -0.348922 1.321259 -1.148537 -0.413342 -0.685814
    39 1.789787 0.000000 0.000004 0.143112 0.004764 0.680910
    40 1.207001 0.000000 -0.000004 -0.238537 -0.328319 0.202547
    41 3.859665 -0.132565 1.193108 0.479138 -0.158546 -0.879039
    42 1.312561 0.000000 0.000000 0.000000 -0.011932 -0.439671
    43 0.729366 0.000002 0.000000 0.000002 -0.006134 -0.244270
    44 3.942291 0.050330 0.431042 0.154996 -0.079305 -0.810204
    45 1.539097 0.000003 0.000000 0.000000 -0.005853 -0.247769
    46 1.196320 0.000000 0.000000 0.000001 -0.009662 -0.430760
    47 3.883648 -0.050325 -0.431044 -0.034933 -0.082803 -1.461175
    48 1.719574 -0.000005 0.000000 0.000000 -0.007972 -1.498039
    49 1.209183 -0.000001 0.000000 0.000001 -0.004459 -0.216376
    50 3.859825 -0.148935 -1.331284 -0.082074 -0.080252 -1.260988
    51 1.719425 0.000000 0.000000 0.000000 -0.006612 -1.709117
    52 1.099663 0.000000 0.000000 0.000000 -0.004208 -0.244311
    53 0.806015 -0.359835 -1.318335 0.912685 0.357216 -0.682331
    54 1.789780 0.000001 0.000000 0.012436 -0.169953 0.694155
    55 1.207001 0.000000 0.000004 -0.000002 -0.009618 0.362904
    56 2.338451 -1.535743 -6.391512 1.520238 -0.094383 -2.001948
  time 19
    0 -0.002349 -0.867209 34.254286 1.693190 0.000007 -0.719444
    1 0.000005 3.345128 -2.981903 1.570796 0.123096 1.570796
    2 4.018331 0.000000 0.000000 0.054441 -0.042799 0.034481
    3 3.518564 0.000000 0.000000 -0.095603 -0.001979 0.100465
    4 8.942642 0.000000 0.000000 -0.120247 0.021687 0.192790
    5 3.307269 0.000000 -0.000004 -2.676674 -0.310542 0.304883
    6 3.593710 -0.000001 -0.000004 0.431489 0.016119 0.394402
    7 1.999994 -3.000001 0.000004 -1.570753 -0.000007 -1.326410
    8 2.033349 1.000771 -1.937607 -1.633305 1.117634 2.980521
    9 6.028143 0.000002 -0.000004 1.591311 0.044238 -0.561537
    10 11.692545 0.000000 0.000000 0.182287 -0.032023 -1.930267
    11 11.481701 0.000000 0.000000 -1.141199 0.118725 -0.006785
    12 2.676086 -1.712440 0.000000 -1.570795 0.000005 -1.570795
    13 2.033341 1.000767 1.937660 0.859154 -1.303000 -2.741514
    14 6.028140 0.000002 0.000000 -1.530290 -0.454578 -0.590727
    15 11.692553 0.000000 0.000011 -0.711747 0.466856 -1.626303
    16 11.481667 0.000000 -0.000031 1.617377 -0.034172 0.028287
    17 2.676086 -1.712440 0.000004 1.570797 0.000001 1.570797
    18 -3.890452 0.000004 0.000004 -1.127479 0.010233 -1.771287
    19 17.848171 0.000000 0.000004 0.000009 0.000000 0.788218
    20 16.525251 0.000000 0.000004 0.014960 0.054054 -1.559969
    21 6.879454 0.000000 0.000008 -0.081332 -0.002951 -0.584373
    22 3.890452 -0.000004 -0.000004 -2.044974 -0.691856 -1.251596
    23 17.848175 0.000000 -0.000004 0.000010 0.000000 0.805978
    24 16.525246 0.000000 0.000004 -0.024780 -0.042675 -1.145651
    25 6.879452 0.000000 0.000000 -0.007299 -0.002944 -0.584342
    26 3.859703 -0.142403 -1.191975 -0.479143 0.152189 -0.879872
    27 1.312565 0.000001 0.000004 0.000000 0.009664 -0.439719
    28 0.729362 0.000002 0.000004 -0.028979 0.117255 -0.451390
    29 3.942326 0.046774 -0.431438 -0.155011 0.073329 -0.810646
    30 1.539093 0.000001 0.000000 0.041407 0.089645 -0.699060
    31 1.196320 -0.000001 0.000004 -0.000002 0.007360 -0.430801
    32 3.883686 -0.046767 0.431446 0.812670 -0.191549 -1.550266
    33 1.719570 0.000002 0.000004 0.194938 -0.171308 -0.606847
    34 1.209183 -0.000001 -0.000004 0.409190 -0.306122 -0.737506
    35 3.859859 -0.137950 1.332462 0.716033 -0.200230 -1.353927
    36 1.719429 0.000002 0.000000 -0.000001 0.004072 -0.363008
    37 1.099670 0.000001 0.000004 0.133914 -0.229713 -0.543027
    38 0.806049 -0.348922 1.321259 -1.148537 -0.413342 -0.685814
    39 1.789787 0.000000 0.000004 0.143112 0.004764 0.680910
    40 1.207001 0.000000 -0.000004 -0.238537 -0.328319 0.202547
    41 3.859665 -0.132565 1.193108 0.479138 -0.158546 -0.879039
    42 1.312561 0.000000 0.000000 0.000000 -0.011932 -0.439671
    43 0.729366 0.000002 0.000000 0.000002 -0.006134 -0.244270
    44 3.942291 0.050330 0.431042 0.154996 -0.079305 -0.810204
    45 1.539097 0.000003 0.000000 0.000000 -0.005853 -0.247769
    46 1.196320 0.000000 0.000000 0.000001 -0.009662 -0.430760
    47 3.883648 -0.050325 -0.431044 -0.034933 -0.082803 -1.461175
    48 1.719574 -0.000005 0.000000 0.000000 -0.007972 -1.498039
    49 1.209183 -0.000001 0.000000 0.000001 -0.004459 -0.216376
    50 3.859825 -0.148935 -1.331284 -0.082074 -0.080252 -1.260988
    51 1.719425 0.000000 0.000000 0.000000 -0.006612 -1.709117
    52 1.099663 0.000000 0.000000 0.000000 -0.004208 -0.244311
    53 0.806015 -0.359835 -1.318335 0.912685 0.357216 -0.682331
    54 1.789780 0.000001 0.000000 0.012436 -0.169953 0.694155
    55 1.207001 0.000000 0.000004 -0.000002 -0.009618 0.362904
    56 2.338451 -1.535743 -6.391512 1.520238 -0.094383 -2.001948
  time 20
    0 -0.002349 -0.890647 34.215222 1.693190 0.000007 -0.719444
    1 0.000005 3.345128 -2.981903 1.570796 0.123096 1.570796
    2 4.018331 0.000000 0.000000 0.054441 -0.042799 0.034481
    3 3.518564 0.000000 0.000000 -0.095603 -0.001979 0.100465
    4 8.942642 0.000000 0.000000 -0.120247 0.021687 0.192790
    5 3.307269 0.000000 -0.000004 -2.676674 -0.310542 0.304883
    6 3.593710 -0.000001 -0.000004 0.431535 0.015244 0.396302
    7 1.999994 -3.000001 0.000004 -1.570800 -0.000007 -1.326410
    8 2.033349 1.000771 -1.937607 -1.633305 1.117634 2.980521
    9 6.028143 0.000002 -0.000004 1.588003 0.047777 -0.559805
    10 11.692545 0.000000 0.000000 0.182179 -0.032730 -1.926386
    11 11.481701 0.000000 0.000000 -1.141199 0.118725 -0.006785
    12 2.676086 -1.712440 0.000000 -1.570795 0.000005 -1.570795
    13 2.033341 1.000767 1.937660 0.859154 -1.303000 -2.741514
    14 6.028140 0.000002 0.000000 -1.531634 -0.455961 -0.588659
    15 11.692553 0.000000 0.000011 -0.711747 0.466856 -1.626303
    16 11.481667 0.000000 -0.000031 1.617377 -0.034172 0.028287
    17 2.676086 -1.712440 0.000004 1.570797 0.000001 1.570797
    18 -3.890452 0.000004 0.000004 -1.127833 0.009406 -1.772565
    19 17.848171 0.000000 0.000004 0.000009 0.000000 0.792404
    20 16.525251 0.000000 0.000004 0.014712 0.054127 -1.564393
    21 6.879454 0.000000 0.000008 -0.081332 -0.002951 -0.584373
    22 3.890452 -0.000004 -0.000004 -2.045953 -0.694339 -1.250221
    23 17.848175 0.000000 -0.000004 0.000010 0.000000 0.812301
    24 16.525246 0.000000 0.000004 -0.024575 -0.042802 -1.150535
    25 6.879452 0.000000 0.000000 -0.007299 -0.002944 -0.584342
    26 3.859703 -0.142403 -1.191975 -0.479143 0.152189 -0.879872
    27 1.312565 0.000001 0.000004 0.000000 0.009664 -0.439719
    28 0.729362 0.000002 0.000004 -0.028979 0.117255 -0.451390
    29 3.942326 0.046774 -0.431438 -0.155011 0.073329 -0.810646
    30 1.539093 0.000001 0.000000 0.041407 0.089645 -0.699060
    31 1.196320 -0.000001 0.000004 -0.000002 0.007360 -0.430801
    32 3.883686 -0.046767 0.431446 0.812670 -0.191549 -1.550266
    33 1.719570 0.000002 0.000004 0.194938 -0.171308 -0.606847
    34 1.209183 -0.000001 -0.000004 0.409190 -0.306122 -0.737506
    35 3.859859 -0.137950 1.332462 0.716033 -0.200230 -1.353927
    36 1.719429 0.000002 0.000000 -0.000001 0.004072 -0.363008
    37 1.099670 0.000001 0.000004 0.133914 -0.229713 -0.543027
    38 0.806049 -0.348922 1.321259 -1.148537 -0.413342 -0.685814
    39 1.789787 0.000000 0.000004 0.143112 0.004764 0.680910
    40 1.207001 0.000000 -0.000004 -0.238537 -0.328319 0.202547
    41 3.859665 -0.132565 1.193108 0.479138 -0.158546 -0.879039
    42 1.312561 0.000000 0.000000 0.000000 -0.011932 -0.439671
    43 0.729366 0.000002 0.000000 0.000002 -0.006134 -0.244270
    44 3.942291 0.050330 0.431042 0.154996 -0.079305 -0.810204
    45 1.539097 0.000003 0.000000 0.000000 -0.005853 -0.247769
    46 1.196320 0.000000 0.000000 0.000001 -0.009662 -0.430760
    47 3.883648 -0.050325 -0.431044 -0.034933 -0.082803 -1.461175
    48 1.719574 -0.000005 0.000000 0.000000 -0.007972 -1.498039
    49 1.209183 -0.000001 0.000000 0.000001 -0.004459 -0.216376
    50 3.859825 -0.148935 -1.331284 -0.082074 -0.080252 -1.260988
    51 1.719425 0.000000 0.000000 0.000000 -0.006612 -1.709117
    52 1.099663 0.000000 0.000000 0.000000 -0.004208 -0.244311
    53 0.806015 -0.359835 -1.318335 0.912685 0.357216 -0.682331
    54 1.789780 0.000001 0.000000 0.012436 -0.169953 0.694155
    55 1.207001 0.000000 0.000004 -0.000002 -0.009618 0.362904
    56 2.338451 -1.535743 -6.391512 1.520238 -0.094383 -2.001948
  time 21
    0 -0.002349 -0.910179 34.176158 1.693190 0.000007 -0.719444
    1 0.000005 3.345128 -2.981903 1.570796 0.123096 1.570796
    2 4.018331 0.000000 0.000000 0.054441 -0.042799 0.034481
    3 3.518564 0.000000 0.000000 -0.095603 -0.001979 0.100465
    4 8.942642 0.000000 0.000000 -0.120247 0.021687 0.192790
    5 3.307269 0.000000 -0.000004 -2.676674 -0.310542 0.304883
    6 3.593710 -0.000001 -0.000004 0.431535 0.014406 0.398097
    7 1.999994 -3.000001 0.000004 -1.570800 -0.000007 -1.326410
    8 2.033349 1.000771 -1.937607 -1.633305 1.117634 2.980521
    9 6.028143 0.000002 -0.000004 1.584878 0.051178 -0.558180
    10 11.692545 0.000000 0.000000 0.182059 -0.033413 -1.922703
    11 11.481701 0.000000 0.000000 -1.141199 0.118725 -0.006785
    12 2.676086 -1.712440 0.000000 -1.570795 0.000005 -1.570795
    13 2.033341 1.000767 1.937660 0.859154 -1.303000 -2.741514
    14 6.028140 0.000002 0.000000 -1.532979 -0.457310 -0.586708
    15 11.692553 0.000000 0.000011 -0.711747 0.466856 -1.626303
    16 11.481667 0.000000 -0.000031 1.617377 -0.034172 0.028287
    17 2.676086 -1.712440 0.000004 1.570797 0.000001 1.570797
    18 -3.890452 0.000004 0.000004 -1.128187 0.008750 -1.773780
    19 17.848171 0.000000 0.000004 0.000009 0.000000 0.796067
    20 16.525251 0.000000 0.000004 0.014482 0.054200 -1.568616
    21 6.879454 0.000000 0.000008 -0.081332 -0.002951 -0.584373
    22 3.890452 -0.000004 -0.000004 -2.046850 -0.696653 -1.248915
    23 17.848175 0.000000 -0.000004 0.000010 0.000000 0.818248
    24 16.525246 0.000000 0.000004 -0.024384 -0.042910 -1.155117
    25 6.879452 0.000000 0.000000 -0.007299 -0.002944 -0.584342
    26 3.859703 -0.142403 -1.191975 -0.479143 0.152189 -0.879872
    27 1.312565 0.000001 0.000004 0.000000 0.009664 -0.439719
    28 0.729362 0.000002 0.000004 -0.028979 0.117255 -0.451390
    29 3.942326 0.046774 -0.431438 -0.155011 0.073329 -0.810646
    30 1.539093 0.000001 0.000000 0.041407 0.089645 -0.699060
    31 1.196320 -0.000001 0.000004 -0.000002 0.007360 -0.430801
    32 3.883686 -0.046767 0.431446 0.812670 -0.191549 -1.550266
    33 1.719570 0.000002 0.000004 0.194938 -0.171308 -0.606847
    34 1.209183 -0.000001 -0.000004 0.409190 -0.306122 -0.737506
    35 3.859859 -0.137950 1.332462 0.716033 -0.200230 -1.353927
    36 1.719429 0.000002 0.000000 -0.000001 0.004072 -0.363008
    37 1.099670 0.000001 0.000004 0.133914 -0.229713 -0.543027
    38 0.806049 -0.348922 1.321259 -1.148537 -0.413342 -0.685814
    39 1.789787 0.000000 0.000004 0.143112 0.004764 0.680910
    40 1.207001 0.000000 -0.000004 -0.238537 -0.328319 0.202547
    41 3.859665 -0.132565 1.193108 0.479138 -0.158546 -0.879039
    42 1.312561 0.000000 0.000000 0.000000 -0.011932 -0.439671
    43 0.729366 0.000002 0.000000 0.000002 -0.006134 -0.244270
    44 3.942291 0.050330 0.431042 0.154996 -0.079305 -0.810204
    45 1.539097 0.000003 0.000000 0.000000 -0.005853 -0.247769
    46 1.196320 0.000000 0.000000 0.000001 -0.009662 -0.430760
    47 3.883648 -0.050325 -0.431044 -0.034933 -0.082803 -1.461175
    48 1.719574 -0.000005 0.000000 0.000000 -0.007972 -1.498039
    49 1.209183 -0.000001 0.000000 0.000001 -0.004459 -0.216376
    50 3.859825 -0.148935 -1.331284 -0.082074 -0.080252 -1.260988
    51 1.719425 0.000000 0.000000 0.000000 -0.006612 -1.709117
    52 1.099663 0.000000 0.000000 0.000000 -0.004208 -0.244311
    53 0.806015 -0.359835 -1.318335 0.912685 0.357216 -0.682331
    54 1.789780 0.000001 0.000000 0.012436 -0.169953 0.694155
    55 1.207001 0.000000 0.000004 -0.000002 -0.009618 0.362904
    56 2.338451 -1.535743 -6.391512 1.520238 -0.094383 -2.001948
  time 22
    0 -0.002349 -0.929711 34.144907 1.693190 0.000007 -0.719444
    1 0.000005 3.345128 -2.981903 1.570796 0.123096 1.570796
    2 4.018331 0.000000 0.000000 0.054441 -0.042799 0.034481
    3 3.518564 0.000000 0.000000 -0.095603 -0.001979 0.100465
    4 8.942642 0.000000 0.000000 -0.120247 0.021687 0.192790
    5 3.307269 0.000000 -0.000004 -2.676674 -0.310542 0.304883
    6 3.593710 -0.000001 -0.000004 0.431581 0.013615 0.399821
    7 1.999994 -3.000001 0.000004 -1.570753 -0.000007 -1.326410
    8 2.033349 1.000771 -1.937607 -1.633305 1.117634 2.980521
    9 6.028143 0.000002 -0.000004 1.581937 0.054403 -0.556590
    10 11.692545 0.000000 0.000000 0.181963 -0.034060 -1.919217
    11 11.481701 0.000000 0.000000 -1.141199 0.118725 -0.006785
    12 2.676086 -1.712440 0.000000 -1.570795 0.000005 -1.570795
    13 2.033341 1.000767 1.937660 0.859154 -1.303000 -2.741514
    14 6.028140 0.000002 0.000000 -1.534207 -0.458558 -0.584835
    15 11.692553 0.000000 0.000011 -0.711747 0.466856 -1.626303
    16 11.481667 0.000000 -0.000031 1.617377 -0.034172 0.028287
    17 2.676086 -1.712440 0.000004 1.570797 0.000001 1.570797
    18 -3.890452 0.000004 0.000004 -1.128541 0.008123 -1.774867
    19 17.848171 0.000000 0.000004 0.000009 0.000000 0.799505
    20 16.525251 0.000000 0.000004 0.014270 0.054258 -1.572587
    21 6.879454 0.000000 0.000008 -0.081332 -0.002951 -0.584373
    22 3.890452 -0.000004 -0.000004 -2.047748 -0.698799 -1.247678
    23 17.848175 0.000000 -0.000004 0.000010 0.000000 0.823820
    24 16.525246 0.000000 0.000004 -0.024209 -0.043037 -1.159458
    25 6.879452 0.000000 0.000000 -0.007299 -0.002944 -0.584342
    26 3.859703 -0.142403 -1.191975 -0.479143 0.152189 -0.879872
    27 1.312565 0.000001 0.000004 0.000000 0.009664 -0.439719
    28 0.729362 0.000002 0.000004 -0.028979 0.117255 -0.451390
    29 3.942326 0.046774 -0.431438 -0.155011 0.073329 -0.810646
    30 1.539093 0.000001 0.000000 0.041407 0.089645 -0.699060
    31 1.196320 -0.000001 0.000004 -0.000002 0.007360 -0.430801
    32 3.883686 -0.046767 0.431446 0.812670 -0.191549 -1.550266
    33 1.719570 0.000002 0.000004 0.194938 -0.171308 -0.606847
    34 1.209183 -0.000001 -0.000004 0.409190 -0.306122 -0.737506
    35 3.859859 -0.137950 1.332462 0.716033 -0.200230 -1.353927
    36 1.719429 0.000002 0.000000 -0.000001 0.004072 -0.363008
    37 1.099670 0.000001 0.000004 0.133914 -0.229713 -0.543027
    38 0.806049 -0.348922 1.321259 -1.148537 -0.413342 -0.685814
    39 1.789787 0.000000 0.000004 0.143112 0.004764 0.680910
    40 1.207001 0.000000 -0.000004 -0.238537 -0.328319 0.202547
    41 3.859665 -0.132565 1.193108 0.479138 -0.158546 -0.879039
    42 1.312561 0.000000 0.000000 0.000000 -0.011932 -0.439671
    43 0.729366 0.000002 0.000000 0.000002 -0.006134 -0.244270
    44 3.942291 0.050330 0.431042 0.154996 -0.079305 -0.810204
    45 1.539097 0.000003 0.000000 0.000000 -0.005853 -0.247769
    46 1.196320 0.000000 0.000000 0.000001 -0.009662 -0.430760
    47 3.883648 -0.050325 -0.431044 -0.034933 -0.082803 -1.461175
    48 1.719574 -0.000005 0.000000 0.000000 -0.007972 -1.498039
    49 1.209183 -0.000001 0.000000 0.000001 -0.004459 -0.216376
    50 3.859825 -0.148935 -1.331284 -0.082074 -0.080252 -1.260988
    51 1.719425 0.000000 0.000000 0.000000 -0.006612 -1.709117
    52 1.099663 0.000000 0.000000 0.000000 -0.004208 -0.244311
    53 0.806015 -0.359835 -1.318335 0.912685 0.357216 -0.682331
    54 1.789780 0.000001 0.000000 0.012436 -0.169953 0.694155
    55 1.207001 0.000000 0.000004 -0.000002 -0.009618 0.362904
    56 2.338451 -1.535743 -6.391512 1.520238 -0.094383 -2.001948
  time 23
    0 -0.002349 -0.949243 34.113657 1.693190 0.000007 -0.719444
    1 0.000005 3.345128 -2.981903 1.570796 0.123096 1.570796
    2 4.018331 0.000000 0.000000 0.054441 -0.042799 0.034481
    3 3.518564 0.000000 0.000000 -0.095603 -0.001979 0.100465
    4 8.942642 0.000000 0.000000 -0.120247 0.021687 0.192790
    5 3.307269 0.000000 -0.000004 -2.676674 -0.310542 0.304883
    6 3.593710 -0.000001 -0.000004 0.431627 0.012859 0.401440
    7 1.999994 -3.000001 0.000004 -1.570800 -0.000007 -1.326410
    8 2.033349 1.000771 -1.937607 -1.633305 1.117634 2.980521
    9 6.028143 0.000002 -0.000004 1.579180 0.057420 -0.555141
    10 11.692545 0.000000 0.000000 0.181867 -0.034671 -1.915929
    11 11.481701 0.000000 0.000000 -1.141199 0.118725 -0.006785
    12 2.676086 -1.712440 0.000000 -1.570795 0.000005 -1.570795
    13 2.033341 1.000767 1.937660 0.859154 -1.303000 -2.741514
    14 6.028140 0.000002 0.000000 -1.535376 -0.459705 -0.583156
    15 11.692553 0.000000 0.000011 -0.711747 0.466856 -1.626303
    16 11.481667 0.000000 -0.000031 1.617377 -0.034172 0.028287
    17 2.676086 -1.712440 0.000004 1.570797 0.000001 1.570797
    18 -3.890452 0.000004 0.000004 -1.128541 0.007581 -1.776018
    19 17.848171 0.000000 0.000004 0.000009 0.000000 0.802720
    20 16.525251 0.000000 0.000004 0.014076 0.054317 -1.576207
    21 6.879454 0.000000 0.000008 -0.081332 -0.002951 -0.584373
    22 3.890452 -0.000004 -0.000004 -2.048563 -0.700776 -1.246578
    23 17.848175 0.000000 -0.000004 0.000010 0.000000 0.828954
    24 16.525246 0.000000 0.000004 -0.024033 -0.043127 -1.163437
    25 6.879452 0.000000 0.000000 -0.007311 -0.002944 -0.584342
    26 3.859703 -0.142403 -1.191975 -0.479143 0.152189 -0.879872
    27 1.312565 0.000001 0.000004 0.000000 0.009664 -0.439719
    28 0.729362 0.000002 0.000004 -0.028979 0.117255 -0.451390
    29 3.942326 0.046774 -0.431438 -0.155011 0.073329 -0.810646
    30 1.539093 0.000001 0.000000 0.041407 0.089645 -0.699060
    31 1.196320 -0.000001 0.000004 -0.000002 0.007360 -0.430801
    32 3.883686 -0.046767 0.431446 0.812670 -0.191549 -1.550266
    33 1.719570 0.000002 0.000004 0.194938 -0.171308 -0.606847
    34 1.209183 -0.000001 -0.000004 0.409190 -0.306122 -0.737506
    35 3.859859 -0.137950 1.332462 0.716033 -0.200230 -1.353927
    36 1.719429 0.000002 0.000000 -0.000001 0.004072 -0.363008
    37 1.099670 0.000001 0.000004 0.133914 -0.229713 -0.543027
    38 0.806049 -0.348922 1.321259 -1.148537 -0.413342 -0.685814
    39 1.789787 0.000000 0.000004 0.143112 0.004764 0.680910
    40 1.207001 0.000000 -0.000004 -0.238537 -0.328319 0.202547
    41 3.859665 -0.132565 1.193108 0.479138 -0.158546 -0.879039
    42 1.312561 0.000000 0.000000 0.000000 -0.011932 -0.439671
    43 0.729366 0.000002 0.000000 0.000002 -0.006134 -0.244270
    44 3.942291 0.050330 0.431042 0.154996 -0.079305 -0.810204
    45 1.539097 0.000003 0.000000 0.000000 -0.005853 -0.247769
    46 1.196320 0.000000 0.000000 0.000001 -0.009662 -0.430760
    47 3.883648 -0.050325 -0.431044 -0.034933 -0.082803 -1.461175
    48 1.719574 -0.000005 0.000000 0.000000 -0.007972 -1.498039
    49 1.209183 -0.000001 0.000000 0.000001 -0.004459 -0.216376
    50 3.859825 -0.148935 -1.331284 -0.082074 -0.080252 -1.260988
    51 1.719425 0.000000 0.000000 0.000000 -0.006612 -1.709117
    52 1.099663 0.000000 0.000000 0.000000 -0.004208 -0.244311
    53 0.806015 -0.359835 -1.318335 0.912685 0.357216 -0.682331
    54 1.789780 0.000001 0.000000 0.012436 -0.169953 0.694155
    55 1.207001 0.000000 0.000004 -0.000002 -0.009618 0.362904
    56 2.338451 -1.535743 -6.391512 1.520238 -0.094383 -2.001948
  time 24
    0 -0.002349 -0.964868 34.082406 1.693190 0.000007 -0.719444
    1 0.000005 3.345128 -2.981903 1.570796 0.123096 1.570796
    2 4.018331 0.000000 0.000000 0.054441 -0.042799 0.034481
    3 3.518564 0.000000 0.000000 -0.095603 -0.001979 0.100465
    4 8.942642 0.000000 0.000000 -0.120247 0.021687 0.192790
    5 3.307269 0.000000 -0.000004 -2.676674 -0.310542 0.304883
    6 3.593710 -0.000001 -0.000004 0.431627 0.012176 0.402953
    7 1.999994 -3.000001 0.000004 -1.570753 -0.000007 -1.326410
    8 2.033349 1.000771 -1.937607 -1.633305 1.117634 2.980521
    9 6.028143 0.000002 -0.000004 1.576607 0.060210 -0.553798
    10 11.692545 0.000000 0.000000 0.181771 -0.035235 -1.912903
    11 11.481701 0.000000 0.000000 -1.141199 0.118725 -0.006785
    12 2.676086 -1.712440 0.000000 -1.570795 0.000005 -1.570795
    13 2.033341 1.000767 1.937660 0.859154 -1.303000 -2.741514
    14 6.028140 0.000002 0.000000 -1.536370 -0.460750 -0.581595
    15 11.692553 0.000000 0.000011 -0.711747 0.466856 -1.626303
    16 11.481667 0.000000 -0.000031 1.617377 -0.034172 0.028287
    17 2.676086 -1.712440 0.000004 1.570797 0.000001 1.570797
    18 -3.890452 0.000004 0.000004 -1.128718 0.007096 -1.776976
    19 17.848171 0.000000 0.000004 0.000009 0.000000 0.805635
    20 16.525251 0.000000 0.000004 0.013899 0.054375 -1.579525
    21 6.879454 0.000000 0.000008 -0.081332 -0.002951 -0.584373
    22 3.890452 -0.000004 -0.000004 -2.049216 -0.702586 -1.245547
    23 17.848175 0.000000 -0.000004 0.000010 0.000000 0.833524
    24 16.525246 0.000000 0.000004 -0.023887 -0.043217 -1.167055
    25 6.879452 0.000000 0.000000 -0.007299 -0.002944 -0.584342
    26 3.859703 -0.142403 -1.191975 -0.479143 0.152189 -0.879872
    27 1.312565 0.000001 0.000004 0.000000 0.009664 -0.439719
    28 0.729362 0.000002 0.000004 -0.028979 0.117255 -0.451390
    29 3.942326 0.046774 -0.431438 -0.155011 0.073329 -0.810646
    30 1.539093 0.000001 0.000000 0.041407 0.089645 -0.699060
    31 1.196320 -0.000001 0.000004 -0.000002 0.007360 -0.430801
    32 3.883686 -0.046767 0.431446 0.812670 -0.191549 -1.550266
    33 1.719570 0.000002 0.000004 0.194938 -0.171308 -0.606847
    34 1.209183 -0.000001 -0.000004 0.409190 -0.306122 -0.737506
    35 3.859859 -0.137950 1.332462 0.716033 -0.200230 -1.353927
    36 1.719429 0.000002 0.000000 -0.000001 0.004072 -0.363008
    37 1.099670 0.000001 0.000004 0.133914 -0.229713 -0.543027
    38 0.806049 -0.348922 1.321259 -1.148537 -0.413342 -0.685814
    39 1.789787 0.000000 0.000004 0.143112 0.004764 0.680910
    40 1.207001 0.000000 -0.000004 -0.238537 -0.328319 0.202547
    41 3.859665 -0.132565 1.193108 0.479138 -0.158546 -0.879039
    42 1.312561 0.000000 0.000000 0.000000 -0.011932 -0.439671
    43 0.729366 0.000002 0.000000 0.000002 -0.006134 -0.244270
    44 3.942291 0.050330 0.431042 0.154996 -0.079305 -0.810204
    45 1.539097 0.000003 0.000000 0.000000 -0.005853 -0.247769
    46 1.196320 0.000000 0.000000 0.000001 -0.009662 -0.430760
    47 3.883648 -0.050325 -0.431044 -0.034933 -0.082803 -1.461175
    48 1.719574 -0.000005 0.000000 0.000000 -0.007972 -1.498039
    49 1.209183 -0.000001 0.000000 0.000001 -0.004459 -0.216376
    50 3.859825 -0.148935 -1.331284 -0.082074 -0.080252 -1.260988
    51 1.719425 0.000000 0.000000 0.000000 -0.006612 -1.709117
    52 1.099663 0.000000 0.000000 0.000000 -0.004208 -0.244311
    53 0.806015 -0.359835 -1.318335 0.912685 0.357216 -0.682331
    54 1.789780 0.000001 0.000000 0.012436 -0.169953 0.694155
    55 1.207001 0.000000 0.000004 -0.000002 -0.009618 0.362904
    56 2.338451 -1.535743 -6.391512 1.520238 -0.094383 -2.001948
  time 25
    0 -0.002349 -0.980494 34.058967 1.693190 0.000007 -0.719444
    1 0.000005 3.345128 -2.981903 1.570796 0.123096 1.570796
    2 4.018331 0.000000 0.000000 0.054441 -0.042799 0.034481
    3 3.518564 0.000000 0.000000 -0.095603 -0.001979 0.100465
    4 8.942642 0.000000 0.000000 -0.120247 0.021687 0.192790
    5 3.307269 0.000000 -0.000004 -2.676674 -0.310542 0.304883
    6 3.593710 -0.000001 -0.000004 0.431673 0.011565 0.404290
    7 1.999994 -3.000001 0.000004 -1.570753 -0.000007 -1.326410
    8 2.033349 1.000771 -1.937607 -1.633305 1.117634 2.980521
    9 6.028143 0.000002 -0.000004 1.574309 0.062721 -0.552596
    10 11.692545 0.000000 0.000000 0.181699 -0.035738 -1.910141
    11 11.481701 0.000000 0.000000 -1.141199 0.118725 -0.006785
    12 2.676086 -1.712440 0.000000 -1.570795 0.000005 -1.570795
    13 2.033341 1.000767 1.937660 0.859154 -1.303000 -2.741514
    14 6.028140 0.000002 0.000000 -1.537305 -0.461695 -0.580229
    15 11.692553 0.000000 0.000011 -0.711747 0.466856 -1.626303
    16 11.481667 0.000000 -0.000031 1.617377 -0.034172 0.028287
    17 2.676086 -1.712440 0.000004 1.570797 0.000001 1.570797
    18 -3.890452 0.000004 0.000004 -1.129367 0.006554 -1.777616
    19 17.848171 0.000000 0.000004 0.000009 0.000000 0.808101
    20 16.525251 0.000000 0.000004 0.013740 0.054419 -1.582441
    21 6.879454 0.000000 0.000008 -0.081332 -0.002951 -0.584373
    22 3.890452 -0.000004 -0.000004 -2.049869 -0.704143 -1.244653
    23 17.848175 0.000000 -0.000004 0.000010 0.000000 0.837530
    24 16.525246 0.000000 0.000004 -0.023740 -0.043308 -1.170250
    25 6.879452 0.000000 0.000000 -0.007311 -0.002944 -0.584342
    26 3.859703 -0.142403 -1.191975 -0.479143 0.152189 -0.879872
    27 1.312565 0.000001 0.000004 0.000000 0.009664 -0.439719
    28 0.729362 0.000002 0.000004 -0.028979 0.117255 -0.451390
    29 3.942326 0.046774 -0.431438 -0.155011 0.073329 -0.810646
    30 1.539093 0.000001 0.000000 0.041407 0.089645 -0.699060
    31 1.196320 -0.000001 0.000004 -0.000002 0.007360 -0.430801
    32 3.883686 -0.046767 0.431446 0.812670 -0.191549 -1.550266
    33 1.719570 0.000002 0.000004 0.194938 -0.171308 -0.606847
    34 1.209183 -0.000001 -0.000004 0.409190 -0.306122 -0.737506
    35 3.859859 -0.137950 1.332462 0.716033 -0.200230 -1.353927
    36 1.719429 0.000002 0.000000 -0.000001 0.004072 -0.363008
    37 1.099670 0.000001 0.000004 0.133914 -0.229713 -0.543027
    38 0.806049 -0.348922 1.321259 -1.148537 -0.413342 -0.685814
    39 1.789787 0.000000 0.000004 0.143112 0.004764 0.680910
    40 1.207001 0.000000 -0.000004 -0.238537 -0.328319 0.202547
    41 3.859665 -0.132565 1.193108 0.479138 -0.158546 -0.879039
    42 1.312561 0.000000 0.000000 0.000000 -0.011932 -0.439671
    43 0.729366 0.000002 0.000000 0.000002 -0.006134 -0.244270
    44 3.942291 0.050330 0.431042 0.154996 -0.079305 -0.810204
    45 1.539097 0.000003 0.000000 0.000000 -0.005853 -0.247769
    46 1.196320 0.000000 0.000000 0.000001 -0.009662 -0.430760
    47 3.883648 -0.050325 -0.431044 -0.034933 -0.082803 -1.461175
    48 1.719574 -0.000005 0.000000 0.000000 -0.007972 -1.498039
    49 1.209183 -0.000001 0.000000 0.000001 -0.004459 -0.216376
    50 3.859825 -0.148935 -1.331284 -0.082074 -0.080252 -1.260988
    51 1.719425 0.000000 0.000000 0.000000 -0.006612 -1.709117
    52 1.099663 0.000000 0.000000 0.000000 -0.004208 -0.244311
    53 0.806015 -0.359835 -1.318335 0.912685 0.357216 -0.682331
    54 1.789780 0.000001 0.000000 0.012436 -0.169953 0.694155
    55 1.207001 0.000000 0.000004 -0.000002 -0.009618 0.362904
    56 2.338451 -1.535743 -6.391512 1.520238 -0.094383 -2.001948
  time 26
    0 -0.002349 -0.992213 34.035529 1.693190 0.000007 -0.719444
    1 0.000005 3.345128 -2.981903 1.570796 0.123096 1.570796
    2 4.018331 0.000000 0.000000 0.054441 -0.042799 0.034481
    3 3.518564 0.000000 0.000000 -0.095603 -0.001979 0.100465
    4 8.942642 0.000000 0.000000 -0.120247 0.021687 0.192790
    5 3.307269 0.000000 -0.000004 -2.676674 -0.310542 0.304883
    6 3.593710 -0.000001 -0.000004 0.431673 0.011014 0.405487
    7 1.999994 -3.000001 0.000004 -1.570753 -0.000007 -1.326410
    8 2.033349 1.000771 -1.937607 -1.633305 1.117634 2.980521
    9 6.028143 0.000002 -0.000004 1.572288 0.064935 -0.551501
    10 11.692545 0.000000 0.000000 0.181627 -0.036181 -1.907773
    11 11.481701 0.000000 0.000000 -1.141199 0.118725 -0.006785
    12 2.676086 -1.712440 0.000000 -1.570795 0.000005 -1.570795
    13 2.033341 1.000767 1.937660 0.859154 -1.303000 -2.741514
    14 6.028140 0.000002 0.000000 -1.538065 -0.462471 -0.579059
    15 11.692553 0.000000 0.000011 -0.711747 0.466856 -1.626303
    16 11.481667 0.000000 -0.000031 1.617377 -0.034172 0.028287
    17 2.676086 -1.712440 0.000004 1.570797 0.000001 1.570797
    18 -3.890452 0.000004 0.000004 -1.129603 0.006183 -1.778319
    19 17.848171 0.000000 0.000004 0.000009 0.000000 0.810269
    20 16.525251 0.000000 0.000004 0.013616 0.054449 -1.584954
    21 6.879454 0.000000 0.000008 -0.081332 -0.002951 -0.584373
    22 3.890452 -0.000004 -0.000004 -2.050440 -0.705447 -1.243897
    23 17.848175 0.000000 -0.000004 0.000010 0.000000 0.840974
    24 16.525246 0.000000 0.000004 -0.023638 -0.043380 -1.172963
    25 6.879452 0.000000 0.000000 -0.007311 -0.002944 -0.584342
    26 3.859703 -0.142403 -1.191975 -0.479143 0.152189 -0.879872
    27 1.312565 0.000001 0.000004 0.000000 0.009664 -0.439719
    28 0.729362 0.000002 0.000004 -0.028979 0.117255 -0.451390
    29 3.942326 0.046774 -0.431438 -0.155011 0.073329 -0.810646
    30 1.539093 0.000001 0.000000 0.041407 0.089645 -0.699060
    31 1.196320 -0.000001 0.000004 -0.000002 0.007360 -0.430801
    32 3.883686 -0.046767 0.431446 0.812670 -0.191549 -1.550266
    33 1.719570 0.000002 0.000004 0.194938 -0.171308 -0.606847
    34 1.209183 -0.000001 -0.000004 0.409190 -0.306122 -0.737506
    35 3.859859 -0.137950 1.332462 0.716033 -0.200230 -1.353927
    36 1.719429 0.000002 0.000000 -0.000001 0.004072 -0.363008
    37 1.099670 0.000001 0.000004 0.133914 -0.229713 -0.543027
    38 0.806049 -0.348922 1.321259 -1.148537 -0.413342 -0.685814
    39 1.789787 0.000000 0.000004 0.143112 0.004764 0.680910
    40 1.207001 0.000000 -0.000004 -0.238537 -0.328319 0.202547
    41 3.859665 -0.132565 1.193108 0.479138 -0.158546 -0.879039
    42 1.312561 0.000000 0.000000 0.000000 -0.011932 -0.439671
    43 0.729366 0.000002 0.000000 0.000002 -0.006134 -0.244270
    44 3.942291 0.050330 0.431042 0.154996 -0.079305 -0.810204
    45 1.539097 0.000003 0.000000 0.000000 -0.005853 -0.247769
    46 1.196320 0.000000 0.000000 0.000001 -0.009662 -0.430760
    47 3.883648 -0.050325 -0.431044 -0.034933 -0.082803 -1.461175
    48 1.719574 -0.000005 0.000000 0.000000 -0.007972 -1.498039
    49 1.209183 -0.000001 0.000000 0.000001 -0.004459 -0.216376
    50 3.859825 -0.148935 -1.331284 -0.082074 -0.080252 -1.260988
    51 1.719425 0.000000 0.000000 0.000000 -0.006612 -1.709117
    52 1.099663 0.000000 0.000000 0.000000 -0.004208 -0.244311
    53 0.806015 -0.359835 -1.318335 0.912685 0.357216 -0.682331
    54 1.789780 0.000001 0.000000 0.012436 -0.169953 0.694155
    55 1.207001 0.000000 0.000004 -0.000002 -0.009618 0.362904
    56 2.338451 -1.535743 -6.391512 1.520238 -0.094383 -2.001948
  time 27
    0 -0.002349 -1.003932 34.019904 1.693190 0.000007 -0.719444
    1 0.000005 3.345128 -2.981903 1.570796 0.123096 1.570796
    2 4.018331 0.000000 0.000000 0.054441 -0.042799 0.034481
    3 3.518564 0.000000 0.000000 -0.095603 -0.001979 0.100465
    4 8.942642 0.000000 0.000000 -0.120247 0.021687 0.192790
    5 3.307269 0.000000 -0.000004 -2.676674 -0.310542 0.304883
    6 3.593710 -0.000001 -0.000004 0.431719 0.010546 0.406472
    7 1.999994 -3.000001 0.000004 -1.570800 -0.000007 -1.326410
    8 2.033349 1.000771 -1.937607 -1.633305 1.117634 2.980521
    9 6.028143 0.000002 -0.000004 1.570542 0.066818 -0.550582
    10 11.692545 0.000000 0.000000 0.181568 -0.036565 -1.905668
    11 11.481701 0.000000 0.000000 -1.141199 0.118725 -0.006785
    12 2.676086 -1.712440 0.000000 -1.570795 0.000005 -1.570795
    13 2.033341 1.000767 1.937660 0.859154 -1.303000 -2.741514
    14 6.028140 0.000002 0.000000 -1.538708 -0.463112 -0.578122
    15 11.692553 0.000000 0.000011 -0.711747 0.466856 -1.626303
    16 11.481667 0.000000 -0.000031 1.617377 -0.034172 0.028287
    17 2.676086 -1.712440 0.000004 1.570797 0.000001 1.570797
    18 -3.890452 0.000004 0.000004 -1.129780 0.005870 -1.778894
    19 17.848171 0.000000 0.000004 0.000009 0.000000 0.812063
    20 16.525251 0.000000 0.000004 0.013492 0.054492 -1.586965
    21 6.879454 0.000000 0.000008 -0.081332 -0.002951 -0.584373
    22 3.890452 -0.000004 -0.000004 -2.050440 -0.706583 -1.243416
    23 17.848175 0.000000 -0.000004 0.000010 0.000000 0.843728
    24 16.525246 0.000000 0.000004 -0.023535 -0.043434 -1.175134
    25 6.879452 0.000000 0.000000 -0.007311 -0.002944 -0.584342
    26 3.859703 -0.142403 -1.191975 -0.479143 0.152189 -0.879872
    27 1.312565 0.000001 0.000004 0.000000 0.009664 -0.439719
    28 0.729362 0.000002 0.000004 -0.028979 0.117255 -0.451390
    29 3.942326 0.046774 -0.431438 -0.155011 0.073329 -0.810646
    30 1.539093 0.000001 0.000000 0.041407 0.089645 -0.699060
    31 1.196320 -0.000001 0.000004 -0.000002 0.007360 -0.430801
    32 3.883686 -0.046767 0.431446 0.812670 -0.191549 -1.550266
    33 1.719570 0.000002 0.000004 0.194938 -0.171308 -0.606847
    34 1.209183 -0.000001 -0.000004 0.409190 -0.306122 -0.737506
    35 3.859859 -0.137950 1.332462 0.716033 -0.200230 -1.353927
    36 1.719429 0.000002 0.000000 -0.000001 0.004072 -0.363008
    37 1.099670 0.000001 0.000004 0.133914 -0.229713 -0.543027
    38 0.806049 -0.348922 1.321259 -1.148537 -0.413342 -0.685814
    39 1.789787 0.000000 0.000004 0.143112 0.004764 0.680910
    40 1.207001 0.000000 -0.000004 -0.238537 -0.328319 0.202547
    41 3.859665 -0.132565 1.193108 0.479138 -0.158546 -0.879039
    42 1.312561 0.000000 0.000000 0.000000 -0.011932 -0.439671
    43 0.729366 0.000002 0.000000 0.000002 -0.006134 -0.244270
    44 3.942291 0.050330 0.431042 0.154996 -0.079305 -0.810204
    45 1.539097 0.000003 0.000000 0.000000 -0.005853 -0.247769
    46 1.196320 0.000000 0.000000 0.000001 -0.009662 -0.430760
    47 3.883648 -0.050325 -0.431044 -0.034933 -0.082803 -1.461175
    48 1.719574 -0.000005 0.000000 0.000000 -0.007972 -1.498039
    49 1.209183 -0.000001 0.000000 0.000001 -0.004459 -0.216376
    50 3.859825 -0.148935 -1.331284 -0.082074 -0.080252 -1.260988
    51 1.719425 0.000000 0.000000 0.000000 -0.006612 -1.709117
    52 1.099663 0.000000 0.000000 0.000000 -0.004208 -0.244311
    53 0.806015 -0.359835 -1.318335 0.912685 0.357216 -0.682331
    54 1.789780 0.000001 0.000000 0.012436 -0.169953 0.694155
    55 1.207001 0.000000 0.000004 -0.000002 -0.009618 0.362904
    56 2.338451 -1.535743 -6.391512 1.520238 -0.094383 -2.001948
  time 28
    0 -0.002349 -1.011745 34.004278 1.693190 0.000007 -0.719444
    1 0.000005 3.345128 -2.981903 1.570796 0.123096 1.570796
    2 4.018331 0.000000 0.000000 0.054441 -0.042799 0.034481
    3 3.518564 0.000000 0.000000 -0.095603 -0.001979 0.100465
    4 8.942642 0.000000 0.000000 -0.120247 0.021687 0.192790
    5 3.307269 0.000000 -0.000004 -2.676674 -0.310542 0.304883
    6 3.593710 -0.000001 -0.000004 0.431719 0.010175 0.407281
    7 1.999994 -3.000001 0.000004 -1.570800 -0.000007 -1.326410
    8 2.033349 1.000771 -1.937607 -1.633305 1.117634 2.980521
    9 6.028143 0.000002 -0.000004 1.569071 0.068353 -0.549875
    10 11.692545 0.000000 0.000000 0.181520 -0.036865 -1.904024
    11 11.481701 0.000000 0.000000 -1.141199 0.118725 -0.006785
    12 2.676086 -1.712440 0.000000 -1.570795 0.000005 -1.570795
    13 2.033341 1.000767 1.937660 0.859154 -1.303000 -2.741514
    14 6.028140 0.000002 0.000000 -1.539176 -0.463584 -0.577459
    15 11.692553 0.000000 0.000011 -0.711747 0.466856 -1.626303
    16 11.481667 0.000000 -0.000031 1.617377 -0.034172 0.028287
    17 2.676086 -1.712440 0.000004 1.570797 0.000001 1.570797
    18 -3.890452 0.000004 0.000004 -1.129898 0.005641 -1.779278
    19 17.848171 0.000000 0.000004 0.000009 0.000000 0.813334
    20 16.525251 0.000000 0.000004 0.013421 0.054507 -1.588423
    21 6.879454 0.000000 0.000008 -0.081332 -0.002951 -0.584373
    22 3.890452 -0.000004 -0.000004 -2.051174 -0.707340 -1.242797
    23 17.848175 0.000000 -0.000004 0.000010 0.000000 0.845732
    24 16.525246 0.000000 0.000004 -0.023477 -0.043471 -1.176762
    25 6.879452 0.000000 0.000000 -0.007299 -0.002944 -0.584342
    26 3.859703 -0.142403 -1.191975 -0.479143 0.152189 -0.879872
    27 1.312565 0.000001 0.000004 0.000000 0.009664 -0.439719
    28 0.729362 0.000002 0.000004 -0.028979 0.117255 -0.451390
    29 3.942326 0.046774 -0.431438 -0.155011 0.073329 -0.810646
    30 1.539093 0.000001 0.000000 0.041407 0.089645 -0.699060
    31 1.196320 -0.000001 0.000004 -0.000002 0.007360 -0.430801
    32 3.883686 -0.046767 0.431446 0.812670 -0.191549 -1.550266
    33 1.719570 0.000002 0.000004 0.194938 -0.171308 -0.606847
    34 1.209183 -0.000001 -0.000004 0.409190 -0.306122 -0.737506
    35 3.859859 -0.137950 1.332462 0.716033 -0.200230 -1.353927
    36 1.719429 0.000002 0.000000 -0.000001 0.004072 -0.363008
    37 1.099670 0.000001 0.000004 0.133914 -0.229713 -0.543027
    38 0.806049 -0.348922 1.321259 -1.148537 -0.413342 -0.685814
    39 1.789787 0.000000 0.000004 0.143112 0.004764 0.680910
    40 1.207001 0.000000 -0.000004 -0.238537 -0.328319 0.202547
    41 3.859665 -0.132565 1.193108 0.479138 -0.158546 -0.879039
    42 1.312561 0.000000 0.000000 0.000000 -0.011932 -0.439671
    43 0.729366 0.000002 0.000000 0.000002 -0.006134 -0.244270
    44 3.942291 0.050330 0.431042 0.154996 -0.079305 -0.810204
    45 1.539097 0.000003 0.000000 0.000000 -0.005853 -0.247769
    46 1.196320 0.000000 0.000000 0.000001 -0.009662 -0.430760
    47 3.883648 -0.050325 -0.431044 -0.034933 -0.082803 -1.461175
    48 1.719574 -0.000005 0.000000 0.000000 -0.007972 -1.498039
    49 1.209183 -0.000001 0.000000 0.000001 -0.004459 -0.216376
    50 3.859825 -0.148935 -1.331284 -0.082074 -0.080252 -1.260988
    51 1.719425 0.000000 0.000000 0.000000 -0.006612 -1.709117
    52 1.099663 0.000000 0.000000 0.000000 -0.004208 -0.244311
    53 0.806015 -0.359835 -1.318335 0.912685 0.357216 -0.682331
    54 1.789780 0.000001 0.000000 0.012436 -0.169953 0.694155
    55 1.207001 0.000000 0.000004 -0.000002 -0.009618 0.362904
    56 2.338451 -1.535743 -6.391512 1.520238 -0.094383 -2.001948
  time 29
    0 -0.002349 -1.015651 33.996465 1.693190 0.000007 -0.719444
    1 0.000005 3.345128 -2.981903 1.570796 0.123096 1.570796
    2 4.018331 0.000000 0.000000 0.054441 -0.042799 0.034481
    3 3.518564 0.000000 0.000000 -0.095603 -0.001979 0.100465
    4 8.942642 0.000000 0.000000 -0.120247 0.021687 0.192790
    5 3.307269 0.000000 -0.000004 -2.676674 -0.310542 0.304883
    6 3.593710 -0.000001 -0.000004 0.431719 0.009899 0.407915
    7 1.999994 -3.000001 0.000004 -1.570753 -0.000007 -1.326410
    8 2.033349 1.000771 -1.937607 -1.633305 1.117634 2.980521
    9 6.028143 0.000002 -0.000004 1.568060 0.069469 -0.549310
    10 11.692545 0.000000 0.000000 0.181484 -0.037092 -1.902840
    11 11.481701 0.000000 0.000000 -1.141199 0.118725 -0.006785
    12 2.676086 -1.712440 0.000000 -1.570795 0.000005 -1.570795
    13 2.033341 1.000767 1.937660 0.859154 -1.303000 -2.741514
    14 6.028140 0.000002 0.000000 -1.539468 -0.463887 -0.577029
    15 11.692553 0.000000 0.000011 -0.711747 0.466856 -1.626303
    16 11.481667 0.000000 -0.000031 1.617377 -0.034172 0.028287
    17 2.676086 -1.712440 0.000004 1.570797 0.000001 1.570797
    18 -3.890452 0.000004 0.000004 -1.129662 0.005556 -1.779661
    19 17.848171 0.000000 0.000004 0.000009 0.000000 0.814081
    20 16.525251 0.000000 0.000004 0.013368 0.054522 -1.589378
    21 6.879454 0.000000 0.000008 -0.081332 -0.002951 -0.584373
    22 3.890452 -0.000004 -0.000004 -2.051419 -0.707803 -1.242522
    23 17.848175 0.000000 -0.000004 0.000010 0.000000 0.846984
    24 16.525246 0.000000 0.000004 -0.023433 -0.043507 -1.177786
    25 6.879452 0.000000 0.000000 -0.007311 -0.002944 -0.584342
    26 3.859703 -0.142403 -1.191975 -0.479143 0.152189 -0.879872
    27 1.312565 0.000001 0.000004 0.000000 0.009664 -0.439719
    28 0.729362 0.000002 0.000004 -0.028979 0.117255 -0.451390
    29 3.942326 0.046774 -0.431438 -0.155011 0.073329 -0.810646
    30 1.539093 0.000001 0.000000 0.041407 0.089645 -0.699060
    31 1.196320 -0.000001 0.000004 -0.000002 0.007360 -0.430801
    32 3.883686 -0.046767 0.431446 0.812670 -0.191549 -1.550266
    33 1.719570 0.000002 0.000004 0.194938 -0.171308 -0.606847
    34 1.209183 -0.000001 -0.000004 0.409190 -0.306122 -0.737506
    35 3.859859 -0.137950 1.332462 0.716033 -0.200230 -1.353927
    36 1.719429 0.000002 0.000000 -0.000001 0.004072 -0.363008
    37 1.099670 0.000001 0.000004 0.133914 -0.229713 -0.543027
    38 0.806049 -0.348922 1.321259 -1.148537 -0.413342 -0.685814
    39 1.789787 0.000000 0.000004 0.143112 0.004764 0.680910
    40 1.207001 0.000000 -0.000004 -0.238537 -0.328319 0.202547
    41 3.859665 -0.132565 1.193108 0.479138 -0.158546 -0.879039
    42 1.312561 0.000000 0.000000 0.000000 -0.011932 -0.439671
    43 0.729366 0.000002 0.000000 0.000002 -0.006134 -0.244270
    44 3.942291 0.050330 0.431042 0.154996 -0.079305 -0.810204
    45 1.539097 0.000003 0.000000 0.000000 -0.005853 -0.247769
    46 1.196320 0.000000 0.000000 0.000001 -0.009662 -0.430760
    47 3.883648 -0.050325 -0.431044 -0.034933 -0.082803 -1.461175
    48 1.719574 -0.000005 0.000000 0.000000 -0.007972 -1.498039
    49 1.209183 -0.000001 0.000000 0.000001 -0.004459 -0.216376
    50 3.859825 -0.148935 -1.331284 -0.082074 -0.080252 -1.260988
    51 1.719425 0.000000 0.000000 0.000000 -0.006612 -1.709117
    52 1.099663 0.000000 0.000000 0.000000 -0.004208 -0.244311
    53 0.806015 -0.359835 -1.318335 0.912685 0.357216 -0.682331
    54 1.789780 0.000001 0.000000 0.012436 -0.169953 0.694155
    55 1.207001 0.000000 0.000004 -0.000002 -0.009618 0.362904
    56 2.338451 -1.535743 -6.391512 1.520238 -0.094383 -2.001948
  time 30
    0 -0.002349 -1.015651 33.996465 1.693190 0.000007 -0.719444
    1 0.000005 3.345128 -2.981903 1.570796 0.123096 1.570796
    2 4.018331 0.000000 0.000000 0.054441 -0.042799 0.034481
    3 3.518564 0.000000 0.000000 -0.095603 -0.001979 0.100465
    4 8.942642 0.000000 0.000000 -0.120247 0.021687 0.192790
    5 3.307269 0.000000 -0.000004 -2.676674 -0.310542 0.304883
    6 3.593710 -0.000001 -0.000004 0.431765 0.009732 0.408267
    7 1.999994 -3.000001 0.000004 -1.570800 -0.000007 -1.326410
    8 2.033349 1.000771 -1.937607 -1.633305 1.117634 2.980521
    9 6.028143 0.000002 -0.000004 1.567417 0.070166 -0.548992
    10 11.692545 0.000000 0.000000 0.181460 -0.037236 -1.902051
    11 11.481701 0.000000 0.000000 -1.141199 0.118725 -0.006785
    12 2.676086 -1.712440 0.000000 -1.570795 0.000005 -1.570795
    13 2.033341 1.000767 1.937660 0.859154 -1.303000 -2.741514
    14 6.028140 0.000002 0.000000 -1.539585 -0.463988 -0.576873
    15 11.692553 0.000000 0.000011 -0.711747 0.466856 -1.626303
    16 11.481667 0.000000 -0.000031 1.617377 -0.034172 0.028287
    17 2.676086 -1.712440 0.000004 1.570797 0.000001 1.570797
    18 -3.890452 0.000004 0.000004 -1.129721 0.005499 -1.779789
    19 17.848171 0.000000 0.000004 0.000009 0.000000 0.814380
    20 16.525251 0.000000 0.000004 0.013351 0.054536 -1.589680
    21 6.879454 0.000000 0.000008 -0.081332 -0.002951 -0.584373
    22 3.890452 -0.000004 -0.000004 -2.051419 -0.707972 -1.242453
    23 17.848175 0.000000 -0.000004 0.000010 0.000000 0.847422
    24 16.525246 0.000000 0.000004 -0.023418 -0.043507 -1.178148
    25 6.879452 0.000000 0.000000 -0.007311 -0.002944 -0.584342
    26 3.859703 -0.142403 -1.191975 -0.479143 0.152189 -0.879872
    27 1.312565 0.000001 0.000004 0.000000 0.009664 -0.439719
    28 0.729362 0.000002 0.000004 -0.028979 0.117255 -0.451390
    29 3.942326 0.046774 -0.431438 -0.155011 0.073329 -0.810646
    30 1.539093 0.000001 0.000000 0.041407 0.089645 -0.699060
    31 1.196320 -0.000001 0.000004 -0.000002 0.007360 -0.430801
    32 3.883686 -0.046767 0.431446 0.812670 -0.191549 -1.550266
    33 1.719570 0.000002 0.000004 0.194938 -0.171308 -0.606847
    34 1.209183 -0.000001 -0.000004 0.409190 -0.306122 -0.737506
    35 3.859859 -0.137950 1.332462 0.716033 -0.200230 -1.353927
    36 1.719429 0.000002 0.000000 -0.000001 0.004072 -0.363008
    37 1.099670 0.000001 0.000004 0.133914 -0.229713 -0.543027
    38 0.806049 -0.348922 1.321259 -1.148537 -0.413342 -0.685814
    39 1.789787 0.000000 0.000004 0.143112 0.004764 0.680910
    40 1.207001 0.000000 -0.000004 -0.238537 -0.328319 0.202547
    41 3.859665 -0.132565 1.193108 0.479138 -0.158546 -0.879039
    42 1.312561 0.000000 0.000000 0.000000 -0.011932 -0.439671
    43 0.729366 0.000002 0.000000 0.000002 -0.006134 -0.244270
    44 3.942291 0.050330 0.431042 0.154996 -0.079305 -0.810204
    45 1.539097 0.000003 0.000000 0.000000 -0.005853 -0.247769
    46 1.196320 0.000000 0.000000 0.000001 -0.009662 -0.430760
    47 3.883648 -0.050325 -0.431044 -0.034933 -0.082803 -1.461175
    48 1.719574 -0.000005 0.000000 0.000000 -0.007972 -1.498039
    49 1.209183 -0.000001 0.000000 0.000001 -0.004459 -0.216376
    50 3.859825 -0.148935 -1.331284 -0.082074 -0.080252 -1.260988
    51 1.719425 0.000000 0.000000 0.000000 -0.006612 -1.709117
    52 1.099663 0.000000 0.000000 0.000000 -0.004208 -0.244311
    53 0.806015 -0.359835 -1.318335 0.912685 0.357216 -0.682331
    54 1.789780 0.000001 0.000000 0.012436 -0.169953 0.694155
    55 1.207001 0.000000 0.000004 -0.000002 -0.009618 0.362904
    56 2.338451 -1.535743 -6.391512 1.520238 -0.094383 -2.001948
  time 31
    0 -0.002349 -1.015651 33.996465 1.693190 0.000007 -0.719444
    1 0.000005 3.345128 -2.981903 1.570796 0.123096 1.570796
    2 4.018331 0.000000 0.000000 0.054441 -0.042799 0.034481
    3 3.518564 0.000000 0.000000 -0.095603 -0.001979 0.100465
    4 8.942642 0.000000 0.000000 -0.120247 0.021687 0.192790
    5 3.307269 0.000000 -0.000004 -2.676674 -0.310542 0.304883
    6 3.593710 -0.000001 -0.000004 0.431765 0.009672 0.408407
    7 1.999994 -3.000001 0.000004 -1.570800 -0.000007 -1.326410
    8 2.033349 1.000771 -1.937607 -1.633305 1.117634 2.980521
    9 6.028143 0.000002 -0.000004 1.567233 0.070410 -0.548850
    10 11.692545 0.000000 0.000000 0.181448 -0.037284 -1.901788
    11 11.481701 0.000000 0.000000 -1.141199 0.118725 -0.006785
    12 2.676086 -1.712440 0.000000 -1.570795 0.000005 -1.570795
    13 2.033341 1.000767 1.937660 0.859154 -1.303000 -2.741514
    14 6.028140 0.000002 0.000000 -1.539526 -0.463955 -0.576912
    15 11.692553 0.000000 0.000011 -0.711747 0.466856 -1.626303
    16 11.481667 0.000000 -0.000031 1.617377 -0.034172 0.028287
    17 2.676086 -1.712440 0.000004 1.570797 0.000001 1.570797
    18 -3.890452 0.000004 0.000004 -1.130016 0.005442 -1.779661
    19 17.848171 0.000000 0.000004 0.000009 0.000000 0.814306
    20 16.525251 0.000000 0.000004 0.013351 0.054536 -1.589629
    21 6.879454 0.000000 0.000008 -0.081332 -0.002951 -0.584373
    22 3.890452 -0.000004 -0.000004 -2.051011 -0.708014 -1.242591
    23 17.848175 0.000000 -0.000004 0.000010 0.000000 0.847359
    24 16.525246 0.000000 0.000004 -0.023418 -0.043507 -1.178028
    25 6.879452 0.000000 0.000000 -0.007299 -0.002944 -0.584342
    26 3.859703 -0.142403 -1.191975 -0.479143 0.152189 -0.879872
    27 1.312565 0.000001 0.000004 0.000000 0.009664 -0.439719
    28 0.729362 0.000002 0.000004 -0.028979 0.117255 -0.451390
    29 3.942326 0.046774 -0.431438 -0.155011 0.073329 -0.810646
    30 1.539093 0.000001 0.000000 0.041407 0.089645 -0.699060
    31 1.196320 -0.000001 0.000004 -0.000002 0.007360 -0.430801
    32 3.883686 -0.046767 0.431446 0.812670 -0.191549 -1.550266
    33 1.719570 0.000002 0.000004 0.194938 -0.171308 -0.606847
    34 1.209183 -0.000001 -0.000004 0.409190 -0.306122 -0.737506
    35 3.859859 -0.137950 1.332462 0.716033 -0.200230 -1.353927
    36 1.719429 0.000002 0.000000 -0.000001 0.004072 -0.363008
    37 1.099670 0.000001 0.000004 0.133914 -0.229713 -0.543027
    38 0.806049 -0.348922 1.321259 -1.148537 -0.413342 -0.685814
    39 1.789787 0.000000 0.000004 0.143112 0.004764 0.680910
    40 1.207001 0.000000 -0.000004 -0.238537 -0.328319 0.202547
    41 3.859665 -0.132565 1.193108 0.479138 -0.158546 -0.879039
    42 1.312561 0.000000 0.000000 0.000000 -0.011932 -0.439671
    43 0.729366 0.000002 0.000000 0.000002 -0.006134 -0.244270
    44 3.942291 0.050330 0.431042 0.154996 -0.079305 -0.810204
    45 1.539097 0.000003 0.000000 0.000000 -0.005853 -0.247769
    46 1.196320 0.000000 0.000000 0.000001 -0.009662 -0.430760
    47 3.883648 -0.050325 -0.431044 -0.034933 -0.082803 -1.461220
    48 1.719574 -0.000005 0.000000 0.000000 -0.007972 -1.498039
    49 1.209183 -0.000001 0.000000 0.000001 -0.004459 -0.216376
    50 3.859825 -0.148935 -1.331284 -0.082074 -0.080252 -1.260988
    51 1.719425 0.000000 0.000000 0.000000 -0.006612 -1.709117
    52 1.099663 0.000000 0.000000 0.000000 -0.004208 -0.244311
    53 0.806015 -0.359835 -1.318335 0.912685 0.357216 -0.682331
    54 1.789780 0.000001 0.000000 0.012436 -0.169953 0.694155
    55 1.207001 0.000000 0.000004 -0.000002 -0.009618 0.362904
    56 2.338451 -1.535743 -6.391512 1.520238 -0.094383 -2.001948
  time 32
    0 -0.002349 -1.015651 33.996465 1.693190 0.000007 -0.719444
    1 0.000005 3.345128 -2.981903 1.570796 0.123096 1.570796
    2 4.018331 0.000000 0.000000 0.054441 -0.042799 0.034481
    3 3.518564 0.000000 0.000000 -0.095603 -0.001979 0.100465
    4 8.942642 0.000000 0.000000 -0.120247 0.021687 0.192790
    5 3.307269 0.000000 -0.000004 -2.676674 -0.310542 0.304883
    6 3.593710 -0.000001 -0.000004 0.431765 0.009684 0.408372
    7 1.999994 -3.000001 0.000004 -1.570800 -0.000007 -1.326410
    8 2.033349 1.000771 -1.937607 -1.633305 1.117634 2.980521
    9 6.028143 0.000002 -0.000004 1.567233 0.070341 -0.548886
    10 11.692545 0.000000 0.000000 0.181448 -0.037272 -1.901853
    11 11.481701 0.000000 0.000000 -1.141199 0.118725 -0.006785
    12 2.676086 -1.712440 0.000000 -1.570795 0.000005 -1.570795
    13 2.033341 1.000767 1.937660 0.859154 -1.303000 -2.741514
    14 6.028140 0.000002 0.000000 -1.539468 -0.463887 -0.577029
    15 11.692553 0.000000 0.000011 -0.711747 0.466856 -1.626303
    16 11.481667 0.000000 -0.000031 1.617377 -0.034172 0.028287
    17 2.676086 -1.712440 0.000004 1.570797 0.000001 1.570797
    18 -3.890452 0.000004 0.000004 -1.129662 0.005556 -1.779661
    19 17.848171 0.000000 0.000004 0.000009 0.000000 0.814081
    20 16.525251 0.000000 0.000004 0.013368 0.054522 -1.589378
    21 6.879454 0.000000 0.000008 -0.081332 -0.002951 -0.584373
    22 3.890452 -0.000004 -0.000004 -2.051419 -0.707803 -1.242522
    23 17.848175 0.000000 -0.000004 0.000010 0.000000 0.846984
    24 16.525246 0.000000 0.000004 -0.023433 -0.043507 -1.177786
    25 6.879452 0.000000 0.000000 -0.007311 -0.002944 -0.584342
    26 3.859703 -0.142403 -1.191975 -0.479143 0.152189 -0.879872
    27 1.312565 0.000001 0.000004 0.000000 0.009664 -0.439719
    28 0.729362 0.000002 0.000004 -0.028979 0.117255 -0.451390
    29 3.942326 0.046774 -0.431438 -0.155011 0.073329 -0.810646
    30 1.539093 0.000001 0.000000 0.041407 0.089645 -0.699060
    31 1.196320 -0.000001 0.000004 -0.000002 0.007360 -0.430801
    32 3.883686 -0.046767 0.431446 0.812670 -0.191549 -1.550266
    33 1.719570 0.000002 0.000004 0.194938 -0.171308 -0.606847
    34 1.209183 -0.000001 -0.000004 0.409190 -0.306122 -0.737506
    35 3.859859 -0.137950 1.332462 0.716033 -0.200230 -1.353927
    36 1.719429 0.000002 0.000000 -0.000001 0.004072 -0.363008
    37 1.099670 0.000001 0.000004 0.133914 -0.229713 -0.543027
    38 0.806049 -0.348922 1.321259 -1.148537 -0.413342 -0.685814
    39 1.789787 0.000000 0.000004 0.143112 0.004764 0.680910
    40 1.207001 0.000000 -0.000004 -0.238537 -0.328319 0.202547
    41 3.859665 -0.132565 1.193108 0.479138 -0.158546 -0.879039
    42 1.312561 0.000000 0.000000 0.000000 -0.011932 -0.439671
    43 0.729366 0.000002 0.000000 0.000002 -0.006134 -0.244270
    44 3.942291 0.050330 0.431042 0.154996 -0.079305 -0.810204
    45 1.539097 0.000003 0.000000 0.000000 -0.005853 -0.247769
    46 1.196320 0.000000 0.000000 0.000001 -0.009662 -0.430760
    47 3.883648 -0.050325 -0.431044 -0.034933 -0.082803 -1.461175
    48 1.719574 -0.000005 0.000000 0.000000 -0.007972 -1.498039
    49 1.209183 -0.000001 0.000000 0.000001 -0.004459 -0.216376
    50 3.859825 -0.148935 -1.331284 -0.082074 -0.080252 -1.260988
    51 1.719425 0.000000 0.000000 0.000000 -0.006612 -1.709117
    52 1.099663 0.000000 0.000000 0.000000 -0.004208 -0.244311
    53 0.806015 -0.359835 -1.318335 0.912685 0.357216 -0.682331
    54 1.789780 0.000001 0.000000 0.012436 -0.169953 0.694155
    55 1.207001 0.000000 0.000004 -0.000002 -0.009618 0.362904
    56 2.338451 -1.535743 -6.391512 1.520238 -0.094383 -2.001948
  time 33
    0 -0.002349 -1.011745 34.000372 1.693190 0.000007 -0.719444
    1 0.000005 3.345128 -2.981903 1.570796 0.123096 1.570796
    2 4.018331 0.000000 0.000000 0.054441 -0.042799 0.034481
    3 3.518564 0.000000 0.000000 -0.095603 -0.001979 0.100465
    4 8.942642 0.000000 0.000000 -0.120247 0.021687 0.192790
    5 3.307269 0.000000 -0.000004 -2.676674 -0.310542 0.304883
    6 3.593710 -0.000001 -0.000004 0.431765 0.009732 0.408267
    7 1.999994 -3.000001 0.000004 -1.570800 -0.000007 -1.326410
    8 2.033349 1.000771 -1.937607 -1.633305 1.117634 2.980521
    9 6.028143 0.000002 -0.000004 1.567509 0.070149 -0.548992
    10 11.692545 0.000000 0.000000 0.181460 -0.037224 -1.902117
    11 11.481701 0.000000 0.000000 -1.141199 0.118725 -0.006785
    12 2.676086 -1.712440 0.000000 -1.570795 0.000005 -1.570795
    13 2.033341 1.000767 1.937660 0.859154 -1.303000 -2.741514
    14 6.028140 0.000002 0.000000 -1.539351 -0.463752 -0.577185
    15 11.692553 0.000000 0.000011 -0.711747 0.466856 -1.626303
    16 11.481667 0.000000 -0.000031 1.617377 -0.034172 0.028287
    17 2.676086 -1.712440 0.000004 1.570797 0.000001 1.570797
    18 -3.890452 0.000004 0.000004 -1.129957 0.005556 -1.779470
    19 17.848171 0.000000 0.000004 0.000009 0.000000 0.813782
    20 16.525251 0.000000 0.000004 0.013386 0.054522 -1.588976
    21 6.879454 0.000000 0.000008 -0.081332 -0.002951 -0.584373
    22 3.890452 -0.000004 -0.000004 -2.051337 -0.707593 -1.242660
    23 17.848175 0.000000 -0.000004 0.000010 0.000000 0.846483
    24 16.525246 0.000000 0.000004 -0.023447 -0.043489 -1.177364
    25 6.879452 0.000000 0.000000 -0.007311 -0.002944 -0.584342
    26 3.859703 -0.142403 -1.191975 -0.479143 0.152189 -0.879872
    27 1.312565 0.000001 0.000004 0.000000 0.009664 -0.439719
    28 0.729362 0.000002 0.000004 -0.028979 0.117255 -0.451390
    29 3.942326 0.046774 -0.431438 -0.155011 0.073329 -0.810646
    30 1.539093 0.000001 0.000000 0.041407 0.089645 -0.699060
    31 1.196320 -0.000001 0.000004 -0.000002 0.007360 -0.430801
    32 3.883686 -0.046767 0.431446 0.812670 -0.191549 -1.550266
    33 1.719570 0.000002 0.000004 0.194938 -0.171308 -0.606847
    34 1.209183 -0.000001 -0.000004 0.409190 -0.306122 -0.737506
    35 3.859859 -0.137950 1.332462 0.716033 -0.200230 -1.353927
    36 1.719429 0.000002 0.000000 -0.000001 0.004072 -0.363008
    37 1.099670 0.000001 0.000004 0.133914 -0.229713 -0.543027
    38 0.806049 -0.348922 1.321259 -1.148537 -0.413342 -0.685814
    39 1.789787 0.000000 0.000004 0.143112 0.004764 0.680910
    40 1.207001 0.000000 -0.000004 -0.238537 -0.328319 0.202547
    41 3.859665 -0.132565 1.193108 0.479138 -0.158546 -0.879039
    42 1.312561 0.000000 0.000000 0.000000 -0.011932 -0.439671
    43 0.729366 0.000002 0.000000 0.000002 -0.006134 -0.244270
    44 3.942291 0.050330 0.431042 0.154996 -0.079305 -0.810204
    45 1.539097 0.000003 0.000000 0.000000 -0.005853 -0.247769
    46 1.196320 0.000000 0.000000 0.000001 -0.009662 -0.430760
    47 3.883648 -0.050325 -0.431044 -0.034933 -0.082803 -1.461175
    48 1.719574 -0.000005 0.000000 0.000000 -0.007972 -1.498039
    49 1.209183 -0.000001 0.000000 0.000001 -0.004459 -0.216376
    50 3.859825 -0.148935 -1.331284 -0.082074 -0.080252 -1.260988
    51 1.719425 0.000000 0.000000 0.000000 -0.006612 -1.709117
    52 1.099663 0.000000 0.000000 0.000000 -0.004208 -0.244311
    53 0.806015 -0.359835 -1.318335 0.912685 0.357216 -0.682331
    54 1.789780 0.000001 0.000000 0.012436 -0.169953 0.694155
    55 1.207001 0.000000 0.000004 -0.000002 -0.009618 0.362904
    56 2.338451 -1.535743 -6.391512 1.520238 -0.094383 -2.001948
  time 34
    0 -0.002349 -1.011745 34.004278 1.693190 0.000007 -0.719444
    1 0.000005 3.345128 -2.981903 1.570796 0.123096 1.570796
    2 4.018331 0.000000 0.000000 0.054441 -0.042799 0.034481
    3 3.518564 0.000000 0.000000 -0.095603 -0.001979 0.100465
    4 8.942642 0.000000 0.000000 -0.120247 0.021687 0.192790
    5 3.307269 0.000000 -0.000004 -2.676674 -0.310542 0.304883
    6 3.593710 -0.000001 -0.000004 0.431765 0.009815 0.408091
    7 1.999994 -3.000001 0.000004 -1.570800 -0.000007 -1.326410
    8 2.033349 1.000771 -1.937607 -1.633305 1.117634 2.980521
    9 6.028143 0.000002 -0.000004 1.567785 0.069817 -0.549133
    10 11.692545 0.000000 0.000000 0.181472 -0.037164 -1.902445
    11 11.481701 0.000000 0.000000 -1.141199 0.118725 -0.006785
    12 2.676086 -1.712440 0.000000 -1.570795 0.000005 -1.570795
    13 2.033341 1.000767 1.937660 0.859154 -1.303000 -2.741514
    14 6.028140 0.000002 0.000000 -1.539176 -0.463584 -0.577459
    15 11.692553 0.000000 0.000011 -0.711747 0.466856 -1.626303
    16 11.481667 0.000000 -0.000031 1.617377 -0.034172 0.028287
    17 2.676086 -1.712440 0.000004 1.570797 0.000001 1.570797
    18 -3.890452 0.000004 0.000004 -1.129898 0.005641 -1.779278
    19 17.848171 0.000000 0.000004 0.000009 0.000000 0.813334
    20 16.525251 0.000000 0.000004 0.013421 0.054507 -1.588423
    21 6.879454 0.000000 0.000008 -0.081332 -0.002951 -0.584373
    22 3.890452 -0.000004 -0.000004 -2.051174 -0.707340 -1.242797
    23 17.848175 0.000000 -0.000004 0.000010 0.000000 0.845732
    24 16.525246 0.000000 0.000004 -0.023477 -0.043471 -1.176762
    25 6.879452 0.000000 0.000000 -0.007299 -0.002944 -0.584342
    26 3.859703 -0.142403 -1.191975 -0.479143 0.152189 -0.879872
    27 1.312565 0.000001 0.000004 0.000000 0.009664 -0.439719
    28 0.729362 0.000002 0.000004 -0.028979 0.117255 -0.451390
    29 3.942326 0.046774 -0.431438 -0.155011 0.073329 -0.810646
    30 1.539093 0.000001 0.000000 0.041407 0.089645 -0.699060
    31 1.196320 -0.000001 0.000004 -0.000002 0.007360 -0.430801
    32 3.883686 -0.046767 0.431446 0.812670 -0.191549 -1.550266
    33 1.719570 0.000002 0.000004 0.194938 -0.171308 -0.606847
    34 1.209183 -0.000001 -0.000004 0.409190 -0.306122 -0.737506
    35 3.859859 -0.137950 1.332462 0.716033 -0.200230 -1.353927
    36 1.719429 0.000002 0.000000 -0.000001 0.004072 -0.363008
    37 1.099670 0.000001 0.000004 0.133914 -0.229713 -0.543027
    38 0.806049 -0.348922 1.321259 -1.148537 -0.413342 -0.685814
    39 1.789787 0.000000 0.000004 0.143112 0.004764 0.680910
    40 1.207001 0.000000 -0.000004 -0.238537 -0.328319 0.202547
    41 3.859665 -0.132565 1.193108 0.479138 -0.158546 -0.879039
    42 1.312561 0.000000 0.000000 0.000000 -0.011932 -0.439671
    43 0.729366 0.000002 0.000000 0.000002 -0.006134 -0.244270
    44 3.942291 0.050330 0.431042 0.154996 -0.079305 -0.810204
    45 1.539097 0.000003 0.000000 0.000000 -0.005853 -0.247769
    46 1.196320 0.000000 0.000000 0.000001 -0.009662 -0.430760
    47 3.883648 -0.050325 -0.431044 -0.034933 -0.082803 -1.461175
    48 1.719574 -0.000005 0.000000 0.000000 -0.007972 -1.498039
    49 1.209183 -0.000001 0.000000 0.000001 -0.004459 -0.216376
    50 3.859825 -0.148935 -1.331284 -0.082074 -0.080252 -1.260988
    51 1.719425 0.000000 0.000000 0.000000 -0.006612 -1.709117
    52 1.099663 0.000000 0.000000 0.000000 -0.004208 -0.244311
    53 0.806015 -0.359835 -1.318335 0.912685 0.357216 -0.682331
    54 1.789780 0.000001 0.000000 0.012436 -0.169953 0.694155
    55 1.207001 0.000000 0.000004 -0.000002 -0.009618 0.362904
    56 2.338451 -1.535743 -6.391512 1.520238 -0.094383 -2.001948
  time 35
    0 -0.002349 -1.007838 34.012091 1.693190 0.000007 -0.719444
    1 0.000005 3.345128 -2.981903 1.570796 0.123096 1.570796
    2 4.018331 0.000000 0.000000 0.054441 -0.042799 0.034481
    3 3.518564 0.000000 0.000000 -0.095603 -0.001979 0.100465
    4 8.942642 0.000000 0.000000 -0.120247 0.021687 0.192790
    5 3.307269 0.000000 -0.000004 -2.676674 -0.310542 0.304883
    6 3.593710 -0.000001 -0.000004 0.431719 0.009923 0.407844
    7 1.999994 -3.000001 0.000004 -1.570800 -0.000007 -1.326410
    8 2.033349 1.000771 -1.937607 -1.633305 1.117634 2.980521
    9 6.028143 0.000002 -0.000004 1.568152 0.069382 -0.549380
    10 11.692545 0.000000 0.000000 0.181484 -0.037080 -1.902906
    11 11.481701 0.000000 0.000000 -1.141199 0.118725 -0.006785
    12 2.676086 -1.712440 0.000000 -1.570795 0.000005 -1.570795
    13 2.033341 1.000767 1.937660 0.859154 -1.303000 -2.741514
    14 6.028140 0.000002 0.000000 -1.538942 -0.463381 -0.577771
    15 11.692553 0.000000 0.000011 -0.711747 0.466856 -1.626303
    16 11.481667 0.000000 -0.000031 1.617377 -0.034172 0.028287
    17 2.676086 -1.712440 0.000004 1.570797 0.000001 1.570797
    18 -3.890452 0.000004 0.000004 -1.129426 0.005813 -1.779278
    19 17.848171 0.000000 0.000004 0.000009 0.000000 0.812736
    20 16.525251 0.000000 0.000004 0.013457 0.054507 -1.587769
    21 6.879454 0.000000 0.000008 -0.081332 -0.002951 -0.584373
    22 3.890452 -0.000004 -0.000004 -2.051011 -0.706962 -1.243003
    23 17.848175 0.000000 -0.000004 0.000010 0.000000 0.844855
    24 16.525246 0.000000 0.000004 -0.023506 -0.043452 -1.176038
    25 6.879452 0.000000 0.000000 -0.007311 -0.002944 -0.584342
    26 3.859703 -0.142403 -1.191975 -0.479143 0.152189 -0.879872
    27 1.312565 0.000001 0.000004 0.000000 0.009664 -0.439719
    28 0.729362 0.000002 0.000004 -0.028979 0.117255 -0.451390
    29 3.942326 0.046774 -0.431438 -0.155011 0.073329 -0.810646
    30 1.539093 0.000001 0.000000 0.041407 0.089645 -0.699060
    31 1.196320 -0.000001 0.000004 -0.000002 0.007360 -0.430801
    32 3.883686 -0.046767 0.431446 0.812670 -0.191549 -1.550266
    33 1.719570 0.000002 0.000004 0.194938 -0.171308 -0.606847
    34 1.209183 -0.000001 -0.000004 0.409190 -0.306122 -0.737506
    35 3.859859 -0.137950 1.332462 0.716033 -0.200230 -1.353927
    36 1.719429 0.000002 0.000000 -0.000001 0.004072 -0.363008
    37 1.099670 0.000001 0.000004 0.133914 -0.229713 -0.543027
    38 0.806049 -0.348922 1.321259 -1.148537 -0.413342 -0.685814
    39 1.789787 0.000000 0.000004 0.143112 0.004764 0.680910
    40 1.207001 0.000000 -0.000004 -0.238537 -0.328319 0.202547
    41 3.859665 -0.132565 1.193108 0.479138 -0.158546 -0.879039
    42 1.312561 0.000000 0.000000 0.000000 -0.011932 -0.439671
    43 0.729366 0.000002 0.000000 0.000002 -0.006134 -0.244270
    44 3.942291 0.050330 0.431042 0.154996 -0.079305 -0.810204
    45 1.539097 0.000003 0.000000 0.000000 -0.005853 -0.247769
    46 1.196320 0.000000 0.000000 0.000001 -0.009662 -0.430760
    47 3.883648 -0.050325 -0.431044 -0.034933 -0.082803 -1.461175
    48 1.719574 -0.000005 0.000000 0.000000 -0.007972 -1.498039
    49 1.209183 -0.000001 0.000000 0.000001 -0.004459 -0.216376
    50 3.859825 -0.148935 -1.331284 -0.082074 -0.080252 -1.260988
    51 1.719425 0.000000 0.000000 0.000000 -0.006612 -1.709117
    52 1.099663 0.000000 0.000000 0.000000 -0.004208 -0.244311
    53 0.806015 -0.359835 -1.318335 0.912685 0.357216 -0.682331
    54 1.789780 0.000001 0.000000 0.012436 -0.169953 0.694155
    55 1.207001 0.000000 0.000004 -0.000002 -0.009618 0.362904
    56 2.338451 -1.535743 -6.391512 1.520238 -0.094383 -2.001948
  time 36
    0 -0.002349 -1.003932 34.019904 1.693190 0.000007 -0.719444
    1 0.000005 3.345128 -2.981903 1.570796 0.123096 1.570796
    2 4.018331 0.000000 0.000000 0.054441 -0.042799 0.034481
    3 3.518564 0.000000 0.000000 -0.095603 -0.001979 0.100465
    4 8.942642 0.000000 0.000000 -0.120247 0.021687 0.192790
    5 3.307269 0.000000 -0.000004 -2.676674 -0.310542 0.304883
    6 3.593710 -0.000001 -0.000004 0.431719 0.010055 0.407563
    7 1.999994 -3.000001 0.000004 -1.570753 -0.000007 -1.326410
    8 2.033349 1.000771 -1.937607 -1.633305 1.117634 2.980521
    9 6.028143 0.000002 -0.000004 1.568704 0.068806 -0.549628
    10 11.692545 0.000000 0.000000 0.181496 -0.036960 -1.903564
    11 11.481701 0.000000 0.000000 -1.141199 0.118725 -0.006785
    12 2.676086 -1.712440 0.000000 -1.570795 0.000005 -1.570795
    13 2.033341 1.000767 1.937660 0.859154 -1.303000 -2.741514
    14 6.028140 0.000002 0.000000 -1.538708 -0.463112 -0.578122
    15 11.692553 0.000000 0.000011 -0.711747 0.466856 -1.626303
    16 11.481667 0.000000 -0.000031 1.617377 -0.034172 0.028287
    17 2.676086 -1.712440 0.000004 1.570797 0.000001 1.570797
    18 -3.890452 0.000004 0.000004 -1.129485 0.005927 -1.779022
    19 17.848171 0.000000 0.000004 0.000009 0.000000 0.812063
    20 16.525251 0.000000 0.000004 0.013492 0.054492 -1.586965
    21 6.879454 0.000000 0.000008 -0.081332 -0.002951 -0.584373
    22 3.890452 -0.000004 -0.000004 -2.050848 -0.706541 -1.243278
    23 17.848175 0.000000 -0.000004 0.000010 0.000000 0.843728
    24 16.525246 0.000000 0.000004 -0.023535 -0.043434 -1.175134
    25 6.879452 0.000000 0.000000 -0.007299 -0.002944 -0.584342
    26 3.859703 -0.142403 -1.191975 -0.479143 0.152189 -0.879872
    27 1.312565 0.000001 0.000004 0.000000 0.009664 -0.439719
    28 0.729362 0.000002 0.000004 -0.028979 0.117255 -0.451390
    29 3.942326 0.046774 -0.431438 -0.155011 0.073329 -0.810646
    30 1.539093 0.000001 0.000000 0.041407 0.089645 -0.699060
    31 1.196320 -0.000001 0.000004 -0.000002 0.007360 -0.430801
    32 3.883686 -0.046767 0.431446 0.812670 -0.191549 -1.550266
    33 1.719570 0.000002 0.000004 0.194938 -0.171308 -0.606847
    34 1.209183 -0.000001 -0.000004 0.409190 -0.306122 -0.737506
    35 3.859859 -0.137950 1.332462 0.716033 -0.200230 -1.353927
    36 1.719429 0.000002 0.000000 -0.000001 0.004072 -0.363008
    37 1.099670 0.000001 0.000004 0.133914 -0.229713 -0.543027
    38 0.806049 -0.348922 1.321259 -1.148537 -0.413342 -0.685814
    39 1.789787 0.000000 0.000004 0.143112 0.004764 0.680910
    40 1.207001 0.000000 -0.000004 -0.238537 -0.328319 0.202547
    41 3.859665 -0.132565 1.193108 0.479138 -0.158546 -0.879039
    42 1.312561 0.000000 0.000000 0.000000 -0.011932 -0.439671
    43 0.729366 0.000002 0.000000 0.000002 -0.006134 -0.244270
    44 3.942291 0.050330 0.431042 0.154996 -0.079305 -0.810204
    45 1.539097 0.000003 0.000000 0.000000 -0.005853 -0.247769
    46 1.196320 0.000000 0.000000 0.000001 -0.009662 -0.430760
    47 3.883648 -0.050325 -0.431044 -0.034933 -0.082803 -1.461175
    48 1.719574 -0.000005 0.000000 0.000000 -0.007972 -1.498039
    49 1.209183 -0.000001 0.000000 0.000001 -0.004459 -0.216376
    50 3.859825 -0.148935 -1.331284 -0.082074 -0.080252 -1.260988
    51 1.719425 0.000000 0.000000 0.000000 -0.006612 -1.709117
    52 1.099663 0.000000 0.000000 0.000000 -0.004208 -0.244311
    53 0.806015 -0.359835 -1.318335 0.912685 0.357216 -0.682331
    54 1.789780 0.000001 0.000000 0.012436 -0.169953 0.694155
    55 1.207001 0.000000 0.000004 -0.000002 -0.009618 0.362904
    56 2.338451 -1.535743 -6.391512 1.520238 -0.094383 -2.001948
  time 37
    0 -0.002349 -1.000026 34.027716 1.693190 0.000007 -0.719444
    1 0.000005 3.345128 -2.981903 1.570796 0.123096 1.570796
    2 4.018331 0.000000 0.000000 0.054441 -0.042799 0.034481
    3 3.518564 0.000000 0.000000 -0.095603 -0.001979 0.100465
    4 8.942642 0.000000 0.000000 -0.120247 0.021687 0.192790
    5 3.307269 0.000000 -0.000004 -2.676674 -0.310542 0.304883
    6 3.593710 -0.000001 -0.000004 0.431719 0.010223 0.407176
    7 1.999994 -3.000001 0.000004 -1.570800 -0.000007 -1.326410
    8 2.033349 1.000771 -1.937607 -1.633305 1.117634 2.980521
    9 6.028143 0.000002 -0.000004 1.569347 0.068144 -0.549946
    10 11.692545 0.000000 0.000000 0.181520 -0.036829 -1.904287
    11 11.481701 0.000000 0.000000 -1.141199 0.118725 -0.006785
    12 2.676086 -1.712440 0.000000 -1.570795 0.000005 -1.570795
    13 2.033341 1.000767 1.937660 0.859154 -1.303000 -2.741514
    14 6.028140 0.000002 0.000000 -1.538416 -0.462808 -0.578590
    15 11.692553 0.000000 0.000011 -0.711747 0.466856 -1.626303
    16 11.481667 0.000000 -0.000031 1.617377 -0.034172 0.028287
    17 2.676086 -1.712440 0.000004 1.570797 0.000001 1.570797
    18 -3.890452 0.000004 0.000004 -1.129721 0.006012 -1.778639
    19 17.848171 0.000000 0.000004 0.000009 0.000000 0.811241
    20 16.525251 0.000000 0.000004 0.013545 0.054478 -1.586010
    21 6.879454 0.000000 0.000008 -0.081332 -0.002951 -0.584373
    22 3.890452 -0.000004 -0.000004 -2.050277 -0.706078 -1.243691
    23 17.848175 0.000000 -0.000004 0.000010 0.000000 0.842414
    24 16.525246 0.000000 0.000004 -0.023579 -0.043398 -1.174109
    25 6.879452 0.000000 0.000000 -0.007299 -0.002944 -0.584342
    26 3.859703 -0.142403 -1.191975 -0.479143 0.152189 -0.879872
    27 1.312565 0.000001 0.000004 0.000000 0.009664 -0.439719
    28 0.729362 0.000002 0.000004 -0.028979 0.117255 -0.451390
    29 3.942326 0.046774 -0.431438 -0.155011 0.073329 -0.810646
    30 1.539093 0.000001 0.000000 0.041407 0.089645 -0.699060
    31 1.196320 -0.000001 0.000004 -0.000002 0.007360 -0.430801
    32 3.883686 -0.046767 0.431446 0.812670 -0.191549 -1.550266
    33 1.719570 0.000002 0.000004 0.194938 -0.171308 -0.606847
    34 1.209183 -0.000001 -0.000004 0.409190 -0.306122 -0.737506
    35 3.859859 -0.137950 1.332462 0.716033 -0.200230 -1.353927
    36 1.719429 0.000002 0.000000 -0.000001 0.004072 -0.363008
    37 1.099670 0.000001 0.000004 0.133914 -0.229713 -0.543027
    38 0.806049 -0.348922 1.321259 -1.148537 -0.413342 -0.685814
    39 1.789787 0.000000 0.000004 0.143112 0.004764 0.680910
    40 1.207001 0.000000 -0.000004 -0.238537 -0.328319 0.202547
    41 3.859665 -0.132565 1.193108 0.479138 -0.158546 -0.879039
    42 1.312561 0.000000 0.000000 0.000000 -0.011932 -0.439671
    43 0.729366 0.000002 0.000000 0.000002 -0.006134 -0.244270
    44 3.942291 0.050330 0.431042 0.154996 -0.079305 -0.810204
    45 1.539097 0.000003 0.000000 0.000000 -0.005853 -0.247769
    46 1.196320 0.000000 0.000000 0.000001 -0.009662 -0.430760
    47 3.883648 -0.050325 -0.431044 -0.034933 -0.082803 -1.461175
    48 1.719574 -0.000005 0.000000 0.000000 -0.007972 -1.498039
    49 1.209183 -0.000001 0.000000 0.000001 -0.004459 -0.216376
    50 3.859825 -0.148935 -1.331284 -0.082074 -0.080252 -1.260988
    51 1.719425 0.000000 0.000000 0.000000 -0.006612 -1.709117
    52 1.099663 0.000000 0.000000 0.000000 -0.004208 -0.244311
    53 0.806015 -0.359835 -1.318335 0.912685 0.357216 -0.682331
    54 1.789780 0.000001 0.000000 0.012436 -0.169953 0.694155
    55 1.207001 0.000000 0.000004 -0.000002 -0.009618 0.362904
    56 2.338451 -1.535743 -6.391512 1.520238 -0.094383 -2.001948
  time 38
    0 -0.002349 -0.992213 34.035529 1.693190 0.000007 -0.719444
    1 0.000005 3.345128 -2.981903 1.570796 0.123096 1.570796
    2 4.018331 0.000000 0.000000 0.054441 -0.042799 0.034481
    3 3.518564 0.000000 0.000000 -0.095603 -0.001979 0.100465
    4 8.942642 0.000000 0.000000 -0.120247 0.021687 0.192790
    5 3.307269 0.000000 -0.000004 -2.676674 -0.310542 0.304883
    6 3.593710 -0.000001 -0.000004 0.431719 0.010415 0.406754
    7 1.999994 -3.000001 0.000004 -1.570753 -0.000007 -1.326410
    8 2.033349 1.000771 -1.937607 -1.633305 1.117634 2.980521
    9 6.028143 0.000002 -0.000004 1.569990 0.067359 -0.550335
    10 11.692545 0.000000 0.000000 0.181544 -0.036673 -1.905142
    11 11.481701 0.000000 0.000000 -1.141199 0.118725 -0.006785
    12 2.676086 -1.712440 0.000000 -1.570795 0.000005 -1.570795
    13 2.033341 1.000767 1.937660 0.859154 -1.303000 -2.741514
    14 6.028140 0.000002 0.000000 -1.538065 -0.462471 -0.579059
    15 11.692553 0.000000 0.000011 -0.711747 0.466856 -1.626303
    16 11.481667 0.000000 -0.000031 1.617377 -0.034172 0.028287
    17 2.676086 -1.712440 0.000004 1.570797 0.000001 1.570797
    18 -3.890452 0.000004 0.000004 -1.129603 0.006183 -1.778319
    19 17.848171 0.000000 0.000004 0.000009 0.000000 0.810269
    20 16.525251 0.000000 0.000004 0.013616 0.054449 -1.584954
    21 6.879454 0.000000 0.000008 -0.081332 -0.002951 -0.584373
    22 3.890452 -0.000004 -0.000004 -2.050440 -0.705447 -1.243897
    23 17.848175 0.000000 -0.000004 0.000010 0.000000 0.840974
    24 16.525246 0.000000 0.000004 -0.023638 -0.043380 -1.172963
    25 6.879452 0.000000 0.000000 -0.007311 -0.002944 -0.584342
    26 3.859703 -0.142403 -1.191975 -0.479143 0.152189 -0.879872
    27 1.312565 0.000001 0.000004 0.000000 0.009664 -0.439719
    28 0.729362 0.000002 0.000004 -0.028979 0.117255 -0.451390
    29 3.942326 0.046774 -0.431438 -0.155011 0.073329 -0.810646
    30 1.539093 0.000001 0.000000 0.041407 0.089645 -0.699060
    31 1.196320 -0.000001 0.000004 -0.000002 0.007360 -0.430801
    32 3.883686 -0.046767 0.431446 0.812670 -0.191549 -1.550266
    33 1.719570 0.000002 0.000004 0.194938 -0.171308 -0.606847
    34 1.209183 -0.000001 -0.000004 0.409190 -0.306122 -0.737506
    35 3.859859 -0.137950 1.332462 0.716033 -0.200230 -1.353927
    36 1.719429 0.000002 0.000000 -0.000001 0.004072 -0.363008
    37 1.099670 0.000001 0.000004 0.133914 -0.229713 -0.543027
    38 0.806049 -0.348922 1.321259 -1.148537 -0.413342 -0.685814
    39 1.789787 0.000000 0.000004 0.143112 0.004764 0.680910
    40 1.207001 0.000000 -0.000004 -0.238537 -0.328319 0.202547
    41 3.859665 -0.132565 1.193108 0.479138 -0.158546 -0.879039
    42 1.312561 0.000000 0.000000 0.000000 -0.011932 -0.439671
    43 0.729366 0.000002 0.000000 0.000002 -0.006134 -0.244270
    44 3.942291 0.050330 0.431042 0.154996 -0.079305 -0.810204
    45 1.539097 0.000003 0.000000 0.000000 -0.005853 -0.247769
    46 1.196320 0.000000 0.000000 0.000001 -0.009662 -0.430760
    47 3.883648 -0.050325 -0.431044 -0.034933 -0.082803 -1.461175
    48 1.719574 -0.000005 0.000000 0.000000 -0.007972 -1.498039
    49 1.209183 -0.000001 0.000000 0.000001 -0.004459 -0.216376
    50 3.859825 -0.148935 -1.331284 -0.082074 -0.080252 -1.260988
    51 1.719425 0.000000 0.000000 0.000000 -0.006612 -1.709117
    52 1.099663 0.000000 0.000000 0.000000 -0.004208 -0.244311
    53 0.806015 -0.359835 -1.318335 0.912685 0.357216 -0.682331
    54 1.789780 0.000001 0.000000 0.012436 -0.169953 0.694155
    55 1.207001 0.000000 0.000004 -0.000002 -0.009618 0.362904
    56 2.338451 -1.535743 -6.391512 1.520238 -0.094383 -2.001948
  time 39
    0 -0.002349 -0.988306 34.047248 1.693190 0.000007 -0.719444
    1 0.000005 3.345128 -2.981903 1.570796 0.123096 1.570796
    2 4.018331 0.000000 0.000000 0.054441 -0.042799 0.034481
    3 3.518564 0.000000 0.000000 -0.095603 -0.001979 0.100465
    4 8.942642 0.000000 0.000000 -0.120247 0.021687 0.192790
    5 3.307269 0.000000 -0.000004 -2.676674 -0.310542 0.304883
    6 3.593710 -0.000001 -0.000004 0.431719 0.010642 0.406296
    7 1.999994 -3.000001 0.000004 -1.570753 -0.000007 -1.326410
    8 2.033349 1.000771 -1.937607 -1.633305 1.117634 2.980521
    9 6.028143 0.000002 -0.000004 1.570817 0.066470 -0.550759
    10 11.692545 0.000000 0.000000 0.181580 -0.036493 -1.906063
    11 11.481701 0.000000 0.000000 -1.141199 0.118725 -0.006785
    12 2.676086 -1.712440 0.000000 -1.570795 0.000005 -1.570795
    13 2.033341 1.000767 1.937660 0.859154 -1.303000 -2.741514
    14 6.028140 0.000002 0.000000 -1.537714 -0.462100 -0.579644
    15 11.692553 0.000000 0.000011 -0.711747 0.466856 -1.626303
    16 11.481667 0.000000 -0.000031 1.617377 -0.034172 0.028287
    17 2.676086 -1.712440 0.000004 1.570797 0.000001 1.570797
    18 -3.890452 0.000004 0.000004 -1.129190 0.006411 -1.778127
    19 17.848171 0.000000 0.000004 0.000009 0.000000 0.809297
    20 16.525251 0.000000 0.000004 0.013669 0.054434 -1.583748
    21 6.879454 0.000000 0.000008 -0.081332 -0.002951 -0.584373
    22 3.890452 -0.000004 -0.000004 -2.050195 -0.704816 -1.244241
    23 17.848175 0.000000 -0.000004 0.000010 0.000000 0.839346
    24 16.525246 0.000000 0.000004 -0.023682 -0.043344 -1.171637
    25 6.879452 0.000000 0.000000 -0.007311 -0.002944 -0.584342
    26 3.859703 -0.142403 -1.191975 -0.479143 0.152189 -0.879872
    27 1.312565 0.000001 0.000004 0.000000 0.009664 -0.439719
    28 0.729362 0.000002 0.000004 -0.028979 0.117255 -0.451390
    29 3.942326 0.046774 -0.431438 -0.155011 0.073329 -0.810646
    30 1.539093 0.000001 0.000000 0.041407 0.089645 -0.699060
    31 1.196320 -0.000001 0.000004 -0.000002 0.007360 -0.430801
    32 3.883686 -0.046767 0.431446 0.812670 -0.191549 -1.550266
    33 1.719570 0.000002 0.000004 0.194938 -0.171308 -0.606847
    34 1.209183 -0.000001 -0.000004 0.409190 -0.306122 -0.737506
    35 3.859859 -0.137950 1.332462 0.716033 -0.200230 -1.353927
    36 1.719429 0.000002 0.000000 -0.000001 0.004072 -0.363008
    37 1.099670 0.000001 0.000004 0.133914 -0.229713 -0.543027
    38 0.806049 -0.348922 1.321259 -1.148537 -0.413342 -0.685814
    39 1.789787 0.000000 0.000004 0.143112 0.004764 0.680910
    40 1.207001 0.000000 -0.000004 -0.238537 -0.328319 0.202547
    41 3.859665 -0.132565 1.193108 0.479138 -0.158546 -0.879039
    42 1.312561 0.000000 0.000000 0.000000 -0.011932 -0.439671
    43 0.729366 0.000002 0.000000 0.000002 -0.006134 -0.244270
    44 3.942291 0.050330 0.431042 0.154996 -0.079305 -0.810204
    45 1.539097 0.000003 0.000000 0.000000 -0.005853 -0.247769
    46 1.196320 0.000000 0.000000 0.000001 -0.009662 -0.430760
    47 3.883648 -0.050325 -0.431044 -0.034933 -0.082803 -1.461175
    48 1.719574 -0.000005 0.000000 0.000000 -0.007972 -1.498039
    49 1.209183 -0.000001 0.000000 0.000001 -0.004459 -0.216376
    50 3.859825 -0.148935 -1.331284 -0.082074 -0.080252 -1.260988
    51 1.719425 0.000000 0.000000 0.000000 -0.006612 -1.709117
    52 1.099663 0.000000 0.000000 0.000000 -0.004208 -0.244311
    53 0.806015 -0.359835 -1.318335 0.912685 0.357216 -0.682331
    54 1.789780 0.000001 0.000000 0.012436 -0.169953 0.694155
    55 1.207001 0.000000 0.000004 -0.000002 -0.009618 0.362904
    56 2.338451 -1.535743 -6.391512 1.520238 -0.094383 -2.001948
  time 40
    0 -0.002349 -0.980494 34.058967 1.693190 0.000007 -0.719444
    1 0.000005 3.345128 -2.981903 1.570796 0.123096 1.570796
    2 4.018331 0.000000 0.000000 0.054441 -0.042799 0.034481
    3 3.518564 0.000000 0.000000 -0.095603 -0.001979 0.100465
    4 8.942642 0.000000 0.000000 -0.120247 0.021687 0.192790
    5 3.307269 0.000000 -0.000004 -2.676674 -0.310542 0.304883
    6 3.593710 -0.000001 -0.000004 0.431719 0.010882 0.405768
    7 1.999994 -3.000001 0.000004 -1.570753 -0.000007 -1.326410
    8 2.033349 1.000771 -1.937607 -1.633305 1.117634 2.980521
    9 6.028143 0.000002 -0.000004 1.571736 0.065493 -0.551253
    10 11.692545 0.000000 0.000000 0.181603 -0.036289 -1.907115
    11 11.481701 0.000000 0.000000 -1.141199 0.118725 -0.006785
    12 2.676086 -1.712440 0.000000 -1.570795 0.000005 -1.570795
    13 2.033341 1.000767 1.937660 0.859154 -1.303000 -2.741514
    14 6.028140 0.000002 0.000000 -1.537305 -0.461695 -0.580229
    15 11.692553 0.000000 0.000011 -0.711747 0.466856 -1.626303
    16 11.481667 0.000000 -0.000031 1.617377 -0.034172 0.028287
    17 2.676086 -1.712440 0.000004 1.570797 0.000001 1.570797
    18 -3.890452 0.000004 0.000004 -1.129367 0.006554 -1.777616
    19 17.848171 0.000000 0.000004 0.000009 0.000000 0.808101
    20 16.525251 0.000000 0.000004 0.013740 0.054419 -1.582441
    21 6.879454 0.000000 0.000008 -0.081332 -0.002951 -0.584373
    22 3.890452 -0.000004 -0.000004 -2.049869 -0.704143 -1.244653
    23 17.848175 0.000000 -0.000004 0.000010 0.000000 0.837530
    24 16.525246 0.000000 0.000004 -0.023740 -0.043308 -1.170250
    25 6.879452 0.000000 0.000000 -0.007311 -0.002944 -0.584342
    26 3.859703 -0.142403 -1.191975 -0.479143 0.152189 -0.879872
    27 1.312565 0.000001 0.000004 0.000000 0.009664 -0.439719
    28 0.729362 0.000002 0.000004 -0.028979 0.117255 -0.451390
    29 3.942326 0.046774 -0.431438 -0.155011 0.073329 -0.810646
    30 1.539093 0.000001 0.000000 0.041407 0.089645 -0.699060
    31 1.196320 -0.000001 0.000004 -0.000002 0.007360 -0.430801
    32 3.883686 -0.046767 0.431446 0.812670 -0.191549 -1.550266
    33 1.719570 0.000002 0.000004 0.194938 -0.171308 -0.606847
    34 1.209183 -0.000001 -0.000004 0.409190 -0.306122 -0.737506
    35 3.859859 -0.137950 1.332462 0.716033 -0.200230 -1.353927
    36 1.719429 0.000002 0.000000 -0.000001 0.004072 -0.363008
    37 1.099670 0.000001 0.000004 0.133914 -0.229713 -0.543027
    38 0.806049 -0.348922 1.321259 -1.148537 -0.413342 -0.685814
    39 1.789787 0.000000 0.000004 0.143112 0.004764 0.680910
    40 1.207001 0.000000 -0.000004 -0.238537 -0.328319 0.202547
    41 3.859665 -0.132565 1.193108 0.479138 -0.158546 -0.879039
    42 1.312561 0.000000 0.000000 0.000000 -0.011932 -0.439671
    43 0.729366 0.000002 0.000000 0.000002 -0.006134 -0.244270
    44 3.942291 0.050330 0.431042 0.154996 -0.079305 -0.810204
    45 1.539097 0.000003 0.000000 0.000000 -0.005853 -0.247769
    46 1.196320 0.000000 0.000000 0.000001 -0.009662 -0.430760
    47 3.883648 -0.050325 -0.431044 -0.034933 -0.082803 -1.461175
    48 1.719574 -0.000005 0.000000 0.000000 -0.007972 -1.498039
    49 1.209183 -0.000001 0.000000 0.000001 -0.004459 -0.216376
    50 3.859825 -0.148935 -1.331284 -0.082074 -0.080252 -1.260988
    51 1.719425 0.000000 0.000000 0.000000 -0.006612 -1.709117
    52 1.099663 0.000000 0.000000 0.000000 -0.004208 -0.244311
    53 0.806015 -0.359835 -1.318335 0.912685 0.357216 -0.682331
    54 1.789780 0.000001 0.000000 0.012436 -0.169953 0.694155
    55 1.207001 0.000000 0.000004 -0.000002 -0.009618 0.362904
    56 2.338451 -1.535743 -6.391512 1.520238 -0.094383 -2.001948
  time 41
    0 -0.002349 -0.972681 34.070686 1.693190 0.000007 -0.719444
    1 0.000005 3.345128 -2.981903 1.570796 0.123096 1.570796
    2 4.018331 0.000000 0.000000 0.054441 -0.042799 0.034481
    3 3.518564 0.000000 0.000000 -0.095603 -0.001979 0.100465
    4 8.942642 0.000000 0.000000 -0.120247 0.021687 0.192790
    5 3.307269 0.000000 -0.000004 -2.676674 -0.310542 0.304883
    6 3.593710 -0.000001 -0.000004 0.431673 0.011146 0.405205
    7 1.999994 -3.000001 0.000004 -1.570800 -0.000007 -1.326410
    8 2.033349 1.000771 -1.937607 -1.633305 1.117634 2.980521
    9 6.028143 0.000002 -0.000004 1.572747 0.064412 -0.551748
    10 11.692545 0.000000 0.000000 0.181639 -0.036074 -1.908299
    11 11.481701 0.000000 0.000000 -1.141199 0.118725 -0.006785
    12 2.676086 -1.712440 0.000000 -1.570795 0.000005 -1.570795
    13 2.033341 1.000767 1.937660 0.859154 -1.303000 -2.741514
    14 6.028140 0.000002 0.000000 -1.536837 -0.461256 -0.580893
    15 11.692553 0.000000 0.000011 -0.711747 0.466856 -1.626303
    16 11.481667 0.000000 -0.000031 1.617377 -0.034172 0.028287
    17 2.676086 -1.712440 0.000004 1.570797 0.000001 1.570797
    18 -3.890452 0.000004 0.000004 -1.129249 0.006782 -1.777232
    19 17.848171 0.000000 0.000004 0.000009 0.000000 0.806905
    20 16.525251 0.000000 0.000004 0.013810 0.054390 -1.581033
    21 6.879454 0.000000 0.000008 -0.081332 -0.002951 -0.584373
    22 3.890452 -0.000004 -0.000004 -2.049135 -0.703469 -1.245203
    23 17.848175 0.000000 -0.000004 0.000010 0.000000 0.835590
    24 16.525246 0.000000 0.000004 -0.023813 -0.043272 -1.168682
    25 6.879452 0.000000 0.000000 -0.007299 -0.002944 -0.584342
    26 3.859703 -0.142403 -1.191975 -0.479143 0.152189 -0.879872
    27 1.312565 0.000001 0.000004 0.000000 0.009664 -0.439719
    28 0.729362 0.000002 0.000004 -0.028979 0.117255 -0.451390
    29 3.942326 0.046774 -0.431438 -0.155011 0.073329 -0.810646
    30 1.539093 0.000001 0.000000 0.041407 0.089645 -0.699060
    31 1.196320 -0.000001 0.000004 -0.000002 0.007360 -0.430801
    32 3.883686 -0.046767 0.431446 0.812670 -0.191549 -1.550266
    33 1.719570 0.000002 0.000004 0.194938 -0.171308 -0.606847
    34 1.209183 -0.000001 -0.000004 0.409190 -0.306122 -0.737506
    35 3.859859 -0.137950 1.332462 0.716033 -0.200230 -1.353927
    36 1.719429 0.000002 0.000000 -0.000001 0.004072 -0.363008
    37 1.099670 0.000001 0.000004 0.133914 -0.229713 -0.543027
    38 0.806049 -0.348922 1.321259 -1.148537 -0.413342 -0.685814
    39 1.789787 0.000000 0.000004 0.143112 0.004764 0.680910
    40 1.207001 0.000000 -0.000004 -0.238537 -0.328319 0.202547
    41 3.859665 -0.132565 1.193108 0.479138 -0.158546 -0.879039
    42 1.312561 0.000000 0.000000 0.000000 -0.011932 -0.439671
    43 0.729366 0.000002 0.000000 0.000002 -0.006134 -0.244270
    44 3.942291 0.050330 0.431042 0.154996 -0.079305 -0.810204
    45 1.539097 0.000003 0.000000 0.000000 -0.005853 -0.247769
    46 1.196320 0.000000 0.000000 0.000001 -0.009662 -0.430760
    47 3.883648 -0.050325 -0.431044 -0.034933 -0.082803 -1.461175
    48 1.719574 -0.000005 0.000000 0.000000 -0.007972 -1.498039
    49 1.209183 -0.000001 0.000000 0.000001 -0.004459 -0.216376
    50 3.859825 -0.148935 -1.331284 -0.082074 -0.080252 -1.260988
    51 1.719425 0.000000 0.000000 0.000000 -0.006612 -1.709117
    52 1.099663 0.000000 0.000000 0.000000 -0.004208 -0.244311
    53 0.806015 -0.359835 -1.318335 0.912685 0.357216 -0.682331
    54 1.789780 0.000001 0.000000 0.012436 -0.169953 0.694155
    55 1.207001 0.000000 0.000004 -0.000002 -0.009618 0.362904
    56 2.338451 -1.535743 -6.391512 1.520238 -0.094383 -2.001948
  time 42
    0 -0.002349 -0.964868 34.082406 1.693190 0.000007 -0.719444
    1 0.000005 3.345128 -2.981903 1.570796 0.123096 1.570796
    2 4.018331 0.000000 0.000000 0.054441 -0.042799 0.034481
    3 3.518564 0.000000 0.000000 -0.095603 -0.001979 0.100465
    4 8.942642 0.000000 0.000000 -0.120247 0.021687 0.192790
    5 3.307269 0.000000 -0.000004 -2.676674 -0.310542 0.304883
    6 3.593710 -0.000001 -0.000004 0.431673 0.011433 0.404572
    7 1.999994 -3.000001 0.000004 -1.570800 -0.000007 -1.326410
    8 2.033349 1.000771 -1.937607 -1.633305 1.117634 2.980521
    9 6.028143 0.000002 -0.000004 1.573850 0.063244 -0.552314
    10 11.692545 0.000000 0.000000 0.181675 -0.035846 -1.909615
    11 11.481701 0.000000 0.000000 -1.141199 0.118725 -0.006785
    12 2.676086 -1.712440 0.000000 -1.570795 0.000005 -1.570795
    13 2.033341 1.000767 1.937660 0.859154 -1.303000 -2.741514
    14 6.028140 0.000002 0.000000 -1.536370 -0.460750 -0.581595
    15 11.692553 0.000000 0.000011 -0.711747 0.466856 -1.626303
    16 11.481667 0.000000 -0.000031 1.617377 -0.034172 0.028287
    17 2.676086 -1.712440 0.000004 1.570797 0.000001 1.570797
    18 -3.890452 0.000004 0.000004 -1.128718 0.007096 -1.776976
    19 17.848171 0.000000 0.000004 0.000009 0.000000 0.805635
    20 16.525251 0.000000 0.000004 0.013899 0.054375 -1.579525
    21 6.879454 0.000000 0.000008 -0.081332 -0.002951 -0.584373
    22 3.890452 -0.000004 -0.000004 -2.049216 -0.702586 -1.245547
    23 17.848175 0.000000 -0.000004 0.000010 0.000000 0.833524
    24 16.525246 0.000000 0.000004 -0.023887 -0.043217 -1.167055
    25 6.879452 0.000000 0.000000 -0.007299 -0.002944 -0.584342
    26 3.859703 -0.142403 -1.191975 -0.479143 0.152189 -0.879872
    27 1.312565 0.000001 0.000004 0.000000 0.009664 -0.439719
    28 0.729362 0.000002 0.000004 -0.028979 0.117255 -0.451390
    29 3.942326 0.046774 -0.431438 -0.155011 0.073329 -0.810646
    30 1.539093 0.000001 0.000000 0.041407 0.089645 -0.699060
    31 1.196320 -0.000001 0.000004 -0.000002 0.007360 -0.430801
    32 3.883686 -0.046767 0.431446 0.812670 -0.191549 -1.550266
    33 1.719570 0.000002 0.000004 0.194938 -0.171308 -0.606847
    34 1.209183 -0.000001 -0.000004 0.409190 -0.306122 -0.737506
    35 3.859859 -0.137950 1.332462 0.716033 -0.200230 -1.353927
    36 1.719429 0.000002 0.000000 -0.000001 0.004072 -0.363008
    37 1.099670 0.000001 0.000004 0.133914 -0.229713 -0.543027
    38 0.806049 -0.348922 1.321259 -1.148537 -0.413342 -0.685814
    39 1.789787 0.000000 0.000004 0.143112 0.004764 0.680910
    40 1.207001 0.000000 -0.000004 -0.238537 -0.328319 0.202547
    41 3.859665 -0.132565 1.193108 0.479138 -0.158546 -0.879039
    42 1.312561 0.000000 0.000000 0.000000 -0.011932 -0.439671
    43 0.729366 0.000002 0.000000 0.000002 -0.006134 -0.244270
    44 3.942291 0.050330 0.431042 0.154996 -0.079305 -0.810204
    45 1.539097 0.000003 0.000000 0.000000 -0.005853 -0.247769
    46 1.196320 0.000000 0.000000 0.000001 -0.009662 -0.430760
    47 3.883648 -0.050325 -0.431044 -0.034933 -0.082803 -1.461220
    48 1.719574 -0.000005 0.000000 0.000000 -0.007972 -1.498039
    49 1.209183 -0.000001 0.000000 0.000001 -0.004459 -0.216376
    50 3.859825 -0.148935 -1.331284 -0.082074 -0.080252 -1.260988
    51 1.719425 0.000000 0.000000 0.000000 -0.006612 -1.709117
    52 1.099663 0.000000 0.000000 0.000000 -0.004208 -0.244311
    53 0.806015 -0.359835 -1.318335 0.912685 0.357216 -0.682331
    54 1.789780 0.000001 0.000000 0.012436 -0.169953 0.694155
    55 1.207001 0.000000 0.000004 -0.000002 -0.009618 0.362904
    56 2.338451 -1.535743 -6.391512 1.520238 -0.094383 -2.001948
  time 43
    0 -0.002349 -0.957055 34.098031 1.693190 0.000007 -0.719444
    1 0.000005 3.345128 -2.981903 1.570796 0.123096 1.570796
    2 4.018331 0.000000 0.000000 0.054441 -0.042799 0.034481
    3 3.518564 0.000000 0.000000 -0.095603 -0.001979 0.100465
    4 8.942642 0.000000 0.000000 -0.120247 0.021687 0.192790
    5 3.307269 0.000000 -0.000004 -2.676674 -0.310542 0.304883
    6 3.593710 -0.000001 -0.000004 0.431673 0.011745 0.403903
    7 1.999994 -3.000001 0.000004 -1.570800 -0.000007 -1.326410
    8 2.033349 1.000771 -1.937607 -1.633305 1.117634 2.980521
    9 6.028143 0.000002 -0.000004 1.574953 0.061988 -0.552950
    10 11.692545 0.000000 0.000000 0.181723 -0.035594 -1.910930
    11 11.481701 0.000000 0.000000 -1.141199 0.118725 -0.006785
    12 2.676086 -1.712440 0.000000 -1.570795 0.000005 -1.570795
    13 2.033341 1.000767 1.937660 0.859154 -1.303000 -2.741514
    14 6.028140 0.000002 0.000000 -1.535902 -0.460245 -0.582337
    15 11.692553 0.000000 0.000011 -0.711747 0.466856 -1.626303
    16 11.481667 0.000000 -0.000031 1.617377 -0.034172 0.028287
    17 2.676086 -1.712440 0.000004 1.570797 0.000001 1.570797
    18 -3.890452 0.000004 0.000004 -1.129013 0.007267 -1.776337
    19 17.848171 0.000000 0.000004 0.000009 0.000000 0.804215
    20 16.525251 0.000000 0.000004 0.013987 0.054346 -1.577916
    21 6.879454 0.000000 0.000008 -0.081332 -0.002951 -0.584373
    22 3.890452 -0.000004 -0.000004 -2.048890 -0.701702 -1.246028
    23 17.848175 0.000000 -0.000004 0.000010 0.000000 0.831270
    24 16.525246 0.000000 0.000004 -0.023960 -0.043181 -1.165306
    25 6.879452 0.000000 0.000000 -0.007299 -0.002944 -0.584342
    26 3.859703 -0.142403 -1.191975 -0.479143 0.152189 -0.879872
    27 1.312565 0.000001 0.000004 0.000000 0.009664 -0.439719
    28 0.729362 0.000002 0.000004 -0.028979 0.117255 -0.451390
    29 3.942326 0.046774 -0.431438 -0.155011 0.073329 -0.810646
    30 1.539093 0.000001 0.000000 0.041407 0.089645 -0.699060
    31 1.196320 -0.000001 0.000004 -0.000002 0.007360 -0.430801
    32 3.883686 -0.046767 0.431446 0.812670 -0.191549 -1.550266
    33 1.719570 0.000002 0.000004 0.194938 -0.171308 -0.606847
    34 1.209183 -0.000001 -0.000004 0.409190 -0.306122 -0.737506
    35 3.859859 -0.137950 1.332462 0.716033 -0.200230 -1.353927
    36 1.719429 0.000002 0.000000 -0.000001 0.004072 -0.363008
    37 1.099670 0.000001 0.000004 0.133914 -0.229713 -0.543027
    38 0.806049 -0.348922 1.321259 -1.148537 -0.413342 -0.685814
    39 1.789787 0.000000 0.000004 0.143112 0.004764 0.680910
    40 1.207001 0.000000 -0.000004 -0.238537 -0.328319 0.202547
    41 3.859665 -0.132565 1.193108 0.479138 -0.158546 -0.879039
    42 1.312561 0.000000 0.000000 0.000000 -0.011932 -0.439671
    43 0.729366 0.000002 0.000000 0.000002 -0.006134 -0.244270
    44 3.942291 0.050330 0.431042 0.154996 -0.079305 -0.810204
    45 1.539097 0.000003 0.000000 0.000000 -0.005853 -0.247769
    46 1.196320 0.000000 0.000000 0.000001 -0.009662 -0.430760
    47 3.883648 -0.050325 -0.431044 -0.034933 -0.082803 -1.461175
    48 1.719574 -0.000005 0.000000 0.000000 -0.007972 -1.498039
    49 1.209183 -0.000001 0.000000 0.000001 -0.004459 -0.216376
    50 3.859825 -0.148935 -1.331284 -0.082074 -0.080252 -1.260988
    51 1.719425 0.000000 0.000000 0.000000 -0.006612 -1.709117
    52 1.099663 0.000000 0.000000 0.000000 -0.004208 -0.244311
    53 0.806015 -0.359835 -1.318335 0.912685 0.357216 -0.682331
    54 1.789780 0.000001 0.000000 0.012436 -0.169953 0.694155
    55 1.207001 0.000000 0.000004 -0.000002 -0.009618 0.362904
    56 2.338451 -1.535743 -6.391512 1.520238 -0.094383 -2.001948
  time 44
    0 -0.002349 -0.949243 34.113657 1.693190 0.000007 -0.719444
    1 0.000005 3.345128 -2.981903 1.570796 0.123096 1.570796
    2 4.018331 0.000000 0.000000 0.054441 -0.042799 0.034481
    3 3.518564 0.000000 0.000000 -0.095603 -0.001979 0.100465
    4 8.942642 0.000000 0.000000 -0.120247 0.021687 0.192790
    5 3.307269 0.000000 -0.000004 -2.676674 -0.310542 0.304883
    6 3.593710 -0.000001 -0.000004 0.431627 0.012069 0.403199
    7 1.999994 -3.000001 0.000004 -1.570800 -0.000007 -1.326410
    8 2.033349 1.000771 -1.937607 -1.633305 1.117634 2.980521
    9 6.028143 0.000002 -0.000004 1.576239 0.060663 -0.553586
    10 11.692545 0.000000 0.000000 0.181759 -0.035319 -1.912377
    11 11.481701 0.000000 0.000000 -1.141199 0.118725 -0.006785
    12 2.676086 -1.712440 0.000000 -1.570795 0.000005 -1.570795
    13 2.033341 1.000767 1.937660 0.859154 -1.303000 -2.741514
    14 6.028140 0.000002 0.000000 -1.535376 -0.459705 -0.583156
    15 11.692553 0.000000 0.000011 -0.711747 0.466856 -1.626303
    16 11.481667 0.000000 -0.000031 1.617377 -0.034172 0.028287
    17 2.676086 -1.712440 0.000004 1.570797 0.000001 1.570797
    18 -3.890452 0.000004 0.000004 -1.128541 0.007581 -1.776018
    19 17.848171 0.000000 0.000004 0.000009 0.000000 0.802720
    20 16.525251 0.000000 0.000004 0.014076 0.054317 -1.576207
    21 6.879454 0.000000 0.000008 -0.081332 -0.002951 -0.584373
    22 3.890452 -0.000004 -0.000004 -2.048563 -0.700776 -1.246578
    23 17.848175 0.000000 -0.000004 0.000010 0.000000 0.828954
    24 16.525246 0.000000 0.000004 -0.024033 -0.043127 -1.163437
    25 6.879452 0.000000 0.000000 -0.007311 -0.002944 -0.584342
    26 3.859703 -0.142403 -1.191975 -0.479143 0.152189 -0.879872
    27 1.312565 0.000001 0.000004 0.000000 0.009664 -0.439719
    28 0.729362 0.000002 0.000004 -0.028979 0.117255 -0.451390
    29 3.942326 0.046774 -0.431438 -0.155011 0.073329 -0.810646
    30 1.539093 0.000001 0.000000 0.041407 0.089645 -0.699060
    31 1.196320 -0.000001 0.000004 -0.000002 0.007360 -0.430801
    32 3.883686 -0.046767 0.431446 0.812670 -0.191549 -1.550266
    33 1.719570 0.000002 0.000004 0.194938 -0.171308 -0.606847
    34 1.209183 -0.000001 -0.000004 0.409190 -0.306122 -0.737506
    35 3.859859 -0.137950 1.332462 0.716033 -0.200230 -1.353927
    36 1.719429 0.000002 0.000000 -0.000001 0.004072 -0.363008
    37 1.099670 0.000001 0.000004 0.133914 -0.229713 -0.543027
    38 0.806049 -0.348922 1.321259 -1.148537 -0.413342 -0.685814
    39 1.789787 0.000000 0.000004 0.143112 0.004764 0.680910
    40 1.207001 0.000000 -0.000004 -0.238537 -0.328319 0.202547
    41 3.859665 -0.132565 1.193108 0.479138 -0.158546 -0.879039
    42 1.312561 0.000000 0.000000 0.000000 -0.011932 -0.439671
    43 0.729366 0.000002 0.000000 0.000002 -0.006134 -0.244270
    44 3.942291 0.050330 0.431042 0.154996 -0.079305 -0.810204
    45 1.539097 0.000003 0.000000 0.000000 -0.005853 -0.247769
    46 1.196320 0.000000 0.000000 0.000001 -0.009662 -0.430760
    47 3.883648 -0.050325 -0.431044 -0.034933 -0.082803 -1.461220
    48 1.719574 -0.000005 0.000000 0.000000 -0.007972 -1.498039
    49 1.209183 -0.000001 0.000000 0.000001 -0.004459 -0.216376
    50 3.859825 -0.148935 -1.331284 -0.082074 -0.080252 -1.260988
    51 1.719425 0.000000 0.000000 0.000000 -0.006612 -1.709117
    52 1.099663 0.000000 0.000000 0.000000 -0.004208 -0.244311
    53 0.806015 -0.359835 -1.318335 0.912685 0.357216 -0.682331
    54 1.789780 0.000001 0.000000 0.012436 -0.169953 0.694155
    55 1.207001 0.000000 0.000004 -0.000002 -0.009618 0.362904
    56 2.338451 -1.535743 -6.391512 1.520238 -0.094383 -2.001948
  time 45
    0 -0.002349 -0.941430 34.129282 1.693190 0.000007 -0.719444
    1 0.000005 3.345128 -2.981903 1.570796 0.123096 1.570796
    2 4.018331 0.000000 0.000000 0.054441 -0.042799 0.034481
    3 3.518564 0.000000 0.000000 -0.095603 -0.001979 0.100465
    4 8.942642 0.000000 0.000000 -0.120247 0.021687 0.192790
    5 3.307269 0.000000 -0.000004 -2.676674 -0.310542 0.304883
    6 3.593710 -0.000001 -0.000004 0.431627 0.012416 0.402425
    7 1.999994 -3.000001 0.000004 -1.570800 -0.000007 -1.326410
    8 2.033349 1.000771 -1.937607 -1.633305 1.117634 2.980521
    9 6.028143 0.000002 -0.000004 1.577526 0.059251 -0.554257
    10 11.692545 0.000000 0.000000 0.181807 -0.035043 -1.913955
    11 11.481701 0.000000 0.000000 -1.141199 0.118725 -0.006785
    12 2.676086 -1.712440 0.000000 -1.570795 0.000005 -1.570795
    13 2.033341 1.000767 1.937660 0.859154 -1.303000 -2.741514
    14 6.028140 0.000002 0.000000 -1.534791 -0.459165 -0.583976
    15 11.692553 0.000000 0.000011 -0.711747 0.466856 -1.626303
    16 11.481667 0.000000 -0.000031 1.617377 -0.034172 0.028287
    17 2.676086 -1.712440 0.000004 1.570797 0.000001 1.570797
    18 -3.890452 0.000004 0.000004 -1.128364 0.007866 -1.775506
    19 17.848171 0.000000 0.000004 0.000009 0.000000 0.801150
    20 16.525251 0.000000 0.000004 0.014182 0.054288 -1.574447
    21 6.879454 0.000000 0.000008 -0.081332 -0.002951 -0.584373
    22 3.890452 -0.000004 -0.000004 -2.048155 -0.699809 -1.247128
    23 17.848175 0.000000 -0.000004 0.000010 0.000000 0.826449
    24 16.525246 0.000000 0.000004 -0.024121 -0.043073 -1.161508
    25 6.879452 0.000000 0.000000 -0.007299 -0.002944 -0.584342
    26 3.859703 -0.142403 -1.191975 -0.479143 0.152189 -0.879872
    27 1.312565 0.000001 0.000004 0.000000 0.009664 -0.439719
    28 0.729362 0.000002 0.000004 -0.028979 0.117255 -0.451390
    29 3.942326 0.046774 -0.431438 -0.155011 0.073329 -0.810646
    30 1.539093 0.000001 0.000000 0.041407 0.089645 -0.699060
    31 1.196320 -0.000001 0.000004 -0.000002 0.007360 -0.430801
    32 3.883686 -0.046767 0.431446 0.812670 -0.191549 -1.550266
    33 1.719570 0.000002 0.000004 0.194938 -0.171308 -0.606847
    34 1.209183 -0.000001 -0.000004 0.409190 -0.306122 -0.737506
    35 3.859859 -0.137950 1.332462 0.716033 -0.200230 -1.353927
    36 1.719429 0.000002 0.000000 -0.000001 0.004072 -0.363008
    37 1.099670 0.000001 0.000004 0.133914 -0.229713 -0.543027
    38 0.806049 -0.348922 1.321259 -1.148537 -0.413342 -0.685814
    39 1.789787 0.000000 0.000004 0.143112 0.004764 0.680910
    40 1.207001 0.000000 -0.000004 -0.238537 -0.328319 0.202547
    41 3.859665 -0.132565 1.193108 0.479138 -0.158546 -0.879039
    42 1.312561 0.000000 0.000000 0.000000 -0.011932 -0.439671
    43 0.729366 0.000002 0.000000 0.000002 -0.006134 -0.244270
    44 3.942291 0.050330 0.431042 0.154996 -0.079305 -0.810204
    45 1.539097 0.000003 0.000000 0.000000 -0.005853 -0.247769
    46 1.196320 0.000000 0.000000 0.000001 -0.009662 -0.430760
    47 3.883648 -0.050325 -0.431044 -0.034933 -0.082803 -1.461175
    48 1.719574 -0.000005 0.000000 0.000000 -0.007972 -1.498039
    49 1.209183 -0.000001 0.000000 0.000001 -0.004459 -0.216376
    50 3.859825 -0.148935 -1.331284 -0.082074 -0.080252 -1.260988
    51 1.719425 0.000000 0.000000 0.000000 -0.006612 -1.709117
    52 1.099663 0.000000 0.000000 0.000000 -0.004208 -0.244311
    53 0.806015 -0.359835 -1.318335 0.912685 0.357216 -0.682331
    54 1.789780 0.000001 0.000000 0.012436 -0.169953 0.694155
    55 1.207001 0.000000 0.000004 -0.000002 -0.009618 0.362904
    56 2.338451 -1.535743 -6.391512 1.520238 -0.094383 -2.001948
  time 46
    0 -0.002349 -0.929711 34.144907 1.693190 0.000007 -0.719444
    1 0.000005 3.345128 -2.981903 1.570796 0.123096 1.570796
    2 4.018331 0.000000 0.000000 0.054441 -0.042799 0.034481
    3 3.518564 0.000000 0.000000 -0.095603 -0.001979 0.100465
    4 8.942642 0.000000 0.000000 -0.120247 0.021687 0.192790
    5 3.307269 0.000000 -0.000004 -2.676674 -0.310542 0.304883
    6 3.593710 -0.000001 -0.000004 0.431627 0.012776 0.401651
    7 1.999994 -3.000001 0.000004 -1.570753 -0.000007 -1.326410
    8 2.033349 1.000771 -1.937607 -1.633305 1.117634 2.980521
    9 6.028143 0.000002 -0.000004 1.578813 0.057769 -0.554964
    10 11.692545 0.000000 0.000000 0.181855 -0.034743 -1.915534
    11 11.481701 0.000000 0.000000 -1.141199 0.118725 -0.006785
    12 2.676086 -1.712440 0.000000 -1.570795 0.000005 -1.570795
    13 2.033341 1.000767 1.937660 0.859154 -1.303000 -2.741514
    14 6.028140 0.000002 0.000000 -1.534207 -0.458558 -0.584835
    15 11.692553 0.000000 0.000011 -0.711747 0.466856 -1.626303
    16 11.481667 0.000000 -0.000031 1.617377 -0.034172 0.028287
    17 2.676086 -1.712440 0.000004 1.570797 0.000001 1.570797
    18 -3.890452 0.000004 0.000004 -1.128541 0.008123 -1.774867
    19 17.848171 0.000000 0.000004 0.000009 0.000000 0.799505
    20 16.525251 0.000000 0.000004 0.014270 0.054258 -1.572587
    21 6.879454 0.000000 0.000008 -0.081332 -0.002951 -0.584373
    22 3.890452 -0.000004 -0.000004 -2.047748 -0.698799 -1.247678
    23 17.848175 0.000000 -0.000004 0.000010 0.000000 0.823820
    24 16.525246 0.000000 0.000004 -0.024209 -0.043037 -1.159458
    25 6.879452 0.000000 0.000000 -0.007299 -0.002944 -0.584342
    26 3.859703 -0.142403 -1.191975 -0.479143 0.152189 -0.879872
    27 1.312565 0.000001 0.000004 0.000000 0.009664 -0.439719
    28 0.729362 0.000002 0.000004 -0.028979 0.117255 -0.451390
    29 3.942326 0.046774 -0.431438 -0.155011 0.073329 -0.810646
    30 1.539093 0.000001 0.000000 0.041407 0.089645 -0.699060
    31 1.196320 -0.000001 0.000004 -0.000002 0.007360 -0.430801
    32 3.883686 -0.046767 0.431446 0.812670 -0.191549 -1.550266
    33 1.719570 0.000002 0.000004 0.194938 -0.171308 -0.606847
    34 1.209183 -0.000001 -0.000004 0.409190 -0.306122 -0.737506
    35 3.859859 -0.137950 1.332462 0.716033 -0.200230 -1.353927
    36 1.719429 0.000002 0.000000 -0.000001 0.004072 -0.363008
    37 1.099670 0.000001 0.000004 0.133914 -0.229713 -0.543027
    38 0.806049 -0.348922 1.321259 -1.148537 -0.413342 -0.685814
    39 1.789787 0.000000 0.000004 0.143112 0.004764 0.680910
    40 1.207001 0.000000 -0.000004 -0.238537 -0.328319 0.202547
    41 3.859665 -0.132565 1.193108 0.479138 -0.158546 -0.879039
    42 1.312561 0.000000 0.000000 0.000000 -0.011932 -0.439671
    43 0.729366 0.000002 0.000000 0.000002 -0.006134 -0.244270
    44 3.942291 0.050330 0.431042 0.154996 -0.079305 -0.810204
    45 1.539097 0.000003 0.000000 0.000000 -0.005853 -0.247769
    46 1.196320 0.000000 0.000000 0.000001 -0.009662 -0.430760
    47 3.883648 -0.050325 -0.431044 -0.034933 -0.082803 -1.461175
    48 1.719574 -0.000005 0.000000 0.000000 -0.007972 -1.498039
    49 1.209183 -0.000001 0.000000 0.000001 -0.004459 -0.216376
    50 3.859825 -0.148935 -1.331284 -0.082074 -0.080252 -1.260988
    51 1.719425 0.000000 0.000000 0.000000 -0.006612 -1.709117
    52 1.099663 0.000000 0.000000 0.000000 -0.004208 -0.244311
    53 0.806015 -0.359835 -1.318335 0.912685 0.357216 -0.682331
    54 1.789780 0.000001 0.000000 0.012436 -0.169953 0.694155
    55 1.207001 0.000000 0.000004 -0.000002 -0.009618 0.362904
    56 2.338451 -1.535743 -6.391512 1.520238 -0.094383 -2.001948
  time 47
    0 -0.002349 -0.921898 34.160533 1.693190 0.000007 -0.719444
    1 0.000005 3.345128 -2.981903 1.570796 0.123096 1.570796
    2 4.018331 0.000000 0.000000 0.054441 -0.042799 0.034481
    3 3.518564 0.000000 0.000000 -0.095603 -0.001979 0.100465
    4 8.942642 0.000000 0.000000 -0.120247 0.021687 0.192790
    5 3.307269 0.000000 -0.000004 -2.676674 -0.310542 0.304883
    6 3.593710 -0.000001 -0.000004 0.431581 0.013159 0.400807
    7 1.999994 -3.000001 0.000004 -1.570800 -0.000007 -1.326410
    8 2.033349 1.000771 -1.937607 -1.633305 1.117634 2.980521
    9 6.028143 0.000002 -0.000004 1.580283 0.056217 -0.555741
    10 11.692545 0.000000 0.000000 0.181903 -0.034432 -1.917244
    11 11.481701 0.000000 0.000000 -1.141199 0.118725 -0.006785
    12 2.676086 -1.712440 0.000000 -1.570795 0.000005 -1.570795
    13 2.033341 1.000767 1.937660 0.859154 -1.303000 -2.741514
    14 6.028140 0.000002 0.000000 -1.533622 -0.457951 -0.585771
    15 11.692553 0.000000 0.000011 -0.711747 0.466856 -1.626303
    16 11.481667 0.000000 -0.000031 1.617377 -0.034172 0.028287
    17 2.676086 -1.712440 0.000004 1.570797 0.000001 1.570797
    18 -3.890452 0.000004 0.000004 -1.128364 0.008408 -1.774291
    19 17.848171 0.000000 0.000004 0.000009 0.000000 0.797861
    20 16.525251 0.000000 0.000004 0.014376 0.054229 -1.570627
    21 6.879454 0.000000 0.000008 -0.081332 -0.002951 -0.584373
    22 3.890452 -0.000004 -0.000004 -2.047340 -0.697747 -1.248296
    23 17.848175 0.000000 -0.000004 0.000010 0.000000 0.821128
    24 16.525246 0.000000 0.000004 -0.024297 -0.042982 -1.157348
    25 6.879452 0.000000 0.000000 -0.007311 -0.002944 -0.584342
    26 3.859703 -0.142403 -1.191975 -0.479143 0.152189 -0.879872
    27 1.312565 0.000001 0.000004 0.000000 0.009664 -0.439719
    28 0.729362 0.000002 0.000004 -0.028979 0.117255 -0.451390
    29 3.942326 0.046774 -0.431438 -0.155011 0.073329 -0.810646
    30 1.539093 0.000001 0.000000 0.041407 0.089645 -0.699060
    31 1.196320 -0.000001 0.000004 -0.000002 0.007360 -0.430801
    32 3.883686 -0.046767 0.431446 0.812670 -0.191549 -1.550266
    33 1.719570 0.000002 0.000004 0.194938 -0.171308 -0.606847
    34 1.209183 -0.000001 -0.000004 0.409190 -0.306122 -0.737506
    35 3.859859 -0.137950 1.332462 0.716033 -0.200230 -1.353927
    36 1.719429 0.000002 0.000000 -0.000001 0.004072 -0.363008
    37 1.099670 0.000001 0.000004 0.133914 -0.229713 -0.543027
    38 0.806049 -0.348922 1.321259 -1.148537 -0.413342 -0.685814
    39 1.789787 0.000000 0.000004 0.143112 0.004764 0.680910
    40 1.207001 0.000000 -0.000004 -0.238537 -0.328319 0.202547
    41 3.859665 -0.132565 1.193108 0.479138 -0.158546 -0.879039
    42 1.312561 0.000000 0.000000 0.000000 -0.011932 -0.439671
    43 0.729366 0.000002 0.000000 0.000002 -0.006134 -0.244270
    44 3.942291 0.050330 0.431042 0.154996 -0.079305 -0.810204
    45 1.539097 0.000003 0.000000 0.000000 -0.005853 -0.247769
    46 1.196320 0.000000 0.000000 0.000001 -0.009662 -0.430760
    47 3.883648 -0.050325 -0.431044 -0.034933 -0.082803 -1.461175
    48 1.719574 -0.000005 0.000000 0.000000 -0.007972 -1.498039
    49 1.209183 -0.000001 0.000000 0.000001 -0.004459 -0.216376
    50 3.859825 -0.148935 -1.331284 -0.082074 -0.080252 -1.260988
    51 1.719425 0.000000 0.000000 0.000000 -0.006612 -1.709117
    52 1.099663 0.000000 0.000000 0.000000 -0.004208 -0.244311
    53 0.806015 -0.359835 -1.318335 0.912685 0.357216 -0.682331
    54 1.789780 0.000001 0.000000 0.012436 -0.169953 0.694155
    55 1.207001 0.000000 0.000004 -0.000002 -0.009618 0.362904
    56 2.338451 -1.535743 -6.391512 1.520238 -0.094383 -2.001948
  time 48
    0 -0.002349 -0.910179 34.176158 1.693190 0.000007 -0.719444
    1 0.000005 3.345128 -2.981903 1.570796 0.123096 1.570796
    2 4.018331 0.000000 0.000000 0.054441 -0.042799 0.034481
    3 3.518564 0.000000 0.000000 -0.095603 -0.001979 0.100465
    4 8.942642 0.000000 0.000000 -0.120247 0.021687 0.192790
    5 3.307269 0.000000 -0.000004 -2.676674 -0.310542 0.304883
    6 3.593710 -0.000001 -0.000004 0.431581 0.013555 0.399962
    7 1.999994 -3.000001 0.000004 -1.570753 -0.000007 -1.326410
    8 2.033349 1.000771 -1.937607 -1.633305 1.117634 2.980521
    9 6.028143 0.000002 -0.000004 1.581753 0.054613 -0.556519
    10 11.692545 0.000000 0.000000 0.181951 -0.034108 -1.918954
    11 11.481701 0.000000 0.000000 -1.141199 0.118725 -0.006785
    12 2.676086 -1.712440 0.000000 -1.570795 0.000005 -1.570795
    13 2.033341 1.000767 1.937660 0.859154 -1.303000 -2.741514
    14 6.028140 0.000002 0.000000 -1.532979 -0.457310 -0.586708
    15 11.692553 0.000000 0.000011 -0.711747 0.466856 -1.626303
    16 11.481667 0.000000 -0.000031 1.617377 -0.034172 0.028287
    17 2.676086 -1.712440 0.000004 1.570797 0.000001 1.570797
    18 -3.890452 0.000004 0.000004 -1.128187 0.008750 -1.773780
    19 17.848171 0.000000 0.000004 0.000009 0.000000 0.796067
    20 16.525251 0.000000 0.000004 0.014482 0.054200 -1.568616
    21 6.879454 0.000000 0.000008 -0.081332 -0.002951 -0.584373
    22 3.890452 -0.000004 -0.000004 -2.046850 -0.696653 -1.248915
    23 17.848175 0.000000 -0.000004 0.000010 0.000000 0.818248
    24 16.525246 0.000000 0.000004 -0.024384 -0.042910 -1.155117
    25 6.879452 0.000000 0.000000 -0.007299 -0.002944 -0.584342
    26 3.859703 -0.142403 -1.191975 -0.479143 0.152189 -0.879872
    27 1.312565 0.000001 0.000004 0.000000 0.009664 -0.439719
    28 0.729362 0.000002 0.000004 -0.028979 0.117255 -0.451390
    29 3.942326 0.046774 -0.431438 -0.155011 0.073329 -0.810646
    30 1.539093 0.000001 0.000000 0.041407 0.089645 -0.699060
    31 1.196320 -0.000001 0.000004 -0.000002 0.007360 -0.430801
    32 3.883686 -0.046767 0.431446 0.812670 -0.191549 -1.550266
    33 1.719570 0.000002 0.000004 0.194938 -0.171308 -0.606847
    34 1.209183 -0.000001 -0.000004 0.409190 -0.306122 -0.737506
    35 3.859859 -0.137950 1.332462 0.716033 -0.200230 -1.353927
    36 1.719429 0.000002 0.000000 -0.000001 0.004072 -0.363008
    37 1.099670 0.000001 0.000004 0.133914 -0.229713 -0.543027
    38 0.806049 -0.348922 1.321259 -1.148537 -0.413342 -0.685814
    39 1.789787 0.000000 0.000004 0.143112 0.004764 0.680910
    40 1.207001 0.000000 -0.000004 -0.238537 -0.328319 0.202547
    41 3.859665 -0.132565 1.193108 0.479138 -0.158546 -0.879039
    42 1.312561 0.000000 0.000000 0.000000 -0.011932 -0.439671
    43 0.729366 0.000002 0.000000 0.000002 -0.006134 -0.244270
    44 3.942291 0.050330 0.431042 0.154996 -0.079305 -0.810204
    45 1.539097 0.000003 0.000000 0.000000 -0.005853 -0.247769
    46 1.196320 0.000000 0.000000 0.000001 -0.009662 -0.430760
    47 3.883648 -0.050325 -0.431044 -0.034933 -0.082803 -1.461175
    48 1.719574 -0.000005 0.000000 0.000000 -0.007972 -1.498039
    49 1.209183 -0.000001 0.000000 0.000001 -0.004459 -0.216376
    50 3.859825 -0.148935 -1.331284 -0.082074 -0.080252 -1.260988
    51 1.719425 0.000000 0.000000 0.000000 -0.006612 -1.709117
    52 1.099663 0.000000 0.000000 0.000000 -0.004208 -0.244311
    53 0.806015 -0.359835 -1.318335 0.912685 0.357216 -0.682331
    54 1.789780 0.000001 0.000000 0.012436 -0.169953 0.694176
    55 1.207001 0.000000 0.000004 -0.000002 -0.009618 0.362904
    56 2.338451 -1.535743 -6.391512 1.520238 -0.094383 -2.001948
  time 49
    0 -0.002349 -0.902366 34.195690 1.693190 0.000007 -0.719444
    1 0.000005 3.345128 -2.981903 1.570796 0.123096 1.570796
    2 4.018331 0.000000 0.000000 0.054441 -0.042799 0.034481
    3 3.518564 0.000000 0.000000 -0.095603 -0.001979 0.100465
    4 8.942642 0.000000 0.000000 -0.120247 0.021687 0.192790
    5 3.307269 0.000000 -0.000004 -2.676674 -0.310542 0.304883
    6 3.593710 -0.000001 -0.000004 0.431581 0.013962 0.399047
    7 1.999994 -3.000001 0.000004 -1.570800 -0.000007 -1.326410
    8 2.033349 1.000771 -1.937607 -1.633305 1.117634 2.980521
    9 6.028143 0.000002 -0.000004 1.583316 0.052956 -0.557296
    10 11.692545 0.000000 0.000000 0.182011 -0.033773 -1.920796
    11 11.481701 0.000000 0.000000 -1.141199 0.118725 -0.006785
    12 2.676086 -1.712440 0.000000 -1.570795 0.000005 -1.570795
    13 2.033341 1.000767 1.937660 0.859154 -1.303000 -2.741514
    14 6.028140 0.000002 0.000000 -1.532336 -0.456636 -0.587683
    15 11.692553 0.000000 0.000011 -0.711747 0.466856 -1.626303
    16 11.481667 0.000000 -0.000031 1.617377 -0.034172 0.028287
    17 2.676086 -1.712440 0.000004 1.570797 0.000001 1.570797
    18 -3.890452 0.000004 0.000004 -1.128010 0.009064 -1.773141
    19 17.848171 0.000000 0.000004 0.000009 0.000000 0.794273
    20 16.525251 0.000000 0.000004 0.014606 0.054156 -1.566504
    21 6.879454 0.000000 0.000008 -0.081332 -0.002951 -0.584373
    22 3.890452 -0.000004 -0.000004 -2.046442 -0.695517 -1.249534
    23 17.848175 0.000000 -0.000004 0.000010 0.000000 0.815368
    24 16.525246 0.000000 0.000004 -0.024487 -0.042856 -1.152826
    25 6.879452 0.000000 0.000000 -0.007299 -0.002944 -0.584342
    26 3.859703 -0.142403 -1.191975 -0.479143 0.152189 -0.879872
    27 1.312565 0.000001 0.000004 0.000000 0.009664 -0.439719
    28 0.729362 0.000002 0.000004 -0.028979 0.117255 -0.451390
    29 3.942326 0.046774 -0.431438 -0.155011 0.073329 -0.810646
    30 1.539093 0.000001 0.000000 0.041407 0.089645 -0.699060
    31 1.196320 -0.000001 0.000004 -0.000002 0.007360 -0.430801
    32 3.883686 -0.046767 0.431446 0.812670 -0.191549 -1.550266
    33 1.719570 0.000002 0.000004 0.194938 -0.171308 -0.606847
    34 1.209183 -0.000001 -0.000004 0.409190 -0.306122 -0.737506
    35 3.859859 -0.137950 1.332462 0.716033 -0.200230 -1.353927
    36 1.719429 0.000002 0.000000 -0.000001 0.004072 -0.363008
    37 1.099670 0.000001 0.000004 0.133914 -0.229713 -0.543027
    38 0.806049 -0.348922 1.321259 -1.148537 -0.413342 -0.685814
    39 1.789787 0.000000 0.000004 0.143112 0.004764 0.680910
    40 1.207001 0.000000 -0.000004 -0.238537 -0.328319 0.202547
    41 3.859665 -0.132565 1.193108 0.479138 -0.158546 -0.879039
    42 1.312561 0.000000 0.000000 0.000000 -0.011932 -0.439671
    43 0.729366 0.000002 0.000000 0.000002 -0.006134 -0.244270
    44 3.942291 0.050330 0.431042 0.154996 -0.079305 -0.810204
    45 1.539097 0.000003 0.000000 0.000000 -0.005853 -0.247769
    46 1.196320 0.000000 0.000000 0.000001 -0.009662 -0.430760
    47 3.883648 -0.050325 -0.431044 -0.034933 -0.082803 -1.461175
    48 1.719574 -0.000005 0.000000 0.000000 -0.007972 -1.498039
    49 1.209183 -0.000001 0.000000 0.000001 -0.004459 -0.216376
    50 3.859825 -0.148935 -1.331284 -0.082074 -0.080252 -1.260988
    51 1.719425 0.000000 0.000000 0.000000 -0.006612 -1.709117
    52 1.099663 0.000000 0.000000 0.000000 -0.004208 -0.244311
    53 0.806015 -0.359835 -1.318335 0.912685 0.357216 -0.682331
    54 1.789780 0.000001 0.000000 0.012436 -0.169953 0.694155
    55 1.207001 0.000000 0.000004 -0.000002 -0.009618 0.362904
    56 2.338451 -1.535743 -6.391512 1.520238 -0.094383 -2.001948
  time 50
    0 -0.002349 -0.890647 34.215222 1.693190 0.000007 -0.719444
    1 0.000005 3.345128 -2.981903 1.570796 0.123096 1.570796
    2 4.018331 0.000000 0.000000 0.054441 -0.042799 0.034481
    3 3.518564 0.000000 0.000000 -0.095603 -0.001979 0.100465
    4 8.942642 0.000000 0.000000 -0.120247 0.021687 0.192790
    5 3.307269 0.000000 -0.000004 -2.676674 -0.310542 0.304883
    6 3.593710 -0.000001 -0.000004 0.431535 0.014394 0.398132
    7 1.999994 -3.000001 0.000004 -1.570753 -0.000007 -1.326410
    8 2.033349 1.000771 -1.937607 -1.633305 1.117634 2.980521
    9 6.028143 0.000002 -0.000004 1.584878 0.051230 -0.558144
    10 11.692545 0.000000 0.000000 0.182059 -0.033425 -1.922637
    11 11.481701 0.000000 0.000000 -1.141199 0.118725 -0.006785
    12 2.676086 -1.712440 0.000000 -1.570795 0.000005 -1.570795
    13 2.033341 1.000767 1.937660 0.859154 -1.303000 -2.741514
    14 6.028140 0.000002 0.000000 -1.531634 -0.455961 -0.588659
    15 11.692553 0.000000 0.000011 -0.711747 0.466856 -1.626303
    16 11.481667 0.000000 -0.000031 1.617377 -0.034172 0.028287
    17 2.676086 -1.712440 0.000004 1.570797 0.000001 1.570797
    18 -3.890452 0.000004 0.000004 -1.127833 0.009406 -1.772565
    19 17.848171 0.000000 0.000004 0.000009 0.000000 0.792404
    20 16.525251 0.000000 0.000004 0.014712 0.054127 -1.564393
    21 6.879454 0.000000 0.000008 -0.081332 -0.002951 -0.584373
    22 3.890452 -0.000004 -0.000004 -2.045953 -0.694339 -1.250221
    23 17.848175 0.000000 -0.000004 0.000010 0.000000 0.812301
    24 16.525246 0.000000 0.000004 -0.024575 -0.042802 -1.150535
    25 6.879452 0.000000 0.000000 -0.007299 -0.002944 -0.584342
    26 3.859703 -0.142403 -1.191975 -0.479143 0.152189 -0.879872
    27 1.312565 0.000001 0.000004 0.000000 0.009664 -0.439719
    28 0.729362 0.000002 0.000004 -0.028979 0.117255 -0.451390
    29 3.942326 0.046774 -0.431438 -0.155011 0.073329 -0.810646
    30 1.539093 0.000001 0.000000 0.041407 0.089645 -0.699060
    31 1.196320 -0.000001 0.000004 -0.000002 0.007360 -0.430801
    32 3.883686 -0.046767 0.431446 0.812670 -0.191549 -1.550266
    33 1.719570 0.000002 0.000004 0.194938 -0.171308 -0.606847
    34 1.209183 -0.000001 -0.000004 0.409190 -0.306122 -0.737506
    35 3.859859 -0.137950 1.332462 0.716033 -0.200230 -1.353927
    36 1.719429 0.000002 0.000000 -0.000001 0.004072 -0.363008
    37 1.099670 0.000001 0.000004 0.133914 -0.229713 -0.543027
    38 0.806049 -0.348922 1.321259 -1.148537 -0.413342 -0.685814
    39 1.789787 0.000000 0.000004 0.143112 0.004764 0.680910
    40 1.207001 0.000000 -0.000004 -0.238537 -0.328319 0.202547
    41 3.859665 -0.132565 1.193108 0.479138 -0.158546 -0.879039
    42 1.312561 0.000000 0.000000 0.000000 -0.011932 -0.439671
    43 0.729366 0.000002 0.000000 0.000002 -0.006134 -0.244270
    44 3.942291 0.050330 0.431042 0.154996 -0.079305 -0.810204
    45 1.539097 0.000003 0.000000 0.000000 -0.005853 -0.247769
    46 1.196320 0.000000 0.000000 0.000001 -0.009662 -0.430760
    47 3.883648 -0.050325 -0.431044 -0.034933 -0.082803 -1.461175
    48 1.719574 -0.000005 0.000000 0.000000 -0.007972 -1.498039
    49 1.209183 -0.000001 0.000000 0.000001 -0.004459 -0.216376
    50 3.859825 -0.148935 -1.331284 -0.082074 -0.080252 -1.260988
    51 1.719425 0.000000 0.000000 0.000000 -0.006612 -1.709117
    52 1.099663 0.000000 0.000000 0.000000 -0.004208 -0.244311
    53 0.806015 -0.359835 -1.318335 0.912685 0.357216 -0.682331
    54 1.789780 0.000001 0.000000 0.012436 -0.169953 0.694155
    55 1.207001 0.000000 0.000004 -0.000002 -0.009618 0.362904
    56 2.338451 -1.535743 -6.391512 1.520238 -0.094383 -2.001948
  time 51
    0 -0.002349 -0.878928 34.234754 1.693190 0.000007 -0.719444
    1 0.000005 3.345128 -2.981903 1.570796 0.123096 1.570796
    2 4.018331 0.000000 0.000000 0.054441 -0.042799 0.034481
    3 3.518564 0.000000 0.000000 -0.095603 -0.001979 0.100465
    4 8.942642 0.000000 0.000000 -0.120247 0.021687 0.192790
    5 3.307269 0.000000 -0.000004 -2.676674 -0.310542 0.304883
    6 3.593710 -0.000001 -0.000004 0.431535 0.014825 0.397182
    7 1.999994 -3.000001 0.000004 -1.570753 -0.000007 -1.326410
    8 2.033349 1.000771 -1.937607 -1.633305 1.117634 2.980521
    9 6.028143 0.000002 -0.000004 1.586440 0.049469 -0.558993
    10 11.692545 0.000000 0.000000 0.182119 -0.033077 -1.924545
    11 11.481701 0.000000 0.000000 -1.141199 0.118725 -0.006785
    12 2.676086 -1.712440 0.000000 -1.570795 0.000005 -1.570795
    13 2.033341 1.000767 1.937660 0.859154 -1.303000 -2.741514
    14 6.028140 0.000002 0.000000 -1.530991 -0.455286 -0.589674
    15 11.692553 0.000000 0.000011 -0.711747 0.466856 -1.626303
    16 11.481667 0.000000 -0.000031 1.617377 -0.034172 0.028287
    17 2.676086 -1.712440 0.000004 1.570797 0.000001 1.570797
    18 -3.890452 0.000004 0.000004 -1.127656 0.009777 -1.771926
    19 17.848171 0.000000 0.000004 0.000009 0.000000 0.790461
    20 16.525251 0.000000 0.000004 0.014836 0.054098 -1.562181
    21 6.879454 0.000000 0.000008 -0.081332 -0.002951 -0.584373
    22 3.890452 -0.000004 -0.000004 -2.045055 -0.693160 -1.251046
    23 17.848175 0.000000 -0.000004 0.000010 0.000000 0.809170
    24 16.525246 0.000000 0.000004 -0.024677 -0.042729 -1.148123
    25 6.879452 0.000000 0.000000 -0.007299 -0.002944 -0.584342
    26 3.859703 -0.142403 -1.191975 -0.479143 0.152189 -0.879872
    27 1.312565 0.000001 0.000004 0.000000 0.009664 -0.439719
    28 0.729362 0.000002 0.000004 -0.028979 0.117255 -0.451390
    29 3.942326 0.046774 -0.431438 -0.155011 0.073329 -0.810646
    30 1.539093 0.000001 0.000000 0.041407 0.089645 -0.699060
    31 1.196320 -0.000001 0.000004 -0.000002 0.007360 -0.430801
    32 3.883686 -0.046767 0.431446 0.812670 -0.191549 -1.550266
    33 1.719570 0.000002 0.000004 0.194938 -0.171308 -0.606847
    34 1.209183 -0.000001 -0.000004 0.409190 -0.306122 -0.737506
    35 3.859859 -0.137950 1.332462 0.716033 -0.200230 -1.353927
    36 1.719429 0.000002 0.000000 -0.000001 0.004072 -0.363008
    37 1.099670 0.000001 0.000004 0.133914 -0.229713 -0.543027
    38 0.806049 -0.348922 1.321259 -1.148537 -0.413342 -0.685814
    39 1.789787 0.000000 0.000004 0.143112 0.004764 0.680910
    40 1.207001 0.000000 -0.000004 -0.238537 -0.328319 0.202547
    41 3.859665 -0.132565 1.193108 0.479138 -0.158546 -0.879039
    42 1.312561 0.000000 0.000000 0.000000 -0.011932 -0.439671
    43 0.729366 0.000002 0.000000 0.000002 -0.006134 -0.244270
    44 3.942291 0.050330 0.431042 0.154996 -0.079305 -0.810204
    45 1.539097 0.000003 0.000000 0.000000 -0.005853 -0.247769
    46 1.196320 0.000000 0.000000 0.000001 -0.009662 -0.430760
    47 3.883648 -0.050325 -0.431044 -0.034933 -0.082803 -1.461175
    48 1.719574 -0.000005 0.000000 0.000000 -0.007972 -1.498039
    49 1.209183 -0.000001 0.000000 0.000001 -0.004459 -0.216376
    50 3.859825 -0.148935 -1.331284 -0.082074 -0.080252 -1.260988
    51 1.719425 0.000000 0.000000 0.000000 -0.006612 -1.709117
    52 1.099663 0.000000 0.000000 0.000000 -0.004208 -0.244311
    53 0.806015 -0.359835 -1.318335 0.912685 0.357216 -0.682331
    54 1.789780 0.000001 0.000000 0.012436 -0.169953 0.694155
    55 1.207001 0.000000 0.000004 -0.000002 -0.009618 0.362904
    56 2.338451 -1.535743 -6.391512 1.520238 -0.094383 -2.001948
  time 52
    0 -0.002349 -0.867209 34.254286 1.693190 0.000007 -0.719444
    1 0.000005 3.345128 -2.981903 1.570796 0.123096 1.570796
    2 4.018331 0.000000 0.000000 0.054441 -0.042799 0.034481
    3 3.518564 0.000000 0.000000 -0.095603 -0.001979 0.100465
    4 8.942642 0.000000 0.000000 -0.120247 0.021687 0.192790
    5 3.307269 0.000000 -0.000004 -2.676674 -0.310542 0.304883
    6 3.593710 -0.000001 -0.000004 0.431535 0.015268 0.396232
    7 1.999994 -3.000001 0.000004 -1.570753 -0.000007 -1.326410
    8 2.033349 1.000771 -1.937607 -1.633305 1.117634 2.980521
    9 6.028143 0.000002 -0.000004 1.588186 0.047655 -0.559876
    10 11.692545 0.000000 0.000000 0.182179 -0.032706 -1.926518
    11 11.481701 0.000000 0.000000 -1.141199 0.118725 -0.006785
    12 2.676086 -1.712440 0.000000 -1.570795 0.000005 -1.570795
    13 2.033341 1.000767 1.937660 0.859154 -1.303000 -2.741514
    14 6.028140 0.000002 0.000000 -1.530290 -0.454578 -0.590727
    15 11.692553 0.000000 0.000011 -0.711747 0.466856 -1.626303
    16 11.481667 0.000000 -0.000031 1.617377 -0.034172 0.028287
    17 2.676086 -1.712440 0.000004 1.570797 0.000001 1.570797
    18 -3.890452 0.000004 0.000004 -1.127479 0.010233 -1.771287
    19 17.848171 0.000000 0.000004 0.000009 0.000000 0.788218
    20 16.525251 0.000000 0.000004 0.014960 0.054054 -1.559969
    21 6.879454 0.000000 0.000008 -0.081332 -0.002951 -0.584373
    22 3.890452 -0.000004 -0.000004 -2.044974 -0.691856 -1.251596
    23 17.848175 0.000000 -0.000004 0.000010 0.000000 0.805978
    24 16.525246 0.000000 0.000004 -0.024780 -0.042675 -1.145651
    25 6.879452 0.000000 0.000000 -0.007299 -0.002944 -0.584342
    26 3.859703 -0.142403 -1.191975 -0.479143 0.152189 -0.879872
    27 1.312565 0.000001 0.000004 0.000000 0.009664 -0.439719
    28 0.729362 0.000002 0.000004 -0.028979 0.117255 -0.451390
    29 3.942326 0.046774 -0.431438 -0.155011 0.073329 -0.810646
    30 1.539093 0.000001 0.000000 0.041407 0.089645 -0.699060
    31 1.196320 -0.000001 0.000004 -0.000002 0.007360 -0.430801
    32 3.883686 -0.046767 0.431446 0.812670 -0.191549 -1.550266
    33 1.719570 0.000002 0.000004 0.194938 -0.171308 -0.606847
    34 1.209183 -0.000001 -0.000004 0.409190 -0.306122 -0.737506
    35 3.859859 -0.137950 1.332462 0.716033 -0.200230 -1.353927
    36 1.719429 0.000002 0.000000 -0.000001 0.004072 -0.363008
    37 1.099670 0.000001 0.000004 0.133914 -0.229713 -0.543027
    38 0.806049 -0.348922 1.321259 -1.148537 -0.413342 -0.685814
    39 1.789787 0.000000 0.000004 0.143112 0.004764 0.680910
    40 1.207001 0.000000 -0.000004 -0.238537 -0.328319 0.202547
    41 3.859665 -0.132565 1.193108 0.479138 -0.158546 -0.879039
    42 1.312561 0.000000 0.000000 0.000000 -0.011932 -0.439671
    43 0.729366 0.000002 0.000000 0.000002 -0.006134 -0.244270
    44 3.942291 0.050330 0.431042 0.154996 -0.079305 -0.810204
    45 1.539097 0.000003 0.000000 0.000000 -0.005853 -0.247769
    46 1.196320 0.000000 0.000000 0.000001 -0.009662 -0.430760
    47 3.883648 -0.050325 -0.431044 -0.034933 -0.082803 -1.461175
    48 1.719574 -0.000005 0.000000 0.000000 -0.007972 -1.498039
    49 1.209183 -0.000001 0.000000 0.000001 -0.004459 -0.216376
    50 3.859825 -0.148935 -1.331284 -0.082074 -0.080252 -1.260988
    51 1.719425 0.000000 0.000000 0.000000 -0.006612 -1.709117
    52 1.099663 0.000000 0.000000 0.000000 -0.004208 -0.244311
    53 0.806015 -0.359835 -1.318335 0.912685 0.357216 -0.682331
    54 1.789780 0.000001 0.000000 0.012436 -0.169953 0.694155
    55 1.207001 0.000000 0.000004 -0.000002 -0.009618 0.362904
    56 2.338451 -1.535743 -6.391512 1.520238 -0.094383 -2.001948
  time 53
    0 -0.002349 -0.855490 34.273818 1.693190 0.000007 -0.719444
    1 0.000005 3.345128 -2.981903 1.570796 0.123096 1.570796
    2 4.018331 0.000000 0.000000 0.054441 -0.042799 0.034481
    3 3.518564 0.000000 0.000000 -0.095603 -0.001979 0.100465
    4 8.942642 0.000000 0.000000 -0.120247 0.021687 0.192790
    5 3.307269 0.000000 -0.000004 -2.676674 -0.310542 0.304883
    6 3.593710 -0.000001 -0.000004 0.431489 0.015724 0.395247
    7 1.999994 -3.000001 0.000004 -1.570800 -0.000007 -1.326410
    8 2.033349 1.000771 -1.937607 -1.633305 1.117634 2.980521
    9 6.028143 0.000002 -0.000004 1.589841 0.045807 -0.560760
    10 11.692545 0.000000 0.000000 0.182239 -0.032334 -1.928557
    11 11.481701 0.000000 0.000000 -1.141199 0.118725 -0.006785
    12 2.676086 -1.712440 0.000000 -1.570795 0.000005 -1.570795
    13 2.033341 1.000767 1.937660 0.859154 -1.303000 -2.741514
    14 6.028140 0.000002 0.000000 -1.529530 -0.453836 -0.591820
    15 11.692553 0.000000 0.000011 -0.711747 0.466856 -1.626303
    16 11.481667 0.000000 -0.000031 1.617377 -0.034172 0.028287
    17 2.676086 -1.712440 0.000004 1.570797 0.000001 1.570797
    18 -3.890452 0.000004 0.000004 -1.127302 0.010633 -1.770584
    19 17.848171 0.000000 0.000004 0.000009 0.000000 0.786200
    20 16.525251 0.000000 0.000004 0.015083 0.054024 -1.557657
    21 6.879454 0.000000 0.000008 -0.081332 -0.002951 -0.584373
    22 3.890452 -0.000004 -0.000004 -2.044484 -0.690594 -1.252352
    23 17.848175 0.000000 -0.000004 0.000010 0.000000 0.802722
    24 16.525246 0.000000 0.000004 -0.024882 -0.042603 -1.143179
    25 6.879452 0.000000 0.000000 -0.007311 -0.002944 -0.584342
    26 3.859703 -0.142403 -1.191975 -0.479143 0.152189 -0.879872
    27 1.312565 0.000001 0.000004 0.000000 0.009664 -0.439719
    28 0.729362 0.000002 0.000004 -0.028979 0.117255 -0.451390
    29 3.942326 0.046774 -0.431438 -0.155011 0.073329 -0.810646
    30 1.539093 0.000001 0.000000 0.041407 0.089645 -0.699060
    31 1.196320 -0.000001 0.000004 -0.000002 0.007360 -0.430801
    32 3.883686 -0.046767 0.431446 0.812670 -0.191549 -1.550266
    33 1.719570 0.000002 0.000004 0.194938 -0.171308 -0.606847
    34 1.209183 -0.000001 -0.000004 0.409190 -0.306122 -0.737506
    35 3.859859 -0.137950 1.332462 0.716033 -0.200230 -1.353927
    36 1.719429 0.000002 0.000000 -0.000001 0.004072 -0.363008
    37 1.099670 0.000001 0.000004 0.133914 -0.229713 -0.543027
    38 0.806049 -0.348922 1.321259 -1.148537 -0.413342 -0.685814
    39 1.789787 0.000000 0.000004 0.143112 0.004764 0.680910
    40 1.207001 0.000000 -0.000004 -0.238537 -0.328319 0.202547
    41 3.859665 -0.132565 1.193108 0.479138 -0.158546 -0.879039
    42 1.312561 0.000000 0.000000 0.000000 -0.011932 -0.439671
    43 0.729366 0.000002 0.000000 0.000002 -0.006134 -0.244270
    44 3.942291 0.050330 0.431042 0.154996 -0.079305 -0.810204
    45 1.539097 0.000003 0.000000 0.000000 -0.005853 -0.247769
    46 1.196320 0.000000 0.000000 0.000001 -0.009662 -0.430760
    47 3.883648 -0.050325 -0.431044 -0.034933 -0.082803 -1.461175
    48 1.719574 -0.000005 0.000000 0.000000 -0.007972 -1.498039
    49 1.209183 -0.000001 0.000000 0.000001 -0.004459 -0.216376
    50 3.859825 -0.148935 -1.331284 -0.082074 -0.080252 -1.260988
    51 1.719425 0.000000 0.000000 0.000000 -0.006612 -1.709117
    52 1.099663 0.000000 0.000000 0.000000 -0.004208 -0.244311
    53 0.806015 -0.359835 -1.318335 0.912685 0.357216 -0.682331
    54 1.789780 0.000001 0.000000 0.012436 -0.169953 0.694155
    55 1.207001 0.000000 0.000004 -0.000002 -0.009618 0.362904
    56 2.338451 -1.535743 -6.391512 1.520238 -0.094383 -2.001948
  time 54
    0 -0.002349 -0.847677 34.293350 1.693190 0.000007 -0.719444
    1 0.000005 3.345128 -2.981903 1.570796 0.123096 1.570796
    2 4.018331 0.000000 0.000000 0.054441 -0.042799 0.034481
    3 3.518564 0.000000 0.000000 -0.095603 -0.001979 0.100465
    4 8.942642 0.000000 0.000000 -0.120247 0.021687 0.192790
    5 3.307269 0.000000 -0.000004 -2.676674 -0.310542 0.304883
    6 3.593710 -0.000001 -0.000004 0.431489 0.016191 0.394226
    7 1.999994 -3.000001 0.000004 -1.570800 -0.000007 -1.326410
    8 2.033349 1.000771 -1.937607 -1.633305 1.117634 2.980521
    9 6.028143 0.000002 -0.000004 1.591587 0.043924 -0.561678
    10 11.692545 0.000000 0.000000 0.182299 -0.031963 -1.930596
    11 11.481701 0.000000 0.000000 -1.141199 0.118725 -0.006785
    12 2.676086 -1.712440 0.000000 -1.570795 0.000005 -1.570795
    13 2.033341 1.000767 1.937660 0.859154 -1.303000 -2.741514
    14 6.028140 0.000002 0.000000 -1.528828 -0.453094 -0.592874
    15 11.692553 0.000000 0.000011 -0.711747 0.466856 -1.626303
    16 11.481667 0.000000 -0.000031 1.617377 -0.034172 0.028287
    17 2.676086 -1.712440 0.000004 1.570797 0.000001 1.570797
    18 -3.890452 0.000004 0.000004 -1.127066 0.011032 -1.769944
    19 17.848171 0.000000 0.000004 0.000009 0.000000 0.784107
    20 16.525251 0.000000 0.000004 0.015207 0.053981 -1.555344
    21 6.879454 0.000000 0.000008 -0.081332 -0.002951 -0.584373
    22 3.890452 -0.000004 -0.000004 -2.043995 -0.689247 -1.253108
    23 17.848175 0.000000 -0.000004 0.000010 0.000000 0.799404
    24 16.525246 0.000000 0.000004 -0.024999 -0.042548 -1.140647
    25 6.879452 0.000000 0.000000 -0.007299 -0.002944 -0.584342
    26 3.859703 -0.142403 -1.191975 -0.479143 0.152189 -0.879872
    27 1.312565 0.000001 0.000004 0.000000 0.009664 -0.439719
    28 0.729362 0.000002 0.000004 -0.028979 0.117255 -0.451390
    29 3.942326 0.046774 -0.431438 -0.155011 0.073329 -0.810646
    30 1.539093 0.000001 0.000000 0.041407 0.089645 -0.699060
    31 1.196320 -0.000001 0.000004 -0.000002 0.007360 -0.430801
    32 3.883686 -0.046767 0.431446 0.812670 -0.191549 -1.550266
    33 1.719570 0.000002 0.000004 0.194938 -0.171308 -0.606847
    34 1.209183 -0.000001 -0.000004 0.409190 -0.306122 -0.737506
    35 3.859859 -0.137950 1.332462 0.716033 -0.200230 -1.353927
    36 1.719429 0.000002 0.000000 -0.000001 0.004072 -0.363008
    37 1.099670 0.000001 0.000004 0.133914 -0.229713 -0.543027
    38 0.806049 -0.348922 1.321259 -1.148537 -0.413342 -0.685814
    39 1.789787 0.000000 0.000004 0.143112 0.004764 0.680910
    40 1.207001 0.000000 -0.000004 -0.238537 -0.328319 0.202547
    41 3.859665 -0.132565 1.193108 0.479138 -0.158546 -0.879039
    42 1.312561 0.000000 0.000000 0.000000 -0.011932 -0.439671
    43 0.729366 0.000002 0.000000 0.000002 -0.006134 -0.244270
    44 3.942291 0.050330 0.431042 0.154996 -0.079305 -0.810204
    45 1.539097 0.000003 0.000000 0.000000 -0.005853 -0.247769
    46 1.196320 0.000000 0.000000 0.000001 -0.009662 -0.430760
    47 3.883648 -0.050325 -0.431044 -0.034933 -0.082803 -1.461175
    48 1.719574 -0.000005 0.000000 0.000000 -0.007972 -1.498039
    49 1.209183 -0.000001 0.000000 0.000001 -0.004459 -0.216376
    50 3.859825 -0.148935 -1.331284 -0.082074 -0.080252 -1.260988
    51 1.719425 0.000000 0.000000 0.000000 -0.006612 -1.709117
    52 1.099663 0.000000 0.000000 0.000000 -0.004208 -0.244311
    53 0.806015 -0.359835 -1.318335 0.912685 0.357216 -0.682331
    54 1.789780 0.000001 0.000000 0.012436 -0.169953 0.694155
    55 1.207001 0.000000 0.000004 -0.000002 -0.009618 0.362904
    56 2.338451 -1.535743 -6.391512 1.520238 -0.094383 -2.001948
  time 55
    0 -0.002349 -0.835958 34.312881 1.693190 0.000007 -0.719444
    1 0.000005 3.345128 -2.981903 1.570796 0.123096 1.570796
    2 4.018331 0.000000 0.000000 0.054441 -0.042799 0.034481
    3 3.518564 0.000000 0.000000 -0.095603 -0.001979 0.100465
    4 8.942642 0.000000 0.000000 -0.120247 0.021687 0.192790
    5 3.307269 0.000000 -0.000004 -2.676674 -0.310542 0.304883
    6 3.593710 -0.000001 -0.000004 0.431443 0.016659 0.393206
    7 1.999994 -3.000001 0.000004 -1.570800 -0.000007 -1.326410
    8 2.033349 1.000771 -1.937607 -1.633305 1.117634 2.980521
    9 6.028143 0.000002 -0.000004 1.593333 0.042006 -0.562597
    10 11.692545 0.000000 0.000000 0.182359 -0.031579 -1.932700
    11 11.481701 0.000000 0.000000 -1.141199 0.118725 -0.006785
    12 2.676086 -1.712440 0.000000 -1.570795 0.000005 -1.570795
    13 2.033341 1.000767 1.937660 0.859154 -1.303000 -2.741514
    14 6.028140 0.000002 0.000000 -1.528068 -0.452352 -0.594006
    15 11.692553 0.000000 0.000011 -0.711747 0.466856 -1.626303
    16 11.481667 0.000000 -0.000031 1.617377 -0.034172 0.028287
    17 2.676086 -1.712440 0.000004 1.570797 0.000001 1.570797
    18 -3.890452 0.000004 0.000004 -1.126889 0.011431 -1.769241
    19 17.848171 0.000000 0.000004 0.000009 0.000000 0.781940
    20 16.525251 0.000000 0.000004 0.015331 0.053951 -1.552981
    21 6.879454 0.000000 0.000008 -0.081332 -0.002951 -0.584373
    22 3.890452 -0.000004 -0.000004 -2.043424 -0.687943 -1.253796
    23 17.848175 0.000000 -0.000004 0.000010 0.000000 0.796023
    24 16.525246 0.000000 0.000004 -0.025102 -0.042476 -1.138054
    25 6.879452 0.000000 0.000000 -0.007311 -0.002944 -0.584342
    26 3.859703 -0.142403 -1.191975 -0.479143 0.152189 -0.879872
    27 1.312565 0.000001 0.000004 0.000000 0.009664 -0.439719
    28 0.729362 0.000002 0.000004 -0.028979 0.117255 -0.451390
    29 3.942326 0.046774 -0.431438 -0.155011 0.073329 -0.810646
    30 1.539093 0.000001 0.000000 0.041407 0.089645 -0.699060
    31 1.196320 -0.000001 0.000004 -0.000002 0.007360 -0.430801
    32 3.883686 -0.046767 0.431446 0.812670 -0.191549 -1.550266
    33 1.719570 0.000002 0.000004 0.194938 -0.171308 -0.606847
    34 1.209183 -0.000001 -0.000004 0.409190 -0.306122 -0.737506
    35 3.859859 -0.137950 1.332462 0.716033 -0.200230 -1.353927
    36 1.719429 0.000002 0.000000 -0.000001 0.004072 -0.363008
    37 1.099670 0.000001 0.000004 0.133914 -0.229713 -0.543027
    38 0.806049 -0.348922 1.321259 -1.148537 -0.413342 -0.685814
    39 1.789787 0.000000 0.000004 0.143112 0.004764 0.680910
    40 1.207001 0.000000 -0.000004 -0.238537 -0.328319 0.202547
    41 3.859665 -0.132565 1.193108 0.479138 -0.158546 -0.879039
    42 1.312561 0.000000 0.000000 0.000000 -0.011932 -0.439671
    43 0.729366 0.000002 0.000000 0.000002 -0.006134 -0.244270
    44 3.942291 0.050330 0.431042 0.154996 -0.079305 -0.810204
    45 1.539097 0.000003 0.000000 0.000000 -0.005853 -0.247769
    46 1.196320 0.000000 0.000000 0.000001 -0.009662 -0.430760
    47 3.883648 -0.050325 -0.431044 -0.034933 -0.082803 -1.461175
    48 1.719574 -0.000005 0.000000 0.000000 -0.007972 -1.498039
    49 1.209183 -0.000001 0.000000 0.000001 -0.004459 -0.216376
    50 3.859825 -0.148935 -1.331284 -0.082074 -0.080252 -1.260988
    51 1.719425 0.000000 0.000000 0.000000 -0.006612 -1.709117
    52 1.099663 0.000000 0.000000 0.000000 -0.004208 -0.244311
    53 0.806015 -0.359835 -1.318335 0.912685 0.357216 -0.682331
    54 1.789780 0.000001 0.000000 0.012436 -0.169953 0.694155
    55 1.207001 0.000000 0.000004 -0.000002 -0.009618 0.362904
    56 2.338451 -1.535743 -6.391512 1.520238 -0.094383 -2.001948
  time 56
    0 -0.002349 -0.820333 34.332413 1.693190 0.000007 -0.719444
    1 0.000005 3.345128 -2.981903 1.570796 0.123096 1.570796
    2 4.018331 0.000000 0.000000 0.054441 -0.042799 0.034481
    3 3.518564 0.000000 0.000000 -0.095603 -0.001979 0.100465
    4 8.942642 0.000000 0.000000 -0.120247 0.021687 0.192790
    5 3.307269 0.000000 -0.000004 -2.676674 -0.310542 0.304883
    6 3.593710 -0.000001 -0.000004 0.431443 0.017138 0.392185
    7 1.999994 -3.000001 0.000004 -1.570800 -0.000007 -1.326410
    8 2.033349 1.000771 -1.937607 -1.633305 1.117634 2.980521
    9 6.028143 0.000002 -0.000004 1.595079 0.040070 -0.563551
    10 11.692545 0.000000 0.000000 0.182418 -0.031184 -1.934805
    11 11.481701 0.000000 0.000000 -1.141199 0.118725 -0.006785
    12 2.676086 -1.712440 0.000000 -1.570795 0.000005 -1.570795
    13 2.033341 1.000767 1.937660 0.859154 -1.303000 -2.741514
    14 6.028140 0.000002 0.000000 -1.527367 -0.451610 -0.595098
    15 11.692553 0.000000 0.000011 -0.711747 0.466856 -1.626303
    16 11.481667 0.000000 -0.000031 1.617377 -0.034172 0.028287
    17 2.676086 -1.712440 0.000004 1.570797 0.000001 1.570797
    18 -3.890452 0.000004 0.000004 -1.126712 0.011859 -1.768538
    19 17.848171 0.000000 0.000004 0.000009 0.000000 0.779772
    20 16.525251 0.000000 0.000004 0.015455 0.053907 -1.550568
    21 6.879454 0.000000 0.000008 -0.081332 -0.002951 -0.584373
    22 3.890452 -0.000004 -0.000004 -2.042934 -0.686596 -1.254552
    23 17.848175 0.000000 -0.000004 0.000010 0.000000 0.792517
    24 16.525246 0.000000 0.000004 -0.025219 -0.042404 -1.135462
    25 6.879452 0.000000 0.000000 -0.007299 -0.002944 -0.584342
    26 3.859703 -0.142403 -1.191975 -0.479143 0.152189 -0.879872
    27 1.312565 0.000001 0.000004 0.000000 0.009664 -0.439719
    28 0.729362 0.000002 0.000004 -0.028979 0.117255 -0.451390
    29 3.942326 0.046774 -0.431438 -0.155011 0.073329 -0.810646
    30 1.539093 0.000001 0.000000 0.041407 0.089645 -0.699060
    31 1.196320 -0.000001 0.000004 -0.000002 0.007360 -0.430801
    32 3.883686 -0.046767 0.431446 0.812670 -0.191549 -1.550266
    33 1.719570 0.000002 0.000004 0.194938 -0.171308 -0.606847
    34 1.209183 -0.000001 -0.000004 0.409190 -0.306122 -0.737506
    35 3.859859 -0.137950 1.332462 0.716033 -0.200230 -1.353927
    36 1.719429 0.000002 0.000000 -0.000001 0.004072 -0.363008
    37 1.099670 0.000001 0.000004 0.133914 -0.229713 -0.543027
    38 0.806049 -0.348922 1.321259 -1.148537 -0.413342 -0.685814
    39 1.789787 0.000000 0.000004 0.143112 0.004764 0.680910
    40 1.207001 0.000000 -0.000004 -0.238537 -0.328319 0.202547
    41 3.859665 -0.132565 1.193108 0.479138 -0.158546 -0.879039
    42 1.312561 0.000000 0.000000 0.000000 -0.011932 -0.439671
    43 0.729366 0.000002 0.000000 0.000002 -0.006134 -0.244270
    44 3.942291 0.050330 0.431042 0.154996 -0.079305 -0.810204
    45 1.539097 0.000003 0.000000 0.000000 -0.005853 -0.247769
    46 1.196320 0.000000 0.000000 0.000001 -0.009662 -0.430760
    47 3.883648 -0.050325 -0.431044 -0.034933 -0.082803 -1.461220
    48 1.719574 -0.000005 0.000000 0.000000 -0.007972 -1.498039
    49 1.209183 -0.000001 0.000000 0.000001 -0.004459 -0.216376
    50 3.859825 -0.148935 -1.331284 -0.082074 -0.080252 -1.260988
    51 1.719425 0.000000 0.000000 0.000000 -0.006612 -1.709117
    52 1.099663 0.000000 0.000000 0.000000 -0.004208 -0.244311
    53 0.806015 -0.359835 -1.318335 0.912685 0.357216 -0.682331
    54 1.789780 0.000001 0.000000 0.012436 -0.169953 0.694155
    55 1.207001 0.000000 0.000004 -0.000002 -0.009618 0.362904
    56 2.338451 -1.535743 -6.391512 1.520238 -0.094383 -2.001948
  time 57
    0 -0.002349 -0.808613 34.355851 1.693190 0.000007 -0.719444
    1 0.000005 3.345128 -2.981903 1.570796 0.123096 1.570796
    2 4.018331 0.000000 0.000000 0.054441 -0.042799 0.034481
    3 3.518564 0.000000 0.000000 -0.095603 -0.001979 0.100465
    4 8.942642 0.000000 0.000000 -0.120247 0.021687 0.192790
    5 3.307269 0.000000 -0.000004 -2.676674 -0.310542 0.304883
    6 3.593710 -0.000001 -0.000004 0.431398 0.017617 0.391129
    7 1.999994 -3.000001 0.000004 -1.570753 -0.000007 -1.326410
    8 2.033349 1.000771 -1.937607 -1.633305 1.117634 2.980521
    9 6.028143 0.000002 -0.000004 1.596917 0.038117 -0.564470
    10 11.692545 0.000000 0.000000 0.182478 -0.030788 -1.936910
    11 11.481701 0.000000 0.000000 -1.141199 0.118725 -0.006785
    12 2.676086 -1.712440 0.000000 -1.570795 0.000005 -1.570795
    13 2.033341 1.000767 1.937660 0.859154 -1.303000 -2.741514
    14 6.028140 0.000002 0.000000 -1.526607 -0.450834 -0.596230
    15 11.692553 0.000000 0.000011 -0.711747 0.466856 -1.626303
    16 11.481667 0.000000 -0.000031 1.617377 -0.034172 0.028287
    17 2.676086 -1.712440 0.000004 1.570797 0.000001 1.570797
    18 -3.890452 0.000004 0.000004 -1.126535 0.012287 -1.767835
    19 17.848171 0.000000 0.000004 0.000009 0.000000 0.777604
    20 16.525251 0.000000 0.000004 0.015578 0.053864 -1.548206
    21 6.879454 0.000000 0.000008 -0.081332 -0.002951 -0.584373
    22 3.890452 -0.000004 -0.000004 -2.042363 -0.685208 -1.255377
    23 17.848175 0.000000 -0.000004 0.000010 0.000000 0.789012
    24 16.525246 0.000000 0.000004 -0.025322 -0.042349 -1.132809
    25 6.879452 0.000000 0.000000 -0.007299 -0.002944 -0.584342
    26 3.859703 -0.142403 -1.191975 -0.479143 0.152189 -0.879872
    27 1.312565 0.000001 0.000004 0.000000 0.009664 -0.439719
    28 0.729362 0.000002 0.000004 -0.028979 0.117255 -0.451390
    29 3.942326 0.046774 -0.431438 -0.155011 0.073329 -0.810646
    30 1.539093 0.000001 0.000000 0.041407 0.089645 -0.699060
    31 1.196320 -0.000001 0.000004 -0.000002 0.007360 -0.430801
    32 3.883686 -0.046767 0.431446 0.812670 -0.191549 -1.550266
    33 1.719570 0.000002 0.000004 0.194938 -0.171308 -0.606847
    34 1.209183 -0.000001 -0.000004 0.409190 -0.306122 -0.737506
    35 3.859859 -0.137950 1.332462 0.716033 -0.200230 -1.353927
    36 1.719429 0.000002 0.000000 -0.000001 0.004072 -0.363008
    37 1.099670 0.000001 0.000004 0.133914 -0.229713 -0.543027
    38 0.806049 -0.348922 1.321259 -1.148537 -0.413342 -0.685814
    39 1.789787 0.000000 0.000004 0.143112 0.004764 0.680910
    40 1.207001 0.000000 -0.000004 -0.238537 -0.328319 0.202547
    41 3.859665 -0.132565 1.193108 0.479138 -0.158546 -0.879039
    42 1.312561 0.000000 0.000000 0.000000 -0.011932 -0.439671
    43 0.729366 0.000002 0.000000 0.000002 -0.006134 -0.244270
    44 3.942291 0.050330 0.431042 0.154996 -0.079305 -0.810204
    45 1.539097 0.000003 0.000000 0.000000 -0.005853 -0.247769
    46 1.196320 0.000000 0.000000 0.000001 -0.009662 -0.430760
    47 3.883648 -0.050325 -0.431044 -0.034933 -0.082803 -1.461175
    48 1.719574 -0.000005 0.000000 0.000000 -0.007972 -1.498039
    49 1.209183 -0.000001 0.000000 0.000001 -0.004459 -0.216376
    50 3.859825 -0.148935 -1.331284 -0.082074 -0.080252 -1.260988
    51 1.719425 0.000000 0.000000 0.000000 -0.006612 -1.709117
    52 1.099663 0.000000 0.000000 0.000000 -0.004208 -0.244311
    53 0.806015 -0.359835 -1.318335 0.912685 0.357216 -0.682331
    54 1.789780 0.000001 0.000000 0.012436 -0.169953 0.694155
    55 1.207001 0.000000 0.000004 -0.000002 -0.009618 0.362904
    56 2.338451 -1.535743 -6.391512 1.520238 -0.094383 -2.001948
  time 58
    0 -0.002349 -0.796894 34.375383 1.693190 0.000007 -0.719444
    1 0.000005 3.345128 -2.981903 1.570796 0.123096 1.570796
    2 4.018331 0.000000 0.000000 0.054441 -0.042799 0.034481
    3 3.518564 0.000000 0.000000 -0.095603 -0.001979 0.100465
    4 8.942642 0.000000 0.000000 -0.120247 0.021687 0.192790
    5 3.307269 0.000000 -0.000004 -2.676674 -0.310542 0.304883
    6 3.593710 -0.000001 -0.000004 0.431398 0.018109 0.390074
    7 1.999994 -3.000001 0.000004 -1.570753 -0.000007 -1.326410
    8 2.033349 1.000771 -1.937607 -1.633305 1.117634 2.980521
    9 6.028143 0.000002 -0.000004 1.598755 0.036147 -0.565424
    10 11.692545 0.000000 0.000000 0.182550 -0.030393 -1.939080
    11 11.481701 0.000000 0.000000 -1.141199 0.118725 -0.006785
    12 2.676086 -1.712440 0.000000 -1.570795 0.000005 -1.570795
    13 2.033341 1.000767 1.937660 0.859154 -1.303000 -2.741514
    14 6.028140 0.000002 0.000000 -1.525847 -0.450092 -0.597362
    15 11.692553 0.000000 0.000011 -0.711747 0.466856 -1.626303
    16 11.481667 0.000000 -0.000031 1.617377 -0.034172 0.028287
    17 2.676086 -1.712440 0.000004 1.570797 0.000001 1.570797
    18 -3.890452 0.000004 0.000004 -1.126299 0.012715 -1.767132
    19 17.848171 0.000000 0.000004 0.000009 0.000000 0.775362
    20 16.525251 0.000000 0.000004 0.015720 0.053834 -1.545742
    21 6.879454 0.000000 0.000008 -0.081332 -0.002951 -0.584373
    22 3.890452 -0.000004 -0.000004 -2.041874 -0.683819 -1.256133
    23 17.848175 0.000000 -0.000004 0.000010 0.000000 0.785506
    24 16.525246 0.000000 0.000004 -0.025439 -0.042277 -1.130216
    25 6.879452 0.000000 0.000000 -0.007311 -0.002944 -0.584342
    26 3.859703 -0.142403 -1.191975 -0.479143 0.152189 -0.879872
    27 1.312565 0.000001 0.000004 0.000000 0.009664 -0.439719
    28 0.729362 0.000002 0.000004 -0.028979 0.117255 -0.451390
    29 3.942326 0.046774 -0.431438 -0.155011 0.073329 -0.810646
    30 1.539093 0.000001 0.000000 0.041407 0.089645 -0.699060
    31 1.196320 -0.000001 0.000004 -0.000002 0.007360 -0.430801
    32 3.883686 -0.046767 0.431446 0.812670 -0.191549 -1.550266
    33 1.719570 0.000002 0.000004 0.194938 -0.171308 -0.606847
    34 1.209183 -0.000001 -0.000004 0.409190 -0.306122 -0.737506
    35 3.859859 -0.137950 1.332462 0.716033 -0.200230 -1.353927
    36 1.719429 0.000002 0.000000 -0.000001 0.004072 -0.363008
    37 1.099670 0.000001 0.000004 0.133914 -0.229713 -0.543027
    38 0.806049 -0.348922 1.321259 -1.148537 -0.413342 -0.685814
    39 1.789787 0.000000 0.000004 0.143112 0.004764 0.680910
    40 1.207001 0.000000 -0.000004 -0.238537 -0.328319 0.202547
    41 3.859665 -0.132565 1.193108 0.479138 -0.158546 -0.879039
    42 1.312561 0.000000 0.000000 0.000000 -0.011932 -0.439671
    43 0.729366 0.000002 0.000000 0.000002 -0.006134 -0.244270
    44 3.942291 0.050330 0.431042 0.154996 -0.079305 -0.810204
    45 1.539097 0.000003 0.000000 0.000000 -0.005853 -0.247769
    46 1.196320 0.000000 0.000000 0.000001 -0.009662 -0.430760
    47 3.883648 -0.050325 -0.431044 -0.034933 -0.082803 -1.461220
    48 1.719574 -0.000005 0.000000 0.000000 -0.007972 -1.498039
    49 1.209183 -0.000001 0.000000 0.000001 -0.004459 -0.216376
    50 3.859825 -0.148935 -1.331284 -0.082074 -0.080252 -1.260988
    51 1.719425 0.000000 0.000000 0.000000 -0.006612 -1.709117
    52 1.099663 0.000000 0.000000 0.000000 -0.004208 -0.244311
    53 0.806015 -0.359835 -1.318335 0.912685 0.357216 -0.682331
    54 1.789780 0.000001 0.000000 0.012436 -0.169953 0.694155
    55 1.207001 0.000000 0.000004 -0.000002 -0.009618 0.362904
    56 2.338451 -1.535743 -6.391512 1.520238 -0.094383 -2.001948
  time 59
    0 -0.002349 -0.785175 34.394915 1.693190 0.000007 -0.719444
    1 0.000005 3.345128 -2.981903 1.570796 0.123096 1.570796
    2 4.018331 0.000000 0.000000 0.054441 -0.042799 0.034481
    3 3.518564 0.000000 0.000000 -0.095603 -0.001979 0.100465
    4 8.942642 0.000000 0.000000 -0.120247 0.021687 0.192790
    5 3.307269 0.000000 -0.000004 -2.676674 -0.310542 0.304883
    6 3.593710 -0.000001 -0.000004 0.431398 0.018600 0.389018
    7 1.999994 -3.000001 0.000004 -1.570753 -0.000007 -1.326410
    8 2.033349 1.000771 -1.937607 -1.633305 1.117634 2.980521
    9 6.028143 0.000002 -0.000004 1.600593 0.034159 -0.566414
    10 11.692545 0.000000 0.000000 0.182610 -0.029997 -1.941185
    11 11.481701 0.000000 0.000000 -1.141199 0.118725 -0.006785
    12 2.676086 -1.712440 0.000000 -1.570795 0.000005 -1.570795
    13 2.033341 1.000767 1.937660 0.859154 -1.303000 -2.741514
    14 6.028140 0.000002 0.000000 -1.525087 -0.449316 -0.598494
    15 11.692553 0.000000 0.000011 -0.711747 0.466856 -1.626303
    16 11.481667 0.000000 -0.000031 1.617377 -0.034172 0.028287
    17 2.676086 -1.712440 0.000004 1.570797 0.000001 1.570797
    18 -3.890452 0.000004 0.000004 -1.126122 0.013143 -1.766428
    19 17.848171 0.000000 0.000004 0.000009 0.000000 0.773194
    20 16.525251 0.000000 0.000004 0.015844 0.053790 -1.543329
    21 6.879454 0.000000 0.000008 -0.081332 -0.002951 -0.584373
    22 3.890452 -0.000004 -0.000004 -2.041302 -0.682431 -1.256889
    23 17.848175 0.000000 -0.000004 0.000010 0.000000 0.781937
    24 16.525246 0.000000 0.000004 -0.025556 -0.042205 -1.127503
    25 6.879452 0.000000 0.000000 -0.007311 -0.002944 -0.584342
    26 3.859703 -0.142403 -1.191975 -0.479143 0.152189 -0.879872
    27 1.312565 0.000001 0.000004 0.000000 0.009664 -0.439719
    28 0.729362 0.000002 0.000004 -0.028979 0.117255 -0.451390
    29 3.942326 0.046774 -0.431438 -0.155011 0.073329 -0.810646
    30 1.539093 0.000001 0.000000 0.041407 0.089645 -0.699060
    31 1.196320 -0.000001 0.000004 -0.000002 0.007360 -0.430801
    32 3.883686 -0.046767 0.431446 0.812670 -0.191549 -1.550266
    33 1.719570 0.000002 0.000004 0.194938 -0.171308 -0.606847
    34 1.209183 -0.000001 -0.000004 0.409190 -0.306122 -0.737506
    35 3.859859 -0.137950 1.332462 0.716033 -0.200230 -1.353927
    36 1.719429 0.000002 0.000000 -0.000001 0.004072 -0.363008
    37 1.099670 0.000001 0.000004 0.133914 -0.229713 -0.543027
    38 0.806049 -0.348922 1.321259 -1.148537 -0.413342 -0.685814
    39 1.789787 0.000000 0.000004 0.143112 0.004764 0.680910
    40 1.207001 0.000000 -0.000004 -0.238537 -0.328319 0.202547
    41 3.859665 -0.132565 1.193108 0.479138 -0.158546 -0.879039
    42 1.312561 0.000000 0.000000 0.000000 -0.011932 -0.439671
    43 0.729366 0.000002 0.000000 0.000002 -0.006134 -0.244270
    44 3.942291 0.050330 0.431042 0.154996 -0.079305 -0.810204
    45 1.539097 0.000003 0.000000 0.000000 -0.005853 -0.247769
    46 1.196320 0.000000 0.000000 0.000001 -0.009662 -0.430760
    47 3.883648 -0.050325 -0.431044 -0.034933 -0.082803 -1.461175
    48 1.719574 -0.000005 0.000000 0.000000 -0.007972 -1.498039
    49 1.209183 -0.000001 0.000000 0.000001 -0.004459 -0.216376
    50 3.859825 -0.148935 -1.331284 -0.082074 -0.080252 -1.260988
    51 1.719425 0.000000 0.000000 0.000000 -0.006612 -1.709117
    52 1.099663 0.000000 0.000000 0.000000 -0.004208 -0.244311
    53 0.806015 -0.359835 -1.318335 0.912685 0.357216 -0.682331
    54 1.789780 0.000001 0.000000 0.012436 -0.169953 0.694155
    55 1.207001 0.000000 0.000004 -0.000002 -0.009618 0.362904
    56 2.338451 -1.535743 -6.391512 1.520238 -0.094383 -2.001948
  time 60
    0 -0.002349 -0.773456 34.418353 1.693190 0.000007 -0.719444
    1 0.000005 3.345128 -2.981903 1.570796 0.123096 1.570796
    2 4.018331 0.000000 0.000000 0.054441 -0.042799 0.034481
    3 3.518564 0.000000 0.000000 -0.095603 -0.001979 0.100465
    4 8.942642 0.000000 0.000000 -0.120247 0.021687 0.192790
    5 3.307269 0.000000 -0.000004 -2.676674 -0.310542 0.304883
    6 3.593710 -0.000001 -0.000004 0.431352 0.019091 0.387927
    7 1.999994 -3.000001 0.000004 -1.570800 -0.000007 -1.326410
    8 2.033349 1.000771 -1.937607 -1.633305 1.117634 2.980521
    9 6.028143 0.000002 -0.000004 1.602431 0.032171 -0.567368
    10 11.692545 0.000000 0.000000 0.182670 -0.029602 -1.943355
    11 11.481701 0.000000 0.000000 -1.141199 0.118725 -0.006785
    12 2.676086 -1.712440 0.000000 -1.570795 0.000005 -1.570795
    13 2.033341 1.000767 1.937660 0.859154 -1.303000 -2.741514
    14 6.028140 0.000002 0.000000 -1.524327 -0.448541 -0.599626
    15 11.692553 0.000000 0.000011 -0.711747 0.466856 -1.626303
    16 11.481667 0.000000 -0.000031 1.617377 -0.034172 0.028287
    17 2.676086 -1.712440 0.000004 1.570797 0.000001 1.570797
    18 -3.890452 0.000004 0.000004 -1.125886 0.013570 -1.765725
    19 17.848171 0.000000 0.000004 0.000009 0.000000 0.770877
    20 16.525251 0.000000 0.000004 0.015985 0.053747 -1.540866
    21 6.879454 0.000000 0.000008 -0.081332 -0.002951 -0.584373
    22 3.890452 -0.000004 -0.000004 -2.040813 -0.681042 -1.257646
    23 17.848175 0.000000 -0.000004 0.000010 0.000000 0.778431
    24 16.525246 0.000000 0.000004 -0.025658 -0.042132 -1.124850
    25 6.879452 0.000000 0.000000 -0.007299 -0.002944 -0.584342
    26 3.859703 -0.142403 -1.191975 -0.479143 0.152189 -0.879872
    27 1.312565 0.000001 0.000004 0.000000 0.009664 -0.439719
    28 0.729362 0.000002 0.000004 -0.028979 0.117255 -0.451390
    29 3.942326 0.046774 -0.431438 -0.155011 0.073329 -0.810646
    30 1.539093 0.000001 0.000000 0.041407 0.089645 -0.699060
    31 1.196320 -0.000001 0.000004 -0.000002 0.007360 -0.430801
    32 3.883686 -0.046767 0.431446 0.812670 -0.191549 -1.550266
    33 1.719570 0.000002 0.000004 0.194938 -0.171308 -0.606847
    34 1.209183 -0.000001 -0.000004 0.409190 -0.306122 -0.737506
    35 3.859859 -0.137950 1.332462 0.716033 -0.200230 -1.353927
    36 1.719429 0.000002 0.000000 -0.000001 0.004072 -0.363008
    37 1.099670 0.000001 0.000004 0.133914 -0.229713 -0.543027
    38 0.806049 -0.348922 1.321259 -1.148537 -0.413342 -0.685814
    39 1.789787 0.000000 0.000004 0.143112 0.004764 0.680910
    40 1.207001 0.000000 -0.000004 -0.238537 -0.328319 0.202547
    41 3.859665 -0.132565 1.193108 0.479138 -0.158546 -0.879039
    42 1.312561 0.000000 0.000000 0.000000 -0.011932 -0.439671
    43 0.729366 0.000002 0.000000 0.000002 -0.006134 -0.244270
    44 3.942291 0.050330 0.431042 0.154996 -0.079305 -0.810204
    45 1.539097 0.000003 0.000000 0.000000 -0.005853 -0.247769
    46 1.196320 0.000000 0.000000 0.000001 -0.009662 -0.430760
    47 3.883648 -0.050325 -0.431044 -0.034933 -0.082803 -1.461175
    48 1.719574 -0.000005 0.000000 0.000000 -0.007972 -1.498039
    49 1.209183 -0.000001 0.000000 0.000001 -0.004459 -0.216376
    50 3.859825 -0.148935 -1.331284 -0.082074 -0.080252 -1.260988
    51 1.719425 0.000000 0.000000 0.000000 -0.006612 -1.709117
    52 1.099663 0.000000 0.000000 0.000000 -0.004208 -0.244311
    53 0.806015 -0.359835 -1.318335 0.912685 0.357216 -0.682331
    54 1.789780 0.000001 0.000000 0.012436 -0.169953 0.694155
    55 1.207001 0.000000 0.000004 -0.000002 -0.009618 0.362904
    56 2.338451 -1.535743 -6.391512 1.520238 -0.094383 -2.001948
  time 61
    0 -0.002349 -0.761737 34.437885 1.693190 0.000007 -0.719444
    1 0.000005 3.345128 -2.981903 1.570796 0.123096 1.570796
    2 4.018331 0.000000 0.000000 0.054441 -0.042799 0.034481
    3 3.518564 0.000000 0.000000 -0.095603 -0.001979 0.100465
    4 8.942642 0.000000 0.000000 -0.120247 0.021687 0.192790
    5 3.307269 0.000000 -0.000004 -2.676674 -0.310542 0.304883
    6 3.593710 -0.000001 -0.000004 0.431352 0.019583 0.386872
    7 1.999994 -3.000001 0.000004 -1.570753 -0.000007 -1.326410
    8 2.033349 1.000771 -1.937607 -1.633305 1.117634 2.980521
    9 6.028143 0.000002 -0.000004 1.604269 0.030166 -0.568322
    10 11.692545 0.000000 0.000000 0.182730 -0.029194 -1.945526
    11 11.481701 0.000000 0.000000 -1.141199 0.118725 -0.006785
    12 2.676086 -1.712440 0.000000 -1.570795 0.000005 -1.570795
    13 2.033341 1.000767 1.937660 0.859154 -1.303000 -2.741514
    14 6.028140 0.000002 0.000000 -1.523567 -0.447765 -0.600757
    15 11.692553 0.000000 0.000011 -0.711747 0.466856 -1.626303
    16 11.481667 0.000000 -0.000031 1.617377 -0.034172 0.028287
    17 2.676086 -1.712440 0.000004 1.570797 0.000001 1.570797
    18 -3.890452 0.000004 0.000004 -1.125709 0.014027 -1.765022
    19 17.848171 0.000000 0.000004 0.000009 0.000000 0.768634
    20 16.525251 0.000000 0.000004 0.016109 0.053717 -1.538453
    21 6.879454 0.000000 0.000008 -0.081332 -0.002951 -0.584373
    22 3.890452 -0.000004 -0.000004 -2.039834 -0.679696 -1.258608
    23 17.848175 0.000000 -0.000004 0.000010 0.000000 0.774863
    24 16.525246 0.000000 0.000004 -0.025775 -0.042078 -1.122198
    25 6.879452 0.000000 0.000000 -0.007299 -0.002944 -0.584342
    26 3.859703 -0.142403 -1.191975 -0.479143 0.152189 -0.879872
    27 1.312565 0.000001 0.000004 0.000000 0.009664 -0.439719
    28 0.729362 0.000002 0.000004 -0.028979 0.117255 -0.451390
    29 3.942326 0.046774 -0.431438 -0.155011 0.073329 -0.810646
    30 1.539093 0.000001 0.000000 0.041407 0.089645 -0.699060
    31 1.196320 -0.000001 0.000004 -0.000002 0.007360 -0.430801
    32 3.883686 -0.046767 0.431446 0.812670 -0.191549 -1.550266
    33 1.719570 0.000002 0.000004 0.194938 -0.171308 -0.606847
    34 1.209183 -0.000001 -0.000004 0.409190 -0.306122 -0.737506
    35 3.859859 -0.137950 1.332462 0.716033 -0.200230 -1.353927
    36 1.719429 0.000002 0.000000 -0.000001 0.004072 -0.363008
    37 1.099670 0.000001 0.000004 0.133914 -0.229713 -0.543027
    38 0.806049 -0.348922 1.321259 -1.148537 -0.413342 -0.685814
    39 1.789787 0.000000 0.000004 0.143112 0.004764 0.680910
    40 1.207001 0.000000 -0.000004 -0.238537 -0.328319 0.202547
    41 3.859665 -0.132565 1.193108 0.479138 -0.158546 -0.879039
    42 1.312561 0.000000 0.000000 0.000000 -0.011932 -0.439671
    43 0.729366 0.000002 0.000000 0.000002 -0.006134 -0.244270
    44 3.942291 0.050330 0.431042 0.154996 -0.079305 -0.810204
    45 1.539097 0.000003 0.000000 0.000000 -0.005853 -0.247769
    46 1.196320 0.000000 0.000000 0.000001 -0.009662 -0.430760
    47 3.883648 -0.050325 -0.431044 -0.034933 -0.082803 -1.461175
    48 1.719574 -0.000005 0.000000 0.000000 -0.007972 -1.498039
    49 1.209183 -0.000001 0.000000 0.000001 -0.004459 -0.216376
    50 3.859825 -0.148935 -1.331284 -0.082074 -0.080252 -1.260988
    51 1.719425 0.000000 0.000000 0.000000 -0.006612 -1.709117
    52 1.099663 0.000000 0.000000 0.000000 -0.004208 -0.244311
    53 0.806015 -0.359835 -1.318335 0.912685 0.357216 -0.682331
    54 1.789780 0.000001 0.000000 0.012436 -0.169953 0.694155
    55 1.207001 0.000000 0.000004 -0.000002 -0.009618 0.362904
    56 2.338451 -1.535743 -6.391512 1.520238 -0.094383 -2.001948
  time 62
    0 -0.002349 -0.750018 34.461323 1.693190 0.000007 -0.719444
    1 0.000005 3.345128 -2.981903 1.570796 0.123096 1.570796
    2 4.018331 0.000000 0.000000 0.054441 -0.042799 0.034481
    3 3.518564 0.000000 0.000000 -0.095603 -0.001979 0.100465
    4 8.942642 0.000000 0.000000 -0.120247 0.021687 0.192790
    5 3.307269 0.000000 -0.000004 -2.676674 -0.310542 0.304883
    6 3.593710 -0.000001 -0.000004 0.431306 0.020062 0.385816
    7 1.999994 -3.000001 0.000004 -1.570800 -0.000007 -1.326410
    8 2.033349 1.000771 -1.937607 -1.633305 1.117634 2.980521
    9 6.028143 0.000002 -0.000004 1.606107 0.028196 -0.569276
    10 11.692545 0.000000 0.000000 0.182802 -0.028799 -1.947696
    11 11.481701 0.000000 0.000000 -1.141199 0.118725 -0.006785
    12 2.676086 -1.712440 0.000000 -1.570795 0.000005 -1.570795
    13 2.033341 1.000767 1.937660 0.859154 -1.303000 -2.741514
    14 6.028140 0.000002 0.000000 -1.522807 -0.446989 -0.601889
    15 11.692553 0.000000 0.000011 -0.711747 0.466856 -1.626303
    16 11.481667 0.000000 -0.000031 1.617377 -0.034172 0.028287
    17 2.676086 -1.712440 0.000004 1.570797 0.000001 1.570797
    18 -3.890452 0.000004 0.000004 -1.125178 0.014512 -1.764447
    19 17.848171 0.000000 0.000004 0.000009 0.000000 0.766392
    20 16.525251 0.000000 0.000004 0.016233 0.053673 -1.536040
    21 6.879454 0.000000 0.000008 -0.081332 -0.002951 -0.584373
    22 3.890452 -0.000004 -0.000004 -2.039752 -0.678223 -1.259227
    23 17.848175 0.000000 -0.000004 0.000010 0.000000 0.771294
    24 16.525246 0.000000 0.000004 -0.025893 -0.042006 -1.119545
    25 6.879452 0.000000 0.000000 -0.007299 -0.002944 -0.584342
    26 3.859703 -0.142403 -1.191975 -0.479143 0.152189 -0.879872
    27 1.312565 0.000001 0.000004 0.000000 0.009664 -0.439719
    28 0.729362 0.000002 0.000004 -0.028979 0.117255 -0.451390
    29 3.942326 0.046774 -0.431438 -0.155011 0.073329 -0.810646
    30 1.539093 0.000001 0.000000 0.041407 0.089645 -0.699060
    31 1.196320 -0.000001 0.000004 -0.000002 0.007360 -0.430801
    32 3.883686 -0.046767 0.431446 0.812670 -0.191549 -1.550266
    33 1.719570 0.000002 0.000004 0.194938 -0.171308 -0.606847
    34 1.209183 -0.000001 -0.000004 0.409190 -0.306122 -0.737506
    35 3.859859 -0.137950 1.332462 0.716033 -0.200230 -1.353927
    36 1.719429 0.000002 0.000000 -0.000001 0.004072 -0.363008
    37 1.099670 0.000001 0.000004 0.133914 -0.229713 -0.543027
    38 0.806049 -0.348922 1.321259 -1.148537 -0.413342 -0.685814
    39 1.789787 0.000000 0.000004 0.143112 0.004764 0.680910
    40 1.207001 0.000000 -0.000004 -0.238537 -0.328319 0.202547
    41 3.859665 -0.132565 1.193108 0.479138 -0.158546 -0.879039
    42 1.312561 0.000000 0.000000 0.000000 -0.011932 -0.439671
    43 0.729366 0.000002 0.000000 0.000002 -0.006134 -0.244270
    44 3.942291 0.050330 0.431042 0.154996 -0.079305 -0.810204
    45 1.539097 0.000003 0.000000 0.000000 -0.005853 -0.247769
    46 1.196320 0.000000 0.000000 0.000001 -0.009662 -0.430760
    47 3.883648 -0.050325 -0.431044 -0.034933 -0.082803 -1.461175
    48 1.719574 -0.000005 0.000000 0.000000 -0.007972 -1.498039
    49 1.209183 -0.000001 0.000000 0.000001 -0.004459 -0.216376
    50 3.859825 -0.148935 -1.331284 -0.082074 -0.080252 -1.260988
    51 1.719425 0.000000 0.000000 0.000000 -0.006612 -1.709117
    52 1.099663 0.000000 0.000000 0.000000 -0.004208 -0.244311
    53 0.806015 -0.359835 -1.318335 0.912685 0.357216 -0.682331
    54 1.789780 0.000001 0.000000 0.012436 -0.169953 0.694155
    55 1.207001 0.000000 0.000004 -0.000002 -0.009618 0.362904
    56 2.338451 -1.535743 -6.391512 1.520238 -0.094383 -2.001948
  time 63
    0 -0.002349 -0.738299 34.480855 1.693190 0.000007 -0.719444
    1 0.000005 3.345128 -2.981903 1.570796 0.123096 1.570796
    2 4.018331 0.000000 0.000000 0.054441 -0.042799 0.034481
    3 3.518564 0.000000 0.000000 -0.095603 -0.001979 0.100465
    4 8.942642 0.000000 0.000000 -0.120247 0.021687 0.192790
    5 3.307269 0.000000 -0.000004 -2.676674 -0.310542 0.304883
    6 3.593710 -0.000001 -0.000004 0.431306 0.020554 0.384760
    7 1.999994 -3.000001 0.000004 -1.570753 -0.000007 -1.326410
    8 2.033349 1.000771 -1.937607 -1.633305 1.117634 2.980521
    9 6.028143 0.000002 -0.000004 1.607945 0.026208 -0.570266
    10 11.692545 0.000000 0.000000 0.182862 -0.028391 -1.949867
    11 11.481701 0.000000 0.000000 -1.141199 0.118725 -0.006785
    12 2.676086 -1.712440 0.000000 -1.570795 0.000005 -1.570795
    13 2.033341 1.000767 1.937660 0.859154 -1.303000 -2.741514
    14 6.028140 0.000002 0.000000 -1.522047 -0.446247 -0.603021
    15 11.692553 0.000000 0.000011 -0.711747 0.466856 -1.626303
    16 11.481667 0.000000 -0.000031 1.617377 -0.034172 0.028287
    17 2.676086 -1.712440 0.000004 1.570797 0.000001 1.570797
    18 -3.890452 0.000004 0.000004 -1.125355 0.014911 -1.763616
    19 17.848171 0.000000 0.000004 0.000009 0.000000 0.764150
    20 16.525251 0.000000 0.000004 0.016374 0.053630 -1.533577
    21 6.879454 0.000000 0.000008 -0.081332 -0.002951 -0.584373
    22 3.890452 -0.000004 -0.000004 -2.039181 -0.676750 -1.260052
    23 17.848175 0.000000 -0.000004 0.000010 0.000000 0.767475
    24 16.525246 0.000000 0.000004 -0.025995 -0.041934 -1.116892
    25 6.879452 0.000000 0.000000 -0.007311 -0.002944 -0.584342
    26 3.859703 -0.142403 -1.191975 -0.479143 0.152189 -0.879872
    27 1.312565 0.000001 0.000004 0.000000 0.009664 -0.439719
    28 0.729362 0.000002 0.000004 -0.028979 0.117255 -0.451390
    29 3.942326 0.046774 -0.431438 -0.155011 0.073329 -0.810646
    30 1.539093 0.000001 0.000000 0.041407 0.089645 -0.699060
    31 1.196320 -0.000001 0.000004 -0.000002 0.007360 -0.430801
    32 3.883686 -0.046767 0.431446 0.812670 -0.191549 -1.550266
    33 1.719570 0.000002 0.000004 0.194938 -0.171308 -0.606847
    34 1.209183 -0.000001 -0.000004 0.409190 -0.306122 -0.737506
    35 3.859859 -0.137950 1.332462 0.716033 -0.200230 -1.353927
    36 1.719429 0.000002 0.000000 -0.000001 0.004072 -0.363008
    37 1.099670 0.000001 0.000004 0.133914 -0.229713 -0.543027
    38 0.806049 -0.348922 1.321259 -1.148537 -0.413342 -0.685814
    39 1.789787 0.000000 0.000004 0.143112 0.004764 0.680910
    40 1.207001 0.000000 -0.000004 -0.238537 -0.328319 0.202547
    41 3.859665 -0.132565 1.193108 0.479138 -0.158546 -0.879039
    42 1.312561 0.000000 0.000000 0.000000 -0.011932 -0.439671
    43 0.729366 0.000002 0.000000 0.000002 -0.006134 -0.244270
    44 3.942291 0.050330 0.431042 0.154996 -0.079305 -0.810204
    45 1.539097 0.000003 0.000000 0.000000 -0.005853 -0.247769
    46 1.196320 0.000000 0.000000 0.000001 -0.009662 -0.430760
    47 3.883648 -0.050325 -0.431044 -0.034933 -0.082803 -1.461175
    48 1.719574 -0.000005 0.000000 0.000000 -0.007972 -1.498039
    49 1.209183 -0.000001 0.000000 0.000001 -0.004459 -0.216376
    50 3.859825 -0.148935 -1.331284 -0.082074 -0.080252 -1.260988
    51 1.719425 0.000000 0.000000 0.000000 -0.006612 -1.709117
    52 1.099663 0.000000 0.000000 0.000000 -0.004208 -0.244311
    53 0.806015 -0.359835 -1.318335 0.912685 0.357216 -0.682331
    54 1.789780 0.000001 0.000000 0.012436 -0.169953 0.694155
    55 1.207001 0.000000 0.000004 -0.000002 -0.009618 0.362904
    56 2.338451 -1.535743 -6.391512 1.520238 -0.094383 -2.001948
  time 64
    0 -0.002349 -0.726580 34.500387 1.693190 0.000007 -0.719444
    1 0.000005 3.345128 -2.981903 1.570796 0.123096 1.570796
    2 4.018331 0.000000 0.000000 0.054441 -0.042799 0.034481
    3 3.518564 0.000000 0.000000 -0.095603 -0.001979 0.100465
    4 8.942642 0.000000 0.000000 -0.120247 0.021687 0.192790
    5 3.307269 0.000000 -0.000004 -2.676674 -0.310542 0.304883
    6 3.593710 -0.000001 -0.000004 0.431260 0.021045 0.383705
    7 1.999994 -3.000001 0.000004 -1.570800 -0.000007 -1.326410
    8 2.033349 1.000771 -1.937607 -1.633305 1.117634 2.980521
    9 6.028143 0.000002 -0.000004 1.609691 0.024238 -0.571220
    10 11.692545 0.000000 0.000000 0.182922 -0.027996 -1.952037
    11 11.481701 0.000000 0.000000 -1.141199 0.118725 -0.006785
    12 2.676086 -1.712440 0.000000 -1.570795 0.000005 -1.570795
    13 2.033341 1.000767 1.937660 0.859154 -1.303000 -2.741514
    14 6.028140 0.000002 0.000000 -1.521287 -0.445471 -0.604153
    15 11.692553 0.000000 0.000011 -0.711747 0.466856 -1.626303
    16 11.481667 0.000000 -0.000031 1.617377 -0.034172 0.028287
    17 2.676086 -1.712440 0.000004 1.570797 0.000001 1.570797
    18 -3.890452 0.000004 0.000004 -1.125119 0.015367 -1.762848
    19 17.848171 0.000000 0.000004 0.000009 0.000000 0.761907
    20 16.525251 0.000000 0.000004 0.016498 0.053600 -1.531164
    21 6.879454 0.000000 0.000008 -0.081332 -0.002951 -0.584373
    22 3.890452 -0.000004 -0.000004 -2.038610 -0.675320 -1.260876
    23 17.848175 0.000000 -0.000004 0.000010 0.000000 0.763907
    24 16.525246 0.000000 0.000004 -0.026112 -0.041861 -1.114299
    25 6.879452 0.000000 0.000000 -0.007299 -0.002944 -0.584342
    26 3.859703 -0.142403 -1.191975 -0.479143 0.152189 -0.879872
    27 1.312565 0.000001 0.000004 0.000000 0.009664 -0.439719
    28 0.729362 0.000002 0.000004 -0.028979 0.117255 -0.451390
    29 3.942326 0.046774 -0.431438 -0.155011 0.073329 -0.810646
    30 1.539093 0.000001 0.000000 0.041407 0.089645 -0.699060
    31 1.196320 -0.000001 0.000004 -0.000002 0.007360 -0.430801
    32 3.883686 -0.046767 0.431446 0.812670 -0.191549 -1.550266
    33 1.719570 0.000002 0.000004 0.194938 -0.171308 -0.606847
    34 1.209183 -0.000001 -0.000004 0.409190 -0.306122 -0.737506
    35 3.859859 -0.137950 1.332462 0.716033 -0.200230 -1.353927
    36 1.719429 0.000002 0.000000 -0.000001 0.004072 -0.363008
    37 1.099670 0.000001 0.000004 0.133914 -0.229713 -0.543027
    38 0.806049 -0.348922 1.321259 -1.148537 -0.413342 -0.685814
    39 1.789787 0.000000 0.000004 0.143112 0.004764 0.680910
    40 1.207001 0.000000 -0.000004 -0.238537 -0.328319 0.202547
    41 3.859665 -0.132565 1.193108 0.479138 -0.158546 -0.879039
    42 1.312561 0.000000 0.000000 0.000000 -0.011932 -0.439671
    43 0.729366 0.000002 0.000000 0.000002 -0.006134 -0.244270
    44 3.942291 0.050330 0.431042 0.154996 -0.079305 -0.810204
    45 1.539097 0.000003 0.000000 0.000000 -0.005853 -0.247769
    46 1.196320 0.000000 0.000000 0.000001 -0.009662 -0.430760
    47 3.883648 -0.050325 -0.431044 -0.034933 -0.082803 -1.461220
    48 1.719574 -0.000005 0.000000 0.000000 -0.007972 -1.498039
    49 1.209183 -0.000001 0.000000 0.000001 -0.004459 -0.216376
    50 3.859825 -0.148935 -1.331284 -0.082074 -0.080252 -1.260988
    51 1.719425 0.000000 0.000000 0.000000 -0.006612 -1.709117
    52 1.099663 0.000000 0.000000 0.000000 -0.004208 -0.244311
    53 0.806015 -0.359835 -1.318335 0.912685 0.357216 -0.682331
    54 1.789780 0.000001 0.000000 0.012436 -0.169953 0.694155
    55 1.207001 0.000000 0.000004 -0.000002 -0.009618 0.362904
    56 2.338451 -1.535743 -6.391512 1.520238 -0.094383 -2.001948
  time 65
    0 -0.002349 -0.714861 34.523825 1.693190 0.000007 -0.719444
    1 0.000005 3.345128 -2.981903 1.570796 0.123096 1.570796
    2 4.018331 0.000000 0.000000 0.054441 -0.042799 0.034481
    3 3.518564 0.000000 0.000000 -0.095603 -0.001979 0.100465
    4 8.942642 0.000000 0.000000 -0.120247 0.021687 0.192790
    5 3.307269 0.000000 -0.000004 -2.676674 -0.310542 0.304883
    6 3.593710 -0.000001 -0.000004 0.431260 0.021524 0.382649
    7 1.999994 -3.000001 0.000004 -1.570800 -0.000007 -1.326410
    8 2.033349 1.000771 -1.937607 -1.633305 1.117634 2.980521
    9 6.028143 0.000002 -0.000004 1.611529 0.022267 -0.572139
    10 11.692545 0.000000 0.000000 0.182994 -0.027601 -1.954142
    11 11.481701 0.000000 0.000000 -1.141199 0.118725 -0.006785
    12 2.676086 -1.712440 0.000000 -1.570795 0.000005 -1.570795
    13 2.033341 1.000767 1.937660 0.859154 -1.303000 -2.741514
    14 6.028140 0.000002 0.000000 -1.520527 -0.444729 -0.605284
    15 11.692553 0.000000 0.000011 -0.711747 0.466856 -1.626303
    16 11.481667 0.000000 -0.000031 1.617377 -0.034172 0.028287
    17 2.676086 -1.712440 0.000004 1.570797 0.000001 1.570797
    18 -3.890452 0.000004 0.000004 -1.124942 0.015824 -1.762145
    19 17.848171 0.000000 0.000004 0.000009 0.000000 0.759665
    20 16.525251 0.000000 0.000004 0.016621 0.053556 -1.528801
    21 6.879454 0.000000 0.000008 -0.081332 -0.002951 -0.584373
    22 3.890452 -0.000004 -0.000004 -2.038121 -0.673889 -1.261633
    23 17.848175 0.000000 -0.000004 0.000010 0.000000 0.760276
    24 16.525246 0.000000 0.000004 -0.026215 -0.041807 -1.111707
    25 6.879452 0.000000 0.000000 -0.007299 -0.002944 -0.584342
    26 3.859703 -0.142403 -1.191975 -0.479143 0.152189 -0.879872
    27 1.312565 0.000001 0.000004 0.000000 0.009664 -0.439719
    28 0.729362 0.000002 0.000004 -0.028979 0.117255 -0.451390
    29 3.942326 0.046774 -0.431438 -0.155011 0.073329 -0.810646
    30 1.539093 0.000001 0.000000 0.041407 0.089645 -0.699060
    31 1.196320 -0.000001 0.000004 -0.000002 0.007360 -0.430801
    32 3.883686 -0.046767 0.431446 0.812670 -0.191549 -1.550266
    33 1.719570 0.000002 0.000004 0.194938 -0.171308 -0.606847
    34 1.209183 -0.000001 -0.000004 0.409190 -0.306122 -0.737506
    35 3.859859 -0.137950 1.332462 0.716033 -0.200230 -1.353927
    36 1.719429 0.000002 0.000000 -0.000001 0.004072 -0.363008
    37 1.099670 0.000001 0.000004 0.133914 -0.229713 -0.543027
    38 0.806049 -0.348922 1.321259 -1.148537 -0.413342 -0.685814
    39 1.789787 0.000000 0.000004 0.143112 0.004764 0.680910
    40 1.207001 0.000000 -0.000004 -0.238537 -0.328319 0.202547
    41 3.859665 -0.132565 1.193108 0.479138 -0.158546 -0.879039
    42 1.312561 0.000000 0.000000 0.000000 -0.011932 -0.439671
    43 0.729366 0.000002 0.000000 0.000002 -0.006134 -0.244270
    44 3.942291 0.050330 0.431042 0.154996 -0.079305 -0.810204
    45 1.539097 0.000003 0.000000 0.000000 -0.005853 -0.247769
    46 1.196320 0.000000 0.000000 0.000001 -0.009662 -0.430760
    47 3.883648 -0.050325 -0.431044 -0.034933 -0.082803 -1.461175
    48 1.719574 -0.000005 0.000000 0.000000 -0.007972 -1.498039
    49 1.209183 -0.000001 0.000000 0.000001 -0.004459 -0.216376
    50 3.859825 -0.148935 -1.331284 -0.082074 -0.080252 -1.260988
    51 1.719425 0.000000 0.000000 0.000000 -0.006612 -1.709117
    52 1.099663 0.000000 0.000000 0.000000 -0.004208 -0.244311
    53 0.806015 -0.359835 -1.318335 0.912685 0.357216 -0.682331
    54 1.789780 0.000001 0.000000 0.012436 -0.169953 0.694155
    55 1.207001 0.000000 0.000004 -0.000002 -0.009618 0.362904
    56 2.338451 -1.535743 -6.391512 1.520238 -0.094383 -2.001948
  time 66
    0 -0.002349 -0.703141 34.543357 1.693190 0.000007 -0.719444
    1 0.000005 3.345128 -2.981903 1.570796 0.123096 1.570796
    2 4.018331 0.000000 0.000000 0.054441 -0.042799 0.034481
    3 3.518564 0.000000 0.000000 -0.095603 -0.001979 0.100465
    4 8.942642 0.000000 0.000000 -0.120247 0.021687 0.192790
    5 3.307269 0.000000 -0.000004 -2.676674 -0.310542 0.304883
    6 3.593710 -0.000001 -0.000004 0.431214 0.022004 0.381593
    7 1.999994 -3.000001 0.000004 -1.570800 -0.000007 -1.326410
    8 2.033349 1.000771 -1.937607 -1.633305 1.117634 2.980521
    9 6.028143 0.000002 -0.000004 1.613275 0.020332 -0.573093
    10 11.692545 0.000000 0.000000 0.183054 -0.027217 -1.956247
    11 11.481701 0.000000 0.000000 -1.141199 0.118725 -0.006785
    12 2.676086 -1.712440 0.000000 -1.570795 0.000005 -1.570795
    13 2.033341 1.000767 1.937660 0.859154 -1.303000 -2.741514
    14 6.028140 0.000002 0.000000 -1.519825 -0.443987 -0.606377
    15 11.692553 0.000000 0.000011 -0.711747 0.466856 -1.626303
    16 11.481667 0.000000 -0.000031 1.617377 -0.034172 0.028287
    17 2.676086 -1.712440 0.000004 1.570797 0.000001 1.570797
    18 -3.890452 0.000004 0.000004 -1.124765 0.016252 -1.761442
    19 17.848171 0.000000 0.000004 0.000009 0.000000 0.757422
    20 16.525251 0.000000 0.000004 0.016763 0.053527 -1.526438
    21 6.879454 0.000000 0.000008 -0.081332 -0.002951 -0.584373
    22 3.890452 -0.000004 -0.000004 -2.037550 -0.672458 -1.262389
    23 17.848175 0.000000 -0.000004 0.000010 0.000000 0.756707
    24 16.525246 0.000000 0.000004 -0.026332 -0.041735 -1.109114
    25 6.879452 0.000000 0.000000 -0.007311 -0.002944 -0.584342
    26 3.859703 -0.142403 -1.191975 -0.479143 0.152189 -0.879872
    27 1.312565 0.000001 0.000004 0.000000 0.009664 -0.439719
    28 0.729362 0.000002 0.000004 -0.028979 0.117255 -0.451390
    29 3.942326 0.046774 -0.431438 -0.155011 0.073329 -0.810646
    30 1.539093 0.000001 0.000000 0.041407 0.089645 -0.699060
    31 1.196320 -0.000001 0.000004 -0.000002 0.007360 -0.430801
    32 3.883686 -0.046767 0.431446 0.812670 -0.191549 -1.550266
    33 1.719570 0.000002 0.000004 0.194938 -0.171308 -0.606847
    34 1.209183 -0.000001 -0.000004 0.409190 -0.306122 -0.737506
    35 3.859859 -0.137950 1.332462 0.716033 -0.200230 -1.353927
    36 1.719429 0.000002 0.000000 -0.000001 0.004072 -0.363008
    37 1.099670 0.000001 0.000004 0.133914 -0.229713 -0.543027
    38 0.806049 -0.348922 1.321259 -1.148537 -0.413342 -0.685814
    39 1.789787 0.000000 0.000004 0.143112 0.004764 0.680910
    40 1.207001 0.000000 -0.000004 -0.238537 -0.328319 0.202547
    41 3.859665 -0.132565 1.193108 0.479138 -0.158546 -0.879039
    42 1.312561 0.000000 0.000000 0.000000 -0.011932 -0.439671
    43 0.729366 0.000002 0.000000 0.000002 -0.006134 -0.244270
    44 3.942291 0.050330 0.431042 0.154996 -0.079305 -0.810204
    45 1.539097 0.000003 0.000000 0.000000 -0.005853 -0.247769
    46 1.196320 0.000000 0.000000 0.000001 -0.009662 -0.430760
    47 3.883648 -0.050325 -0.431044 -0.034933 -0.082803 -1.461175
    48 1.719574 -0.000005 0.000000 0.000000 -0.007972 -1.498039
    49 1.209183 -0.000001 0.000000 0.000001 -0.004459 -0.216376
    50 3.859825 -0.148935 -1.331284 -0.082074 -0.080252 -1.260988
    51 1.719425 0.000000 0.000000 0.000000 -0.006612 -1.709117
    52 1.099663 0.000000 0.000000 0.000000 -0.004208 -0.244311
    53 0.806015 -0.359835 -1.318335 0.912685 0.357216 -0.682331
    54 1.789780 0.000001 0.000000 0.012436 -0.169953 0.694155
    55 1.207001 0.000000 0.000004 -0.000002 -0.009618 0.362904
    56 2.338451 -1.535743 -6.391512 1.520238 -0.094383 -2.001948
  time 67
    0 -0.002349 -0.691422 34.562889 1.693190 0.000007 -0.719444
    1 0.000005 3.345128 -2.981903 1.570796 0.123096 1.570796
    2 4.018331 0.000000 0.000000 0.054441 -0.042799 0.034481
    3 3.518564 0.000000 0.000000 -0.095603 -0.001979 0.100465
    4 8.942642 0.000000 0.000000 -0.120247 0.021687 0.192790
    5 3.307269 0.000000 -0.000004 -2.676674 -0.310542 0.304883
    6 3.593710 -0.000001 -0.000004 0.431214 0.022471 0.380573
    7 1.999994 -3.000001 0.000004 -1.570753 -0.000007 -1.326410
    8 2.033349 1.000771 -1.937607 -1.633305 1.117634 2.980521
    9 6.028143 0.000002 -0.000004 1.615021 0.018431 -0.574012
    10 11.692545 0.000000 0.000000 0.183114 -0.026833 -1.958351
    11 11.481701 0.000000 0.000000 -1.141199 0.118725 -0.006785
    12 2.676086 -1.712440 0.000000 -1.570795 0.000005 -1.570795
    13 2.033341 1.000767 1.937660 0.859154 -1.303000 -2.741514
    14 6.028140 0.000002 0.000000 -1.519065 -0.443245 -0.607470
    15 11.692553 0.000000 0.000011 -0.711747 0.466856 -1.626303
    16 11.481667 0.000000 -0.000031 1.617377 -0.034172 0.028287
    17 2.676086 -1.712440 0.000004 1.570797 0.000001 1.570797
    18 -3.890452 0.000004 0.000004 -1.124588 0.016708 -1.760803
    19 17.848171 0.000000 0.000004 0.000009 0.000000 0.755255
    20 16.525251 0.000000 0.000004 0.016887 0.053483 -1.524126
    21 6.879454 0.000000 0.000008 -0.081332 -0.002951 -0.584373
    22 3.890452 -0.000004 -0.000004 -2.037060 -0.671070 -1.263214
    23 17.848175 0.000000 -0.000004 0.000010 0.000000 0.753201
    24 16.525246 0.000000 0.000004 -0.026434 -0.041662 -1.106582
    25 6.879452 0.000000 0.000000 -0.007299 -0.002944 -0.584342
    26 3.859703 -0.142403 -1.191975 -0.479143 0.152189 -0.879872
    27 1.312565 0.000001 0.000004 0.000000 0.009664 -0.439719
    28 0.729362 0.000002 0.000004 -0.028979 0.117255 -0.451390
    29 3.942326 0.046774 -0.431438 -0.155011 0.073329 -0.810646
    30 1.539093 0.000001 0.000000 0.041407 0.089645 -0.699060
    31 1.196320 -0.000001 0.000004 -0.000002 0.007360 -0.430801
    32 3.883686 -0.046767 0.431446 0.812670 -0.191549 -1.550266
    33 1.719570 0.000002 0.000004 0.194938 -0.171308 -0.606847
    34 1.209183 -0.000001 -0.000004 0.409190 -0.306122 -0.737506
    35 3.859859 -0.137950 1.332462 0.716033 -0.200230 -1.353927
    36 1.719429 0.000002 0.000000 -0.000001 0.004072 -0.363008
    37 1.099670 0.000001 0.000004 0.133914 -0.229713 -0.543027
    38 0.806049 -0.348922 1.321259 -1.148537 -0.413342 -0.685814
    39 1.789787 0.000000 0.000004 0.143112 0.004764 0.680910
    40 1.207001 0.000000 -0.000004 -0.238537 -0.328319 0.202547
    41 3.859665 -0.132565 1.193108 0.479138 -0.158546 -0.879039
    42 1.312561 0.000000 0.000000 0.000000 -0.011932 -0.439671
    43 0.729366 0.000002 0.000000 0.000002 -0.006134 -0.244270
    44 3.942291 0.050330 0.431042 0.154996 -0.079305 -0.810204
    45 1.539097 0.000003 0.000000 0.000000 -0.005853 -0.247769
    46 1.196320 0.000000 0.000000 0.000001 -0.009662 -0.430760
    47 3.883648 -0.050325 -0.431044 -0.034933 -0.082803 -1.461175
    48 1.719574 -0.000005 0.000000 0.000000 -0.007972 -1.498039
    49 1.209183 -0.000001 0.000000 0.000001 -0.004459 -0.216376
    50 3.859825 -0.148935 -1.331284 -0.082074 -0.080252 -1.260988
    51 1.719425 0.000000 0.000000 0.000000 -0.006612 -1.709117
    52 1.099663 0.000000 0.000000 0.000000 -0.004208 -0.244311
    53 0.806015 -0.359835 -1.318335 0.912685 0.357216 -0.682331
    54 1.789780 0.000001 0.000000 0.012436 -0.169953 0.694155
    55 1.207001 0.000000 0.000004 -0.000002 -0.009618 0.362904
    56 2.338451 -1.535743 -6.391512 1.520238 -0.094383 -2.001948
  time 68
    0 -0.002349 -0.679703 34.582421 1.693190 0.000007 -0.719444
    1 0.000005 3.345128 -2.981903 1.570796 0.123096 1.570796
    2 4.018331 0.000000 0.000000 0.054441 -0.042799 0.034481
    3 3.518564 0.000000 0.000000 -0.095603 -0.001979 0.100465
    4 8.942642 0.000000 0.000000 -0.120247 0.021687 0.192790
    5 3.307269 0.000000 -0.000004 -2.676674 -0.310542 0.304883
    6 3.593710 -0.000001 -0.000004 0.431214 0.022939 0.379587
    7 1.999994 -3.000001 0.000004 -1.570753 -0.000007 -1.326410
    8 2.033349 1.000771 -1.937607 -1.633305 1.117634 2.980521
    9 6.028143 0.000002 -0.000004 1.616768 0.016548 -0.574931
    10 11.692545 0.000000 0.000000 0.183173 -0.026450 -1.960390
    11 11.481701 0.000000 0.000000 -1.141199 0.118725 -0.006785
    12 2.676086 -1.712440 0.000000 -1.570795 0.000005 -1.570795
    13 2.033341 1.000767 1.937660 0.859154 -1.303000 -2.741514
    14 6.028140 0.000002 0.000000 -1.518364 -0.442503 -0.608524
    15 11.692553 0.000000 0.000011 -0.711747 0.466856 -1.626303
    16 11.481667 0.000000 -0.000031 1.617377 -0.034172 0.028287
    17 2.676086 -1.712440 0.000004 1.570797 0.000001 1.570797
    18 -3.890452 0.000004 0.000004 -1.124411 0.017136 -1.760100
    19 17.848171 0.000000 0.000004 0.000009 0.000000 0.753087
    20 16.525251 0.000000 0.000004 0.017010 0.053439 -1.521813
    21 6.879454 0.000000 0.000008 -0.081332 -0.002951 -0.584373
    22 3.890452 -0.000004 -0.000004 -2.036571 -0.669681 -1.263970
    23 17.848175 0.000000 -0.000004 0.000010 0.000000 0.749696
    24 16.525246 0.000000 0.000004 -0.026537 -0.041608 -1.104050
    25 6.879452 0.000000 0.000000 -0.007299 -0.002944 -0.584342
    26 3.859703 -0.142403 -1.191975 -0.479143 0.152189 -0.879872
    27 1.312565 0.000001 0.000004 0.000000 0.009664 -0.439719
    28 0.729362 0.000002 0.000004 -0.028979 0.117255 -0.451390
    29 3.942326 0.046774 -0.431438 -0.155011 0.073329 -0.810646
    30 1.539093 0.000001 0.000000 0.041407 0.089645 -0.699060
    31 1.196320 -0.000001 0.000004 -0.000002 0.007360 -0.430801
    32 3.883686 -0.046767 0.431446 0.812670 -0.191549 -1.550266
    33 1.719570 0.000002 0.000004 0.194938 -0.171308 -0.606847
    34 1.209183 -0.000001 -0.000004 0.409190 -0.306122 -0.737506
    35 3.859859 -0.137950 1.332462 0.716033 -0.200230 -1.353927
    36 1.719429 0.000002 0.000000 -0.000001 0.004072 -0.363008
    37 1.099670 0.000001 0.000004 0.133914 -0.229713 -0.543027
    38 0.806049 -0.348922 1.321259 -1.148537 -0.413342 -0.685814
    39 1.789787 0.000000 0.000004 0.143112 0.004764 0.680910
    40 1.207001 0.000000 -0.000004 -0.238537 -0.328319 0.202547
    41 3.859665 -0.132565 1.193108 0.479138 -0.158546 -0.879039
    42 1.312561 0.000000 0.000000 0.000000 -0.011932 -0.439671
    43 0.729366 0.000002 0.000000 0.000002 -0.006134 -0.244270
    44 3.942291 0.050330 0.431042 0.154996 -0.079305 -0.810204
    45 1.539097 0.000003 0.000000 0.000000 -0.005853 -0.247769
    46 1.196320 0.000000 0.000000 0.000001 -0.009662 -0.430760
    47 3.883648 -0.050325 -0.431044 -0.034933 -0.082803 -1.461175
    48 1.719574 -0.000005 0.000000 0.000000 -0.007972 -1.498039
    49 1.209183 -0.000001 0.000000 0.000001 -0.004459 -0.216376
    50 3.859825 -0.148935 -1.331284 -0.082074 -0.080252 -1.260988
    51 1.719425 0.000000 0.000000 0.000000 -0.006612 -1.709117
    52 1.099663 0.000000 0.000000 0.000000 -0.004208 -0.244311
    53 0.806015 -0.359835 -1.318335 0.912685 0.357216 -0.682331
    54 1.789780 0.000001 0.000000 0.012436 -0.169953 0.694155
    55 1.207001 0.000000 0.000004 -0.000002 -0.009618 0.362904
    56 2.338451 -1.535743 -6.391512 1.520238 -0.094383 -2.001948
  time 69
    0 -0.002349 -0.667984 34.601953 1.693190 0.000007 -0.719444
    1 0.000005 3.345128 -2.981903 1.570796 0.123096 1.570796
    2 4.018331 0.000000 0.000000 0.054441 -0.042799 0.034481
    3 3.518564 0.000000 0.000000 -0.095603 -0.001979 0.100465
    4 8.942642 0.000000 0.000000 -0.120247 0.021687 0.192790
    5 3.307269 0.000000 -0.000004 -2.676674 -0.310542 0.304883
    6 3.593710 -0.000001 -0.000004 0.431168 0.023394 0.378567
    7 1.999994 -3.000001 0.000004 -1.570753 -0.000007 -1.326410
    8 2.033349 1.000771 -1.937607 -1.633305 1.117634 2.980521
    9 6.028143 0.000002 -0.000004 1.618514 0.014700 -0.575814
    10 11.692545 0.000000 0.000000 0.183233 -0.026078 -1.962429
    11 11.481701 0.000000 0.000000 -1.141199 0.118725 -0.006785
    12 2.676086 -1.712440 0.000000 -1.570795 0.000005 -1.570795
    13 2.033341 1.000767 1.937660 0.859154 -1.303000 -2.741514
    14 6.028140 0.000002 0.000000 -1.517662 -0.441795 -0.609577
    15 11.692553 0.000000 0.000011 -0.711747 0.466856 -1.626303
    16 11.481667 0.000000 -0.000031 1.617377 -0.034172 0.028287
    17 2.676086 -1.712440 0.000004 1.570797 0.000001 1.570797
    18 -3.890452 0.000004 0.000004 -1.124234 0.017592 -1.759396
    19 17.848171 0.000000 0.000004 0.000009 0.000000 0.750919
    20 16.525251 0.000000 0.000004 0.017117 0.053410 -1.519601
    21 6.879454 0.000000 0.000008 -0.081332 -0.002951 -0.584373
    22 3.890452 -0.000004 -0.000004 -2.036081 -0.668335 -1.264726
    23 17.848175 0.000000 -0.000004 0.000010 0.000000 0.746252
    24 16.525246 0.000000 0.000004 -0.026639 -0.041536 -1.101638
    25 6.879452 0.000000 0.000000 -0.007299 -0.002944 -0.584342
    26 3.859703 -0.142403 -1.191975 -0.479143 0.152189 -0.879872
    27 1.312565 0.000001 0.000004 0.000000 0.009664 -0.439719
    28 0.729362 0.000002 0.000004 -0.028979 0.117255 -0.451390
    29 3.942326 0.046774 -0.431438 -0.155011 0.073329 -0.810646
    30 1.539093 0.000001 0.000000 0.041407 0.089645 -0.699060
    31 1.196320 -0.000001 0.000004 -0.000002 0.007360 -0.430801
    32 3.883686 -0.046767 0.431446 0.812670 -0.191549 -1.550266
    33 1.719570 0.000002 0.000004 0.194938 -0.171308 -0.606847
    34 1.209183 -0.000001 -0.000004 0.409190 -0.306122 -0.737506
    35 3.859859 -0.137950 1.332462 0.716033 -0.200230 -1.353927
    36 1.719429 0.000002 0.000000 -0.000001 0.004072 -0.363008
    37 1.099670 0.000001 0.000004 0.133914 -0.229713 -0.543027
    38 0.806049 -0.348922 1.321259 -1.148537 -0.413342 -0.685814
    39 1.789787 0.000000 0.000004 0.143112 0.004764 0.680910
    40 1.207001 0.000000 -0.000004 -0.238537 -0.328319 0.202547
    41 3.859665 -0.132565 1.193108 0.479138 -0.158546 -0.879039
    42 1.312561 0.000000 0.000000 0.000000 -0.011932 -0.439671
    43 0.729366 0.000002 0.000000 0.000002 -0.006134 -0.244270
    44 3.942291 0.050330 0.431042 0.154996 -0.079305 -0.810204
    45 1.539097 0.000003 0.000000 0.000000 -0.005853 -0.247769
    46 1.196320 0.000000 0.000000 0.000001 -0.009662 -0.430760
    47 3.883648 -0.050325 -0.431044 -0.034933 -0.082803 -1.461175
    48 1.719574 -0.000005 0.000000 0.000000 -0.007972 -1.498039
    49 1.209183 -0.000001 0.000000 0.000001 -0.004459 -0.216376
    50 3.859825 -0.148935 -1.331284 -0.082074 -0.080252 -1.260988
    51 1.719425 0.000000 0.000000 0.000000 -0.006612 -1.709117
    52 1.099663 0.000000 0.000000 0.000000 -0.004208 -0.244311
    53 0.806015 -0.359835 -1.318335 0.912685 0.357216 -0.682331
    54 1.789780 0.000001 0.000000 0.012436 -0.169953 0.694155
    55 1.207001 0.000000 0.000004 -0.000002 -0.009618 0.362904
    56 2.338451 -1.535743 -6.391512 1.520238 -0.094383 -2.001948
  time 70
    0 -0.002349 -0.656265 34.621485 1.693190 0.000007 -0.719444
    1 0.000005 3.345128 -2.981903 1.570796 0.123096 1.570796
    2 4.018331 0.000000 0.000000 0.054441 -0.042799 0.034481
    3 3.518564 0.000000 0.000000 -0.095603 -0.001979 0.100465
    4 8.942642 0.000000 0.000000 -0.120247 0.021687 0.192790
    5 3.307269 0.000000 -0.000004 -2.676674 -0.310542 0.304883
    6 3.593710 -0.000001 -0.000004 0.431168 0.023837 0.377617
    7 1.999994 -3.000001 0.000004 -1.570753 -0.000007 -1.326410
    8 2.033349 1.000771 -1.937607 -1.633305 1.117634 2.980521
    9 6.028143 0.000002 -0.000004 1.620168 0.012886 -0.576697
    10 11.692545 0.000000 0.000000 0.183293 -0.025719 -1.964402
    11 11.481701 0.000000 0.000000 -1.141199 0.118725 -0.006785
    12 2.676086 -1.712440 0.000000 -1.570795 0.000005 -1.570795
    13 2.033341 1.000767 1.937660 0.859154 -1.303000 -2.741514
    14 6.028140 0.000002 0.000000 -1.516961 -0.441120 -0.610592
    15 11.692553 0.000000 0.000011 -0.711747 0.466856 -1.626303
    16 11.481667 0.000000 -0.000031 1.617377 -0.034172 0.028287
    17 2.676086 -1.712440 0.000004 1.570797 0.000001 1.570797
    18 -3.890452 0.000004 0.000004 -1.124056 0.018020 -1.758757
    19 17.848171 0.000000 0.000004 0.000009 0.000000 0.748826
    20 16.525251 0.000000 0.000004 0.017240 0.053381 -1.517389
    21 6.879454 0.000000 0.000008 -0.081332 -0.002951 -0.584373
    22 3.890452 -0.000004 -0.000004 -2.035592 -0.666988 -1.265414
    23 17.848175 0.000000 -0.000004 0.000010 0.000000 0.742872
    24 16.525246 0.000000 0.000004 -0.026742 -0.041481 -1.099226
    25 6.879452 0.000000 0.000000 -0.007311 -0.002944 -0.584342
    26 3.859703 -0.142403 -1.191975 -0.479143 0.152189 -0.879872
    27 1.312565 0.000001 0.000004 0.000000 0.009664 -0.439719
    28 0.729362 0.000002 0.000004 -0.028979 0.117255 -0.451390
    29 3.942326 0.046774 -0.431438 -0.155011 0.073329 -0.810646
    30 1.539093 0.000001 0.000000 0.041407 0.089645 -0.699060
    31 1.196320 -0.000001 0.000004 -0.000002 0.007360 -0.430801
    32 3.883686 -0.046767 0.431446 0.812670 -0.191549 -1.550266
    33 1.719570 0.000002 0.000004 0.194938 -0.171308 -0.606847
    34 1.209183 -0.000001 -0.000004 0.409190 -0.306122 -0.737506
    35 3.859859 -0.137950 1.332462 0.716033 -0.200230 -1.353927
    36 1.719429 0.000002 0.000000 -0.000001 0.004072 -0.363008
    37 1.099670 0.000001 0.000004 0.133914 -0.229713 -0.543027
    38 0.806049 -0.348922 1.321259 -1.148537 -0.413342 -0.685814
    39 1.789787 0.000000 0.000004 0.143112 0.004764 0.680910
    40 1.207001 0.000000 -0.000004 -0.238537 -0.328319 0.202547
    41 3.859665 -0.132565 1.193108 0.479138 -0.158546 -0.879039
    42 1.312561 0.000000 0.000000 0.000000 -0.011932 -0.439671
    43 0.729366 0.000002 0.000000 0.000002 -0.006134 -0.244270
    44 3.942291 0.050330 0.431042 0.154996 -0.079305 -0.810204
    45 1.539097 0.000003 0.000000 0.000000 -0.005853 -0.247769
    46 1.196320 0.000000 0.000000 0.000001 -0.009662 -0.430760
    47 3.883648 -0.050325 -0.431044 -0.034933 -0.082803 -1.461175
    48 1.719574 -0.000005 0.000000 0.000000 -0.007972 -1.498039
    49 1.209183 -0.000001 0.000000 0.000001 -0.004459 -0.216376
    50 3.859825 -0.148935 -1.331284 -0.082074 -0.080252 -1.260988
    51 1.719425 0.000000 0.000000 0.000000 -0.006612 -1.709117
    52 1.099663 0.000000 0.000000 0.000000 -0.004208 -0.244311
    53 0.806015 -0.359835 -1.318335 0.912685 0.357216 -0.682331
    54 1.789780 0.000001 0.000000 0.012436 -0.169953 0.694155
    55 1.207001 0.000000 0.000004 -0.000002 -0.009618 0.362904
    56 2.338451 -1.535743 -6.391512 1.520238 -0.094383 -2.001948
  time 71
    0 -0.002349 -0.648452 34.641016 1.693190 0.000007 -0.719444
    1 0.000005 3.345128 -2.981903 1.570796 0.123096 1.570796
    2 4.018331 0.000000 0.000000 0.054441 -0.042799 0.034481
    3 3.518564 0.000000 0.000000 -0.095603 -0.001979 0.100465
    4 8.942642 0.000000 0.000000 -0.120247 0.021687 0.192790
    5 3.307269 0.000000 -0.000004 -2.676674 -0.310542 0.304883
    6 3.593710 -0.000001 -0.000004 0.431122 0.024269 0.376667
    7 1.999994 -3.000001 0.000004 -1.570753 -0.000007 -1.326410
    8 2.033349 1.000771 -1.937607 -1.633305 1.117634 2.980521
    9 6.028143 0.000002 -0.000004 1.621822 0.011125 -0.577546
    10 11.692545 0.000000 0.000000 0.183341 -0.025359 -1.966310
    11 11.481701 0.000000 0.000000 -1.141199 0.118725 -0.006785
    12 2.676086 -1.712440 0.000000 -1.570795 0.000005 -1.570795
    13 2.033341 1.000767 1.937660 0.859154 -1.303000 -2.741514
    14 6.028140 0.000002 0.000000 -1.516318 -0.440446 -0.611607
    15 11.692553 0.000000 0.000011 -0.711747 0.466856 -1.626303
    16 11.481667 0.000000 -0.000031 1.617377 -0.034172 0.028287
    17 2.676086 -1.712440 0.000004 1.570797 0.000001 1.570797
    18 -3.890452 0.000004 0.000004 -1.123879 0.018419 -1.758118
    19 17.848171 0.000000 0.000004 0.000009 0.000000 0.746808
    20 16.525251 0.000000 0.000004 0.017364 0.053337 -1.515278
    21 6.879454 0.000000 0.000008 -0.081332 -0.002951 -0.584373
    22 3.890452 -0.000004 -0.000004 -2.035102 -0.665684 -1.266170
    23 17.848175 0.000000 -0.000004 0.000010 0.000000 0.739554
    24 16.525246 0.000000 0.000004 -0.026844 -0.041427 -1.096875
    25 6.879452 0.000000 0.000000 -0.007299 -0.002944 -0.584342
    26 3.859703 -0.142403 -1.191975 -0.479143 0.152189 -0.879872
    27 1.312565 0.000001 0.000004 0.000000 0.009664 -0.439719
    28 0.729362 0.000002 0.000004 -0.028979 0.117255 -0.451390
    29 3.942326 0.046774 -0.431438 -0.155011 0.073329 -0.810646
    30 1.539093 0.000001 0.000000 0.041407 0.089645 -0.699060
    31 1.196320 -0.000001 0.000004 -0.000002 0.007360 -0.430801
    32 3.883686 -0.046767 0.431446 0.812670 -0.191549 -1.550266
    33 1.719570 0.000002 0.000004 0.194938 -0.171308 -0.606847
    34 1.209183 -0.000001 -0.000004 0.409190 -0.306122 -0.737506
    35 3.859859 -0.137950 1.332462 0.716033 -0.200230 -1.353927
    36 1.719429 0.000002 0.000000 -0.000001 0.004072 -0.363008
    37 1.099670 0.000001 0.000004 0.133914 -0.229713 -0.543027
    38 0.806049 -0.348922 1.321259 -1.148537 -0.413342 -0.685814
    39 1.789787 0.000000 0.000004 0.143112 0.004764 0.680910
    40 1.207001 0.000000 -0.000004 -0.238537 -0.328319 0.202547
    41 3.859665 -0.132565 1.193108 0.479138 -0.158546 -0.879039
    42 1.312561 0.000000 0.000000 0.000000 -0.011932 -0.439671
    43 0.729366 0.000002 0.000000 0.000002 -0.006134 -0.244270
    44 3.942291 0.050330 0.431042 0.154996 -0.079305 -0.810204
    45 1.539097 0.000003 0.000000 0.000000 -0.005853 -0.247769
    46 1.196320 0.000000 0.000000 0.000001 -0.009662 -0.430760
    47 3.883648 -0.050325 -0.431044 -0.034933 -0.082803 -1.461175
    48 1.719574 -0.000005 0.000000 0.000000 -0.007972 -1.498039
    49 1.209183 -0.000001 0.000000 0.000001 -0.004459 -0.216376
    50 3.859825 -0.148935 -1.331284 -0.082074 -0.080252 -1.260988
    51 1.719425 0.000000 0.000000 0.000000 -0.006612 -1.709117
    52 1.099663 0.000000 0.000000 0.000000 -0.004208 -0.244311
    53 0.806015 -0.359835 -1.318335 0.912685 0.357216 -0.682331
    54 1.789780 0.000001 0.000000 0.012436 -0.169953 0.694155
    55 1.207001 0.000000 0.000004 -0.000002 -0.009618 0.362904
    56 2.338451 -1.535743 -6.391512 1.520238 -0.094383 -2.001948
  time 72
    0 -0.002349 -0.636733 34.656642 1.693190 0.000007 -0.719444
    1 0.000005 3.345128 -2.981903 1.570796 0.123096 1.570796
    2 4.018331 0.000000 0.000000 0.054441 -0.042799 0.034481
    3 3.518564 0.000000 0.000000 -0.095603 -0.001979 0.100465
    4 8.942642 0.000000 0.000000 -0.120247 0.021687 0.192790
    5 3.307269 0.000000 -0.000004 -2.676674 -0.310542 0.304883
    6 3.593710 -0.000001 -0.000004 0.431122 0.024700 0.375752
    7 1.999994 -3.000001 0.000004 -1.570800 -0.000007 -1.326410
    8 2.033349 1.000771 -1.937607 -1.633305 1.117634 2.980521
    9 6.028143 0.000002 -0.000004 1.623384 0.009399 -0.578394
    10 11.692545 0.000000 0.000000 0.183401 -0.025012 -1.968151
    11 11.481701 0.000000 0.000000 -1.141199 0.118725 -0.006785
    12 2.676086 -1.712440 0.000000 -1.570795 0.000005 -1.570795
    13 2.033341 1.000767 1.937660 0.859154 -1.303000 -2.741514
    14 6.028140 0.000002 0.000000 -1.515675 -0.439771 -0.612543
    15 11.692553 0.000000 0.000011 -0.711747 0.466856 -1.626303
    16 11.481667 0.000000 -0.000031 1.617377 -0.034172 0.028287
    17 2.676086 -1.712440 0.000004 1.570797 0.000001 1.570797
    18 -3.890452 0.000004 0.000004 -1.123702 0.018847 -1.757479
    19 17.848171 0.000000 0.000004 0.000009 0.000000 0.744790
    20 16.525251 0.000000 0.000004 0.017470 0.053308 -1.513166
    21 6.879454 0.000000 0.000008 -0.081332 -0.002951 -0.584373
    22 3.890452 -0.000004 -0.000004 -2.034205 -0.664422 -1.266995
    23 17.848175 0.000000 -0.000004 0.000010 0.000000 0.736298
    24 16.525246 0.000000 0.000004 -0.026932 -0.041355 -1.094644
    25 6.879452 0.000000 0.000000 -0.007311 -0.002944 -0.584342
    26 3.859703 -0.142403 -1.191975 -0.479143 0.152189 -0.879872
    27 1.312565 0.000001 0.000004 0.000000 0.009664 -0.439719
    28 0.729362 0.000002 0.000004 -0.028979 0.117255 -0.451390
    29 3.942326 0.046774 -0.431438 -0.155011 0.073329 -0.810646
    30 1.539093 0.000001 0.000000 0.041407 0.089645 -0.699060
    31 1.196320 -0.000001 0.000004 -0.000002 0.007360 -0.430801
    32 3.883686 -0.046767 0.431446 0.812670 -0.191549 -1.550266
    33 1.719570 0.000002 0.000004 0.194938 -0.171308 -0.606847
    34 1.209183 -0.000001 -0.000004 0.409190 -0.306122 -0.737506
    35 3.859859 -0.137950 1.332462 0.716033 -0.200230 -1.353927
    36 1.719429 0.000002 0.000000 -0.000001 0.004072 -0.363008
    37 1.099670 0.000001 0.000004 0.133914 -0.229713 -0.543027
    38 0.806049 -0.348922 1.321259 -1.148537 -0.413342 -0.685814
    39 1.789787 0.000000 0.000004 0.143112 0.004764 0.680910
    40 1.207001 0.000000 -0.000004 -0.238537 -0.328319 0.202547
    41 3.859665 -0.132565 1.193108 0.479138 -0.158546 -0.879039
    42 1.312561 0.000000 0.000000 0.000000 -0.011932 -0.439671
    43 0.729366 0.000002 0.000000 0.000002 -0.006134 -0.244270
    44 3.942291 0.050330 0.431042 0.154996 -0.079305 -0.810204
    45 1.539097 0.000003 0.000000 0.000000 -0.005853 -0.247769
    46 1.196320 0.000000 0.000000 0.000001 -0.009662 -0.430760
    47 3.883648 -0.050325 -0.431044 -0.034933 -0.082803 -1.461175
    48 1.719574 -0.000005 0.000000 0.000000 -0.007972 -1.498039
    49 1.209183 -0.000001 0.000000 0.000001 -0.004459 -0.216376
    50 3.859825 -0.148935 -1.331284 -0.082074 -0.080252 -1.260988
    51 1.719425 0.000000 0.000000 0.000000 -0.006612 -1.709117
    52 1.099663 0.000000 0.000000 0.000000 -0.004208 -0.244311
    53 0.806015 -0.359835 -1.318335 0.912685 0.357216 -0.682331
    54 1.789780 0.000001 0.000000 0.012436 -0.169953 0.694155
    55 1.207001 0.000000 0.000004 -0.000002 -0.009618 0.362904
    56 2.338451 -1.535743 -6.391512 1.520238 -0.094383 -2.001948
  time 73
    0 -0.002349 -0.625014 34.676174 1.693190 0.000007 -0.719444
    1 0.000005 3.345128 -2.981903 1.570796 0.123096 1.570796
    2 4.018331 0.000000 0.000000 0.054441 -0.042799 0.034481
    3 3.518564 0.000000 0.000000 -0.095603 -0.001979 0.100465
    4 8.942642 0.000000 0.000000 -0.120247 0.021687 0.192790
    5 3.307269 0.000000 -0.000004 -2.676674 -0.310542 0.304883
    6 3.593710 -0.000001 -0.000004 0.431122 0.025108 0.374872
    7 1.999994 -3.000001 0.000004 -1.570800 -0.000007 -1.326410
    8 2.033349 1.000771 -1.937607 -1.633305 1.117634 2.980521
    9 6.028143 0.000002 -0.000004 1.624947 0.007742 -0.579171
    10 11.692545 0.000000 0.000000 0.183449 -0.024688 -1.969993
    11 11.481701 0.000000 0.000000 -1.141199 0.118725 -0.006785
    12 2.676086 -1.712440 0.000000 -1.570795 0.000005 -1.570795
    13 2.033341 1.000767 1.937660 0.859154 -1.303000 -2.741514
    14 6.028140 0.000002 0.000000 -1.515032 -0.439130 -0.613480
    15 11.692553 0.000000 0.000011 -0.711747 0.466856 -1.626303
    16 11.481667 0.000000 -0.000031 1.617377 -0.034172 0.028287
    17 2.676086 -1.712440 0.000004 1.570797 0.000001 1.570797
    18 -3.890452 0.000004 0.000004 -1.123584 0.019246 -1.756903
    19 17.848171 0.000000 0.000004 0.000009 0.000000 0.742846
    20 16.525251 0.000000 0.000004 0.017576 0.053279 -1.511155
    21 6.879454 0.000000 0.000008 -0.081332 -0.002951 -0.584373
    22 3.890452 -0.000004 -0.000004 -2.034205 -0.663117 -1.267545
    23 17.848175 0.000000 -0.000004 0.000010 0.000000 0.733168
    24 16.525246 0.000000 0.000004 -0.027035 -0.041301 -1.092413
    25 6.879452 0.000000 0.000000 -0.007311 -0.002944 -0.584342
    26 3.859703 -0.142403 -1.191975 -0.479143 0.152189 -0.879872
    27 1.312565 0.000001 0.000004 0.000000 0.009664 -0.439719
    28 0.729362 0.000002 0.000004 -0.028979 0.117255 -0.451390
    29 3.942326 0.046774 -0.431438 -0.155011 0.073329 -0.810646
    30 1.539093 0.000001 0.000000 0.041407 0.089645 -0.699060
    31 1.196320 -0.000001 0.000004 -0.000002 0.007360 -0.430801
    32 3.883686 -0.046767 0.431446 0.812670 -0.191549 -1.550266
    33 1.719570 0.000002 0.000004 0.194938 -0.171308 -0.606847
    34 1.209183 -0.000001 -0.000004 0.409190 -0.306122 -0.737506
    35 3.859859 -0.137950 1.332462 0.716033 -0.200230 -1.353927
    36 1.719429 0.000002 0.000000 -0.000001 0.004072 -0.363008
    37 1.099670 0.000001 0.000004 0.133914 -0.229713 -0.543027
    38 0.806049 -0.348922 1.321259 -1.148537 -0.413342 -0.685814
    39 1.789787 0.000000 0.000004 0.143112 0.004764 0.680910
    40 1.207001 0.000000 -0.000004 -0.238537 -0.328319 0.202547
    41 3.859665 -0.132565 1.193108 0.479138 -0.158546 -0.879039
    42 1.312561 0.000000 0.000000 0.000000 -0.011932 -0.439671
    43 0.729366 0.000002 0.000000 0.000002 -0.006134 -0.244270
    44 3.942291 0.050330 0.431042 0.154996 -0.079305 -0.810204
    45 1.539097 0.000003 0.000000 0.000000 -0.005853 -0.247769
    46 1.196320 0.000000 0.000000 0.000001 -0.009662 -0.430760
    47 3.883648 -0.050325 -0.431044 -0.034933 -0.082803 -1.461175
    48 1.719574 -0.000005 0.000000 0.000000 -0.007972 -1.498039
    49 1.209183 -0.000001 0.000000 0.000001 -0.004459 -0.216376
    50 3.859825 -0.148935 -1.331284 -0.082074 -0.080252 -1.260988
    51 1.719425 0.000000 0.000000 0.000000 -0.006612 -1.709117
    52 1.099663 0.000000 0.000000 0.000000 -0.004208 -0.244311
    53 0.806015 -0.359835 -1.318335 0.912685 0.357216 -0.682331
    54 1.789780 0.000001 0.000000 0.012436 -0.169953 0.694155
    55 1.207001 0.000000 0.000004 -0.000002 -0.009618 0.362904
    56 2.338451 -1.535743 -6.391512 1.520238 -0.094383 -2.001948
  time 74
    0 -0.002349 -0.617201 34.691799 1.693190 0.000007 -0.719444
    1 0.000005 3.345128 -2.981903 1.570796 0.123096 1.570796
    2 4.018331 0.000000 0.000000 0.054441 -0.042799 0.034481
    3 3.518564 0.000000 0.000000 -0.095603 -0.001979 0.100465
    4 8.942642 0.000000 0.000000 -0.120247 0.021687 0.192790
    5 3.307269 0.000000 -0.000004 -2.676674 -0.310542 0.304883
    6 3.593710 -0.000001 -0.000004 0.431076 0.025503 0.373992
    7 1.999994 -3.000001 0.000004 -1.570800 -0.000007 -1.326410
    8 2.033349 1.000771 -1.937607 -1.633305 1.117634 2.980521
    9 6.028143 0.000002 -0.000004 1.626417 0.006121 -0.579984
    10 11.692545 0.000000 0.000000 0.183509 -0.024365 -1.971703
    11 11.481701 0.000000 0.000000 -1.141199 0.118725 -0.006785
    12 2.676086 -1.712440 0.000000 -1.570795 0.000005 -1.570795
    13 2.033341 1.000767 1.937660 0.859154 -1.303000 -2.741514
    14 6.028140 0.000002 0.000000 -1.514447 -0.438523 -0.614417
    15 11.692553 0.000000 0.000011 -0.711747 0.466856 -1.626303
    16 11.481667 0.000000 -0.000031 1.617377 -0.034172 0.028287
    17 2.676086 -1.712440 0.000004 1.570797 0.000001 1.570797
    18 -3.890452 0.000004 0.000004 -1.123407 0.019646 -1.756264
    19 17.848171 0.000000 0.000004 0.000009 0.000000 0.740978
    20 16.525251 0.000000 0.000004 0.017682 0.053249 -1.509195
    21 6.879454 0.000000 0.000008 -0.081332 -0.002951 -0.584373
    22 3.890452 -0.000004 -0.000004 -2.033715 -0.661939 -1.268163
    23 17.848175 0.000000 -0.000004 0.000010 0.000000 0.730100
    24 16.525246 0.000000 0.000004 -0.027122 -0.041246 -1.090303
    25 6.879452 0.000000 0.000000 -0.007299 -0.002944 -0.584342
    26 3.859703 -0.142403 -1.191975 -0.479143 0.152189 -0.879872
    27 1.312565 0.000001 0.000004 0.000000 0.009664 -0.439719
    28 0.729362 0.000002 0.000004 -0.028979 0.117255 -0.451390
    29 3.942326 0.046774 -0.431438 -0.155011 0.073329 -0.810646
    30 1.539093 0.000001 0.000000 0.041407 0.089645 -0.699060
    31 1.196320 -0.000001 0.000004 -0.000002 0.007360 -0.430801
    32 3.883686 -0.046767 0.431446 0.812670 -0.191549 -1.550266
    33 1.719570 0.000002 0.000004 0.194938 -0.171308 -0.606847
    34 1.209183 -0.000001 -0.000004 0.409190 -0.306122 -0.737506
    35 3.859859 -0.137950 1.332462 0.716033 -0.200230 -1.353927
    36 1.719429 0.000002 0.000000 -0.000001 0.004072 -0.363008
    37 1.099670 0.000001 0.000004 0.133914 -0.229713 -0.543027
    38 0.806049 -0.348922 1.321259 -1.148537 -0.413342 -0.685814
    39 1.789787 0.000000 0.000004 0.143112 0.004764 0.680910
    40 1.207001 0.000000 -0.000004 -0.238537 -0.328319 0.202547
    41 3.859665 -0.132565 1.193108 0.479138 -0.158546 -0.879039
    42 1.312561 0.000000 0.000000 0.000000 -0.011932 -0.439671
    43 0.729366 0.000002 0.000000 0.000002 -0.006134 -0.244270
    44 3.942291 0.050330 0.431042 0.154996 -0.079305 -0.810204
    45 1.539097 0.000003 0.000000 0.000000 -0.005853 -0.247769
    46 1.196320 0.000000 0.000000 0.000001 -0.009662 -0.430760
    47 3.883648 -0.050325 -0.431044 -0.034933 -0.082803 -1.461175
    48 1.719574 -0.000005 0.000000 0.000000 -0.007972 -1.498039
    49 1.209183 -0.000001 0.000000 0.000001 -0.004459 -0.216376
    50 3.859825 -0.148935 -1.331284 -0.082074 -0.080252 -1.260988
    51 1.719425 0.000000 0.000000 0.000000 -0.006612 -1.709117
    52 1.099663 0.000000 0.000000 0.000000 -0.004208 -0.244311
    53 0.806015 -0.359835 -1.318335 0.912685 0.357216 -0.682331
    54 1.789780 0.000001 0.000000 0.012436 -0.169953 0.694155
    55 1.207001 0.000000 0.000004 -0.000002 -0.009618 0.362904
    56 2.338451 -1.535743 -6.391512 1.520238 -0.094383 -2.001948
  time 75
    0 -0.002349 -0.605482 34.707425 1.693190 0.000007 -0.719444
    1 0.000005 3.345128 -2.981903 1.570796 0.123096 1.570796
    2 4.018331 0.000000 0.000000 0.054441 -0.042799 0.034481
    3 3.518564 0.000000 0.000000 -0.095603 -0.001979 0.100465
    4 8.942642 0.000000 0.000000 -0.120247 0.021687 0.192790
    5 3.307269 0.000000 -0.000004 -2.676674 -0.310542 0.304883
    6 3.593710 -0.000001 -0.000004 0.431076 0.025887 0.373183
    7 1.999994 -3.000001 0.000004 -1.570753 -0.000007 -1.326410
    8 2.033349 1.000771 -1.937607 -1.633305 1.117634 2.980521
    9 6.028143 0.000002 -0.000004 1.627796 0.004586 -0.580726
    10 11.692545 0.000000 0.000000 0.183557 -0.024053 -1.973413
    11 11.481701 0.000000 0.000000 -1.141199 0.118725 -0.006785
    12 2.676086 -1.712440 0.000000 -1.570795 0.000005 -1.570795
    13 2.033341 1.000767 1.937660 0.859154 -1.303000 -2.741514
    14 6.028140 0.000002 0.000000 -1.513863 -0.437916 -0.615275
    15 11.692553 0.000000 0.000011 -0.711769 0.466856 -1.626303
    16 11.481667 0.000000 -0.000031 1.617377 -0.034172 0.028287
    17 2.676086 -1.712440 0.000004 1.570797 0.000001 1.570797
    18 -3.890452 0.000004 0.000004 -1.122935 0.020073 -1.755816
    19 17.848171 0.000000 0.000004 0.000009 0.000000 0.739184
    20 16.525251 0.000000 0.000004 0.017788 0.053220 -1.507335
    21 6.879454 0.000000 0.000008 -0.081332 -0.002951 -0.584373
    22 3.890452 -0.000004 -0.000004 -2.033307 -0.660761 -1.268782
    23 17.848175 0.000000 -0.000004 0.000010 0.000000 0.727158
    24 16.525246 0.000000 0.000004 -0.027210 -0.041192 -1.088253
    25 6.879452 0.000000 0.000000 -0.007299 -0.002944 -0.584342
    26 3.859703 -0.142403 -1.191975 -0.479143 0.152189 -0.879872
    27 1.312565 0.000001 0.000004 0.000000 0.009664 -0.439719
    28 0.729362 0.000002 0.000004 -0.028979 0.117255 -0.451390
    29 3.942326 0.046774 -0.431438 -0.155011 0.073329 -0.810646
    30 1.539093 0.000001 0.000000 0.041407 0.089645 -0.699060
    31 1.196320 -0.000001 0.000004 -0.000002 0.007360 -0.430801
    32 3.883686 -0.046767 0.431446 0.812670 -0.191549 -1.550266
    33 1.719570 0.000002 0.000004 0.194938 -0.171308 -0.606847
    34 1.209183 -0.000001 -0.000004 0.409190 -0.306122 -0.737506
    35 3.859859 -0.137950 1.332462 0.716033 -0.200230 -1.353927
    36 1.719429 0.000002 0.000000 -0.000001 0.004072 -0.363008
    37 1.099670 0.000001 0.000004 0.133914 -0.229713 -0.543027
    38 0.806049 -0.348922 1.321259 -1.148537 -0.413342 -0.685814
    39 1.789787 0.000000 0.000004 0.143112 0.004764 0.680910
    40 1.207001 0.000000 -0.000004 -0.238537 -0.328319 0.202547
    41 3.859665 -0.132565 1.193108 0.479138 -0.158546 -0.879039
    42 1.312561 0.000000 0.000000 0.000000 -0.011932 -0.439671
    43 0.729366 0.000002 0.000000 0.000002 -0.006134 -0.244270
    44 3.942291 0.050330 0.431042 0.154996 -0.079305 -0.810204
    45 1.539097 0.000003 0.000000 0.000000 -0.005853 -0.247769
    46 1.196320 0.000000 0.000000 0.000001 -0.009662 -0.430760
    47 3.883648 -0.050325 -0.431044 -0.034933 -0.082803 -1.461175
    48 1.719574 -0.000005 0.000000 0.000000 -0.007972 -1.498039
    49 1.209183 -0.000001 0.000000 0.000001 -0.004459 -0.216376
    50 3.859825 -0.148935 -1.331284 -0.082074 -0.080252 -1.260988
    51 1.719425 0.000000 0.000000 0.000000 -0.006612 -1.709117
    52 1.099663 0.000000 0.000000 0.000000 -0.004208 -0.244311
    53 0.806015 -0.359835 -1.318335 0.912685 0.357216 -0.682331
    54 1.789780 0.000001 0.000000 0.012436 -0.169953 0.694155
    55 1.207001 0.000000 0.000004 -0.000002 -0.009618 0.362904
    56 2.338451 -1.535743 -6.391512 1.520238 -0.094383 -2.001948
  time 76
    0 -0.002349 -0.597669 34.723050 1.693190 0.000007 -0.719444
    1 0.000005 3.345128 -2.981903 1.570796 0.123096 1.570796
    2 4.018331 0.000000 0.000000 0.054441 -0.042799 0.034481
    3 3.518564 0.000000 0.000000 -0.095603 -0.001979 0.100465
    4 8.942642 0.000000 0.000000 -0.120247 0.021687 0.192790
    5 3.307269 0.000000 -0.000004 -2.676674 -0.310542 0.304883
    6 3.593710 -0.000001 -0.000004 0.431076 0.026246 0.372374
    7 1.999994 -3.000001 0.000004 -1.570800 -0.000007 -1.326410
    8 2.033349 1.000771 -1.937607 -1.633305 1.117634 2.980521
    9 6.028143 0.000002 -0.000004 1.629174 0.003104 -0.581433
    10 11.692545 0.000000 0.000000 0.183605 -0.023753 -1.974992
    11 11.481701 0.000000 0.000000 -1.141199 0.118725 -0.006785
    12 2.676086 -1.712440 0.000000 -1.570795 0.000005 -1.570795
    13 2.033341 1.000767 1.937660 0.859154 -1.303000 -2.741514
    14 6.028140 0.000002 0.000000 -1.513278 -0.437376 -0.616095
    15 11.692553 0.000000 0.000011 -0.711747 0.466856 -1.626303
    16 11.481667 0.000000 -0.000031 1.617377 -0.034172 0.028287
    17 2.676086 -1.712440 0.000004 1.570797 0.000001 1.570797
    18 -3.890452 0.000004 0.000004 -1.123112 0.020387 -1.755177
    19 17.848171 0.000000 0.000004 0.000009 0.000000 0.737464
    20 16.525251 0.000000 0.000004 0.017877 0.053191 -1.505575
    21 6.879454 0.000000 0.000008 -0.081332 -0.002951 -0.584373
    22 3.890452 -0.000004 -0.000004 -2.032899 -0.659625 -1.269469
    23 17.848175 0.000000 -0.000004 0.000010 0.000000 0.724341
    24 16.525246 0.000000 0.000004 -0.027283 -0.041156 -1.086324
    25 6.879452 0.000000 0.000000 -0.007311 -0.002944 -0.584342
    26 3.859703 -0.142403 -1.191975 -0.479143 0.152189 -0.879872
    27 1.312565 0.000001 0.000004 0.000000 0.009664 -0.439719
    28 0.729362 0.000002 0.000004 -0.028979 0.117255 -0.451390
    29 3.942326 0.046774 -0.431438 -0.155011 0.073329 -0.810646
    30 1.539093 0.000001 0.000000 0.041407 0.089645 -0.699060
    31 1.196320 -0.000001 0.000004 -0.000002 0.007360 -0.430801
    32 3.883686 -0.046767 0.431446 0.812670 -0.191549 -1.550266
    33 1.719570 0.000002 0.000004 0.194938 -0.171308 -0.606847
    34 1.209183 -0.000001 -0.000004 0.409190 -0.306122 -0.737506
    35 3.859859 -0.137950 1.332462 0.716033 -0.200230 -1.353927
    36 1.719429 0.000002 0.000000 -0.000001 0.004072 -0.363008
    37 1.099670 0.000001 0.000004 0.133914 -0.229713 -0.543027
    38 0.806049 -0.348922 1.321259 -1.148537 -0.413342 -0.685814
    39 1.789787 0.000000 0.000004 0.143112 0.004764 0.680910
    40 1.207001 0.000000 -0.000004 -0.238537 -0.328319 0.202547
    41 3.859665 -0.132565 1.193108 0.479138 -0.158546 -0.879039
    42 1.312561 0.000000 0.000000 0.000000 -0.011932 -0.439671
    43 0.729366 0.000002 0.000000 0.000002 -0.006134 -0.244270
    44 3.942291 0.050330 0.431042 0.154996 -0.079305 -0.810204
    45 1.539097 0.000003 0.000000 0.000000 -0.005853 -0.247769
    46 1.196320 0.000000 0.000000 0.000001 -0.009662 -0.430760
    47 3.883648 -0.050325 -0.431044 -0.034933 -0.082803 -1.461175
    48 1.719574 -0.000005 0.000000 0.000000 -0.007972 -1.498039
    49 1.209183 -0.000001 0.000000 0.000001 -0.004459 -0.216376
    50 3.859825 -0.148935 -1.331284 -0.082074 -0.080252 -1.260988
    51 1.719425 0.000000 0.000000 0.000000 -0.006612 -1.709117
    52 1.099663 0.000000 0.000000 0.000000 -0.004208 -0.244311
    53 0.806015 -0.359835 -1.318335 0.912685 0.357216 -0.682331
    54 1.789780 0.000001 0.000000 0.012436 -0.169953 0.694155
    55 1.207001 0.000000 0.000004 -0.000002 -0.009618 0.362904
    56 2.338451 -1.535743 -6.391512 1.520238 -0.094383 -2.001948
  time 77
    0 -0.002349 -0.589857 34.738676 1.693190 0.000007 -0.719444
    1 0.000005 3.345128 -2.981903 1.570796 0.123096 1.570796
    2 4.018331 0.000000 0.000000 0.054441 -0.042799 0.034481
    3 3.518564 0.000000 0.000000 -0.095603 -0.001979 0.100465
    4 8.942642 0.000000 0.000000 -0.120247 0.021687 0.192790
    5 3.307269 0.000000 -0.000004 -2.676674 -0.310542 0.304883
    6 3.593710 -0.000001 -0.000004 0.431030 0.026594 0.371635
    7 1.999994 -3.000001 0.000004 -1.570753 -0.000007 -1.326410
    8 2.033349 1.000771 -1.937607 -1.633305 1.117634 2.980521
    9 6.028143 0.000002 -0.000004 1.630461 0.001692 -0.582104
    10 11.692545 0.000000 0.000000 0.183641 -0.023466 -1.976570
    11 11.481701 0.000000 0.000000 -1.141199 0.118725 -0.006785
    12 2.676086 -1.712440 0.000000 -1.570795 0.000005 -1.570795
    13 2.033341 1.000767 1.937660 0.859154 -1.303000 -2.741514
    14 6.028140 0.000002 0.000000 -1.512752 -0.436837 -0.616914
    15 11.692553 0.000000 0.000011 -0.711747 0.466856 -1.626303
    16 11.481667 0.000000 -0.000031 1.617377 -0.034172 0.028287
    17 2.676086 -1.712440 0.000004 1.570797 0.000001 1.570797
    18 -3.890452 0.000004 0.000004 -1.122994 0.020729 -1.754666
    19 17.848171 0.000000 0.000004 0.000009 0.000000 0.735745
    20 16.525251 0.000000 0.000004 0.017965 0.053162 -1.503866
    21 6.879454 0.000000 0.000008 -0.081332 -0.002951 -0.584373
    22 3.890452 -0.000004 -0.000004 -2.032165 -0.658615 -1.270157
    23 17.848175 0.000000 -0.000004 0.000010 0.000000 0.721649
    24 16.525246 0.000000 0.000004 -0.027371 -0.041102 -1.084455
    25 6.879452 0.000000 0.000000 -0.007311 -0.002944 -0.584342
    26 3.859703 -0.142403 -1.191975 -0.479143 0.152189 -0.879872
    27 1.312565 0.000001 0.000004 0.000000 0.009664 -0.439719
    28 0.729362 0.000002 0.000004 -0.028979 0.117255 -0.451390
    29 3.942326 0.046774 -0.431438 -0.155011 0.073329 -0.810646
    30 1.539093 0.000001 0.000000 0.041407 0.089645 -0.699060
    31 1.196320 -0.000001 0.000004 -0.000002 0.007360 -0.430801
    32 3.883686 -0.046767 0.431446 0.812670 -0.191549 -1.550266
    33 1.719570 0.000002 0.000004 0.194938 -0.171308 -0.606847
    34 1.209183 -0.000001 -0.000004 0.409190 -0.306122 -0.737506
    35 3.859859 -0.137950 1.332462 0.716033 -0.200230 -1.353927
    36 1.719429 0.000002 0.000000 -0.000001 0.004072 -0.363008
    37 1.099670 0.000001 0.000004 0.133914 -0.229713 -0.543027
    38 0.806049 -0.348922 1.321259 -1.148537 -0.413342 -0.685814
    39 1.789787 0.000000 0.000004 0.143112 0.004764 0.680910
    40 1.207001 0.000000 -0.000004 -0.238537 -0.328319 0.202547
    41 3.859665 -0.132565 1.193108 0.479138 -0.158546 -0.879039
    42 1.312561 0.000000 0.000000 0.000000 -0.011932 -0.439671
    43 0.729366 0.000002 0.000000 0.000002 -0.006134 -0.244270
    44 3.942291 0.050330 0.431042 0.154996 -0.079305 -0.810204
    45 1.539097 0.000003 0.000000 0.000000 -0.005853 -0.247769
    46 1.196320 0.000000 0.000000 0.000001 -0.009662 -0.430760
    47 3.883648 -0.050325 -0.431044 -0.034933 -0.082803 -1.461175
    48 1.719574 -0.000005 0.000000 0.000000 -0.007972 -1.498039
    49 1.209183 -0.000001 0.000000 0.000001 -0.004459 -0.216376
    50 3.859825 -0.148935 -1.331284 -0.082074 -0.080252 -1.260988
    51 1.719425 0.000000 0.000000 0.000000 -0.006612 -1.709117
    52 1.099663 0.000000 0.000000 0.000000 -0.004208 -0.244311
    53 0.806015 -0.359835 -1.318335 0.912685 0.357216 -0.682331
    54 1.789780 0.000001 0.000000 0.012436 -0.169953 0.694155
    55 1.207001 0.000000 0.000004 -0.000002 -0.009618 0.362904
    56 2.338451 -1.535743 -6.391512 1.520238 -0.094383 -2.001948
  time 78
    0 -0.002349 -0.582044 34.754301 1.693190 0.000007 -0.719444
    1 0.000005 3.345128 -2.981903 1.570796 0.123096 1.570796
    2 4.018331 0.000000 0.000000 0.054441 -0.042799 0.034481
    3 3.518564 0.000000 0.000000 -0.095603 -0.001979 0.100465
    4 8.942642 0.000000 0.000000 -0.120247 0.021687 0.192790
    5 3.307269 0.000000 -0.000004 -2.676674 -0.310542 0.304883
    6 3.593710 -0.000001 -0.000004 0.431030 0.026917 0.370931
    7 1.999994 -3.000001 0.000004 -1.570753 -0.000007 -1.326410
    8 2.033349 1.000771 -1.937607 -1.633305 1.117634 2.980521
    9 6.028143 0.000002 -0.000004 1.631656 0.000367 -0.582740
    10 11.692545 0.000000 0.000000 0.183689 -0.023202 -1.978017
    11 11.481701 0.000000 0.000000 -1.141199 0.118725 -0.006785
    12 2.676086 -1.712440 0.000000 -1.570795 0.000005 -1.570795
    13 2.033341 1.000767 1.937660 0.859154 -1.303000 -2.741514
    14 6.028140 0.000002 0.000000 -1.512226 -0.436331 -0.617656
    15 11.692553 0.000000 0.000011 -0.711747 0.466856 -1.626303
    16 11.481667 0.000000 -0.000031 1.617377 -0.034172 0.028287
    17 2.676086 -1.712440 0.000004 1.570797 0.000001 1.570797
    18 -3.890452 0.000004 0.000004 -1.122876 0.021072 -1.754154
    19 17.848171 0.000000 0.000004 0.000009 0.000000 0.734176
    20 16.525251 0.000000 0.000004 0.018054 0.053132 -1.502257
    21 6.879454 0.000000 0.000008 -0.081332 -0.002951 -0.584373
    22 3.890452 -0.000004 -0.000004 -2.032165 -0.657563 -1.270569
    23 17.848175 0.000000 -0.000004 0.000010 0.000000 0.719082
    24 16.525246 0.000000 0.000004 -0.027445 -0.041066 -1.082706
    25 6.879452 0.000000 0.000000 -0.007299 -0.002944 -0.584342
    26 3.859703 -0.142403 -1.191975 -0.479143 0.152189 -0.879872
    27 1.312565 0.000001 0.000004 0.000000 0.009664 -0.439719
    28 0.729362 0.000002 0.000004 -0.028979 0.117255 -0.451390
    29 3.942326 0.046774 -0.431438 -0.155011 0.073329 -0.810646
    30 1.539093 0.000001 0.000000 0.041407 0.089645 -0.699060
    31 1.196320 -0.000001 0.000004 -0.000002 0.007360 -0.430801
    32 3.883686 -0.046767 0.431446 0.812670 -0.191549 -1.550266
    33 1.719570 0.000002 0.000004 0.194938 -0.171308 -0.606847
    34 1.209183 -0.000001 -0.000004 0.409190 -0.306122 -0.737506
    35 3.859859 -0.137950 1.332462 0.716033 -0.200230 -1.353927
    36 1.719429 0.000002 0.000000 -0.000001 0.004072 -0.363008
    37 1.099670 0.000001 0.000004 0.133914 -0.229713 -0.543027
    38 0.806049 -0.348922 1.321259 -1.148537 -0.413342 -0.685814
    39 1.789787 0.000000 0.000004 0.143112 0.004764 0.680910
    40 1.207001 0.000000 -0.000004 -0.238537 -0.328319 0.202547
    41 3.859665 -0.132565 1.193108 0.479138 -0.158546 -0.879039
    42 1.312561 0.000000 0.000000 0.000000 -0.011932 -0.439671
    43 0.729366 0.000002 0.000000 0.000002 -0.006134 -0.244270
    44 3.942291 0.050330 0.431042 0.154996 -0.079305 -0.810204
    45 1.539097 0.000003 0.000000 0.000000 -0.005853 -0.247769
    46 1.196320 0.000000 0.000000 0.000001 -0.009662 -0.430760
    47 3.883648 -0.050325 -0.431044 -0.034933 -0.082803 -1.461175
    48 1.719574 -0.000005 0.000000 0.000000 -0.007972 -1.498039
    49 1.209183 -0.000001 0.000000 0.000001 -0.004459 -0.216376
    50 3.859825 -0.148935 -1.331284 -0.082074 -0.080252 -1.260988
    51 1.719425 0.000000 0.000000 0.000000 -0.006612 -1.709117
    52 1.099663 0.000000 0.000000 0.000000 -0.004208 -0.244311
    53 0.806015 -0.359835 -1.318335 0.912685 0.357216 -0.682331
    54 1.789780 0.000001 0.000000 0.012436 -0.169953 0.694155
    55 1.207001 0.000000 0.000004 -0.000002 -0.009618 0.362904
    56 2.338451 -1.535743 -6.391512 1.520238 -0.094383 -2.001948
  time 79
    0 -0.002349 -0.574231 34.766020 1.693190 0.000007 -0.719444
    1 0.000005 3.345128 -2.981903 1.570796 0.123096 1.570796
    2 4.018331 0.000000 0.000000 0.054441 -0.042799 0.034481
    3 3.518564 0.000000 0.000000 -0.095603 -0.001979 0.100465
    4 8.942642 0.000000 0.000000 -0.120247 0.021687 0.192790
    5 3.307269 0.000000 -0.000004 -2.676674 -0.310542 0.304883
    6 3.593710 -0.000001 -0.000004 0.431030 0.027229 0.370262
    7 1.999994 -3.000001 0.000004 -1.570800 -0.000007 -1.326410
    8 2.033349 1.000771 -1.937607 -1.633305 1.117634 2.980521
    9 6.028143 0.000002 -0.000004 1.632850 -0.000889 -0.583377
    10 11.692545 0.000000 0.000000 0.183725 -0.022950 -1.979333
    11 11.481701 0.000000 0.000000 -1.141199 0.118725 -0.006785
    12 2.676086 -1.712440 0.000000 -1.570795 0.000005 -1.570795
    13 2.033341 1.000767 1.937660 0.859154 -1.303000 -2.741514
    14 6.028140 0.000002 0.000000 -1.511758 -0.435825 -0.618358
    15 11.692553 0.000000 0.000011 -0.711747 0.466856 -1.626303
    16 11.481667 0.000000 -0.000031 1.617377 -0.034172 0.028287
    17 2.676086 -1.712440 0.000004 1.570797 0.000001 1.570797
    18 -3.890452 0.000004 0.000004 -1.122758 0.021386 -1.753707
    19 17.848171 0.000000 0.000004 0.000009 0.000000 0.732755
    20 16.525251 0.000000 0.000004 0.018142 0.053103 -1.500749
    21 6.879454 0.000000 0.000008 -0.081332 -0.002951 -0.584373
    22 3.890452 -0.000004 -0.000004 -2.031839 -0.656553 -1.271119
    23 17.848175 0.000000 -0.000004 0.000010 0.000000 0.716703
    24 16.525246 0.000000 0.000004 -0.027503 -0.041011 -1.081018
    25 6.879452 0.000000 0.000000 -0.007311 -0.002944 -0.584342
    26 3.859703 -0.142403 -1.191975 -0.479143 0.152189 -0.879872
    27 1.312565 0.000001 0.000004 0.000000 0.009664 -0.439719
    28 0.729362 0.000002 0.000004 -0.028979 0.117255 -0.451390
    29 3.942326 0.046774 -0.431438 -0.155011 0.073329 -0.810646
    30 1.539093 0.000001 0.000000 0.041407 0.089645 -0.699060
    31 1.196320 -0.000001 0.000004 -0.000002 0.007360 -0.430801
    32 3.883686 -0.046767 0.431446 0.812670 -0.191549 -1.550266
    33 1.719570 0.000002 0.000004 0.194938 -0.171308 -0.606847
    34 1.209183 -0.000001 -0.000004 0.409190 -0.306122 -0.737506
    35 3.859859 -0.137950 1.332462 0.716033 -0.200230 -1.353927
    36 1.719429 0.000002 0.000000 -0.000001 0.004072 -0.363008
    37 1.099670 0.000001 0.000004 0.133914 -0.229713 -0.543027
    38 0.806049 -0.348922 1.321259 -1.148537 -0.413342 -0.685814
    39 1.789787 0.000000 0.000004 0.143112 0.004764 0.680910
    40 1.207001 0.000000 -0.000004 -0.238537 -0.328319 0.202547
    41 3.859665 -0.132565 1.193108 0.479138 -0.158546 -0.879039
    42 1.312561 0.000000 0.000000 0.000000 -0.011932 -0.439671
    43 0.729366 0.000002 0.000000 0.000002 -0.006134 -0.244270
    44 3.942291 0.050330 0.431042 0.154996 -0.079305 -0.810204
    45 1.539097 0.000003 0.000000 0.000000 -0.005853 -0.247769
    46 1.196320 0.000000 0.000000 0.000001 -0.009662 -0.430760
    47 3.883648 -0.050325 -0.431044 -0.034933 -0.082803 -1.461175
    48 1.719574 -0.000005 0.000000 0.000000 -0.007972 -1.498039
    49 1.209183 -0.000001 0.000000 0.000001 -0.004459 -0.216376
    50 3.859825 -0.148935 -1.331284 -0.082074 -0.080252 -1.260988
    51 1.719425 0.000000 0.000000 0.000000 -0.006612 -1.709117
    52 1.099663 0.000000 0.000000 0.000000 -0.004208 -0.244311
    53 0.806015 -0.359835 -1.318335 0.912685 0.357216 -0.682331
    54 1.789780 0.000001 0.000000 0.012436 -0.169953 0.694155
    55 1.207001 0.000000 0.000004 -0.000002 -0.009618 0.362904
    56 2.338451 -1.535743 -6.391512 1.520238 -0.094383 -2.001948
  time 80
    0 -0.002349 -0.566419 34.777739 1.693190 0.000007 -0.719444
    1 0.000005 3.345128 -2.981903 1.570796 0.123096 1.570796
    2 4.018331 0.000000 0.000000 0.054441 -0.042799 0.034481
    3 3.518564 0.000000 0.000000 -0.095603 -0.001979 0.100465
    4 8.942642 0.000000 0.000000 -0.120247 0.021687 0.192790
    5 3.307269 0.000000 -0.000004 -2.676674 -0.310542 0.304883
    6 3.593710 -0.000001 -0.000004 0.430984 0.027517 0.369629
    7 1.999994 -3.000001 0.000004 -1.570753 -0.000007 -1.326410
    8 2.033349 1.000771 -1.937607 -1.633305 1.117634 2.980521
    9 6.028143 0.000002 -0.000004 1.633953 -0.002057 -0.583942
    10 11.692545 0.000000 0.000000 0.183773 -0.022711 -1.980648
    11 11.481701 0.000000 0.000000 -1.141199 0.118725 -0.006785
    12 2.676086 -1.712440 0.000000 -1.570795 0.000005 -1.570795
    13 2.033341 1.000767 1.937660 0.859154 -1.303000 -2.741514
    14 6.028140 0.000002 0.000000 -1.511349 -0.435386 -0.619022
    15 11.692553 0.000000 0.000011 -0.711747 0.466856 -1.626303
    16 11.481667 0.000000 -0.000031 1.617377 -0.034172 0.028287
    17 2.676086 -1.712440 0.000004 1.570797 0.000001 1.570797
    18 -3.890452 0.000004 0.000004 -1.122345 0.021728 -1.753387
    19 17.848171 0.000000 0.000004 0.000009 0.000000 0.731335
    20 16.525251 0.000000 0.000004 0.018213 0.053088 -1.499342
    21 6.879454 0.000000 0.000008 -0.081332 -0.002951 -0.584373
    22 3.890452 -0.000004 -0.000004 -2.031512 -0.655712 -1.271532
    23 17.848175 0.000000 -0.000004 0.000010 0.000000 0.714449
    24 16.525246 0.000000 0.000004 -0.027576 -0.040975 -1.079511
    25 6.879452 0.000000 0.000000 -0.007299 -0.002944 -0.584342
    26 3.859703 -0.142403 -1.191975 -0.479143 0.152189 -0.879872
    27 1.312565 0.000001 0.000004 0.000000 0.009664 -0.439719
    28 0.729362 0.000002 0.000004 -0.028979 0.117255 -0.451390
    29 3.942326 0.046774 -0.431438 -0.155011 0.073329 -0.810646
    30 1.539093 0.000001 0.000000 0.041407 0.089645 -0.699060
    31 1.196320 -0.000001 0.000004 -0.000002 0.007360 -0.430801
    32 3.883686 -0.046767 0.431446 0.812670 -0.191549 -1.550266
    33 1.719570 0.000002 0.000004 0.194938 -0.171308 -0.606847
    34 1.209183 -0.000001 -0.000004 0.409190 -0.306122 -0.737506
    35 3.859859 -0.137950 1.332462 0.716033 -0.200230 -1.353927
    36 1.719429 0.000002 0.000000 -0.000001 0.004072 -0.363008
    37 1.099670 0.000001 0.000004 0.133914 -0.229713 -0.543027
    38 0.806049 -0.348922 1.321259 -1.148537 -0.413342 -0.685814
    39 1.789787 0.000000 0.000004 0.143112 0.004764 0.680910
    40 1.207001 0.000000 -0.000004 -0.238537 -0.328319 0.202547
    41 3.859665 -0.132565 1.193108 0.479138 -0.158546 -0.879039
    42 1.312561 0.000000 0.000000 0.000000 -0.011932 -0.439671
    43 0.729366 0.000002 0.000000 0.000002 -0.006134 -0.244270
    44 3.942291 0.050330 0.431042 0.154996 -0.079305 -0.810204
    45 1.539097 0.000003 0.000000 0.000000 -0.005853 -0.247769
    46 1.196320 0.000000 0.000000 0.000001 -0.009662 -0.430760
    47 3.883648 -0.050325 -0.431044 -0.034933 -0.082803 -1.461175
    48 1.719574 -0.000005 0.000000 0.000000 -0.007972 -1.498039
    49 1.209183 -0.000001 0.000000 0.000001 -0.004459 -0.216376
    50 3.859825 -0.148935 -1.331284 -0.082074 -0.080252 -1.260988
    51 1.719425 0.000000 0.000000 0.000000 -0.006612 -1.709117
    52 1.099663 0.000000 0.000000 0.000000 -0.004208 -0.244311
    53 0.806015 -0.359835 -1.318335 0.912685 0.357216 -0.682331
    54 1.789780 0.000001 0.000000 0.012436 -0.169953 0.694155
    55 1.207001 0.000000 0.000004 -0.000002 -0.009618 0.362904
    56 2.338451 -1.535743 -6.391512 1.520238 -0.094383 -2.001948
  time 81
    0 -0.002349 -0.562512 34.789458 1.693190 0.000007 -0.719444
    1 0.000005 3.345128 -2.981903 1.570796 0.123096 1.570796
    2 4.018331 0.000000 0.000000 0.054441 -0.042799 0.034481
    3 3.518564 0.000000 0.000000 -0.095603 -0.001979 0.100465
    4 8.942642 0.000000 0.000000 -0.120247 0.021687 0.192790
    5 3.307269 0.000000 -0.000004 -2.676674 -0.310542 0.304883
    6 3.593710 -0.000001 -0.000004 0.430984 0.027780 0.369031
    7 1.999994 -3.000001 0.000004 -1.570753 -0.000007 -1.326410
    8 2.033349 1.000771 -1.937607 -1.633305 1.117634 2.980521
    9 6.028143 0.000002 -0.000004 1.634872 -0.003138 -0.584437
    10 11.692545 0.000000 0.000000 0.183797 -0.022495 -1.981766
    11 11.481701 0.000000 0.000000 -1.141199 0.118725 -0.006785
    12 2.676086 -1.712440 0.000000 -1.570795 0.000005 -1.570795
    13 2.033341 1.000767 1.937660 0.859154 -1.303000 -2.741514
    14 6.028140 0.000002 0.000000 -1.510940 -0.434982 -0.619607
    15 11.692553 0.000000 0.000011 -0.711747 0.466856 -1.626303
    16 11.481667 0.000000 -0.000031 1.617377 -0.034172 0.028287
    17 2.676086 -1.712440 0.000004 1.570797 0.000001 1.570797
    18 -3.890452 0.000004 0.000004 -1.122581 0.021956 -1.752876
    19 17.848171 0.000000 0.000004 0.000009 0.000000 0.730064
    20 16.525251 0.000000 0.000004 0.018283 0.053059 -1.498035
    21 6.879454 0.000000 0.000008 -0.081332 -0.002951 -0.584373
    22 3.890452 -0.000004 -0.000004 -2.031268 -0.654828 -1.272013
    23 17.848175 0.000000 -0.000004 0.000010 0.000000 0.712320
    24 16.525246 0.000000 0.000004 -0.027635 -0.040939 -1.078064
    25 6.879452 0.000000 0.000000 -0.007299 -0.002944 -0.584342
    26 3.859703 -0.142403 -1.191975 -0.479143 0.152189 -0.879872
    27 1.312565 0.000001 0.000004 0.000000 0.009664 -0.439719
    28 0.729362 0.000002 0.000004 -0.028979 0.117255 -0.451390
    29 3.942326 0.046774 -0.431438 -0.155011 0.073329 -0.810646
    30 1.539093 0.000001 0.000000 0.041407 0.089645 -0.699060
    31 1.196320 -0.000001 0.000004 -0.000002 0.007360 -0.430801
    32 3.883686 -0.046767 0.431446 0.812670 -0.191549 -1.550266
    33 1.719570 0.000002 0.000004 0.194938 -0.171308 -0.606847
    34 1.209183 -0.000001 -0.000004 0.409190 -0.306122 -0.737506
    35 3.859859 -0.137950 1.332462 0.716033 -0.200230 -1.353927
    36 1.719429 0.000002 0.000000 -0.000001 0.004072 -0.363008
    37 1.099670 0.000001 0.000004 0.133914 -0.229713 -0.543027
    38 0.806049 -0.348922 1.321259 -1.148537 -0.413342 -0.685814
    39 1.789787 0.000000 0.000004 0.143112 0.004764 0.680910
    40 1.207001 0.000000 -0.000004 -0.238537 -0.328319 0.202547
    41 3.859665 -0.132565 1.193108 0.479138 -0.158546 -0.879039
    42 1.312561 0.000000 0.000000 0.000000 -0.011932 -0.439671
    43 0.729366 0.000002 0.000000 0.000002 -0.006134 -0.244270
    44 3.942291 0.050330 0.431042 0.154996 -0.079305 -0.810204
    45 1.539097 0.000003 0.000000 0.000000 -0.005853 -0.247769
    46 1.196320 0.000000 0.000000 0.000001 -0.009662 -0.430760
    47 3.883648 -0.050325 -0.431044 -0.034933 -0.082803 -1.461220
    48 1.719574 -0.000005 0.000000 0.000000 -0.007972 -1.498039
    49 1.209183 -0.000001 0.000000 0.000001 -0.004459 -0.216376
    50 3.859825 -0.148935 -1.331284 -0.082074 -0.080252 -1.260988
    51 1.719425 0.000000 0.000000 0.000000 -0.006612 -1.709117
    52 1.099663 0.000000 0.000000 0.000000 -0.004208 -0.244311
    53 0.806015 -0.359835 -1.318335 0.912685 0.357216 -0.682331
    54 1.789780 0.000001 0.000000 0.012436 -0.169953 0.694155
    55 1.207001 0.000000 0.000004 -0.000002 -0.009618 0.362904
    56 2.338451 -1.535743 -6.391512 1.520238 -0.094383 -2.001948
  time 82
    0 -0.002349 -0.554699 34.801178 1.693190 0.000007 -0.719444
    1 0.000005 3.345128 -2.981903 1.570796 0.123096 1.570796
    2 4.018331 0.000000 0.000000 0.054441 -0.042799 0.034481
    3 3.518564 0.000000 0.000000 -0.095603 -0.001979 0.100465
    4 8.942642 0.000000 0.000000 -0.120247 0.021687 0.192790
    5 3.307269 0.000000 -0.000004 -2.676674 -0.310542 0.304883
    6 3.593710 -0.000001 -0.000004 0.430984 0.028020 0.368503
    7 1.999994 -3.000001 0.000004 -1.570753 -0.000007 -1.326410
    8 2.033349 1.000771 -1.937607 -1.633305 1.117634 2.980521
    9 6.028143 0.000002 -0.000004 1.635791 -0.004115 -0.584931
    10 11.692545 0.000000 0.000000 0.183833 -0.022303 -1.982884
    11 11.481701 0.000000 0.000000 -1.141199 0.118725 -0.006785
    12 2.676086 -1.712440 0.000000 -1.570795 0.000005 -1.570795
    13 2.033341 1.000767 1.937660 0.859154 -1.303000 -2.741514
    14 6.028140 0.000002 0.000000 -1.510589 -0.434611 -0.620192
    15 11.692553 0.000000 0.000011 -0.711747 0.466856 -1.626303
    16 11.481667 0.000000 -0.000031 1.617377 -0.034172 0.028287
    17 2.676086 -1.712440 0.000004 1.570797 0.000001 1.570797
    18 -3.890452 0.000004 0.000004 -1.122463 0.022184 -1.752556
    19 17.848171 0.000000 0.000004 0.000009 0.000000 0.728868
    20 16.525251 0.000000 0.000004 0.018354 0.053045 -1.496828
    21 6.879454 0.000000 0.000008 -0.081332 -0.002951 -0.584373
    22 3.890452 -0.000004 -0.000004 -2.030533 -0.654113 -1.272563
    23 17.848175 0.000000 -0.000004 0.000010 0.000000 0.710442
    24 16.525246 0.000000 0.000004 -0.027693 -0.040903 -1.076798
    25 6.879452 0.000000 0.000000 -0.007311 -0.002944 -0.584342
    26 3.859703 -0.142403 -1.191975 -0.479143 0.152189 -0.879872
    27 1.312565 0.000001 0.000004 0.000000 0.009664 -0.439719
    28 0.729362 0.000002 0.000004 -0.028979 0.117255 -0.451390
    29 3.942326 0.046774 -0.431438 -0.155011 0.073329 -0.810646
    30 1.539093 0.000001 0.000000 0.041407 0.089645 -0.699060
    31 1.196320 -0.000001 0.000004 -0.000002 0.007360 -0.430801
    32 3.883686 -0.046767 0.431446 0.812670 -0.191549 -1.550266
    33 1.719570 0.000002 0.000004 0.194938 -0.171308 -0.606847
    34 1.209183 -0.000001 -0.000004 0.409190 -0.306122 -0.737506
    35 3.859859 -0.137950 1.332462 0.716033 -0.200230 -1.353927
    36 1.719429 0.000002 0.000000 -0.000001 0.004072 -0.363008
    37 1.099670 0.000001 0.000004 0.133914 -0.229713 -0.543027
    38 0.806049 -0.348922 1.321259 -1.148537 -0.413342 -0.685814
    39 1.789787 0.000000 0.000004 0.143112 0.004764 0.680910
    40 1.207001 0.000000 -0.000004 -0.238537 -0.328319 0.202547
    41 3.859665 -0.132565 1.193108 0.479138 -0.158546 -0.879039
    42 1.312561 0.000000 0.000000 0.000000 -0.011932 -0.439671
    43 0.729366 0.000002 0.000000 0.000002 -0.006134 -0.244270
    44 3.942291 0.050330 0.431042 0.154996 -0.079305 -0.810204
    45 1.539097 0.000003 0.000000 0.000000 -0.005853 -0.247769
    46 1.196320 0.000000 0.000000 0.000001 -0.009662 -0.430760
    47 3.883648 -0.050325 -0.431044 -0.034933 -0.082803 -1.461175
    48 1.719574 -0.000005 0.000000 0.000000 -0.007972 -1.498039
    49 1.209183 -0.000001 0.000000 0.000001 -0.004459 -0.216376
    50 3.859825 -0.148935 -1.331284 -0.082074 -0.080252 -1.260988
    51 1.719425 0.000000 0.000000 0.000000 -0.006612 -1.709117
    52 1.099663 0.000000 0.000000 0.000000 -0.004208 -0.244311
    53 0.806015 -0.359835 -1.318335 0.912685 0.357216 -0.682331
    54 1.789780 0.000001 0.000000 0.012436 -0.169953 0.694155
    55 1.207001 0.000000 0.000004 -0.000002 -0.009618 0.362904
    56 2.338451 -1.535743 -6.391512 1.520238 -0.094383 -2.001948
  time 83
    0 -0.002349 -0.550793 34.808990 1.693190 0.000007 -0.719444
    1 0.000005 3.345128 -2.981903 1.570796 0.123096 1.570796
    2 4.018331 0.000000 0.000000 0.054441 -0.042799 0.034481
    3 3.518564 0.000000 0.000000 -0.095603 -0.001979 0.100465
    4 8.942642 0.000000 0.000000 -0.120247 0.021687 0.192790
    5 3.307269 0.000000 -0.000004 -2.676674 -0.310542 0.304883
    6 3.593710 -0.000001 -0.000004 0.430984 0.028248 0.368045
    7 1.999994 -3.000001 0.000004 -1.570753 -0.000007 -1.326410
    8 2.033349 1.000771 -1.937607 -1.633305 1.117634 2.980521
    9 6.028143 0.000002 -0.000004 1.636618 -0.005004 -0.585356
    10 11.692545 0.000000 0.000000 0.183857 -0.022124 -1.983805
    11 11.481701 0.000000 0.000000 -1.141199 0.118725 -0.006785
    12 2.676086 -1.712440 0.000000 -1.570795 0.000005 -1.570795
    13 2.033341 1.000767 1.937660 0.859154 -1.303000 -2.741514
    14 6.028140 0.000002 0.000000 -1.510238 -0.434273 -0.620661
    15 11.692553 0.000000 0.000011 -0.711747 0.466856 -1.626303
    16 11.481667 0.000000 -0.000031 1.617377 -0.034172 0.028287
    17 2.676086 -1.712440 0.000004 1.570797 0.000001 1.570797
    18 -3.890452 0.000004 0.000004 -1.122404 0.022441 -1.752173
    19 17.848171 0.000000 0.000004 0.000009 0.000000 0.727822
    20 16.525251 0.000000 0.000004 0.018407 0.053030 -1.495772
    21 6.879454 0.000000 0.000008 -0.081332 -0.002951 -0.584373
    22 3.890452 -0.000004 -0.000004 -2.030697 -0.653355 -1.272838
    23 17.848175 0.000000 -0.000004 0.000010 0.000000 0.708752
    24 16.525246 0.000000 0.000004 -0.027737 -0.040885 -1.075592
    25 6.879452 0.000000 0.000000 -0.007299 -0.002944 -0.584342
    26 3.859703 -0.142403 -1.191975 -0.479143 0.152189 -0.879872
    27 1.312565 0.000001 0.000004 0.000000 0.009664 -0.439719
    28 0.729362 0.000002 0.000004 -0.028979 0.117255 -0.451390
    29 3.942326 0.046774 -0.431438 -0.155011 0.073329 -0.810646
    30 1.539093 0.000001 0.000000 0.041407 0.089645 -0.699060
    31 1.196320 -0.000001 0.000004 -0.000002 0.007360 -0.430801
    32 3.883686 -0.046767 0.431446 0.812670 -0.191549 -1.550266
    33 1.719570 0.000002 0.000004 0.194938 -0.171308 -0.606847
    34 1.209183 -0.000001 -0.000004 0.409190 -0.306122 -0.737506
    35 3.859859 -0.137950 1.332462 0.716033 -0.200230 -1.353927
    36 1.719429 0.000002 0.000000 -0.000001 0.004072 -0.363008
    37 1.099670 0.000001 0.000004 0.133914 -0.229713 -0.543027
    38 0.806049 -0.348922 1.321259 -1.148537 -0.413342 -0.685814
    39 1.789787 0.000000 0.000004 0.143112 0.004764 0.680910
    40 1.207001 0.000000 -0.000004 -0.238537 -0.328319 0.202547
    41 3.859665 -0.132565 1.193108 0.479138 -0.158546 -0.879039
    42 1.312561 0.000000 0.000000 0.000000 -0.011932 -0.439671
    43 0.729366 0.000002 0.000000 0.000002 -0.006134 -0.244270
    44 3.942291 0.050330 0.431042 0.154996 -0.079305 -0.810204
    45 1.539097 0.000003 0.000000 0.000000 -0.005853 -0.247769
    46 1.196320 0.000000 0.000000 0.000001 -0.009662 -0.430760
    47 3.883648 -0.050325 -0.431044 -0.034933 -0.082803 -1.461175
    48 1.719574 -0.000005 0.000000 0.000000 -0.007972 -1.498039
    49 1.209183 -0.000001 0.000000 0.000001 -0.004459 -0.216376
    50 3.859825 -0.148935 -1.331284 -0.082074 -0.080252 -1.260988
    51 1.719425 0.000000 0.000000 0.000000 -0.006612 -1.709117
    52 1.099663 0.000000 0.000000 0.000000 -0.004208 -0.244311
    53 0.806015 -0.359835 -1.318335 0.912685 0.357216 -0.682331
    54 1.789780 0.000001 0.000000 0.012436 -0.169953 0.694155
    55 1.207001 0.000000 0.000004 -0.000002 -0.009618 0.362904
    56 2.338451 -1.535743 -6.391512 1.520238 -0.094383 -2.001948
  time 84
    0 -0.002349 -0.546887 34.816803 1.693190 0.000007 -0.719444
    1 0.000005 3.345128 -2.981903 1.570796 0.123096 1.570796
    2 4.018331 0.000000 0.000000 0.054441 -0.042799 0.034481
    3 3.518564 0.000000 0.000000 -0.095603 -0.001979 0.100465
    4 8.942642 0.000000 0.000000 -0.120247 0.021687 0.192790
    5 3.307269 0.000000 -0.000004 -2.676674 -0.310542 0.304883
    6 3.593710 -0.000001 -0.000004 0.430984 0.028439 0.367623
    7 1.999994 -3.000001 0.000004 -1.570800 -0.000007 -1.326410
    8 2.033349 1.000771 -1.937607 -1.633305 1.117634 2.980521
    9 6.028143 0.000002 -0.000004 1.637353 -0.005788 -0.585744
    10 11.692545 0.000000 0.000000 0.183893 -0.021968 -1.984660
    11 11.481701 0.000000 0.000000 -1.141199 0.118725 -0.006785
    12 2.676086 -1.712440 0.000000 -1.570795 0.000005 -1.570795
    13 2.033341 1.000767 1.937660 0.859154 -1.303000 -2.741514
    14 6.028140 0.000002 0.000000 -1.509946 -0.433970 -0.621129
    15 11.692553 0.000000 0.000011 -0.711747 0.466856 -1.626303
    16 11.481667 0.000000 -0.000031 1.617377 -0.034172 0.028287
    17 2.676086 -1.712440 0.000004 1.570797 0.000001 1.570797
    18 -3.890452 0.000004 0.000004 -1.122345 0.022612 -1.751917
    19 17.848171 0.000000 0.000004 0.000009 0.000000 0.726925
    20 16.525251 0.000000 0.000004 0.018460 0.053015 -1.494817
    21 6.879454 0.000000 0.000008 -0.081332 -0.002951 -0.584373
    22 3.890452 -0.000004 -0.000004 -2.030533 -0.652724 -1.273182
    23 17.848175 0.000000 -0.000004 0.000010 0.000000 0.707187
    24 16.525246 0.000000 0.000004 -0.027781 -0.040849 -1.074567
    25 6.879452 0.000000 0.000000 -0.007311 -0.002944 -0.584342
    26 3.859703 -0.142403 -1.191975 -0.479143 0.152189 -0.879872
    27 1.312565 0.000001 0.000004 0.000000 0.009664 -0.439719
    28 0.729362 0.000002 0.000004 -0.028979 0.117255 -0.451390
    29 3.942326 0.046774 -0.431438 -0.155011 0.073329 -0.810646
    30 1.539093 0.000001 0.000000 0.041407 0.089645 -0.699060
    31 1.196320 -0.000001 0.000004 -0.000002 0.007360 -0.430801
    32 3.883686 -0.046767 0.431446 0.812670 -0.191549 -1.550266
    33 1.719570 0.000002 0.000004 0.194938 -0.171308 -0.606847
    34 1.209183 -0.000001 -0.000004 0.409190 -0.306122 -0.737506
    35 3.859859 -0.137950 1.332462 0.716033 -0.200230 -1.353927
    36 1.719429 0.000002 0.000000 -0.000001 0.004072 -0.363008
    37 1.099670 0.000001 0.000004 0.133914 -0.229713 -0.543027
    38 0.806049 -0.348922 1.321259 -1.148537 -0.413342 -0.685814
    39 1.789787 0.000000 0.000004 0.143112 0.004764 0.680910
    40 1.207001 0.000000 -0.000004 -0.238537 -0.328319 0.202547
    41 3.859665 -0.132565 1.193108 0.479138 -0.158546 -0.879039
    42 1.312561 0.000000 0.000000 0.000000 -0.011932 -0.439671
    43 0.729366 0.000002 0.000000 0.000002 -0.006134 -0.244270
    44 3.942291 0.050330 0.431042 0.154996 -0.079305 -0.810204
    45 1.539097 0.000003 0.000000 0.000000 -0.005853 -0.247769
    46 1.196320 0.000000 0.000000 0.000001 -0.009662 -0.430760
    47 3.883648 -0.050325 -0.431044 -0.034933 -0.082803 -1.461175
    48 1.719574 -0.000005 0.000000 0.000000 -0.007972 -1.498039
    49 1.209183 -0.000001 0.000000 0.000001 -0.004459 -0.216376
    50 3.859825 -0.148935 -1.331284 -0.082074 -0.080252 -1.260988
    51 1.719425 0.000000 0.000000 0.000000 -0.006612 -1.709117
    52 1.099663 0.000000 0.000000 0.000000 -0.004208 -0.244311
    53 0.806015 -0.359835 -1.318335 0.912685 0.357216 -0.682331
    54 1.789780 0.000001 0.000000 0.012436 -0.169953 0.694155
    55 1.207001 0.000000 0.000004 -0.000002 -0.009618 0.362904
    56 2.338451 -1.535743 -6.391512 1.520238 -0.094383 -2.001948
  time 85
    0 -0.002349 -0.542980 34.824616 1.693190 0.000007 -0.719444
    1 0.000005 3.345128 -2.981903 1.570796 0.123096 1.570796
    2 4.018331 0.000000 0.000000 0.054441 -0.042799 0.034481
    3 3.518564 0.000000 0.000000 -0.095603 -0.001979 0.100465
    4 8.942642 0.000000 0.000000 -0.120247 0.021687 0.192790
    5 3.307269 0.000000 -0.000004 -2.676674 -0.310542 0.304883
    6 3.593710 -0.000001 -0.000004 0.430938 0.028607 0.367271
    7 1.999994 -3.000001 0.000004 -1.570800 -0.000007 -1.326410
    8 2.033349 1.000771 -1.937607 -1.633305 1.117634 2.980521
    9 6.028143 0.000002 -0.000004 1.637997 -0.006469 -0.586062
    10 11.692545 0.000000 0.000000 0.183905 -0.021824 -1.985449
    11 11.481701 0.000000 0.000000 -1.141199 0.118725 -0.006785
    12 2.676086 -1.712440 0.000000 -1.570795 0.000005 -1.570795
    13 2.033341 1.000767 1.937660 0.859154 -1.303000 -2.741514
    14 6.028140 0.000002 0.000000 -1.509653 -0.433700 -0.621480
    15 11.692553 0.000000 0.000011 -0.711747 0.466856 -1.626303
    16 11.481667 0.000000 -0.000031 1.617377 -0.034172 0.028287
    17 2.676086 -1.712440 0.000004 1.570797 0.000001 1.570797
    18 -3.890452 0.000004 0.000004 -1.122286 0.022726 -1.751725
    19 17.848171 0.000000 0.000004 0.000009 0.000000 0.726103
    20 16.525251 0.000000 0.000004 0.018496 0.053001 -1.494013
    21 6.879454 0.000000 0.000008 -0.081332 -0.002951 -0.584373
    22 3.890452 -0.000004 -0.000004 -2.030289 -0.652177 -1.273456
    23 17.848175 0.000000 -0.000004 0.000010 0.000000 0.705872
    24 16.525246 0.000000 0.000004 -0.027825 -0.040830 -1.073723
    25 6.879452 0.000000 0.000000 -0.007299 -0.002944 -0.584342
    26 3.859703 -0.142403 -1.191975 -0.479143 0.152189 -0.879872
    27 1.312565 0.000001 0.000004 0.000000 0.009664 -0.439719
    28 0.729362 0.000002 0.000004 -0.028979 0.117255 -0.451390
    29 3.942326 0.046774 -0.431438 -0.155011 0.073329 -0.810646
    30 1.539093 0.000001 0.000000 0.041407 0.089645 -0.699060
    31 1.196320 -0.000001 0.000004 -0.000002 0.007360 -0.430801
    32 3.883686 -0.046767 0.431446 0.812670 -0.191549 -1.550266
    33 1.719570 0.000002 0.000004 0.194938 -0.171308 -0.606847
    34 1.209183 -0.000001 -0.000004 0.409190 -0.306122 -0.737506
    35 3.859859 -0.137950 1.332462 0.716033 -0.200230 -1.353927
    36 1.719429 0.000002 0.000000 -0.000001 0.004072 -0.363008
    37 1.099670 0.000001 0.000004 0.133914 -0.229713 -0.543027
    38 0.806049 -0.348922 1.321259 -1.148537 -0.413342 -0.685814
    39 1.789787 0.000000 0.000004 0.143112 0.004764 0.680910
    40 1.207001 0.000000 -0.000004 -0.238537 -0.328319 0.202547
    41 3.859665 -0.132565 1.193108 0.479138 -0.158546 -0.879039
    42 1.312561 0.000000 0.000000 0.000000 -0.011932 -0.439671
    43 0.729366 0.000002 0.000000 0.000002 -0.006134 -0.244270
    44 3.942291 0.050330 0.431042 0.154996 -0.079305 -0.810204
    45 1.539097 0.000003 0.000000 0.000000 -0.005853 -0.247769
    46 1.196320 0.000000 0.000000 0.000001 -0.009662 -0.430760
    47 3.883648 -0.050325 -0.431044 -0.034933 -0.082803 -1.461175
    48 1.719574 -0.000005 0.000000 0.000000 -0.007972 -1.498039
    49 1.209183 -0.000001 0.000000 0.000001 -0.004459 -0.216376
    50 3.859825 -0.148935 -1.331284 -0.082074 -0.080252 -1.260988
    51 1.719425 0.000000 0.000000 0.000000 -0.006612 -1.709117
    52 1.099663 0.000000 0.000000 0.000000 -0.004208 -0.244311
    53 0.806015 -0.359835 -1.318335 0.912685 0.357216 -0.682331
    54 1.789780 0.000001 0.000000 0.012436 -0.169953 0.694155
    55 1.207001 0.000000 0.000004 -0.000002 -0.009618 0.362904
    56 2.338451 -1.535743 -6.391512 1.520238 -0.094383 -2.001948
  time 86
    0 -0.002349 -0.539074 34.828522 1.693190 0.000007 -0.719444
    1 0.000005 3.345128 -2.981903 1.570796 0.123096 1.570796
    2 4.018331 0.000000 0.000000 0.054441 -0.042799 0.034481
    3 3.518564 0.000000 0.000000 -0.095603 -0.001979 0.100465
    4 8.942642 0.000000 0.000000 -0.120247 0.021687 0.192790
    5 3.307269 0.000000 -0.000004 -2.676674 -0.310542 0.304883
    6 3.593710 -0.000001 -0.000004 0.430938 0.028739 0.366954
    7 1.999994 -3.000001 0.000004 -1.570753 -0.000007 -1.326410
    8 2.033349 1.000771 -1.937607 -1.633305 1.117634 2.980521
    9 6.028143 0.000002 -0.000004 1.638456 -0.007027 -0.586345
    10 11.692545 0.000000 0.000000 0.183928 -0.021716 -1.986041
    11 11.481701 0.000000 0.000000 -1.141199 0.118725 -0.006785
    12 2.676086 -1.712440 0.000000 -1.570795 0.000005 -1.570795
    13 2.033341 1.000767 1.937660 0.859154 -1.303000 -2.741514
    14 6.028140 0.000002 0.000000 -1.509478 -0.433497 -0.621832
    15 11.692553 0.000000 0.000011 -0.711747 0.466856 -1.626303
    16 11.481667 0.000000 -0.000031 1.617377 -0.034172 0.028287
    17 2.676086 -1.712440 0.000004 1.570797 0.000001 1.570797
    18 -3.890452 0.000004 0.000004 -1.122109 0.023211 -1.751022
    19 17.848171 0.000000 0.000004 0.000009 0.000000 0.725430
    20 16.525251 0.000000 0.000004 0.018531 0.052986 -1.493359
    21 6.879454 0.000000 0.000008 -0.081332 -0.002951 -0.584373
    22 3.890452 -0.000004 -0.000004 -2.030207 -0.651757 -1.273663
    23 17.848175 0.000000 -0.000004 0.000010 0.000000 0.704808
    24 16.525246 0.000000 0.000004 -0.027855 -0.040812 -1.073000
    25 6.879452 0.000000 0.000000 -0.007311 -0.002944 -0.584342
    26 3.859703 -0.142403 -1.191975 -0.479143 0.152189 -0.879872
    27 1.312565 0.000001 0.000004 0.000000 0.009664 -0.439719
    28 0.729362 0.000002 0.000004 -0.028979 0.117255 -0.451390
    29 3.942326 0.046774 -0.431438 -0.155011 0.073329 -0.810646
    30 1.539093 0.000001 0.000000 0.041407 0.089645 -0.699060
    31 1.196320 -0.000001 0.000004 -0.000002 0.007360 -0.430801
    32 3.883686 -0.046767 0.431446 0.812670 -0.191549 -1.550266
    33 1.719570 0.000002 0.000004 0.194938 -0.171308 -0.606847
    34 1.209183 -0.000001 -0.000004 0.409190 -0.306122 -0.737506
    35 3.859859 -0.137950 1.332462 0.716033 -0.200230 -1.353927
    36 1.719429 0.000002 0.000000 -0.000001 0.004072 -0.363008
    37 1.099670 0.000001 0.000004 0.133914 -0.229713 -0.543027
    38 0.806049 -0.348922 1.321259 -1.148537 -0.413342 -0.685814
    39 1.789787 0.000000 0.000004 0.143112 0.004764 0.680910
    40 1.207001 0.000000 -0.000004 -0.238537 -0.328319 0.202547
    41 3.859665 -0.132565 1.193108 0.479138 -0.158546 -0.879039
    42 1.312561 0.000000 0.000000 0.000000 -0.011932 -0.439671
    43 0.729366 0.000002 0.000000 0.000002 -0.006134 -0.244270
    44 3.942291 0.050330 0.431042 0.154996 -0.079305 -0.810204
    45 1.539097 0.000003 0.000000 0.000000 -0.005853 -0.247769
    46 1.196320 0.000000 0.000000 0.000001 -0.009662 -0.430760
    47 3.883648 -0.050325 -0.431044 -0.034933 -0.082803 -1.461175
    48 1.719574 -0.000005 0.000000 0.000000 -0.007972 -1.498039
    49 1.209183 -0.000001 0.000000 0.000001 -0.004459 -0.216376
    50 3.859825 -0.148935 -1.331284 -0.082074 -0.080252 -1.260988
    51 1.719425 0.000000 0.000000 0.000000 -0.006612 -1.709117
    52 1.099663 0.000000 0.000000 0.000000 -0.004208 -0.244311
    53 0.806015 -0.359835 -1.318335 0.912685 0.357216 -0.682331
    54 1.789780 0.000001 0.000000 0.012436 -0.169953 0.694155
    55 1.207001 0.000000 0.000004 -0.000002 -0.009618 0.362904
    56 2.338451 -1.535743 -6.391512 1.520238 -0.094383 -2.001948
  time 87
    0 -0.002349 -0.535168 34.836335 1.693190 0.000007 -0.719444
    1 0.000005 3.345128 -2.981903 1.570796 0.123096 1.570796
    2 4.018331 0.000000 0.000000 0.054441 -0.042799 0.034481
    3 3.518564 0.000000 0.000000 -0.095603 -0.001979 0.100465
    4 8.942642 0.000000 0.000000 -0.120247 0.021687 0.192790
    5 3.307269 0.000000 -0.000004 -2.676674 -0.310542 0.304883
    6 3.593710 -0.000001 -0.000004 0.430938 0.028847 0.366708
    7 1.999994 -3.000001 0.000004 -1.570800 -0.000007 -1.326410
    8 2.033349 1.000771 -1.937607 -1.633305 1.117634 2.980521
    9 6.028143 0.000002 -0.000004 1.638916 -0.007462 -0.586557
    10 11.692545 0.000000 0.000000 0.183940 -0.021632 -1.986502
    11 11.481701 0.000000 0.000000 -1.141199 0.118725 -0.006785
    12 2.676086 -1.712440 0.000000 -1.570795 0.000005 -1.570795
    13 2.033341 1.000767 1.937660 0.859154 -1.303000 -2.741514
    14 6.028140 0.000002 0.000000 -1.509303 -0.433329 -0.622066
    15 11.692553 0.000000 0.000011 -0.711747 0.466856 -1.626303
    16 11.481667 0.000000 -0.000031 1.617377 -0.034172 0.028287
    17 2.676086 -1.712440 0.000004 1.570797 0.000001 1.570797
    18 -3.890452 0.000004 0.000004 -1.122109 0.023211 -1.751022
    19 17.848171 0.000000 0.000004 0.000009 0.000000 0.724907
    20 16.525251 0.000000 0.000004 0.018566 0.052986 -1.492806
    21 6.879454 0.000000 0.000008 -0.081332 -0.002951 -0.584373
    22 3.890452 -0.000004 -0.000004 -2.030044 -0.651462 -1.273869
    23 17.848175 0.000000 -0.000004 0.000010 0.000000 0.703931
    24 16.525246 0.000000 0.000004 -0.027869 -0.040794 -1.072397
    25 6.879452 0.000000 0.000000 -0.007311 -0.002944 -0.584342
    26 3.859703 -0.142403 -1.191975 -0.479143 0.152189 -0.879872
    27 1.312565 0.000001 0.000004 0.000000 0.009664 -0.439719
    28 0.729362 0.000002 0.000004 -0.028979 0.117255 -0.451390
    29 3.942326 0.046774 -0.431438 -0.155011 0.073329 -0.810646
    30 1.539093 0.000001 0.000000 0.041407 0.089645 -0.699060
    31 1.196320 -0.000001 0.000004 -0.000002 0.007360 -0.430801
    32 3.883686 -0.046767 0.431446 0.812670 -0.191549 -1.550266
    33 1.719570 0.000002 0.000004 0.194938 -0.171308 -0.606847
    34 1.209183 -0.000001 -0.000004 0.409190 -0.306122 -0.737506
    35 3.859859 -0.137950 1.332462 0.716033 -0.200230 -1.353927
    36 1.719429 0.000002 0.000000 -0.000001 0.004072 -0.363008
    37 1.099670 0.000001 0.000004 0.133914 -0.229713 -0.543027
    38 0.806049 -0.348922 1.321259 -1.148537 -0.413342 -0.685814
    39 1.789787 0.000000 0.000004 0.143112 0.004764 0.680910
    40 1.207001 0.000000 -0.000004 -0.238537 -0.328319 0.202547
    41 3.859665 -0.132565 1.193108 0.479138 -0.158546 -0.879039
    42 1.312561 0.000000 0.000000 0.000000 -0.011932 -0.439671
    43 0.729366 0.000002 0.000000 0.000002 -0.006134 -0.244270
    44 3.942291 0.050330 0.431042 0.154996 -0.079305 -0.810204
    45 1.539097 0.000003 0.000000 0.000000 -0.005853 -0.247769
    46 1.196320 0.000000 0.000000 0.000001 -0.009662 -0.430760
    47 3.883648 -0.050325 -0.431044 -0.034933 -0.082803 -1.461175
    48 1.719574 -0.000005 0.000000 0.000000 -0.007972 -1.498039
    49 1.209183 -0.000001 0.000000 0.000001 -0.004459 -0.216376
    50 3.859825 -0.148935 -1.331284 -0.082074 -0.080252 -1.260988
    51 1.719425 0.000000 0.000000 0.000000 -0.006612 -1.709117
    52 1.099663 0.000000 0.000000 0.000000 -0.004208 -0.244311
    53 0.806015 -0.359835 -1.318335 0.912685 0.357216 -0.682331
    54 1.789780 0.000001 0.000000 0.012436 -0.169953 0.694155
    55 1.207001 0.000000 0.000004 -0.000002 -0.009618 0.362904
    56 2.338451 -1.535743 -6.391512 1.520238 -0.094383 -2.001948
  time 88
    0 -0.002349 -0.535168 34.836335 1.693190 0.000007 -0.719444
    1 0.000005 3.345128 -2.981903 1.570796 0.123096 1.570796
    2 4.018331 0.000000 0.000000 0.054441 -0.042799 0.034481
    3 3.518564 0.000000 0.000000 -0.095603 -0.001979 0.100465
    4 8.942642 0.000000 0.000000 -0.120247 0.021687 0.192790
    5 3.307269 0.000000 -0.000004 -2.676674 -0.310542 0.304883
    6 3.593710 -0.000001 -0.000004 0.430938 0.028931 0.366567
    7 1.999994 -3.000001 0.000004 -1.570800 -0.000007 -1.326410
    8 2.033349 1.000771 -1.937607 -1.633305 1.117634 2.980521
    9 6.028143 0.000002 -0.000004 1.639191 -0.007794 -0.586698
    10 11.692545 0.000000 0.000000 0.183952 -0.021560 -1.986830
    11 11.481701 0.000000 0.000000 -1.141199 0.118725 -0.006785
    12 2.676086 -1.712440 0.000000 -1.570795 0.000005 -1.570795
    13 2.033341 1.000767 1.937660 0.859154 -1.303000 -2.741514
    14 6.028140 0.000002 0.000000 -1.509186 -0.433194 -0.622261
    15 11.692553 0.000000 0.000011 -0.711747 0.466856 -1.626303
    16 11.481667 0.000000 -0.000031 1.617377 -0.034172 0.028287
    17 2.676086 -1.712440 0.000004 1.570797 0.000001 1.570797
    18 -3.890452 0.000004 0.000004 -1.122109 0.023211 -1.751022
    19 17.848171 0.000000 0.000004 0.000009 0.000000 0.724533
    20 16.525251 0.000000 0.000004 0.018584 0.052971 -1.492404
    21 6.879454 0.000000 0.000008 -0.081332 -0.002951 -0.584373
    22 3.890452 -0.000004 -0.000004 -2.029881 -0.650999 -1.274075
    23 17.848175 0.000000 -0.000004 0.000010 0.000000 0.703305
    24 16.525246 0.000000 0.000004 -0.027898 -0.040776 -1.071975
    25 6.879452 0.000000 0.000000 -0.007299 -0.002944 -0.584342
    26 3.859703 -0.142403 -1.191975 -0.479143 0.152189 -0.879872
    27 1.312565 0.000001 0.000004 0.000000 0.009664 -0.439719
    28 0.729362 0.000002 0.000004 -0.028979 0.117255 -0.451390
    29 3.942326 0.046774 -0.431438 -0.155011 0.073329 -0.810646
    30 1.539093 0.000001 0.000000 0.041407 0.089645 -0.699060
    31 1.196320 -0.000001 0.000004 -0.000002 0.007360 -0.430801
    32 3.883686 -0.046767 0.431446 0.812670 -0.191549 -1.550266
    33 1.719570 0.000002 0.000004 0.194938 -0.171308 -0.606847
    34 1.209183 -0.000001 -0.000004 0.409190 -0.306122 -0.737506
    35 3.859859 -0.137950 1.332462 0.716033 -0.200230 -1.353927
    36 1.719429 0.000002 0.000000 -0.000001 0.004072 -0.363008
    37 1.099670 0.000001 0.000004 0.133914 -0.229713 -0.543027
    38 0.806049 -0.348922 1.321259 -1.148537 -0.413342 -0.685814
    39 1.789787 0.000000 0.000004 0.143112 0.004764 0.680910
    40 1.207001 0.000000 -0.000004 -0.238537 -0.328319 0.202547
    41 3.859665 -0.132565 1.193108 0.479138 -0.158546 -0.879039
    42 1.312561 0.000000 0.000000 0.000000 -0.011932 -0.439671
    43 0.729366 0.000002 0.000000 0.000002 -0.006134 -0.244270
    44 3.942291 0.050330 0.431042 0.154996 -0.079305 -0.810204
    45 1.539097 0.000003 0.000000 0.000000 -0.005853 -0.247769
    46 1.196320 0.000000 0.000000 0.000001 -0.009662 -0.430760
    47 3.883648 -0.050325 -0.431044 -0.034933 -0.082803 -1.461175
    48 1.719574 -0.000005 0.000000 0.000000 -0.007972 -1.498039
    49 1.209183 -0.000001 0.000000 0.000001 -0.004459 -0.216376
    50 3.859825 -0.148935 -1.331284 -0.082074 -0.080252 -1.260988
    51 1.719425 0.000000 0.000000 0.000000 -0.006612 -1.709117
    52 1.099663 0.000000 0.000000 0.000000 -0.004208 -0.244311
    53 0.806015 -0.359835 -1.318335 0.912685 0.357216 -0.682331
    54 1.789780 0.000001 0.000000 0.012436 -0.169953 0.694155
    55 1.207001 0.000000 0.000004 -0.000002 -0.009618 0.362904
    56 2.338451 -1.535743 -6.391512 1.520238 -0.094383 -2.001948
  time 89
    0 -0.002349 -0.531261 34.840241 1.693190 0.000007 -0.719444
    1 0.000005 3.345128 -2.981903 1.570796 0.123096 1.570796
    2 4.018331 0.000000 0.000000 0.054441 -0.042799 0.034481
    3 3.518564 0.000000 0.000000 -0.095603 -0.001979 0.100465
    4 8.942642 0.000000 0.000000 -0.120247 0.021687 0.192790
    5 3.307269 0.000000 -0.000004 -2.676674 -0.310542 0.304883
    6 3.593710 -0.000001 -0.000004 0.430938 0.028979 0.366462
    7 1.999994 -3.000001 0.000004 -1.570800 -0.000007 -1.326410
    8 2.033349 1.000771 -1.937607 -1.633305 1.117634 2.980521
    9 6.028143 0.000002 -0.000004 1.639375 -0.007986 -0.586804
    10 11.692545 0.000000 0.000000 0.183952 -0.021524 -1.987094
    11 11.481701 0.000000 0.000000 -1.141199 0.118725 -0.006785
    12 2.676086 -1.712440 0.000000 -1.570795 0.000005 -1.570795
    13 2.033341 1.000767 1.937660 0.859154 -1.303000 -2.741514
    14 6.028140 0.000002 0.000000 -1.509127 -0.433126 -0.622339
    15 11.692553 0.000000 0.000011 -0.711747 0.466856 -1.626303
    16 11.481667 0.000000 -0.000031 1.617377 -0.034172 0.028287
    17 2.676086 -1.712440 0.000004 1.570797 0.000001 1.570797
    18 -3.890452 0.000004 0.000004 -1.122109 0.023211 -1.751022
    19 17.848171 0.000000 0.000004 0.000009 0.000000 0.724159
    20 16.525251 0.000000 0.000004 0.018602 0.052971 -1.492153
    21 6.879454 0.000000 0.000008 -0.081332 -0.002951 -0.584373
    22 3.890452 -0.000004 -0.000004 -2.029718 -0.650747 -1.274556
    23 17.848175 0.000000 -0.000004 0.000010 0.000000 0.702742
    24 16.525246 0.000000 0.000004 -0.027898 -0.040776 -1.071673
    25 6.879452 0.000000 0.000000 -0.007299 -0.002944 -0.584342
    26 3.859703 -0.142403 -1.191975 -0.479143 0.152189 -0.879872
    27 1.312565 0.000001 0.000004 0.000000 0.009664 -0.439719
    28 0.729362 0.000002 0.000004 -0.028979 0.117255 -0.451390
    29 3.942326 0.046774 -0.431438 -0.155011 0.073329 -0.810646
    30 1.539093 0.000001 0.000000 0.041407 0.089645 -0.699060
    31 1.196320 -0.000001 0.000004 -0.000002 0.007360 -0.430801
    32 3.883686 -0.046767 0.431446 0.812670 -0.191549 -1.550266
    33 1.719570 0.000002 0.000004 0.194938 -0.171308 -0.606847
    34 1.209183 -0.000001 -0.000004 0.409190 -0.306122 -0.737506
    35 3.859859 -0.137950 1.332462 0.716033 -0.200230 -1.353927
    36 1.719429 0.000002 0.000000 -0.000001 0.004072 -0.363008
    37 1.099670 0.000001 0.000004 0.133914 -0.229713 -0.543027
    38 0.806049 -0.348922 1.321259 -1.148537 -0.413342 -0.685814
    39 1.789787 0.000000 0.000004 0.143112 0.004764 0.680910
    40 1.207001 0.000000 -0.000004 -0.238537 -0.328319 0.202547
    41 3.859665 -0.132565 1.193108 0.479138 -0.158546 -0.879039
    42 1.312561 0.000000 0.000000 0.000000 -0.011932 -0.439671
    43 0.729366 0.000002 0.000000 0.000002 -0.006134 -0.244270
    44 3.942291 0.050330 0.431042 0.154996 -0.079305 -0.810204
    45 1.539097 0.000003 0.000000 0.000000 -0.005853 -0.247769
    46 1.196320 0.000000 0.000000 0.000001 -0.009662 -0.430760
    47 3.883648 -0.050325 -0.431044 -0.034933 -0.082803 -1.461175
    48 1.719574 -0.000005 0.000000 0.000000 -0.007972 -1.498039
    49 1.209183 -0.000001 0.000000 0.000001 -0.004459 -0.216376
    50 3.859825 -0.148935 -1.331284 -0.082074 -0.080252 -1.260988
    51 1.719425 0.000000 0.000000 0.000000 -0.006612 -1.709117
    52 1.099663 0.000000 0.000000 0.000000 -0.004208 -0.244311
    53 0.806015 -0.359835 -1.318335 0.912685 0.357216 -0.682331
    54 1.789780 0.000001 0.000000 0.012436 -0.169953 0.694155
    55 1.207001 0.000000 0.000004 -0.000002 -0.009618 0.362904
    56 2.338451 -1.535743 -6.391512 1.520238 -0.094383 -2.001948
  time 90
    0 -0.002349 -0.531261 34.840241 1.693190 0.000007 -0.719444
    1 0.000005 3.345128 -2.981903 1.570796 0.123096 1.570796
    2 4.018331 0.000000 0.000000 0.054441 -0.042799 0.034481
    3 3.518564 0.000000 0.000000 -0.095603 -0.001979 0.100465
    4 8.942642 0.000000 0.000000 -0.120247 0.021687 0.192790
    5 3.307269 0.000000 -0.000004 -2.676674 -0.310542 0.304883
    6 3.593710 -0.000001 -0.000004 0.430938 0.028991 0.366427
    7 1.999994 -3.000001 0.000004 -1.570753 -0.000007 -1.326410
    8 2.033349 1.000771 -1.937607 -1.633305 1.117634 2.980521
    9 6.028143 0.000002 -0.000004 1.639467 -0.008055 -0.586840
    10 11.692545 0.000000 0.000000 0.183964 -0.021512 -1.987159
    11 11.481701 0.000000 0.000000 -1.141199 0.118725 -0.006785
    12 2.676086 -1.712440 0.000000 -1.570795 0.000005 -1.570795
    13 2.033341 1.000767 1.937660 0.859154 -1.303000 -2.741514
    14 6.028140 0.000002 0.000000 -1.509069 -0.433093 -0.622378
    15 11.692553 0.000000 0.000011 -0.711747 0.466856 -1.626303
    16 11.481667 0.000000 -0.000031 1.617377 -0.034172 0.028287
    17 2.676086 -1.712440 0.000004 1.570797 0.000001 1.570797
    18 -3.890452 0.000004 0.000004 -1.122109 0.023211 -1.751022
    19 17.848171 0.000000 0.000004 0.000009 0.000000 0.724159
    20 16.525251 0.000000 0.000004 0.018602 0.052971 -1.492103
    21 6.879454 0.000000 0.000008 -0.081332 -0.002951 -0.584373
    22 3.890452 -0.000004 -0.000004 -2.029881 -0.650999 -1.274075
    23 17.848175 0.000000 -0.000004 0.000010 0.000000 0.702742
    24 16.525246 0.000000 0.000004 -0.027913 -0.040776 -1.071613
    25 6.879452 0.000000 0.000000 -0.007311 -0.002944 -0.584342
    26 3.859703 -0.142403 -1.191975 -0.479143 0.152189 -0.879872
    27 1.312565 0.000001 0.000004 0.000000 0.009664 -0.439719
    28 0.729362 0.000002 0.000004 -0.028979 0.117255 -0.451390
    29 3.942326 0.046774 -0.431438 -0.155011 0.073329 -0.810646
    30 1.539093 0.000001 0.000000 0.041407 0.089645 -0.699060
    31 1.196320 -0.000001 0.000004 -0.000002 0.007360 -0.430801
    32 3.883686 -0.046767 0.431446 0.812670 -0.191549 -1.550266
    33 1.719570 0.000002 0.000004 0.194938 -0.171308 -0.606847
    34 1.209183 -0.000001 -0.000004 0.409190 -0.306122 -0.737506
    35 3.859859 -0.137950 1.332462 0.716033 -0.200230 -1.353927
    36 1.719429 0.000002 0.000000 -0.000001 0.004072 -0.363008
    37 1.099670 0.000001 0.000004 0.133914 -0.229713 -0.543027
    38 0.806049 -0.348922 1.321259 -1.148537 -0.413342 -0.685814
    39 1.789787 0.000000 0.000004 0.143112 0.004764 0.680910
    40 1.207001 0.000000 -0.000004 -0.238537 -0.328319 0.202547
    41 3.859665 -0.132565 1.193108 0.479138 -0.158546 -0.879039
    42 1.312561 0.000000 0.000000 0.000000 -0.011932 -0.439671
    43 0.729366 0.000002 0.000000 0.000002 -0.006134 -0.244270
    44 3.942291 0.050330 0.431042 0.154996 -0.079305 -0.810204
    45 1.539097 0.000003 0.000000 0.000000 -0.005853 -0.247769
    46 1.196320 0.000000 0.000000 0.000001 -0.009662 -0.430760
    47 3.883648 -0.050325 -0.431044 -0.034933 -0.082803 -1.461175
    48 1.719574 -0.000005 0.000000 0.000000 -0.007972 -1.498039
    49 1.209183 -0.000001 0.000000 0.000001 -0.004459 -0.216376
    50 3.859825 -0.148935 -1.331284 -0.082074 -0.080252 -1.260988
    51 1.719425 0.000000 0.000000 0.000000 -0.006612 -1.709117
    52 1.099663 0.000000 0.000000 0.000000 -0.004208 -0.244311
    53 0.806015 -0.359835 -1.318335 0.912685 0.357216 -0.682331
    54 1.789780 0.000001 0.000000 0.012436 -0.169953 0.694155
    55 1.207001 0.000000 0.000004 -0.000002 -0.009618 0.362904
    56 2.338451 -1.535743 -6.391512 1.520238 -0.094383 -2.001948
end
