// Created by Crowbar 0.72
version 1
nodes
  0 "ValveBiped.Bip01_Pelvis" -1
  1 "ValveBiped.Bip01_Spine" 0
  2 "ValveBiped.Bip01_Spine1" 1
  3 "ValveBiped.Bip01_Spine2" 2
  4 "ValveBiped.Bip01_Spine4" 3
  5 "ValveBiped.Bip01_Neck1" 4
  6 "ValveBiped.Bip01_Head1" 5
  7 "ValveBiped.forward" 6
  8 "ValveBiped.Bip01_L_Clavicle" 4
  9 "ValveBiped.Bip01_L_UpperArm" 8
  10 "ValveBiped.Bip01_L_Forearm" 9
  11 "ValveBiped.Bip01_L_Hand" 10
  12 "ValveBiped.Anim_Attachment_LH" 11
  13 "ValveBiped.Bip01_R_Clavicle" 4
  14 "ValveBiped.Bip01_R_UpperArm" 13
  15 "ValveBiped.Bip01_R_Forearm" 14
  16 "ValveBiped.Bip01_R_Hand" 15
  17 "ValveBiped.Anim_Attachment_RH" 16
  18 "ValveBiped.Bip01_L_Thigh" 0
  19 "ValveBiped.Bip01_L_Calf" 18
  20 "ValveBiped.Bip01_L_Foot" 19
  21 "ValveBiped.Bip01_L_Toe0" 20
  22 "ValveBiped.Bip01_R_Thigh" 0
  23 "ValveBiped.Bip01_R_Calf" 22
  24 "ValveBiped.Bip01_R_Foot" 23
  25 "ValveBiped.Bip01_R_Toe0" 24
  26 "ValveBiped.Bip01_L_Finger4" 11
  27 "ValveBiped.Bip01_L_Finger41" 26
  28 "ValveBiped.Bip01_L_Finger42" 27
  29 "ValveBiped.Bip01_L_Finger3" 11
  30 "ValveBiped.Bip01_L_Finger31" 29
  31 "ValveBiped.Bip01_L_Finger32" 30
  32 "ValveBiped.Bip01_L_Finger2" 11
  33 "ValveBiped.Bip01_L_Finger21" 32
  34 "ValveBiped.Bip01_L_Finger22" 33
  35 "ValveBiped.Bip01_L_Finger1" 11
  36 "ValveBiped.Bip01_L_Finger11" 35
  37 "ValveBiped.Bip01_L_Finger12" 36
  38 "ValveBiped.Bip01_L_Finger0" 11
  39 "ValveBiped.Bip01_L_Finger01" 38
  40 "ValveBiped.Bip01_L_Finger02" 39
  41 "ValveBiped.Bip01_R_Finger4" 16
  42 "ValveBiped.Bip01_R_Finger41" 41
  43 "ValveBiped.Bip01_R_Finger42" 42
  44 "ValveBiped.Bip01_R_Finger3" 16
  45 "ValveBiped.Bip01_R_Finger31" 44
  46 "ValveBiped.Bip01_R_Finger32" 45
  47 "ValveBiped.Bip01_R_Finger2" 16
  48 "ValveBiped.Bip01_R_Finger21" 47
  49 "ValveBiped.Bip01_R_Finger22" 48
  50 "ValveBiped.Bip01_R_Finger1" 16
  51 "ValveBiped.Bip01_R_Finger11" 50
  52 "ValveBiped.Bip01_R_Finger12" 51
  53 "ValveBiped.Bip01_R_Finger0" 16
  54 "ValveBiped.Bip01_R_Finger01" 53
  55 "ValveBiped.Bip01_R_Finger02" 54
  56 "ValveBiped.Jacket1_bone" 3
  57 "ValveBiped.Jacket0_bone" 56
  58 "ValveBiped.physgun_attachment" 16
end
skeleton
  time 0
    0 5.332031 0.183838 35.843750 1.461520 0.003162 -1.207232
    1 0.000005 4.212784 -1.689857 1.585044 -0.202028 1.559633
    2 3.837408 0.000000 0.000000 0.081513 -0.078464 0.011446
    3 3.617872 0.000000 0.000000 0.014122 0.008244 0.049272
    4 7.539783 0.000000 0.000000 0.000000 0.000002 0.269447
    5 3.178296 0.000000 0.000000 -2.781729 0.101765 0.218150
    6 2.970273 -0.000001 0.000000 0.682831 0.431807 0.349769
    7 0.000001 0.000000 0.000000 -1.570796 0.000000 -1.326450
    8 2.023707 0.907460 0.852579 2.458265 -1.191260 2.046298
    9 4.983666 -0.000002 0.000000 -2.313085 -0.010766 -0.726462
    10 11.123052 0.000000 0.000003 0.000000 0.000000 -1.141782
    11 11.208296 0.000000 -0.000001 -0.244654 0.323973 -0.241285
    12 2.676089 -1.712444 0.000000 1.570797 0.000000 1.570797
    13 2.023711 0.907462 -0.852528 -2.710504 1.116654 1.983473
    14 4.983665 -0.000003 0.000000 0.993623 0.211755 -0.962930
    15 11.123046 0.000000 -0.000001 0.000000 0.000000 -1.634006
    16 11.208295 0.000000 0.000003 -1.376477 -0.034344 -0.144943
    17 2.676088 -1.712442 0.000000 -1.570796 0.000000 -1.570796
    18 3.984014 -0.000004 -0.000003 -2.068073 -0.230650 -1.213326
    19 15.940010 0.000000 0.000000 0.000000 0.000000 0.590042
    20 17.709562 0.000000 0.000000 -0.267007 -0.177969 -1.146228
    21 6.203998 0.000000 0.000000 -0.011146 0.000934 -0.500515
    22 -3.984013 0.000007 0.000007 -1.440502 -0.117513 -1.745002
    23 15.940014 0.000000 0.000000 0.000000 0.000000 0.642325
    24 17.709558 0.000000 0.000000 0.242994 0.133240 -1.433180
    25 6.204000 0.000000 0.000000 -0.078651 -0.006185 -0.498943
    26 3.549245 0.198823 -1.489468 -0.477587 -0.055914 -1.339365
    27 1.219000 0.000000 0.000000 0.000001 0.215623 -0.825564
    28 0.679999 0.000001 0.000000 -0.000932 0.004881 -0.778371
    29 3.698009 0.267556 -0.728978 -0.166100 -0.140553 -1.332653
    30 1.749002 -0.000001 0.000000 -0.000001 0.004459 -0.593371
    31 0.959998 0.000000 0.000000 -0.000001 0.007360 -0.776376
    32 3.768502 0.152548 0.071384 0.068152 -0.150464 -1.004147
    33 2.038001 0.000004 0.000000 -0.000001 0.000928 -1.085362
    34 1.067000 0.000000 0.000000 0.001773 0.002522 -0.548780
    35 3.783925 -0.017258 0.794554 0.019649 -0.211883 -0.382034
    36 1.629001 0.000000 0.000000 -0.000001 0.004072 -1.206667
    37 0.955999 0.000002 0.000000 0.000000 0.002595 -1.189323
    38 1.258963 -0.297984 1.252590 -1.526831 -0.658081 -0.256339
    39 1.392998 -0.000001 -0.000001 -0.000001 0.248671 -0.117775
    40 1.100000 0.000000 -0.000001 0.005702 0.009717 -0.425603
    41 3.549268 0.211410 1.487669 0.479138 -0.158546 -0.879039
    42 1.219002 -0.000002 0.000000 0.000000 -0.011932 -0.439671
    43 0.679999 0.000000 0.000000 0.000002 -0.006134 -0.244270
    44 3.698019 0.273716 0.726623 0.154998 -0.079304 -0.810204
    45 1.749000 0.000000 0.000000 0.000000 -0.005853 -0.247769
    46 0.959998 0.000000 0.000000 0.000001 -0.009662 -0.430760
    47 3.768503 0.151949 -0.072740 -0.086429 -0.113133 -0.580186
    48 2.037998 -0.000002 0.000000 0.000000 -0.007973 -1.463532
    49 1.066998 0.000000 0.000000 0.000001 -0.004459 -1.313472
    50 3.783906 -0.023953 -0.794451 -0.337799 0.133928 -0.268220
    51 1.629000 -0.000002 0.000000 0.000000 -0.006612 -0.843474
    52 0.956001 -0.000001 0.000000 0.000000 -0.004210 -0.435549
    53 1.258940 -0.308546 -1.250052 1.279824 0.394280 -0.683714
    54 1.393001 0.000000 -0.000001 -0.000001 -0.006299 0.228554
    55 1.099999 -0.000002 -0.000001 0.000001 -0.009616 1.179386
    56 0.411133 2.867188 5.171875 1.561034 0.654844 1.600328
    57 0.453125 0.068726 -3.753906 0.142262 -0.048725 -0.079138
    58 2.330670 -1.877761 0.104131 -1.861300 0.207908 -1.328386
  time 1
    0 5.332031 0.183838 35.843750 1.461520 0.003162 -1.207232
    1 0.000005 4.212784 -1.689857 1.585044 -0.202028 1.559633
    2 3.837408 0.000000 0.000000 0.081513 -0.078464 0.011446
    3 3.617872 0.000000 0.000000 0.014122 0.008244 0.049272
    4 7.539783 0.000000 0.000000 0.000000 0.000002 0.269447
    5 3.178296 0.000000 0.000000 -2.781729 0.101765 0.218150
    6 2.970273 -0.000001 0.000000 0.682831 0.431807 0.349769
    7 0.000001 0.000000 0.000000 -1.570796 0.000000 -1.326450
    8 2.023707 0.907460 0.852579 2.458265 -1.191260 2.046298
    9 4.983666 -0.000002 0.000000 -2.313085 -0.010766 -0.726462
    10 11.123052 0.000000 0.000003 0.000000 0.000000 -1.141782
    11 11.208296 0.000000 -0.000001 -0.244654 0.323973 -0.241285
    12 2.676089 -1.712444 0.000000 1.570797 0.000000 1.570797
    13 2.023711 0.907462 -0.852528 -2.710504 1.116654 1.983473
    14 4.983665 -0.000003 0.000000 0.993623 0.211755 -0.962930
    15 11.123046 0.000000 -0.000001 0.000000 0.000000 -1.634006
    16 11.208295 0.000000 0.000003 -1.376477 -0.034344 -0.144943
    17 2.676088 -1.712442 0.000000 -1.570796 0.000000 -1.570796
    18 3.984014 -0.000004 -0.000003 -2.068073 -0.230650 -1.213326
    19 15.940010 0.000000 0.000000 0.000000 0.000000 0.590042
    20 17.709562 0.000000 0.000000 -0.267007 -0.177969 -1.146228
    21 6.203998 0.000000 0.000000 -0.011146 0.000934 -0.500515
    22 -3.984013 0.000007 0.000007 -1.440502 -0.117513 -1.745002
    23 15.940014 0.000000 0.000000 0.000000 0.000000 0.642325
    24 17.709558 0.000000 0.000000 0.242994 0.133240 -1.433180
    25 6.204000 0.000000 0.000000 -0.078651 -0.006185 -0.498943
    26 3.549245 0.198823 -1.489468 -0.477587 -0.055914 -1.339365
    27 1.219000 0.000000 0.000000 0.000001 0.215623 -0.825564
    28 0.679999 0.000001 0.000000 -0.000932 0.004881 -0.778371
    29 3.698009 0.267556 -0.728978 -0.166100 -0.140553 -1.332653
    30 1.749002 -0.000001 0.000000 -0.000001 0.004459 -0.593371
    31 0.959998 0.000000 0.000000 -0.000001 0.007360 -0.776376
    32 3.768502 0.152548 0.071384 0.068152 -0.150464 -1.004147
    33 2.038001 0.000004 0.000000 -0.000001 0.000928 -1.085362
    34 1.067000 0.000000 0.000000 0.001773 0.002522 -0.548780
    35 3.783925 -0.017258 0.794554 0.019649 -0.211883 -0.382034
    36 1.629001 0.000000 0.000000 -0.000001 0.004072 -1.206667
    37 0.955999 0.000002 0.000000 0.000000 0.002595 -1.189323
    38 1.258963 -0.297984 1.252590 -1.526831 -0.658081 -0.256339
    39 1.392998 -0.000001 -0.000001 -0.000001 0.248671 -0.117775
    40 1.100000 0.000000 -0.000001 0.005702 0.009717 -0.425603
    41 3.549268 0.211410 1.487669 0.479138 -0.158546 -0.879039
    42 1.219002 -0.000002 0.000000 0.000000 -0.011932 -0.439671
    43 0.679999 0.000000 0.000000 0.000002 -0.006134 -0.244270
    44 3.698019 0.273716 0.726623 0.154998 -0.079304 -0.810204
    45 1.749000 0.000000 0.000000 0.000000 -0.005853 -0.247769
    46 0.959998 0.000000 0.000000 0.000001 -0.009662 -0.430760
    47 3.768503 0.151949 -0.072740 -0.086429 -0.113133 -0.580186
    48 2.037998 -0.000002 0.000000 0.000000 -0.007973 -1.463532
    49 1.066998 0.000000 0.000000 0.000001 -0.004459 -1.313472
    50 3.783906 -0.023953 -0.794451 -0.337799 0.133928 -0.268220
    51 1.629000 -0.000002 0.000000 0.000000 -0.006612 -0.843474
    52 0.956001 -0.000001 0.000000 0.000000 -0.004210 -0.435549
    53 1.258940 -0.308546 -1.250052 1.279824 0.394280 -0.683714
    54 1.393001 0.000000 -0.000001 -0.000001 -0.006299 0.228554
    55 1.099999 -0.000002 -0.000001 0.000001 -0.009616 1.179386
    56 0.411133 2.867188 5.171875 1.561034 0.654844 1.600328
    57 0.453125 0.068726 -3.753906 0.142262 -0.048725 -0.079138
    58 2.330670 -1.877761 0.104131 -1.861300 0.207908 -1.328386
  time 2
    0 5.332031 0.183838 35.843750 1.461520 0.003162 -1.207232
    1 0.000005 4.212784 -1.689857 1.585044 -0.202028 1.559633
    2 3.837408 0.000000 0.000000 0.081513 -0.078464 0.011446
    3 3.617872 0.000000 0.000000 0.014122 0.008244 0.049272
    4 7.539783 0.000000 0.000000 0.000000 0.000002 0.269447
    5 3.178296 0.000000 0.000000 -2.781729 0.101765 0.218150
    6 2.970273 -0.000001 0.000000 0.682831 0.431807 0.349769
    7 0.000001 0.000000 0.000000 -1.570796 0.000000 -1.326450
    8 2.023707 0.907460 0.852579 2.458265 -1.191260 2.046298
    9 4.983666 -0.000002 0.000000 -2.313085 -0.010766 -0.726462
    10 11.123052 0.000000 0.000003 0.000000 0.000000 -1.141782
    11 11.208296 0.000000 -0.000001 -0.244654 0.323973 -0.241285
    12 2.676089 -1.712444 0.000000 1.570797 0.000000 1.570797
    13 2.023711 0.907462 -0.852528 -2.710504 1.116654 1.983473
    14 4.983665 -0.000003 0.000000 0.993623 0.211755 -0.962930
    15 11.123046 0.000000 -0.000001 0.000000 0.000000 -1.634006
    16 11.208295 0.000000 0.000003 -1.376477 -0.034344 -0.144943
    17 2.676088 -1.712442 0.000000 -1.570796 0.000000 -1.570796
    18 3.984014 -0.000004 -0.000003 -2.068073 -0.230650 -1.213326
    19 15.940010 0.000000 0.000000 0.000000 0.000000 0.590042
    20 17.709562 0.000000 0.000000 -0.267007 -0.177969 -1.146228
    21 6.203998 0.000000 0.000000 -0.011146 0.000934 -0.500515
    22 -3.984013 0.000007 0.000007 -1.440502 -0.117513 -1.745002
    23 15.940014 0.000000 0.000000 0.000000 0.000000 0.642325
    24 17.709558 0.000000 0.000000 0.242994 0.133240 -1.433180
    25 6.204000 0.000000 0.000000 -0.078651 -0.006185 -0.498943
    26 3.549245 0.198823 -1.489468 -0.477587 -0.055914 -1.339365
    27 1.219000 0.000000 0.000000 0.000001 0.215623 -0.825564
    28 0.679999 0.000001 0.000000 -0.000932 0.004881 -0.778371
    29 3.698009 0.267556 -0.728978 -0.166100 -0.140553 -1.332653
    30 1.749002 -0.000001 0.000000 -0.000001 0.004459 -0.593371
    31 0.959998 0.000000 0.000000 -0.000001 0.007360 -0.776376
    32 3.768502 0.152548 0.071384 0.068152 -0.150464 -1.004147
    33 2.038001 0.000004 0.000000 -0.000001 0.000928 -1.085362
    34 1.067000 0.000000 0.000000 0.001773 0.002522 -0.548780
    35 3.783925 -0.017258 0.794554 0.019649 -0.211883 -0.382034
    36 1.629001 0.000000 0.000000 -0.000001 0.004072 -1.206667
    37 0.955999 0.000002 0.000000 0.000000 0.002595 -1.189323
    38 1.258963 -0.297984 1.252590 -1.526831 -0.658081 -0.256339
    39 1.392998 -0.000001 -0.000001 -0.000001 0.248671 -0.117775
    40 1.100000 0.000000 -0.000001 0.005702 0.009717 -0.425603
    41 3.549268 0.211410 1.487669 0.479138 -0.158546 -0.879039
    42 1.219002 -0.000002 0.000000 0.000000 -0.011932 -0.439671
    43 0.679999 0.000000 0.000000 0.000002 -0.006134 -0.244270
    44 3.698019 0.273716 0.726623 0.154998 -0.079304 -0.810204
    45 1.749000 0.000000 0.000000 0.000000 -0.005853 -0.247769
    46 0.959998 0.000000 0.000000 0.000001 -0.009662 -0.430760
    47 3.768503 0.151949 -0.072740 -0.086429 -0.113133 -0.580186
    48 2.037998 -0.000002 0.000000 0.000000 -0.007973 -1.463532
    49 1.066998 0.000000 0.000000 0.000001 -0.004459 -1.313472
    50 3.783906 -0.023953 -0.794451 -0.337799 0.133928 -0.268220
    51 1.629000 -0.000002 0.000000 0.000000 -0.006612 -0.843474
    52 0.956001 -0.000001 0.000000 0.000000 -0.004210 -0.435549
    53 1.258940 -0.308546 -1.250052 1.279824 0.394280 -0.683714
    54 1.393001 0.000000 -0.000001 -0.000001 -0.006299 0.228554
    55 1.099999 -0.000002 -0.000001 0.000001 -0.009616 1.179386
    56 0.411133 2.867188 5.171875 1.561034 0.654844 1.600328
    57 0.453125 0.068726 -3.753906 0.142262 -0.048725 -0.079138
    58 2.330670 -1.877761 0.104131 -1.861300 0.207908 -1.328386
  time 3
    0 5.332031 0.183838 35.843750 1.461520 0.003162 -1.207232
    1 0.000005 4.212784 -1.689857 1.585044 -0.202028 1.559633
    2 3.837408 0.000000 0.000000 0.081513 -0.078464 0.011446
    3 3.617872 0.000000 0.000000 0.014122 0.008244 0.049272
    4 7.539783 0.000000 0.000000 0.000000 0.000002 0.269447
    5 3.178296 0.000000 0.000000 -2.781729 0.101765 0.218150
    6 2.970273 -0.000001 0.000000 0.682831 0.431807 0.349769
    7 0.000001 0.000000 0.000000 -1.570796 0.000000 -1.326450
    8 2.023707 0.907460 0.852579 2.458265 -1.191260 2.046298
    9 4.983666 -0.000002 0.000000 -2.313085 -0.010766 -0.726462
    10 11.123052 0.000000 0.000003 0.000000 0.000000 -1.141782
    11 11.208296 0.000000 -0.000001 -0.244654 0.323973 -0.241285
    12 2.676089 -1.712444 0.000000 1.570797 0.000000 1.570797
    13 2.023711 0.907462 -0.852528 -2.710504 1.116654 1.983473
    14 4.983665 -0.000003 0.000000 0.993623 0.211755 -0.962930
    15 11.123046 0.000000 -0.000001 0.000000 0.000000 -1.634006
    16 11.208295 0.000000 0.000003 -1.376477 -0.034344 -0.144943
    17 2.676088 -1.712442 0.000000 -1.570796 0.000000 -1.570796
    18 3.984014 -0.000004 -0.000003 -2.068073 -0.230650 -1.213326
    19 15.940010 0.000000 0.000000 0.000000 0.000000 0.590042
    20 17.709562 0.000000 0.000000 -0.267007 -0.177969 -1.146228
    21 6.203998 0.000000 0.000000 -0.011146 0.000934 -0.500515
    22 -3.984013 0.000007 0.000007 -1.440502 -0.117513 -1.745002
    23 15.940014 0.000000 0.000000 0.000000 0.000000 0.642325
    24 17.709558 0.000000 0.000000 0.242994 0.133240 -1.433180
    25 6.204000 0.000000 0.000000 -0.078651 -0.006185 -0.498943
    26 3.549245 0.198823 -1.489468 -0.477587 -0.055914 -1.339365
    27 1.219000 0.000000 0.000000 0.000001 0.215623 -0.825564
    28 0.679999 0.000001 0.000000 -0.000932 0.004881 -0.778371
    29 3.698009 0.267556 -0.728978 -0.166100 -0.140553 -1.332653
    30 1.749002 -0.000001 0.000000 -0.000001 0.004459 -0.593371
    31 0.959998 0.000000 0.000000 -0.000001 0.007360 -0.776376
    32 3.768502 0.152548 0.071384 0.068152 -0.150464 -1.004147
    33 2.038001 0.000004 0.000000 -0.000001 0.000928 -1.085362
    34 1.067000 0.000000 0.000000 0.001773 0.002522 -0.548780
    35 3.783925 -0.017258 0.794554 0.019649 -0.211883 -0.382034
    36 1.629001 0.000000 0.000000 -0.000001 0.004072 -1.206667
    37 0.955999 0.000002 0.000000 0.000000 0.002595 -1.189323
    38 1.258963 -0.297984 1.252590 -1.526831 -0.658081 -0.256339
    39 1.392998 -0.000001 -0.000001 -0.000001 0.248671 -0.117775
    40 1.100000 0.000000 -0.000001 0.005702 0.009717 -0.425603
    41 3.549268 0.211410 1.487669 0.479138 -0.158546 -0.879039
    42 1.219002 -0.000002 0.000000 0.000000 -0.011932 -0.439671
    43 0.679999 0.000000 0.000000 0.000002 -0.006134 -0.244270
    44 3.698019 0.273716 0.726623 0.154998 -0.079304 -0.810204
    45 1.749000 0.000000 0.000000 0.000000 -0.005853 -0.247769
    46 0.959998 0.000000 0.000000 0.000001 -0.009662 -0.430760
    47 3.768503 0.151949 -0.072740 -0.086429 -0.113133 -0.580186
    48 2.037998 -0.000002 0.000000 0.000000 -0.007973 -1.463532
    49 1.066998 0.000000 0.000000 0.000001 -0.004459 -1.313472
    50 3.783906 -0.023953 -0.794451 -0.337799 0.133928 -0.268220
    51 1.629000 -0.000002 0.000000 0.000000 -0.006612 -0.843474
    52 0.956001 -0.000001 0.000000 0.000000 -0.004210 -0.435549
    53 1.258940 -0.308546 -1.250052 1.279824 0.394280 -0.683714
    54 1.393001 0.000000 -0.000001 -0.000001 -0.006299 0.228554
    55 1.099999 -0.000002 -0.000001 0.000001 -0.009616 1.179386
    56 0.411133 2.867188 5.171875 1.561034 0.654844 1.600328
    57 0.453125 0.068726 -3.753906 0.142262 -0.048725 -0.079138
    58 2.330670 -1.877761 0.104131 -1.861300 0.207908 -1.328386
  time 4
    0 5.332031 0.183838 35.843750 1.461520 0.003162 -1.207232
    1 0.000005 4.212784 -1.689857 1.585044 -0.202028 1.559633
    2 3.837408 0.000000 0.000000 0.081513 -0.078464 0.011446
    3 3.617872 0.000000 0.000000 0.014122 0.008244 0.049272
    4 7.539783 0.000000 0.000000 0.000000 0.000002 0.269447
    5 3.178296 0.000000 0.000000 -2.781729 0.101765 0.218150
    6 2.970273 -0.000001 0.000000 0.682831 0.431807 0.349769
    7 0.000001 0.000000 0.000000 -1.570796 0.000000 -1.326450
    8 2.023707 0.907460 0.852579 2.458265 -1.191260 2.046298
    9 4.983666 -0.000002 0.000000 -2.313085 -0.010766 -0.726462
    10 11.123052 0.000000 0.000003 0.000000 0.000000 -1.141782
    11 11.208296 0.000000 -0.000001 -0.244654 0.323973 -0.241285
    12 2.676089 -1.712444 0.000000 1.570797 0.000000 1.570797
    13 2.023711 0.907462 -0.852528 -2.710504 1.116654 1.983473
    14 4.983665 -0.000003 0.000000 0.993623 0.211755 -0.962930
    15 11.123046 0.000000 -0.000001 0.000000 0.000000 -1.634006
    16 11.208295 0.000000 0.000003 -1.376477 -0.034344 -0.144943
    17 2.676088 -1.712442 0.000000 -1.570796 0.000000 -1.570796
    18 3.984014 -0.000004 -0.000003 -2.068073 -0.230650 -1.213326
    19 15.940010 0.000000 0.000000 0.000000 0.000000 0.590042
    20 17.709562 0.000000 0.000000 -0.267007 -0.177969 -1.146228
    21 6.203998 0.000000 0.000000 -0.011146 0.000934 -0.500515
    22 -3.984013 0.000007 0.000007 -1.440502 -0.117513 -1.745002
    23 15.940014 0.000000 0.000000 0.000000 0.000000 0.642325
    24 17.709558 0.000000 0.000000 0.242994 0.133240 -1.433180
    25 6.204000 0.000000 0.000000 -0.078651 -0.006185 -0.498943
    26 3.549245 0.198823 -1.489468 -0.477587 -0.055914 -1.339365
    27 1.219000 0.000000 0.000000 0.000001 0.215623 -0.825564
    28 0.679999 0.000001 0.000000 -0.000932 0.004881 -0.778371
    29 3.698009 0.267556 -0.728978 -0.166100 -0.140553 -1.332653
    30 1.749002 -0.000001 0.000000 -0.000001 0.004459 -0.593371
    31 0.959998 0.000000 0.000000 -0.000001 0.007360 -0.776376
    32 3.768502 0.152548 0.071384 0.068152 -0.150464 -1.004147
    33 2.038001 0.000004 0.000000 -0.000001 0.000928 -1.085362
    34 1.067000 0.000000 0.000000 0.001773 0.002522 -0.548780
    35 3.783925 -0.017258 0.794554 0.019649 -0.211883 -0.382034
    36 1.629001 0.000000 0.000000 -0.000001 0.004072 -1.206667
    37 0.955999 0.000002 0.000000 0.000000 0.002595 -1.189323
    38 1.258963 -0.297984 1.252590 -1.526831 -0.658081 -0.256339
    39 1.392998 -0.000001 -0.000001 -0.000001 0.248671 -0.117775
    40 1.100000 0.000000 -0.000001 0.005702 0.009717 -0.425603
    41 3.549268 0.211410 1.487669 0.479138 -0.158546 -0.879039
    42 1.219002 -0.000002 0.000000 0.000000 -0.011932 -0.439671
    43 0.679999 0.000000 0.000000 0.000002 -0.006134 -0.244270
    44 3.698019 0.273716 0.726623 0.154998 -0.079304 -0.810204
    45 1.749000 0.000000 0.000000 0.000000 -0.005853 -0.247769
    46 0.959998 0.000000 0.000000 0.000001 -0.009662 -0.430760
    47 3.768503 0.151949 -0.072740 -0.086429 -0.113133 -0.580186
    48 2.037998 -0.000002 0.000000 0.000000 -0.007973 -1.463532
    49 1.066998 0.000000 0.000000 0.000001 -0.004459 -1.313472
    50 3.783906 -0.023953 -0.794451 -0.337799 0.133928 -0.268220
    51 1.629000 -0.000002 0.000000 0.000000 -0.006612 -0.843474
    52 0.956001 -0.000001 0.000000 0.000000 -0.004210 -0.435549
    53 1.258940 -0.308546 -1.250052 1.279824 0.394280 -0.683714
    54 1.393001 0.000000 -0.000001 -0.000001 -0.006299 0.228554
    55 1.099999 -0.000002 -0.000001 0.000001 -0.009616 1.179386
    56 0.411133 2.867188 5.171875 1.561034 0.654844 1.600328
    57 0.453125 0.068726 -3.753906 0.142262 -0.048725 -0.079138
    58 2.330670 -1.877761 0.104131 -1.861300 0.207908 -1.328386
  time 5
    0 5.332031 0.183838 35.843750 1.461520 0.003162 -1.207232
    1 0.000005 4.212784 -1.689857 1.585044 -0.202028 1.559633
    2 3.837408 0.000000 0.000000 0.081513 -0.078464 0.011446
    3 3.617872 0.000000 0.000000 0.014122 0.008244 0.049272
    4 7.539783 0.000000 0.000000 0.000000 0.000002 0.269447
    5 3.178296 0.000000 0.000000 -2.781729 0.101765 0.218150
    6 2.970273 -0.000001 0.000000 0.682831 0.431807 0.349769
    7 0.000001 0.000000 0.000000 -1.570796 0.000000 -1.326450
    8 2.023707 0.907460 0.852579 2.458265 -1.191260 2.046298
    9 4.983666 -0.000002 0.000000 -2.313085 -0.010766 -0.726462
    10 11.123052 0.000000 0.000003 0.000000 0.000000 -1.141782
    11 11.208296 0.000000 -0.000001 -0.244654 0.323973 -0.241285
    12 2.676089 -1.712444 0.000000 1.570797 0.000000 1.570797
    13 2.023711 0.907462 -0.852528 -2.710504 1.116654 1.983473
    14 4.983665 -0.000003 0.000000 0.993623 0.211755 -0.962930
    15 11.123046 0.000000 -0.000001 0.000000 0.000000 -1.634006
    16 11.208295 0.000000 0.000003 -1.376477 -0.034344 -0.144943
    17 2.676088 -1.712442 0.000000 -1.570796 0.000000 -1.570796
    18 3.984014 -0.000004 -0.000003 -2.068073 -0.230650 -1.213326
    19 15.940010 0.000000 0.000000 0.000000 0.000000 0.590042
    20 17.709562 0.000000 0.000000 -0.267007 -0.177969 -1.146228
    21 6.203998 0.000000 0.000000 -0.011146 0.000934 -0.500515
    22 -3.984013 0.000007 0.000007 -1.440502 -0.117513 -1.745002
    23 15.940014 0.000000 0.000000 0.000000 0.000000 0.642325
    24 17.709558 0.000000 0.000000 0.242994 0.133240 -1.433180
    25 6.204000 0.000000 0.000000 -0.078651 -0.006185 -0.498943
    26 3.549245 0.198823 -1.489468 -0.477587 -0.055914 -1.339365
    27 1.219000 0.000000 0.000000 0.000001 0.215623 -0.825564
    28 0.679999 0.000001 0.000000 -0.000932 0.004881 -0.778371
    29 3.698009 0.267556 -0.728978 -0.166100 -0.140553 -1.332653
    30 1.749002 -0.000001 0.000000 -0.000001 0.004459 -0.593371
    31 0.959998 0.000000 0.000000 -0.000001 0.007360 -0.776376
    32 3.768502 0.152548 0.071384 0.068152 -0.150464 -1.004147
    33 2.038001 0.000004 0.000000 -0.000001 0.000928 -1.085362
    34 1.067000 0.000000 0.000000 0.001773 0.002522 -0.548780
    35 3.783925 -0.017258 0.794554 0.019649 -0.211883 -0.382034
    36 1.629001 0.000000 0.000000 -0.000001 0.004072 -1.206667
    37 0.955999 0.000002 0.000000 0.000000 0.002595 -1.189323
    38 1.258963 -0.297984 1.252590 -1.526831 -0.658081 -0.256339
    39 1.392998 -0.000001 -0.000001 -0.000001 0.248671 -0.117775
    40 1.100000 0.000000 -0.000001 0.005702 0.009717 -0.425603
    41 3.549268 0.211410 1.487669 0.479138 -0.158546 -0.879039
    42 1.219002 -0.000002 0.000000 0.000000 -0.011932 -0.439671
    43 0.679999 0.000000 0.000000 0.000002 -0.006134 -0.244270
    44 3.698019 0.273716 0.726623 0.154998 -0.079304 -0.810204
    45 1.749000 0.000000 0.000000 0.000000 -0.005853 -0.247769
    46 0.959998 0.000000 0.000000 0.000001 -0.009662 -0.430760
    47 3.768503 0.151949 -0.072740 -0.086429 -0.113133 -0.580186
    48 2.037998 -0.000002 0.000000 0.000000 -0.007973 -1.463532
    49 1.066998 0.000000 0.000000 0.000001 -0.004459 -1.313472
    50 3.783906 -0.023953 -0.794451 -0.337799 0.133928 -0.268220
    51 1.629000 -0.000002 0.000000 0.000000 -0.006612 -0.843474
    52 0.956001 -0.000001 0.000000 0.000000 -0.004210 -0.435549
    53 1.258940 -0.308546 -1.250052 1.279824 0.394280 -0.683714
    54 1.393001 0.000000 -0.000001 -0.000001 -0.006299 0.228554
    55 1.099999 -0.000002 -0.000001 0.000001 -0.009616 1.179386
    56 0.411133 2.867188 5.171875 1.561034 0.654844 1.600328
    57 0.453125 0.068726 -3.753906 0.142262 -0.048725 -0.079138
    58 2.330670 -1.877761 0.104131 -1.861300 0.207908 -1.328386
  time 6
    0 5.332031 0.183838 35.843750 1.461520 0.003162 -1.207232
    1 0.000005 4.212784 -1.689857 1.585044 -0.202028 1.559633
    2 3.837408 0.000000 0.000000 0.081513 -0.078464 0.011446
    3 3.617872 0.000000 0.000000 0.014122 0.008244 0.049272
    4 7.539783 0.000000 0.000000 0.000000 0.000002 0.269447
    5 3.178296 0.000000 0.000000 -2.781729 0.101765 0.218150
    6 2.970273 -0.000001 0.000000 0.682831 0.431807 0.349769
    7 0.000001 0.000000 0.000000 -1.570796 0.000000 -1.326450
    8 2.023707 0.907460 0.852579 2.458265 -1.191260 2.046298
    9 4.983666 -0.000002 0.000000 -2.313085 -0.010766 -0.726462
    10 11.123052 0.000000 0.000003 0.000000 0.000000 -1.141782
    11 11.208296 0.000000 -0.000001 -0.244654 0.323973 -0.241285
    12 2.676089 -1.712444 0.000000 1.570797 0.000000 1.570797
    13 2.023711 0.907462 -0.852528 -2.710504 1.116654 1.983473
    14 4.983665 -0.000003 0.000000 0.993623 0.211755 -0.962930
    15 11.123046 0.000000 -0.000001 0.000000 0.000000 -1.634006
    16 11.208295 0.000000 0.000003 -1.376477 -0.034344 -0.144943
    17 2.676088 -1.712442 0.000000 -1.570796 0.000000 -1.570796
    18 3.984014 -0.000004 -0.000003 -2.068073 -0.230650 -1.213326
    19 15.940010 0.000000 0.000000 0.000000 0.000000 0.590042
    20 17.709562 0.000000 0.000000 -0.267007 -0.177969 -1.146228
    21 6.203998 0.000000 0.000000 -0.011146 0.000934 -0.500515
    22 -3.984013 0.000007 0.000007 -1.440502 -0.117513 -1.745002
    23 15.940014 0.000000 0.000000 0.000000 0.000000 0.642325
    24 17.709558 0.000000 0.000000 0.242994 0.133240 -1.433180
    25 6.204000 0.000000 0.000000 -0.078651 -0.006185 -0.498943
    26 3.549245 0.198823 -1.489468 -0.477587 -0.055914 -1.339365
    27 1.219000 0.000000 0.000000 0.000001 0.215623 -0.825564
    28 0.679999 0.000001 0.000000 -0.000932 0.004881 -0.778371
    29 3.698009 0.267556 -0.728978 -0.166100 -0.140553 -1.332653
    30 1.749002 -0.000001 0.000000 -0.000001 0.004459 -0.593371
    31 0.959998 0.000000 0.000000 -0.000001 0.007360 -0.776376
    32 3.768502 0.152548 0.071384 0.068152 -0.150464 -1.004147
    33 2.038001 0.000004 0.000000 -0.000001 0.000928 -1.085362
    34 1.067000 0.000000 0.000000 0.001773 0.002522 -0.548780
    35 3.783925 -0.017258 0.794554 0.019649 -0.211883 -0.382034
    36 1.629001 0.000000 0.000000 -0.000001 0.004072 -1.206667
    37 0.955999 0.000002 0.000000 0.000000 0.002595 -1.189323
    38 1.258963 -0.297984 1.252590 -1.526831 -0.658081 -0.256339
    39 1.392998 -0.000001 -0.000001 -0.000001 0.248671 -0.117775
    40 1.100000 0.000000 -0.000001 0.005702 0.009717 -0.425603
    41 3.549268 0.211410 1.487669 0.479138 -0.158546 -0.879039
    42 1.219002 -0.000002 0.000000 0.000000 -0.011932 -0.439671
    43 0.679999 0.000000 0.000000 0.000002 -0.006134 -0.244270
    44 3.698019 0.273716 0.726623 0.154998 -0.079304 -0.810204
    45 1.749000 0.000000 0.000000 0.000000 -0.005853 -0.247769
    46 0.959998 0.000000 0.000000 0.000001 -0.009662 -0.430760
    47 3.768503 0.151949 -0.072740 -0.086429 -0.113133 -0.580186
    48 2.037998 -0.000002 0.000000 0.000000 -0.007973 -1.463532
    49 1.066998 0.000000 0.000000 0.000001 -0.004459 -1.313472
    50 3.783906 -0.023953 -0.794451 -0.337799 0.133928 -0.268220
    51 1.629000 -0.000002 0.000000 0.000000 -0.006612 -0.843474
    52 0.956001 -0.000001 0.000000 0.000000 -0.004210 -0.435549
    53 1.258940 -0.308546 -1.250052 1.279824 0.394280 -0.683714
    54 1.393001 0.000000 -0.000001 -0.000001 -0.006299 0.228554
    55 1.099999 -0.000002 -0.000001 0.000001 -0.009616 1.179386
    56 0.411133 2.867188 5.171875 1.561034 0.654844 1.600328
    57 0.453125 0.068726 -3.753906 0.142262 -0.048725 -0.079138
    58 2.330670 -1.877761 0.104131 -1.861300 0.207908 -1.328386
  time 7
    0 5.332031 0.183838 35.843750 1.461520 0.003162 -1.207232
    1 0.000005 4.212784 -1.689857 1.585044 -0.202028 1.559633
    2 3.837408 0.000000 0.000000 0.081513 -0.078464 0.011446
    3 3.617872 0.000000 0.000000 0.014122 0.008244 0.049272
    4 7.539783 0.000000 0.000000 0.000000 0.000002 0.269447
    5 3.178296 0.000000 0.000000 -2.781729 0.101765 0.218150
    6 2.970273 -0.000001 0.000000 0.682831 0.431807 0.349769
    7 0.000001 0.000000 0.000000 -1.570796 0.000000 -1.326450
    8 2.023707 0.907460 0.852579 2.458265 -1.191260 2.046298
    9 4.983666 -0.000002 0.000000 -2.313085 -0.010766 -0.726462
    10 11.123052 0.000000 0.000003 0.000000 0.000000 -1.141782
    11 11.208296 0.000000 -0.000001 -0.244654 0.323973 -0.241285
    12 2.676089 -1.712444 0.000000 1.570797 0.000000 1.570797
    13 2.023711 0.907462 -0.852528 -2.710504 1.116654 1.983473
    14 4.983665 -0.000003 0.000000 0.993623 0.211755 -0.962930
    15 11.123046 0.000000 -0.000001 0.000000 0.000000 -1.634006
    16 11.208295 0.000000 0.000003 -1.376477 -0.034344 -0.144943
    17 2.676088 -1.712442 0.000000 -1.570796 0.000000 -1.570796
    18 3.984014 -0.000004 -0.000003 -2.068073 -0.230650 -1.213326
    19 15.940010 0.000000 0.000000 0.000000 0.000000 0.590042
    20 17.709562 0.000000 0.000000 -0.267007 -0.177969 -1.146228
    21 6.203998 0.000000 0.000000 -0.011146 0.000934 -0.500515
    22 -3.984013 0.000007 0.000007 -1.440502 -0.117513 -1.745002
    23 15.940014 0.000000 0.000000 0.000000 0.000000 0.642325
    24 17.709558 0.000000 0.000000 0.242994 0.133240 -1.433180
    25 6.204000 0.000000 0.000000 -0.078651 -0.006185 -0.498943
    26 3.549245 0.198823 -1.489468 -0.477587 -0.055914 -1.339365
    27 1.219000 0.000000 0.000000 0.000001 0.215623 -0.825564
    28 0.679999 0.000001 0.000000 -0.000932 0.004881 -0.778371
    29 3.698009 0.267556 -0.728978 -0.166100 -0.140553 -1.332653
    30 1.749002 -0.000001 0.000000 -0.000001 0.004459 -0.593371
    31 0.959998 0.000000 0.000000 -0.000001 0.007360 -0.776376
    32 3.768502 0.152548 0.071384 0.068152 -0.150464 -1.004147
    33 2.038001 0.000004 0.000000 -0.000001 0.000928 -1.085362
    34 1.067000 0.000000 0.000000 0.001773 0.002522 -0.548780
    35 3.783925 -0.017258 0.794554 0.019649 -0.211883 -0.382034
    36 1.629001 0.000000 0.000000 -0.000001 0.004072 -1.206667
    37 0.955999 0.000002 0.000000 0.000000 0.002595 -1.189323
    38 1.258963 -0.297984 1.252590 -1.526831 -0.658081 -0.256339
    39 1.392998 -0.000001 -0.000001 -0.000001 0.248671 -0.117775
    40 1.100000 0.000000 -0.000001 0.005702 0.009717 -0.425603
    41 3.549268 0.211410 1.487669 0.479138 -0.158546 -0.879039
    42 1.219002 -0.000002 0.000000 0.000000 -0.011932 -0.439671
    43 0.679999 0.000000 0.000000 0.000002 -0.006134 -0.244270
    44 3.698019 0.273716 0.726623 0.154998 -0.079304 -0.810204
    45 1.749000 0.000000 0.000000 0.000000 -0.005853 -0.247769
    46 0.959998 0.000000 0.000000 0.000001 -0.009662 -0.430760
    47 3.768503 0.151949 -0.072740 -0.086429 -0.113133 -0.580186
    48 2.037998 -0.000002 0.000000 0.000000 -0.007973 -1.463532
    49 1.066998 0.000000 0.000000 0.000001 -0.004459 -1.313472
    50 3.783906 -0.023953 -0.794451 -0.337799 0.133928 -0.268220
    51 1.629000 -0.000002 0.000000 0.000000 -0.006612 -0.843474
    52 0.956001 -0.000001 0.000000 0.000000 -0.004210 -0.435549
    53 1.258940 -0.308546 -1.250052 1.279824 0.394280 -0.683714
    54 1.393001 0.000000 -0.000001 -0.000001 -0.006299 0.228554
    55 1.099999 -0.000002 -0.000001 0.000001 -0.009616 1.179386
    56 0.411133 2.867188 5.171875 1.561034 0.654844 1.600328
    57 0.453125 0.068726 -3.753906 0.142262 -0.048725 -0.079138
    58 2.330670 -1.877761 0.104131 -1.861300 0.207908 -1.328386
  time 8
    0 5.332031 0.183838 35.843750 1.461520 0.003162 -1.207232
    1 0.000005 4.212784 -1.689857 1.585044 -0.202028 1.559633
    2 3.837408 0.000000 0.000000 0.081513 -0.078464 0.011446
    3 3.617872 0.000000 0.000000 0.014122 0.008244 0.049272
    4 7.539783 0.000000 0.000000 0.000000 0.000002 0.269447
    5 3.178296 0.000000 0.000000 -2.781729 0.101765 0.218150
    6 2.970273 -0.000001 0.000000 0.682831 0.431807 0.349769
    7 0.000001 0.000000 0.000000 -1.570796 0.000000 -1.326450
    8 2.023707 0.907460 0.852579 2.458265 -1.191260 2.046298
    9 4.983666 -0.000002 0.000000 -2.313085 -0.010766 -0.726462
    10 11.123052 0.000000 0.000003 0.000000 0.000000 -1.141782
    11 11.208296 0.000000 -0.000001 -0.244654 0.323973 -0.241285
    12 2.676089 -1.712444 0.000000 1.570797 0.000000 1.570797
    13 2.023711 0.907462 -0.852528 -2.710504 1.116654 1.983473
    14 4.983665 -0.000003 0.000000 0.993623 0.211755 -0.962930
    15 11.123046 0.000000 -0.000001 0.000000 0.000000 -1.634006
    16 11.208295 0.000000 0.000003 -1.376477 -0.034344 -0.144943
    17 2.676088 -1.712442 0.000000 -1.570796 0.000000 -1.570796
    18 3.984014 -0.000004 -0.000003 -2.068073 -0.230650 -1.213326
    19 15.940010 0.000000 0.000000 0.000000 0.000000 0.590042
    20 17.709562 0.000000 0.000000 -0.267007 -0.177969 -1.146228
    21 6.203998 0.000000 0.000000 -0.011146 0.000934 -0.500515
    22 -3.984013 0.000007 0.000007 -1.440502 -0.117513 -1.745002
    23 15.940014 0.000000 0.000000 0.000000 0.000000 0.642325
    24 17.709558 0.000000 0.000000 0.242994 0.133240 -1.433180
    25 6.204000 0.000000 0.000000 -0.078651 -0.006185 -0.498943
    26 3.549245 0.198823 -1.489468 -0.477587 -0.055914 -1.339365
    27 1.219000 0.000000 0.000000 0.000001 0.215623 -0.825564
    28 0.679999 0.000001 0.000000 -0.000932 0.004881 -0.778371
    29 3.698009 0.267556 -0.728978 -0.166100 -0.140553 -1.332653
    30 1.749002 -0.000001 0.000000 -0.000001 0.004459 -0.593371
    31 0.959998 0.000000 0.000000 -0.000001 0.007360 -0.776376
    32 3.768502 0.152548 0.071384 0.068152 -0.150464 -1.004147
    33 2.038001 0.000004 0.000000 -0.000001 0.000928 -1.085362
    34 1.067000 0.000000 0.000000 0.001773 0.002522 -0.548780
    35 3.783925 -0.017258 0.794554 0.019649 -0.211883 -0.382034
    36 1.629001 0.000000 0.000000 -0.000001 0.004072 -1.206667
    37 0.955999 0.000002 0.000000 0.000000 0.002595 -1.189323
    38 1.258963 -0.297984 1.252590 -1.526831 -0.658081 -0.256339
    39 1.392998 -0.000001 -0.000001 -0.000001 0.248671 -0.117775
    40 1.100000 0.000000 -0.000001 0.005702 0.009717 -0.425603
    41 3.549268 0.211410 1.487669 0.479138 -0.158546 -0.879039
    42 1.219002 -0.000002 0.000000 0.000000 -0.011932 -0.439671
    43 0.679999 0.000000 0.000000 0.000002 -0.006134 -0.244270
    44 3.698019 0.273716 0.726623 0.154998 -0.079304 -0.810204
    45 1.749000 0.000000 0.000000 0.000000 -0.005853 -0.247769
    46 0.959998 0.000000 0.000000 0.000001 -0.009662 -0.430760
    47 3.768503 0.151949 -0.072740 -0.086429 -0.113133 -0.580186
    48 2.037998 -0.000002 0.000000 0.000000 -0.007973 -1.463532
    49 1.066998 0.000000 0.000000 0.000001 -0.004459 -1.313472
    50 3.783906 -0.023953 -0.794451 -0.337799 0.133928 -0.268220
    51 1.629000 -0.000002 0.000000 0.000000 -0.006612 -0.843474
    52 0.956001 -0.000001 0.000000 0.000000 -0.004210 -0.435549
    53 1.258940 -0.308546 -1.250052 1.279824 0.394280 -0.683714
    54 1.393001 0.000000 -0.000001 -0.000001 -0.006299 0.228554
    55 1.099999 -0.000002 -0.000001 0.000001 -0.009616 1.179386
    56 0.411133 2.867188 5.171875 1.561034 0.654844 1.600328
    57 0.453125 0.068726 -3.753906 0.142262 -0.048725 -0.079138
    58 2.330670 -1.877761 0.104131 -1.861300 0.207908 -1.328386
  time 9
    0 5.332031 0.183838 35.843750 1.461520 0.003162 -1.207232
    1 0.000005 4.212784 -1.689857 1.585044 -0.202028 1.559633
    2 3.837408 0.000000 0.000000 0.081513 -0.078464 0.011446
    3 3.617872 0.000000 0.000000 0.014122 0.008244 0.049272
    4 7.539783 0.000000 0.000000 0.000000 0.000002 0.269447
    5 3.178296 0.000000 0.000000 -2.781729 0.101765 0.218150
    6 2.970273 -0.000001 0.000000 0.682831 0.431807 0.349769
    7 0.000001 0.000000 0.000000 -1.570796 0.000000 -1.326450
    8 2.023707 0.907460 0.852579 2.458265 -1.191260 2.046298
    9 4.983666 -0.000002 0.000000 -2.313085 -0.010766 -0.726462
    10 11.123052 0.000000 0.000003 0.000000 0.000000 -1.141782
    11 11.208296 0.000000 -0.000001 -0.244654 0.323973 -0.241285
    12 2.676089 -1.712444 0.000000 1.570797 0.000000 1.570797
    13 2.023711 0.907462 -0.852528 -2.710504 1.116654 1.983473
    14 4.983665 -0.000003 0.000000 0.993623 0.211755 -0.962930
    15 11.123046 0.000000 -0.000001 0.000000 0.000000 -1.634006
    16 11.208295 0.000000 0.000003 -1.376477 -0.034344 -0.144943
    17 2.676088 -1.712442 0.000000 -1.570796 0.000000 -1.570796
    18 3.984014 -0.000004 -0.000003 -2.068073 -0.230650 -1.213326
    19 15.940010 0.000000 0.000000 0.000000 0.000000 0.590042
    20 17.709562 0.000000 0.000000 -0.267007 -0.177969 -1.146228
    21 6.203998 0.000000 0.000000 -0.011146 0.000934 -0.500515
    22 -3.984013 0.000007 0.000007 -1.440502 -0.117513 -1.745002
    23 15.940014 0.000000 0.000000 0.000000 0.000000 0.642325
    24 17.709558 0.000000 0.000000 0.242994 0.133240 -1.433180
    25 6.204000 0.000000 0.000000 -0.078651 -0.006185 -0.498943
    26 3.549245 0.198823 -1.489468 -0.477587 -0.055914 -1.339365
    27 1.219000 0.000000 0.000000 0.000001 0.215623 -0.825564
    28 0.679999 0.000001 0.000000 -0.000932 0.004881 -0.778371
    29 3.698009 0.267556 -0.728978 -0.166100 -0.140553 -1.332653
    30 1.749002 -0.000001 0.000000 -0.000001 0.004459 -0.593371
    31 0.959998 0.000000 0.000000 -0.000001 0.007360 -0.776376
    32 3.768502 0.152548 0.071384 0.068152 -0.150464 -1.004147
    33 2.038001 0.000004 0.000000 -0.000001 0.000928 -1.085362
    34 1.067000 0.000000 0.000000 0.001773 0.002522 -0.548780
    35 3.783925 -0.017258 0.794554 0.019649 -0.211883 -0.382034
    36 1.629001 0.000000 0.000000 -0.000001 0.004072 -1.206667
    37 0.955999 0.000002 0.000000 0.000000 0.002595 -1.189323
    38 1.258963 -0.297984 1.252590 -1.526831 -0.658081 -0.256339
    39 1.392998 -0.000001 -0.000001 -0.000001 0.248671 -0.117775
    40 1.100000 0.000000 -0.000001 0.005702 0.009717 -0.425603
    41 3.549268 0.211410 1.487669 0.479138 -0.158546 -0.879039
    42 1.219002 -0.000002 0.000000 0.000000 -0.011932 -0.439671
    43 0.679999 0.000000 0.000000 0.000002 -0.006134 -0.244270
    44 3.698019 0.273716 0.726623 0.154998 -0.079304 -0.810204
    45 1.749000 0.000000 0.000000 0.000000 -0.005853 -0.247769
    46 0.959998 0.000000 0.000000 0.000001 -0.009662 -0.430760
    47 3.768503 0.151949 -0.072740 -0.086429 -0.113133 -0.580186
    48 2.037998 -0.000002 0.000000 0.000000 -0.007973 -1.463532
    49 1.066998 0.000000 0.000000 0.000001 -0.004459 -1.313472
    50 3.783906 -0.023953 -0.794451 -0.337799 0.133928 -0.268220
    51 1.629000 -0.000002 0.000000 0.000000 -0.006612 -0.843474
    52 0.956001 -0.000001 0.000000 0.000000 -0.004210 -0.435549
    53 1.258940 -0.308546 -1.250052 1.279824 0.394280 -0.683714
    54 1.393001 0.000000 -0.000001 -0.000001 -0.006299 0.228554
    55 1.099999 -0.000002 -0.000001 0.000001 -0.009616 1.179386
    56 0.411133 2.867188 5.171875 1.561034 0.654844 1.600328
    57 0.453125 0.068726 -3.753906 0.142262 -0.048725 -0.079138
    58 2.330670 -1.877761 0.104131 -1.861300 0.207908 -1.328386
  time 10
    0 5.332031 0.183838 35.843750 1.461520 0.003162 -1.207232
    1 0.000005 4.212784 -1.689857 1.585044 -0.202028 1.559633
    2 3.837408 0.000000 0.000000 0.081513 -0.078464 0.011446
    3 3.617872 0.000000 0.000000 0.014122 0.008244 0.049272
    4 7.539783 0.000000 0.000000 0.000000 0.000002 0.269447
    5 3.178296 0.000000 0.000000 -2.781729 0.101765 0.218150
    6 2.970273 -0.000001 0.000000 0.682831 0.431807 0.349769
    7 0.000001 0.000000 0.000000 -1.570796 0.000000 -1.326450
    8 2.023707 0.907460 0.852579 2.458265 -1.191260 2.046298
    9 4.983666 -0.000002 0.000000 -2.313085 -0.010766 -0.726462
    10 11.123052 0.000000 0.000003 0.000000 0.000000 -1.141782
    11 11.208296 0.000000 -0.000001 -0.244654 0.323973 -0.241285
    12 2.676089 -1.712444 0.000000 1.570797 0.000000 1.570797
    13 2.023711 0.907462 -0.852528 -2.710504 1.116654 1.983473
    14 4.983665 -0.000003 0.000000 0.993623 0.211755 -0.962930
    15 11.123046 0.000000 -0.000001 0.000000 0.000000 -1.634006
    16 11.208295 0.000000 0.000003 -1.376477 -0.034344 -0.144943
    17 2.676088 -1.712442 0.000000 -1.570796 0.000000 -1.570796
    18 3.984014 -0.000004 -0.000003 -2.068073 -0.230650 -1.213326
    19 15.940010 0.000000 0.000000 0.000000 0.000000 0.590042
    20 17.709562 0.000000 0.000000 -0.267007 -0.177969 -1.146228
    21 6.203998 0.000000 0.000000 -0.011146 0.000934 -0.500515
    22 -3.984013 0.000007 0.000007 -1.440502 -0.117513 -1.745002
    23 15.940014 0.000000 0.000000 0.000000 0.000000 0.642325
    24 17.709558 0.000000 0.000000 0.242994 0.133240 -1.433180
    25 6.204000 0.000000 0.000000 -0.078651 -0.006185 -0.498943
    26 3.549245 0.198823 -1.489468 -0.477587 -0.055914 -1.339365
    27 1.219000 0.000000 0.000000 0.000001 0.215623 -0.825564
    28 0.679999 0.000001 0.000000 -0.000932 0.004881 -0.778371
    29 3.698009 0.267556 -0.728978 -0.166100 -0.140553 -1.332653
    30 1.749002 -0.000001 0.000000 -0.000001 0.004459 -0.593371
    31 0.959998 0.000000 0.000000 -0.000001 0.007360 -0.776376
    32 3.768502 0.152548 0.071384 0.068152 -0.150464 -1.004147
    33 2.038001 0.000004 0.000000 -0.000001 0.000928 -1.085362
    34 1.067000 0.000000 0.000000 0.001773 0.002522 -0.548780
    35 3.783925 -0.017258 0.794554 0.019649 -0.211883 -0.382034
    36 1.629001 0.000000 0.000000 -0.000001 0.004072 -1.206667
    37 0.955999 0.000002 0.000000 0.000000 0.002595 -1.189323
    38 1.258963 -0.297984 1.252590 -1.526831 -0.658081 -0.256339
    39 1.392998 -0.000001 -0.000001 -0.000001 0.248671 -0.117775
    40 1.100000 0.000000 -0.000001 0.005702 0.009717 -0.425603
    41 3.549268 0.211410 1.487669 0.479138 -0.158546 -0.879039
    42 1.219002 -0.000002 0.000000 0.000000 -0.011932 -0.439671
    43 0.679999 0.000000 0.000000 0.000002 -0.006134 -0.244270
    44 3.698019 0.273716 0.726623 0.154998 -0.079304 -0.810204
    45 1.749000 0.000000 0.000000 0.000000 -0.005853 -0.247769
    46 0.959998 0.000000 0.000000 0.000001 -0.009662 -0.430760
    47 3.768503 0.151949 -0.072740 -0.086429 -0.113133 -0.580186
    48 2.037998 -0.000002 0.000000 0.000000 -0.007973 -1.463532
    49 1.066998 0.000000 0.000000 0.000001 -0.004459 -1.313472
    50 3.783906 -0.023953 -0.794451 -0.337799 0.133928 -0.268220
    51 1.629000 -0.000002 0.000000 0.000000 -0.006612 -0.843474
    52 0.956001 -0.000001 0.000000 0.000000 -0.004210 -0.435549
    53 1.258940 -0.308546 -1.250052 1.279824 0.394280 -0.683714
    54 1.393001 0.000000 -0.000001 -0.000001 -0.006299 0.228554
    55 1.099999 -0.000002 -0.000001 0.000001 -0.009616 1.179386
    56 0.411133 2.867188 5.171875 1.561034 0.654844 1.600328
    57 0.453125 0.068726 -3.753906 0.142262 -0.048725 -0.079138
    58 2.330670 -1.877761 0.104131 -1.861300 0.207908 -1.328386
  time 11
    0 5.332031 0.183838 35.843750 1.461520 0.003162 -1.207232
    1 0.000005 4.212784 -1.689857 1.585044 -0.202028 1.559633
    2 3.837408 0.000000 0.000000 0.081513 -0.078464 0.011446
    3 3.617872 0.000000 0.000000 0.014122 0.008244 0.049272
    4 7.539783 0.000000 0.000000 0.000000 0.000002 0.269447
    5 3.178296 0.000000 0.000000 -2.781729 0.101765 0.218150
    6 2.970273 -0.000001 0.000000 0.682831 0.431807 0.349769
    7 0.000001 0.000000 0.000000 -1.570796 0.000000 -1.326450
    8 2.023707 0.907460 0.852579 2.458265 -1.191260 2.046298
    9 4.983666 -0.000002 0.000000 -2.313085 -0.010766 -0.726462
    10 11.123052 0.000000 0.000003 0.000000 0.000000 -1.141782
    11 11.208296 0.000000 -0.000001 -0.244654 0.323973 -0.241285
    12 2.676089 -1.712444 0.000000 1.570797 0.000000 1.570797
    13 2.023711 0.907462 -0.852528 -2.710504 1.116654 1.983473
    14 4.983665 -0.000003 0.000000 0.993623 0.211755 -0.962930
    15 11.123046 0.000000 -0.000001 0.000000 0.000000 -1.634006
    16 11.208295 0.000000 0.000003 -1.376477 -0.034344 -0.144943
    17 2.676088 -1.712442 0.000000 -1.570796 0.000000 -1.570796
    18 3.984014 -0.000004 -0.000003 -2.068073 -0.230650 -1.213326
    19 15.940010 0.000000 0.000000 0.000000 0.000000 0.590042
    20 17.709562 0.000000 0.000000 -0.267007 -0.177969 -1.146228
    21 6.203998 0.000000 0.000000 -0.011146 0.000934 -0.500515
    22 -3.984013 0.000007 0.000007 -1.440502 -0.117513 -1.745002
    23 15.940014 0.000000 0.000000 0.000000 0.000000 0.642325
    24 17.709558 0.000000 0.000000 0.242994 0.133240 -1.433180
    25 6.204000 0.000000 0.000000 -0.078651 -0.006185 -0.498943
    26 3.549245 0.198823 -1.489468 -0.477587 -0.055914 -1.339365
    27 1.219000 0.000000 0.000000 0.000001 0.215623 -0.825564
    28 0.679999 0.000001 0.000000 -0.000932 0.004881 -0.778371
    29 3.698009 0.267556 -0.728978 -0.166100 -0.140553 -1.332653
    30 1.749002 -0.000001 0.000000 -0.000001 0.004459 -0.593371
    31 0.959998 0.000000 0.000000 -0.000001 0.007360 -0.776376
    32 3.768502 0.152548 0.071384 0.068152 -0.150464 -1.004147
    33 2.038001 0.000004 0.000000 -0.000001 0.000928 -1.085362
    34 1.067000 0.000000 0.000000 0.001773 0.002522 -0.548780
    35 3.783925 -0.017258 0.794554 0.019649 -0.211883 -0.382034
    36 1.629001 0.000000 0.000000 -0.000001 0.004072 -1.206667
    37 0.955999 0.000002 0.000000 0.000000 0.002595 -1.189323
    38 1.258963 -0.297984 1.252590 -1.526831 -0.658081 -0.256339
    39 1.392998 -0.000001 -0.000001 -0.000001 0.248671 -0.117775
    40 1.100000 0.000000 -0.000001 0.005702 0.009717 -0.425603
    41 3.549268 0.211410 1.487669 0.479138 -0.158546 -0.879039
    42 1.219002 -0.000002 0.000000 0.000000 -0.011932 -0.439671
    43 0.679999 0.000000 0.000000 0.000002 -0.006134 -0.244270
    44 3.698019 0.273716 0.726623 0.154998 -0.079304 -0.810204
    45 1.749000 0.000000 0.000000 0.000000 -0.005853 -0.247769
    46 0.959998 0.000000 0.000000 0.000001 -0.009662 -0.430760
    47 3.768503 0.151949 -0.072740 -0.086429 -0.113133 -0.580186
    48 2.037998 -0.000002 0.000000 0.000000 -0.007973 -1.463532
    49 1.066998 0.000000 0.000000 0.000001 -0.004459 -1.313472
    50 3.783906 -0.023953 -0.794451 -0.337799 0.133928 -0.268220
    51 1.629000 -0.000002 0.000000 0.000000 -0.006612 -0.843474
    52 0.956001 -0.000001 0.000000 0.000000 -0.004210 -0.435549
    53 1.258940 -0.308546 -1.250052 1.279824 0.394280 -0.683714
    54 1.393001 0.000000 -0.000001 -0.000001 -0.006299 0.228554
    55 1.099999 -0.000002 -0.000001 0.000001 -0.009616 1.179386
    56 0.411133 2.867188 5.171875 1.561034 0.654844 1.600328
    57 0.453125 0.068726 -3.753906 0.142262 -0.048725 -0.079138
    58 2.330670 -1.877761 0.104131 -1.861300 0.207908 -1.328386
  time 12
    0 5.332031 0.183838 35.843750 1.461520 0.003162 -1.207232
    1 0.000005 4.212784 -1.689857 1.585044 -0.202028 1.559633
    2 3.837408 0.000000 0.000000 0.081513 -0.078464 0.011446
    3 3.617872 0.000000 0.000000 0.014122 0.008244 0.049272
    4 7.539783 0.000000 0.000000 0.000000 0.000002 0.269447
    5 3.178296 0.000000 0.000000 -2.781729 0.101765 0.218150
    6 2.970273 -0.000001 0.000000 0.682831 0.431807 0.349769
    7 0.000001 0.000000 0.000000 -1.570796 0.000000 -1.326450
    8 2.023707 0.907460 0.852579 2.458265 -1.191260 2.046298
    9 4.983666 -0.000002 0.000000 -2.313085 -0.010766 -0.726462
    10 11.123052 0.000000 0.000003 0.000000 0.000000 -1.141782
    11 11.208296 0.000000 -0.000001 -0.244654 0.323973 -0.241285
    12 2.676089 -1.712444 0.000000 1.570797 0.000000 1.570797
    13 2.023711 0.907462 -0.852528 -2.710504 1.116654 1.983473
    14 4.983665 -0.000003 0.000000 0.993623 0.211755 -0.962930
    15 11.123046 0.000000 -0.000001 0.000000 0.000000 -1.634006
    16 11.208295 0.000000 0.000003 -1.376477 -0.034344 -0.144943
    17 2.676088 -1.712442 0.000000 -1.570796 0.000000 -1.570796
    18 3.984014 -0.000004 -0.000003 -2.068073 -0.230650 -1.213326
    19 15.940010 0.000000 0.000000 0.000000 0.000000 0.590042
    20 17.709562 0.000000 0.000000 -0.267007 -0.177969 -1.146228
    21 6.203998 0.000000 0.000000 -0.011146 0.000934 -0.500515
    22 -3.984013 0.000007 0.000007 -1.440502 -0.117513 -1.745002
    23 15.940014 0.000000 0.000000 0.000000 0.000000 0.642325
    24 17.709558 0.000000 0.000000 0.242994 0.133240 -1.433180
    25 6.204000 0.000000 0.000000 -0.078651 -0.006185 -0.498943
    26 3.549245 0.198823 -1.489468 -0.477587 -0.055914 -1.339365
    27 1.219000 0.000000 0.000000 0.000001 0.215623 -0.825564
    28 0.679999 0.000001 0.000000 -0.000932 0.004881 -0.778371
    29 3.698009 0.267556 -0.728978 -0.166100 -0.140553 -1.332653
    30 1.749002 -0.000001 0.000000 -0.000001 0.004459 -0.593371
    31 0.959998 0.000000 0.000000 -0.000001 0.007360 -0.776376
    32 3.768502 0.152548 0.071384 0.068152 -0.150464 -1.004147
    33 2.038001 0.000004 0.000000 -0.000001 0.000928 -1.085362
    34 1.067000 0.000000 0.000000 0.001773 0.002522 -0.548780
    35 3.783925 -0.017258 0.794554 0.019649 -0.211883 -0.382034
    36 1.629001 0.000000 0.000000 -0.000001 0.004072 -1.206667
    37 0.955999 0.000002 0.000000 0.000000 0.002595 -1.189323
    38 1.258963 -0.297984 1.252590 -1.526831 -0.658081 -0.256339
    39 1.392998 -0.000001 -0.000001 -0.000001 0.248671 -0.117775
    40 1.100000 0.000000 -0.000001 0.005702 0.009717 -0.425603
    41 3.549268 0.211410 1.487669 0.479138 -0.158546 -0.879039
    42 1.219002 -0.000002 0.000000 0.000000 -0.011932 -0.439671
    43 0.679999 0.000000 0.000000 0.000002 -0.006134 -0.244270
    44 3.698019 0.273716 0.726623 0.154998 -0.079304 -0.810204
    45 1.749000 0.000000 0.000000 0.000000 -0.005853 -0.247769
    46 0.959998 0.000000 0.000000 0.000001 -0.009662 -0.430760
    47 3.768503 0.151949 -0.072740 -0.086429 -0.113133 -0.580186
    48 2.037998 -0.000002 0.000000 0.000000 -0.007973 -1.463532
    49 1.066998 0.000000 0.000000 0.000001 -0.004459 -1.313472
    50 3.783906 -0.023953 -0.794451 -0.337799 0.133928 -0.268220
    51 1.629000 -0.000002 0.000000 0.000000 -0.006612 -0.843474
    52 0.956001 -0.000001 0.000000 0.000000 -0.004210 -0.435549
    53 1.258940 -0.308546 -1.250052 1.279824 0.394280 -0.683714
    54 1.393001 0.000000 -0.000001 -0.000001 -0.006299 0.228554
    55 1.099999 -0.000002 -0.000001 0.000001 -0.009616 1.179386
    56 0.411133 2.867188 5.171875 1.561034 0.654844 1.600328
    57 0.453125 0.068726 -3.753906 0.142262 -0.048725 -0.079138
    58 2.330670 -1.877761 0.104131 -1.861300 0.207908 -1.328386
  time 13
    0 5.332031 0.183838 35.843750 1.461520 0.003162 -1.207232
    1 0.000005 4.212784 -1.689857 1.585044 -0.202028 1.559633
    2 3.837408 0.000000 0.000000 0.081513 -0.078464 0.011446
    3 3.617872 0.000000 0.000000 0.014122 0.008244 0.049272
    4 7.539783 0.000000 0.000000 0.000000 0.000002 0.269447
    5 3.178296 0.000000 0.000000 -2.781729 0.101765 0.218150
    6 2.970273 -0.000001 0.000000 0.682831 0.431807 0.349769
    7 0.000001 0.000000 0.000000 -1.570796 0.000000 -1.326450
    8 2.023707 0.907460 0.852579 2.458265 -1.191260 2.046298
    9 4.983666 -0.000002 0.000000 -2.313085 -0.010766 -0.726462
    10 11.123052 0.000000 0.000003 0.000000 0.000000 -1.141782
    11 11.208296 0.000000 -0.000001 -0.244654 0.323973 -0.241285
    12 2.676089 -1.712444 0.000000 1.570797 0.000000 1.570797
    13 2.023711 0.907462 -0.852528 -2.710504 1.116654 1.983473
    14 4.983665 -0.000003 0.000000 0.993623 0.211755 -0.962930
    15 11.123046 0.000000 -0.000001 0.000000 0.000000 -1.634006
    16 11.208295 0.000000 0.000003 -1.376477 -0.034344 -0.144943
    17 2.676088 -1.712442 0.000000 -1.570796 0.000000 -1.570796
    18 3.984014 -0.000004 -0.000003 -2.068073 -0.230650 -1.213326
    19 15.940010 0.000000 0.000000 0.000000 0.000000 0.590042
    20 17.709562 0.000000 0.000000 -0.267007 -0.177969 -1.146228
    21 6.203998 0.000000 0.000000 -0.011146 0.000934 -0.500515
    22 -3.984013 0.000007 0.000007 -1.440502 -0.117513 -1.745002
    23 15.940014 0.000000 0.000000 0.000000 0.000000 0.642325
    24 17.709558 0.000000 0.000000 0.242994 0.133240 -1.433180
    25 6.204000 0.000000 0.000000 -0.078651 -0.006185 -0.498943
    26 3.549245 0.198823 -1.489468 -0.477587 -0.055914 -1.339365
    27 1.219000 0.000000 0.000000 0.000001 0.215623 -0.825564
    28 0.679999 0.000001 0.000000 -0.000932 0.004881 -0.778371
    29 3.698009 0.267556 -0.728978 -0.166100 -0.140553 -1.332653
    30 1.749002 -0.000001 0.000000 -0.000001 0.004459 -0.593371
    31 0.959998 0.000000 0.000000 -0.000001 0.007360 -0.776376
    32 3.768502 0.152548 0.071384 0.068152 -0.150464 -1.004147
    33 2.038001 0.000004 0.000000 -0.000001 0.000928 -1.085362
    34 1.067000 0.000000 0.000000 0.001773 0.002522 -0.548780
    35 3.783925 -0.017258 0.794554 0.019649 -0.211883 -0.382034
    36 1.629001 0.000000 0.000000 -0.000001 0.004072 -1.206667
    37 0.955999 0.000002 0.000000 0.000000 0.002595 -1.189323
    38 1.258963 -0.297984 1.252590 -1.526831 -0.658081 -0.256339
    39 1.392998 -0.000001 -0.000001 -0.000001 0.248671 -0.117775
    40 1.100000 0.000000 -0.000001 0.005702 0.009717 -0.425603
    41 3.549268 0.211410 1.487669 0.479138 -0.158546 -0.879039
    42 1.219002 -0.000002 0.000000 0.000000 -0.011932 -0.439671
    43 0.679999 0.000000 0.000000 0.000002 -0.006134 -0.244270
    44 3.698019 0.273716 0.726623 0.154998 -0.079304 -0.810204
    45 1.749000 0.000000 0.000000 0.000000 -0.005853 -0.247769
    46 0.959998 0.000000 0.000000 0.000001 -0.009662 -0.430760
    47 3.768503 0.151949 -0.072740 -0.086429 -0.113133 -0.580186
    48 2.037998 -0.000002 0.000000 0.000000 -0.007973 -1.463532
    49 1.066998 0.000000 0.000000 0.000001 -0.004459 -1.313472
    50 3.783906 -0.023953 -0.794451 -0.337799 0.133928 -0.268220
    51 1.629000 -0.000002 0.000000 0.000000 -0.006612 -0.843474
    52 0.956001 -0.000001 0.000000 0.000000 -0.004210 -0.435549
    53 1.258940 -0.308546 -1.250052 1.279824 0.394280 -0.683714
    54 1.393001 0.000000 -0.000001 -0.000001 -0.006299 0.228554
    55 1.099999 -0.000002 -0.000001 0.000001 -0.009616 1.179386
    56 0.411133 2.867188 5.171875 1.561034 0.654844 1.600328
    57 0.453125 0.068726 -3.753906 0.142262 -0.048725 -0.079138
    58 2.330670 -1.877761 0.104131 -1.861300 0.207908 -1.328386
  time 14
    0 5.332031 0.183838 35.843750 1.461520 0.003162 -1.207232
    1 0.000005 4.212784 -1.689857 1.585044 -0.202028 1.559633
    2 3.837408 0.000000 0.000000 0.081513 -0.078464 0.011446
    3 3.617872 0.000000 0.000000 0.014122 0.008244 0.049272
    4 7.539783 0.000000 0.000000 0.000000 0.000002 0.269447
    5 3.178296 0.000000 0.000000 -2.781729 0.101765 0.218150
    6 2.970273 -0.000001 0.000000 0.682831 0.431807 0.349769
    7 0.000001 0.000000 0.000000 -1.570796 0.000000 -1.326450
    8 2.023707 0.907460 0.852579 2.458265 -1.191260 2.046298
    9 4.983666 -0.000002 0.000000 -2.313085 -0.010766 -0.726462
    10 11.123052 0.000000 0.000003 0.000000 0.000000 -1.141782
    11 11.208296 0.000000 -0.000001 -0.244654 0.323973 -0.241285
    12 2.676089 -1.712444 0.000000 1.570797 0.000000 1.570797
    13 2.023711 0.907462 -0.852528 -2.710504 1.116654 1.983473
    14 4.983665 -0.000003 0.000000 0.993623 0.211755 -0.962930
    15 11.123046 0.000000 -0.000001 0.000000 0.000000 -1.634006
    16 11.208295 0.000000 0.000003 -1.376477 -0.034344 -0.144943
    17 2.676088 -1.712442 0.000000 -1.570796 0.000000 -1.570796
    18 3.984014 -0.000004 -0.000003 -2.068073 -0.230650 -1.213326
    19 15.940010 0.000000 0.000000 0.000000 0.000000 0.590042
    20 17.709562 0.000000 0.000000 -0.267007 -0.177969 -1.146228
    21 6.203998 0.000000 0.000000 -0.011146 0.000934 -0.500515
    22 -3.984013 0.000007 0.000007 -1.440502 -0.117513 -1.745002
    23 15.940014 0.000000 0.000000 0.000000 0.000000 0.642325
    24 17.709558 0.000000 0.000000 0.242994 0.133240 -1.433180
    25 6.204000 0.000000 0.000000 -0.078651 -0.006185 -0.498943
    26 3.549245 0.198823 -1.489468 -0.477587 -0.055914 -1.339365
    27 1.219000 0.000000 0.000000 0.000001 0.215623 -0.825564
    28 0.679999 0.000001 0.000000 -0.000932 0.004881 -0.778371
    29 3.698009 0.267556 -0.728978 -0.166100 -0.140553 -1.332653
    30 1.749002 -0.000001 0.000000 -0.000001 0.004459 -0.593371
    31 0.959998 0.000000 0.000000 -0.000001 0.007360 -0.776376
    32 3.768502 0.152548 0.071384 0.068152 -0.150464 -1.004147
    33 2.038001 0.000004 0.000000 -0.000001 0.000928 -1.085362
    34 1.067000 0.000000 0.000000 0.001773 0.002522 -0.548780
    35 3.783925 -0.017258 0.794554 0.019649 -0.211883 -0.382034
    36 1.629001 0.000000 0.000000 -0.000001 0.004072 -1.206667
    37 0.955999 0.000002 0.000000 0.000000 0.002595 -1.189323
    38 1.258963 -0.297984 1.252590 -1.526831 -0.658081 -0.256339
    39 1.392998 -0.000001 -0.000001 -0.000001 0.248671 -0.117775
    40 1.100000 0.000000 -0.000001 0.005702 0.009717 -0.425603
    41 3.549268 0.211410 1.487669 0.479138 -0.158546 -0.879039
    42 1.219002 -0.000002 0.000000 0.000000 -0.011932 -0.439671
    43 0.679999 0.000000 0.000000 0.000002 -0.006134 -0.244270
    44 3.698019 0.273716 0.726623 0.154998 -0.079304 -0.810204
    45 1.749000 0.000000 0.000000 0.000000 -0.005853 -0.247769
    46 0.959998 0.000000 0.000000 0.000001 -0.009662 -0.430760
    47 3.768503 0.151949 -0.072740 -0.086429 -0.113133 -0.580186
    48 2.037998 -0.000002 0.000000 0.000000 -0.007973 -1.463532
    49 1.066998 0.000000 0.000000 0.000001 -0.004459 -1.313472
    50 3.783906 -0.023953 -0.794451 -0.337799 0.133928 -0.268220
    51 1.629000 -0.000002 0.000000 0.000000 -0.006612 -0.843474
    52 0.956001 -0.000001 0.000000 0.000000 -0.004210 -0.435549
    53 1.258940 -0.308546 -1.250052 1.279824 0.394280 -0.683714
    54 1.393001 0.000000 -0.000001 -0.000001 -0.006299 0.228554
    55 1.099999 -0.000002 -0.000001 0.000001 -0.009616 1.179386
    56 0.411133 2.867188 5.171875 1.561034 0.654844 1.600328
    57 0.453125 0.068726 -3.753906 0.142262 -0.048725 -0.079138
    58 2.330670 -1.877761 0.104131 -1.861300 0.207908 -1.328386
  time 15
    0 5.332031 0.183838 35.843750 1.461520 0.003162 -1.207232
    1 0.000005 4.212784 -1.689857 1.585044 -0.202028 1.559633
    2 3.837408 0.000000 0.000000 0.081513 -0.078464 0.011446
    3 3.617872 0.000000 0.000000 0.014122 0.008244 0.049272
    4 7.539783 0.000000 0.000000 0.000000 0.000002 0.269447
    5 3.178296 0.000000 0.000000 -2.781729 0.101765 0.218150
    6 2.970273 -0.000001 0.000000 0.682831 0.431807 0.349769
    7 0.000001 0.000000 0.000000 -1.570796 0.000000 -1.326450
    8 2.023707 0.907460 0.852579 2.458265 -1.191260 2.046298
    9 4.983666 -0.000002 0.000000 -2.313085 -0.010766 -0.726462
    10 11.123052 0.000000 0.000003 0.000000 0.000000 -1.141782
    11 11.208296 0.000000 -0.000001 -0.244654 0.323973 -0.241285
    12 2.676089 -1.712444 0.000000 1.570797 0.000000 1.570797
    13 2.023711 0.907462 -0.852528 -2.710504 1.116654 1.983473
    14 4.983665 -0.000003 0.000000 0.993623 0.211755 -0.962930
    15 11.123046 0.000000 -0.000001 0.000000 0.000000 -1.634006
    16 11.208295 0.000000 0.000003 -1.376477 -0.034344 -0.144943
    17 2.676088 -1.712442 0.000000 -1.570796 0.000000 -1.570796
    18 3.984014 -0.000004 -0.000003 -2.068073 -0.230650 -1.213326
    19 15.940010 0.000000 0.000000 0.000000 0.000000 0.590042
    20 17.709562 0.000000 0.000000 -0.267007 -0.177969 -1.146228
    21 6.203998 0.000000 0.000000 -0.011146 0.000934 -0.500515
    22 -3.984013 0.000007 0.000007 -1.440502 -0.117513 -1.745002
    23 15.940014 0.000000 0.000000 0.000000 0.000000 0.642325
    24 17.709558 0.000000 0.000000 0.242994 0.133240 -1.433180
    25 6.204000 0.000000 0.000000 -0.078651 -0.006185 -0.498943
    26 3.549245 0.198823 -1.489468 -0.477587 -0.055914 -1.339365
    27 1.219000 0.000000 0.000000 0.000001 0.215623 -0.825564
    28 0.679999 0.000001 0.000000 -0.000932 0.004881 -0.778371
    29 3.698009 0.267556 -0.728978 -0.166100 -0.140553 -1.332653
    30 1.749002 -0.000001 0.000000 -0.000001 0.004459 -0.593371
    31 0.959998 0.000000 0.000000 -0.000001 0.007360 -0.776376
    32 3.768502 0.152548 0.071384 0.068152 -0.150464 -1.004147
    33 2.038001 0.000004 0.000000 -0.000001 0.000928 -1.085362
    34 1.067000 0.000000 0.000000 0.001773 0.002522 -0.548780
    35 3.783925 -0.017258 0.794554 0.019649 -0.211883 -0.382034
    36 1.629001 0.000000 0.000000 -0.000001 0.004072 -1.206667
    37 0.955999 0.000002 0.000000 0.000000 0.002595 -1.189323
    38 1.258963 -0.297984 1.252590 -1.526831 -0.658081 -0.256339
    39 1.392998 -0.000001 -0.000001 -0.000001 0.248671 -0.117775
    40 1.100000 0.000000 -0.000001 0.005702 0.009717 -0.425603
    41 3.549268 0.211410 1.487669 0.479138 -0.158546 -0.879039
    42 1.219002 -0.000002 0.000000 0.000000 -0.011932 -0.439671
    43 0.679999 0.000000 0.000000 0.000002 -0.006134 -0.244270
    44 3.698019 0.273716 0.726623 0.154998 -0.079304 -0.810204
    45 1.749000 0.000000 0.000000 0.000000 -0.005853 -0.247769
    46 0.959998 0.000000 0.000000 0.000001 -0.009662 -0.430760
    47 3.768503 0.151949 -0.072740 -0.086429 -0.113133 -0.580186
    48 2.037998 -0.000002 0.000000 0.000000 -0.007973 -1.463532
    49 1.066998 0.000000 0.000000 0.000001 -0.004459 -1.313472
    50 3.783906 -0.023953 -0.794451 -0.337799 0.133928 -0.268220
    51 1.629000 -0.000002 0.000000 0.000000 -0.006612 -0.843474
    52 0.956001 -0.000001 0.000000 0.000000 -0.004210 -0.435549
    53 1.258940 -0.308546 -1.250052 1.279824 0.394280 -0.683714
    54 1.393001 0.000000 -0.000001 -0.000001 -0.006299 0.228554
    55 1.099999 -0.000002 -0.000001 0.000001 -0.009616 1.179386
    56 0.411133 2.867188 5.171875 1.561034 0.654844 1.600328
    57 0.453125 0.068726 -3.753906 0.142262 -0.048725 -0.079138
    58 2.330670 -1.877761 0.104131 -1.861300 0.207908 -1.328386
  time 16
    0 5.332031 0.183838 35.843750 1.461520 0.003162 -1.207232
    1 0.000005 4.212784 -1.689857 1.585044 -0.202028 1.559633
    2 3.837408 0.000000 0.000000 0.081513 -0.078464 0.011446
    3 3.617872 0.000000 0.000000 0.014122 0.008244 0.049272
    4 7.539783 0.000000 0.000000 0.000000 0.000002 0.269447
    5 3.178296 0.000000 0.000000 -2.781729 0.101765 0.218150
    6 2.970273 -0.000001 0.000000 0.682831 0.431807 0.349769
    7 0.000001 0.000000 0.000000 -1.570796 0.000000 -1.326450
    8 2.023707 0.907460 0.852579 2.458265 -1.191260 2.046298
    9 4.983666 -0.000002 0.000000 -2.313085 -0.010766 -0.726462
    10 11.123052 0.000000 0.000003 0.000000 0.000000 -1.141782
    11 11.208296 0.000000 -0.000001 -0.244654 0.323973 -0.241285
    12 2.676089 -1.712444 0.000000 1.570797 0.000000 1.570797
    13 2.023711 0.907462 -0.852528 -2.710504 1.116654 1.983473
    14 4.983665 -0.000003 0.000000 0.993623 0.211755 -0.962930
    15 11.123046 0.000000 -0.000001 0.000000 0.000000 -1.634006
    16 11.208295 0.000000 0.000003 -1.376477 -0.034344 -0.144943
    17 2.676088 -1.712442 0.000000 -1.570796 0.000000 -1.570796
    18 3.984014 -0.000004 -0.000003 -2.068073 -0.230650 -1.213326
    19 15.940010 0.000000 0.000000 0.000000 0.000000 0.590042
    20 17.709562 0.000000 0.000000 -0.267007 -0.177969 -1.146228
    21 6.203998 0.000000 0.000000 -0.011146 0.000934 -0.500515
    22 -3.984013 0.000007 0.000007 -1.440502 -0.117513 -1.745002
    23 15.940014 0.000000 0.000000 0.000000 0.000000 0.642325
    24 17.709558 0.000000 0.000000 0.242994 0.133240 -1.433180
    25 6.204000 0.000000 0.000000 -0.078651 -0.006185 -0.498943
    26 3.549245 0.198823 -1.489468 -0.477587 -0.055914 -1.339365
    27 1.219000 0.000000 0.000000 0.000001 0.215623 -0.825564
    28 0.679999 0.000001 0.000000 -0.000932 0.004881 -0.778371
    29 3.698009 0.267556 -0.728978 -0.166100 -0.140553 -1.332653
    30 1.749002 -0.000001 0.000000 -0.000001 0.004459 -0.593371
    31 0.959998 0.000000 0.000000 -0.000001 0.007360 -0.776376
    32 3.768502 0.152548 0.071384 0.068152 -0.150464 -1.004147
    33 2.038001 0.000004 0.000000 -0.000001 0.000928 -1.085362
    34 1.067000 0.000000 0.000000 0.001773 0.002522 -0.548780
    35 3.783925 -0.017258 0.794554 0.019649 -0.211883 -0.382034
    36 1.629001 0.000000 0.000000 -0.000001 0.004072 -1.206667
    37 0.955999 0.000002 0.000000 0.000000 0.002595 -1.189323
    38 1.258963 -0.297984 1.252590 -1.526831 -0.658081 -0.256339
    39 1.392998 -0.000001 -0.000001 -0.000001 0.248671 -0.117775
    40 1.100000 0.000000 -0.000001 0.005702 0.009717 -0.425603
    41 3.549268 0.211410 1.487669 0.479138 -0.158546 -0.879039
    42 1.219002 -0.000002 0.000000 0.000000 -0.011932 -0.439671
    43 0.679999 0.000000 0.000000 0.000002 -0.006134 -0.244270
    44 3.698019 0.273716 0.726623 0.154998 -0.079304 -0.810204
    45 1.749000 0.000000 0.000000 0.000000 -0.005853 -0.247769
    46 0.959998 0.000000 0.000000 0.000001 -0.009662 -0.430760
    47 3.768503 0.151949 -0.072740 -0.086429 -0.113133 -0.580186
    48 2.037998 -0.000002 0.000000 0.000000 -0.007973 -1.463532
    49 1.066998 0.000000 0.000000 0.000001 -0.004459 -1.313472
    50 3.783906 -0.023953 -0.794451 -0.337799 0.133928 -0.268220
    51 1.629000 -0.000002 0.000000 0.000000 -0.006612 -0.843474
    52 0.956001 -0.000001 0.000000 0.000000 -0.004210 -0.435549
    53 1.258940 -0.308546 -1.250052 1.279824 0.394280 -0.683714
    54 1.393001 0.000000 -0.000001 -0.000001 -0.006299 0.228554
    55 1.099999 -0.000002 -0.000001 0.000001 -0.009616 1.179386
    56 0.411133 2.867188 5.171875 1.561034 0.654844 1.600328
    57 0.453125 0.068726 -3.753906 0.142262 -0.048725 -0.079138
    58 2.330670 -1.877761 0.104131 -1.861300 0.207908 -1.328386
  time 17
    0 5.332031 0.183838 35.843750 1.461520 0.003162 -1.207232
    1 0.000005 4.212784 -1.689857 1.585044 -0.202028 1.559633
    2 3.837408 0.000000 0.000000 0.081513 -0.078464 0.011446
    3 3.617872 0.000000 0.000000 0.014122 0.008244 0.049272
    4 7.539783 0.000000 0.000000 0.000000 0.000002 0.269447
    5 3.178296 0.000000 0.000000 -2.781729 0.101765 0.218150
    6 2.970273 -0.000001 0.000000 0.682831 0.431807 0.349769
    7 0.000001 0.000000 0.000000 -1.570796 0.000000 -1.326450
    8 2.023707 0.907460 0.852579 2.458265 -1.191260 2.046298
    9 4.983666 -0.000002 0.000000 -2.313085 -0.010766 -0.726462
    10 11.123052 0.000000 0.000003 0.000000 0.000000 -1.141782
    11 11.208296 0.000000 -0.000001 -0.244654 0.323973 -0.241285
    12 2.676089 -1.712444 0.000000 1.570797 0.000000 1.570797
    13 2.023711 0.907462 -0.852528 -2.710504 1.116654 1.983473
    14 4.983665 -0.000003 0.000000 0.993623 0.211755 -0.962930
    15 11.123046 0.000000 -0.000001 0.000000 0.000000 -1.634006
    16 11.208295 0.000000 0.000003 -1.376477 -0.034344 -0.144943
    17 2.676088 -1.712442 0.000000 -1.570796 0.000000 -1.570796
    18 3.984014 -0.000004 -0.000003 -2.068073 -0.230650 -1.213326
    19 15.940010 0.000000 0.000000 0.000000 0.000000 0.590042
    20 17.709562 0.000000 0.000000 -0.267007 -0.177969 -1.146228
    21 6.203998 0.000000 0.000000 -0.011146 0.000934 -0.500515
    22 -3.984013 0.000007 0.000007 -1.440502 -0.117513 -1.745002
    23 15.940014 0.000000 0.000000 0.000000 0.000000 0.642325
    24 17.709558 0.000000 0.000000 0.242994 0.133240 -1.433180
    25 6.204000 0.000000 0.000000 -0.078651 -0.006185 -0.498943
    26 3.549245 0.198823 -1.489468 -0.477587 -0.055914 -1.339365
    27 1.219000 0.000000 0.000000 0.000001 0.215623 -0.825564
    28 0.679999 0.000001 0.000000 -0.000932 0.004881 -0.778371
    29 3.698009 0.267556 -0.728978 -0.166100 -0.140553 -1.332653
    30 1.749002 -0.000001 0.000000 -0.000001 0.004459 -0.593371
    31 0.959998 0.000000 0.000000 -0.000001 0.007360 -0.776376
    32 3.768502 0.152548 0.071384 0.068152 -0.150464 -1.004147
    33 2.038001 0.000004 0.000000 -0.000001 0.000928 -1.085362
    34 1.067000 0.000000 0.000000 0.001773 0.002522 -0.548780
    35 3.783925 -0.017258 0.794554 0.019649 -0.211883 -0.382034
    36 1.629001 0.000000 0.000000 -0.000001 0.004072 -1.206667
    37 0.955999 0.000002 0.000000 0.000000 0.002595 -1.189323
    38 1.258963 -0.297984 1.252590 -1.526831 -0.658081 -0.256339
    39 1.392998 -0.000001 -0.000001 -0.000001 0.248671 -0.117775
    40 1.100000 0.000000 -0.000001 0.005702 0.009717 -0.425603
    41 3.549268 0.211410 1.487669 0.479138 -0.158546 -0.879039
    42 1.219002 -0.000002 0.000000 0.000000 -0.011932 -0.439671
    43 0.679999 0.000000 0.000000 0.000002 -0.006134 -0.244270
    44 3.698019 0.273716 0.726623 0.154998 -0.079304 -0.810204
    45 1.749000 0.000000 0.000000 0.000000 -0.005853 -0.247769
    46 0.959998 0.000000 0.000000 0.000001 -0.009662 -0.430760
    47 3.768503 0.151949 -0.072740 -0.086429 -0.113133 -0.580186
    48 2.037998 -0.000002 0.000000 0.000000 -0.007973 -1.463532
    49 1.066998 0.000000 0.000000 0.000001 -0.004459 -1.313472
    50 3.783906 -0.023953 -0.794451 -0.337799 0.133928 -0.268220
    51 1.629000 -0.000002 0.000000 0.000000 -0.006612 -0.843474
    52 0.956001 -0.000001 0.000000 0.000000 -0.004210 -0.435549
    53 1.258940 -0.308546 -1.250052 1.279824 0.394280 -0.683714
    54 1.393001 0.000000 -0.000001 -0.000001 -0.006299 0.228554
    55 1.099999 -0.000002 -0.000001 0.000001 -0.009616 1.179386
    56 0.411133 2.867188 5.171875 1.561034 0.654844 1.600328
    57 0.453125 0.068726 -3.753906 0.142262 -0.048725 -0.079138
    58 2.330670 -1.877761 0.104131 -1.861300 0.207908 -1.328386
  time 18
    0 5.332031 0.183838 35.843750 1.461520 0.003162 -1.207232
    1 0.000005 4.212784 -1.689857 1.585044 -0.202028 1.559633
    2 3.837408 0.000000 0.000000 0.081513 -0.078464 0.011446
    3 3.617872 0.000000 0.000000 0.014122 0.008244 0.049272
    4 7.539783 0.000000 0.000000 0.000000 0.000002 0.269447
    5 3.178296 0.000000 0.000000 -2.781729 0.101765 0.218150
    6 2.970273 -0.000001 0.000000 0.682831 0.431807 0.349769
    7 0.000001 0.000000 0.000000 -1.570796 0.000000 -1.326450
    8 2.023707 0.907460 0.852579 2.458265 -1.191260 2.046298
    9 4.983666 -0.000002 0.000000 -2.313085 -0.010766 -0.726462
    10 11.123052 0.000000 0.000003 0.000000 0.000000 -1.141782
    11 11.208296 0.000000 -0.000001 -0.244654 0.323973 -0.241285
    12 2.676089 -1.712444 0.000000 1.570797 0.000000 1.570797
    13 2.023711 0.907462 -0.852528 -2.710504 1.116654 1.983473
    14 4.983665 -0.000003 0.000000 0.993623 0.211755 -0.962930
    15 11.123046 0.000000 -0.000001 0.000000 0.000000 -1.634006
    16 11.208295 0.000000 0.000003 -1.376477 -0.034344 -0.144943
    17 2.676088 -1.712442 0.000000 -1.570796 0.000000 -1.570796
    18 3.984014 -0.000004 -0.000003 -2.068073 -0.230650 -1.213326
    19 15.940010 0.000000 0.000000 0.000000 0.000000 0.590042
    20 17.709562 0.000000 0.000000 -0.267007 -0.177969 -1.146228
    21 6.203998 0.000000 0.000000 -0.011146 0.000934 -0.500515
    22 -3.984013 0.000007 0.000007 -1.440502 -0.117513 -1.745002
    23 15.940014 0.000000 0.000000 0.000000 0.000000 0.642325
    24 17.709558 0.000000 0.000000 0.242994 0.133240 -1.433180
    25 6.204000 0.000000 0.000000 -0.078651 -0.006185 -0.498943
    26 3.549245 0.198823 -1.489468 -0.477587 -0.055914 -1.339365
    27 1.219000 0.000000 0.000000 0.000001 0.215623 -0.825564
    28 0.679999 0.000001 0.000000 -0.000932 0.004881 -0.778371
    29 3.698009 0.267556 -0.728978 -0.166100 -0.140553 -1.332653
    30 1.749002 -0.000001 0.000000 -0.000001 0.004459 -0.593371
    31 0.959998 0.000000 0.000000 -0.000001 0.007360 -0.776376
    32 3.768502 0.152548 0.071384 0.068152 -0.150464 -1.004147
    33 2.038001 0.000004 0.000000 -0.000001 0.000928 -1.085362
    34 1.067000 0.000000 0.000000 0.001773 0.002522 -0.548780
    35 3.783925 -0.017258 0.794554 0.019649 -0.211883 -0.382034
    36 1.629001 0.000000 0.000000 -0.000001 0.004072 -1.206667
    37 0.955999 0.000002 0.000000 0.000000 0.002595 -1.189323
    38 1.258963 -0.297984 1.252590 -1.526831 -0.658081 -0.256339
    39 1.392998 -0.000001 -0.000001 -0.000001 0.248671 -0.117775
    40 1.100000 0.000000 -0.000001 0.005702 0.009717 -0.425603
    41 3.549268 0.211410 1.487669 0.479138 -0.158546 -0.879039
    42 1.219002 -0.000002 0.000000 0.000000 -0.011932 -0.439671
    43 0.679999 0.000000 0.000000 0.000002 -0.006134 -0.244270
    44 3.698019 0.273716 0.726623 0.154998 -0.079304 -0.810204
    45 1.749000 0.000000 0.000000 0.000000 -0.005853 -0.247769
    46 0.959998 0.000000 0.000000 0.000001 -0.009662 -0.430760
    47 3.768503 0.151949 -0.072740 -0.086429 -0.113133 -0.580186
    48 2.037998 -0.000002 0.000000 0.000000 -0.007973 -1.463532
    49 1.066998 0.000000 0.000000 0.000001 -0.004459 -1.313472
    50 3.783906 -0.023953 -0.794451 -0.337799 0.133928 -0.268220
    51 1.629000 -0.000002 0.000000 0.000000 -0.006612 -0.843474
    52 0.956001 -0.000001 0.000000 0.000000 -0.004210 -0.435549
    53 1.258940 -0.308546 -1.250052 1.279824 0.394280 -0.683714
    54 1.393001 0.000000 -0.000001 -0.000001 -0.006299 0.228554
    55 1.099999 -0.000002 -0.000001 0.000001 -0.009616 1.179386
    56 0.411133 2.867188 5.171875 1.561034 0.654844 1.600328
    57 0.453125 0.068726 -3.753906 0.142262 -0.048725 -0.079138
    58 2.330670 -1.877761 0.104131 -1.861300 0.207908 -1.328386
  time 19
    0 5.332031 0.183838 35.843750 1.461520 0.003162 -1.207232
    1 0.000005 4.212784 -1.689857 1.585044 -0.202028 1.559633
    2 3.837408 0.000000 0.000000 0.081513 -0.078464 0.011446
    3 3.617872 0.000000 0.000000 0.014122 0.008244 0.049272
    4 7.539783 0.000000 0.000000 0.000000 0.000002 0.269447
    5 3.178296 0.000000 0.000000 -2.781729 0.101765 0.218150
    6 2.970273 -0.000001 0.000000 0.682831 0.431807 0.349769
    7 0.000001 0.000000 0.000000 -1.570796 0.000000 -1.326450
    8 2.023707 0.907460 0.852579 2.458265 -1.191260 2.046298
    9 4.983666 -0.000002 0.000000 -2.313085 -0.010766 -0.726462
    10 11.123052 0.000000 0.000003 0.000000 0.000000 -1.141782
    11 11.208296 0.000000 -0.000001 -0.244654 0.323973 -0.241285
    12 2.676089 -1.712444 0.000000 1.570797 0.000000 1.570797
    13 2.023711 0.907462 -0.852528 -2.710504 1.116654 1.983473
    14 4.983665 -0.000003 0.000000 0.993623 0.211755 -0.962930
    15 11.123046 0.000000 -0.000001 0.000000 0.000000 -1.634006
    16 11.208295 0.000000 0.000003 -1.376477 -0.034344 -0.144943
    17 2.676088 -1.712442 0.000000 -1.570796 0.000000 -1.570796
    18 3.984014 -0.000004 -0.000003 -2.068073 -0.230650 -1.213326
    19 15.940010 0.000000 0.000000 0.000000 0.000000 0.590042
    20 17.709562 0.000000 0.000000 -0.267007 -0.177969 -1.146228
    21 6.203998 0.000000 0.000000 -0.011146 0.000934 -0.500515
    22 -3.984013 0.000007 0.000007 -1.440502 -0.117513 -1.745002
    23 15.940014 0.000000 0.000000 0.000000 0.000000 0.642325
    24 17.709558 0.000000 0.000000 0.242994 0.133240 -1.433180
    25 6.204000 0.000000 0.000000 -0.078651 -0.006185 -0.498943
    26 3.549245 0.198823 -1.489468 -0.477587 -0.055914 -1.339365
    27 1.219000 0.000000 0.000000 0.000001 0.215623 -0.825564
    28 0.679999 0.000001 0.000000 -0.000932 0.004881 -0.778371
    29 3.698009 0.267556 -0.728978 -0.166100 -0.140553 -1.332653
    30 1.749002 -0.000001 0.000000 -0.000001 0.004459 -0.593371
    31 0.959998 0.000000 0.000000 -0.000001 0.007360 -0.776376
    32 3.768502 0.152548 0.071384 0.068152 -0.150464 -1.004147
    33 2.038001 0.000004 0.000000 -0.000001 0.000928 -1.085362
    34 1.067000 0.000000 0.000000 0.001773 0.002522 -0.548780
    35 3.783925 -0.017258 0.794554 0.019649 -0.211883 -0.382034
    36 1.629001 0.000000 0.000000 -0.000001 0.004072 -1.206667
    37 0.955999 0.000002 0.000000 0.000000 0.002595 -1.189323
    38 1.258963 -0.297984 1.252590 -1.526831 -0.658081 -0.256339
    39 1.392998 -0.000001 -0.000001 -0.000001 0.248671 -0.117775
    40 1.100000 0.000000 -0.000001 0.005702 0.009717 -0.425603
    41 3.549268 0.211410 1.487669 0.479138 -0.158546 -0.879039
    42 1.219002 -0.000002 0.000000 0.000000 -0.011932 -0.439671
    43 0.679999 0.000000 0.000000 0.000002 -0.006134 -0.244270
    44 3.698019 0.273716 0.726623 0.154998 -0.079304 -0.810204
    45 1.749000 0.000000 0.000000 0.000000 -0.005853 -0.247769
    46 0.959998 0.000000 0.000000 0.000001 -0.009662 -0.430760
    47 3.768503 0.151949 -0.072740 -0.086429 -0.113133 -0.580186
    48 2.037998 -0.000002 0.000000 0.000000 -0.007973 -1.463532
    49 1.066998 0.000000 0.000000 0.000001 -0.004459 -1.313472
    50 3.783906 -0.023953 -0.794451 -0.337799 0.133928 -0.268220
    51 1.629000 -0.000002 0.000000 0.000000 -0.006612 -0.843474
    52 0.956001 -0.000001 0.000000 0.000000 -0.004210 -0.435549
    53 1.258940 -0.308546 -1.250052 1.279824 0.394280 -0.683714
    54 1.393001 0.000000 -0.000001 -0.000001 -0.006299 0.228554
    55 1.099999 -0.000002 -0.000001 0.000001 -0.009616 1.179386
    56 0.411133 2.867188 5.171875 1.561034 0.654844 1.600328
    57 0.453125 0.068726 -3.753906 0.142262 -0.048725 -0.079138
    58 2.330670 -1.877761 0.104131 -1.861300 0.207908 -1.328386
  time 20
    0 5.332031 0.183838 35.843750 1.461520 0.003162 -1.207232
    1 0.000005 4.212784 -1.689857 1.585044 -0.202028 1.559633
    2 3.837408 0.000000 0.000000 0.081513 -0.078464 0.011446
    3 3.617872 0.000000 0.000000 0.014122 0.008244 0.049272
    4 7.539783 0.000000 0.000000 0.000000 0.000002 0.269447
    5 3.178296 0.000000 0.000000 -2.781729 0.101765 0.218150
    6 2.970273 -0.000001 0.000000 0.682831 0.431807 0.349769
    7 0.000001 0.000000 0.000000 -1.570796 0.000000 -1.326450
    8 2.023707 0.907460 0.852579 2.458265 -1.191260 2.046298
    9 4.983666 -0.000002 0.000000 -2.313085 -0.010766 -0.726462
    10 11.123052 0.000000 0.000003 0.000000 0.000000 -1.141782
    11 11.208296 0.000000 -0.000001 -0.244654 0.323973 -0.241285
    12 2.676089 -1.712444 0.000000 1.570797 0.000000 1.570797
    13 2.023711 0.907462 -0.852528 -2.710504 1.116654 1.983473
    14 4.983665 -0.000003 0.000000 0.993623 0.211755 -0.962930
    15 11.123046 0.000000 -0.000001 0.000000 0.000000 -1.634006
    16 11.208295 0.000000 0.000003 -1.376477 -0.034344 -0.144943
    17 2.676088 -1.712442 0.000000 -1.570796 0.000000 -1.570796
    18 3.984014 -0.000004 -0.000003 -2.068073 -0.230650 -1.213326
    19 15.940010 0.000000 0.000000 0.000000 0.000000 0.590042
    20 17.709562 0.000000 0.000000 -0.267007 -0.177969 -1.146228
    21 6.203998 0.000000 0.000000 -0.011146 0.000934 -0.500515
    22 -3.984013 0.000007 0.000007 -1.440502 -0.117513 -1.745002
    23 15.940014 0.000000 0.000000 0.000000 0.000000 0.642325
    24 17.709558 0.000000 0.000000 0.242994 0.133240 -1.433180
    25 6.204000 0.000000 0.000000 -0.078651 -0.006185 -0.498943
    26 3.549245 0.198823 -1.489468 -0.477587 -0.055914 -1.339365
    27 1.219000 0.000000 0.000000 0.000001 0.215623 -0.825564
    28 0.679999 0.000001 0.000000 -0.000932 0.004881 -0.778371
    29 3.698009 0.267556 -0.728978 -0.166100 -0.140553 -1.332653
    30 1.749002 -0.000001 0.000000 -0.000001 0.004459 -0.593371
    31 0.959998 0.000000 0.000000 -0.000001 0.007360 -0.776376
    32 3.768502 0.152548 0.071384 0.068152 -0.150464 -1.004147
    33 2.038001 0.000004 0.000000 -0.000001 0.000928 -1.085362
    34 1.067000 0.000000 0.000000 0.001773 0.002522 -0.548780
    35 3.783925 -0.017258 0.794554 0.019649 -0.211883 -0.382034
    36 1.629001 0.000000 0.000000 -0.000001 0.004072 -1.206667
    37 0.955999 0.000002 0.000000 0.000000 0.002595 -1.189323
    38 1.258963 -0.297984 1.252590 -1.526831 -0.658081 -0.256339
    39 1.392998 -0.000001 -0.000001 -0.000001 0.248671 -0.117775
    40 1.100000 0.000000 -0.000001 0.005702 0.009717 -0.425603
    41 3.549268 0.211410 1.487669 0.479138 -0.158546 -0.879039
    42 1.219002 -0.000002 0.000000 0.000000 -0.011932 -0.439671
    43 0.679999 0.000000 0.000000 0.000002 -0.006134 -0.244270
    44 3.698019 0.273716 0.726623 0.154998 -0.079304 -0.810204
    45 1.749000 0.000000 0.000000 0.000000 -0.005853 -0.247769
    46 0.959998 0.000000 0.000000 0.000001 -0.009662 -0.430760
    47 3.768503 0.151949 -0.072740 -0.086429 -0.113133 -0.580186
    48 2.037998 -0.000002 0.000000 0.000000 -0.007973 -1.463532
    49 1.066998 0.000000 0.000000 0.000001 -0.004459 -1.313472
    50 3.783906 -0.023953 -0.794451 -0.337799 0.133928 -0.268220
    51 1.629000 -0.000002 0.000000 0.000000 -0.006612 -0.843474
    52 0.956001 -0.000001 0.000000 0.000000 -0.004210 -0.435549
    53 1.258940 -0.308546 -1.250052 1.279824 0.394280 -0.683714
    54 1.393001 0.000000 -0.000001 -0.000001 -0.006299 0.228554
    55 1.099999 -0.000002 -0.000001 0.000001 -0.009616 1.179386
    56 0.411133 2.867188 5.171875 1.561034 0.654844 1.600328
    57 0.453125 0.068726 -3.753906 0.142262 -0.048725 -0.079138
    58 2.330670 -1.877761 0.104131 -1.861300 0.207908 -1.328386
  time 21
    0 5.332031 0.183838 35.843750 1.461520 0.003162 -1.207232
    1 0.000005 4.212784 -1.689857 1.585044 -0.202028 1.559633
    2 3.837408 0.000000 0.000000 0.081513 -0.078464 0.011446
    3 3.617872 0.000000 0.000000 0.014122 0.008244 0.049272
    4 7.539783 0.000000 0.000000 0.000000 0.000002 0.269447
    5 3.178296 0.000000 0.000000 -2.781729 0.101765 0.218150
    6 2.970273 -0.000001 0.000000 0.682831 0.431807 0.349769
    7 0.000001 0.000000 0.000000 -1.570796 0.000000 -1.326450
    8 2.023707 0.907460 0.852579 2.458265 -1.191260 2.046298
    9 4.983666 -0.000002 0.000000 -2.313085 -0.010766 -0.726462
    10 11.123052 0.000000 0.000003 0.000000 0.000000 -1.141782
    11 11.208296 0.000000 -0.000001 -0.244654 0.323973 -0.241285
    12 2.676089 -1.712444 0.000000 1.570797 0.000000 1.570797
    13 2.023711 0.907462 -0.852528 -2.710504 1.116654 1.983473
    14 4.983665 -0.000003 0.000000 0.993623 0.211755 -0.962930
    15 11.123046 0.000000 -0.000001 0.000000 0.000000 -1.634006
    16 11.208295 0.000000 0.000003 -1.376477 -0.034344 -0.144943
    17 2.676088 -1.712442 0.000000 -1.570796 0.000000 -1.570796
    18 3.984014 -0.000004 -0.000003 -2.068073 -0.230650 -1.213326
    19 15.940010 0.000000 0.000000 0.000000 0.000000 0.590042
    20 17.709562 0.000000 0.000000 -0.267007 -0.177969 -1.146228
    21 6.203998 0.000000 0.000000 -0.011146 0.000934 -0.500515
    22 -3.984013 0.000007 0.000007 -1.440502 -0.117513 -1.745002
    23 15.940014 0.000000 0.000000 0.000000 0.000000 0.642325
    24 17.709558 0.000000 0.000000 0.242994 0.133240 -1.433180
    25 6.204000 0.000000 0.000000 -0.078651 -0.006185 -0.498943
    26 3.549245 0.198823 -1.489468 -0.477587 -0.055914 -1.339365
    27 1.219000 0.000000 0.000000 0.000001 0.215623 -0.825564
    28 0.679999 0.000001 0.000000 -0.000932 0.004881 -0.778371
    29 3.698009 0.267556 -0.728978 -0.166100 -0.140553 -1.332653
    30 1.749002 -0.000001 0.000000 -0.000001 0.004459 -0.593371
    31 0.959998 0.000000 0.000000 -0.000001 0.007360 -0.776376
    32 3.768502 0.152548 0.071384 0.068152 -0.150464 -1.004147
    33 2.038001 0.000004 0.000000 -0.000001 0.000928 -1.085362
    34 1.067000 0.000000 0.000000 0.001773 0.002522 -0.548780
    35 3.783925 -0.017258 0.794554 0.019649 -0.211883 -0.382034
    36 1.629001 0.000000 0.000000 -0.000001 0.004072 -1.206667
    37 0.955999 0.000002 0.000000 0.000000 0.002595 -1.189323
    38 1.258963 -0.297984 1.252590 -1.526831 -0.658081 -0.256339
    39 1.392998 -0.000001 -0.000001 -0.000001 0.248671 -0.117775
    40 1.100000 0.000000 -0.000001 0.005702 0.009717 -0.425603
    41 3.549268 0.211410 1.487669 0.479138 -0.158546 -0.879039
    42 1.219002 -0.000002 0.000000 0.000000 -0.011932 -0.439671
    43 0.679999 0.000000 0.000000 0.000002 -0.006134 -0.244270
    44 3.698019 0.273716 0.726623 0.154998 -0.079304 -0.810204
    45 1.749000 0.000000 0.000000 0.000000 -0.005853 -0.247769
    46 0.959998 0.000000 0.000000 0.000001 -0.009662 -0.430760
    47 3.768503 0.151949 -0.072740 -0.086429 -0.113133 -0.580186
    48 2.037998 -0.000002 0.000000 0.000000 -0.007973 -1.463532
    49 1.066998 0.000000 0.000000 0.000001 -0.004459 -1.313472
    50 3.783906 -0.023953 -0.794451 -0.337799 0.133928 -0.268220
    51 1.629000 -0.000002 0.000000 0.000000 -0.006612 -0.843474
    52 0.956001 -0.000001 0.000000 0.000000 -0.004210 -0.435549
    53 1.258940 -0.308546 -1.250052 1.279824 0.394280 -0.683714
    54 1.393001 0.000000 -0.000001 -0.000001 -0.006299 0.228554
    55 1.099999 -0.000002 -0.000001 0.000001 -0.009616 1.179386
    56 0.411133 2.867188 5.171875 1.561034 0.654844 1.600328
    57 0.453125 0.068726 -3.753906 0.142262 -0.048725 -0.079138
    58 2.330670 -1.877761 0.104131 -1.861300 0.207908 -1.328386
  time 22
    0 5.332031 0.183838 35.843750 1.461520 0.003162 -1.207232
    1 0.000005 4.212784 -1.689857 1.585044 -0.202028 1.559633
    2 3.837408 0.000000 0.000000 0.081513 -0.078464 0.011446
    3 3.617872 0.000000 0.000000 0.014122 0.008244 0.049272
    4 7.539783 0.000000 0.000000 0.000000 0.000002 0.269447
    5 3.178296 0.000000 0.000000 -2.781729 0.101765 0.218150
    6 2.970273 -0.000001 0.000000 0.682831 0.431807 0.349769
    7 0.000001 0.000000 0.000000 -1.570796 0.000000 -1.326450
    8 2.023707 0.907460 0.852579 2.458265 -1.191260 2.046298
    9 4.983666 -0.000002 0.000000 -2.313085 -0.010766 -0.726462
    10 11.123052 0.000000 0.000003 0.000000 0.000000 -1.141782
    11 11.208296 0.000000 -0.000001 -0.244654 0.323973 -0.241285
    12 2.676089 -1.712444 0.000000 1.570797 0.000000 1.570797
    13 2.023711 0.907462 -0.852528 -2.710504 1.116654 1.983473
    14 4.983665 -0.000003 0.000000 0.993623 0.211755 -0.962930
    15 11.123046 0.000000 -0.000001 0.000000 0.000000 -1.634006
    16 11.208295 0.000000 0.000003 -1.376477 -0.034344 -0.144943
    17 2.676088 -1.712442 0.000000 -1.570796 0.000000 -1.570796
    18 3.984014 -0.000004 -0.000003 -2.068073 -0.230650 -1.213326
    19 15.940010 0.000000 0.000000 0.000000 0.000000 0.590042
    20 17.709562 0.000000 0.000000 -0.267007 -0.177969 -1.146228
    21 6.203998 0.000000 0.000000 -0.011146 0.000934 -0.500515
    22 -3.984013 0.000007 0.000007 -1.440502 -0.117513 -1.745002
    23 15.940014 0.000000 0.000000 0.000000 0.000000 0.642325
    24 17.709558 0.000000 0.000000 0.242994 0.133240 -1.433180
    25 6.204000 0.000000 0.000000 -0.078651 -0.006185 -0.498943
    26 3.549245 0.198823 -1.489468 -0.477587 -0.055914 -1.339365
    27 1.219000 0.000000 0.000000 0.000001 0.215623 -0.825564
    28 0.679999 0.000001 0.000000 -0.000932 0.004881 -0.778371
    29 3.698009 0.267556 -0.728978 -0.166100 -0.140553 -1.332653
    30 1.749002 -0.000001 0.000000 -0.000001 0.004459 -0.593371
    31 0.959998 0.000000 0.000000 -0.000001 0.007360 -0.776376
    32 3.768502 0.152548 0.071384 0.068152 -0.150464 -1.004147
    33 2.038001 0.000004 0.000000 -0.000001 0.000928 -1.085362
    34 1.067000 0.000000 0.000000 0.001773 0.002522 -0.548780
    35 3.783925 -0.017258 0.794554 0.019649 -0.211883 -0.382034
    36 1.629001 0.000000 0.000000 -0.000001 0.004072 -1.206667
    37 0.955999 0.000002 0.000000 0.000000 0.002595 -1.189323
    38 1.258963 -0.297984 1.252590 -1.526831 -0.658081 -0.256339
    39 1.392998 -0.000001 -0.000001 -0.000001 0.248671 -0.117775
    40 1.100000 0.000000 -0.000001 0.005702 0.009717 -0.425603
    41 3.549268 0.211410 1.487669 0.479138 -0.158546 -0.879039
    42 1.219002 -0.000002 0.000000 0.000000 -0.011932 -0.439671
    43 0.679999 0.000000 0.000000 0.000002 -0.006134 -0.244270
    44 3.698019 0.273716 0.726623 0.154998 -0.079304 -0.810204
    45 1.749000 0.000000 0.000000 0.000000 -0.005853 -0.247769
    46 0.959998 0.000000 0.000000 0.000001 -0.009662 -0.430760
    47 3.768503 0.151949 -0.072740 -0.086429 -0.113133 -0.580186
    48 2.037998 -0.000002 0.000000 0.000000 -0.007973 -1.463532
    49 1.066998 0.000000 0.000000 0.000001 -0.004459 -1.313472
    50 3.783906 -0.023953 -0.794451 -0.337799 0.133928 -0.268220
    51 1.629000 -0.000002 0.000000 0.000000 -0.006612 -0.843474
    52 0.956001 -0.000001 0.000000 0.000000 -0.004210 -0.435549
    53 1.258940 -0.308546 -1.250052 1.279824 0.394280 -0.683714
    54 1.393001 0.000000 -0.000001 -0.000001 -0.006299 0.228554
    55 1.099999 -0.000002 -0.000001 0.000001 -0.009616 1.179386
    56 0.411133 2.867188 5.171875 1.561034 0.654844 1.600328
    57 0.453125 0.068726 -3.753906 0.142262 -0.048725 -0.079138
    58 2.330670 -1.877761 0.104131 -1.861300 0.207908 -1.328386
  time 23
    0 5.332031 0.183838 35.843750 1.461520 0.003162 -1.207232
    1 0.000005 4.212784 -1.689857 1.585044 -0.202028 1.559633
    2 3.837408 0.000000 0.000000 0.081513 -0.078464 0.011446
    3 3.617872 0.000000 0.000000 0.014122 0.008244 0.049272
    4 7.539783 0.000000 0.000000 0.000000 0.000002 0.269447
    5 3.178296 0.000000 0.000000 -2.781729 0.101765 0.218150
    6 2.970273 -0.000001 0.000000 0.682831 0.431807 0.349769
    7 0.000001 0.000000 0.000000 -1.570796 0.000000 -1.326450
    8 2.023707 0.907460 0.852579 2.458265 -1.191260 2.046298
    9 4.983666 -0.000002 0.000000 -2.313085 -0.010766 -0.726462
    10 11.123052 0.000000 0.000003 0.000000 0.000000 -1.141782
    11 11.208296 0.000000 -0.000001 -0.244654 0.323973 -0.241285
    12 2.676089 -1.712444 0.000000 1.570797 0.000000 1.570797
    13 2.023711 0.907462 -0.852528 -2.710504 1.116654 1.983473
    14 4.983665 -0.000003 0.000000 0.993623 0.211755 -0.962930
    15 11.123046 0.000000 -0.000001 0.000000 0.000000 -1.634006
    16 11.208295 0.000000 0.000003 -1.376477 -0.034344 -0.144943
    17 2.676088 -1.712442 0.000000 -1.570796 0.000000 -1.570796
    18 3.984014 -0.000004 -0.000003 -2.068073 -0.230650 -1.213326
    19 15.940010 0.000000 0.000000 0.000000 0.000000 0.590042
    20 17.709562 0.000000 0.000000 -0.267007 -0.177969 -1.146228
    21 6.203998 0.000000 0.000000 -0.011146 0.000934 -0.500515
    22 -3.984013 0.000007 0.000007 -1.440502 -0.117513 -1.745002
    23 15.940014 0.000000 0.000000 0.000000 0.000000 0.642325
    24 17.709558 0.000000 0.000000 0.242994 0.133240 -1.433180
    25 6.204000 0.000000 0.000000 -0.078651 -0.006185 -0.498943
    26 3.549245 0.198823 -1.489468 -0.477587 -0.055914 -1.339365
    27 1.219000 0.000000 0.000000 0.000001 0.215623 -0.825564
    28 0.679999 0.000001 0.000000 -0.000932 0.004881 -0.778371
    29 3.698009 0.267556 -0.728978 -0.166100 -0.140553 -1.332653
    30 1.749002 -0.000001 0.000000 -0.000001 0.004459 -0.593371
    31 0.959998 0.000000 0.000000 -0.000001 0.007360 -0.776376
    32 3.768502 0.152548 0.071384 0.068152 -0.150464 -1.004147
    33 2.038001 0.000004 0.000000 -0.000001 0.000928 -1.085362
    34 1.067000 0.000000 0.000000 0.001773 0.002522 -0.548780
    35 3.783925 -0.017258 0.794554 0.019649 -0.211883 -0.382034
    36 1.629001 0.000000 0.000000 -0.000001 0.004072 -1.206667
    37 0.955999 0.000002 0.000000 0.000000 0.002595 -1.189323
    38 1.258963 -0.297984 1.252590 -1.526831 -0.658081 -0.256339
    39 1.392998 -0.000001 -0.000001 -0.000001 0.248671 -0.117775
    40 1.100000 0.000000 -0.000001 0.005702 0.009717 -0.425603
    41 3.549268 0.211410 1.487669 0.479138 -0.158546 -0.879039
    42 1.219002 -0.000002 0.000000 0.000000 -0.011932 -0.439671
    43 0.679999 0.000000 0.000000 0.000002 -0.006134 -0.244270
    44 3.698019 0.273716 0.726623 0.154998 -0.079304 -0.810204
    45 1.749000 0.000000 0.000000 0.000000 -0.005853 -0.247769
    46 0.959998 0.000000 0.000000 0.000001 -0.009662 -0.430760
    47 3.768503 0.151949 -0.072740 -0.086429 -0.113133 -0.580186
    48 2.037998 -0.000002 0.000000 0.000000 -0.007973 -1.463532
    49 1.066998 0.000000 0.000000 0.000001 -0.004459 -1.313472
    50 3.783906 -0.023953 -0.794451 -0.337799 0.133928 -0.268220
    51 1.629000 -0.000002 0.000000 0.000000 -0.006612 -0.843474
    52 0.956001 -0.000001 0.000000 0.000000 -0.004210 -0.435549
    53 1.258940 -0.308546 -1.250052 1.279824 0.394280 -0.683714
    54 1.393001 0.000000 -0.000001 -0.000001 -0.006299 0.228554
    55 1.099999 -0.000002 -0.000001 0.000001 -0.009616 1.179386
    56 0.411133 2.867188 5.171875 1.561034 0.654844 1.600328
    57 0.453125 0.068726 -3.753906 0.142262 -0.048725 -0.079138
    58 2.330670 -1.877761 0.104131 -1.861300 0.207908 -1.328386
  time 24
    0 5.332031 0.183838 35.843750 1.461520 0.003162 -1.207232
    1 0.000005 4.212784 -1.689857 1.585044 -0.202028 1.559633
    2 3.837408 0.000000 0.000000 0.081513 -0.078464 0.011446
    3 3.617872 0.000000 0.000000 0.014122 0.008244 0.049272
    4 7.539783 0.000000 0.000000 0.000000 0.000002 0.269447
    5 3.178296 0.000000 0.000000 -2.781729 0.101765 0.218150
    6 2.970273 -0.000001 0.000000 0.682831 0.431807 0.349769
    7 0.000001 0.000000 0.000000 -1.570796 0.000000 -1.326450
    8 2.023707 0.907460 0.852579 2.458265 -1.191260 2.046298
    9 4.983666 -0.000002 0.000000 -2.313085 -0.010766 -0.726462
    10 11.123052 0.000000 0.000003 0.000000 0.000000 -1.141782
    11 11.208296 0.000000 -0.000001 -0.244654 0.323973 -0.241285
    12 2.676089 -1.712444 0.000000 1.570797 0.000000 1.570797
    13 2.023711 0.907462 -0.852528 -2.710504 1.116654 1.983473
    14 4.983665 -0.000003 0.000000 0.993623 0.211755 -0.962930
    15 11.123046 0.000000 -0.000001 0.000000 0.000000 -1.634006
    16 11.208295 0.000000 0.000003 -1.376477 -0.034344 -0.144943
    17 2.676088 -1.712442 0.000000 -1.570796 0.000000 -1.570796
    18 3.984014 -0.000004 -0.000003 -2.068073 -0.230650 -1.213326
    19 15.940010 0.000000 0.000000 0.000000 0.000000 0.590042
    20 17.709562 0.000000 0.000000 -0.267007 -0.177969 -1.146228
    21 6.203998 0.000000 0.000000 -0.011146 0.000934 -0.500515
    22 -3.984013 0.000007 0.000007 -1.440502 -0.117513 -1.745002
    23 15.940014 0.000000 0.000000 0.000000 0.000000 0.642325
    24 17.709558 0.000000 0.000000 0.242994 0.133240 -1.433180
    25 6.204000 0.000000 0.000000 -0.078651 -0.006185 -0.498943
    26 3.549245 0.198823 -1.489468 -0.477587 -0.055914 -1.339365
    27 1.219000 0.000000 0.000000 0.000001 0.215623 -0.825564
    28 0.679999 0.000001 0.000000 -0.000932 0.004881 -0.778371
    29 3.698009 0.267556 -0.728978 -0.166100 -0.140553 -1.332653
    30 1.749002 -0.000001 0.000000 -0.000001 0.004459 -0.593371
    31 0.959998 0.000000 0.000000 -0.000001 0.007360 -0.776376
    32 3.768502 0.152548 0.071384 0.068152 -0.150464 -1.004147
    33 2.038001 0.000004 0.000000 -0.000001 0.000928 -1.085362
    34 1.067000 0.000000 0.000000 0.001773 0.002522 -0.548780
    35 3.783925 -0.017258 0.794554 0.019649 -0.211883 -0.382034
    36 1.629001 0.000000 0.000000 -0.000001 0.004072 -1.206667
    37 0.955999 0.000002 0.000000 0.000000 0.002595 -1.189323
    38 1.258963 -0.297984 1.252590 -1.526831 -0.658081 -0.256339
    39 1.392998 -0.000001 -0.000001 -0.000001 0.248671 -0.117775
    40 1.100000 0.000000 -0.000001 0.005702 0.009717 -0.425603
    41 3.549268 0.211410 1.487669 0.479138 -0.158546 -0.879039
    42 1.219002 -0.000002 0.000000 0.000000 -0.011932 -0.439671
    43 0.679999 0.000000 0.000000 0.000002 -0.006134 -0.244270
    44 3.698019 0.273716 0.726623 0.154998 -0.079304 -0.810204
    45 1.749000 0.000000 0.000000 0.000000 -0.005853 -0.247769
    46 0.959998 0.000000 0.000000 0.000001 -0.009662 -0.430760
    47 3.768503 0.151949 -0.072740 -0.086429 -0.113133 -0.580186
    48 2.037998 -0.000002 0.000000 0.000000 -0.007973 -1.463532
    49 1.066998 0.000000 0.000000 0.000001 -0.004459 -1.313472
    50 3.783906 -0.023953 -0.794451 -0.337799 0.133928 -0.268220
    51 1.629000 -0.000002 0.000000 0.000000 -0.006612 -0.843474
    52 0.956001 -0.000001 0.000000 0.000000 -0.004210 -0.435549
    53 1.258940 -0.308546 -1.250052 1.279824 0.394280 -0.683714
    54 1.393001 0.000000 -0.000001 -0.000001 -0.006299 0.228554
    55 1.099999 -0.000002 -0.000001 0.000001 -0.009616 1.179386
    56 0.411133 2.867188 5.171875 1.561034 0.654844 1.600328
    57 0.453125 0.068726 -3.753906 0.142262 -0.048725 -0.079138
    58 2.330670 -1.877761 0.104131 -1.861300 0.207908 -1.328386
  time 25
    0 5.332031 0.183838 35.843750 1.461520 0.003162 -1.207232
    1 0.000005 4.212784 -1.689857 1.585044 -0.202028 1.559633
    2 3.837408 0.000000 0.000000 0.081513 -0.078464 0.011446
    3 3.617872 0.000000 0.000000 0.014122 0.008244 0.049272
    4 7.539783 0.000000 0.000000 0.000000 0.000002 0.269447
    5 3.178296 0.000000 0.000000 -2.781729 0.101765 0.218150
    6 2.970273 -0.000001 0.000000 0.682831 0.431807 0.349769
    7 0.000001 0.000000 0.000000 -1.570796 0.000000 -1.326450
    8 2.023707 0.907460 0.852579 2.458265 -1.191260 2.046298
    9 4.983666 -0.000002 0.000000 -2.313085 -0.010766 -0.726462
    10 11.123052 0.000000 0.000003 0.000000 0.000000 -1.141782
    11 11.208296 0.000000 -0.000001 -0.244654 0.323973 -0.241285
    12 2.676089 -1.712444 0.000000 1.570797 0.000000 1.570797
    13 2.023711 0.907462 -0.852528 -2.710504 1.116654 1.983473
    14 4.983665 -0.000003 0.000000 0.993623 0.211755 -0.962930
    15 11.123046 0.000000 -0.000001 0.000000 0.000000 -1.634006
    16 11.208295 0.000000 0.000003 -1.376477 -0.034344 -0.144943
    17 2.676088 -1.712442 0.000000 -1.570796 0.000000 -1.570796
    18 3.984014 -0.000004 -0.000003 -2.068073 -0.230650 -1.213326
    19 15.940010 0.000000 0.000000 0.000000 0.000000 0.590042
    20 17.709562 0.000000 0.000000 -0.267007 -0.177969 -1.146228
    21 6.203998 0.000000 0.000000 -0.011146 0.000934 -0.500515
    22 -3.984013 0.000007 0.000007 -1.440502 -0.117513 -1.745002
    23 15.940014 0.000000 0.000000 0.000000 0.000000 0.642325
    24 17.709558 0.000000 0.000000 0.242994 0.133240 -1.433180
    25 6.204000 0.000000 0.000000 -0.078651 -0.006185 -0.498943
    26 3.549245 0.198823 -1.489468 -0.477587 -0.055914 -1.339365
    27 1.219000 0.000000 0.000000 0.000001 0.215623 -0.825564
    28 0.679999 0.000001 0.000000 -0.000932 0.004881 -0.778371
    29 3.698009 0.267556 -0.728978 -0.166100 -0.140553 -1.332653
    30 1.749002 -0.000001 0.000000 -0.000001 0.004459 -0.593371
    31 0.959998 0.000000 0.000000 -0.000001 0.007360 -0.776376
    32 3.768502 0.152548 0.071384 0.068152 -0.150464 -1.004147
    33 2.038001 0.000004 0.000000 -0.000001 0.000928 -1.085362
    34 1.067000 0.000000 0.000000 0.001773 0.002522 -0.548780
    35 3.783925 -0.017258 0.794554 0.019649 -0.211883 -0.382034
    36 1.629001 0.000000 0.000000 -0.000001 0.004072 -1.206667
    37 0.955999 0.000002 0.000000 0.000000 0.002595 -1.189323
    38 1.258963 -0.297984 1.252590 -1.526831 -0.658081 -0.256339
    39 1.392998 -0.000001 -0.000001 -0.000001 0.248671 -0.117775
    40 1.100000 0.000000 -0.000001 0.005702 0.009717 -0.425603
    41 3.549268 0.211410 1.487669 0.479138 -0.158546 -0.879039
    42 1.219002 -0.000002 0.000000 0.000000 -0.011932 -0.439671
    43 0.679999 0.000000 0.000000 0.000002 -0.006134 -0.244270
    44 3.698019 0.273716 0.726623 0.154998 -0.079304 -0.810204
    45 1.749000 0.000000 0.000000 0.000000 -0.005853 -0.247769
    46 0.959998 0.000000 0.000000 0.000001 -0.009662 -0.430760
    47 3.768503 0.151949 -0.072740 -0.086429 -0.113133 -0.580186
    48 2.037998 -0.000002 0.000000 0.000000 -0.007973 -1.463532
    49 1.066998 0.000000 0.000000 0.000001 -0.004459 -1.313472
    50 3.783906 -0.023953 -0.794451 -0.337799 0.133928 -0.268220
    51 1.629000 -0.000002 0.000000 0.000000 -0.006612 -0.843474
    52 0.956001 -0.000001 0.000000 0.000000 -0.004210 -0.435549
    53 1.258940 -0.308546 -1.250052 1.279824 0.394280 -0.683714
    54 1.393001 0.000000 -0.000001 -0.000001 -0.006299 0.228554
    55 1.099999 -0.000002 -0.000001 0.000001 -0.009616 1.179386
    56 0.411133 2.867188 5.171875 1.561034 0.654844 1.600328
    57 0.453125 0.068726 -3.753906 0.142262 -0.048725 -0.079138
    58 2.330670 -1.877761 0.104131 -1.861300 0.207908 -1.328386
  time 26
    0 5.332031 0.183838 35.843750 1.461520 0.003162 -1.207232
    1 0.000005 4.212784 -1.689857 1.585044 -0.202028 1.559633
    2 3.837408 0.000000 0.000000 0.081513 -0.078464 0.011446
    3 3.617872 0.000000 0.000000 0.014122 0.008244 0.049272
    4 7.539783 0.000000 0.000000 0.000000 0.000002 0.269447
    5 3.178296 0.000000 0.000000 -2.781729 0.101765 0.218150
    6 2.970273 -0.000001 0.000000 0.682831 0.431807 0.349769
    7 0.000001 0.000000 0.000000 -1.570796 0.000000 -1.326450
    8 2.023707 0.907460 0.852579 2.458265 -1.191260 2.046298
    9 4.983666 -0.000002 0.000000 -2.313085 -0.010766 -0.726462
    10 11.123052 0.000000 0.000003 0.000000 0.000000 -1.141782
    11 11.208296 0.000000 -0.000001 -0.244654 0.323973 -0.241285
    12 2.676089 -1.712444 0.000000 1.570797 0.000000 1.570797
    13 2.023711 0.907462 -0.852528 -2.710504 1.116654 1.983473
    14 4.983665 -0.000003 0.000000 0.993623 0.211755 -0.962930
    15 11.123046 0.000000 -0.000001 0.000000 0.000000 -1.634006
    16 11.208295 0.000000 0.000003 -1.376477 -0.034344 -0.144943
    17 2.676088 -1.712442 0.000000 -1.570796 0.000000 -1.570796
    18 3.984014 -0.000004 -0.000003 -2.068073 -0.230650 -1.213326
    19 15.940010 0.000000 0.000000 0.000000 0.000000 0.590042
    20 17.709562 0.000000 0.000000 -0.267007 -0.177969 -1.146228
    21 6.203998 0.000000 0.000000 -0.011146 0.000934 -0.500515
    22 -3.984013 0.000007 0.000007 -1.440502 -0.117513 -1.745002
    23 15.940014 0.000000 0.000000 0.000000 0.000000 0.642325
    24 17.709558 0.000000 0.000000 0.242994 0.133240 -1.433180
    25 6.204000 0.000000 0.000000 -0.078651 -0.006185 -0.498943
    26 3.549245 0.198823 -1.489468 -0.477587 -0.055914 -1.339365
    27 1.219000 0.000000 0.000000 0.000001 0.215623 -0.825564
    28 0.679999 0.000001 0.000000 -0.000932 0.004881 -0.778371
    29 3.698009 0.267556 -0.728978 -0.166100 -0.140553 -1.332653
    30 1.749002 -0.000001 0.000000 -0.000001 0.004459 -0.593371
    31 0.959998 0.000000 0.000000 -0.000001 0.007360 -0.776376
    32 3.768502 0.152548 0.071384 0.068152 -0.150464 -1.004147
    33 2.038001 0.000004 0.000000 -0.000001 0.000928 -1.085362
    34 1.067000 0.000000 0.000000 0.001773 0.002522 -0.548780
    35 3.783925 -0.017258 0.794554 0.019649 -0.211883 -0.382034
    36 1.629001 0.000000 0.000000 -0.000001 0.004072 -1.206667
    37 0.955999 0.000002 0.000000 0.000000 0.002595 -1.189323
    38 1.258963 -0.297984 1.252590 -1.526831 -0.658081 -0.256339
    39 1.392998 -0.000001 -0.000001 -0.000001 0.248671 -0.117775
    40 1.100000 0.000000 -0.000001 0.005702 0.009717 -0.425603
    41 3.549268 0.211410 1.487669 0.479138 -0.158546 -0.879039
    42 1.219002 -0.000002 0.000000 0.000000 -0.011932 -0.439671
    43 0.679999 0.000000 0.000000 0.000002 -0.006134 -0.244270
    44 3.698019 0.273716 0.726623 0.154998 -0.079304 -0.810204
    45 1.749000 0.000000 0.000000 0.000000 -0.005853 -0.247769
    46 0.959998 0.000000 0.000000 0.000001 -0.009662 -0.430760
    47 3.768503 0.151949 -0.072740 -0.086429 -0.113133 -0.580186
    48 2.037998 -0.000002 0.000000 0.000000 -0.007973 -1.463532
    49 1.066998 0.000000 0.000000 0.000001 -0.004459 -1.313472
    50 3.783906 -0.023953 -0.794451 -0.337799 0.133928 -0.268220
    51 1.629000 -0.000002 0.000000 0.000000 -0.006612 -0.843474
    52 0.956001 -0.000001 0.000000 0.000000 -0.004210 -0.435549
    53 1.258940 -0.308546 -1.250052 1.279824 0.394280 -0.683714
    54 1.393001 0.000000 -0.000001 -0.000001 -0.006299 0.228554
    55 1.099999 -0.000002 -0.000001 0.000001 -0.009616 1.179386
    56 0.411133 2.867188 5.171875 1.561034 0.654844 1.600328
    57 0.453125 0.068726 -3.753906 0.142262 -0.048725 -0.079138
    58 2.330670 -1.877761 0.104131 -1.861300 0.207908 -1.328386
  time 27
    0 5.332031 0.183838 35.843750 1.461520 0.003162 -1.207232
    1 0.000005 4.212784 -1.689857 1.585044 -0.202028 1.559633
    2 3.837408 0.000000 0.000000 0.081513 -0.078464 0.011446
    3 3.617872 0.000000 0.000000 0.014122 0.008244 0.049272
    4 7.539783 0.000000 0.000000 0.000000 0.000002 0.269447
    5 3.178296 0.000000 0.000000 -2.781729 0.101765 0.218150
    6 2.970273 -0.000001 0.000000 0.682831 0.431807 0.349769
    7 0.000001 0.000000 0.000000 -1.570796 0.000000 -1.326450
    8 2.023707 0.907460 0.852579 2.458265 -1.191260 2.046298
    9 4.983666 -0.000002 0.000000 -2.313085 -0.010766 -0.726462
    10 11.123052 0.000000 0.000003 0.000000 0.000000 -1.141782
    11 11.208296 0.000000 -0.000001 -0.244654 0.323973 -0.241285
    12 2.676089 -1.712444 0.000000 1.570797 0.000000 1.570797
    13 2.023711 0.907462 -0.852528 -2.710504 1.116654 1.983473
    14 4.983665 -0.000003 0.000000 0.993623 0.211755 -0.962930
    15 11.123046 0.000000 -0.000001 0.000000 0.000000 -1.634006
    16 11.208295 0.000000 0.000003 -1.376477 -0.034344 -0.144943
    17 2.676088 -1.712442 0.000000 -1.570796 0.000000 -1.570796
    18 3.984014 -0.000004 -0.000003 -2.068073 -0.230650 -1.213326
    19 15.940010 0.000000 0.000000 0.000000 0.000000 0.590042
    20 17.709562 0.000000 0.000000 -0.267007 -0.177969 -1.146228
    21 6.203998 0.000000 0.000000 -0.011146 0.000934 -0.500515
    22 -3.984013 0.000007 0.000007 -1.440502 -0.117513 -1.745002
    23 15.940014 0.000000 0.000000 0.000000 0.000000 0.642325
    24 17.709558 0.000000 0.000000 0.242994 0.133240 -1.433180
    25 6.204000 0.000000 0.000000 -0.078651 -0.006185 -0.498943
    26 3.549245 0.198823 -1.489468 -0.477587 -0.055914 -1.339365
    27 1.219000 0.000000 0.000000 0.000001 0.215623 -0.825564
    28 0.679999 0.000001 0.000000 -0.000932 0.004881 -0.778371
    29 3.698009 0.267556 -0.728978 -0.166100 -0.140553 -1.332653
    30 1.749002 -0.000001 0.000000 -0.000001 0.004459 -0.593371
    31 0.959998 0.000000 0.000000 -0.000001 0.007360 -0.776376
    32 3.768502 0.152548 0.071384 0.068152 -0.150464 -1.004147
    33 2.038001 0.000004 0.000000 -0.000001 0.000928 -1.085362
    34 1.067000 0.000000 0.000000 0.001773 0.002522 -0.548780
    35 3.783925 -0.017258 0.794554 0.019649 -0.211883 -0.382034
    36 1.629001 0.000000 0.000000 -0.000001 0.004072 -1.206667
    37 0.955999 0.000002 0.000000 0.000000 0.002595 -1.189323
    38 1.258963 -0.297984 1.252590 -1.526831 -0.658081 -0.256339
    39 1.392998 -0.000001 -0.000001 -0.000001 0.248671 -0.117775
    40 1.100000 0.000000 -0.000001 0.005702 0.009717 -0.425603
    41 3.549268 0.211410 1.487669 0.479138 -0.158546 -0.879039
    42 1.219002 -0.000002 0.000000 0.000000 -0.011932 -0.439671
    43 0.679999 0.000000 0.000000 0.000002 -0.006134 -0.244270
    44 3.698019 0.273716 0.726623 0.154998 -0.079304 -0.810204
    45 1.749000 0.000000 0.000000 0.000000 -0.005853 -0.247769
    46 0.959998 0.000000 0.000000 0.000001 -0.009662 -0.430760
    47 3.768503 0.151949 -0.072740 -0.086429 -0.113133 -0.580186
    48 2.037998 -0.000002 0.000000 0.000000 -0.007973 -1.463532
    49 1.066998 0.000000 0.000000 0.000001 -0.004459 -1.313472
    50 3.783906 -0.023953 -0.794451 -0.337799 0.133928 -0.268220
    51 1.629000 -0.000002 0.000000 0.000000 -0.006612 -0.843474
    52 0.956001 -0.000001 0.000000 0.000000 -0.004210 -0.435549
    53 1.258940 -0.308546 -1.250052 1.279824 0.394280 -0.683714
    54 1.393001 0.000000 -0.000001 -0.000001 -0.006299 0.228554
    55 1.099999 -0.000002 -0.000001 0.000001 -0.009616 1.179386
    56 0.411133 2.867188 5.171875 1.561034 0.654844 1.600328
    57 0.453125 0.068726 -3.753906 0.142262 -0.048725 -0.079138
    58 2.330670 -1.877761 0.104131 -1.861300 0.207908 -1.328386
  time 28
    0 5.332031 0.183838 35.843750 1.461520 0.003162 -1.207232
    1 0.000005 4.212784 -1.689857 1.585044 -0.202028 1.559633
    2 3.837408 0.000000 0.000000 0.081513 -0.078464 0.011446
    3 3.617872 0.000000 0.000000 0.014122 0.008244 0.049272
    4 7.539783 0.000000 0.000000 0.000000 0.000002 0.269447
    5 3.178296 0.000000 0.000000 -2.781729 0.101765 0.218150
    6 2.970273 -0.000001 0.000000 0.682831 0.431807 0.349769
    7 0.000001 0.000000 0.000000 -1.570796 0.000000 -1.326450
    8 2.023707 0.907460 0.852579 2.458265 -1.191260 2.046298
    9 4.983666 -0.000002 0.000000 -2.313085 -0.010766 -0.726462
    10 11.123052 0.000000 0.000003 0.000000 0.000000 -1.141782
    11 11.208296 0.000000 -0.000001 -0.244654 0.323973 -0.241285
    12 2.676089 -1.712444 0.000000 1.570797 0.000000 1.570797
    13 2.023711 0.907462 -0.852528 -2.710504 1.116654 1.983473
    14 4.983665 -0.000003 0.000000 0.993623 0.211755 -0.962930
    15 11.123046 0.000000 -0.000001 0.000000 0.000000 -1.634006
    16 11.208295 0.000000 0.000003 -1.376477 -0.034344 -0.144943
    17 2.676088 -1.712442 0.000000 -1.570796 0.000000 -1.570796
    18 3.984014 -0.000004 -0.000003 -2.068073 -0.230650 -1.213326
    19 15.940010 0.000000 0.000000 0.000000 0.000000 0.590042
    20 17.709562 0.000000 0.000000 -0.267007 -0.177969 -1.146228
    21 6.203998 0.000000 0.000000 -0.011146 0.000934 -0.500515
    22 -3.984013 0.000007 0.000007 -1.440502 -0.117513 -1.745002
    23 15.940014 0.000000 0.000000 0.000000 0.000000 0.642325
    24 17.709558 0.000000 0.000000 0.242994 0.133240 -1.433180
    25 6.204000 0.000000 0.000000 -0.078651 -0.006185 -0.498943
    26 3.549245 0.198823 -1.489468 -0.477587 -0.055914 -1.339365
    27 1.219000 0.000000 0.000000 0.000001 0.215623 -0.825564
    28 0.679999 0.000001 0.000000 -0.000932 0.004881 -0.778371
    29 3.698009 0.267556 -0.728978 -0.166100 -0.140553 -1.332653
    30 1.749002 -0.000001 0.000000 -0.000001 0.004459 -0.593371
    31 0.959998 0.000000 0.000000 -0.000001 0.007360 -0.776376
    32 3.768502 0.152548 0.071384 0.068152 -0.150464 -1.004147
    33 2.038001 0.000004 0.000000 -0.000001 0.000928 -1.085362
    34 1.067000 0.000000 0.000000 0.001773 0.002522 -0.548780
    35 3.783925 -0.017258 0.794554 0.019649 -0.211883 -0.382034
    36 1.629001 0.000000 0.000000 -0.000001 0.004072 -1.206667
    37 0.955999 0.000002 0.000000 0.000000 0.002595 -1.189323
    38 1.258963 -0.297984 1.252590 -1.526831 -0.658081 -0.256339
    39 1.392998 -0.000001 -0.000001 -0.000001 0.248671 -0.117775
    40 1.100000 0.000000 -0.000001 0.005702 0.009717 -0.425603
    41 3.549268 0.211410 1.487669 0.479138 -0.158546 -0.879039
    42 1.219002 -0.000002 0.000000 0.000000 -0.011932 -0.439671
    43 0.679999 0.000000 0.000000 0.000002 -0.006134 -0.244270
    44 3.698019 0.273716 0.726623 0.154998 -0.079304 -0.810204
    45 1.749000 0.000000 0.000000 0.000000 -0.005853 -0.247769
    46 0.959998 0.000000 0.000000 0.000001 -0.009662 -0.430760
    47 3.768503 0.151949 -0.072740 -0.086429 -0.113133 -0.580186
    48 2.037998 -0.000002 0.000000 0.000000 -0.007973 -1.463532
    49 1.066998 0.000000 0.000000 0.000001 -0.004459 -1.313472
    50 3.783906 -0.023953 -0.794451 -0.337799 0.133928 -0.268220
    51 1.629000 -0.000002 0.000000 0.000000 -0.006612 -0.843474
    52 0.956001 -0.000001 0.000000 0.000000 -0.004210 -0.435549
    53 1.258940 -0.308546 -1.250052 1.279824 0.394280 -0.683714
    54 1.393001 0.000000 -0.000001 -0.000001 -0.006299 0.228554
    55 1.099999 -0.000002 -0.000001 0.000001 -0.009616 1.179386
    56 0.411133 2.867188 5.171875 1.561034 0.654844 1.600328
    57 0.453125 0.068726 -3.753906 0.142262 -0.048725 -0.079138
    58 2.330670 -1.877761 0.104131 -1.861300 0.207908 -1.328386
  time 29
    0 5.332031 0.183838 35.843750 1.461520 0.003162 -1.207232
    1 0.000005 4.212784 -1.689857 1.585044 -0.202028 1.559633
    2 3.837408 0.000000 0.000000 0.081513 -0.078464 0.011446
    3 3.617872 0.000000 0.000000 0.014122 0.008244 0.049272
    4 7.539783 0.000000 0.000000 0.000000 0.000002 0.269447
    5 3.178296 0.000000 0.000000 -2.781729 0.101765 0.218150
    6 2.970273 -0.000001 0.000000 0.682831 0.431807 0.349769
    7 0.000001 0.000000 0.000000 -1.570796 0.000000 -1.326450
    8 2.023707 0.907460 0.852579 2.458265 -1.191260 2.046298
    9 4.983666 -0.000002 0.000000 -2.313085 -0.010766 -0.726462
    10 11.123052 0.000000 0.000003 0.000000 0.000000 -1.141782
    11 11.208296 0.000000 -0.000001 -0.244654 0.323973 -0.241285
    12 2.676089 -1.712444 0.000000 1.570797 0.000000 1.570797
    13 2.023711 0.907462 -0.852528 -2.710504 1.116654 1.983473
    14 4.983665 -0.000003 0.000000 0.993623 0.211755 -0.962930
    15 11.123046 0.000000 -0.000001 0.000000 0.000000 -1.634006
    16 11.208295 0.000000 0.000003 -1.376477 -0.034344 -0.144943
    17 2.676088 -1.712442 0.000000 -1.570796 0.000000 -1.570796
    18 3.984014 -0.000004 -0.000003 -2.068073 -0.230650 -1.213326
    19 15.940010 0.000000 0.000000 0.000000 0.000000 0.590042
    20 17.709562 0.000000 0.000000 -0.267007 -0.177969 -1.146228
    21 6.203998 0.000000 0.000000 -0.011146 0.000934 -0.500515
    22 -3.984013 0.000007 0.000007 -1.440502 -0.117513 -1.745002
    23 15.940014 0.000000 0.000000 0.000000 0.000000 0.642325
    24 17.709558 0.000000 0.000000 0.242994 0.133240 -1.433180
    25 6.204000 0.000000 0.000000 -0.078651 -0.006185 -0.498943
    26 3.549245 0.198823 -1.489468 -0.477587 -0.055914 -1.339365
    27 1.219000 0.000000 0.000000 0.000001 0.215623 -0.825564
    28 0.679999 0.000001 0.000000 -0.000932 0.004881 -0.778371
    29 3.698009 0.267556 -0.728978 -0.166100 -0.140553 -1.332653
    30 1.749002 -0.000001 0.000000 -0.000001 0.004459 -0.593371
    31 0.959998 0.000000 0.000000 -0.000001 0.007360 -0.776376
    32 3.768502 0.152548 0.071384 0.068152 -0.150464 -1.004147
    33 2.038001 0.000004 0.000000 -0.000001 0.000928 -1.085362
    34 1.067000 0.000000 0.000000 0.001773 0.002522 -0.548780
    35 3.783925 -0.017258 0.794554 0.019649 -0.211883 -0.382034
    36 1.629001 0.000000 0.000000 -0.000001 0.004072 -1.206667
    37 0.955999 0.000002 0.000000 0.000000 0.002595 -1.189323
    38 1.258963 -0.297984 1.252590 -1.526831 -0.658081 -0.256339
    39 1.392998 -0.000001 -0.000001 -0.000001 0.248671 -0.117775
    40 1.100000 0.000000 -0.000001 0.005702 0.009717 -0.425603
    41 3.549268 0.211410 1.487669 0.479138 -0.158546 -0.879039
    42 1.219002 -0.000002 0.000000 0.000000 -0.011932 -0.439671
    43 0.679999 0.000000 0.000000 0.000002 -0.006134 -0.244270
    44 3.698019 0.273716 0.726623 0.154998 -0.079304 -0.810204
    45 1.749000 0.000000 0.000000 0.000000 -0.005853 -0.247769
    46 0.959998 0.000000 0.000000 0.000001 -0.009662 -0.430760
    47 3.768503 0.151949 -0.072740 -0.086429 -0.113133 -0.580186
    48 2.037998 -0.000002 0.000000 0.000000 -0.007973 -1.463532
    49 1.066998 0.000000 0.000000 0.000001 -0.004459 -1.313472
    50 3.783906 -0.023953 -0.794451 -0.337799 0.133928 -0.268220
    51 1.629000 -0.000002 0.000000 0.000000 -0.006612 -0.843474
    52 0.956001 -0.000001 0.000000 0.000000 -0.004210 -0.435549
    53 1.258940 -0.308546 -1.250052 1.279824 0.394280 -0.683714
    54 1.393001 0.000000 -0.000001 -0.000001 -0.006299 0.228554
    55 1.099999 -0.000002 -0.000001 0.000001 -0.009616 1.179386
    56 0.411133 2.867188 5.171875 1.561034 0.654844 1.600328
    57 0.453125 0.068726 -3.753906 0.142262 -0.048725 -0.079138
    58 2.330670 -1.877761 0.104131 -1.861300 0.207908 -1.328386
  time 30
    0 5.332031 0.183838 35.843750 1.461520 0.003162 -1.207232
    1 0.000005 4.212784 -1.689857 1.585044 -0.202028 1.559633
    2 3.837408 0.000000 0.000000 0.081513 -0.078464 0.011446
    3 3.617872 0.000000 0.000000 0.014122 0.008244 0.049272
    4 7.539783 0.000000 0.000000 0.000000 0.000002 0.269447
    5 3.178296 0.000000 0.000000 -2.781729 0.101765 0.218150
    6 2.970273 -0.000001 0.000000 0.682831 0.431807 0.349769
    7 0.000001 0.000000 0.000000 -1.570796 0.000000 -1.326450
    8 2.023707 0.907460 0.852579 2.458265 -1.191260 2.046298
    9 4.983666 -0.000002 0.000000 -2.313085 -0.010766 -0.726462
    10 11.123052 0.000000 0.000003 0.000000 0.000000 -1.141782
    11 11.208296 0.000000 -0.000001 -0.244654 0.323973 -0.241285
    12 2.676089 -1.712444 0.000000 1.570797 0.000000 1.570797
    13 2.023711 0.907462 -0.852528 -2.710504 1.116654 1.983473
    14 4.983665 -0.000003 0.000000 0.993623 0.211755 -0.962930
    15 11.123046 0.000000 -0.000001 0.000000 0.000000 -1.634006
    16 11.208295 0.000000 0.000003 -1.376477 -0.034344 -0.144943
    17 2.676088 -1.712442 0.000000 -1.570796 0.000000 -1.570796
    18 3.984014 -0.000004 -0.000003 -2.068073 -0.230650 -1.213326
    19 15.940010 0.000000 0.000000 0.000000 0.000000 0.590042
    20 17.709562 0.000000 0.000000 -0.267007 -0.177969 -1.146228
    21 6.203998 0.000000 0.000000 -0.011146 0.000934 -0.500515
    22 -3.984013 0.000007 0.000007 -1.440502 -0.117513 -1.745002
    23 15.940014 0.000000 0.000000 0.000000 0.000000 0.642325
    24 17.709558 0.000000 0.000000 0.242994 0.133240 -1.433180
    25 6.204000 0.000000 0.000000 -0.078651 -0.006185 -0.498943
    26 3.549245 0.198823 -1.489468 -0.477587 -0.055914 -1.339365
    27 1.219000 0.000000 0.000000 0.000001 0.215623 -0.825564
    28 0.679999 0.000001 0.000000 -0.000932 0.004881 -0.778371
    29 3.698009 0.267556 -0.728978 -0.166100 -0.140553 -1.332653
    30 1.749002 -0.000001 0.000000 -0.000001 0.004459 -0.593371
    31 0.959998 0.000000 0.000000 -0.000001 0.007360 -0.776376
    32 3.768502 0.152548 0.071384 0.068152 -0.150464 -1.004147
    33 2.038001 0.000004 0.000000 -0.000001 0.000928 -1.085362
    34 1.067000 0.000000 0.000000 0.001773 0.002522 -0.548780
    35 3.783925 -0.017258 0.794554 0.019649 -0.211883 -0.382034
    36 1.629001 0.000000 0.000000 -0.000001 0.004072 -1.206667
    37 0.955999 0.000002 0.000000 0.000000 0.002595 -1.189323
    38 1.258963 -0.297984 1.252590 -1.526831 -0.658081 -0.256339
    39 1.392998 -0.000001 -0.000001 -0.000001 0.248671 -0.117775
    40 1.100000 0.000000 -0.000001 0.005702 0.009717 -0.425603
    41 3.549268 0.211410 1.487669 0.479138 -0.158546 -0.879039
    42 1.219002 -0.000002 0.000000 0.000000 -0.011932 -0.439671
    43 0.679999 0.000000 0.000000 0.000002 -0.006134 -0.244270
    44 3.698019 0.273716 0.726623 0.154998 -0.079304 -0.810204
    45 1.749000 0.000000 0.000000 0.000000 -0.005853 -0.247769
    46 0.959998 0.000000 0.000000 0.000001 -0.009662 -0.430760
    47 3.768503 0.151949 -0.072740 -0.086429 -0.113133 -0.580186
    48 2.037998 -0.000002 0.000000 0.000000 -0.007973 -1.463532
    49 1.066998 0.000000 0.000000 0.000001 -0.004459 -1.313472
    50 3.783906 -0.023953 -0.794451 -0.337799 0.133928 -0.268220
    51 1.629000 -0.000002 0.000000 0.000000 -0.006612 -0.843474
    52 0.956001 -0.000001 0.000000 0.000000 -0.004210 -0.435549
    53 1.258940 -0.308546 -1.250052 1.279824 0.394280 -0.683714
    54 1.393001 0.000000 -0.000001 -0.000001 -0.006299 0.228554
    55 1.099999 -0.000002 -0.000001 0.000001 -0.009616 1.179386
    56 0.411133 2.867188 5.171875 1.561034 0.654844 1.600328
    57 0.453125 0.068726 -3.753906 0.142262 -0.048725 -0.079138
    58 2.330670 -1.877761 0.104131 -1.861300 0.207908 -1.328386
end
