// Created by Crowbar 0.71
version 1
nodes
  0 "ValveBiped.Bip01_Pelvis" -1
  1 "ValveBiped.Bip01_Spine" 0
  2 "ValveBiped.Bip01_Spine1" 1
  3 "ValveBiped.Bip01_Spine2" 2
  4 "ValveBiped.Bip01_Spine4" 3
  5 "ValveBiped.Bip01_Neck1" 4
  6 "ValveBiped.Bip01_Head1" 5
  7 "ValveBiped.forward" 6
  8 "ValveBiped.Bip01_R_Clavicle" 4
  9 "ValveBiped.Bip01_R_UpperArm" 8
  10 "ValveBiped.Bip01_R_Forearm" 9
  11 "ValveBiped.Bip01_R_Hand" 10
  12 "ValveBiped.Anim_Attachment_RH" 11
  13 "ValveBiped.Bip01_L_Clavicle" 4
  14 "ValveBiped.Bip01_L_UpperArm" 13
  15 "ValveBiped.Bip01_L_Forearm" 14
  16 "ValveBiped.Bip01_L_Hand" 15
  17 "ValveBiped.Anim_Attachment_LH" 16
  18 "ValveBiped.Bip01_R_Thigh" 0
  19 "ValveBiped.Bip01_R_Calf" 18
  20 "ValveBiped.Bip01_R_Foot" 19
  21 "ValveBiped.Bip01_R_Toe0" 20
  22 "ValveBiped.Bip01_L_Thigh" 0
  23 "ValveBiped.Bip01_L_Calf" 22
  24 "ValveBiped.Bip01_L_Foot" 23
  25 "ValveBiped.Bip01_L_Toe0" 24
  26 "ValveBiped.Bip01_L_Finger4" 16
  27 "ValveBiped.Bip01_L_Finger41" 26
  28 "ValveBiped.Bip01_L_Finger42" 27
  29 "ValveBiped.Bip01_L_Finger3" 16
  30 "ValveBiped.Bip01_L_Finger31" 29
  31 "ValveBiped.Bip01_L_Finger32" 30
  32 "ValveBiped.Bip01_L_Finger2" 16
  33 "ValveBiped.Bip01_L_Finger21" 32
  34 "ValveBiped.Bip01_L_Finger22" 33
  35 "ValveBiped.Bip01_L_Finger1" 16
  36 "ValveBiped.Bip01_L_Finger11" 35
  37 "ValveBiped.Bip01_L_Finger12" 36
  38 "ValveBiped.Bip01_L_Finger0" 16
  39 "ValveBiped.Bip01_L_Finger01" 38
  40 "ValveBiped.Bip01_L_Finger02" 39
  41 "ValveBiped.Bip01_R_Finger4" 11
  42 "ValveBiped.Bip01_R_Finger41" 41
  43 "ValveBiped.Bip01_R_Finger42" 42
  44 "ValveBiped.Bip01_R_Finger3" 11
  45 "ValveBiped.Bip01_R_Finger31" 44
  46 "ValveBiped.Bip01_R_Finger32" 45
  47 "ValveBiped.Bip01_R_Finger2" 11
  48 "ValveBiped.Bip01_R_Finger21" 47
  49 "ValveBiped.Bip01_R_Finger22" 48
  50 "ValveBiped.Bip01_R_Finger1" 11
  51 "ValveBiped.Bip01_R_Finger11" 50
  52 "ValveBiped.Bip01_R_Finger12" 51
  53 "ValveBiped.Bip01_R_Finger0" 11
  54 "ValveBiped.Bip01_R_Finger01" 53
  55 "ValveBiped.Bip01_R_Finger02" 54
end
skeleton
  time 0
    0 0.157812 -4.582166 35.824646 1.654002 -0.104963 -0.493339
    1 0.433612 3.657637 -2.575639 1.566350 -0.036586 1.449033
    2 4.018318 0.000000 0.000000 0.018744 -0.074400 0.031193
    3 3.518536 0.000000 0.000000 0.011625 -0.058257 0.140820
    4 8.942642 0.000000 0.000000 0.006256 -0.023370 0.198267
    5 3.307270 0.000001 0.000000 3.141949 -0.012572 0.397458
    6 3.593704 -0.000004 0.000000 0.421976 -0.072780 0.692961
    7 2.000027 -3.000002 0.000000 -1.570796 0.000000 -1.326450
    8 2.033352 1.000776 -1.937610 -2.366727 1.254332 1.958944
    9 6.028144 -0.000015 -0.000002 1.425386 -0.508882 -0.688911
    10 11.692535 0.000000 0.000008 0.000000 -0.000001 -2.033716
    11 11.481688 0.000000 0.000008 -1.155466 -0.072889 0.177549
    12 2.676086 -1.712452 0.000000 -1.570796 0.000000 -1.570795
    13 2.033344 1.000772 1.937660 -0.007403 -1.556982 4.137347
    14 6.028152 0.000011 0.000000 -1.881225 -0.192127 -0.525220
    15 11.692558 0.000000 -0.000004 0.000000 0.000000 -1.913655
    16 11.481682 0.000000 -0.000027 1.793667 -0.217739 0.048991
    17 2.676094 -1.712448 0.000000 1.570797 0.000000 1.570797
    18 -3.890452 0.000004 0.000007 -1.585744 -0.278948 -1.871136
    19 17.848145 0.000000 0.000000 -0.000036 0.000036 0.725119
    20 16.525240 0.000000 0.000000 0.270481 0.040704 -1.496317
    21 6.879452 0.000000 0.000000 -0.210299 -0.002963 -0.584373
    22 3.890452 -0.000004 -0.000003 -2.168824 -0.387082 -1.268689
    23 17.848135 0.000000 0.000000 0.000000 0.000000 0.466362
    24 16.525223 0.000000 0.000000 -0.082292 0.101631 -0.992214
    25 6.879442 0.000000 0.000000 -0.004818 -0.033990 -0.583592
    26 3.859718 -0.142403 -1.191975 -0.479144 0.152190 -0.879873
    27 1.312569 0.000008 0.000001 0.000000 0.009664 -0.439719
    28 0.729351 0.000001 -0.000002 0.000000 0.004970 -0.244299
    29 3.942327 0.046772 -0.431443 -0.155014 0.073328 -0.810647
    30 1.539104 0.000002 0.000000 0.000000 0.004460 -0.247796
    31 1.196320 -0.000004 0.000000 0.000000 0.007361 -0.430802
    32 3.883698 -0.046761 0.431443 0.085902 0.021818 -0.587878
    33 1.719563 0.000008 0.000000 -0.000007 0.005535 -0.366457
    34 1.209183 0.000000 0.000000 0.000003 0.003062 -0.216420
    35 3.859863 -0.137962 1.332467 0.354449 -0.042750 -0.531717
    36 1.719431 0.000008 0.000001 0.000005 0.004050 -0.363023
    37 1.099670 0.000002 0.000003 -0.000007 0.002609 -0.244321
    38 0.806047 -0.348927 1.321259 -1.206854 -0.679488 -0.789307
    39 1.789791 0.000004 0.000008 0.000000 0.007386 0.228523
    40 1.207014 0.000002 -0.000006 -0.000003 0.011265 0.362844
    41 3.859665 -0.132576 1.193108 0.479139 -0.158529 -0.879052
    42 1.312565 0.000002 -0.000001 0.000007 -0.011938 -0.439655
    43 0.729362 0.000006 0.000000 0.000000 -0.006134 -0.244270
    44 3.942287 0.050316 0.431043 0.154999 -0.079305 -0.810205
    45 1.539101 0.000004 0.000000 0.000000 -0.005854 -0.247771
    46 1.196342 0.000000 0.000000 -0.000005 -0.009652 -0.430774
    47 3.883656 -0.050339 -0.431043 -0.085903 -0.026418 -0.587683
    48 1.719563 -0.000008 0.000000 -0.000006 -0.007945 -0.366462
    49 1.209179 -0.000002 0.000000 0.000000 -0.004485 -0.216364
    50 3.859818 -0.148941 -1.331282 -0.354419 0.038567 -0.532002
    51 1.719429 -0.000011 0.000001 0.000000 -0.006613 -0.362970
    52 1.099663 -0.000006 0.000000 0.000000 -0.004223 -0.244312
    53 0.806011 -0.359840 -1.318334 1.204200 0.673617 -0.793956
    54 1.789782 0.000002 0.000000 0.000001 -0.006302 0.228555
    55 1.206999 0.000000 0.000010 0.000000 -0.009619 0.362905
  time 1
    0 0.157812 -4.582166 35.824646 1.652621 -0.107659 -0.408478
    1 0.402361 3.681075 -2.548294 1.567105 -0.044702 1.458177
    2 4.018318 0.000000 0.000000 0.017078 -0.068899 0.033839
    3 3.518536 0.000000 0.000000 0.010618 -0.053931 0.142126
    4 8.942642 0.000000 0.000000 0.005765 -0.021632 0.197296
    5 3.307270 0.000001 0.000000 3.141913 -0.011625 0.396271
    6 3.593704 -0.000004 0.000000 0.340557 -0.065884 0.692783
    7 2.000027 -3.000002 0.000000 -1.570796 0.000000 -1.326450
    8 2.033352 1.000776 -1.937610 -2.120322 1.328679 2.205083
    9 6.028144 -0.000015 -0.000002 1.466914 -0.606020 -0.656320
    10 11.692535 0.000000 0.000008 0.000000 -0.000001 -2.151682
    11 11.481688 0.000000 0.000008 -1.256598 -0.071972 0.175879
    12 2.676086 -1.712452 0.000000 -1.570796 0.000000 -1.570795
    13 2.033344 1.000772 1.937660 2.737950 -1.483174 1.393883
    14 6.028152 0.000011 0.000000 -1.873474 -0.168392 -0.412737
    15 11.692558 0.000000 -0.000004 0.000000 0.000000 -1.824124
    16 11.481682 0.000000 -0.000027 1.764516 -0.233867 0.121793
    17 2.676094 -1.712448 0.000000 1.570797 0.000000 1.570797
    18 -3.890452 0.000004 0.000007 -1.502413 -0.247056 -1.888156
    19 17.848145 0.000000 0.000000 -0.000036 0.000024 0.718055
    20 16.525240 0.000000 0.000000 0.271439 0.042429 -1.502715
    21 6.879452 0.000000 0.000000 -0.210299 -0.002963 -0.584373
    22 3.890452 -0.000004 -0.000003 -2.073100 -0.423074 -1.303269
    23 17.848135 0.000000 0.000000 0.000012 0.000000 0.452618
    24 16.525223 0.000000 0.000000 -0.085965 0.091876 -0.976979
    25 6.879442 0.000000 0.000000 -0.004818 -0.033990 -0.583592
    26 3.859718 -0.142403 -1.191975 -0.479144 0.152190 -0.879873
    27 1.312569 0.000008 0.000001 0.000000 0.009664 -0.439719
    28 0.729351 0.000001 -0.000002 0.000000 0.004970 -0.244299
    29 3.942327 0.046772 -0.431443 -0.155014 0.073328 -0.810647
    30 1.539104 0.000002 0.000000 0.000000 0.004460 -0.247796
    31 1.196320 -0.000004 0.000000 0.000000 0.007361 -0.430802
    32 3.883698 -0.046761 0.431443 0.085902 0.021818 -0.587878
    33 1.719563 0.000008 0.000000 -0.000007 0.005535 -0.366457
    34 1.209183 0.000000 0.000000 0.000003 0.003062 -0.216420
    35 3.859863 -0.137962 1.332467 0.354449 -0.042750 -0.531717
    36 1.719431 0.000008 0.000001 0.000005 0.004050 -0.363023
    37 1.099670 0.000002 0.000003 -0.000007 0.002609 -0.244321
    38 0.806047 -0.348927 1.321259 -1.206854 -0.679488 -0.789307
    39 1.789791 0.000004 0.000008 0.000000 0.007386 0.228523
    40 1.207014 0.000002 -0.000006 -0.000003 0.011265 0.362844
    41 3.859665 -0.132576 1.193108 0.479139 -0.158529 -0.879052
    42 1.312565 0.000002 -0.000001 0.000007 -0.011938 -0.439655
    43 0.729362 0.000006 0.000000 0.000000 -0.006134 -0.244270
    44 3.942287 0.050316 0.431043 0.154999 -0.079305 -0.810205
    45 1.539101 0.000004 0.000000 0.000000 -0.005854 -0.247771
    46 1.196342 0.000000 0.000000 -0.000005 -0.009652 -0.430774
    47 3.883656 -0.050339 -0.431043 -0.085903 -0.026418 -0.587683
    48 1.719563 -0.000008 0.000000 -0.000006 -0.007945 -0.366462
    49 1.209179 -0.000002 0.000000 0.000000 -0.004485 -0.216364
    50 3.859818 -0.148941 -1.331282 -0.354419 0.038567 -0.532002
    51 1.719429 -0.000011 0.000001 0.000000 -0.006613 -0.362970
    52 1.099663 -0.000006 0.000000 0.000000 -0.004223 -0.244312
    53 0.806011 -0.359840 -1.318334 1.204200 0.673617 -0.793956
    54 1.789782 0.000002 0.000000 0.000001 -0.006302 0.228555
    55 1.206999 0.000000 0.000010 0.000000 -0.009619 0.362905
  time 2
    0 0.157812 -4.582166 35.824646 1.650688 -0.110131 -0.250393
    1 0.332046 3.716232 -2.513137 1.568327 -0.055099 1.477784
    2 4.018318 0.000000 0.000000 0.013782 -0.057262 0.037653
    3 3.518536 0.000000 0.000000 0.008605 -0.044882 0.144272
    4 8.942642 0.000000 0.000000 0.004734 -0.018049 0.196397
    5 3.307270 0.000001 0.000000 3.141842 -0.009696 0.394941
    6 3.593704 -0.000004 0.000000 0.190203 -0.051952 0.693005
    7 2.000027 -3.000002 0.000000 -1.570796 0.000000 -1.326450
    8 2.033352 1.000776 -1.937610 -1.233929 1.383322 3.090239
    9 6.028144 -0.000015 -0.000002 1.602628 -0.804622 -0.609660
    10 11.692535 0.000000 0.000008 0.000000 -0.000001 -2.358744
    11 11.481688 0.000000 0.000008 -1.396757 -0.103771 0.107238
    12 2.676086 -1.712452 0.000000 -1.570796 0.000000 -1.570795
    13 2.033344 1.000772 1.937660 2.767995 -1.301334 1.366508
    14 6.028152 0.000011 0.000000 -1.824053 -0.151781 -0.223225
    15 11.692558 0.000000 -0.000004 0.000000 0.000000 -1.615030
    16 11.481682 0.000000 -0.000027 1.711613 -0.233632 0.233222
    17 2.676094 -1.712448 0.000000 1.570797 0.000000 1.570797
    18 -3.890452 0.000004 0.000007 -1.347350 -0.183452 -1.909375
    19 17.848145 0.000000 0.000000 -0.000024 0.000024 0.699320
    20 16.525240 0.000000 0.000000 0.273892 0.042185 -1.511310
    21 6.879452 0.000000 0.000000 -0.210299 -0.002963 -0.584373
    22 3.890452 -0.000004 -0.000003 -1.892785 -0.479036 -1.373974
    23 17.848135 0.000000 0.000000 0.000048 0.000000 0.420698
    24 16.525223 0.000000 0.000000 -0.090936 0.078633 -0.944170
    25 6.879442 0.000000 0.000000 -0.004818 -0.033990 -0.583592
    26 3.859718 -0.142403 -1.191975 -0.479144 0.152190 -0.879873
    27 1.312569 0.000008 0.000001 0.000000 0.009664 -0.439719
    28 0.729351 0.000001 -0.000002 0.000000 0.004970 -0.244299
    29 3.942327 0.046772 -0.431443 -0.155014 0.073328 -0.810647
    30 1.539104 0.000002 0.000000 0.000000 0.004460 -0.247796
    31 1.196320 -0.000004 0.000000 0.000000 0.007361 -0.430802
    32 3.883698 -0.046761 0.431443 0.085902 0.021818 -0.587878
    33 1.719563 0.000008 0.000000 -0.000007 0.005535 -0.366457
    34 1.209183 0.000000 0.000000 0.000003 0.003062 -0.216420
    35 3.859863 -0.137962 1.332467 0.354449 -0.042750 -0.531717
    36 1.719431 0.000008 0.000001 0.000005 0.004050 -0.363023
    37 1.099670 0.000002 0.000003 -0.000007 0.002609 -0.244321
    38 0.806047 -0.348927 1.321259 -1.206854 -0.679488 -0.789307
    39 1.789791 0.000004 0.000008 0.000000 0.007386 0.228523
    40 1.207014 0.000002 -0.000006 -0.000003 0.011265 0.362844
    41 3.859665 -0.132576 1.193108 0.479139 -0.158529 -0.879052
    42 1.312565 0.000002 -0.000001 0.000007 -0.011938 -0.439655
    43 0.729362 0.000006 0.000000 0.000000 -0.006134 -0.244270
    44 3.942287 0.050316 0.431043 0.154999 -0.079305 -0.810205
    45 1.539101 0.000004 0.000000 0.000000 -0.005854 -0.247771
    46 1.196342 0.000000 0.000000 -0.000005 -0.009652 -0.430774
    47 3.883656 -0.050339 -0.431043 -0.085903 -0.026418 -0.587683
    48 1.719563 -0.000008 0.000000 -0.000006 -0.007945 -0.366462
    49 1.209179 -0.000002 0.000000 0.000000 -0.004485 -0.216364
    50 3.859818 -0.148941 -1.331282 -0.354419 0.038567 -0.532002
    51 1.719429 -0.000011 0.000001 0.000000 -0.006613 -0.362970
    52 1.099663 -0.000006 0.000000 0.000000 -0.004223 -0.244312
    53 0.806011 -0.359840 -1.318334 1.204200 0.673617 -0.793956
    54 1.789782 0.000002 0.000000 0.000001 -0.006302 0.228555
    55 1.206999 0.000000 0.000010 0.000000 -0.009619 0.362905
  time 3
    0 0.157812 -4.582166 35.824646 1.654002 -0.104963 -0.165532
    1 0.281264 3.720139 -2.513137 1.568855 -0.054426 1.492381
    2 4.018318 0.000000 0.000000 0.011457 -0.048729 0.038318
    3 3.518536 0.000000 0.000000 0.007167 -0.038315 0.145218
    4 8.942642 0.000000 0.000000 0.003967 -0.015484 0.197260
    5 3.307270 0.000001 0.000000 3.141794 -0.008317 0.395504
    6 3.593704 -0.000004 0.000000 0.111920 -0.042683 0.694469
    7 2.000027 -3.000002 0.000000 -1.570796 0.000000 -1.326450
    8 2.033352 1.000776 -1.937610 -0.778859 1.344058 3.543524
    9 6.028144 -0.000015 -0.000002 1.692231 -0.958056 -0.537802
    10 11.692535 0.000000 0.000008 0.000000 -0.000001 -2.521379
    11 11.481688 0.000000 0.000008 -1.376448 -0.107732 0.023964
    12 2.676086 -1.712452 0.000000 -1.570796 0.000000 -1.570795
    13 2.033344 1.000772 1.937660 2.764455 -1.207591 1.370340
    14 6.028152 0.000011 0.000000 -1.775215 -0.193997 -0.131495
    15 11.692558 0.000000 -0.000004 0.000000 0.000000 -1.404862
    16 11.481682 0.000000 -0.000027 1.687476 -0.227008 0.241513
    17 2.676094 -1.712448 0.000000 1.570797 0.000000 1.570797
    18 -3.890452 0.000004 0.000007 -1.269460 -0.150666 -1.907129
    19 17.848145 0.000000 0.000000 -0.000024 0.000024 0.683069
    20 16.525240 0.000000 0.000000 0.278013 0.046085 -1.512145
    21 6.879452 0.000000 0.000000 -0.210299 -0.002963 -0.584373
    22 3.890452 -0.000004 -0.000003 -1.796892 -0.509237 -1.407754
    23 17.848135 0.000000 0.000000 0.000060 0.000000 0.405819
    24 16.525223 0.000000 0.000000 -0.092620 0.074186 -0.927150
    25 6.879442 0.000000 0.000000 -0.004818 -0.033990 -0.583592
    26 3.859718 -0.142403 -1.191975 -0.479144 0.152190 -0.879873
    27 1.312569 0.000008 0.000001 0.000000 0.009664 -0.439719
    28 0.729351 0.000001 -0.000002 0.000000 0.004970 -0.244299
    29 3.942327 0.046772 -0.431443 -0.155014 0.073328 -0.810647
    30 1.539104 0.000002 0.000000 0.000000 0.004460 -0.247796
    31 1.196320 -0.000004 0.000000 0.000000 0.007361 -0.430802
    32 3.883698 -0.046761 0.431443 0.085902 0.021830 -0.587878
    33 1.719563 0.000008 0.000000 -0.000007 0.005535 -0.366457
    34 1.209183 0.000000 0.000000 0.000003 0.003062 -0.216420
    35 3.859863 -0.137962 1.332467 0.354449 -0.042750 -0.531717
    36 1.719431 0.000008 0.000001 0.000005 0.004050 -0.363023
    37 1.099670 0.000002 0.000003 -0.000007 0.002609 -0.244321
    38 0.806047 -0.348927 1.321259 -1.206854 -0.679488 -0.789307
    39 1.789791 0.000004 0.000008 0.000000 0.007386 0.228523
    40 1.207014 0.000002 -0.000006 -0.000003 0.011265 0.362844
    41 3.859665 -0.132576 1.193108 0.479139 -0.158529 -0.879052
    42 1.312565 0.000002 -0.000001 0.000007 -0.011938 -0.439655
    43 0.729362 0.000006 0.000000 0.000000 -0.006134 -0.244270
    44 3.942287 0.050316 0.431043 0.154999 -0.079305 -0.810205
    45 1.539101 0.000004 0.000000 0.000000 -0.005854 -0.247771
    46 1.196342 0.000000 0.000000 -0.000005 -0.009652 -0.430774
    47 3.883656 -0.050339 -0.431043 -0.085903 -0.026418 -0.587683
    48 1.719563 -0.000008 0.000000 -0.000006 -0.007945 -0.366462
    49 1.209179 -0.000002 0.000000 0.000000 -0.004485 -0.216364
    50 3.859818 -0.148941 -1.331282 -0.354419 0.038567 -0.532002
    51 1.719429 -0.000011 0.000001 0.000000 -0.006613 -0.362970
    52 1.099663 -0.000006 0.000000 0.000000 -0.004223 -0.244312
    53 0.806011 -0.359840 -1.318334 1.204200 0.673617 -0.793956
    54 1.789782 0.000002 0.000000 0.000001 -0.006302 0.228555
    55 1.206999 0.000000 0.000010 0.000000 -0.009619 0.362905
  time 4
    0 0.150000 -4.613417 35.832459 1.660997 -0.088898 -0.165911
    1 0.246106 3.696700 -2.552200 1.569022 -0.044122 1.500722
    2 4.018318 0.000000 0.000000 0.010235 -0.044151 0.037693
    3 3.518536 0.000000 0.000000 0.006400 -0.034899 0.146597
    4 8.942642 0.000000 0.000000 0.003547 -0.014226 0.200987
    5 3.307270 0.000001 0.000000 3.141746 -0.007646 0.398716
    6 3.593704 -0.000004 0.000000 0.117424 -0.038461 0.699969
    7 2.000027 -3.000002 0.000000 -1.570796 0.000000 -1.326450
    8 2.033352 1.000776 -1.937610 -0.808682 1.352027 3.511645
    9 6.028144 -0.000015 -0.000002 1.545948 -0.917125 -0.329143
    10 11.692535 0.000000 0.000008 0.000000 -0.000001 -2.639264
    11 11.481688 0.000000 0.000008 -1.276730 -0.002801 0.114799
    12 2.676086 -1.712452 0.000000 -1.570796 0.000000 -1.570795
    13 2.033344 1.000772 1.937660 2.754695 -1.209711 1.377823
    14 6.028152 0.000011 0.000000 -1.758463 -0.257361 -0.125406
    15 11.692558 0.000000 -0.000004 0.000000 0.000000 -1.253570
    16 11.481682 0.000000 -0.000027 1.684169 -0.245848 0.171344
    17 2.676094 -1.712448 0.000000 1.570797 0.000000 1.570797
    18 -3.890452 0.000004 0.000007 -1.284780 -0.152845 -1.884078
    19 17.848145 0.000000 0.000000 -0.000024 0.000024 0.670045
    20 16.525240 0.000000 0.000000 0.283974 0.060637 -1.505636
    21 6.879452 0.000000 0.000000 -0.210299 -0.002963 -0.584373
    22 3.890452 -0.000004 -0.000003 -1.808938 -0.521785 -1.385962
    23 17.848135 0.000000 0.000000 0.000060 0.000000 0.416662
    24 16.525223 0.000000 0.000000 -0.087730 0.079424 -0.930959
    25 6.879442 0.000000 0.000000 -0.004818 -0.034086 -0.583543
    26 3.859718 -0.142403 -1.191975 -0.479144 0.152190 -0.879873
    27 1.312569 0.000008 0.000001 0.000000 0.009664 -0.439719
    28 0.729351 0.000001 -0.000002 0.000000 0.004970 -0.244299
    29 3.942327 0.046772 -0.431443 -0.155014 0.073328 -0.810647
    30 1.539104 0.000002 0.000000 0.000000 0.004460 -0.247796
    31 1.196320 -0.000004 0.000000 0.000000 0.007361 -0.430802
    32 3.883698 -0.046761 0.431443 0.085902 0.021818 -0.587878
    33 1.719563 0.000008 0.000000 -0.000007 0.005535 -0.366457
    34 1.209183 0.000000 0.000000 0.000003 0.003062 -0.216420
    35 3.859863 -0.137962 1.332467 0.354449 -0.042750 -0.531717
    36 1.719431 0.000008 0.000001 0.000005 0.004050 -0.363023
    37 1.099670 0.000002 0.000003 -0.000007 0.002609 -0.244321
    38 0.806047 -0.348927 1.321259 -1.206854 -0.679488 -0.789307
    39 1.789791 0.000004 0.000008 0.000000 0.007386 0.228523
    40 1.207014 0.000002 -0.000006 -0.000003 0.011265 0.362844
    41 3.859665 -0.132576 1.193108 0.479139 -0.158529 -0.879052
    42 1.312565 0.000002 -0.000001 0.000007 -0.011938 -0.439655
    43 0.729362 0.000006 0.000000 0.000000 -0.006134 -0.244270
    44 3.942287 0.050316 0.431043 0.154999 -0.079305 -0.810205
    45 1.539101 0.000004 0.000000 0.000000 -0.005854 -0.247771
    46 1.196342 0.000000 0.000000 -0.000005 -0.009652 -0.430774
    47 3.883656 -0.050339 -0.431043 -0.085903 -0.026418 -0.587683
    48 1.719563 -0.000008 0.000000 -0.000006 -0.007945 -0.366462
    49 1.209179 -0.000002 0.000000 0.000000 -0.004485 -0.216364
    50 3.859818 -0.148941 -1.331282 -0.354419 0.038567 -0.532002
    51 1.719429 -0.000011 0.000001 0.000000 -0.006613 -0.362970
    52 1.099663 -0.000006 0.000000 0.000000 -0.004223 -0.244312
    53 0.806011 -0.359840 -1.318334 1.204200 0.673617 -0.793956
    54 1.789782 0.000002 0.000000 0.000001 -0.006302 0.228555
    55 1.206999 0.000000 0.000010 0.000000 -0.009619 0.362905
  time 5
    0 0.130468 -4.703264 35.851991 1.666335 -0.065082 -0.167046
    1 0.207043 3.661543 -2.599077 1.569274 -0.029798 1.511724
    2 4.018318 0.000000 0.000000 0.008653 -0.037931 0.038453
    3 3.518536 0.000000 0.000000 0.005381 -0.030201 0.150216
    4 8.942642 0.000000 0.000000 0.002996 -0.012452 0.207770
    5 3.307270 0.000001 0.000000 3.141686 -0.006699 0.404397
    6 3.593704 -0.000004 0.000000 0.125756 -0.031565 0.710946
    7 2.000027 -3.000002 0.000000 -1.570796 0.000000 -1.326450
    8 2.033352 1.000776 -1.937610 -0.874402 1.363204 3.442277
    9 6.028144 -0.000015 -0.000002 1.523033 -0.621981 -0.218732
    10 11.692535 0.000000 0.000008 0.000000 -0.000001 -2.688183
    11 11.481688 0.000000 0.000008 -1.167887 0.062117 0.389514
    12 2.676086 -1.712452 0.000000 -1.570796 0.000000 -1.570795
    13 2.033344 1.000772 1.937660 2.747902 -1.212283 1.380834
    14 6.028152 0.000011 0.000000 -1.745212 -0.320479 -0.119912
    15 11.692558 0.000000 -0.000004 0.000000 0.000000 -1.106803
    16 11.481682 0.000000 -0.000027 1.679430 -0.265363 0.106218
    17 2.676094 -1.712448 0.000000 1.570797 0.000000 1.570797
    18 -3.890452 0.000004 0.000007 -1.305512 -0.147971 -1.850652
    19 17.848145 0.000000 0.000000 -0.000024 0.000012 0.646840
    20 16.525240 0.000000 0.000000 0.291180 0.077888 -1.494954
    21 6.879452 0.000000 0.000000 -0.210299 -0.002963 -0.584373
    22 3.890452 -0.000004 -0.000003 -1.830695 -0.532102 -1.352208
    23 17.848135 0.000000 0.000000 0.000060 0.000000 0.422096
    24 16.525223 0.000000 0.000000 -0.078234 0.090486 -0.928142
    25 6.879442 0.000000 0.000000 -0.004818 -0.033990 -0.583592
    26 3.859718 -0.142403 -1.191975 -0.479144 0.152190 -0.879873
    27 1.312569 0.000008 0.000001 0.000000 0.009664 -0.439719
    28 0.729351 0.000001 -0.000002 0.000000 0.004970 -0.244299
    29 3.942327 0.046772 -0.431443 -0.155014 0.073328 -0.810647
    30 1.539104 0.000002 0.000000 0.000000 0.004460 -0.247796
    31 1.196320 -0.000004 0.000000 0.000000 0.007361 -0.430802
    32 3.883698 -0.046761 0.431443 0.085902 0.021818 -0.587878
    33 1.719563 0.000008 0.000000 -0.000007 0.005535 -0.366457
    34 1.209183 0.000000 0.000000 0.000003 0.003062 -0.216420
    35 3.859863 -0.137962 1.332467 0.354449 -0.042750 -0.531717
    36 1.719431 0.000008 0.000001 0.000005 0.004050 -0.363023
    37 1.099670 0.000002 0.000003 -0.000007 0.002609 -0.244321
    38 0.806047 -0.348927 1.321259 -1.206854 -0.679488 -0.789307
    39 1.789791 0.000004 0.000008 0.000000 0.007386 0.228523
    40 1.207014 0.000002 -0.000006 -0.000003 0.011265 0.362844
    41 3.859665 -0.132576 1.193108 0.479139 -0.158529 -0.879052
    42 1.312565 0.000002 -0.000001 0.000007 -0.011938 -0.439655
    43 0.729362 0.000006 0.000000 0.000000 -0.006134 -0.244270
    44 3.942287 0.050316 0.431043 0.154999 -0.079305 -0.810205
    45 1.539101 0.000004 0.000000 0.000000 -0.005854 -0.247771
    46 1.196342 0.000000 0.000000 -0.000005 -0.009652 -0.430774
    47 3.883656 -0.050339 -0.431043 -0.085903 -0.026418 -0.587683
    48 1.719563 -0.000008 0.000000 -0.000006 -0.007945 -0.366462
    49 1.209179 -0.000002 0.000000 0.000000 -0.004485 -0.216364
    50 3.859818 -0.148941 -1.331282 -0.354419 0.038567 -0.532002
    51 1.719429 -0.000011 0.000001 0.000000 -0.006613 -0.362970
    52 1.099663 -0.000006 0.000000 0.000000 -0.004223 -0.244312
    53 0.806011 -0.359840 -1.318334 1.204200 0.673617 -0.793956
    54 1.789782 0.000002 0.000000 0.000001 -0.006302 0.228555
    55 1.206999 0.000000 0.000010 0.000000 -0.009619 0.362905
  time 6
    0 0.103123 -4.832174 35.883242 1.670293 -0.035986 -0.168654
    1 0.160166 3.622479 -2.657672 1.569574 -0.013454 1.524032
    2 4.018318 0.000000 0.000000 0.006903 -0.030633 0.040082
    3 3.518536 0.000000 0.000000 0.004267 -0.024592 0.155178
    4 8.942642 0.000000 0.000000 0.002385 -0.010259 0.216351
    5 3.307270 0.000001 0.000000 3.141638 -0.005525 0.411528
    6 3.593704 -0.000004 0.000000 0.135380 -0.022559 0.725583
    7 2.000027 -3.000002 0.000000 -1.570796 0.000000 -1.326450
    8 2.033352 1.000776 -1.937610 -0.969116 1.374525 3.343151
    9 6.028144 -0.000015 -0.000002 1.550157 -0.203565 -0.138369
    10 11.692535 0.000000 0.000008 0.000000 -0.000001 -2.617612
    11 11.481688 0.000000 0.000008 -1.053746 0.103267 0.676946
    12 2.676086 -1.712452 0.000000 -1.570796 0.000000 -1.570795
    13 2.033344 1.000772 1.937660 2.744935 -1.215067 1.379374
    14 6.028152 0.000011 0.000000 -1.734878 -0.382826 -0.115309
    15 11.692558 0.000000 -0.000004 0.000000 0.000000 -0.964843
    16 11.481682 0.000000 -0.000027 1.673478 -0.285415 0.045177
    17 2.676094 -1.712448 0.000000 1.570797 0.000000 1.570797
    18 -3.890452 0.000004 0.000007 -1.330512 -0.137080 -1.810407
    19 17.848145 0.000000 0.000000 -0.000024 0.000012 0.615330
    20 16.525240 0.000000 0.000000 0.299422 0.097427 -1.480656
    21 6.879452 0.000000 0.000000 -0.210299 -0.002963 -0.584373
    22 3.890452 -0.000004 -0.000003 -1.857527 -0.616313 -1.283315
    23 17.848135 0.000000 0.000000 0.000012 0.000000 0.567267
    24 16.525223 0.000000 0.000000 -0.078153 0.101008 -0.968053
    25 6.879442 0.000000 0.000000 -0.004818 -0.033978 -0.583592
    26 3.859718 -0.142403 -1.191975 -0.479144 0.152190 -0.879873
    27 1.312569 0.000008 0.000001 0.000000 0.009664 -0.439719
    28 0.729351 0.000001 -0.000002 0.000000 0.004970 -0.244299
    29 3.942327 0.046772 -0.431443 -0.155014 0.073328 -0.810647
    30 1.539104 0.000002 0.000000 0.000000 0.004460 -0.247796
    31 1.196320 -0.000004 0.000000 0.000000 0.007361 -0.430802
    32 3.883698 -0.046761 0.431443 0.085902 0.021818 -0.587878
    33 1.719563 0.000008 0.000000 -0.000007 0.005535 -0.366457
    34 1.209183 0.000000 0.000000 0.000003 0.003062 -0.216420
    35 3.859863 -0.137962 1.332467 0.354449 -0.042750 -0.531717
    36 1.719431 0.000008 0.000001 0.000005 0.004050 -0.363023
    37 1.099670 0.000002 0.000003 -0.000007 0.002609 -0.244321
    38 0.806047 -0.348927 1.321259 -1.206854 -0.679488 -0.789307
    39 1.789791 0.000004 0.000008 0.000000 0.007386 0.228523
    40 1.207014 0.000002 -0.000006 -0.000003 0.011265 0.362844
    41 3.859665 -0.132576 1.193108 0.479139 -0.158529 -0.879052
    42 1.312565 0.000002 -0.000001 0.000007 -0.011938 -0.439655
    43 0.729362 0.000006 0.000000 0.000000 -0.006134 -0.244270
    44 3.942287 0.050316 0.431043 0.154999 -0.079305 -0.810205
    45 1.539101 0.000004 0.000000 0.000000 -0.005854 -0.247771
    46 1.196342 0.000000 0.000000 -0.000005 -0.009652 -0.430774
    47 3.883656 -0.050339 -0.431043 -0.085903 -0.026418 -0.587683
    48 1.719563 -0.000008 0.000000 -0.000006 -0.007945 -0.366462
    49 1.209179 -0.000002 0.000000 0.000000 -0.004485 -0.216364
    50 3.859818 -0.148941 -1.331282 -0.354419 0.038567 -0.532002
    51 1.719429 -0.000011 0.000001 0.000000 -0.006613 -0.362970
    52 1.099663 -0.000006 0.000000 0.000000 -0.004223 -0.244312
    53 0.806011 -0.359840 -1.318334 1.204200 0.673617 -0.793956
    54 1.789782 0.000002 0.000000 0.000001 -0.006302 0.228555
    55 1.206999 0.000000 0.000010 0.000000 -0.009619 0.362905
  time 7
    0 0.071872 -4.988428 35.918399 1.672870 -0.004231 -0.170452
    1 0.117196 3.579509 -2.712361 1.569873 0.003040 1.536388
    2 4.018318 0.000000 0.000000 0.005117 -0.022950 0.042145
    3 3.518536 0.000000 0.000000 0.003140 -0.018552 0.160630
    4 8.942642 0.000000 0.000000 0.001762 -0.007826 0.225496
    5 3.307270 0.000001 0.000000 3.141602 -0.004219 0.419114
    6 3.593704 -0.000004 0.000000 0.144697 -0.012144 0.742172
    7 2.000027 -3.000002 0.000000 -1.570796 0.000000 -1.326450
    8 2.033352 1.000776 -1.937610 -1.082423 1.383281 3.225417
    9 6.028144 -0.000015 -0.000002 1.573820 0.134420 -0.056018
    10 11.692535 0.000000 0.000008 0.000000 -0.000001 -2.438939
    11 11.481688 0.000000 0.000008 -0.955440 0.149956 0.784966
    12 2.676086 -1.712452 0.000000 -1.570796 0.000000 -1.570795
    13 2.033344 1.000772 1.937660 2.747232 -1.217930 1.372713
    14 6.028152 0.000011 0.000000 -1.727377 -0.444100 -0.111857
    15 11.692558 0.000000 -0.000004 0.000000 0.000000 -0.827917
    16 11.481682 0.000000 -0.000027 1.666425 -0.305880 -0.012371
    17 2.676094 -1.712448 0.000000 1.570797 0.000000 1.570797
    18 -3.890452 0.000004 0.000007 -1.358718 -0.121427 -1.766926
    19 17.848145 0.000000 0.000000 -0.000012 0.000012 0.577778
    20 16.525240 0.000000 0.000000 0.308545 0.118898 -1.463465
    21 6.879452 0.000000 0.000000 -0.210299 -0.002963 -0.584373
    22 3.890452 -0.000004 -0.000003 -1.870487 -0.651018 -1.227769
    23 17.848135 0.000000 0.000000 0.000012 0.000000 0.603434
    24 16.525223 0.000000 0.000000 -0.082414 0.107528 -0.951629
    25 6.879442 0.000000 0.000000 -0.004818 -0.033978 -0.583592
    26 3.859718 -0.142403 -1.191975 -0.479144 0.152190 -0.879873
    27 1.312569 0.000008 0.000001 0.000000 0.009664 -0.439719
    28 0.729351 0.000001 -0.000002 0.000000 0.004970 -0.244299
    29 3.942327 0.046772 -0.431443 -0.155014 0.073328 -0.810647
    30 1.539104 0.000002 0.000000 0.000000 0.004460 -0.247796
    31 1.196320 -0.000004 0.000000 0.000000 0.007361 -0.430802
    32 3.883698 -0.046761 0.431443 0.085902 0.021818 -0.587878
    33 1.719563 0.000008 0.000000 -0.000007 0.005535 -0.366457
    34 1.209183 0.000000 0.000000 0.000003 0.003062 -0.216420
    35 3.859863 -0.137962 1.332467 0.354449 -0.042750 -0.531717
    36 1.719431 0.000008 0.000001 0.000005 0.004050 -0.363023
    37 1.099670 0.000002 0.000003 -0.000007 0.002609 -0.244321
    38 0.806047 -0.348927 1.321259 -1.206854 -0.679488 -0.789307
    39 1.789791 0.000004 0.000008 0.000000 0.007386 0.228523
    40 1.207014 0.000002 -0.000006 -0.000003 0.011265 0.362844
    41 3.859665 -0.132576 1.193108 0.479139 -0.158529 -0.879052
    42 1.312565 0.000002 -0.000001 0.000007 -0.011938 -0.439655
    43 0.729362 0.000006 0.000000 0.000000 -0.006134 -0.244270
    44 3.942287 0.050316 0.431043 0.154999 -0.079305 -0.810205
    45 1.539101 0.000004 0.000000 0.000000 -0.005854 -0.247771
    46 1.196342 0.000000 0.000000 -0.000005 -0.009652 -0.430774
    47 3.883656 -0.050339 -0.431043 -0.085903 -0.026418 -0.587683
    48 1.719563 -0.000008 0.000000 -0.000006 -0.007945 -0.366462
    49 1.209179 -0.000002 0.000000 0.000000 -0.004485 -0.216364
    50 3.859818 -0.148941 -1.331282 -0.354419 0.038567 -0.532002
    51 1.719429 -0.000011 0.000001 0.000000 -0.006613 -0.362970
    52 1.099663 -0.000006 0.000000 0.000000 -0.004223 -0.244312
    53 0.806011 -0.359840 -1.318334 1.204200 0.673617 -0.793956
    54 1.789782 0.000002 0.000000 0.000001 -0.006302 0.228555
    55 1.206999 0.000000 0.000010 0.000000 -0.009619 0.362905
  time 8
    0 0.036715 -5.148590 35.957463 1.674435 0.027561 -0.172438
    1 0.078132 3.536539 -2.763144 1.570161 0.018018 1.547690
    2 4.018318 0.000000 0.000000 0.003464 -0.015652 0.044289
    3 3.518536 0.000000 0.000000 0.002109 -0.012728 0.165880
    4 8.942642 0.000000 0.000000 0.001174 -0.005405 0.234136
    5 3.307270 0.000001 0.000000 3.141590 -0.002924 0.426245
    6 3.593704 -0.000004 0.000000 0.152199 -0.001187 0.759182
    7 2.000027 -3.000002 0.000000 -1.570796 0.000000 -1.326450
    8 2.033352 1.000776 -1.937610 -1.198584 1.387565 3.105290
    9 6.028144 -0.000015 -0.000002 1.587756 0.378042 0.011945
    10 11.692535 0.000000 0.000008 0.000000 -0.000001 -2.203568
    11 11.481688 0.000000 0.000008 -0.882093 0.207061 0.748829
    12 2.676086 -1.712452 0.000000 -1.570796 0.000000 -1.570795
    13 2.033344 1.000772 1.937660 2.756896 -1.220714 1.359299
    14 6.028152 0.000011 0.000000 -1.722376 -0.504164 -0.109741
    15 11.692558 0.000000 -0.000004 0.000000 0.000000 -0.696307
    16 11.481682 0.000000 -0.000027 1.658214 -0.326525 -0.066867
    17 2.676094 -1.712448 0.000000 1.570797 0.000000 1.570797
    18 -3.890452 0.000004 0.000007 -1.389015 -0.102423 -1.723632
    19 17.848145 0.000000 0.000000 -0.000012 0.000000 0.536527
    20 16.525240 0.000000 0.000000 0.318396 0.141999 -1.444187
    21 6.879452 0.000000 0.000000 -0.210299 -0.002963 -0.584373
    22 3.890452 -0.000004 -0.000003 -1.860640 -0.589866 -1.212184
    23 17.848135 0.000000 0.000000 0.000072 0.000000 0.439322
    24 16.525223 0.000000 0.000000 -0.084504 0.111135 -0.837054
    25 6.879442 0.000000 0.000000 -0.004818 -0.033990 -0.583787
    26 3.859718 -0.142403 -1.191975 -0.479144 0.152190 -0.879873
    27 1.312569 0.000008 0.000001 0.000000 0.009664 -0.439719
    28 0.729351 0.000001 -0.000002 0.000000 0.004970 -0.244299
    29 3.942327 0.046772 -0.431443 -0.155014 0.073328 -0.810647
    30 1.539104 0.000002 0.000000 0.000000 0.004460 -0.247796
    31 1.196320 -0.000004 0.000000 0.000000 0.007361 -0.430802
    32 3.883698 -0.046761 0.431443 0.085902 0.021818 -0.587878
    33 1.719563 0.000008 0.000000 -0.000007 0.005535 -0.366457
    34 1.209183 0.000000 0.000000 0.000003 0.003062 -0.216420
    35 3.859863 -0.137962 1.332467 0.354449 -0.042750 -0.531717
    36 1.719431 0.000008 0.000001 0.000005 0.004050 -0.363023
    37 1.099670 0.000002 0.000003 -0.000007 0.002609 -0.244321
    38 0.806047 -0.348927 1.321259 -1.206854 -0.679488 -0.789307
    39 1.789791 0.000004 0.000008 0.000000 0.007386 0.228523
    40 1.207014 0.000002 -0.000006 -0.000003 0.011265 0.362844
    41 3.859665 -0.132576 1.193108 0.479139 -0.158529 -0.879052
    42 1.312565 0.000002 -0.000001 0.000007 -0.011938 -0.439655
    43 0.729362 0.000006 0.000000 0.000000 -0.006134 -0.244270
    44 3.942287 0.050316 0.431043 0.154999 -0.079305 -0.810205
    45 1.539101 0.000004 0.000000 0.000000 -0.005854 -0.247771
    46 1.196342 0.000000 0.000000 -0.000005 -0.009652 -0.430774
    47 3.883656 -0.050339 -0.431043 -0.085903 -0.026418 -0.587683
    48 1.719563 -0.000008 0.000000 -0.000006 -0.007945 -0.366462
    49 1.209179 -0.000002 0.000000 0.000000 -0.004485 -0.216364
    50 3.859818 -0.148941 -1.331282 -0.354419 0.038567 -0.532002
    51 1.719429 -0.000011 0.000001 0.000000 -0.006613 -0.362970
    52 1.099663 -0.000006 0.000000 0.000000 -0.004223 -0.244312
    53 0.806011 -0.359840 -1.318334 1.204200 0.673617 -0.793956
    54 1.789782 0.000002 0.000000 0.000001 -0.006302 0.228555
    55 1.206999 0.000000 0.000010 0.000000 -0.009619 0.362905
  time 9
    0 0.001558 -5.304844 35.992620 1.675264 0.056882 -0.174330
    1 0.046881 3.505288 -2.802208 1.570401 0.030024 1.556870
    2 4.018318 0.000000 0.000000 0.002097 -0.009528 0.046243
    3 3.518536 0.000000 0.000000 0.001270 -0.007790 0.170338
    4 8.942642 0.000000 0.000000 0.000707 -0.003332 0.241339
    5 3.307270 0.000001 0.000000 3.141590 -0.001798 0.432201
    6 3.593704 -0.000004 0.000000 0.156289 0.009368 0.775460
    7 2.000027 -3.000002 0.000000 -1.570796 0.000000 -1.326450
    8 2.033352 1.000776 -1.937610 -1.299189 1.386758 3.001443
    9 6.028144 -0.000015 -0.000002 1.591311 0.568141 0.058049
    10 11.692535 0.000000 0.000008 0.000000 -0.000001 -1.951758
    11 11.481688 0.000000 0.000008 -0.831468 0.267431 0.646946
    12 2.676086 -1.712452 0.000000 -1.570796 0.000000 -1.570795
    13 2.033344 1.000772 1.937660 2.776128 -1.223100 1.337307
    14 6.028152 0.000011 0.000000 -1.719876 -0.562909 -0.109072
    15 11.692558 0.000000 -0.000004 0.000000 0.000000 -0.570353
    16 11.481682 0.000000 -0.000027 1.649011 -0.347141 -0.118486
    17 2.676094 -1.712448 0.000000 1.570797 0.000000 1.570797
    18 -3.890452 0.000004 0.000007 -1.420514 -0.082148 -1.683828
    19 17.848145 0.000000 0.000000 0.000000 0.000000 0.495029
    20 16.525240 0.000000 0.000000 0.328861 0.166451 -1.424270
    21 6.879452 0.000000 0.000000 -0.210299 -0.002963 -0.584373
    22 3.890452 -0.000004 -0.000003 -1.845448 -0.519297 -1.201474
    23 17.848135 0.000000 0.000000 0.000048 0.000000 0.275975
    24 16.525223 0.000000 0.000000 -0.097834 0.102111 -0.796429
    25 6.879442 0.000000 0.000000 -0.004818 -0.033990 -0.583592
    26 3.859718 -0.142403 -1.191975 -0.479144 0.152190 -0.879873
    27 1.312569 0.000008 0.000001 0.000000 0.009664 -0.439719
    28 0.729351 0.000001 -0.000002 0.000000 0.004970 -0.244299
    29 3.942327 0.046772 -0.431443 -0.155014 0.073328 -0.810647
    30 1.539104 0.000002 0.000000 0.000000 0.004460 -0.247796
    31 1.196320 -0.000004 0.000000 0.000000 0.007361 -0.430802
    32 3.883698 -0.046761 0.431443 0.085902 0.021818 -0.587878
    33 1.719563 0.000008 0.000000 -0.000007 0.005535 -0.366457
    34 1.209183 0.000000 0.000000 0.000003 0.003062 -0.216420
    35 3.859863 -0.137962 1.332467 0.354449 -0.042750 -0.531717
    36 1.719431 0.000008 0.000001 0.000005 0.004050 -0.363023
    37 1.099670 0.000002 0.000003 -0.000007 0.002609 -0.244321
    38 0.806047 -0.348927 1.321259 -1.206854 -0.679488 -0.789307
    39 1.789791 0.000004 0.000008 0.000000 0.007386 0.228523
    40 1.207014 0.000002 -0.000006 -0.000003 0.011265 0.362844
    41 3.859665 -0.132576 1.193108 0.479139 -0.158529 -0.879052
    42 1.312565 0.000002 -0.000001 0.000007 -0.011938 -0.439655
    43 0.729362 0.000006 0.000000 0.000000 -0.006134 -0.244270
    44 3.942287 0.050316 0.431043 0.154999 -0.079305 -0.810205
    45 1.539101 0.000004 0.000000 0.000000 -0.005854 -0.247771
    46 1.196342 0.000000 0.000000 -0.000005 -0.009652 -0.430774
    47 3.883656 -0.050339 -0.431043 -0.085903 -0.026418 -0.587683
    48 1.719563 -0.000008 0.000000 -0.000006 -0.007945 -0.366462
    49 1.209179 -0.000002 0.000000 0.000000 -0.004485 -0.216364
    50 3.859818 -0.148941 -1.331282 -0.354419 0.038567 -0.532002
    51 1.719429 -0.000011 0.000001 0.000000 -0.006613 -0.362970
    52 1.099663 -0.000006 0.000000 0.000000 -0.004223 -0.244312
    53 0.806011 -0.359840 -1.318334 1.204200 0.673617 -0.793956
    54 1.789782 0.000002 0.000000 0.000001 -0.006302 0.228555
    55 1.206999 0.000000 0.000010 0.000000 -0.009619 0.362905
  time 10
    0 -0.025787 -5.433755 36.023871 1.675448 0.081035 -0.175939
    1 0.023443 3.485756 -2.829553 1.570568 0.037803 1.562874
    2 4.018318 0.000000 0.000000 0.001198 -0.005453 0.047804
    3 3.518536 0.000000 0.000000 0.000719 -0.004458 0.173538
    4 8.942642 0.000000 0.000000 0.000395 -0.001906 0.246325
    5 3.307270 0.000001 0.000000 3.141590 -0.001031 0.436288
    6 3.593704 -0.000004 0.000000 0.155489 0.018636 0.789919
    7 2.000027 -3.000002 0.000000 -1.570796 0.000000 -1.326450
    8 2.033352 1.000776 -1.937610 -1.368775 1.381087 2.929476
    9 6.028144 -0.000015 -0.000002 1.583735 0.721516 0.081736
    10 11.692535 0.000000 0.000008 0.000000 -0.000001 -1.718552
    11 11.481688 0.000000 0.000008 -0.797326 0.322519 0.530137
    12 2.676086 -1.712452 0.000000 -1.570796 0.000000 -1.570795
    13 2.033344 1.000772 1.937660 2.807321 -1.224796 1.304366
    14 6.028152 0.000011 0.000000 -1.719710 -0.620030 -0.110000
    15 11.692558 0.000000 -0.000004 0.000000 0.000000 -0.451016
    16 11.481682 0.000000 -0.000027 1.638650 -0.367469 -0.167127
    17 2.676094 -1.712448 0.000000 1.570797 0.000000 1.570797
    18 -3.890452 0.000004 0.000007 -1.452358 -0.063172 -1.650535
    19 17.848145 0.000000 0.000000 0.000012 0.000000 0.457504
    20 16.525240 0.000000 0.000000 0.339862 0.192047 -1.405522
    21 6.879452 0.000000 0.000000 -0.210299 -0.002963 -0.584373
    22 3.890452 -0.000004 -0.000003 -1.837835 -0.517988 -1.173262
    23 17.848135 0.000000 0.000000 0.000048 0.000000 0.265160
    24 16.525223 0.000000 0.000000 -0.109521 0.097592 -0.786511
    25 6.879442 0.000000 0.000000 -0.004818 -0.033978 -0.583592
    26 3.859718 -0.142403 -1.191975 -0.479144 0.152190 -0.879873
    27 1.312569 0.000008 0.000001 0.000000 0.009664 -0.439719
    28 0.729351 0.000001 -0.000002 0.000000 0.004970 -0.244299
    29 3.942327 0.046772 -0.431443 -0.155014 0.073328 -0.810647
    30 1.539104 0.000002 0.000000 0.000000 0.004460 -0.247796
    31 1.196320 -0.000004 0.000000 0.000000 0.007361 -0.430802
    32 3.883698 -0.046761 0.431443 0.085902 0.021818 -0.587878
    33 1.719563 0.000008 0.000000 -0.000007 0.005535 -0.366457
    34 1.209183 0.000000 0.000000 0.000003 0.003062 -0.216420
    35 3.859863 -0.137962 1.332467 0.354449 -0.042750 -0.531717
    36 1.719431 0.000008 0.000001 0.000005 0.004050 -0.363023
    37 1.099670 0.000002 0.000003 -0.000007 0.002609 -0.244321
    38 0.806047 -0.348927 1.321259 -1.206854 -0.679488 -0.789307
    39 1.789791 0.000004 0.000008 0.000000 0.007386 0.228523
    40 1.207014 0.000002 -0.000006 -0.000003 0.011265 0.362844
    41 3.859665 -0.132576 1.193108 0.479139 -0.158529 -0.879052
    42 1.312565 0.000002 -0.000001 0.000007 -0.011938 -0.439655
    43 0.729362 0.000006 0.000000 0.000000 -0.006134 -0.244270
    44 3.942287 0.050316 0.431043 0.154999 -0.079305 -0.810205
    45 1.539101 0.000004 0.000000 0.000000 -0.005854 -0.247771
    46 1.196342 0.000000 0.000000 -0.000005 -0.009652 -0.430774
    47 3.883656 -0.050339 -0.431043 -0.085903 -0.026418 -0.587683
    48 1.719563 -0.000008 0.000000 -0.000006 -0.007945 -0.366462
    49 1.209179 -0.000002 0.000000 0.000000 -0.004485 -0.216364
    50 3.859818 -0.148941 -1.331282 -0.354419 0.038567 -0.532002
    51 1.719429 -0.000011 0.000001 0.000000 -0.006613 -0.362970
    52 1.099663 -0.000006 0.000000 0.000000 -0.004223 -0.244312
    53 0.806011 -0.359840 -1.318334 1.204200 0.673617 -0.793956
    54 1.789782 0.000002 0.000000 0.000001 -0.006302 0.228555
    55 1.206999 0.000000 0.000010 0.000000 -0.009619 0.362905
  time 11
    0 -0.041412 -5.523601 36.047309 1.675356 0.097436 -0.177169
    1 0.019537 3.477944 -2.837365 1.570616 0.040141 1.564684
    2 4.018318 0.000000 0.000000 0.000923 -0.004219 0.048809
    3 3.518536 0.000000 0.000000 0.000551 -0.003452 0.175072
    4 8.942642 0.000000 0.000000 0.000312 -0.001474 0.248326
    5 3.307270 0.000001 0.000000 3.141590 -0.000803 0.437894
    6 3.593704 -0.000004 0.000000 0.148264 0.025733 0.801629
    7 2.000027 -3.000002 0.000000 -1.570796 0.000000 -1.326450
    8 2.033352 1.000776 -1.937610 -1.397953 1.371028 2.898486
    9 6.028144 -0.000015 -0.000002 1.562129 0.833064 0.083724
    10 11.692535 0.000000 0.000008 0.000000 -0.000001 -1.546535
    11 11.481688 0.000000 0.000008 -0.772897 0.365980 0.437190
    12 2.676086 -1.712452 0.000000 -1.570796 0.000000 -1.570795
    13 2.033344 1.000772 1.937660 2.852292 -1.225406 1.258649
    14 6.028152 0.000011 0.000000 -1.721793 -0.675365 -0.112673
    15 11.692558 0.000000 -0.000004 0.000000 0.000000 -0.339145
    16 11.481682 0.000000 -0.000027 1.627133 -0.387259 -0.212471
    17 2.676094 -1.712448 0.000000 1.570797 0.000000 1.570797
    18 -3.890452 0.000004 0.000007 -1.483829 -0.049027 -1.626468
    19 17.848145 0.000000 0.000000 0.000024 -0.000012 0.429995
    20 16.525240 0.000000 0.000000 0.351342 0.218618 -1.390751
    21 6.879452 0.000000 0.000000 -0.210299 -0.002963 -0.584373
    22 3.890452 -0.000004 -0.000003 -1.832658 -0.527447 -1.152535
    23 17.848135 0.000000 0.000000 0.000048 0.000000 0.292410
    24 16.525223 0.000000 0.000000 -0.117881 0.092583 -0.803650
    25 6.879442 0.000000 0.000000 -0.004818 -0.033978 -0.583592
    26 3.859718 -0.142403 -1.191975 -0.479144 0.152190 -0.879873
    27 1.312569 0.000008 0.000001 0.000000 0.009664 -0.439719
    28 0.729351 0.000001 -0.000002 0.000000 0.004970 -0.244299
    29 3.942327 0.046772 -0.431443 -0.155014 0.073328 -0.810647
    30 1.539104 0.000002 0.000000 0.000000 0.004460 -0.247796
    31 1.196320 -0.000004 0.000000 0.000000 0.007361 -0.430802
    32 3.883698 -0.046761 0.431443 0.085902 0.021818 -0.587878
    33 1.719563 0.000008 0.000000 -0.000007 0.005535 -0.366457
    34 1.209183 0.000000 0.000000 0.000003 0.003062 -0.216420
    35 3.859863 -0.137962 1.332467 0.354449 -0.042750 -0.531717
    36 1.719431 0.000008 0.000001 0.000005 0.004050 -0.363023
    37 1.099670 0.000002 0.000003 -0.000007 0.002609 -0.244321
    38 0.806047 -0.348927 1.321259 -1.206854 -0.679488 -0.789307
    39 1.789791 0.000004 0.000008 0.000000 0.007386 0.228523
    40 1.207014 0.000002 -0.000006 -0.000003 0.011265 0.362844
    41 3.859665 -0.132576 1.193108 0.479139 -0.158529 -0.879052
    42 1.312565 0.000002 -0.000001 0.000007 -0.011938 -0.439655
    43 0.729362 0.000006 0.000000 0.000000 -0.006134 -0.244270
    44 3.942287 0.050316 0.431043 0.154999 -0.079305 -0.810205
    45 1.539101 0.000004 0.000000 0.000000 -0.005854 -0.247771
    46 1.196342 0.000000 0.000000 -0.000005 -0.009652 -0.430774
    47 3.883656 -0.050339 -0.431043 -0.085903 -0.026418 -0.587683
    48 1.719563 -0.000008 0.000000 -0.000006 -0.007945 -0.366462
    49 1.209179 -0.000002 0.000000 0.000000 -0.004485 -0.216364
    50 3.859818 -0.148941 -1.331282 -0.354419 0.038567 -0.532002
    51 1.719429 -0.000011 0.000001 0.000000 -0.006613 -0.362970
    52 1.099663 -0.000006 0.000000 0.000000 -0.004223 -0.244312
    53 0.806011 -0.359840 -1.318334 1.204200 0.673617 -0.793956
    54 1.789782 0.000002 0.000000 0.000001 -0.006302 0.228555
    55 1.206999 0.000000 0.000010 0.000000 -0.009619 0.362905
  time 12
    0 -0.049225 -5.554852 36.055122 1.675264 0.103465 -0.177547
    1 0.031256 3.489663 -2.821740 1.570520 0.035709 1.561172
    2 4.018318 0.000000 0.000000 0.001450 -0.006615 0.049026
    3 3.518536 0.000000 0.000000 0.000875 -0.005405 0.174449
    4 8.942642 0.000000 0.000000 0.000491 -0.002313 0.246564
    5 3.307270 0.000001 0.000000 3.141590 -0.001246 0.436348
    6 3.593704 -0.000004 0.000000 0.133044 0.029975 0.809413
    7 2.000027 -3.000002 0.000000 -1.570796 0.000000 -1.326450
    8 2.033352 1.000776 -1.937610 -1.383226 1.356642 2.912168
    9 6.028144 -0.000015 -0.000002 1.522659 0.884139 0.066713
    10 11.692535 0.000000 0.000008 0.000000 -0.000001 -1.489116
    11 11.481688 0.000000 0.000008 -0.751528 0.394551 0.406208
    12 2.676086 -1.712452 0.000000 -1.570796 0.000000 -1.570795
    13 2.033344 1.000772 1.937660 2.912477 -1.224266 1.198879
    14 6.028152 0.000011 0.000000 -1.725710 -0.727481 -0.117574
    15 11.692558 0.000000 -0.000004 0.000000 0.000000 -0.238868
    16 11.481682 0.000000 -0.000027 1.614293 -0.406210 -0.252649
    17 2.676094 -1.712448 0.000000 1.570797 0.000000 1.570797
    18 -3.890452 0.000004 0.000007 -1.514211 -0.043595 -1.614007
    19 17.848145 0.000000 0.000000 0.000036 -0.000012 0.419151
    20 16.525240 0.000000 0.000000 0.363283 0.245864 -1.383045
    21 6.879452 0.000000 0.000000 -0.210299 -0.002963 -0.584373
    22 3.890452 -0.000004 -0.000003 -1.823285 -0.530772 -1.146168
    23 17.848135 0.000000 0.000000 0.000048 0.000000 0.301723
    24 16.525223 0.000000 0.000000 -0.126463 0.086543 -0.810077
    25 6.879442 0.000000 0.000000 -0.004818 -0.033978 -0.583592
    26 3.859718 -0.142403 -1.191975 -0.479144 0.152190 -0.879873
    27 1.312569 0.000008 0.000001 0.000000 0.009664 -0.439719
    28 0.729351 0.000001 -0.000002 0.000000 0.004970 -0.244299
    29 3.942327 0.046772 -0.431443 -0.155014 0.073328 -0.810647
    30 1.539104 0.000002 0.000000 0.000000 0.004460 -0.247796
    31 1.196320 -0.000004 0.000000 0.000000 0.007361 -0.430802
    32 3.883698 -0.046761 0.431443 0.085902 0.021818 -0.587878
    33 1.719563 0.000008 0.000000 -0.000007 0.005535 -0.366457
    34 1.209183 0.000000 0.000000 0.000003 0.003062 -0.216420
    35 3.859863 -0.137962 1.332467 0.354449 -0.042750 -0.531717
    36 1.719431 0.000008 0.000001 0.000005 0.004050 -0.363023
    37 1.099670 0.000002 0.000003 -0.000007 0.002609 -0.244321
    38 0.806047 -0.348927 1.321259 -1.206854 -0.679488 -0.789307
    39 1.789791 0.000004 0.000008 0.000000 0.007386 0.228523
    40 1.207014 0.000002 -0.000006 -0.000003 0.011265 0.362844
    41 3.859665 -0.132576 1.193108 0.479139 -0.158529 -0.879052
    42 1.312565 0.000002 -0.000001 0.000007 -0.011938 -0.439655
    43 0.729362 0.000006 0.000000 0.000000 -0.006134 -0.244270
    44 3.942287 0.050316 0.431043 0.154999 -0.079305 -0.810205
    45 1.539101 0.000004 0.000000 0.000000 -0.005854 -0.247771
    46 1.196342 0.000000 0.000000 -0.000005 -0.009652 -0.430774
    47 3.883656 -0.050339 -0.431043 -0.085903 -0.026418 -0.587683
    48 1.719563 -0.000008 0.000000 -0.000006 -0.007945 -0.366462
    49 1.209179 -0.000002 0.000000 0.000000 -0.004485 -0.216364
    50 3.859818 -0.148941 -1.331282 -0.354419 0.038567 -0.532002
    51 1.719429 -0.000011 0.000001 0.000000 -0.006613 -0.362970
    52 1.099663 -0.000006 0.000000 0.000000 -0.004211 -0.244312
    53 0.806011 -0.359840 -1.318334 1.204200 0.673617 -0.793956
    54 1.789782 0.000002 0.000000 0.000001 -0.006302 0.228555
    55 1.206999 0.000000 0.000010 0.000000 -0.009619 0.362905
  time 13
    0 -0.049225 -5.554852 36.055122 1.675264 0.103465 -0.177547
    1 0.054694 3.517007 -2.790489 1.570353 0.026078 1.554617
    2 4.018318 0.000000 0.000000 0.002445 -0.011038 0.048754
    3 3.518536 0.000000 0.000000 0.001474 -0.009000 0.172244
    4 8.942642 0.000000 0.000000 0.000827 -0.003847 0.241986
    5 3.307270 0.000001 0.000000 3.141590 -0.002073 0.432465
    6 3.593704 -0.000004 0.000000 0.111152 0.032689 0.814026
    7 2.000027 -3.000002 0.000000 -1.570796 0.000000 -1.326450
    8 2.033352 1.000776 -1.937610 -1.340886 1.339401 2.953762
    9 6.028144 -0.000015 -0.000002 1.410608 0.884199 -0.040756
    10 11.692535 0.000000 0.000008 0.000000 -0.000001 -1.562414
    11 11.481688 0.000000 0.000008 -0.783905 0.417070 0.431446
    12 2.676086 -1.712452 0.000000 -1.570796 0.000000 -1.570795
    13 2.033344 1.000772 1.937660 2.979934 -1.222808 1.132175
    14 6.028152 0.000011 0.000000 -1.729544 -0.767689 -0.126223
    15 11.692558 0.000000 -0.000004 0.000000 0.000000 -0.169359
    16 11.481682 0.000000 -0.000027 1.600296 -0.424072 -0.277720
    17 2.676094 -1.712448 0.000000 1.570797 0.000000 1.570797
    18 -3.890452 0.000004 0.000007 -1.544136 -0.043846 -1.607950
    19 17.848145 0.000000 0.000000 0.000036 -0.000012 0.419151
    20 16.525240 0.000000 0.000000 0.375683 0.273654 -1.379874
    21 6.879452 0.000000 0.000000 -0.210299 -0.002963 -0.584373
    22 3.890452 -0.000004 -0.000003 -1.813404 -0.531094 -1.147687
    23 17.848135 0.000000 0.000000 0.000048 0.000000 0.301723
    24 16.525223 0.000000 0.000000 -0.133808 0.080934 -0.810711
    25 6.879442 0.000000 0.000000 -0.004818 -0.033978 -0.583592
    26 3.859718 -0.142403 -1.191975 -0.479144 0.152190 -0.879873
    27 1.312569 0.000008 0.000001 0.000000 0.009664 -0.439719
    28 0.729351 0.000001 -0.000002 0.000000 0.004970 -0.244299
    29 3.942327 0.046772 -0.431443 -0.155014 0.073328 -0.810647
    30 1.539104 0.000002 0.000000 0.000000 0.004460 -0.247796
    31 1.196320 -0.000004 0.000000 0.000000 0.007361 -0.430802
    32 3.883698 -0.046761 0.431443 0.085902 0.021818 -0.587878
    33 1.719563 0.000008 0.000000 -0.000007 0.005535 -0.366457
    34 1.209183 0.000000 0.000000 0.000003 0.003062 -0.216420
    35 3.859863 -0.137962 1.332467 0.354449 -0.042750 -0.531717
    36 1.719431 0.000008 0.000001 0.000005 0.004050 -0.363023
    37 1.099670 0.000002 0.000003 -0.000007 0.002609 -0.244321
    38 0.806047 -0.348927 1.321259 -1.206854 -0.679488 -0.789307
    39 1.789791 0.000004 0.000008 0.000000 0.007386 0.228523
    40 1.207014 0.000002 -0.000006 -0.000003 0.011265 0.362844
    41 3.859665 -0.132576 1.193108 0.479139 -0.158529 -0.879052
    42 1.312565 0.000002 -0.000001 0.000007 -0.011938 -0.439655
    43 0.729362 0.000006 0.000000 0.000000 -0.006134 -0.244270
    44 3.942287 0.050316 0.431043 0.154999 -0.079305 -0.810205
    45 1.539101 0.000004 0.000000 0.000000 -0.005854 -0.247771
    46 1.196342 0.000000 0.000000 -0.000005 -0.009652 -0.430774
    47 3.883656 -0.050339 -0.431043 -0.085903 -0.026418 -0.587683
    48 1.719563 -0.000008 0.000000 -0.000006 -0.007945 -0.366462
    49 1.209179 -0.000002 0.000000 0.000000 -0.004485 -0.216364
    50 3.859818 -0.148941 -1.331282 -0.354419 0.038567 -0.532002
    51 1.719429 -0.000011 0.000001 0.000000 -0.006613 -0.362970
    52 1.099663 -0.000006 0.000000 0.000000 -0.004223 -0.244312
    53 0.806011 -0.359840 -1.318334 1.204200 0.673617 -0.793956
    54 1.789782 0.000002 0.000000 0.000001 -0.006302 0.228555
    55 1.206999 0.000000 0.000010 0.000000 -0.009619 0.362905
  time 14
    0 -0.049225 -5.554852 36.055122 1.675264 0.103465 -0.177547
    1 0.074226 3.552165 -2.747519 1.570209 0.013568 1.548121
    2 4.018318 0.000000 0.000000 0.003404 -0.015304 0.048415
    3 3.518536 0.000000 0.000000 0.002061 -0.012440 0.169403
    4 8.942642 0.000000 0.000000 0.001163 -0.005273 0.236114
    5 3.307270 0.000001 0.000000 3.141590 -0.002852 0.427479
    6 3.593704 -0.000004 0.000000 0.084924 0.035504 0.816864
    7 2.000027 -3.000002 0.000000 -1.570796 0.000000 -1.326450
    8 2.033352 1.000776 -1.937610 -1.288144 1.321104 3.005958
    9 6.028144 -0.000015 -0.000002 1.177809 0.857080 -0.263405
    10 11.692535 0.000000 0.000008 0.000000 -0.000001 -1.687677
    11 11.481688 0.000000 0.000008 -0.889275 0.458038 0.465128
    12 2.676086 -1.712452 0.000000 -1.570796 0.000000 -1.570795
    13 2.033344 1.000772 1.937660 3.046147 -1.223524 1.065927
    14 6.028152 0.000011 0.000000 -1.728627 -0.775692 -0.143040
    15 11.692558 0.000000 -0.000004 0.000000 0.000000 -0.173601
    16 11.481682 0.000000 -0.000027 1.585472 -0.440502 -0.265762
    17 2.676094 -1.712448 0.000000 1.570797 0.000000 1.570797
    18 -3.890452 0.000004 0.000007 -1.574776 -0.043916 -1.601746
    19 17.848145 0.000000 0.000000 0.000048 -0.000024 0.419151
    20 16.525240 0.000000 0.000000 0.388601 0.302100 -1.376202
    21 6.879452 0.000000 0.000000 -0.210299 -0.002963 -0.584373
    22 3.890452 -0.000004 -0.000003 -1.806773 -0.531308 -1.148672
    23 17.848135 0.000000 0.000000 0.000048 0.000000 0.301723
    24 16.525223 0.000000 0.000000 -0.138739 0.077159 -0.811108
    25 6.879442 0.000000 0.000000 -0.004818 -0.033978 -0.583592
    26 3.859718 -0.142403 -1.191975 -0.479144 0.152190 -0.879873
    27 1.312569 0.000008 0.000001 0.000000 0.009664 -0.439719
    28 0.729351 0.000001 -0.000002 0.000000 0.004970 -0.244299
    29 3.942327 0.046772 -0.431443 -0.155014 0.073328 -0.810647
    30 1.539104 0.000002 0.000000 0.000000 0.004460 -0.247796
    31 1.196320 -0.000004 0.000000 0.000000 0.007361 -0.430802
    32 3.883698 -0.046761 0.431443 0.085902 0.021818 -0.587878
    33 1.719563 0.000008 0.000000 -0.000007 0.005535 -0.366457
    34 1.209183 0.000000 0.000000 0.000003 0.003062 -0.216420
    35 3.859863 -0.137962 1.332467 0.354449 -0.042750 -0.531717
    36 1.719431 0.000008 0.000001 0.000005 0.004050 -0.363023
    37 1.099670 0.000002 0.000003 -0.000007 0.002609 -0.244321
    38 0.806047 -0.348927 1.321259 -1.206854 -0.679488 -0.789307
    39 1.789791 0.000004 0.000008 0.000000 0.007386 0.228523
    40 1.207014 0.000002 -0.000006 -0.000003 0.011265 0.362844
    41 3.859665 -0.132576 1.193108 0.479139 -0.158529 -0.879052
    42 1.312565 0.000002 -0.000001 0.000007 -0.011938 -0.439655
    43 0.729362 0.000006 0.000000 0.000000 -0.006134 -0.244270
    44 3.942287 0.050316 0.431043 0.154999 -0.079305 -0.810205
    45 1.539101 0.000004 0.000000 0.000000 -0.005854 -0.247771
    46 1.196342 0.000000 0.000000 -0.000005 -0.009652 -0.430774
    47 3.883656 -0.050339 -0.431043 -0.085903 -0.026418 -0.587683
    48 1.719563 -0.000008 0.000000 -0.000006 -0.007945 -0.366462
    49 1.209179 -0.000002 0.000000 0.000000 -0.004485 -0.216364
    50 3.859818 -0.148941 -1.331282 -0.354419 0.038567 -0.532002
    51 1.719429 -0.000011 0.000001 0.000000 -0.006613 -0.362970
    52 1.099663 -0.000006 0.000000 0.000000 -0.004223 -0.244312
    53 0.806011 -0.359840 -1.318334 1.204200 0.673617 -0.793956
    54 1.789782 0.000002 0.000000 0.000001 -0.006302 0.228555
    55 1.206999 0.000000 0.000010 0.000000 -0.009619 0.362905
  time 15
    0 -0.049225 -5.554852 36.055122 1.675264 0.103465 -0.177547
    1 0.097664 3.591228 -2.696736 1.570101 -0.002196 1.541805
    2 4.018318 0.000000 0.000000 0.004302 -0.019307 0.048021
    3 3.518536 0.000000 0.000000 0.002637 -0.015604 0.165856
    4 8.942642 0.000000 0.000000 0.001474 -0.006568 0.228767
    5 3.307270 0.000001 0.000000 3.141602 -0.003547 0.421247
    6 3.593704 -0.000004 0.000000 0.053992 0.038379 0.817441
    7 2.000027 -3.000002 0.000000 -1.570796 0.000000 -1.326450
    8 2.033352 1.000776 -1.937610 -1.226014 1.301503 3.067733
    9 6.028144 -0.000015 -0.000002 0.853068 0.807884 -0.512127
    10 11.692535 0.000000 0.000008 0.000000 -0.000001 -1.777255
    11 11.481688 0.000000 0.000008 -1.011009 0.538469 0.481675
    12 2.676086 -1.712452 0.000000 -1.570796 0.000000 -1.570795
    13 2.033344 1.000772 1.937660 3.111404 -1.227739 0.999587
    14 6.028152 0.000011 0.000000 -1.722793 -0.756853 -0.167467
    15 11.692558 0.000000 -0.000004 0.000000 0.000000 -0.242714
    16 11.481682 0.000000 -0.000027 1.569601 -0.455211 -0.221107
    17 2.676094 -1.712448 0.000000 1.570797 0.000000 1.570797
    18 -3.890452 0.000004 0.000007 -1.606305 -0.043790 -1.595355
    19 17.848145 0.000000 0.000000 0.000048 -0.000024 0.419151
    20 16.525240 0.000000 0.000000 0.402113 0.331296 -1.372002
    21 6.879452 0.000000 0.000000 -0.210299 -0.002963 -0.584373
    22 3.890452 -0.000004 -0.000003 -1.804167 -0.531394 -1.149072
    23 17.848135 0.000000 0.000000 0.000048 0.000000 0.301723
    24 16.525223 0.000000 0.000000 -0.140666 0.075697 -0.811227
    25 6.879442 0.000000 0.000000 -0.004818 -0.033978 -0.583592
    26 3.859718 -0.142403 -1.191975 -0.479144 0.152190 -0.879873
    27 1.312569 0.000008 0.000001 0.000000 0.009664 -0.439719
    28 0.729351 0.000001 -0.000002 0.000000 0.004970 -0.244299
    29 3.942327 0.046772 -0.431443 -0.155014 0.073328 -0.810647
    30 1.539104 0.000002 0.000000 0.000000 0.004460 -0.247796
    31 1.196320 -0.000004 0.000000 0.000000 0.007361 -0.430802
    32 3.883698 -0.046761 0.431443 0.085902 0.021818 -0.587878
    33 1.719563 0.000008 0.000000 -0.000007 0.005535 -0.366457
    34 1.209183 0.000000 0.000000 0.000003 0.003062 -0.216420
    35 3.859863 -0.137962 1.332467 0.354449 -0.042750 -0.531717
    36 1.719431 0.000008 0.000001 0.000005 0.004050 -0.363023
    37 1.099670 0.000002 0.000003 -0.000007 0.002609 -0.244321
    38 0.806047 -0.348927 1.321259 -1.206854 -0.679488 -0.789307
    39 1.789791 0.000004 0.000008 0.000000 0.007386 0.228523
    40 1.207014 0.000002 -0.000006 -0.000003 0.011265 0.362844
    41 3.859665 -0.132576 1.193108 0.479139 -0.158529 -0.879052
    42 1.312565 0.000002 -0.000001 0.000007 -0.011938 -0.439655
    43 0.729362 0.000006 0.000000 0.000000 -0.006134 -0.244270
    44 3.942287 0.050316 0.431043 0.154999 -0.079305 -0.810205
    45 1.539101 0.000004 0.000000 0.000000 -0.005854 -0.247771
    46 1.196342 0.000000 0.000000 -0.000005 -0.009652 -0.430774
    47 3.883656 -0.050339 -0.431043 -0.085903 -0.026418 -0.587683
    48 1.719563 -0.000008 0.000000 -0.000006 -0.007945 -0.366462
    49 1.209179 -0.000002 0.000000 0.000000 -0.004473 -0.216364
    50 3.859818 -0.148941 -1.331282 -0.354419 0.038567 -0.532002
    51 1.719429 -0.000011 0.000001 0.000000 -0.006613 -0.362970
    52 1.099663 -0.000006 0.000000 0.000000 -0.004223 -0.244312
    53 0.806011 -0.359840 -1.318334 1.204200 0.673617 -0.793956
    54 1.789782 0.000002 0.000000 0.000001 -0.006302 0.228555
    55 1.206999 0.000000 0.000010 0.000000 -0.009619 0.362905
  time 16
    0 -0.064851 -5.668137 36.074654 1.685940 0.119455 -0.302710
    1 0.152353 3.599041 -2.681111 1.569586 -0.005712 1.526609
    2 4.018318 0.000000 0.000000 0.006544 -0.029135 0.037707
    3 3.518536 0.000000 0.000000 0.004051 -0.023454 0.154183
    4 8.942642 0.000000 0.000000 0.002253 -0.009815 0.217466
    5 3.307270 0.000001 0.000000 3.141626 -0.005297 0.412726
    6 3.593704 -0.000004 0.000000 0.128831 0.019963 0.818971
    7 2.000027 -3.000002 0.000000 -1.570796 0.000000 -1.326450
    8 2.033352 1.000776 -1.937610 -1.578362 1.277680 2.733003
    9 6.028144 -0.000015 -0.000002 0.501952 0.745174 -0.709021
    10 11.692535 0.000000 0.000008 0.000000 -0.000001 -1.783430
    11 11.481688 0.000000 0.000008 -1.107961 0.650809 0.455259
    12 2.676086 -1.712452 0.000000 -1.570796 0.000000 -1.570795
    13 2.033344 1.000772 1.937660 3.533751 -1.379622 0.585490
    14 6.028152 0.000011 0.000000 -1.709792 -0.711667 -0.237072
    15 11.692558 0.000000 -0.000004 0.000000 0.000000 -0.481557
    16 11.481682 0.000000 -0.000027 1.571420 -0.467647 -0.092775
    17 2.676094 -1.712448 0.000000 1.570797 0.000000 1.570797
    18 -3.890452 0.000004 0.000007 -1.758963 -0.082595 -1.579765
    19 17.848145 0.000000 0.000000 0.000048 -0.000024 0.422131
    20 16.525240 0.000000 0.000000 0.415529 0.355673 -1.357871
    21 6.879452 0.000000 0.000000 -0.210299 -0.002963 -0.584373
    22 3.890452 -0.000004 -0.000003 -1.956330 -0.512004 -1.064487
    23 17.848135 0.000000 0.000000 0.000048 0.000000 0.370839
    24 16.525223 0.000000 0.000000 -0.139205 0.082192 -0.863198
    25 6.879442 0.000000 0.000000 -0.004818 -0.033978 -0.583592
    26 3.859718 -0.142403 -1.191975 -0.479144 0.152190 -0.879873
    27 1.312569 0.000008 0.000001 0.000000 0.009664 -0.439719
    28 0.729351 0.000001 -0.000002 0.000000 0.004970 -0.244299
    29 3.942327 0.046772 -0.431443 -0.155014 0.073328 -0.810647
    30 1.539104 0.000002 0.000000 0.000000 0.004460 -0.247796
    31 1.196320 -0.000004 0.000000 0.000000 0.007361 -0.430802
    32 3.883698 -0.046761 0.431443 0.085902 0.021818 -0.587878
    33 1.719563 0.000008 0.000000 -0.000007 0.005535 -0.366457
    34 1.209183 0.000000 0.000000 0.000003 0.003062 -0.216420
    35 3.859863 -0.137962 1.332467 0.354449 -0.042750 -0.531717
    36 1.719431 0.000008 0.000001 0.000005 0.004050 -0.363023
    37 1.099670 0.000002 0.000003 -0.000007 0.002609 -0.244321
    38 0.806047 -0.348927 1.321259 -1.206854 -0.679488 -0.789307
    39 1.789791 0.000004 0.000008 0.000000 0.007386 0.228523
    40 1.207014 0.000002 -0.000006 -0.000003 0.011265 0.362844
    41 3.859665 -0.132576 1.193108 0.479139 -0.158529 -0.879052
    42 1.312565 0.000002 -0.000001 0.000007 -0.011938 -0.439655
    43 0.729362 0.000006 0.000000 0.000000 -0.006134 -0.244270
    44 3.942287 0.050316 0.431043 0.154999 -0.079305 -0.810205
    45 1.539101 0.000004 0.000000 0.000000 -0.005854 -0.247771
    46 1.196342 0.000000 0.000000 -0.000005 -0.009652 -0.430774
    47 3.883656 -0.050339 -0.431043 -0.085903 -0.026418 -0.587683
    48 1.719563 -0.000008 0.000000 -0.000006 -0.007945 -0.366462
    49 1.209179 -0.000002 0.000000 0.000000 -0.004485 -0.216364
    50 3.859818 -0.148941 -1.331282 -0.354419 0.038567 -0.532002
    51 1.719429 -0.000011 0.000001 0.000000 -0.006613 -0.362970
    52 1.099663 -0.000006 0.000000 0.000000 -0.004223 -0.244312
    53 0.806011 -0.359840 -1.318334 1.204200 0.673617 -0.793956
    54 1.789782 0.000002 0.000000 0.000001 -0.006302 0.228555
    55 1.206999 0.000000 0.000010 0.000000 -0.009619 0.362905
  time 17
    0 -0.107821 -5.953302 36.117624 1.701219 0.163193 -0.585011
    1 0.222668 3.532633 -2.763144 1.568147 0.018318 1.505696
    2 4.018318 0.000000 0.000000 0.009875 -0.042941 0.011582
    3 3.518536 0.000000 0.000000 0.006172 -0.034588 0.130981
    4 8.942642 0.000000 0.000000 0.003356 -0.014513 0.203096
    5 3.307270 0.000001 0.000000 3.141662 -0.007838 0.403390
    6 3.593704 -0.000004 0.000000 0.342617 -0.034380 0.814492
    7 2.000027 -3.000002 0.000000 -1.570796 0.000000 -1.326450
    8 2.033352 1.000776 -1.937610 -2.164964 1.138920 2.193727
    9 6.028144 -0.000015 -0.000002 0.190774 0.682374 -0.838271
    10 11.692535 0.000000 0.000008 0.000000 -0.000001 -1.713580
    11 11.481688 0.000000 0.000008 -1.173302 0.755226 0.385832
    12 2.676086 -1.712452 0.000000 -1.570796 0.000000 -1.570795
    13 2.033344 1.000772 1.937660 -0.825689 -1.236938 4.971108
    14 6.028152 0.000011 0.000000 -1.677872 -0.768596 -0.379550
    15 11.692558 0.000000 -0.000004 0.000000 0.000000 -0.703320
    16 11.481682 0.000000 -0.000027 1.603602 -0.476598 0.014939
    17 2.676094 -1.712448 0.000000 1.570797 0.000000 1.570797
    18 -3.890452 0.000004 0.000007 -2.047069 -0.150890 -1.542207
    19 17.848145 0.000000 0.000000 0.000024 -0.000012 0.402016
    20 16.525240 0.000000 0.000000 0.425898 0.352672 -1.320902
    21 6.879452 0.000000 0.000000 -0.210299 -0.002963 -0.584373
    22 3.890452 -0.000004 -0.000003 -2.281196 -0.400874 -0.896011
    23 17.848135 0.000000 0.000000 0.000012 0.000012 0.474698
    24 16.525223 0.000000 0.000000 -0.133930 0.108019 -0.952065
    25 6.879442 0.000000 0.000000 -0.004818 -0.033978 -0.583592
    26 3.859718 -0.142403 -1.191975 -0.479144 0.152190 -0.879873
    27 1.312569 0.000008 0.000001 0.000000 0.009664 -0.439719
    28 0.729351 0.000001 -0.000002 0.000000 0.004970 -0.244299
    29 3.942327 0.046772 -0.431443 -0.155014 0.073328 -0.810647
    30 1.539104 0.000002 0.000000 0.000000 0.004460 -0.247796
    31 1.196320 -0.000004 0.000000 0.000000 0.007361 -0.430802
    32 3.883698 -0.046761 0.431443 0.085902 0.021818 -0.587878
    33 1.719563 0.000008 0.000000 -0.000007 0.005535 -0.366457
    34 1.209183 0.000000 0.000000 0.000003 0.003062 -0.216420
    35 3.859863 -0.137962 1.332467 0.354449 -0.042750 -0.531717
    36 1.719431 0.000008 0.000001 0.000005 0.004050 -0.363023
    37 1.099670 0.000002 0.000003 -0.000007 0.002609 -0.244321
    38 0.806047 -0.348927 1.321259 -1.206854 -0.679488 -0.789307
    39 1.789791 0.000004 0.000008 0.000000 0.007386 0.228523
    40 1.207014 0.000002 -0.000006 -0.000003 0.011265 0.362844
    41 3.859665 -0.132576 1.193108 0.479139 -0.158529 -0.879052
    42 1.312565 0.000002 -0.000001 0.000007 -0.011938 -0.439655
    43 0.729362 0.000006 0.000000 0.000000 -0.006134 -0.244270
    44 3.942287 0.050316 0.431043 0.154999 -0.079305 -0.810205
    45 1.539101 0.000004 0.000000 0.000000 -0.005854 -0.247771
    46 1.196342 0.000000 0.000000 -0.000005 -0.009652 -0.430774
    47 3.883656 -0.050339 -0.431043 -0.085903 -0.026418 -0.587683
    48 1.719563 -0.000008 0.000000 -0.000006 -0.007945 -0.366462
    49 1.209179 -0.000002 0.000000 0.000000 -0.004485 -0.216364
    50 3.859818 -0.148941 -1.331282 -0.354419 0.038567 -0.532002
    51 1.719429 -0.000011 0.000001 0.000000 -0.006613 -0.362970
    52 1.099663 -0.000006 0.000000 0.000000 -0.004223 -0.244312
    53 0.806011 -0.359840 -1.318334 1.204200 0.673617 -0.793956
    54 1.789782 0.000002 0.000000 0.000001 -0.006302 0.228555
    55 1.206999 0.000000 0.000010 0.000000 -0.009619 0.362905
  time 18
    0 -0.158604 -6.320500 36.176219 1.699378 0.218165 -0.868921
    1 0.246106 3.431067 -2.876429 1.566494 0.052483 1.497307
    2 4.018318 0.000000 0.000000 0.011577 -0.048406 -0.017652
    3 3.518536 0.000000 0.000000 0.007287 -0.039022 0.106292
    4 8.942642 0.000000 0.000000 0.003823 -0.016407 0.190153
    5 3.307270 0.000001 0.000000 3.141686 -0.008869 0.395696
    6 3.593704 -0.000004 0.000000 0.567503 -0.094614 0.793689
    7 2.000027 -3.000002 0.000000 -1.570796 0.000000 -1.326450
    8 2.033352 1.000776 -1.937610 -2.444136 0.943428 1.974131
    9 6.028144 -0.000015 -0.000002 -0.036507 0.629748 -0.917204
    10 11.692535 0.000000 0.000008 0.000000 -0.000001 -1.613818
    11 11.481688 0.000000 0.000008 -1.218040 0.815265 0.306633
    12 2.676086 -1.712452 0.000000 -1.570796 0.000000 -1.570795
    13 2.033344 1.000772 1.937660 -0.567917 -0.797992 4.747543
    14 6.028152 0.000011 0.000000 -1.598948 -0.853385 -0.552542
    15 11.692558 0.000000 -0.000004 0.000000 0.000000 -0.848900
    16 11.481682 0.000000 -0.000027 1.624157 -0.482520 0.074086
    17 2.676094 -1.712448 0.000000 1.570797 0.000000 1.570797
    18 -3.890452 0.000004 0.000007 -2.315016 -0.185603 -1.504288
    19 17.848145 0.000000 0.000000 0.000012 -0.000012 0.326718
    20 16.525240 0.000000 0.000000 0.433009 0.326477 -1.262847
    21 6.879452 0.000000 0.000000 -0.210299 -0.002963 -0.584373
    22 3.890452 -0.000004 -0.000003 -2.568739 -0.221642 -0.778259
    23 17.848135 0.000000 0.000000 -0.000024 0.000012 0.535135
    24 16.525223 0.000000 0.000000 -0.127681 0.147952 -1.015184
    25 6.879442 0.000000 0.000000 -0.004818 -0.033978 -0.583592
    26 3.859718 -0.142403 -1.191975 -0.479144 0.152190 -0.879873
    27 1.312569 0.000008 0.000001 0.000000 0.009664 -0.439719
    28 0.729351 0.000001 -0.000002 0.000000 0.004970 -0.244299
    29 3.942327 0.046772 -0.431443 -0.155014 0.073328 -0.810647
    30 1.539104 0.000002 0.000000 0.000000 0.004460 -0.247796
    31 1.196320 -0.000004 0.000000 0.000000 0.007361 -0.430802
    32 3.883698 -0.046761 0.431443 0.085902 0.021818 -0.587878
    33 1.719563 0.000008 0.000000 -0.000007 0.005535 -0.366457
    34 1.209183 0.000000 0.000000 0.000003 0.003062 -0.216420
    35 3.859863 -0.137962 1.332467 0.354449 -0.042750 -0.531717
    36 1.719431 0.000008 0.000001 0.000005 0.004050 -0.363023
    37 1.099670 0.000002 0.000003 -0.000007 0.002609 -0.244321
    38 0.806047 -0.348927 1.321259 -1.206854 -0.679488 -0.789307
    39 1.789791 0.000004 0.000008 0.000000 0.007386 0.228523
    40 1.207014 0.000002 -0.000006 -0.000003 0.011265 0.362844
    41 3.859665 -0.132576 1.193108 0.479139 -0.158529 -0.879052
    42 1.312565 0.000002 -0.000001 0.000007 -0.011938 -0.439655
    43 0.729362 0.000006 0.000000 0.000000 -0.006134 -0.244270
    44 3.942287 0.050316 0.431043 0.154999 -0.079305 -0.810205
    45 1.539101 0.000004 0.000000 0.000000 -0.005854 -0.247771
    46 1.196342 0.000000 0.000000 -0.000005 -0.009652 -0.430774
    47 3.883656 -0.050339 -0.431043 -0.085903 -0.026418 -0.587683
    48 1.719563 -0.000008 0.000000 -0.000006 -0.007945 -0.366462
    49 1.209179 -0.000002 0.000000 0.000000 -0.004485 -0.216364
    50 3.859818 -0.148941 -1.331282 -0.354419 0.038567 -0.532002
    51 1.719429 -0.000011 0.000001 0.000000 -0.006613 -0.362970
    52 1.099663 -0.000006 0.000000 0.000000 -0.004223 -0.244312
    53 0.806011 -0.359840 -1.318334 1.204200 0.673617 -0.793956
    54 1.789782 0.000002 0.000000 0.000001 -0.006302 0.228555
    55 1.206999 0.000000 0.000010 0.000000 -0.009619 0.362905
  time 19
    0 -0.201574 -6.683793 36.227002 1.682535 0.261790 -0.996165
    1 0.226574 3.403723 -2.911586 1.566482 0.063554 1.503694
    2 4.018318 0.000000 0.000000 0.010666 -0.044235 -0.028591
    3 3.518536 0.000000 0.000000 0.006735 -0.035690 0.096729
    4 8.942642 0.000000 0.000000 0.003500 -0.015029 0.184484
    5 3.307270 0.000001 0.000000 3.141686 -0.008114 0.392077
    6 3.593704 -0.000004 0.000000 0.672966 -0.120770 0.783155
    7 2.000027 -3.000002 0.000000 -1.570796 0.000000 -1.326450
    8 2.033352 1.000776 -1.937610 -2.516944 0.859021 1.934932
    9 6.028144 -0.000015 -0.000002 -0.133967 0.602092 -0.931035
    10 11.692535 0.000000 0.000008 0.000000 -0.000001 -1.547257
    11 11.481688 0.000000 0.000008 -1.243176 0.811304 0.260086
    12 2.676086 -1.712452 0.000000 -1.570796 0.000000 -1.570795
    13 2.033344 1.000772 1.937660 -0.553852 -0.631502 4.757854
    14 6.028152 0.000011 0.000000 -1.577529 -0.788920 -0.623001
    15 11.692558 0.000000 -0.000004 0.000000 0.000000 -1.007374
    16 11.481682 0.000000 -0.000027 1.617159 -0.486638 0.145363
    17 2.676094 -1.712448 0.000000 1.570797 0.000000 1.570797
    18 -3.890452 0.000004 0.000007 -2.438638 -0.156517 -1.503767
    19 17.848145 0.000000 0.000000 0.000012 0.000000 0.204016
    20 16.525240 0.000000 0.000000 0.442496 0.322332 -1.196170
    21 6.879452 0.000000 0.000000 -0.210299 -0.002963 -0.584373
    22 3.890452 -0.000004 -0.000003 -2.679554 -0.119328 -0.726069
    23 17.848135 0.000000 0.000000 -0.000048 0.000024 0.564655
    24 16.525223 0.000000 0.000000 -0.126687 0.169955 -1.047478
    25 6.879442 0.000000 0.000000 -0.004818 -0.033978 -0.583592
    26 3.859718 -0.142403 -1.191975 -0.479144 0.152190 -0.879873
    27 1.312569 0.000008 0.000001 0.000000 0.009664 -0.439719
    28 0.729351 0.000001 -0.000002 0.000000 0.004970 -0.244299
    29 3.942327 0.046772 -0.431443 -0.155014 0.073328 -0.810647
    30 1.539104 0.000002 0.000000 0.000000 0.004460 -0.247796
    31 1.196320 -0.000004 0.000000 0.000000 0.007361 -0.430802
    32 3.883698 -0.046761 0.431443 0.085902 0.021830 -0.587878
    33 1.719563 0.000008 0.000000 -0.000007 0.005535 -0.366457
    34 1.209183 0.000000 0.000000 0.000003 0.003062 -0.216420
    35 3.859863 -0.137962 1.332467 0.354449 -0.042750 -0.531717
    36 1.719431 0.000008 0.000001 0.000005 0.004050 -0.363023
    37 1.099670 0.000002 0.000003 -0.000007 0.002609 -0.244321
    38 0.806047 -0.348927 1.321259 -1.206854 -0.679488 -0.789307
    39 1.789791 0.000004 0.000008 0.000000 0.007386 0.228523
    40 1.207014 0.000002 -0.000006 -0.000003 0.011265 0.362844
    41 3.859665 -0.132576 1.193108 0.479139 -0.158529 -0.879052
    42 1.312565 0.000002 -0.000001 0.000007 -0.011938 -0.439655
    43 0.729362 0.000006 0.000000 0.000000 -0.006134 -0.244270
    44 3.942287 0.050316 0.431043 0.154999 -0.079305 -0.810205
    45 1.539101 0.000004 0.000000 0.000000 -0.005854 -0.247771
    46 1.196342 0.000000 0.000000 -0.000005 -0.009652 -0.430774
    47 3.883656 -0.050339 -0.431043 -0.085903 -0.026418 -0.587683
    48 1.719563 -0.000008 0.000000 -0.000006 -0.007945 -0.366462
    49 1.209179 -0.000002 0.000000 0.000000 -0.004485 -0.216364
    50 3.859818 -0.148941 -1.331282 -0.354419 0.038567 -0.532002
    51 1.719429 -0.000011 0.000001 0.000000 -0.006613 -0.362970
    52 1.099663 -0.000006 0.000000 0.000000 -0.004223 -0.244312
    53 0.806011 -0.359840 -1.318334 1.204200 0.673617 -0.793956
    54 1.789782 0.000002 0.000000 0.000001 -0.006302 0.228555
    55 1.206999 0.000000 0.000010 0.000000 -0.009619 0.362905
  time 20
    0 -0.232825 -6.972864 36.258253 1.673055 0.291523 -0.891532
    1 0.175792 3.513101 -2.790489 1.568255 0.026041 1.518615
    2 4.018318 0.000000 0.000000 0.007922 -0.034348 -0.016593
    3 3.518536 0.000000 0.000000 0.005057 -0.027612 0.102529
    4 8.942642 0.000000 0.000000 0.002709 -0.011577 0.179403
    5 3.307270 0.000001 0.000000 3.141674 -0.006244 0.386048
    6 3.593704 -0.000004 0.000000 0.582538 -0.098715 0.794709
    7 2.000027 -3.000002 0.000000 -1.570796 0.000000 -1.326450
    8 2.033352 1.000776 -1.937610 -2.401243 0.953653 2.042268
    9 6.028144 -0.000015 -0.000002 -0.154824 0.599556 -0.913785
    10 11.692535 0.000000 0.000008 0.000000 -0.000001 -1.519750
    11 11.481688 0.000000 0.000008 -1.253242 0.766926 0.255814
    12 2.676086 -1.712452 0.000000 -1.570796 0.000000 -1.570795
    13 2.033344 1.000772 1.937660 -0.675753 -0.824265 4.876481
    14 6.028152 0.000011 0.000000 -1.639952 -0.587908 -0.585990
    15 11.692558 0.000000 -0.000004 0.000000 0.000000 -1.174502
    16 11.481682 0.000000 -0.000027 1.599028 -0.488098 0.231057
    17 2.676094 -1.712448 0.000000 1.570797 0.000000 1.570797
    18 -3.890452 0.000004 0.000007 -2.383370 -0.048873 -1.538369
    19 17.848145 0.000000 0.000000 0.000000 0.000000 0.034187
    20 16.525240 0.000000 0.000000 0.458729 0.374255 -1.117670
    21 6.879452 0.000000 0.000000 -0.210299 -0.002939 -0.584373
    22 3.890452 -0.000004 -0.000003 -2.576995 -0.184170 -0.692635
    23 17.848135 0.000000 0.000000 -0.000048 0.000012 0.595282
    24 16.525223 0.000000 0.000000 -0.131353 0.155742 -1.064775
    25 6.879442 0.000000 0.000000 -0.004818 -0.033978 -0.583592
    26 3.859718 -0.142403 -1.191975 -0.479144 0.152190 -0.879873
    27 1.312569 0.000008 0.000001 0.000000 0.009664 -0.439719
    28 0.729351 0.000001 -0.000002 0.000000 0.004970 -0.244299
    29 3.942327 0.046772 -0.431443 -0.155014 0.073328 -0.810647
    30 1.539104 0.000002 0.000000 0.000000 0.004460 -0.247796
    31 1.196320 -0.000004 0.000000 0.000000 0.007361 -0.430802
    32 3.883698 -0.046761 0.431443 0.085902 0.021830 -0.587878
    33 1.719563 0.000008 0.000000 -0.000007 0.005535 -0.366457
    34 1.209183 0.000000 0.000000 0.000003 0.003062 -0.216420
    35 3.859863 -0.137962 1.332467 0.354449 -0.042750 -0.531717
    36 1.719431 0.000008 0.000001 0.000005 0.004050 -0.363023
    37 1.099670 0.000002 0.000003 -0.000007 0.002609 -0.244321
    38 0.806047 -0.348927 1.321259 -1.206854 -0.679488 -0.789307
    39 1.789791 0.000004 0.000008 0.000000 0.007386 0.228523
    40 1.207014 0.000002 -0.000006 -0.000003 0.011265 0.362844
    41 3.859665 -0.132576 1.193108 0.479139 -0.158529 -0.879052
    42 1.312565 0.000002 -0.000001 0.000007 -0.011938 -0.439655
    43 0.729362 0.000006 0.000000 0.000000 -0.006134 -0.244270
    44 3.942287 0.050316 0.431043 0.154999 -0.079305 -0.810205
    45 1.539101 0.000004 0.000000 0.000000 -0.005854 -0.247771
    46 1.196342 0.000000 0.000000 -0.000005 -0.009652 -0.430774
    47 3.883656 -0.050339 -0.431043 -0.085903 -0.026418 -0.587683
    48 1.719563 -0.000008 0.000000 -0.000006 -0.007945 -0.366462
    49 1.209179 -0.000002 0.000000 0.000000 -0.004485 -0.216364
    50 3.859818 -0.148941 -1.331282 -0.354419 0.038567 -0.532002
    51 1.719429 -0.000011 0.000001 0.000000 -0.006613 -0.362970
    52 1.099663 -0.000006 0.000000 0.000000 -0.004223 -0.244312
    53 0.806011 -0.359840 -1.318334 1.204200 0.673617 -0.793956
    54 1.789782 0.000002 0.000000 0.000001 -0.006302 0.228555
    55 1.206999 0.000000 0.000010 0.000000 -0.009619 0.362905
  time 21
    0 -0.248450 -7.195527 36.277785 1.678025 0.312006 -0.656249
    1 0.097664 3.696700 -2.556107 1.569957 -0.042421 1.542692
    2 4.018318 0.000000 0.000000 0.003967 -0.017809 0.001986
    3 3.518536 0.000000 0.000000 0.002565 -0.014082 0.109552
    4 8.942642 0.000000 0.000000 0.001414 -0.005753 0.167622
    5 3.307270 0.000001 0.000000 3.141662 -0.003080 0.373417
    6 3.593704 -0.000004 0.000000 0.378407 -0.043930 0.800875
    7 2.000027 -3.000002 0.000000 -1.570796 0.000000 -1.326450
    8 2.033352 1.000776 -1.937610 -2.036193 1.118616 2.382265
    9 6.028144 -0.000015 -0.000002 -0.175775 0.604121 -0.902816
    10 11.692535 0.000000 0.000008 0.000000 -0.000001 -1.504273
    11 11.481688 0.000000 0.000008 -1.263308 0.720310 0.264849
    12 2.676086 -1.712452 0.000000 -1.570796 0.000000 -1.570795
    13 2.033344 1.000772 1.937660 -1.058296 -1.150618 5.230352
    14 6.028152 0.000011 0.000000 -1.694207 -0.354113 -0.503503
    15 11.692558 0.000000 -0.000004 0.000000 0.000000 -1.309788
    16 11.481682 0.000000 -0.000027 1.546731 -0.487327 0.314118
    17 2.676094 -1.712448 0.000000 1.570797 0.000000 1.570797
    18 -3.890452 0.000004 0.000007 -2.238529 0.037253 -1.497041
    19 17.848145 0.000000 0.000000 0.000000 0.000000 0.034187
    20 16.525240 0.000000 0.000000 0.479525 0.460437 -1.132246
    21 6.879452 0.000000 0.000000 -0.210299 -0.002963 -0.584373
    22 3.890452 -0.000004 -0.000003 -2.362674 -0.344912 -0.697697
    23 17.848135 0.000000 0.000000 -0.000048 0.000012 0.614566
    24 16.525223 0.000000 0.000000 -0.136243 0.127650 -1.062633
    25 6.879442 0.000000 0.000000 -0.004818 -0.033978 -0.583592
    26 3.859718 -0.142403 -1.191975 -0.479144 0.152190 -0.879873
    27 1.312569 0.000008 0.000001 0.000000 0.009664 -0.439719
    28 0.729351 0.000001 -0.000002 0.000000 0.004970 -0.244299
    29 3.942327 0.046772 -0.431443 -0.155014 0.073328 -0.810647
    30 1.539104 0.000002 0.000000 0.000000 0.004460 -0.247796
    31 1.196320 -0.000004 0.000000 0.000000 0.007361 -0.430802
    32 3.883698 -0.046761 0.431443 0.085902 0.021818 -0.587878
    33 1.719563 0.000008 0.000000 -0.000007 0.005535 -0.366457
    34 1.209183 0.000000 0.000000 0.000003 0.003062 -0.216420
    35 3.859863 -0.137962 1.332467 0.354449 -0.042750 -0.531717
    36 1.719431 0.000008 0.000001 0.000005 0.004050 -0.363023
    37 1.099670 0.000002 0.000003 -0.000007 0.002609 -0.244321
    38 0.806047 -0.348927 1.321259 -1.206854 -0.679488 -0.789307
    39 1.789791 0.000004 0.000008 0.000000 0.007386 0.228523
    40 1.207014 0.000002 -0.000006 -0.000003 0.011265 0.362844
    41 3.859665 -0.132576 1.193108 0.479139 -0.158529 -0.879052
    42 1.312565 0.000002 -0.000001 0.000007 -0.011938 -0.439655
    43 0.729362 0.000006 0.000000 0.000000 -0.006134 -0.244270
    44 3.942287 0.050316 0.431043 0.154999 -0.079305 -0.810205
    45 1.539101 0.000004 0.000000 0.000000 -0.005854 -0.247771
    46 1.196342 0.000000 0.000000 -0.000005 -0.009652 -0.430774
    47 3.883656 -0.050339 -0.431043 -0.085903 -0.026418 -0.587683
    48 1.719563 -0.000008 0.000000 -0.000006 -0.007945 -0.366462
    49 1.209179 -0.000002 0.000000 0.000000 -0.004485 -0.216364
    50 3.859818 -0.148941 -1.331282 -0.354419 0.038567 -0.532002
    51 1.719429 -0.000011 0.000001 0.000000 -0.006613 -0.362970
    52 1.099663 -0.000006 0.000000 0.000000 -0.004223 -0.244312
    53 0.806011 -0.359840 -1.318334 1.204200 0.673617 -0.793956
    54 1.789782 0.000002 0.000000 0.000001 -0.006302 0.228555
    55 1.206999 0.000000 0.000010 0.000000 -0.009619 0.362905
  time 22
    0 -0.256263 -7.371314 36.285598 1.684192 0.320357 -0.421061
    1 -0.003901 3.852955 -2.333444 1.570820 -0.105216 1.572078
    2 4.018318 0.000000 0.000000 -0.000168 0.000755 0.017824
    3 3.518536 0.000000 0.000000 -0.000108 0.000587 0.114670
    4 8.942642 0.000000 0.000000 -0.000060 0.000228 0.157123
    5 3.307270 0.000001 0.000000 3.141590 0.000120 0.362475
    6 3.593704 -0.000004 0.000000 0.177935 0.016646 0.798746
    7 2.000027 -3.000002 0.000000 -1.570796 0.000000 -1.326450
    8 2.033352 1.000776 -1.937610 -1.448210 1.188057 2.941243
    9 6.028144 -0.000015 -0.000002 -0.175027 0.606895 -0.873405
    10 11.692535 0.000000 0.000008 0.000000 -0.000001 -1.503471
    11 11.481688 0.000000 0.000008 -1.278319 0.673438 0.268040
    12 2.676086 -1.712452 0.000000 -1.570796 0.000000 -1.570795
    13 2.033344 1.000772 1.937660 4.182294 -1.298630 -0.047154
    14 6.028152 0.000011 0.000000 -1.707458 -0.159097 -0.407837
    15 11.692558 0.000000 -0.000004 0.000000 0.000000 -1.394738
    16 11.481682 0.000000 -0.000027 1.467928 -0.481887 0.381040
    17 2.676094 -1.712448 0.000000 1.570797 0.000000 1.570797
    18 -3.890452 0.000004 0.000007 -2.087074 0.114038 -1.444843
    19 17.848145 0.000000 0.000000 0.000000 0.000000 0.034187
    20 16.525240 0.000000 0.000000 0.501105 0.546600 -1.143540
    21 6.879452 0.000000 0.000000 -0.210299 -0.002963 -0.584373
    22 3.890452 -0.000004 -0.000003 -2.134717 -0.489074 -0.756333
    23 17.848135 0.000000 0.000000 -0.000024 0.000000 0.610293
    24 16.525223 0.000000 0.000000 -0.138759 0.107671 -1.043233
    25 6.879442 0.000000 0.000000 -0.004818 -0.033978 -0.583592
    26 3.859718 -0.142403 -1.191975 -0.479144 0.152190 -0.879873
    27 1.312569 0.000008 0.000001 0.000000 0.009664 -0.439719
    28 0.729351 0.000001 -0.000002 0.000000 0.004970 -0.244299
    29 3.942327 0.046772 -0.431443 -0.155014 0.073328 -0.810647
    30 1.539104 0.000002 0.000000 0.000000 0.004460 -0.247796
    31 1.196320 -0.000004 0.000000 0.000000 0.007361 -0.430802
    32 3.883698 -0.046761 0.431443 0.085902 0.021830 -0.587878
    33 1.719563 0.000008 0.000000 -0.000007 0.005535 -0.366457
    34 1.209183 0.000000 0.000000 0.000003 0.003062 -0.216420
    35 3.859863 -0.137962 1.332467 0.354449 -0.042750 -0.531717
    36 1.719431 0.000008 0.000001 0.000005 0.004050 -0.363023
    37 1.099670 0.000002 0.000003 -0.000007 0.002609 -0.244321
    38 0.806047 -0.348927 1.321259 -1.206854 -0.679488 -0.789307
    39 1.789791 0.000004 0.000008 0.000000 0.007386 0.228523
    40 1.207014 0.000002 -0.000006 -0.000003 0.011265 0.362844
    41 3.859665 -0.132576 1.193108 0.479139 -0.158529 -0.879052
    42 1.312565 0.000002 -0.000001 0.000007 -0.011938 -0.439655
    43 0.729362 0.000006 0.000000 0.000000 -0.006134 -0.244270
    44 3.942287 0.050316 0.431043 0.154999 -0.079305 -0.810205
    45 1.539101 0.000004 0.000000 0.000000 -0.005854 -0.247771
    46 1.196342 0.000000 0.000000 -0.000005 -0.009652 -0.430774
    47 3.883656 -0.050339 -0.431043 -0.085903 -0.026418 -0.587683
    48 1.719563 -0.000008 0.000000 -0.000006 -0.007945 -0.366462
    49 1.209179 -0.000002 0.000000 0.000000 -0.004485 -0.216364
    50 3.859818 -0.148941 -1.331282 -0.354419 0.038567 -0.532002
    51 1.719429 -0.000011 0.000001 0.000000 -0.006613 -0.362970
    52 1.099663 -0.000006 0.000000 0.000000 -0.004223 -0.244312
    53 0.806011 -0.359840 -1.318334 1.204200 0.673617 -0.793956
    54 1.789782 0.000002 0.000000 0.000001 -0.006302 0.228555
    55 1.206999 0.000000 0.000010 0.000000 -0.009619 0.362905
  time 23
    0 -0.256263 -7.527568 36.285598 1.674251 0.319945 -0.317941
    1 -0.050778 3.927176 -2.208440 1.570964 -0.138708 1.584446
    2 4.018318 0.000000 0.000000 -0.001798 0.007826 0.027447
    3 3.518536 0.000000 0.000000 -0.001163 0.005932 0.118445
    4 8.942642 0.000000 0.000000 -0.000647 0.002265 0.152977
    5 3.307270 0.000001 0.000000 3.141542 0.001198 0.357969
    6 3.593704 -0.000004 0.000000 0.089290 0.044873 0.799367
    7 2.000027 -3.000002 0.000000 -1.570796 0.000000 -1.326450
    8 2.033352 1.000776 -1.937610 -1.168117 1.169181 3.205647
    9 6.028144 -0.000015 -0.000002 -0.133593 0.597766 -0.813470
    10 11.692535 0.000000 0.000008 0.000000 -0.000001 -1.505957
    11 11.481688 0.000000 0.000008 -1.293094 0.622641 0.256551
    12 2.676086 -1.712452 0.000000 -1.570796 0.000000 -1.570795
    13 2.033344 1.000772 1.937660 3.627425 -1.229966 0.487395
    14 6.028152 0.000011 0.000000 -1.694040 -0.050739 -0.340014
    15 11.692558 0.000000 -0.000004 0.000000 0.000000 -1.445640
    16 11.481682 0.000000 -0.000027 1.397611 -0.469919 0.432117
    17 2.676094 -1.712448 0.000000 1.570797 0.000000 1.570797
    18 -3.890452 0.000004 0.000007 -2.031892 0.159810 -1.416430
    19 17.848145 0.000000 0.000000 0.000000 0.000000 0.034187
    20 16.525240 0.000000 0.000000 0.517972 0.607805 -1.142232
    21 6.879452 0.000000 0.000000 -0.210299 -0.002963 -0.584373
    22 3.890452 -0.000004 -0.000003 -2.016830 -0.534247 -0.804846
    23 17.848135 0.000000 0.000000 -0.000012 0.000000 0.605439
    24 16.525223 0.000000 0.000000 -0.139429 0.101475 -1.034663
    25 6.879442 0.000000 0.000000 -0.004818 -0.033978 -0.583592
    26 3.859718 -0.142403 -1.191975 -0.479144 0.152190 -0.879873
    27 1.312569 0.000008 0.000001 0.000000 0.009664 -0.439719
    28 0.729351 0.000001 -0.000002 0.000000 0.004970 -0.244299
    29 3.942327 0.046772 -0.431443 -0.155014 0.073328 -0.810647
    30 1.539104 0.000002 0.000000 0.000000 0.004460 -0.247796
    31 1.196320 -0.000004 0.000000 0.000000 0.007361 -0.430802
    32 3.883698 -0.046761 0.431443 0.085902 0.021818 -0.587878
    33 1.719563 0.000008 0.000000 -0.000007 0.005535 -0.366457
    34 1.209183 0.000000 0.000000 0.000003 0.003062 -0.216420
    35 3.859863 -0.137962 1.332467 0.354449 -0.042750 -0.531717
    36 1.719431 0.000008 0.000001 0.000005 0.004050 -0.363023
    37 1.099670 0.000002 0.000003 -0.000007 0.002609 -0.244321
    38 0.806047 -0.348927 1.321259 -1.206854 -0.679488 -0.789307
    39 1.789791 0.000004 0.000008 0.000000 0.007386 0.228523
    40 1.207014 0.000002 -0.000006 -0.000003 0.011265 0.362844
    41 3.859665 -0.132576 1.193108 0.479139 -0.158529 -0.879052
    42 1.312565 0.000002 -0.000001 0.000007 -0.011938 -0.439655
    43 0.729362 0.000006 0.000000 0.000000 -0.006134 -0.244270
    44 3.942287 0.050316 0.431043 0.154999 -0.079305 -0.810205
    45 1.539101 0.000004 0.000000 0.000000 -0.005854 -0.247771
    46 1.196342 0.000000 0.000000 -0.000005 -0.009652 -0.430774
    47 3.883656 -0.050339 -0.431043 -0.085903 -0.026418 -0.587683
    48 1.719563 -0.000008 0.000000 -0.000006 -0.007945 -0.366462
    49 1.209179 -0.000002 0.000000 0.000000 -0.004485 -0.216364
    50 3.859818 -0.148941 -1.331282 -0.354419 0.038567 -0.532002
    51 1.719429 -0.000011 0.000001 0.000000 -0.006613 -0.362970
    52 1.099663 -0.000006 0.000000 0.000000 -0.004211 -0.244312
    53 0.806011 -0.359840 -1.318334 1.204200 0.673617 -0.793956
    54 1.789782 0.000002 0.000000 0.000001 -0.006302 0.228555
    55 1.206999 0.000000 0.000010 0.000000 -0.009619 0.362905
  time 24
    0 -0.185948 -7.676010 36.285598 1.652529 0.314627 -0.326834
    1 -0.023433 3.950614 -2.177189 1.570856 -0.147591 1.577843
    2 4.018318 0.000000 0.000000 -0.000923 0.004015 0.034395
    3 3.518536 0.000000 0.000000 -0.000599 0.003032 0.123970
    4 8.942642 0.000000 0.000000 -0.000324 0.001151 0.156045
    5 3.307270 0.000001 0.000000 3.141566 0.000611 0.359994
    6 3.593704 -0.000004 0.000000 0.094948 0.046461 0.812695
    7 2.000027 -3.000002 0.000000 -1.570796 0.000000 -1.326450
    8 2.033352 1.000776 -1.937610 -1.185330 1.164255 3.184850
    9 6.028144 -0.000015 -0.000002 -0.063070 0.580522 -0.735173
    10 11.692535 0.000000 0.000008 0.000000 -0.000001 -1.504032
    11 11.481688 0.000000 0.000008 -1.304043 0.564399 0.233179
    12 2.676086 -1.712452 0.000000 -1.570796 0.000000 -1.570795
    13 2.033344 1.000772 1.937660 3.526096 -1.210348 0.580288
    14 6.028152 0.000011 0.000000 -1.670955 0.004100 -0.288450
    15 11.692558 0.000000 -0.000004 0.000000 0.000000 -1.485739
    16 11.481682 0.000000 -0.000027 1.338150 -0.449413 0.481250
    17 2.676094 -1.712448 0.000000 1.570797 0.000000 1.570797
    18 -3.890452 0.000004 0.000007 -2.053856 0.184777 -1.419973
    19 17.848145 0.000000 0.000000 0.000000 0.000000 0.034187
    20 16.525240 0.000000 0.000000 0.526999 0.641089 -1.132440
    21 6.879452 0.000000 0.000000 -0.210299 -0.002963 -0.584373
    22 3.890452 -0.000004 -0.000003 -2.005630 -0.514964 -0.818300
    23 17.848135 0.000000 0.000000 -0.000024 0.000000 0.614092
    24 16.525223 0.000000 0.000000 -0.139510 0.098779 -1.044621
    25 6.879442 0.000000 0.000000 -0.004818 -0.033978 -0.583592
    26 3.859718 -0.142403 -1.191975 -0.479144 0.152190 -0.879873
    27 1.312569 0.000008 0.000001 0.000000 0.009664 -0.439719
    28 0.729351 0.000001 -0.000002 0.000000 0.004970 -0.244299
    29 3.942327 0.046772 -0.431443 -0.155014 0.073328 -0.810647
    30 1.539104 0.000002 0.000000 0.000000 0.004460 -0.247796
    31 1.196320 -0.000004 0.000000 0.000000 0.007361 -0.430802
    32 3.883698 -0.046761 0.431443 0.085902 0.021818 -0.587878
    33 1.719563 0.000008 0.000000 -0.000007 0.005535 -0.366457
    34 1.209183 0.000000 0.000000 0.000003 0.003062 -0.216420
    35 3.859863 -0.137962 1.332467 0.354449 -0.042750 -0.531717
    36 1.719431 0.000008 0.000001 0.000005 0.004050 -0.363023
    37 1.099670 0.000002 0.000003 -0.000007 0.002609 -0.244321
    38 0.806047 -0.348927 1.321259 -1.206854 -0.679488 -0.789307
    39 1.789791 0.000004 0.000008 0.000000 0.007386 0.228523
    40 1.207014 0.000002 -0.000006 -0.000003 0.011265 0.362844
    41 3.859665 -0.132576 1.193108 0.479139 -0.158529 -0.879052
    42 1.312565 0.000002 -0.000001 0.000007 -0.011938 -0.439655
    43 0.729362 0.000006 0.000000 0.000000 -0.006134 -0.244270
    44 3.942287 0.050316 0.431043 0.154999 -0.079305 -0.810205
    45 1.539101 0.000004 0.000000 0.000000 -0.005854 -0.247771
    46 1.196342 0.000000 0.000000 -0.000005 -0.009652 -0.430774
    47 3.883656 -0.050339 -0.431043 -0.085903 -0.026418 -0.587683
    48 1.719563 -0.000008 0.000000 -0.000006 -0.007945 -0.366462
    49 1.209179 -0.000002 0.000000 0.000000 -0.004485 -0.216364
    50 3.859818 -0.148941 -1.331282 -0.354419 0.038567 -0.532002
    51 1.719429 -0.000011 0.000001 0.000000 -0.006613 -0.362970
    52 1.099663 -0.000006 0.000000 0.000000 -0.004223 -0.244312
    53 0.806011 -0.359840 -1.318334 1.204200 0.673617 -0.793956
    54 1.789782 0.000002 0.000000 0.000001 -0.006302 0.228555
    55 1.206999 0.000000 0.000010 0.000000 -0.009619 0.362905
  time 25
    0 0.005464 -7.824453 36.281691 1.633753 0.305715 -0.344336
    1 0.000005 3.946708 -2.177189 1.570796 -0.146936 1.570724
    2 4.018318 0.000000 0.000000 0.000000 -0.000036 0.042471
    3 3.518536 0.000000 0.000000 0.000000 -0.000024 0.132395
    4 8.942642 0.000000 0.000000 0.000000 0.000000 0.163823
    5 3.307270 0.000001 0.000000 3.141590 0.000000 0.365998
    6 3.593704 -0.000004 0.000000 0.108692 0.050623 0.835382
    7 2.000027 -3.000002 0.000000 -1.570796 0.000000 -1.326450
    8 2.033352 1.000776 -1.937610 -1.215152 1.162909 3.148730
    9 6.028144 -0.000015 -0.000002 0.016618 0.564024 -0.654730
    10 11.692535 0.000000 0.000008 0.000000 -0.000001 -1.498338
    11 11.481688 0.000000 0.000008 -1.314168 0.498895 0.203474
    12 2.676086 -1.712452 0.000000 -1.570796 0.000000 -1.570795
    13 2.033344 1.000772 1.937660 3.421418 -1.203402 0.670809
    14 6.028152 0.000011 0.000000 -1.636368 0.045051 -0.223188
    15 11.692558 0.000000 -0.000004 0.000000 0.000000 -1.515772
    16 11.481682 0.000000 -0.000027 1.277367 -0.418178 0.529325
    17 2.676094 -1.712448 0.000000 1.570797 0.000000 1.570797
    18 -3.890452 0.000004 0.000007 -2.062791 0.203460 -1.432234
    19 17.848145 0.000000 0.000000 0.000000 0.000000 0.034187
    20 16.525240 0.000000 0.000000 0.528494 0.655190 -1.124262
    21 6.879452 0.000000 0.000000 -0.210299 -0.002963 -0.584373
    22 3.890452 -0.000004 -0.000003 -2.002551 -0.496689 -0.833965
    23 17.848135 0.000000 0.000000 -0.000036 0.000000 0.626543
    24 16.525223 0.000000 0.000000 -0.139226 0.091672 -1.057396
    25 6.879442 0.000000 0.000000 -0.004818 -0.033978 -0.583592
    26 3.859718 -0.142403 -1.191975 -0.479144 0.152190 -0.879873
    27 1.312569 0.000008 0.000001 0.000000 0.009664 -0.439719
    28 0.729351 0.000001 -0.000002 0.000000 0.004970 -0.244299
    29 3.942327 0.046772 -0.431443 -0.155014 0.073328 -0.810647
    30 1.539104 0.000002 0.000000 0.000000 0.004460 -0.247796
    31 1.196320 -0.000004 0.000000 0.000000 0.007361 -0.430802
    32 3.883698 -0.046761 0.431443 0.085902 0.021818 -0.587878
    33 1.719563 0.000008 0.000000 -0.000007 0.005535 -0.366457
    34 1.209183 0.000000 0.000000 0.000003 0.003062 -0.216420
    35 3.859863 -0.137962 1.332467 0.354449 -0.042750 -0.531717
    36 1.719431 0.000008 0.000001 0.000005 0.004050 -0.363023
    37 1.099670 0.000002 0.000003 -0.000007 0.002609 -0.244321
    38 0.806047 -0.348927 1.321259 -1.206854 -0.679488 -0.789307
    39 1.789791 0.000004 0.000008 0.000000 0.007386 0.228523
    40 1.207014 0.000002 -0.000006 -0.000003 0.011265 0.362844
    41 3.859665 -0.132576 1.193108 0.479139 -0.158529 -0.879052
    42 1.312565 0.000002 -0.000001 0.000007 -0.011938 -0.439655
    43 0.729362 0.000006 0.000000 0.000000 -0.006134 -0.244270
    44 3.942287 0.050316 0.431043 0.154999 -0.079305 -0.810205
    45 1.539101 0.000004 0.000000 0.000000 -0.005854 -0.247771
    46 1.196342 0.000000 0.000000 -0.000005 -0.009652 -0.430774
    47 3.883656 -0.050339 -0.431043 -0.085903 -0.026418 -0.587683
    48 1.719563 -0.000008 0.000000 -0.000006 -0.007945 -0.366462
    49 1.209179 -0.000002 0.000000 0.000000 -0.004485 -0.216364
    50 3.859818 -0.148941 -1.331282 -0.354419 0.038567 -0.532002
    51 1.719429 -0.000011 0.000001 0.000000 -0.006613 -0.362970
    52 1.099663 -0.000006 0.000000 0.000000 -0.004223 -0.244312
    53 0.806011 -0.359840 -1.318334 1.204200 0.673617 -0.793956
    54 1.789782 0.000002 0.000000 0.000001 -0.006302 0.228555
    55 1.206999 0.000000 0.000010 0.000000 -0.009619 0.362905
  time 26
    0 0.294535 -7.976801 36.277785 1.617829 0.293769 -0.368555
    1 0.027350 3.931082 -2.208440 1.570748 -0.138839 1.563378
    2 4.018318 0.000000 0.000000 0.000995 -0.004302 0.051197
    3 3.518536 0.000000 0.000000 0.000635 -0.003284 0.142869
    4 8.942642 0.000000 0.000000 0.000348 -0.001258 0.175016
    5 3.307270 0.000001 0.000000 3.141614 -0.000671 0.374879
    6 3.593704 -0.000004 0.000000 0.128893 0.056654 0.865144
    7 2.000027 -3.000002 0.000000 -1.570796 0.000000 -1.326450
    8 2.033352 1.000776 -1.937610 -1.255836 1.164193 3.099748
    9 6.028144 -0.000015 -0.000002 0.103603 0.545826 -0.577149
    10 11.692535 0.000000 0.000008 0.000000 -0.000001 -1.486630
    11 11.481688 0.000000 0.000008 -1.325235 0.426239 0.168023
    12 2.676086 -1.712452 0.000000 -1.570796 0.000000 -1.570795
    13 2.033344 1.000772 1.937660 3.309086 -1.205629 0.763977
    14 6.028152 0.000011 0.000000 -1.591281 0.072168 -0.147235
    15 11.692558 0.000000 -0.000004 0.000000 0.000000 -1.537207
    16 11.481682 0.000000 -0.000027 1.215867 -0.376765 0.574129
    17 2.676094 -1.712448 0.000000 1.570797 0.000000 1.570797
    18 -3.890452 0.000004 0.000007 -2.055402 0.216292 -1.451835
    19 17.848145 0.000000 0.000000 0.000000 0.000000 0.034187
    20 16.525240 0.000000 0.000000 0.520061 0.648702 -1.119255
    21 6.879452 0.000000 0.000000 -0.210299 -0.002963 -0.584373
    22 3.890452 -0.000004 -0.000003 -2.006645 -0.479358 -0.851494
    23 17.848135 0.000000 0.000000 -0.000048 0.000000 0.641263
    24 16.525223 0.000000 0.000000 -0.138292 0.081257 -1.071995
    25 6.879442 0.000000 0.000000 -0.004818 -0.033978 -0.583592
    26 3.859718 -0.142403 -1.191975 -0.479144 0.152190 -0.879873
    27 1.312569 0.000008 0.000001 0.000000 0.009664 -0.439719
    28 0.729351 0.000001 -0.000002 0.000000 0.004970 -0.244299
    29 3.942327 0.046772 -0.431443 -0.155014 0.073328 -0.810647
    30 1.539104 0.000002 0.000000 0.000000 0.004460 -0.247796
    31 1.196320 -0.000004 0.000000 0.000000 0.007361 -0.430802
    32 3.883698 -0.046761 0.431443 0.085902 0.021818 -0.587878
    33 1.719563 0.000008 0.000000 -0.000007 0.005535 -0.366457
    34 1.209183 0.000000 0.000000 0.000003 0.003062 -0.216420
    35 3.859863 -0.137962 1.332467 0.354449 -0.042750 -0.531717
    36 1.719431 0.000008 0.000001 0.000005 0.004050 -0.363023
    37 1.099670 0.000002 0.000003 -0.000007 0.002609 -0.244321
    38 0.806047 -0.348927 1.321259 -1.206854 -0.679488 -0.789307
    39 1.789791 0.000004 0.000008 0.000000 0.007386 0.228523
    40 1.207014 0.000002 -0.000006 -0.000003 0.011265 0.362844
    41 3.859665 -0.132576 1.193108 0.479139 -0.158529 -0.879052
    42 1.312565 0.000002 -0.000001 0.000007 -0.011938 -0.439655
    43 0.729362 0.000006 0.000000 0.000000 -0.006134 -0.244270
    44 3.942287 0.050316 0.431043 0.154999 -0.079305 -0.810205
    45 1.539101 0.000004 0.000000 0.000000 -0.005854 -0.247771
    46 1.196342 0.000000 0.000000 -0.000005 -0.009652 -0.430774
    47 3.883656 -0.050339 -0.431043 -0.085903 -0.026418 -0.587683
    48 1.719563 -0.000008 0.000000 -0.000006 -0.007945 -0.366462
    49 1.209179 -0.000002 0.000000 0.000000 -0.004485 -0.216364
    50 3.859818 -0.148941 -1.331282 -0.354419 0.038567 -0.532002
    51 1.719429 -0.000011 0.000001 0.000000 -0.006613 -0.362970
    52 1.099663 -0.000006 0.000000 0.000000 -0.004223 -0.244312
    53 0.806011 -0.359840 -1.318334 1.204200 0.673617 -0.793956
    54 1.789782 0.000002 0.000000 0.000001 -0.006302 0.228555
    55 1.206999 0.000000 0.000010 0.000000 -0.009619 0.362905
  time 27
    0 0.657828 -8.136962 36.273879 1.604944 0.279502 -0.397598
    1 0.050788 3.899832 -2.259223 1.570712 -0.125543 1.556115
    2 4.018318 0.000000 0.000000 0.002001 -0.008689 0.059992
    3 3.518536 0.000000 0.000000 0.001270 -0.006687 0.154458
    4 8.942642 0.000000 0.000000 0.000719 -0.002613 0.188367
    5 3.307270 0.000001 0.000000 3.141638 -0.001390 0.385545
    6 3.593704 -0.000004 0.000000 0.153860 0.063852 0.899652
    7 2.000027 -3.000002 0.000000 -1.570796 0.000000 -1.326450
    8 2.033352 1.000776 -1.937610 -1.306001 1.167028 3.040163
    9 6.028144 -0.000015 -0.000002 0.195357 0.524674 -0.506404
    10 11.692535 0.000000 0.000008 0.000000 -0.000001 -1.467624
    11 11.481688 0.000000 0.000008 -1.338480 0.347202 0.128547
    12 2.676086 -1.712452 0.000000 -1.570796 0.000000 -1.570795
    13 2.033344 1.000772 1.937660 3.186898 -1.213900 0.862984
    14 6.028152 0.000011 0.000000 -1.536859 0.085369 -0.063931
    15 11.692558 0.000000 -0.000004 0.000000 0.000000 -1.551403
    16 11.481682 0.000000 -0.000027 1.154037 -0.325946 0.613494
    17 2.676094 -1.712448 0.000000 1.570797 0.000000 1.570797
    18 -3.890452 0.000004 0.000007 -2.028341 0.224377 -1.477681
    19 17.848145 0.000000 0.000000 0.000000 0.000000 0.034187
    20 16.525240 0.000000 0.000000 0.499936 0.620275 -1.118894
    21 6.879452 0.000000 0.000000 -0.210299 -0.002963 -0.584373
    22 3.890452 -0.000004 -0.000003 -2.016966 -0.463163 -0.870329
    23 17.848135 0.000000 0.000000 -0.000072 0.000000 0.657197
    24 16.525223 0.000000 0.000000 -0.136629 0.068578 -1.087864
    25 6.879442 0.000000 0.000000 -0.004818 -0.033978 -0.583592
    26 3.859718 -0.142403 -1.191975 -0.479144 0.152190 -0.879873
    27 1.312569 0.000008 0.000001 0.000000 0.009664 -0.439719
    28 0.729351 0.000001 -0.000002 0.000000 0.004970 -0.244299
    29 3.942327 0.046772 -0.431443 -0.155014 0.073328 -0.810647
    30 1.539104 0.000002 0.000000 0.000000 0.004460 -0.247796
    31 1.196320 -0.000004 0.000000 0.000000 0.007361 -0.430802
    32 3.883698 -0.046761 0.431443 0.085902 0.021818 -0.587878
    33 1.719563 0.000008 0.000000 -0.000007 0.005535 -0.366457
    34 1.209183 0.000000 0.000000 0.000003 0.003062 -0.216420
    35 3.859863 -0.137962 1.332467 0.354449 -0.042750 -0.531717
    36 1.719431 0.000008 0.000001 0.000005 0.004050 -0.363023
    37 1.099670 0.000002 0.000003 -0.000007 0.002609 -0.244321
    38 0.806047 -0.348927 1.321259 -1.206854 -0.679488 -0.789307
    39 1.789791 0.000004 0.000008 0.000000 0.007386 0.228523
    40 1.207014 0.000002 -0.000006 -0.000003 0.011265 0.362844
    41 3.859665 -0.132576 1.193108 0.479139 -0.158529 -0.879052
    42 1.312565 0.000002 -0.000001 0.000007 -0.011938 -0.439655
    43 0.729362 0.000006 0.000000 0.000000 -0.006134 -0.244270
    44 3.942287 0.050316 0.431043 0.154999 -0.079305 -0.810205
    45 1.539101 0.000004 0.000000 0.000000 -0.005854 -0.247771
    46 1.196342 0.000000 0.000000 -0.000005 -0.009652 -0.430774
    47 3.883656 -0.050339 -0.431043 -0.085903 -0.026418 -0.587683
    48 1.719563 -0.000008 0.000000 -0.000006 -0.007945 -0.366462
    49 1.209179 -0.000002 0.000000 0.000000 -0.004485 -0.216364
    50 3.859818 -0.148941 -1.331282 -0.354419 0.038567 -0.532002
    51 1.719429 -0.000011 0.000001 0.000000 -0.006613 -0.362970
    52 1.099663 -0.000006 0.000000 0.000000 -0.004223 -0.244312
    53 0.806011 -0.359840 -1.318334 1.204200 0.673617 -0.793956
    54 1.789782 0.000002 0.000000 0.000001 -0.006302 0.228555
    55 1.206999 0.000000 0.000010 0.000000 -0.009619 0.362905
  time 28
    0 1.071903 -8.301030 36.269972 1.594727 0.263737 -0.429764
    1 0.078132 3.860768 -2.317818 1.570676 -0.109162 1.549224
    2 4.018318 0.000000 0.000000 0.003008 -0.013039 0.068392
    3 3.518536 0.000000 0.000000 0.001882 -0.010139 0.166335
    4 8.942642 0.000000 0.000000 0.001067 -0.004027 0.202701
    5 3.307270 0.000001 0.000000 3.141650 -0.002157 0.397026
    6 3.593704 -0.000004 0.000000 0.182055 0.071652 0.936865
    7 2.000027 -3.000002 0.000000 -1.570796 0.000000 -1.326450
    8 2.033352 1.000776 -1.937610 -1.364541 1.170361 2.971480
    9 6.028144 -0.000015 -0.000002 0.289449 0.500509 -0.446071
    10 11.692535 0.000000 0.000008 0.000000 -0.000001 -1.441320
    11 11.481688 0.000000 0.000008 -1.354668 0.263360 0.087401
    12 2.676086 -1.712452 0.000000 -1.570796 0.000000 -1.570795
    13 2.033344 1.000772 1.937660 3.054280 -1.225327 0.969292
    14 6.028152 0.000011 0.000000 -1.474936 0.084681 0.023159
    15 11.692558 0.000000 -0.000004 0.000000 0.000000 -1.559547
    16 11.481682 0.000000 -0.000027 1.091986 -0.266685 0.645356
    17 2.676094 -1.712448 0.000000 1.570797 0.000000 1.570797
    18 -3.890452 0.000004 0.000007 -1.978544 0.228049 -1.508045
    19 17.848145 0.000000 0.000000 0.000000 0.000000 0.034187
    20 16.525240 0.000000 0.000000 0.467297 0.568971 -1.122371
    21 6.879452 0.000000 0.000000 -0.210299 -0.002963 -0.584373
    22 3.890452 -0.000004 -0.000003 -2.032192 -0.448041 -0.889990
    23 17.848135 0.000000 0.000000 -0.000084 0.000000 0.672814
    24 16.525223 0.000000 0.000000 -0.134194 0.054628 -1.103971
    25 6.879442 0.000000 0.000000 -0.004818 -0.033978 -0.583592
    26 3.859718 -0.142403 -1.191975 -0.479144 0.152190 -0.879873
    27 1.312569 0.000008 0.000001 0.000000 0.009664 -0.439719
    28 0.729351 0.000001 -0.000002 0.000000 0.004970 -0.244299
    29 3.942327 0.046772 -0.431443 -0.155014 0.073328 -0.810647
    30 1.539104 0.000002 0.000000 0.000000 0.004460 -0.247796
    31 1.196320 -0.000004 0.000000 0.000000 0.007361 -0.430802
    32 3.883698 -0.046761 0.431443 0.085902 0.021818 -0.587878
    33 1.719563 0.000008 0.000000 -0.000007 0.005535 -0.366457
    34 1.209183 0.000000 0.000000 0.000003 0.003062 -0.216420
    35 3.859863 -0.137962 1.332467 0.354449 -0.042750 -0.531717
    36 1.719431 0.000008 0.000001 0.000005 0.004050 -0.363023
    37 1.099670 0.000002 0.000003 -0.000007 0.002609 -0.244321
    38 0.806047 -0.348927 1.321259 -1.206854 -0.679488 -0.789307
    39 1.789791 0.000004 0.000008 0.000000 0.007386 0.228523
    40 1.207014 0.000002 -0.000006 -0.000003 0.011265 0.362844
    41 3.859665 -0.132576 1.193108 0.479139 -0.158529 -0.879052
    42 1.312565 0.000002 -0.000001 0.000007 -0.011938 -0.439655
    43 0.729362 0.000006 0.000000 0.000000 -0.006134 -0.244270
    44 3.942287 0.050316 0.431043 0.154999 -0.079305 -0.810205
    45 1.539101 0.000004 0.000000 0.000000 -0.005854 -0.247771
    46 1.196342 0.000000 0.000000 -0.000005 -0.009652 -0.430774
    47 3.883656 -0.050339 -0.431043 -0.085903 -0.026418 -0.587683
    48 1.719563 -0.000008 0.000000 -0.000006 -0.007945 -0.366462
    49 1.209179 -0.000002 0.000000 0.000000 -0.004473 -0.216364
    50 3.859818 -0.148941 -1.331282 -0.354419 0.038567 -0.532002
    51 1.719429 -0.000011 0.000001 0.000000 -0.006613 -0.362970
    52 1.099663 -0.000006 0.000000 0.000000 -0.004211 -0.244312
    53 0.806011 -0.359840 -1.318334 1.204200 0.673617 -0.793956
    54 1.789782 0.000002 0.000000 0.000001 -0.006302 0.228555
    55 1.206999 0.000000 0.000010 0.000000 -0.009619 0.362905
  time 29
    0 1.505510 -8.476816 36.266066 1.587272 0.247335 -0.463065
    1 0.097664 3.821704 -2.380320 1.570652 -0.091565 1.542860
    2 4.018318 0.000000 0.000000 0.003991 -0.017246 0.076115
    3 3.518536 0.000000 0.000000 0.002469 -0.013531 0.177828
    4 8.942642 0.000000 0.000000 0.001414 -0.005441 0.217046
    5 3.307270 0.000001 0.000000 3.141650 -0.002924 0.408496
    6 3.593704 -0.000004 0.000000 0.211818 0.079453 0.974810
    7 2.000027 -3.000002 0.000000 -1.570796 0.000000 -1.326450
    8 2.033352 1.000776 -1.937610 -1.431182 1.173196 2.894313
    9 6.028144 -0.000015 -0.000002 0.383167 0.473748 -0.397742
    10 11.692535 0.000000 0.000008 0.000000 -0.000001 -1.409162
    11 11.481688 0.000000 0.000008 -1.373976 0.177354 0.047532
    12 2.676086 -1.712452 0.000000 -1.570796 0.000000 -1.570795
    13 2.033344 1.000772 1.937660 2.913338 -1.237257 1.082169
    14 6.028152 0.000011 0.000000 -1.408263 0.070820 0.110287
    15 11.692558 0.000000 -0.000004 0.000000 0.000000 -1.562771
    16 11.481682 0.000000 -0.000027 1.029880 -0.200373 0.667893
    17 2.676094 -1.712448 0.000000 1.570797 0.000000 1.570797
    18 -3.890452 0.000004 0.000007 -1.904376 0.227686 -1.540923
    19 17.848145 0.000000 0.000000 0.000000 0.000000 0.034187
    20 16.525240 0.000000 0.000000 0.422467 0.495484 -1.127266
    21 6.879452 0.000000 0.000000 -0.210299 -0.002963 -0.584373
    22 3.890452 -0.000004 -0.000003 -2.051073 -0.434207 -0.909758
    23 17.848135 0.000000 0.000000 -0.000096 0.000000 0.687613
    24 16.525223 0.000000 0.000000 -0.131029 0.040318 -1.119999
    25 6.879442 0.000000 0.000000 -0.004818 -0.033978 -0.583592
    26 3.859718 -0.142403 -1.191975 -0.479144 0.152190 -0.879873
    27 1.312569 0.000008 0.000001 0.000000 0.009664 -0.439719
    28 0.729351 0.000001 -0.000002 0.000000 0.004970 -0.244299
    29 3.942327 0.046772 -0.431443 -0.155014 0.073328 -0.810647
    30 1.539104 0.000002 0.000000 0.000000 0.004460 -0.247796
    31 1.196320 -0.000004 0.000000 0.000000 0.007361 -0.430802
    32 3.883698 -0.046761 0.431443 0.085902 0.021818 -0.587878
    33 1.719563 0.000008 0.000000 -0.000007 0.005535 -0.366457
    34 1.209183 0.000000 0.000000 0.000003 0.003062 -0.216420
    35 3.859863 -0.137962 1.332467 0.354449 -0.042750 -0.531717
    36 1.719431 0.000008 0.000001 0.000005 0.004050 -0.363023
    37 1.099670 0.000002 0.000003 -0.000007 0.002609 -0.244321
    38 0.806047 -0.348927 1.321259 -1.206854 -0.679488 -0.789307
    39 1.789791 0.000004 0.000008 0.000000 0.007386 0.228523
    40 1.207014 0.000002 -0.000006 -0.000003 0.011265 0.362844
    41 3.859665 -0.132576 1.193108 0.479139 -0.158529 -0.879052
    42 1.312565 0.000002 -0.000001 0.000007 -0.011938 -0.439655
    43 0.729362 0.000006 0.000000 0.000000 -0.006134 -0.244270
    44 3.942287 0.050316 0.431043 0.154999 -0.079305 -0.810205
    45 1.539101 0.000004 0.000000 0.000000 -0.005854 -0.247771
    46 1.196342 0.000000 0.000000 -0.000005 -0.009652 -0.430774
    47 3.883656 -0.050339 -0.431043 -0.085903 -0.026418 -0.587683
    48 1.719563 -0.000008 0.000000 -0.000006 -0.007945 -0.366462
    49 1.209179 -0.000002 0.000000 0.000000 -0.004485 -0.216364
    50 3.859818 -0.148941 -1.331282 -0.354419 0.038567 -0.532002
    51 1.719429 -0.000011 0.000001 0.000000 -0.006613 -0.362970
    52 1.099663 -0.000006 0.000000 0.000000 -0.004223 -0.244312
    53 0.806011 -0.359840 -1.318334 1.204200 0.673617 -0.793956
    54 1.789782 0.000002 0.000000 0.000001 -0.006302 0.228555
    55 1.206999 0.000000 0.000010 0.000000 -0.009619 0.362905
  time 30
    0 1.943023 -8.664322 36.262160 1.582117 0.231196 -0.495988
    1 0.117196 3.778734 -2.442822 1.570616 -0.074323 1.537131
    2 4.018318 0.000000 0.000000 0.004926 -0.021189 0.082982
    3 3.518536 0.000000 0.000000 0.003008 -0.016766 0.188447
    4 8.942642 0.000000 0.000000 0.001726 -0.006819 0.230613
    5 3.307270 0.000001 0.000000 3.141650 -0.003679 0.419318
    6 3.593704 -0.000004 0.000000 0.241612 0.086670 1.011846
    7 2.000027 -3.000002 0.000000 -1.570796 0.000000 -1.326450
    8 2.033352 1.000776 -1.937610 -1.506751 1.174604 2.807706
    9 6.028144 -0.000015 -0.000002 0.473799 0.444421 -0.361256
    10 11.692535 0.000000 0.000008 0.000000 -0.000001 -1.373957
    11 11.481688 0.000000 0.000008 -1.396169 0.092925 0.011689
    12 2.676086 -1.712452 0.000000 -1.570796 0.000000 -1.570795
    13 2.033344 1.000772 1.937660 2.769335 -1.247596 1.197419
    14 6.028152 0.000011 0.000000 -1.339507 0.045326 0.193368
    15 11.692558 0.000000 -0.000004 0.000000 0.000000 -1.562262
    16 11.481682 0.000000 -0.000027 0.967939 -0.128841 0.679678
    17 2.676094 -1.712448 0.000000 1.570797 0.000000 1.570797
    18 -3.890452 0.000004 0.000007 -1.804952 0.137497 -1.553331
    19 17.848145 0.000000 0.000000 0.000024 0.000000 0.219881
    20 16.525240 0.000000 0.000000 0.367729 0.404539 -1.226685
    21 6.879452 0.000000 0.000000 -0.210299 -0.002963 -0.584373
    22 3.890452 -0.000004 -0.000003 -2.072119 -0.421787 -0.928912
    23 17.848135 0.000000 0.000000 -0.000120 0.000000 0.701147
    24 16.525223 0.000000 0.000000 -0.127234 0.026524 -1.135591
    25 6.879442 0.000000 0.000000 -0.004818 -0.033978 -0.583592
    26 3.859718 -0.142403 -1.191975 -0.479144 0.152190 -0.879873
    27 1.312569 0.000008 0.000001 0.000000 0.009664 -0.439719
    28 0.729351 0.000001 -0.000002 0.000000 0.004970 -0.244299
    29 3.942327 0.046772 -0.431443 -0.155014 0.073328 -0.810647
    30 1.539104 0.000002 0.000000 0.000000 0.004460 -0.247796
    31 1.196320 -0.000004 0.000000 0.000000 0.007361 -0.430802
    32 3.883698 -0.046761 0.431443 0.085902 0.021818 -0.587878
    33 1.719563 0.000008 0.000000 -0.000007 0.005535 -0.366457
    34 1.209183 0.000000 0.000000 0.000003 0.003062 -0.216420
    35 3.859863 -0.137962 1.332467 0.354449 -0.042750 -0.531717
    36 1.719431 0.000008 0.000001 0.000005 0.004050 -0.363023
    37 1.099670 0.000002 0.000003 -0.000007 0.002609 -0.244321
    38 0.806047 -0.348927 1.321259 -1.206854 -0.679488 -0.789307
    39 1.789791 0.000004 0.000008 0.000000 0.007386 0.228523
    40 1.207014 0.000002 -0.000006 -0.000003 0.011265 0.362844
    41 3.859665 -0.132576 1.193108 0.479139 -0.158529 -0.879052
    42 1.312565 0.000002 -0.000001 0.000007 -0.011938 -0.439655
    43 0.729362 0.000006 0.000000 0.000000 -0.006134 -0.244270
    44 3.942287 0.050316 0.431043 0.154999 -0.079305 -0.810205
    45 1.539101 0.000004 0.000000 0.000000 -0.005854 -0.247771
    46 1.196342 0.000000 0.000000 -0.000005 -0.009652 -0.430774
    47 3.883656 -0.050339 -0.431043 -0.085903 -0.026418 -0.587683
    48 1.719563 -0.000008 0.000000 -0.000006 -0.007945 -0.366462
    49 1.209179 -0.000002 0.000000 0.000000 -0.004485 -0.216364
    50 3.859818 -0.148941 -1.331282 -0.354419 0.038567 -0.532002
    51 1.719429 -0.000011 0.000001 0.000000 -0.006613 -0.362970
    52 1.099663 -0.000006 0.000000 0.000000 -0.004223 -0.244312
    53 0.806011 -0.359840 -1.318334 1.204200 0.673617 -0.793956
    54 1.789782 0.000002 0.000000 0.000001 -0.006302 0.228555
    55 1.206999 0.000000 0.000010 0.000000 -0.009619 0.362905
  time 31
    0 2.357098 -8.863547 36.254347 1.578988 0.216142 -0.526829
    1 0.136728 3.739670 -2.497511 1.570592 -0.058709 1.532062
    2 4.018318 0.000000 0.000000 0.005789 -0.024760 0.088913
    3 3.518536 0.000000 0.000000 0.003500 -0.019739 0.197843
    4 8.942642 0.000000 0.000000 0.002001 -0.008114 0.242753
    5 3.307270 0.000001 0.000000 3.141638 -0.004374 0.428989
    6 3.593704 -0.000004 0.000000 0.269777 0.092762 1.046442
    7 2.000027 -3.000002 0.000000 -1.570796 0.000000 -1.326450
    8 2.033352 1.000776 -1.937610 -1.593457 1.173569 2.708991
    9 6.028144 -0.000015 -0.000002 0.558726 0.410441 -0.334469
    10 11.692535 0.000000 0.000008 0.000000 -0.000001 -1.340676
    11 11.481688 0.000000 0.000008 -1.420716 0.014547 -0.017428
    12 2.676086 -1.712452 0.000000 -1.570796 0.000000 -1.570795
    13 2.033344 1.000772 1.937660 2.631455 -1.255152 1.307559
    14 6.028152 0.000011 0.000000 -1.271334 0.010536 0.268393
    15 11.692558 0.000000 -0.000004 0.000000 0.000000 -1.558982
    16 11.481682 0.000000 -0.000027 0.906770 -0.054403 0.679850
    17 2.676094 -1.712448 0.000000 1.570797 0.000000 1.570797
    18 -3.890452 0.000004 0.000007 -1.697310 0.066828 -1.587292
    19 17.848145 0.000000 0.000000 0.000024 -0.000012 0.353813
    20 16.525240 0.000000 0.000000 0.306916 0.306112 -1.294030
    21 6.879452 0.000000 0.000000 -0.210299 -0.002963 -0.584373
    22 3.890452 -0.000004 -0.000003 -2.093707 -0.410827 -0.946708
    23 17.848135 0.000000 0.000000 -0.000132 0.000000 0.713282
    24 16.525223 0.000000 0.000000 -0.122973 0.014096 -1.150666
    25 6.879442 0.000000 0.000000 -0.004818 -0.033978 -0.583592
    26 3.859718 -0.142403 -1.191975 -0.479144 0.152190 -0.879873
    27 1.312569 0.000008 0.000001 0.000000 0.009664 -0.439719
    28 0.729351 0.000001 -0.000002 0.000000 0.004970 -0.244299
    29 3.942327 0.046772 -0.431443 -0.155014 0.073328 -0.810647
    30 1.539104 0.000002 0.000000 0.000000 0.004460 -0.247796
    31 1.196320 -0.000004 0.000000 0.000000 0.007361 -0.430802
    32 3.883698 -0.046761 0.431443 0.085902 0.021818 -0.587878
    33 1.719563 0.000008 0.000000 -0.000007 0.005535 -0.366457
    34 1.209183 0.000000 0.000000 0.000003 0.003062 -0.216420
    35 3.859863 -0.137962 1.332467 0.354449 -0.042750 -0.531717
    36 1.719431 0.000008 0.000001 0.000005 0.004050 -0.363023
    37 1.099670 0.000002 0.000003 -0.000007 0.002609 -0.244321
    38 0.806047 -0.348927 1.321259 -1.206854 -0.679488 -0.789307
    39 1.789791 0.000004 0.000008 0.000000 0.007386 0.228523
    40 1.207014 0.000002 -0.000006 -0.000003 0.011265 0.362844
    41 3.859665 -0.132576 1.193108 0.479139 -0.158529 -0.879052
    42 1.312565 0.000002 -0.000001 0.000007 -0.011938 -0.439655
    43 0.729362 0.000006 0.000000 0.000000 -0.006134 -0.244270
    44 3.942287 0.050316 0.431043 0.154999 -0.079305 -0.810205
    45 1.539101 0.000004 0.000000 0.000000 -0.005854 -0.247771
    46 1.196342 0.000000 0.000000 -0.000005 -0.009652 -0.430774
    47 3.883656 -0.050339 -0.431043 -0.085903 -0.026418 -0.587683
    48 1.719563 -0.000008 0.000000 -0.000006 -0.007945 -0.366462
    49 1.209179 -0.000002 0.000000 0.000000 -0.004485 -0.216364
    50 3.859818 -0.148941 -1.331282 -0.354419 0.038567 -0.532002
    51 1.719429 -0.000011 0.000001 0.000000 -0.006613 -0.362970
    52 1.099663 -0.000006 0.000000 0.000000 -0.004223 -0.244312
    53 0.806011 -0.359840 -1.318334 1.204200 0.673617 -0.793956
    54 1.789782 0.000002 0.000000 0.000001 -0.006302 0.228555
    55 1.206999 0.000000 0.000010 0.000000 -0.009619 0.362905
  time 32
    0 2.720391 -9.082303 36.250440 1.577239 0.203073 -0.553791
    1 0.148447 3.704513 -2.544388 1.570568 -0.045787 1.527663
    2 4.018318 0.000000 0.000000 0.006568 -0.027912 0.093934
    3 3.518536 0.000000 0.000000 0.003943 -0.022387 0.205776
    4 8.942642 0.000000 0.000000 0.002253 -0.009276 0.252976
    5 3.307270 0.000001 0.000000 3.141638 -0.005010 0.437103
    6 3.593704 -0.000004 0.000000 0.294590 0.097225 1.077202
    7 2.000027 -3.000002 0.000000 -1.570796 0.000000 -1.326450
    8 2.033352 1.000776 -1.937610 -1.694983 1.168725 2.593310
    9 6.028144 -0.000015 -0.000002 0.635328 0.366914 -0.315073
    10 11.692535 0.000000 0.000008 0.000000 -0.000001 -1.315174
    11 11.481688 0.000000 0.000008 -1.446970 -0.052901 -0.037853
    12 2.676086 -1.712452 0.000000 -1.570796 0.000000 -1.570795
    13 2.033344 1.000772 1.937660 2.511563 -1.259977 1.402004
    14 6.028152 0.000011 0.000000 -1.206161 -0.030305 0.331650
    15 11.692558 0.000000 -0.000004 0.000000 0.000000 -1.553948
    16 11.481682 0.000000 -0.000027 0.847089 0.020379 0.668532
    17 2.676094 -1.712448 0.000000 1.570797 0.000000 1.570797
    18 -3.890452 0.000004 0.000007 -1.590526 0.009005 -1.632632
    19 17.848145 0.000000 0.000000 0.000000 0.000000 0.460760
    20 16.525240 0.000000 0.000000 0.244683 0.213855 -1.340457
    21 6.879452 0.000000 0.000000 -0.210299 -0.002963 -0.584373
    22 3.890452 -0.000004 -0.000003 -2.114313 -0.401260 -0.962400
    23 17.848135 0.000000 0.000000 -0.000132 0.000000 0.724071
    24 16.525223 0.000000 0.000000 -0.118429 0.003813 -1.165147
    25 6.879442 0.000000 0.000000 -0.004818 -0.033978 -0.583592
    26 3.859718 -0.142403 -1.191975 -0.479144 0.152190 -0.879873
    27 1.312569 0.000008 0.000001 0.000000 0.009664 -0.439719
    28 0.729351 0.000001 -0.000002 0.000000 0.004970 -0.244299
    29 3.942327 0.046772 -0.431443 -0.155014 0.073328 -0.810647
    30 1.539104 0.000002 0.000000 0.000000 0.004460 -0.247796
    31 1.196320 -0.000004 0.000000 0.000000 0.007361 -0.430802
    32 3.883698 -0.046761 0.431443 0.085902 0.021818 -0.587878
    33 1.719563 0.000008 0.000000 -0.000007 0.005535 -0.366457
    34 1.209183 0.000000 0.000000 0.000003 0.003062 -0.216420
    35 3.859863 -0.137962 1.332467 0.354449 -0.042750 -0.531717
    36 1.719431 0.000008 0.000001 0.000005 0.004050 -0.363023
    37 1.099670 0.000002 0.000003 -0.000007 0.002609 -0.244321
    38 0.806047 -0.348927 1.321259 -1.206854 -0.679488 -0.789307
    39 1.789791 0.000004 0.000008 0.000000 0.007386 0.228523
    40 1.207014 0.000002 -0.000006 -0.000003 0.011265 0.362844
    41 3.859665 -0.132576 1.193108 0.479139 -0.158529 -0.879052
    42 1.312565 0.000002 -0.000001 0.000007 -0.011938 -0.439655
    43 0.729362 0.000006 0.000000 0.000000 -0.006134 -0.244270
    44 3.942287 0.050316 0.431043 0.154999 -0.079305 -0.810205
    45 1.539101 0.000004 0.000000 0.000000 -0.005854 -0.247771
    46 1.196342 0.000000 0.000000 -0.000005 -0.009652 -0.430774
    47 3.883656 -0.050339 -0.431043 -0.085903 -0.026418 -0.587683
    48 1.719563 -0.000008 0.000000 -0.000006 -0.007945 -0.366462
    49 1.209179 -0.000002 0.000000 0.000000 -0.004485 -0.216364
    50 3.859818 -0.148941 -1.331282 -0.354419 0.038567 -0.532002
    51 1.719429 -0.000011 0.000001 0.000000 -0.006613 -0.362970
    52 1.099663 -0.000006 0.000000 0.000000 -0.004223 -0.244312
    53 0.806011 -0.359840 -1.318334 1.204200 0.673617 -0.793956
    54 1.789782 0.000002 0.000000 0.000001 -0.006302 0.228555
    55 1.206999 0.000000 0.000010 0.000000 -0.009619 0.362905
  time 33
    0 3.009462 -9.316686 36.246534 1.576319 0.192776 -0.575456
    1 0.160166 3.681075 -2.575639 1.570568 -0.036474 1.523888
    2 4.018318 0.000000 0.000000 0.007251 -0.030621 0.098087
    3 3.518536 0.000000 0.000000 0.004314 -0.024652 0.212092
    4 8.942642 0.000000 0.000000 0.002469 -0.010271 0.260898
    5 3.307270 0.000001 0.000000 3.141626 -0.005561 0.443335
    6 3.593704 -0.000004 0.000000 0.314330 0.099598 1.102817
    7 2.000027 -3.000002 0.000000 -1.570796 0.000000 -1.326450
    8 2.033352 1.000776 -1.937610 -1.815930 1.157921 2.454780
    9 6.028144 -0.000015 -0.000002 0.700519 0.305815 -0.301401
    10 11.692535 0.000000 0.000008 0.000000 -0.000001 -1.303947
    11 11.481688 0.000000 0.000008 -1.474637 -0.104688 -0.048410
    12 2.676086 -1.712452 0.000000 -1.570796 0.000000 -1.570795
    13 2.033344 1.000772 1.937660 2.422864 -1.263185 1.469439
    14 6.028152 0.000011 0.000000 -1.145322 -0.073483 0.379576
    15 11.692558 0.000000 -0.000004 0.000000 0.000000 -1.548066
    16 11.481682 0.000000 -0.000027 0.789832 0.092806 0.646930
    17 2.676094 -1.712448 0.000000 1.570797 0.000000 1.570797
    18 -3.890452 0.000004 0.000007 -1.495512 -0.040104 -1.681020
    19 17.848145 0.000000 0.000000 0.000000 0.000000 0.556587
    20 16.525240 0.000000 0.000000 0.185844 0.141006 -1.374700
    21 6.879452 0.000000 0.000000 -0.210299 -0.002963 -0.584373
    22 3.890452 -0.000004 -0.000003 -2.132247 -0.392852 -0.975187
    23 17.848135 0.000000 0.000000 -0.000132 0.000000 0.733700
    24 16.525223 0.000000 0.000000 -0.113802 -0.003510 -1.179191
    25 6.879442 0.000000 0.000000 -0.004818 -0.033978 -0.583592
    26 3.859718 -0.142403 -1.191975 -0.479144 0.152190 -0.879873
    27 1.312569 0.000008 0.000001 0.000000 0.009664 -0.439719
    28 0.729351 0.000001 -0.000002 0.000000 0.004970 -0.244299
    29 3.942327 0.046772 -0.431443 -0.155014 0.073328 -0.810647
    30 1.539104 0.000002 0.000000 0.000000 0.004460 -0.247796
    31 1.196320 -0.000004 0.000000 0.000000 0.007361 -0.430802
    32 3.883698 -0.046761 0.431443 0.085902 0.021818 -0.587878
    33 1.719563 0.000008 0.000000 -0.000007 0.005535 -0.366457
    34 1.209183 0.000000 0.000000 0.000003 0.003062 -0.216420
    35 3.859863 -0.137962 1.332467 0.354449 -0.042750 -0.531717
    36 1.719431 0.000008 0.000001 0.000005 0.004050 -0.363023
    37 1.099670 0.000002 0.000003 -0.000007 0.002609 -0.244321
    38 0.806047 -0.348927 1.321259 -1.206854 -0.679488 -0.789307
    39 1.789791 0.000004 0.000008 0.000000 0.007386 0.228523
    40 1.207014 0.000002 -0.000006 -0.000003 0.011265 0.362844
    41 3.859665 -0.132576 1.193108 0.479139 -0.158529 -0.879052
    42 1.312565 0.000002 -0.000001 0.000007 -0.011938 -0.439655
    43 0.729362 0.000006 0.000000 0.000000 -0.006134 -0.244270
    44 3.942287 0.050316 0.431043 0.154999 -0.079305 -0.810205
    45 1.539101 0.000004 0.000000 0.000000 -0.005854 -0.247771
    46 1.196342 0.000000 0.000000 -0.000005 -0.009652 -0.430774
    47 3.883656 -0.050339 -0.431043 -0.085903 -0.026418 -0.587683
    48 1.719563 -0.000008 0.000000 -0.000006 -0.007945 -0.366462
    49 1.209179 -0.000002 0.000000 0.000000 -0.004485 -0.216364
    50 3.859818 -0.148941 -1.331282 -0.354419 0.038567 -0.532002
    51 1.719429 -0.000011 0.000001 0.000000 -0.006613 -0.362970
    52 1.099663 -0.000006 0.000000 0.000000 -0.004211 -0.244312
    53 0.806011 -0.359840 -1.318334 1.204200 0.673617 -0.793956
    54 1.789782 0.000002 0.000000 0.000001 -0.006302 0.228555
    55 1.206999 0.000000 0.000010 0.000000 -0.009619 0.362905
  time 34
    0 3.200874 -9.570600 36.246534 1.575674 0.185998 -0.590025
    1 0.171885 3.669356 -2.595170 1.570568 -0.031556 1.520712
    2 4.018318 0.000000 0.000000 0.007826 -0.032838 0.101426
    3 3.518536 0.000000 0.000000 0.004638 -0.026498 0.216634
    4 8.942642 0.000000 0.000000 0.002649 -0.011074 0.266135
    5 3.307270 0.000001 0.000000 3.141614 -0.005992 0.447410
    6 3.593704 -0.000004 0.000000 0.327367 0.099457 1.121956
    7 2.000027 -3.000002 0.000000 -1.570796 0.000000 -1.326450
    8 2.033352 1.000776 -1.937610 -1.957219 1.137658 2.290322
    9 6.028144 -0.000015 -0.000002 0.751026 0.217835 -0.294009
    10 11.692535 0.000000 0.000008 0.000000 -0.000001 -1.312127
    11 11.481688 0.000000 0.000008 -1.503952 -0.136559 -0.049392
    12 2.676086 -1.712452 0.000000 -1.570796 0.000000 -1.570795
    13 2.033344 1.000772 1.937660 2.378085 -1.266313 1.498822
    14 6.028152 0.000011 0.000000 -1.089567 -0.115258 0.409237
    15 11.692558 0.000000 -0.000004 0.000000 0.000000 -1.542241
    16 11.481682 0.000000 -0.000027 0.736103 0.160399 0.617357
    17 2.676094 -1.712448 0.000000 1.570797 0.000000 1.570797
    18 -3.890452 0.000004 0.000007 -1.420944 -0.081492 -1.725410
    19 17.848145 0.000000 0.000000 0.000000 0.000000 0.647144
    20 16.525240 0.000000 0.000000 0.134920 0.097315 -1.401822
    21 6.879452 0.000000 0.000000 -0.210299 -0.002963 -0.584373
    22 3.890452 -0.000004 -0.000003 -2.145951 -0.385345 -0.984272
    23 17.848135 0.000000 0.000000 -0.000144 0.000000 0.742458
    24 16.525223 0.000000 0.000000 -0.109298 -0.007105 -1.192798
    25 6.879442 0.000000 0.000000 -0.004818 -0.033978 -0.583592
    26 3.859718 -0.142403 -1.191975 -0.479144 0.152190 -0.879873
    27 1.312569 0.000008 0.000001 0.000000 0.009664 -0.439719
    28 0.729351 0.000001 -0.000002 0.000000 0.004970 -0.244299
    29 3.942327 0.046772 -0.431443 -0.155014 0.073328 -0.810647
    30 1.539104 0.000002 0.000000 0.000000 0.004460 -0.247796
    31 1.196320 -0.000004 0.000000 0.000000 0.007361 -0.430802
    32 3.883698 -0.046761 0.431443 0.085902 0.021818 -0.587878
    33 1.719563 0.000008 0.000000 -0.000007 0.005535 -0.366457
    34 1.209183 0.000000 0.000000 0.000003 0.003062 -0.216420
    35 3.859863 -0.137962 1.332467 0.354449 -0.042750 -0.531717
    36 1.719431 0.000008 0.000001 0.000005 0.004050 -0.363023
    37 1.099670 0.000002 0.000003 -0.000007 0.002609 -0.244321
    38 0.806047 -0.348927 1.321259 -1.206854 -0.679488 -0.789307
    39 1.789791 0.000004 0.000008 0.000000 0.007386 0.228523
    40 1.207014 0.000002 -0.000006 -0.000003 0.011265 0.362844
    41 3.859665 -0.132576 1.193108 0.479139 -0.158529 -0.879052
    42 1.312565 0.000002 -0.000001 0.000007 -0.011938 -0.439655
    43 0.729362 0.000006 0.000000 0.000000 -0.006134 -0.244270
    44 3.942287 0.050316 0.431043 0.154999 -0.079305 -0.810205
    45 1.539101 0.000004 0.000000 0.000000 -0.005854 -0.247771
    46 1.196342 0.000000 0.000000 -0.000005 -0.009652 -0.430774
    47 3.883656 -0.050339 -0.431043 -0.085903 -0.026418 -0.587683
    48 1.719563 -0.000008 0.000000 -0.000006 -0.007945 -0.366462
    49 1.209179 -0.000002 0.000000 0.000000 -0.004485 -0.216364
    50 3.859818 -0.148941 -1.331282 -0.354419 0.038567 -0.532002
    51 1.719429 -0.000011 0.000001 0.000000 -0.006613 -0.362970
    52 1.099663 -0.000006 0.000000 0.000000 -0.004223 -0.244312
    53 0.806011 -0.359840 -1.318334 1.204200 0.673617 -0.793956
    54 1.789782 0.000002 0.000000 0.000001 -0.006302 0.228555
    55 1.206999 0.000000 0.000010 0.000000 -0.009619 0.362905
  time 35
    0 3.271189 -9.851858 36.246534 1.574754 0.183451 -0.595891
    1 0.179698 3.669356 -2.591264 1.570592 -0.032023 1.518124
    2 4.018318 0.000000 0.000000 0.008269 -0.034528 0.103950
    3 3.518536 0.000000 0.000000 0.004890 -0.027864 0.219211
    4 8.942642 0.000000 0.000000 0.002792 -0.011637 0.268281
    5 3.307270 0.000001 0.000000 3.141626 -0.006304 0.448968
    6 3.593704 -0.000004 0.000000 0.331979 0.096421 1.133266
    7 2.000027 -3.000002 0.000000 -1.570796 0.000000 -1.326450
    8 2.033352 1.000776 -1.937610 -2.110750 1.103879 2.106436
    9 6.028144 -0.000015 -0.000002 0.783294 0.096979 -0.295916
    10 11.692535 0.000000 0.000008 0.000000 -0.000001 -1.340435
    11 11.481688 0.000000 0.000008 -1.535563 -0.144922 -0.043794
    12 2.676086 -1.712452 0.000000 -1.570796 0.000000 -1.570795
    13 2.033344 1.000772 1.937660 2.390236 -1.270263 1.478655
    14 6.028152 0.000011 0.000000 -1.038728 -0.152359 0.417850
    15 11.692558 0.000000 -0.000004 0.000000 0.000000 -1.536868
    16 11.481682 0.000000 -0.000027 0.687002 0.221010 0.582814
    17 2.676094 -1.712448 0.000000 1.570797 0.000000 1.570797
    18 -3.890452 0.000004 0.000007 -1.373437 -0.115534 -1.759064
    19 17.848145 0.000000 0.000000 0.000000 0.000000 0.734197
    20 16.525240 0.000000 0.000000 0.096722 0.089420 -1.424855
    21 6.879452 0.000000 0.000000 -0.210299 -0.002963 -0.584373
    22 3.890452 -0.000004 -0.000003 -2.153902 -0.378567 -0.988721
    23 17.848135 0.000000 0.000000 -0.000132 0.000000 0.750742
    24 16.525223 0.000000 0.000000 -0.105139 -0.006146 -1.206208
    25 6.879442 0.000000 0.000000 -0.004818 -0.033978 -0.583592
    26 3.859718 -0.142403 -1.191975 -0.479144 0.152190 -0.879873
    27 1.312569 0.000008 0.000001 0.000000 0.009664 -0.439719
    28 0.729351 0.000001 -0.000002 0.000000 0.004970 -0.244299
    29 3.942327 0.046772 -0.431443 -0.155014 0.073328 -0.810647
    30 1.539104 0.000002 0.000000 0.000000 0.004460 -0.247796
    31 1.196320 -0.000004 0.000000 0.000000 0.007361 -0.430802
    32 3.883698 -0.046761 0.431443 0.085902 0.021818 -0.587878
    33 1.719563 0.000008 0.000000 -0.000007 0.005535 -0.366457
    34 1.209183 0.000000 0.000000 0.000003 0.003062 -0.216420
    35 3.859863 -0.137962 1.332467 0.354449 -0.042750 -0.531717
    36 1.719431 0.000008 0.000001 0.000005 0.004050 -0.363023
    37 1.099670 0.000002 0.000003 -0.000007 0.002609 -0.244321
    38 0.806047 -0.348927 1.321259 -1.206854 -0.679488 -0.789307
    39 1.789791 0.000004 0.000008 0.000000 0.007386 0.228523
    40 1.207014 0.000002 -0.000006 -0.000003 0.011265 0.362844
    41 3.859665 -0.132576 1.193108 0.479139 -0.158529 -0.879052
    42 1.312565 0.000002 -0.000001 0.000007 -0.011938 -0.439655
    43 0.729362 0.000006 0.000000 0.000000 -0.006134 -0.244270
    44 3.942287 0.050316 0.431043 0.154999 -0.079305 -0.810205
    45 1.539101 0.000004 0.000000 0.000000 -0.005854 -0.247771
    46 1.196342 0.000000 0.000000 -0.000005 -0.009652 -0.430774
    47 3.883656 -0.050339 -0.431043 -0.085903 -0.026418 -0.587683
    48 1.719563 -0.000008 0.000000 -0.000006 -0.007945 -0.366462
    49 1.209179 -0.000002 0.000000 0.000000 -0.004485 -0.216364
    50 3.859818 -0.148941 -1.331282 -0.354419 0.038567 -0.532002
    51 1.719429 -0.000011 0.000001 0.000000 -0.006613 -0.362970
    52 1.099663 -0.000006 0.000000 0.000000 -0.004223 -0.244312
    53 0.806011 -0.359840 -1.318334 1.204200 0.673617 -0.793956
    54 1.789782 0.000002 0.000000 0.000001 -0.006302 0.228555
    55 1.206999 0.000000 0.000010 0.000000 -0.009619 0.362905
  time 36
    0 3.267282 -10.156555 36.316849 1.572637 0.185623 -0.596553
    1 0.187511 3.700607 -2.548294 1.570652 -0.044646 1.516542
    2 4.018318 0.000000 0.000000 0.008437 -0.035151 0.103529
    3 3.518536 0.000000 0.000000 0.005022 -0.028248 0.216119
    4 8.942642 0.000000 0.000000 0.002876 -0.011721 0.262372
    5 3.307270 0.000001 0.000000 3.141638 -0.006340 0.444090
    6 3.593704 -0.000004 0.000000 0.332501 0.092059 1.129740
    7 2.000027 -3.000002 0.000000 -1.570796 0.000000 -1.326450
    8 2.033352 1.000776 -1.937610 -2.245688 1.048677 1.944168
    9 6.028144 -0.000015 -0.000002 0.780395 -0.033931 -0.300527
    10 11.692535 0.000000 0.000008 0.000000 -0.000001 -1.385505
    11 11.481688 0.000000 0.000008 -1.557343 -0.109566 -0.037804
    12 2.676086 -1.712452 0.000000 -1.570796 0.000000 -1.570795
    13 2.033344 1.000772 1.937660 2.426213 -1.277607 1.444162
    14 6.028152 0.000011 0.000000 -0.993307 -0.184564 0.403446
    15 11.692558 0.000000 -0.000004 0.000000 0.000000 -1.533814
    16 11.481682 0.000000 -0.000027 0.651678 0.271167 0.550681
    17 2.676094 -1.712448 0.000000 1.570797 0.000000 1.570797
    18 -3.890452 0.000004 0.000007 -1.179256 -0.130489 -1.849729
    19 17.848145 0.000000 0.000000 0.000000 0.000012 0.812724
    20 16.525240 0.000000 0.000000 -0.020095 -0.036215 -1.431419
    21 6.879452 0.000000 0.000000 -0.210299 -0.002963 -0.584373
    22 3.890452 -0.000004 -0.000003 -2.156609 -0.366898 -0.991998
    23 17.848135 0.000000 0.000000 -0.000132 0.000000 0.748763
    24 16.525223 0.000000 0.000000 -0.101101 -0.002743 -1.215015
    25 6.879442 0.000000 0.000000 -0.004818 -0.033978 -0.583592
    26 3.859718 -0.142403 -1.191975 -0.479144 0.152190 -0.879873
    27 1.312569 0.000008 0.000001 0.000000 0.009664 -0.439719
    28 0.729351 0.000001 -0.000002 0.000000 0.004970 -0.244299
    29 3.942327 0.046772 -0.431443 -0.155014 0.073328 -0.810647
    30 1.539104 0.000002 0.000000 0.000000 0.004460 -0.247796
    31 1.196320 -0.000004 0.000000 0.000000 0.007361 -0.430802
    32 3.883698 -0.046761 0.431443 0.085902 0.021818 -0.587878
    33 1.719563 0.000008 0.000000 -0.000007 0.005535 -0.366457
    34 1.209183 0.000000 0.000000 0.000003 0.003062 -0.216420
    35 3.859863 -0.137962 1.332467 0.354449 -0.042750 -0.531717
    36 1.719431 0.000008 0.000001 0.000005 0.004050 -0.363023
    37 1.099670 0.000002 0.000003 -0.000007 0.002609 -0.244321
    38 0.806047 -0.348927 1.321259 -1.206854 -0.679488 -0.789307
    39 1.789791 0.000004 0.000008 0.000000 0.007386 0.228523
    40 1.207014 0.000002 -0.000006 -0.000003 0.011265 0.362844
    41 3.859665 -0.132576 1.193108 0.479139 -0.158529 -0.879052
    42 1.312565 0.000002 -0.000001 0.000007 -0.011938 -0.439655
    43 0.729362 0.000006 0.000000 0.000000 -0.006134 -0.244270
    44 3.942287 0.050316 0.431043 0.154999 -0.079305 -0.810205
    45 1.539101 0.000004 0.000000 0.000000 -0.005854 -0.247771
    46 1.196342 0.000000 0.000000 -0.000005 -0.009652 -0.430774
    47 3.883656 -0.050339 -0.431043 -0.085903 -0.026418 -0.587683
    48 1.719563 -0.000008 0.000000 -0.000006 -0.007945 -0.366462
    49 1.209179 -0.000002 0.000000 0.000000 -0.004485 -0.216364
    50 3.859818 -0.148941 -1.331282 -0.354419 0.038567 -0.532002
    51 1.719429 -0.000011 0.000001 0.000000 -0.006613 -0.362970
    52 1.099663 -0.000006 0.000000 0.000000 -0.004223 -0.244312
    53 0.806011 -0.359840 -1.318334 1.204200 0.673617 -0.793956
    54 1.789782 0.000002 0.000000 0.000001 -0.006302 0.228555
    55 1.206999 0.000000 0.000010 0.000000 -0.009619 0.362905
  time 37
    0 3.263376 -10.512035 36.527793 1.569231 0.191802 -0.596837
    1 0.195323 3.770921 -2.446728 1.570724 -0.073070 1.516002
    2 4.018318 0.000000 0.000000 0.008293 -0.034540 0.098969
    3 3.518536 0.000000 0.000000 0.005010 -0.027421 0.205417
    4 8.942642 0.000000 0.000000 0.002864 -0.011182 0.245929
    5 3.307270 0.000001 0.000000 3.141686 -0.006040 0.430811
    6 3.593704 -0.000004 0.000000 0.334592 0.088178 1.108538
    7 2.000027 -3.000002 0.000000 -1.570796 0.000000 -1.326450
    8 2.033352 1.000776 -1.937610 -2.334695 0.976213 1.840732
    9 6.028144 -0.000015 -0.000002 0.735126 -0.141540 -0.304263
    10 11.692535 0.000000 0.000008 0.000000 -0.000001 -1.436589
    11 11.481688 0.000000 0.000008 -1.564289 -0.021726 -0.034809
    12 2.676086 -1.712452 0.000000 -1.570796 0.000000 -1.570795
    13 2.033344 1.000772 1.937660 2.448316 -1.290836 1.431205
    14 6.028152 0.000011 0.000000 -0.949137 -0.215311 0.369701
    15 11.692558 0.000000 -0.000004 0.000000 0.000000 -1.533644
    16 11.481682 0.000000 -0.000027 0.632831 0.308655 0.527652
    17 2.676094 -1.712448 0.000000 1.570797 0.000000 1.570797
    18 -3.890452 0.000004 0.000007 -0.949109 -0.125756 -1.958218
    19 17.848145 0.000000 0.000000 0.000000 0.000000 0.874778
    20 16.525240 0.000000 0.000000 -0.177314 -0.174788 -1.393532
    21 6.879452 0.000000 0.000000 -0.210299 -0.002963 -0.584373
    22 3.890452 -0.000004 -0.000003 -2.155966 -0.345298 -0.998418
    23 17.848135 0.000000 0.000000 -0.000132 0.000000 0.727975
    24 16.525223 0.000000 0.000000 -0.096779 0.000469 -1.215848
    25 6.879442 0.000000 0.000000 -0.004818 -0.033978 -0.583592
    26 3.859718 -0.142403 -1.191975 -0.479144 0.152190 -0.879873
    27 1.312569 0.000008 0.000001 0.000000 0.009664 -0.439719
    28 0.729351 0.000001 -0.000002 0.000000 0.004970 -0.244299
    29 3.942327 0.046772 -0.431443 -0.155014 0.073328 -0.810647
    30 1.539104 0.000002 0.000000 0.000000 0.004460 -0.247796
    31 1.196320 -0.000004 0.000000 0.000000 0.007361 -0.430802
    32 3.883698 -0.046761 0.431443 0.085902 0.021818 -0.587878
    33 1.719563 0.000008 0.000000 -0.000007 0.005535 -0.366457
    34 1.209183 0.000000 0.000000 0.000003 0.003062 -0.216420
    35 3.859863 -0.137962 1.332467 0.354449 -0.042750 -0.531717
    36 1.719431 0.000008 0.000001 0.000005 0.004050 -0.363023
    37 1.099670 0.000002 0.000003 -0.000007 0.002609 -0.244321
    38 0.806047 -0.348927 1.321259 -1.206854 -0.679488 -0.789307
    39 1.789791 0.000004 0.000008 0.000000 0.007386 0.228523
    40 1.207014 0.000002 -0.000006 -0.000003 0.011265 0.362844
    41 3.859665 -0.132576 1.193108 0.479139 -0.158529 -0.879052
    42 1.312565 0.000002 -0.000001 0.000007 -0.011938 -0.439655
    43 0.729362 0.000006 0.000000 0.000000 -0.006134 -0.244270
    44 3.942287 0.050316 0.431043 0.154999 -0.079305 -0.810205
    45 1.539101 0.000004 0.000000 0.000000 -0.005854 -0.247771
    46 1.196342 0.000000 0.000000 -0.000005 -0.009652 -0.430774
    47 3.883656 -0.050339 -0.431043 -0.085903 -0.026418 -0.587683
    48 1.719563 -0.000008 0.000000 -0.000006 -0.007945 -0.366462
    49 1.209179 -0.000002 0.000000 0.000000 -0.004485 -0.216364
    50 3.859818 -0.148941 -1.331282 -0.354419 0.038567 -0.532002
    51 1.719429 -0.000011 0.000001 0.000000 -0.006613 -0.362970
    52 1.099663 -0.000006 0.000000 0.000000 -0.004223 -0.244312
    53 0.806011 -0.359840 -1.318334 1.204200 0.673617 -0.793956
    54 1.789782 0.000002 0.000000 0.000001 -0.006302 0.228555
    55 1.206999 0.000000 0.000010 0.000000 -0.009619 0.362905
  time 38
    0 3.255563 -10.933922 36.859834 1.564537 0.201239 -0.596931
    1 0.199230 3.868581 -2.298286 1.570844 -0.113949 1.516026
    2 4.018318 0.000000 0.000000 0.007994 -0.033065 0.091478
    3 3.518536 0.000000 0.000000 0.004926 -0.025767 0.189238
    4 8.942642 0.000000 0.000000 0.002804 -0.010235 0.221948
    5 3.307270 0.000001 0.000000 3.141746 -0.005501 0.411396
    6 3.593704 -0.000004 0.000000 0.338743 0.084881 1.073853
    7 2.000027 -3.000002 0.000000 -1.570796 0.000000 -1.326450
    8 2.033352 1.000776 -1.937610 -2.381638 0.902715 1.790040
    9 6.028144 -0.000015 -0.000002 0.662639 -0.210784 -0.320638
    10 11.692535 0.000000 0.000008 0.000000 -0.000001 -1.477087
    11 11.481688 0.000000 0.000008 -1.569411 0.102240 -0.034662
    12 2.676086 -1.712452 0.000000 -1.570796 0.000000 -1.570795
    13 2.033344 1.000772 1.937660 2.462095 -1.309977 1.431205
    14 6.028152 0.000011 0.000000 -0.900799 -0.247983 0.320885
    15 11.692558 0.000000 -0.000004 0.000000 0.000000 -1.533531
    16 11.481682 0.000000 -0.000027 0.622912 0.333238 0.514268
    17 2.676094 -1.712448 0.000000 1.570797 0.000000 1.570797
    18 -3.890452 0.000004 0.000007 -0.841610 -0.141423 -2.012008
    19 17.848145 0.000000 0.000000 0.000000 0.000000 0.917546
    20 16.525240 0.000000 0.000000 -0.283340 -0.187971 -1.338288
    21 6.879452 0.000000 0.000000 -0.210299 -0.002963 -0.584373
    22 3.890452 -0.000004 -0.000003 -2.152752 -0.313596 -1.008595
    23 17.848135 0.000000 0.000000 -0.000144 0.000012 0.688695
    24 16.525223 0.000000 0.000000 -0.092194 0.003537 -1.209501
    25 6.879442 0.000000 0.000000 -0.004818 -0.033978 -0.583592
    26 3.859718 -0.142403 -1.191975 -0.479144 0.152190 -0.879873
    27 1.312569 0.000008 0.000001 0.000000 0.009664 -0.439719
    28 0.729351 0.000001 -0.000002 0.000000 0.004970 -0.244299
    29 3.942327 0.046772 -0.431443 -0.155014 0.073328 -0.810647
    30 1.539104 0.000002 0.000000 0.000000 0.004460 -0.247796
    31 1.196320 -0.000004 0.000000 0.000000 0.007361 -0.430802
    32 3.883698 -0.046761 0.431443 0.085902 0.021818 -0.587878
    33 1.719563 0.000008 0.000000 -0.000007 0.005535 -0.366457
    34 1.209183 0.000000 0.000000 0.000003 0.003062 -0.216420
    35 3.859863 -0.137962 1.332467 0.354449 -0.042750 -0.531717
    36 1.719431 0.000008 0.000001 0.000005 0.004050 -0.363023
    37 1.099670 0.000002 0.000003 -0.000007 0.002609 -0.244321
    38 0.806047 -0.348927 1.321259 -1.206854 -0.679488 -0.789307
    39 1.789791 0.000004 0.000008 0.000000 0.007386 0.228523
    40 1.207014 0.000002 -0.000006 -0.000003 0.011265 0.362844
    41 3.859665 -0.132576 1.193108 0.479139 -0.158529 -0.879052
    42 1.312565 0.000002 -0.000001 0.000007 -0.011938 -0.439655
    43 0.729362 0.000006 0.000000 0.000000 -0.006134 -0.244270
    44 3.942287 0.050316 0.431043 0.154999 -0.079305 -0.810205
    45 1.539101 0.000004 0.000000 0.000000 -0.005854 -0.247771
    46 1.196342 0.000000 0.000000 -0.000005 -0.009652 -0.430774
    47 3.883656 -0.050339 -0.431043 -0.085903 -0.026418 -0.587683
    48 1.719563 -0.000008 0.000000 -0.000006 -0.007945 -0.366462
    49 1.209179 -0.000002 0.000000 0.000000 -0.004485 -0.216364
    50 3.859818 -0.148941 -1.331282 -0.354419 0.038567 -0.532002
    51 1.719429 -0.000011 0.000001 0.000000 -0.006613 -0.362970
    52 1.099663 -0.000006 0.000000 0.000000 -0.004223 -0.244312
    53 0.806011 -0.359840 -1.318334 1.204200 0.673617 -0.793956
    54 1.789782 0.000002 0.000000 0.000001 -0.006302 0.228555
    55 1.206999 0.000000 0.000010 0.000000 -0.009619 0.362905
  time 39
    0 3.247750 -11.453470 37.305160 1.559015 0.213184 -0.596742
    1 0.203136 3.977959 -2.114687 1.571000 -0.164084 1.516026
    2 4.018318 0.000000 0.000000 0.007634 -0.031136 0.082059
    3 3.518536 0.000000 0.000000 0.004794 -0.023622 0.169595
    4 8.942642 0.000000 0.000000 0.002697 -0.009000 0.193473
    5 3.307270 0.000001 0.000000 3.141818 -0.004806 0.388230
    6 3.593704 -0.000004 0.000000 0.345600 0.082268 1.029920
    7 2.000027 -3.000002 0.000000 -1.570796 0.000000 -1.326450
    8 2.033352 1.000776 -1.937610 -2.398482 0.839938 1.777042
    9 6.028144 -0.000015 -0.000002 0.582108 -0.236173 -0.364118
    10 11.692535 0.000000 0.000008 0.000000 -0.000001 -1.493286
    11 11.481688 0.000000 0.000008 -1.583951 0.242968 -0.039621
    12 2.676086 -1.712452 0.000000 -1.570796 0.000000 -1.570795
    13 2.033344 1.000772 1.937660 2.473290 -1.335003 1.435493
    14 6.028152 0.000011 0.000000 -0.844293 -0.285358 0.259001
    15 11.692558 0.000000 -0.000004 0.000000 0.000000 -1.530307
    16 11.481682 0.000000 -0.000027 0.616244 0.344655 0.509421
    17 2.676094 -1.712448 0.000000 1.570797 0.000000 1.570797
    18 -3.890452 0.000004 0.000007 -0.820104 -0.183201 -2.014147
    19 17.848145 0.000000 0.000000 0.000000 0.000000 0.938295
    20 16.525240 0.000000 0.000000 -0.341911 -0.120709 -1.281151
    21 6.879452 0.000000 0.000000 -0.210299 -0.002963 -0.584373
    22 3.890452 -0.000004 -0.000003 -2.147744 -0.270676 -1.023700
    23 17.848135 0.000000 0.000000 -0.000144 0.000012 0.628838
    24 16.525223 0.000000 0.000000 -0.087304 0.006581 -1.195377
    25 6.879442 0.000000 0.000000 -0.004818 -0.033978 -0.583592
    26 3.859718 -0.142403 -1.191975 -0.479144 0.152190 -0.879873
    27 1.312569 0.000008 0.000001 0.000000 0.009664 -0.439719
    28 0.729351 0.000001 -0.000002 0.000000 0.004970 -0.244299
    29 3.942327 0.046772 -0.431443 -0.155014 0.073328 -0.810647
    30 1.539104 0.000002 0.000000 0.000000 0.004460 -0.247796
    31 1.196320 -0.000004 0.000000 0.000000 0.007361 -0.430802
    32 3.883698 -0.046761 0.431443 0.085902 0.021818 -0.587878
    33 1.719563 0.000008 0.000000 -0.000007 0.005535 -0.366457
    34 1.209183 0.000000 0.000000 0.000003 0.003062 -0.216420
    35 3.859863 -0.137962 1.332467 0.354449 -0.042750 -0.531717
    36 1.719431 0.000008 0.000001 0.000005 0.004050 -0.363023
    37 1.099670 0.000002 0.000003 -0.000007 0.002609 -0.244321
    38 0.806047 -0.348927 1.321259 -1.206854 -0.679488 -0.789307
    39 1.789791 0.000004 0.000008 0.000000 0.007386 0.228523
    40 1.207014 0.000002 -0.000006 -0.000003 0.011265 0.362844
    41 3.859665 -0.132576 1.193108 0.479139 -0.158529 -0.879052
    42 1.312565 0.000002 -0.000001 0.000007 -0.011938 -0.439655
    43 0.729362 0.000006 0.000000 0.000000 -0.006134 -0.244270
    44 3.942287 0.050316 0.431043 0.154999 -0.079305 -0.810205
    45 1.539101 0.000004 0.000000 0.000000 -0.005854 -0.247771
    46 1.196342 0.000000 0.000000 -0.000005 -0.009652 -0.430774
    47 3.883656 -0.050339 -0.431043 -0.085903 -0.026418 -0.587683
    48 1.719563 -0.000008 0.000000 -0.000006 -0.007945 -0.366462
    49 1.209179 -0.000002 0.000000 0.000000 -0.004485 -0.216364
    50 3.859818 -0.148941 -1.331282 -0.354419 0.038567 -0.532002
    51 1.719429 -0.000011 0.000001 0.000000 -0.006613 -0.362970
    52 1.099663 -0.000006 0.000000 0.000000 -0.004223 -0.244312
    53 0.806011 -0.359840 -1.318334 1.204200 0.673617 -0.793956
    54 1.789782 0.000002 0.000000 0.000001 -0.006302 0.228555
    55 1.206999 0.000000 0.000010 0.000000 -0.009619 0.362905
  time 40
    0 3.239938 -12.086301 37.852052 1.553032 0.226815 -0.596648
    1 0.210949 4.091244 -1.899837 1.571275 -0.219774 1.515595
    2 4.018318 0.000000 0.000000 0.007383 -0.029206 0.072165
    3 3.518536 0.000000 0.000000 0.004710 -0.021440 0.148826
    4 8.942642 0.000000 0.000000 0.002589 -0.007742 0.163595
    5 3.307270 0.000001 0.000000 3.141878 -0.004099 0.363673
    6 3.593704 -0.000004 0.000000 0.355347 0.080398 0.981286
    7 2.000027 -3.000002 0.000000 -1.570796 0.000000 -1.326450
    8 2.033352 1.000776 -1.937610 -2.394524 0.794216 1.788398
    9 6.028144 -0.000015 -0.000002 0.507470 -0.222628 -0.442256
    10 11.692535 0.000000 0.000008 0.000000 -0.000001 -1.475723
    11 11.481688 0.000000 0.000008 -1.614267 0.381201 -0.056413
    12 2.676086 -1.712452 0.000000 -1.570796 0.000000 -1.570795
    13 2.033344 1.000772 1.937660 2.492618 -1.364616 1.430018
    14 6.028152 0.000011 0.000000 -0.777037 -0.328069 0.184013
    15 11.692558 0.000000 -0.000004 0.000000 0.000000 -1.520749
    16 11.481682 0.000000 -0.000027 0.609080 0.343209 0.511513
    17 2.676094 -1.712448 0.000000 1.570797 0.000000 1.570797
    18 -3.890452 0.000004 0.000007 -0.872078 -0.245771 -1.958927
    19 17.848145 0.000000 0.000000 0.000000 0.000012 0.932059
    20 16.525240 0.000000 0.000000 -0.352663 -0.003250 -1.219397
    21 6.879452 0.000000 0.000000 -0.210299 -0.002963 -0.584373
    22 3.890452 -0.000004 -0.000003 -2.141924 -0.214221 -1.045546
    23 17.848135 0.000000 0.000000 -0.000156 0.000012 0.543340
    24 16.525223 0.000000 0.000000 -0.082130 0.009709 -1.171296
    25 6.879442 0.000000 0.000000 -0.004818 -0.033978 -0.583592
    26 3.859718 -0.142403 -1.191975 -0.479144 0.152190 -0.879873
    27 1.312569 0.000008 0.000001 0.000000 0.009664 -0.439719
    28 0.729351 0.000001 -0.000002 0.000000 0.004970 -0.244299
    29 3.942327 0.046772 -0.431443 -0.155014 0.073328 -0.810647
    30 1.539104 0.000002 0.000000 0.000000 0.004460 -0.247796
    31 1.196320 -0.000004 0.000000 0.000000 0.007361 -0.430802
    32 3.883698 -0.046761 0.431443 0.085902 0.021818 -0.587878
    33 1.719563 0.000008 0.000000 -0.000007 0.005535 -0.366457
    34 1.209183 0.000000 0.000000 0.000003 0.003062 -0.216420
    35 3.859863 -0.137962 1.332467 0.354449 -0.042750 -0.531717
    36 1.719431 0.000008 0.000001 0.000005 0.004050 -0.363023
    37 1.099670 0.000002 0.000003 -0.000007 0.002609 -0.244321
    38 0.806047 -0.348927 1.321259 -1.206854 -0.679488 -0.789307
    39 1.789791 0.000004 0.000008 0.000000 0.007386 0.228523
    40 1.207014 0.000002 -0.000006 -0.000003 0.011265 0.362844
    41 3.859665 -0.132576 1.193108 0.479139 -0.158529 -0.879052
    42 1.312565 0.000002 -0.000001 0.000007 -0.011938 -0.439655
    43 0.729362 0.000006 0.000000 0.000000 -0.006134 -0.244270
    44 3.942287 0.050316 0.431043 0.154999 -0.079305 -0.810205
    45 1.539101 0.000004 0.000000 0.000000 -0.005854 -0.247771
    46 1.196342 0.000000 0.000000 -0.000005 -0.009652 -0.430774
    47 3.883656 -0.050339 -0.431043 -0.085903 -0.026418 -0.587683
    48 1.719563 -0.000008 0.000000 -0.000006 -0.007945 -0.366462
    49 1.209179 -0.000002 0.000000 0.000000 -0.004485 -0.216364
    50 3.859818 -0.148941 -1.331282 -0.354419 0.038567 -0.532002
    51 1.719429 -0.000011 0.000001 0.000000 -0.006613 -0.362970
    52 1.099663 -0.000006 0.000000 0.000000 -0.004223 -0.244312
    53 0.806011 -0.359840 -1.318334 1.204200 0.673617 -0.793956
    54 1.789782 0.000002 0.000000 0.000001 -0.006302 0.228555
    55 1.206999 0.000000 0.000010 0.000000 -0.009619 0.362905
  time 41
    0 3.232125 -12.859762 38.488790 1.546681 0.241381 -0.596553
    1 0.222668 4.192809 -1.677174 1.571767 -0.276473 1.514169
    2 4.018318 0.000000 0.000000 0.007371 -0.027744 0.063751
    3 3.518536 0.000000 0.000000 0.004746 -0.019631 0.129806
    4 8.942642 0.000000 0.000000 0.002529 -0.006651 0.135911
    5 3.307270 0.000001 0.000000 3.141925 -0.003476 0.340711
    6 3.593704 -0.000004 0.000000 0.368445 0.079413 0.933805
    7 2.000027 -3.000002 0.000000 -1.570796 0.000000 -1.326450
    8 2.033352 1.000776 -1.937610 -2.375195 0.767288 1.813300
    9 6.028144 -0.000015 -0.000002 0.441718 -0.180473 -0.551951
    10 11.692535 0.000000 0.000008 0.000000 -0.000001 -1.420309
    11 11.481688 0.000000 0.000008 -1.661242 0.502196 -0.093140
    12 2.676086 -1.712452 0.000000 -1.570796 0.000000 -1.570795
    13 2.033344 1.000772 1.937660 2.540364 -1.395741 1.390233
    14 6.028152 0.000011 0.000000 -0.697613 -0.373365 0.095103
    15 11.692558 0.000000 -0.000004 0.000000 0.000000 -1.502028
    16 11.481682 0.000000 -0.000027 0.599492 0.329974 0.519189
    17 2.676094 -1.712448 0.000000 1.570797 0.000000 1.570797
    18 -3.890452 0.000004 0.000007 -1.026713 -0.316691 -1.829874
    19 17.848145 0.000000 0.000000 -0.000012 0.000012 0.878696
    20 16.525240 0.000000 0.000000 -0.311897 0.114360 -1.111967
    21 6.879452 0.000000 0.000000 -0.210299 -0.002963 -0.584373
    22 3.890452 -0.000004 -0.000003 -2.131198 -0.143094 -1.071600
    23 17.848135 0.000000 0.000000 -0.000168 0.000012 0.400701
    24 16.525223 0.000000 0.000000 -0.081278 0.011375 -1.105360
    25 6.879442 0.000000 0.000000 -0.004818 -0.033990 -0.583592
    26 3.859718 -0.142403 -1.191975 -0.479144 0.152190 -0.879873
    27 1.312569 0.000008 0.000001 0.000000 0.009664 -0.439719
    28 0.729351 0.000001 -0.000002 0.000000 0.004970 -0.244299
    29 3.942327 0.046772 -0.431443 -0.155014 0.073328 -0.810647
    30 1.539104 0.000002 0.000000 0.000000 0.004460 -0.247796
    31 1.196320 -0.000004 0.000000 0.000000 0.007361 -0.430802
    32 3.883698 -0.046761 0.431443 0.085902 0.021818 -0.587878
    33 1.719563 0.000008 0.000000 -0.000007 0.005535 -0.366457
    34 1.209183 0.000000 0.000000 0.000003 0.003062 -0.216420
    35 3.859863 -0.137962 1.332467 0.354449 -0.042750 -0.531717
    36 1.719431 0.000008 0.000001 0.000005 0.004050 -0.363023
    37 1.099670 0.000002 0.000003 -0.000007 0.002609 -0.244321
    38 0.806047 -0.348927 1.321259 -1.206854 -0.679488 -0.789307
    39 1.789791 0.000004 0.000008 0.000000 0.007386 0.228523
    40 1.207014 0.000002 -0.000006 -0.000003 0.011265 0.362844
    41 3.859665 -0.132576 1.193108 0.479139 -0.158529 -0.879052
    42 1.312565 0.000002 -0.000001 0.000007 -0.011938 -0.439655
    43 0.729362 0.000006 0.000000 0.000000 -0.006134 -0.244270
    44 3.942287 0.050316 0.431043 0.154999 -0.079305 -0.810205
    45 1.539101 0.000004 0.000000 0.000000 -0.005854 -0.247771
    46 1.196342 0.000000 0.000000 -0.000005 -0.009652 -0.430774
    47 3.883656 -0.050339 -0.431043 -0.085903 -0.026418 -0.587683
    48 1.719563 -0.000008 0.000000 -0.000006 -0.007945 -0.366462
    49 1.209179 -0.000002 0.000000 0.000000 -0.004485 -0.216364
    50 3.859818 -0.148941 -1.331282 -0.354419 0.038567 -0.532002
    51 1.719429 -0.000011 0.000001 0.000000 -0.006613 -0.362970
    52 1.099663 -0.000006 0.000000 0.000000 -0.004223 -0.244312
    53 0.806011 -0.359840 -1.318334 1.204200 0.673617 -0.793956
    54 1.789782 0.000002 0.000000 0.000001 -0.006302 0.228555
    55 1.206999 0.000000 0.000010 0.000000 -0.009619 0.362905
  time 42
    0 3.220406 -13.793385 39.199749 1.540514 0.256135 -0.596553
    1 0.238294 4.270937 -1.466230 1.572390 -0.328758 1.510945
    2 4.018318 0.000000 0.000000 0.007646 -0.027205 0.059191
    3 3.518536 0.000000 0.000000 0.004926 -0.018552 0.116024
    4 8.942642 0.000000 0.000000 0.002541 -0.005860 0.114890
    5 3.307270 0.000001 0.000000 3.141973 -0.003032 0.322950
    6 3.593704 -0.000004 0.000000 0.385633 0.079393 0.895150
    7 2.000027 -3.000002 0.000000 -1.570796 0.000000 -1.326450
    8 2.033352 1.000776 -1.937610 -2.342703 0.758015 1.842716
    9 6.028144 -0.000015 -0.000002 0.379239 -0.121403 -0.683108
    10 11.692535 0.000000 0.000008 0.000000 -0.000001 -1.329689
    11 11.481688 0.000000 0.000008 -1.720284 0.598288 -0.152895
    12 2.676086 -1.712452 0.000000 -1.570796 0.000000 -1.570795
    13 2.033344 1.000772 1.937660 2.650496 -1.421881 1.276899
    14 6.028152 0.000011 0.000000 -0.605937 -0.414370 -0.007764
    15 11.692558 0.000000 -0.000004 0.000000 0.000000 -1.472731
    16 11.481682 0.000000 -0.000027 0.586652 0.306548 0.531737
    17 2.676094 -1.712448 0.000000 1.570797 0.000000 1.570797
    18 -3.890452 0.000004 0.000007 -1.311326 -0.353178 -1.635493
    19 17.848145 0.000000 0.000000 -0.000024 0.000024 0.752021
    20 16.525240 0.000000 0.000000 -0.194697 0.188953 -0.916774
    21 6.879452 0.000000 0.000000 -0.210299 -0.002963 -0.584373
    22 3.890452 -0.000004 -0.000003 -2.113095 0.006881 -1.138069
    23 17.848135 0.000000 0.000000 0.000000 0.000000 0.034200
    24 16.525223 0.000000 0.000000 -0.086878 0.008870 -0.904418
    25 6.879442 0.000000 0.000000 -0.004818 -0.033990 -0.583592
    26 3.859718 -0.142403 -1.191975 -0.479144 0.152190 -0.879873
    27 1.312569 0.000008 0.000001 0.000000 0.009664 -0.439719
    28 0.729351 0.000001 -0.000002 0.000000 0.004970 -0.244299
    29 3.942327 0.046772 -0.431443 -0.155014 0.073328 -0.810647
    30 1.539104 0.000002 0.000000 0.000000 0.004460 -0.247796
    31 1.196320 -0.000004 0.000000 0.000000 0.007361 -0.430802
    32 3.883698 -0.046761 0.431443 0.085902 0.021818 -0.587878
    33 1.719563 0.000008 0.000000 -0.000007 0.005535 -0.366457
    34 1.209183 0.000000 0.000000 0.000003 0.003062 -0.216420
    35 3.859863 -0.137962 1.332467 0.354449 -0.042750 -0.531717
    36 1.719431 0.000008 0.000001 0.000005 0.004050 -0.363023
    37 1.099670 0.000002 0.000003 -0.000007 0.002609 -0.244321
    38 0.806047 -0.348927 1.321259 -1.206854 -0.679488 -0.789307
    39 1.789791 0.000004 0.000008 0.000000 0.007386 0.228523
    40 1.207014 0.000002 -0.000006 -0.000003 0.011265 0.362844
    41 3.859665 -0.132576 1.193108 0.479139 -0.158529 -0.879052
    42 1.312565 0.000002 -0.000001 0.000007 -0.011938 -0.439655
    43 0.729362 0.000006 0.000000 0.000000 -0.006134 -0.244270
    44 3.942287 0.050316 0.431043 0.154999 -0.079305 -0.810205
    45 1.539101 0.000004 0.000000 0.000000 -0.005854 -0.247771
    46 1.196342 0.000000 0.000000 -0.000005 -0.009652 -0.430774
    47 3.883656 -0.050339 -0.431043 -0.085903 -0.026418 -0.587683
    48 1.719563 -0.000008 0.000000 -0.000006 -0.007945 -0.366462
    49 1.209179 -0.000002 0.000000 0.000000 -0.004485 -0.216364
    50 3.859818 -0.148941 -1.331282 -0.354419 0.038567 -0.532002
    51 1.719429 -0.000011 0.000001 0.000000 -0.006613 -0.362970
    52 1.099663 -0.000006 0.000000 0.000000 -0.004223 -0.244312
    53 0.806011 -0.359840 -1.318334 1.204200 0.673617 -0.793956
    54 1.789782 0.000002 0.000000 0.000001 -0.006302 0.228555
    55 1.206999 0.000000 0.000010 0.000000 -0.009619 0.362905
  time 43
    0 3.212593 -14.910606 39.977117 1.534716 0.270253 -0.596742
    1 0.261732 4.329532 -1.294349 1.573265 -0.370404 1.505372
    2 4.018318 0.000000 0.000000 0.008365 -0.028200 0.062190
    3 3.518536 0.000000 0.000000 0.005381 -0.018744 0.111434
    4 8.942642 0.000000 0.000000 0.002709 -0.005609 0.104128
    5 3.307270 0.000001 0.000000 3.142033 -0.002888 0.313685
    6 3.593704 -0.000004 0.000000 0.407002 0.080498 0.872795
    7 2.000027 -3.000002 0.000000 -1.570796 0.000000 -1.326450
    8 2.033352 1.000776 -1.937610 -2.296312 0.764721 1.871243
    9 6.028144 -0.000015 -0.000002 0.311803 -0.056843 -0.823565
    10 11.692535 0.000000 0.000008 0.000000 -0.000001 -1.215412
    11 11.481688 0.000000 0.000008 -1.782858 0.668193 -0.228705
    12 2.676086 -1.712452 0.000000 -1.570796 0.000000 -1.570795
    13 2.033344 1.000772 1.937660 2.850570 -1.432512 1.056893
    14 6.028152 0.000011 0.000000 -0.505095 -0.441955 -0.122919
    15 11.692558 0.000000 -0.000004 0.000000 0.000000 -1.432292
    16 11.481682 0.000000 -0.000027 0.570726 0.274721 0.549131
    17 2.676094 -1.712448 0.000000 1.570797 0.000000 1.570797
    18 -3.890452 0.000004 0.000007 -1.706158 -0.291920 -1.441647
    19 17.848145 0.000000 0.000000 -0.000048 0.000012 0.519420
    20 16.525240 0.000000 0.000000 0.029047 0.205529 -0.640577
    21 6.879452 0.000000 0.000000 -0.210299 -0.002963 -0.584373
    22 3.890452 -0.000004 -0.000003 -2.095060 0.003084 -1.107406
    23 17.848135 0.000000 0.000000 0.000000 0.000000 0.034200
    24 16.525223 0.000000 0.000000 -0.095359 0.000541 -0.888033
    25 6.879442 0.000000 0.000000 -0.004818 -0.033990 -0.583641
    26 3.859718 -0.142403 -1.191975 -0.479144 0.152190 -0.879873
    27 1.312569 0.000008 0.000001 0.000000 0.009664 -0.439719
    28 0.729351 0.000001 -0.000002 0.000000 0.004970 -0.244299
    29 3.942327 0.046772 -0.431443 -0.155014 0.073328 -0.810647
    30 1.539104 0.000002 0.000000 0.000000 0.004460 -0.247796
    31 1.196320 -0.000004 0.000000 0.000000 0.007361 -0.430802
    32 3.883698 -0.046761 0.431443 0.085902 0.021818 -0.587878
    33 1.719563 0.000008 0.000000 -0.000007 0.005535 -0.366457
    34 1.209183 0.000000 0.000000 0.000003 0.003062 -0.216420
    35 3.859863 -0.137962 1.332467 0.354449 -0.042750 -0.531717
    36 1.719431 0.000008 0.000001 0.000005 0.004050 -0.363023
    37 1.099670 0.000002 0.000003 -0.000007 0.002609 -0.244321
    38 0.806047 -0.348927 1.321259 -1.206854 -0.679488 -0.789307
    39 1.789791 0.000004 0.000008 0.000000 0.007386 0.228523
    40 1.207014 0.000002 -0.000006 -0.000003 0.011265 0.362844
    41 3.859665 -0.132576 1.193108 0.479139 -0.158529 -0.879052
    42 1.312565 0.000002 -0.000001 0.000007 -0.011938 -0.439655
    43 0.729362 0.000006 0.000000 0.000000 -0.006134 -0.244270
    44 3.942287 0.050316 0.431043 0.154999 -0.079305 -0.810205
    45 1.539101 0.000004 0.000000 0.000000 -0.005854 -0.247771
    46 1.196342 0.000000 0.000000 -0.000005 -0.009652 -0.430774
    47 3.883656 -0.050339 -0.431043 -0.085903 -0.026418 -0.587683
    48 1.719563 -0.000008 0.000000 -0.000006 -0.007945 -0.366462
    49 1.209179 -0.000002 0.000000 0.000000 -0.004485 -0.216364
    50 3.859818 -0.148941 -1.331282 -0.354419 0.038567 -0.532002
    51 1.719429 -0.000011 0.000001 0.000000 -0.006613 -0.362970
    52 1.099663 -0.000006 0.000000 0.000000 -0.004223 -0.244312
    53 0.806011 -0.359840 -1.318334 1.204200 0.673617 -0.793956
    54 1.789782 0.000002 0.000000 0.000001 -0.006302 0.228555
    55 1.206999 0.000000 0.000010 0.000000 -0.009619 0.362905
  time 44
    0 3.208687 -16.238772 40.809173 1.529653 0.283022 -0.597215
    1 0.296889 4.356877 -1.184971 1.574379 -0.397014 1.496528
    2 4.018318 0.000000 0.000000 0.009648 -0.031280 0.075205
    3 3.518536 0.000000 0.000000 0.006196 -0.020625 0.119116
    4 8.942642 0.000000 0.000000 0.003104 -0.006052 0.106728
    5 3.307270 0.000001 0.000000 3.142117 -0.003128 0.315423
    6 3.593704 -0.000004 0.000000 0.432953 0.083032 0.872884
    7 2.000027 -3.000002 0.000000 -1.570796 0.000000 -1.326450
    8 2.033352 1.000776 -1.937610 -2.232157 0.785212 1.897512
    9 6.028144 -0.000015 -0.000002 0.233892 0.003063 -0.960843
    10 11.692535 0.000000 0.000008 0.000000 -0.000001 -1.097366
    11 11.481688 0.000000 0.000008 -1.839075 0.714662 -0.304467
    12 2.676086 -1.712452 0.000000 -1.570796 0.000000 -1.570795
    13 2.033344 1.000772 1.937660 3.081359 -1.417639 0.784964
    14 6.028152 0.000011 0.000000 -0.401585 -0.449793 -0.246390
    15 11.692558 0.000000 -0.000004 0.000000 0.000000 -1.380542
    16 11.481682 0.000000 -0.000027 0.551879 0.236283 0.571742
    17 2.676094 -1.712448 0.000000 1.570797 0.000000 1.570797
    18 -3.890452 0.000004 0.000007 -2.074188 -0.075613 -1.410948
    19 17.848145 0.000000 0.000000 -0.000012 0.000000 0.034187
    20 16.525240 0.000000 0.000000 0.274908 0.186234 -0.347134
    21 6.879452 0.000000 0.000000 -0.210563 0.012318 -0.641228
    22 3.890452 -0.000004 -0.000003 -2.074894 0.003427 -1.082923
    23 17.848135 0.000000 0.000000 0.000000 0.000000 0.034200
    24 16.525223 0.000000 0.000000 -0.101953 -0.016825 -0.877004
    25 6.879442 0.000000 0.000000 -0.004818 -0.033990 -0.583690
    26 3.859718 -0.142403 -1.191975 -0.479144 0.152190 -0.879873
    27 1.312569 0.000008 0.000001 0.000000 0.009664 -0.439719
    28 0.729351 0.000001 -0.000002 0.000000 0.004970 -0.244299
    29 3.942327 0.046772 -0.431443 -0.155014 0.073328 -0.810647
    30 1.539104 0.000002 0.000000 0.000000 0.004460 -0.247796
    31 1.196320 -0.000004 0.000000 0.000000 0.007361 -0.430802
    32 3.883698 -0.046761 0.431443 0.085902 0.021830 -0.587878
    33 1.719563 0.000008 0.000000 -0.000007 0.005535 -0.366457
    34 1.209183 0.000000 0.000000 0.000003 0.003062 -0.216420
    35 3.859863 -0.137962 1.332467 0.354449 -0.042750 -0.531717
    36 1.719431 0.000008 0.000001 0.000005 0.004050 -0.363023
    37 1.099670 0.000002 0.000003 -0.000007 0.002609 -0.244321
    38 0.806047 -0.348927 1.321259 -1.206854 -0.679488 -0.789307
    39 1.789791 0.000004 0.000008 0.000000 0.007386 0.228523
    40 1.207014 0.000002 -0.000006 -0.000003 0.011265 0.362844
    41 3.859665 -0.132576 1.193108 0.479139 -0.158529 -0.879052
    42 1.312565 0.000002 -0.000001 0.000007 -0.011938 -0.439655
    43 0.729362 0.000006 0.000000 0.000000 -0.006134 -0.244270
    44 3.942287 0.050316 0.431043 0.154999 -0.079305 -0.810205
    45 1.539101 0.000004 0.000000 0.000000 -0.005854 -0.247771
    46 1.196342 0.000000 0.000000 -0.000005 -0.009652 -0.430774
    47 3.883656 -0.050339 -0.431043 -0.085903 -0.026418 -0.587683
    48 1.719563 -0.000008 0.000000 -0.000006 -0.007945 -0.366462
    49 1.209179 -0.000002 0.000000 0.000000 -0.004485 -0.216364
    50 3.859818 -0.148941 -1.331282 -0.354419 0.038567 -0.532002
    51 1.719429 -0.000011 0.000001 0.000000 -0.006613 -0.362970
    52 1.099663 -0.000006 0.000000 0.000000 -0.004223 -0.244312
    53 0.806011 -0.359840 -1.318334 1.204200 0.673617 -0.793956
    54 1.789782 0.000002 0.000000 0.000001 -0.006302 0.228555
    55 1.206999 0.000000 0.000010 0.000000 -0.009619 0.362905
  time 45
    0 3.204780 -17.793507 41.684200 1.525511 0.293657 -0.597972
    1 0.347672 4.368596 -1.138095 1.575794 -0.407917 1.483428
    2 4.018318 0.000000 0.000000 0.011745 -0.037080 0.099200
    3 3.518536 0.000000 0.000000 0.007550 -0.024712 0.139897
    4 8.942642 0.000000 0.000000 0.003811 -0.007383 0.122716
    5 3.307270 0.000001 0.000000 3.142225 -0.003871 0.328127
    6 3.593704 -0.000004 0.000000 0.463393 0.087314 0.896214
    7 2.000027 -3.000002 0.000000 -1.570796 0.000000 -1.326450
    8 2.033352 1.000776 -1.937610 -2.142505 0.817315 1.928570
    9 6.028144 -0.000015 -0.000002 0.143727 0.051006 -1.078646
    10 11.692535 0.000000 0.000008 0.000000 -0.000001 -1.007468
    11 11.481688 0.000000 0.000008 -1.881341 0.741839 -0.356268
    12 2.676086 -1.712452 0.000000 -1.570796 0.000000 -1.570795
    13 2.033344 1.000772 1.937660 3.253876 -1.377978 0.548533
    14 6.028152 0.000011 0.000000 -0.302409 -0.440085 -0.375652
    15 11.692558 0.000000 -0.000004 0.000000 0.000000 -1.316575
    16 11.481682 0.000000 -0.000027 0.529505 0.193066 0.599544
    17 2.676094 -1.712448 0.000000 1.570797 0.000000 1.570797
    18 -3.890452 0.000004 0.000007 -2.334317 -0.064428 -1.375877
    19 17.848145 0.000000 0.000000 -0.000012 0.000000 0.034187
    20 16.525240 0.000000 0.000000 0.436631 0.170783 -0.394534
    21 6.879452 0.000000 0.000000 -0.210887 0.013037 -0.700216
    22 3.890452 -0.000004 -0.000003 -2.060987 0.014946 -1.073599
    23 17.848135 0.000000 0.000000 0.000000 0.000000 0.034200
    24 16.525223 0.000000 0.000000 -0.097510 -0.046918 -0.876766
    25 6.879442 0.000000 0.000000 -0.004687 -0.034422 -0.587404
    26 3.859718 -0.142403 -1.191975 -0.479144 0.152190 -0.879873
    27 1.312569 0.000008 0.000001 0.000000 0.009664 -0.439719
    28 0.729351 0.000001 -0.000002 0.000000 0.004970 -0.244299
    29 3.942327 0.046772 -0.431443 -0.155014 0.073328 -0.810647
    30 1.539104 0.000002 0.000000 0.000000 0.004460 -0.247796
    31 1.196320 -0.000004 0.000000 0.000000 0.007361 -0.430802
    32 3.883698 -0.046761 0.431443 0.085902 0.021818 -0.587878
    33 1.719563 0.000008 0.000000 -0.000007 0.005535 -0.366457
    34 1.209183 0.000000 0.000000 0.000003 0.003062 -0.216420
    35 3.859863 -0.137962 1.332467 0.354449 -0.042750 -0.531717
    36 1.719431 0.000008 0.000001 0.000005 0.004050 -0.363023
    37 1.099670 0.000002 0.000003 -0.000007 0.002609 -0.244321
    38 0.806047 -0.348927 1.321259 -1.206854 -0.679488 -0.789307
    39 1.789791 0.000004 0.000008 0.000000 0.007386 0.228523
    40 1.207014 0.000002 -0.000006 -0.000003 0.011265 0.362844
    41 3.859665 -0.132576 1.193108 0.479139 -0.158529 -0.879052
    42 1.312565 0.000002 -0.000001 0.000007 -0.011938 -0.439655
    43 0.729362 0.000006 0.000000 0.000000 -0.006134 -0.244270
    44 3.942287 0.050316 0.431043 0.154999 -0.079305 -0.810205
    45 1.539101 0.000004 0.000000 0.000000 -0.005854 -0.247771
    46 1.196342 0.000000 0.000000 -0.000005 -0.009652 -0.430774
    47 3.883656 -0.050339 -0.431043 -0.085903 -0.026418 -0.587683
    48 1.719563 -0.000008 0.000000 -0.000006 -0.007945 -0.366462
    49 1.209179 -0.000002 0.000000 0.000000 -0.004485 -0.216364
    50 3.859818 -0.148941 -1.331282 -0.354419 0.038567 -0.532002
    51 1.719429 -0.000011 0.000001 0.000000 -0.006613 -0.362970
    52 1.099663 -0.000006 0.000000 0.000000 -0.004223 -0.244312
    53 0.806011 -0.359840 -1.318334 1.204200 0.673617 -0.793956
    54 1.789782 0.000002 0.000000 0.000001 -0.006302 0.228555
    55 1.206999 0.000000 0.000010 0.000000 -0.009619 0.362905
  time 46
    0 3.200874 -19.606062 42.590478 1.522658 0.301409 -0.599013
    1 0.421893 4.360783 -1.142001 1.577663 -0.406982 1.464625
    2 4.018318 0.000000 0.000000 0.015017 -0.046201 0.132546
    3 3.518536 0.000000 0.000000 0.009636 -0.031484 0.172064
    4 8.942642 0.000000 0.000000 0.004974 -0.009767 0.150065
    5 3.307270 0.000001 0.000000 3.142381 -0.005213 0.349663
    6 3.593704 -0.000004 0.000000 0.497953 0.093868 0.939260
    7 2.000027 -3.000002 0.000000 -1.570796 0.000000 -1.326450
    8 2.033352 1.000776 -1.937610 -2.014471 0.856765 1.979741
    9 6.028144 -0.000015 -0.000002 0.044023 0.085642 -1.155353
    10 11.692535 0.000000 0.000008 0.000000 -0.000001 -0.987259
    11 11.481688 0.000000 0.000008 -1.905712 0.753282 -0.357004
    12 2.676086 -1.712452 0.000000 -1.570796 0.000000 -1.570795
    13 2.033344 1.000772 1.937660 3.367453 -1.322543 0.349788
    14 6.028152 0.000011 0.000000 -0.209400 -0.423199 -0.513712
    15 11.692558 0.000000 -0.000004 0.000000 0.000000 -1.237395
    16 11.481682 0.000000 -0.000027 0.501841 0.147302 0.631898
    17 2.676094 -1.712448 0.000000 1.570797 0.000000 1.570797
    18 -3.890452 0.000004 0.000007 -2.448173 -0.030707 -1.370596
    19 17.848145 0.000000 0.000000 0.000000 0.000000 0.034187
    20 16.525240 0.000000 0.000000 0.506338 0.167914 -0.410585
    21 6.879452 0.000000 0.000000 -0.211162 0.012845 -0.758857
    22 3.890452 -0.000004 -0.000003 -2.055539 0.030175 -1.075277
    23 17.848135 0.000000 0.000000 0.000000 0.000000 0.034200
    24 16.525223 0.000000 0.000000 -0.082678 -0.068754 -0.724860
    25 6.879442 0.000000 0.000000 0.014908 -0.084134 -0.914605
    26 3.859718 -0.142403 -1.191975 -0.479144 0.152190 -0.879873
    27 1.312569 0.000008 0.000001 0.000000 0.009664 -0.439719
    28 0.729351 0.000001 -0.000002 0.000000 0.004970 -0.244299
    29 3.942327 0.046772 -0.431443 -0.155014 0.073328 -0.810647
    30 1.539104 0.000002 0.000000 0.000000 0.004460 -0.247796
    31 1.196320 -0.000004 0.000000 0.000000 0.007361 -0.430802
    32 3.883698 -0.046761 0.431443 0.085902 0.021818 -0.587878
    33 1.719563 0.000008 0.000000 -0.000007 0.005535 -0.366457
    34 1.209183 0.000000 0.000000 0.000003 0.003062 -0.216420
    35 3.859863 -0.137962 1.332467 0.354449 -0.042750 -0.531717
    36 1.719431 0.000008 0.000001 0.000005 0.004050 -0.363023
    37 1.099670 0.000002 0.000003 -0.000007 0.002609 -0.244321
    38 0.806047 -0.348927 1.321259 -1.206854 -0.679488 -0.789307
    39 1.789791 0.000004 0.000008 0.000000 0.007386 0.228523
    40 1.207014 0.000002 -0.000006 -0.000003 0.011265 0.362844
    41 3.859665 -0.132576 1.193108 0.479139 -0.158529 -0.879052
    42 1.312565 0.000002 -0.000001 0.000007 -0.011938 -0.439655
    43 0.729362 0.000006 0.000000 0.000000 -0.006134 -0.244270
    44 3.942287 0.050316 0.431043 0.154999 -0.079305 -0.810205
    45 1.539101 0.000004 0.000000 0.000000 -0.005854 -0.247771
    46 1.196342 0.000000 0.000000 -0.000005 -0.009652 -0.430774
    47 3.883656 -0.050339 -0.431043 -0.085903 -0.026418 -0.587683
    48 1.719563 -0.000008 0.000000 -0.000006 -0.007945 -0.366462
    49 1.209179 -0.000002 0.000000 0.000000 -0.004485 -0.216364
    50 3.859818 -0.148941 -1.331282 -0.354419 0.038567 -0.532002
    51 1.719429 -0.000011 0.000001 0.000000 -0.006613 -0.362970
    52 1.099663 -0.000006 0.000000 0.000000 -0.004223 -0.244312
    53 0.806011 -0.359840 -1.318334 1.204200 0.673617 -0.793956
    54 1.789782 0.000002 0.000000 0.000001 -0.006302 0.228555
    55 1.206999 0.000000 0.000010 0.000000 -0.009619 0.362905
  time 47
    0 3.357129 -21.664719 43.508474 1.539594 0.311257 -0.614244
    1 0.507833 4.333439 -1.204503 1.579437 -0.392264 1.442513
    2 4.018318 0.000000 0.000000 0.019103 -0.057754 0.162240
    3 3.518536 0.000000 0.000000 0.012200 -0.040328 0.203499
    4 8.942642 0.000000 0.000000 0.006448 -0.013027 0.178552
    5 3.307270 0.000001 0.000000 3.142561 -0.007059 0.371907
    6 3.593704 -0.000004 0.000000 0.559078 0.093506 0.966804
    7 2.000027 -3.000002 0.000000 -1.570796 0.000000 -1.326450
    8 2.033352 1.000776 -1.937610 -1.845292 0.910766 2.070726
    9 6.028144 -0.000015 -0.000002 -0.078503 0.113656 -1.231424
    10 11.692535 0.000000 0.000008 0.000000 -0.000001 -0.993675
    11 11.481688 0.000000 0.000008 -1.925314 0.754016 -0.347430
    12 2.676086 -1.712452 0.000000 -1.570796 0.000000 -1.570795
    13 2.033344 1.000772 1.937660 3.191491 -1.327872 0.407732
    14 6.028152 0.000011 0.000000 -0.150061 -0.391654 -0.578268
    15 11.692558 0.000000 -0.000004 0.000000 0.000000 -1.171901
    16 11.481682 0.000000 -0.000027 0.541849 0.103328 0.678128
    17 2.676094 -1.712448 0.000000 1.570797 0.000000 1.570797
    18 -3.890452 0.000004 0.000007 -2.438953 0.012245 -1.399944
    19 17.848145 0.000000 0.000000 0.000000 0.000000 0.034187
    20 16.525240 0.000000 0.000000 0.490085 0.126829 -0.248828
    21 6.879452 0.000000 0.000000 -0.211606 0.023104 -0.713208
    22 3.890452 -0.000004 -0.000003 -2.090391 0.039763 -1.086386
    23 17.848135 0.000000 0.000000 -0.000012 0.000000 0.034200
    24 16.525223 0.000000 0.000000 -0.045263 -0.036491 -0.214670
    25 6.879442 0.000000 0.000000 0.298763 -0.261542 -2.186065
    26 3.859718 -0.142403 -1.191975 -0.479144 0.152190 -0.879873
    27 1.312569 0.000008 0.000001 0.000000 0.009664 -0.439719
    28 0.729351 0.000001 -0.000002 0.000000 0.004970 -0.244299
    29 3.942327 0.046772 -0.431443 -0.155014 0.073328 -0.810647
    30 1.539104 0.000002 0.000000 0.000000 0.004460 -0.247796
    31 1.196320 -0.000004 0.000000 0.000000 0.007361 -0.430802
    32 3.883698 -0.046761 0.431443 0.085902 0.021830 -0.587878
    33 1.719563 0.000008 0.000000 -0.000007 0.005535 -0.366457
    34 1.209183 0.000000 0.000000 0.000003 0.003062 -0.216420
    35 3.859863 -0.137962 1.332467 0.354449 -0.042750 -0.531717
    36 1.719431 0.000008 0.000001 0.000005 0.004050 -0.363023
    37 1.099670 0.000002 0.000003 -0.000007 0.002609 -0.244321
    38 0.806047 -0.348927 1.321259 -1.206854 -0.679488 -0.789307
    39 1.789791 0.000004 0.000008 0.000000 0.007386 0.228523
    40 1.207014 0.000002 -0.000006 -0.000003 0.011265 0.362844
    41 3.859665 -0.132576 1.193108 0.479139 -0.158529 -0.879052
    42 1.312565 0.000002 -0.000001 0.000007 -0.011938 -0.439655
    43 0.729362 0.000006 0.000000 0.000000 -0.006134 -0.244270
    44 3.942287 0.050316 0.431043 0.154999 -0.079305 -0.810205
    45 1.539101 0.000004 0.000000 0.000000 -0.005854 -0.247771
    46 1.196342 0.000000 0.000000 -0.000005 -0.009652 -0.430774
    47 3.883656 -0.050339 -0.431043 -0.085903 -0.026418 -0.587683
    48 1.719563 -0.000008 0.000000 -0.000006 -0.007945 -0.366462
    49 1.209179 -0.000002 0.000000 0.000000 -0.004485 -0.216364
    50 3.859818 -0.148941 -1.331282 -0.354419 0.038567 -0.532002
    51 1.719429 -0.000011 0.000001 0.000000 -0.006613 -0.362970
    52 1.099663 -0.000006 0.000000 0.000000 -0.004223 -0.244312
    53 0.806011 -0.359840 -1.318334 1.204200 0.673617 -0.793956
    54 1.789782 0.000002 0.000000 0.000001 -0.006302 0.228555
    55 1.206999 0.000000 0.000010 0.000000 -0.009619 0.362905
  time 48
    0 3.775110 -23.860098 44.430378 1.589941 0.330355 -0.650289
    1 0.582054 4.286562 -1.325600 1.580240 -0.362961 1.422043
    2 4.018318 0.000000 0.000000 0.022783 -0.069738 0.176545
    3 3.518536 0.000000 0.000000 0.014465 -0.049748 0.223514
    4 8.942642 0.000000 0.000000 0.007790 -0.016683 0.200112
    5 3.307270 0.000001 0.000000 3.142692 -0.009084 0.388673
    6 3.593704 -0.000004 0.000000 0.657900 0.090108 0.954518
    7 2.000027 -3.000002 0.000000 -1.570796 0.000000 -1.326450
    8 2.033352 1.000776 -1.937610 -1.629354 0.971784 2.220612
    9 6.028144 -0.000015 -0.000002 -0.227779 0.125530 -1.331342
    10 11.692535 0.000000 0.000008 0.000000 -0.000001 -0.989585
    11 11.481688 0.000000 0.000008 -1.956572 0.750678 -0.370261
    12 2.676086 -1.712452 0.000000 -1.570796 0.000000 -1.570795
    13 2.033344 1.000772 1.937660 2.533570 -1.367506 0.922389
    14 6.028152 0.000011 0.000000 -0.128142 -0.345753 -0.543336
    15 11.692558 0.000000 -0.000004 0.000000 0.000000 -1.133724
    16 11.481682 0.000000 -0.000027 0.664188 0.038214 0.721750
    17 2.676094 -1.712448 0.000000 1.570797 0.000000 1.570797
    18 -3.890452 0.000004 0.000007 -2.317393 0.070444 -1.483296
    19 17.848145 0.000000 0.000000 0.000000 0.000000 0.034187
    20 16.525240 0.000000 0.000000 0.342392 0.159044 -0.160147
    21 6.879452 0.000000 0.000000 -0.210299 -0.002963 -0.584373
    22 3.890452 -0.000004 -0.000003 -2.191427 0.080689 -1.136124
    23 17.848135 0.000000 0.000000 -0.000036 0.000000 0.034200
    24 16.525223 0.000000 0.000000 0.046549 0.012154 0.228315
    25 6.879442 0.000000 0.000000 0.167604 -0.373981 -1.379647
    26 3.859718 -0.142403 -1.191975 -0.479144 0.152190 -0.879873
    27 1.312569 0.000008 0.000001 0.000000 0.009664 -0.439719
    28 0.729351 0.000001 -0.000002 0.000000 0.004970 -0.244299
    29 3.942327 0.046772 -0.431443 -0.155014 0.073328 -0.810647
    30 1.539104 0.000002 0.000000 0.000000 0.004460 -0.247796
    31 1.196320 -0.000004 0.000000 0.000000 0.007361 -0.430802
    32 3.883698 -0.046761 0.431443 0.085902 0.021818 -0.587878
    33 1.719563 0.000008 0.000000 -0.000007 0.005535 -0.366457
    34 1.209183 0.000000 0.000000 0.000003 0.003062 -0.216420
    35 3.859863 -0.137962 1.332467 0.354449 -0.042750 -0.531717
    36 1.719431 0.000008 0.000001 0.000005 0.004050 -0.363023
    37 1.099670 0.000002 0.000003 -0.000007 0.002609 -0.244321
    38 0.806047 -0.348927 1.321259 -1.206854 -0.679488 -0.789307
    39 1.789791 0.000004 0.000008 0.000000 0.007386 0.228523
    40 1.207014 0.000002 -0.000006 -0.000003 0.011265 0.362844
    41 3.859665 -0.132576 1.193108 0.479139 -0.158529 -0.879052
    42 1.312565 0.000002 -0.000001 0.000007 -0.011938 -0.439655
    43 0.729362 0.000006 0.000000 0.000000 -0.006134 -0.244270
    44 3.942287 0.050316 0.431043 0.154999 -0.079305 -0.810205
    45 1.539101 0.000004 0.000000 0.000000 -0.005854 -0.247771
    46 1.196342 0.000000 0.000000 -0.000005 -0.009652 -0.430774
    47 3.883656 -0.050339 -0.431043 -0.085903 -0.026418 -0.587683
    48 1.719563 -0.000008 0.000000 -0.000006 -0.007945 -0.366462
    49 1.209179 -0.000002 0.000000 0.000000 -0.004485 -0.216364
    50 3.859818 -0.148941 -1.331282 -0.354419 0.038567 -0.532002
    51 1.719429 -0.000011 0.000001 0.000000 -0.006613 -0.362970
    52 1.099663 -0.000006 0.000000 0.000000 -0.004223 -0.244312
    53 0.806011 -0.359840 -1.318334 1.204200 0.673617 -0.793956
    54 1.789782 0.000002 0.000000 0.000001 -0.006302 0.228555
    55 1.206999 0.000000 0.000010 0.000000 -0.009619 0.362905
  time 49
    0 4.376691 -26.059384 45.336655 1.667716 0.361922 -0.695321
    1 0.644556 4.224060 -1.474042 1.579677 -0.326907 1.405433
    2 4.018318 0.000000 0.000000 0.025851 -0.080213 0.176138
    3 3.518536 0.000000 0.000000 0.016263 -0.058077 0.230477
    4 8.942642 0.000000 0.000000 0.008845 -0.020002 0.212840
    5 3.307270 0.000001 0.000000 3.142764 -0.010906 0.399064
    6 3.593704 -0.000004 0.000000 0.774217 0.101307 0.911605
    7 2.000027 -3.000002 0.000000 -1.570796 0.000000 -1.326450
    8 2.033352 1.000776 -1.937610 -1.376415 1.012269 2.417907
    9 6.028144 -0.000015 -0.000002 -0.375465 0.114850 -1.410672
    10 11.692535 0.000000 0.000008 0.000000 -0.000001 -1.019898
    11 11.481688 0.000000 0.000008 -2.006843 0.747304 -0.404680
    12 2.676086 -1.712452 0.000000 -1.570796 0.000000 -1.570795
    13 2.033344 1.000772 1.937660 1.842161 -1.330311 1.474366
    14 6.028152 0.000011 0.000000 -0.114558 -0.302575 -0.498083
    15 11.692558 0.000000 -0.000004 0.000000 0.000000 -1.091023
    16 11.481682 0.000000 -0.000027 0.789722 -0.056593 0.728097
    17 2.676094 -1.712448 0.000000 1.570797 0.000000 1.570797
    18 -3.890452 0.000004 0.000007 -2.245603 -0.078043 -1.453333
    19 17.848145 0.000000 0.000000 0.000036 -0.000024 0.600513
    20 16.525240 0.000000 0.000000 0.270078 0.279542 -0.485719
    21 6.879452 0.000000 0.000000 -0.210299 -0.002963 -0.584373
    22 3.890452 -0.000004 -0.000003 -2.319194 0.010163 -1.112201
    23 17.848135 0.000000 0.000000 -0.000060 0.000000 0.429693
    24 16.525223 0.000000 0.000000 0.103442 -0.008435 0.008529
    25 6.879442 0.000000 0.000000 -0.004842 -0.034002 -0.583543
    26 3.859718 -0.142403 -1.191975 -0.479144 0.152190 -0.879873
    27 1.312569 0.000008 0.000001 0.000000 0.009664 -0.439719
    28 0.729351 0.000001 -0.000002 0.000000 0.004970 -0.244299
    29 3.942327 0.046772 -0.431443 -0.155014 0.073328 -0.810647
    30 1.539104 0.000002 0.000000 0.000000 0.004460 -0.247796
    31 1.196320 -0.000004 0.000000 0.000000 0.007361 -0.430802
    32 3.883698 -0.046761 0.431443 0.085902 0.021818 -0.587878
    33 1.719563 0.000008 0.000000 -0.000007 0.005535 -0.366457
    34 1.209183 0.000000 0.000000 0.000003 0.003062 -0.216420
    35 3.859863 -0.137962 1.332467 0.354449 -0.042750 -0.531717
    36 1.719431 0.000008 0.000001 0.000005 0.004050 -0.363023
    37 1.099670 0.000002 0.000003 -0.000007 0.002609 -0.244321
    38 0.806047 -0.348927 1.321259 -1.206854 -0.679488 -0.789307
    39 1.789791 0.000004 0.000008 0.000000 0.007386 0.228523
    40 1.207014 0.000002 -0.000006 -0.000003 0.011265 0.362844
    41 3.859665 -0.132576 1.193108 0.479139 -0.158529 -0.879052
    42 1.312565 0.000002 -0.000001 0.000007 -0.011938 -0.439655
    43 0.729362 0.000006 0.000000 0.000000 -0.006134 -0.244270
    44 3.942287 0.050316 0.431043 0.154999 -0.079305 -0.810205
    45 1.539101 0.000004 0.000000 0.000000 -0.005854 -0.247771
    46 1.196342 0.000000 0.000000 -0.000005 -0.009652 -0.430774
    47 3.883656 -0.050339 -0.431043 -0.085903 -0.026418 -0.587683
    48 1.719563 -0.000008 0.000000 -0.000006 -0.007945 -0.366462
    49 1.209179 -0.000002 0.000000 0.000000 -0.004485 -0.216364
    50 3.859818 -0.148941 -1.331282 -0.354419 0.038567 -0.532002
    51 1.719429 -0.000011 0.000001 0.000000 -0.006613 -0.362970
    52 1.099663 -0.000006 0.000000 0.000000 -0.004223 -0.244312
    53 0.806011 -0.359840 -1.318334 1.204200 0.673617 -0.793956
    54 1.789782 0.000002 0.000000 0.000001 -0.006302 0.228555
    55 1.206999 0.000000 0.000010 0.000000 -0.009619 0.362905
  time 50
    0 5.087650 -28.121947 46.211682 1.767766 0.408431 -0.737231
    1 0.679713 4.161558 -1.618578 1.577903 -0.291096 1.395425
    2 4.018318 0.000000 0.000000 0.027708 -0.087116 0.161942
    3 3.518536 0.000000 0.000000 0.017330 -0.063566 0.223454
    4 8.942642 0.000000 0.000000 0.009396 -0.022255 0.214326
    5 3.307270 0.000001 0.000000 3.142776 -0.012104 0.401257
    6 3.593704 -0.000004 0.000000 0.885369 0.136209 0.847425
    7 2.000027 -3.000002 0.000000 -1.570796 0.000000 -1.326450
    8 2.033352 1.000776 -1.937610 -1.141424 1.021501 2.605692
    9 6.028144 -0.000015 -0.000002 -0.495185 0.089849 -1.437142
    10 11.692535 0.000000 0.000008 0.000000 -0.000001 -1.113966
    11 11.481688 0.000000 0.000008 -2.085252 0.745617 -0.433257
    12 2.676086 -1.712452 0.000000 -1.570796 0.000000 -1.570795
    13 2.033344 1.000772 1.937660 1.498561 -1.269574 1.702129
    14 6.028152 0.000011 0.000000 -0.093972 -0.259039 -0.476774
    15 11.692558 0.000000 -0.000004 0.000000 0.000000 -1.042553
    16 11.481682 0.000000 -0.000027 0.877784 -0.163106 0.697441
    17 2.676094 -1.712448 0.000000 1.570797 0.000000 1.570797
    18 -3.890452 0.000004 0.000007 -2.256141 -0.084759 -1.586356
    19 17.848145 0.000000 0.000000 0.000024 -0.000024 0.725754
    20 16.525240 0.000000 0.000000 0.317246 0.379825 -0.587558
    21 6.879452 0.000000 0.000000 -0.210299 -0.002963 -0.584373
    22 3.890452 -0.000004 -0.000003 -2.442596 -0.036233 -1.103303
    23 17.848135 0.000000 0.000000 -0.000012 0.000000 0.829909
    24 16.525223 0.000000 0.000000 0.118092 -0.048092 -0.378319
    25 6.879442 0.000000 0.000000 -0.004842 -0.034002 -0.583543
    26 3.859718 -0.142403 -1.191975 -0.479144 0.152190 -0.879873
    27 1.312569 0.000008 0.000001 0.000000 0.009664 -0.439719
    28 0.729351 0.000001 -0.000002 0.000000 0.004970 -0.244299
    29 3.942327 0.046772 -0.431443 -0.155014 0.073328 -0.810647
    30 1.539104 0.000002 0.000000 0.000000 0.004460 -0.247796
    31 1.196320 -0.000004 0.000000 0.000000 0.007361 -0.430802
    32 3.883698 -0.046761 0.431443 0.085902 0.021818 -0.587878
    33 1.719563 0.000008 0.000000 -0.000007 0.005535 -0.366457
    34 1.209183 0.000000 0.000000 0.000003 0.003062 -0.216420
    35 3.859863 -0.137962 1.332467 0.354449 -0.042750 -0.531717
    36 1.719431 0.000008 0.000001 0.000005 0.004050 -0.363023
    37 1.099670 0.000002 0.000003 -0.000007 0.002609 -0.244321
    38 0.806047 -0.348927 1.321259 -1.206854 -0.679488 -0.789307
    39 1.789791 0.000004 0.000008 0.000000 0.007386 0.228523
    40 1.207014 0.000002 -0.000006 -0.000003 0.011265 0.362844
    41 3.859665 -0.132576 1.193108 0.479139 -0.158529 -0.879052
    42 1.312565 0.000002 -0.000001 0.000007 -0.011938 -0.439655
    43 0.729362 0.000006 0.000000 0.000000 -0.006134 -0.244270
    44 3.942287 0.050316 0.431043 0.154999 -0.079305 -0.810205
    45 1.539101 0.000004 0.000000 0.000000 -0.005854 -0.247771
    46 1.196342 0.000000 0.000000 -0.000005 -0.009652 -0.430774
    47 3.883656 -0.050339 -0.431043 -0.085903 -0.026418 -0.587683
    48 1.719563 -0.000008 0.000000 -0.000006 -0.007945 -0.366462
    49 1.209179 -0.000002 0.000000 0.000000 -0.004485 -0.216364
    50 3.859818 -0.148941 -1.331282 -0.354419 0.038567 -0.532002
    51 1.719429 -0.000011 0.000001 0.000000 -0.006613 -0.362970
    52 1.099663 -0.000006 0.000000 0.000000 -0.004223 -0.244312
    53 0.806011 -0.359840 -1.318334 1.204200 0.673617 -0.793956
    54 1.789782 0.000002 0.000000 0.000001 -0.006302 0.228555
    55 1.206999 0.000000 0.000010 0.000000 -0.009619 0.362905
  time 51
    0 5.829860 -29.914970 47.035926 1.888524 0.470705 -0.763153
    1 0.679713 4.110775 -1.739676 1.575362 -0.260895 1.395186
    2 4.018318 0.000000 0.000000 0.027313 -0.088494 0.134744
    3 3.518536 0.000000 0.000000 0.017054 -0.064609 0.202193
    4 8.942642 0.000000 0.000000 0.009180 -0.022759 0.202593
    5 3.307270 0.000001 0.000000 3.142716 -0.012296 0.393383
    6 3.593704 -0.000004 0.000000 0.969709 0.194432 0.769117
    7 2.000027 -3.000002 0.000000 -1.570796 0.000000 -1.326450
    8 2.033352 1.000776 -1.937610 -0.977216 1.014008 2.729719
    9 6.028144 -0.000015 -0.000002 -0.575902 0.054735 -1.400815
    10 11.692535 0.000000 0.000008 0.000000 -0.000001 -1.272912
    11 11.481688 0.000000 0.000008 -2.201277 0.743233 -0.451718
    12 2.676086 -1.712452 0.000000 -1.570796 0.000000 -1.570795
    13 2.033344 1.000772 1.937660 1.344128 -1.230920 1.773670
    14 6.028152 0.000011 0.000000 -0.061219 -0.207115 -0.471392
    15 11.692558 0.000000 -0.000004 0.000000 0.000000 -1.008732
    16 11.481682 0.000000 -0.000027 0.925782 -0.261782 0.652122
    17 2.676094 -1.712448 0.000000 1.570797 0.000000 1.570797
    18 -3.890452 0.000004 0.000007 -2.275327 -0.060281 -1.762166
    19 17.848145 0.000000 0.000000 0.000012 -0.000012 0.642370
    20 16.525240 0.000000 0.000000 0.403014 0.417253 -0.568614
    21 6.879452 0.000000 0.000000 -0.210299 -0.002963 -0.584373
    22 3.890452 -0.000004 -0.000003 -2.541737 -0.006804 -1.223053
    23 17.848135 0.000000 0.000000 0.000000 0.000000 0.898603
    24 16.525223 0.000000 0.000000 0.118031 -0.075525 -0.617625
    25 6.879442 0.000000 0.000000 -0.004842 -0.034002 -0.583543
    26 3.859718 -0.142403 -1.191975 -0.479144 0.152190 -0.879873
    27 1.312569 0.000008 0.000001 0.000000 0.009664 -0.439719
    28 0.729351 0.000001 -0.000002 0.000000 0.004970 -0.244299
    29 3.942327 0.046772 -0.431443 -0.155014 0.073328 -0.810647
    30 1.539104 0.000002 0.000000 0.000000 0.004460 -0.247796
    31 1.196320 -0.000004 0.000000 0.000000 0.007361 -0.430802
    32 3.883698 -0.046761 0.431443 0.085902 0.021818 -0.587878
    33 1.719563 0.000008 0.000000 -0.000007 0.005535 -0.366457
    34 1.209183 0.000000 0.000000 0.000003 0.003062 -0.216420
    35 3.859863 -0.137962 1.332467 0.354449 -0.042750 -0.531717
    36 1.719431 0.000008 0.000001 0.000005 0.004050 -0.363023
    37 1.099670 0.000002 0.000003 -0.000007 0.002609 -0.244321
    38 0.806047 -0.348927 1.321259 -1.206854 -0.679488 -0.789307
    39 1.789791 0.000004 0.000008 0.000000 0.007386 0.228523
    40 1.207014 0.000002 -0.000006 -0.000003 0.011265 0.362844
    41 3.859665 -0.132576 1.193108 0.479139 -0.158529 -0.879052
    42 1.312565 0.000002 -0.000001 0.000007 -0.011938 -0.439655
    43 0.729362 0.000006 0.000000 0.000000 -0.006134 -0.244270
    44 3.942287 0.050316 0.431043 0.154999 -0.079305 -0.810205
    45 1.539101 0.000004 0.000000 0.000000 -0.005854 -0.247771
    46 1.196342 0.000000 0.000000 -0.000005 -0.009652 -0.430774
    47 3.883656 -0.050339 -0.431043 -0.085903 -0.026418 -0.587683
    48 1.719563 -0.000008 0.000000 -0.000006 -0.007945 -0.366462
    49 1.209179 -0.000002 0.000000 0.000000 -0.004485 -0.216364
    50 3.859818 -0.148941 -1.331282 -0.354419 0.038567 -0.532002
    51 1.719429 -0.000011 0.000001 0.000000 -0.006613 -0.362970
    52 1.099663 -0.000006 0.000000 0.000000 -0.004223 -0.244312
    53 0.806011 -0.359840 -1.318334 1.204200 0.673617 -0.793956
    54 1.789782 0.000002 0.000000 0.000001 -0.006302 0.228555
    55 1.206999 0.000000 0.000010 0.000000 -0.009619 0.362905
  time 52
    0 6.521288 -31.293919 47.793761 2.033582 0.547508 -0.758139
    1 0.628930 4.083431 -1.821709 1.572642 -0.239970 1.408357
    2 4.018318 0.000000 0.000000 0.023993 -0.082106 0.094884
    3 3.518536 0.000000 0.000000 0.015089 -0.059503 0.166479
    4 8.942642 0.000000 0.000000 0.008030 -0.020853 0.175975
    5 3.307270 0.000001 0.000000 3.142585 -0.011134 0.373608
    6 3.593704 -0.000004 0.000000 1.007497 0.271172 0.677769
    7 2.000027 -3.000002 0.000000 -1.570796 0.000000 -1.326450
    8 2.033352 1.000776 -1.937610 -0.901831 1.013428 2.770423
    9 6.028144 -0.000015 -0.000002 -0.619862 -0.010302 -1.301692
    10 11.692535 0.000000 0.000008 0.000000 -0.000001 -1.479252
    11 11.481688 0.000000 0.000008 -2.372871 0.729443 -0.471506
    12 2.676086 -1.712452 0.000000 -1.570796 0.000000 -1.570795
    13 2.033344 1.000772 1.937660 1.277915 -1.215358 1.794567
    14 6.028152 0.000011 0.000000 -0.014548 -0.141468 -0.467568
    15 11.692558 0.000000 -0.000004 0.000000 0.000000 -1.009467
    16 11.481682 0.000000 -0.000027 0.945951 -0.340861 0.613617
    17 2.676094 -1.712448 0.000000 1.570797 0.000000 1.570797
    18 -3.890452 0.000004 0.000007 -2.272434 -0.100524 -1.871176
    19 17.848145 0.000000 0.000000 0.000000 -0.000012 0.588952
    20 16.525240 0.000000 0.000000 0.457081 0.377499 -0.578406
    21 6.879452 0.000000 0.000000 -0.210299 -0.002963 -0.584373
    22 3.890452 -0.000004 -0.000003 -2.605553 -0.000391 -1.386761
    23 17.848135 0.000000 0.000000 0.000000 0.000000 0.777491
    24 16.525223 0.000000 0.000000 0.112147 -0.099362 -0.722559
    25 6.879442 0.000000 0.000000 -0.004842 -0.034002 -0.583543
    26 3.859718 -0.142403 -1.191975 -0.479144 0.152190 -0.879873
    27 1.312569 0.000008 0.000001 0.000000 0.009664 -0.439719
    28 0.729351 0.000001 -0.000002 0.000000 0.004970 -0.244299
    29 3.942327 0.046772 -0.431443 -0.155014 0.073328 -0.810647
    30 1.539104 0.000002 0.000000 0.000000 0.004460 -0.247796
    31 1.196320 -0.000004 0.000000 0.000000 0.007361 -0.430802
    32 3.883698 -0.046761 0.431443 0.085902 0.021818 -0.587878
    33 1.719563 0.000008 0.000000 -0.000007 0.005535 -0.366457
    34 1.209183 0.000000 0.000000 0.000003 0.003062 -0.216420
    35 3.859863 -0.137962 1.332467 0.354449 -0.042750 -0.531717
    36 1.719431 0.000008 0.000001 0.000005 0.004050 -0.363023
    37 1.099670 0.000002 0.000003 -0.000007 0.002609 -0.244321
    38 0.806047 -0.348927 1.321259 -1.206854 -0.679488 -0.789307
    39 1.789791 0.000004 0.000008 0.000000 0.007386 0.228523
    40 1.207014 0.000002 -0.000006 -0.000003 0.011265 0.362844
    41 3.859665 -0.132576 1.193108 0.479139 -0.158529 -0.879052
    42 1.312565 0.000002 -0.000001 0.000007 -0.011938 -0.439655
    43 0.729362 0.000006 0.000000 0.000000 -0.006134 -0.244270
    44 3.942287 0.050316 0.431043 0.154999 -0.079305 -0.810205
    45 1.539101 0.000004 0.000000 0.000000 -0.005854 -0.247771
    46 1.196342 0.000000 0.000000 -0.000005 -0.009652 -0.430774
    47 3.883656 -0.050339 -0.431043 -0.085903 -0.026418 -0.587683
    48 1.719563 -0.000008 0.000000 -0.000006 -0.007945 -0.366462
    49 1.209179 -0.000002 0.000000 0.000000 -0.004485 -0.216364
    50 3.859818 -0.148941 -1.331282 -0.354419 0.038567 -0.532002
    51 1.719429 -0.000011 0.000001 0.000000 -0.006613 -0.362970
    52 1.099663 -0.000006 0.000000 0.000000 -0.004223 -0.244312
    53 0.806011 -0.359840 -1.318334 1.204200 0.673617 -0.793956
    54 1.789782 0.000002 0.000000 0.000001 -0.006302 0.228555
    55 1.206999 0.000000 0.000010 0.000000 -0.009619 0.362905
  time 53
    0 7.118962 -32.180665 48.465657 2.197509 0.659848 -0.718783
    1 0.515646 4.044367 -1.934994 1.570065 -0.210311 1.436952
    2 4.018318 0.000000 0.000000 0.018564 -0.068492 0.051292
    3 3.518536 0.000000 0.000000 0.011793 -0.049508 0.128740
    4 8.942642 0.000000 0.000000 0.006244 -0.017402 0.148495
    5 3.307270 0.000001 0.000000 3.142357 -0.009180 0.352911
    6 3.593704 -0.000004 0.000000 0.971523 0.316990 0.559521
    7 2.000027 -3.000002 0.000000 -1.570796 0.000000 -1.326450
    8 2.033352 1.000776 -1.937610 -0.940030 1.016885 2.692983
    9 6.028144 -0.000015 -0.000002 -0.641187 -0.128563 -1.090569
    10 11.692535 0.000000 0.000008 0.000000 -0.000001 -1.752474
    11 11.481688 0.000000 0.000008 -2.615340 0.791536 -0.488494
    12 2.676086 -1.712452 0.000000 -1.570796 0.000000 -1.570795
    13 2.033344 1.000772 1.937660 1.287961 -1.231477 1.760439
    14 6.028152 0.000011 0.000000 0.047541 -0.061107 -0.453870
    15 11.692558 0.000000 -0.000004 0.000000 0.000000 -1.056353
    16 11.481682 0.000000 -0.000027 0.922641 -0.359770 0.586873
    17 2.676094 -1.712448 0.000000 1.570797 0.000000 1.570797
    18 -3.890452 0.000004 0.000007 -2.279393 -0.198323 -1.883931
    19 17.848145 0.000000 0.000000 0.000000 -0.000012 0.594416
    20 16.525240 0.000000 0.000000 0.492117 0.301275 -0.630953
    21 6.879452 0.000000 0.000000 -0.210299 -0.002963 -0.584373
    22 3.890452 -0.000004 -0.000003 -2.638409 -0.039000 -1.498732
    23 17.848135 0.000000 0.000000 0.000000 0.000000 0.582752
    24 16.525223 0.000000 0.000000 0.145787 -0.099063 -0.724860
    25 6.879442 0.000000 0.000000 -0.004830 -0.033990 -0.583543
    26 3.859718 -0.142403 -1.191975 -0.479144 0.152190 -0.879873
    27 1.312569 0.000008 0.000001 0.000000 0.009664 -0.439719
    28 0.729351 0.000001 -0.000002 0.000000 0.004970 -0.244299
    29 3.942327 0.046772 -0.431443 -0.155014 0.073328 -0.810647
    30 1.539104 0.000002 0.000000 0.000000 0.004460 -0.247796
    31 1.196320 -0.000004 0.000000 0.000000 0.007361 -0.430802
    32 3.883698 -0.046761 0.431443 0.085902 0.021818 -0.587878
    33 1.719563 0.000008 0.000000 -0.000007 0.005535 -0.366457
    34 1.209183 0.000000 0.000000 0.000003 0.003062 -0.216420
    35 3.859863 -0.137962 1.332467 0.354449 -0.042750 -0.531717
    36 1.719431 0.000008 0.000001 0.000005 0.004050 -0.363023
    37 1.099670 0.000002 0.000003 -0.000007 0.002609 -0.244321
    38 0.806047 -0.348927 1.321259 -1.206854 -0.679488 -0.789307
    39 1.789791 0.000004 0.000008 0.000000 0.007386 0.228523
    40 1.207014 0.000002 -0.000006 -0.000003 0.011265 0.362844
    41 3.859665 -0.132576 1.193108 0.479139 -0.158529 -0.879052
    42 1.312565 0.000002 -0.000001 0.000007 -0.011938 -0.439655
    43 0.729362 0.000006 0.000000 0.000000 -0.006134 -0.244270
    44 3.942287 0.050316 0.431043 0.154999 -0.079305 -0.810205
    45 1.539101 0.000004 0.000000 0.000000 -0.005854 -0.247771
    46 1.196342 0.000000 0.000000 -0.000005 -0.009652 -0.430774
    47 3.883656 -0.050339 -0.431043 -0.085903 -0.026418 -0.587683
    48 1.719563 -0.000008 0.000000 -0.000006 -0.007945 -0.366462
    49 1.209179 -0.000002 0.000000 0.000000 -0.004485 -0.216364
    50 3.859818 -0.148941 -1.331282 -0.354419 0.038567 -0.532002
    51 1.719429 -0.000011 0.000001 0.000000 -0.006613 -0.362970
    52 1.099663 -0.000006 0.000000 0.000000 -0.004223 -0.244312
    53 0.806011 -0.359840 -1.318334 1.204200 0.673617 -0.793956
    54 1.789782 0.000002 0.000000 0.000001 -0.006302 0.228555
    55 1.206999 0.000000 0.000010 0.000000 -0.009619 0.362905
  time 54
    0 7.650229 -32.735369 49.047706 2.379752 0.815065 -0.636949
    1 0.351578 3.966240 -2.114687 1.568878 -0.163860 1.478730
    2 4.018318 0.000000 0.000000 0.012272 -0.049209 0.014269
    3 3.518536 0.000000 0.000000 0.007910 -0.036122 0.100276
    4 8.942642 0.000000 0.000000 0.004219 -0.013099 0.131944
    5 3.307270 0.000001 0.000000 3.142069 -0.006891 0.341094
    6 3.593704 -0.000004 0.000000 0.863292 0.295297 0.403061
    7 2.000027 -3.000002 0.000000 -1.570796 0.000000 -1.326450
    8 2.033352 1.000776 -1.937610 -1.071102 1.006453 2.504172
    9 6.028144 -0.000015 -0.000002 -0.727890 -0.345214 -0.673410
    10 11.692535 0.000000 0.000008 0.000000 -0.000001 -2.039089
    11 11.481688 0.000000 0.000008 -3.072727 0.954819 -0.801802
    12 2.676086 -1.712452 0.000000 -1.570796 0.000000 -1.570795
    13 2.033344 1.000772 1.937660 1.396467 -1.272994 1.632231
    14 6.028152 0.000011 0.000000 0.124798 0.029182 -0.431633
    15 11.692558 0.000000 -0.000004 0.000000 0.000000 -1.126824
    16 11.481682 0.000000 -0.000027 0.844884 -0.311913 0.553314
    17 2.676094 -1.712448 0.000000 1.570797 0.000000 1.570797
    18 -3.890452 0.000004 0.000007 -2.307571 -0.265669 -1.871550
    19 17.848145 0.000000 0.000000 0.000000 0.000000 0.465092
    20 16.525240 0.000000 0.000000 0.534435 0.232588 -0.605055
    21 6.879452 0.000000 0.000000 -0.210299 -0.002963 -0.584373
    22 3.890452 -0.000004 -0.000003 -2.654616 -0.108389 -1.522896
    23 17.848135 0.000000 0.000000 0.000000 0.000000 0.404447
    24 16.525223 0.000000 0.000000 0.236443 -0.067016 -0.683997
    25 6.879442 0.000000 0.000000 -0.004818 -0.033990 -0.583494
    26 3.859718 -0.142403 -1.191975 -0.479144 0.152190 -0.879873
    27 1.312569 0.000008 0.000001 0.000000 0.009664 -0.439719
    28 0.729351 0.000001 -0.000002 0.000000 0.004970 -0.244299
    29 3.942327 0.046772 -0.431443 -0.155014 0.073328 -0.810647
    30 1.539104 0.000002 0.000000 0.000000 0.004460 -0.247796
    31 1.196320 -0.000004 0.000000 0.000000 0.007361 -0.430802
    32 3.883698 -0.046761 0.431443 0.085902 0.021830 -0.587878
    33 1.719563 0.000008 0.000000 -0.000007 0.005535 -0.366457
    34 1.209183 0.000000 0.000000 0.000003 0.003062 -0.216420
    35 3.859863 -0.137962 1.332467 0.354449 -0.042750 -0.531717
    36 1.719431 0.000008 0.000001 0.000005 0.004050 -0.363023
    37 1.099670 0.000002 0.000003 -0.000007 0.002609 -0.244321
    38 0.806047 -0.348927 1.321259 -1.206854 -0.679488 -0.789307
    39 1.789791 0.000004 0.000008 0.000000 0.007386 0.228523
    40 1.207014 0.000002 -0.000006 -0.000003 0.011265 0.362844
    41 3.859665 -0.132576 1.193108 0.479139 -0.158529 -0.879052
    42 1.312565 0.000002 -0.000001 0.000007 -0.011938 -0.439655
    43 0.729362 0.000006 0.000000 0.000000 -0.006134 -0.244270
    44 3.942287 0.050316 0.431043 0.154999 -0.079305 -0.810205
    45 1.539101 0.000004 0.000000 0.000000 -0.005854 -0.247771
    46 1.196342 0.000000 0.000000 -0.000005 -0.009652 -0.430774
    47 3.883656 -0.050339 -0.431043 -0.085903 -0.026418 -0.587683
    48 1.719563 -0.000008 0.000000 -0.000006 -0.007945 -0.366462
    49 1.209179 -0.000002 0.000000 0.000000 -0.004485 -0.216364
    50 3.859818 -0.148941 -1.331282 -0.354419 0.038567 -0.532002
    51 1.719429 -0.000011 0.000001 0.000000 -0.006613 -0.362970
    52 1.099663 -0.000006 0.000000 0.000000 -0.004223 -0.244312
    53 0.806011 -0.359840 -1.318334 1.204200 0.673617 -0.793956
    54 1.789782 0.000002 0.000000 0.000001 -0.006302 0.228555
    55 1.206999 0.000000 0.000010 0.000000 -0.009619 0.362905
  time 55
    0 8.185401 -33.168976 49.516470 2.609304 0.983800 -0.478486
    1 0.156260 3.884206 -2.274848 1.569657 -0.120419 1.528311
    2 4.018318 0.000000 0.000000 0.005705 -0.024065 -0.014937
    3 3.518536 0.000000 0.000000 0.003739 -0.018121 0.078236
    4 8.942642 0.000000 0.000000 0.002013 -0.006855 0.120523
    5 3.307270 0.000001 0.000000 3.141794 -0.003631 0.333592
    6 3.593704 -0.000004 0.000000 0.714260 0.220588 0.218081
    7 2.000027 -3.000002 0.000000 -1.570796 0.000000 -1.326450
    8 2.033352 1.000776 -1.937610 -1.244699 0.980684 2.240588
    9 6.028144 -0.000015 -0.000002 -1.059739 -0.552051 0.143976
    10 11.692535 0.000000 0.000008 0.000000 -0.000001 -2.204210
    11 11.481688 0.000000 0.000008 -3.493854 1.045043 -1.564720
    12 2.676086 -1.712452 0.000000 -1.570796 0.000000 -1.570795
    13 2.033344 1.000772 1.937660 1.619027 -1.306186 1.398719
    14 6.028152 0.000011 0.000000 0.207723 0.131930 -0.403234
    15 11.692558 0.000000 -0.000004 0.000000 0.000000 -1.193280
    16 11.481682 0.000000 -0.000027 0.738803 -0.245559 0.499186
    17 2.676094 -1.712448 0.000000 1.570797 0.000000 1.570797
    18 -3.890452 0.000004 0.000007 -2.323492 -0.235243 -1.919256
    19 17.848145 0.000000 0.000000 0.000000 0.000000 0.044120
    20 16.525240 0.000000 0.000000 0.574684 0.170089 -0.427387
    21 6.879452 0.000000 0.000000 -0.210299 -0.002963 -0.584373
    22 3.890452 -0.000004 -0.000003 -2.649406 -0.193715 -1.463433
    23 17.848135 0.000000 0.000000 0.000000 0.000000 0.296499
    24 16.525223 0.000000 0.000000 0.345420 -0.029612 -0.638849
    25 6.879442 0.000000 0.000000 -0.004806 -0.033978 -0.583543
    26 3.859718 -0.142403 -1.191975 -0.479144 0.152190 -0.879873
    27 1.312569 0.000008 0.000001 0.000000 0.009664 -0.439719
    28 0.729351 0.000001 -0.000002 0.000000 0.004970 -0.244299
    29 3.942327 0.046772 -0.431443 -0.155014 0.073328 -0.810647
    30 1.539104 0.000002 0.000000 0.000000 0.004460 -0.247796
    31 1.196320 -0.000004 0.000000 0.000000 0.007361 -0.430802
    32 3.883698 -0.046761 0.431443 0.085902 0.021830 -0.587878
    33 1.719563 0.000008 0.000000 -0.000007 0.005535 -0.366457
    34 1.209183 0.000000 0.000000 0.000003 0.003062 -0.216420
    35 3.859863 -0.137962 1.332467 0.354449 -0.042750 -0.531717
    36 1.719431 0.000008 0.000001 0.000005 0.004050 -0.363023
    37 1.099670 0.000002 0.000003 -0.000007 0.002609 -0.244321
    38 0.806047 -0.348927 1.321259 -1.206854 -0.679488 -0.789307
    39 1.789791 0.000004 0.000008 0.000000 0.007386 0.228523
    40 1.207014 0.000002 -0.000006 -0.000003 0.011265 0.362844
    41 3.859665 -0.132576 1.193108 0.479139 -0.158529 -0.879052
    42 1.312565 0.000002 -0.000001 0.000007 -0.011938 -0.439655
    43 0.729362 0.000006 0.000000 0.000000 -0.006134 -0.244270
    44 3.942287 0.050316 0.431043 0.154999 -0.079305 -0.810205
    45 1.539101 0.000004 0.000000 0.000000 -0.005854 -0.247771
    46 1.196342 0.000000 0.000000 -0.000005 -0.009652 -0.430774
    47 3.883656 -0.050339 -0.431043 -0.085903 -0.026418 -0.587683
    48 1.719563 -0.000008 0.000000 -0.000006 -0.007945 -0.366462
    49 1.209179 -0.000002 0.000000 0.000000 -0.004485 -0.216364
    50 3.859818 -0.148941 -1.331282 -0.354419 0.038567 -0.532002
    51 1.719429 -0.000011 0.000001 0.000000 -0.006613 -0.362970
    52 1.099663 -0.000006 0.000000 0.000000 -0.004223 -0.244312
    53 0.806011 -0.359840 -1.318334 1.204200 0.673617 -0.793956
    54 1.789782 0.000002 0.000000 0.000001 -0.006302 0.228555
    55 1.206999 0.000000 0.000010 0.000000 -0.009619 0.362905
  time 56
    0 8.779169 -33.692429 49.868044 2.932647 1.129280 -0.194671
    1 -0.023433 3.829517 -2.368601 1.571000 -0.095454 1.578011
    2 4.018318 0.000000 0.000000 -0.000995 0.004219 -0.033259
    3 3.518536 0.000000 0.000000 -0.000659 0.003224 0.063567
    4 8.942642 0.000000 0.000000 -0.000348 0.001246 0.112469
    5 3.307270 0.000001 0.000000 3.141566 0.000659 0.328439
    6 3.593704 -0.000004 0.000000 0.561200 0.114556 0.037027
    7 2.000027 -3.000002 0.000000 -1.570796 0.000000 -1.326450
    8 2.033352 1.000776 -1.937610 -1.424739 0.934134 1.917488
    9 6.028144 -0.000015 -0.000002 -1.317418 -0.490445 1.186636
    10 11.692535 0.000000 0.000008 0.000000 -0.000001 -2.135242
    11 11.481688 0.000000 0.000008 -2.002722 1.308342 -0.661179
    12 2.676086 -1.712452 0.000000 -1.570796 0.000000 -1.570795
    13 2.033344 1.000772 1.937660 1.894021 -1.295051 1.118578
    14 6.028152 0.000011 0.000000 0.281063 0.254589 -0.350371
    15 11.692558 0.000000 -0.000004 0.000000 0.000000 -1.243390
    16 11.481682 0.000000 -0.000027 0.645010 -0.205675 0.435512
    17 2.676094 -1.712448 0.000000 1.570797 0.000000 1.570797
    18 -3.890452 0.000004 0.000007 -2.380163 -0.333112 -1.814658
    19 17.848145 0.000000 0.000000 0.000000 0.000000 0.034187
    20 16.525240 0.000000 0.000000 0.609719 0.112672 -0.468083
    21 6.879452 0.000000 0.000000 -0.210299 -0.002963 -0.584373
    22 3.890452 -0.000004 -0.000003 -2.618716 -0.267823 -1.351302
    23 17.848135 0.000000 0.000000 0.000000 0.000000 0.252444
    24 16.525223 0.000000 0.000000 0.432160 -0.007237 -0.601875
    25 6.879442 0.000000 0.000000 -0.004806 -0.033978 -0.583543
    26 3.859718 -0.142403 -1.191975 -0.479144 0.152190 -0.879873
    27 1.312569 0.000008 0.000001 0.000000 0.009664 -0.439719
    28 0.729351 0.000001 -0.000002 0.000000 0.004970 -0.244299
    29 3.942327 0.046772 -0.431443 -0.155014 0.073328 -0.810647
    30 1.539104 0.000002 0.000000 0.000000 0.004460 -0.247796
    31 1.196320 -0.000004 0.000000 0.000000 0.007361 -0.430802
    32 3.883698 -0.046761 0.431443 0.085902 0.021818 -0.587878
    33 1.719563 0.000008 0.000000 -0.000007 0.005535 -0.366457
    34 1.209183 0.000000 0.000000 0.000003 0.003062 -0.216420
    35 3.859863 -0.137962 1.332467 0.354449 -0.042750 -0.531717
    36 1.719431 0.000008 0.000001 0.000005 0.004050 -0.363023
    37 1.099670 0.000002 0.000003 -0.000007 0.002609 -0.244321
    38 0.806047 -0.348927 1.321259 -1.206854 -0.679488 -0.789307
    39 1.789791 0.000004 0.000008 0.000000 0.007386 0.228523
    40 1.207014 0.000002 -0.000006 -0.000003 0.011265 0.362844
    41 3.859665 -0.132576 1.193108 0.479139 -0.158529 -0.879052
    42 1.312565 0.000002 -0.000001 0.000007 -0.011938 -0.439655
    43 0.729362 0.000006 0.000000 0.000000 -0.006134 -0.244270
    44 3.942287 0.050316 0.431043 0.154999 -0.079305 -0.810205
    45 1.539101 0.000004 0.000000 0.000000 -0.005854 -0.247771
    46 1.196342 0.000000 0.000000 -0.000005 -0.009652 -0.430774
    47 3.883656 -0.050339 -0.431043 -0.085903 -0.026418 -0.587683
    48 1.719563 -0.000008 0.000000 -0.000006 -0.007945 -0.366462
    49 1.209179 -0.000002 0.000000 0.000000 -0.004485 -0.216364
    50 3.859818 -0.148941 -1.331282 -0.354419 0.038567 -0.532002
    51 1.719429 -0.000011 0.000001 0.000000 -0.006613 -0.362970
    52 1.099663 -0.000006 0.000000 0.000000 -0.004223 -0.244312
    53 0.806011 -0.359840 -1.318334 1.204200 0.673617 -0.793956
    54 1.789782 0.000002 0.000000 0.000001 -0.006302 0.228555
    55 1.206999 0.000000 0.000010 0.000000 -0.009619 0.362905
  time 57
    0 9.501848 -34.520580 50.086800 3.366624 1.213161 0.232566
    1 -0.187501 3.821704 -2.376414 1.572642 -0.093248 1.621862
    2 4.018318 0.000000 0.000000 -0.007071 0.029338 -0.033436
    3 3.518536 0.000000 0.000000 -0.004650 0.022231 0.063819
    4 8.942642 0.000000 0.000000 -0.002481 0.008497 0.113607
    5 3.307270 0.000001 0.000000 3.141338 0.004506 0.329493
    6 3.593704 -0.000004 0.000000 0.429509 0.004201 -0.090602
    7 2.000027 -3.000002 0.000000 -1.570796 0.000000 -1.326450
    8 2.033352 1.000776 -1.937610 -1.564095 0.856289 1.559636
    9 6.028144 -0.000015 -0.000002 -1.237636 -0.451720 1.771676
    10 11.692535 0.000000 0.000008 0.000000 -0.000001 -1.866752
    11 11.481688 0.000000 0.000008 -1.135040 0.772794 0.068596
    12 2.676086 -1.712452 0.000000 -1.570796 0.000000 -1.570795
    13 2.033344 1.000772 1.937660 2.023960 -1.207935 0.968653
    14 6.028152 0.000011 0.000000 0.345236 0.396692 -0.210232
    15 11.692558 0.000000 -0.000004 0.000000 0.000000 -1.283659
    16 11.481682 0.000000 -0.000027 0.615638 -0.213883 0.391275
    17 2.676094 -1.712448 0.000000 1.570797 0.000000 1.570797
    18 -3.890452 0.000004 0.000007 -2.442074 -0.395068 -1.712267
    19 17.848145 0.000000 0.000000 0.000000 0.000000 0.034187
    20 16.525240 0.000000 0.000000 0.638315 0.059793 -0.521214
    21 6.879452 0.000000 0.000000 -0.210299 -0.002963 -0.584373
    22 3.890452 -0.000004 -0.000003 -2.544444 -0.276617 -1.279559
    23 17.848135 0.000000 0.000000 0.000000 0.000000 0.131227
    24 16.525223 0.000000 0.000000 0.467363 -0.008819 -0.523283
    25 6.879442 0.000000 0.000000 -0.004806 -0.033978 -0.583543
    26 3.859718 -0.142403 -1.191975 -0.479144 0.152190 -0.879873
    27 1.312569 0.000008 0.000001 0.000000 0.009664 -0.439719
    28 0.729351 0.000001 -0.000002 0.000000 0.004970 -0.244299
    29 3.942327 0.046772 -0.431443 -0.155014 0.073328 -0.810647
    30 1.539104 0.000002 0.000000 0.000000 0.004460 -0.247796
    31 1.196320 -0.000004 0.000000 0.000000 0.007361 -0.430802
    32 3.883698 -0.046761 0.431443 0.085902 0.021830 -0.587878
    33 1.719563 0.000008 0.000000 -0.000007 0.005535 -0.366457
    34 1.209183 0.000000 0.000000 0.000003 0.003062 -0.216420
    35 3.859863 -0.137962 1.332467 0.354449 -0.042750 -0.531717
    36 1.719431 0.000008 0.000001 0.000005 0.004050 -0.363023
    37 1.099670 0.000002 0.000003 -0.000007 0.002609 -0.244321
    38 0.806047 -0.348927 1.321259 -1.206854 -0.679488 -0.789307
    39 1.789791 0.000004 0.000008 0.000000 0.007386 0.228523
    40 1.207014 0.000002 -0.000006 -0.000003 0.011265 0.362844
    41 3.859665 -0.132576 1.193108 0.479139 -0.158529 -0.879052
    42 1.312565 0.000002 -0.000001 0.000007 -0.011938 -0.439655
    43 0.729362 0.000006 0.000000 0.000000 -0.006134 -0.244270
    44 3.942287 0.050316 0.431043 0.154999 -0.079305 -0.810205
    45 1.539101 0.000004 0.000000 0.000000 -0.005854 -0.247771
    46 1.196342 0.000000 0.000000 -0.000005 -0.009652 -0.430774
    47 3.883656 -0.050339 -0.431043 -0.085903 -0.026418 -0.587683
    48 1.719563 -0.000008 0.000000 -0.000006 -0.007945 -0.366462
    49 1.209179 -0.000002 0.000000 0.000000 -0.004485 -0.216364
    50 3.859818 -0.148941 -1.331282 -0.354419 0.038567 -0.532002
    51 1.719429 -0.000011 0.000001 0.000000 -0.006613 -0.362970
    52 1.099663 -0.000006 0.000000 0.000000 -0.004223 -0.244312
    53 0.806011 -0.359840 -1.318334 1.204200 0.673617 -0.793956
    54 1.789782 0.000002 0.000000 0.000001 -0.006302 0.228555
    55 1.206999 0.000000 0.000010 0.000000 -0.009619 0.362905
  time 58
    0 10.404219 -35.864371 50.164928 3.779984 1.227016 0.673993
    1 -0.300785 3.860768 -2.302193 1.573457 -0.113706 1.651572
    2 4.018318 0.000000 0.000000 -0.010990 0.045374 -0.006645
    3 3.518536 0.000000 0.000000 -0.007119 0.034048 0.087776
    4 8.942642 0.000000 0.000000 -0.003811 0.012824 0.131345
    5 3.307270 0.000001 0.000000 3.141206 0.006783 0.342520
    6 3.593704 -0.000004 0.000000 0.329734 -0.083416 -0.118657
    7 2.000027 -3.000002 0.000000 -1.570796 0.000000 -1.326450
    8 2.033352 1.000776 -1.937610 -1.613891 0.758119 1.223948
    9 6.028144 -0.000015 -0.000002 -1.181330 -0.441667 1.948062
    10 11.692535 0.000000 0.000008 0.000000 -0.000001 -1.529374
    11 11.481688 0.000000 0.000008 -1.094834 0.532051 0.014389
    12 2.676086 -1.712452 0.000000 -1.570796 0.000000 -1.570795
    13 2.033344 1.000772 1.937660 1.864072 -1.035453 1.036726
    14 6.028152 0.000011 0.000000 0.469248 0.479528 0.141024
    15 11.692558 0.000000 -0.000004 0.000000 0.000000 -1.346494
    16 11.481682 0.000000 -0.000027 0.684522 -0.269825 0.392456
    17 2.676094 -1.712448 0.000000 1.570797 0.000000 1.570797
    18 -3.890452 0.000004 0.000007 -2.493991 -0.405708 -1.642539
    19 17.848145 0.000000 0.000000 0.000000 0.000000 0.034187
    20 16.525240 0.000000 0.000000 0.659148 0.011114 -0.582050
    21 6.879452 0.000000 0.000000 -0.210299 -0.002963 -0.584373
    22 3.890452 -0.000004 -0.000003 -2.448044 -0.232495 -1.235495
    23 17.848135 0.000000 0.000000 0.000000 0.000000 0.034200
    24 16.525223 0.000000 0.000000 0.442629 -0.036791 -0.479564
    25 6.879442 0.000000 0.000000 -0.004806 -0.033978 -0.583543
    26 3.859718 -0.142403 -1.191975 -0.479144 0.152190 -0.879873
    27 1.312569 0.000008 0.000001 0.000000 0.009664 -0.439719
    28 0.729351 0.000001 -0.000002 0.000000 0.004970 -0.244299
    29 3.942327 0.046772 -0.431443 -0.155014 0.073328 -0.810647
    30 1.539104 0.000002 0.000000 0.000000 0.004460 -0.247796
    31 1.196320 -0.000004 0.000000 0.000000 0.007361 -0.430802
    32 3.883698 -0.046761 0.431443 0.085902 0.021818 -0.587878
    33 1.719563 0.000008 0.000000 -0.000007 0.005535 -0.366457
    34 1.209183 0.000000 0.000000 0.000003 0.003062 -0.216420
    35 3.859863 -0.137962 1.332467 0.354449 -0.042750 -0.531717
    36 1.719431 0.000008 0.000001 0.000005 0.004050 -0.363023
    37 1.099670 0.000002 0.000003 -0.000007 0.002609 -0.244321
    38 0.806047 -0.348927 1.321259 -1.206854 -0.679488 -0.789307
    39 1.789791 0.000004 0.000008 0.000000 0.007386 0.228523
    40 1.207014 0.000002 -0.000006 -0.000003 0.011265 0.362844
    41 3.859665 -0.132576 1.193108 0.479139 -0.158529 -0.879052
    42 1.312565 0.000002 -0.000001 0.000007 -0.011938 -0.439655
    43 0.729362 0.000006 0.000000 0.000000 -0.006134 -0.244270
    44 3.942287 0.050316 0.431043 0.154999 -0.079305 -0.810205
    45 1.539101 0.000004 0.000000 0.000000 -0.005854 -0.247771
    46 1.196342 0.000000 0.000000 -0.000005 -0.009652 -0.430774
    47 3.883656 -0.050339 -0.431043 -0.085903 -0.026418 -0.587683
    48 1.719563 -0.000008 0.000000 -0.000006 -0.007945 -0.366462
    49 1.209179 -0.000002 0.000000 0.000000 -0.004485 -0.216364
    50 3.859818 -0.148941 -1.331282 -0.354419 0.038567 -0.532002
    51 1.719429 -0.000011 0.000001 0.000000 -0.006613 -0.362970
    52 1.099663 -0.000006 0.000000 0.000000 -0.004211 -0.244312
    53 0.806011 -0.359840 -1.318334 1.204200 0.673617 -0.793956
    54 1.789782 0.000002 0.000000 0.000001 -0.006302 0.228555
    55 1.206999 0.000000 0.000010 0.000000 -0.009619 0.362905
  time 59
    0 11.525347 -37.880057 50.133677 4.030522 1.195711 0.977392
    1 -0.351568 3.942802 -2.157657 1.571959 -0.152210 1.663928
    2 4.018318 0.000000 0.000000 -0.012847 0.051809 0.044642
    3 3.518536 0.000000 0.000000 -0.008173 0.038842 0.133174
    4 8.942642 0.000000 0.000000 -0.004458 0.014549 0.163991
    5 3.307270 0.000001 0.000000 3.141158 0.007730 0.366394
    6 3.593704 -0.000004 0.000000 0.242996 -0.140995 -0.035115
    7 2.000027 -3.000002 0.000000 -1.570796 0.000000 -1.326450
    8 2.033352 1.000776 -1.937610 -1.574680 0.688263 0.970558
    9 6.028144 -0.000015 -0.000002 -1.105008 -0.423796 2.016343
    10 11.692535 0.000000 0.000008 0.000000 -0.000001 -1.273393
    11 11.481688 0.000000 0.000008 -1.152523 0.461852 -0.161193
    12 2.676086 -1.712452 0.000000 -1.570796 0.000000 -1.570795
    13 2.033344 1.000772 1.937660 1.327383 -0.770659 1.268686
    14 6.028152 0.000011 0.000000 0.689602 0.148596 0.631232
    15 11.692558 0.000000 -0.000004 0.000000 0.000000 -1.439758
    16 11.481682 0.000000 -0.000027 0.748226 -0.321346 0.411105
    17 2.676094 -1.712448 0.000000 1.570797 0.000000 1.570797
    18 -3.890452 0.000004 0.000007 -2.509139 -0.375128 -1.618606
    19 17.848145 0.000000 0.000000 0.000000 0.000000 0.034187
    20 16.525240 0.000000 0.000000 0.666604 -0.021420 -0.638547
    21 6.879452 0.000000 0.000000 -0.210299 -0.002963 -0.584373
    22 3.890452 -0.000004 -0.000003 -2.363419 -0.187430 -1.202247
    23 17.848135 0.000000 0.000000 0.000000 0.000000 0.034200
    24 16.525223 0.000000 0.000000 0.405620 -0.090182 -0.508366
    25 6.879442 0.000000 0.000000 -0.004818 -0.033978 -0.583543
    26 3.859718 -0.142403 -1.191975 -0.479144 0.152190 -0.879873
    27 1.312569 0.000008 0.000001 0.000000 0.009664 -0.439719
    28 0.729351 0.000001 -0.000002 0.000000 0.004970 -0.244299
    29 3.942327 0.046772 -0.431443 -0.155014 0.073328 -0.810647
    30 1.539104 0.000002 0.000000 0.000000 0.004460 -0.247796
    31 1.196320 -0.000004 0.000000 0.000000 0.007361 -0.430802
    32 3.883698 -0.046761 0.431443 0.085902 0.021818 -0.587878
    33 1.719563 0.000008 0.000000 -0.000007 0.005535 -0.366457
    34 1.209183 0.000000 0.000000 0.000003 0.003062 -0.216420
    35 3.859863 -0.137962 1.332467 0.354449 -0.042750 -0.531717
    36 1.719431 0.000008 0.000001 0.000005 0.004050 -0.363023
    37 1.099670 0.000002 0.000003 -0.000007 0.002609 -0.244321
    38 0.806047 -0.348927 1.321259 -1.206854 -0.679488 -0.789307
    39 1.789791 0.000004 0.000008 0.000000 0.007386 0.228523
    40 1.207014 0.000002 -0.000006 -0.000003 0.011265 0.362844
    41 3.859665 -0.132576 1.193108 0.479139 -0.158529 -0.879052
    42 1.312565 0.000002 -0.000001 0.000007 -0.011938 -0.439655
    43 0.729362 0.000006 0.000000 0.000000 -0.006134 -0.244270
    44 3.942287 0.050316 0.431043 0.154999 -0.079305 -0.810205
    45 1.539101 0.000004 0.000000 0.000000 -0.005854 -0.247771
    46 1.196342 0.000000 0.000000 -0.000005 -0.009652 -0.430774
    47 3.883656 -0.050339 -0.431043 -0.085903 -0.026418 -0.587683
    48 1.719563 -0.000008 0.000000 -0.000006 -0.007945 -0.366462
    49 1.209179 -0.000002 0.000000 0.000000 -0.004485 -0.216364
    50 3.859818 -0.148941 -1.331282 -0.354419 0.038567 -0.532002
    51 1.719429 -0.000011 0.000001 0.000000 -0.006613 -0.362970
    52 1.099663 -0.000006 0.000000 0.000000 -0.004223 -0.244312
    53 0.806011 -0.359840 -1.318334 1.204200 0.673617 -0.793956
    54 1.789782 0.000002 0.000000 0.000001 -0.006302 0.228555
    55 1.206999 0.000000 0.000010 0.000000 -0.009619 0.362905
  time 60
    0 12.779291 -40.489512 49.926639 4.137199 1.146506 1.143519
    1 -0.363287 4.048274 -1.962339 1.569406 -0.203392 1.666721
    2 4.018318 0.000000 0.000000 -0.013902 0.052229 0.107764
    3 3.518536 0.000000 0.000000 -0.008689 0.039094 0.187764
    4 8.942642 0.000000 0.000000 -0.004830 0.014501 0.201359
    5 3.307270 0.000001 0.000000 3.141122 0.007766 0.393263
    6 3.593704 -0.000004 0.000000 0.147372 -0.183577 0.117907
    7 2.000027 -3.000002 0.000000 -1.570796 0.000000 -1.326450
    8 2.033352 1.000776 -1.937610 -1.494509 0.681681 0.799670
    9 6.028144 -0.000015 -0.000002 -0.952927 -0.394858 2.017774
    10 11.692535 0.000000 0.000008 0.000000 -0.000001 -1.166815
    11 11.481688 0.000000 0.000008 -1.279673 0.433428 -0.304467
    12 2.676086 -1.712452 0.000000 -1.570796 0.000000 -1.570795
    13 2.033344 1.000772 1.937660 0.466996 -0.513262 1.505757
    14 6.028152 0.000011 0.000000 1.021050 -0.667774 0.550972
    15 11.692558 0.000000 -0.000004 0.000000 0.000000 -1.451352
    16 11.481682 0.000000 -0.000027 0.681712 -0.327847 0.429460
    17 2.676094 -1.712448 0.000000 1.570797 0.000000 1.570797
    18 -3.890452 0.000004 0.000007 -2.480303 -0.321802 -1.626227
    19 17.848145 0.000000 0.000000 0.000000 0.000000 0.034187
    20 16.525240 0.000000 0.000000 0.653437 -0.031696 -0.676100
    21 6.879452 0.000000 0.000000 -0.210299 -0.002963 -0.584373
    22 3.890452 -0.000004 -0.000003 -2.307114 -0.144016 -1.201901
    23 17.848135 0.000000 0.000000 0.000000 0.000000 0.034200
    24 16.525223 0.000000 0.000000 0.405945 -0.151316 -0.546095
    25 6.879442 0.000000 0.000000 -0.004818 -0.033978 -0.583543
    26 3.859718 -0.142403 -1.191975 -0.479144 0.152190 -0.879873
    27 1.312569 0.000008 0.000001 0.000000 0.009664 -0.439719
    28 0.729351 0.000001 -0.000002 0.000000 0.004970 -0.244299
    29 3.942327 0.046772 -0.431443 -0.155014 0.073328 -0.810647
    30 1.539104 0.000002 0.000000 0.000000 0.004460 -0.247796
    31 1.196320 -0.000004 0.000000 0.000000 0.007361 -0.430802
    32 3.883698 -0.046761 0.431443 0.085902 0.021818 -0.587878
    33 1.719563 0.000008 0.000000 -0.000007 0.005535 -0.366457
    34 1.209183 0.000000 0.000000 0.000003 0.003062 -0.216420
    35 3.859863 -0.137962 1.332467 0.354449 -0.042750 -0.531717
    36 1.719431 0.000008 0.000001 0.000005 0.004050 -0.363023
    37 1.099670 0.000002 0.000003 -0.000007 0.002609 -0.244321
    38 0.806047 -0.348927 1.321259 -1.206854 -0.679488 -0.789307
    39 1.789791 0.000004 0.000008 0.000000 0.007386 0.228523
    40 1.207014 0.000002 -0.000006 -0.000003 0.011265 0.362844
    41 3.859665 -0.132576 1.193108 0.479139 -0.158529 -0.879052
    42 1.312565 0.000002 -0.000001 0.000007 -0.011938 -0.439655
    43 0.729362 0.000006 0.000000 0.000000 -0.006134 -0.244270
    44 3.942287 0.050316 0.431043 0.154999 -0.079305 -0.810205
    45 1.539101 0.000004 0.000000 0.000000 -0.005854 -0.247771
    46 1.196342 0.000000 0.000000 -0.000005 -0.009652 -0.430774
    47 3.883656 -0.050339 -0.431043 -0.085903 -0.026418 -0.587683
    48 1.719563 -0.000008 0.000000 -0.000006 -0.007945 -0.366462
    49 1.209179 -0.000002 0.000000 0.000000 -0.004485 -0.216364
    50 3.859818 -0.148941 -1.331282 -0.354419 0.038567 -0.532002
    51 1.719429 -0.000011 0.000001 0.000000 -0.006613 -0.362970
    52 1.099663 -0.000006 0.000000 0.000000 -0.004223 -0.244312
    53 0.806011 -0.359840 -1.318334 1.204200 0.673617 -0.793956
    54 1.789782 0.000002 0.000000 0.000001 -0.006302 0.228555
    55 1.206999 0.000000 0.000010 0.000000 -0.009619 0.362905
  time 61
    0 14.052768 -43.548199 49.360216 4.171346 1.098237 1.234813
    1 -0.359381 4.169371 -1.704518 1.566518 -0.269628 1.664635
    2 4.018318 0.000000 0.000000 -0.014525 0.049149 0.176138
    3 3.518536 0.000000 0.000000 -0.009012 0.036649 0.243516
    4 8.942642 0.000000 0.000000 -0.005069 0.013339 0.235083
    5 3.307270 0.000001 0.000000 3.141039 0.007251 0.416669
    6 3.593704 -0.000004 0.000000 0.039633 -0.216670 0.297143
    7 2.000027 -3.000002 0.000000 -1.570796 0.000000 -1.326450
    8 2.033352 1.000776 -1.937610 -1.393811 0.752365 0.701296
    9 6.028144 -0.000015 -0.000002 -0.750618 -0.363443 1.955057
    10 11.692535 0.000000 0.000008 0.000000 -0.000001 -1.197048
    11 11.481688 0.000000 0.000008 -1.431194 0.407094 -0.403846
    12 2.676086 -1.712452 0.000000 -1.570796 0.000000 -1.570795
    13 2.033344 1.000772 1.937660 -0.248621 -0.417822 1.657234
    14 6.028152 0.000011 0.000000 -4.310538 -0.814580 -0.443772
    15 11.692558 0.000000 -0.000004 0.000000 0.000000 -1.367817
    16 11.481682 0.000000 -0.000027 0.582188 -0.329637 0.477043
    17 2.676094 -1.712448 0.000000 1.570797 0.000000 1.570797
    18 -3.890452 0.000004 0.000007 -2.420311 -0.249485 -1.653035
    19 17.848145 0.000000 0.000000 0.000000 0.000000 0.034187
    20 16.525240 0.000000 0.000000 0.614396 -0.030721 -0.695544
    21 6.879452 0.000000 0.000000 -0.210299 -0.002963 -0.584373
    22 3.890452 -0.000004 -0.000003 -2.277677 -0.102876 -1.224306
    23 17.848135 0.000000 0.000000 0.000000 0.000000 0.034200
    24 16.525223 0.000000 0.000000 0.435041 -0.207415 -0.593266
    25 6.879442 0.000000 0.000000 -0.004818 -0.033978 -0.583543
    26 3.859718 -0.142403 -1.191975 -0.479144 0.152190 -0.879873
    27 1.312569 0.000008 0.000001 0.000000 0.009664 -0.439719
    28 0.729351 0.000001 -0.000002 0.000000 0.004970 -0.244299
    29 3.942327 0.046772 -0.431443 -0.155014 0.073328 -0.810647
    30 1.539104 0.000002 0.000000 0.000000 0.004460 -0.247796
    31 1.196320 -0.000004 0.000000 0.000000 0.007361 -0.430802
    32 3.883698 -0.046761 0.431443 0.085902 0.021818 -0.587878
    33 1.719563 0.000008 0.000000 -0.000007 0.005535 -0.366457
    34 1.209183 0.000000 0.000000 0.000003 0.003062 -0.216420
    35 3.859863 -0.137962 1.332467 0.354449 -0.042750 -0.531717
    36 1.719431 0.000008 0.000001 0.000005 0.004050 -0.363023
    37 1.099670 0.000002 0.000003 -0.000007 0.002609 -0.244321
    38 0.806047 -0.348927 1.321259 -1.206854 -0.679488 -0.789307
    39 1.789791 0.000004 0.000008 0.000000 0.007386 0.228523
    40 1.207014 0.000002 -0.000006 -0.000003 0.011265 0.362844
    41 3.859665 -0.132576 1.193108 0.479139 -0.158529 -0.879052
    42 1.312565 0.000002 -0.000001 0.000007 -0.011938 -0.439655
    43 0.729362 0.000006 0.000000 0.000000 -0.006134 -0.244270
    44 3.942287 0.050316 0.431043 0.154999 -0.079305 -0.810205
    45 1.539101 0.000004 0.000000 0.000000 -0.005854 -0.247771
    46 1.196342 0.000000 0.000000 -0.000005 -0.009652 -0.430774
    47 3.883656 -0.050339 -0.431043 -0.085903 -0.026418 -0.587683
    48 1.719563 -0.000008 0.000000 -0.000006 -0.007945 -0.366462
    49 1.209179 -0.000002 0.000000 0.000000 -0.004485 -0.216364
    50 3.859818 -0.148941 -1.331282 -0.354419 0.038567 -0.532002
    51 1.719429 -0.000011 0.000001 0.000000 -0.006613 -0.362970
    52 1.099663 -0.000006 0.000000 0.000000 -0.004223 -0.244312
    53 0.806011 -0.359840 -1.318334 1.204200 0.673617 -0.793956
    54 1.789782 0.000002 0.000000 0.000001 -0.006302 0.228555
    55 1.206999 0.000000 0.000010 0.000000 -0.009619 0.362905
  time 62
    0 15.236398 -46.927208 48.262526 4.187638 1.055473 1.296968
    1 -0.343755 4.290468 -1.392009 1.563509 -0.346673 1.660117
    2 4.018318 0.000000 0.000000 -0.014178 0.044942 0.245692
    3 3.518536 0.000000 0.000000 -0.008869 0.033485 0.297614
    4 8.942642 0.000000 0.000000 -0.005105 0.011985 0.262480
    5 3.307270 0.000001 0.000000 3.140979 0.006615 0.433867
    6 3.593704 -0.000004 0.000000 -0.081880 -0.244756 0.471123
    7 2.000027 -3.000002 0.000000 -1.570796 0.000000 -1.326450
    8 2.033352 1.000776 -1.937610 -1.241937 0.916624 0.705332
    9 6.028144 -0.000015 -0.000002 -0.517258 -0.347571 1.776206
    10 11.692535 0.000000 0.000008 0.000000 -0.000001 -1.310924
    11 11.481688 0.000000 0.000008 -1.549396 0.382925 -0.427561
    12 2.676086 -1.712452 0.000000 -1.570796 0.000000 -1.570795
    13 2.033344 1.000772 1.937660 -0.636523 -0.437891 1.724029
    14 6.028152 0.000011 0.000000 -4.012760 -0.438600 -0.781924
    15 11.692558 0.000000 -0.000004 0.000000 0.000000 -1.250799
    16 11.481682 0.000000 -0.000027 0.505864 -0.349249 0.540249
    17 2.676094 -1.712448 0.000000 1.570797 0.000000 1.570797
    18 -3.890452 0.000004 0.000007 -2.338927 -0.161265 -1.691890
    19 17.848145 0.000000 0.000000 0.000000 0.000000 0.034187
    20 16.525240 0.000000 0.000000 0.545935 -0.026652 -0.702971
    21 6.879452 0.000000 0.000000 -0.210299 -0.002963 -0.584373
    22 3.890452 -0.000004 -0.000003 -2.270639 -0.065919 -1.260031
    23 17.848135 0.000000 0.000000 0.000000 0.000000 0.034200
    24 16.525223 0.000000 0.000000 0.482783 -0.248295 -0.646229
    25 6.879442 0.000000 0.000000 -0.004818 -0.033978 -0.583543
    26 3.859718 -0.142403 -1.191975 -0.479144 0.152190 -0.879873
    27 1.312569 0.000008 0.000001 0.000000 0.009664 -0.439719
    28 0.729351 0.000001 -0.000002 0.000000 0.004970 -0.244299
    29 3.942327 0.046772 -0.431443 -0.155014 0.073328 -0.810647
    30 1.539104 0.000002 0.000000 0.000000 0.004460 -0.247796
    31 1.196320 -0.000004 0.000000 0.000000 0.007361 -0.430802
    32 3.883698 -0.046761 0.431443 0.085902 0.021818 -0.587878
    33 1.719563 0.000008 0.000000 -0.000007 0.005535 -0.366457
    34 1.209183 0.000000 0.000000 0.000003 0.003062 -0.216420
    35 3.859863 -0.137962 1.332467 0.354449 -0.042750 -0.531717
    36 1.719431 0.000008 0.000001 0.000005 0.004050 -0.363023
    37 1.099670 0.000002 0.000003 -0.000007 0.002609 -0.244321
    38 0.806047 -0.348927 1.321259 -1.206854 -0.679488 -0.789307
    39 1.789791 0.000004 0.000008 0.000000 0.007386 0.228523
    40 1.207014 0.000002 -0.000006 -0.000003 0.011265 0.362844
    41 3.859665 -0.132576 1.193108 0.479139 -0.158529 -0.879052
    42 1.312565 0.000002 -0.000001 0.000007 -0.011938 -0.439655
    43 0.729362 0.000006 0.000000 0.000000 -0.006134 -0.244270
    44 3.942287 0.050316 0.431043 0.154999 -0.079305 -0.810205
    45 1.539101 0.000004 0.000000 0.000000 -0.005854 -0.247771
    46 1.196342 0.000000 0.000000 -0.000005 -0.009652 -0.430774
    47 3.883656 -0.050339 -0.431043 -0.085903 -0.026418 -0.587683
    48 1.719563 -0.000008 0.000000 -0.000006 -0.007945 -0.366462
    49 1.209179 -0.000002 0.000000 0.000000 -0.004485 -0.216364
    50 3.859818 -0.148941 -1.331282 -0.354419 0.038567 -0.532002
    51 1.719429 -0.000011 0.000001 0.000000 -0.006613 -0.362970
    52 1.099663 -0.000006 0.000000 0.000000 -0.004223 -0.244312
    53 0.806011 -0.359840 -1.318334 1.204200 0.673617 -0.793956
    54 1.789782 0.000002 0.000000 0.000001 -0.006302 0.228555
    55 1.206999 0.000000 0.000010 0.000000 -0.009619 0.362905
  time 63
    0 16.209083 -50.482004 46.446064 4.223718 1.017951 1.358745
    1 -0.320317 4.392034 -1.056061 1.561088 -0.428001 1.654317
    2 4.018318 0.000000 0.000000 -0.013722 0.039753 0.314718
    3 3.518536 0.000000 0.000000 -0.008761 0.029566 0.347207
    4 8.942642 0.000000 0.000000 -0.005129 0.010331 0.282398
    5 3.307270 0.000001 0.000000 3.140907 0.005860 0.445372
    6 3.593704 -0.000004 0.000000 -0.213110 -0.278753 0.612192
    7 2.000027 -3.000002 0.000000 -1.570796 0.000000 -1.326450
    8 2.033352 1.000776 -1.937610 -0.853047 1.148069 0.986429
    9 6.028144 -0.000015 -0.000002 -0.270710 -0.322362 1.381066
    10 11.692535 0.000000 0.000008 0.000000 -0.000001 -1.402907
    11 11.481688 0.000000 0.000008 -1.585010 0.410285 -0.340752
    12 2.676086 -1.712452 0.000000 -1.570796 0.000000 -1.570795
    13 2.033344 1.000772 1.937660 -0.863484 -0.505574 1.729778
    14 6.028152 0.000011 0.000000 -3.957171 -0.128459 -0.802453
    15 11.692558 0.000000 -0.000004 0.000000 0.000000 -1.118227
    16 11.481682 0.000000 -0.000027 0.441113 -0.394793 0.603751
    17 2.676094 -1.712448 0.000000 1.570797 0.000000 1.570797
    18 -3.890452 0.000004 0.000007 -2.255511 -0.057879 -1.741481
    19 17.848145 0.000000 0.000000 0.000000 0.000000 0.034187
    20 16.525240 0.000000 0.000000 0.454532 -0.016095 -0.709202
    21 6.879452 0.000000 0.000000 -0.210299 -0.002963 -0.584373
    22 3.890452 -0.000004 -0.000003 -2.284748 -0.038249 -1.300179
    23 17.848135 0.000000 0.000000 0.000000 0.000000 0.034200
    24 16.525223 0.000000 0.000000 0.542740 -0.263947 -0.695224
    25 6.879442 0.000000 0.000000 -0.004818 -0.033978 -0.583543
    26 3.859718 -0.142403 -1.191975 -0.479144 0.152190 -0.879873
    27 1.312569 0.000008 0.000001 0.000000 0.009664 -0.439719
    28 0.729351 0.000001 -0.000002 0.000000 0.004970 -0.244299
    29 3.942327 0.046772 -0.431443 -0.155014 0.073328 -0.810647
    30 1.539104 0.000002 0.000000 0.000000 0.004460 -0.247796
    31 1.196320 -0.000004 0.000000 0.000000 0.007361 -0.430802
    32 3.883698 -0.046761 0.431443 0.085902 0.021818 -0.587878
    33 1.719563 0.000008 0.000000 -0.000007 0.005535 -0.366457
    34 1.209183 0.000000 0.000000 0.000003 0.003062 -0.216420
    35 3.859863 -0.137962 1.332467 0.354449 -0.042750 -0.531717
    36 1.719431 0.000008 0.000001 0.000005 0.004050 -0.363023
    37 1.099670 0.000002 0.000003 -0.000007 0.002609 -0.244321
    38 0.806047 -0.348927 1.321259 -1.206854 -0.679488 -0.789307
    39 1.789791 0.000004 0.000008 0.000000 0.007386 0.228523
    40 1.207014 0.000002 -0.000006 -0.000003 0.011265 0.362844
    41 3.859665 -0.132576 1.193108 0.479139 -0.158529 -0.879052
    42 1.312565 0.000002 -0.000001 0.000007 -0.011938 -0.439655
    43 0.729362 0.000006 0.000000 0.000000 -0.006134 -0.244270
    44 3.942287 0.050316 0.431043 0.154999 -0.079305 -0.810205
    45 1.539101 0.000004 0.000000 0.000000 -0.005854 -0.247771
    46 1.196342 0.000000 0.000000 -0.000005 -0.009652 -0.430774
    47 3.883656 -0.050339 -0.431043 -0.085903 -0.026418 -0.587683
    48 1.719563 -0.000008 0.000000 -0.000006 -0.007945 -0.366462
    49 1.209179 -0.000002 0.000000 0.000000 -0.004485 -0.216364
    50 3.859818 -0.148941 -1.331282 -0.354419 0.038567 -0.532002
    51 1.719429 -0.000011 0.000001 0.000000 -0.006613 -0.362970
    52 1.099663 -0.000006 0.000000 0.000000 -0.004223 -0.244312
    53 0.806011 -0.359840 -1.318334 1.204200 0.673617 -0.793956
    54 1.789782 0.000002 0.000000 0.000001 -0.006302 0.228555
    55 1.206999 0.000000 0.000010 0.000000 -0.009619 0.362905
  time 64
    0 16.865353 -54.075864 43.742857 4.310053 0.982377 1.440484
    1 -0.281254 4.466255 -0.720113 1.559998 -0.506429 1.643746
    2 4.018318 0.000000 0.000000 -0.012344 0.032574 0.380255
    3 3.518536 0.000000 0.000000 -0.008102 0.024209 0.390747
    4 8.942642 0.000000 0.000000 -0.004806 0.008245 0.295090
    5 3.307270 0.000001 0.000000 3.140871 0.004854 0.451472
    6 3.593704 -0.000004 0.000000 -0.346522 -0.337801 0.690810
    7 2.000027 -3.000002 0.000000 -1.570796 0.000000 -1.326450
    8 2.033352 1.000776 -1.937610 0.037396 1.222706 1.761034
    9 6.028144 -0.000015 -0.000002 -0.118628 -0.170807 0.804770
    10 11.692535 0.000000 0.000008 0.000000 -0.000001 -1.277804
    11 11.481688 0.000000 0.000008 -1.469574 0.544741 -0.163942
    12 2.676086 -1.712452 0.000000 -1.570796 0.000000 -1.570795
    13 2.033344 1.000772 1.937660 -1.036958 -0.588289 1.692457
    14 6.028152 0.000011 0.000000 -3.866913 0.113476 -0.734815
    15 11.692558 0.000000 -0.000004 0.000000 0.000000 -0.963995
    16 11.481682 0.000000 -0.000027 0.327868 -0.460513 0.680219
    17 2.676094 -1.712448 0.000000 1.570797 0.000000 1.570797
    18 -3.890452 0.000004 0.000007 -2.204825 0.064021 -1.807158
    19 17.848145 0.000000 0.000000 0.000000 0.000000 0.034187
    20 16.525240 0.000000 0.000000 0.359565 0.018464 -0.729564
    21 6.879452 0.000000 0.000000 -0.210299 -0.002963 -0.584373
    22 3.890452 -0.000004 -0.000003 -2.320412 -0.028768 -1.335744
    23 17.848135 0.000000 0.000000 0.000000 0.000000 0.034200
    24 16.525223 0.000000 0.000000 0.611523 -0.246258 -0.725534
    25 6.879442 0.000000 0.000000 -0.004818 -0.033978 -0.583543
    26 3.859718 -0.142403 -1.191975 -0.479144 0.152190 -0.879873
    27 1.312569 0.000008 0.000001 0.000000 0.009664 -0.439719
    28 0.729351 0.000001 -0.000002 0.000000 0.004970 -0.244299
    29 3.942327 0.046772 -0.431443 -0.155014 0.073328 -0.810647
    30 1.539104 0.000002 0.000000 0.000000 0.004460 -0.247796
    31 1.196320 -0.000004 0.000000 0.000000 0.007361 -0.430802
    32 3.883698 -0.046761 0.431443 0.085902 0.021818 -0.587878
    33 1.719563 0.000008 0.000000 -0.000007 0.005535 -0.366457
    34 1.209183 0.000000 0.000000 0.000003 0.003062 -0.216420
    35 3.859863 -0.137962 1.332467 0.354449 -0.042750 -0.531717
    36 1.719431 0.000008 0.000001 0.000005 0.004050 -0.363023
    37 1.099670 0.000002 0.000003 -0.000007 0.002609 -0.244321
    38 0.806047 -0.348927 1.321259 -1.206854 -0.679488 -0.789307
    39 1.789791 0.000004 0.000008 0.000000 0.007386 0.228523
    40 1.207014 0.000002 -0.000006 -0.000003 0.011265 0.362844
    41 3.859665 -0.132576 1.193108 0.479139 -0.158529 -0.879052
    42 1.312565 0.000002 -0.000001 0.000007 -0.011938 -0.439655
    43 0.729362 0.000006 0.000000 0.000000 -0.006134 -0.244270
    44 3.942287 0.050316 0.431043 0.154999 -0.079305 -0.810205
    45 1.539101 0.000004 0.000000 0.000000 -0.005854 -0.247771
    46 1.196342 0.000000 0.000000 -0.000005 -0.009652 -0.430774
    47 3.883656 -0.050339 -0.431043 -0.085903 -0.026418 -0.587683
    48 1.719563 -0.000008 0.000000 -0.000006 -0.007945 -0.366462
    49 1.209179 -0.000002 0.000000 0.000000 -0.004485 -0.216364
    50 3.859818 -0.148941 -1.331282 -0.354419 0.038567 -0.532002
    51 1.719429 -0.000011 0.000001 0.000000 -0.006613 -0.362970
    52 1.099663 -0.000006 0.000000 0.000000 -0.004223 -0.244312
    53 0.806011 -0.359840 -1.318334 1.204200 0.673617 -0.793956
    54 1.789782 0.000002 0.000000 0.000001 -0.006302 0.228555
    55 1.206999 0.000000 0.000010 0.000000 -0.009619 0.362905
  time 65
    0 17.216927 -57.560345 40.063057 4.586731 0.965563 -4.670816
    1 -0.035152 4.485787 -0.638079 1.569262 -0.526476 1.580492
    2 4.018318 0.000000 0.000000 -0.001666 0.004278 0.415460
    3 3.518536 0.000000 0.000000 -0.001103 0.003200 0.418611
    4 8.942642 0.000000 0.000000 -0.000659 0.001091 0.308141
    5 3.307270 0.000001 0.000000 3.141494 0.000647 0.459406
    6 3.593704 -0.000004 0.000000 -0.438026 -0.442747 0.674997
    7 2.000027 -3.000002 0.000000 -1.570796 0.000000 -1.326450
    8 2.033352 1.000776 -1.937610 0.532781 1.083450 2.085366
    9 6.028144 -0.000015 -0.000002 -0.288668 0.150531 0.493729
    10 11.692535 0.000000 0.000008 0.000000 -0.000001 -1.163928
    11 11.481688 0.000000 0.000008 -1.060574 0.678646 0.221788
    12 2.676086 -1.712452 0.000000 -1.570796 0.000000 -1.570795
    13 2.033344 1.000772 1.937660 -1.213208 -0.690755 1.640078
    14 6.028152 0.000011 0.000000 -3.681895 0.329642 -0.570807
    15 11.692558 0.000000 -0.000004 0.000000 0.000000 -0.712256
    16 11.481682 0.000000 -0.000027 0.175496 -0.514237 0.698672
    17 2.676094 -1.712448 0.000000 1.570797 0.000000 1.570797
    18 -3.890452 0.000004 0.000007 -2.176389 0.136352 -1.887381
    19 17.848145 0.000000 0.000000 0.000000 0.000000 0.034187
    20 16.525240 0.000000 0.000000 0.276729 0.074531 -0.754071
    21 6.883358 0.000000 0.000000 -0.210299 -0.002963 -0.584373
    22 3.890452 -0.000004 -0.000003 -2.402398 -0.037112 -1.367660
    23 17.848135 0.000000 0.000000 0.000000 0.000000 0.034200
    24 16.525223 0.000000 0.000000 0.636926 -0.105882 -0.689432
    25 6.879442 0.000000 0.000000 -0.004818 -0.033990 -0.583543
    26 3.859718 -0.142403 -1.191975 -0.479144 0.152190 -0.879873
    27 1.312569 0.000008 0.000001 0.000000 0.009664 -0.439719
    28 0.729351 0.000001 -0.000002 0.000000 0.004970 -0.244299
    29 3.942327 0.046772 -0.431443 -0.155014 0.073328 -0.810647
    30 1.539104 0.000002 0.000000 0.000000 0.004460 -0.247796
    31 1.196320 -0.000004 0.000000 0.000000 0.007361 -0.430802
    32 3.883698 -0.046761 0.431443 0.085902 0.021818 -0.587878
    33 1.719563 0.000008 0.000000 -0.000007 0.005535 -0.366457
    34 1.209183 0.000000 0.000000 0.000003 0.003062 -0.216420
    35 3.859863 -0.137962 1.332467 0.354449 -0.042750 -0.531717
    36 1.719431 0.000008 0.000001 0.000005 0.004050 -0.363023
    37 1.099670 0.000002 0.000003 -0.000007 0.002609 -0.244321
    38 0.806047 -0.348927 1.321259 -1.206854 -0.679488 -0.789307
    39 1.789791 0.000004 0.000008 0.000000 0.007386 0.228523
    40 1.207014 0.000002 -0.000006 -0.000003 0.011265 0.362844
    41 3.859665 -0.132576 1.193108 0.479139 -0.158529 -0.879052
    42 1.312565 0.000002 -0.000001 0.000007 -0.011938 -0.439655
    43 0.729362 0.000006 0.000000 0.000000 -0.006134 -0.244270
    44 3.942287 0.050316 0.431043 0.154999 -0.079305 -0.810205
    45 1.539101 0.000004 0.000000 0.000000 -0.005854 -0.247771
    46 1.196342 0.000000 0.000000 -0.000005 -0.009652 -0.430774
    47 3.883656 -0.050339 -0.431043 -0.085903 -0.026418 -0.587683
    48 1.719563 -0.000008 0.000000 -0.000006 -0.007945 -0.366462
    49 1.209179 -0.000002 0.000000 0.000000 -0.004485 -0.216364
    50 3.859818 -0.148941 -1.331282 -0.354419 0.038567 -0.532002
    51 1.719429 -0.000011 0.000001 0.000000 -0.006613 -0.362970
    52 1.099663 -0.000006 0.000000 0.000000 -0.004223 -0.244312
    53 0.806011 -0.359840 -1.318334 1.204200 0.673617 -0.793956
    54 1.789782 0.000002 0.000000 0.000001 -0.006302 0.228555
    55 1.206999 0.000000 0.000010 0.000000 -0.009619 0.362905
  time 66
    0 17.396620 -60.740130 35.809021 -1.229025 0.916620 -4.415666
    1 0.378923 4.423285 -0.895900 1.584363 -0.465925 1.472127
    2 4.018318 0.000000 0.000000 0.017162 -0.045985 0.393121
    3 3.518536 0.000000 0.000000 0.011110 -0.034767 0.412966
    4 8.942642 0.000000 0.000000 0.006735 -0.012188 0.319095
    5 3.307270 0.000001 0.000000 3.142537 -0.007155 0.469042
    6 3.593704 -0.000004 0.000000 -0.445375 -0.571759 0.558501
    7 2.000027 -3.000002 0.000000 -1.570796 0.000000 -1.326450
    8 2.033352 1.000776 -1.937610 0.678765 0.945849 2.034195
    9 6.028144 -0.000015 -0.000002 -0.773066 0.610147 0.427276
    10 11.692535 0.000000 0.000008 0.000000 -0.000001 -1.176438
    11 11.481688 0.000000 0.000008 -0.415581 0.567187 0.663689
    12 2.676086 -1.712452 0.000000 -1.570796 0.000000 -1.570795
    13 2.033344 1.000772 1.937660 -1.352523 -0.816895 1.584689
    14 6.028152 0.000011 0.000000 -3.294859 0.516985 -0.117982
    15 11.692558 0.000000 -0.000004 0.000000 0.000000 -0.060372
    16 11.481682 0.000000 -0.000027 0.010560 -0.521867 0.473771
    17 2.676094 -1.712448 0.000000 1.570797 0.000000 1.570797
    18 -3.890452 0.000004 0.000007 -2.115567 -0.149773 -1.792249
    19 17.848145 0.000000 0.000000 0.000000 0.000000 0.780000
    20 16.525240 0.000000 0.000000 0.207482 0.133317 -1.208520
    21 6.895077 0.000000 0.000000 -0.210299 -0.002963 -0.584373
    22 3.890452 -0.000004 -0.000003 -2.455420 -0.083743 -1.411377
    23 17.848135 0.000000 0.000000 0.000000 0.000000 0.034200
    24 16.525223 0.000000 0.000000 0.614303 0.124737 -0.599375
    25 6.879442 0.000000 0.000000 -0.004830 -0.033978 -0.583543
    26 3.859718 -0.142403 -1.191975 -0.479144 0.152190 -0.879873
    27 1.312569 0.000008 0.000001 0.000000 0.009664 -0.439719
    28 0.729351 0.000001 -0.000002 0.000000 0.004970 -0.244299
    29 3.942327 0.046772 -0.431443 -0.155014 0.073328 -0.810647
    30 1.539104 0.000002 0.000000 0.000000 0.004460 -0.247796
    31 1.196320 -0.000004 0.000000 0.000000 0.007361 -0.430802
    32 3.883698 -0.046761 0.431443 0.085902 0.021818 -0.587878
    33 1.719563 0.000008 0.000000 -0.000007 0.005535 -0.366457
    34 1.209183 0.000000 0.000000 0.000003 0.003062 -0.216420
    35 3.859863 -0.137962 1.332467 0.354449 -0.042750 -0.531717
    36 1.719431 0.000008 0.000001 0.000005 0.004050 -0.363023
    37 1.099670 0.000002 0.000003 -0.000007 0.002609 -0.244321
    38 0.806047 -0.348927 1.321259 -1.206854 -0.679488 -0.789307
    39 1.789791 0.000004 0.000008 0.000000 0.007386 0.228523
    40 1.207014 0.000002 -0.000006 -0.000003 0.011265 0.362844
    41 3.859665 -0.132576 1.193108 0.479139 -0.158529 -0.879052
    42 1.312565 0.000002 -0.000001 0.000007 -0.011938 -0.439655
    43 0.729362 0.000006 0.000000 0.000000 -0.006134 -0.244270
    44 3.942287 0.050316 0.431043 0.154999 -0.079305 -0.810205
    45 1.539101 0.000004 0.000000 0.000000 -0.005854 -0.247771
    46 1.196342 0.000000 0.000000 -0.000005 -0.009652 -0.430774
    47 3.883656 -0.050339 -0.431043 -0.085903 -0.026418 -0.587683
    48 1.719563 -0.000008 0.000000 -0.000006 -0.007945 -0.366462
    49 1.209179 -0.000002 0.000000 0.000000 -0.004485 -0.216364
    50 3.859818 -0.148941 -1.331282 -0.354419 0.038567 -0.532002
    51 1.719429 -0.000011 0.000001 0.000000 -0.006613 -0.362970
    52 1.099663 -0.000006 0.000000 0.000000 -0.004223 -0.244312
    53 0.806011 -0.359840 -1.318334 1.204200 0.673617 -0.793956
    54 1.789782 0.000002 0.000000 0.000001 -0.006302 0.228555
    55 1.206999 0.000000 0.000010 0.000000 -0.009619 0.362905
  time 67
    0 17.463028 -63.408180 31.496389 -0.823489 0.790125 -4.243107
    1 0.687526 4.278749 -1.286537 1.589240 -0.371713 1.390835
    2 4.018318 0.000000 0.000000 0.031723 -0.089813 0.336487
    3 3.518536 0.000000 0.000000 0.019870 -0.068516 0.380356
    4 8.942642 0.000000 0.000000 0.011865 -0.024820 0.317921
    5 3.307270 0.000001 0.000000 3.143052 -0.014202 0.471798
    6 3.593704 -0.000004 0.000000 -0.359313 -0.658793 0.377491
    7 2.000027 -3.000002 0.000000 -1.570796 0.000000 -1.326450
    8 2.033352 1.000776 -1.937610 0.747983 0.840103 1.929733
    9 6.028144 -0.000015 -0.000002 -1.425353 0.841566 0.246835
    10 11.692535 0.000000 0.000008 0.000000 -0.000001 -0.978117
    11 11.481688 0.000000 0.000008 -0.042136 0.392130 0.628239
    12 2.676086 -1.712452 0.000000 -1.570796 0.000000 -1.570795
    13 2.033344 1.000772 1.937660 -1.412995 -0.953666 1.521817
    14 6.028152 0.000011 0.000000 -3.061670 0.522458 0.018742
    15 11.692558 0.000000 -0.000004 0.000000 0.000000 -0.060372
    16 11.481682 0.000000 -0.000027 -0.103568 -0.495563 0.513013
    17 2.676094 -1.712448 0.000000 1.570797 0.000000 1.570797
    18 -3.890452 0.000004 0.000007 -2.037705 -0.132081 -1.888357
    19 17.848145 0.000000 0.000000 0.000000 0.000000 0.776523
    20 16.525240 0.000000 0.000000 0.186591 0.178996 -1.304100
    21 6.902890 0.000000 0.000000 -0.210299 -0.002963 -0.584373
    22 3.890452 -0.000004 -0.000003 -2.266477 -0.133570 -1.457732
    23 17.848135 0.000000 0.000000 0.000000 0.000000 0.034200
    24 16.525223 0.000000 0.000000 0.443684 0.237129 -0.600486
    25 6.879442 0.000000 0.000000 -0.004818 -0.033978 -0.583543
    26 3.859718 -0.142403 -1.191975 -0.479144 0.152190 -0.879873
    27 1.312569 0.000008 0.000001 0.000000 0.009664 -0.439719
    28 0.729351 0.000001 -0.000002 0.000000 0.004970 -0.244299
    29 3.942327 0.046772 -0.431443 -0.155014 0.073328 -0.810647
    30 1.539104 0.000002 0.000000 0.000000 0.004460 -0.247796
    31 1.196320 -0.000004 0.000000 0.000000 0.007361 -0.430802
    32 3.883698 -0.046761 0.431443 0.085902 0.021830 -0.587878
    33 1.719563 0.000008 0.000000 -0.000007 0.005535 -0.366457
    34 1.209183 0.000000 0.000000 0.000003 0.003062 -0.216420
    35 3.859863 -0.137962 1.332467 0.354449 -0.042750 -0.531717
    36 1.719431 0.000008 0.000001 0.000005 0.004050 -0.363023
    37 1.099670 0.000002 0.000003 -0.000007 0.002609 -0.244321
    38 0.806047 -0.348927 1.321259 -1.206854 -0.679488 -0.789307
    39 1.789791 0.000004 0.000008 0.000000 0.007386 0.228523
    40 1.207014 0.000002 -0.000006 -0.000003 0.011265 0.362844
    41 3.859665 -0.132576 1.193108 0.479139 -0.158529 -0.879052
    42 1.312565 0.000002 -0.000001 0.000007 -0.011938 -0.439655
    43 0.729362 0.000006 0.000000 0.000000 -0.006134 -0.244270
    44 3.942287 0.050316 0.431043 0.154999 -0.079305 -0.810205
    45 1.539101 0.000004 0.000000 0.000000 -0.005854 -0.247771
    46 1.196342 0.000000 0.000000 -0.000005 -0.009652 -0.430774
    47 3.883656 -0.050339 -0.431043 -0.085903 -0.026418 -0.587683
    48 1.719563 -0.000008 0.000000 -0.000006 -0.007945 -0.366462
    49 1.209179 -0.000002 0.000000 0.000000 -0.004485 -0.216364
    50 3.859818 -0.148941 -1.331282 -0.354419 0.038567 -0.532002
    51 1.719429 -0.000011 0.000001 0.000000 -0.006613 -0.362970
    52 1.099663 -0.000006 0.000000 0.000000 -0.004223 -0.244312
    53 0.806011 -0.359840 -1.318334 1.204200 0.673617 -0.793956
    54 1.789782 0.000002 0.000000 0.000001 -0.006302 0.228555
    55 1.206999 0.000000 0.000010 0.000000 -0.009619 0.362905
  time 68
    0 17.474747 -65.365271 27.664241 -0.626151 0.634010 -4.217563
    1 0.773466 4.134214 -1.645923 1.585801 -0.284065 1.365895
    2 4.018318 0.000000 0.000000 0.036589 -0.108916 0.289230
    3 3.518536 0.000000 0.000000 0.022279 -0.084108 0.353918
    4 8.942642 0.000000 0.000000 0.013147 -0.031484 0.318592
    5 3.307270 0.000001 0.000000 3.142968 -0.017713 0.475513
    6 3.593704 -0.000004 0.000000 -0.220489 -0.646951 0.260684
    7 2.000027 -3.000002 0.000000 -1.570796 0.000000 -1.326450
    8 2.033352 1.000776 -1.937610 0.724787 0.760064 1.791750
    9 6.028144 -0.000015 -0.000002 4.575612 0.815552 0.192862
    10 11.692535 0.000000 0.000008 0.000000 -0.000001 -0.679313
    11 11.481688 0.000000 0.000008 -0.044903 0.296185 0.352345
    12 2.676086 -1.712452 0.000000 -1.570796 0.000000 -1.570795
    13 2.033344 1.000772 1.937660 -1.430027 -1.076175 1.453470
    14 6.028152 0.000011 0.000000 -2.860068 0.510495 0.128922
    15 11.692558 0.000000 -0.000004 0.000000 0.000000 -0.060372
    16 11.481682 0.000000 -0.000027 -0.167162 -0.436839 0.494856
    17 2.676094 -1.712448 0.000000 1.570797 0.000000 1.570797
    18 -3.890452 0.000004 0.000007 -2.003457 -0.033890 -1.952308
    19 17.848145 0.000000 0.000000 0.000000 0.000000 0.505790
    20 16.525240 0.000000 0.000000 0.217947 0.208230 -1.188158
    21 6.879452 0.000000 0.000000 -0.210299 -0.002963 -0.584373
    22 3.890452 -0.000004 -0.000003 -2.091846 -0.102705 -1.488316
    23 17.848135 0.000000 0.000000 0.000000 0.000000 0.034200
    24 16.525223 0.000000 0.000000 0.303846 0.223059 -0.692368
    25 6.879442 0.000000 0.000000 -0.004830 -0.033978 -0.583543
    26 3.859718 -0.142403 -1.191975 -0.479144 0.152190 -0.879873
    27 1.312569 0.000008 0.000001 0.000000 0.009664 -0.439719
    28 0.729351 0.000001 -0.000002 0.000000 0.004970 -0.244299
    29 3.942327 0.046772 -0.431443 -0.155014 0.073328 -0.810647
    30 1.539104 0.000002 0.000000 0.000000 0.004460 -0.247796
    31 1.196320 -0.000004 0.000000 0.000000 0.007361 -0.430802
    32 3.883698 -0.046761 0.431443 0.085902 0.021818 -0.587878
    33 1.719563 0.000008 0.000000 -0.000007 0.005535 -0.366457
    34 1.209183 0.000000 0.000000 0.000003 0.003062 -0.216420
    35 3.859863 -0.137962 1.332467 0.354449 -0.042750 -0.531717
    36 1.719431 0.000008 0.000001 0.000005 0.004050 -0.363023
    37 1.099670 0.000002 0.000003 -0.000007 0.002609 -0.244321
    38 0.806047 -0.348927 1.321259 -1.206854 -0.679488 -0.789307
    39 1.789791 0.000004 0.000008 0.000000 0.007386 0.228523
    40 1.207014 0.000002 -0.000006 -0.000003 0.011265 0.362844
    41 3.859665 -0.132576 1.193108 0.479139 -0.158529 -0.879052
    42 1.312565 0.000002 -0.000001 0.000007 -0.011938 -0.439655
    43 0.729362 0.000006 0.000000 0.000000 -0.006134 -0.244270
    44 3.942287 0.050316 0.431043 0.154999 -0.079305 -0.810205
    45 1.539101 0.000004 0.000000 0.000000 -0.005854 -0.247771
    46 1.196342 0.000000 0.000000 -0.000005 -0.009652 -0.430774
    47 3.883656 -0.050339 -0.431043 -0.085903 -0.026418 -0.587683
    48 1.719563 -0.000008 0.000000 -0.000006 -0.007945 -0.366462
    49 1.209179 -0.000002 0.000000 0.000000 -0.004485 -0.216364
    50 3.859818 -0.148941 -1.331282 -0.354419 0.038567 -0.532002
    51 1.719429 -0.000011 0.000001 0.000000 -0.006613 -0.362970
    52 1.099663 -0.000006 0.000000 0.000000 -0.004223 -0.244312
    53 0.806011 -0.359840 -1.318334 1.204200 0.673617 -0.793956
    54 1.789782 0.000002 0.000000 0.000001 -0.006302 0.228555
    55 1.206999 0.000000 0.000010 0.000000 -0.009619 0.362905
  time 69
    0 17.470841 -66.728594 24.644618 -0.560525 0.493023 -4.256541
    1 0.714871 3.997491 -1.958432 1.581103 -0.204159 1.377053
    2 4.018318 0.000000 0.000000 0.034911 -0.110043 0.257228
    3 3.518536 0.000000 0.000000 0.020661 -0.086505 0.340603
    4 8.942642 0.000000 0.000000 0.012176 -0.033617 0.327401
    5 3.307270 0.000001 0.000000 3.142561 -0.018696 0.484562
    6 3.593704 -0.000004 0.000000 -0.091012 -0.571719 0.233650
    7 2.000027 -3.000002 0.000000 -1.570796 0.000000 -1.326450
    8 2.033352 1.000776 -1.937610 0.631362 0.689008 1.643575
    9 6.028144 -0.000015 -0.000002 4.490406 0.803081 0.180859
    10 11.692535 0.000000 0.000008 0.000000 -0.000001 -0.560865
    11 11.481688 0.000000 0.000008 -0.140560 0.198883 0.160757
    12 2.676086 -1.712452 0.000000 -1.570796 0.000000 -1.570795
    13 2.033344 1.000772 1.937660 -1.538723 -1.161302 1.500191
    14 6.028152 0.000011 0.000000 -2.663549 0.505435 0.193887
    15 11.692558 0.000000 -0.000004 0.000000 0.000000 -0.060372
    16 11.481682 0.000000 -0.000027 -0.219844 -0.378734 0.441909
    17 2.676094 -1.712448 0.000000 1.570797 0.000000 1.570797
    18 -3.890452 0.000004 0.000007 -2.029487 -0.181665 -1.849957
    19 17.848145 0.000000 0.000000 0.000000 -0.000012 0.686380
    20 16.525240 0.000000 0.000000 0.227875 0.241439 -1.304211
    21 6.820856 0.000000 0.000000 -0.210299 -0.002963 -0.584373
    22 3.890452 -0.000004 -0.000003 -2.120675 -0.137753 -1.428747
    23 17.848135 0.000000 0.000000 0.000000 0.000000 0.034200
    24 16.525223 0.000000 0.000000 0.299869 0.204016 -0.610245
    25 6.879442 0.000000 0.000000 -0.004842 -0.033990 -0.583543
    26 3.859718 -0.142403 -1.191975 -0.479144 0.152190 -0.879873
    27 1.312569 0.000008 0.000001 0.000000 0.009664 -0.439719
    28 0.729351 0.000001 -0.000002 0.000000 0.004970 -0.244299
    29 3.942327 0.046772 -0.431443 -0.155014 0.073328 -0.810647
    30 1.539104 0.000002 0.000000 0.000000 0.004460 -0.247796
    31 1.196320 -0.000004 0.000000 0.000000 0.007361 -0.430802
    32 3.883698 -0.046761 0.431443 0.085902 0.021830 -0.587878
    33 1.719563 0.000008 0.000000 -0.000007 0.005535 -0.366457
    34 1.209183 0.000000 0.000000 0.000003 0.003062 -0.216420
    35 3.859863 -0.137962 1.332467 0.354449 -0.042750 -0.531717
    36 1.719431 0.000008 0.000001 0.000005 0.004050 -0.363023
    37 1.099670 0.000002 0.000003 -0.000007 0.002609 -0.244321
    38 0.806047 -0.348927 1.321259 -1.206854 -0.679488 -0.789307
    39 1.789791 0.000004 0.000008 0.000000 0.007386 0.228523
    40 1.207014 0.000002 -0.000006 -0.000003 0.011265 0.362844
    41 3.859665 -0.132576 1.193108 0.479139 -0.158529 -0.879052
    42 1.312565 0.000002 -0.000001 0.000007 -0.011938 -0.439655
    43 0.729362 0.000006 0.000000 0.000000 -0.006134 -0.244270
    44 3.942287 0.050316 0.431043 0.154999 -0.079305 -0.810205
    45 1.539101 0.000004 0.000000 0.000000 -0.005854 -0.247771
    46 1.196342 0.000000 0.000000 -0.000005 -0.009652 -0.430774
    47 3.883656 -0.050339 -0.431043 -0.085903 -0.026418 -0.587683
    48 1.719563 -0.000008 0.000000 -0.000006 -0.007945 -0.366462
    49 1.209179 -0.000002 0.000000 0.000000 -0.004485 -0.216364
    50 3.859818 -0.148941 -1.331282 -0.354419 0.038567 -0.532002
    51 1.719429 -0.000011 0.000001 0.000000 -0.006613 -0.362970
    52 1.099663 -0.000006 0.000000 0.000000 -0.004211 -0.244312
    53 0.806011 -0.359840 -1.318334 1.204200 0.673617 -0.793956
    54 1.789782 0.000002 0.000000 0.000001 -0.006302 0.228555
    55 1.206999 0.000000 0.000010 0.000000 -0.009619 0.362905
  time 70
    0 17.470841 -67.795033 22.152354 -0.517633 0.380009 -4.294666
    1 0.613305 3.856861 -2.243597 1.577016 -0.128947 1.399584
    2 4.018318 0.000000 0.000000 0.030920 -0.103595 0.222729
    3 3.518536 0.000000 0.000000 0.017857 -0.082826 0.322746
    4 8.942642 0.000000 0.000000 0.010475 -0.033329 0.331595
    5 3.307270 0.000001 0.000000 3.142141 -0.018384 0.490410
    6 3.593704 -0.000004 0.000000 -0.004397 -0.483037 0.221807
    7 2.000027 -3.000002 0.000000 -1.570796 0.000000 -1.326450
    8 2.033352 1.000776 -1.937610 0.535083 0.636125 1.521326
    9 6.028144 -0.000015 -0.000002 4.407911 0.850696 0.181813
    10 11.692535 0.000000 0.000008 0.000000 -0.000001 -0.604090
    11 11.481688 0.000000 0.000008 -0.200838 0.129271 0.088138
    12 2.676086 -1.712452 0.000000 -1.570796 0.000000 -1.570795
    13 2.033344 1.000772 1.937660 4.432890 -1.171297 1.767647
    14 6.028152 0.000011 0.000000 -2.500700 0.524713 0.212560
    15 11.692558 0.000000 -0.000004 0.000000 0.000000 -0.060372
    16 11.481682 0.000000 -0.000027 -0.232574 -0.368901 0.359512
    17 2.676094 -1.712448 0.000000 1.570797 0.000000 1.570797
    18 -3.890452 0.000004 0.000007 -2.066513 -0.257207 -1.772287
    19 17.848145 0.000000 0.000000 0.000000 -0.000012 0.742116
    20 16.525240 0.000000 0.000000 0.248306 0.271403 -1.346521
    21 6.793512 0.000000 0.000000 -0.210299 -0.002963 -0.584373
    22 3.890452 -0.000004 -0.000003 -2.181479 -0.148006 -1.383271
    23 17.848135 0.000000 0.000000 0.000000 0.000000 0.034200
    24 16.525223 0.000000 0.000000 0.308614 0.184373 -0.534907
    25 6.879442 0.000000 0.000000 -0.004842 -0.033990 -0.583543
    26 3.859718 -0.142403 -1.191975 -0.479144 0.152190 -0.879873
    27 1.312569 0.000008 0.000001 0.000000 0.009664 -0.439719
    28 0.729351 0.000001 -0.000002 0.000000 0.004970 -0.244299
    29 3.942327 0.046772 -0.431443 -0.155014 0.073328 -0.810647
    30 1.539104 0.000002 0.000000 0.000000 0.004460 -0.247796
    31 1.196320 -0.000004 0.000000 0.000000 0.007361 -0.430802
    32 3.883698 -0.046761 0.431443 0.085902 0.021818 -0.587878
    33 1.719563 0.000008 0.000000 -0.000007 0.005535 -0.366457
    34 1.209183 0.000000 0.000000 0.000003 0.003062 -0.216420
    35 3.859863 -0.137962 1.332467 0.354449 -0.042750 -0.531717
    36 1.719431 0.000008 0.000001 0.000005 0.004050 -0.363023
    37 1.099670 0.000002 0.000003 -0.000007 0.002609 -0.244321
    38 0.806047 -0.348927 1.321259 -1.206854 -0.679488 -0.789307
    39 1.789791 0.000004 0.000008 0.000000 0.007386 0.228523
    40 1.207014 0.000002 -0.000006 -0.000003 0.011265 0.362844
    41 3.859665 -0.132576 1.193108 0.479139 -0.158529 -0.879052
    42 1.312565 0.000002 -0.000001 0.000007 -0.011938 -0.439655
    43 0.729362 0.000006 0.000000 0.000000 -0.006134 -0.244270
    44 3.942287 0.050316 0.431043 0.154999 -0.079305 -0.810205
    45 1.539101 0.000004 0.000000 0.000000 -0.005854 -0.247771
    46 1.196342 0.000000 0.000000 -0.000005 -0.009652 -0.430774
    47 3.883656 -0.050339 -0.431043 -0.085903 -0.026418 -0.587683
    48 1.719563 -0.000008 0.000000 -0.000006 -0.007945 -0.366462
    49 1.209179 -0.000002 0.000000 0.000000 -0.004485 -0.216364
    50 3.859818 -0.148941 -1.331282 -0.354419 0.038567 -0.532002
    51 1.719429 -0.000011 0.000001 0.000000 -0.006613 -0.362970
    52 1.099663 -0.000006 0.000000 0.000000 -0.004223 -0.244312
    53 0.806011 -0.359840 -1.318334 1.204200 0.673617 -0.793956
    54 1.789782 0.000002 0.000000 0.000001 -0.006302 0.228555
    55 1.206999 0.000000 0.000010 0.000000 -0.009619 0.362905
  time 71
    0 17.463028 -68.591932 19.984319 -0.492322 0.291260 -4.327967
    1 0.488301 3.735764 -2.458447 1.574080 -0.070434 1.430313
    2 4.018318 0.000000 0.000000 0.025132 -0.089357 0.189723
    3 3.518536 0.000000 0.000000 0.014310 -0.072363 0.301701
    4 8.942642 0.000000 0.000000 0.008317 -0.029890 0.329054
    5 3.307270 0.000001 0.000000 3.141806 -0.016407 0.491033
    6 3.593704 -0.000004 0.000000 0.047351 -0.384846 0.226642
    7 2.000027 -3.000002 0.000000 -1.570796 0.000000 -1.326450
    8 2.033352 1.000776 -1.937610 0.440829 0.608286 1.399898
    9 6.028144 -0.000015 -0.000002 4.296889 0.922774 0.164882
    10 11.692535 0.000000 0.000008 0.000000 -0.000001 -0.750926
    11 11.481688 0.000000 0.000008 -0.246459 0.080015 0.095552
    12 2.676086 -1.712452 0.000000 -1.570796 0.000000 -1.570795
    13 2.033344 1.000772 1.937660 4.042596 -1.067346 2.107466
    14 6.028152 0.000011 0.000000 -2.377105 0.587666 0.199270
    15 11.692558 0.000000 -0.000004 0.000000 0.000000 -0.060372
    16 11.481682 0.000000 -0.000027 -0.184245 -0.378845 0.252191
    17 2.676094 -1.712448 0.000000 1.570797 0.000000 1.570797
    18 -3.890452 0.000004 0.000007 -2.106632 -0.294629 -1.716733
    19 17.848145 0.000000 0.000000 0.000000 -0.000012 0.738198
    20 16.525240 0.000000 0.000000 0.279738 0.295124 -1.348246
    21 6.785699 0.000000 0.000000 -0.210299 -0.002963 -0.584373
    22 3.890452 -0.000004 -0.000003 -2.247224 -0.134643 -1.361532
    23 17.848135 0.000000 0.000000 0.000000 0.000000 0.034200
    24 16.525223 0.000000 0.000000 0.315229 0.152686 -0.478651
    25 6.879442 0.000000 0.000000 -0.004842 -0.034002 -0.583543
    26 3.859718 -0.142403 -1.191975 -0.479144 0.152190 -0.879873
    27 1.312569 0.000008 0.000001 0.000000 0.009664 -0.439719
    28 0.729351 0.000001 -0.000002 0.000000 0.004970 -0.244299
    29 3.942327 0.046772 -0.431443 -0.155014 0.073328 -0.810647
    30 1.539104 0.000002 0.000000 0.000000 0.004460 -0.247796
    31 1.196320 -0.000004 0.000000 0.000000 0.007361 -0.430802
    32 3.883698 -0.046761 0.431443 0.085902 0.021818 -0.587878
    33 1.719563 0.000008 0.000000 -0.000007 0.005535 -0.366457
    34 1.209183 0.000000 0.000000 0.000003 0.003062 -0.216420
    35 3.859863 -0.137962 1.332467 0.354449 -0.042750 -0.531717
    36 1.719431 0.000008 0.000001 0.000005 0.004050 -0.363023
    37 1.099670 0.000002 0.000003 -0.000007 0.002609 -0.244321
    38 0.806047 -0.348927 1.321259 -1.206854 -0.679488 -0.789307
    39 1.789791 0.000004 0.000008 0.000000 0.007386 0.228523
    40 1.207014 0.000002 -0.000006 -0.000003 0.011265 0.362844
    41 3.859665 -0.132576 1.193108 0.479139 -0.158529 -0.879052
    42 1.312565 0.000002 -0.000001 0.000007 -0.011938 -0.439655
    43 0.729362 0.000006 0.000000 0.000000 -0.006134 -0.244270
    44 3.942287 0.050316 0.431043 0.154999 -0.079305 -0.810205
    45 1.539101 0.000004 0.000000 0.000000 -0.005854 -0.247771
    46 1.196342 0.000000 0.000000 -0.000005 -0.009652 -0.430774
    47 3.883656 -0.050339 -0.431043 -0.085903 -0.026418 -0.587683
    48 1.719563 -0.000008 0.000000 -0.000006 -0.007945 -0.366462
    49 1.209179 -0.000002 0.000000 0.000000 -0.004485 -0.216364
    50 3.859818 -0.148941 -1.331282 -0.354419 0.038567 -0.532002
    51 1.719429 -0.000011 0.000001 0.000000 -0.006613 -0.362970
    52 1.099663 -0.000006 0.000000 0.000000 -0.004223 -0.244312
    53 0.806011 -0.359840 -1.318334 1.204200 0.673617 -0.793956
    54 1.789782 0.000002 0.000000 0.000001 -0.006302 0.228555
    55 1.206999 0.000000 0.000010 0.000000 -0.009619 0.362905
  time 72
    0 17.451309 -69.166168 18.038947 -0.480909 0.223070 -4.354741
    1 0.363297 3.665449 -2.575639 1.572090 -0.036380 1.464325
    2 4.018318 0.000000 0.000000 0.018576 -0.069547 0.159187
    3 3.518536 0.000000 0.000000 0.010582 -0.056603 0.276929
    4 8.942642 0.000000 0.000000 0.006100 -0.023694 0.317082
    5 3.307270 0.000001 0.000000 3.141662 -0.012943 0.484106
    6 3.593704 -0.000004 0.000000 0.077914 -0.282452 0.238462
    7 2.000027 -3.000002 0.000000 -1.570796 0.000000 -1.326450
    8 2.033352 1.000776 -1.937610 0.368573 0.609818 1.277923
    9 6.028144 -0.000015 -0.000002 4.138260 0.969493 0.105822
    10 11.692535 0.000000 0.000008 0.000000 -0.000001 -0.932085
    11 11.481688 0.000000 0.000008 -0.294847 0.041431 0.144799
    12 2.676086 -1.712452 0.000000 -1.570796 0.000000 -1.570795
    13 2.033344 1.000772 1.937660 3.754876 -0.884154 2.349373
    14 6.028152 0.000011 0.000000 -2.299264 0.692228 0.189507
    15 11.692558 0.000000 -0.000004 0.000000 0.000000 -0.060372
    16 11.481682 0.000000 -0.000027 -0.089681 -0.367620 0.137219
    17 2.676094 -1.712448 0.000000 1.570797 0.000000 1.570797
    18 -3.890452 0.000004 0.000007 -2.144117 -0.306931 -1.683654
    19 17.848145 0.000000 0.000000 0.000000 -0.000012 0.693112
    20 16.525240 0.000000 0.000000 0.319105 0.312207 -1.319567
    21 6.793512 0.000000 0.000000 -0.210299 -0.002963 -0.584373
    22 3.890452 -0.000004 -0.000003 -2.334996 -0.265678 -1.212077
    23 17.848135 0.000000 0.000000 0.000000 0.000000 0.473880
    24 16.525223 0.000000 0.000000 0.312632 0.108738 -0.663843
    25 6.879442 0.000000 0.000000 -0.004842 -0.034002 -0.583543
    26 3.859718 -0.142403 -1.191975 -0.479144 0.152190 -0.879873
    27 1.312569 0.000008 0.000001 0.000000 0.009664 -0.439719
    28 0.729351 0.000001 -0.000002 0.000000 0.004970 -0.244299
    29 3.942327 0.046772 -0.431443 -0.155014 0.073328 -0.810647
    30 1.539104 0.000002 0.000000 0.000000 0.004460 -0.247796
    31 1.196320 -0.000004 0.000000 0.000000 0.007361 -0.430802
    32 3.883698 -0.046761 0.431443 0.085902 0.021818 -0.587878
    33 1.719563 0.000008 0.000000 -0.000007 0.005535 -0.366457
    34 1.209183 0.000000 0.000000 0.000003 0.003062 -0.216420
    35 3.859863 -0.137962 1.332467 0.354449 -0.042750 -0.531717
    36 1.719431 0.000008 0.000001 0.000005 0.004050 -0.363023
    37 1.099670 0.000002 0.000003 -0.000007 0.002609 -0.244321
    38 0.806047 -0.348927 1.321259 -1.206854 -0.679488 -0.789307
    39 1.789791 0.000004 0.000008 0.000000 0.007386 0.228523
    40 1.207014 0.000002 -0.000006 -0.000003 0.011265 0.362844
    41 3.859665 -0.132576 1.193108 0.479139 -0.158529 -0.879052
    42 1.312565 0.000002 -0.000001 0.000007 -0.011938 -0.439655
    43 0.729362 0.000006 0.000000 0.000000 -0.006134 -0.244270
    44 3.942287 0.050316 0.431043 0.154999 -0.079305 -0.810205
    45 1.539101 0.000004 0.000000 0.000000 -0.005854 -0.247771
    46 1.196342 0.000000 0.000000 -0.000005 -0.009652 -0.430774
    47 3.883656 -0.050339 -0.431043 -0.085903 -0.026418 -0.587683
    48 1.719563 -0.000008 0.000000 -0.000006 -0.007945 -0.366462
    49 1.209179 -0.000002 0.000000 0.000000 -0.004485 -0.216364
    50 3.859818 -0.148941 -1.331282 -0.354419 0.038567 -0.532002
    51 1.719429 -0.000011 0.000001 0.000000 -0.006613 -0.362970
    52 1.099663 -0.000006 0.000000 0.000000 -0.004223 -0.244312
    53 0.806011 -0.359840 -1.318334 1.204200 0.673617 -0.793956
    54 1.789782 0.000002 0.000000 0.000001 -0.006302 0.228555
    55 1.206999 0.000000 0.000010 0.000000 -0.009619 0.362905
  time 73
    0 17.435683 -69.548992 16.269362 -0.479988 0.172217 -4.374797
    1 0.246106 3.657637 -2.602983 1.571060 -0.028975 1.498349
    2 4.018318 0.000000 0.000000 0.012033 -0.047615 0.131636
    3 3.518536 0.000000 0.000000 0.006951 -0.038638 0.249221
    4 8.942642 0.000000 0.000000 0.003991 -0.016203 0.295270
    5 3.307270 0.000001 0.000000 3.141614 -0.008821 0.468790
    6 3.593704 -0.000004 0.000000 0.098822 -0.183075 0.249373
    7 2.000027 -3.000002 0.000000 -1.570796 0.000000 -1.326450
    8 2.033352 1.000776 -1.937610 0.353754 0.658106 1.175377
    9 6.028144 -0.000015 -0.000002 3.929031 0.941688 -0.012458
    10 11.692535 0.000000 0.000008 0.000000 -0.000001 -1.119740
    11 11.481688 0.000000 0.000008 -0.355538 0.002114 0.222917
    12 2.676086 -1.712452 0.000000 -1.570796 0.000000 -1.570795
    13 2.033344 1.000772 1.937660 3.599294 -0.755283 2.513078
    14 6.028152 0.000011 0.000000 -2.449112 0.855178 0.058649
    15 11.692558 0.000000 -0.000004 0.000000 0.000000 -0.362447
    16 11.481682 0.000000 -0.000027 0.044010 -0.302286 0.205592
    17 2.676094 -1.712448 0.000000 1.570797 0.000000 1.570797
    18 -3.890452 0.000004 0.000007 -2.174786 -0.299349 -1.673987
    19 17.848145 0.000000 0.000000 0.000000 -0.000012 0.609674
    20 16.525240 0.000000 0.000000 0.362554 0.322764 -1.263626
    21 6.813043 0.000000 0.000000 -0.210299 -0.002963 -0.584373
    22 3.890452 -0.000004 -0.000003 -2.403786 -0.305939 -1.134633
    23 17.848135 0.000000 0.000000 0.000000 0.000000 0.690436
    24 16.525223 0.000000 0.000000 0.299301 0.055634 -0.739380
    25 6.879442 0.000000 0.000000 -0.004842 -0.034002 -0.583543
    26 3.859718 -0.142403 -1.191975 -0.479144 0.152190 -0.879873
    27 1.312569 0.000008 0.000001 0.000000 0.009664 -0.439719
    28 0.729351 0.000001 -0.000002 0.000000 0.004970 -0.244299
    29 3.942327 0.046772 -0.431443 -0.155014 0.073328 -0.810647
    30 1.539104 0.000002 0.000000 0.000000 0.004460 -0.247796
    31 1.196320 -0.000004 0.000000 0.000000 0.007361 -0.430802
    32 3.883698 -0.046761 0.431443 0.085902 0.021818 -0.587878
    33 1.719563 0.000008 0.000000 -0.000007 0.005535 -0.366457
    34 1.209183 0.000000 0.000000 0.000003 0.003062 -0.216420
    35 3.859863 -0.137962 1.332467 0.354449 -0.042750 -0.531717
    36 1.719431 0.000008 0.000001 0.000005 0.004050 -0.363023
    37 1.099670 0.000002 0.000003 -0.000007 0.002609 -0.244321
    38 0.806047 -0.348927 1.321259 -1.206854 -0.679488 -0.789307
    39 1.789791 0.000004 0.000008 0.000000 0.007386 0.228523
    40 1.207014 0.000002 -0.000006 -0.000003 0.011265 0.362844
    41 3.859665 -0.132576 1.193108 0.479139 -0.158529 -0.879052
    42 1.312565 0.000002 -0.000001 0.000007 -0.011938 -0.439655
    43 0.729362 0.000006 0.000000 0.000000 -0.006134 -0.244270
    44 3.942287 0.050316 0.431043 0.154999 -0.079305 -0.810205
    45 1.539101 0.000004 0.000000 0.000000 -0.005854 -0.247771
    46 1.196342 0.000000 0.000000 -0.000005 -0.009652 -0.430774
    47 3.883656 -0.050339 -0.431043 -0.085903 -0.026418 -0.587683
    48 1.719563 -0.000008 0.000000 -0.000006 -0.007945 -0.366462
    49 1.209179 -0.000002 0.000000 0.000000 -0.004485 -0.216364
    50 3.859818 -0.148941 -1.331282 -0.354419 0.038567 -0.532002
    51 1.719429 -0.000011 0.000001 0.000000 -0.006613 -0.362970
    52 1.099663 -0.000006 0.000000 0.000000 -0.004223 -0.244312
    53 0.806011 -0.359840 -1.318334 1.204200 0.673617 -0.793956
    54 1.789782 0.000002 0.000000 0.000001 -0.006302 0.228555
    55 1.206999 0.000000 0.000010 0.000000 -0.009619 0.362905
  time 74
    0 17.416152 -69.783375 14.632593 -0.486155 0.136081 -4.388515
    1 0.140634 3.700607 -2.548294 1.570784 -0.044384 1.529689
    2 4.018318 0.000000 0.000000 0.006400 -0.026750 0.108632
    3 3.518536 0.000000 0.000000 0.003787 -0.021536 0.221644
    4 8.942642 0.000000 0.000000 0.002181 -0.008952 0.267226
    5 3.307270 0.000001 0.000000 3.141626 -0.004854 0.447601
    6 3.593704 -0.000004 0.000000 0.116225 -0.094232 0.259198
    7 2.000027 -3.000002 0.000000 -1.570796 0.000000 -1.326450
    8 2.033352 1.000776 -1.937610 0.457765 0.792684 1.137204
    9 6.028144 -0.000015 -0.000002 3.705585 0.760747 -0.154426
    10 11.692535 0.000000 0.000008 0.000000 -0.000001 -1.298895
    11 11.481688 0.000000 0.000008 -0.416523 -0.050297 0.325291
    12 2.676086 -1.712452 0.000000 -1.570796 0.000000 -1.570795
    13 2.033344 1.000772 1.937660 3.573460 -0.844414 2.672493
    14 6.028152 0.000011 0.000000 -2.885237 0.777099 -0.114641
    15 11.692558 0.000000 -0.000004 0.000000 0.000000 -0.727583
    16 11.481682 0.000000 -0.000027 0.239806 -0.173683 0.398336
    17 2.676094 -1.712448 0.000000 1.570797 0.000000 1.570797
    18 -3.890452 0.000004 0.000007 -2.195232 -0.271003 -1.690566
    19 17.848145 0.000000 0.000000 0.000000 0.000000 0.477646
    20 16.525240 0.000000 0.000000 0.405831 0.326945 -1.177170
    21 6.832575 0.000000 0.000000 -0.210299 -0.002963 -0.584373
    22 3.890452 -0.000004 -0.000003 -2.448924 -0.313660 -1.100852
    23 17.848135 0.000000 0.000000 0.000000 0.000012 0.807987
    24 16.525223 0.000000 0.000000 0.275846 -0.002347 -0.772229
    25 6.879442 0.000000 0.000000 -0.004842 -0.033990 -0.583543
    26 3.859718 -0.142403 -1.191975 -0.479144 0.152190 -0.879873
    27 1.312569 0.000008 0.000001 0.000000 0.009664 -0.439719
    28 0.729351 0.000001 -0.000002 0.000000 0.004970 -0.244299
    29 3.942327 0.046772 -0.431443 -0.155014 0.073328 -0.810647
    30 1.539104 0.000002 0.000000 0.000000 0.004460 -0.247796
    31 1.196320 -0.000004 0.000000 0.000000 0.007361 -0.430802
    32 3.883698 -0.046761 0.431443 0.085902 0.021818 -0.587878
    33 1.719563 0.000008 0.000000 -0.000007 0.005535 -0.366457
    34 1.209183 0.000000 0.000000 0.000003 0.003062 -0.216420
    35 3.859863 -0.137962 1.332467 0.354449 -0.042750 -0.531717
    36 1.719431 0.000008 0.000001 0.000005 0.004050 -0.363023
    37 1.099670 0.000002 0.000003 -0.000007 0.002609 -0.244321
    38 0.806047 -0.348927 1.321259 -1.206854 -0.679488 -0.789307
    39 1.789791 0.000004 0.000008 0.000000 0.007386 0.228523
    40 1.207014 0.000002 -0.000006 -0.000003 0.011265 0.362844
    41 3.859665 -0.132576 1.193108 0.479139 -0.158529 -0.879052
    42 1.312565 0.000002 -0.000001 0.000007 -0.011938 -0.439655
    43 0.729362 0.000006 0.000000 0.000000 -0.006134 -0.244270
    44 3.942287 0.050316 0.431043 0.154999 -0.079305 -0.810205
    45 1.539101 0.000004 0.000000 0.000000 -0.005854 -0.247771
    46 1.196342 0.000000 0.000000 -0.000005 -0.009652 -0.430774
    47 3.883656 -0.050339 -0.431043 -0.085903 -0.026418 -0.587683
    48 1.719563 -0.000008 0.000000 -0.000006 -0.007945 -0.366462
    49 1.209179 -0.000002 0.000000 0.000000 -0.004485 -0.216364
    50 3.859818 -0.148941 -1.331282 -0.354419 0.038567 -0.532002
    51 1.719429 -0.000011 0.000001 0.000000 -0.006613 -0.362970
    52 1.099663 -0.000006 0.000000 0.000000 -0.004211 -0.244312
    53 0.806011 -0.359840 -1.318334 1.204200 0.673617 -0.793956
    54 1.789782 0.000002 0.000000 0.000001 -0.006302 0.228555
    55 1.206999 0.000000 0.000010 0.000000 -0.009619 0.362905
  time 75
    0 17.384901 -69.900566 13.109109 -0.495543 0.112565 -4.396934
    1 0.050788 3.774828 -2.446728 1.570772 -0.073052 1.555863
    2 4.018318 0.000000 0.000000 0.002205 -0.009456 0.093609
    3 3.518536 0.000000 0.000000 0.001330 -0.007514 0.199928
    4 8.942642 0.000000 0.000000 0.000767 -0.003068 0.240992
    5 3.307270 0.000001 0.000000 3.141614 -0.001654 0.427036
    6 3.593704 -0.000004 0.000000 0.131629 -0.022357 0.276917
    7 2.000027 -3.000002 0.000000 -1.570796 0.000000 -1.326450
    8 2.033352 1.000776 -1.937610 0.753137 1.023881 1.208624
    9 6.028144 -0.000015 -0.000002 3.513004 0.382875 -0.182247
    10 11.692535 0.000000 0.000008 0.000000 -0.000001 -1.406917
    11 11.481688 0.000000 0.000008 -0.452725 -0.039807 0.443475
    12 2.676086 -1.712452 0.000000 -1.570796 0.000000 -1.570795
    13 2.033344 1.000772 1.937660 3.565135 -1.121058 2.937669
    14 6.028152 0.000011 0.000000 -3.426288 0.385938 0.014101
    15 11.692558 0.000000 -0.000004 0.000000 0.000000 -0.875878
    16 11.481682 0.000000 -0.000027 0.608309 -0.109147 0.639205
    17 2.676094 -1.712448 0.000000 1.570797 0.000000 1.570797
    18 -3.890452 0.000004 0.000007 -2.200759 -0.201940 -1.748488
    19 17.848145 0.000000 0.000000 0.000000 0.000000 0.239996
    20 16.525240 0.000000 0.000000 0.444642 0.324639 -1.032744
    21 6.856014 0.000000 0.000000 -0.210299 -0.002963 -0.584373
    22 3.890452 -0.000004 -0.000003 -2.470308 -0.311794 -1.098987
    23 17.848135 0.000000 0.000000 0.000000 0.000012 0.858479
    24 16.525223 0.000000 0.000000 0.244660 -0.060892 -0.775680
    25 6.879442 0.000000 0.000000 -0.004842 -0.033990 -0.583543
    26 3.859718 -0.142403 -1.191975 -0.479144 0.152190 -0.879873
    27 1.312569 0.000008 0.000001 0.000000 0.009664 -0.439719
    28 0.729351 0.000001 -0.000002 0.000000 0.004970 -0.244299
    29 3.942327 0.046772 -0.431443 -0.155014 0.073328 -0.810647
    30 1.539104 0.000002 0.000000 0.000000 0.004460 -0.247796
    31 1.196320 -0.000004 0.000000 0.000000 0.007361 -0.430802
    32 3.883698 -0.046761 0.431443 0.085902 0.021818 -0.587878
    33 1.719563 0.000008 0.000000 -0.000007 0.005535 -0.366457
    34 1.209183 0.000000 0.000000 0.000003 0.003062 -0.216420
    35 3.859863 -0.137962 1.332467 0.354449 -0.042750 -0.531717
    36 1.719431 0.000008 0.000001 0.000005 0.004050 -0.363023
    37 1.099670 0.000002 0.000003 -0.000007 0.002609 -0.244321
    38 0.806047 -0.348927 1.321259 -1.206854 -0.679488 -0.789307
    39 1.789791 0.000004 0.000008 0.000000 0.007386 0.228523
    40 1.207014 0.000002 -0.000006 -0.000003 0.011265 0.362844
    41 3.859665 -0.132576 1.193108 0.479139 -0.158529 -0.879052
    42 1.312565 0.000002 -0.000001 0.000007 -0.011938 -0.439655
    43 0.729362 0.000006 0.000000 0.000000 -0.006134 -0.244270
    44 3.942287 0.050316 0.431043 0.154999 -0.079305 -0.810205
    45 1.539101 0.000004 0.000000 0.000000 -0.005854 -0.247771
    46 1.196342 0.000000 0.000000 -0.000005 -0.009652 -0.430774
    47 3.883656 -0.050339 -0.431043 -0.085903 -0.026418 -0.587683
    48 1.719563 -0.000008 0.000000 -0.000006 -0.007945 -0.366462
    49 1.209179 -0.000002 0.000000 0.000000 -0.004485 -0.216364
    50 3.859818 -0.148941 -1.331282 -0.354419 0.038567 -0.532002
    51 1.719429 -0.000011 0.000001 0.000000 -0.006613 -0.362970
    52 1.099663 -0.000006 0.000000 0.000000 -0.004211 -0.244312
    53 0.806011 -0.359840 -1.318334 1.204200 0.673617 -0.793956
    54 1.789782 0.000002 0.000000 0.000001 -0.006302 0.228555
    55 1.206999 0.000000 0.000010 0.000000 -0.009619 0.362905
  time 76
    0 17.338024 -69.947442 11.679378 -0.504379 0.099758 -4.401097
    1 -0.011714 3.845142 -2.345163 1.570796 -0.101569 1.574811
    2 4.018318 0.000000 0.000000 -0.000575 0.002469 0.091844
    3 3.518536 0.000000 0.000000 -0.000348 0.001942 0.192294
    4 8.942642 0.000000 0.000000 -0.000204 0.000779 0.227401
    5 3.307270 0.000001 0.000000 3.141590 0.000419 0.415794
    6 3.593704 -0.000004 0.000000 0.143129 0.027140 0.317923
    7 2.000027 -3.000002 0.000000 -1.570796 0.000000 -1.326450
    8 2.033352 1.000776 -1.937610 1.148930 1.217883 1.364530
    9 6.028144 -0.000015 -0.000002 3.333798 0.050498 -0.053395
    10 11.692535 0.000000 0.000008 0.000000 -0.000001 -1.397855
    11 11.481688 0.000000 0.000008 -0.469090 0.050233 0.515407
    12 2.676086 -1.712452 0.000000 -1.570796 0.000000 -1.570795
    13 2.033344 1.000772 1.937660 3.339705 -1.311117 3.364176
    14 6.028152 0.000011 0.000000 -3.949754 0.121726 0.306295
    15 11.692558 0.000000 -0.000004 0.000000 0.000000 -0.866942
    16 11.481682 0.000000 -0.000027 0.995327 -0.239499 0.804442
    17 2.676094 -1.712448 0.000000 1.570797 0.000000 1.570797
    18 -3.890452 0.000004 0.000007 -2.200444 -0.146505 -1.804858
    19 17.848145 0.000000 0.000000 0.000000 0.000000 0.034187
    20 16.525240 0.000000 0.000000 0.474656 0.315582 -0.903394
    21 6.875545 0.000000 0.000000 -0.210299 -0.002963 -0.584373
    22 3.890452 -0.000004 -0.000003 -2.467500 -0.311708 -1.122698
    23 17.848135 0.000000 0.000000 0.000000 0.000012 0.848718
    24 16.525223 0.000000 0.000000 0.209985 -0.115613 -0.749695
    25 6.879442 0.000000 0.000000 -0.004830 -0.033990 -0.583543
    26 3.859718 -0.142403 -1.191975 -0.479144 0.152190 -0.879873
    27 1.312569 0.000008 0.000001 0.000000 0.009664 -0.439719
    28 0.729351 0.000001 -0.000002 0.000000 0.004970 -0.244299
    29 3.942327 0.046772 -0.431443 -0.155014 0.073328 -0.810647
    30 1.539104 0.000002 0.000000 0.000000 0.004460 -0.247796
    31 1.196320 -0.000004 0.000000 0.000000 0.007361 -0.430802
    32 3.883698 -0.046761 0.431443 0.085902 0.021818 -0.587878
    33 1.719563 0.000008 0.000000 -0.000007 0.005535 -0.366457
    34 1.209183 0.000000 0.000000 0.000003 0.003062 -0.216420
    35 3.859863 -0.137962 1.332467 0.354449 -0.042750 -0.531717
    36 1.719431 0.000008 0.000001 0.000005 0.004050 -0.363023
    37 1.099670 0.000002 0.000003 -0.000007 0.002609 -0.244321
    38 0.806047 -0.348927 1.321259 -1.206854 -0.679488 -0.789307
    39 1.789791 0.000004 0.000008 0.000000 0.007386 0.228523
    40 1.207014 0.000002 -0.000006 -0.000003 0.011265 0.362844
    41 3.859665 -0.132576 1.193108 0.479139 -0.158529 -0.879052
    42 1.312565 0.000002 -0.000001 0.000007 -0.011938 -0.439655
    43 0.729362 0.000006 0.000000 0.000000 -0.006134 -0.244270
    44 3.942287 0.050316 0.431043 0.154999 -0.079305 -0.810205
    45 1.539101 0.000004 0.000000 0.000000 -0.005854 -0.247771
    46 1.196342 0.000000 0.000000 -0.000005 -0.009652 -0.430774
    47 3.883656 -0.050339 -0.431043 -0.085903 -0.026418 -0.587683
    48 1.719563 -0.000008 0.000000 -0.000006 -0.007945 -0.366462
    49 1.209179 -0.000002 0.000000 0.000000 -0.004485 -0.216364
    50 3.859818 -0.148941 -1.331282 -0.354419 0.038567 -0.532002
    51 1.719429 -0.000011 0.000001 0.000000 -0.006613 -0.362970
    52 1.099663 -0.000006 0.000000 0.000000 -0.004223 -0.244312
    53 0.806011 -0.359840 -1.318334 1.204200 0.673617 -0.793956
    54 1.789782 0.000002 0.000000 0.000001 -0.006302 0.228555
    55 1.206999 0.000000 0.000010 0.000000 -0.009619 0.362905
  time 77
    0 17.244271 -69.951348 10.234022 -0.508245 0.095901 -4.402232
    1 -0.046871 3.884206 -2.282661 1.570688 -0.118923 1.584518
    2 4.018318 0.000000 0.000000 -0.002013 0.008341 0.110451
    3 3.518536 0.000000 0.000000 -0.001222 0.006520 0.208185
    4 8.942642 0.000000 0.000000 -0.000707 0.002601 0.237360
    5 3.307270 0.000001 0.000000 3.141554 0.001402 0.422577
    6 3.593704 -0.000004 0.000000 0.146695 0.050884 0.403083
    7 2.000027 -3.000002 0.000000 -1.570796 0.000000 -1.326450
    8 2.033352 1.000776 -1.937610 1.347563 1.267103 1.433351
    9 6.028144 -0.000015 -0.000002 3.265520 -0.064838 0.026809
    10 11.692535 0.000000 0.000008 0.000000 -0.000001 -1.351182
    11 11.481688 0.000000 0.000008 -0.474623 0.108365 0.526405
    12 2.676086 -1.712452 0.000000 -1.570796 0.000000 -1.570795
    13 2.033344 1.000772 1.937660 3.260957 -1.361196 3.420661
    14 6.028152 0.000011 0.000000 -4.130688 0.053851 0.412244
    15 11.692558 0.000000 -0.000004 0.000000 0.000000 -0.839907
    16 11.481682 0.000000 -0.000027 1.134033 -0.336551 0.850377
    17 2.676094 -1.712448 0.000000 1.570797 0.000000 1.570797
    18 -3.890452 0.000004 0.000007 -2.197780 -0.174642 -1.809471
    19 17.848145 0.000000 0.000000 0.000000 0.000000 0.034187
    20 16.525240 0.000000 0.000000 0.494474 0.298012 -0.879666
    21 6.879452 0.000000 0.000000 -0.210299 -0.002963 -0.584373
    22 3.890452 -0.000004 -0.000003 -2.436844 -0.315698 -1.174354
    23 17.848135 0.000000 0.000000 0.000000 0.000012 0.761399
    24 16.525223 0.000000 0.000000 0.177399 -0.163216 -0.681894
    25 6.879442 0.000000 0.000000 -0.004830 -0.033990 -0.583543
    26 3.859718 -0.142403 -1.191975 -0.479144 0.152190 -0.879873
    27 1.312569 0.000008 0.000001 0.000000 0.009664 -0.439719
    28 0.729351 0.000001 -0.000002 0.000000 0.004970 -0.244299
    29 3.942327 0.046772 -0.431443 -0.155014 0.073328 -0.810647
    30 1.539104 0.000002 0.000000 0.000000 0.004460 -0.247796
    31 1.196320 -0.000004 0.000000 0.000000 0.007361 -0.430802
    32 3.883698 -0.046761 0.431443 0.085902 0.021818 -0.587878
    33 1.719563 0.000008 0.000000 -0.000007 0.005535 -0.366457
    34 1.209183 0.000000 0.000000 0.000003 0.003062 -0.216420
    35 3.859863 -0.137962 1.332467 0.354449 -0.042750 -0.531717
    36 1.719431 0.000008 0.000001 0.000005 0.004050 -0.363023
    37 1.099670 0.000002 0.000003 -0.000007 0.002609 -0.244321
    38 0.806047 -0.348927 1.321259 -1.206854 -0.679488 -0.789307
    39 1.789791 0.000004 0.000008 0.000000 0.007386 0.228523
    40 1.207014 0.000002 -0.000006 -0.000003 0.011265 0.362844
    41 3.859665 -0.132576 1.193108 0.479139 -0.158529 -0.879052
    42 1.312565 0.000002 -0.000001 0.000007 -0.011938 -0.439655
    43 0.729362 0.000006 0.000000 0.000000 -0.006134 -0.244270
    44 3.942287 0.050316 0.431043 0.154999 -0.079305 -0.810205
    45 1.539101 0.000004 0.000000 0.000000 -0.005854 -0.247771
    46 1.196342 0.000000 0.000000 -0.000005 -0.009652 -0.430774
    47 3.883656 -0.050339 -0.431043 -0.085903 -0.026418 -0.587683
    48 1.719563 -0.000008 0.000000 -0.000006 -0.007945 -0.366462
    49 1.209179 -0.000002 0.000000 0.000000 -0.004485 -0.216364
    50 3.859818 -0.148941 -1.331282 -0.354419 0.038567 -0.532002
    51 1.719429 -0.000011 0.000001 0.000000 -0.006613 -0.362970
    52 1.099663 -0.000006 0.000000 0.000000 -0.004223 -0.244312
    53 0.806011 -0.359840 -1.318334 1.204200 0.673617 -0.793956
    54 1.789782 0.000002 0.000000 0.000001 -0.006302 0.228555
    55 1.206999 0.000000 0.000010 0.000000 -0.009619 0.362905
end
