// Created by Crowbar 0.71
version 1
nodes
  0 "ValveBiped.Bip01_Pelvis" -1
  1 "ValveBiped.Bip01_L_Thigh" 0
  2 "ValveBiped.Bip01_L_Calf" 1
  3 "ValveBiped.Bip01_L_Foot" 2
  4 "ValveBiped.Bip01_R_Thigh" 0
  5 "ValveBiped.Bip01_R_Calf" 4
  6 "ValveBiped.Bip01_R_Foot" 5
  7 "ValveBiped.Bip01_Spine" 0
  8 "ValveBiped.Bip01_Spine1" 7
  9 "ValveBiped.Bip01_Spine2" 8
  10 "ValveBiped.Bip01_Spine4" 9
  11 "ValveBiped.Bip01_Neck1" 10
  12 "ValveBiped.Bip01_Head1" 11
  13 "ValveBiped.Bip01_L_Clavicle" 10
  14 "ValveBiped.Bip01_L_UpperArm" 13
  15 "ValveBiped.Bip01_L_Forearm" 14
  16 "ValveBiped.Bip01_L_Hand" 15
  17 "ValveBiped.Bip01_R_Clavicle" 10
  18 "ValveBiped.Bip01_R_UpperArm" 17
  19 "ValveBiped.Bip01_R_Forearm" 18
  20 "ValveBiped.Bip01_R_Hand" 19
  21 "ValveBiped.forward" 12
  22 "ValveBiped.Anim_Attachment_RH" 20
  23 "ValveBiped.Anim_Attachment_LH" 16
  24 "ValveBiped.Bip01_L_Toe0" 3
  25 "ValveBiped.Bip01_R_Toe0" 6
  26 "ValveBiped.Bip01_L_Finger4" 16
  27 "ValveBiped.Bip01_L_Finger41" 26
  28 "ValveBiped.Bip01_L_Finger42" 27
  29 "ValveBiped.Bip01_L_Finger3" 16
  30 "ValveBiped.Bip01_L_Finger31" 29
  31 "ValveBiped.Bip01_L_Finger32" 30
  32 "ValveBiped.Bip01_L_Finger2" 16
  33 "ValveBiped.Bip01_L_Finger21" 32
  34 "ValveBiped.Bip01_L_Finger22" 33
  35 "ValveBiped.Bip01_L_Finger1" 16
  36 "ValveBiped.Bip01_L_Finger11" 35
  37 "ValveBiped.Bip01_L_Finger12" 36
  38 "ValveBiped.Bip01_L_Finger0" 16
  39 "ValveBiped.Bip01_L_Finger01" 38
  40 "ValveBiped.Bip01_L_Finger02" 39
  41 "ValveBiped.Bip01_L_Wrist" 15
  42 "ValveBiped.Bip01_R_Finger4" 20
  43 "ValveBiped.Bip01_R_Finger41" 42
  44 "ValveBiped.Bip01_R_Finger42" 43
  45 "ValveBiped.Bip01_R_Finger3" 20
  46 "ValveBiped.Bip01_R_Finger31" 45
  47 "ValveBiped.Bip01_R_Finger32" 46
  48 "ValveBiped.Bip01_R_Finger2" 20
  49 "ValveBiped.Bip01_R_Finger21" 48
  50 "ValveBiped.Bip01_R_Finger22" 49
  51 "ValveBiped.Bip01_R_Finger1" 20
  52 "ValveBiped.Bip01_R_Finger11" 51
  53 "ValveBiped.Bip01_R_Finger12" 52
  54 "ValveBiped.Bip01_R_Finger0" 20
  55 "ValveBiped.Bip01_R_Finger01" 54
  56 "ValveBiped.Bip01_R_Finger02" 55
  57 "ValveBiped.Bip01_R_Wrist" 19
end
skeleton
  time 0
    0 -0.002345 11.746452 35.555103 1.799136 -0.109419 -3.276913
    1 3.890447 0.000000 0.000000 -1.714211 -0.368853 -1.517439
    2 17.848156 0.000000 0.000000 -0.000048 0.000000 0.674181
    3 16.525240 0.000000 0.000000 -0.185788 -0.115133 -1.469287
    4 -3.890447 0.000000 0.000000 -1.580783 -0.780149 -1.794955
    5 17.848167 0.000000 0.000000 -0.000036 0.000024 0.839250
    6 16.525238 0.000000 0.000000 0.219349 0.112680 -1.250460
    7 0.089846 3.556075 -2.739703 1.569813 0.011477 1.544250
    8 4.015370 0.000000 0.000000 0.003979 -0.017713 -0.014674
    9 3.520298 0.000000 0.000000 0.002565 -0.014298 0.101885
    10 8.940987 0.000000 0.000000 0.001390 -0.006028 0.174656
    11 3.306377 -0.000001 0.000000 3.141638 -0.003260 0.381565
    12 3.594185 0.000000 0.000000 0.175677 0.150082 0.427641
    13 2.036090 0.997452 1.937661 1.322325 -1.378432 2.903474
    14 6.028141 0.000011 0.000000 -1.283889 0.056960 -0.876629
    15 11.692581 -0.000001 -0.000008 0.000000 0.000000 -1.449572
    16 11.481684 0.000000 -0.000031 1.351336 -0.152391 0.177239
    17 2.036090 0.997453 -1.937661 -2.390265 1.082485 1.923584
    18 6.028137 -0.000008 0.000000 1.620373 0.386794 -0.370994
    19 11.692554 0.000000 0.000019 0.000000 0.000000 -2.231414
    20 11.481705 0.000000 0.000011 -1.520992 0.408384 0.199989
    21 2.000004 -3.000000 0.000000 -1.570796 0.000000 -1.326450
    22 2.676084 -1.712437 0.000000 -1.570796 0.000000 -1.570795
    23 2.676081 -1.712433 0.000000 1.570797 0.000001 1.570797
    24 6.879441 -0.000010 0.000000 -0.004818 -0.034099 -0.583546
    25 6.879432 -0.000013 0.000000 -0.210299 -0.002961 -0.584376
    26 3.859711 -0.142445 -1.191958 -0.479138 0.152189 -0.879878
    27 1.312550 0.000008 0.000004 -0.000009 0.009670 -0.439707
    28 0.729370 0.000006 0.000000 0.000003 0.004968 -0.244304
    29 3.942335 0.046738 -0.431422 -0.155012 0.073337 -0.810639
    30 1.539124 0.000015 -0.000016 -0.000004 0.004459 -0.247797
    31 1.196327 0.000032 -0.000010 -0.000004 0.007358 -0.430804
    32 3.882813 -0.046753 0.431396 0.085902 0.021819 -0.587880
    33 1.719578 -0.000004 0.000004 -0.000008 0.005537 -0.366457
    34 1.209160 -0.000010 -0.000011 0.000003 0.003062 -0.216418
    35 3.859375 -0.137939 1.332031 0.354449 -0.042742 -0.531707
    36 1.719427 0.000031 -0.000031 0.000005 0.004052 -0.363023
    37 1.099674 -0.000004 -0.000011 -0.000007 0.002607 -0.244321
    38 0.807566 -0.347147 1.320592 -1.206856 -0.679471 -0.789308
    39 1.789783 -0.000007 0.000004 0.000001 0.007386 0.228516
    40 1.207018 0.000015 -0.000008 -0.000003 0.011265 0.362846
    41 11.481726 -0.000012 -0.000038 0.001269 0.000000 -0.000005
    42 3.859663 -0.132561 1.193130 0.479139 -0.158529 -0.879052
    43 1.312580 -0.000006 0.000003 0.000007 -0.011938 -0.439655
    44 0.729366 -0.000008 -0.000001 0.000005 -0.006136 -0.244269
    45 3.942284 0.050331 0.431063 0.155002 -0.079316 -0.810200
    46 1.539131 -0.000004 0.000002 -0.000002 -0.005851 -0.247777
    47 1.196323 0.000004 0.000005 0.000003 -0.009665 -0.430773
    48 3.882813 -0.050323 -0.430908 -0.085903 -0.026418 -0.587683
    49 1.719599 0.000008 0.000010 -0.000006 -0.007945 -0.366462
    50 1.209183 0.000010 0.000010 0.000006 -0.004485 -0.216351
    51 3.859375 -0.148926 -1.331055 -0.354417 0.038569 -0.532007
    52 1.719425 0.000011 0.000011 0.000004 -0.006614 -0.362968
    53 1.099663 0.000011 0.000010 -0.000001 -0.004222 -0.244302
    54 0.805664 -0.359619 -1.317383 1.204196 0.673612 -0.793958
    55 1.789780 -0.000011 0.000008 0.000004 -0.006302 0.228564
    56 1.207003 0.000001 -0.000008 -0.000005 -0.009615 0.362899
    57 11.481689 -0.000073 -0.000004 0.000155 0.000000 -0.000014
  time 1
    0 0.009374 12.215217 35.351972 1.807381 -0.108700 -3.307017
    1 3.890447 0.000000 0.000000 -1.751530 -0.408724 -1.504485
    2 17.848156 0.000000 0.000000 -0.000036 -0.000012 0.744570
    3 16.525240 0.000000 0.000000 -0.182564 -0.109944 -1.486668
    4 -3.890447 0.000000 0.000000 -1.617212 -0.797279 -1.776645
    5 17.848167 0.000000 0.000000 -0.000024 0.000024 0.873111
    6 16.525238 0.000000 0.000000 0.220955 0.111649 -1.277998
    7 0.105472 3.595139 -2.688920 1.569669 -0.003384 1.539720
    8 4.015370 0.000000 0.000000 0.004662 -0.020386 -0.021961
    9 3.520298 0.000000 0.000000 0.003032 -0.016347 0.091423
    10 8.940987 0.000000 0.000000 0.001642 -0.006831 0.161173
    11 3.306377 -0.000001 0.000000 3.141662 -0.003679 0.370611
    12 3.594185 0.000000 0.000000 0.202662 0.151106 0.411879
    13 2.036090 0.997452 1.937661 0.888215 -1.360649 3.355126
    14 6.028141 0.000011 0.000000 -1.237188 0.020171 -0.861625
    15 11.692581 -0.000001 -0.000008 0.000000 0.000000 -1.473379
    16 11.481684 0.000000 -0.000031 1.327427 -0.148151 0.189381
    17 2.036090 0.997453 -1.937661 -2.339783 1.126109 1.994010
    18 6.028137 -0.000008 0.000000 1.581722 0.473437 -0.412304
    19 11.692554 0.000000 0.000019 0.000000 0.000000 -2.208689
    20 11.481705 0.000000 0.000011 -1.521216 0.413627 0.205961
    21 2.000004 -3.000000 0.000000 -1.570796 0.000000 -1.326450
    22 2.676084 -1.712437 0.000000 -1.570796 0.000000 -1.570795
    23 2.676081 -1.712433 0.000000 1.570797 0.000001 1.570797
    24 6.879441 -0.000010 0.000000 -0.004818 -0.033991 -0.583558
    25 6.879432 -0.000013 0.000000 -0.210299 -0.002961 -0.584376
    26 3.859711 -0.142445 -1.191958 -0.479138 0.152189 -0.879878
    27 1.312550 0.000008 0.000004 -0.000009 0.009670 -0.439707
    28 0.729370 0.000006 0.000000 0.000003 0.004968 -0.244304
    29 3.942335 0.046738 -0.431422 -0.155012 0.073337 -0.810639
    30 1.539124 0.000015 -0.000016 -0.000004 0.004459 -0.247797
    31 1.196327 0.000032 -0.000010 -0.000004 0.007358 -0.430804
    32 3.882813 -0.046753 0.431396 0.085902 0.021819 -0.587880
    33 1.719578 -0.000004 0.000004 -0.000008 0.005537 -0.366457
    34 1.209160 -0.000010 -0.000011 0.000003 0.003062 -0.216418
    35 3.859375 -0.137939 1.332031 0.354449 -0.042742 -0.531707
    36 1.719427 0.000031 -0.000031 0.000005 0.004052 -0.363023
    37 1.099674 -0.000004 -0.000011 -0.000007 0.002607 -0.244321
    38 0.807566 -0.347147 1.320592 -1.206856 -0.679471 -0.789308
    39 1.789783 -0.000007 0.000004 0.000001 0.007386 0.228516
    40 1.207018 0.000015 -0.000008 -0.000003 0.011265 0.362846
    41 11.481726 -0.000012 -0.000038 0.001269 0.000000 -0.000005
    42 3.859663 -0.132561 1.193130 0.479139 -0.158529 -0.879052
    43 1.312580 -0.000006 0.000003 0.000007 -0.011938 -0.439655
    44 0.729366 -0.000008 -0.000001 0.000005 -0.006136 -0.244269
    45 3.942284 0.050331 0.431063 0.155002 -0.079316 -0.810200
    46 1.539131 -0.000004 0.000002 -0.000002 -0.005851 -0.247777
    47 1.196323 0.000004 0.000005 0.000003 -0.009665 -0.430773
    48 3.882813 -0.050323 -0.430908 -0.085903 -0.026418 -0.587683
    49 1.719599 0.000008 0.000010 -0.000006 -0.007945 -0.366462
    50 1.209183 0.000010 0.000010 0.000006 -0.004485 -0.216351
    51 3.859375 -0.148926 -1.331055 -0.354417 0.038569 -0.532007
    52 1.719425 0.000011 0.000011 0.000004 -0.006614 -0.362968
    53 1.099663 0.000011 0.000010 -0.000001 -0.004222 -0.244302
    54 0.805664 -0.359619 -1.317383 1.204196 0.673612 -0.793958
    55 1.789780 -0.000011 0.000008 0.000004 -0.006302 0.228564
    56 1.207003 0.000001 -0.000008 -0.000005 -0.009615 0.362899
    57 11.481689 -0.000073 -0.000004 0.000155 0.000000 -0.000014
  time 2
    0 0.044532 13.410565 34.848050 1.828037 -0.105572 -3.384564
    1 3.890447 0.000000 0.000000 -1.853605 -0.497820 -1.459548
    2 17.848156 0.000000 0.000000 -0.000036 -0.000012 0.899870
    3 16.525240 0.000000 0.000000 -0.173348 -0.096929 -1.516444
    4 -3.890447 0.000000 0.000000 -1.714338 -0.833407 -1.725232
    5 17.848167 0.000000 0.000000 -0.000024 0.000036 0.950090
    6 16.525238 0.000000 0.000000 0.225509 0.108376 -1.344164
    7 0.132817 3.591232 -2.696733 1.569166 -0.001850 1.532110
    8 4.015370 0.000000 0.000000 0.005968 -0.024940 -0.043533
    9 3.520298 0.000000 0.000000 0.003931 -0.019894 0.068868
    10 8.940987 0.000000 0.000000 0.002085 -0.008233 0.141051
    11 3.306377 -0.000001 0.000000 3.141722 -0.004434 0.355546
    12 3.594185 0.000000 0.000000 0.274049 0.160872 0.362191
    13 2.036090 0.997452 1.937661 0.448013 -1.278730 3.846554
    14 6.028141 0.000011 0.000000 -1.185276 -0.028949 -0.806658
    15 11.692581 -0.000001 -0.000008 0.000000 0.000000 -1.509490
    16 11.481684 0.000000 -0.000031 1.256292 -0.143343 0.210216
    17 2.036090 0.997453 -1.937661 -2.457161 1.116664 1.932232
    18 6.028137 -0.000008 0.000000 1.565594 0.520181 -0.481672
    19 11.692554 0.000000 0.000019 0.000000 0.000000 -2.157661
    20 11.481705 0.000000 0.000011 -1.513470 0.420139 0.208543
    21 2.000004 -3.000000 0.000000 -1.570796 0.000000 -1.326450
    22 2.676084 -1.712437 0.000000 -1.570796 0.000000 -1.570795
    23 2.676081 -1.712433 0.000000 1.570797 0.000001 1.570797
    24 6.879441 -0.000010 0.000000 -0.004818 -0.033967 -0.583558
    25 6.879432 -0.000013 0.000000 -0.210299 -0.002961 -0.584376
    26 3.859711 -0.142445 -1.191958 -0.479138 0.152189 -0.879878
    27 1.312550 0.000008 0.000004 -0.000009 0.009670 -0.439707
    28 0.729370 0.000006 0.000000 0.000003 0.004968 -0.244304
    29 3.942335 0.046738 -0.431422 -0.155012 0.073337 -0.810639
    30 1.539124 0.000015 -0.000016 -0.000004 0.004459 -0.247797
    31 1.196327 0.000032 -0.000010 -0.000004 0.007358 -0.430804
    32 3.882813 -0.046753 0.431396 0.085902 0.021819 -0.587880
    33 1.719578 -0.000004 0.000004 -0.000008 0.005537 -0.366457
    34 1.209160 -0.000010 -0.000011 0.000003 0.003062 -0.216418
    35 3.859375 -0.137939 1.332031 0.354449 -0.042742 -0.531707
    36 1.719427 0.000031 -0.000031 0.000005 0.004052 -0.363023
    37 1.099674 -0.000004 -0.000011 -0.000007 0.002607 -0.244321
    38 0.807566 -0.347147 1.320592 -1.206856 -0.679483 -0.789308
    39 1.789783 -0.000007 0.000004 0.000001 0.007386 0.228516
    40 1.207018 0.000015 -0.000008 -0.000003 0.011265 0.362846
    41 11.481726 -0.000012 -0.000038 0.001269 0.000000 -0.000005
    42 3.859663 -0.132561 1.193130 0.479139 -0.158529 -0.879052
    43 1.312580 -0.000006 0.000003 0.000007 -0.011938 -0.439655
    44 0.729366 -0.000008 -0.000001 0.000005 -0.006136 -0.244269
    45 3.942284 0.050331 0.431063 0.155002 -0.079316 -0.810200
    46 1.539131 -0.000004 0.000002 -0.000002 -0.005851 -0.247777
    47 1.196323 0.000004 0.000005 0.000003 -0.009653 -0.430773
    48 3.882813 -0.050323 -0.430908 -0.085903 -0.026418 -0.587683
    49 1.719599 0.000008 0.000010 -0.000006 -0.007945 -0.366462
    50 1.209183 0.000010 0.000010 0.000006 -0.004485 -0.216351
    51 3.859375 -0.148926 -1.331055 -0.354417 0.038569 -0.532007
    52 1.719425 0.000011 0.000011 0.000004 -0.006614 -0.362968
    53 1.099663 0.000011 0.000010 -0.000001 -0.004222 -0.244302
    54 0.805664 -0.359619 -1.317383 1.204196 0.673612 -0.793958
    55 1.789780 -0.000011 0.000008 0.000004 -0.006302 0.228564
    56 1.207003 0.000001 -0.000008 -0.000005 -0.009615 0.362899
    57 11.481689 -0.000073 -0.000004 0.000155 0.000000 -0.000014
  time 3
    0 0.099221 15.027802 34.191780 1.854690 -0.098489 -3.490023
    1 3.890447 0.000000 0.000000 -2.008705 -0.596090 -1.371313
    2 17.848156 0.000000 0.000000 -0.000024 -0.000024 1.073808
    3 16.525240 0.000000 0.000000 -0.158751 -0.080114 -1.533534
    4 -3.890447 0.000000 0.000000 -1.850531 -0.866733 -1.649950
    5 17.848167 0.000000 0.000000 -0.000012 0.000036 1.036464
    6 16.525238 0.000000 0.000000 0.232544 0.102101 -1.425937
    7 0.156255 3.567794 -2.724077 1.568028 0.006240 1.526129
    8 4.015370 0.000000 0.000000 0.007155 -0.027253 -0.074333
    9 3.520298 0.000000 0.000000 0.004698 -0.021309 0.038091
    10 8.940987 0.000000 0.000000 0.002397 -0.008545 0.114913
    11 3.306377 -0.000001 0.000000 3.141794 -0.004590 0.335963
    12 3.594185 0.000000 0.000000 0.373091 0.183818 0.291874
    13 2.036090 0.997452 1.937661 0.224676 -1.146184 4.140919
    14 6.028141 0.000011 0.000000 -1.144543 -0.078531 -0.716492
    15 11.692581 -0.000001 -0.000008 0.000000 0.000000 -1.549814
    16 11.481684 0.000000 -0.000031 1.151247 -0.144178 0.224370
    17 2.036090 0.997453 -1.937661 -2.676934 1.045946 1.784394
    18 6.028137 -0.000008 0.000000 1.577332 0.530706 -0.564098
    19 11.692554 0.000000 0.000019 0.000000 0.000000 -2.084466
    20 11.481705 0.000000 0.000011 -1.500126 0.426307 0.211609
    21 2.000004 -3.000000 0.000000 -1.570796 0.000000 -1.326450
    22 2.676084 -1.712437 0.000000 -1.570796 0.000000 -1.570795
    23 2.676081 -1.712433 0.000000 1.570797 0.000001 1.570797
    24 6.879441 -0.000010 0.000000 -0.004818 -0.033967 -0.583558
    25 6.879432 -0.000013 0.000000 -0.210299 -0.002961 -0.584376
    26 3.859711 -0.142445 -1.191958 -0.479138 0.152189 -0.879878
    27 1.312550 0.000008 0.000004 -0.000009 0.009670 -0.439707
    28 0.729370 0.000006 0.000000 0.000003 0.004968 -0.244304
    29 3.942335 0.046738 -0.431422 -0.155012 0.073337 -0.810639
    30 1.539124 0.000015 -0.000016 -0.000004 0.004459 -0.247797
    31 1.196327 0.000032 -0.000010 -0.000004 0.007358 -0.430804
    32 3.882813 -0.046753 0.431396 0.085902 0.021819 -0.587880
    33 1.719578 -0.000004 0.000004 -0.000008 0.005537 -0.366457
    34 1.209160 -0.000010 -0.000011 0.000003 0.003062 -0.216418
    35 3.859375 -0.137939 1.332031 0.354449 -0.042742 -0.531707
    36 1.719427 0.000031 -0.000031 0.000005 0.004052 -0.363023
    37 1.099674 -0.000004 -0.000011 -0.000007 0.002607 -0.244321
    38 0.807566 -0.347147 1.320592 -1.206856 -0.679483 -0.789308
    39 1.789783 -0.000007 0.000004 0.000001 0.007386 0.228516
    40 1.207018 0.000015 -0.000008 -0.000003 0.011265 0.362846
    41 11.481726 -0.000012 -0.000038 0.001269 0.000000 -0.000005
    42 3.859663 -0.132561 1.193130 0.479139 -0.158529 -0.879052
    43 1.312580 -0.000006 0.000003 0.000007 -0.011938 -0.439655
    44 0.729366 -0.000008 -0.000001 0.000005 -0.006136 -0.244269
    45 3.942284 0.050331 0.431063 0.155002 -0.079316 -0.810200
    46 1.539131 -0.000004 0.000002 -0.000002 -0.005851 -0.247777
    47 1.196323 0.000004 0.000005 0.000003 -0.009653 -0.430773
    48 3.882813 -0.050323 -0.430908 -0.085903 -0.026418 -0.587683
    49 1.719599 0.000008 0.000010 -0.000006 -0.007945 -0.366462
    50 1.209183 0.000010 0.000010 0.000006 -0.004485 -0.216351
    51 3.859375 -0.148926 -1.331055 -0.354417 0.038569 -0.532007
    52 1.719425 0.000011 0.000011 0.000004 -0.006614 -0.362968
    53 1.099663 0.000011 0.000010 -0.000001 -0.004222 -0.244302
    54 0.805664 -0.359619 -1.317383 1.204196 0.673612 -0.793958
    55 1.789780 -0.000011 0.000008 0.000004 -0.006302 0.228564
    56 1.207003 0.000001 -0.000008 -0.000005 -0.009615 0.362899
    57 11.481689 -0.000073 -0.000004 0.000155 0.000000 -0.000014
  time 4
    0 0.157816 16.758324 33.535510 1.880802 -0.087356 -3.603389
    1 3.890447 0.000000 0.000000 -2.199618 -0.677058 -1.239969
    2 17.848156 0.000000 0.000000 -0.000036 -0.000012 1.228927
    3 16.525240 0.000000 0.000000 -0.139887 -0.064067 -1.527159
    4 -3.890447 0.000000 0.000000 -1.995832 -0.884513 -1.570176
    5 17.848167 0.000000 0.000000 -0.000012 0.000036 1.108792
    6 16.525238 0.000000 0.000000 0.241640 0.092951 -1.504678
    7 0.164068 3.552168 -2.743609 1.566302 0.012136 1.524547
    8 4.015370 0.000000 0.000000 0.007490 -0.025132 -0.107099
    9 3.520298 0.000000 0.000000 0.004794 -0.018708 0.005781
    10 8.940987 0.000000 0.000000 0.002301 -0.006927 0.085287
    11 3.306377 -0.000001 0.000000 3.141866 -0.003667 0.312557
    12 3.594185 0.000000 0.000000 0.481908 0.219112 0.219061
    13 2.036090 0.997452 1.937661 0.138806 -1.006921 4.300291
    14 6.028141 0.000011 0.000000 -1.130428 -0.117372 -0.600034
    15 11.692581 -0.000001 -0.000008 0.000000 0.000000 -1.581043
    16 11.481684 0.000000 -0.000031 1.028743 -0.153025 0.220080
    17 2.036090 0.997453 -1.937661 -2.879720 0.908832 1.648594
    18 6.028137 -0.000008 0.000000 1.623332 0.512937 -0.642645
    19 11.692554 0.000000 0.000019 0.000000 0.000000 -1.994122
    20 11.481705 0.000000 0.000011 -1.482081 0.430660 0.216866
    21 2.000004 -3.000000 0.000000 -1.570796 0.000000 -1.326450
    22 2.676084 -1.712437 0.000000 -1.570796 0.000000 -1.570795
    23 2.676081 -1.712433 0.000000 1.570797 0.000001 1.570797
    24 6.879441 -0.000010 0.000000 -0.004818 -0.033967 -0.583570
    25 6.879432 -0.000013 0.000000 -0.210299 -0.002961 -0.584376
    26 3.859711 -0.142445 -1.191958 -0.479138 0.152189 -0.879878
    27 1.312550 0.000008 0.000004 -0.000009 0.009670 -0.439707
    28 0.729370 0.000006 0.000000 0.000003 0.004968 -0.244304
    29 3.942335 0.046738 -0.431422 -0.155012 0.073337 -0.810639
    30 1.539124 0.000015 -0.000016 -0.000004 0.004459 -0.247797
    31 1.196327 0.000032 -0.000010 -0.000004 0.007358 -0.430804
    32 3.882813 -0.046753 0.431396 0.085902 0.021819 -0.587880
    33 1.719578 -0.000004 0.000004 -0.000008 0.005537 -0.366457
    34 1.209160 -0.000010 -0.000011 0.000003 0.003062 -0.216418
    35 3.859375 -0.137939 1.332031 0.354449 -0.042742 -0.531707
    36 1.719427 0.000031 -0.000031 0.000005 0.004052 -0.363023
    37 1.099674 -0.000004 -0.000011 -0.000007 0.002607 -0.244321
    38 0.807566 -0.347147 1.320592 -1.206856 -0.679483 -0.789308
    39 1.789783 -0.000007 0.000004 0.000001 0.007386 0.228516
    40 1.207018 0.000015 -0.000008 -0.000003 0.011265 0.362846
    41 11.481726 -0.000012 -0.000038 0.001269 0.000000 -0.000005
    42 3.859663 -0.132561 1.193130 0.479139 -0.158529 -0.879052
    43 1.312580 -0.000006 0.000003 0.000007 -0.011938 -0.439655
    44 0.729366 -0.000008 -0.000001 0.000005 -0.006136 -0.244269
    45 3.942284 0.050331 0.431063 0.155002 -0.079316 -0.810200
    46 1.539131 -0.000004 0.000002 -0.000002 -0.005851 -0.247777
    47 1.196323 0.000004 0.000005 0.000003 -0.009653 -0.430773
    48 3.882813 -0.050323 -0.430908 -0.085903 -0.026418 -0.587683
    49 1.719599 0.000008 0.000010 -0.000006 -0.007945 -0.366462
    50 1.209183 0.000010 0.000010 0.000006 -0.004485 -0.216351
    51 3.859375 -0.148926 -1.331055 -0.354417 0.038569 -0.532007
    52 1.719425 0.000011 0.000011 0.000004 -0.006614 -0.362968
    53 1.099663 0.000011 0.000010 -0.000001 -0.004222 -0.244302
    54 0.805664 -0.359619 -1.317383 1.204196 0.673612 -0.793958
    55 1.789780 -0.000011 0.000008 0.000004 -0.006302 0.228564
    56 1.207003 0.000001 -0.000008 -0.000005 -0.009615 0.362899
    57 11.481689 -0.000073 -0.000004 0.000155 0.000000 -0.000014
  time 5
    0 0.224225 18.289621 33.027682 1.900416 -0.074292 -3.705705
    1 3.890447 0.000000 0.000000 -2.394049 -0.729326 -1.087957
    2 17.848156 0.000000 0.000000 -0.000036 -0.000012 1.339939
    3 16.525240 0.000000 0.000000 -0.119106 -0.053832 -1.493769
    4 -3.890447 0.000000 0.000000 -2.120021 -0.885284 -1.506577
    5 17.848167 0.000000 0.000000 -0.000012 0.000036 1.153816
    6 16.525238 0.000000 0.000000 0.252558 0.083982 -1.565201
    7 0.152348 3.520918 -2.778767 1.565463 0.022958 1.528251
    8 4.015370 0.000000 0.000000 0.006855 -0.021237 -0.127689
    9 3.520298 0.000000 0.000000 0.004278 -0.015184 -0.012843
    10 8.940987 0.000000 0.000000 0.001965 -0.005237 0.068748
    11 3.306377 -0.000001 0.000000 3.141866 -0.002732 0.299147
    12 3.594185 0.000000 0.000000 0.580950 0.253590 0.185926
    13 2.036090 0.997452 1.937661 0.110341 -0.906989 4.370060
    14 6.028141 0.000011 0.000000 -1.151174 -0.132076 -0.474811
    15 11.692581 -0.000001 -0.000008 0.000000 0.000000 -1.587128
    16 11.481684 0.000000 -0.000031 0.906890 -0.171889 0.196414
    17 2.036090 0.997453 -1.937661 -3.001010 0.710886 1.556307
    18 6.028137 -0.000008 0.000000 1.719052 0.457589 -0.686994
    19 11.692554 0.000000 0.000019 0.000000 0.000000 -1.889279
    20 11.481705 0.000000 0.000011 -1.452976 0.432271 0.223183
    21 2.000004 -3.000000 0.000000 -1.570796 0.000000 -1.326450
    22 2.676084 -1.712437 0.000000 -1.570796 0.000000 -1.570795
    23 2.676081 -1.712433 0.000000 1.570797 0.000001 1.570797
    24 6.879441 -0.000010 0.000000 -0.004818 -0.033967 -0.583570
    25 6.879432 -0.000013 0.000000 -0.210299 -0.002961 -0.584376
    26 3.859711 -0.142445 -1.191958 -0.479138 0.152189 -0.879878
    27 1.312550 0.000008 0.000004 -0.000009 0.009670 -0.439707
    28 0.729370 0.000006 0.000000 0.000003 0.004968 -0.244304
    29 3.942335 0.046738 -0.431422 -0.155012 0.073337 -0.810639
    30 1.539124 0.000015 -0.000016 -0.000004 0.004459 -0.247797
    31 1.196327 0.000032 -0.000010 -0.000004 0.007358 -0.430804
    32 3.882813 -0.046753 0.431396 0.085902 0.021819 -0.587880
    33 1.719578 -0.000004 0.000004 -0.000008 0.005537 -0.366457
    34 1.209160 -0.000010 -0.000011 0.000003 0.003062 -0.216418
    35 3.859375 -0.137939 1.332031 0.354449 -0.042742 -0.531707
    36 1.719427 0.000031 -0.000031 0.000005 0.004052 -0.363023
    37 1.099674 -0.000004 -0.000011 -0.000007 0.002607 -0.244321
    38 0.807566 -0.347147 1.320592 -1.206856 -0.679483 -0.789308
    39 1.789783 -0.000007 0.000004 0.000001 0.007386 0.228516
    40 1.207018 0.000015 -0.000008 -0.000003 0.011265 0.362846
    41 11.481726 -0.000012 -0.000038 0.001269 0.000000 -0.000005
    42 3.859663 -0.132561 1.193130 0.479139 -0.158529 -0.879052
    43 1.312580 -0.000006 0.000003 0.000007 -0.011938 -0.439655
    44 0.729366 -0.000008 -0.000001 0.000005 -0.006136 -0.244269
    45 3.942284 0.050331 0.431063 0.155002 -0.079316 -0.810200
    46 1.539131 -0.000004 0.000002 -0.000002 -0.005851 -0.247777
    47 1.196323 0.000004 0.000005 0.000003 -0.009665 -0.430773
    48 3.882813 -0.050323 -0.430908 -0.085903 -0.026418 -0.587683
    49 1.719599 0.000008 0.000010 -0.000006 -0.007945 -0.366462
    50 1.209183 0.000010 0.000010 0.000006 -0.004485 -0.216351
    51 3.859375 -0.148926 -1.331055 -0.354417 0.038569 -0.532007
    52 1.719425 0.000011 0.000011 0.000004 -0.006614 -0.362968
    53 1.099663 0.000011 0.000010 -0.000001 -0.004222 -0.244302
    54 0.805664 -0.359619 -1.317383 1.204196 0.673612 -0.793958
    55 1.789780 -0.000011 0.000008 0.000004 -0.006302 0.228564
    56 1.207003 0.000001 -0.000008 -0.000005 -0.009615 0.362899
    57 11.481689 -0.000073 -0.000004 0.000155 0.000000 -0.000014
  time 6
    0 0.286727 19.320902 32.828457 1.908912 -0.062919 -3.779441
    1 3.890447 0.000000 0.000000 -2.546385 -0.759025 -0.957097
    2 17.848156 0.000000 0.000000 -0.000036 0.000000 1.383548
    3 16.525240 0.000000 0.000000 -0.100254 -0.053736 -1.434278
    4 -3.890447 0.000000 0.000000 -2.204314 -0.872294 -1.469078
    5 17.848167 0.000000 0.000000 -0.000012 0.000036 1.163770
    6 16.525238 0.000000 0.000000 0.265441 0.082589 -1.593638
    7 0.132817 3.411539 -2.907677 1.566158 0.062088 1.533248
    8 4.015370 0.000000 0.000000 0.006244 -0.020374 -0.116819
    9 3.520298 0.000000 0.000000 0.003931 -0.015220 0.003995
    10 8.940987 0.000000 0.000000 0.001846 -0.005669 0.095977
    11 3.306377 -0.000001 0.000000 3.141794 -0.003008 0.323511
    12 3.594185 0.000000 0.000000 0.650613 0.268966 0.256913
    13 2.036090 0.997452 1.937661 0.099298 -0.888392 4.340335
    14 6.028141 0.000011 0.000000 -1.201570 -0.116487 -0.360877
    15 11.692581 -0.000001 -0.000008 0.000000 0.000000 -1.557437
    16 11.481684 0.000000 -0.000031 0.800247 -0.202872 0.168481
    17 2.036090 0.997453 -1.937661 -3.034792 0.480002 1.470593
    18 6.028137 -0.000008 0.000000 1.862490 0.353818 -0.660359
    19 11.692554 0.000000 0.000019 0.000000 0.000000 -1.755645
    20 11.481705 0.000000 0.000011 -1.390557 0.432031 0.222307
    21 2.000004 -3.000000 0.000000 -1.570796 0.000000 -1.326450
    22 2.676084 -1.712437 0.000000 -1.570796 0.000000 -1.570795
    23 2.676081 -1.712433 0.000000 1.570797 0.000001 1.570797
    24 6.879441 -0.000010 0.000000 -0.004818 -0.033967 -0.583570
    25 6.879432 -0.000013 0.000000 -0.210299 -0.002961 -0.584376
    26 3.859711 -0.142445 -1.191958 -0.479138 0.152189 -0.879878
    27 1.312550 0.000008 0.000004 -0.000009 0.009670 -0.439707
    28 0.729370 0.000006 0.000000 0.000003 0.004968 -0.244304
    29 3.942335 0.046738 -0.431422 -0.155012 0.073337 -0.810639
    30 1.539124 0.000015 -0.000016 -0.000004 0.004459 -0.247797
    31 1.196327 0.000032 -0.000010 -0.000004 0.007358 -0.430804
    32 3.882813 -0.046753 0.431396 0.085902 0.021819 -0.587880
    33 1.719578 -0.000004 0.000004 -0.000008 0.005537 -0.366457
    34 1.209160 -0.000010 -0.000011 0.000003 0.003062 -0.216418
    35 3.859375 -0.137939 1.332031 0.354449 -0.042742 -0.531707
    36 1.719427 0.000031 -0.000031 0.000005 0.004052 -0.363023
    37 1.099674 -0.000004 -0.000011 -0.000007 0.002607 -0.244321
    38 0.807566 -0.347147 1.320592 -1.206856 -0.679471 -0.789308
    39 1.789783 -0.000007 0.000004 0.000001 0.007386 0.228516
    40 1.207018 0.000015 -0.000008 -0.000003 0.011265 0.362846
    41 11.481726 -0.000012 -0.000038 0.001269 0.000000 -0.000005
    42 3.859663 -0.132561 1.193130 0.479139 -0.158529 -0.879052
    43 1.312580 -0.000006 0.000003 0.000007 -0.011938 -0.439655
    44 0.729366 -0.000008 -0.000001 0.000005 -0.006136 -0.244269
    45 3.942284 0.050331 0.431063 0.155002 -0.079316 -0.810200
    46 1.539131 -0.000004 0.000002 -0.000002 -0.005851 -0.247777
    47 1.196323 0.000004 0.000005 0.000003 -0.009665 -0.430773
    48 3.882813 -0.050323 -0.430908 -0.085903 -0.026418 -0.587683
    49 1.719599 0.000008 0.000010 -0.000006 -0.007945 -0.366462
    50 1.209183 0.000010 0.000010 0.000006 -0.004485 -0.216351
    51 3.859375 -0.148926 -1.331055 -0.354417 0.038569 -0.532007
    52 1.719425 0.000011 0.000011 0.000004 -0.006614 -0.362968
    53 1.099663 0.000011 0.000010 -0.000001 -0.004222 -0.244302
    54 0.805664 -0.359619 -1.317383 1.204196 0.673612 -0.793958
    55 1.789780 -0.000011 0.000008 0.000004 -0.006302 0.228564
    56 1.207003 0.000001 -0.000008 -0.000005 -0.009615 0.362899
    57 11.481689 -0.000073 -0.000004 0.000155 0.000000 -0.000014
  time 7
    0 0.341416 19.930296 32.828457 1.909078 -0.054290 -3.829360
    1 3.890447 0.000000 0.000000 -2.647915 -0.776963 -0.862977
    2 17.848156 0.000000 0.000000 -0.000048 0.000000 1.375722
    3 16.525240 0.000000 0.000000 -0.086508 -0.060376 -1.364052
    4 -3.890447 0.000000 0.000000 -2.259630 -0.853581 -1.448820
    5 17.848167 0.000000 0.000000 -0.000012 0.000036 1.154095
    6 16.525238 0.000000 0.000000 0.279979 0.089045 -1.599533
    7 0.121097 3.282629 -3.044400 1.566889 0.106719 1.534447
    8 4.015370 0.000000 0.000000 0.006232 -0.022303 -0.090201
    9 3.520298 0.000000 0.000000 0.003955 -0.017605 0.039122
    10 8.940987 0.000000 0.000000 0.001906 -0.007167 0.142753
    11 3.306377 -0.000001 0.000000 3.141710 -0.003859 0.362941
    12 3.594185 0.000000 0.000000 0.694475 0.267126 0.376614
    13 2.036090 0.997452 1.937661 0.085684 -0.921592 4.268267
    14 6.028141 0.000011 0.000000 -1.265701 -0.091324 -0.268854
    15 11.692581 -0.000001 -0.000008 0.000000 0.000000 -1.490498
    16 11.481684 0.000000 -0.000031 0.713251 -0.246909 0.135637
    17 2.036090 0.997453 -1.937661 -3.026299 0.289420 1.386332
    18 6.028137 -0.000008 0.000000 1.979110 0.271257 -0.595129
    19 11.692554 0.000000 0.000019 0.000000 0.000000 -1.575097
    20 11.481705 0.000000 0.000011 -1.307943 0.433950 0.209165
    21 2.000004 -3.000000 0.000000 -1.570796 0.000000 -1.326450
    22 2.676084 -1.712437 0.000000 -1.570796 0.000000 -1.570795
    23 2.676081 -1.712433 0.000000 1.570797 0.000001 1.570797
    24 6.879441 -0.000010 0.000000 -0.004818 -0.033967 -0.583570
    25 6.879432 -0.000013 0.000000 -0.210299 -0.002961 -0.584376
    26 3.859711 -0.142445 -1.191958 -0.479138 0.152189 -0.879878
    27 1.312550 0.000008 0.000004 -0.000009 0.009670 -0.439707
    28 0.729370 0.000006 0.000000 0.000003 0.004968 -0.244304
    29 3.942335 0.046738 -0.431422 -0.155012 0.073337 -0.810639
    30 1.539124 0.000015 -0.000016 -0.000004 0.004459 -0.247797
    31 1.196327 0.000032 -0.000010 -0.000004 0.007358 -0.430804
    32 3.882813 -0.046753 0.431396 0.085902 0.021819 -0.587880
    33 1.719578 -0.000004 0.000004 -0.000008 0.005537 -0.366457
    34 1.209160 -0.000010 -0.000011 0.000003 0.003062 -0.216418
    35 3.859375 -0.137939 1.332031 0.354449 -0.042742 -0.531707
    36 1.719427 0.000031 -0.000031 0.000005 0.004052 -0.363023
    37 1.099674 -0.000004 -0.000011 -0.000007 0.002607 -0.244321
    38 0.807566 -0.347147 1.320592 -1.206856 -0.679471 -0.789308
    39 1.789783 -0.000007 0.000004 0.000001 0.007386 0.228516
    40 1.207018 0.000015 -0.000008 -0.000003 0.011265 0.362846
    41 11.481726 -0.000012 -0.000038 0.001269 0.000000 -0.000005
    42 3.859663 -0.132561 1.193130 0.479139 -0.158529 -0.879052
    43 1.312580 -0.000006 0.000003 0.000007 -0.011938 -0.439655
    44 0.729366 -0.000008 -0.000001 0.000005 -0.006136 -0.244269
    45 3.942284 0.050331 0.431063 0.155002 -0.079316 -0.810200
    46 1.539131 -0.000004 0.000002 -0.000002 -0.005851 -0.247777
    47 1.196323 0.000004 0.000005 0.000003 -0.009665 -0.430773
    48 3.882813 -0.050323 -0.430908 -0.085903 -0.026418 -0.587683
    49 1.719599 0.000008 0.000010 -0.000006 -0.007945 -0.366462
    50 1.209183 0.000010 0.000010 0.000006 -0.004485 -0.216351
    51 3.859375 -0.148926 -1.331055 -0.354417 0.038569 -0.532007
    52 1.719425 0.000011 0.000011 0.000004 -0.006614 -0.362968
    53 1.099663 0.000011 0.000010 -0.000001 -0.004222 -0.244302
    54 0.805664 -0.359619 -1.317383 1.204196 0.673612 -0.793958
    55 1.789780 -0.000011 0.000008 0.000004 -0.006302 0.228564
    56 1.207003 0.000001 -0.000008 -0.000005 -0.009615 0.362899
    57 11.481689 -0.000073 -0.000004 0.000155 0.000000 -0.000014
  time 8
    0 0.388292 20.434217 32.832364 1.906413 -0.046752 -3.871849
    1 3.890447 0.000000 0.000000 -2.721800 -0.786862 -0.789470
    2 17.848156 0.000000 0.000000 -0.000048 0.000000 1.353013
    3 16.525240 0.000000 0.000000 -0.078586 -0.068082 -1.297563
    4 -3.890447 0.000000 0.000000 -2.304131 -0.836126 -1.434938
    5 17.848167 0.000000 0.000000 -0.000012 0.000036 1.144234
    6 16.525238 0.000000 0.000000 0.295355 0.096803 -1.601667
    7 0.121097 3.192783 -3.130340 1.567141 0.136033 1.533021
    8 4.015370 0.000000 0.000000 0.006532 -0.024796 -0.066771
    9 3.520298 0.000000 0.000000 0.004099 -0.020110 0.069383
    10 8.940987 0.000000 0.000000 0.002013 -0.008521 0.179678
    11 3.306377 -0.000001 0.000000 3.141638 -0.004614 0.392758
    12 3.594185 0.000000 0.000000 0.729512 0.259913 0.479428
    13 2.036090 0.997452 1.937661 0.057601 -0.959270 4.219937
    14 6.028141 0.000011 0.000000 -1.340632 -0.089473 -0.205742
    15 11.692581 -0.000001 -0.000008 0.000000 0.000000 -1.378220
    16 11.481684 0.000000 -0.000031 0.646081 -0.306070 0.093172
    17 2.036090 0.997453 -1.937661 -3.011603 0.151826 1.315630
    18 6.028137 -0.000008 0.000000 2.051736 0.243683 -0.528154
    19 11.692554 0.000000 0.000019 0.000000 0.000000 -1.367570
    20 11.481705 0.000000 0.000011 -1.233345 0.435972 0.187609
    21 2.000004 -3.000000 0.000000 -1.570796 0.000000 -1.326450
    22 2.676084 -1.712437 0.000000 -1.570796 0.000000 -1.570795
    23 2.676081 -1.712433 0.000000 1.570797 0.000001 1.570797
    24 6.879441 -0.000010 0.000000 -0.004818 -0.033967 -0.583570
    25 6.879432 -0.000013 0.000000 -0.210299 -0.002961 -0.584376
    26 3.859711 -0.142445 -1.191958 -0.479138 0.152189 -0.879878
    27 1.312550 0.000008 0.000004 -0.000009 0.009670 -0.439707
    28 0.729370 0.000006 0.000000 0.000003 0.004968 -0.244304
    29 3.942335 0.046738 -0.431422 -0.155012 0.073337 -0.810639
    30 1.539124 0.000015 -0.000016 -0.000004 0.004459 -0.247797
    31 1.196327 0.000032 -0.000010 -0.000004 0.007358 -0.430804
    32 3.882813 -0.046753 0.431396 0.085902 0.021819 -0.587880
    33 1.719578 -0.000004 0.000004 -0.000008 0.005537 -0.366457
    34 1.209160 -0.000010 -0.000011 0.000003 0.003062 -0.216418
    35 3.859375 -0.137939 1.332031 0.354449 -0.042742 -0.531707
    36 1.719427 0.000031 -0.000031 0.000005 0.004052 -0.363023
    37 1.099674 -0.000004 -0.000011 -0.000007 0.002607 -0.244321
    38 0.807566 -0.347147 1.320592 -1.206856 -0.679483 -0.789308
    39 1.789783 -0.000007 0.000004 0.000001 0.007386 0.228516
    40 1.207018 0.000015 -0.000008 -0.000003 0.011265 0.362846
    41 11.481726 -0.000012 -0.000038 0.001269 0.000000 -0.000005
    42 3.859663 -0.132561 1.193130 0.479139 -0.158529 -0.879052
    43 1.312580 -0.000006 0.000003 0.000007 -0.011938 -0.439655
    44 0.729366 -0.000008 -0.000001 0.000005 -0.006136 -0.244269
    45 3.942284 0.050331 0.431063 0.155002 -0.079316 -0.810200
    46 1.539131 -0.000004 0.000002 -0.000002 -0.005851 -0.247777
    47 1.196323 0.000004 0.000005 0.000003 -0.009665 -0.430773
    48 3.882813 -0.050323 -0.430908 -0.085903 -0.026418 -0.587683
    49 1.719599 0.000008 0.000010 -0.000006 -0.007945 -0.366462
    50 1.209183 0.000010 0.000010 0.000006 -0.004485 -0.216351
    51 3.859375 -0.148926 -1.331055 -0.354417 0.038569 -0.532007
    52 1.719425 0.000011 0.000011 0.000004 -0.006614 -0.362968
    53 1.099663 0.000011 0.000010 -0.000001 -0.004222 -0.244302
    54 0.805664 -0.359619 -1.317383 1.204196 0.673612 -0.793958
    55 1.789780 -0.000011 0.000008 0.000004 -0.006302 0.228564
    56 1.207003 0.000001 -0.000008 -0.000005 -0.009615 0.362899
    57 11.481689 -0.000073 -0.000004 0.000155 0.000000 -0.000014
  time 9
    0 0.431262 20.832667 32.836270 1.901541 -0.040244 -3.907478
    1 3.890447 0.000000 0.000000 -2.768209 -0.793628 -0.736739
    2 17.848156 0.000000 0.000000 -0.000060 0.000000 1.319447
    3 16.525240 0.000000 0.000000 -0.076956 -0.076303 -1.236494
    4 -3.890447 0.000000 0.000000 -2.339163 -0.820133 -1.425862
    5 17.848167 0.000000 0.000000 -0.000024 0.000036 1.134513
    6 16.525238 0.000000 0.000000 0.311187 0.105428 -1.600712
    7 0.128910 3.134187 -3.185029 1.566961 0.153710 1.529365
    8 4.015370 0.000000 0.000000 0.007059 -0.028092 -0.045211
    9 3.520298 0.000000 0.000000 0.004350 -0.023046 0.095905
    10 8.940987 0.000000 0.000000 0.002157 -0.009935 0.209172
    11 3.306377 -0.000001 0.000000 3.141590 -0.005381 0.415840
    12 3.594185 0.000000 0.000000 0.756446 0.247490 0.569858
    13 2.036090 0.997452 1.937661 0.008478 -0.998474 4.201439
    14 6.028141 0.000011 0.000000 -1.449002 -0.209698 -0.162446
    15 11.692581 -0.000001 -0.000008 0.000000 0.000000 -1.151791
    16 11.481684 0.000000 -0.000031 0.592464 -0.363528 0.067694
    17 2.036090 0.997453 -1.937661 -2.993662 0.056415 1.253160
    18 6.028137 -0.000008 0.000000 2.097639 0.255169 -0.462601
    19 11.692554 0.000000 0.000019 0.000000 0.000000 -1.156141
    20 11.481705 0.000000 0.000011 -1.173836 0.435424 0.157960
    21 2.000004 -3.000000 0.000000 -1.570796 0.000000 -1.326450
    22 2.676084 -1.712437 0.000000 -1.570796 0.000000 -1.570795
    23 2.676081 -1.712433 0.000000 1.570797 0.000001 1.570797
    24 6.879441 -0.000010 0.000000 -0.004818 -0.033967 -0.583570
    25 6.879432 -0.000013 0.000000 -0.210299 -0.002961 -0.584376
    26 3.859711 -0.142445 -1.191958 -0.479138 0.152189 -0.879878
    27 1.312550 0.000008 0.000004 -0.000009 0.009670 -0.439707
    28 0.729370 0.000006 0.000000 0.000003 0.004968 -0.244304
    29 3.942335 0.046738 -0.431422 -0.155012 0.073337 -0.810639
    30 1.539124 0.000015 -0.000016 -0.000004 0.004459 -0.247797
    31 1.196327 0.000032 -0.000010 -0.000004 0.007358 -0.430804
    32 3.882813 -0.046753 0.431396 0.085902 0.021819 -0.587880
    33 1.719578 -0.000004 0.000004 -0.000008 0.005537 -0.366457
    34 1.209160 -0.000010 -0.000011 0.000003 0.003062 -0.216418
    35 3.859375 -0.137939 1.332031 0.354449 -0.042742 -0.531707
    36 1.719427 0.000031 -0.000031 0.000005 0.004052 -0.363023
    37 1.099674 -0.000004 -0.000011 -0.000007 0.002607 -0.244321
    38 0.807566 -0.347147 1.320592 -1.206856 -0.679471 -0.789308
    39 1.789783 -0.000007 0.000004 0.000001 0.007386 0.228516
    40 1.207018 0.000015 -0.000008 -0.000003 0.011265 0.362846
    41 11.481726 -0.000012 -0.000038 0.001269 0.000000 -0.000005
    42 3.859663 -0.132561 1.193130 0.479139 -0.158529 -0.879052
    43 1.312580 -0.000006 0.000003 0.000007 -0.011938 -0.439655
    44 0.729366 -0.000008 -0.000001 0.000005 -0.006136 -0.244269
    45 3.942284 0.050331 0.431063 0.155002 -0.079316 -0.810200
    46 1.539131 -0.000004 0.000002 -0.000002 -0.005851 -0.247777
    47 1.196323 0.000004 0.000005 0.000003 -0.009653 -0.430773
    48 3.882813 -0.050323 -0.430908 -0.085903 -0.026418 -0.587683
    49 1.719599 0.000008 0.000010 -0.000006 -0.007945 -0.366462
    50 1.209183 0.000010 0.000010 0.000006 -0.004485 -0.216351
    51 3.859375 -0.148926 -1.331055 -0.354417 0.038569 -0.532007
    52 1.719425 0.000011 0.000011 0.000004 -0.006614 -0.362968
    53 1.099663 0.000011 0.000010 -0.000001 -0.004222 -0.244302
    54 0.805664 -0.359619 -1.317383 1.204196 0.673612 -0.793958
    55 1.789780 -0.000011 0.000008 0.000004 -0.006302 0.228564
    56 1.207003 0.000001 -0.000008 -0.000005 -0.009615 0.362899
    57 11.481689 -0.000073 -0.000004 0.000155 0.000000 -0.000014
  time 10
    0 0.466420 21.149083 32.844083 1.894919 -0.034600 -3.937010
    1 3.890447 0.000000 0.000000 -2.789110 -0.799986 -0.703332
    2 17.848156 0.000000 0.000000 -0.000084 0.000000 1.278009
    3 16.525240 0.000000 0.000000 -0.081558 -0.084693 -1.181696
    4 -3.890447 0.000000 0.000000 -2.365760 -0.805763 -1.420460
    5 17.848167 0.000000 0.000000 -0.000024 0.000036 1.125211
    6 16.525238 0.000000 0.000000 0.327054 0.114434 -1.597203
    7 0.144536 3.110749 -3.208467 1.566529 0.161632 1.523900
    8 4.015370 0.000000 0.000000 0.007802 -0.032215 -0.025185
    9 3.520298 0.000000 0.000000 0.004722 -0.026534 0.118987
    10 8.940987 0.000000 0.000000 0.002361 -0.011505 0.232446
    11 3.306377 -0.000001 0.000000 3.141530 -0.006232 0.433566
    12 3.594185 0.000000 0.000000 0.775714 0.230318 0.649699
    13 2.036090 0.997452 1.937661 -0.048832 -1.037755 4.195772
    14 6.028141 0.000011 0.000000 -1.468327 -0.063505 -0.151062
    15 11.692581 -0.000001 -0.000008 0.000000 0.000000 -1.317299
    16 11.481684 0.000000 -0.000031 0.560506 -0.571594 0.182237
    17 2.036090 0.997453 -1.937661 -2.973718 -0.002297 1.197609
    18 6.028137 -0.000008 0.000000 2.127987 0.288986 -0.407003
    19 11.692554 0.000000 0.000019 0.000000 0.000000 -0.972385
    20 11.481705 0.000000 0.000011 -1.134030 0.432408 0.126444
    21 2.000004 -3.000000 0.000000 -1.570796 0.000000 -1.326450
    22 2.676084 -1.712437 0.000000 -1.570796 0.000000 -1.570795
    23 2.676081 -1.712433 0.000000 1.570797 0.000001 1.570797
    24 6.879441 -0.000010 0.000000 -0.004818 -0.033967 -0.583570
    25 6.879432 -0.000013 0.000000 -0.210299 -0.002961 -0.584376
    26 3.859711 -0.142445 -1.191958 -0.479138 0.152189 -0.879878
    27 1.312550 0.000008 0.000004 -0.000009 0.009670 -0.439707
    28 0.729370 0.000006 0.000000 0.000003 0.004968 -0.244304
    29 3.942335 0.046738 -0.431422 -0.155012 0.073337 -0.810639
    30 1.539124 0.000015 -0.000016 -0.000004 0.004459 -0.247797
    31 1.196327 0.000032 -0.000010 -0.000004 0.007358 -0.430804
    32 3.882813 -0.046753 0.431396 0.085902 0.021819 -0.587880
    33 1.719578 -0.000004 0.000004 -0.000008 0.005537 -0.366457
    34 1.209160 -0.000010 -0.000011 0.000003 0.003062 -0.216418
    35 3.859375 -0.137939 1.332031 0.354449 -0.042742 -0.531707
    36 1.719427 0.000031 -0.000031 0.000005 0.004052 -0.363023
    37 1.099674 -0.000004 -0.000011 -0.000007 0.002607 -0.244321
    38 0.807566 -0.347147 1.320592 -1.206856 -0.679483 -0.789308
    39 1.789783 -0.000007 0.000004 0.000001 0.007386 0.228516
    40 1.207018 0.000015 -0.000008 -0.000003 0.011265 0.362846
    41 11.481726 -0.000012 -0.000038 0.001269 0.000000 -0.000005
    42 3.859663 -0.132561 1.193130 0.479139 -0.158529 -0.879052
    43 1.312580 -0.000006 0.000003 0.000007 -0.011938 -0.439655
    44 0.729366 -0.000008 -0.000001 0.000005 -0.006136 -0.244269
    45 3.942284 0.050331 0.431063 0.155002 -0.079316 -0.810200
    46 1.539131 -0.000004 0.000002 -0.000002 -0.005851 -0.247777
    47 1.196323 0.000004 0.000005 0.000003 -0.009665 -0.430773
    48 3.882813 -0.050323 -0.430908 -0.085903 -0.026418 -0.587683
    49 1.719599 0.000008 0.000010 -0.000006 -0.007945 -0.366462
    50 1.209183 0.000010 0.000010 0.000006 -0.004485 -0.216351
    51 3.859375 -0.148926 -1.331055 -0.354417 0.038569 -0.532007
    52 1.719425 0.000011 0.000011 0.000004 -0.006614 -0.362968
    53 1.099663 0.000011 0.000010 -0.000001 -0.004222 -0.244302
    54 0.805664 -0.359619 -1.317383 1.204196 0.673612 -0.793958
    55 1.789780 -0.000011 0.000008 0.000004 -0.006302 0.228564
    56 1.207003 0.000001 -0.000008 -0.000005 -0.009615 0.362899
    57 11.481689 -0.000073 -0.000004 0.000155 0.000000 -0.000014
  time 11
    0 0.493764 21.391278 32.851895 1.886882 -0.029638 -3.960827
    1 3.890447 0.000000 0.000000 -2.787476 -0.807161 -0.686938
    2 17.848156 0.000000 0.000000 -0.000096 0.000000 1.231415
    3 16.525240 0.000000 0.000000 -0.091757 -0.093106 -1.133646
    4 -3.890447 0.000000 0.000000 -2.384492 -0.792976 -1.418010
    5 17.848167 0.000000 0.000000 -0.000024 0.000036 1.116420
    6 16.525238 0.000000 0.000000 0.342538 0.123276 -1.591617
    7 0.167974 3.110749 -3.204561 1.566050 0.161021 1.517045
    8 4.015370 0.000000 0.000000 0.008797 -0.037044 -0.006704
    9 3.520298 0.000000 0.000000 0.005237 -0.030549 0.138750
    10 8.940987 0.000000 0.000000 0.002637 -0.013267 0.250135
    11 3.306377 -0.000001 0.000000 3.141482 -0.007179 0.446629
    12 3.594185 0.000000 0.000000 0.787702 0.209227 0.719621
    13 2.036090 0.997452 1.937661 -0.098146 -1.080648 4.182406
    14 6.028141 0.000011 0.000000 -1.504134 0.026628 -0.112480
    15 11.692581 -0.000001 -0.000008 0.000000 0.000000 -1.530086
    16 11.481684 0.000000 -0.000031 0.499136 -0.745072 0.419597
    17 2.036090 0.997453 -1.937661 -2.953391 -0.024909 1.150082
    18 6.028137 -0.000008 0.000000 2.145834 0.325844 -0.376554
    19 11.692554 0.000000 0.000019 0.000000 0.000000 -0.865172
    20 11.481705 0.000000 0.000011 -1.117865 0.428192 0.109890
    21 2.000004 -3.000000 0.000000 -1.570796 0.000000 -1.326450
    22 2.676084 -1.712437 0.000000 -1.570796 0.000000 -1.570795
    23 2.676081 -1.712433 0.000000 1.570797 0.000001 1.570797
    24 6.879441 -0.000010 0.000000 -0.004818 -0.033967 -0.583570
    25 6.879432 -0.000013 0.000000 -0.210299 -0.002961 -0.584376
    26 3.859711 -0.142445 -1.191958 -0.479138 0.152189 -0.879878
    27 1.312550 0.000008 0.000004 -0.000009 0.009670 -0.439707
    28 0.729370 0.000006 0.000000 0.000003 0.004968 -0.244304
    29 3.942335 0.046738 -0.431422 -0.155012 0.073337 -0.810639
    30 1.539124 0.000015 -0.000016 -0.000004 0.004459 -0.247797
    31 1.196327 0.000032 -0.000010 -0.000004 0.007358 -0.430804
    32 3.882813 -0.046753 0.431396 0.085902 0.021819 -0.587880
    33 1.719578 -0.000004 0.000004 -0.000008 0.005537 -0.366457
    34 1.209160 -0.000010 -0.000011 0.000003 0.003062 -0.216418
    35 3.859375 -0.137939 1.332031 0.354449 -0.042742 -0.531707
    36 1.719427 0.000031 -0.000031 0.000005 0.004052 -0.363023
    37 1.099674 -0.000004 -0.000011 -0.000007 0.002607 -0.244321
    38 0.807566 -0.347147 1.320592 -1.206856 -0.679483 -0.789308
    39 1.789783 -0.000007 0.000004 0.000001 0.007386 0.228516
    40 1.207018 0.000015 -0.000008 -0.000003 0.011265 0.362846
    41 11.481726 -0.000012 -0.000038 0.001269 0.000000 -0.000005
    42 3.859663 -0.132561 1.193130 0.479139 -0.158529 -0.879052
    43 1.312580 -0.000006 0.000003 0.000007 -0.011938 -0.439655
    44 0.729366 -0.000008 -0.000001 0.000005 -0.006136 -0.244269
    45 3.942284 0.050331 0.431063 0.155002 -0.079316 -0.810200
    46 1.539131 -0.000004 0.000002 -0.000002 -0.005851 -0.247777
    47 1.196323 0.000004 0.000005 0.000003 -0.009653 -0.430773
    48 3.882813 -0.050323 -0.430908 -0.085903 -0.026418 -0.587683
    49 1.719599 0.000008 0.000010 -0.000006 -0.007945 -0.366462
    50 1.209183 0.000010 0.000010 0.000006 -0.004485 -0.216351
    51 3.859375 -0.148926 -1.331055 -0.354417 0.038569 -0.532007
    52 1.719425 0.000011 0.000011 0.000004 -0.006614 -0.362968
    53 1.099663 0.000011 0.000010 -0.000001 -0.004222 -0.244302
    54 0.805664 -0.359619 -1.317383 1.204196 0.673612 -0.793958
    55 1.789780 -0.000011 0.000008 0.000004 -0.006302 0.228564
    56 1.207003 0.000001 -0.000008 -0.000005 -0.009615 0.362899
    57 11.481689 -0.000073 -0.000004 0.000155 0.000000 -0.000014
  time 12
    0 0.517202 21.570971 32.863615 1.877928 -0.025108 -3.979785
    1 3.890447 0.000000 0.000000 -2.766785 -0.815244 -0.684922
    2 17.848156 0.000000 0.000000 -0.000120 0.000000 1.182061
    3 16.525240 0.000000 0.000000 -0.106426 -0.101555 -1.092532
    4 -3.890447 0.000000 0.000000 -2.395824 -0.781854 -1.417978
    5 17.848167 0.000000 0.000000 -0.000024 0.000036 1.108140
    6 16.525238 0.000000 0.000000 0.357171 0.131359 -1.584515
    7 0.187506 3.134187 -3.181123 1.566230 0.152740 1.509794
    8 4.015370 0.000000 0.000000 0.010139 -0.042641 0.009990
    9 3.520298 0.000000 0.000000 0.005980 -0.035355 0.155312
    10 8.940987 0.000000 0.000000 0.003056 -0.015448 0.262683
    11 3.306377 -0.000001 0.000000 3.141446 -0.008377 0.455270
    12 3.594185 0.000000 0.000000 0.791998 0.184782 0.779715
    13 2.036090 0.997452 1.937661 -0.140890 -1.130970 4.163320
    14 6.028141 0.000011 0.000000 -1.547710 0.008183 -0.019361
    15 11.692581 -0.000001 -0.000008 0.000000 0.000000 -1.732709
    16 11.481684 0.000000 -0.000031 0.427291 -0.798223 0.744872
    17 2.036090 0.997453 -1.937661 -2.933447 -0.005058 1.114039
    18 6.028137 -0.000008 0.000000 2.146406 0.352577 -0.390259
    19 11.692554 0.000000 0.000019 0.000000 0.000000 -0.886503
    20 11.481705 0.000000 0.000011 -1.130895 0.423634 0.127942
    21 2.000004 -3.000000 0.000000 -1.570796 0.000000 -1.326450
    22 2.676084 -1.712437 0.000000 -1.570796 0.000000 -1.570795
    23 2.676081 -1.712433 0.000000 1.570797 0.000001 1.570797
    24 6.879441 -0.000010 0.000000 -0.004818 -0.033967 -0.583570
    25 6.879432 -0.000013 0.000000 -0.210299 -0.002961 -0.584376
    26 3.859711 -0.142445 -1.191958 -0.479138 0.152189 -0.879878
    27 1.312550 0.000008 0.000004 -0.000009 0.009670 -0.439707
    28 0.729370 0.000006 0.000000 0.000003 0.004968 -0.244304
    29 3.942335 0.046738 -0.431422 -0.155012 0.073337 -0.810639
    30 1.539124 0.000015 -0.000016 -0.000004 0.004459 -0.247797
    31 1.196327 0.000032 -0.000010 -0.000004 0.007358 -0.430804
    32 3.882813 -0.046753 0.431396 0.085902 0.021819 -0.587880
    33 1.719578 -0.000004 0.000004 -0.000008 0.005537 -0.366457
    34 1.209160 -0.000010 -0.000011 0.000003 0.003062 -0.216418
    35 3.859375 -0.137939 1.332031 0.354449 -0.042742 -0.531707
    36 1.719427 0.000031 -0.000031 0.000005 0.004052 -0.363023
    37 1.099674 -0.000004 -0.000011 -0.000007 0.002607 -0.244321
    38 0.807566 -0.347147 1.320592 -1.206856 -0.679483 -0.789308
    39 1.789783 -0.000007 0.000004 0.000001 0.007386 0.228516
    40 1.207018 0.000015 -0.000008 -0.000003 0.011265 0.362846
    41 11.481726 -0.000012 -0.000038 0.001269 0.000000 -0.000005
    42 3.859663 -0.132561 1.193130 0.479139 -0.158529 -0.879052
    43 1.312580 -0.000006 0.000003 0.000007 -0.011938 -0.439655
    44 0.729366 -0.000008 -0.000001 0.000005 -0.006136 -0.244269
    45 3.942284 0.050331 0.431063 0.155002 -0.079316 -0.810200
    46 1.539131 -0.000004 0.000002 -0.000002 -0.005851 -0.247777
    47 1.196323 0.000004 0.000005 0.000003 -0.009653 -0.430773
    48 3.882813 -0.050323 -0.430908 -0.085903 -0.026418 -0.587683
    49 1.719599 0.000008 0.000010 -0.000006 -0.007945 -0.366462
    50 1.209183 0.000010 0.000010 0.000006 -0.004485 -0.216351
    51 3.859375 -0.148926 -1.331055 -0.354417 0.038569 -0.532007
    52 1.719425 0.000011 0.000011 0.000004 -0.006614 -0.362968
    53 1.099663 0.000011 0.000010 -0.000001 -0.004222 -0.244302
    54 0.805664 -0.359619 -1.317383 1.204196 0.673612 -0.793958
    55 1.789780 -0.000011 0.000008 0.000004 -0.006302 0.228564
    56 1.207003 0.000001 -0.000008 -0.000005 -0.009615 0.362899
    57 11.481689 -0.000073 -0.000004 0.000155 0.000000 -0.000014
  time 13
    0 0.536734 21.703787 32.871427 1.868391 -0.020757 -3.994265
    1 3.890447 0.000000 0.000000 -2.730806 -0.823554 -0.694759
    2 17.848156 0.000000 0.000000 -0.000132 0.000000 1.131892
    3 16.525240 0.000000 0.000000 -0.124175 -0.110112 -1.058353
    4 -3.890447 0.000000 0.000000 -2.399912 -0.772477 -1.420083
    5 17.848167 0.000000 0.000000 -0.000024 0.000036 1.100280
    6 16.525238 0.000000 0.000000 0.370510 0.138104 -1.576374
    7 0.214850 3.181063 -3.138153 1.566649 0.137771 1.502016
    8 4.015370 0.000000 0.000000 0.011625 -0.048526 0.024899
    9 3.520298 0.000000 0.000000 0.006819 -0.040352 0.168675
    10 8.940987 0.000000 0.000000 0.003547 -0.017689 0.270317
    11 3.306377 -0.000001 0.000000 3.141422 -0.009612 0.459800
    12 3.594185 0.000000 0.000000 0.790378 0.158542 0.830468
    13 2.036090 0.997452 1.937661 -0.175924 -1.188746 4.138246
    14 6.028141 0.000011 0.000000 -1.503187 0.069009 -0.036985
    15 11.692581 -0.000001 -0.000008 0.000000 0.000000 -1.774437
    16 11.481684 0.000000 -0.000031 0.503929 -0.914610 0.707207
    17 2.036090 0.997453 -1.937661 -2.913502 0.045609 1.090449
    18 6.028137 -0.000008 0.000000 2.132759 0.384433 -0.429759
    19 11.692554 0.000000 0.000019 0.000000 0.000000 -0.972804
    20 11.481705 0.000000 0.000011 -1.162553 0.418905 0.162548
    21 2.000004 -3.000000 0.000000 -1.570796 0.000000 -1.326450
    22 2.676084 -1.712437 0.000000 -1.570796 0.000000 -1.570795
    23 2.676081 -1.712433 0.000000 1.570797 0.000001 1.570797
    24 6.879441 -0.000010 0.000000 -0.004818 -0.033967 -0.583570
    25 6.879432 -0.000013 0.000000 -0.210299 -0.002973 -0.584376
    26 3.859711 -0.142445 -1.191958 -0.479138 0.152189 -0.879878
    27 1.312550 0.000008 0.000004 -0.000009 0.009670 -0.439707
    28 0.729370 0.000006 0.000000 0.000003 0.004968 -0.244304
    29 3.942335 0.046738 -0.431422 -0.155012 0.073337 -0.810639
    30 1.539124 0.000015 -0.000016 -0.000004 0.004459 -0.247797
    31 1.196327 0.000032 -0.000010 -0.000004 0.007358 -0.430804
    32 3.882813 -0.046753 0.431396 0.085902 0.021819 -0.587880
    33 1.719578 -0.000004 0.000004 -0.000008 0.005537 -0.366457
    34 1.209160 -0.000010 -0.000011 0.000003 0.003062 -0.216418
    35 3.859375 -0.137939 1.332031 0.354449 -0.042742 -0.531707
    36 1.719427 0.000031 -0.000031 0.000005 0.004052 -0.363023
    37 1.099674 -0.000004 -0.000011 -0.000007 0.002607 -0.244321
    38 0.807566 -0.347147 1.320592 -1.206856 -0.679483 -0.789308
    39 1.789783 -0.000007 0.000004 0.000001 0.007386 0.228516
    40 1.207018 0.000015 -0.000008 -0.000003 0.011265 0.362846
    41 11.481726 -0.000012 -0.000038 0.001269 0.000000 -0.000005
    42 3.859663 -0.132561 1.193130 0.479139 -0.158529 -0.879052
    43 1.312580 -0.000006 0.000003 0.000007 -0.011938 -0.439655
    44 0.729366 -0.000008 -0.000001 0.000005 -0.006136 -0.244269
    45 3.942284 0.050331 0.431063 0.155002 -0.079316 -0.810200
    46 1.539131 -0.000004 0.000002 -0.000002 -0.005851 -0.247777
    47 1.196323 0.000004 0.000005 0.000003 -0.009653 -0.430773
    48 3.882813 -0.050323 -0.430908 -0.085903 -0.026418 -0.587683
    49 1.719599 0.000008 0.000010 -0.000006 -0.007945 -0.366462
    50 1.209183 0.000010 0.000010 0.000006 -0.004485 -0.216351
    51 3.859375 -0.148926 -1.331055 -0.354417 0.038569 -0.532007
    52 1.719425 0.000011 0.000011 0.000004 -0.006614 -0.362968
    53 1.099663 0.000011 0.000010 -0.000001 -0.004222 -0.244302
    54 0.805664 -0.359619 -1.317383 1.204196 0.673612 -0.793958
    55 1.789780 -0.000011 0.000008 0.000004 -0.006302 0.228564
    56 1.207003 0.000001 -0.000008 -0.000005 -0.009615 0.362899
    57 11.481689 -0.000073 -0.000004 0.000155 0.000000 -0.000014
  time 14
    0 0.548453 21.805353 32.879240 1.858605 -0.016347 -4.004745
    1 3.890447 0.000000 0.000000 -2.683685 -0.831365 -0.713330
    2 17.848156 0.000000 0.000000 -0.000156 0.000000 1.083036
    3 16.525240 0.000000 0.000000 -0.143494 -0.118897 -1.031068
    4 -3.890447 0.000000 0.000000 -2.396911 -0.764805 -1.424134
    5 17.848167 0.000000 0.000000 -0.000024 0.000036 1.092791
    6 16.525238 0.000000 0.000000 0.382087 0.142860 -1.567700
    7 0.242195 3.243565 -3.075651 1.566913 0.117049 1.493567
    8 4.015370 0.000000 0.000000 0.013099 -0.054266 0.037974
    9 3.520298 0.000000 0.000000 0.007658 -0.045050 0.178778
    10 8.940987 0.000000 0.000000 0.004039 -0.019679 0.273373
    11 3.306377 -0.000001 0.000000 3.141434 -0.010690 0.460723
    12 3.594185 0.000000 0.000000 0.784692 0.131885 0.872519
    13 2.036090 0.997452 1.937661 -0.198391 -1.253442 4.103282
    14 6.028141 0.000011 0.000000 -1.459138 0.087917 -0.083044
    15 11.692581 -0.000001 -0.000008 0.000000 0.000000 -1.737323
    16 11.481684 0.000000 -0.000031 0.675671 -1.017741 0.559310
    17 2.036090 0.997453 -1.937661 -2.892031 0.107562 1.076751
    18 6.028137 -0.000008 0.000000 2.112623 0.431937 -0.469712
    19 11.692554 0.000000 0.000019 0.000000 0.000000 -1.046557
    20 11.481705 0.000000 0.000011 -1.197165 0.414587 0.192566
    21 2.000004 -3.000000 0.000000 -1.570796 0.000000 -1.326450
    22 2.676084 -1.712437 0.000000 -1.570796 0.000000 -1.570795
    23 2.676081 -1.712433 0.000000 1.570797 0.000001 1.570797
    24 6.879441 -0.000010 0.000000 -0.004818 -0.033967 -0.583558
    25 6.879432 -0.000013 0.000000 -0.210299 -0.002961 -0.584376
    26 3.859711 -0.142445 -1.191958 -0.479138 0.152189 -0.879878
    27 1.312550 0.000008 0.000004 -0.000009 0.009670 -0.439707
    28 0.729370 0.000006 0.000000 0.000003 0.004968 -0.244304
    29 3.942335 0.046738 -0.431422 -0.155012 0.073337 -0.810639
    30 1.539124 0.000015 -0.000016 -0.000004 0.004459 -0.247797
    31 1.196327 0.000032 -0.000010 -0.000004 0.007358 -0.430804
    32 3.882813 -0.046753 0.431396 0.085902 0.021819 -0.587880
    33 1.719578 -0.000004 0.000004 -0.000008 0.005537 -0.366457
    34 1.209160 -0.000010 -0.000011 0.000003 0.003062 -0.216418
    35 3.859375 -0.137939 1.332031 0.354449 -0.042742 -0.531707
    36 1.719427 0.000031 -0.000031 0.000005 0.004052 -0.363023
    37 1.099674 -0.000004 -0.000011 -0.000007 0.002607 -0.244321
    38 0.807566 -0.347147 1.320592 -1.206856 -0.679471 -0.789308
    39 1.789783 -0.000007 0.000004 0.000001 0.007386 0.228516
    40 1.207018 0.000015 -0.000008 -0.000003 0.011265 0.362846
    41 11.481726 -0.000012 -0.000038 0.001269 0.000000 -0.000005
    42 3.859663 -0.132561 1.193130 0.479139 -0.158529 -0.879052
    43 1.312580 -0.000006 0.000003 0.000007 -0.011938 -0.439655
    44 0.729366 -0.000008 -0.000001 0.000005 -0.006136 -0.244269
    45 3.942284 0.050331 0.431063 0.155002 -0.079316 -0.810200
    46 1.539131 -0.000004 0.000002 -0.000002 -0.005851 -0.247777
    47 1.196323 0.000004 0.000005 0.000003 -0.009653 -0.430773
    48 3.882813 -0.050323 -0.430908 -0.085903 -0.026418 -0.587683
    49 1.719599 0.000008 0.000010 -0.000006 -0.007945 -0.366462
    50 1.209183 0.000010 0.000010 0.000006 -0.004485 -0.216351
    51 3.859375 -0.148926 -1.331055 -0.354417 0.038569 -0.532007
    52 1.719425 0.000011 0.000011 0.000004 -0.006614 -0.362968
    53 1.099663 0.000011 0.000010 -0.000001 -0.004222 -0.244302
    54 0.805664 -0.359619 -1.317383 1.204196 0.673612 -0.793958
    55 1.789780 -0.000011 0.000008 0.000004 -0.006302 0.228564
    56 1.207003 0.000001 -0.000008 -0.000005 -0.009615 0.362899
    57 11.481689 -0.000073 -0.000004 0.000155 0.000000 -0.000014
  time 15
    0 0.560172 21.883480 32.887053 1.849026 -0.011589 -4.011985
    1 3.890447 0.000000 0.000000 -2.629485 -0.837950 -0.737814
    2 17.848156 0.000000 0.000000 -0.000168 0.000000 1.037211
    3 16.525240 0.000000 0.000000 -0.162921 -0.127969 -1.010552
    4 -3.890447 0.000000 0.000000 -2.386820 -0.758919 -1.430133
    5 17.848167 0.000000 0.000000 -0.000024 0.000036 1.085489
    6 16.525238 0.000000 0.000000 0.391387 0.145066 -1.558969
    7 0.273446 3.317786 -2.997523 1.567261 0.091534 1.485010
    8 4.015370 0.000000 0.000000 0.014513 -0.059647 0.049108
    9 3.520298 0.000000 0.000000 0.008509 -0.049317 0.185681
    10 8.940987 0.000000 0.000000 0.004542 -0.021392 0.272235
    11 3.306377 -0.000001 0.000000 3.141470 -0.011625 0.458398
    12 3.594185 0.000000 0.000000 0.775714 0.105645 0.906172
    13 2.036090 0.997452 1.937661 -0.196868 -1.324676 4.047520
    14 6.028141 0.000011 0.000000 -1.413384 0.083793 -0.132486
    15 11.692581 -0.000001 -0.000008 0.000000 0.000000 -1.642164
    16 11.481684 0.000000 -0.000031 0.913992 -1.089656 0.323432
    17 2.036090 0.997453 -1.937661 -2.868841 0.182002 1.074122
    18 6.028137 -0.000008 0.000000 2.083038 0.496529 -0.513155
    19 11.692554 0.000000 0.000019 0.000000 0.000000 -1.106925
    20 11.481705 0.000000 0.000011 -1.234823 0.410680 0.217258
    21 2.000004 -3.000000 0.000000 -1.570796 0.000000 -1.326450
    22 2.676084 -1.712437 0.000000 -1.570796 0.000000 -1.570795
    23 2.676081 -1.712433 0.000000 1.570797 0.000001 1.570797
    24 6.879441 -0.000010 0.000000 -0.004818 -0.033967 -0.583558
    25 6.879432 -0.000013 0.000000 -0.210299 -0.002961 -0.584376
    26 3.859711 -0.142445 -1.191958 -0.479138 0.152189 -0.879878
    27 1.312550 0.000008 0.000004 -0.000009 0.009670 -0.439707
    28 0.729370 0.000006 0.000000 0.000003 0.004968 -0.244304
    29 3.942335 0.046738 -0.431422 -0.155012 0.073337 -0.810639
    30 1.539124 0.000015 -0.000016 -0.000004 0.004459 -0.247797
    31 1.196327 0.000032 -0.000010 -0.000004 0.007358 -0.430804
    32 3.882813 -0.046753 0.431396 0.085902 0.021819 -0.587880
    33 1.719578 -0.000004 0.000004 -0.000008 0.005537 -0.366457
    34 1.209160 -0.000010 -0.000011 0.000003 0.003062 -0.216418
    35 3.859375 -0.137939 1.332031 0.354449 -0.042742 -0.531707
    36 1.719427 0.000031 -0.000031 0.000005 0.004052 -0.363023
    37 1.099674 -0.000004 -0.000011 -0.000007 0.002607 -0.244321
    38 0.807566 -0.347147 1.320592 -1.206856 -0.679471 -0.789308
    39 1.789783 -0.000007 0.000004 0.000001 0.007386 0.228516
    40 1.207018 0.000015 -0.000008 -0.000003 0.011265 0.362846
    41 11.481726 -0.000012 -0.000038 0.001269 0.000000 -0.000005
    42 3.859663 -0.132561 1.193130 0.479139 -0.158529 -0.879052
    43 1.312580 -0.000006 0.000003 0.000007 -0.011938 -0.439655
    44 0.729366 -0.000008 -0.000001 0.000005 -0.006136 -0.244269
    45 3.942284 0.050331 0.431063 0.155002 -0.079316 -0.810200
    46 1.539131 -0.000004 0.000002 -0.000002 -0.005851 -0.247777
    47 1.196323 0.000004 0.000005 0.000003 -0.009653 -0.430773
    48 3.882813 -0.050323 -0.430908 -0.085903 -0.026418 -0.587683
    49 1.719599 0.000008 0.000010 -0.000006 -0.007945 -0.366462
    50 1.209183 0.000010 0.000010 0.000006 -0.004485 -0.216351
    51 3.859375 -0.148926 -1.331055 -0.354417 0.038569 -0.532007
    52 1.719425 0.000011 0.000011 0.000004 -0.006614 -0.362968
    53 1.099663 0.000011 0.000010 -0.000001 -0.004222 -0.244302
    54 0.805664 -0.359619 -1.317383 1.204196 0.673612 -0.793958
    55 1.789780 -0.000011 0.000008 0.000004 -0.006302 0.228564
    56 1.207003 0.000001 -0.000008 -0.000005 -0.009615 0.362899
    57 11.481689 -0.000073 -0.000004 0.000155 0.000000 -0.000014
  time 16
    0 0.567985 21.949889 32.894866 1.839948 -0.006244 -4.016367
    1 3.890447 0.000000 0.000000 -2.572186 -0.843036 -0.765282
    2 17.848156 0.000000 0.000000 -0.000168 0.000000 0.995864
    3 16.525240 0.000000 0.000000 -0.181246 -0.137317 -0.996536
    4 -3.890447 0.000000 0.000000 -2.369537 -0.754779 -1.438173
    5 17.848167 0.000000 0.000000 -0.000024 0.000036 1.078279
    6 16.525238 0.000000 0.000000 0.397955 0.144054 -1.550688
    7 0.308603 3.399820 -2.907677 1.567656 0.062364 1.476645
    8 4.015370 0.000000 0.000000 0.015820 -0.064405 0.058192
    9 3.520298 0.000000 0.000000 0.009312 -0.052912 0.189516
    10 8.940987 0.000000 0.000000 0.005046 -0.022735 0.267477
    11 3.306377 -0.000001 0.000000 3.141530 -0.012356 0.453304
    12 3.594185 0.000000 0.000000 0.764678 0.080665 0.932035
    13 2.036090 0.997452 1.937661 -0.136321 -1.400108 3.936425
    14 6.028141 0.000011 0.000000 -1.364693 0.069934 -0.170162
    15 11.692581 -0.000001 -0.000008 0.000000 0.000000 -1.512900
    16 11.481684 0.000000 -0.000031 1.168231 -1.124812 0.055529
    17 2.036090 0.997453 -1.937661 -2.843362 0.270089 1.083946
    18 6.028137 -0.000008 0.000000 2.039520 0.579290 -0.564292
    19 11.692554 0.000000 0.000019 0.000000 0.000000 -1.152306
    20 11.481705 0.000000 0.000011 -1.274674 0.407356 0.235494
    21 2.000004 -3.000000 0.000000 -1.570796 0.000000 -1.326450
    22 2.676084 -1.712437 0.000000 -1.570796 0.000000 -1.570795
    23 2.676081 -1.712433 0.000000 1.570797 0.000001 1.570797
    24 6.879441 -0.000010 0.000000 -0.004818 -0.033967 -0.583558
    25 6.879432 -0.000013 0.000000 -0.210299 -0.002961 -0.584376
    26 3.859711 -0.142445 -1.191958 -0.479138 0.152189 -0.879878
    27 1.312550 0.000008 0.000004 -0.000009 0.009670 -0.439707
    28 0.729370 0.000006 0.000000 0.000003 0.004968 -0.244304
    29 3.942335 0.046738 -0.431422 -0.155012 0.073337 -0.810639
    30 1.539124 0.000015 -0.000016 -0.000004 0.004459 -0.247797
    31 1.196327 0.000032 -0.000010 -0.000004 0.007358 -0.430804
    32 3.882813 -0.046753 0.431396 0.085902 0.021819 -0.587880
    33 1.719578 -0.000004 0.000004 -0.000008 0.005537 -0.366457
    34 1.209160 -0.000010 -0.000011 0.000003 0.003062 -0.216418
    35 3.859375 -0.137939 1.332031 0.354449 -0.042742 -0.531707
    36 1.719427 0.000031 -0.000031 0.000005 0.004052 -0.363023
    37 1.099674 -0.000004 -0.000011 -0.000007 0.002607 -0.244321
    38 0.807566 -0.347147 1.320592 -1.206856 -0.679471 -0.789308
    39 1.789783 -0.000007 0.000004 0.000001 0.007386 0.228516
    40 1.207018 0.000015 -0.000008 -0.000003 0.011265 0.362846
    41 11.481726 -0.000012 -0.000038 0.001269 0.000000 -0.000005
    42 3.859663 -0.132561 1.193130 0.479139 -0.158529 -0.879052
    43 1.312580 -0.000006 0.000003 0.000007 -0.011938 -0.439655
    44 0.729366 -0.000008 -0.000001 0.000005 -0.006136 -0.244269
    45 3.942284 0.050331 0.431063 0.155002 -0.079316 -0.810200
    46 1.539131 -0.000004 0.000002 -0.000002 -0.005851 -0.247777
    47 1.196323 0.000004 0.000005 0.000003 -0.009653 -0.430773
    48 3.882813 -0.050323 -0.430908 -0.085903 -0.026418 -0.587683
    49 1.719599 0.000008 0.000010 -0.000006 -0.007945 -0.366462
    50 1.209183 0.000010 0.000010 0.000006 -0.004485 -0.216351
    51 3.859375 -0.148926 -1.331055 -0.354417 0.038569 -0.532007
    52 1.719425 0.000011 0.000011 0.000004 -0.006614 -0.362968
    53 1.099663 0.000011 0.000010 -0.000001 -0.004222 -0.244302
    54 0.805664 -0.359619 -1.317383 1.204196 0.673612 -0.793958
    55 1.789780 -0.000011 0.000008 0.000004 -0.006302 0.228564
    56 1.207003 0.000001 -0.000008 -0.000005 -0.009615 0.362899
    57 11.481689 -0.000073 -0.000004 0.000155 0.000000 -0.000014
  time 17
    0 0.571891 22.024110 32.902678 1.831785 -0.000060 -4.018463
    1 3.890447 0.000000 0.000000 -2.515683 -0.846759 -0.792615
    2 17.848156 0.000000 0.000000 -0.000144 0.000000 0.960895
    3 16.525240 0.000000 0.000000 -0.197545 -0.146857 -0.989019
    4 -3.890447 0.000000 0.000000 -2.344958 -0.752384 -1.448349
    5 17.848167 0.000000 0.000000 -0.000024 0.000036 1.070977
    6 16.525238 0.000000 0.000000 0.401299 0.139189 -1.543333
    7 0.343760 3.485760 -2.806111 1.567944 0.030820 1.468603
    8 4.015370 0.000000 0.000000 0.016934 -0.068240 0.065203
    9 3.520298 0.000000 0.000000 0.010043 -0.055549 0.190535
    10 8.940987 0.000000 0.000000 0.005489 -0.023526 0.259843
    11 3.306377 -0.000001 0.000000 3.141602 -0.012776 0.446114
    12 3.594185 0.000000 0.000000 0.753076 0.057779 0.950961
    13 2.036090 0.997452 1.937661 0.122051 -1.472131 3.631581
    14 6.028141 0.000011 0.000000 -1.312024 0.059213 -0.191310
    15 11.692581 -0.000001 -0.000008 0.000000 0.000000 -1.382032
    16 11.481684 0.000000 -0.000031 1.392881 -1.132725 -0.183069
    17 2.036090 0.997453 -1.937661 -2.814160 0.372785 1.107951
    18 6.028137 -0.000008 0.000000 1.974434 0.679980 -0.629328
    19 11.692554 0.000000 0.000019 0.000000 0.000000 -1.180539
    20 11.481705 0.000000 0.000011 -1.314167 0.404682 0.245961
    21 2.000004 -3.000000 0.000000 -1.570796 0.000000 -1.326450
    22 2.676084 -1.712437 0.000000 -1.570796 0.000000 -1.570795
    23 2.676081 -1.712433 0.000000 1.570797 0.000001 1.570797
    24 6.879441 -0.000010 0.000000 -0.004818 -0.033967 -0.583558
    25 6.879432 -0.000013 0.000000 -0.210299 -0.002973 -0.584376
    26 3.859711 -0.142445 -1.191958 -0.479138 0.152189 -0.879878
    27 1.312550 0.000008 0.000004 -0.000009 0.009670 -0.439707
    28 0.729370 0.000006 0.000000 0.000003 0.004968 -0.244304
    29 3.942335 0.046738 -0.431422 -0.155012 0.073337 -0.810639
    30 1.539124 0.000015 -0.000016 -0.000004 0.004459 -0.247797
    31 1.196327 0.000032 -0.000010 -0.000004 0.007358 -0.430804
    32 3.882813 -0.046753 0.431396 0.085902 0.021819 -0.587880
    33 1.719578 -0.000004 0.000004 -0.000008 0.005537 -0.366457
    34 1.209160 -0.000010 -0.000011 0.000003 0.003062 -0.216418
    35 3.859375 -0.137939 1.332031 0.354449 -0.042742 -0.531707
    36 1.719427 0.000031 -0.000031 0.000005 0.004052 -0.363023
    37 1.099674 -0.000004 -0.000011 -0.000007 0.002607 -0.244321
    38 0.807566 -0.347147 1.320592 -1.206856 -0.679471 -0.789308
    39 1.789783 -0.000007 0.000004 0.000001 0.007386 0.228516
    40 1.207018 0.000015 -0.000008 -0.000003 0.011265 0.362846
    41 11.481726 -0.000012 -0.000038 0.001269 0.000000 -0.000005
    42 3.859663 -0.132561 1.193130 0.479139 -0.158529 -0.879052
    43 1.312580 -0.000006 0.000003 0.000007 -0.011938 -0.439655
    44 0.729366 -0.000008 -0.000001 0.000005 -0.006136 -0.244269
    45 3.942284 0.050331 0.431063 0.155002 -0.079316 -0.810200
    46 1.539131 -0.000004 0.000002 -0.000002 -0.005851 -0.247777
    47 1.196323 0.000004 0.000005 0.000003 -0.009665 -0.430773
    48 3.882813 -0.050323 -0.430908 -0.085903 -0.026418 -0.587683
    49 1.719599 0.000008 0.000010 -0.000006 -0.007945 -0.366462
    50 1.209183 0.000010 0.000010 0.000006 -0.004485 -0.216351
    51 3.859375 -0.148926 -1.331055 -0.354417 0.038569 -0.532007
    52 1.719425 0.000011 0.000011 0.000004 -0.006614 -0.362968
    53 1.099663 0.000011 0.000010 -0.000001 -0.004222 -0.244302
    54 0.805664 -0.359619 -1.317383 1.204196 0.673612 -0.793958
    55 1.789780 -0.000011 0.000008 0.000004 -0.006302 0.228564
    56 1.207003 0.000001 -0.000008 -0.000005 -0.009615 0.362899
    57 11.481689 -0.000073 -0.000004 0.000155 0.000000 -0.000014
  time 18
    0 0.571891 22.117862 32.906585 1.824872 0.007179 -4.018939
    1 3.890447 0.000000 0.000000 -2.463201 -0.849620 -0.817341
    2 17.848156 0.000000 0.000000 -0.000132 0.000000 0.933617
    3 16.525240 0.000000 0.000000 -0.211231 -0.156468 -0.987690
    4 -3.890447 0.000000 0.000000 -2.312773 -0.751775 -1.461006
    5 17.848167 0.000000 0.000000 -0.000024 0.000036 1.063442
    6 16.525238 0.000000 0.000000 0.400975 0.129732 -1.537326
    7 0.375011 3.571700 -2.696733 1.568183 -0.001514 1.461413
    8 4.015370 0.000000 0.000000 0.017761 -0.071045 0.070177
    9 3.520298 0.000000 0.000000 0.010618 -0.057190 0.189169
    10 8.940987 0.000000 0.000000 0.005848 -0.023825 0.250111
    11 3.306377 -0.000001 0.000000 3.141710 -0.012907 0.437449
    12 3.594185 0.000000 0.000000 0.742117 0.037371 0.963740
    13 2.036090 0.997452 1.937661 1.048341 -1.506298 2.662946
    14 6.028141 0.000011 0.000000 -1.253008 0.067058 -0.194978
    15 11.692581 -0.000001 -0.000008 0.000000 0.000000 -1.291955
    16 11.481684 0.000000 -0.000031 1.573677 -1.128084 -0.355294
    17 2.036090 0.997453 -1.937661 -2.778375 0.489767 1.148422
    18 6.028137 -0.000008 0.000000 1.877091 0.794397 -0.716926
    19 11.692554 0.000000 0.000019 0.000000 0.000000 -1.190089
    20 11.481705 0.000000 0.000011 -1.348556 0.402797 0.248151
    21 2.000004 -3.000000 0.000000 -1.570796 0.000000 -1.326450
    22 2.676084 -1.712437 0.000000 -1.570796 0.000000 -1.570795
    23 2.676081 -1.712433 0.000000 1.570797 0.000001 1.570797
    24 6.879441 -0.000010 0.000000 -0.004818 -0.033967 -0.583558
    25 6.879432 -0.000013 0.000000 -0.210299 -0.002973 -0.584376
    26 3.859711 -0.142445 -1.191958 -0.479138 0.152189 -0.879878
    27 1.312550 0.000008 0.000004 -0.000009 0.009670 -0.439707
    28 0.729370 0.000006 0.000000 0.000003 0.004968 -0.244304
    29 3.942335 0.046738 -0.431422 -0.155012 0.073337 -0.810639
    30 1.539124 0.000015 -0.000016 -0.000004 0.004459 -0.247797
    31 1.196327 0.000032 -0.000010 -0.000004 0.007358 -0.430804
    32 3.882813 -0.046753 0.431396 0.085902 0.021819 -0.587880
    33 1.719578 -0.000004 0.000004 -0.000008 0.005537 -0.366457
    34 1.209160 -0.000010 -0.000011 0.000003 0.003062 -0.216418
    35 3.859375 -0.137939 1.332031 0.354449 -0.042742 -0.531707
    36 1.719427 0.000031 -0.000031 0.000005 0.004052 -0.363023
    37 1.099674 -0.000004 -0.000011 -0.000007 0.002607 -0.244321
    38 0.807566 -0.347147 1.320592 -1.206856 -0.679471 -0.789308
    39 1.789783 -0.000007 0.000004 0.000001 0.007386 0.228516
    40 1.207018 0.000015 -0.000008 -0.000003 0.011265 0.362846
    41 11.481726 -0.000012 -0.000038 0.001269 0.000000 -0.000005
    42 3.859663 -0.132561 1.193130 0.479139 -0.158529 -0.879052
    43 1.312580 -0.000006 0.000003 0.000007 -0.011938 -0.439655
    44 0.729366 -0.000008 -0.000001 0.000005 -0.006136 -0.244269
    45 3.942284 0.050331 0.431063 0.155002 -0.079316 -0.810200
    46 1.539131 -0.000004 0.000002 -0.000002 -0.005851 -0.247777
    47 1.196323 0.000004 0.000005 0.000003 -0.009665 -0.430773
    48 3.882813 -0.050323 -0.430908 -0.085903 -0.026418 -0.587683
    49 1.719599 0.000008 0.000010 -0.000006 -0.007945 -0.366462
    50 1.209183 0.000010 0.000010 0.000006 -0.004485 -0.216351
    51 3.859375 -0.148926 -1.331055 -0.354417 0.038569 -0.532007
    52 1.719425 0.000011 0.000011 0.000004 -0.006614 -0.362968
    53 1.099663 0.000011 0.000010 -0.000001 -0.004222 -0.244302
    54 0.805664 -0.359619 -1.317383 1.204196 0.673612 -0.793958
    55 1.789780 -0.000011 0.000008 0.000004 -0.006302 0.228564
    56 1.207003 0.000001 -0.000008 -0.000005 -0.009615 0.362899
    57 11.481689 -0.000073 -0.000004 0.000155 0.000000 -0.000014
  time 19
    0 0.575798 22.238960 32.906585 1.819625 0.015700 -4.018177
    1 3.890447 0.000000 0.000000 -2.417546 -0.852345 -0.837202
    2 17.848156 0.000000 0.000000 -0.000108 0.000000 0.915251
    3 16.525240 0.000000 0.000000 -0.222053 -0.165948 -0.992383
    4 -3.890447 0.000000 0.000000 -2.272670 -0.752790 -1.476364
    5 17.848167 0.000000 0.000000 -0.000024 0.000036 1.055395
    6 16.525238 0.000000 0.000000 0.396553 0.114904 -1.532975
    7 0.402356 3.649828 -2.591261 1.568483 -0.032830 1.455636
    8 4.015370 0.000000 0.000000 0.018348 -0.072699 0.073269
    9 3.520298 0.000000 0.000000 0.011074 -0.057850 0.186017
    10 8.940987 0.000000 0.000000 0.006112 -0.023694 0.239325
    11 3.306377 -0.000001 0.000000 3.141806 -0.012812 0.428089
    12 3.594185 0.000000 0.000000 0.732548 0.019902 0.971529
    13 2.036090 0.997452 1.937661 1.784613 -1.462565 1.888701
    14 6.028141 0.000011 0.000000 -1.183477 0.109057 -0.178878
    15 11.692581 -0.000001 -0.000008 0.000000 0.000000 -1.291219
    16 11.481684 0.000000 -0.000031 1.724470 -1.124078 -0.447345
    17 2.036090 0.997453 -1.937661 -2.731710 0.618196 1.208401
    18 6.028137 -0.000008 0.000000 1.733367 0.913336 -0.838917
    19 11.692554 0.000000 0.000019 0.000000 0.000000 -1.182212
    20 11.481705 0.000000 0.000011 -1.371303 0.401838 0.243218
    21 2.000004 -3.000000 0.000000 -1.570796 0.000000 -1.326450
    22 2.676084 -1.712437 0.000000 -1.570796 0.000000 -1.570795
    23 2.676081 -1.712433 0.000000 1.570797 0.000001 1.570797
    24 6.879441 -0.000010 0.000000 -0.004818 -0.033967 -0.583558
    25 6.879432 -0.000013 0.000000 -0.210299 -0.002961 -0.584376
    26 3.859711 -0.142445 -1.191958 -0.479138 0.152189 -0.879878
    27 1.312550 0.000008 0.000004 -0.000009 0.009670 -0.439707
    28 0.729370 0.000006 0.000000 0.000003 0.004968 -0.244304
    29 3.942335 0.046738 -0.431422 -0.155012 0.073337 -0.810639
    30 1.539124 0.000015 -0.000016 -0.000004 0.004459 -0.247797
    31 1.196327 0.000032 -0.000010 -0.000004 0.007358 -0.430804
    32 3.882813 -0.046753 0.431396 0.085902 0.021819 -0.587880
    33 1.719578 -0.000004 0.000004 -0.000008 0.005537 -0.366457
    34 1.209160 -0.000010 -0.000011 0.000003 0.003062 -0.216418
    35 3.859375 -0.137939 1.332031 0.354449 -0.042742 -0.531707
    36 1.719427 0.000031 -0.000031 0.000005 0.004052 -0.363023
    37 1.099674 -0.000004 -0.000011 -0.000007 0.002607 -0.244321
    38 0.807566 -0.347147 1.320592 -1.206856 -0.679483 -0.789308
    39 1.789783 -0.000007 0.000004 0.000001 0.007386 0.228516
    40 1.207018 0.000015 -0.000008 -0.000003 0.011265 0.362846
    41 11.481726 -0.000012 -0.000038 0.001269 0.000000 -0.000005
    42 3.859663 -0.132561 1.193130 0.479139 -0.158529 -0.879052
    43 1.312580 -0.000006 0.000003 0.000007 -0.011938 -0.439655
    44 0.729366 -0.000008 -0.000001 0.000005 -0.006136 -0.244269
    45 3.942284 0.050331 0.431063 0.155002 -0.079316 -0.810200
    46 1.539131 -0.000004 0.000002 -0.000002 -0.005851 -0.247777
    47 1.196323 0.000004 0.000005 0.000003 -0.009665 -0.430773
    48 3.882813 -0.050323 -0.430908 -0.085903 -0.026418 -0.587683
    49 1.719599 0.000008 0.000010 -0.000006 -0.007945 -0.366462
    50 1.209183 0.000010 0.000010 0.000006 -0.004485 -0.216351
    51 3.859375 -0.148926 -1.331055 -0.354417 0.038569 -0.532007
    52 1.719425 0.000011 0.000011 0.000004 -0.006614 -0.362968
    53 1.099663 0.000011 0.000010 -0.000001 -0.004222 -0.244302
    54 0.805664 -0.359619 -1.317383 1.204196 0.673612 -0.793958
    55 1.789780 -0.000011 0.000008 0.000004 -0.006302 0.228564
    56 1.207003 0.000001 -0.000008 -0.000005 -0.009615 0.362899
    57 11.481689 -0.000073 -0.000004 0.000155 0.000000 -0.000014
  time 20
    0 0.575798 22.403027 32.906585 1.816085 0.021153 -3.985596
    1 3.890447 0.000000 0.000000 -2.341022 -0.876640 -0.878484
    2 17.848156 0.000000 0.000000 -0.000108 0.000000 0.899779
    3 16.525240 0.000000 0.000000 -0.229891 -0.177094 -0.995913
    4 -3.890447 0.000000 0.000000 -2.185272 -0.752465 -1.518857
    5 17.848167 0.000000 0.000000 -0.000024 0.000036 1.049767
    6 16.525238 0.000000 0.000000 0.388283 0.098285 -1.535557
    7 0.406262 3.739674 -2.470163 1.569142 -0.067082 1.457398
    8 4.015370 0.000000 0.000000 0.017605 -0.069595 0.076696
    9 3.520298 0.000000 0.000000 0.010726 -0.054710 0.182709
    10 8.940987 0.000000 0.000000 0.005956 -0.022004 0.227856
    11 3.306377 -0.000001 0.000000 3.141889 -0.011865 0.418094
    12 3.594185 0.000000 0.000000 0.698205 0.015346 0.973112
    13 2.036090 0.997452 1.937661 2.033941 -1.366094 1.606953
    14 6.028141 0.000011 0.000000 -1.113377 0.168314 -0.148394
    15 11.692581 -0.000001 -0.000008 0.000000 0.000000 -1.343446
    16 11.481684 0.000000 -0.000031 1.813891 -1.112826 -0.459001
    17 2.036090 0.997453 -1.937661 -2.672353 0.783565 1.288511
    18 6.028137 -0.000008 0.000000 1.519881 1.025152 -1.027883
    19 11.692554 0.000000 0.000019 0.000000 0.000000 -1.161717
    20 11.481705 0.000000 0.000011 -1.386258 0.401872 0.232312
    21 2.000004 -3.000000 0.000000 -1.570796 0.000000 -1.326450
    22 2.676084 -1.712437 0.000000 -1.570796 0.000000 -1.570795
    23 2.676081 -1.712433 0.000000 1.570797 0.000001 1.570797
    24 6.879441 -0.000010 0.000000 -0.004818 -0.033955 -0.583558
    25 6.879432 -0.000013 0.000000 -0.210299 -0.002961 -0.584376
    26 3.859711 -0.142445 -1.191958 -0.479138 0.152189 -0.879878
    27 1.312550 0.000008 0.000004 -0.000009 0.009670 -0.439707
    28 0.729370 0.000006 0.000000 0.000003 0.004968 -0.244304
    29 3.942335 0.046738 -0.431422 -0.155012 0.073337 -0.810639
    30 1.539124 0.000015 -0.000016 -0.000004 0.004459 -0.247797
    31 1.196327 0.000032 -0.000010 -0.000004 0.007358 -0.430804
    32 3.882813 -0.046753 0.431396 0.085902 0.021819 -0.587880
    33 1.719578 -0.000004 0.000004 -0.000008 0.005537 -0.366457
    34 1.209160 -0.000010 -0.000011 0.000003 0.003062 -0.216418
    35 3.859375 -0.137939 1.332031 0.354449 -0.042742 -0.531707
    36 1.719427 0.000031 -0.000031 0.000005 0.004052 -0.363023
    37 1.099674 -0.000004 -0.000011 -0.000007 0.002607 -0.244321
    38 0.807566 -0.347147 1.320592 -1.206856 -0.679471 -0.789308
    39 1.789783 -0.000007 0.000004 0.000001 0.007386 0.228516
    40 1.207018 0.000015 -0.000008 -0.000003 0.011265 0.362846
    41 11.481726 -0.000012 -0.000038 0.001269 0.000000 -0.000005
    42 3.859663 -0.132561 1.193130 0.479139 -0.158529 -0.879052
    43 1.312580 -0.000006 0.000003 0.000007 -0.011938 -0.439655
    44 0.729366 -0.000008 -0.000001 0.000005 -0.006136 -0.244269
    45 3.942284 0.050331 0.431063 0.155002 -0.079316 -0.810200
    46 1.539131 -0.000004 0.000002 -0.000002 -0.005851 -0.247777
    47 1.196323 0.000004 0.000005 0.000003 -0.009653 -0.430773
    48 3.882813 -0.050323 -0.430908 -0.085903 -0.026418 -0.587683
    49 1.719599 0.000008 0.000010 -0.000006 -0.007945 -0.366462
    50 1.209183 0.000010 0.000010 0.000006 -0.004485 -0.216351
    51 3.859375 -0.148926 -1.331055 -0.354417 0.038569 -0.532007
    52 1.719425 0.000011 0.000011 0.000004 -0.006614 -0.362968
    53 1.099663 0.000011 0.000010 -0.000001 -0.004222 -0.244302
    54 0.805664 -0.359619 -1.317383 1.204196 0.673612 -0.793958
    55 1.789780 -0.000011 0.000008 0.000004 -0.006302 0.228564
    56 1.207003 0.000001 -0.000008 -0.000005 -0.009615 0.362899
    57 11.481689 -0.000073 -0.000004 0.000155 0.000000 -0.000014
  time 21
    0 0.575798 22.610065 32.906585 1.813878 0.021273 -3.915099
    1 3.890447 0.000000 0.000000 -2.217419 -0.922096 -0.956855
    2 17.848156 0.000000 0.000000 -0.000096 0.000000 0.884308
    3 16.525240 0.000000 0.000000 -0.234865 -0.189282 -0.994896
    4 -3.890447 0.000000 0.000000 -2.040489 -0.744834 -1.595710
    5 17.848167 0.000000 0.000000 -0.000024 0.000036 1.046790
    6 16.525238 0.000000 0.000000 0.375736 0.078123 -1.546393
    7 0.371105 3.829521 -2.337347 1.570017 -0.103635 1.469143
    8 4.015370 0.000000 0.000000 0.015232 -0.060654 0.081095
    9 3.520298 0.000000 0.000000 0.009384 -0.047087 0.180109
    10 8.940987 0.000000 0.000000 0.005237 -0.018576 0.216734
    11 3.306377 -0.000001 0.000000 3.141925 -0.009995 0.408230
    12 3.594185 0.000000 0.000000 0.634895 0.027472 0.969856
    13 2.036090 0.997452 1.937661 2.116478 -1.225991 1.496286
    14 6.028141 0.000011 0.000000 -1.056445 0.220009 -0.114433
    15 11.692581 -0.000001 -0.000008 0.000000 0.000000 -1.388451
    16 11.481684 0.000000 -0.000031 1.801700 -1.081443 -0.396012
    17 2.036090 0.997453 -1.937661 -2.576256 0.990796 1.407432
    18 6.028137 -0.000008 0.000000 1.202944 1.111114 -1.318669
    19 11.692554 0.000000 0.000019 0.000000 0.000000 -1.130627
    20 11.481705 0.000000 0.000011 -1.390646 0.402695 0.216013
    21 2.000004 -3.000000 0.000000 -1.570796 0.000000 -1.326450
    22 2.676084 -1.712437 0.000000 -1.570796 0.000000 -1.570795
    23 2.676081 -1.712433 0.000000 1.570797 0.000001 1.570797
    24 6.879441 -0.000010 0.000000 -0.004818 -0.033931 -0.583558
    25 6.879432 -0.000013 0.000000 -0.210299 -0.002973 -0.584376
    26 3.859711 -0.142445 -1.191958 -0.479138 0.152189 -0.879878
    27 1.312550 0.000008 0.000004 -0.000009 0.009670 -0.439707
    28 0.729370 0.000006 0.000000 0.000003 0.004968 -0.244304
    29 3.942335 0.046738 -0.431422 -0.155012 0.073337 -0.810639
    30 1.539124 0.000015 -0.000016 -0.000004 0.004459 -0.247797
    31 1.196327 0.000032 -0.000010 -0.000004 0.007358 -0.430804
    32 3.882813 -0.046753 0.431396 0.085902 0.021819 -0.587880
    33 1.719578 -0.000004 0.000004 -0.000008 0.005537 -0.366457
    34 1.209160 -0.000010 -0.000011 0.000003 0.003062 -0.216418
    35 3.859375 -0.137939 1.332031 0.354449 -0.042742 -0.531707
    36 1.719427 0.000031 -0.000031 0.000005 0.004052 -0.363023
    37 1.099674 -0.000004 -0.000011 -0.000007 0.002607 -0.244321
    38 0.807566 -0.347147 1.320592 -1.206856 -0.679471 -0.789308
    39 1.789783 -0.000007 0.000004 0.000001 0.007386 0.228516
    40 1.207018 0.000015 -0.000008 -0.000003 0.011265 0.362846
    41 11.481726 -0.000012 -0.000038 0.001269 0.000000 -0.000005
    42 3.859663 -0.132561 1.193130 0.479139 -0.158529 -0.879052
    43 1.312580 -0.000006 0.000003 0.000007 -0.011938 -0.439655
    44 0.729366 -0.000008 -0.000001 0.000005 -0.006136 -0.244269
    45 3.942284 0.050331 0.431063 0.155002 -0.079316 -0.810200
    46 1.539131 -0.000004 0.000002 -0.000002 -0.005851 -0.247777
    47 1.196323 0.000004 0.000005 0.000003 -0.009665 -0.430773
    48 3.882813 -0.050323 -0.430908 -0.085903 -0.026418 -0.587683
    49 1.719599 0.000008 0.000010 -0.000006 -0.007945 -0.366462
    50 1.209183 0.000010 0.000010 0.000006 -0.004485 -0.216351
    51 3.859375 -0.148926 -1.331055 -0.354417 0.038569 -0.532007
    52 1.719425 0.000011 0.000011 0.000004 -0.006614 -0.362968
    53 1.099663 0.000011 0.000010 -0.000001 -0.004222 -0.244302
    54 0.805664 -0.359619 -1.317383 1.204196 0.673612 -0.793958
    55 1.789780 -0.000011 0.000008 0.000004 -0.006302 0.228564
    56 1.207003 0.000001 -0.000008 -0.000005 -0.009615 0.362899
    57 11.481689 -0.000073 -0.000004 0.000155 0.000000 -0.000014
  time 22
    0 0.575798 22.863979 32.906585 1.812587 0.019163 -3.844888
    1 3.890447 0.000000 0.000000 -2.091345 -0.961195 -1.044257
    2 17.848156 0.000000 0.000000 -0.000084 0.000000 0.875713
    3 16.525240 0.000000 0.000000 -0.237418 -0.199577 -0.995768
    4 -3.890447 0.000000 0.000000 -1.884890 -0.729449 -1.679818
    5 17.848167 0.000000 0.000000 -0.000024 0.000036 1.043116
    6 16.525238 0.000000 0.000000 0.357914 0.047092 -1.559362
    7 0.320322 3.903742 -2.231875 1.570640 -0.132781 1.483752
    8 4.015370 0.000000 0.000000 0.012656 -0.050767 0.084762
    9 3.520298 0.000000 0.000000 0.007862 -0.039010 0.178287
    10 8.940987 0.000000 0.000000 0.004410 -0.015149 0.208309
    11 3.306377 -0.000001 0.000000 3.141913 -0.008126 0.400716
    12 3.594185 0.000000 0.000000 0.574596 0.044911 0.966296
    13 2.036090 0.997452 1.937661 2.132282 -1.085431 1.454157
    14 6.028141 0.000011 0.000000 -1.012491 0.262651 -0.082806
    15 11.692581 -0.000001 -0.000008 0.000000 0.000000 -1.430514
    16 11.481684 0.000000 -0.000031 1.708787 -1.026756 -0.278172
    17 2.036090 0.997453 -1.937661 -2.385016 1.183299 1.617393
    18 6.028137 -0.000008 0.000000 0.837909 1.144771 -1.649409
    19 11.692554 0.000000 0.000019 0.000000 0.000000 -1.102603
    20 11.481705 0.000000 0.000011 -1.375243 0.403106 0.202479
    21 2.000004 -3.000000 0.000000 -1.570796 0.000000 -1.326450
    22 2.676084 -1.712437 0.000000 -1.570796 0.000000 -1.570795
    23 2.676081 -1.712433 0.000000 1.570797 0.000001 1.570797
    24 6.879441 -0.000010 0.000000 -0.004818 -0.033775 -0.583570
    25 6.879432 -0.000013 0.000000 -0.210299 -0.002961 -0.584376
    26 3.859711 -0.142445 -1.191958 -0.479138 0.152189 -0.879878
    27 1.312550 0.000008 0.000004 -0.000009 0.009670 -0.439707
    28 0.729370 0.000006 0.000000 0.000003 0.004968 -0.244304
    29 3.942335 0.046738 -0.431422 -0.155012 0.073337 -0.810639
    30 1.539124 0.000015 -0.000016 -0.000004 0.004459 -0.247797
    31 1.196327 0.000032 -0.000010 -0.000004 0.007358 -0.430804
    32 3.882813 -0.046753 0.431396 0.085902 0.021819 -0.587880
    33 1.719578 -0.000004 0.000004 -0.000008 0.005537 -0.366457
    34 1.209160 -0.000010 -0.000011 0.000003 0.003062 -0.216418
    35 3.859375 -0.137939 1.332031 0.354449 -0.042742 -0.531707
    36 1.719427 0.000031 -0.000031 0.000005 0.004052 -0.363023
    37 1.099674 -0.000004 -0.000011 -0.000007 0.002607 -0.244321
    38 0.807566 -0.347147 1.320592 -1.206856 -0.679483 -0.789308
    39 1.789783 -0.000007 0.000004 0.000001 0.007386 0.228516
    40 1.207018 0.000015 -0.000008 -0.000003 0.011265 0.362846
    41 11.481726 -0.000012 -0.000038 0.001269 0.000000 -0.000005
    42 3.859663 -0.132561 1.193130 0.479139 -0.158529 -0.879052
    43 1.312580 -0.000006 0.000003 0.000007 -0.011938 -0.439655
    44 0.729366 -0.000008 -0.000001 0.000005 -0.006136 -0.244269
    45 3.942284 0.050331 0.431063 0.155002 -0.079316 -0.810200
    46 1.539131 -0.000004 0.000002 -0.000002 -0.005851 -0.247777
    47 1.196323 0.000004 0.000005 0.000003 -0.009665 -0.430773
    48 3.882813 -0.050323 -0.430908 -0.085903 -0.026418 -0.587683
    49 1.719599 0.000008 0.000010 -0.000006 -0.007945 -0.366462
    50 1.209183 0.000010 0.000010 0.000006 -0.004485 -0.216351
    51 3.859375 -0.148926 -1.331055 -0.354417 0.038569 -0.532007
    52 1.719425 0.000011 0.000011 0.000004 -0.006614 -0.362968
    53 1.099663 0.000011 0.000010 -0.000001 -0.004222 -0.244302
    54 0.805664 -0.359619 -1.317383 1.204196 0.673612 -0.793958
    55 1.789780 -0.000011 0.000008 0.000004 -0.006302 0.228564
    56 1.207003 0.000001 -0.000008 -0.000005 -0.009615 0.362899
    57 11.481689 -0.000073 -0.000004 0.000155 0.000000 -0.000014
  time 23
    0 0.575798 23.164769 32.906585 1.812087 0.017797 -3.812974
    1 3.890447 0.000000 0.000000 -2.028140 -0.977861 -1.091774
    2 17.848156 0.000000 0.000000 -0.000096 0.000000 0.882634
    3 16.525240 0.000000 0.000000 -0.237945 -0.206552 -1.006171
    4 -3.890447 0.000000 0.000000 -1.766497 -0.716338 -1.744704
    5 17.848167 0.000000 0.000000 -0.000012 0.000036 1.037395
    6 16.525238 0.000000 0.000000 0.334592 0.001830 -1.568317
    7 0.292978 3.931086 -2.184999 1.570868 -0.144586 1.491650
    8 4.015370 0.000000 0.000000 0.011385 -0.045757 0.087327
    9 3.520298 0.000000 0.000000 0.007083 -0.035031 0.178670
    10 8.940987 0.000000 0.000000 0.003979 -0.013519 0.205948
    11 3.306377 -0.000001 0.000000 3.141889 -0.007239 0.398463
    12 3.594185 0.000000 0.000000 0.547919 0.055048 0.968517
    13 2.036090 0.997452 1.937661 2.129997 -0.979852 1.429725
    14 6.028141 0.000011 0.000000 -0.983220 0.299380 -0.058514
    15 11.692581 -0.000001 -0.000008 0.000000 0.000000 -1.468965
    16 11.481684 0.000000 -0.000031 1.561723 -0.940685 -0.134965
    17 2.036090 0.997453 -1.937661 -2.110849 1.285274 1.903591
    18 6.028137 -0.000008 0.000000 0.595029 1.139288 -1.852791
    19 11.692554 0.000000 0.000019 0.000000 0.000000 -1.099954
    20 11.481705 0.000000 0.000011 -1.347616 0.402283 0.201857
    21 2.000004 -3.000000 0.000000 -1.570796 0.000000 -1.326450
    22 2.676084 -1.712437 0.000000 -1.570796 0.000000 -1.570795
    23 2.676081 -1.712433 0.000000 1.570797 0.000001 1.570797
    24 6.879441 -0.000010 0.000000 -0.004818 -0.033895 -0.583558
    25 6.879432 -0.000013 0.000000 -0.210299 -0.002973 -0.584376
    26 3.859711 -0.142445 -1.191958 -0.479138 0.152189 -0.879878
    27 1.312550 0.000008 0.000004 -0.000009 0.009670 -0.439707
    28 0.729370 0.000006 0.000000 0.000003 0.004968 -0.244304
    29 3.942335 0.046738 -0.431422 -0.155012 0.073337 -0.810639
    30 1.539124 0.000015 -0.000016 -0.000004 0.004459 -0.247797
    31 1.196327 0.000032 -0.000010 -0.000004 0.007358 -0.430804
    32 3.882813 -0.046753 0.431396 0.085902 0.021819 -0.587880
    33 1.719578 -0.000004 0.000004 -0.000008 0.005537 -0.366457
    34 1.209160 -0.000010 -0.000011 0.000003 0.003062 -0.216418
    35 3.859375 -0.137939 1.332031 0.354449 -0.042742 -0.531707
    36 1.719427 0.000031 -0.000031 0.000005 0.004052 -0.363023
    37 1.099674 -0.000004 -0.000011 -0.000007 0.002607 -0.244321
    38 0.807566 -0.347147 1.320592 -1.206856 -0.679471 -0.789308
    39 1.789783 -0.000007 0.000004 0.000001 0.007386 0.228516
    40 1.207018 0.000015 -0.000008 -0.000003 0.011265 0.362846
    41 11.481726 -0.000012 -0.000038 0.001269 0.000000 -0.000005
    42 3.859663 -0.132561 1.193130 0.479139 -0.158529 -0.879052
    43 1.312580 -0.000006 0.000003 0.000007 -0.011938 -0.439655
    44 0.729366 -0.000008 -0.000001 0.000005 -0.006136 -0.244269
    45 3.942284 0.050331 0.431063 0.155002 -0.079316 -0.810200
    46 1.539131 -0.000004 0.000002 -0.000002 -0.005851 -0.247777
    47 1.196323 0.000004 0.000005 0.000003 -0.009653 -0.430773
    48 3.882813 -0.050323 -0.430908 -0.085903 -0.026418 -0.587683
    49 1.719599 0.000008 0.000010 -0.000006 -0.007945 -0.366462
    50 1.209183 0.000010 0.000010 0.000006 -0.004485 -0.216351
    51 3.859375 -0.148926 -1.331055 -0.354417 0.038569 -0.532007
    52 1.719425 0.000011 0.000011 0.000004 -0.006614 -0.362968
    53 1.099663 0.000011 0.000010 -0.000001 -0.004222 -0.244302
    54 0.805664 -0.359619 -1.317383 1.204196 0.673612 -0.793958
    55 1.789780 -0.000011 0.000008 0.000004 -0.006302 0.228564
    56 1.207003 0.000001 -0.000008 -0.000005 -0.009615 0.362899
    57 11.481689 -0.000073 -0.000004 0.000155 0.000000 -0.000014
  time 24
    0 0.575798 23.516343 32.972993 1.813628 0.013447 -3.813736
    1 3.890447 0.000000 0.000000 -2.016370 -0.976090 -1.110184
    2 17.848156 0.000000 0.000000 -0.000120 0.000000 0.890551
    3 16.525240 0.000000 0.000000 -0.237502 -0.212412 -1.020727
    4 -3.890447 0.000000 0.000000 -1.680600 -0.709234 -1.796306
    5 17.848167 0.000000 0.000000 -0.000012 0.000036 1.029999
    6 16.525238 0.000000 0.000000 0.306632 -0.052438 -1.570142
    7 0.300790 3.931086 -2.184999 1.570904 -0.144622 1.489481
    8 4.015370 0.000000 0.000000 0.011745 -0.047016 0.089208
    9 3.520298 0.000000 0.000000 0.007299 -0.036002 0.180588
    10 8.940987 0.000000 0.000000 0.004099 -0.013902 0.207650
    11 3.306377 -0.000001 0.000000 3.141901 -0.007454 0.399757
    12 3.594185 0.000000 0.000000 0.580101 0.066907 0.983153
    13 2.036090 0.997452 1.937661 2.106578 -0.904038 1.423951
    14 6.028141 0.000011 0.000000 -0.961148 0.318630 -0.034699
    15 11.692581 -0.000001 -0.000008 0.000000 0.000000 -1.506414
    16 11.481684 0.000000 -0.000031 1.384951 -0.815618 0.007403
    17 2.036090 0.997453 -1.937661 -1.772744 1.321454 2.252605
    18 6.028137 -0.000008 0.000000 0.422770 1.121680 -1.980536
    19 11.692554 0.000000 0.000019 0.000000 0.000000 -1.110202
    20 11.481705 0.000000 0.000011 -1.317033 0.400022 0.202525
    21 2.000004 -3.000000 0.000000 -1.570796 0.000000 -1.326450
    22 2.676084 -1.712437 0.000000 -1.570796 0.000000 -1.570795
    23 2.676081 -1.712433 0.000000 1.570797 0.000001 1.570797
    24 6.879441 -0.000010 0.000000 -0.004818 -0.033895 -0.583558
    25 6.879432 -0.000013 0.000000 -0.210299 -0.002973 -0.584376
    26 3.859711 -0.142445 -1.191958 -0.479138 0.152189 -0.879878
    27 1.312550 0.000008 0.000004 -0.000009 0.009670 -0.439707
    28 0.729370 0.000006 0.000000 0.000003 0.004968 -0.244304
    29 3.942335 0.046738 -0.431422 -0.155012 0.073337 -0.810639
    30 1.539124 0.000015 -0.000016 -0.000004 0.004459 -0.247797
    31 1.196327 0.000032 -0.000010 -0.000004 0.007358 -0.430804
    32 3.882813 -0.046753 0.431396 0.085902 0.021819 -0.587880
    33 1.719578 -0.000004 0.000004 -0.000008 0.005537 -0.366457
    34 1.209160 -0.000010 -0.000011 0.000003 0.003062 -0.216418
    35 3.859375 -0.137939 1.332031 0.354449 -0.042742 -0.531707
    36 1.719427 0.000031 -0.000031 0.000005 0.004052 -0.363023
    37 1.099674 -0.000004 -0.000011 -0.000007 0.002607 -0.244321
    38 0.807566 -0.347147 1.320592 -1.206856 -0.679471 -0.789308
    39 1.789783 -0.000007 0.000004 0.000001 0.007386 0.228516
    40 1.207018 0.000015 -0.000008 -0.000003 0.011265 0.362846
    41 11.481726 -0.000012 -0.000038 0.001269 0.000000 -0.000005
    42 3.859663 -0.132561 1.193130 0.479139 -0.158529 -0.879052
    43 1.312580 -0.000006 0.000003 0.000007 -0.011938 -0.439655
    44 0.729366 -0.000008 -0.000001 0.000005 -0.006136 -0.244269
    45 3.942284 0.050331 0.431063 0.155002 -0.079316 -0.810200
    46 1.539131 -0.000004 0.000002 -0.000002 -0.005851 -0.247777
    47 1.196323 0.000004 0.000005 0.000003 -0.009653 -0.430773
    48 3.882813 -0.050323 -0.430908 -0.085903 -0.026418 -0.587683
    49 1.719599 0.000008 0.000010 -0.000006 -0.007945 -0.366462
    50 1.209183 0.000010 0.000010 0.000006 -0.004485 -0.216351
    51 3.859375 -0.148926 -1.331055 -0.354417 0.038569 -0.532007
    52 1.719425 0.000011 0.000011 0.000004 -0.006614 -0.362968
    53 1.099663 0.000011 0.000010 -0.000001 -0.004222 -0.244302
    54 0.805664 -0.359619 -1.317383 1.204196 0.673612 -0.793958
    55 1.789780 -0.000011 0.000008 0.000004 -0.006302 0.228564
    56 1.207003 0.000001 -0.000008 -0.000005 -0.009615 0.362899
    57 11.481689 -0.000073 -0.000004 0.000155 0.000000 -0.000014
  time 25
    0 0.575798 23.918699 33.160499 1.817751 0.001498 -3.816404
    1 3.890447 0.000000 0.000000 -1.997899 -0.967053 -1.145284
    2 17.848156 0.000000 0.000000 -0.000132 0.000000 0.882001
    3 16.525240 0.000000 0.000000 -0.236938 -0.219795 -1.029988
    4 -3.890447 0.000000 0.000000 -1.593978 -0.700141 -1.853466
    5 17.848167 0.000000 0.000000 -0.000012 0.000036 1.021766
    6 16.525238 0.000000 0.000000 0.276947 -0.106832 -1.565145
    7 0.304697 3.880304 -2.270939 1.570808 -0.121755 1.487827
    8 4.015370 0.000000 0.000000 0.012272 -0.049245 0.094553
    9 3.520298 0.000000 0.000000 0.007550 -0.038159 0.190691
    10 8.940987 0.000000 0.000000 0.004267 -0.014993 0.221708
    11 3.306377 -0.000001 0.000000 3.141866 -0.008066 0.411107
    12 3.594185 0.000000 0.000000 0.641507 0.094246 1.016592
    13 2.036090 0.997452 1.937661 2.071354 -0.808686 1.418711
    14 6.028141 0.000011 0.000000 -0.943623 0.330759 0.001930
    15 11.692581 -0.000001 -0.000008 0.000000 0.000000 -1.512232
    16 11.481684 0.000000 -0.000031 1.189300 -0.648484 0.106111
    17 2.036090 0.997453 -1.937661 -1.566140 1.321013 2.461667
    18 6.028137 -0.000008 0.000000 0.361024 1.109153 -2.004262
    19 11.692554 0.000000 0.000019 0.000000 0.000000 -1.123237
    20 11.481705 0.000000 0.000011 -1.299973 0.398411 0.196439
    21 2.000004 -3.000000 0.000000 -1.570796 0.000000 -1.326450
    22 2.676084 -1.712437 0.000000 -1.570796 0.000000 -1.570795
    23 2.676081 -1.712433 0.000000 1.570797 0.000001 1.570797
    24 6.879441 -0.000010 0.000000 -0.004818 -0.033895 -0.583558
    25 6.879432 -0.000013 0.000000 -0.210299 -0.002961 -0.584376
    26 3.859711 -0.142445 -1.191958 -0.479138 0.152189 -0.879878
    27 1.312550 0.000008 0.000004 -0.000009 0.009670 -0.439707
    28 0.729370 0.000006 0.000000 0.000003 0.004968 -0.244304
    29 3.942335 0.046738 -0.431422 -0.155012 0.073337 -0.810639
    30 1.539124 0.000015 -0.000016 -0.000004 0.004459 -0.247797
    31 1.196327 0.000032 -0.000010 -0.000004 0.007358 -0.430804
    32 3.882813 -0.046753 0.431396 0.085902 0.021819 -0.587880
    33 1.719578 -0.000004 0.000004 -0.000008 0.005537 -0.366457
    34 1.209160 -0.000010 -0.000011 0.000003 0.003062 -0.216418
    35 3.859375 -0.137939 1.332031 0.354449 -0.042742 -0.531707
    36 1.719427 0.000031 -0.000031 0.000005 0.004052 -0.363023
    37 1.099674 -0.000004 -0.000011 -0.000007 0.002607 -0.244321
    38 0.807566 -0.347147 1.320592 -1.206856 -0.679471 -0.789308
    39 1.789783 -0.000007 0.000004 0.000001 0.007386 0.228516
    40 1.207018 0.000015 -0.000008 -0.000003 0.011265 0.362846
    41 11.481726 -0.000012 -0.000038 0.001269 0.000000 -0.000005
    42 3.859663 -0.132561 1.193130 0.479139 -0.158529 -0.879052
    43 1.312580 -0.000006 0.000003 0.000007 -0.011938 -0.439655
    44 0.729366 -0.000008 -0.000001 0.000005 -0.006136 -0.244269
    45 3.942284 0.050331 0.431063 0.155002 -0.079316 -0.810200
    46 1.539131 -0.000004 0.000002 -0.000002 -0.005851 -0.247777
    47 1.196323 0.000004 0.000005 0.000003 -0.009665 -0.430773
    48 3.882813 -0.050323 -0.430908 -0.085903 -0.026418 -0.587683
    49 1.719599 0.000008 0.000010 -0.000006 -0.007945 -0.366462
    50 1.209183 0.000010 0.000010 0.000006 -0.004485 -0.216351
    51 3.859375 -0.148926 -1.331055 -0.354417 0.038569 -0.532007
    52 1.719425 0.000011 0.000011 0.000004 -0.006614 -0.362968
    53 1.099663 0.000011 0.000010 -0.000001 -0.004222 -0.244302
    54 0.805664 -0.359619 -1.317383 1.204196 0.673612 -0.793958
    55 1.789780 -0.000011 0.000008 0.000004 -0.006302 0.228564
    56 1.207003 0.000001 -0.000008 -0.000005 -0.009615 0.362899
    57 11.481689 -0.000073 -0.000004 0.000155 0.000000 -0.000014
  time 26
    0 0.575798 24.375744 33.445664 1.824039 -0.016347 -3.822120
    1 3.890447 0.000000 0.000000 -1.976161 -0.951114 -1.191995
    2 17.848156 0.000000 0.000000 -0.000132 0.000000 0.859925
    3 16.525240 0.000000 0.000000 -0.236291 -0.228508 -1.035138
    4 -3.890447 0.000000 0.000000 -1.508132 -0.689141 -1.913673
    5 17.848167 0.000000 0.000000 -0.000012 0.000024 1.013254
    6 16.525238 0.000000 0.000000 0.247884 -0.157446 -1.552709
    7 0.289071 3.763112 -2.446725 1.570628 -0.073002 1.489025
    8 4.015370 0.000000 0.000000 0.012680 -0.051150 0.102176
    9 3.520298 0.000000 0.000000 0.007634 -0.040556 0.208620
    10 8.940987 0.000000 0.000000 0.004338 -0.016491 0.248913
    11 3.306377 -0.000001 0.000000 3.141758 -0.008917 0.433170
    12 3.594185 0.000000 0.000000 0.675489 0.121748 1.051614
    13 2.036090 0.997452 1.937661 2.035654 -0.708170 1.408821
    14 6.028141 0.000011 0.000000 -0.939076 0.331805 0.029699
    15 11.692581 -0.000001 -0.000008 0.000000 0.000000 -1.471105
    16 11.481684 0.000000 -0.000031 0.984061 -0.445927 0.135947
    17 2.036090 0.997453 -1.937661 -1.626928 1.310007 2.397329
    18 6.028137 -0.000008 0.000000 0.426683 1.111835 -1.910393
    19 11.692554 0.000000 0.000019 0.000000 0.000000 -1.135228
    20 11.481705 0.000000 0.000011 -1.299346 0.398993 0.184427
    21 2.000004 -3.000000 0.000000 -1.570796 0.000000 -1.326450
    22 2.676084 -1.712437 0.000000 -1.570796 0.000000 -1.570795
    23 2.676081 -1.712433 0.000000 1.570797 0.000001 1.570797
    24 6.879441 -0.000010 0.000000 -0.004818 -0.033895 -0.583558
    25 6.879432 -0.000013 0.000000 -0.210299 -0.002961 -0.584376
    26 3.859711 -0.142445 -1.191958 -0.479138 0.152189 -0.879878
    27 1.312550 0.000008 0.000004 -0.000009 0.009670 -0.439707
    28 0.729370 0.000006 0.000000 0.000003 0.004968 -0.244304
    29 3.942335 0.046738 -0.431422 -0.155012 0.073337 -0.810639
    30 1.539124 0.000015 -0.000016 -0.000004 0.004459 -0.247797
    31 1.196327 0.000032 -0.000010 -0.000004 0.007358 -0.430804
    32 3.882813 -0.046753 0.431396 0.085902 0.021819 -0.587880
    33 1.719578 -0.000004 0.000004 -0.000008 0.005537 -0.366457
    34 1.209160 -0.000010 -0.000011 0.000003 0.003062 -0.216418
    35 3.859375 -0.137939 1.332031 0.354449 -0.042742 -0.531707
    36 1.719427 0.000031 -0.000031 0.000005 0.004052 -0.363023
    37 1.099674 -0.000004 -0.000011 -0.000007 0.002607 -0.244321
    38 0.807566 -0.347147 1.320592 -1.206856 -0.679471 -0.789308
    39 1.789783 -0.000007 0.000004 0.000001 0.007386 0.228516
    40 1.207018 0.000015 -0.000008 -0.000003 0.011265 0.362846
    41 11.481726 -0.000012 -0.000038 0.001269 0.000000 -0.000005
    42 3.859663 -0.132561 1.193130 0.479139 -0.158529 -0.879052
    43 1.312580 -0.000006 0.000003 0.000007 -0.011938 -0.439655
    44 0.729366 -0.000008 -0.000001 0.000005 -0.006136 -0.244269
    45 3.942284 0.050331 0.431063 0.155002 -0.079316 -0.810200
    46 1.539131 -0.000004 0.000002 -0.000002 -0.005851 -0.247777
    47 1.196323 0.000004 0.000005 0.000003 -0.009665 -0.430773
    48 3.882813 -0.050323 -0.430908 -0.085903 -0.026418 -0.587683
    49 1.719599 0.000008 0.000010 -0.000006 -0.007945 -0.366462
    50 1.209183 0.000010 0.000010 0.000006 -0.004485 -0.216351
    51 3.859375 -0.148926 -1.331055 -0.354417 0.038569 -0.532007
    52 1.719425 0.000011 0.000011 0.000004 -0.006614 -0.362968
    53 1.099663 0.000011 0.000010 -0.000001 -0.004222 -0.244302
    54 0.805664 -0.359619 -1.317383 1.204196 0.673612 -0.793958
    55 1.789780 -0.000011 0.000008 0.000004 -0.006302 0.228564
    56 1.207003 0.000001 -0.000008 -0.000005 -0.009615 0.362899
    57 11.481689 -0.000073 -0.000004 0.000155 0.000000 -0.000014
  time 27
    0 0.575798 24.887478 33.801143 1.831952 -0.038423 -3.831742
    1 3.890447 0.000000 0.000000 -1.954715 -0.928772 -1.245398
    2 17.848156 0.000000 0.000000 -0.000144 0.000000 0.827354
    3 16.525240 0.000000 0.000000 -0.235536 -0.238371 -1.037443
    4 -3.890447 0.000000 0.000000 -1.421769 -0.676516 -1.975765
    5 17.848167 0.000000 0.000000 -0.000012 0.000024 1.004882
    6 16.525238 0.000000 0.000000 0.220811 -0.202057 -1.532189
    7 0.257820 3.579513 -2.700639 1.570293 -0.000579 1.494322
    8 4.015370 0.000000 0.000000 0.012632 -0.051150 0.108995
    9 3.520298 0.000000 0.000000 0.007335 -0.041706 0.231079
    10 8.940987 0.000000 0.000000 0.004147 -0.017653 0.286916
    11 3.306377 -0.000001 0.000000 3.141590 -0.009600 0.464066
    12 3.594185 0.000000 0.000000 0.680557 0.151640 1.077782
    13 2.036090 0.997452 1.937661 2.002715 -0.624470 1.401229
    14 6.028141 0.000011 0.000000 -0.958400 0.310745 0.022030
    15 11.692581 -0.000001 -0.000008 0.000000 0.000000 -1.370128
    16 11.481684 0.000000 -0.000031 0.771248 -0.226476 0.085874
    17 2.036090 0.997453 -1.937661 -1.975053 1.274989 2.046310
    18 6.028137 -0.000008 0.000000 0.661642 1.117077 -1.660593
    19 11.692554 0.000000 0.000019 0.000000 0.000000 -1.153004
    20 11.481705 0.000000 0.000011 -1.312869 0.402592 0.173199
    21 2.000004 -3.000000 0.000000 -1.570796 0.000000 -1.326450
    22 2.676084 -1.712437 0.000000 -1.570796 0.000000 -1.570795
    23 2.676081 -1.712433 0.000000 1.570797 0.000001 1.570797
    24 6.879441 -0.000010 0.000000 -0.004818 -0.033895 -0.583558
    25 6.879432 -0.000013 0.000000 -0.210299 -0.002961 -0.584376
    26 3.859711 -0.142445 -1.191958 -0.479138 0.152189 -0.879878
    27 1.312550 0.000008 0.000004 -0.000009 0.009670 -0.439707
    28 0.729370 0.000006 0.000000 0.000003 0.004968 -0.244304
    29 3.942335 0.046738 -0.431422 -0.155012 0.073337 -0.810639
    30 1.539124 0.000015 -0.000016 -0.000004 0.004459 -0.247797
    31 1.196327 0.000032 -0.000010 -0.000004 0.007358 -0.430804
    32 3.882813 -0.046753 0.431396 0.085902 0.021819 -0.587880
    33 1.719578 -0.000004 0.000004 -0.000008 0.005537 -0.366457
    34 1.209160 -0.000010 -0.000011 0.000003 0.003062 -0.216418
    35 3.859375 -0.137939 1.332031 0.354449 -0.042742 -0.531707
    36 1.719427 0.000031 -0.000031 0.000005 0.004052 -0.363023
    37 1.099674 -0.000004 -0.000011 -0.000007 0.002607 -0.244321
    38 0.807566 -0.347147 1.320592 -1.206856 -0.679483 -0.789308
    39 1.789783 -0.000007 0.000004 0.000001 0.007386 0.228516
    40 1.207018 0.000015 -0.000008 -0.000003 0.011265 0.362846
    41 11.481726 -0.000012 -0.000038 0.001269 0.000000 -0.000005
    42 3.859663 -0.132561 1.193130 0.479139 -0.158529 -0.879052
    43 1.312580 -0.000006 0.000003 0.000007 -0.011938 -0.439655
    44 0.729366 -0.000008 -0.000001 0.000005 -0.006136 -0.244269
    45 3.942284 0.050331 0.431063 0.155002 -0.079316 -0.810200
    46 1.539131 -0.000004 0.000002 -0.000002 -0.005851 -0.247777
    47 1.196323 0.000004 0.000005 0.000003 -0.009665 -0.430773
    48 3.882813 -0.050323 -0.430908 -0.085903 -0.026418 -0.587683
    49 1.719599 0.000008 0.000010 -0.000006 -0.007945 -0.366462
    50 1.209183 0.000010 0.000010 0.000006 -0.004485 -0.216351
    51 3.859375 -0.148926 -1.331055 -0.354417 0.038569 -0.532007
    52 1.719425 0.000011 0.000011 0.000004 -0.006614 -0.362968
    53 1.099663 0.000011 0.000010 -0.000001 -0.004222 -0.244302
    54 0.805664 -0.359619 -1.317383 1.204196 0.673612 -0.793958
    55 1.789780 -0.000011 0.000008 0.000004 -0.006302 0.228564
    56 1.207003 0.000001 -0.000008 -0.000005 -0.009615 0.362899
    57 11.481689 -0.000073 -0.000004 0.000155 0.000000 -0.000014
  time 28
    0 0.575798 25.457808 34.203499 1.841197 -0.063003 -3.846317
    1 3.890447 0.000000 0.000000 -1.936453 -0.900572 -1.301327
    2 17.848156 0.000000 0.000000 -0.000144 0.000000 0.786550
    3 16.525240 0.000000 0.000000 -0.234721 -0.249253 -1.037754
    4 -3.890447 0.000000 0.000000 -1.332250 -0.662065 -2.039395
    5 17.848167 0.000000 0.000000 -0.000012 0.000024 0.996928
    6 16.525238 0.000000 0.000000 0.196578 -0.239363 -1.502854
    7 0.218757 3.349037 -2.970179 1.569957 0.081395 1.501645
    8 4.015370 0.000000 0.000000 0.012164 -0.049365 0.111224
    9 3.520298 0.000000 0.000000 0.006759 -0.041323 0.251225
    10 8.940987 0.000000 0.000000 0.003763 -0.018145 0.326741
    11 3.306377 -0.000001 0.000000 3.141386 -0.009899 0.496724
    12 3.594185 0.000000 0.000000 0.691542 0.191075 1.091687
    13 2.036090 0.997452 1.937661 1.966159 -0.569085 1.410959
    14 6.028141 0.000011 0.000000 -0.998660 0.258588 -0.021886
    15 11.692581 -0.000001 -0.000008 0.000000 0.000000 -1.222742
    16 11.481684 0.000000 -0.000031 0.552162 -0.016006 -0.030838
    17 2.036090 0.997453 -1.937661 -2.364117 1.175415 1.665266
    18 6.028137 -0.000008 0.000000 1.017516 1.075417 -1.303477
    19 11.692554 0.000000 0.000019 0.000000 0.000000 -1.190856
    20 11.481705 0.000000 0.000011 -1.328989 0.407356 0.170294
    21 2.000004 -3.000000 0.000000 -1.570796 0.000000 -1.326450
    22 2.676084 -1.712437 0.000000 -1.570796 0.000000 -1.570795
    23 2.676081 -1.712433 0.000000 1.570797 0.000001 1.570797
    24 6.879441 -0.000010 0.000000 -0.004818 -0.033895 -0.583558
    25 6.879432 -0.000013 0.000000 -0.210299 -0.002961 -0.584376
    26 3.859711 -0.142445 -1.191958 -0.479138 0.152189 -0.879878
    27 1.312550 0.000008 0.000004 -0.000009 0.009670 -0.439707
    28 0.729370 0.000006 0.000000 0.000003 0.004968 -0.244304
    29 3.942335 0.046738 -0.431422 -0.155012 0.073337 -0.810639
    30 1.539124 0.000015 -0.000016 -0.000004 0.004459 -0.247797
    31 1.196327 0.000032 -0.000010 -0.000004 0.007358 -0.430804
    32 3.882813 -0.046753 0.431396 0.085902 0.021819 -0.587880
    33 1.719578 -0.000004 0.000004 -0.000008 0.005537 -0.366457
    34 1.209160 -0.000010 -0.000011 0.000003 0.003062 -0.216418
    35 3.859375 -0.137939 1.332031 0.354449 -0.042742 -0.531707
    36 1.719427 0.000031 -0.000031 0.000005 0.004052 -0.363023
    37 1.099674 -0.000004 -0.000011 -0.000007 0.002607 -0.244321
    38 0.807566 -0.347147 1.320592 -1.206856 -0.679483 -0.789308
    39 1.789783 -0.000007 0.000004 0.000001 0.007386 0.228516
    40 1.207018 0.000015 -0.000008 -0.000003 0.011265 0.362846
    41 11.481726 -0.000012 -0.000038 0.001269 0.000000 -0.000005
    42 3.859663 -0.132561 1.193130 0.479139 -0.158529 -0.879052
    43 1.312580 -0.000006 0.000003 0.000007 -0.011938 -0.439655
    44 0.729366 -0.000008 -0.000001 0.000005 -0.006136 -0.244269
    45 3.942284 0.050331 0.431063 0.155002 -0.079316 -0.810200
    46 1.539131 -0.000004 0.000002 -0.000002 -0.005851 -0.247777
    47 1.196323 0.000004 0.000005 0.000003 -0.009653 -0.430773
    48 3.882813 -0.050323 -0.430908 -0.085903 -0.026418 -0.587683
    49 1.719599 0.000008 0.000010 -0.000006 -0.007945 -0.366462
    50 1.209183 0.000010 0.000010 0.000006 -0.004485 -0.216351
    51 3.859375 -0.148926 -1.331055 -0.354417 0.038569 -0.532007
    52 1.719425 0.000011 0.000011 0.000004 -0.006614 -0.362968
    53 1.099663 0.000011 0.000010 -0.000001 -0.004222 -0.244302
    54 0.805664 -0.359619 -1.317383 1.204196 0.673612 -0.793958
    55 1.789780 -0.000011 0.000008 0.000004 -0.006302 0.228564
    56 1.207003 0.000001 -0.000008 -0.000005 -0.009615 0.362899
    57 11.481689 -0.000073 -0.000004 0.000155 0.000000 -0.000014
  time 29
    0 0.575798 26.086734 34.629293 1.851317 -0.088350 -3.866704
    1 3.890447 0.000000 0.000000 -1.923930 -0.867240 -1.356155
    2 17.848156 0.000000 0.000000 -0.000144 0.000000 0.740182
    3 16.525240 0.000000 0.000000 -0.233810 -0.261058 -1.037194
    4 -3.890447 0.000000 0.000000 -1.236418 -0.645422 -2.104533
    5 17.848167 0.000000 0.000000 -0.000012 0.000024 0.990045
    6 16.525238 0.000000 0.000000 0.175785 -0.268296 -1.464058
    7 0.187506 3.130281 -3.185029 1.569993 0.154298 1.507469
    8 4.015370 0.000000 0.000000 0.011361 -0.048442 0.107569
    9 3.520298 0.000000 0.000000 0.006064 -0.041527 0.263617
    10 8.940987 0.000000 0.000000 0.003308 -0.018828 0.358092
    11 3.306377 -0.000001 0.000000 3.141170 -0.010295 0.522671
    12 3.594185 0.000000 0.000000 0.705022 0.229086 1.086423
    13 2.036090 0.997452 1.937661 1.920272 -0.536495 1.444160
    14 6.028141 0.000011 0.000000 -1.044604 0.182294 -0.078853
    15 11.692581 -0.000001 -0.000008 0.000000 0.000000 -1.066864
    16 11.481684 0.000000 -0.000031 0.335916 0.162680 -0.180304
    17 2.036090 0.997453 -1.937661 -2.579119 1.055831 1.475298
    18 6.028137 -0.000008 0.000000 1.279769 0.984411 -1.043786
    19 11.692554 0.000000 0.000019 0.000000 0.000000 -1.236655
    20 11.481705 0.000000 0.000011 -1.336735 0.410337 0.167274
    21 2.000004 -3.000000 0.000000 -1.570796 0.000000 -1.326450
    22 2.676084 -1.712437 0.000000 -1.570796 0.000000 -1.570795
    23 2.676081 -1.712433 0.000000 1.570797 0.000001 1.570797
    24 6.879441 -0.000010 0.000000 -0.004818 -0.033895 -0.583558
    25 6.879432 -0.000013 0.000000 -0.210299 -0.002961 -0.584376
    26 3.859711 -0.142445 -1.191958 -0.479138 0.152189 -0.879878
    27 1.312550 0.000008 0.000004 -0.000009 0.009670 -0.439707
    28 0.729370 0.000006 0.000000 0.000003 0.004968 -0.244304
    29 3.942335 0.046738 -0.431422 -0.155012 0.073337 -0.810639
    30 1.539124 0.000015 -0.000016 -0.000004 0.004459 -0.247797
    31 1.196327 0.000032 -0.000010 -0.000004 0.007358 -0.430804
    32 3.882813 -0.046753 0.431396 0.085902 0.021819 -0.587880
    33 1.719578 -0.000004 0.000004 -0.000008 0.005537 -0.366457
    34 1.209160 -0.000010 -0.000011 0.000003 0.003062 -0.216418
    35 3.859375 -0.137939 1.332031 0.354449 -0.042742 -0.531707
    36 1.719427 0.000031 -0.000031 0.000005 0.004052 -0.363023
    37 1.099674 -0.000004 -0.000011 -0.000007 0.002607 -0.244321
    38 0.807566 -0.347147 1.320592 -1.206856 -0.679483 -0.789308
    39 1.789783 -0.000007 0.000004 0.000001 0.007386 0.228516
    40 1.207018 0.000015 -0.000008 -0.000003 0.011265 0.362846
    41 11.481726 -0.000012 -0.000038 0.001269 0.000000 -0.000005
    42 3.859663 -0.132561 1.193130 0.479139 -0.158529 -0.879052
    43 1.312580 -0.000006 0.000003 0.000007 -0.011938 -0.439655
    44 0.729366 -0.000008 -0.000001 0.000005 -0.006136 -0.244269
    45 3.942284 0.050331 0.431063 0.155002 -0.079316 -0.810200
    46 1.539131 -0.000004 0.000002 -0.000002 -0.005851 -0.247777
    47 1.196323 0.000004 0.000005 0.000003 -0.009653 -0.430773
    48 3.882813 -0.050323 -0.430908 -0.085903 -0.026418 -0.587683
    49 1.719599 0.000008 0.000010 -0.000006 -0.007945 -0.366462
    50 1.209183 0.000010 0.000010 0.000006 -0.004485 -0.216351
    51 3.859375 -0.148926 -1.331055 -0.354417 0.038569 -0.532007
    52 1.719425 0.000011 0.000011 0.000004 -0.006614 -0.362968
    53 1.099663 0.000011 0.000010 -0.000001 -0.004222 -0.244302
    54 0.805664 -0.359619 -1.317383 1.204196 0.673612 -0.793958
    55 1.789780 -0.000011 0.000008 0.000004 -0.006302 0.228564
    56 1.207003 0.000001 -0.000008 -0.000005 -0.009615 0.362899
    57 11.481689 -0.000073 -0.000004 0.000155 0.000000 -0.000014
  time 30
    0 0.575798 26.782067 35.055088 1.862061 -0.112739 -3.893855
    1 3.890447 0.000000 0.000000 -1.900432 -0.833772 -1.415390
    2 17.848156 0.000000 0.000000 -0.000144 0.000000 0.689380
    3 16.525240 0.000000 0.000000 -0.224702 -0.260626 -1.038356
    4 -3.890447 0.000000 0.000000 -0.938726 -0.586888 -2.249507
    5 17.848167 0.000000 0.000000 -0.000012 0.000012 0.983905
    6 16.525238 0.000000 0.000000 0.065035 -0.390845 -1.374734
    7 0.167974 2.938869 -3.353003 1.569669 0.213022 1.509615
    8 4.015370 0.000000 0.000000 0.010906 -0.049089 0.100330
    9 3.520298 0.000000 0.000000 0.005609 -0.042689 0.268495
    10 8.940987 0.000000 0.000000 0.002984 -0.019763 0.379712
    11 3.306377 -0.000001 0.000000 3.140991 -0.010810 0.541475
    12 3.594185 0.000000 0.000000 0.720277 0.260358 1.067954
    13 2.036090 0.997452 1.937661 1.863629 -0.516346 1.494094
    14 6.028141 0.000011 0.000000 -1.087990 0.097531 -0.133200
    15 11.692581 -0.000001 -0.000008 0.000000 0.000000 -0.927302
    16 11.481684 0.000000 -0.000031 0.137720 0.300400 -0.330634
    17 2.036090 0.997453 -1.937661 -2.683709 0.973227 1.408262
    18 6.028137 -0.000008 0.000000 1.398966 0.900650 -0.923541
    19 11.692554 0.000000 0.000019 0.000000 0.000000 -1.272277
    20 11.481705 0.000000 0.000011 -1.337989 0.411160 0.155032
    21 2.000004 -3.000000 0.000000 -1.570796 0.000000 -1.326450
    22 2.676084 -1.712437 0.000000 -1.570796 0.000000 -1.570795
    23 2.676081 -1.712433 0.000000 1.570797 0.000001 1.570797
    24 6.879441 -0.000010 0.000000 -0.004818 -0.033883 -0.583558
    25 6.879432 -0.000013 0.000000 -0.210299 -0.002961 -0.584376
    26 3.859711 -0.142445 -1.191958 -0.479138 0.152189 -0.879878
    27 1.312550 0.000008 0.000004 -0.000009 0.009670 -0.439707
    28 0.729370 0.000006 0.000000 0.000003 0.004968 -0.244304
    29 3.942335 0.046738 -0.431422 -0.155012 0.073337 -0.810639
    30 1.539124 0.000015 -0.000016 -0.000004 0.004459 -0.247797
    31 1.196327 0.000032 -0.000010 -0.000004 0.007358 -0.430804
    32 3.882813 -0.046753 0.431396 0.085902 0.021817 -0.587880
    33 1.719578 -0.000004 0.000004 -0.000008 0.005537 -0.366457
    34 1.209160 -0.000010 -0.000011 0.000003 0.003062 -0.216418
    35 3.859375 -0.137939 1.332031 0.354449 -0.042742 -0.531707
    36 1.719427 0.000031 -0.000031 0.000003 0.004052 -0.363023
    37 1.099674 -0.000004 -0.000011 -0.000007 0.002609 -0.244321
    38 0.807566 -0.347147 1.320592 -1.206856 -0.679483 -0.789308
    39 1.789783 -0.000007 0.000004 0.000001 0.007386 0.228516
    40 1.207018 0.000015 -0.000008 -0.000003 0.011265 0.362846
    41 11.481726 -0.000012 -0.000038 0.001269 0.000000 -0.000005
    42 3.859663 -0.132561 1.193130 0.479137 -0.158530 -0.879052
    43 1.312580 -0.000006 0.000003 0.000007 -0.011938 -0.439655
    44 0.729366 -0.000008 -0.000001 0.000005 -0.006136 -0.244269
    45 3.942284 0.050331 0.431063 0.155002 -0.079316 -0.810200
    46 1.539131 -0.000004 0.000002 -0.000002 -0.005851 -0.247777
    47 1.196323 0.000004 0.000005 0.000003 -0.009653 -0.430773
    48 3.882813 -0.050323 -0.430908 -0.085903 -0.026418 -0.587683
    49 1.719599 0.000008 0.000010 -0.000006 -0.007945 -0.366462
    50 1.209183 0.000010 0.000010 0.000006 -0.004485 -0.216351
    51 3.859375 -0.148926 -1.331055 -0.354417 0.038569 -0.532007
    52 1.719425 0.000011 0.000011 0.000004 -0.006614 -0.362968
    53 1.099663 0.000011 0.000010 -0.000001 -0.004222 -0.244302
    54 0.805664 -0.359619 -1.317383 1.204196 0.673612 -0.793958
    55 1.789780 -0.000011 0.000008 0.000004 -0.006302 0.228564
    56 1.207003 0.000001 -0.000008 -0.000005 -0.009615 0.362899
    57 11.481689 -0.000073 -0.000004 0.000155 0.000000 -0.000014
  time 31
    0 0.575798 27.535997 35.461350 1.872931 -0.134443 -3.928532
    1 3.890447 0.000000 0.000000 -1.849919 -0.803755 -1.482204
    2 17.848156 0.000000 0.000000 -0.000144 0.000000 0.635683
    3 16.525240 0.000000 0.000000 -0.200517 -0.236897 -1.042987
    4 -3.890447 0.000000 0.000000 -0.493095 -0.441242 -2.408835
    5 17.848167 0.000000 0.000000 0.000000 0.000000 0.978509
    6 16.525238 0.000000 0.000000 -0.172979 -0.551767 -1.196843
    7 0.152348 2.774801 -3.481913 1.570424 0.261476 1.511089
    8 4.015370 0.000000 0.000000 0.010714 -0.051186 0.091102
    9 3.520298 0.000000 0.000000 0.005345 -0.045314 0.269550
    10 8.940987 0.000000 0.000000 0.002768 -0.021476 0.395364
    11 3.306377 -0.000001 0.000000 3.140775 -0.011769 0.555101
    12 3.594185 0.000000 0.000000 0.736098 0.283868 1.042638
    13 2.036090 0.997452 1.937661 1.800512 -0.502583 1.550283
    14 6.028141 0.000011 0.000000 -1.129860 0.013513 -0.182975
    15 11.692581 -0.000001 -0.000008 0.000000 0.000000 -0.806062
    16 11.481684 0.000000 -0.000031 -0.028163 0.401762 -0.463468
    17 2.036090 0.997453 -1.937661 -2.746024 0.929883 1.387646
    18 6.028137 -0.000008 0.000000 1.437235 0.841740 -0.881908
    19 11.692554 0.000000 0.000019 0.000000 0.000000 -1.300440
    20 11.481705 0.000000 0.000011 -1.337272 0.410303 0.136565
    21 2.000004 -3.000000 0.000000 -1.570796 0.000000 -1.326450
    22 2.676084 -1.712437 0.000000 -1.570796 0.000000 -1.570795
    23 2.676081 -1.712433 0.000000 1.570797 0.000001 1.570797
    24 6.879441 -0.000010 0.000000 -0.004818 -0.033823 -0.583558
    25 6.879432 -0.000013 0.000000 -0.210299 -0.002961 -0.584376
    26 3.859711 -0.142445 -1.191958 -0.479138 0.152189 -0.879878
    27 1.312550 0.000008 0.000004 -0.000009 0.009670 -0.439707
    28 0.729370 0.000006 0.000000 0.000003 0.004968 -0.244304
    29 3.942335 0.046738 -0.431422 -0.155012 0.073337 -0.810639
    30 1.539124 0.000015 -0.000016 -0.000004 0.004459 -0.247797
    31 1.196327 0.000032 -0.000010 -0.000004 0.007358 -0.430804
    32 3.882813 -0.046753 0.431396 0.085902 0.021817 -0.587880
    33 1.719578 -0.000004 0.000004 -0.000008 0.005537 -0.366457
    34 1.209160 -0.000010 -0.000011 0.000003 0.003062 -0.216418
    35 3.859375 -0.137939 1.332031 0.354449 -0.042742 -0.531707
    36 1.719427 0.000031 -0.000031 0.000003 0.004052 -0.363023
    37 1.099674 -0.000004 -0.000011 -0.000007 0.002609 -0.244321
    38 0.807566 -0.347147 1.320592 -1.206856 -0.679471 -0.789308
    39 1.789783 -0.000007 0.000004 0.000001 0.007386 0.228516
    40 1.207018 0.000015 -0.000008 -0.000003 0.011265 0.362846
    41 11.481726 -0.000012 -0.000038 0.001269 0.000000 -0.000005
    42 3.859663 -0.132561 1.193130 0.479137 -0.158530 -0.879052
    43 1.312580 -0.000006 0.000003 0.000007 -0.011938 -0.439655
    44 0.729366 -0.000008 -0.000001 0.000005 -0.006136 -0.244269
    45 3.942284 0.050331 0.431063 0.155002 -0.079316 -0.810200
    46 1.539131 -0.000004 0.000002 -0.000002 -0.005851 -0.247777
    47 1.196323 0.000004 0.000005 0.000003 -0.009665 -0.430773
    48 3.882813 -0.050323 -0.430908 -0.085903 -0.026418 -0.587683
    49 1.719599 0.000008 0.000010 -0.000006 -0.007945 -0.366462
    50 1.209183 0.000010 0.000010 0.000006 -0.004485 -0.216351
    51 3.859375 -0.148926 -1.331055 -0.354417 0.038569 -0.532007
    52 1.719425 0.000011 0.000011 0.000004 -0.006614 -0.362968
    53 1.099663 0.000011 0.000010 -0.000001 -0.004222 -0.244302
    54 0.805664 -0.359619 -1.317383 1.204196 0.673612 -0.793958
    55 1.789780 -0.000011 0.000008 0.000004 -0.006302 0.228564
    56 1.207003 0.000001 -0.000008 -0.000005 -0.009615 0.362899
    57 11.481689 -0.000073 -0.000004 0.000155 0.000000 -0.000014
  time 32
    0 0.575798 28.360240 35.812923 1.883508 -0.151749 -3.971687
    1 3.890447 0.000000 0.000000 -1.769164 -0.778189 -1.552351
    2 17.848156 0.000000 0.000000 -0.000132 0.000000 0.585606
    3 16.525240 0.000000 0.000000 -0.164731 -0.192566 -1.052144
    4 -3.890447 0.000000 0.000000 -0.305363 -0.360909 -2.457829
    5 17.848167 0.000000 0.000000 0.000000 0.000000 0.974835
    6 16.525238 0.000000 0.000000 -0.215860 -0.501532 -1.113554
    7 0.136723 2.626359 -3.587385 1.571515 0.303709 1.512611
    8 4.015370 0.000000 0.000000 0.010822 -0.053152 0.081478
    9 3.520298 0.000000 0.000000 0.005297 -0.047831 0.268926
    10 8.940987 0.000000 0.000000 0.002637 -0.023154 0.408272
    11 3.306377 -0.000001 0.000000 3.140583 -0.012716 0.566463
    12 3.594185 0.000000 0.000000 0.754543 0.301916 1.016440
    13 2.036090 0.997452 1.937661 1.728826 -0.491771 1.608076
    14 6.028141 0.000011 0.000000 -1.170404 -0.064752 -0.226605
    15 11.692581 -0.000001 -0.000008 0.000000 0.000000 -0.702812
    16 11.481684 0.000000 -0.000031 -0.151259 0.477450 -0.567573
    17 2.036090 0.997453 -1.937661 -2.800705 0.911874 1.372980
    18 6.028137 -0.000008 0.000000 1.435899 0.799599 -0.881972
    19 11.692554 0.000000 0.000019 0.000000 0.000000 -1.329509
    20 11.481705 0.000000 0.000011 -1.335033 0.407390 0.116784
    21 2.000004 -3.000000 0.000000 -1.570796 0.000000 -1.326450
    22 2.676084 -1.712437 0.000000 -1.570796 0.000000 -1.570795
    23 2.676081 -1.712433 0.000000 1.570797 0.000001 1.570797
    24 6.879441 -0.000010 0.000000 -0.004818 -0.033739 -0.583570
    25 6.879432 -0.000013 0.000000 -0.210299 -0.002961 -0.584376
    26 3.859711 -0.142445 -1.191958 -0.479138 0.152189 -0.879878
    27 1.312550 0.000008 0.000004 -0.000009 0.009670 -0.439707
    28 0.729370 0.000006 0.000000 0.000003 0.004968 -0.244304
    29 3.942335 0.046738 -0.431422 -0.155012 0.073337 -0.810639
    30 1.539124 0.000015 -0.000016 -0.000004 0.004459 -0.247797
    31 1.196327 0.000032 -0.000010 -0.000004 0.007358 -0.430804
    32 3.882813 -0.046753 0.431396 0.085902 0.021817 -0.587880
    33 1.719578 -0.000004 0.000004 -0.000008 0.005537 -0.366457
    34 1.209160 -0.000010 -0.000011 0.000003 0.003062 -0.216418
    35 3.859375 -0.137939 1.332031 0.354449 -0.042742 -0.531707
    36 1.719427 0.000031 -0.000031 0.000003 0.004052 -0.363023
    37 1.099674 -0.000004 -0.000011 -0.000007 0.002609 -0.244321
    38 0.807566 -0.347147 1.320592 -1.206856 -0.679483 -0.789308
    39 1.789783 -0.000007 0.000004 0.000001 0.007386 0.228516
    40 1.207018 0.000015 -0.000008 -0.000003 0.011265 0.362846
    41 11.481726 -0.000012 -0.000038 0.001269 0.000000 -0.000005
    42 3.859663 -0.132561 1.193130 0.479137 -0.158530 -0.879052
    43 1.312580 -0.000006 0.000003 0.000007 -0.011938 -0.439655
    44 0.729366 -0.000008 -0.000001 0.000005 -0.006136 -0.244269
    45 3.942284 0.050331 0.431063 0.155002 -0.079316 -0.810200
    46 1.539131 -0.000004 0.000002 -0.000002 -0.005851 -0.247777
    47 1.196323 0.000004 0.000005 0.000003 -0.009665 -0.430773
    48 3.882813 -0.050323 -0.430908 -0.085903 -0.026418 -0.587683
    49 1.719599 0.000008 0.000010 -0.000006 -0.007945 -0.366462
    50 1.209183 0.000010 0.000010 0.000006 -0.004485 -0.216351
    51 3.859375 -0.148926 -1.331055 -0.354417 0.038569 -0.532007
    52 1.719425 0.000011 0.000011 0.000004 -0.006614 -0.362968
    53 1.099663 0.000011 0.000010 -0.000001 -0.004222 -0.244302
    54 0.805664 -0.359619 -1.317383 1.204196 0.673612 -0.793958
    55 1.789780 -0.000011 0.000008 0.000004 -0.006302 0.228564
    56 1.207003 0.000001 -0.000008 -0.000005 -0.009615 0.362899
    57 11.481689 -0.000073 -0.000004 0.000155 0.000000 -0.000014
  time 33
    0 0.575798 29.254799 36.098088 1.892920 -0.162978 -4.023893
    1 3.890447 0.000000 0.000000 -1.647697 -0.758071 -1.624541
    2 17.848156 0.000000 0.000000 -0.000120 0.000000 0.546204
    3 16.525240 0.000000 0.000000 -0.122282 -0.131301 -1.067074
    4 -3.890447 0.000000 0.000000 -0.288753 -0.356850 -2.465775
    5 17.848167 0.000000 0.000000 0.000000 0.000000 0.974416
    6 16.525238 0.000000 0.000000 -0.091675 -0.334625 -1.114143
    7 0.121097 2.485730 -3.677232 1.572534 0.342863 1.515283
    8 4.015370 0.000000 0.000000 0.010846 -0.053535 0.072562
    9 3.520298 0.000000 0.000000 0.005225 -0.048861 0.268327
    10 8.940987 0.000000 0.000000 0.002469 -0.024053 0.420760
    11 3.306377 -0.000001 0.000000 3.140439 -0.013231 0.577525
    12 3.594185 0.000000 0.000000 0.777387 0.317069 0.993163
    13 2.036090 0.997452 1.937661 1.646288 -0.481645 1.664051
    14 6.028141 0.000011 0.000000 -1.209527 -0.133363 -0.262566
    15 11.692581 -0.000001 -0.000008 0.000000 0.000000 -0.617884
    16 11.481684 0.000000 -0.000031 -0.226773 0.537245 -0.638790
    17 2.036090 0.997453 -1.937661 -2.867696 0.902469 1.340535
    18 6.028137 -0.000008 0.000000 1.420630 0.760220 -0.903177
    19 11.692554 0.000000 0.000019 0.000000 0.000000 -1.367780
    20 11.481705 0.000000 0.000011 -1.330377 0.401221 0.099838
    21 2.000004 -3.000000 0.000000 -1.570796 0.000000 -1.326450
    22 2.676084 -1.712437 0.000000 -1.570796 0.000000 -1.570795
    23 2.676081 -1.712433 0.000000 1.570797 0.000001 1.570797
    24 6.879441 -0.000010 0.000000 -0.004818 -0.033620 -0.583570
    25 6.879432 -0.000013 0.000000 -0.210299 -0.002961 -0.584376
    26 3.859711 -0.142445 -1.191958 -0.479138 0.152189 -0.879878
    27 1.312550 0.000008 0.000004 -0.000009 0.009670 -0.439707
    28 0.729370 0.000006 0.000000 0.000003 0.004968 -0.244304
    29 3.942335 0.046738 -0.431422 -0.155012 0.073337 -0.810639
    30 1.539124 0.000015 -0.000016 -0.000004 0.004459 -0.247797
    31 1.196327 0.000032 -0.000010 -0.000004 0.007358 -0.430804
    32 3.882813 -0.046753 0.431396 0.085902 0.021817 -0.587880
    33 1.719578 -0.000004 0.000004 -0.000008 0.005537 -0.366457
    34 1.209160 -0.000010 -0.000011 0.000003 0.003062 -0.216418
    35 3.859375 -0.137939 1.332031 0.354449 -0.042742 -0.531707
    36 1.719427 0.000031 -0.000031 0.000003 0.004052 -0.363023
    37 1.099674 -0.000004 -0.000011 -0.000007 0.002609 -0.244321
    38 0.807566 -0.347147 1.320592 -1.206856 -0.679483 -0.789308
    39 1.789783 -0.000007 0.000004 0.000001 0.007386 0.228516
    40 1.207018 0.000015 -0.000008 -0.000003 0.011265 0.362846
    41 11.481726 -0.000012 -0.000038 0.001269 0.000000 -0.000005
    42 3.859663 -0.132561 1.193130 0.479137 -0.158530 -0.879052
    43 1.312580 -0.000006 0.000003 0.000007 -0.011938 -0.439655
    44 0.729366 -0.000008 -0.000001 0.000005 -0.006136 -0.244269
    45 3.942284 0.050331 0.431063 0.155002 -0.079316 -0.810200
    46 1.539131 -0.000004 0.000002 -0.000002 -0.005851 -0.247777
    47 1.196323 0.000004 0.000005 0.000003 -0.009653 -0.430773
    48 3.882813 -0.050323 -0.430908 -0.085903 -0.026418 -0.587683
    49 1.719599 0.000008 0.000010 -0.000006 -0.007945 -0.366462
    50 1.209183 0.000010 0.000010 0.000006 -0.004485 -0.216351
    51 3.859375 -0.148926 -1.331055 -0.354417 0.038569 -0.532007
    52 1.719425 0.000011 0.000011 0.000004 -0.006614 -0.362968
    53 1.099663 0.000011 0.000010 -0.000001 -0.004222 -0.244302
    54 0.805664 -0.359619 -1.317383 1.204196 0.673612 -0.793958
    55 1.789780 -0.000011 0.000008 0.000004 -0.006302 0.228564
    56 1.207003 0.000001 -0.000008 -0.000005 -0.009615 0.362899
    57 11.481689 -0.000073 -0.000004 0.000155 0.000000 -0.000014
  time 34
    0 0.575798 30.219672 36.285594 1.900166 -0.166562 -4.085911
    1 3.890447 0.000000 0.000000 -1.476513 -0.743903 -1.698988
    2 17.848156 0.000000 0.000000 -0.000108 0.000000 0.527068
    3 16.525240 0.000000 0.000000 -0.076381 -0.056864 -1.090974
    4 -3.890447 0.000000 0.000000 -0.225313 -0.334524 -2.470486
    5 17.848167 0.000000 0.000000 0.000000 0.000000 0.979207
    6 16.525238 0.000000 0.000000 -0.027138 -0.205204 -1.099574
    7 0.097659 2.345100 -3.763172 1.573469 0.380878 1.520712
    8 4.015370 0.000000 0.000000 0.010343 -0.050911 0.065083
    9 3.520298 0.000000 0.000000 0.004914 -0.047063 0.269058
    10 8.940987 0.000000 0.000000 0.002181 -0.023514 0.434446
    11 3.306377 -0.000001 0.000000 3.140367 -0.012967 0.589437
    12 3.594185 0.000000 0.000000 0.805195 0.332372 0.974663
    13 2.036090 0.997452 1.937661 1.550708 -0.469612 1.714894
    14 6.028141 0.000011 0.000000 -1.247040 -0.188658 -0.288526
    15 11.692581 -0.000001 -0.000008 0.000000 0.000000 -0.552550
    16 11.481684 0.000000 -0.000031 -0.253464 0.587158 -0.678114
    17 2.036090 0.997453 -1.937661 -2.957686 0.884859 1.277304
    18 6.028137 -0.000008 0.000000 1.410418 0.711276 -0.931557
    19 11.692554 0.000000 0.000019 0.000000 0.000000 -1.422014
    20 11.481705 0.000000 0.000011 -1.322182 0.390049 0.089187
    21 2.000004 -3.000000 0.000000 -1.570796 0.000000 -1.326450
    22 2.676084 -1.712437 0.000000 -1.570796 0.000000 -1.570795
    23 2.676081 -1.712433 0.000000 1.570797 0.000001 1.570797
    24 6.879441 -0.000010 0.000000 -0.004818 -0.033500 -0.583582
    25 6.879432 -0.000013 0.000000 -0.210299 -0.002961 -0.584376
    26 3.859711 -0.142445 -1.191958 -0.479138 0.152189 -0.879878
    27 1.312550 0.000008 0.000004 -0.000009 0.009670 -0.439707
    28 0.729370 0.000006 0.000000 0.000003 0.004968 -0.244304
    29 3.942335 0.046738 -0.431422 -0.155012 0.073337 -0.810639
    30 1.539124 0.000015 -0.000016 -0.000004 0.004459 -0.247797
    31 1.196327 0.000032 -0.000010 -0.000004 0.007358 -0.430804
    32 3.882813 -0.046753 0.431396 0.085902 0.021817 -0.587880
    33 1.719578 -0.000004 0.000004 -0.000008 0.005537 -0.366457
    34 1.209160 -0.000010 -0.000011 0.000003 0.003062 -0.216418
    35 3.859375 -0.137939 1.332031 0.354449 -0.042742 -0.531707
    36 1.719427 0.000031 -0.000031 0.000003 0.004052 -0.363023
    37 1.099674 -0.000004 -0.000011 -0.000007 0.002609 -0.244321
    38 0.807566 -0.347147 1.320592 -1.206856 -0.679483 -0.789308
    39 1.789783 -0.000007 0.000004 0.000001 0.007386 0.228516
    40 1.207018 0.000015 -0.000008 -0.000003 0.011265 0.362846
    41 11.481726 -0.000012 -0.000038 0.001269 0.000000 -0.000005
    42 3.859663 -0.132561 1.193130 0.479137 -0.158530 -0.879052
    43 1.312580 -0.000006 0.000003 0.000007 -0.011938 -0.439655
    44 0.729366 -0.000008 -0.000001 0.000005 -0.006136 -0.244269
    45 3.942284 0.050331 0.431063 0.155002 -0.079316 -0.810200
    46 1.539131 -0.000004 0.000002 -0.000002 -0.005851 -0.247777
    47 1.196323 0.000004 0.000005 0.000003 -0.009653 -0.430773
    48 3.882813 -0.050323 -0.430908 -0.085903 -0.026418 -0.587683
    49 1.719599 0.000008 0.000010 -0.000006 -0.007945 -0.366462
    50 1.209183 0.000010 0.000010 0.000006 -0.004485 -0.216351
    51 3.859375 -0.148926 -1.331055 -0.354417 0.038569 -0.532007
    52 1.719425 0.000011 0.000011 0.000004 -0.006614 -0.362968
    53 1.099663 0.000011 0.000010 -0.000001 -0.004222 -0.244302
    54 0.805664 -0.359619 -1.317383 1.204196 0.673612 -0.793958
    55 1.789780 -0.000011 0.000008 0.000004 -0.006302 0.228564
    56 1.207003 0.000001 -0.000008 -0.000005 -0.009615 0.362899
    57 11.481689 -0.000073 -0.000004 0.000155 0.000000 -0.000014
  time 35
    0 0.575798 31.254860 36.352002 1.903748 -0.161073 -4.158313
    1 3.890447 0.000000 0.000000 -1.276301 -0.734412 -1.771526
    2 17.848156 0.000000 0.000000 -0.000096 0.000000 0.536433
    3 16.525240 0.000000 0.000000 -0.016877 0.039084 -1.126025
    4 -3.890447 0.000000 0.000000 -0.104902 -0.285935 -2.465430
    5 17.848167 0.000000 0.000000 0.000000 0.000000 0.990510
    6 16.525238 0.000000 0.000000 -0.040753 -0.133432 -1.094605
    7 0.070315 2.204471 -3.841299 1.574032 0.418258 1.530288
    8 4.015370 0.000000 0.000000 0.008917 -0.043468 0.059594
    9 3.520298 0.000000 0.000000 0.004171 -0.040688 0.271899
    10 8.940987 0.000000 0.000000 0.001726 -0.020613 0.450086
    11 3.306377 -0.000001 0.000000 3.140439 -0.011385 0.602716
    12 3.594185 0.000000 0.000000 0.837918 0.352022 0.961032
    13 2.036090 0.997452 1.937661 1.439325 -0.452897 1.757611
    14 6.028141 0.000011 0.000000 -1.282468 -0.226332 -0.301195
    15 11.692581 -0.000001 -0.000008 0.000000 0.000000 -0.509886
    16 11.481684 0.000000 -0.000031 -0.231093 0.629827 -0.688708
    17 2.036090 0.997453 -1.937661 -3.070674 0.843997 1.183358
    18 6.028137 -0.000008 0.000000 1.417289 0.645563 -0.958903
    19 11.692554 0.000000 0.000019 0.000000 0.000000 -1.495139
    20 11.481705 0.000000 0.000011 -1.309018 0.371371 0.086743
    21 2.000004 -3.000000 0.000000 -1.570796 0.000000 -1.326450
    22 2.676084 -1.712437 0.000000 -1.570796 0.000000 -1.570795
    23 2.676081 -1.712433 0.000000 1.570797 0.000001 1.570797
    24 6.879441 -0.000010 0.000000 -0.004818 -0.033464 -0.583582
    25 6.879432 -0.000013 0.000000 -0.210299 -0.002961 -0.584376
    26 3.859711 -0.142445 -1.191958 -0.479138 0.152189 -0.879878
    27 1.312550 0.000008 0.000004 -0.000009 0.009670 -0.439707
    28 0.729370 0.000006 0.000000 0.000003 0.004968 -0.244304
    29 3.942335 0.046738 -0.431422 -0.155012 0.073337 -0.810639
    30 1.539124 0.000015 -0.000016 -0.000004 0.004459 -0.247797
    31 1.196327 0.000032 -0.000010 -0.000004 0.007358 -0.430804
    32 3.882813 -0.046753 0.431396 0.085902 0.021817 -0.587880
    33 1.719578 -0.000004 0.000004 -0.000008 0.005537 -0.366457
    34 1.209160 -0.000010 -0.000011 0.000003 0.003062 -0.216418
    35 3.859375 -0.137939 1.332031 0.354449 -0.042742 -0.531707
    36 1.719427 0.000031 -0.000031 0.000003 0.004052 -0.363023
    37 1.099674 -0.000004 -0.000011 -0.000007 0.002609 -0.244321
    38 0.807566 -0.347147 1.320592 -1.206856 -0.679471 -0.789308
    39 1.789783 -0.000007 0.000004 0.000001 0.007386 0.228516
    40 1.207018 0.000015 -0.000008 -0.000003 0.011265 0.362846
    41 11.481726 -0.000012 -0.000038 0.001269 0.000000 -0.000005
    42 3.859663 -0.132561 1.193130 0.479137 -0.158530 -0.879052
    43 1.312580 -0.000006 0.000003 0.000007 -0.011938 -0.439655
    44 0.729366 -0.000008 -0.000001 0.000005 -0.006136 -0.244269
    45 3.942284 0.050331 0.431063 0.155002 -0.079316 -0.810200
    46 1.539131 -0.000004 0.000002 -0.000002 -0.005851 -0.247777
    47 1.196323 0.000004 0.000005 0.000003 -0.009653 -0.430773
    48 3.882813 -0.050323 -0.430908 -0.085903 -0.026418 -0.587683
    49 1.719599 0.000008 0.000010 -0.000006 -0.007945 -0.366462
    50 1.209183 0.000010 0.000010 0.000006 -0.004485 -0.216351
    51 3.859375 -0.148926 -1.331055 -0.354417 0.038569 -0.532007
    52 1.719425 0.000011 0.000011 0.000004 -0.006614 -0.362968
    53 1.099663 0.000011 0.000010 -0.000001 -0.004222 -0.244302
    54 0.805664 -0.359619 -1.317383 1.204196 0.673612 -0.793958
    55 1.789780 -0.000011 0.000008 0.000004 -0.006302 0.228564
    56 1.207003 0.000001 -0.000008 -0.000005 -0.009615 0.362899
    57 11.481689 -0.000073 -0.000004 0.000155 0.000000 -0.000014
  time 36
    0 0.556266 32.364269 36.019961 1.892296 -0.141370 -4.278539
    1 3.890447 0.000000 0.000000 -1.106290 -0.743313 -1.831917
    2 17.848156 0.000000 0.000000 -0.000084 0.000000 0.634779
    3 16.525240 0.000000 0.000000 0.055162 0.150145 -1.199740
    4 -3.890447 0.000000 0.000000 0.058407 -0.215547 -2.441278
    5 17.848167 0.000000 0.000000 0.000000 0.000000 1.015720
    6 16.525238 0.000000 0.000000 -0.149070 -0.135475 -1.118663
    7 0.042970 2.138063 -3.872550 1.573397 0.435468 1.543351
    8 4.015370 0.000000 0.000000 0.006184 -0.030369 0.053746
    9 3.520298 0.000000 0.000000 0.002876 -0.028595 0.269310
    10 8.940987 0.000000 0.000000 0.001151 -0.014597 0.454209
    11 3.306377 -0.000001 0.000000 3.140751 -0.008066 0.606863
    12 3.594185 0.000000 0.000000 0.842934 0.366197 0.925797
    13 2.036090 0.997452 1.937661 1.290814 -0.455009 1.806048
    14 6.028141 0.000011 0.000000 -1.330307 -0.189080 -0.276141
    15 11.692581 -0.000001 -0.000008 0.000000 0.000000 -0.614340
    16 11.481684 0.000000 -0.000031 -0.207362 0.660075 -0.656926
    17 2.036090 0.997453 -1.937661 -3.159041 0.752508 1.151742
    18 6.028137 -0.000008 0.000000 1.465579 0.582492 -0.949141
    19 11.692554 0.000000 0.000019 0.000000 0.000000 -1.604444
    20 11.481705 0.000000 0.000011 -1.258286 0.307832 0.134859
    21 2.000004 -3.000000 0.000000 -1.570796 0.000000 -1.326450
    22 2.676084 -1.712437 0.000000 -1.570796 0.000000 -1.570795
    23 2.676081 -1.712433 0.000000 1.570797 0.000001 1.570797
    24 6.879441 -0.000010 0.000000 -0.004818 -0.033536 -0.583582
    25 6.879432 -0.000013 0.000000 -0.210299 -0.002961 -0.584376
    26 3.859711 -0.142445 -1.191958 -0.479138 0.152189 -0.879878
    27 1.312550 0.000008 0.000004 -0.000009 0.009670 -0.439707
    28 0.729370 0.000006 0.000000 0.000003 0.004968 -0.244304
    29 3.942335 0.046738 -0.431422 -0.155012 0.073337 -0.810639
    30 1.539124 0.000015 -0.000016 -0.000004 0.004459 -0.247797
    31 1.196327 0.000032 -0.000010 -0.000004 0.007358 -0.430804
    32 3.882813 -0.046753 0.431396 0.085902 0.021817 -0.587880
    33 1.719578 -0.000004 0.000004 -0.000008 0.005537 -0.366457
    34 1.209160 -0.000010 -0.000011 0.000003 0.003062 -0.216418
    35 3.859375 -0.137939 1.332031 0.354449 -0.042742 -0.531707
    36 1.719427 0.000031 -0.000031 0.000003 0.004052 -0.363023
    37 1.099674 -0.000004 -0.000011 -0.000007 0.002609 -0.244321
    38 0.807566 -0.347147 1.320592 -1.206856 -0.679471 -0.789308
    39 1.789783 -0.000007 0.000004 0.000001 0.007386 0.228516
    40 1.207018 0.000015 -0.000008 -0.000003 0.011265 0.362846
    41 11.481726 -0.000012 -0.000038 0.001269 0.000000 -0.000005
    42 3.859663 -0.132561 1.193130 0.479137 -0.158530 -0.879052
    43 1.312580 -0.000006 0.000003 0.000007 -0.011938 -0.439655
    44 0.729366 -0.000008 -0.000001 0.000005 -0.006136 -0.244269
    45 3.942284 0.050331 0.431063 0.155002 -0.079316 -0.810200
    46 1.539131 -0.000004 0.000002 -0.000002 -0.005851 -0.247777
    47 1.196323 0.000004 0.000005 0.000003 -0.009665 -0.430773
    48 3.882813 -0.050323 -0.430908 -0.085903 -0.026418 -0.587683
    49 1.719599 0.000008 0.000010 -0.000006 -0.007945 -0.366462
    50 1.209183 0.000010 0.000010 0.000006 -0.004485 -0.216351
    51 3.859375 -0.148926 -1.331055 -0.354417 0.038569 -0.532007
    52 1.719425 0.000011 0.000011 0.000004 -0.006614 -0.362968
    53 1.099663 0.000011 0.000010 -0.000001 -0.004222 -0.244302
    54 0.805664 -0.359619 -1.317383 1.204196 0.673612 -0.793958
    55 1.789780 -0.000011 0.000008 0.000004 -0.006302 0.228564
    56 1.207003 0.000001 -0.000008 -0.000005 -0.009615 0.362899
    57 11.481689 -0.000073 -0.000004 0.000155 0.000000 -0.000014
  time 37
    0 0.509390 33.524461 35.144934 1.855731 -0.110138 -4.474786
    1 3.890447 0.000000 0.000000 -0.610579 -0.669747 -1.998012
    2 17.848156 0.000000 0.000000 -0.000048 0.000000 0.811793
    3 16.525240 0.000000 0.000000 -0.090534 -0.018837 -1.330330
    4 -3.890447 0.000000 0.000000 0.124744 -0.187254 -2.402899
    5 17.848167 0.000000 0.000000 0.000000 0.000000 1.059442
    6 16.525238 0.000000 0.000000 -0.232818 -0.149435 -1.187888
    7 0.019532 2.227909 -3.829580 1.571683 0.412434 1.559770
    8 4.015370 0.000000 0.000000 0.002337 -0.011985 0.048245
    9 3.520298 0.000000 0.000000 0.001115 -0.011230 0.257181
    10 8.940987 0.000000 0.000000 0.000467 -0.005705 0.435824
    11 3.306377 -0.000001 0.000000 3.141278 -0.003152 0.592913
    12 3.594185 0.000000 0.000000 0.764344 0.358182 0.845134
    13 2.036090 0.997452 1.937661 1.084993 -0.495256 1.873197
    14 6.028141 0.000011 0.000000 -1.384871 -0.079074 -0.220746
    15 11.692581 -0.000001 -0.000008 0.000000 0.000000 -0.873536
    16 11.481684 0.000000 -0.000031 -0.229200 0.670959 -0.613599
    17 2.036090 0.997453 -1.937661 -3.227559 0.629122 1.216495
    18 6.028137 -0.000008 0.000000 1.550325 0.565083 -0.895160
    19 11.692554 0.000000 0.000019 0.000000 0.000000 -1.740657
    20 11.481705 0.000000 0.000011 -1.149791 0.173147 0.255437
    21 2.000004 -3.000000 0.000000 -1.570796 0.000000 -1.326450
    22 2.676084 -1.712437 0.000000 -1.570796 0.000000 -1.570795
    23 2.676081 -1.712433 0.000000 1.570797 0.000001 1.570797
    24 6.879441 -0.000010 0.000000 -0.004818 -0.033691 -0.583570
    25 6.879432 -0.000013 0.000000 -0.210287 -0.002530 -0.587719
    26 3.859711 -0.142445 -1.191958 -0.479138 0.152189 -0.879878
    27 1.312550 0.000008 0.000004 -0.000009 0.009670 -0.439707
    28 0.729370 0.000006 0.000000 0.000003 0.004968 -0.244304
    29 3.942335 0.046738 -0.431422 -0.155012 0.073337 -0.810639
    30 1.539124 0.000015 -0.000016 -0.000004 0.004459 -0.247797
    31 1.196327 0.000032 -0.000010 -0.000004 0.007358 -0.430804
    32 3.882813 -0.046753 0.431396 0.085902 0.021817 -0.587880
    33 1.719578 -0.000004 0.000004 -0.000008 0.005537 -0.366457
    34 1.209160 -0.000010 -0.000011 0.000003 0.003062 -0.216418
    35 3.859375 -0.137939 1.332031 0.354449 -0.042742 -0.531707
    36 1.719427 0.000031 -0.000031 0.000003 0.004052 -0.363023
    37 1.099674 -0.000004 -0.000011 -0.000007 0.002609 -0.244321
    38 0.807566 -0.347147 1.320592 -1.206856 -0.679471 -0.789308
    39 1.789783 -0.000007 0.000004 0.000001 0.007386 0.228516
    40 1.207018 0.000015 -0.000008 -0.000003 0.011265 0.362846
    41 11.481726 -0.000012 -0.000038 0.001269 0.000000 -0.000005
    42 3.859663 -0.132561 1.193130 0.479137 -0.158530 -0.879052
    43 1.312580 -0.000006 0.000003 0.000007 -0.011938 -0.439655
    44 0.729366 -0.000008 -0.000001 0.000005 -0.006136 -0.244269
    45 3.942284 0.050331 0.431063 0.155002 -0.079316 -0.810200
    46 1.539131 -0.000004 0.000002 -0.000002 -0.005851 -0.247777
    47 1.196323 0.000004 0.000005 0.000003 -0.009665 -0.430773
    48 3.882813 -0.050323 -0.430908 -0.085903 -0.026418 -0.587683
    49 1.719599 0.000008 0.000010 -0.000006 -0.007945 -0.366462
    50 1.209183 0.000010 0.000010 0.000006 -0.004485 -0.216351
    51 3.859375 -0.148926 -1.331055 -0.354417 0.038569 -0.532007
    52 1.719425 0.000011 0.000011 0.000004 -0.006614 -0.362968
    53 1.099663 0.000011 0.000010 -0.000001 -0.004222 -0.244302
    54 0.805664 -0.359619 -1.317383 1.204196 0.673612 -0.793958
    55 1.789780 -0.000011 0.000008 0.000004 -0.006302 0.228564
    56 1.207003 0.000001 -0.000008 -0.000005 -0.009615 0.362899
    57 11.481689 -0.000073 -0.000004 0.000155 0.000000 -0.000014
  time 38
    0 0.439075 34.704184 33.906615 1.795637 -0.080740 1.550686
    1 3.890447 0.000000 0.000000 -0.198345 -0.486422 -2.117342
    2 17.848156 0.000000 0.000000 -0.000036 0.000012 1.001066
    3 16.525240 0.000000 0.000000 -0.279268 -0.270813 -1.422629
    4 -3.890447 0.000000 0.000000 0.017372 -0.231419 -2.357893
    5 17.848167 0.000000 0.000000 0.000000 0.000000 1.117862
    6 16.525238 0.000000 0.000000 -0.200376 -0.128766 -1.362803
    7 -0.015625 2.470104 -3.688951 1.570389 0.347130 1.578874
    8 4.015370 0.000000 0.000000 -0.001450 0.008353 0.047921
    9 3.520298 0.000000 0.000000 -0.000719 0.007694 0.240715
    10 8.940987 0.000000 0.000000 -0.000336 0.003835 0.399008
    11 3.306377 -0.000001 0.000000 3.141782 0.002109 0.563491
    12 3.594185 0.000000 0.000000 0.557000 0.303044 0.733618
    13 2.036090 0.997452 1.937661 0.845185 -0.581042 1.956385
    14 6.028141 0.000011 0.000000 -1.437919 0.045113 -0.165161
    15 11.692581 -0.000001 -0.000008 0.000000 0.000000 -1.169646
    16 11.481684 0.000000 -0.000031 -0.286309 0.654533 -0.592101
    17 2.036090 0.997453 -1.937661 -3.319552 0.528748 1.334378
    18 6.028137 -0.000008 0.000000 1.651389 0.639120 -0.786875
    19 11.692554 0.000000 0.000019 0.000000 0.000000 -1.860419
    20 11.481705 0.000000 0.000011 -0.995534 -0.016510 0.423231
    21 2.000004 -3.000000 0.000000 -1.570796 0.000000 -1.326450
    22 2.676084 -1.712437 0.000000 -1.570796 0.000000 -1.570795
    23 2.676081 -1.712433 0.000000 1.570797 0.000001 1.570797
    24 6.879441 -0.000010 0.000000 -0.004818 -0.033823 -0.583570
    25 6.879432 -0.000013 0.000000 -0.210299 -0.002733 -0.586365
    26 3.859711 -0.142445 -1.191958 -0.479138 0.152189 -0.879878
    27 1.312550 0.000008 0.000004 -0.000009 0.009670 -0.439707
    28 0.729370 0.000006 0.000000 0.000003 0.004968 -0.244304
    29 3.942335 0.046738 -0.431422 -0.155012 0.073337 -0.810639
    30 1.539124 0.000015 -0.000016 -0.000004 0.004459 -0.247797
    31 1.196327 0.000032 -0.000010 -0.000004 0.007358 -0.430804
    32 3.882813 -0.046753 0.431396 0.085902 0.021817 -0.587880
    33 1.719578 -0.000004 0.000004 -0.000008 0.005537 -0.366457
    34 1.209160 -0.000010 -0.000011 0.000003 0.003062 -0.216418
    35 3.859375 -0.137939 1.332031 0.354449 -0.042742 -0.531707
    36 1.719427 0.000031 -0.000031 0.000003 0.004052 -0.363023
    37 1.099674 -0.000004 -0.000011 -0.000007 0.002609 -0.244321
    38 0.807566 -0.347147 1.320592 -1.206856 -0.679471 -0.789308
    39 1.789783 -0.000007 0.000004 0.000001 0.007386 0.228516
    40 1.207018 0.000015 -0.000008 -0.000003 0.011265 0.362846
    41 11.481726 -0.000012 -0.000038 0.001269 0.000000 -0.000005
    42 3.859663 -0.132561 1.193130 0.479137 -0.158530 -0.879052
    43 1.312580 -0.000006 0.000003 0.000007 -0.011938 -0.439655
    44 0.729366 -0.000008 -0.000001 0.000005 -0.006136 -0.244269
    45 3.942284 0.050331 0.431063 0.155002 -0.079316 -0.810200
    46 1.539131 -0.000004 0.000002 -0.000002 -0.005851 -0.247777
    47 1.196323 0.000004 0.000005 0.000003 -0.009665 -0.430773
    48 3.882813 -0.050323 -0.430908 -0.085903 -0.026418 -0.587683
    49 1.719599 0.000008 0.000010 -0.000006 -0.007945 -0.366462
    50 1.209183 0.000010 0.000010 0.000006 -0.004485 -0.216351
    51 3.859375 -0.148926 -1.331055 -0.354417 0.038569 -0.532007
    52 1.719425 0.000011 0.000011 0.000004 -0.006614 -0.362968
    53 1.099663 0.000011 0.000010 -0.000001 -0.004222 -0.244302
    54 0.805664 -0.359619 -1.317383 1.204196 0.673612 -0.793958
    55 1.789780 -0.000011 0.000008 0.000004 -0.006302 0.228564
    56 1.207003 0.000001 -0.000008 -0.000005 -0.009615 0.362899
    57 11.481689 -0.000073 -0.000004 0.000155 0.000000 -0.000014
  time 39
    0 0.357041 35.883908 32.484697 1.720551 -0.067006 1.255076
    1 3.890447 0.000000 0.000000 -0.266953 -0.456178 -2.152926
    2 17.848156 0.000000 0.000000 -0.000024 0.000012 1.173330
    3 16.525240 0.000000 0.000000 -0.243805 -0.246532 -1.533700
    4 -3.890447 0.000000 0.000000 -0.196284 -0.317638 -2.328904
    5 17.848167 0.000000 0.000000 0.000000 0.000000 1.225492
    6 16.525238 0.000000 0.000000 -0.125975 -0.073794 -1.525199
    7 -0.070315 2.833397 -3.438943 1.571144 0.245560 1.597234
    8 4.015370 0.000000 0.000000 -0.004231 0.022915 0.055244
    9 3.520298 0.000000 0.000000 -0.002241 0.020218 0.225650
    10 8.940987 0.000000 0.000000 -0.001186 0.009588 0.352412
    11 3.306377 -0.000001 0.000000 3.141925 0.005237 0.524349
    12 3.594185 0.000000 0.000000 0.236799 0.178979 0.647326
    13 2.036090 0.997452 1.937661 0.638603 -0.738164 2.059514
    14 6.028141 0.000011 0.000000 -1.529143 0.175495 -0.141250
    15 11.692581 -0.000001 -0.000008 0.000000 0.000000 -1.452381
    16 11.481684 0.000000 -0.000031 -0.347679 0.605988 -0.575823
    17 2.036090 0.997453 -1.937661 -3.447618 0.499092 1.480348
    18 6.028137 -0.000008 0.000000 1.810287 0.827293 -0.553172
    19 11.692554 0.000000 0.000019 0.000000 0.000000 -1.919672
    20 11.481705 0.000000 0.000011 -0.804874 -0.247154 0.594230
    21 2.000004 -3.000000 0.000000 -1.570796 0.000000 -1.326450
    22 2.676084 -1.712437 0.000000 -1.570796 0.000000 -1.570795
    23 2.676081 -1.712433 0.000000 1.570797 0.000001 1.570797
    24 6.879441 -0.000010 0.000000 -0.004818 -0.033919 -0.583558
    25 6.879432 -0.000013 0.000000 -0.210299 -0.002901 -0.585059
    26 3.859711 -0.142445 -1.191958 -0.479138 0.152189 -0.879878
    27 1.312550 0.000008 0.000004 -0.000009 0.009670 -0.439707
    28 0.729370 0.000006 0.000000 0.000003 0.004968 -0.244304
    29 3.942335 0.046738 -0.431422 -0.155012 0.073337 -0.810639
    30 1.539124 0.000015 -0.000016 -0.000004 0.004459 -0.247797
    31 1.196327 0.000032 -0.000010 -0.000004 0.007358 -0.430804
    32 3.882813 -0.046753 0.431396 0.085902 0.021817 -0.587880
    33 1.719578 -0.000004 0.000004 -0.000008 0.005537 -0.366457
    34 1.209160 -0.000010 -0.000011 0.000003 0.003062 -0.216418
    35 3.859375 -0.137939 1.332031 0.354449 -0.042742 -0.531707
    36 1.719427 0.000031 -0.000031 0.000003 0.004052 -0.363023
    37 1.099674 -0.000004 -0.000011 -0.000007 0.002609 -0.244321
    38 0.807566 -0.347147 1.320592 -1.206856 -0.679471 -0.789308
    39 1.789783 -0.000007 0.000004 0.000001 0.007386 0.228516
    40 1.207018 0.000015 -0.000008 -0.000003 0.011265 0.362846
    41 11.481726 -0.000012 -0.000038 0.001269 0.000000 -0.000005
    42 3.859663 -0.132561 1.193130 0.479137 -0.158530 -0.879052
    43 1.312580 -0.000006 0.000003 0.000007 -0.011938 -0.439655
    44 0.729366 -0.000008 -0.000001 0.000005 -0.006136 -0.244269
    45 3.942284 0.050331 0.431063 0.155002 -0.079316 -0.810200
    46 1.539131 -0.000004 0.000002 -0.000002 -0.005851 -0.247777
    47 1.196323 0.000004 0.000005 0.000003 -0.009653 -0.430773
    48 3.882813 -0.050323 -0.430908 -0.085903 -0.026418 -0.587683
    49 1.719599 0.000008 0.000010 -0.000006 -0.007945 -0.366462
    50 1.209183 0.000010 0.000010 0.000006 -0.004485 -0.216351
    51 3.859375 -0.148926 -1.331055 -0.354417 0.038569 -0.532007
    52 1.719425 0.000011 0.000011 0.000004 -0.006614 -0.362968
    53 1.099663 0.000011 0.000010 -0.000001 -0.004222 -0.244302
    54 0.805664 -0.359619 -1.317383 1.204196 0.673612 -0.793958
    55 1.789780 -0.000011 0.000008 0.000004 -0.006302 0.228564
    56 1.207003 0.000001 -0.000008 -0.000005 -0.009615 0.362899
    57 11.481689 -0.000073 -0.000004 0.000155 0.000000 -0.000014
  time 40
    0 0.271101 37.036286 31.066685 1.646673 -0.075107 0.953178
    1 3.890447 0.000000 0.000000 -0.492923 -0.516802 -2.144138
    2 17.848156 0.000000 0.000000 -0.000024 0.000000 1.315828
    3 16.525240 0.000000 0.000000 -0.160141 -0.151627 -1.634180
    4 -3.890447 0.000000 0.000000 -0.454700 -0.422042 -2.300355
    5 17.848167 0.000000 0.000000 0.000000 0.000012 1.375682
    6 16.525238 0.000000 0.000000 -0.038512 -0.016452 -1.645936
    7 -0.109378 3.216221 -3.110808 1.572090 0.128651 1.606846
    8 4.015370 0.000000 0.000000 -0.005932 0.026390 0.070860
    9 3.520298 0.000000 0.000000 -0.003332 0.022195 0.217117
    10 8.940987 0.000000 0.000000 -0.001810 0.009863 0.310442
    11 3.306377 -0.000001 0.000000 3.141746 0.005357 0.487940
    12 3.594185 0.000000 0.000000 -0.067991 0.037282 0.640541
    13 2.036090 0.997452 1.937661 0.521698 -0.973975 2.218084
    14 6.028141 0.000011 0.000000 -1.727979 0.316035 -0.208219
    15 11.692581 -0.000001 -0.000008 0.000000 0.000000 -1.695528
    16 11.481684 0.000000 -0.000031 -0.370937 0.536177 -0.540767
    17 2.036090 0.997453 -1.937661 -3.610229 0.547438 1.604733
    18 6.028137 -0.000008 0.000000 2.197654 1.037478 -0.049306
    19 11.692554 0.000000 0.000019 0.000000 0.000000 -1.902384
    20 11.481705 0.000000 0.000011 -0.588377 -0.503125 0.695142
    21 2.000004 -3.000000 0.000000 -1.570796 0.000000 -1.326450
    22 2.676084 -1.712437 0.000000 -1.570796 0.000000 -1.570795
    23 2.676081 -1.712433 0.000000 1.570797 0.000001 1.570797
    24 6.879441 -0.000010 0.000000 -0.004818 -0.033955 -0.583558
    25 6.879432 -0.000013 0.000000 -0.210299 -0.002949 -0.584675
    26 3.859711 -0.142445 -1.191958 -0.479138 0.152189 -0.879878
    27 1.312550 0.000008 0.000004 -0.000009 0.009670 -0.439707
    28 0.729370 0.000006 0.000000 0.000003 0.004968 -0.244304
    29 3.942335 0.046738 -0.431422 -0.155012 0.073337 -0.810639
    30 1.539124 0.000015 -0.000016 -0.000004 0.004459 -0.247797
    31 1.196327 0.000032 -0.000010 -0.000004 0.007358 -0.430804
    32 3.882813 -0.046753 0.431396 0.085902 0.021817 -0.587880
    33 1.719578 -0.000004 0.000004 -0.000008 0.005537 -0.366457
    34 1.209160 -0.000010 -0.000011 0.000003 0.003062 -0.216418
    35 3.859375 -0.137939 1.332031 0.354449 -0.042742 -0.531707
    36 1.719427 0.000031 -0.000031 0.000003 0.004052 -0.363023
    37 1.099674 -0.000004 -0.000011 -0.000007 0.002609 -0.244321
    38 0.807566 -0.347147 1.320592 -1.206856 -0.679471 -0.789308
    39 1.789783 -0.000007 0.000004 0.000001 0.007386 0.228516
    40 1.207018 0.000015 -0.000008 -0.000003 0.011265 0.362846
    41 11.481726 -0.000012 -0.000038 0.001269 0.000000 -0.000005
    42 3.859663 -0.132561 1.193130 0.479137 -0.158530 -0.879052
    43 1.312580 -0.000006 0.000003 0.000007 -0.011938 -0.439655
    44 0.729366 -0.000008 -0.000001 0.000005 -0.006136 -0.244269
    45 3.942284 0.050331 0.431063 0.155002 -0.079316 -0.810200
    46 1.539131 -0.000004 0.000002 -0.000002 -0.005851 -0.247777
    47 1.196323 0.000004 0.000005 0.000003 -0.009653 -0.430773
    48 3.882813 -0.050323 -0.430908 -0.085903 -0.026418 -0.587683
    49 1.719599 0.000008 0.000010 -0.000006 -0.007945 -0.366462
    50 1.209183 0.000010 0.000010 0.000006 -0.004485 -0.216351
    51 3.859375 -0.148926 -1.331055 -0.354417 0.038569 -0.532007
    52 1.719425 0.000011 0.000011 0.000004 -0.006614 -0.362968
    53 1.099663 0.000011 0.000010 -0.000001 -0.004222 -0.244302
    54 0.805664 -0.359619 -1.317383 1.204196 0.673612 -0.793958
    55 1.789780 -0.000011 0.000008 0.000004 -0.006302 0.228564
    56 1.207003 0.000001 -0.000008 -0.000005 -0.009615 0.362899
    57 11.481689 -0.000073 -0.000004 0.000155 0.000000 -0.000014
  time 41
    0 0.189067 38.130070 29.824459 1.590203 -0.098693 0.676240
    1 3.890447 0.000000 0.000000 -0.756716 -0.602584 -2.080415
    2 17.848156 0.000000 0.000000 -0.000036 0.000000 1.423448
    3 16.525240 0.000000 0.000000 -0.091853 -0.063947 -1.705528
    4 -3.890447 0.000000 0.000000 -0.734695 -0.496164 -2.228308
    5 17.848167 0.000000 0.000000 0.000000 0.000012 1.494941
    6 16.525238 0.000000 0.000000 0.058503 0.016116 -1.765859
    7 -0.101566 3.509198 -2.798298 1.571156 0.028364 1.601596
    8 4.015370 0.000000 0.000000 -0.004974 0.021249 0.096051
    9 3.520298 0.000000 0.000000 -0.002876 0.017486 0.223457
    10 8.940987 0.000000 0.000000 -0.001630 0.007514 0.287839
    11 3.306377 -0.000001 0.000000 3.141626 0.004087 0.466032
    12 3.594185 0.000000 0.000000 -0.244749 -0.056846 0.692146
    13 2.036090 0.997452 1.937661 0.372139 -1.212737 2.558213
    14 6.028141 0.000011 0.000000 -2.030449 0.386396 -0.403507
    15 11.692581 -0.000001 -0.000008 0.000000 0.000000 -1.881700
    16 11.481684 0.000000 -0.000031 -0.324125 0.462058 -0.474483
    17 2.036090 0.997453 -1.937661 -3.795839 0.622479 1.629500
    18 6.028137 -0.000008 0.000000 2.804902 1.071895 0.640100
    19 11.692554 0.000000 0.000019 0.000000 0.000000 -1.853030
    20 11.481705 0.000000 0.000011 -0.370672 -0.747650 0.699061
    21 2.000004 -3.000000 0.000000 -1.570796 0.000000 -1.326450
    22 2.676084 -1.712437 0.000000 -1.570796 0.000000 -1.570795
    23 2.676081 -1.712433 0.000000 1.570797 0.000001 1.570797
    24 6.879441 -0.000010 0.000000 -0.004818 -0.033979 -0.583558
    25 6.879432 -0.000013 0.000000 -0.210299 -0.002961 -0.584436
    26 3.859711 -0.142445 -1.191958 -0.479138 0.152189 -0.879878
    27 1.312550 0.000008 0.000004 -0.000009 0.009670 -0.439707
    28 0.729370 0.000006 0.000000 0.000003 0.004968 -0.244304
    29 3.942335 0.046738 -0.431422 -0.155012 0.073337 -0.810639
    30 1.539124 0.000015 -0.000016 -0.000004 0.004459 -0.247797
    31 1.196327 0.000032 -0.000010 -0.000004 0.007358 -0.430804
    32 3.882813 -0.046753 0.431396 0.085902 0.021817 -0.587880
    33 1.719578 -0.000004 0.000004 -0.000008 0.005537 -0.366457
    34 1.209160 -0.000010 -0.000011 0.000003 0.003062 -0.216418
    35 3.859375 -0.137939 1.332031 0.354449 -0.042742 -0.531707
    36 1.719427 0.000031 -0.000031 0.000003 0.004052 -0.363023
    37 1.099674 -0.000004 -0.000011 -0.000007 0.002609 -0.244321
    38 0.807566 -0.347147 1.320592 -1.206856 -0.679471 -0.789308
    39 1.789783 -0.000007 0.000004 0.000001 0.007386 0.228516
    40 1.207018 0.000015 -0.000008 -0.000003 0.011265 0.362846
    41 11.481726 -0.000012 -0.000038 0.001269 0.000000 -0.000005
    42 3.859663 -0.132561 1.193130 0.479137 -0.158530 -0.879052
    43 1.312580 -0.000006 0.000003 0.000007 -0.011938 -0.439655
    44 0.729366 -0.000008 -0.000001 0.000005 -0.006136 -0.244269
    45 3.942284 0.050331 0.431063 0.155002 -0.079316 -0.810200
    46 1.539131 -0.000004 0.000002 -0.000002 -0.005851 -0.247777
    47 1.196323 0.000004 0.000005 0.000003 -0.009653 -0.430773
    48 3.882813 -0.050323 -0.430908 -0.085903 -0.026418 -0.587683
    49 1.719599 0.000008 0.000010 -0.000006 -0.007945 -0.366462
    50 1.209183 0.000010 0.000010 0.000006 -0.004485 -0.216351
    51 3.859375 -0.148926 -1.331055 -0.354417 0.038569 -0.532007
    52 1.719425 0.000011 0.000011 0.000004 -0.006614 -0.362968
    53 1.099663 0.000011 0.000010 -0.000001 -0.004222 -0.244302
    54 0.805664 -0.359619 -1.317383 1.204196 0.673612 -0.793958
    55 1.789780 -0.000011 0.000008 0.000004 -0.006302 0.228564
    56 1.207003 0.000001 -0.000008 -0.000005 -0.009615 0.362899
    57 11.481689 -0.000073 -0.000004 0.000155 0.000000 -0.000014
  time 42
    0 0.126565 39.149632 28.949433 1.559552 -0.123837 0.444077
    1 3.890447 0.000000 0.000000 -1.012048 -0.676559 -1.974039
    2 17.848156 0.000000 0.000000 -0.000048 -0.000012 1.492163
    3 16.525240 0.000000 0.000000 -0.049955 -0.005426 -1.745646
    4 -3.890447 0.000000 0.000000 -1.002322 -0.497950 -2.138170
    5 17.848167 0.000000 0.000000 0.000000 0.000024 1.558291
    6 16.525238 0.000000 0.000000 0.152463 0.013349 -1.884518
    7 -0.058596 3.665453 -2.602980 1.570688 -0.028779 1.588102
    8 4.015370 0.000000 0.000000 -0.002816 0.011505 0.133324
    9 3.520298 0.000000 0.000000 -0.001618 0.009372 0.251285
    10 8.940987 0.000000 0.000000 -0.000935 0.003943 0.296947
    11 3.306377 -0.000001 0.000000 3.141590 0.002145 0.469831
    12 3.594185 0.000000 0.000000 -0.281715 -0.100615 0.779685
    13 2.036090 0.997452 1.937661 -0.087103 -1.316306 3.215322
    14 6.028141 0.000011 0.000000 -2.236674 0.307165 -0.594795
    15 11.692581 -0.000001 -0.000008 0.000000 0.000000 -2.000732
    16 11.481684 0.000000 -0.000031 -0.186885 0.381697 -0.359784
    17 2.036090 0.997453 -1.937661 -3.969806 0.660179 1.521579
    18 6.028137 -0.000008 0.000000 3.172419 0.986492 0.999349
    19 11.692554 0.000000 0.000019 0.000000 0.000000 -1.827655
    20 11.481705 0.000000 0.000011 -0.188429 -0.945394 0.660744
    21 2.000004 -3.000000 0.000000 -1.570796 0.000000 -1.326450
    22 2.676084 -1.712437 0.000000 -1.570796 0.000000 -1.570795
    23 2.676081 -1.712433 0.000000 1.570797 0.000001 1.570797
    24 6.879441 -0.000010 0.000000 -0.004818 -0.033979 -0.583558
    25 6.879432 -0.000013 0.000000 -0.210299 -0.002961 -0.584376
    26 3.859711 -0.142445 -1.191958 -0.479138 0.152189 -0.879878
    27 1.312550 0.000008 0.000004 -0.000009 0.009670 -0.439707
    28 0.729370 0.000006 0.000000 0.000003 0.004968 -0.244304
    29 3.942335 0.046738 -0.431422 -0.155012 0.073337 -0.810639
    30 1.539124 0.000015 -0.000016 -0.000004 0.004459 -0.247797
    31 1.196327 0.000032 -0.000010 -0.000004 0.007358 -0.430804
    32 3.882813 -0.046753 0.431396 0.085902 0.021817 -0.587880
    33 1.719578 -0.000004 0.000004 -0.000008 0.005537 -0.366457
    34 1.209160 -0.000010 -0.000011 0.000003 0.003062 -0.216418
    35 3.859375 -0.137939 1.332031 0.354449 -0.042742 -0.531707
    36 1.719427 0.000031 -0.000031 0.000003 0.004052 -0.363023
    37 1.099674 -0.000004 -0.000011 -0.000007 0.002609 -0.244321
    38 0.807566 -0.347147 1.320592 -1.206856 -0.679483 -0.789308
    39 1.789783 -0.000007 0.000004 0.000001 0.007386 0.228516
    40 1.207018 0.000015 -0.000008 -0.000003 0.011265 0.362846
    41 11.481726 -0.000012 -0.000038 0.001269 0.000000 -0.000005
    42 3.859663 -0.132561 1.193130 0.479137 -0.158530 -0.879052
    43 1.312580 -0.000006 0.000003 0.000007 -0.011938 -0.439655
    44 0.729366 -0.000008 -0.000001 0.000005 -0.006136 -0.244269
    45 3.942284 0.050331 0.431063 0.155002 -0.079316 -0.810200
    46 1.539131 -0.000004 0.000002 -0.000002 -0.005851 -0.247777
    47 1.196323 0.000004 0.000005 0.000003 -0.009653 -0.430773
    48 3.882813 -0.050323 -0.430908 -0.085903 -0.026418 -0.587683
    49 1.719599 0.000008 0.000010 -0.000006 -0.007945 -0.366462
    50 1.209183 0.000010 0.000010 0.000006 -0.004485 -0.216351
    51 3.859375 -0.148926 -1.331055 -0.354417 0.038569 -0.532007
    52 1.719425 0.000011 0.000011 0.000004 -0.006614 -0.362968
    53 1.099663 0.000011 0.000010 -0.000001 -0.004222 -0.244302
    54 0.805664 -0.359619 -1.317383 1.204196 0.673612 -0.793958
    55 1.789780 -0.000011 0.000008 0.000004 -0.006302 0.228564
    56 1.207003 0.000001 -0.000008 -0.000005 -0.009615 0.362899
    57 11.481689 -0.000073 -0.000004 0.000155 0.000000 -0.000014
  time 43
    0 0.083595 40.055910 28.617391 1.556012 -0.136552 0.266025
    1 3.890447 0.000000 0.000000 -1.228846 -0.727328 -1.853391
    2 17.848156 0.000000 0.000000 -0.000048 -0.000012 1.516501
    3 16.525240 0.000000 0.000000 -0.034015 0.013665 -1.752062
    4 -3.890447 0.000000 0.000000 -1.215668 -0.404140 -2.070865
    5 17.848167 0.000000 0.000000 0.000000 0.000036 1.525500
    6 16.525238 0.000000 0.000000 0.230315 -0.026958 -1.991500
    7 -0.015625 3.669360 -2.595167 1.570664 -0.031212 1.575770
    8 4.015370 0.000000 0.000000 -0.000851 0.003368 0.184306
    9 3.520298 0.000000 0.000000 -0.000467 0.002768 0.305791
    10 8.940987 0.000000 0.000000 -0.000276 0.001174 0.342548
    11 3.306377 -0.000001 0.000000 3.141590 0.000635 0.501842
    12 3.594185 0.000000 0.000000 -0.202405 -0.094975 0.902003
    13 2.036090 0.997452 1.937661 -0.445624 -1.276593 3.616932
    14 6.028141 0.000011 0.000000 -2.165438 0.162320 -0.651190
    15 11.692581 -0.000001 -0.000008 0.000000 0.000000 -2.033232
    16 11.481684 0.000000 -0.000031 0.032615 0.254794 -0.195985
    17 2.036090 0.997453 -1.937661 -4.090142 0.645331 1.302001
    18 6.028137 -0.000008 0.000000 3.319292 0.963481 1.036587
    19 11.692554 0.000000 0.000019 0.000000 0.000000 -1.849893
    20 11.481705 0.000000 0.000011 -0.092830 -1.084295 0.654012
    21 2.000004 -3.000000 0.000000 -1.570796 0.000000 -1.326450
    22 2.676084 -1.712437 0.000000 -1.570796 0.000000 -1.570795
    23 2.676081 -1.712433 0.000000 1.570797 0.000001 1.570797
    24 6.879441 -0.000010 0.000000 -0.004818 -0.033979 -0.583558
    25 6.879432 -0.000013 0.000000 -0.210299 -0.002961 -0.584376
    26 3.859711 -0.142445 -1.191958 -0.479138 0.152189 -0.879878
    27 1.312550 0.000008 0.000004 -0.000009 0.009670 -0.439707
    28 0.729370 0.000006 0.000000 0.000003 0.004968 -0.244304
    29 3.942335 0.046738 -0.431422 -0.155012 0.073337 -0.810639
    30 1.539124 0.000015 -0.000016 -0.000004 0.004459 -0.247797
    31 1.196327 0.000032 -0.000010 -0.000004 0.007358 -0.430804
    32 3.882813 -0.046753 0.431396 0.085902 0.021817 -0.587880
    33 1.719578 -0.000004 0.000004 -0.000008 0.005537 -0.366457
    34 1.209160 -0.000010 -0.000011 0.000003 0.003062 -0.216418
    35 3.859375 -0.137939 1.332031 0.354449 -0.042742 -0.531707
    36 1.719427 0.000031 -0.000031 0.000003 0.004052 -0.363023
    37 1.099674 -0.000004 -0.000011 -0.000007 0.002609 -0.244321
    38 0.807566 -0.347147 1.320592 -1.206856 -0.679483 -0.789308
    39 1.789783 -0.000007 0.000004 0.000001 0.007386 0.228516
    40 1.207018 0.000015 -0.000008 -0.000003 0.011265 0.362846
    41 11.481726 -0.000012 -0.000038 0.001269 0.000000 -0.000005
    42 3.859663 -0.132561 1.193130 0.479137 -0.158530 -0.879052
    43 1.312580 -0.000006 0.000003 0.000007 -0.011938 -0.439655
    44 0.729366 -0.000008 -0.000001 0.000005 -0.006136 -0.244269
    45 3.942284 0.050331 0.431063 0.155002 -0.079316 -0.810200
    46 1.539131 -0.000004 0.000002 -0.000002 -0.005851 -0.247777
    47 1.196323 0.000004 0.000005 0.000003 -0.009665 -0.430773
    48 3.882813 -0.050323 -0.430908 -0.085903 -0.026418 -0.587683
    49 1.719599 0.000008 0.000010 -0.000006 -0.007945 -0.366462
    50 1.209183 0.000010 0.000010 0.000006 -0.004485 -0.216351
    51 3.859375 -0.148926 -1.331055 -0.354417 0.038569 -0.532007
    52 1.719425 0.000011 0.000011 0.000004 -0.006614 -0.362968
    53 1.099663 0.000011 0.000010 -0.000001 -0.004222 -0.244302
    54 0.805664 -0.359619 -1.317383 1.204196 0.673612 -0.793958
    55 1.789780 -0.000011 0.000008 0.000004 -0.006302 0.228564
    56 1.207003 0.000001 -0.000008 -0.000005 -0.009615 0.362899
    57 11.481689 -0.000073 -0.000004 0.000155 0.000000 -0.000014
  time 44
    0 0.060157 40.837184 29.144751 1.635346 -0.129398 0.135892
    1 3.890447 0.000000 0.000000 -1.385789 -0.807206 -1.743468
    2 17.848156 0.000000 0.000000 -0.000060 -0.000012 1.473525
    3 16.525240 0.000000 0.000000 -0.030168 0.010453 -1.718195
    4 -3.890447 0.000000 0.000000 -1.267103 -0.556890 -2.048880
    5 17.848167 0.000000 0.000000 0.000000 0.000036 1.503359
    6 16.525238 0.000000 0.000000 0.205542 -0.049797 -1.925644
    7 -0.007813 3.567794 -2.727984 1.570664 0.008098 1.573960
    8 4.015370 0.000000 0.000000 -0.000575 0.002265 0.230099
    9 3.520298 0.000000 0.000000 -0.000300 0.001906 0.365067
    10 8.940987 0.000000 0.000000 -0.000180 0.000839 0.401980
    11 3.306377 -0.000001 0.000000 3.141590 0.000455 0.544387
    12 3.594185 0.000000 0.000000 -0.082346 -0.051889 1.084202
    13 2.036090 0.997452 1.937661 -0.646685 -1.249524 3.488034
    14 6.028141 0.000011 0.000000 -1.761134 0.179800 -0.516060
    15 11.692581 -0.000001 -0.000008 0.000000 0.000000 -2.030089
    16 11.481684 0.000000 -0.000031 0.118072 0.032705 -0.075956
    17 2.036090 0.997453 -1.937661 -4.202939 0.648933 1.070041
    18 6.028137 -0.000008 0.000000 3.394017 0.956758 1.045185
    19 11.692554 0.000000 0.000019 0.000000 0.000000 -1.879171
    20 11.481705 0.000000 0.000011 -0.160041 -1.080662 0.732445
    21 2.000004 -3.000000 0.000000 -1.570796 0.000000 -1.326450
    22 2.676084 -1.712437 0.000000 -1.570796 0.000000 -1.570795
    23 2.676081 -1.712433 0.000000 1.570797 0.000001 1.570797
    24 6.879441 -0.000010 0.000000 -0.004818 -0.033979 -0.583558
    25 6.879432 -0.000013 0.000000 -0.210299 -0.002961 -0.584376
    26 3.859711 -0.142445 -1.191958 -0.479138 0.152189 -0.879878
    27 1.312550 0.000008 0.000004 -0.000009 0.009670 -0.439707
    28 0.729370 0.000006 0.000000 0.000003 0.004968 -0.244304
    29 3.942335 0.046738 -0.431422 -0.155012 0.073337 -0.810639
    30 1.539124 0.000015 -0.000016 -0.000004 0.004459 -0.247797
    31 1.196327 0.000032 -0.000010 -0.000004 0.007358 -0.430804
    32 3.882813 -0.046753 0.431396 0.085902 0.021817 -0.587880
    33 1.719578 -0.000004 0.000004 -0.000008 0.005537 -0.366457
    34 1.209160 -0.000010 -0.000011 0.000003 0.003062 -0.216418
    35 3.859375 -0.137939 1.332031 0.354449 -0.042742 -0.531707
    36 1.719427 0.000031 -0.000031 0.000003 0.004052 -0.363023
    37 1.099674 -0.000004 -0.000011 -0.000007 0.002609 -0.244321
    38 0.807566 -0.347147 1.320592 -1.206856 -0.679471 -0.789308
    39 1.789783 -0.000007 0.000004 0.000001 0.007386 0.228516
    40 1.207018 0.000015 -0.000008 -0.000003 0.011265 0.362846
    41 11.481726 -0.000012 -0.000038 0.001269 0.000000 -0.000005
    42 3.859663 -0.132561 1.193130 0.479137 -0.158530 -0.879052
    43 1.312580 -0.000006 0.000003 0.000007 -0.011938 -0.439655
    44 0.729366 -0.000008 -0.000001 0.000005 -0.006136 -0.244269
    45 3.942284 0.050331 0.431063 0.155002 -0.079316 -0.810200
    46 1.539131 -0.000004 0.000002 -0.000002 -0.005851 -0.247777
    47 1.196323 0.000004 0.000005 0.000003 -0.009653 -0.430773
    48 3.882813 -0.050323 -0.430908 -0.085903 -0.026418 -0.587683
    49 1.719599 0.000008 0.000010 -0.000006 -0.007945 -0.366462
    50 1.209183 0.000010 0.000010 0.000006 -0.004485 -0.216351
    51 3.859375 -0.148926 -1.331055 -0.354417 0.038569 -0.532007
    52 1.719425 0.000011 0.000011 0.000004 -0.006614 -0.362968
    53 1.099663 0.000011 0.000010 -0.000001 -0.004222 -0.244302
    54 0.805664 -0.359619 -1.317383 1.204196 0.673612 -0.793958
    55 1.789780 -0.000011 0.000008 0.000004 -0.006302 0.228564
    56 1.207003 0.000001 -0.000008 -0.000005 -0.009615 0.362899
    57 11.481689 -0.000073 -0.000004 0.000155 0.000000 -0.000014
  time 45
    0 0.044532 41.481735 30.492448 1.820624 -0.095793 0.043198
    1 3.890447 0.000000 0.000000 -1.509434 -0.950115 -1.630749
    2 17.848156 0.000000 0.000000 -0.000060 -0.000024 1.364232
    3 16.525240 0.000000 0.000000 -0.025734 0.008008 -1.650751
    4 -3.890447 0.000000 0.000000 -1.244645 -0.748284 -2.025105
    5 17.848167 0.000000 0.000000 0.000000 0.000036 1.390845
    6 16.525238 0.000000 0.000000 0.178218 -0.065512 -1.818971
    7 -0.027345 3.474041 -2.837362 1.570317 0.040959 1.580444
    8 4.015370 0.000000 0.000000 -0.001846 0.007131 0.244576
    9 3.520298 0.000000 0.000000 -0.000923 0.006112 0.389000
    10 8.940987 0.000000 0.000000 -0.000563 0.002721 0.430539
    11 3.306377 -0.000001 0.000000 3.141626 0.001498 0.565264
    12 3.594185 0.000000 0.000000 0.020426 -0.018375 1.282497
    13 2.036090 0.997452 1.937661 -1.025959 -1.268706 3.189018
    14 6.028141 0.000011 0.000000 -1.018553 0.262470 -0.218079
    15 11.692581 -0.000001 -0.000008 0.000000 0.000000 -2.085258
    16 11.481684 0.000000 -0.000031 0.022614 -0.227411 -0.011530
    17 2.036090 0.997453 -1.937661 -4.386544 0.745104 0.924209
    18 6.028137 -0.000008 0.000000 3.471319 0.841780 1.216373
    19 11.692554 0.000000 0.000019 0.000000 0.000000 -1.884050
    20 11.481705 0.000000 0.000011 -0.289849 -0.889361 0.791466
    21 2.000004 -3.000000 0.000000 -1.570796 0.000000 -1.326450
    22 2.676084 -1.712437 0.000000 -1.570796 0.000000 -1.570795
    23 2.676081 -1.712433 0.000000 1.570797 0.000001 1.570797
    24 6.879441 -0.000010 0.000000 -0.004818 -0.033979 -0.583558
    25 6.879432 -0.000013 0.000000 -0.210299 -0.002961 -0.584376
    26 3.859711 -0.142445 -1.191958 -0.479138 0.152189 -0.879878
    27 1.312550 0.000008 0.000004 -0.000009 0.009670 -0.439707
    28 0.729370 0.000006 0.000000 0.000003 0.004968 -0.244304
    29 3.942335 0.046738 -0.431422 -0.155012 0.073337 -0.810639
    30 1.539124 0.000015 -0.000016 -0.000004 0.004459 -0.247797
    31 1.196327 0.000032 -0.000010 -0.000004 0.007358 -0.430804
    32 3.882813 -0.046753 0.431396 0.085902 0.021817 -0.587880
    33 1.719578 -0.000004 0.000004 -0.000008 0.005537 -0.366457
    34 1.209160 -0.000010 -0.000011 0.000003 0.003062 -0.216418
    35 3.859375 -0.137939 1.332031 0.354449 -0.042742 -0.531707
    36 1.719427 0.000031 -0.000031 0.000003 0.004052 -0.363023
    37 1.099674 -0.000004 -0.000011 -0.000007 0.002609 -0.244321
    38 0.807566 -0.347147 1.320592 -1.206856 -0.679471 -0.789308
    39 1.789783 -0.000007 0.000004 0.000001 0.007386 0.228516
    40 1.207018 0.000015 -0.000008 -0.000003 0.011265 0.362846
    41 11.481726 -0.000012 -0.000038 0.001269 0.000000 -0.000005
    42 3.859663 -0.132561 1.193130 0.479137 -0.158530 -0.879052
    43 1.312580 -0.000006 0.000003 0.000007 -0.011938 -0.439655
    44 0.729366 -0.000008 -0.000001 0.000005 -0.006136 -0.244269
    45 3.942284 0.050331 0.431063 0.155002 -0.079316 -0.810200
    46 1.539131 -0.000004 0.000002 -0.000002 -0.005851 -0.247777
    47 1.196323 0.000004 0.000005 0.000003 -0.009665 -0.430773
    48 3.882813 -0.050323 -0.430908 -0.085903 -0.026418 -0.587683
    49 1.719599 0.000008 0.000010 -0.000006 -0.007945 -0.366462
    50 1.209183 0.000010 0.000010 0.000006 -0.004485 -0.216351
    51 3.859375 -0.148926 -1.331055 -0.354417 0.038569 -0.532007
    52 1.719425 0.000011 0.000011 0.000004 -0.006614 -0.362968
    53 1.099663 0.000011 0.000010 -0.000001 -0.004222 -0.244302
    54 0.805664 -0.359619 -1.317383 1.204196 0.673612 -0.793958
    55 1.789780 -0.000011 0.000008 0.000004 -0.006302 0.228564
    56 1.207003 0.000001 -0.000008 -0.000005 -0.009615 0.362899
    57 11.481689 -0.000073 -0.000004 0.000155 0.000000 -0.000014
  time 46
    0 0.036719 41.989563 32.297191 2.059542 -0.041095 -0.008150
    1 3.890447 0.000000 0.000000 -1.645561 -1.119998 -1.485322
    2 17.848156 0.000000 0.000000 -0.000048 -0.000024 1.208751
    3 16.525240 0.000000 0.000000 -0.021096 0.006247 -1.560133
    4 -3.890447 0.000000 0.000000 -1.180170 -0.939313 -2.006387
    5 17.848167 0.000000 0.000000 -0.000012 0.000048 1.207771
    6 16.525238 0.000000 0.000000 0.152738 -0.076072 -1.688661
    7 -0.058596 3.481854 -2.833456 1.570005 0.038922 1.590403
    8 4.015370 0.000000 0.000000 -0.003643 0.014358 0.220308
    9 3.520298 0.000000 0.000000 -0.001870 0.012224 0.361795
    10 8.940987 0.000000 0.000000 -0.001139 0.005417 0.407768
    11 3.306377 -0.000001 0.000000 3.141674 0.002972 0.549876
    12 3.594185 0.000000 0.000000 0.109383 -0.012394 1.402046
    13 2.036090 0.997452 1.937661 4.651639 -1.323226 3.026759
    14 6.028141 0.000011 0.000000 -0.139658 0.196515 0.013314
    15 11.692581 -0.000001 -0.000008 0.000000 0.000000 -2.173128
    16 11.481684 0.000000 -0.000031 -0.076810 -0.450234 0.010012
    17 2.036090 0.997453 -1.937661 -4.650882 0.931644 0.918536
    18 6.028137 -0.000008 0.000000 3.461966 0.557559 1.410252
    19 11.692554 0.000000 0.000019 0.000000 0.000000 -1.873036
    20 11.481705 0.000000 0.000011 -0.384642 -0.603814 0.745079
    21 2.000004 -3.000000 0.000000 -1.570796 0.000000 -1.326450
    22 2.676084 -1.712437 0.000000 -1.570796 0.000000 -1.570795
    23 2.676081 -1.712433 0.000000 1.570797 0.000001 1.570797
    24 6.879441 -0.000010 0.000000 -0.004818 -0.033979 -0.583558
    25 6.879432 -0.000013 0.000000 -0.210299 -0.002961 -0.584376
    26 3.859711 -0.142445 -1.191958 -0.479138 0.152189 -0.879878
    27 1.312550 0.000008 0.000004 -0.000009 0.009670 -0.439707
    28 0.729370 0.000006 0.000000 0.000003 0.004968 -0.244304
    29 3.942335 0.046738 -0.431422 -0.155012 0.073337 -0.810639
    30 1.539124 0.000015 -0.000016 -0.000004 0.004459 -0.247797
    31 1.196327 0.000032 -0.000010 -0.000004 0.007358 -0.430804
    32 3.882813 -0.046753 0.431396 0.085902 0.021817 -0.587880
    33 1.719578 -0.000004 0.000004 -0.000008 0.005537 -0.366457
    34 1.209160 -0.000010 -0.000011 0.000003 0.003062 -0.216418
    35 3.859375 -0.137939 1.332031 0.354449 -0.042742 -0.531707
    36 1.719427 0.000031 -0.000031 0.000003 0.004052 -0.363023
    37 1.099674 -0.000004 -0.000011 -0.000007 0.002609 -0.244321
    38 0.807566 -0.347147 1.320592 -1.206856 -0.679483 -0.789308
    39 1.789783 -0.000007 0.000004 0.000001 0.007386 0.228516
    40 1.207018 0.000015 -0.000008 -0.000003 0.011265 0.362846
    41 11.481726 -0.000012 -0.000038 0.001269 0.000000 -0.000005
    42 3.859663 -0.132561 1.193130 0.479137 -0.158530 -0.879052
    43 1.312580 -0.000006 0.000003 0.000007 -0.011938 -0.439655
    44 0.729366 -0.000008 -0.000001 0.000005 -0.006136 -0.244269
    45 3.942284 0.050331 0.431063 0.155002 -0.079316 -0.810200
    46 1.539131 -0.000004 0.000002 -0.000002 -0.005851 -0.247777
    47 1.196323 0.000004 0.000005 0.000003 -0.009653 -0.430773
    48 3.882813 -0.050323 -0.430908 -0.085903 -0.026418 -0.587683
    49 1.719599 0.000008 0.000010 -0.000006 -0.007945 -0.366462
    50 1.209183 0.000010 0.000010 0.000006 -0.004485 -0.216351
    51 3.859375 -0.148926 -1.331055 -0.354417 0.038569 -0.532007
    52 1.719425 0.000011 0.000011 0.000004 -0.006614 -0.362968
    53 1.099663 0.000011 0.000010 -0.000001 -0.004222 -0.244302
    54 0.805664 -0.359619 -1.317383 1.204196 0.673612 -0.793958
    55 1.789780 -0.000011 0.000008 0.000004 -0.006302 0.228564
    56 1.207003 0.000001 -0.000008 -0.000005 -0.009615 0.362899
    57 11.481689 -0.000073 -0.000004 0.000155 0.000000 -0.000014
  time 47
    0 0.032813 42.352855 34.199593 2.295419 0.014765 -0.021106
    1 3.890447 0.000000 0.000000 -1.842212 -1.264179 -1.272301
    2 17.848156 0.000000 0.000000 -0.000024 -0.000036 1.021558
    3 16.525240 0.000000 0.000000 -0.016709 0.005216 -1.454150
    4 -3.890447 0.000000 0.000000 -1.115333 -1.089870 -1.983051
    5 17.848167 0.000000 0.000000 -0.000036 0.000048 0.976788
    6 16.525238 0.000000 0.000000 0.132448 -0.083233 -1.547488
    7 -0.101566 3.591232 -2.696733 1.570281 -0.001574 1.602196
    8 4.015370 0.000000 0.000000 -0.005393 0.021608 0.163657
    9 3.520298 0.000000 0.000000 -0.002996 0.017869 0.290091
    10 8.940987 0.000000 0.000000 -0.001750 0.007670 0.337203
    11 3.306377 -0.000001 0.000000 3.141626 0.004195 0.499589
    12 3.594185 0.000000 0.000000 0.175085 -0.026405 1.393405
    13 2.036090 0.997452 1.937661 3.777423 -1.404738 3.168488
    14 6.028141 0.000011 0.000000 0.761594 0.153892 0.135107
    15 11.692581 -0.000001 -0.000008 0.000000 0.000000 -2.242943
    16 11.481684 0.000000 -0.000031 -0.045207 -0.564383 -0.058860
    17 2.036090 0.997453 -1.937661 1.316770 1.148321 1.084015
    18 6.028137 -0.000008 0.000000 3.348209 0.121582 1.515176
    19 11.692554 0.000000 0.000019 0.000000 0.000000 -1.869551
    20 11.481705 0.000000 0.000011 -0.457002 -0.319980 0.628213
    21 2.000004 -3.000000 0.000000 -1.570796 0.000000 -1.326450
    22 2.676084 -1.712437 0.000000 -1.570796 0.000000 -1.570795
    23 2.676081 -1.712433 0.000000 1.570797 0.000001 1.570797
    24 6.879441 -0.000010 0.000000 -0.004818 -0.033979 -0.583558
    25 6.879432 -0.000013 0.000000 -0.210299 -0.002961 -0.584376
    26 3.859711 -0.142445 -1.191958 -0.479138 0.152189 -0.879878
    27 1.312550 0.000008 0.000004 -0.000009 0.009670 -0.439707
    28 0.729370 0.000006 0.000000 0.000003 0.004968 -0.244304
    29 3.942335 0.046738 -0.431422 -0.155012 0.073337 -0.810639
    30 1.539124 0.000015 -0.000016 -0.000004 0.004459 -0.247797
    31 1.196327 0.000032 -0.000010 -0.000004 0.007358 -0.430804
    32 3.882813 -0.046753 0.431396 0.085902 0.021817 -0.587880
    33 1.719578 -0.000004 0.000004 -0.000008 0.005537 -0.366457
    34 1.209160 -0.000010 -0.000011 0.000003 0.003062 -0.216418
    35 3.859375 -0.137939 1.332031 0.354449 -0.042742 -0.531707
    36 1.719427 0.000031 -0.000031 0.000003 0.004052 -0.363023
    37 1.099674 -0.000004 -0.000011 -0.000007 0.002609 -0.244321
    38 0.807566 -0.347147 1.320592 -1.206856 -0.679471 -0.789308
    39 1.789783 -0.000007 0.000004 0.000001 0.007386 0.228516
    40 1.207018 0.000015 -0.000008 -0.000003 0.011265 0.362846
    41 11.481726 -0.000012 -0.000038 0.001269 0.000000 -0.000005
    42 3.859663 -0.132561 1.193130 0.479137 -0.158530 -0.879052
    43 1.312580 -0.000006 0.000003 0.000007 -0.011938 -0.439655
    44 0.729366 -0.000008 -0.000001 0.000005 -0.006136 -0.244269
    45 3.942284 0.050331 0.431063 0.155002 -0.079316 -0.810200
    46 1.539131 -0.000004 0.000002 -0.000002 -0.005851 -0.247777
    47 1.196323 0.000004 0.000005 0.000003 -0.009665 -0.430773
    48 3.882813 -0.050323 -0.430908 -0.085903 -0.026418 -0.587683
    49 1.719599 0.000008 0.000010 -0.000006 -0.007945 -0.366462
    50 1.209183 0.000010 0.000010 0.000006 -0.004485 -0.216351
    51 3.859375 -0.148926 -1.331055 -0.354417 0.038569 -0.532007
    52 1.719425 0.000011 0.000011 0.000004 -0.006614 -0.362968
    53 1.099663 0.000011 0.000010 -0.000001 -0.004222 -0.244302
    54 0.805664 -0.359619 -1.317383 1.204196 0.673612 -0.793958
    55 1.789780 -0.000011 0.000008 0.000004 -0.006302 0.228564
    56 1.207003 0.000001 -0.000008 -0.000005 -0.009615 0.362899
    57 11.481689 -0.000073 -0.000004 0.000155 0.000000 -0.000014
  time 48
    0 0.028906 42.575518 35.848081 2.473493 0.053116 -0.012437
    1 3.890447 0.000000 0.000000 -2.063533 -1.336564 -1.038290
    2 17.848156 0.000000 0.000000 0.000000 -0.000036 0.824097
    3 16.525240 0.000000 0.000000 -0.012862 0.005048 -1.345571
    4 -3.890447 0.000000 0.000000 -1.106071 -1.166225 -1.923692
    5 17.848167 0.000000 0.000000 -0.000084 0.000048 0.728317
    6 16.525238 0.000000 0.000000 0.118906 -0.087501 -1.407999
    7 -0.152348 3.755300 -2.470163 1.570856 -0.066495 1.613617
    8 4.015370 0.000000 0.000000 -0.006472 0.027229 0.098976
    9 3.520298 0.000000 0.000000 -0.003895 0.021692 0.206834
    10 8.940987 0.000000 0.000000 -0.002241 0.008893 0.248745
    11 3.306377 -0.000001 0.000000 3.141530 0.004806 0.433098
    12 3.594185 0.000000 0.000000 0.213184 -0.039362 1.282558
    13 2.036090 0.997452 1.937661 2.592666 -1.458164 3.733427
    14 6.028141 0.000011 0.000000 -4.677935 0.092885 0.381646
    15 11.692581 -0.000001 -0.000008 0.000000 0.000000 -2.251636
    16 11.481684 0.000000 -0.000031 0.127600 -0.482953 -0.217859
    17 2.036090 0.997453 -1.937661 1.064456 1.309007 1.327045
    18 6.028137 -0.000008 0.000000 3.262318 -0.268812 1.531532
    19 11.692554 0.000000 0.000019 0.000000 0.000000 -1.884678
    20 11.481705 0.000000 0.000011 -0.522107 -0.103147 0.502794
    21 2.000004 -3.000000 0.000000 -1.570796 0.000000 -1.326450
    22 2.676084 -1.712437 0.000000 -1.570796 0.000000 -1.570795
    23 2.676081 -1.712433 0.000000 1.570797 0.000001 1.570797
    24 6.879441 -0.000010 0.000000 -0.004818 -0.033979 -0.583558
    25 6.879432 -0.000013 0.000000 -0.210299 -0.002961 -0.584376
    26 3.859711 -0.142445 -1.191958 -0.479138 0.152189 -0.879878
    27 1.312550 0.000008 0.000004 -0.000009 0.009670 -0.439707
    28 0.729370 0.000006 0.000000 0.000003 0.004968 -0.244304
    29 3.942335 0.046738 -0.431422 -0.155012 0.073337 -0.810639
    30 1.539124 0.000015 -0.000016 -0.000004 0.004459 -0.247797
    31 1.196327 0.000032 -0.000010 -0.000004 0.007358 -0.430804
    32 3.882813 -0.046753 0.431396 0.085902 0.021817 -0.587880
    33 1.719578 -0.000004 0.000004 -0.000008 0.005537 -0.366457
    34 1.209160 -0.000010 -0.000011 0.000003 0.003062 -0.216418
    35 3.859375 -0.137939 1.332031 0.354449 -0.042742 -0.531707
    36 1.719427 0.000031 -0.000031 0.000003 0.004052 -0.363023
    37 1.099674 -0.000004 -0.000011 -0.000007 0.002609 -0.244321
    38 0.807566 -0.347147 1.320592 -1.206856 -0.679483 -0.789308
    39 1.789783 -0.000007 0.000004 0.000001 0.007386 0.228516
    40 1.207018 0.000015 -0.000008 -0.000003 0.011265 0.362846
    41 11.481726 -0.000012 -0.000038 0.001269 0.000000 -0.000005
    42 3.859663 -0.132561 1.193130 0.479137 -0.158530 -0.879052
    43 1.312580 -0.000006 0.000003 0.000007 -0.011938 -0.439655
    44 0.729366 -0.000008 -0.000001 0.000005 -0.006136 -0.244269
    45 3.942284 0.050331 0.431063 0.155002 -0.079316 -0.810200
    46 1.539131 -0.000004 0.000002 -0.000002 -0.005851 -0.247777
    47 1.196323 0.000004 0.000005 0.000003 -0.009653 -0.430773
    48 3.882813 -0.050323 -0.430908 -0.085903 -0.026418 -0.587683
    49 1.719599 0.000008 0.000010 -0.000006 -0.007945 -0.366462
    50 1.209183 0.000010 0.000010 0.000006 -0.004485 -0.216351
    51 3.859375 -0.148926 -1.331055 -0.354417 0.038569 -0.532007
    52 1.719425 0.000011 0.000011 0.000004 -0.006614 -0.362968
    53 1.099663 0.000011 0.000010 -0.000001 -0.004222 -0.244302
    54 0.805664 -0.359619 -1.317383 1.204196 0.673612 -0.793958
    55 1.789780 -0.000011 0.000008 0.000004 -0.006302 0.228564
    56 1.207003 0.000001 -0.000008 -0.000005 -0.009615 0.362899
    57 11.481689 -0.000073 -0.000004 0.000155 0.000000 -0.000014
  time 49
    0 0.028906 42.649739 36.875456 2.545997 0.066395 -0.004911
    1 3.890447 0.000000 0.000000 -2.097544 -1.330706 -1.002948
    2 17.848156 0.000000 0.000000 0.000012 -0.000036 0.667214
    3 16.525240 0.000000 0.000000 -0.009782 0.005899 -1.262512
    4 -3.890447 0.000000 0.000000 -1.159213 -1.153195 -1.839145
    5 17.848167 0.000000 0.000000 -0.000120 0.000048 0.526870
    6 16.525238 0.000000 0.000000 0.112722 -0.088369 -1.299894
    7 -0.175787 3.841240 -2.341253 1.571084 -0.102269 1.619022
    8 4.015370 0.000000 0.000000 -0.006879 0.029290 0.073269
    9 3.520298 0.000000 0.000000 -0.004278 0.022831 0.172654
    10 8.940987 0.000000 0.000000 -0.002421 0.009084 0.210035
    11 3.306377 -0.000001 0.000000 3.141458 0.004878 0.402909
    12 3.594185 0.000000 0.000000 0.225738 -0.036334 1.188629
    13 2.036090 0.997452 1.937661 1.997574 -1.466865 4.053615
    14 6.028141 0.000011 0.000000 -4.249097 -0.084284 0.679675
    15 11.692581 -0.000001 -0.000008 0.000000 0.000000 -2.176338
    16 11.481684 0.000000 -0.000031 0.331596 -0.191253 -0.360492
    17 2.036090 0.997453 -1.937661 0.990880 1.341144 1.217879
    18 6.028137 -0.000008 0.000000 3.312803 -0.147191 1.437210
    19 11.692554 0.000000 0.000019 0.000000 0.000000 -1.912771
    20 11.481705 0.000000 0.000011 -0.554929 0.007309 0.428695
    21 2.000004 -3.000000 0.000000 -1.570796 0.000000 -1.326450
    22 2.676084 -1.712437 0.000000 -1.570796 0.000000 -1.570795
    23 2.676081 -1.712433 0.000000 1.570797 0.000001 1.570797
    24 6.879441 -0.000010 0.000000 -0.004818 -0.033979 -0.583558
    25 6.879432 -0.000013 0.000000 -0.210299 -0.002961 -0.584376
    26 3.859711 -0.142445 -1.191958 -0.479138 0.152189 -0.879878
    27 1.312550 0.000008 0.000004 -0.000009 0.009670 -0.439707
    28 0.729370 0.000006 0.000000 0.000003 0.004968 -0.244304
    29 3.942335 0.046738 -0.431422 -0.155012 0.073337 -0.810639
    30 1.539124 0.000015 -0.000016 -0.000004 0.004459 -0.247797
    31 1.196327 0.000032 -0.000010 -0.000004 0.007358 -0.430804
    32 3.882813 -0.046753 0.431396 0.085902 0.021817 -0.587880
    33 1.719578 -0.000004 0.000004 -0.000008 0.005537 -0.366457
    34 1.209160 -0.000010 -0.000011 0.000003 0.003062 -0.216418
    35 3.859375 -0.137939 1.332031 0.354449 -0.042742 -0.531707
    36 1.719427 0.000031 -0.000031 0.000003 0.004052 -0.363023
    37 1.099674 -0.000004 -0.000011 -0.000007 0.002609 -0.244321
    38 0.807566 -0.347147 1.320592 -1.206856 -0.679483 -0.789308
    39 1.789783 -0.000007 0.000004 0.000001 0.007386 0.228516
    40 1.207018 0.000015 -0.000008 -0.000003 0.011265 0.362846
    41 11.481726 -0.000012 -0.000038 0.001269 0.000000 -0.000005
    42 3.859663 -0.132561 1.193130 0.479137 -0.158530 -0.879052
    43 1.312580 -0.000006 0.000003 0.000007 -0.011938 -0.439655
    44 0.729366 -0.000008 -0.000001 0.000005 -0.006136 -0.244269
    45 3.942284 0.050331 0.431063 0.155002 -0.079316 -0.810200
    46 1.539131 -0.000004 0.000002 -0.000002 -0.005851 -0.247777
    47 1.196323 0.000004 0.000005 0.000003 -0.009653 -0.430773
    48 3.882813 -0.050323 -0.430908 -0.085903 -0.026418 -0.587683
    49 1.719599 0.000008 0.000010 -0.000006 -0.007945 -0.366462
    50 1.209183 0.000010 0.000010 0.000006 -0.004485 -0.216351
    51 3.859375 -0.148926 -1.331055 -0.354417 0.038569 -0.532007
    52 1.719425 0.000011 0.000011 0.000004 -0.006614 -0.362968
    53 1.099663 0.000011 0.000010 -0.000001 -0.004222 -0.244302
    54 0.805664 -0.359619 -1.317383 1.204196 0.673612 -0.793958
    55 1.789780 -0.000011 0.000008 0.000004 -0.006302 0.228564
    56 1.207003 0.000001 -0.000008 -0.000005 -0.009615 0.362899
    57 11.481689 -0.000073 -0.000004 0.000155 0.000000 -0.000014
  time 50
    0 0.028906 42.649739 37.375471 2.549329 0.056004 -0.006435
    1 3.890447 0.000000 0.000000 -1.992580 -1.292560 -1.120236
    2 17.848156 0.000000 0.000000 0.000024 -0.000024 0.564480
    3 16.525240 0.000000 0.000000 -0.007266 0.007385 -1.210268
    4 -3.890447 0.000000 0.000000 -1.183068 -1.105702 -1.812355
    5 17.848167 0.000000 0.000000 -0.000144 0.000036 0.413891
    6 16.525238 0.000000 0.000000 0.109570 -0.089743 -1.240242
    7 -0.160161 3.829521 -2.360785 1.570916 -0.097079 1.615666
    8 4.015370 0.000000 0.000000 -0.006508 0.027553 0.084606
    9 3.520298 0.000000 0.000000 -0.004003 0.021596 0.185526
    10 8.940987 0.000000 0.000000 -0.002289 0.008665 0.222618
    11 3.306377 -0.000001 0.000000 3.141482 0.004662 0.412497
    12 3.594185 0.000000 0.000000 0.209582 -0.016223 1.131547
    13 2.036090 0.997452 1.937661 2.478617 -1.475845 3.698249
    14 6.028141 0.000011 0.000000 -4.209879 -0.072517 0.892491
    15 11.692581 -0.000001 -0.000008 0.000000 0.000000 -2.035305
    16 11.481684 0.000000 -0.000031 0.467356 0.095405 -0.394685
    17 2.036090 0.997453 -1.937661 1.120186 1.278070 0.938114
    18 6.028137 -0.000008 0.000000 3.289612 0.326724 1.257101
    19 11.692554 0.000000 0.000019 0.000000 0.000000 -1.960104
    20 11.481705 0.000000 0.000011 -0.563616 0.079861 0.426551
    21 2.000004 -3.000000 0.000000 -1.570796 0.000000 -1.326450
    22 2.676084 -1.712437 0.000000 -1.570796 0.000000 -1.570795
    23 2.676081 -1.712433 0.000000 1.570797 0.000001 1.570797
    24 6.879441 -0.000010 0.000000 -0.004818 -0.033979 -0.583558
    25 6.879432 -0.000013 0.000000 -0.210299 -0.002961 -0.584376
    26 3.859711 -0.142445 -1.191958 -0.479138 0.152189 -0.879878
    27 1.312550 0.000008 0.000004 -0.000009 0.009670 -0.439707
    28 0.729370 0.000006 0.000000 0.000003 0.004968 -0.244304
    29 3.942335 0.046738 -0.431422 -0.155012 0.073337 -0.810639
    30 1.539124 0.000015 -0.000016 -0.000004 0.004459 -0.247797
    31 1.196327 0.000032 -0.000010 -0.000004 0.007358 -0.430804
    32 3.882813 -0.046753 0.431396 0.085902 0.021817 -0.587880
    33 1.719578 -0.000004 0.000004 -0.000008 0.005537 -0.366457
    34 1.209160 -0.000010 -0.000011 0.000003 0.003062 -0.216418
    35 3.859375 -0.137939 1.332031 0.354449 -0.042742 -0.531707
    36 1.719427 0.000031 -0.000031 0.000003 0.004052 -0.363023
    37 1.099674 -0.000004 -0.000011 -0.000007 0.002609 -0.244321
    38 0.807566 -0.347147 1.320592 -1.206856 -0.679483 -0.789308
    39 1.789783 -0.000007 0.000004 0.000001 0.007386 0.228516
    40 1.207018 0.000015 -0.000008 -0.000003 0.011265 0.362846
    41 11.481726 -0.000012 -0.000038 0.001269 0.000000 -0.000005
    42 3.859663 -0.132561 1.193130 0.479137 -0.158530 -0.879052
    43 1.312580 -0.000006 0.000003 0.000007 -0.011938 -0.439655
    44 0.729366 -0.000008 -0.000001 0.000005 -0.006136 -0.244269
    45 3.942284 0.050331 0.431063 0.155002 -0.079316 -0.810200
    46 1.539131 -0.000004 0.000002 -0.000002 -0.005851 -0.247777
    47 1.196323 0.000004 0.000005 0.000003 -0.009665 -0.430773
    48 3.882813 -0.050323 -0.430908 -0.085903 -0.026418 -0.587683
    49 1.719599 0.000008 0.000010 -0.000006 -0.007945 -0.366462
    50 1.209183 0.000010 0.000010 0.000006 -0.004485 -0.216351
    51 3.859375 -0.148926 -1.331055 -0.354417 0.038569 -0.532007
    52 1.719425 0.000011 0.000011 0.000004 -0.006614 -0.362968
    53 1.099663 0.000011 0.000010 -0.000001 -0.004222 -0.244302
    54 0.805664 -0.359619 -1.317383 1.204196 0.673612 -0.793958
    55 1.789780 -0.000011 0.000008 0.000004 -0.006302 0.228564
    56 1.207003 0.000001 -0.000008 -0.000005 -0.009615 0.362899
    57 11.481689 -0.000073 -0.000004 0.000155 0.000000 -0.000014
  time 51
    0 0.028906 42.649739 37.691887 2.550578 0.029638 -0.010532
    1 3.890447 0.000000 0.000000 -1.878861 -1.257321 -1.254617
    2 17.848156 0.000000 0.000000 0.000036 -0.000024 0.469165
    3 16.525240 0.000000 0.000000 -0.005024 0.008847 -1.161990
    4 -3.890447 0.000000 0.000000 -1.156471 -1.073796 -1.842160
    5 17.848167 0.000000 0.000000 -0.000156 0.000024 0.348773
    6 16.525238 0.000000 0.000000 0.104884 -0.095349 -1.205292
    7 -0.136723 3.825614 -2.372504 1.570820 -0.094179 1.608607
    8 4.015370 0.000000 0.000000 -0.005537 0.023370 0.091497
    9 3.520298 0.000000 0.000000 -0.003392 0.018384 0.193352
    10 8.940987 0.000000 0.000000 -0.001942 0.007406 0.230169
    11 3.306377 -0.000001 0.000000 3.141506 0.003991 0.418213
    12 3.594185 0.000000 0.000000 0.165978 0.007791 1.036035
    13 2.036090 0.997452 1.937661 3.356261 -1.456408 3.107541
    14 6.028141 0.000011 0.000000 -4.235930 0.109057 0.975799
    15 11.692581 -0.000001 -0.000008 0.000000 0.000000 -1.878891
    16 11.481684 0.000000 -0.000031 0.522867 0.238868 -0.327958
    17 2.036090 0.997453 -1.937661 1.224872 1.239089 0.798025
    18 6.028137 -0.000008 0.000000 3.079180 0.631876 1.005749
    19 11.692554 0.000000 0.000019 0.000000 0.000000 -2.009737
    20 11.481705 0.000000 0.000011 -0.573735 0.195971 0.444188
    21 2.000004 -3.000000 0.000000 -1.570796 0.000000 -1.326450
    22 2.676084 -1.712437 0.000000 -1.570796 0.000000 -1.570795
    23 2.676081 -1.712433 0.000000 1.570797 0.000001 1.570797
    24 6.879441 -0.000010 0.000000 -0.004818 -0.033979 -0.583558
    25 6.879432 -0.000013 0.000000 -0.210299 -0.002961 -0.584376
    26 3.859711 -0.142445 -1.191958 -0.479138 0.152189 -0.879878
    27 1.312550 0.000008 0.000004 -0.000009 0.009670 -0.439707
    28 0.729370 0.000006 0.000000 0.000003 0.004968 -0.244304
    29 3.942335 0.046738 -0.431422 -0.155012 0.073337 -0.810639
    30 1.539124 0.000015 -0.000016 -0.000004 0.004459 -0.247797
    31 1.196327 0.000032 -0.000010 -0.000004 0.007358 -0.430804
    32 3.882813 -0.046753 0.431396 0.085902 0.021817 -0.587880
    33 1.719578 -0.000004 0.000004 -0.000008 0.005537 -0.366457
    34 1.209160 -0.000010 -0.000011 0.000003 0.003062 -0.216418
    35 3.859375 -0.137939 1.332031 0.354449 -0.042742 -0.531707
    36 1.719427 0.000031 -0.000031 0.000003 0.004052 -0.363023
    37 1.099674 -0.000004 -0.000011 -0.000007 0.002609 -0.244321
    38 0.807566 -0.347147 1.320592 -1.206856 -0.679483 -0.789308
    39 1.789783 -0.000007 0.000004 0.000001 0.007386 0.228516
    40 1.207018 0.000015 -0.000008 -0.000003 0.011265 0.362846
    41 11.481726 -0.000012 -0.000038 0.001269 0.000000 -0.000005
    42 3.859663 -0.132561 1.193130 0.479137 -0.158530 -0.879052
    43 1.312580 -0.000006 0.000003 0.000007 -0.011938 -0.439655
    44 0.729366 -0.000008 -0.000001 0.000005 -0.006136 -0.244269
    45 3.942284 0.050331 0.431063 0.155002 -0.079316 -0.810200
    46 1.539131 -0.000004 0.000002 -0.000002 -0.005851 -0.247777
    47 1.196323 0.000004 0.000005 0.000003 -0.009653 -0.430773
    48 3.882813 -0.050323 -0.430908 -0.085903 -0.026418 -0.587683
    49 1.719599 0.000008 0.000010 -0.000006 -0.007945 -0.366462
    50 1.209183 0.000010 0.000010 0.000006 -0.004485 -0.216351
    51 3.859375 -0.148926 -1.331055 -0.354417 0.038569 -0.532007
    52 1.719425 0.000011 0.000011 0.000004 -0.006614 -0.362968
    53 1.099663 0.000011 0.000010 -0.000001 -0.004222 -0.244302
    54 0.805664 -0.359619 -1.317383 1.204196 0.673612 -0.793958
    55 1.789780 -0.000011 0.000008 0.000004 -0.006302 0.228564
    56 1.207003 0.000001 -0.000008 -0.000005 -0.009615 0.362899
    57 11.481689 -0.000073 -0.000004 0.000155 0.000000 -0.000014
  time 52
    0 0.028906 42.649739 37.875486 2.550953 -0.005405 -0.016057
    1 3.890447 0.000000 0.000000 -1.771761 -1.222219 -1.385826
    2 17.848156 0.000000 0.000000 0.000060 -0.000024 0.381495
    3 16.525240 0.000000 0.000000 -0.003179 0.010273 -1.117636
    4 -3.890447 0.000000 0.000000 -1.097119 -1.059467 -1.907926
    5 17.848167 0.000000 0.000000 -0.000156 0.000024 0.332726
    6 16.525238 0.000000 0.000000 0.098880 -0.104463 -1.195720
    7 -0.101566 3.821708 -2.380317 1.570784 -0.092333 1.599691
    8 4.015370 0.000000 0.000000 -0.004243 0.017941 0.095344
    9 3.520298 0.000000 0.000000 -0.002589 0.014142 0.197786
    10 8.940987 0.000000 0.000000 -0.001486 0.005717 0.234471
    11 3.306377 -0.000001 0.000000 3.141530 0.003080 0.421449
    12 3.594185 0.000000 0.000000 0.106142 0.024384 0.923759
    13 2.036090 0.997452 1.937661 4.064925 -1.397233 2.709245
    14 6.028141 0.000011 0.000000 -4.267569 0.335848 0.951745
    15 11.692581 -0.000001 -0.000008 0.000000 0.000000 -1.722611
    16 11.481684 0.000000 -0.000031 0.514759 0.281470 -0.213325
    17 2.036090 0.997453 -1.937661 1.287951 1.216277 0.719229
    18 6.028137 -0.000008 0.000000 2.726932 0.775548 0.680699
    19 11.692554 0.000000 0.000019 0.000000 0.000000 -2.042152
    20 11.481705 0.000000 0.000011 -0.568272 0.346833 0.454194
    21 2.000004 -3.000000 0.000000 -1.570796 0.000000 -1.326450
    22 2.676084 -1.712437 0.000000 -1.570796 0.000000 -1.570795
    23 2.676081 -1.712433 0.000000 1.570797 0.000001 1.570797
    24 6.879441 -0.000010 0.000000 -0.004818 -0.033979 -0.583558
    25 6.879432 -0.000013 0.000000 -0.210299 -0.002961 -0.584376
    26 3.859711 -0.142445 -1.191958 -0.479138 0.152189 -0.879878
    27 1.312550 0.000008 0.000004 -0.000009 0.009670 -0.439707
    28 0.729370 0.000006 0.000000 0.000003 0.004968 -0.244304
    29 3.942335 0.046738 -0.431422 -0.155012 0.073337 -0.810639
    30 1.539124 0.000015 -0.000016 -0.000004 0.004459 -0.247797
    31 1.196327 0.000032 -0.000010 -0.000004 0.007358 -0.430804
    32 3.882813 -0.046753 0.431396 0.085902 0.021817 -0.587880
    33 1.719578 -0.000004 0.000004 -0.000008 0.005537 -0.366457
    34 1.209160 -0.000010 -0.000011 0.000003 0.003062 -0.216418
    35 3.859375 -0.137939 1.332031 0.354449 -0.042742 -0.531707
    36 1.719427 0.000031 -0.000031 0.000003 0.004052 -0.363023
    37 1.099674 -0.000004 -0.000011 -0.000007 0.002609 -0.244321
    38 0.807566 -0.347147 1.320592 -1.206856 -0.679471 -0.789308
    39 1.789783 -0.000007 0.000004 0.000001 0.007386 0.228516
    40 1.207018 0.000015 -0.000008 -0.000003 0.011265 0.362846
    41 11.481726 -0.000012 -0.000038 0.001269 0.000000 -0.000005
    42 3.859663 -0.132561 1.193130 0.479137 -0.158530 -0.879052
    43 1.312580 -0.000006 0.000003 0.000007 -0.011938 -0.439655
    44 0.729366 -0.000008 -0.000001 0.000005 -0.006136 -0.244269
    45 3.942284 0.050331 0.431063 0.155002 -0.079316 -0.810200
    46 1.539131 -0.000004 0.000002 -0.000002 -0.005851 -0.247777
    47 1.196323 0.000004 0.000005 0.000003 -0.009653 -0.430773
    48 3.882813 -0.050323 -0.430908 -0.085903 -0.026418 -0.587683
    49 1.719599 0.000008 0.000010 -0.000006 -0.007945 -0.366462
    50 1.209183 0.000010 0.000010 0.000006 -0.004485 -0.216351
    51 3.859375 -0.148926 -1.331055 -0.354417 0.038569 -0.532007
    52 1.719425 0.000011 0.000011 0.000004 -0.006614 -0.362968
    53 1.099663 0.000011 0.000010 -0.000001 -0.004222 -0.244302
    54 0.805664 -0.359619 -1.317383 1.204196 0.673612 -0.793958
    55 1.789780 -0.000011 0.000008 0.000004 -0.006302 0.228564
    56 1.207003 0.000001 -0.000008 -0.000005 -0.009615 0.362899
    57 11.481689 -0.000073 -0.000004 0.000155 0.000000 -0.000014
  time 53
    0 0.028906 42.649739 37.973145 2.551536 -0.041802 -0.021773
    1 3.890447 0.000000 0.000000 -1.682797 -1.186616 -1.497954
    2 17.848156 0.000000 0.000000 0.000084 -0.000012 0.300565
    3 16.525240 0.000000 0.000000 -0.001825 0.011568 -1.076688
    4 -3.890447 0.000000 0.000000 -1.022037 -1.055976 -1.990181
    5 17.848167 0.000000 0.000000 -0.000156 0.000024 0.348633
    6 16.525238 0.000000 0.000000 0.092144 -0.115692 -1.202597
    7 -0.070315 3.817802 -2.384223 1.570772 -0.090835 1.590571
    8 4.015370 0.000000 0.000000 -0.002912 0.012320 0.097202
    9 3.520298 0.000000 0.000000 -0.001774 0.009720 0.200063
    10 8.940987 0.000000 0.000000 -0.001019 0.003931 0.236808
    11 3.306377 -0.000001 0.000000 3.141554 0.002121 0.423223
    12 3.594185 0.000000 0.000000 0.044402 0.028704 0.817871
    13 2.036090 0.997452 1.937661 4.504175 -1.320020 2.513411
    14 6.028141 0.000011 0.000000 -4.296272 0.502919 0.865723
    15 11.692581 -0.000001 -0.000008 0.000000 0.000000 -1.580642
    16 11.481684 0.000000 -0.000031 0.449247 0.278665 -0.100506
    17 2.036090 0.997453 -1.937661 1.328699 1.199028 0.683255
    18 6.028137 -0.000008 0.000000 2.358843 0.781310 0.374720
    19 11.692554 0.000000 0.000019 0.000000 0.000000 -2.051563
    20 11.481705 0.000000 0.000011 -0.540958 0.508387 0.446056
    21 2.000004 -3.000000 0.000000 -1.570796 0.000000 -1.326450
    22 2.676084 -1.712437 0.000000 -1.570796 0.000000 -1.570795
    23 2.676081 -1.712433 0.000000 1.570797 0.000001 1.570797
    24 6.879441 -0.000010 0.000000 -0.004818 -0.033979 -0.583558
    25 6.879432 -0.000013 0.000000 -0.210299 -0.002961 -0.584376
    26 3.859711 -0.142445 -1.191958 -0.479138 0.152189 -0.879878
    27 1.312550 0.000008 0.000004 -0.000009 0.009670 -0.439707
    28 0.729370 0.000006 0.000000 0.000003 0.004968 -0.244304
    29 3.942335 0.046738 -0.431422 -0.155012 0.073337 -0.810639
    30 1.539124 0.000015 -0.000016 -0.000004 0.004459 -0.247797
    31 1.196327 0.000032 -0.000010 -0.000004 0.007358 -0.430804
    32 3.882813 -0.046753 0.431396 0.085902 0.021817 -0.587880
    33 1.719578 -0.000004 0.000004 -0.000008 0.005537 -0.366457
    34 1.209160 -0.000010 -0.000011 0.000003 0.003062 -0.216418
    35 3.859375 -0.137939 1.332031 0.354449 -0.042742 -0.531707
    36 1.719427 0.000031 -0.000031 0.000003 0.004052 -0.363023
    37 1.099674 -0.000004 -0.000011 -0.000007 0.002609 -0.244321
    38 0.807566 -0.347147 1.320592 -1.206856 -0.679471 -0.789308
    39 1.789783 -0.000007 0.000004 0.000001 0.007386 0.228516
    40 1.207018 0.000015 -0.000008 -0.000003 0.011265 0.362846
    41 11.481726 -0.000012 -0.000038 0.001269 0.000000 -0.000005
    42 3.859663 -0.132561 1.193130 0.479137 -0.158530 -0.879052
    43 1.312580 -0.000006 0.000003 0.000007 -0.011938 -0.439655
    44 0.729366 -0.000008 -0.000001 0.000005 -0.006136 -0.244269
    45 3.942284 0.050331 0.431063 0.155002 -0.079316 -0.810200
    46 1.539131 -0.000004 0.000002 -0.000002 -0.005851 -0.247777
    47 1.196323 0.000004 0.000005 0.000003 -0.009653 -0.430773
    48 3.882813 -0.050323 -0.430908 -0.085903 -0.026418 -0.587683
    49 1.719599 0.000008 0.000010 -0.000006 -0.007945 -0.366462
    50 1.209183 0.000010 0.000010 0.000006 -0.004485 -0.216351
    51 3.859375 -0.148926 -1.331055 -0.354417 0.038569 -0.532007
    52 1.719425 0.000011 0.000011 0.000004 -0.006614 -0.362968
    53 1.099663 0.000011 0.000010 -0.000001 -0.004222 -0.244302
    54 0.805664 -0.359619 -1.317383 1.204196 0.673612 -0.793958
    55 1.789780 -0.000011 0.000008 0.000004 -0.006302 0.228564
    56 1.207003 0.000001 -0.000008 -0.000005 -0.009615 0.362899
    57 11.481689 -0.000073 -0.000004 0.000155 0.000000 -0.000014
  time 54
    0 0.028906 42.649739 38.023928 2.553285 -0.072243 -0.026822
    1 3.890447 0.000000 0.000000 -1.619760 -1.151877 -1.579281
    2 17.848156 0.000000 0.000000 0.000120 -0.000012 0.225290
    3 16.525240 0.000000 0.000000 -0.000998 0.012538 -1.038460
    4 -3.890447 0.000000 0.000000 -0.955026 -1.055042 -2.063830
    5 17.848167 0.000000 0.000000 -0.000144 0.000024 0.369750
    6 16.525238 0.000000 0.000000 0.086559 -0.125385 -1.212338
    7 -0.042970 3.813895 -2.392036 1.570784 -0.088954 1.582948
    8 4.015370 0.000000 0.000000 -0.001786 0.007586 0.097957
    9 3.520298 0.000000 0.000000 -0.001091 0.005992 0.201249
    10 8.940987 0.000000 0.000000 -0.000623 0.002433 0.238294
    11 3.306377 -0.000001 0.000000 3.141566 0.001306 0.424397
    12 3.594185 0.000000 0.000000 -0.004605 0.024384 0.741347
    13 2.036090 0.997452 1.937661 -1.529755 -1.245275 2.403332
    14 6.028141 0.000011 0.000000 -4.294851 0.568935 0.780891
    15 11.692581 -0.000001 -0.000008 0.000000 0.000000 -1.470503
    16 11.481684 0.000000 -0.000031 0.356570 0.267047 -0.022809
    17 2.036090 0.997453 -1.937661 1.368874 1.175775 0.687060
    18 6.028137 -0.000008 0.000000 2.081416 0.706353 0.148970
    19 11.692554 0.000000 0.000019 0.000000 0.000000 -2.051354
    20 11.481705 0.000000 0.000011 -0.513286 0.645745 0.406678
    21 2.000004 -3.000000 0.000000 -1.570796 0.000000 -1.326450
    22 2.676084 -1.712437 0.000000 -1.570796 0.000000 -1.570795
    23 2.676081 -1.712433 0.000000 1.570797 0.000001 1.570797
    24 6.879441 -0.000010 0.000000 -0.004818 -0.033979 -0.583558
    25 6.879432 -0.000013 0.000000 -0.210299 -0.002961 -0.584376
    26 3.859711 -0.142445 -1.191958 -0.479138 0.152189 -0.879878
    27 1.312550 0.000008 0.000004 -0.000009 0.009670 -0.439707
    28 0.729370 0.000006 0.000000 0.000003 0.004968 -0.244304
    29 3.942335 0.046738 -0.431422 -0.155012 0.073337 -0.810639
    30 1.539124 0.000015 -0.000016 -0.000004 0.004459 -0.247797
    31 1.196327 0.000032 -0.000010 -0.000004 0.007358 -0.430804
    32 3.882813 -0.046753 0.431396 0.085902 0.021817 -0.587880
    33 1.719578 -0.000004 0.000004 -0.000008 0.005537 -0.366457
    34 1.209160 -0.000010 -0.000011 0.000003 0.003062 -0.216418
    35 3.859375 -0.137939 1.332031 0.354449 -0.042742 -0.531707
    36 1.719427 0.000031 -0.000031 0.000003 0.004052 -0.363023
    37 1.099674 -0.000004 -0.000011 -0.000007 0.002609 -0.244321
    38 0.807566 -0.347147 1.320592 -1.206856 -0.679483 -0.789308
    39 1.789783 -0.000007 0.000004 0.000001 0.007386 0.228516
    40 1.207018 0.000015 -0.000008 -0.000003 0.011265 0.362846
    41 11.481726 -0.000012 -0.000038 0.001269 0.000000 -0.000005
    42 3.859663 -0.132561 1.193130 0.479137 -0.158530 -0.879052
    43 1.312580 -0.000006 0.000003 0.000007 -0.011938 -0.439655
    44 0.729366 -0.000008 -0.000001 0.000005 -0.006136 -0.244269
    45 3.942284 0.050331 0.431063 0.155002 -0.079316 -0.810200
    46 1.539131 -0.000004 0.000002 -0.000002 -0.005851 -0.247777
    47 1.196323 0.000004 0.000005 0.000003 -0.009653 -0.430773
    48 3.882813 -0.050323 -0.430908 -0.085903 -0.026418 -0.587683
    49 1.719599 0.000008 0.000010 -0.000006 -0.007945 -0.366462
    50 1.209183 0.000010 0.000010 0.000006 -0.004485 -0.216351
    51 3.859375 -0.148926 -1.331055 -0.354417 0.038569 -0.532007
    52 1.719425 0.000011 0.000011 0.000004 -0.006614 -0.362968
    53 1.099663 0.000011 0.000010 -0.000001 -0.004222 -0.244302
    54 0.805664 -0.359619 -1.317383 1.204196 0.673612 -0.793958
    55 1.789780 -0.000011 0.000008 0.000004 -0.006302 0.228564
    56 1.207003 0.000001 -0.000008 -0.000005 -0.009615 0.362899
    57 11.481689 -0.000073 -0.000004 0.000155 0.000000 -0.000014
  time 55
    0 0.028906 42.649739 38.078617 2.556992 -0.089417 -0.029871
    1 3.890447 0.000000 0.000000 -1.587634 -1.118545 -1.621450
    2 17.848156 0.000000 0.000000 0.000120 -0.000012 0.150784
    3 16.525240 0.000000 0.000000 -0.000686 0.012898 -1.000315
    4 -3.890447 0.000000 0.000000 -0.925842 -1.053459 -2.101298
    5 17.848167 0.000000 0.000000 -0.000144 0.000024 0.373471
    6 16.525238 0.000000 0.000000 0.086188 -0.126253 -1.213882
    7 -0.027345 3.806082 -2.403755 1.570796 -0.085802 1.578574
    8 4.015370 0.000000 0.000000 -0.001139 0.004866 0.098400
    9 3.520298 0.000000 0.000000 -0.000695 0.003859 0.202364
    10 8.940987 0.000000 0.000000 -0.000395 0.001558 0.240032
    11 3.306377 -0.000001 0.000000 3.141578 0.000839 0.425800
    12 3.594185 0.000000 0.000000 -0.028401 0.020184 0.715635
    13 2.036090 0.997452 1.937661 -1.425321 -1.189280 2.315814
    14 6.028141 0.000011 0.000000 -4.229015 0.523456 0.756076
    15 11.692581 -0.000001 -0.000008 0.000000 0.000000 -1.413996
    16 11.481684 0.000000 -0.000031 0.281115 0.256496 0.007226
    17 2.036090 0.997453 -1.937661 1.423269 1.133433 0.725247
    18 6.028137 -0.000008 0.000000 1.912783 0.585053 -0.046009
    19 11.692554 0.000000 0.000019 0.000000 0.000000 -2.068154
    20 11.481705 0.000000 0.000011 -0.546556 0.713397 0.289166
    21 2.000004 -3.000000 0.000000 -1.570796 0.000000 -1.326450
    22 2.676084 -1.712437 0.000000 -1.570796 0.000000 -1.570795
    23 2.676081 -1.712433 0.000000 1.570797 0.000001 1.570797
    24 6.879441 -0.000010 0.000000 -0.004818 -0.033979 -0.583558
    25 6.879432 -0.000013 0.000000 -0.210299 -0.002961 -0.584376
    26 3.859711 -0.142445 -1.191958 -0.479138 0.152189 -0.879878
    27 1.312550 0.000008 0.000004 -0.000009 0.009670 -0.439707
    28 0.729370 0.000006 0.000000 0.000003 0.004968 -0.244304
    29 3.942335 0.046738 -0.431422 -0.155012 0.073337 -0.810639
    30 1.539124 0.000015 -0.000016 -0.000004 0.004459 -0.247797
    31 1.196327 0.000032 -0.000010 -0.000004 0.007358 -0.430804
    32 3.882813 -0.046753 0.431396 0.085902 0.021817 -0.587880
    33 1.719578 -0.000004 0.000004 -0.000008 0.005537 -0.366457
    34 1.209160 -0.000010 -0.000011 0.000003 0.003062 -0.216418
    35 3.859375 -0.137939 1.332031 0.354449 -0.042742 -0.531707
    36 1.719427 0.000031 -0.000031 0.000003 0.004052 -0.363023
    37 1.099674 -0.000004 -0.000011 -0.000007 0.002609 -0.244321
    38 0.807566 -0.347147 1.320592 -1.206856 -0.679483 -0.789308
    39 1.789783 -0.000007 0.000004 0.000001 0.007386 0.228516
    40 1.207018 0.000015 -0.000008 -0.000003 0.011265 0.362846
    41 11.481726 -0.000012 -0.000038 0.001269 0.000000 -0.000005
    42 3.859663 -0.132561 1.193130 0.479137 -0.158530 -0.879052
    43 1.312580 -0.000006 0.000003 0.000007 -0.011938 -0.439655
    44 0.729366 -0.000008 -0.000001 0.000005 -0.006136 -0.244269
    45 3.942284 0.050331 0.431063 0.155002 -0.079316 -0.810200
    46 1.539131 -0.000004 0.000002 -0.000002 -0.005851 -0.247777
    47 1.196323 0.000004 0.000005 0.000003 -0.009665 -0.430773
    48 3.882813 -0.050323 -0.430908 -0.085903 -0.026418 -0.587683
    49 1.719599 0.000008 0.000010 -0.000006 -0.007945 -0.366462
    50 1.209183 0.000010 0.000010 0.000006 -0.004485 -0.216351
    51 3.859375 -0.148926 -1.331055 -0.354417 0.038569 -0.532007
    52 1.719425 0.000011 0.000011 0.000004 -0.006614 -0.362968
    53 1.099663 0.000011 0.000010 -0.000001 -0.004222 -0.244302
    54 0.805664 -0.359619 -1.317383 1.204196 0.673612 -0.793958
    55 1.789780 -0.000011 0.000008 0.000004 -0.006302 0.228564
    56 1.207003 0.000001 -0.000008 -0.000005 -0.009615 0.362899
    57 11.481689 -0.000073 -0.000004 0.000155 0.000000 -0.000014
  time 56
    0 0.025000 42.649739 38.168464 2.588309 -0.095218 -0.032347
    1 3.890447 0.000000 0.000000 -1.573896 -1.092842 -1.638812
    2 17.848156 0.000000 0.000000 0.000012 0.000000 0.034207
    3 16.525240 0.000000 0.000000 -0.000854 0.012622 -0.940243
    4 -3.890447 0.000000 0.000000 -0.907524 -1.071360 -2.125544
    5 17.848167 0.000000 0.000000 -0.000144 0.000024 0.351982
    6 16.525238 0.000000 0.000000 0.089999 -0.119436 -1.202822
    7 -0.019532 3.763112 -2.470163 1.570808 -0.067333 1.576321
    8 4.015370 0.000000 0.000000 -0.000815 0.003511 0.092888
    9 3.520298 0.000000 0.000000 -0.000491 0.002792 0.200339
    10 8.940987 0.000000 0.000000 -0.000276 0.001151 0.242753
    11 3.306377 -0.000001 0.000000 3.141590 0.000611 0.428556
    12 3.594185 0.000000 0.000000 -0.024902 0.021401 0.747615
    13 2.036090 0.997452 1.937661 -1.383814 -1.148982 2.265131
    14 6.028141 0.000011 0.000000 -4.160620 0.455348 0.750122
    15 11.692581 -0.000001 -0.000008 0.000000 0.000000 -1.413060
    16 11.481684 0.000000 -0.000031 0.238209 0.239836 0.016006
    17 2.036090 0.997453 -1.937661 1.462490 1.093571 0.770560
    18 6.028137 -0.000008 0.000000 1.855618 0.457429 -0.265295
    19 11.692554 0.000000 0.000019 0.000000 0.000000 -2.090043
    20 11.481705 0.000000 0.000011 -0.676991 0.658700 0.076023
    21 2.000004 -3.000000 0.000000 -1.570796 0.000000 -1.326450
    22 2.676084 -1.712437 0.000000 -1.570796 0.000000 -1.570795
    23 2.676081 -1.712433 0.000000 1.570797 0.000001 1.570797
    24 6.879441 -0.000010 0.000000 -0.004818 -0.033979 -0.583558
    25 6.879432 -0.000013 0.000000 -0.210299 -0.002961 -0.584376
    26 3.859711 -0.142445 -1.191958 -0.479138 0.152189 -0.879878
    27 1.312550 0.000008 0.000004 -0.000009 0.009670 -0.439707
    28 0.729370 0.000006 0.000000 0.000003 0.004968 -0.244304
    29 3.942335 0.046738 -0.431422 -0.155012 0.073337 -0.810639
    30 1.539124 0.000015 -0.000016 -0.000004 0.004459 -0.247797
    31 1.196327 0.000032 -0.000010 -0.000004 0.007358 -0.430804
    32 3.882813 -0.046753 0.431396 0.085902 0.021817 -0.587880
    33 1.719578 -0.000004 0.000004 -0.000008 0.005537 -0.366457
    34 1.209160 -0.000010 -0.000011 0.000003 0.003062 -0.216418
    35 3.859375 -0.137939 1.332031 0.354449 -0.042742 -0.531707
    36 1.719427 0.000031 -0.000031 0.000003 0.004052 -0.363023
    37 1.099674 -0.000004 -0.000011 -0.000007 0.002609 -0.244321
    38 0.807566 -0.347147 1.320592 -1.206856 -0.679471 -0.789308
    39 1.789783 -0.000007 0.000004 0.000001 0.007386 0.228516
    40 1.207018 0.000015 -0.000008 -0.000003 0.011265 0.362846
    41 11.481726 -0.000012 -0.000038 0.001269 0.000000 -0.000005
    42 3.859663 -0.132561 1.193130 0.479137 -0.158530 -0.879052
    43 1.312580 -0.000006 0.000003 0.000007 -0.011938 -0.439655
    44 0.729366 -0.000008 -0.000001 0.000005 -0.006136 -0.244269
    45 3.942284 0.050331 0.431063 0.155002 -0.079316 -0.810200
    46 1.539131 -0.000004 0.000002 -0.000002 -0.005851 -0.247777
    47 1.196323 0.000004 0.000005 0.000003 -0.009653 -0.430773
    48 3.882813 -0.050323 -0.430908 -0.085903 -0.026418 -0.587683
    49 1.719599 0.000008 0.000010 -0.000006 -0.007945 -0.366462
    50 1.209183 0.000010 0.000010 0.000006 -0.004485 -0.216351
    51 3.859375 -0.148926 -1.331055 -0.354417 0.038569 -0.532007
    52 1.719425 0.000011 0.000011 0.000004 -0.006614 -0.362968
    53 1.099663 0.000011 0.000010 -0.000001 -0.004222 -0.244302
    54 0.805664 -0.359619 -1.317383 1.204196 0.673612 -0.793958
    55 1.789780 -0.000011 0.000008 0.000004 -0.006302 0.228564
    56 1.207003 0.000001 -0.000008 -0.000005 -0.009615 0.362899
    57 11.481689 -0.000073 -0.000004 0.000155 0.000000 -0.000014
  time 57
    0 0.021093 42.653645 38.289561 2.659189 -0.097279 -0.035968
    1 3.890447 0.000000 0.000000 -1.560492 -1.162685 -1.654212
    2 17.848156 0.000000 0.000000 0.000012 0.000000 0.034207
    3 16.525240 0.000000 0.000000 -0.001465 0.011819 -0.940762
    4 -3.890447 0.000000 0.000000 -0.855623 -1.118082 -2.177052
    5 17.848167 0.000000 0.000000 -0.000156 0.000024 0.314260
    6 16.525238 0.000000 0.000000 0.093666 -0.112148 -1.183087
    7 -0.007813 3.661547 -2.606886 1.570820 -0.028228 1.573948
    8 4.015370 0.000000 0.000000 -0.000467 0.002073 0.077775
    9 3.520298 0.000000 0.000000 -0.000276 0.001666 0.192309
    10 8.940987 0.000000 0.000000 -0.000156 0.000695 0.245425
    11 3.306377 -0.000001 0.000000 3.141590 0.000372 0.432247
    12 3.594185 0.000000 0.000000 -0.004811 0.025512 0.816167
    13 2.036090 0.997452 1.937661 -1.333834 -1.111991 2.272669
    14 6.028141 0.000011 0.000000 -4.143758 0.446679 0.713970
    15 11.692581 -0.000001 -0.000008 0.000000 0.000000 -1.446764
    16 11.481684 0.000000 -0.000031 0.213412 0.212359 0.031333
    17 2.036090 0.997453 -1.937661 1.465353 1.086127 0.812691
    18 6.028137 -0.000008 0.000000 1.917841 0.394038 -0.531257
    19 11.692554 0.000000 0.000019 0.000000 0.000000 -2.090810
    20 11.481705 0.000000 0.000011 -0.823994 0.438885 -0.136014
    21 2.000004 -3.000000 0.000000 -1.570796 0.000000 -1.326450
    22 2.676084 -1.712437 0.000000 -1.570796 0.000000 -1.570795
    23 2.676081 -1.712433 0.000000 1.570797 0.000001 1.570797
    24 6.879441 -0.000010 0.000000 -0.004818 -0.033979 -0.583558
    25 6.879432 -0.000013 0.000000 -0.210299 -0.002961 -0.584376
    26 3.859711 -0.142445 -1.191958 -0.479138 0.152189 -0.879878
    27 1.312550 0.000008 0.000004 -0.000009 0.009670 -0.439707
    28 0.729370 0.000006 0.000000 0.000003 0.004968 -0.244304
    29 3.942335 0.046738 -0.431422 -0.155012 0.073337 -0.810639
    30 1.539124 0.000015 -0.000016 -0.000004 0.004459 -0.247797
    31 1.196327 0.000032 -0.000010 -0.000004 0.007358 -0.430804
    32 3.882813 -0.046753 0.431396 0.085902 0.021817 -0.587880
    33 1.719578 -0.000004 0.000004 -0.000008 0.005537 -0.366457
    34 1.209160 -0.000010 -0.000011 0.000003 0.003062 -0.216418
    35 3.859375 -0.137939 1.332031 0.354449 -0.042742 -0.531707
    36 1.719427 0.000031 -0.000031 0.000003 0.004052 -0.363023
    37 1.099674 -0.000004 -0.000011 -0.000007 0.002609 -0.244321
    38 0.807566 -0.347147 1.320592 -1.206856 -0.679483 -0.789308
    39 1.789783 -0.000007 0.000004 0.000001 0.007386 0.228516
    40 1.207018 0.000015 -0.000008 -0.000003 0.011265 0.362846
    41 11.481726 -0.000012 -0.000038 0.001269 0.000000 -0.000005
    42 3.859663 -0.132561 1.193130 0.479137 -0.158530 -0.879052
    43 1.312580 -0.000006 0.000003 0.000007 -0.011938 -0.439655
    44 0.729366 -0.000008 -0.000001 0.000005 -0.006136 -0.244269
    45 3.942284 0.050331 0.431063 0.155002 -0.079316 -0.810200
    46 1.539131 -0.000004 0.000002 -0.000002 -0.005851 -0.247777
    47 1.196323 0.000004 0.000005 0.000003 -0.009653 -0.430773
    48 3.882813 -0.050323 -0.430908 -0.085903 -0.026418 -0.587683
    49 1.719599 0.000008 0.000010 -0.000006 -0.007945 -0.366462
    50 1.209183 0.000010 0.000010 0.000006 -0.004485 -0.216351
    51 3.859375 -0.148926 -1.331055 -0.354417 0.038569 -0.532007
    52 1.719425 0.000011 0.000011 0.000004 -0.006614 -0.362968
    53 1.099663 0.000011 0.000010 -0.000001 -0.004222 -0.244302
    54 0.805664 -0.359619 -1.317383 1.204196 0.673612 -0.793958
    55 1.789780 -0.000011 0.000008 0.000004 -0.006302 0.228564
    56 1.207003 0.000001 -0.000008 -0.000005 -0.009615 0.362899
    57 11.481689 -0.000073 -0.000004 0.000155 0.000000 -0.000014
  time 58
    0 0.009374 42.665365 38.414565 2.749725 -0.096907 -0.040255
    1 3.890447 0.000000 0.000000 -1.541602 -1.252235 -1.674315
    2 17.848156 0.000000 0.000000 0.000012 0.000000 0.034207
    3 16.525240 0.000000 0.000000 -0.002304 0.010837 -0.941157
    4 -3.890447 0.000000 0.000000 -0.774332 -1.175967 -2.254972
    5 17.848167 0.000000 0.000000 -0.000156 0.000012 0.264399
    6 16.525238 0.000000 0.000000 0.097190 -0.104698 -1.156756
    7 0.000000 3.536543 -2.767048 1.570808 0.019159 1.571623
    8 4.015370 0.000000 0.000000 -0.000120 0.000563 0.056802
    9 3.520298 0.000000 0.000000 -0.000072 0.000455 0.179485
    10 8.940987 0.000000 0.000000 -0.000036 0.000192 0.246576
    11 3.306377 -0.000001 0.000000 3.141590 0.000096 0.435471
    12 3.594185 0.000000 0.000000 0.023899 0.029104 0.899903
    13 2.036090 0.997452 1.937661 -1.275096 -1.077137 2.313675
    14 6.028141 0.000011 0.000000 -4.162231 0.472788 0.655621
    15 11.692581 -0.000001 -0.000008 0.000000 0.000000 -1.500596
    16 11.481684 0.000000 -0.000031 0.205127 0.178438 0.050509
    17 2.036090 0.997453 -1.937661 1.440064 1.110661 0.859664
    18 6.028137 -0.000008 0.000000 2.074926 0.438140 -0.783384
    19 11.692554 0.000000 0.000019 0.000000 0.000000 -2.078820
    20 11.481705 0.000000 0.000011 -0.897562 0.117251 -0.269457
    21 2.000004 -3.000000 0.000000 -1.570796 0.000000 -1.326450
    22 2.676084 -1.712437 0.000000 -1.570796 0.000000 -1.570795
    23 2.676081 -1.712433 0.000000 1.570797 0.000001 1.570797
    24 6.879441 -0.000010 0.000000 -0.004818 -0.033979 -0.583558
    25 6.879432 -0.000013 0.000000 -0.210299 -0.002961 -0.584376
    26 3.859711 -0.142445 -1.191958 -0.479138 0.152189 -0.879878
    27 1.312550 0.000008 0.000004 -0.000009 0.009670 -0.439707
    28 0.729370 0.000006 0.000000 0.000003 0.004968 -0.244304
    29 3.942335 0.046738 -0.431422 -0.155012 0.073337 -0.810639
    30 1.539124 0.000015 -0.000016 -0.000004 0.004459 -0.247797
    31 1.196327 0.000032 -0.000010 -0.000004 0.007358 -0.430804
    32 3.882813 -0.046753 0.431396 0.085902 0.021817 -0.587880
    33 1.719578 -0.000004 0.000004 -0.000008 0.005537 -0.366457
    34 1.209160 -0.000010 -0.000011 0.000003 0.003062 -0.216418
    35 3.859375 -0.137939 1.332031 0.354449 -0.042742 -0.531707
    36 1.719427 0.000031 -0.000031 0.000003 0.004052 -0.363023
    37 1.099674 -0.000004 -0.000011 -0.000007 0.002609 -0.244321
    38 0.807566 -0.347147 1.320592 -1.206856 -0.679471 -0.789308
    39 1.789783 -0.000007 0.000004 0.000001 0.007386 0.228516
    40 1.207018 0.000015 -0.000008 -0.000003 0.011265 0.362846
    41 11.481726 -0.000012 -0.000038 0.001269 0.000000 -0.000005
    42 3.859663 -0.132561 1.193130 0.479137 -0.158530 -0.879052
    43 1.312580 -0.000006 0.000003 0.000007 -0.011938 -0.439655
    44 0.729366 -0.000008 -0.000001 0.000005 -0.006136 -0.244269
    45 3.942284 0.050331 0.431063 0.155002 -0.079316 -0.810200
    46 1.539131 -0.000004 0.000002 -0.000002 -0.005851 -0.247777
    47 1.196323 0.000004 0.000005 0.000003 -0.009665 -0.430773
    48 3.882813 -0.050323 -0.430908 -0.085903 -0.026418 -0.587683
    49 1.719599 0.000008 0.000010 -0.000006 -0.007945 -0.366462
    50 1.209183 0.000010 0.000010 0.000006 -0.004485 -0.216351
    51 3.859375 -0.148926 -1.331055 -0.354417 0.038569 -0.532007
    52 1.719425 0.000011 0.000011 0.000004 -0.006614 -0.362968
    53 1.099663 0.000011 0.000010 -0.000001 -0.004222 -0.244302
    54 0.805664 -0.359619 -1.317383 1.204196 0.673612 -0.793958
    55 1.789780 -0.000011 0.000008 0.000004 -0.006302 0.228564
    56 1.207003 0.000001 -0.000008 -0.000005 -0.009615 0.362899
    57 11.481689 -0.000073 -0.000004 0.000155 0.000000 -0.000014
  time 59
    0 0.001562 42.684896 38.527850 2.839470 -0.095649 -0.044446
    1 3.890447 0.000000 0.000000 -1.511026 -1.341196 -1.706110
    2 17.848156 0.000000 0.000000 0.000012 0.000000 0.034207
    3 16.525240 0.000000 0.000000 -0.003167 0.009902 -0.941240
    4 -3.890447 0.000000 0.000000 -0.675808 -1.228291 -2.350324
    5 17.848167 0.000000 0.000000 -0.000156 0.000012 0.207746
    6 16.525238 0.000000 0.000000 0.100557 -0.097392 -1.126551
    7 0.003906 3.411539 -2.911583 1.570736 0.063011 1.569382
    8 4.015370 0.000000 0.000000 0.000204 -0.000971 0.034427
    9 3.520298 0.000000 0.000000 0.000120 -0.000803 0.164049
    10 8.940987 0.000000 0.000000 0.000060 -0.000336 0.244970
    11 3.306377 -0.000001 0.000000 3.141590 -0.000180 0.436837
    12 3.594185 0.000000 0.000000 0.053071 0.030247 0.977858
    13 2.036090 0.997452 1.937661 -1.212169 -1.042614 2.367298
    14 6.028141 0.000011 0.000000 -4.203722 0.509316 0.579792
    15 11.692581 -0.000001 -0.000008 0.000000 0.000000 -1.559644
    16 11.481684 0.000000 -0.000031 0.208559 0.143983 0.069839
    17 2.036090 0.997453 -1.937661 1.391968 1.164089 0.913486
    18 6.028137 -0.000008 0.000000 2.255869 0.556238 -0.892639
    19 11.692554 0.000000 0.000019 0.000000 0.000000 -2.062368
    20 11.481705 0.000000 0.000011 -0.901503 -0.139269 -0.338230
    21 2.000004 -3.000000 0.000000 -1.570796 0.000000 -1.326450
    22 2.676084 -1.712437 0.000000 -1.570796 0.000000 -1.570795
    23 2.676081 -1.712433 0.000000 1.570797 0.000001 1.570797
    24 6.879441 -0.000010 0.000000 -0.004818 -0.033979 -0.583558
    25 6.879432 -0.000013 0.000000 -0.210299 -0.002961 -0.584376
    26 3.859711 -0.142445 -1.191958 -0.479138 0.152189 -0.879878
    27 1.312550 0.000008 0.000004 -0.000009 0.009670 -0.439707
    28 0.729370 0.000006 0.000000 0.000003 0.004968 -0.244304
    29 3.942335 0.046738 -0.431422 -0.155012 0.073337 -0.810639
    30 1.539124 0.000015 -0.000016 -0.000004 0.004459 -0.247797
    31 1.196327 0.000032 -0.000010 -0.000004 0.007358 -0.430804
    32 3.882813 -0.046753 0.431396 0.085902 0.021817 -0.587880
    33 1.719578 -0.000004 0.000004 -0.000008 0.005537 -0.366457
    34 1.209160 -0.000010 -0.000011 0.000003 0.003062 -0.216418
    35 3.859375 -0.137939 1.332031 0.354449 -0.042742 -0.531707
    36 1.719427 0.000031 -0.000031 0.000003 0.004052 -0.363023
    37 1.099674 -0.000004 -0.000011 -0.000007 0.002609 -0.244321
    38 0.807566 -0.347147 1.320592 -1.206856 -0.679483 -0.789308
    39 1.789783 -0.000007 0.000004 0.000001 0.007386 0.228516
    40 1.207018 0.000015 -0.000008 -0.000003 0.011265 0.362846
    41 11.481726 -0.000012 -0.000038 0.001269 0.000000 -0.000005
    42 3.859663 -0.132561 1.193130 0.479137 -0.158530 -0.879052
    43 1.312580 -0.000006 0.000003 0.000007 -0.011938 -0.439655
    44 0.729366 -0.000008 -0.000001 0.000005 -0.006136 -0.244269
    45 3.942284 0.050331 0.431063 0.155002 -0.079316 -0.810200
    46 1.539131 -0.000004 0.000002 -0.000002 -0.005851 -0.247777
    47 1.196323 0.000004 0.000005 0.000003 -0.009653 -0.430773
    48 3.882813 -0.050323 -0.430908 -0.085903 -0.026418 -0.587683
    49 1.719599 0.000008 0.000010 -0.000006 -0.007945 -0.366462
    50 1.209183 0.000010 0.000010 0.000006 -0.004485 -0.216351
    51 3.859375 -0.148926 -1.331055 -0.354417 0.038569 -0.532007
    52 1.719425 0.000011 0.000011 0.000004 -0.006614 -0.362968
    53 1.099663 0.000011 0.000010 -0.000001 -0.004222 -0.244302
    54 0.805664 -0.359619 -1.317383 1.204196 0.673612 -0.793958
    55 1.789780 -0.000011 0.000008 0.000004 -0.006302 0.228564
    56 1.207003 0.000001 -0.000008 -0.000005 -0.009615 0.362899
    57 11.481689 -0.000073 -0.000004 0.000155 0.000000 -0.000014
  time 60
    0 -0.010158 42.720054 38.605977 2.907976 -0.095277 -0.048543
    1 3.890447 0.000000 0.000000 -1.461811 -1.409085 -1.757201
    2 17.848156 0.000000 0.000000 0.000012 0.000000 0.034207
    3 16.525240 0.000000 0.000000 -0.003874 0.009255 -0.940845
    4 -3.890447 0.000000 0.000000 -0.587634 -1.263322 -2.438483
    5 17.848167 0.000000 0.000000 -0.000144 0.000000 0.156768
    6 16.525238 0.000000 0.000000 0.103733 -0.090557 -1.098956
    7 0.011719 3.325599 -3.001430 1.570604 0.092913 1.567129
    8 4.015370 0.000000 0.000000 0.000551 -0.002577 0.015671
    9 3.520298 0.000000 0.000000 0.000336 -0.002121 0.149859
    10 8.940987 0.000000 0.000000 0.000180 -0.000923 0.240583
    11 3.306377 -0.000001 0.000000 3.141590 -0.000491 0.435244
    12 3.594185 0.000000 0.000000 0.074294 0.029342 1.031319
    13 2.036090 0.997452 1.937661 -1.154764 -1.007633 2.410549
    14 6.028141 0.000011 0.000000 -4.248245 0.530335 0.498676
    15 11.692581 -0.000001 -0.000008 0.000000 0.000000 -1.611403
    16 11.481684 0.000000 -0.000031 0.216075 0.115137 0.085542
    17 2.036090 0.997453 -1.937661 1.333566 1.231125 0.961774
    18 6.028137 -0.000008 0.000000 2.422784 0.681941 -0.868719
    19 11.692554 0.000000 0.000019 0.000000 0.000000 -2.047032
    20 11.481705 0.000000 0.000011 -0.884577 -0.294140 -0.369285
    21 2.000004 -3.000000 0.000000 -1.570796 0.000000 -1.326450
    22 2.676084 -1.712437 0.000000 -1.570796 0.000000 -1.570795
    23 2.676081 -1.712433 0.000000 1.570797 0.000001 1.570797
    24 6.879441 -0.000010 0.000000 -0.004818 -0.033979 -0.583558
    25 6.879432 -0.000013 0.000000 -0.210299 -0.002961 -0.584376
    26 3.859711 -0.142445 -1.191958 -0.479138 0.152189 -0.879878
    27 1.312550 0.000008 0.000004 -0.000007 0.009671 -0.439707
    28 0.729370 0.000006 0.000000 0.000003 0.004968 -0.244304
    29 3.942335 0.046738 -0.431422 -0.155012 0.073337 -0.810639
    30 1.539124 0.000015 -0.000016 -0.000004 0.004459 -0.247797
    31 1.196327 0.000032 -0.000010 -0.000004 0.007358 -0.430804
    32 3.882813 -0.046753 0.431396 0.085902 0.021817 -0.587880
    33 1.719578 -0.000004 0.000004 -0.000008 0.005537 -0.366457
    34 1.209160 -0.000010 -0.000011 0.000003 0.003062 -0.216418
    35 3.859375 -0.137939 1.332031 0.354449 -0.042742 -0.531707
    36 1.719427 0.000031 -0.000031 0.000005 0.004052 -0.363023
    37 1.099674 -0.000004 -0.000011 -0.000007 0.002609 -0.244321
    38 0.807566 -0.347147 1.320592 -1.206856 -0.679483 -0.789308
    39 1.789783 -0.000007 0.000004 0.000001 0.007386 0.228516
    40 1.207018 0.000015 -0.000008 -0.000003 0.011265 0.362846
    41 11.481726 -0.000012 -0.000038 0.001269 0.000000 -0.000005
    42 3.859663 -0.132561 1.193130 0.479139 -0.158529 -0.879052
    43 1.312580 -0.000006 0.000003 0.000007 -0.011938 -0.439655
    44 0.729366 -0.000008 -0.000001 0.000005 -0.006136 -0.244269
    45 3.942284 0.050331 0.431063 0.155002 -0.079316 -0.810200
    46 1.539131 -0.000004 0.000002 -0.000002 -0.005851 -0.247777
    47 1.196323 0.000004 0.000005 0.000003 -0.009653 -0.430773
    48 3.882813 -0.050323 -0.430908 -0.085903 -0.026418 -0.587681
    49 1.719599 0.000008 0.000010 -0.000006 -0.007945 -0.366462
    50 1.209183 0.000010 0.000010 0.000006 -0.004485 -0.216351
    51 3.859375 -0.148926 -1.331055 -0.354417 0.038569 -0.532007
    52 1.719425 0.000011 0.000011 0.000004 -0.006614 -0.362968
    53 1.099663 0.000011 0.000010 -0.000001 -0.004222 -0.244302
    54 0.805664 -0.359619 -1.317383 1.204196 0.673612 -0.793958
    55 1.789780 -0.000011 0.000008 0.000005 -0.006300 0.228564
    56 1.207003 0.000001 -0.000008 -0.000007 -0.009615 0.362899
    57 11.481689 -0.000073 -0.000004 0.000155 0.000000 -0.000014
  time 61
    0 -0.017970 42.770836 38.637228 2.935378 -0.097710 -0.052353
    1 3.890447 0.000000 0.000000 -1.413308 -1.436196 -1.809153
    2 17.848156 0.000000 0.000000 0.000012 0.000000 0.034207
    3 16.525240 0.000000 0.000000 -0.004233 0.009147 -0.939890
    4 -3.890447 0.000000 0.000000 -0.534957 -1.277368 -2.497967
    5 17.848167 0.000000 0.000000 -0.000132 0.000000 0.142768
    6 16.525238 0.000000 0.000000 0.106705 -0.084499 -1.090085
    7 0.019532 3.306067 -3.020962 1.570484 0.099888 1.564732
    8 4.015370 0.000000 0.000000 0.000935 -0.004302 0.006203
    9 3.520298 0.000000 0.000000 0.000563 -0.003559 0.141111
    10 8.940987 0.000000 0.000000 0.000300 -0.001546 0.234651
    11 3.306377 -0.000001 0.000000 3.141590 -0.000839 0.431217
    12 3.594185 0.000000 0.000000 0.079645 0.028303 1.044707
    13 2.036090 0.997452 1.937661 -1.117922 -0.972245 2.417499
    14 6.028141 0.000011 0.000000 -4.262643 0.510965 0.436136
    15 11.692581 -0.000001 -0.000008 0.000000 0.000000 -1.644504
    16 11.481684 0.000000 -0.000031 0.218975 0.097676 0.093814
    17 2.036090 0.997453 -1.937661 1.291768 1.276069 0.964057
    18 6.028137 -0.000008 0.000000 2.494455 0.765663 -0.852622
    19 11.692554 0.000000 0.000019 0.000000 0.000000 -2.038109
    20 11.481705 0.000000 0.000011 -0.885070 -0.389619 -0.372398
    21 2.000004 -3.000000 0.000000 -1.570796 0.000000 -1.326450
    22 2.676084 -1.712437 0.000000 -1.570796 0.000000 -1.570795
    23 2.676081 -1.712433 0.000000 1.570797 0.000001 1.570797
    24 6.879441 -0.000010 0.000000 -0.004818 -0.033979 -0.583558
    25 6.879432 -0.000013 0.000000 -0.210299 -0.002961 -0.584376
    26 3.859711 -0.142445 -1.191958 -0.479138 0.152189 -0.879878
    27 1.312550 0.000008 0.000004 -0.000007 0.009671 -0.439707
    28 0.729370 0.000006 0.000000 0.000003 0.004968 -0.244304
    29 3.942335 0.046738 -0.431422 -0.155012 0.073337 -0.810639
    30 1.539124 0.000015 -0.000016 -0.000004 0.004459 -0.247797
    31 1.196327 0.000032 -0.000010 -0.000004 0.007358 -0.430804
    32 3.882813 -0.046753 0.431396 0.085902 0.021817 -0.587880
    33 1.719578 -0.000004 0.000004 -0.000008 0.005537 -0.366457
    34 1.209160 -0.000010 -0.000011 0.000003 0.003062 -0.216418
    35 3.859375 -0.137939 1.332031 0.354449 -0.042742 -0.531707
    36 1.719427 0.000031 -0.000031 0.000005 0.004052 -0.363023
    37 1.099674 -0.000004 -0.000011 -0.000007 0.002609 -0.244321
    38 0.807566 -0.347147 1.320592 -1.206856 -0.679483 -0.789308
    39 1.789783 -0.000007 0.000004 0.000001 0.007386 0.228516
    40 1.207018 0.000015 -0.000008 -0.000003 0.011265 0.362846
    41 11.481726 -0.000012 -0.000038 0.001269 0.000000 -0.000005
    42 3.859663 -0.132561 1.193130 0.479139 -0.158529 -0.879052
    43 1.312580 -0.000006 0.000003 0.000007 -0.011938 -0.439655
    44 0.729366 -0.000008 -0.000001 0.000005 -0.006136 -0.244269
    45 3.942284 0.050331 0.431063 0.155002 -0.079316 -0.810200
    46 1.539131 -0.000004 0.000002 -0.000002 -0.005851 -0.247777
    47 1.196323 0.000004 0.000005 0.000003 -0.009665 -0.430773
    48 3.882813 -0.050323 -0.430908 -0.085903 -0.026418 -0.587681
    49 1.719599 0.000008 0.000010 -0.000006 -0.007945 -0.366462
    50 1.209183 0.000010 0.000010 0.000006 -0.004485 -0.216351
    51 3.859375 -0.148926 -1.331055 -0.354417 0.038569 -0.532007
    52 1.719425 0.000011 0.000011 0.000004 -0.006614 -0.362968
    53 1.099663 0.000011 0.000010 -0.000001 -0.004222 -0.244302
    54 0.805664 -0.359619 -1.317383 1.204196 0.673612 -0.793958
    55 1.789780 -0.000011 0.000008 0.000005 -0.006300 0.228564
    56 1.207003 0.000001 -0.000008 -0.000007 -0.009615 0.362899
    57 11.481689 -0.000073 -0.000004 0.000155 0.000000 -0.000014
  time 62
    0 -0.025783 42.864589 38.633322 2.929506 -0.103679 -0.056926
    1 3.890447 0.000000 0.000000 -1.389182 -1.430974 -1.838771
    2 17.848156 0.000000 0.000000 0.000012 0.000000 0.034207
    3 16.525240 0.000000 0.000000 -0.004353 0.009363 -0.937751
    4 -3.890447 0.000000 0.000000 -0.505980 -1.278301 -2.540775
    5 17.848167 0.000000 0.000000 -0.000156 0.000000 0.168443
    6 16.525238 0.000000 0.000000 0.109366 -0.079110 -1.100500
    7 0.019532 3.333412 -2.993617 1.570448 0.090384 1.563749
    8 4.015370 0.000000 0.000000 0.001079 -0.004986 0.005028
    9 3.520298 0.000000 0.000000 0.000659 -0.004111 0.137995
    10 8.940987 0.000000 0.000000 0.000348 -0.001786 0.229150
    11 3.306377 -0.000001 0.000000 3.141590 -0.000971 0.426591
    12 3.594185 0.000000 0.000000 0.067014 0.031613 1.030924
    13 2.036090 0.997452 1.937661 -1.114971 -0.939477 2.388362
    14 6.028141 0.000011 0.000000 -4.227025 0.449877 0.407891
    15 11.692581 -0.000001 -0.000008 0.000000 0.000000 -1.663028
    16 11.481684 0.000000 -0.000031 0.221224 0.090431 0.102041
    17 2.036090 0.997453 -1.937661 1.266193 1.285234 0.937699
    18 6.028137 -0.000008 0.000000 2.484052 0.814007 -0.898457
    19 11.692554 0.000000 0.000019 0.000000 0.000000 -2.045638
    20 11.481705 0.000000 0.000011 -0.893398 -0.451307 -0.352847
    21 2.000004 -3.000000 0.000000 -1.570796 0.000000 -1.326450
    22 2.676084 -1.712437 0.000000 -1.570796 0.000000 -1.570795
    23 2.676081 -1.712433 0.000000 1.570797 0.000001 1.570797
    24 6.879441 -0.000010 0.000000 -0.004818 -0.033979 -0.583558
    25 6.879432 -0.000013 0.000000 -0.210299 -0.002961 -0.584376
    26 3.859711 -0.142445 -1.191958 -0.479138 0.152189 -0.879878
    27 1.312550 0.000008 0.000004 -0.000007 0.009671 -0.439707
    28 0.729370 0.000006 0.000000 0.000003 0.004968 -0.244304
    29 3.942335 0.046738 -0.431422 -0.155012 0.073337 -0.810639
    30 1.539124 0.000015 -0.000016 -0.000004 0.004459 -0.247797
    31 1.196327 0.000032 -0.000010 -0.000004 0.007358 -0.430804
    32 3.882813 -0.046753 0.431396 0.085902 0.021817 -0.587880
    33 1.719578 -0.000004 0.000004 -0.000008 0.005537 -0.366457
    34 1.209160 -0.000010 -0.000011 0.000003 0.003062 -0.216418
    35 3.859375 -0.137939 1.332031 0.354449 -0.042742 -0.531707
    36 1.719427 0.000031 -0.000031 0.000005 0.004052 -0.363023
    37 1.099674 -0.000004 -0.000011 -0.000007 0.002609 -0.244321
    38 0.807566 -0.347147 1.320592 -1.206856 -0.679483 -0.789308
    39 1.789783 -0.000007 0.000004 0.000001 0.007386 0.228516
    40 1.207018 0.000015 -0.000008 -0.000003 0.011265 0.362846
    41 11.481726 -0.000012 -0.000038 0.001269 0.000000 -0.000005
    42 3.859663 -0.132561 1.193130 0.479139 -0.158529 -0.879052
    43 1.312580 -0.000006 0.000003 0.000007 -0.011938 -0.439655
    44 0.729366 -0.000008 -0.000001 0.000005 -0.006136 -0.244269
    45 3.942284 0.050331 0.431063 0.155002 -0.079316 -0.810200
    46 1.539131 -0.000004 0.000002 -0.000002 -0.005851 -0.247777
    47 1.196323 0.000004 0.000005 0.000003 -0.009653 -0.430773
    48 3.882813 -0.050323 -0.430908 -0.085903 -0.026418 -0.587681
    49 1.719599 0.000008 0.000010 -0.000006 -0.007945 -0.366462
    50 1.209183 0.000010 0.000010 0.000006 -0.004485 -0.216351
    51 3.859375 -0.148926 -1.331055 -0.354417 0.038569 -0.532007
    52 1.719425 0.000011 0.000011 0.000004 -0.006614 -0.362968
    53 1.099663 0.000011 0.000010 -0.000001 -0.004222 -0.244302
    54 0.805664 -0.359619 -1.317383 1.204196 0.673612 -0.793958
    55 1.789780 -0.000011 0.000008 0.000005 -0.006300 0.228564
    56 1.207003 0.000001 -0.000008 -0.000007 -0.009615 0.362899
    57 11.481689 -0.000073 -0.000004 0.000155 0.000000 -0.000014
  time 63
    0 -0.033596 43.016938 38.613790 2.912474 -0.112044 -0.062928
    1 3.890447 0.000000 0.000000 -1.374103 -1.415761 -1.861535
    2 17.848156 0.000000 0.000000 0.000000 0.000000 0.034207
    3 16.525240 0.000000 0.000000 -0.004437 0.009530 -0.934055
    4 -3.890447 0.000000 0.000000 -0.486938 -1.274445 -2.577144
    5 17.848167 0.000000 0.000000 -0.000168 0.000012 0.203932
    6 16.525238 0.000000 0.000000 0.111607 -0.074137 -1.114115
    7 0.015625 3.368569 -2.958460 1.570544 0.077692 1.565451
    8 4.015370 0.000000 0.000000 0.000803 -0.003751 0.007018
    9 3.520298 0.000000 0.000000 0.000491 -0.003080 0.137659
    10 8.940987 0.000000 0.000000 0.000264 -0.001330 0.225267
    11 3.306377 -0.000001 0.000000 3.141590 -0.000719 0.422995
    12 3.594185 0.000000 0.000000 0.041134 0.041408 1.013398
    13 2.036090 0.997452 1.937661 -1.147053 -0.914037 2.339765
    14 6.028141 0.000011 0.000000 -4.148305 0.362399 0.408463
    15 11.692581 -0.000001 -0.000008 0.000000 0.000000 -1.676536
    16 11.481684 0.000000 -0.000031 0.232646 0.087059 0.119182
    17 2.036090 0.997453 -1.937661 1.238232 1.278230 0.946693
    18 6.028137 -0.000008 0.000000 2.513446 0.869114 -0.914878
    19 11.692554 0.000000 0.000019 0.000000 0.000000 -2.071988
    20 11.481705 0.000000 0.000011 -0.884711 -0.481911 -0.313700
    21 2.000004 -3.000000 0.000000 -1.570796 0.000000 -1.326450
    22 2.676084 -1.712437 0.000000 -1.570796 0.000000 -1.570795
    23 2.676081 -1.712433 0.000000 1.570797 0.000001 1.570797
    24 6.879441 -0.000010 0.000000 -0.004818 -0.033979 -0.583558
    25 6.879432 -0.000013 0.000000 -0.210299 -0.002961 -0.584376
    26 3.859711 -0.142445 -1.191958 -0.479138 0.152189 -0.879878
    27 1.312550 0.000008 0.000004 -0.000007 0.009671 -0.439707
    28 0.729370 0.000006 0.000000 0.000003 0.004968 -0.244304
    29 3.942335 0.046738 -0.431422 -0.155012 0.073337 -0.810639
    30 1.539124 0.000015 -0.000016 -0.000004 0.004459 -0.247797
    31 1.196327 0.000032 -0.000010 -0.000004 0.007358 -0.430804
    32 3.882813 -0.046753 0.431396 0.085902 0.021817 -0.587880
    33 1.719578 -0.000004 0.000004 -0.000008 0.005537 -0.366457
    34 1.209160 -0.000010 -0.000011 0.000003 0.003062 -0.216418
    35 3.859375 -0.137939 1.332031 0.354449 -0.042742 -0.531707
    36 1.719427 0.000031 -0.000031 0.000005 0.004052 -0.363023
    37 1.099674 -0.000004 -0.000011 -0.000007 0.002609 -0.244321
    38 0.807566 -0.347147 1.320592 -1.206856 -0.679483 -0.789308
    39 1.789783 -0.000007 0.000004 0.000001 0.007386 0.228516
    40 1.207018 0.000015 -0.000008 -0.000003 0.011265 0.362846
    41 11.481726 -0.000012 -0.000038 0.001269 0.000000 -0.000005
    42 3.859663 -0.132561 1.193130 0.479139 -0.158529 -0.879052
    43 1.312580 -0.000006 0.000003 0.000007 -0.011938 -0.439655
    44 0.729366 -0.000008 -0.000001 0.000005 -0.006136 -0.244269
    45 3.942284 0.050331 0.431063 0.155002 -0.079316 -0.810200
    46 1.539131 -0.000004 0.000002 -0.000002 -0.005851 -0.247777
    47 1.196323 0.000004 0.000005 0.000003 -0.009653 -0.430773
    48 3.882813 -0.050323 -0.430908 -0.085903 -0.026418 -0.587681
    49 1.719599 0.000008 0.000010 -0.000006 -0.007945 -0.366462
    50 1.209183 0.000010 0.000010 0.000006 -0.004485 -0.216351
    51 3.859375 -0.148926 -1.331055 -0.354417 0.038569 -0.532007
    52 1.719425 0.000011 0.000011 0.000004 -0.006614 -0.362968
    53 1.099663 0.000011 0.000010 -0.000001 -0.004222 -0.244302
    54 0.805664 -0.359619 -1.317383 1.204196 0.673612 -0.793958
    55 1.789780 -0.000011 0.000008 0.000005 -0.006300 0.228564
    56 1.207003 0.000001 -0.000008 -0.000007 -0.009615 0.362899
    57 11.481689 -0.000073 -0.000004 0.000155 0.000000 -0.000014
  time 64
    0 -0.037502 43.223975 38.586445 2.886071 -0.122027 -0.070168
    1 3.890447 0.000000 0.000000 -1.371213 -1.392374 -1.873952
    2 17.848156 0.000000 0.000000 0.000000 0.000000 0.034207
    3 16.525240 0.000000 0.000000 -0.004521 0.009674 -0.928988
    4 -3.890447 0.000000 0.000000 -0.485075 -1.266408 -2.599192
    5 17.848167 0.000000 0.000000 -0.000168 0.000012 0.243049
    6 16.525238 0.000000 0.000000 0.113429 -0.069689 -1.127842
    7 0.003906 3.411539 -2.911583 1.570724 0.063203 1.569250
    8 4.015370 0.000000 0.000000 0.000228 -0.001067 0.011572
    9 3.520298 0.000000 0.000000 0.000144 -0.000875 0.139708
    10 8.940987 0.000000 0.000000 0.000072 -0.000372 0.223086
    11 3.306377 -0.000001 0.000000 3.141590 -0.000204 0.420586
    12 3.594185 0.000000 0.000000 0.004631 0.055864 0.992889
    13 2.036090 0.997452 1.937661 -1.213788 -0.896228 2.270370
    14 6.028141 0.000011 0.000000 -4.029326 0.246620 0.426753
    15 11.692581 -0.000001 -0.000008 0.000000 0.000000 -1.683357
    16 11.481684 0.000000 -0.000031 0.252530 0.085256 0.143732
    17 2.036090 0.997453 -1.937661 1.217333 1.256179 1.007294
    18 6.028137 -0.000008 0.000000 2.604109 0.937828 -0.886756
    19 11.692554 0.000000 0.000019 0.000000 0.000000 -2.113884
    20 11.481705 0.000000 0.000011 -0.860980 -0.487909 -0.256661
    21 2.000004 -3.000000 0.000000 -1.570796 0.000000 -1.326450
    22 2.676084 -1.712437 0.000000 -1.570796 0.000000 -1.570795
    23 2.676081 -1.712433 0.000000 1.570797 0.000001 1.570797
    24 6.879441 -0.000010 0.000000 -0.004818 -0.033979 -0.583558
    25 6.879432 -0.000013 0.000000 -0.210299 -0.002961 -0.584376
    26 3.859711 -0.142445 -1.191958 -0.479138 0.152189 -0.879878
    27 1.312550 0.000008 0.000004 -0.000007 0.009671 -0.439707
    28 0.729370 0.000006 0.000000 0.000003 0.004968 -0.244304
    29 3.942335 0.046738 -0.431422 -0.155012 0.073337 -0.810639
    30 1.539124 0.000015 -0.000016 -0.000004 0.004459 -0.247797
    31 1.196327 0.000032 -0.000010 -0.000004 0.007358 -0.430804
    32 3.882813 -0.046753 0.431396 0.085902 0.021817 -0.587880
    33 1.719578 -0.000004 0.000004 -0.000008 0.005537 -0.366457
    34 1.209160 -0.000010 -0.000011 0.000003 0.003062 -0.216418
    35 3.859375 -0.137939 1.332031 0.354449 -0.042742 -0.531707
    36 1.719427 0.000031 -0.000031 0.000005 0.004052 -0.363023
    37 1.099674 -0.000004 -0.000011 -0.000007 0.002609 -0.244321
    38 0.807566 -0.347147 1.320592 -1.206856 -0.679483 -0.789308
    39 1.789783 -0.000007 0.000004 0.000001 0.007386 0.228516
    40 1.207018 0.000015 -0.000008 -0.000003 0.011265 0.362846
    41 11.481726 -0.000012 -0.000038 0.001269 0.000000 -0.000005
    42 3.859663 -0.132561 1.193130 0.479139 -0.158529 -0.879052
    43 1.312580 -0.000006 0.000003 0.000007 -0.011938 -0.439655
    44 0.729366 -0.000008 -0.000001 0.000005 -0.006136 -0.244269
    45 3.942284 0.050331 0.431063 0.155002 -0.079316 -0.810200
    46 1.539131 -0.000004 0.000002 -0.000002 -0.005851 -0.247777
    47 1.196323 0.000004 0.000005 0.000003 -0.009665 -0.430773
    48 3.882813 -0.050323 -0.430908 -0.085903 -0.026418 -0.587681
    49 1.719599 0.000008 0.000010 -0.000006 -0.007945 -0.366462
    50 1.209183 0.000010 0.000010 0.000006 -0.004485 -0.216351
    51 3.859375 -0.148926 -1.331055 -0.354417 0.038569 -0.532007
    52 1.719425 0.000011 0.000011 0.000004 -0.006614 -0.362968
    53 1.099663 0.000011 0.000010 -0.000001 -0.004222 -0.244302
    54 0.805664 -0.359619 -1.317383 1.204196 0.673612 -0.793958
    55 1.789780 -0.000011 0.000008 0.000005 -0.006300 0.228564
    56 1.207003 0.000001 -0.000008 -0.000007 -0.009615 0.362899
    57 11.481689 -0.000073 -0.000004 0.000155 0.000000 -0.000014
  time 65
    0 -0.037502 43.473983 38.551288 2.851963 -0.132909 -0.078361
    1 3.890447 0.000000 0.000000 -1.379423 -1.362539 -1.876881
    2 17.848156 0.000000 0.000000 0.000000 0.000000 0.034207
    3 16.525240 0.000000 0.000000 -0.004593 0.009806 -0.922738
    4 -3.890447 0.000000 0.000000 -0.501426 -1.255366 -2.605159
    5 17.848167 0.000000 0.000000 -0.000168 0.000024 0.282446
    6 16.525238 0.000000 0.000000 0.114819 -0.065801 -1.140250
    7 -0.011719 3.454509 -2.860800 1.570964 0.048078 1.574547
    8 4.015370 0.000000 0.000000 -0.000551 0.002553 0.017984
    9 3.520298 0.000000 0.000000 -0.000336 0.002085 0.143568
    10 8.940987 0.000000 0.000000 -0.000180 0.000887 0.222487
    11 3.306377 -0.000001 0.000000 3.141590 0.000479 0.419364
    12 3.594185 0.000000 0.000000 -0.040003 0.073200 0.969613
    13 2.036090 0.997452 1.937661 -1.314033 -0.884194 2.180339
    14 6.028141 0.000011 0.000000 -3.874917 0.099724 0.444520
    15 11.692581 -0.000001 -0.000008 0.000000 0.000000 -1.682087
    16 11.481684 0.000000 -0.000031 0.279102 0.082785 0.173612
    17 2.036090 0.997453 -1.937661 1.208172 1.217118 1.133064
    18 6.028137 -0.000008 0.000000 2.800035 1.018348 -0.784095
    19 11.692554 0.000000 0.000019 0.000000 0.000000 -2.169442
    20 11.481705 0.000000 0.000011 -0.821128 -0.476805 -0.182978
    21 2.000004 -3.000000 0.000000 -1.570796 0.000000 -1.326450
    22 2.676084 -1.712437 0.000000 -1.570796 0.000000 -1.570795
    23 2.676081 -1.712433 0.000000 1.570797 0.000001 1.570797
    24 6.879441 -0.000010 0.000000 -0.004818 -0.033979 -0.583558
    25 6.879432 -0.000013 0.000000 -0.210299 -0.002961 -0.584376
    26 3.859711 -0.142445 -1.191958 -0.479138 0.152189 -0.879878
    27 1.312550 0.000008 0.000004 -0.000007 0.009671 -0.439707
    28 0.729370 0.000006 0.000000 0.000003 0.004968 -0.244304
    29 3.942335 0.046738 -0.431422 -0.155012 0.073337 -0.810639
    30 1.539124 0.000015 -0.000016 -0.000004 0.004459 -0.247797
    31 1.196327 0.000032 -0.000010 -0.000004 0.007358 -0.430804
    32 3.882813 -0.046753 0.431396 0.085902 0.021817 -0.587880
    33 1.719578 -0.000004 0.000004 -0.000008 0.005537 -0.366457
    34 1.209160 -0.000010 -0.000011 0.000003 0.003062 -0.216418
    35 3.859375 -0.137939 1.332031 0.354449 -0.042742 -0.531707
    36 1.719427 0.000031 -0.000031 0.000005 0.004052 -0.363023
    37 1.099674 -0.000004 -0.000011 -0.000007 0.002609 -0.244321
    38 0.807566 -0.347147 1.320592 -1.206856 -0.679483 -0.789308
    39 1.789783 -0.000007 0.000004 0.000001 0.007386 0.228516
    40 1.207018 0.000015 -0.000008 -0.000003 0.011265 0.362846
    41 11.481726 -0.000012 -0.000038 0.001269 0.000000 -0.000005
    42 3.859663 -0.132561 1.193130 0.479139 -0.158529 -0.879052
    43 1.312580 -0.000006 0.000003 0.000007 -0.011938 -0.439655
    44 0.729366 -0.000008 -0.000001 0.000005 -0.006136 -0.244269
    45 3.942284 0.050331 0.431063 0.155002 -0.079316 -0.810200
    46 1.539131 -0.000004 0.000002 -0.000002 -0.005851 -0.247777
    47 1.196323 0.000004 0.000005 0.000003 -0.009653 -0.430773
    48 3.882813 -0.050323 -0.430908 -0.085903 -0.026418 -0.587681
    49 1.719599 0.000008 0.000010 -0.000006 -0.007945 -0.366462
    50 1.209183 0.000010 0.000010 0.000006 -0.004485 -0.216351
    51 3.859375 -0.148926 -1.331055 -0.354417 0.038569 -0.532007
    52 1.719425 0.000011 0.000011 0.000004 -0.006614 -0.362968
    53 1.099663 0.000011 0.000010 -0.000001 -0.004222 -0.244302
    54 0.805664 -0.359619 -1.317383 1.204196 0.673612 -0.793958
    55 1.789780 -0.000011 0.000008 0.000005 -0.006300 0.228564
    56 1.207003 0.000001 -0.000008 -0.000007 -0.009615 0.362899
    57 11.481689 -0.000073 -0.000004 0.000155 0.000000 -0.000014
  time 66
    0 -0.041408 43.763054 38.500505 2.811901 -0.143971 -0.087316
    1 3.890447 0.000000 0.000000 -1.396344 -1.327936 -1.872581
    2 17.848156 0.000000 0.000000 0.000000 0.000000 0.034207
    3 16.525240 0.000000 0.000000 -0.004677 0.009950 -0.915471
    4 -3.890447 0.000000 0.000000 -0.533871 -1.242417 -2.596585
    5 17.848167 0.000000 0.000000 -0.000168 0.000024 0.320633
    6 16.525238 0.000000 0.000000 0.115778 -0.062456 -1.150777
    7 -0.031251 3.497479 -2.813924 1.571156 0.033469 1.580635
    8 4.015370 0.000000 0.000000 -0.001450 0.006699 0.025618
    9 3.520298 0.000000 0.000000 -0.000899 0.005465 0.148937
    10 8.940987 0.000000 0.000000 -0.000491 0.002325 0.223182
    11 3.306377 -0.000001 0.000000 3.141590 0.001258 0.419004
    12 3.594185 0.000000 0.000000 -0.089986 0.091752 0.943536
    13 2.036090 0.997452 1.937661 -1.443599 -0.874425 2.071597
    14 6.028141 0.000011 0.000000 -3.688301 -0.075232 0.438518
    15 11.692581 -0.000001 -0.000008 0.000000 0.000000 -1.671320
    16 11.481684 0.000000 -0.000031 0.309285 0.077744 0.206389
    17 2.036090 0.997453 -1.937661 1.205118 1.154764 1.325038
    18 6.028137 -0.000008 0.000000 3.174232 1.087182 -0.553948
    19 11.692554 0.000000 0.000019 0.000000 0.000000 -2.235597
    20 11.481705 0.000000 0.000011 -0.760410 -0.458367 -0.093063
    21 2.000004 -3.000000 0.000000 -1.570796 0.000000 -1.326450
    22 2.676084 -1.712437 0.000000 -1.570796 0.000000 -1.570795
    23 2.676081 -1.712433 0.000000 1.570797 0.000001 1.570797
    24 6.879441 -0.000010 0.000000 -0.004818 -0.033979 -0.583558
    25 6.879432 -0.000013 0.000000 -0.210299 -0.002961 -0.584376
    26 3.859711 -0.142445 -1.191958 -0.479138 0.152189 -0.879878
    27 1.312550 0.000008 0.000004 -0.000007 0.009671 -0.439707
    28 0.729370 0.000006 0.000000 0.000003 0.004968 -0.244304
    29 3.942335 0.046738 -0.431422 -0.155012 0.073337 -0.810639
    30 1.539124 0.000015 -0.000016 -0.000004 0.004459 -0.247797
    31 1.196327 0.000032 -0.000010 -0.000004 0.007358 -0.430804
    32 3.882813 -0.046753 0.431396 0.085902 0.021817 -0.587880
    33 1.719578 -0.000004 0.000004 -0.000008 0.005537 -0.366457
    34 1.209160 -0.000010 -0.000011 0.000003 0.003062 -0.216418
    35 3.859375 -0.137939 1.332031 0.354449 -0.042742 -0.531707
    36 1.719427 0.000031 -0.000031 0.000005 0.004052 -0.363023
    37 1.099674 -0.000004 -0.000011 -0.000007 0.002609 -0.244321
    38 0.807566 -0.347147 1.320592 -1.206856 -0.679483 -0.789308
    39 1.789783 -0.000007 0.000004 0.000001 0.007386 0.228516
    40 1.207018 0.000015 -0.000008 -0.000003 0.011265 0.362846
    41 11.481726 -0.000012 -0.000038 0.001269 0.000000 -0.000005
    42 3.859663 -0.132561 1.193130 0.479139 -0.158529 -0.879052
    43 1.312580 -0.000006 0.000003 0.000007 -0.011938 -0.439655
    44 0.729366 -0.000008 -0.000001 0.000005 -0.006136 -0.244269
    45 3.942284 0.050331 0.431063 0.155002 -0.079316 -0.810200
    46 1.539131 -0.000004 0.000002 -0.000002 -0.005851 -0.247777
    47 1.196323 0.000004 0.000005 0.000003 -0.009653 -0.430773
    48 3.882813 -0.050323 -0.430908 -0.085903 -0.026418 -0.587681
    49 1.719599 0.000008 0.000010 -0.000006 -0.007945 -0.366462
    50 1.209183 0.000010 0.000010 0.000006 -0.004485 -0.216351
    51 3.859375 -0.148926 -1.331055 -0.354417 0.038569 -0.532007
    52 1.719425 0.000011 0.000011 0.000004 -0.006614 -0.362968
    53 1.099663 0.000011 0.000010 -0.000001 -0.004222 -0.244302
    54 0.805664 -0.359619 -1.317383 1.204196 0.673612 -0.793958
    55 1.789780 -0.000011 0.000008 0.000005 -0.006300 0.228564
    56 1.207003 0.000001 -0.000008 -0.000007 -0.009615 0.362899
    57 11.481689 -0.000073 -0.000004 0.000155 0.000000 -0.000014
  time 67
    0 -0.041408 44.079470 38.438003 2.767299 -0.154493 -0.097033
    1 3.890447 0.000000 0.000000 -1.419884 -1.290017 -1.862852
    2 17.848156 0.000000 0.000000 0.000000 0.000000 0.034207
    3 16.525240 0.000000 0.000000 -0.004761 0.010106 -0.907372
    4 -3.890447 0.000000 0.000000 -0.579355 -1.228494 -2.576076
    5 17.848167 0.000000 0.000000 -0.000156 0.000024 0.356680
    6 16.525238 0.000000 0.000000 0.116329 -0.059671 -1.159114
    7 -0.050783 3.532637 -2.770954 1.571287 0.020370 1.586819
    8 4.015370 0.000000 0.000000 -0.002373 0.010858 0.033899
    9 3.520298 0.000000 0.000000 -0.001462 0.008833 0.155241
    10 8.940987 0.000000 0.000000 -0.000815 0.003751 0.225231
    11 3.306377 -0.000001 0.000000 3.141590 0.002025 0.419783
    12 3.594185 0.000000 0.000000 -0.142337 0.109964 0.915300
    13 2.036090 0.997452 1.937661 4.689338 -0.862341 1.948258
    14 6.028141 0.000011 0.000000 -3.467488 -0.263021 0.384123
    15 11.692581 -0.000001 -0.000008 0.000000 0.000000 -1.650255
    16 11.481684 0.000000 -0.000031 0.338993 0.068963 0.239233
    17 2.036090 0.997453 -1.937661 1.191567 1.063275 1.563018
    18 6.028137 -0.000008 0.000000 3.746837 1.081340 -0.196315
    19 11.692554 0.000000 0.000019 0.000000 0.000000 -2.302588
    20 11.481705 0.000000 0.000011 -0.671394 -0.444659 0.013382
    21 2.000004 -3.000000 0.000000 -1.570796 0.000000 -1.326450
    22 2.676084 -1.712437 0.000000 -1.570796 0.000000 -1.570795
    23 2.676081 -1.712433 0.000000 1.570797 0.000001 1.570797
    24 6.879441 -0.000010 0.000000 -0.004818 -0.033979 -0.583558
    25 6.879432 -0.000013 0.000000 -0.210299 -0.002961 -0.584376
    26 3.859711 -0.142445 -1.191958 -0.479138 0.152189 -0.879878
    27 1.312550 0.000008 0.000004 -0.000007 0.009671 -0.439707
    28 0.729370 0.000006 0.000000 0.000003 0.004968 -0.244304
    29 3.942335 0.046738 -0.431422 -0.155012 0.073337 -0.810639
    30 1.539124 0.000015 -0.000016 -0.000004 0.004459 -0.247797
    31 1.196327 0.000032 -0.000010 -0.000004 0.007358 -0.430804
    32 3.882813 -0.046753 0.431396 0.085902 0.021817 -0.587880
    33 1.719578 -0.000004 0.000004 -0.000008 0.005537 -0.366457
    34 1.209160 -0.000010 -0.000011 0.000003 0.003062 -0.216418
    35 3.859375 -0.137939 1.332031 0.354449 -0.042742 -0.531707
    36 1.719427 0.000031 -0.000031 0.000005 0.004052 -0.363023
    37 1.099674 -0.000004 -0.000011 -0.000007 0.002609 -0.244321
    38 0.807566 -0.347147 1.320592 -1.206856 -0.679483 -0.789308
    39 1.789783 -0.000007 0.000004 0.000001 0.007386 0.228516
    40 1.207018 0.000015 -0.000008 -0.000003 0.011265 0.362846
    41 11.481726 -0.000012 -0.000038 0.001269 0.000000 -0.000005
    42 3.859663 -0.132561 1.193130 0.479139 -0.158529 -0.879052
    43 1.312580 -0.000006 0.000003 0.000007 -0.011938 -0.439655
    44 0.729366 -0.000008 -0.000001 0.000005 -0.006136 -0.244269
    45 3.942284 0.050331 0.431063 0.155002 -0.079316 -0.810200
    46 1.539131 -0.000004 0.000002 -0.000002 -0.005851 -0.247777
    47 1.196323 0.000004 0.000005 0.000003 -0.009653 -0.430773
    48 3.882813 -0.050323 -0.430908 -0.085903 -0.026418 -0.587681
    49 1.719599 0.000008 0.000010 -0.000006 -0.007945 -0.366462
    50 1.209183 0.000010 0.000010 0.000006 -0.004485 -0.216351
    51 3.859375 -0.148926 -1.331055 -0.354417 0.038569 -0.532007
    52 1.719425 0.000011 0.000011 0.000004 -0.006614 -0.362968
    53 1.099663 0.000011 0.000010 -0.000001 -0.004222 -0.244302
    54 0.805664 -0.359619 -1.317383 1.204196 0.673612 -0.793958
    55 1.789780 -0.000011 0.000008 0.000005 -0.006300 0.228564
    56 1.207003 0.000001 -0.000008 -0.000007 -0.009615 0.362899
    57 11.481689 -0.000073 -0.000004 0.000155 0.000000 -0.000014
  time 68
    0 -0.045315 44.423231 38.367689 2.719657 -0.163829 -0.107608
    1 3.890447 0.000000 0.000000 -1.448826 -1.250010 -1.848795
    2 17.848156 0.000000 0.000000 0.000000 0.000000 0.034207
    3 16.525240 0.000000 0.000000 -0.004869 0.010285 -0.898672
    4 -3.890447 0.000000 0.000000 -0.635033 -1.214490 -2.545957
    5 17.848167 0.000000 0.000000 -0.000144 0.000024 0.390169
    6 16.525238 0.000000 0.000000 0.116461 -0.057356 -1.165290
    7 -0.070315 3.559981 -2.735797 1.571371 0.009919 1.592344
    8 4.015370 0.000000 0.000000 -0.003200 0.014501 0.042432
    9 3.520298 0.000000 0.000000 -0.001965 0.011769 0.162311
    10 8.940987 0.000000 0.000000 -0.001103 0.004986 0.228767
    11 3.306377 -0.000001 0.000000 3.141590 0.002685 0.421857
    12 3.594185 0.000000 0.000000 -0.193736 0.126409 0.885542
    13 2.036090 0.997452 1.937661 4.532069 -0.843566 1.816580
    14 6.028141 0.000011 0.000000 -3.207646 -0.434517 0.262282
    15 11.692581 -0.000001 -0.000008 0.000000 0.000000 -1.618224
    16 11.481684 0.000000 -0.000031 0.363612 0.056209 0.269644
    17 2.036090 0.997453 -1.937661 1.152728 0.959019 1.804525
    18 6.028137 -0.000008 0.000000 4.295393 0.945832 0.085485
    19 11.692554 0.000000 0.000019 0.000000 0.000000 -2.344623
    20 11.481705 0.000000 0.000011 -0.560660 -0.439689 0.135735
    21 2.000004 -3.000000 0.000000 -1.570796 0.000000 -1.326450
    22 2.676084 -1.712437 0.000000 -1.570796 0.000000 -1.570795
    23 2.676081 -1.712433 0.000000 1.570797 0.000001 1.570797
    24 6.879441 -0.000010 0.000000 -0.004818 -0.033979 -0.583558
    25 6.879432 -0.000013 0.000000 -0.210299 -0.002961 -0.584376
    26 3.859711 -0.142445 -1.191958 -0.479138 0.152189 -0.879878
    27 1.312550 0.000008 0.000004 -0.000007 0.009671 -0.439707
    28 0.729370 0.000006 0.000000 0.000003 0.004968 -0.244304
    29 3.942335 0.046738 -0.431422 -0.155012 0.073337 -0.810639
    30 1.539124 0.000015 -0.000016 -0.000004 0.004459 -0.247797
    31 1.196327 0.000032 -0.000010 -0.000004 0.007358 -0.430804
    32 3.882813 -0.046753 0.431396 0.085902 0.021817 -0.587880
    33 1.719578 -0.000004 0.000004 -0.000008 0.005537 -0.366457
    34 1.209160 -0.000010 -0.000011 0.000003 0.003062 -0.216418
    35 3.859375 -0.137939 1.332031 0.354449 -0.042742 -0.531707
    36 1.719427 0.000031 -0.000031 0.000005 0.004052 -0.363023
    37 1.099674 -0.000004 -0.000011 -0.000007 0.002609 -0.244321
    38 0.807566 -0.347147 1.320592 -1.206856 -0.679483 -0.789308
    39 1.789783 -0.000007 0.000004 0.000001 0.007386 0.228516
    40 1.207018 0.000015 -0.000008 -0.000003 0.011265 0.362846
    41 11.481726 -0.000012 -0.000038 0.001269 0.000000 -0.000005
    42 3.859663 -0.132561 1.193130 0.479139 -0.158529 -0.879052
    43 1.312580 -0.000006 0.000003 0.000007 -0.011938 -0.439655
    44 0.729366 -0.000008 -0.000001 0.000005 -0.006136 -0.244269
    45 3.942284 0.050331 0.431063 0.155002 -0.079316 -0.810200
    46 1.539131 -0.000004 0.000002 -0.000002 -0.005851 -0.247777
    47 1.196323 0.000004 0.000005 0.000003 -0.009653 -0.430773
    48 3.882813 -0.050323 -0.430908 -0.085903 -0.026418 -0.587681
    49 1.719599 0.000008 0.000010 -0.000006 -0.007945 -0.366462
    50 1.209183 0.000010 0.000010 0.000006 -0.004485 -0.216351
    51 3.859375 -0.148926 -1.331055 -0.354417 0.038569 -0.532007
    52 1.719425 0.000011 0.000011 0.000004 -0.006614 -0.362968
    53 1.099663 0.000011 0.000010 -0.000001 -0.004222 -0.244302
    54 0.805664 -0.359619 -1.317383 1.204196 0.673612 -0.793958
    55 1.789780 -0.000011 0.000008 0.000005 -0.006300 0.228564
    56 1.207003 0.000001 -0.000008 -0.000007 -0.009615 0.362899
    57 11.481689 -0.000073 -0.000004 0.000155 0.000000 -0.000014
  time 69
    0 -0.049221 44.778710 38.281749 2.670183 -0.171284 -0.119135
    1 3.890447 0.000000 0.000000 -1.482502 -1.209049 -1.830815
    2 17.848156 0.000000 0.000000 0.000000 0.000000 0.034207
    3 16.525240 0.000000 0.000000 -0.005000 0.010513 -0.889556
    4 -3.890447 0.000000 0.000000 -0.699352 -1.200891 -2.507389
    5 17.848167 0.000000 0.000000 -0.000144 0.000024 0.420403
    6 16.525238 0.000000 0.000000 0.116209 -0.055475 -1.169108
    7 -0.085940 3.579513 -2.712358 1.571407 0.003304 1.596371
    8 4.015370 0.000000 0.000000 -0.003811 0.017138 0.051013
    9 3.520298 0.000000 0.000000 -0.002325 0.013878 0.170137
    10 8.940987 0.000000 0.000000 -0.001306 0.005860 0.234028
    11 3.306377 -0.000001 0.000000 3.141590 0.003164 0.425416
    12 3.594185 0.000000 0.000000 -0.240375 0.139841 0.855084
    13 2.036090 0.997452 1.937661 4.382320 -0.815046 1.683993
    14 6.028141 0.000011 0.000000 -2.913797 -0.555928 0.072615
    15 11.692581 -0.000001 -0.000008 0.000000 0.000000 -1.575292
    16 11.481684 0.000000 -0.000031 0.379236 0.040351 0.295676
    17 2.036090 0.997453 -1.937661 1.101005 0.896946 2.012550
    18 6.028137 -0.000008 0.000000 4.626167 0.720600 0.198167
    19 11.692554 0.000000 0.000019 0.000000 0.000000 -2.334794
    20 11.481705 0.000000 0.000011 -0.472405 -0.423239 0.270192
    21 2.000004 -3.000000 0.000000 -1.570796 0.000000 -1.326450
    22 2.676084 -1.712437 0.000000 -1.570796 0.000000 -1.570795
    23 2.676081 -1.712433 0.000000 1.570797 0.000001 1.570797
    24 6.879441 -0.000010 0.000000 -0.004818 -0.033979 -0.583558
    25 6.879432 -0.000013 0.000000 -0.210299 -0.002961 -0.584376
    26 3.859711 -0.142445 -1.191958 -0.479138 0.152189 -0.879878
    27 1.312550 0.000008 0.000004 -0.000007 0.009671 -0.439707
    28 0.729370 0.000006 0.000000 0.000003 0.004968 -0.244304
    29 3.942335 0.046738 -0.431422 -0.155012 0.073337 -0.810639
    30 1.539124 0.000015 -0.000016 -0.000004 0.004459 -0.247797
    31 1.196327 0.000032 -0.000010 -0.000004 0.007358 -0.430804
    32 3.882813 -0.046753 0.431396 0.085902 0.021817 -0.587880
    33 1.719578 -0.000004 0.000004 -0.000008 0.005537 -0.366457
    34 1.209160 -0.000010 -0.000011 0.000003 0.003062 -0.216418
    35 3.859375 -0.137939 1.332031 0.354449 -0.042742 -0.531707
    36 1.719427 0.000031 -0.000031 0.000005 0.004052 -0.363023
    37 1.099674 -0.000004 -0.000011 -0.000007 0.002609 -0.244321
    38 0.807566 -0.347147 1.320592 -1.206856 -0.679483 -0.789308
    39 1.789783 -0.000007 0.000004 0.000001 0.007386 0.228516
    40 1.207018 0.000015 -0.000008 -0.000003 0.011265 0.362846
    41 11.481726 -0.000012 -0.000038 0.001269 0.000000 -0.000005
    42 3.859663 -0.132561 1.193130 0.479139 -0.158529 -0.879052
    43 1.312580 -0.000006 0.000003 0.000007 -0.011938 -0.439655
    44 0.729366 -0.000008 -0.000001 0.000005 -0.006136 -0.244269
    45 3.942284 0.050331 0.431063 0.155002 -0.079316 -0.810200
    46 1.539131 -0.000004 0.000002 -0.000002 -0.005851 -0.247777
    47 1.196323 0.000004 0.000005 0.000003 -0.009665 -0.430773
    48 3.882813 -0.050323 -0.430908 -0.085903 -0.026418 -0.587681
    49 1.719599 0.000008 0.000010 -0.000006 -0.007945 -0.366462
    50 1.209183 0.000010 0.000010 0.000006 -0.004485 -0.216351
    51 3.859375 -0.148926 -1.331055 -0.354417 0.038569 -0.532007
    52 1.719425 0.000011 0.000011 0.000004 -0.006614 -0.362968
    53 1.099663 0.000011 0.000010 -0.000001 -0.004222 -0.244302
    54 0.805664 -0.359619 -1.317383 1.204196 0.673612 -0.793958
    55 1.789780 -0.000011 0.000008 0.000005 -0.006300 0.228564
    56 1.207003 0.000001 -0.000008 -0.000007 -0.009615 0.362899
    57 11.481689 -0.000073 -0.000004 0.000155 0.000000 -0.000014
  time 70
    0 -0.053128 45.145909 38.187996 2.619959 -0.176197 -0.131996
    1 3.890447 0.000000 0.000000 -1.520911 -1.167952 -1.808884
    2 17.848156 0.000000 0.000000 0.000000 0.000000 0.034207
    3 16.525240 0.000000 0.000000 -0.005168 0.010801 -0.880295
    4 -3.890447 0.000000 0.000000 -0.770554 -1.188470 -2.461724
    5 17.848167 0.000000 0.000000 -0.000132 0.000024 0.447799
    6 16.525238 0.000000 0.000000 0.115586 -0.053975 -1.170960
    7 -0.089846 3.583419 -2.708452 1.571371 0.001662 1.598049
    8 4.015370 0.000000 0.000000 -0.004099 0.018277 0.059474
    9 3.520298 0.000000 0.000000 -0.002481 0.014813 0.178826
    10 8.940987 0.000000 0.000000 -0.001402 0.006268 0.241314
    11 3.306377 -0.000001 0.000000 3.141590 0.003380 0.430713
    12 3.594185 0.000000 0.000000 -0.277908 0.149251 0.824809
    13 2.036090 0.997452 1.937661 4.251611 -0.775461 1.557233
    14 6.028141 0.000011 0.000000 -2.616821 -0.607502 -0.154158
    15 11.692581 -0.000001 -0.000008 0.000000 0.000000 -1.522463
    16 11.481684 0.000000 -0.000031 0.383142 0.022789 0.316355
    17 2.036090 0.997453 -1.937661 1.066842 0.929443 2.174708
    18 6.028137 -0.000008 0.000000 4.757676 0.466114 0.280399
    19 11.692554 0.000000 0.000019 0.000000 0.000000 -2.271567
    20 11.481705 0.000000 0.000011 -0.447240 -0.369605 0.399254
    21 2.000004 -3.000000 0.000000 -1.570796 0.000000 -1.326450
    22 2.676084 -1.712437 0.000000 -1.570796 0.000000 -1.570795
    23 2.676081 -1.712433 0.000000 1.570797 0.000001 1.570797
    24 6.879441 -0.000010 0.000000 -0.004818 -0.033979 -0.583558
    25 6.879432 -0.000013 0.000000 -0.210299 -0.002961 -0.584376
    26 3.859711 -0.142445 -1.191958 -0.479138 0.152189 -0.879878
    27 1.312550 0.000008 0.000004 -0.000007 0.009671 -0.439707
    28 0.729370 0.000006 0.000000 0.000003 0.004968 -0.244304
    29 3.942335 0.046738 -0.431422 -0.155012 0.073337 -0.810639
    30 1.539124 0.000015 -0.000016 -0.000004 0.004459 -0.247797
    31 1.196327 0.000032 -0.000010 -0.000004 0.007358 -0.430804
    32 3.882813 -0.046753 0.431396 0.085902 0.021817 -0.587880
    33 1.719578 -0.000004 0.000004 -0.000008 0.005537 -0.366457
    34 1.209160 -0.000010 -0.000011 0.000003 0.003062 -0.216418
    35 3.859375 -0.137939 1.332031 0.354449 -0.042742 -0.531707
    36 1.719427 0.000031 -0.000031 0.000005 0.004052 -0.363023
    37 1.099674 -0.000004 -0.000011 -0.000007 0.002609 -0.244321
    38 0.807566 -0.347147 1.320592 -1.206856 -0.679483 -0.789308
    39 1.789783 -0.000007 0.000004 0.000001 0.007386 0.228516
    40 1.207018 0.000015 -0.000008 -0.000003 0.011265 0.362846
    41 11.481726 -0.000012 -0.000038 0.001269 0.000000 -0.000005
    42 3.859663 -0.132561 1.193130 0.479139 -0.158529 -0.879052
    43 1.312580 -0.000006 0.000003 0.000007 -0.011938 -0.439655
    44 0.729366 -0.000008 -0.000001 0.000005 -0.006136 -0.244269
    45 3.942284 0.050331 0.431063 0.155002 -0.079316 -0.810200
    46 1.539131 -0.000004 0.000002 -0.000002 -0.005851 -0.247777
    47 1.196323 0.000004 0.000005 0.000003 -0.009665 -0.430773
    48 3.882813 -0.050323 -0.430908 -0.085903 -0.026418 -0.587681
    49 1.719599 0.000008 0.000010 -0.000006 -0.007945 -0.366462
    50 1.209183 0.000010 0.000010 0.000006 -0.004485 -0.216351
    51 3.859375 -0.148926 -1.331055 -0.354417 0.038569 -0.532007
    52 1.719425 0.000011 0.000011 0.000004 -0.006614 -0.362968
    53 1.099663 0.000011 0.000010 -0.000001 -0.004222 -0.244302
    54 0.805664 -0.359619 -1.317383 1.204196 0.673612 -0.793958
    55 1.789780 -0.000011 0.000008 0.000005 -0.006300 0.228564
    56 1.207003 0.000001 -0.000008 -0.000007 -0.009615 0.362899
    57 11.481689 -0.000073 -0.000004 0.000155 0.000000 -0.000014
  time 71
    0 -0.060940 45.513108 38.086430 2.569985 -0.177863 -0.146667
    1 3.890447 0.000000 0.000000 -1.564388 -1.127264 -1.782546
    2 17.848156 0.000000 0.000000 0.000000 0.000000 0.034207
    3 16.525240 0.000000 0.000000 -0.005372 0.011172 -0.871096
    4 -3.890447 0.000000 0.000000 -0.849000 -1.177429 -2.408206
    5 17.848167 0.000000 0.000000 -0.000120 0.000024 0.471520
    6 16.525238 0.000000 0.000000 0.114615 -0.052763 -1.170624
    7 -0.085940 3.571700 -2.720171 1.571275 0.005868 1.596575
    8 4.015370 0.000000 0.000000 -0.003919 0.017390 0.067624
    9 3.520298 0.000000 0.000000 -0.002349 0.014142 0.188366
    10 8.940987 0.000000 0.000000 -0.001330 0.005992 0.250890
    11 3.306377 -0.000001 0.000000 3.141590 0.003248 0.437952
    12 3.594185 0.000000 0.000000 -0.301652 0.153763 0.795386
    13 2.036090 0.997452 1.937661 4.146035 -0.724986 1.441166
    14 6.028141 0.000011 0.000000 -2.361906 -0.596781 -0.370166
    15 11.692581 -0.000001 -0.000008 0.000000 0.000000 -1.460205
    16 11.481684 0.000000 -0.000031 0.374028 0.004994 0.330996
    17 2.036090 0.997453 -1.937661 1.071804 1.053230 2.293283
    18 6.028137 -0.000008 0.000000 4.748705 0.227475 0.426051
    19 11.692554 0.000000 0.000019 0.000000 0.000000 -2.161635
    20 11.481705 0.000000 0.000011 -0.468375 -0.281837 0.482091
    21 2.000004 -3.000000 0.000000 -1.570796 0.000000 -1.326450
    22 2.676084 -1.712437 0.000000 -1.570796 0.000000 -1.570795
    23 2.676081 -1.712433 0.000000 1.570797 0.000001 1.570797
    24 6.879441 -0.000010 0.000000 -0.004818 -0.033979 -0.583558
    25 6.879432 -0.000013 0.000000 -0.210299 -0.002961 -0.584376
    26 3.859711 -0.142445 -1.191958 -0.479138 0.152189 -0.879878
    27 1.312550 0.000008 0.000004 -0.000007 0.009671 -0.439707
    28 0.729370 0.000006 0.000000 0.000003 0.004968 -0.244304
    29 3.942335 0.046738 -0.431422 -0.155012 0.073337 -0.810639
    30 1.539124 0.000015 -0.000016 -0.000004 0.004459 -0.247797
    31 1.196327 0.000032 -0.000010 -0.000004 0.007358 -0.430804
    32 3.882813 -0.046753 0.431396 0.085902 0.021817 -0.587880
    33 1.719578 -0.000004 0.000004 -0.000008 0.005537 -0.366457
    34 1.209160 -0.000010 -0.000011 0.000003 0.003062 -0.216418
    35 3.859375 -0.137939 1.332031 0.354449 -0.042742 -0.531707
    36 1.719427 0.000031 -0.000031 0.000005 0.004052 -0.363023
    37 1.099674 -0.000004 -0.000011 -0.000007 0.002609 -0.244321
    38 0.807566 -0.347147 1.320592 -1.206856 -0.679471 -0.789308
    39 1.789783 -0.000007 0.000004 0.000001 0.007386 0.228516
    40 1.207018 0.000015 -0.000008 -0.000003 0.011265 0.362846
    41 11.481726 -0.000012 -0.000038 0.001269 0.000000 -0.000005
    42 3.859663 -0.132561 1.193130 0.479139 -0.158529 -0.879052
    43 1.312580 -0.000006 0.000003 0.000007 -0.011938 -0.439655
    44 0.729366 -0.000008 -0.000001 0.000005 -0.006136 -0.244269
    45 3.942284 0.050331 0.431063 0.155002 -0.079316 -0.810200
    46 1.539131 -0.000004 0.000002 -0.000002 -0.005851 -0.247777
    47 1.196323 0.000004 0.000005 0.000003 -0.009665 -0.430773
    48 3.882813 -0.050323 -0.430908 -0.085903 -0.026418 -0.587681
    49 1.719599 0.000008 0.000010 -0.000006 -0.007945 -0.366462
    50 1.209183 0.000010 0.000010 0.000006 -0.004485 -0.216351
    51 3.859375 -0.148926 -1.331055 -0.354417 0.038569 -0.532007
    52 1.719425 0.000011 0.000011 0.000004 -0.006614 -0.362968
    53 1.099663 0.000011 0.000010 -0.000001 -0.004222 -0.244302
    54 0.805664 -0.359619 -1.317383 1.204196 0.673612 -0.793958
    55 1.789780 -0.000011 0.000008 0.000005 -0.006300 0.228564
    56 1.207003 0.000001 -0.000008 -0.000007 -0.009615 0.362899
    57 11.481689 -0.000073 -0.000004 0.000155 0.000000 -0.000014
  time 72
    0 -0.068753 45.872494 37.973145 2.521010 -0.175514 -0.163910
    1 3.890447 0.000000 0.000000 -1.613645 -1.087348 -1.751020
    2 17.848156 0.000000 0.000000 0.000000 0.000000 0.034207
    3 16.525240 0.000000 0.000000 -0.005624 0.011640 -0.862250
    4 -3.890447 0.000000 0.000000 -0.935208 -1.168214 -2.346084
    5 17.848167 0.000000 0.000000 -0.000120 0.000024 0.491846
    6 16.525238 0.000000 0.000000 0.113309 -0.051787 -1.168350
    7 -0.066408 3.544356 -2.759235 1.571156 0.016523 1.591326
    8 4.015370 0.000000 0.000000 -0.003176 0.013986 0.075102
    9 3.520298 0.000000 0.000000 -0.001882 0.011433 0.198529
    10 8.940987 0.000000 0.000000 -0.001067 0.004878 0.262707
    11 3.306377 -0.000001 0.000000 3.141602 0.002637 0.447156
    12 3.594185 0.000000 0.000000 -0.306283 0.152813 0.767027
    13 2.036090 0.997452 1.937661 4.067019 -0.664793 1.338625
    14 6.028141 0.000011 0.000000 -2.174721 -0.549351 -0.547068
    15 11.692581 -0.000001 -0.000008 0.000000 0.000000 -1.389053
    16 11.481684 0.000000 -0.000031 0.351835 -0.012000 0.339202
    17 2.036090 0.997453 -1.937661 1.113888 1.215957 2.366683
    18 6.028137 -0.000008 0.000000 4.656229 0.066595 0.628981
    19 11.692554 0.000000 0.000019 0.000000 0.000000 -2.013014
    20 11.481705 0.000000 0.000011 -0.495286 -0.190401 0.494909
    21 2.000004 -3.000000 0.000000 -1.570796 0.000000 -1.326450
    22 2.676084 -1.712437 0.000000 -1.570796 0.000000 -1.570795
    23 2.676081 -1.712433 0.000000 1.570797 0.000001 1.570797
    24 6.879441 -0.000010 0.000000 -0.004818 -0.033979 -0.583558
    25 6.879432 -0.000013 0.000000 -0.210299 -0.002961 -0.584376
    26 3.859711 -0.142445 -1.191958 -0.479138 0.152189 -0.879878
    27 1.312550 0.000008 0.000004 -0.000007 0.009671 -0.439707
    28 0.729370 0.000006 0.000000 0.000003 0.004968 -0.244304
    29 3.942335 0.046738 -0.431422 -0.155012 0.073337 -0.810639
    30 1.539124 0.000015 -0.000016 -0.000004 0.004459 -0.247797
    31 1.196327 0.000032 -0.000010 -0.000004 0.007358 -0.430804
    32 3.882813 -0.046753 0.431396 0.085902 0.021817 -0.587880
    33 1.719578 -0.000004 0.000004 -0.000008 0.005537 -0.366457
    34 1.209160 -0.000010 -0.000011 0.000003 0.003062 -0.216418
    35 3.859375 -0.137939 1.332031 0.354449 -0.042742 -0.531707
    36 1.719427 0.000031 -0.000031 0.000005 0.004052 -0.363023
    37 1.099674 -0.000004 -0.000011 -0.000007 0.002609 -0.244321
    38 0.807566 -0.347147 1.320592 -1.206856 -0.679483 -0.789308
    39 1.789783 -0.000007 0.000004 0.000001 0.007386 0.228516
    40 1.207018 0.000015 -0.000008 -0.000003 0.011265 0.362846
    41 11.481726 -0.000012 -0.000038 0.001269 0.000000 -0.000005
    42 3.859663 -0.132561 1.193130 0.479139 -0.158529 -0.879052
    43 1.312580 -0.000006 0.000003 0.000007 -0.011938 -0.439655
    44 0.729366 -0.000008 -0.000001 0.000005 -0.006136 -0.244269
    45 3.942284 0.050331 0.431063 0.155002 -0.079316 -0.810200
    46 1.539131 -0.000004 0.000002 -0.000002 -0.005851 -0.247777
    47 1.196323 0.000004 0.000005 0.000003 -0.009653 -0.430773
    48 3.882813 -0.050323 -0.430908 -0.085903 -0.026418 -0.587681
    49 1.719599 0.000008 0.000010 -0.000006 -0.007945 -0.366462
    50 1.209183 0.000010 0.000010 0.000006 -0.004485 -0.216351
    51 3.859375 -0.148926 -1.331055 -0.354417 0.038569 -0.532007
    52 1.719425 0.000011 0.000011 0.000004 -0.006614 -0.362968
    53 1.099663 0.000011 0.000010 -0.000001 -0.004222 -0.244302
    54 0.805664 -0.359619 -1.317383 1.204196 0.673612 -0.793958
    55 1.789780 -0.000011 0.000008 0.000005 -0.006300 0.228564
    56 1.207003 0.000001 -0.000008 -0.000007 -0.009615 0.362899
    57 11.481689 -0.000073 -0.000004 0.000155 0.000000 -0.000014
  time 73
    0 -0.080472 46.220160 37.848142 2.471286 -0.168827 -0.184582
    1 3.890447 0.000000 0.000000 -1.669896 -1.045751 -1.713608
    2 17.848156 0.000000 0.000000 0.000000 0.000000 0.034207
    3 16.525240 0.000000 0.000000 -0.005947 0.012299 -0.853965
    4 -3.890447 0.000000 0.000000 -1.006720 -1.154047 -2.279815
    5 17.848167 0.000000 0.000000 -0.000120 0.000024 0.509288
    6 16.525238 0.000000 0.000000 0.105339 -0.062112 -1.165879
    7 -0.042970 3.509198 -2.798298 1.571012 0.029083 1.583715
    8 4.015370 0.000000 0.000000 -0.002025 0.008905 0.080627
    9 3.520298 0.000000 0.000000 -0.001186 0.007311 0.207014
    10 8.940987 0.000000 0.000000 -0.000671 0.003140 0.273589
    11 3.306377 -0.000001 0.000000 3.141602 0.001702 0.455737
    12 3.594185 0.000000 0.000000 -0.291414 0.152115 0.732127
    13 2.036090 0.997452 1.937661 4.006949 -0.606916 1.261318
    14 6.028141 0.000011 0.000000 -2.051194 -0.492085 -0.672433
    15 11.692581 -0.000001 -0.000008 0.000000 0.000000 -1.312485
    16 11.481684 0.000000 -0.000031 0.316090 -0.024253 0.344709
    17 2.036090 0.997453 -1.937661 1.128489 1.354311 2.347658
    18 6.028137 -0.000008 0.000000 4.550297 0.027376 0.829002
    19 11.692554 0.000000 0.000019 0.000000 0.000000 -1.853448
    20 11.481705 0.000000 0.000011 -0.510868 -0.117198 0.464131
    21 2.000004 -3.000000 0.000000 -1.570796 0.000000 -1.326450
    22 2.676084 -1.712437 0.000000 -1.570796 0.000000 -1.570795
    23 2.676081 -1.712433 0.000000 1.570797 0.000001 1.570797
    24 6.879441 -0.000010 0.000000 -0.004818 -0.033991 -0.583558
    25 6.879432 -0.000013 0.000000 -0.210299 -0.002961 -0.584376
    26 3.859711 -0.142445 -1.191958 -0.479138 0.152189 -0.879878
    27 1.312550 0.000008 0.000004 -0.000007 0.009671 -0.439707
    28 0.729370 0.000006 0.000000 0.000003 0.004968 -0.244304
    29 3.942335 0.046738 -0.431422 -0.155012 0.073337 -0.810639
    30 1.539124 0.000015 -0.000016 -0.000004 0.004459 -0.247797
    31 1.196327 0.000032 -0.000010 -0.000004 0.007358 -0.430804
    32 3.882813 -0.046753 0.431396 0.085902 0.021817 -0.587880
    33 1.719578 -0.000004 0.000004 -0.000008 0.005537 -0.366457
    34 1.209160 -0.000010 -0.000011 0.000003 0.003062 -0.216418
    35 3.859375 -0.137939 1.332031 0.354449 -0.042742 -0.531707
    36 1.719427 0.000031 -0.000031 0.000005 0.004052 -0.363023
    37 1.099674 -0.000004 -0.000011 -0.000007 0.002609 -0.244321
    38 0.807566 -0.347147 1.320592 -1.206856 -0.679483 -0.789308
    39 1.789783 -0.000007 0.000004 0.000001 0.007386 0.228516
    40 1.207018 0.000015 -0.000008 -0.000003 0.011265 0.362846
    41 11.481726 -0.000012 -0.000038 0.001269 0.000000 -0.000005
    42 3.859663 -0.132561 1.193130 0.479139 -0.158529 -0.879052
    43 1.312580 -0.000006 0.000003 0.000007 -0.011938 -0.439655
    44 0.729366 -0.000008 -0.000001 0.000005 -0.006136 -0.244269
    45 3.942284 0.050331 0.431063 0.155002 -0.079316 -0.810200
    46 1.539131 -0.000004 0.000002 -0.000002 -0.005851 -0.247777
    47 1.196323 0.000004 0.000005 0.000003 -0.009653 -0.430773
    48 3.882813 -0.050323 -0.430908 -0.085903 -0.026418 -0.587681
    49 1.719599 0.000008 0.000010 -0.000006 -0.007945 -0.366462
    50 1.209183 0.000010 0.000010 0.000006 -0.004485 -0.216351
    51 3.859375 -0.148926 -1.331055 -0.354417 0.038569 -0.532007
    52 1.719425 0.000011 0.000011 0.000004 -0.006614 -0.362968
    53 1.099663 0.000011 0.000010 -0.000001 -0.004222 -0.244302
    54 0.805664 -0.359619 -1.317383 1.204196 0.673612 -0.793958
    55 1.789780 -0.000011 0.000008 0.000005 -0.006300 0.228564
    56 1.207003 0.000001 -0.000008 -0.000007 -0.009615 0.362899
    57 11.481689 -0.000073 -0.000004 0.000155 0.000000 -0.000014
  time 74
    0 -0.096098 46.552202 37.723138 2.418938 -0.158484 -0.209637
    1 3.890447 0.000000 0.000000 -1.731761 -1.000067 -1.672326
    2 17.848156 0.000000 0.000000 0.000000 0.000000 0.034207
    3 16.525240 0.000000 0.000000 -0.006271 0.013353 -0.846428
    4 -3.890447 0.000000 0.000000 -1.042579 -1.129326 -2.218791
    5 17.848167 0.000000 0.000000 -0.000120 0.000024 0.525521
    6 16.525238 0.000000 0.000000 0.086511 -0.090050 -1.164925
    7 -0.015625 3.485760 -2.829549 1.570880 0.037867 1.575758
    8 4.015370 0.000000 0.000000 -0.000779 0.003440 0.083012
    9 3.520298 0.000000 0.000000 -0.000455 0.002828 0.211388
    10 8.940987 0.000000 0.000000 -0.000252 0.001222 0.279833
    11 3.306377 -0.000001 0.000000 3.141590 0.000659 0.460747
    12 3.594185 0.000000 0.000000 -0.261393 0.157963 0.683474
    13 2.036090 0.997452 1.937661 3.957635 -0.564557 1.216195
    14 6.028141 0.000011 0.000000 -1.970296 -0.442965 -0.749930
    15 11.692581 -0.000001 -0.000008 0.000000 0.000000 -1.235247
    16 11.481684 0.000000 -0.000031 0.271409 -0.028192 0.352052
    17 2.036090 0.997453 -1.937661 0.949941 1.438797 2.110025
    18 6.028137 -0.000008 0.000000 4.484448 0.075640 0.984351
    19 11.692554 0.000000 0.000019 0.000000 0.000000 -1.703502
    20 11.481705 0.000000 0.000011 -0.521346 -0.060308 0.423416
    21 2.000004 -3.000000 0.000000 -1.570796 0.000000 -1.326450
    22 2.676084 -1.712437 0.000000 -1.570796 0.000000 -1.570795
    23 2.676081 -1.712433 0.000000 1.570797 0.000001 1.570797
    24 6.879441 -0.000010 0.000000 -0.004818 -0.033991 -0.583558
    25 6.879432 -0.000013 0.000000 -0.210299 -0.002961 -0.584376
    26 3.859711 -0.142445 -1.191958 -0.479138 0.152189 -0.879878
    27 1.312550 0.000008 0.000004 -0.000007 0.009671 -0.439707
    28 0.729370 0.000006 0.000000 0.000003 0.004968 -0.244304
    29 3.942335 0.046738 -0.431422 -0.155012 0.073337 -0.810639
    30 1.539124 0.000015 -0.000016 -0.000004 0.004459 -0.247797
    31 1.196327 0.000032 -0.000010 -0.000004 0.007358 -0.430804
    32 3.882813 -0.046753 0.431396 0.085902 0.021817 -0.587880
    33 1.719578 -0.000004 0.000004 -0.000008 0.005537 -0.366457
    34 1.209160 -0.000010 -0.000011 0.000003 0.003062 -0.216418
    35 3.859375 -0.137939 1.332031 0.354449 -0.042742 -0.531707
    36 1.719427 0.000031 -0.000031 0.000005 0.004052 -0.363023
    37 1.099674 -0.000004 -0.000011 -0.000007 0.002609 -0.244321
    38 0.807566 -0.347147 1.320592 -1.206856 -0.679483 -0.789308
    39 1.789783 -0.000007 0.000004 0.000001 0.007386 0.228516
    40 1.207018 0.000015 -0.000008 -0.000003 0.011265 0.362846
    41 11.481726 -0.000012 -0.000038 0.001269 0.000000 -0.000005
    42 3.859663 -0.132561 1.193130 0.479139 -0.158529 -0.879052
    43 1.312580 -0.000006 0.000003 0.000007 -0.011938 -0.439655
    44 0.729366 -0.000008 -0.000001 0.000005 -0.006136 -0.244269
    45 3.942284 0.050331 0.431063 0.155002 -0.079316 -0.810200
    46 1.539131 -0.000004 0.000002 -0.000002 -0.005851 -0.247777
    47 1.196323 0.000004 0.000005 0.000003 -0.009653 -0.430773
    48 3.882813 -0.050323 -0.430908 -0.085903 -0.026418 -0.587681
    49 1.719599 0.000008 0.000010 -0.000006 -0.007945 -0.366462
    50 1.209183 0.000010 0.000010 0.000006 -0.004485 -0.216351
    51 3.859375 -0.148926 -1.331055 -0.354417 0.038569 -0.532007
    52 1.719425 0.000011 0.000011 0.000004 -0.006614 -0.362968
    53 1.099663 0.000011 0.000010 -0.000001 -0.004222 -0.244302
    54 0.805664 -0.359619 -1.317383 1.204196 0.673612 -0.793958
    55 1.789780 -0.000011 0.000008 0.000005 -0.006300 0.228564
    56 1.207003 0.000001 -0.000008 -0.000007 -0.009615 0.362899
    57 11.481689 -0.000073 -0.000004 0.000155 0.000000 -0.000014
  time 75
    0 -0.111723 46.876431 37.594228 2.364800 -0.145301 -0.239360
    1 3.890447 0.000000 0.000000 -1.796934 -0.950433 -1.629755
    2 17.848156 0.000000 0.000000 0.000000 0.000000 0.034207
    3 16.525240 0.000000 0.000000 -0.006511 0.015067 -0.839658
    4 -3.890447 0.000000 0.000000 -1.051014 -1.095472 -2.164834
    5 17.848167 0.000000 0.000000 -0.000108 0.000024 0.540452
    6 16.525238 0.000000 0.000000 0.060900 -0.128097 -1.164616
    7 0.007813 3.474041 -2.841269 1.570748 0.041750 1.567776
    8 4.015370 0.000000 0.000000 0.000479 -0.002097 0.082006
    9 3.520298 0.000000 0.000000 0.000276 -0.001726 0.211101
    10 8.940987 0.000000 0.000000 0.000156 -0.000743 0.280660
    11 3.306377 -0.000001 0.000000 3.141590 -0.000395 0.461562
    12 3.594185 0.000000 0.000000 -0.217789 0.170801 0.621858
    13 2.036090 0.997452 1.937661 3.916509 -0.539116 1.198285
    14 6.028141 0.000011 0.000000 -1.915448 -0.407061 -0.795179
    15 11.692581 -0.000001 -0.000008 0.000000 0.000000 -1.159414
    16 11.481684 0.000000 -0.000031 0.225366 -0.024954 0.361363
    17 2.036090 0.997453 -1.937661 0.510204 1.460488 1.618016
    18 6.028137 -0.000008 0.000000 4.468987 0.155199 1.097291
    19 11.692554 0.000000 0.000019 0.000000 0.000000 -1.562758
    20 11.481705 0.000000 0.000011 -0.535585 -0.013665 0.382516
    21 2.000004 -3.000000 0.000000 -1.570796 0.000000 -1.326450
    22 2.676084 -1.712437 0.000000 -1.570796 0.000000 -1.570795
    23 2.676081 -1.712433 0.000000 1.570797 0.000001 1.570797
    24 6.879441 -0.000010 0.000000 -0.004818 -0.033991 -0.583558
    25 6.879432 -0.000013 0.000000 -0.210299 -0.002961 -0.584376
    26 3.859711 -0.142445 -1.191958 -0.479138 0.152189 -0.879878
    27 1.312550 0.000008 0.000004 -0.000007 0.009671 -0.439707
    28 0.729370 0.000006 0.000000 0.000003 0.004968 -0.244304
    29 3.942335 0.046738 -0.431422 -0.155012 0.073337 -0.810639
    30 1.539124 0.000015 -0.000016 -0.000004 0.004459 -0.247797
    31 1.196327 0.000032 -0.000010 -0.000004 0.007358 -0.430804
    32 3.882813 -0.046753 0.431396 0.085902 0.021817 -0.587880
    33 1.719578 -0.000004 0.000004 -0.000008 0.005537 -0.366457
    34 1.209160 -0.000010 -0.000011 0.000003 0.003062 -0.216418
    35 3.859375 -0.137939 1.332031 0.354449 -0.042742 -0.531707
    36 1.719427 0.000031 -0.000031 0.000005 0.004052 -0.363023
    37 1.099674 -0.000004 -0.000011 -0.000007 0.002609 -0.244321
    38 0.807566 -0.347147 1.320592 -1.206856 -0.679471 -0.789308
    39 1.789783 -0.000007 0.000004 0.000001 0.007386 0.228516
    40 1.207018 0.000015 -0.000008 -0.000003 0.011265 0.362846
    41 11.481726 -0.000012 -0.000038 0.001269 0.000000 -0.000005
    42 3.859663 -0.132561 1.193130 0.479139 -0.158529 -0.879052
    43 1.312580 -0.000006 0.000003 0.000007 -0.011938 -0.439655
    44 0.729366 -0.000008 -0.000001 0.000005 -0.006136 -0.244269
    45 3.942284 0.050331 0.431063 0.155002 -0.079316 -0.810200
    46 1.539131 -0.000004 0.000002 -0.000002 -0.005851 -0.247777
    47 1.196323 0.000004 0.000005 0.000003 -0.009653 -0.430773
    48 3.882813 -0.050323 -0.430908 -0.085903 -0.026418 -0.587681
    49 1.719599 0.000008 0.000010 -0.000006 -0.007945 -0.366462
    50 1.209183 0.000010 0.000010 0.000006 -0.004485 -0.216351
    51 3.859375 -0.148926 -1.331055 -0.354417 0.038569 -0.532007
    52 1.719425 0.000011 0.000011 0.000004 -0.006614 -0.362968
    53 1.099663 0.000011 0.000010 -0.000001 -0.004222 -0.244302
    54 0.805664 -0.359619 -1.317383 1.204196 0.673612 -0.793958
    55 1.789780 -0.000011 0.000008 0.000005 -0.006300 0.228564
    56 1.207003 0.000001 -0.000008 -0.000007 -0.009615 0.362899
    57 11.481689 -0.000073 -0.000004 0.000155 0.000000 -0.000014
  time 76
    0 -0.135161 47.185034 37.473130 2.309620 -0.130129 -0.273942
    1 3.890447 0.000000 0.000000 -1.887322 -0.953612 -1.558371
    2 17.848156 0.000000 0.000000 0.000036 0.000000 0.157072
    3 16.525240 0.000000 0.000000 -0.006582 0.017668 -0.897509
    4 -3.890447 0.000000 0.000000 -1.043149 -1.053946 -2.117065
    5 17.848167 0.000000 0.000000 -0.000108 0.000024 0.553941
    6 16.525238 0.000000 0.000000 0.033360 -0.168694 -1.164532
    7 0.035157 3.477947 -2.837362 1.570580 0.040060 1.560046
    8 4.015370 0.000000 0.000000 0.001690 -0.007454 0.077559
    9 3.520298 0.000000 0.000000 0.000983 -0.006136 0.205959
    10 8.940987 0.000000 0.000000 0.000551 -0.002637 0.275686
    11 3.306377 -0.000001 0.000000 3.141578 -0.001426 0.457858
    12 3.594185 0.000000 0.000000 -0.162608 0.190912 0.548954
    13 2.036090 0.997452 1.937661 3.881190 -0.530441 1.203043
    14 6.028141 0.000011 0.000000 -1.876704 -0.384110 -0.819519
    15 11.692581 -0.000001 -0.000008 0.000000 0.000000 -1.086457
    16 11.481684 0.000000 -0.000031 0.184473 -0.016574 0.372090
    17 2.036090 0.997453 -1.937661 0.211225 1.431393 1.290933
    18 6.028137 -0.000008 0.000000 4.497141 0.232157 1.180364
    19 11.692554 0.000000 0.000019 0.000000 0.000000 -1.429333
    20 11.481705 0.000000 0.000011 -0.558601 0.026741 0.341616
    21 2.000004 -3.000000 0.000000 -1.570796 0.000000 -1.326450
    22 2.676084 -1.712437 0.000000 -1.570796 0.000000 -1.570795
    23 2.676081 -1.712433 0.000000 1.570797 0.000001 1.570797
    24 6.879441 -0.000010 0.000000 -0.004818 -0.033991 -0.583558
    25 6.879432 -0.000013 0.000000 -0.210299 -0.002961 -0.584388
    26 3.859711 -0.142445 -1.191958 -0.479138 0.152189 -0.879878
    27 1.312550 0.000008 0.000004 -0.000007 0.009671 -0.439707
    28 0.729370 0.000006 0.000000 0.000003 0.004968 -0.244304
    29 3.942335 0.046738 -0.431422 -0.155012 0.073337 -0.810639
    30 1.539124 0.000015 -0.000016 -0.000004 0.004459 -0.247797
    31 1.196327 0.000032 -0.000010 -0.000004 0.007358 -0.430804
    32 3.882813 -0.046753 0.431396 0.085902 0.021817 -0.587880
    33 1.719578 -0.000004 0.000004 -0.000008 0.005537 -0.366457
    34 1.209160 -0.000010 -0.000011 0.000003 0.003062 -0.216418
    35 3.859375 -0.137939 1.332031 0.354449 -0.042742 -0.531707
    36 1.719427 0.000031 -0.000031 0.000005 0.004052 -0.363023
    37 1.099674 -0.000004 -0.000011 -0.000007 0.002609 -0.244321
    38 0.807566 -0.347147 1.320592 -1.206856 -0.679483 -0.789308
    39 1.789783 -0.000007 0.000004 0.000001 0.007386 0.228516
    40 1.207018 0.000015 -0.000008 -0.000003 0.011265 0.362846
    41 11.481726 -0.000012 -0.000038 0.001269 0.000000 -0.000005
    42 3.859663 -0.132561 1.193130 0.479139 -0.158529 -0.879052
    43 1.312580 -0.000006 0.000003 0.000007 -0.011938 -0.439655
    44 0.729366 -0.000008 -0.000001 0.000005 -0.006136 -0.244269
    45 3.942284 0.050331 0.431063 0.155002 -0.079316 -0.810200
    46 1.539131 -0.000004 0.000002 -0.000002 -0.005851 -0.247777
    47 1.196323 0.000004 0.000005 0.000003 -0.009653 -0.430773
    48 3.882813 -0.050323 -0.430908 -0.085903 -0.026418 -0.587681
    49 1.719599 0.000008 0.000010 -0.000006 -0.007945 -0.366462
    50 1.209183 0.000010 0.000010 0.000006 -0.004485 -0.216351
    51 3.859375 -0.148926 -1.331055 -0.354417 0.038569 -0.532007
    52 1.719425 0.000011 0.000011 0.000004 -0.006614 -0.362968
    53 1.099663 0.000011 0.000010 -0.000001 -0.004222 -0.244302
    54 0.805664 -0.359619 -1.317383 1.204196 0.673612 -0.793958
    55 1.789780 -0.000011 0.000008 0.000005 -0.006300 0.228564
    56 1.207003 0.000001 -0.000008 -0.000007 -0.009615 0.362899
    57 11.481689 -0.000073 -0.000004 0.000155 0.000000 -0.000014
  time 77
    0 -0.162506 47.485824 37.359846 2.254232 -0.113854 -0.313668
    1 3.890447 0.000000 0.000000 -1.976579 -0.932904 -1.489380
    2 17.848156 0.000000 0.000000 0.000060 0.000000 0.239721
    3 16.525240 0.000000 0.000000 -0.006415 0.021419 -0.935322
    4 -3.890447 0.000000 0.000000 -1.029954 -1.006656 -2.073974
    5 17.848167 0.000000 0.000000 -0.000108 0.000024 0.565569
    6 16.525238 0.000000 0.000000 0.008719 -0.204896 -1.165009
    7 0.058596 3.497479 -2.810018 1.570401 0.032642 1.552843
    8 4.015370 0.000000 0.000000 0.002780 -0.012356 0.069841
    9 3.520298 0.000000 0.000000 0.001642 -0.010127 0.196156
    10 8.940987 0.000000 0.000000 0.000923 -0.004350 0.265008
    11 3.306377 -0.000001 0.000000 3.141578 -0.002349 0.449697
    12 3.594185 0.000000 0.000000 -0.098167 0.218221 0.467379
    13 2.036090 0.997452 1.937661 3.849203 -0.537488 1.226246
    14 6.028141 0.000011 0.000000 -1.848569 -0.372484 -0.830617
    15 11.692581 -0.000001 -0.000008 0.000000 0.000000 -1.016308
    16 11.481684 0.000000 -0.000031 0.154231 -0.005623 0.383170
    17 2.036090 0.997453 -1.937661 0.135550 1.381686 1.218224
    18 6.028137 -0.000008 0.000000 4.559936 0.290106 1.243072
    19 11.692554 0.000000 0.000019 0.000000 0.000000 -1.301555
    20 11.481705 0.000000 0.000011 -0.593303 0.062862 0.298573
    21 2.000004 -3.000000 0.000000 -1.570796 0.000000 -1.326450
    22 2.676084 -1.712437 0.000000 -1.570796 0.000000 -1.570795
    23 2.676081 -1.712433 0.000000 1.570797 0.000001 1.570797
    24 6.879441 -0.000010 0.000000 -0.004818 -0.033991 -0.583558
    25 6.879432 -0.000013 0.000000 -0.210299 -0.002961 -0.584412
    26 3.859711 -0.142445 -1.191958 -0.479138 0.152189 -0.879878
    27 1.312550 0.000008 0.000004 -0.000007 0.009671 -0.439707
    28 0.729370 0.000006 0.000000 0.000003 0.004968 -0.244304
    29 3.942335 0.046738 -0.431422 -0.155012 0.073337 -0.810639
    30 1.539124 0.000015 -0.000016 -0.000004 0.004459 -0.247797
    31 1.196327 0.000032 -0.000010 -0.000004 0.007358 -0.430804
    32 3.882813 -0.046753 0.431396 0.085902 0.021817 -0.587880
    33 1.719578 -0.000004 0.000004 -0.000008 0.005537 -0.366457
    34 1.209160 -0.000010 -0.000011 0.000003 0.003062 -0.216418
    35 3.859375 -0.137939 1.332031 0.354449 -0.042742 -0.531707
    36 1.719427 0.000031 -0.000031 0.000005 0.004052 -0.363023
    37 1.099674 -0.000004 -0.000011 -0.000007 0.002609 -0.244321
    38 0.807566 -0.347147 1.320592 -1.206856 -0.679483 -0.789308
    39 1.789783 -0.000007 0.000004 0.000001 0.007386 0.228516
    40 1.207018 0.000015 -0.000008 -0.000003 0.011265 0.362846
    41 11.481726 -0.000012 -0.000038 0.001269 0.000000 -0.000005
    42 3.859663 -0.132561 1.193130 0.479139 -0.158529 -0.879052
    43 1.312580 -0.000006 0.000003 0.000007 -0.011938 -0.439655
    44 0.729366 -0.000008 -0.000001 0.000005 -0.006136 -0.244269
    45 3.942284 0.050331 0.431063 0.155002 -0.079316 -0.810200
    46 1.539131 -0.000004 0.000002 -0.000002 -0.005851 -0.247777
    47 1.196323 0.000004 0.000005 0.000003 -0.009665 -0.430773
    48 3.882813 -0.050323 -0.430908 -0.085903 -0.026418 -0.587681
    49 1.719599 0.000008 0.000010 -0.000006 -0.007945 -0.366462
    50 1.209183 0.000010 0.000010 0.000006 -0.004485 -0.216351
    51 3.859375 -0.148926 -1.331055 -0.354417 0.038569 -0.532007
    52 1.719425 0.000011 0.000011 0.000004 -0.006614 -0.362968
    53 1.099663 0.000011 0.000010 -0.000001 -0.004222 -0.244302
    54 0.805664 -0.359619 -1.317383 1.204196 0.673612 -0.793958
    55 1.789780 -0.000011 0.000008 0.000005 -0.006300 0.228564
    56 1.207003 0.000001 -0.000008 -0.000007 -0.009615 0.362899
    57 11.481689 -0.000073 -0.000004 0.000155 0.000000 -0.000014
  time 78
    0 -0.193757 47.778802 37.266093 2.199677 -0.097339 -0.358347
    1 3.890447 0.000000 0.000000 -2.060852 -0.896076 -1.427216
    2 17.848156 0.000000 0.000000 0.000072 0.000000 0.295815
    3 16.525240 0.000000 0.000000 -0.005887 0.026608 -0.960219
    4 -3.890447 0.000000 0.000000 -1.020018 -0.955428 -2.034182
    5 17.848167 0.000000 0.000000 -0.000096 0.000024 0.574313
    6 16.525238 0.000000 0.000000 -0.009042 -0.231442 -1.166413
    7 0.082034 3.532637 -2.770954 1.570221 0.020034 1.546383
    8 4.015370 0.000000 0.000000 0.003715 -0.016599 0.059223
    9 3.520298 0.000000 0.000000 0.002229 -0.013531 0.182230
    10 8.940987 0.000000 0.000000 0.001246 -0.005765 0.249272
    11 3.306377 -0.000001 0.000000 3.141590 -0.003116 0.437509
    12 3.594185 0.000000 0.000000 -0.027063 0.252061 0.380296
    13 2.036090 0.997452 1.937661 3.818359 -0.558807 1.264151
    14 6.028141 0.000011 0.000000 -1.828108 -0.370050 -0.833522
    15 11.692581 -0.000001 -0.000008 0.000000 0.000000 -0.948767
    16 11.481684 0.000000 -0.000031 0.139259 0.005094 0.393698
    17 2.036090 0.997453 -1.937661 0.144616 1.322974 1.261116
    18 6.028137 -0.000008 0.000000 4.649740 0.324363 1.289231
    19 11.692554 0.000000 0.000019 0.000000 0.000000 -1.180469
    20 11.481705 0.000000 0.000011 -0.641125 0.095283 0.251633
    21 2.000004 -3.000000 0.000000 -1.570796 0.000000 -1.326450
    22 2.676084 -1.712437 0.000000 -1.570796 0.000000 -1.570795
    23 2.676081 -1.712433 0.000000 1.570797 0.000001 1.570797
    24 6.879441 -0.000010 0.000000 -0.004818 -0.033991 -0.583558
    25 6.879432 -0.000013 0.000000 -0.210299 -0.002961 -0.584436
    26 3.859711 -0.142445 -1.191958 -0.479138 0.152189 -0.879878
    27 1.312550 0.000008 0.000004 -0.000007 0.009671 -0.439707
    28 0.729370 0.000006 0.000000 0.000003 0.004968 -0.244304
    29 3.942335 0.046738 -0.431422 -0.155012 0.073337 -0.810639
    30 1.539124 0.000015 -0.000016 -0.000004 0.004459 -0.247797
    31 1.196327 0.000032 -0.000010 -0.000004 0.007358 -0.430804
    32 3.882813 -0.046753 0.431396 0.085902 0.021817 -0.587880
    33 1.719578 -0.000004 0.000004 -0.000008 0.005537 -0.366457
    34 1.209160 -0.000010 -0.000011 0.000003 0.003062 -0.216418
    35 3.859375 -0.137939 1.332031 0.354449 -0.042742 -0.531707
    36 1.719427 0.000031 -0.000031 0.000005 0.004052 -0.363023
    37 1.099674 -0.000004 -0.000011 -0.000007 0.002609 -0.244321
    38 0.807566 -0.347147 1.320592 -1.206856 -0.679483 -0.789308
    39 1.789783 -0.000007 0.000004 0.000001 0.007386 0.228516
    40 1.207018 0.000015 -0.000008 -0.000003 0.011265 0.362846
    41 11.481726 -0.000012 -0.000038 0.001269 0.000000 -0.000005
    42 3.859663 -0.132561 1.193130 0.479139 -0.158529 -0.879052
    43 1.312580 -0.000006 0.000003 0.000007 -0.011938 -0.439655
    44 0.729366 -0.000008 -0.000001 0.000005 -0.006136 -0.244269
    45 3.942284 0.050331 0.431063 0.155002 -0.079316 -0.810200
    46 1.539131 -0.000004 0.000002 -0.000002 -0.005851 -0.247777
    47 1.196323 0.000004 0.000005 0.000003 -0.009665 -0.430773
    48 3.882813 -0.050323 -0.430908 -0.085903 -0.026418 -0.587681
    49 1.719599 0.000008 0.000010 -0.000006 -0.007945 -0.366462
    50 1.209183 0.000010 0.000010 0.000006 -0.004485 -0.216351
    51 3.859375 -0.148926 -1.331055 -0.354417 0.038569 -0.532007
    52 1.719425 0.000011 0.000011 0.000004 -0.006614 -0.362968
    53 1.099663 0.000011 0.000010 -0.000001 -0.004222 -0.244302
    54 0.805664 -0.359619 -1.317383 1.204196 0.673612 -0.793958
    55 1.789780 -0.000011 0.000008 0.000005 -0.006300 0.228564
    56 1.207003 0.000001 -0.000008 -0.000007 -0.009615 0.362899
    57 11.481689 -0.000073 -0.000004 0.000155 0.000000 -0.000014
  time 79
    0 -0.228914 48.060060 37.191872 2.146955 -0.081351 -0.407886
    1 3.890447 0.000000 0.000000 -2.139764 -0.849348 -1.372657
    2 17.848156 0.000000 0.000000 0.000048 0.000000 0.335760
    3 16.525240 0.000000 0.000000 -0.004929 0.033476 -0.977536
    4 -3.890447 0.000000 0.000000 -1.018311 -0.902333 -1.997279
    5 17.848167 0.000000 0.000000 -0.000096 0.000024 0.579383
    6 16.525238 0.000000 0.000000 -0.017455 -0.244987 -1.169276
    7 0.101566 3.575607 -2.712358 1.570041 0.003567 1.540835
    8 4.015370 0.000000 0.000000 0.004458 -0.020038 0.046375
    9 3.520298 0.000000 0.000000 0.002732 -0.016215 0.165248
    10 8.940987 0.000000 0.000000 0.001534 -0.006843 0.229749
    11 3.306377 -0.000001 0.000000 3.141602 -0.003691 0.422276
    12 3.594185 0.000000 0.000000 0.047952 0.291229 0.291478
    13 2.036090 0.997452 1.937661 3.786848 -0.592618 1.313123
    14 6.028141 0.000011 0.000000 -1.813330 -0.375119 -0.831569
    15 11.692581 -0.000001 -0.000008 0.000000 0.000000 -0.882631
    16 11.481684 0.000000 -0.000031 0.142928 0.012840 0.402390
    17 2.036090 0.997453 -1.937661 0.175630 1.257099 1.352157
    18 6.028137 -0.000008 0.000000 4.760825 0.337810 1.318710
    19 11.692554 0.000000 0.000019 0.000000 0.000000 -1.068864
    20 11.481705 0.000000 0.000011 -0.702693 0.123077 0.200289
    21 2.000004 -3.000000 0.000000 -1.570796 0.000000 -1.326450
    22 2.676084 -1.712437 0.000000 -1.570796 0.000000 -1.570795
    23 2.676081 -1.712433 0.000000 1.570797 0.000001 1.570797
    24 6.879441 -0.000010 0.000000 -0.004818 -0.033991 -0.583558
    25 6.879432 -0.000013 0.000000 -0.210299 -0.002961 -0.584448
    26 3.859711 -0.142445 -1.191958 -0.479138 0.152189 -0.879878
    27 1.312550 0.000008 0.000004 -0.000007 0.009671 -0.439707
    28 0.729370 0.000006 0.000000 0.000003 0.004968 -0.244304
    29 3.942335 0.046738 -0.431422 -0.155012 0.073337 -0.810639
    30 1.539124 0.000015 -0.000016 -0.000004 0.004459 -0.247797
    31 1.196327 0.000032 -0.000010 -0.000004 0.007358 -0.430804
    32 3.882813 -0.046753 0.431396 0.085902 0.021817 -0.587880
    33 1.719578 -0.000004 0.000004 -0.000008 0.005537 -0.366457
    34 1.209160 -0.000010 -0.000011 0.000003 0.003062 -0.216418
    35 3.859375 -0.137939 1.332031 0.354449 -0.042742 -0.531707
    36 1.719427 0.000031 -0.000031 0.000005 0.004052 -0.363023
    37 1.099674 -0.000004 -0.000011 -0.000007 0.002609 -0.244321
    38 0.807566 -0.347147 1.320592 -1.206856 -0.679483 -0.789308
    39 1.789783 -0.000007 0.000004 0.000001 0.007386 0.228516
    40 1.207018 0.000015 -0.000008 -0.000003 0.011265 0.362846
    41 11.481726 -0.000012 -0.000038 0.001269 0.000000 -0.000005
    42 3.859663 -0.132561 1.193130 0.479139 -0.158529 -0.879052
    43 1.312580 -0.000006 0.000003 0.000007 -0.011938 -0.439655
    44 0.729366 -0.000008 -0.000001 0.000005 -0.006136 -0.244269
    45 3.942284 0.050331 0.431063 0.155002 -0.079316 -0.810200
    46 1.539131 -0.000004 0.000002 -0.000002 -0.005851 -0.247777
    47 1.196323 0.000004 0.000005 0.000003 -0.009653 -0.430773
    48 3.882813 -0.050323 -0.430908 -0.085903 -0.026418 -0.587681
    49 1.719599 0.000008 0.000010 -0.000006 -0.007945 -0.366462
    50 1.209183 0.000010 0.000010 0.000006 -0.004485 -0.216351
    51 3.859375 -0.148926 -1.331055 -0.354417 0.038569 -0.532007
    52 1.719425 0.000011 0.000011 0.000004 -0.006614 -0.362968
    53 1.099663 0.000011 0.000010 -0.000001 -0.004222 -0.244302
    54 0.805664 -0.359619 -1.317383 1.204196 0.673612 -0.793958
    55 1.789780 -0.000011 0.000008 0.000005 -0.006300 0.228564
    56 1.207003 0.000001 -0.000008 -0.000007 -0.009615 0.362899
    57 11.481689 -0.000073 -0.000004 0.000155 0.000000 -0.000014
  time 80
    0 -0.271884 48.333506 37.144995 2.097272 -0.066574 -0.461901
    1 3.890447 0.000000 0.000000 -2.213063 -0.795763 -1.326645
    2 17.848156 0.000000 0.000000 0.000012 0.000000 0.361907
    3 16.525240 0.000000 0.000000 -0.003442 0.042236 -0.988500
    4 -3.890447 0.000000 0.000000 -0.986332 -0.902982 -2.015652
    5 17.848167 0.000000 0.000000 -0.000072 0.000024 0.688642
    6 16.525238 0.000000 0.000000 -0.032028 -0.239652 -1.145920
    7 0.117191 3.626390 -2.653763 1.569873 -0.014374 1.536352
    8 4.015370 0.000000 0.000000 0.005034 -0.022603 0.032305
    9 3.520298 0.000000 0.000000 0.003140 -0.018133 0.146791
    10 8.940987 0.000000 0.000000 0.001750 -0.007574 0.208513
    11 3.306377 -0.000001 0.000000 3.141626 -0.004075 0.405594
    12 3.594185 0.000000 0.000000 0.124124 0.333960 0.205430
    13 2.036090 0.997452 1.937661 3.752671 -0.636859 1.369419
    14 6.028141 0.000011 0.000000 -1.802815 -0.386202 -0.826949
    15 11.692581 -0.000001 -0.000008 0.000000 0.000000 -0.816495
    16 11.481684 0.000000 -0.000031 0.168257 0.015144 0.407588
    17 2.036090 0.997453 -1.937661 0.210653 1.183059 1.465543
    18 6.028137 -0.000008 0.000000 -1.393438 0.338810 1.329377
    19 11.692554 0.000000 0.000019 0.000000 0.000000 -0.972107
    20 11.481705 0.000000 0.000011 -0.777426 0.144359 0.146064
    21 2.000004 -3.000000 0.000000 -1.570796 0.000000 -1.326450
    22 2.676084 -1.712437 0.000000 -1.570796 0.000000 -1.570795
    23 2.676081 -1.712433 0.000000 1.570797 0.000001 1.570797
    24 6.879441 -0.000010 0.000000 -0.004818 -0.033991 -0.583558
    25 6.879432 -0.000013 0.000000 -0.210299 -0.003009 -0.585766
    26 3.859711 -0.142445 -1.191958 -0.479138 0.152189 -0.879878
    27 1.312550 0.000008 0.000004 -0.000007 0.009671 -0.439707
    28 0.729370 0.000006 0.000000 0.000003 0.004968 -0.244304
    29 3.942335 0.046738 -0.431422 -0.155012 0.073337 -0.810639
    30 1.539124 0.000015 -0.000016 -0.000004 0.004459 -0.247797
    31 1.196327 0.000032 -0.000010 -0.000004 0.007358 -0.430804
    32 3.882813 -0.046753 0.431396 0.085902 0.021817 -0.587880
    33 1.719578 -0.000004 0.000004 -0.000008 0.005537 -0.366457
    34 1.209160 -0.000010 -0.000011 0.000003 0.003062 -0.216418
    35 3.859375 -0.137939 1.332031 0.354449 -0.042742 -0.531707
    36 1.719427 0.000031 -0.000031 0.000005 0.004052 -0.363023
    37 1.099674 -0.000004 -0.000011 -0.000007 0.002609 -0.244321
    38 0.807566 -0.347147 1.320592 -1.206856 -0.679471 -0.789308
    39 1.789783 -0.000007 0.000004 0.000001 0.007386 0.228516
    40 1.207018 0.000015 -0.000008 -0.000003 0.011265 0.362846
    41 11.481726 -0.000012 -0.000038 0.001269 0.000000 -0.000005
    42 3.859663 -0.132561 1.193130 0.479139 -0.158529 -0.879052
    43 1.312580 -0.000006 0.000003 0.000007 -0.011938 -0.439655
    44 0.729366 -0.000008 -0.000001 0.000005 -0.006136 -0.244269
    45 3.942284 0.050331 0.431063 0.155002 -0.079316 -0.810200
    46 1.539131 -0.000004 0.000002 -0.000002 -0.005851 -0.247777
    47 1.196323 0.000004 0.000005 0.000003 -0.009653 -0.430773
    48 3.882813 -0.050323 -0.430908 -0.085903 -0.026418 -0.587681
    49 1.719599 0.000008 0.000010 -0.000006 -0.007945 -0.366462
    50 1.209183 0.000010 0.000010 0.000006 -0.004485 -0.216351
    51 3.859375 -0.148926 -1.331055 -0.354417 0.038569 -0.532007
    52 1.719425 0.000011 0.000011 0.000004 -0.006614 -0.362968
    53 1.099663 0.000011 0.000010 -0.000001 -0.004222 -0.244302
    54 0.805664 -0.359619 -1.317383 1.204196 0.673612 -0.793958
    55 1.789780 -0.000011 0.000008 0.000005 -0.006300 0.228564
    56 1.207003 0.000001 -0.000008 -0.000007 -0.009615 0.362899
    57 11.481689 -0.000073 -0.000004 0.000155 0.000000 -0.000014
  time 81
    0 -0.318761 48.603046 37.125463 2.051796 -0.053487 -0.519823
    1 3.890447 0.000000 0.000000 -2.281336 -0.737591 -1.289529
    2 17.848156 0.000000 0.000000 0.000000 0.000000 0.375252
    3 16.525240 0.000000 0.000000 -0.001333 0.053058 -0.993525
    4 -3.890447 0.000000 0.000000 -0.960615 -0.914389 -2.044923
    5 17.848167 0.000000 0.000000 -0.000048 0.000024 0.808552
    6 16.525238 0.000000 0.000000 -0.037517 -0.219562 -1.109146
    7 0.132817 3.665453 -2.599074 1.569729 -0.030013 1.533069
    8 4.015370 0.000000 0.000000 0.005417 -0.024281 0.018499
    9 3.520298 0.000000 0.000000 0.003440 -0.019319 0.129210
    10 8.940987 0.000000 0.000000 0.001906 -0.007970 0.188642
    11 3.306377 -0.000001 0.000000 3.141662 -0.004290 0.389942
    12 3.594185 0.000000 0.000000 0.198675 0.378189 0.127870
    13 2.036090 0.997452 1.937661 3.714306 -0.689191 1.428442
    14 6.028141 0.000011 0.000000 -1.795237 -0.402334 -0.820852
    15 11.692581 -0.000001 -0.000008 0.000000 0.000000 -0.747549
    16 11.481684 0.000000 -0.000031 0.217732 0.010069 0.406592
    17 2.036090 0.997453 -1.937661 0.248729 1.098374 1.590690
    18 6.028137 -0.000008 0.000000 -1.247996 0.340331 1.319163
    19 11.692554 0.000000 0.000019 0.000000 0.000000 -0.899748
    20 11.481705 0.000000 0.000011 -0.863398 0.156045 0.094121
    21 2.000004 -3.000000 0.000000 -1.570796 0.000000 -1.326450
    22 2.676084 -1.712437 0.000000 -1.570796 0.000000 -1.570795
    23 2.676081 -1.712433 0.000000 1.570797 0.000001 1.570797
    24 6.879441 -0.000010 0.000000 -0.004818 -0.033991 -0.583558
    25 6.879432 -0.000013 0.000000 -0.210299 -0.002961 -0.584376
    26 3.859711 -0.142445 -1.191958 -0.479138 0.152189 -0.879878
    27 1.312550 0.000008 0.000004 -0.000007 0.009671 -0.439707
    28 0.729370 0.000006 0.000000 0.000003 0.004968 -0.244304
    29 3.942335 0.046738 -0.431422 -0.155012 0.073337 -0.810639
    30 1.539124 0.000015 -0.000016 -0.000004 0.004459 -0.247797
    31 1.196327 0.000032 -0.000010 -0.000004 0.007358 -0.430804
    32 3.882813 -0.046753 0.431396 0.085902 0.021817 -0.587880
    33 1.719578 -0.000004 0.000004 -0.000008 0.005537 -0.366457
    34 1.209160 -0.000010 -0.000011 0.000003 0.003062 -0.216418
    35 3.859375 -0.137939 1.332031 0.354449 -0.042742 -0.531707
    36 1.719427 0.000031 -0.000031 0.000005 0.004052 -0.363023
    37 1.099674 -0.000004 -0.000011 -0.000007 0.002609 -0.244321
    38 0.807566 -0.347147 1.320592 -1.206856 -0.679483 -0.789308
    39 1.789783 -0.000007 0.000004 0.000001 0.007386 0.228516
    40 1.207018 0.000015 -0.000008 -0.000003 0.011265 0.362846
    41 11.481726 -0.000012 -0.000038 0.001269 0.000000 -0.000005
    42 3.859663 -0.132561 1.193130 0.479139 -0.158529 -0.879052
    43 1.312580 -0.000006 0.000003 0.000007 -0.011938 -0.439655
    44 0.729366 -0.000008 -0.000001 0.000005 -0.006136 -0.244269
    45 3.942284 0.050331 0.431063 0.155002 -0.079316 -0.810200
    46 1.539131 -0.000004 0.000002 -0.000002 -0.005851 -0.247777
    47 1.196323 0.000004 0.000005 0.000003 -0.009653 -0.430773
    48 3.882813 -0.050323 -0.430908 -0.085903 -0.026418 -0.587681
    49 1.719599 0.000008 0.000010 -0.000006 -0.007945 -0.366462
    50 1.209183 0.000010 0.000010 0.000006 -0.004485 -0.216351
    51 3.859375 -0.148926 -1.331055 -0.354417 0.038569 -0.532007
    52 1.719425 0.000011 0.000011 0.000004 -0.006614 -0.362968
    53 1.099663 0.000011 0.000010 -0.000001 -0.004222 -0.244302
    54 0.805664 -0.359619 -1.317383 1.204196 0.673612 -0.793958
    55 1.789780 -0.000011 0.000008 0.000005 -0.006300 0.228564
    56 1.207003 0.000001 -0.000008 -0.000007 -0.009615 0.362899
    57 11.481689 -0.000073 -0.000004 0.000155 0.000000 -0.000014
  time 82
    0 -0.369543 48.864772 37.242654 2.012108 -0.042126 -0.581936
    1 3.890447 0.000000 0.000000 -2.337294 -0.665614 -1.275634
    2 17.848156 0.000000 0.000000 0.000036 0.000000 0.343088
    3 16.525240 0.000000 0.000000 0.001663 0.065774 -0.976124
    4 -3.890447 0.000000 0.000000 -0.978363 -0.899004 -2.038516
    5 17.848167 0.000000 0.000000 -0.000036 0.000024 0.866460
    6 16.525238 0.000000 0.000000 -0.012421 -0.194625 -1.132221
    7 0.136723 3.661547 -2.602980 1.569610 -0.028875 1.531391
    8 4.015370 0.000000 0.000000 0.005657 -0.025323 0.012363
    9 3.520298 0.000000 0.000000 0.003607 -0.020134 0.122954
    10 8.940987 0.000000 0.000000 0.001989 -0.008293 0.183297
    11 3.306377 -0.000001 0.000000 3.141674 -0.004458 0.385975
    12 3.594185 0.000000 0.000000 0.269213 0.421839 0.085941
    13 2.036090 0.997452 1.937661 3.670799 -0.743761 1.474045
    14 6.028141 0.000011 0.000000 -1.795426 -0.428563 -0.808849
    15 11.692581 -0.000001 -0.000008 0.000000 0.000000 -0.657606
    16 11.481684 0.000000 -0.000031 0.292536 -0.001783 0.388877
    17 2.036090 0.997453 -1.937661 0.252641 1.016010 1.676127
    18 6.028137 -0.000008 0.000000 -1.097210 0.319001 1.299316
    19 11.692554 0.000000 0.000019 0.000000 0.000000 -0.829620
    20 11.481705 0.000000 0.000011 -0.959041 0.157896 0.040818
    21 2.000004 -3.000000 0.000000 -1.570796 0.000000 -1.326450
    22 2.676084 -1.712437 0.000000 -1.570796 0.000000 -1.570795
    23 2.676081 -1.712433 0.000000 1.570797 0.000001 1.570797
    24 6.879441 -0.000010 0.000000 -0.004818 -0.033991 -0.583558
    25 6.879432 -0.000013 0.000000 -0.210299 -0.002961 -0.584376
    26 3.859711 -0.142445 -1.191958 -0.479138 0.152189 -0.879878
    27 1.312550 0.000008 0.000004 -0.000007 0.009671 -0.439707
    28 0.729370 0.000006 0.000000 0.000003 0.004968 -0.244304
    29 3.942335 0.046738 -0.431422 -0.155012 0.073337 -0.810639
    30 1.539124 0.000015 -0.000016 -0.000004 0.004459 -0.247797
    31 1.196327 0.000032 -0.000010 -0.000004 0.007358 -0.430804
    32 3.882813 -0.046753 0.431396 0.085902 0.021817 -0.587880
    33 1.719578 -0.000004 0.000004 -0.000008 0.005537 -0.366457
    34 1.209160 -0.000010 -0.000011 0.000003 0.003062 -0.216418
    35 3.859375 -0.137939 1.332031 0.354449 -0.042742 -0.531707
    36 1.719427 0.000031 -0.000031 0.000005 0.004052 -0.363023
    37 1.099674 -0.000004 -0.000011 -0.000007 0.002609 -0.244321
    38 0.807566 -0.347147 1.320592 -1.206856 -0.679483 -0.789308
    39 1.789783 -0.000007 0.000004 0.000001 0.007386 0.228516
    40 1.207018 0.000015 -0.000008 -0.000003 0.011265 0.362846
    41 11.481726 -0.000012 -0.000038 0.001269 0.000000 -0.000005
    42 3.859663 -0.132561 1.193130 0.479139 -0.158529 -0.879052
    43 1.312580 -0.000006 0.000003 0.000007 -0.011938 -0.439655
    44 0.729366 -0.000008 -0.000001 0.000005 -0.006136 -0.244269
    45 3.942284 0.050331 0.431063 0.155002 -0.079316 -0.810200
    46 1.539131 -0.000004 0.000002 -0.000002 -0.005851 -0.247777
    47 1.196323 0.000004 0.000005 0.000003 -0.009653 -0.430773
    48 3.882813 -0.050323 -0.430908 -0.085903 -0.026418 -0.587681
    49 1.719599 0.000008 0.000010 -0.000006 -0.007945 -0.366462
    50 1.209183 0.000010 0.000010 0.000006 -0.004485 -0.216351
    51 3.859375 -0.148926 -1.331055 -0.354417 0.038569 -0.532007
    52 1.719425 0.000011 0.000011 0.000004 -0.006614 -0.362968
    53 1.099663 0.000011 0.000010 -0.000001 -0.004222 -0.244302
    54 0.805664 -0.359619 -1.317383 1.204196 0.673612 -0.793958
    55 1.789780 -0.000011 0.000008 0.000005 -0.006300 0.228564
    56 1.207003 0.000001 -0.000008 -0.000007 -0.009615 0.362899
    57 11.481689 -0.000073 -0.000004 0.000155 0.000000 -0.000014
  time 83
    0 -0.392982 49.134312 37.363752 1.978043 -0.032059 -0.648051
    1 3.890447 0.000000 0.000000 -2.394635 -0.596499 -1.267114
    2 17.848156 0.000000 0.000000 0.000060 0.000000 0.305360
    3 16.525240 0.000000 0.000000 0.005929 0.080203 -0.955900
    4 -3.890447 0.000000 0.000000 -1.028142 -0.869981 -2.007611
    5 17.848167 0.000000 0.000000 -0.000036 0.000024 0.871158
    6 16.525238 0.000000 0.000000 0.025186 -0.159291 -1.136432
    7 0.136723 3.638109 -2.634231 1.569538 -0.019958 1.531678
    8 4.015370 0.000000 0.000000 0.005645 -0.025311 0.008876
    9 3.520298 0.000000 0.000000 0.003595 -0.020182 0.120953
    10 8.940987 0.000000 0.000000 0.001989 -0.008353 0.183776
    11 3.306377 -0.000001 0.000000 3.141662 -0.004494 0.386778
    12 3.594185 0.000000 0.000000 0.333269 0.464302 0.058891
    13 2.036090 0.997452 1.937661 3.617964 -0.803089 1.515746
    14 6.028141 0.000011 0.000000 -1.794574 -0.458433 -0.799752
    15 11.692581 -0.000001 -0.000008 0.000000 0.000000 -0.559305
    16 11.481684 0.000000 -0.000031 0.397523 -0.024253 0.358046
    17 2.036090 0.997453 -1.937661 0.164274 0.966783 1.720126
    18 6.028137 -0.000008 0.000000 -0.956445 0.219911 1.285158
    19 11.692554 0.000000 0.000019 0.000000 0.000000 -0.761304
    20 11.481705 0.000000 0.000011 -1.064804 0.153989 -0.010803
    21 2.000004 -3.000000 0.000000 -1.570796 0.000000 -1.326450
    22 2.676084 -1.712437 0.000000 -1.570796 0.000000 -1.570795
    23 2.676081 -1.712433 0.000000 1.570797 0.000001 1.570797
    24 6.879441 -0.000010 0.000000 -0.004818 -0.033991 -0.583558
    25 6.879432 -0.000013 0.000000 -0.210299 -0.002961 -0.584376
    26 3.859711 -0.142445 -1.191958 -0.479138 0.152189 -0.879878
    27 1.312550 0.000008 0.000004 -0.000007 0.009671 -0.439707
    28 0.729370 0.000006 0.000000 0.000003 0.004968 -0.244304
    29 3.942335 0.046738 -0.431422 -0.155012 0.073337 -0.810639
    30 1.539124 0.000015 -0.000016 -0.000004 0.004459 -0.247797
    31 1.196327 0.000032 -0.000010 -0.000004 0.007358 -0.430804
    32 3.882813 -0.046753 0.431396 0.085902 0.021817 -0.587880
    33 1.719578 -0.000004 0.000004 -0.000008 0.005537 -0.366457
    34 1.209160 -0.000010 -0.000011 0.000003 0.003062 -0.216418
    35 3.859375 -0.137939 1.332031 0.354449 -0.042742 -0.531707
    36 1.719427 0.000031 -0.000031 0.000005 0.004052 -0.363023
    37 1.099674 -0.000004 -0.000011 -0.000007 0.002609 -0.244321
    38 0.807566 -0.347147 1.320592 -1.206856 -0.679483 -0.789308
    39 1.789783 -0.000007 0.000004 0.000001 0.007386 0.228516
    40 1.207018 0.000015 -0.000008 -0.000003 0.011265 0.362846
    41 11.481726 -0.000012 -0.000038 0.001269 0.000000 -0.000005
    42 3.859663 -0.132561 1.193130 0.479139 -0.158529 -0.879052
    43 1.312580 -0.000006 0.000003 0.000007 -0.011938 -0.439655
    44 0.729366 -0.000008 -0.000001 0.000005 -0.006136 -0.244269
    45 3.942284 0.050331 0.431063 0.155002 -0.079316 -0.810200
    46 1.539131 -0.000004 0.000002 -0.000002 -0.005851 -0.247777
    47 1.196323 0.000004 0.000005 0.000003 -0.009653 -0.430773
    48 3.882813 -0.050323 -0.430908 -0.085903 -0.026418 -0.587681
    49 1.719599 0.000008 0.000010 -0.000006 -0.007945 -0.366462
    50 1.209183 0.000010 0.000010 0.000006 -0.004485 -0.216351
    51 3.859375 -0.148926 -1.331055 -0.354417 0.038569 -0.532007
    52 1.719425 0.000011 0.000011 0.000004 -0.006614 -0.362968
    53 1.099663 0.000011 0.000010 -0.000001 -0.004222 -0.244302
    54 0.805664 -0.359619 -1.317383 1.204196 0.673612 -0.793958
    55 1.789780 -0.000011 0.000008 0.000005 -0.006300 0.228564
    56 1.207003 0.000001 -0.000008 -0.000007 -0.009615 0.362899
    57 11.481689 -0.000073 -0.000004 0.000155 0.000000 -0.000014
  time 84
    0 -0.240633 49.423383 37.340314 1.948558 -0.022915 -0.717309
    1 3.890447 0.000000 0.000000 -2.448960 -0.553131 -1.242657
    2 17.848156 0.000000 0.000000 0.000048 0.000000 0.319700
    3 16.525240 0.000000 0.000000 0.003329 0.082421 -0.962357
    4 -3.890447 0.000000 0.000000 -1.081492 -0.837506 -1.972561
    5 17.848167 0.000000 0.000000 -0.000036 0.000024 0.859297
    6 16.525238 0.000000 0.000000 0.064448 -0.119924 -1.140166
    7 0.128910 3.630296 -2.645950 1.569526 -0.016111 1.533800
    8 4.015370 0.000000 0.000000 0.005345 -0.023981 0.001960
    9 3.520298 0.000000 0.000000 0.003428 -0.019127 0.114361
    10 8.940987 0.000000 0.000000 0.001882 -0.007922 0.178803
    11 3.306377 -0.000001 0.000000 3.141662 -0.004267 0.383230
    12 3.594185 0.000000 0.000000 0.361438 0.486328 0.014711
    13 2.036090 0.997452 1.937661 3.555132 -0.862010 1.561029
    14 6.028141 0.000011 0.000000 -1.785669 -0.468792 -0.810088
    15 11.692581 -0.000001 -0.000008 0.000000 0.000000 -0.493034
    16 11.481684 0.000000 -0.000031 0.537130 -0.062247 0.330377
    17 2.036090 0.997453 -1.937661 -0.050441 0.968664 1.740465
    18 6.028137 -0.000008 0.000000 -0.830853 0.006965 1.274814
    19 11.692554 0.000000 0.000019 0.000000 0.000000 -0.711113
    20 11.481705 0.000000 0.000011 -1.177553 0.142645 -0.048613
    21 2.000004 -3.000000 0.000000 -1.570796 0.000000 -1.326450
    22 2.676084 -1.712437 0.000000 -1.570796 0.000000 -1.570795
    23 2.676081 -1.712433 0.000000 1.570797 0.000001 1.570797
    24 6.879441 -0.000010 0.000000 -0.004818 -0.033991 -0.583558
    25 6.879432 -0.000013 0.000000 -0.210299 -0.002961 -0.584376
    26 3.859711 -0.142445 -1.191958 -0.479138 0.152189 -0.879878
    27 1.312550 0.000008 0.000004 -0.000007 0.009671 -0.439707
    28 0.729370 0.000006 0.000000 0.000003 0.004968 -0.244304
    29 3.942335 0.046738 -0.431422 -0.155012 0.073337 -0.810639
    30 1.539124 0.000015 -0.000016 -0.000004 0.004459 -0.247797
    31 1.196327 0.000032 -0.000010 -0.000004 0.007358 -0.430804
    32 3.882813 -0.046753 0.431396 0.085902 0.021817 -0.587880
    33 1.719578 -0.000004 0.000004 -0.000008 0.005537 -0.366457
    34 1.209160 -0.000010 -0.000011 0.000003 0.003062 -0.216418
    35 3.859375 -0.137939 1.332031 0.354449 -0.042742 -0.531707
    36 1.719427 0.000031 -0.000031 0.000005 0.004052 -0.363023
    37 1.099674 -0.000004 -0.000011 -0.000007 0.002609 -0.244321
    38 0.807566 -0.347147 1.320592 -1.206856 -0.679483 -0.789308
    39 1.789783 -0.000007 0.000004 0.000001 0.007386 0.228516
    40 1.207018 0.000015 -0.000008 -0.000003 0.011265 0.362846
    41 11.481726 -0.000012 -0.000038 0.001269 0.000000 -0.000005
    42 3.859663 -0.132561 1.193130 0.479139 -0.158529 -0.879052
    43 1.312580 -0.000006 0.000003 0.000007 -0.011938 -0.439655
    44 0.729366 -0.000008 -0.000001 0.000005 -0.006136 -0.244269
    45 3.942284 0.050331 0.431063 0.155002 -0.079316 -0.810200
    46 1.539131 -0.000004 0.000002 -0.000002 -0.005851 -0.247777
    47 1.196323 0.000004 0.000005 0.000003 -0.009665 -0.430773
    48 3.882813 -0.050323 -0.430908 -0.085903 -0.026418 -0.587681
    49 1.719599 0.000008 0.000010 -0.000006 -0.007945 -0.366462
    50 1.209183 0.000010 0.000010 0.000006 -0.004485 -0.216351
    51 3.859375 -0.148926 -1.331055 -0.354417 0.038569 -0.532007
    52 1.719425 0.000011 0.000011 0.000004 -0.006614 -0.362968
    53 1.099663 0.000011 0.000010 -0.000001 -0.004222 -0.244302
    54 0.805664 -0.359619 -1.317383 1.204196 0.673612 -0.793958
    55 1.789780 -0.000011 0.000008 0.000005 -0.006300 0.228564
    56 1.207003 0.000001 -0.000008 -0.000007 -0.009615 0.362899
    57 11.481689 -0.000073 -0.000004 0.000155 0.000000 -0.000014
  time 85
    0 0.169535 49.731986 37.285625 1.923113 -0.014585 -0.788949
    1 3.890447 0.000000 0.000000 -2.478489 -0.526202 -1.219113
    2 17.848156 0.000000 0.000000 0.000012 0.000000 0.350507
    3 16.525240 0.000000 0.000000 -0.012287 0.062239 -0.977495
    4 -3.890447 0.000000 0.000000 -1.123975 -0.801907 -1.939835
    5 17.848167 0.000000 0.000000 -0.000036 0.000024 0.841157
    6 16.525238 0.000000 0.000000 0.096519 -0.082691 -1.148615
    7 0.113285 3.606858 -2.677201 1.569598 -0.007267 1.537587
    8 4.015370 0.000000 0.000000 0.004842 -0.021704 -0.002498
    9 3.520298 0.000000 0.000000 0.003104 -0.017366 0.111305
    10 8.940987 0.000000 0.000000 0.001702 -0.007227 0.178323
    11 3.306377 -0.000001 0.000000 3.141650 -0.003895 0.383326
    12 3.594185 0.000000 0.000000 0.331416 0.471427 -0.030839
    13 2.036090 0.997452 1.937661 3.487826 -0.909177 1.591930
    14 6.028141 0.000011 0.000000 -1.776764 -0.451554 -0.838619
    15 11.692581 -0.000001 -0.000008 0.000000 0.000000 -0.464279
    16 11.481684 0.000000 -0.000031 0.707629 -0.111626 0.304721
    17 2.036090 0.997453 -1.937661 -0.416984 1.019372 1.707743
    18 6.028137 -0.000008 0.000000 -0.710320 -0.343289 1.243654
    19 11.692554 0.000000 0.000019 0.000000 0.000000 -0.663222
    20 11.481705 0.000000 0.000011 -1.295048 0.124242 -0.070815
    21 2.000004 -3.000000 0.000000 -1.570796 0.000000 -1.326450
    22 2.676084 -1.712437 0.000000 -1.570796 0.000000 -1.570795
    23 2.676081 -1.712433 0.000000 1.570797 0.000001 1.570797
    24 6.879441 -0.000010 0.000000 -0.004818 -0.033991 -0.583558
    25 6.879432 -0.000013 0.000000 -0.210299 -0.002961 -0.584376
    26 3.859711 -0.142445 -1.191958 -0.479138 0.152189 -0.879878
    27 1.312550 0.000008 0.000004 -0.000007 0.009671 -0.439707
    28 0.729370 0.000006 0.000000 0.000003 0.004968 -0.244304
    29 3.942335 0.046738 -0.431422 -0.155012 0.073337 -0.810639
    30 1.539124 0.000015 -0.000016 -0.000004 0.004459 -0.247797
    31 1.196327 0.000032 -0.000010 -0.000004 0.007358 -0.430804
    32 3.882813 -0.046753 0.431396 0.085902 0.021817 -0.587880
    33 1.719578 -0.000004 0.000004 -0.000008 0.005537 -0.366457
    34 1.209160 -0.000010 -0.000011 0.000003 0.003062 -0.216418
    35 3.859375 -0.137939 1.332031 0.354449 -0.042742 -0.531707
    36 1.719427 0.000031 -0.000031 0.000005 0.004052 -0.363023
    37 1.099674 -0.000004 -0.000011 -0.000007 0.002609 -0.244321
    38 0.807566 -0.347147 1.320592 -1.206856 -0.679471 -0.789308
    39 1.789783 -0.000007 0.000004 0.000001 0.007386 0.228516
    40 1.207018 0.000015 -0.000008 -0.000003 0.011265 0.362846
    41 11.481726 -0.000012 -0.000038 0.001269 0.000000 -0.000005
    42 3.859663 -0.132561 1.193130 0.479139 -0.158529 -0.879052
    43 1.312580 -0.000006 0.000003 0.000007 -0.011938 -0.439655
    44 0.729366 -0.000008 -0.000001 0.000005 -0.006136 -0.244269
    45 3.942284 0.050331 0.431063 0.155002 -0.079316 -0.810200
    46 1.539131 -0.000004 0.000002 -0.000002 -0.005851 -0.247777
    47 1.196323 0.000004 0.000005 0.000003 -0.009653 -0.430773
    48 3.882813 -0.050323 -0.430908 -0.085903 -0.026418 -0.587681
    49 1.719599 0.000008 0.000010 -0.000006 -0.007945 -0.366462
    50 1.209183 0.000010 0.000010 0.000006 -0.004485 -0.216351
    51 3.859375 -0.148926 -1.331055 -0.354417 0.038569 -0.532007
    52 1.719425 0.000011 0.000011 0.000004 -0.006614 -0.362968
    53 1.099663 0.000011 0.000010 -0.000001 -0.004222 -0.244302
    54 0.805664 -0.359619 -1.317383 1.204196 0.673612 -0.793958
    55 1.789780 -0.000011 0.000008 0.000005 -0.006300 0.228564
    56 1.207003 0.000001 -0.000008 -0.000007 -0.009615 0.362899
    57 11.481689 -0.000073 -0.000004 0.000155 0.000000 -0.000014
  time 86
    0 0.786742 50.064028 37.199684 1.901166 -0.006975 -0.862590
    1 3.890447 0.000000 0.000000 -2.488919 -0.511716 -1.197075
    2 17.848156 0.000000 0.000000 -0.000024 0.000000 0.388371
    3 16.525240 0.000000 0.000000 -0.037611 0.025638 -0.994771
    4 -3.890447 0.000000 0.000000 -1.158023 -0.762573 -1.909779
    5 17.848167 0.000000 0.000000 -0.000036 0.000024 0.814831
    6 16.525238 0.000000 0.000000 0.123640 -0.048604 -1.159254
    7 0.093753 3.571700 -2.724077 1.569753 0.005988 1.542908
    8 4.015370 0.000000 0.000000 0.004111 -0.018468 -0.004499
    9 3.520298 0.000000 0.000000 0.002625 -0.014861 0.111665
    10 8.940987 0.000000 0.000000 0.001438 -0.006244 0.182135
    11 3.306377 -0.000001 0.000000 3.141626 -0.003368 0.386898
    12 3.594185 0.000000 0.000000 0.253135 0.422641 -0.070303
    13 2.036090 0.997452 1.937661 3.419378 -0.946372 1.608290
    14 6.028141 0.000011 0.000000 -1.769755 -0.407866 -0.880725
    15 11.692581 -0.000001 -0.000008 0.000000 0.000000 -0.471702
    16 11.481684 0.000000 -0.000031 0.903635 -0.164610 0.276367
    17 2.036090 0.997453 -1.937661 -0.968086 1.105338 1.597885
    18 6.028137 -0.000008 0.000000 -0.521456 -0.831812 1.115457
    19 11.692554 0.000000 0.000019 0.000000 0.000000 -0.614774
    20 11.481705 0.000000 0.000011 -1.418274 0.102514 -0.077339
    21 2.000004 -3.000000 0.000000 -1.570796 0.000000 -1.326450
    22 2.676084 -1.712437 0.000000 -1.570796 0.000000 -1.570795
    23 2.676081 -1.712433 0.000000 1.570797 0.000001 1.570797
    24 6.879441 -0.000010 0.000000 -0.004818 -0.033991 -0.583558
    25 6.879432 -0.000013 0.000000 -0.210299 -0.002961 -0.584376
    26 3.859711 -0.142445 -1.191958 -0.479138 0.152189 -0.879878
    27 1.312550 0.000008 0.000004 -0.000007 0.009671 -0.439707
    28 0.729370 0.000006 0.000000 0.000003 0.004968 -0.244304
    29 3.942335 0.046738 -0.431422 -0.155012 0.073337 -0.810639
    30 1.539124 0.000015 -0.000016 -0.000004 0.004459 -0.247797
    31 1.196327 0.000032 -0.000010 -0.000004 0.007358 -0.430804
    32 3.882813 -0.046753 0.431396 0.085902 0.021817 -0.587880
    33 1.719578 -0.000004 0.000004 -0.000008 0.005537 -0.366457
    34 1.209160 -0.000010 -0.000011 0.000003 0.003062 -0.216418
    35 3.859375 -0.137939 1.332031 0.354449 -0.042742 -0.531707
    36 1.719427 0.000031 -0.000031 0.000005 0.004052 -0.363023
    37 1.099674 -0.000004 -0.000011 -0.000007 0.002609 -0.244321
    38 0.807566 -0.347147 1.320592 -1.206856 -0.679471 -0.789308
    39 1.789783 -0.000007 0.000004 0.000001 0.007386 0.228516
    40 1.207018 0.000015 -0.000008 -0.000003 0.011265 0.362846
    41 11.481726 -0.000012 -0.000038 0.001269 0.000000 -0.000005
    42 3.859663 -0.132561 1.193130 0.479139 -0.158529 -0.879052
    43 1.312580 -0.000006 0.000003 0.000007 -0.011938 -0.439655
    44 0.729366 -0.000008 -0.000001 0.000005 -0.006136 -0.244269
    45 3.942284 0.050331 0.431063 0.155002 -0.079316 -0.810200
    46 1.539131 -0.000004 0.000002 -0.000002 -0.005851 -0.247777
    47 1.196323 0.000004 0.000005 0.000003 -0.009653 -0.430773
    48 3.882813 -0.050323 -0.430908 -0.085903 -0.026418 -0.587681
    49 1.719599 0.000008 0.000010 -0.000006 -0.007945 -0.366462
    50 1.209183 0.000010 0.000010 0.000006 -0.004485 -0.216351
    51 3.859375 -0.148926 -1.331055 -0.354417 0.038569 -0.532007
    52 1.719425 0.000011 0.000011 0.000004 -0.006614 -0.362968
    53 1.099663 0.000011 0.000010 -0.000001 -0.004222 -0.244302
    54 0.805664 -0.359619 -1.317383 1.204196 0.673612 -0.793958
    55 1.789780 -0.000011 0.000008 0.000005 -0.006300 0.228564
    56 1.207003 0.000001 -0.000008 -0.000007 -0.009615 0.362899
    57 11.481689 -0.000073 -0.000004 0.000155 0.000000 -0.000014
  time 87
    0 1.548484 50.423414 37.094212 1.882217 -0.000048 -0.937754
    1 3.890447 0.000000 0.000000 -2.486573 -0.505722 -1.176971
    2 17.848156 0.000000 0.000000 -0.000072 0.000000 0.426099
    3 16.525240 0.000000 0.000000 -0.069346 -0.020899 -1.008642
    4 -3.890447 0.000000 0.000000 -1.186432 -0.719139 -1.882455
    5 17.848167 0.000000 0.000000 -0.000036 0.000024 0.778272
    6 16.525238 0.000000 0.000000 0.148112 -0.018242 -1.168939
    7 0.070315 3.524824 -2.778767 1.569969 0.022551 1.549547
    8 4.015370 0.000000 0.000000 0.003164 -0.014322 -0.004260
    9 3.520298 0.000000 0.000000 0.002013 -0.011601 0.115044
    10 8.940987 0.000000 0.000000 0.001103 -0.004926 0.189601
    11 3.306377 -0.000001 0.000000 3.141602 -0.002661 0.393381
    12 3.594185 0.000000 0.000000 0.139919 0.344542 -0.092485
    13 2.036090 0.997452 1.937661 3.352548 -0.975247 1.610482
    14 6.028141 0.000011 0.000000 -1.767007 -0.342674 -0.931881
    15 11.692581 -0.000001 -0.000008 0.000000 0.000000 -0.507144
    16 11.481684 0.000000 -0.000031 1.117987 -0.211786 0.240538
    17 2.036090 0.997453 -1.937661 -1.533026 1.181058 1.457242
    18 6.028137 -0.000008 0.000000 0.087701 -1.239654 0.529682
    19 11.692554 0.000000 0.000019 0.000000 0.000000 -0.578943
    20 11.481705 0.000000 0.000011 -1.534201 0.096208 -0.073835
    21 2.000004 -3.000000 0.000000 -1.570796 0.000000 -1.326450
    22 2.676084 -1.712437 0.000000 -1.570796 0.000000 -1.570795
    23 2.676081 -1.712433 0.000000 1.570797 0.000001 1.570797
    24 6.879441 -0.000010 0.000000 -0.004818 -0.033991 -0.583558
    25 6.879432 -0.000013 0.000000 -0.210299 -0.002961 -0.584376
    26 3.859711 -0.142445 -1.191958 -0.479138 0.152189 -0.879878
    27 1.312550 0.000008 0.000004 -0.000007 0.009671 -0.439707
    28 0.729370 0.000006 0.000000 0.000003 0.004968 -0.244304
    29 3.942335 0.046738 -0.431422 -0.155012 0.073337 -0.810639
    30 1.539124 0.000015 -0.000016 -0.000004 0.004459 -0.247797
    31 1.196327 0.000032 -0.000010 -0.000004 0.007358 -0.430804
    32 3.882813 -0.046753 0.431396 0.085902 0.021817 -0.587880
    33 1.719578 -0.000004 0.000004 -0.000008 0.005537 -0.366457
    34 1.209160 -0.000010 -0.000011 0.000003 0.003062 -0.216418
    35 3.859375 -0.137939 1.332031 0.354449 -0.042742 -0.531707
    36 1.719427 0.000031 -0.000031 0.000005 0.004052 -0.363023
    37 1.099674 -0.000004 -0.000011 -0.000007 0.002609 -0.244321
    38 0.807566 -0.347147 1.320592 -1.206856 -0.679471 -0.789308
    39 1.789783 -0.000007 0.000004 0.000001 0.007386 0.228516
    40 1.207018 0.000015 -0.000008 -0.000003 0.011265 0.362846
    41 11.481726 -0.000012 -0.000038 0.001269 0.000000 -0.000005
    42 3.859663 -0.132561 1.193130 0.479139 -0.158529 -0.879052
    43 1.312580 -0.000006 0.000003 0.000007 -0.011938 -0.439655
    44 0.729366 -0.000008 -0.000001 0.000005 -0.006136 -0.244269
    45 3.942284 0.050331 0.431063 0.155002 -0.079316 -0.810200
    46 1.539131 -0.000004 0.000002 -0.000002 -0.005851 -0.247777
    47 1.196323 0.000004 0.000005 0.000003 -0.009653 -0.430773
    48 3.882813 -0.050323 -0.430908 -0.085903 -0.026418 -0.587681
    49 1.719599 0.000008 0.000010 -0.000006 -0.007945 -0.366462
    50 1.209183 0.000010 0.000010 0.000006 -0.004485 -0.216351
    51 3.859375 -0.148926 -1.331055 -0.354417 0.038569 -0.532007
    52 1.719425 0.000011 0.000011 0.000004 -0.006614 -0.362968
    53 1.099663 0.000011 0.000010 -0.000001 -0.004222 -0.244302
    54 0.805664 -0.359619 -1.317383 1.204196 0.673612 -0.793958
    55 1.789780 -0.000011 0.000008 0.000005 -0.006300 0.228564
    56 1.207003 0.000001 -0.000008 -0.000007 -0.009615 0.362899
    57 11.481689 -0.000073 -0.000004 0.000155 0.000000 -0.000014
  time 88
    0 2.400072 50.814051 36.977021 1.865726 0.006232 -1.014348
    1 3.890447 0.000000 0.000000 -2.478280 -0.504314 -1.158319
    2 17.848156 0.000000 0.000000 -0.000096 0.000000 0.459077
    3 16.525240 0.000000 0.000000 -0.104101 -0.070407 -1.015702
    4 -3.890447 0.000000 0.000000 -1.212097 -0.671199 -1.857675
    5 17.848167 0.000000 0.000000 -0.000048 0.000024 0.728689
    6 16.525238 0.000000 0.000000 0.172009 0.008340 -1.173543
    7 0.042970 3.474041 -2.837362 1.570245 0.040959 1.557217
    8 4.015370 0.000000 0.000000 0.002037 -0.009312 -0.002114
    9 3.520298 0.000000 0.000000 0.001282 -0.007610 0.120833
    10 8.940987 0.000000 0.000000 0.000695 -0.003260 0.199824
    11 3.306377 -0.000001 0.000000 3.141590 -0.001762 0.402022
    12 3.594185 0.000000 0.000000 0.005968 0.247000 -0.087434
    13 2.036090 0.997452 1.937661 3.289335 -0.997559 1.600431
    14 6.028141 0.000011 0.000000 -1.769944 -0.262558 -0.988419
    15 11.692581 -0.000001 -0.000008 0.000000 0.000000 -0.560642
    16 11.481684 0.000000 -0.000031 1.340033 -0.244371 0.196437
    17 2.036090 0.997453 -1.937661 -1.891267 1.228564 1.373949
    18 6.028137 -0.000008 0.000000 1.136999 -1.256463 -0.527119
    19 11.692554 0.000000 0.000019 0.000000 0.000000 -0.574342
    20 11.481705 0.000000 0.000011 -1.634099 0.115126 -0.068279
    21 2.000004 -3.000000 0.000000 -1.570796 0.000000 -1.326450
    22 2.676084 -1.712437 0.000000 -1.570796 0.000000 -1.570795
    23 2.676081 -1.712433 0.000000 1.570797 0.000001 1.570797
    24 6.879441 -0.000010 0.000000 -0.004818 -0.033991 -0.583558
    25 6.879432 -0.000013 0.000000 -0.210299 -0.002961 -0.584376
    26 3.859711 -0.142445 -1.191958 -0.479138 0.152189 -0.879878
    27 1.312550 0.000008 0.000004 -0.000007 0.009671 -0.439707
    28 0.729370 0.000006 0.000000 0.000003 0.004968 -0.244304
    29 3.942335 0.046738 -0.431422 -0.155012 0.073337 -0.810639
    30 1.539124 0.000015 -0.000016 -0.000004 0.004459 -0.247797
    31 1.196327 0.000032 -0.000010 -0.000004 0.007358 -0.430804
    32 3.882813 -0.046753 0.431396 0.085902 0.021817 -0.587880
    33 1.719578 -0.000004 0.000004 -0.000008 0.005537 -0.366457
    34 1.209160 -0.000010 -0.000011 0.000003 0.003062 -0.216418
    35 3.859375 -0.137939 1.332031 0.354449 -0.042742 -0.531707
    36 1.719427 0.000031 -0.000031 0.000005 0.004052 -0.363023
    37 1.099674 -0.000004 -0.000011 -0.000007 0.002609 -0.244321
    38 0.807566 -0.347147 1.320592 -1.206856 -0.679471 -0.789308
    39 1.789783 -0.000007 0.000004 0.000001 0.007386 0.228516
    40 1.207018 0.000015 -0.000008 -0.000003 0.011265 0.362846
    41 11.481726 -0.000012 -0.000038 0.001269 0.000000 -0.000005
    42 3.859663 -0.132561 1.193130 0.479139 -0.158529 -0.879052
    43 1.312580 -0.000006 0.000003 0.000007 -0.011938 -0.439655
    44 0.729366 -0.000008 -0.000001 0.000005 -0.006136 -0.244269
    45 3.942284 0.050331 0.431063 0.155002 -0.079316 -0.810200
    46 1.539131 -0.000004 0.000002 -0.000002 -0.005851 -0.247777
    47 1.196323 0.000004 0.000005 0.000003 -0.009665 -0.430773
    48 3.882813 -0.050323 -0.430908 -0.085903 -0.026418 -0.587681
    49 1.719599 0.000008 0.000010 -0.000006 -0.007945 -0.366462
    50 1.209183 0.000010 0.000010 0.000006 -0.004485 -0.216351
    51 3.859375 -0.148926 -1.331055 -0.354417 0.038569 -0.532007
    52 1.719425 0.000011 0.000011 0.000004 -0.006614 -0.362968
    53 1.099663 0.000011 0.000010 -0.000001 -0.004222 -0.244302
    54 0.805664 -0.359619 -1.317383 1.204196 0.673612 -0.793958
    55 1.789780 -0.000011 0.000008 0.000005 -0.006300 0.228564
    56 1.207003 0.000001 -0.000008 -0.000007 -0.009615 0.362899
    57 11.481689 -0.000073 -0.000004 0.000155 0.000000 -0.000014
  time 89
    0 3.279005 51.235939 36.855924 1.851150 0.011829 -1.092276
    1 3.890447 0.000000 0.000000 -2.470824 -0.503133 -1.140124
    2 17.848156 0.000000 0.000000 -0.000108 0.000000 0.484500
    3 16.525240 0.000000 0.000000 -0.138617 -0.116104 -1.014664
    4 -3.890447 0.000000 0.000000 -1.237608 -0.617657 -1.834717
    5 17.848167 0.000000 0.000000 -0.000048 0.000024 0.663804
    6 16.525238 0.000000 0.000000 0.196446 0.033602 -1.179298
    7 0.015625 3.423258 -2.899864 1.570580 0.059595 1.565631
    8 4.015370 0.000000 0.000000 0.000779 -0.003595 0.001553
    9 3.520298 0.000000 0.000000 0.000479 -0.002948 0.128323
    10 8.940987 0.000000 0.000000 0.000264 -0.001270 0.211748
    11 3.306377 -0.000001 0.000000 3.141590 -0.000683 0.411922
    12 3.594185 0.000000 0.000000 -0.135597 0.145199 -0.051347
    13 2.036090 0.997452 1.937661 3.230407 -1.015214 1.581077
    14 6.028141 0.000011 0.000000 -1.778280 -0.174276 -1.047863
    15 11.692581 -0.000001 -0.000008 0.000000 0.000000 -0.623368
    16 11.481684 0.000000 -0.000031 1.556456 -0.257626 0.148465
    17 2.036090 0.997453 -1.937661 -2.049774 1.253857 1.358867
    18 6.028137 -0.000008 0.000000 1.479894 -1.153332 -0.890312
    19 11.692554 0.000000 0.000019 0.000000 0.000000 -0.596440
    20 11.481705 0.000000 0.000011 -1.721772 0.149500 -0.066872
    21 2.000004 -3.000000 0.000000 -1.570796 0.000000 -1.326450
    22 2.676084 -1.712437 0.000000 -1.570796 0.000000 -1.570795
    23 2.676081 -1.712433 0.000000 1.570797 0.000001 1.570797
    24 6.879441 -0.000010 0.000000 -0.004818 -0.033991 -0.583558
    25 6.879432 -0.000013 0.000000 -0.210299 -0.002949 -0.584747
    26 3.859711 -0.142445 -1.191958 -0.479138 0.152189 -0.879878
    27 1.312550 0.000008 0.000004 -0.000007 0.009671 -0.439707
    28 0.729370 0.000006 0.000000 0.000003 0.004968 -0.244304
    29 3.942335 0.046738 -0.431422 -0.155012 0.073337 -0.810639
    30 1.539124 0.000015 -0.000016 -0.000004 0.004459 -0.247797
    31 1.196327 0.000032 -0.000010 -0.000004 0.007358 -0.430804
    32 3.882813 -0.046753 0.431396 0.085902 0.021817 -0.587880
    33 1.719578 -0.000004 0.000004 -0.000008 0.005537 -0.366457
    34 1.209160 -0.000010 -0.000011 0.000003 0.003062 -0.216418
    35 3.859375 -0.137939 1.332031 0.354449 -0.042742 -0.531707
    36 1.719427 0.000031 -0.000031 0.000005 0.004052 -0.363023
    37 1.099674 -0.000004 -0.000011 -0.000007 0.002609 -0.244321
    38 0.807566 -0.347147 1.320592 -1.206856 -0.679483 -0.789308
    39 1.789783 -0.000007 0.000004 0.000001 0.007386 0.228516
    40 1.207018 0.000015 -0.000008 -0.000003 0.011265 0.362846
    41 11.481726 -0.000012 -0.000038 0.001269 0.000000 -0.000005
    42 3.859663 -0.132561 1.193130 0.479139 -0.158529 -0.879052
    43 1.312580 -0.000006 0.000003 0.000007 -0.011938 -0.439655
    44 0.729366 -0.000008 -0.000001 0.000005 -0.006136 -0.244269
    45 3.942284 0.050331 0.431063 0.155002 -0.079316 -0.810200
    46 1.539131 -0.000004 0.000002 -0.000002 -0.005851 -0.247777
    47 1.196323 0.000004 0.000005 0.000003 -0.009653 -0.430773
    48 3.882813 -0.050323 -0.430908 -0.085903 -0.026418 -0.587681
    49 1.719599 0.000008 0.000010 -0.000006 -0.007945 -0.366462
    50 1.209183 0.000010 0.000010 0.000006 -0.004485 -0.216351
    51 3.859375 -0.148926 -1.331055 -0.354417 0.038569 -0.532007
    52 1.719425 0.000011 0.000011 0.000004 -0.006614 -0.362968
    53 1.099663 0.000011 0.000010 -0.000001 -0.004222 -0.244302
    54 0.805664 -0.359619 -1.317383 1.204196 0.673612 -0.793958
    55 1.789780 -0.000011 0.000008 0.000005 -0.006300 0.228564
    56 1.207003 0.000001 -0.000008 -0.000007 -0.009615 0.362899
    57 11.481689 -0.000073 -0.000004 0.000155 0.000000 -0.000014
  time 90
    0 4.130594 51.696890 36.738733 1.837990 0.016659 -1.171537
    1 3.890447 0.000000 0.000000 -2.469777 -0.497957 -1.121230
    2 17.848156 0.000000 0.000000 -0.000108 0.000012 0.501057
    3 16.525240 0.000000 0.000000 -0.169944 -0.152106 -1.006358
    4 -3.890447 0.000000 0.000000 -1.265188 -0.555307 -1.812135
    5 17.848167 0.000000 0.000000 -0.000060 0.000024 0.578593
    6 16.525238 0.000000 0.000000 0.220068 0.062951 -1.199818
    7 -0.011719 3.372476 -2.954553 1.570964 0.076841 1.574499
    8 4.015370 0.000000 0.000000 -0.000563 0.002589 0.006359
    9 3.520298 0.000000 0.000000 -0.000348 0.002133 0.136796
    10 8.940987 0.000000 0.000000 -0.000180 0.000923 0.224236
    11 3.306377 -0.000001 0.000000 3.141590 0.000491 0.422180
    12 3.594185 0.000000 0.000000 -0.273020 0.055182 0.011455
    13 2.036090 0.997452 1.937661 3.175572 -1.030530 1.556591
    14 6.028141 0.000011 0.000000 -1.790405 -0.083278 -1.108498
    15 11.692581 -0.000001 -0.000008 0.000000 0.000000 -0.690039
    16 11.481684 0.000000 -0.000031 1.754001 -0.252518 0.104164
    17 2.036090 0.997453 -1.937661 -2.082315 1.262902 1.393458
    18 6.028137 -0.000008 0.000000 1.563017 -1.103227 -0.997434
    19 11.692554 0.000000 0.000019 0.000000 0.000000 -0.629692
    20 11.481705 0.000000 0.000011 -1.799774 0.192716 -0.077316
    21 2.000004 -3.000000 0.000000 -1.570796 0.000000 -1.326450
    22 2.676084 -1.712437 0.000000 -1.570796 0.000000 -1.570795
    23 2.676081 -1.712433 0.000000 1.570797 0.000001 1.570797
    24 6.879441 -0.000010 0.000000 -0.004818 -0.034003 -0.583558
    25 6.879432 -0.000013 0.000000 -0.210299 -0.002961 -0.584388
    26 3.859711 -0.142445 -1.191958 -0.479138 0.152189 -0.879878
    27 1.312550 0.000008 0.000004 -0.000007 0.009671 -0.439707
    28 0.729370 0.000006 0.000000 0.000003 0.004966 -0.244304
    29 3.942335 0.046738 -0.431422 -0.155012 0.073337 -0.810639
    30 1.539124 0.000015 -0.000016 -0.000004 0.004459 -0.247797
    31 1.196327 0.000032 -0.000010 -0.000004 0.007358 -0.430804
    32 3.882813 -0.046753 0.431396 0.085902 0.021819 -0.587880
    33 1.719578 -0.000004 0.000004 -0.000008 0.005537 -0.366457
    34 1.209160 -0.000010 -0.000011 0.000003 0.003062 -0.216418
    35 3.859375 -0.137939 1.332031 0.354449 -0.042742 -0.531707
    36 1.719427 0.000031 -0.000031 0.000003 0.004052 -0.363023
    37 1.099674 -0.000004 -0.000011 -0.000005 0.002609 -0.244321
    38 0.807566 -0.347147 1.320592 -1.206856 -0.679483 -0.789308
    39 1.789783 -0.000007 0.000004 0.000001 0.007386 0.228518
    40 1.207018 0.000015 -0.000008 -0.000003 0.011265 0.362846
    41 11.481726 -0.000012 -0.000038 0.001269 0.000000 -0.000005
    42 3.859663 -0.132561 1.193130 0.479137 -0.158530 -0.879052
    43 1.312580 -0.000006 0.000003 0.000009 -0.011937 -0.439655
    44 0.729366 -0.000008 -0.000001 0.000005 -0.006136 -0.244269
    45 3.942284 0.050331 0.431063 0.155002 -0.079316 -0.810200
    46 1.539131 -0.000004 0.000002 -0.000002 -0.005851 -0.247777
    47 1.196323 0.000004 0.000005 0.000003 -0.009665 -0.430773
    48 3.882813 -0.050323 -0.430908 -0.085903 -0.026418 -0.587683
    49 1.719599 0.000008 0.000010 -0.000006 -0.007945 -0.366462
    50 1.209183 0.000010 0.000010 0.000006 -0.004485 -0.216351
    51 3.859375 -0.148926 -1.331055 -0.354417 0.038569 -0.532007
    52 1.719425 0.000011 0.000011 0.000004 -0.006614 -0.362968
    53 1.099663 0.000011 0.000010 -0.000001 -0.004222 -0.244302
    54 0.805664 -0.359619 -1.317383 1.204196 0.673612 -0.793958
    55 1.789780 -0.000011 0.000008 0.000004 -0.006302 0.228564
    56 1.207003 0.000001 -0.000008 -0.000007 -0.009615 0.362899
    57 11.481689 -0.000073 -0.000004 0.000155 0.000000 -0.000014
  time 91
    0 4.892336 52.192999 36.633261 1.825788 0.020542 -1.252227
    1 3.890447 0.000000 0.000000 -2.478866 -0.484379 -1.101718
    2 17.848156 0.000000 0.000000 -0.000084 0.000012 0.507119
    3 16.525240 0.000000 0.000000 -0.195651 -0.173990 -0.992300
    4 -3.890447 0.000000 0.000000 -1.286507 -0.541343 -1.814365
    5 17.848167 0.000000 0.000000 -0.000060 0.000024 0.574453
    6 16.525238 0.000000 0.000000 0.251431 0.077906 -1.196394
    7 -0.039064 3.333412 -2.993617 1.571467 0.091211 1.583572
    8 4.015370 0.000000 0.000000 -0.001942 0.008976 0.011968
    9 3.520298 0.000000 0.000000 -0.001186 0.007394 0.145569
    10 8.940987 0.000000 0.000000 -0.000635 0.003212 0.236233
    11 3.306377 -0.000001 0.000000 3.141602 0.001738 0.431924
    12 3.594185 0.000000 0.000000 -0.395523 -0.011667 0.090445
    13 2.036090 0.997452 1.937661 3.123403 -1.046023 1.531892
    14 6.028141 0.000011 0.000000 -1.803668 0.005850 -1.169085
    15 11.692581 -0.000001 -0.000008 0.000000 0.000000 -0.757647
    16 11.481684 0.000000 -0.000031 1.923080 -0.234556 0.069728
    17 2.036090 0.997453 -1.937661 -2.057218 1.261381 1.450669
    18 6.028137 -0.000008 0.000000 1.574851 -1.092461 -1.033313
    19 11.692554 0.000000 0.000019 0.000000 0.000000 -0.663920
    20 11.481705 0.000000 0.000011 -1.869447 0.239701 -0.102262
    21 2.000004 -3.000000 0.000000 -1.570796 0.000000 -1.326450
    22 2.676084 -1.712437 0.000000 -1.570796 0.000000 -1.570795
    23 2.676081 -1.712433 0.000000 1.570797 0.000001 1.570797
    24 6.879441 -0.000010 0.000000 -0.004818 -0.034003 -0.583558
    25 6.879432 -0.000013 0.000000 -0.210299 -0.002961 -0.584376
    26 3.859711 -0.142445 -1.191958 -0.479138 0.152189 -0.879878
    27 1.312550 0.000008 0.000004 -0.000007 0.009671 -0.439707
    28 0.729370 0.000006 0.000000 0.000003 0.004966 -0.244304
    29 3.942335 0.046738 -0.431422 -0.155012 0.073337 -0.810639
    30 1.539124 0.000015 -0.000016 -0.000004 0.004459 -0.247797
    31 1.196327 0.000032 -0.000010 -0.000004 0.007358 -0.430804
    32 3.882813 -0.046753 0.431396 0.085902 0.021819 -0.587880
    33 1.719578 -0.000004 0.000004 -0.000008 0.005537 -0.366457
    34 1.209160 -0.000010 -0.000011 0.000003 0.003062 -0.216418
    35 3.859375 -0.137939 1.332031 0.354449 -0.042742 -0.531707
    36 1.719427 0.000031 -0.000031 0.000003 0.004052 -0.363023
    37 1.099674 -0.000004 -0.000011 -0.000005 0.002609 -0.244321
    38 0.807566 -0.347147 1.320592 -1.206856 -0.679471 -0.789308
    39 1.789783 -0.000007 0.000004 0.000001 0.007386 0.228518
    40 1.207018 0.000015 -0.000008 -0.000003 0.011265 0.362846
    41 11.481726 -0.000012 -0.000038 0.001269 0.000000 -0.000005
    42 3.859663 -0.132561 1.193130 0.479137 -0.158530 -0.879052
    43 1.312580 -0.000006 0.000003 0.000009 -0.011937 -0.439655
    44 0.729366 -0.000008 -0.000001 0.000005 -0.006136 -0.244269
    45 3.942284 0.050331 0.431063 0.155002 -0.079316 -0.810200
    46 1.539131 -0.000004 0.000002 -0.000002 -0.005851 -0.247777
    47 1.196323 0.000004 0.000005 0.000003 -0.009665 -0.430773
    48 3.882813 -0.050323 -0.430908 -0.085903 -0.026418 -0.587683
    49 1.719599 0.000008 0.000010 -0.000006 -0.007945 -0.366462
    50 1.209183 0.000010 0.000010 0.000006 -0.004485 -0.216351
    51 3.859375 -0.148926 -1.331055 -0.354417 0.038569 -0.532007
    52 1.719425 0.000011 0.000011 0.000004 -0.006614 -0.362968
    53 1.099663 0.000011 0.000010 -0.000001 -0.004222 -0.244302
    54 0.805664 -0.359619 -1.317383 1.204196 0.673612 -0.793958
    55 1.789780 -0.000011 0.000008 0.000004 -0.006302 0.228564
    56 1.207003 0.000001 -0.000008 -0.000007 -0.009615 0.362899
    57 11.481689 -0.000073 -0.000004 0.000155 0.000000 -0.000014
  time 92
    0 5.509542 52.732078 36.551227 1.814045 0.023250 -1.334918
    1 3.890447 0.000000 0.000000 -2.500018 -0.458585 -1.082716
    2 17.848156 0.000000 0.000000 -0.000060 0.000012 0.501736
    3 16.525240 0.000000 0.000000 -0.213808 -0.178736 -0.974692
    4 -3.890447 0.000000 0.000000 -1.312224 -0.533265 -1.819830
    5 17.848167 0.000000 0.000000 -0.000060 0.000024 0.568825
    6 16.525238 0.000000 0.000000 0.285132 0.090365 -1.182245
    7 -0.070315 3.302161 -3.028774 1.572066 0.101374 1.592512
    8 4.015370 0.000000 0.000000 -0.003308 0.015172 0.018056
    9 3.520298 0.000000 0.000000 -0.001989 0.012500 0.153994
    10 8.940987 0.000000 0.000000 -0.001067 0.005429 0.246767
    11 3.306377 -0.000001 0.000000 3.141626 0.002936 0.440385
    12 3.594185 0.000000 0.000000 -0.493999 -0.051354 0.172994
    13 2.036090 0.997452 1.937661 3.071424 -1.064315 1.512485
    14 6.028141 0.000011 0.000000 -1.814372 0.089445 -1.228338
    15 11.692581 -0.000001 -0.000008 0.000000 0.000000 -0.824720
    16 11.481684 0.000000 -0.000031 2.058721 -0.211185 0.048164
    17 2.036090 0.997453 -1.937661 -2.015801 1.255418 1.512516
    18 6.028137 -0.000008 0.000000 1.560250 -1.100305 -1.042041
    19 11.692554 0.000000 0.000019 0.000000 0.000000 -0.700099
    20 11.481705 0.000000 0.000011 -1.931239 0.286310 -0.137605
    21 2.000004 -3.000000 0.000000 -1.570796 0.000000 -1.326450
    22 2.676084 -1.712437 0.000000 -1.570796 0.000000 -1.570795
    23 2.676081 -1.712433 0.000000 1.570797 0.000001 1.570797
    24 6.879441 -0.000010 0.000000 -0.004818 -0.034003 -0.583558
    25 6.879432 -0.000013 0.000000 -0.210299 -0.002961 -0.584376
    26 3.859711 -0.142445 -1.191958 -0.479138 0.152189 -0.879878
    27 1.312550 0.000008 0.000004 -0.000007 0.009671 -0.439707
    28 0.729370 0.000006 0.000000 0.000003 0.004966 -0.244304
    29 3.942335 0.046738 -0.431422 -0.155012 0.073337 -0.810639
    30 1.539124 0.000015 -0.000016 -0.000004 0.004459 -0.247797
    31 1.196327 0.000032 -0.000010 -0.000004 0.007358 -0.430804
    32 3.882813 -0.046753 0.431396 0.085902 0.021819 -0.587880
    33 1.719578 -0.000004 0.000004 -0.000008 0.005537 -0.366457
    34 1.209160 -0.000010 -0.000011 0.000003 0.003062 -0.216418
    35 3.859375 -0.137939 1.332031 0.354449 -0.042742 -0.531707
    36 1.719427 0.000031 -0.000031 0.000003 0.004052 -0.363023
    37 1.099674 -0.000004 -0.000011 -0.000005 0.002609 -0.244321
    38 0.807566 -0.347147 1.320592 -1.206856 -0.679483 -0.789308
    39 1.789783 -0.000007 0.000004 0.000001 0.007386 0.228518
    40 1.207018 0.000015 -0.000008 -0.000003 0.011265 0.362846
    41 11.481726 -0.000012 -0.000038 0.001269 0.000000 -0.000005
    42 3.859663 -0.132561 1.193130 0.479137 -0.158530 -0.879052
    43 1.312580 -0.000006 0.000003 0.000009 -0.011937 -0.439655
    44 0.729366 -0.000008 -0.000001 0.000005 -0.006136 -0.244269
    45 3.942284 0.050331 0.431063 0.155002 -0.079316 -0.810200
    46 1.539131 -0.000004 0.000002 -0.000002 -0.005851 -0.247777
    47 1.196323 0.000004 0.000005 0.000003 -0.009653 -0.430773
    48 3.882813 -0.050323 -0.430908 -0.085903 -0.026418 -0.587683
    49 1.719599 0.000008 0.000010 -0.000006 -0.007945 -0.366462
    50 1.209183 0.000010 0.000010 0.000006 -0.004485 -0.216351
    51 3.859375 -0.148926 -1.331055 -0.354417 0.038569 -0.532007
    52 1.719425 0.000011 0.000011 0.000004 -0.006614 -0.362968
    53 1.099663 0.000011 0.000010 -0.000001 -0.004222 -0.244302
    54 0.805664 -0.359619 -1.317383 1.204196 0.673612 -0.793958
    55 1.789780 -0.000011 0.000008 0.000004 -0.006302 0.228564
    56 1.207003 0.000001 -0.000008 -0.000007 -0.009615 0.362899
    57 11.481689 -0.000073 -0.000004 0.000155 0.000000 -0.000014
  time 93
    0 5.923617 53.318033 36.492632 1.802342 0.024473 -1.419800
    1 3.890447 0.000000 0.000000 -2.534155 -0.416761 -1.067236
    2 17.848156 0.000000 0.000000 -0.000024 0.000012 0.482510
    3 16.525240 0.000000 0.000000 -0.222880 -0.164174 -0.954840
    4 -3.890447 0.000000 0.000000 -1.342754 -0.527501 -1.826300
    5 17.848167 0.000000 0.000000 -0.000048 0.000024 0.552127
    6 16.525238 0.000000 0.000000 0.318461 0.101739 -1.155774
    7 -0.097659 3.286535 -3.040493 1.572726 0.106143 1.600841
    8 4.015370 0.000000 0.000000 -0.004566 0.020793 0.024324
    9 3.520298 0.000000 0.000000 -0.002709 0.017090 0.161508
    10 8.940987 0.000000 0.000000 -0.001450 0.007383 0.254965
    11 3.306377 -0.000001 0.000000 3.141650 0.003991 0.446845
    12 3.594185 0.000000 0.000000 -0.562325 -0.065558 0.248271
    13 2.036090 0.997452 1.937661 3.015923 -1.088001 1.505107
    14 6.028141 0.000011 0.000000 -1.818540 0.164312 -1.284638
    15 11.692581 -0.000001 -0.000008 0.000000 0.000000 -0.890054
    16 11.481684 0.000000 -0.000031 2.160216 -0.189049 0.039295
    17 2.036090 0.997453 -1.937661 -1.974958 1.251456 1.574917
    18 6.028137 -0.000008 0.000000 1.532478 -1.114792 -1.037774
    19 11.692554 0.000000 0.000019 0.000000 0.000000 -0.747990
    20 11.481705 0.000000 0.000011 -1.985464 0.328909 -0.174147
    21 2.000004 -3.000000 0.000000 -1.570796 0.000000 -1.326450
    22 2.676084 -1.712437 0.000000 -1.570796 0.000000 -1.570795
    23 2.676081 -1.712433 0.000000 1.570797 0.000001 1.570797
    24 6.879441 -0.000010 0.000000 -0.004818 -0.034003 -0.583558
    25 6.879432 -0.000013 0.000000 -0.210299 -0.002961 -0.584376
    26 3.859711 -0.142445 -1.191958 -0.479138 0.152189 -0.879878
    27 1.312550 0.000008 0.000004 -0.000007 0.009671 -0.439707
    28 0.729370 0.000006 0.000000 0.000003 0.004966 -0.244304
    29 3.942335 0.046738 -0.431422 -0.155012 0.073337 -0.810639
    30 1.539124 0.000015 -0.000016 -0.000004 0.004459 -0.247797
    31 1.196327 0.000032 -0.000010 -0.000004 0.007358 -0.430804
    32 3.882813 -0.046753 0.431396 0.085902 0.021819 -0.587880
    33 1.719578 -0.000004 0.000004 -0.000008 0.005537 -0.366457
    34 1.209160 -0.000010 -0.000011 0.000003 0.003062 -0.216418
    35 3.859375 -0.137939 1.332031 0.354449 -0.042742 -0.531707
    36 1.719427 0.000031 -0.000031 0.000003 0.004052 -0.363023
    37 1.099674 -0.000004 -0.000011 -0.000005 0.002609 -0.244321
    38 0.807566 -0.347147 1.320592 -1.206856 -0.679471 -0.789308
    39 1.789783 -0.000007 0.000004 0.000001 0.007386 0.228518
    40 1.207018 0.000015 -0.000008 -0.000003 0.011265 0.362846
    41 11.481726 -0.000012 -0.000038 0.001269 0.000000 -0.000005
    42 3.859663 -0.132561 1.193130 0.479137 -0.158530 -0.879052
    43 1.312580 -0.000006 0.000003 0.000009 -0.011937 -0.439655
    44 0.729366 -0.000008 -0.000001 0.000005 -0.006136 -0.244269
    45 3.942284 0.050331 0.431063 0.155002 -0.079316 -0.810200
    46 1.539131 -0.000004 0.000002 -0.000002 -0.005851 -0.247777
    47 1.196323 0.000004 0.000005 0.000003 -0.009653 -0.430773
    48 3.882813 -0.050323 -0.430908 -0.085903 -0.026418 -0.587683
    49 1.719599 0.000008 0.000010 -0.000006 -0.007945 -0.366462
    50 1.209183 0.000010 0.000010 0.000006 -0.004485 -0.216351
    51 3.859375 -0.148926 -1.331055 -0.354417 0.038569 -0.532007
    52 1.719425 0.000011 0.000011 0.000004 -0.006614 -0.362968
    53 1.099663 0.000011 0.000010 -0.000001 -0.004222 -0.244302
    54 0.805664 -0.359619 -1.317383 1.204196 0.673612 -0.793958
    55 1.789780 -0.000011 0.000008 0.000004 -0.006302 0.228564
    56 1.207003 0.000001 -0.000008 -0.000007 -0.009615 0.362899
    57 11.481689 -0.000073 -0.000004 0.000155 0.000000 -0.000014
  time 94
    0 6.072059 53.950865 36.473100 1.790390 0.023789 -1.507730
    1 3.890447 0.000000 0.000000 -2.582323 -0.355411 -1.060114
    2 17.848156 0.000000 0.000000 0.000000 0.000012 0.445505
    3 16.525240 0.000000 0.000000 -0.221406 -0.128161 -0.932601
    4 -3.890447 0.000000 0.000000 -1.376803 -0.523929 -1.833209
    5 17.848167 0.000000 0.000000 -0.000048 0.000012 0.521614
    6 16.525238 0.000000 0.000000 0.348243 0.112047 -1.114340
    7 -0.117191 3.290442 -3.036587 1.573037 0.104454 1.607673
    8 4.015370 0.000000 0.000000 -0.005681 0.025539 0.030412
    9 3.520298 0.000000 0.000000 -0.003356 0.021009 0.167704
    10 8.940987 0.000000 0.000000 -0.001798 0.009084 0.260034
    11 3.306377 -0.000001 0.000000 3.141662 0.004914 0.450500
    12 3.594185 0.000000 0.000000 -0.596976 -0.057766 0.308578
    13 2.036090 0.997452 1.937661 2.949664 -1.119751 1.519381
    14 6.028141 0.000011 0.000000 -1.812572 0.227672 -1.336175
    15 11.692581 -0.000001 -0.000008 0.000000 0.000000 -0.952914
    16 11.481684 0.000000 -0.000031 2.229102 -0.172490 0.041640
    17 2.036090 0.997453 -1.937661 -1.936118 1.255498 1.643820
    18 6.028137 -0.000008 0.000000 1.495545 -1.129680 -1.025943
    19 11.692554 0.000000 0.000019 0.000000 0.000000 -0.823067
    20 11.481705 0.000000 0.000011 -2.032525 0.364003 -0.199531
    21 2.000004 -3.000000 0.000000 -1.570796 0.000000 -1.326450
    22 2.676084 -1.712437 0.000000 -1.570796 0.000000 -1.570795
    23 2.676081 -1.712433 0.000000 1.570797 0.000001 1.570797
    24 6.879441 -0.000010 0.000000 -0.004818 -0.034003 -0.583558
    25 6.879432 -0.000013 0.000000 -0.210299 -0.002961 -0.584376
    26 3.859711 -0.142445 -1.191958 -0.479138 0.152189 -0.879878
    27 1.312550 0.000008 0.000004 -0.000007 0.009671 -0.439707
    28 0.729370 0.000006 0.000000 0.000003 0.004966 -0.244304
    29 3.942335 0.046738 -0.431422 -0.155012 0.073337 -0.810639
    30 1.539124 0.000015 -0.000016 -0.000004 0.004459 -0.247797
    31 1.196327 0.000032 -0.000010 -0.000004 0.007358 -0.430804
    32 3.882813 -0.046753 0.431396 0.085902 0.021819 -0.587880
    33 1.719578 -0.000004 0.000004 -0.000008 0.005537 -0.366457
    34 1.209160 -0.000010 -0.000011 0.000003 0.003062 -0.216418
    35 3.859375 -0.137939 1.332031 0.354449 -0.042742 -0.531707
    36 1.719427 0.000031 -0.000031 0.000003 0.004052 -0.363023
    37 1.099674 -0.000004 -0.000011 -0.000005 0.002609 -0.244321
    38 0.807566 -0.347147 1.320592 -1.206856 -0.679471 -0.789308
    39 1.789783 -0.000007 0.000004 0.000001 0.007386 0.228518
    40 1.207018 0.000015 -0.000008 -0.000003 0.011265 0.362846
    41 11.481726 -0.000012 -0.000038 0.001269 0.000000 -0.000005
    42 3.859663 -0.132561 1.193130 0.479137 -0.158530 -0.879052
    43 1.312580 -0.000006 0.000003 0.000009 -0.011937 -0.439655
    44 0.729366 -0.000008 -0.000001 0.000005 -0.006136 -0.244269
    45 3.942284 0.050331 0.431063 0.155002 -0.079316 -0.810200
    46 1.539131 -0.000004 0.000002 -0.000002 -0.005851 -0.247777
    47 1.196323 0.000004 0.000005 0.000003 -0.009653 -0.430773
    48 3.882813 -0.050323 -0.430908 -0.085903 -0.026418 -0.587683
    49 1.719599 0.000008 0.000010 -0.000006 -0.007945 -0.366462
    50 1.209183 0.000010 0.000010 0.000006 -0.004485 -0.216351
    51 3.859375 -0.148926 -1.331055 -0.354417 0.038569 -0.532007
    52 1.719425 0.000011 0.000011 0.000004 -0.006614 -0.362968
    53 1.099663 0.000011 0.000010 -0.000001 -0.004222 -0.244302
    54 0.805664 -0.359619 -1.317383 1.204196 0.673612 -0.793958
    55 1.789780 -0.000011 0.000008 0.000004 -0.006302 0.228564
    56 1.207003 0.000001 -0.000008 -0.000007 -0.009615 0.362899
    57 11.481689 -0.000073 -0.000004 0.000155 0.000000 -0.000014
  time 95
    0 6.021277 54.630573 36.477006 1.778313 0.020422 -1.599090
    1 3.890447 0.000000 0.000000 -2.638365 -0.291290 -1.057695
    2 17.848156 0.000000 0.000000 0.000000 0.000012 0.418861
    3 16.525240 0.000000 0.000000 -0.204041 -0.080414 -0.921409
    4 -3.890447 0.000000 0.000000 -1.391861 -0.556484 -1.808084
    5 17.848167 0.000000 0.000000 -0.000060 0.000024 0.549615
    6 16.525238 0.000000 0.000000 0.325364 0.131070 -1.107350
    7 -0.132817 3.309974 -3.013149 1.572917 0.097167 1.612119
    8 4.015370 0.000000 0.000000 -0.006496 0.028847 0.035385
    9 3.520298 0.000000 0.000000 -0.003847 0.023801 0.171779
    10 8.940987 0.000000 0.000000 -0.002061 0.010331 0.261496
    11 3.306377 -0.000001 0.000000 3.141674 0.005597 0.451003
    12 3.594185 0.000000 0.000000 -0.607009 -0.038798 0.354128
    13 2.036090 0.997452 1.937661 2.877027 -1.150534 1.553811
    14 6.028141 0.000011 0.000000 -1.801489 0.274097 -1.382044
    15 11.692581 -0.000001 -0.000008 0.000000 0.000000 -1.008350
    16 11.481684 0.000000 -0.000031 2.270470 -0.162774 0.051769
    17 2.036090 0.997453 -1.937661 -1.906344 1.263583 1.707673
    18 6.028137 -0.000008 0.000000 1.466533 -1.138884 -1.019672
    19 11.692554 0.000000 0.000019 0.000000 0.000000 -0.898632
    20 11.481705 0.000000 0.000011 -2.069063 0.387238 -0.215093
    21 2.000004 -3.000000 0.000000 -1.570796 0.000000 -1.326450
    22 2.676084 -1.712437 0.000000 -1.570796 0.000000 -1.570795
    23 2.676081 -1.712433 0.000000 1.570797 0.000001 1.570797
    24 6.879441 -0.000010 0.000000 -0.004818 -0.034015 -0.583558
    25 6.879432 -0.000013 0.000000 -0.210299 -0.002961 -0.584376
    26 3.859711 -0.142445 -1.191958 -0.479138 0.152189 -0.879878
    27 1.312550 0.000008 0.000004 -0.000007 0.009671 -0.439707
    28 0.729370 0.000006 0.000000 0.000003 0.004966 -0.244304
    29 3.942335 0.046738 -0.431422 -0.155012 0.073337 -0.810639
    30 1.539124 0.000015 -0.000016 -0.000004 0.004459 -0.247797
    31 1.196327 0.000032 -0.000010 -0.000004 0.007358 -0.430804
    32 3.882813 -0.046753 0.431396 0.085902 0.021819 -0.587880
    33 1.719578 -0.000004 0.000004 -0.000008 0.005537 -0.366457
    34 1.209160 -0.000010 -0.000011 0.000003 0.003062 -0.216418
    35 3.859375 -0.137939 1.332031 0.354449 -0.042742 -0.531707
    36 1.719427 0.000031 -0.000031 0.000003 0.004052 -0.363023
    37 1.099674 -0.000004 -0.000011 -0.000005 0.002609 -0.244321
    38 0.807566 -0.347147 1.320592 -1.206856 -0.679471 -0.789308
    39 1.789783 -0.000007 0.000004 0.000001 0.007386 0.228518
    40 1.207018 0.000015 -0.000008 -0.000003 0.011265 0.362846
    41 11.481726 -0.000012 -0.000038 0.001269 0.000000 -0.000005
    42 3.859663 -0.132561 1.193130 0.479137 -0.158530 -0.879052
    43 1.312580 -0.000006 0.000003 0.000009 -0.011937 -0.439655
    44 0.729366 -0.000008 -0.000001 0.000005 -0.006136 -0.244269
    45 3.942284 0.050331 0.431063 0.155002 -0.079316 -0.810200
    46 1.539131 -0.000004 0.000002 -0.000002 -0.005851 -0.247777
    47 1.196323 0.000004 0.000005 0.000003 -0.009653 -0.430773
    48 3.882813 -0.050323 -0.430908 -0.085903 -0.026418 -0.587683
    49 1.719599 0.000008 0.000010 -0.000006 -0.007945 -0.366462
    50 1.209183 0.000010 0.000010 0.000006 -0.004485 -0.216351
    51 3.859375 -0.148926 -1.331055 -0.354417 0.038569 -0.532007
    52 1.719425 0.000011 0.000011 0.000004 -0.006614 -0.362968
    53 1.099663 0.000011 0.000010 -0.000001 -0.004222 -0.244302
    54 0.805664 -0.359619 -1.317383 1.204196 0.673612 -0.793958
    55 1.789780 -0.000011 0.000008 0.000004 -0.006302 0.228564
    56 1.207003 0.000001 -0.000008 -0.000007 -0.009615 0.362899
    57 11.481689 -0.000073 -0.000004 0.000155 0.000000 -0.000014
  time 96
    0 5.880647 55.357158 36.492632 1.766902 0.014118 -1.694737
    1 3.890447 0.000000 0.000000 -2.693653 -0.242882 -1.047939
    2 17.848156 0.000000 0.000000 0.000000 0.000012 0.439308
    3 16.525240 0.000000 0.000000 -0.167392 -0.030834 -0.937502
    4 -3.890447 0.000000 0.000000 -1.406711 -0.582301 -1.780665
    5 17.848167 0.000000 0.000000 -0.000060 0.000024 0.575430
    6 16.525238 0.000000 0.000000 0.300173 0.152263 -1.105890
    7 -0.140629 3.345131 -2.981898 1.572761 0.086381 1.614276
    8 4.015370 0.000000 0.000000 -0.006867 0.030381 0.038789
    9 3.520298 0.000000 0.000000 -0.004075 0.025060 0.173397
    10 8.940987 0.000000 0.000000 -0.002205 0.010870 0.259831
    11 3.306377 -0.000001 0.000000 3.141662 0.005896 0.449062
    12 3.594185 0.000000 0.000000 -0.603691 -0.018301 0.389911
    13 2.036090 0.997452 1.937661 2.812481 -1.168979 1.592946
    14 6.028141 0.000011 0.000000 -1.793058 0.301633 -1.422245
    15 11.692581 -0.000001 -0.000008 0.000000 0.000000 -1.052687
    16 11.481684 0.000000 -0.000031 2.288342 -0.158968 0.066433
    17 2.036090 0.997453 -1.937661 -1.892698 1.269386 1.752295
    18 6.028137 -0.000008 0.000000 1.458231 -1.142086 -1.028335
    19 11.692554 0.000000 0.000019 0.000000 0.000000 -0.946523
    20 11.481705 0.000000 0.000011 -2.089705 0.399679 -0.225514
    21 2.000004 -3.000000 0.000000 -1.570796 0.000000 -1.326450
    22 2.676084 -1.712437 0.000000 -1.570796 0.000000 -1.570795
    23 2.676081 -1.712433 0.000000 1.570797 0.000001 1.570797
    24 6.879441 -0.000010 0.000000 -0.004818 -0.033979 -0.583558
    25 6.879432 -0.000013 0.000000 -0.210299 -0.002961 -0.584376
    26 3.859711 -0.142445 -1.191958 -0.479138 0.152189 -0.879878
    27 1.312550 0.000008 0.000004 -0.000007 0.009671 -0.439707
    28 0.729370 0.000006 0.000000 0.000003 0.004966 -0.244304
    29 3.942335 0.046738 -0.431422 -0.155012 0.073337 -0.810639
    30 1.539124 0.000015 -0.000016 -0.000004 0.004459 -0.247797
    31 1.196327 0.000032 -0.000010 -0.000004 0.007358 -0.430804
    32 3.882813 -0.046753 0.431396 0.085902 0.021819 -0.587880
    33 1.719578 -0.000004 0.000004 -0.000008 0.005537 -0.366457
    34 1.209160 -0.000010 -0.000011 0.000003 0.003062 -0.216418
    35 3.859375 -0.137939 1.332031 0.354449 -0.042742 -0.531707
    36 1.719427 0.000031 -0.000031 0.000003 0.004052 -0.363023
    37 1.099674 -0.000004 -0.000011 -0.000005 0.002609 -0.244321
    38 0.807566 -0.347147 1.320592 -1.206856 -0.679471 -0.789308
    39 1.789783 -0.000007 0.000004 0.000001 0.007386 0.228518
    40 1.207018 0.000015 -0.000008 -0.000003 0.011265 0.362846
    41 11.481726 -0.000012 -0.000038 0.001269 0.000000 -0.000005
    42 3.859663 -0.132561 1.193130 0.479137 -0.158530 -0.879052
    43 1.312580 -0.000006 0.000003 0.000009 -0.011937 -0.439655
    44 0.729366 -0.000008 -0.000001 0.000005 -0.006136 -0.244269
    45 3.942284 0.050331 0.431063 0.155002 -0.079316 -0.810200
    46 1.539131 -0.000004 0.000002 -0.000002 -0.005851 -0.247777
    47 1.196323 0.000004 0.000005 0.000003 -0.009653 -0.430773
    48 3.882813 -0.050323 -0.430908 -0.085903 -0.026418 -0.587683
    49 1.719599 0.000008 0.000010 -0.000006 -0.007945 -0.366462
    50 1.209183 0.000010 0.000010 0.000006 -0.004485 -0.216351
    51 3.859375 -0.148926 -1.331055 -0.354417 0.038569 -0.532007
    52 1.719425 0.000011 0.000011 0.000004 -0.006614 -0.362968
    53 1.099663 0.000011 0.000010 -0.000001 -0.004222 -0.244302
    54 0.805664 -0.359619 -1.317383 1.204196 0.673612 -0.793958
    55 1.789780 -0.000011 0.000008 0.000004 -0.006302 0.228564
    56 1.207003 0.000001 -0.000008 -0.000007 -0.009615 0.362899
    57 11.481689 -0.000073 -0.000004 0.000155 0.000000 -0.000014
  time 97
    0 5.650171 56.134526 36.516070 1.756574 0.005261 -1.794576
    1 3.890447 0.000000 0.000000 -2.744544 -0.206690 -1.032297
    2 17.848156 0.000000 0.000000 -0.000024 0.000012 0.497348
    3 16.525240 0.000000 0.000000 -0.111639 0.022809 -0.974235
    4 -3.890447 0.000000 0.000000 -1.419182 -0.601014 -1.752556
    5 17.848167 0.000000 0.000000 -0.000060 0.000024 0.598872
    6 16.525238 0.000000 0.000000 0.272057 0.173511 -1.110634
    7 -0.140629 3.380288 -2.942834 1.572546 0.072970 1.614204
    8 4.015370 0.000000 0.000000 -0.006819 0.030213 0.040874
    9 3.520298 0.000000 0.000000 -0.004063 0.024892 0.173026
    10 8.940987 0.000000 0.000000 -0.002217 0.010762 0.255684
    11 3.306377 -0.000001 0.000000 3.141650 0.005836 0.445215
    12 3.594185 0.000000 0.000000 -0.587870 0.002834 0.417569
    13 2.036090 0.997452 1.937661 2.760122 -1.174626 1.629301
    14 6.028141 0.000011 0.000000 -1.788606 0.312032 -1.454967
    15 11.692581 -0.000001 -0.000008 0.000000 0.000000 -1.086123
    16 11.481684 0.000000 -0.000031 2.283489 -0.159669 0.083286
    17 2.036090 0.997453 -1.937661 -1.888595 1.274508 1.784463
    18 6.028137 -0.000008 0.000000 1.464434 -1.140565 -1.048182
    19 11.692554 0.000000 0.000019 0.000000 0.000000 -0.975244
    20 11.481705 0.000000 0.000011 -2.092973 0.405334 -0.225768
    21 2.000004 -3.000000 0.000000 -1.570796 0.000000 -1.326450
    22 2.676084 -1.712437 0.000000 -1.570796 0.000000 -1.570795
    23 2.676081 -1.712433 0.000000 1.570797 0.000001 1.570797
    24 6.879441 -0.000010 0.000000 -0.004818 -0.033967 -0.583558
    25 6.879432 -0.000013 0.000000 -0.210299 -0.002973 -0.584376
    26 3.859711 -0.142445 -1.191958 -0.479138 0.152189 -0.879878
    27 1.312550 0.000008 0.000004 -0.000007 0.009671 -0.439707
    28 0.729370 0.000006 0.000000 0.000003 0.004966 -0.244304
    29 3.942335 0.046738 -0.431422 -0.155012 0.073337 -0.810639
    30 1.539124 0.000015 -0.000016 -0.000004 0.004459 -0.247797
    31 1.196327 0.000032 -0.000010 -0.000004 0.007358 -0.430804
    32 3.882813 -0.046753 0.431396 0.085902 0.021819 -0.587880
    33 1.719578 -0.000004 0.000004 -0.000008 0.005537 -0.366457
    34 1.209160 -0.000010 -0.000011 0.000003 0.003062 -0.216418
    35 3.859375 -0.137939 1.332031 0.354449 -0.042742 -0.531707
    36 1.719427 0.000031 -0.000031 0.000003 0.004052 -0.363023
    37 1.099674 -0.000004 -0.000011 -0.000005 0.002609 -0.244321
    38 0.807566 -0.347147 1.320592 -1.206856 -0.679471 -0.789308
    39 1.789783 -0.000007 0.000004 0.000001 0.007386 0.228518
    40 1.207018 0.000015 -0.000008 -0.000003 0.011265 0.362846
    41 11.481726 -0.000012 -0.000038 0.001269 0.000000 -0.000005
    42 3.859663 -0.132561 1.193130 0.479137 -0.158530 -0.879052
    43 1.312580 -0.000006 0.000003 0.000009 -0.011937 -0.439655
    44 0.729366 -0.000008 -0.000001 0.000005 -0.006136 -0.244269
    45 3.942284 0.050331 0.431063 0.155002 -0.079316 -0.810200
    46 1.539131 -0.000004 0.000002 -0.000002 -0.005851 -0.247777
    47 1.196323 0.000004 0.000005 0.000003 -0.009653 -0.430773
    48 3.882813 -0.050323 -0.430908 -0.085903 -0.026418 -0.587683
    49 1.719599 0.000008 0.000010 -0.000006 -0.007945 -0.366462
    50 1.209183 0.000010 0.000010 0.000006 -0.004485 -0.216351
    51 3.859375 -0.148926 -1.331055 -0.354417 0.038569 -0.532007
    52 1.719425 0.000011 0.000011 0.000004 -0.006614 -0.362968
    53 1.099663 0.000011 0.000010 -0.000001 -0.004222 -0.244302
    54 0.805664 -0.359619 -1.317383 1.204196 0.673612 -0.793958
    55 1.789780 -0.000011 0.000008 0.000004 -0.006302 0.228564
    56 1.207003 0.000001 -0.000008 -0.000007 -0.009615 0.362899
    57 11.481689 -0.000073 -0.000004 0.000155 0.000000 -0.000014
  time 98
    0 5.341568 56.950957 36.547321 1.747787 -0.005669 -1.898987
    1 3.890447 0.000000 0.000000 -2.786220 -0.180533 -1.015553
    2 17.848156 0.000000 0.000000 -0.000060 0.000012 0.578322
    3 16.525240 0.000000 0.000000 -0.036628 0.081630 -1.021392
    4 -3.890447 0.000000 0.000000 -1.426789 -0.612542 -1.725829
    5 17.848167 0.000000 0.000000 -0.000060 0.000024 0.620128
    6 16.525238 0.000000 0.000000 0.240430 0.192318 -1.122452
    7 -0.136723 3.423258 -2.892051 1.572294 0.057798 1.611999
    8 4.015370 0.000000 0.000000 -0.006400 0.028499 0.041845
    9 3.520298 0.000000 0.000000 -0.003835 0.023394 0.171084
    10 8.940987 0.000000 0.000000 -0.002109 0.010079 0.249704
    11 3.306377 -0.000001 0.000000 3.141626 0.005453 0.439942
    12 3.594185 0.000000 0.000000 -0.560447 0.023895 0.439081
    13 2.036090 0.997452 1.937661 2.724708 -1.167452 1.655925
    14 6.028141 0.000011 0.000000 -1.789837 0.307889 -1.478021
    15 11.692581 -0.000001 -0.000008 0.000000 0.000000 -1.109394
    16 11.481684 0.000000 -0.000031 2.256917 -0.162974 0.100051
    17 2.036090 0.997453 -1.937661 -1.889167 1.279791 1.809230
    18 6.028137 -0.000008 0.000000 1.478176 -1.134682 -1.074235
    19 11.692554 0.000000 0.000019 0.000000 0.000000 -0.989673
    20 11.481705 0.000000 0.000011 -2.077570 0.407595 -0.212926
    21 2.000004 -3.000000 0.000000 -1.570796 0.000000 -1.326450
    22 2.676084 -1.712437 0.000000 -1.570796 0.000000 -1.570795
    23 2.676081 -1.712433 0.000000 1.570797 0.000001 1.570797
    24 6.879441 -0.000010 0.000000 -0.004818 -0.033955 -0.583558
    25 6.879432 -0.000013 0.000000 -0.210299 -0.002949 -0.584376
    26 3.859711 -0.142445 -1.191958 -0.479138 0.152189 -0.879878
    27 1.312550 0.000008 0.000004 -0.000007 0.009671 -0.439707
    28 0.729370 0.000006 0.000000 0.000003 0.004966 -0.244304
    29 3.942335 0.046738 -0.431422 -0.155012 0.073337 -0.810639
    30 1.539124 0.000015 -0.000016 -0.000004 0.004459 -0.247797
    31 1.196327 0.000032 -0.000010 -0.000004 0.007358 -0.430804
    32 3.882813 -0.046753 0.431396 0.085902 0.021819 -0.587880
    33 1.719578 -0.000004 0.000004 -0.000008 0.005537 -0.366457
    34 1.209160 -0.000010 -0.000011 0.000003 0.003062 -0.216418
    35 3.859375 -0.137939 1.332031 0.354449 -0.042742 -0.531707
    36 1.719427 0.000031 -0.000031 0.000003 0.004052 -0.363023
    37 1.099674 -0.000004 -0.000011 -0.000005 0.002609 -0.244321
    38 0.807566 -0.347147 1.320592 -1.206856 -0.679471 -0.789308
    39 1.789783 -0.000007 0.000004 0.000001 0.007386 0.228518
    40 1.207018 0.000015 -0.000008 -0.000003 0.011265 0.362846
    41 11.481726 -0.000012 -0.000038 0.001269 0.000000 -0.000005
    42 3.859663 -0.132561 1.193130 0.479137 -0.158530 -0.879052
    43 1.312580 -0.000006 0.000003 0.000009 -0.011937 -0.439655
    44 0.729366 -0.000008 -0.000001 0.000005 -0.006136 -0.244269
    45 3.942284 0.050331 0.431063 0.155002 -0.079316 -0.810200
    46 1.539131 -0.000004 0.000002 -0.000002 -0.005851 -0.247777
    47 1.196323 0.000004 0.000005 0.000003 -0.009653 -0.430773
    48 3.882813 -0.050323 -0.430908 -0.085903 -0.026418 -0.587683
    49 1.719599 0.000008 0.000010 -0.000006 -0.007945 -0.366462
    50 1.209183 0.000010 0.000010 0.000006 -0.004485 -0.216351
    51 3.859375 -0.148926 -1.331055 -0.354417 0.038569 -0.532007
    52 1.719425 0.000011 0.000011 0.000004 -0.006614 -0.362968
    53 1.099663 0.000011 0.000010 -0.000001 -0.004222 -0.244302
    54 0.805664 -0.359619 -1.317383 1.204196 0.673612 -0.793958
    55 1.789780 -0.000011 0.000008 0.000004 -0.006302 0.228564
    56 1.207003 0.000001 -0.000008 -0.000007 -0.009615 0.362899
    57 11.481689 -0.000073 -0.000004 0.000155 0.000000 -0.000014
  time 99
    0 4.962650 57.810358 36.582478 1.740916 -0.018157 -2.007781
    1 3.890447 0.000000 0.000000 -2.811686 -0.165910 -1.002142
    2 17.848156 0.000000 0.000000 -0.000072 0.000012 0.670471
    3 16.525240 0.000000 0.000000 0.056409 0.144177 -1.069171
    4 -3.890447 0.000000 0.000000 -1.426840 -0.616886 -1.702682
    5 17.848167 0.000000 0.000000 -0.000060 0.000024 0.639152
    6 16.525238 0.000000 0.000000 0.204859 0.205988 -1.141738
    7 -0.121097 3.470135 -2.841269 1.572018 0.041822 1.607768
    8 4.015370 0.000000 0.000000 -0.005669 0.025359 0.041917
    9 3.520298 0.000000 0.000000 -0.003428 0.020745 0.168004
    10 8.940987 0.000000 0.000000 -0.001894 0.008893 0.242537
    11 3.306377 -0.000001 0.000000 3.141602 0.004806 0.433769
    12 3.594185 0.000000 0.000000 -0.522322 0.044228 0.456273
    13 2.036090 0.997452 1.937661 2.708428 -1.148143 1.668542
    14 6.028141 0.000011 0.000000 -1.798457 0.292501 -1.489262
    15 11.692581 -0.000001 -0.000008 0.000000 0.000000 -1.123905
    16 11.481684 0.000000 -0.000031 2.210460 -0.166747 0.114537
    17 2.036090 0.997453 -1.937661 -1.891267 1.285634 1.829569
    18 6.028137 -0.000008 0.000000 1.492491 -1.124797 -1.101646
    19 11.692554 0.000000 0.000019 0.000000 0.000000 -0.992741
    20 11.481705 0.000000 0.000011 -2.042599 0.409069 -0.185652
    21 2.000004 -3.000000 0.000000 -1.570796 0.000000 -1.326450
    22 2.676084 -1.712437 0.000000 -1.570796 0.000000 -1.570795
    23 2.676081 -1.712433 0.000000 1.570797 0.000001 1.570797
    24 6.879441 -0.000010 0.000000 -0.004818 -0.033943 -0.583558
    25 6.879432 -0.000013 0.000000 -0.210299 -0.002973 -0.584376
    26 3.859711 -0.142445 -1.191958 -0.479138 0.152189 -0.879878
    27 1.312550 0.000008 0.000004 -0.000007 0.009671 -0.439707
    28 0.729370 0.000006 0.000000 0.000003 0.004966 -0.244304
    29 3.942335 0.046738 -0.431422 -0.155012 0.073337 -0.810639
    30 1.539124 0.000015 -0.000016 -0.000004 0.004459 -0.247797
    31 1.196327 0.000032 -0.000010 -0.000004 0.007358 -0.430804
    32 3.882813 -0.046753 0.431396 0.085902 0.021819 -0.587880
    33 1.719578 -0.000004 0.000004 -0.000008 0.005537 -0.366457
    34 1.209160 -0.000010 -0.000011 0.000003 0.003062 -0.216418
    35 3.859375 -0.137939 1.332031 0.354449 -0.042742 -0.531707
    36 1.719427 0.000031 -0.000031 0.000003 0.004052 -0.363023
    37 1.099674 -0.000004 -0.000011 -0.000005 0.002609 -0.244321
    38 0.807566 -0.347147 1.320592 -1.206856 -0.679483 -0.789308
    39 1.789783 -0.000007 0.000004 0.000001 0.007386 0.228518
    40 1.207018 0.000015 -0.000008 -0.000003 0.011265 0.362846
    41 11.481726 -0.000012 -0.000038 0.001269 0.000000 -0.000005
    42 3.859663 -0.132561 1.193130 0.479137 -0.158530 -0.879052
    43 1.312580 -0.000006 0.000003 0.000009 -0.011937 -0.439655
    44 0.729366 -0.000008 -0.000001 0.000005 -0.006136 -0.244269
    45 3.942284 0.050331 0.431063 0.155002 -0.079316 -0.810200
    46 1.539131 -0.000004 0.000002 -0.000002 -0.005851 -0.247777
    47 1.196323 0.000004 0.000005 0.000003 -0.009665 -0.430773
    48 3.882813 -0.050323 -0.430908 -0.085903 -0.026418 -0.587683
    49 1.719599 0.000008 0.000010 -0.000006 -0.007945 -0.366462
    50 1.209183 0.000010 0.000010 0.000006 -0.004485 -0.216351
    51 3.859375 -0.148926 -1.331055 -0.354417 0.038569 -0.532007
    52 1.719425 0.000011 0.000011 0.000004 -0.006614 -0.362968
    53 1.099663 0.000011 0.000010 -0.000001 -0.004222 -0.244302
    54 0.805664 -0.359619 -1.317383 1.204196 0.673612 -0.793958
    55 1.789780 -0.000011 0.000008 0.000004 -0.006302 0.228564
    56 1.207003 0.000001 -0.000008 -0.000007 -0.009615 0.362899
    57 11.481689 -0.000073 -0.000004 0.000155 0.000000 -0.000014
  time 100
    0 4.525137 58.708823 36.621542 1.736252 -0.031507 -2.120862
    1 3.890447 0.000000 0.000000 -2.809005 -0.169271 -0.995933
    2 17.848156 0.000000 0.000000 -0.000084 0.000024 0.766103
    3 16.525240 0.000000 0.000000 0.160950 0.203189 -1.109974
    4 -3.890447 0.000000 0.000000 -1.417112 -0.614491 -1.685251
    5 17.848167 0.000000 0.000000 -0.000060 0.000024 0.656269
    6 16.525238 0.000000 0.000000 0.165550 0.211667 -1.168574
    7 -0.101566 3.517011 -2.790486 1.571731 0.026050 1.601716
    8 4.015370 0.000000 0.000000 -0.004662 0.021021 0.041306
    9 3.520298 0.000000 0.000000 -0.002840 0.017126 0.164253
    10 8.940987 0.000000 0.000000 -0.001582 0.007299 0.234867
    11 3.306377 -0.000001 0.000000 3.141590 0.003943 0.427238
    12 3.594185 0.000000 0.000000 -0.474499 0.063256 0.471030
    13 2.036090 0.997452 1.937661 2.710428 -1.118631 1.666617
    14 6.028141 0.000011 0.000000 -1.815319 0.270013 -1.487071
    15 11.692581 -0.000001 -0.000008 0.000000 0.000000 -1.130994
    16 11.481684 0.000000 -0.000031 2.146664 -0.169218 0.124733
    17 2.036090 0.997453 -1.937661 -1.893175 1.292118 1.846449
    18 6.028137 -0.000008 0.000000 1.502226 -1.111511 -1.126536
    19 11.692554 0.000000 0.000019 0.000000 0.000000 -0.986537
    20 11.481705 0.000000 0.000011 -1.988285 0.410988 -0.144084
    21 2.000004 -3.000000 0.000000 -1.570796 0.000000 -1.326450
    22 2.676084 -1.712437 0.000000 -1.570796 0.000000 -1.570795
    23 2.676081 -1.712433 0.000000 1.570797 0.000001 1.570797
    24 6.879441 -0.000010 0.000000 -0.004818 -0.033943 -0.583570
    25 6.879432 -0.000013 0.000000 -0.210299 -0.002961 -0.584376
    26 3.859711 -0.142445 -1.191958 -0.479138 0.152189 -0.879878
    27 1.312550 0.000008 0.000004 -0.000007 0.009671 -0.439707
    28 0.729370 0.000006 0.000000 0.000003 0.004966 -0.244304
    29 3.942335 0.046738 -0.431422 -0.155012 0.073337 -0.810639
    30 1.539124 0.000015 -0.000016 -0.000004 0.004459 -0.247797
    31 1.196327 0.000032 -0.000010 -0.000004 0.007358 -0.430804
    32 3.882813 -0.046753 0.431396 0.085902 0.021819 -0.587880
    33 1.719578 -0.000004 0.000004 -0.000008 0.005537 -0.366457
    34 1.209160 -0.000010 -0.000011 0.000003 0.003062 -0.216418
    35 3.859375 -0.137939 1.332031 0.354449 -0.042742 -0.531707
    36 1.719427 0.000031 -0.000031 0.000003 0.004052 -0.363023
    37 1.099674 -0.000004 -0.000011 -0.000005 0.002609 -0.244321
    38 0.807566 -0.347147 1.320592 -1.206856 -0.679471 -0.789308
    39 1.789783 -0.000007 0.000004 0.000001 0.007386 0.228518
    40 1.207018 0.000015 -0.000008 -0.000003 0.011265 0.362846
    41 11.481726 -0.000012 -0.000038 0.001269 0.000000 -0.000005
    42 3.859663 -0.132561 1.193130 0.479137 -0.158530 -0.879052
    43 1.312580 -0.000006 0.000003 0.000009 -0.011937 -0.439655
    44 0.729366 -0.000008 -0.000001 0.000005 -0.006136 -0.244269
    45 3.942284 0.050331 0.431063 0.155002 -0.079316 -0.810200
    46 1.539131 -0.000004 0.000002 -0.000002 -0.005851 -0.247777
    47 1.196323 0.000004 0.000005 0.000003 -0.009653 -0.430773
    48 3.882813 -0.050323 -0.430908 -0.085903 -0.026418 -0.587683
    49 1.719599 0.000008 0.000010 -0.000006 -0.007945 -0.366462
    50 1.209183 0.000010 0.000010 0.000006 -0.004485 -0.216351
    51 3.859375 -0.148926 -1.331055 -0.354417 0.038569 -0.532007
    52 1.719425 0.000011 0.000011 0.000004 -0.006614 -0.362968
    53 1.099663 0.000011 0.000010 -0.000001 -0.004222 -0.244302
    54 0.805664 -0.359619 -1.317383 1.204196 0.673612 -0.793958
    55 1.789780 -0.000011 0.000008 0.000004 -0.006302 0.228564
    56 1.207003 0.000001 -0.000008 -0.000007 -0.009615 0.362899
    57 11.481689 -0.000073 -0.000004 0.000155 0.000000 -0.000014
  time 101
    0 4.029028 59.642445 36.664512 1.734044 -0.044954 -2.237753
    1 3.890447 0.000000 0.000000 -2.755434 -0.203919 -1.002787
    2 17.848156 0.000000 0.000000 -0.000072 0.000012 0.859880
    3 16.525240 0.000000 0.000000 0.256407 0.240797 -1.141059
    4 -3.890447 0.000000 0.000000 -1.396414 -0.605601 -1.675138
    5 17.848167 0.000000 0.000000 -0.000060 0.000024 0.671013
    6 16.525238 0.000000 0.000000 0.123616 0.206947 -1.201699
    7 -0.078127 3.556075 -2.739703 1.571443 0.011609 1.594154
    8 4.015370 0.000000 0.000000 -0.003476 0.015736 0.040251
    9 3.520298 0.000000 0.000000 -0.002133 0.012764 0.160322
    10 8.940987 0.000000 0.000000 -0.001186 0.005405 0.227436
    11 3.306377 -0.000001 0.000000 3.141590 0.002924 0.420958
    12 3.594185 0.000000 0.000000 -0.417981 0.080517 0.485300
    13 2.036090 0.997452 1.937661 2.726612 -1.082353 1.653038
    14 6.028141 0.000011 0.000000 -1.839854 0.244669 -1.470876
    15 11.692581 -0.000001 -0.000008 0.000000 0.000000 -1.131462
    16 11.481684 0.000000 -0.000031 2.069315 -0.169385 0.128692
    17 2.036090 0.997453 -1.937661 -1.895275 1.298841 1.859109
    18 6.028137 -0.000008 0.000000 1.504707 -1.095783 -1.146641
    19 11.692554 0.000000 0.000019 0.000000 0.000000 -0.972525
    20 11.481705 0.000000 0.000011 -1.916463 0.413079 -0.090273
    21 2.000004 -3.000000 0.000000 -1.570796 0.000000 -1.326450
    22 2.676084 -1.712437 0.000000 -1.570796 0.000000 -1.570795
    23 2.676081 -1.712433 0.000000 1.570797 0.000001 1.570797
    24 6.879441 -0.000010 0.000000 -0.004818 -0.033931 -0.583570
    25 6.879432 -0.000013 0.000000 -0.210299 -0.002961 -0.584376
    26 3.859711 -0.142445 -1.191958 -0.479138 0.152189 -0.879878
    27 1.312550 0.000008 0.000004 -0.000007 0.009671 -0.439707
    28 0.729370 0.000006 0.000000 0.000003 0.004966 -0.244304
    29 3.942335 0.046738 -0.431422 -0.155012 0.073337 -0.810639
    30 1.539124 0.000015 -0.000016 -0.000004 0.004459 -0.247797
    31 1.196327 0.000032 -0.000010 -0.000004 0.007358 -0.430804
    32 3.882813 -0.046753 0.431396 0.085902 0.021819 -0.587880
    33 1.719578 -0.000004 0.000004 -0.000008 0.005537 -0.366457
    34 1.209160 -0.000010 -0.000011 0.000003 0.003062 -0.216418
    35 3.859375 -0.137939 1.332031 0.354449 -0.042742 -0.531707
    36 1.719427 0.000031 -0.000031 0.000003 0.004052 -0.363023
    37 1.099674 -0.000004 -0.000011 -0.000005 0.002609 -0.244321
    38 0.807566 -0.347147 1.320592 -1.206856 -0.679483 -0.789308
    39 1.789783 -0.000007 0.000004 0.000001 0.007386 0.228518
    40 1.207018 0.000015 -0.000008 -0.000003 0.011265 0.362846
    41 11.481726 -0.000012 -0.000038 0.001269 0.000000 -0.000005
    42 3.859663 -0.132561 1.193130 0.479137 -0.158530 -0.879052
    43 1.312580 -0.000006 0.000003 0.000009 -0.011937 -0.439655
    44 0.729366 -0.000008 -0.000001 0.000005 -0.006136 -0.244269
    45 3.942284 0.050331 0.431063 0.155002 -0.079316 -0.810200
    46 1.539131 -0.000004 0.000002 -0.000002 -0.005851 -0.247777
    47 1.196323 0.000004 0.000005 0.000003 -0.009665 -0.430773
    48 3.882813 -0.050323 -0.430908 -0.085903 -0.026418 -0.587683
    49 1.719599 0.000008 0.000010 -0.000006 -0.007945 -0.366462
    50 1.209183 0.000010 0.000010 0.000006 -0.004485 -0.216351
    51 3.859375 -0.148926 -1.331055 -0.354417 0.038569 -0.532007
    52 1.719425 0.000011 0.000011 0.000004 -0.006614 -0.362968
    53 1.099663 0.000011 0.000010 -0.000001 -0.004222 -0.244302
    54 0.805664 -0.359619 -1.317383 1.204196 0.673612 -0.793958
    55 1.789780 -0.000011 0.000008 0.000004 -0.006302 0.228564
    56 1.207003 0.000001 -0.000008 -0.000007 -0.009615 0.362899
    57 11.481689 -0.000073 -0.000004 0.000155 0.000000 -0.000014
  time 102
    0 3.486043 60.607318 36.703575 1.734294 -0.057610 -2.358074
    1 3.890447 0.000000 0.000000 -2.611056 -0.290155 -1.037699
    2 17.848156 0.000000 0.000000 -0.000060 0.000012 0.948274
    3 16.525240 0.000000 0.000000 0.297802 0.226859 -1.167949
    4 -3.890447 0.000000 0.000000 -1.365315 -0.590907 -1.673034
    5 17.848167 0.000000 0.000000 -0.000048 0.000036 0.683432
    6 16.525238 0.000000 0.000000 0.081406 0.190383 -1.239231
    7 -0.046876 3.587326 -2.700639 1.571168 -0.000316 1.585477
    8 4.015370 0.000000 0.000000 -0.002157 0.009803 0.039089
    9 3.520298 0.000000 0.000000 -0.001330 0.007934 0.156763
    10 8.940987 0.000000 0.000000 -0.000743 0.003344 0.221072
    11 3.306377 -0.000001 0.000000 3.141590 0.001798 0.415601
    12 3.594185 0.000000 0.000000 -0.353952 0.095656 0.500940
    13 2.036090 0.997452 1.937661 2.752125 -1.044242 1.631974
    14 6.028141 0.000011 0.000000 -1.869504 0.220049 -1.441869
    15 11.692581 -0.000001 -0.000008 0.000000 0.000000 -1.125109
    16 11.481684 0.000000 -0.000031 1.983207 -0.167148 0.124468
    17 2.036090 0.997453 -1.937661 -1.899569 1.304965 1.864574
    18 6.028137 -0.000008 0.000000 1.499935 -1.078814 -1.161381
    19 11.692554 0.000000 0.000019 0.000000 0.000000 -0.952100
    20 11.481705 0.000000 0.000011 -1.831431 0.413799 -0.028578
    21 2.000004 -3.000000 0.000000 -1.570796 0.000000 -1.326450
    22 2.676084 -1.712437 0.000000 -1.570796 0.000000 -1.570795
    23 2.676081 -1.712433 0.000000 1.570797 0.000001 1.570797
    24 6.879441 -0.000010 0.000000 -0.004806 -0.033931 -0.583570
    25 6.879432 -0.000013 0.000000 -0.210299 -0.002961 -0.584376
    26 3.859711 -0.142445 -1.191958 -0.479138 0.152189 -0.879878
    27 1.312550 0.000008 0.000004 -0.000007 0.009671 -0.439707
    28 0.729370 0.000006 0.000000 0.000003 0.004966 -0.244304
    29 3.942335 0.046738 -0.431422 -0.155012 0.073337 -0.810639
    30 1.539124 0.000015 -0.000016 -0.000004 0.004459 -0.247797
    31 1.196327 0.000032 -0.000010 -0.000004 0.007358 -0.430804
    32 3.882813 -0.046753 0.431396 0.085902 0.021819 -0.587880
    33 1.719578 -0.000004 0.000004 -0.000008 0.005537 -0.366457
    34 1.209160 -0.000010 -0.000011 0.000003 0.003062 -0.216418
    35 3.859375 -0.137939 1.332031 0.354449 -0.042742 -0.531707
    36 1.719427 0.000031 -0.000031 0.000003 0.004052 -0.363023
    37 1.099674 -0.000004 -0.000011 -0.000005 0.002609 -0.244321
    38 0.807566 -0.347147 1.320592 -1.206856 -0.679483 -0.789308
    39 1.789783 -0.000007 0.000004 0.000001 0.007386 0.228518
    40 1.207018 0.000015 -0.000008 -0.000003 0.011265 0.362846
    41 11.481726 -0.000012 -0.000038 0.001269 0.000000 -0.000005
    42 3.859663 -0.132561 1.193130 0.479137 -0.158530 -0.879052
    43 1.312580 -0.000006 0.000003 0.000009 -0.011937 -0.439655
    44 0.729366 -0.000008 -0.000001 0.000005 -0.006136 -0.244269
    45 3.942284 0.050331 0.431063 0.155002 -0.079316 -0.810200
    46 1.539131 -0.000004 0.000002 -0.000002 -0.005851 -0.247777
    47 1.196323 0.000004 0.000005 0.000003 -0.009665 -0.430773
    48 3.882813 -0.050323 -0.430908 -0.085903 -0.026418 -0.587683
    49 1.719599 0.000008 0.000010 -0.000006 -0.007945 -0.366462
    50 1.209183 0.000010 0.000010 0.000006 -0.004485 -0.216351
    51 3.859375 -0.148926 -1.331055 -0.354417 0.038569 -0.532007
    52 1.719425 0.000011 0.000011 0.000004 -0.006614 -0.362968
    53 1.099663 0.000011 0.000010 -0.000001 -0.004222 -0.244302
    54 0.805664 -0.359619 -1.317383 1.204196 0.673612 -0.793958
    55 1.789780 -0.000011 0.000008 0.000004 -0.006302 0.228564
    56 1.207003 0.000001 -0.000008 -0.000007 -0.009615 0.362899
    57 11.481689 -0.000073 -0.000004 0.000155 0.000000 -0.000014
  time 103
    0 2.907900 61.607349 36.742639 1.736835 -0.068564 -2.480871
    1 3.890447 0.000000 0.000000 -2.338090 -0.432247 -1.134104
    2 17.848156 0.000000 0.000000 -0.000060 0.000000 1.027258
    3 16.525240 0.000000 0.000000 0.240132 0.142871 -1.191164
    4 -3.890447 0.000000 0.000000 -1.326661 -0.571219 -1.678530
    5 17.848167 0.000000 0.000000 -0.000048 0.000036 0.693293
    6 16.525238 0.000000 0.000000 0.042348 0.162300 -1.278251
    7 -0.015625 3.610764 -2.673295 1.570928 -0.008477 1.576249
    8 4.015370 0.000000 0.000000 -0.000791 0.003619 0.038178
    9 3.520298 0.000000 0.000000 -0.000491 0.002924 0.154210
    10 8.940987 0.000000 0.000000 -0.000276 0.001222 0.216614
    11 3.306377 -0.000001 0.000000 3.141590 0.000659 0.411862
    12 3.594185 0.000000 0.000000 -0.283645 0.108420 0.519744
    13 2.036090 0.997452 1.937661 2.782779 -1.009796 1.606953
    14 6.028141 0.000011 0.000000 -1.900481 0.198204 -1.402954
    15 11.692581 -0.000001 -0.000008 0.000000 0.000000 -1.111066
    16 11.481684 0.000000 -0.000031 1.894022 -0.163609 0.110490
    17 2.036090 0.997453 -1.937661 -1.909494 1.309087 1.858624
    18 6.028137 -0.000008 0.000000 1.490201 -1.062326 -1.171272
    19 11.692554 0.000000 0.000019 0.000000 0.000000 -0.926795
    20 11.481705 0.000000 0.000011 -1.740444 0.411468 0.034293
    21 2.000004 -3.000000 0.000000 -1.570796 0.000000 -1.326450
    22 2.676084 -1.712437 0.000000 -1.570796 0.000000 -1.570795
    23 2.676081 -1.712433 0.000000 1.570797 0.000001 1.570797
    24 6.879441 -0.000010 0.000000 -0.004806 -0.033931 -0.583570
    25 6.879432 -0.000013 0.000000 -0.210299 -0.002961 -0.584376
    26 3.859711 -0.142445 -1.191958 -0.479138 0.152189 -0.879878
    27 1.312550 0.000008 0.000004 -0.000007 0.009671 -0.439707
    28 0.729370 0.000006 0.000000 0.000003 0.004966 -0.244304
    29 3.942335 0.046738 -0.431422 -0.155012 0.073337 -0.810639
    30 1.539124 0.000015 -0.000016 -0.000004 0.004459 -0.247797
    31 1.196327 0.000032 -0.000010 -0.000004 0.007358 -0.430804
    32 3.882813 -0.046753 0.431396 0.085902 0.021819 -0.587880
    33 1.719578 -0.000004 0.000004 -0.000008 0.005537 -0.366457
    34 1.209160 -0.000010 -0.000011 0.000003 0.003062 -0.216418
    35 3.859375 -0.137939 1.332031 0.354449 -0.042742 -0.531707
    36 1.719427 0.000031 -0.000031 0.000003 0.004052 -0.363023
    37 1.099674 -0.000004 -0.000011 -0.000005 0.002609 -0.244321
    38 0.807566 -0.347147 1.320592 -1.206856 -0.679483 -0.789308
    39 1.789783 -0.000007 0.000004 0.000001 0.007386 0.228518
    40 1.207018 0.000015 -0.000008 -0.000003 0.011265 0.362846
    41 11.481726 -0.000012 -0.000038 0.001269 0.000000 -0.000005
    42 3.859663 -0.132561 1.193130 0.479137 -0.158530 -0.879052
    43 1.312580 -0.000006 0.000003 0.000009 -0.011937 -0.439655
    44 0.729366 -0.000008 -0.000001 0.000005 -0.006136 -0.244269
    45 3.942284 0.050331 0.431063 0.155002 -0.079316 -0.810200
    46 1.539131 -0.000004 0.000002 -0.000002 -0.005851 -0.247777
    47 1.196323 0.000004 0.000005 0.000003 -0.009665 -0.430773
    48 3.882813 -0.050323 -0.430908 -0.085903 -0.026418 -0.587683
    49 1.719599 0.000008 0.000010 -0.000006 -0.007945 -0.366462
    50 1.209183 0.000010 0.000010 0.000006 -0.004485 -0.216351
    51 3.859375 -0.148926 -1.331055 -0.354417 0.038569 -0.532007
    52 1.719425 0.000011 0.000011 0.000004 -0.006614 -0.362968
    53 1.099663 0.000011 0.000010 -0.000001 -0.004222 -0.244302
    54 0.805664 -0.359619 -1.317383 1.204196 0.673612 -0.793958
    55 1.789780 -0.000011 0.000008 0.000004 -0.006302 0.228564
    56 1.207003 0.000001 -0.000008 -0.000007 -0.009615 0.362899
    57 11.481689 -0.000073 -0.000004 0.000155 0.000000 -0.000014
  time 104
    0 2.298507 62.638630 36.777797 1.741291 -0.076893 -2.605193
    1 3.890447 0.000000 0.000000 -2.000663 -0.570796 -1.296409
    2 17.848156 0.000000 0.000000 -0.000048 -0.000012 1.094210
    3 16.525240 0.000000 0.000000 0.128532 0.044801 -1.192639
    4 -3.890447 0.000000 0.000000 -1.285162 -0.547635 -1.690025
    5 17.848167 0.000000 0.000000 -0.000048 0.000036 0.700270
    6 16.525238 0.000000 0.000000 0.010241 0.125139 -1.315615
    7 0.011719 3.618577 -2.661576 1.570712 -0.011737 1.567177
    8 4.015370 0.000000 0.000000 0.000527 -0.002397 0.037962
    9 3.520298 0.000000 0.000000 0.000324 -0.001930 0.153347
    10 8.940987 0.000000 0.000000 0.000180 -0.000803 0.214984
    11 3.306377 -0.000001 0.000000 3.141590 -0.000431 0.410483
    12 3.594185 0.000000 0.000000 -0.208425 0.118691 0.543325
    13 2.036090 0.997452 1.937661 2.816004 -0.983388 1.580008
    14 6.028141 0.000011 0.000000 -1.929183 0.179699 -1.358466
    15 11.692581 -0.000001 -0.000008 0.000000 0.000000 -1.089065
    16 11.481684 0.000000 -0.000031 1.808151 -0.160470 0.085896
    17 2.036090 0.997453 -1.937661 -1.928675 1.309487 1.836417
    18 6.028137 -0.000008 0.000000 1.479799 -1.048279 -1.177284
    19 11.692554 0.000000 0.000019 0.000000 0.000000 -0.898354
    20 11.481705 0.000000 0.000011 -1.653040 0.405059 0.090109
    21 2.000004 -3.000000 0.000000 -1.570796 0.000000 -1.326450
    22 2.676084 -1.712437 0.000000 -1.570796 0.000000 -1.570795
    23 2.676081 -1.712433 0.000000 1.570797 0.000001 1.570797
    24 6.879441 -0.000010 0.000000 -0.004806 -0.033943 -0.583570
    25 6.879432 -0.000013 0.000000 -0.210299 -0.002961 -0.584376
    26 3.859711 -0.142445 -1.191958 -0.479138 0.152189 -0.879878
    27 1.312550 0.000008 0.000004 -0.000007 0.009671 -0.439707
    28 0.729370 0.000006 0.000000 0.000003 0.004966 -0.244304
    29 3.942335 0.046738 -0.431422 -0.155012 0.073337 -0.810639
    30 1.539124 0.000015 -0.000016 -0.000004 0.004459 -0.247797
    31 1.196327 0.000032 -0.000010 -0.000004 0.007358 -0.430804
    32 3.882813 -0.046753 0.431396 0.085902 0.021819 -0.587880
    33 1.719578 -0.000004 0.000004 -0.000008 0.005537 -0.366457
    34 1.209160 -0.000010 -0.000011 0.000003 0.003062 -0.216418
    35 3.859375 -0.137939 1.332031 0.354449 -0.042742 -0.531707
    36 1.719427 0.000031 -0.000031 0.000003 0.004052 -0.363023
    37 1.099674 -0.000004 -0.000011 -0.000005 0.002609 -0.244321
    38 0.807566 -0.347147 1.320592 -1.206856 -0.679471 -0.789308
    39 1.789783 -0.000007 0.000004 0.000001 0.007386 0.228518
    40 1.207018 0.000015 -0.000008 -0.000003 0.011265 0.362846
    41 11.481726 -0.000012 -0.000038 0.001269 0.000000 -0.000005
    42 3.859663 -0.132561 1.193130 0.479137 -0.158530 -0.879052
    43 1.312580 -0.000006 0.000003 0.000009 -0.011937 -0.439655
    44 0.729366 -0.000008 -0.000001 0.000005 -0.006136 -0.244269
    45 3.942284 0.050331 0.431063 0.155002 -0.079316 -0.810200
    46 1.539131 -0.000004 0.000002 -0.000002 -0.005851 -0.247777
    47 1.196323 0.000004 0.000005 0.000003 -0.009653 -0.430773
    48 3.882813 -0.050323 -0.430908 -0.085903 -0.026418 -0.587683
    49 1.719599 0.000008 0.000010 -0.000006 -0.007945 -0.366462
    50 1.209183 0.000010 0.000010 0.000006 -0.004485 -0.216351
    51 3.859375 -0.148926 -1.331055 -0.354417 0.038569 -0.532007
    52 1.719425 0.000011 0.000011 0.000004 -0.006614 -0.362968
    53 1.099663 0.000011 0.000010 -0.000001 -0.004222 -0.244302
    54 0.805664 -0.359619 -1.317383 1.204196 0.673612 -0.793958
    55 1.789780 -0.000011 0.000008 0.000004 -0.006302 0.228564
    56 1.207003 0.000001 -0.000008 -0.000007 -0.009615 0.362899
    57 11.481689 -0.000073 -0.000004 0.000155 0.000000 -0.000014
  time 105
    0 1.665675 63.693350 36.809047 1.746996 -0.081747 -2.729706
    1 3.890447 0.000000 0.000000 -1.753667 -0.659802 -1.441594
    2 17.848156 0.000000 0.000000 -0.000048 -0.000024 1.147590
    3 16.525240 0.000000 0.000000 0.056816 0.007037 -1.176525
    4 -3.890447 0.000000 0.000000 -1.246404 -0.521453 -1.705226
    5 17.848167 0.000000 0.000000 -0.000060 0.000036 0.703805
    6 16.525238 0.000000 0.000000 -0.011786 0.082824 -1.348571
    7 0.039064 3.610764 -2.673295 1.570508 -0.009088 1.559015
    8 4.015370 0.000000 0.000000 0.001714 -0.007814 0.038921
    9 3.520298 0.000000 0.000000 0.001067 -0.006304 0.154869
    10 8.940987 0.000000 0.000000 0.000599 -0.002637 0.217058
    11 3.306377 -0.000001 0.000000 3.141590 -0.001426 0.412173
    12 3.594185 0.000000 0.000000 -0.129860 0.126527 0.573114
    13 2.036090 0.997452 1.937661 2.850180 -0.967386 1.551673
    14 6.028141 0.000011 0.000000 -1.952771 0.164151 -1.313264
    15 11.692581 -0.000001 -0.000008 0.000000 0.000000 -1.060109
    16 11.481684 0.000000 -0.000031 1.731808 -0.159602 0.051172
    17 2.036090 0.997453 -1.937661 -1.958735 1.304204 1.794771
    18 6.028137 -0.000008 0.000000 1.473500 -1.038915 -1.180193
    19 11.692554 0.000000 0.000019 0.000000 0.000000 -0.868936
    20 11.481705 0.000000 0.000011 -1.579381 0.395052 0.130824
    21 2.000004 -3.000000 0.000000 -1.570796 0.000000 -1.326450
    22 2.676084 -1.712437 0.000000 -1.570796 0.000000 -1.570795
    23 2.676081 -1.712433 0.000000 1.570797 0.000001 1.570797
    24 6.879441 -0.000010 0.000000 -0.004806 -0.033955 -0.583570
    25 6.879432 -0.000013 0.000000 -0.210299 -0.002961 -0.584376
    26 3.859711 -0.142445 -1.191958 -0.479138 0.152189 -0.879878
    27 1.312550 0.000008 0.000004 -0.000007 0.009671 -0.439707
    28 0.729370 0.000006 0.000000 0.000003 0.004966 -0.244304
    29 3.942335 0.046738 -0.431422 -0.155012 0.073337 -0.810639
    30 1.539124 0.000015 -0.000016 -0.000004 0.004459 -0.247797
    31 1.196327 0.000032 -0.000010 -0.000004 0.007358 -0.430804
    32 3.882813 -0.046753 0.431396 0.085902 0.021819 -0.587880
    33 1.719578 -0.000004 0.000004 -0.000008 0.005537 -0.366457
    34 1.209160 -0.000010 -0.000011 0.000003 0.003062 -0.216418
    35 3.859375 -0.137939 1.332031 0.354449 -0.042742 -0.531707
    36 1.719427 0.000031 -0.000031 0.000003 0.004052 -0.363023
    37 1.099674 -0.000004 -0.000011 -0.000005 0.002609 -0.244321
    38 0.807566 -0.347147 1.320592 -1.206856 -0.679471 -0.789308
    39 1.789783 -0.000007 0.000004 0.000001 0.007386 0.228518
    40 1.207018 0.000015 -0.000008 -0.000003 0.011265 0.362846
    41 11.481726 -0.000012 -0.000038 0.001269 0.000000 -0.000005
    42 3.859663 -0.132561 1.193130 0.479137 -0.158530 -0.879052
    43 1.312580 -0.000006 0.000003 0.000009 -0.011937 -0.439655
    44 0.729366 -0.000008 -0.000001 0.000005 -0.006136 -0.244269
    45 3.942284 0.050331 0.431063 0.155002 -0.079316 -0.810200
    46 1.539131 -0.000004 0.000002 -0.000002 -0.005851 -0.247777
    47 1.196323 0.000004 0.000005 0.000003 -0.009665 -0.430773
    48 3.882813 -0.050323 -0.430908 -0.085903 -0.026418 -0.587683
    49 1.719599 0.000008 0.000010 -0.000006 -0.007945 -0.366462
    50 1.209183 0.000010 0.000010 0.000006 -0.004485 -0.216351
    51 3.859375 -0.148926 -1.331055 -0.354417 0.038569 -0.532007
    52 1.719425 0.000011 0.000011 0.000004 -0.006614 -0.362968
    53 1.099663 0.000011 0.000010 -0.000001 -0.004222 -0.244302
    54 0.805664 -0.359619 -1.317383 1.204196 0.673612 -0.793958
    55 1.789780 -0.000011 0.000008 0.000004 -0.006302 0.228564
    56 1.207003 0.000001 -0.000008 -0.000007 -0.009615 0.362899
    57 11.481689 -0.000073 -0.000004 0.000155 0.000000 -0.000014
  time 106
    0 1.017218 64.775414 36.832486 1.753160 -0.082454 -2.853075
    1 3.890447 0.000000 0.000000 -1.640535 -0.722515 -1.518138
    2 17.848156 0.000000 0.000000 -0.000048 -0.000024 1.186675
    3 16.525240 0.000000 0.000000 0.032679 0.017344 -1.157733
    4 -3.890447 0.000000 0.000000 -1.215254 -0.494012 -1.721746
    5 17.848167 0.000000 0.000000 -0.000060 0.000048 0.703386
    6 16.525238 0.000000 0.000000 -0.022021 0.039786 -1.375211
    7 0.062502 3.587326 -2.704546 1.570341 0.000152 1.552579
    8 4.015370 0.000000 0.000000 0.002685 -0.012164 0.041522
    9 3.520298 0.000000 0.000000 0.001654 -0.009839 0.159435
    10 8.940987 0.000000 0.000000 0.000923 -0.004147 0.223601
    11 3.306377 -0.000001 0.000000 3.141590 -0.002241 0.417518
    12 3.594185 0.000000 0.000000 -0.049469 0.132227 0.610083
    13 2.036090 0.997452 1.937661 2.884357 -0.961636 1.521467
    14 6.028141 0.000011 0.000000 -1.969822 0.151237 -1.272301
    15 11.692581 -0.000001 -0.000008 0.000000 0.000000 -1.027275
    16 11.481684 0.000000 -0.000031 1.670852 -0.162540 0.008376
    17 2.036090 0.997453 -1.937661 -1.997765 1.291197 1.734239
    18 6.028137 -0.000008 0.000000 1.476077 -1.036794 -1.180064
    19 11.692554 0.000000 0.000019 0.000000 0.000000 -0.841470
    20 11.481705 0.000000 0.000011 -1.528918 0.382440 0.149845
    21 2.000004 -3.000000 0.000000 -1.570796 0.000000 -1.326450
    22 2.676084 -1.712437 0.000000 -1.570796 0.000000 -1.570795
    23 2.676081 -1.712433 0.000000 1.570797 0.000001 1.570797
    24 6.879441 -0.000010 0.000000 -0.004806 -0.033967 -0.583582
    25 6.879432 -0.000013 0.000000 -0.210299 -0.002961 -0.584376
    26 3.859711 -0.142445 -1.191958 -0.479138 0.152189 -0.879878
    27 1.312550 0.000008 0.000004 -0.000007 0.009671 -0.439707
    28 0.729370 0.000006 0.000000 0.000003 0.004966 -0.244304
    29 3.942335 0.046738 -0.431422 -0.155012 0.073337 -0.810639
    30 1.539124 0.000015 -0.000016 -0.000004 0.004459 -0.247797
    31 1.196327 0.000032 -0.000010 -0.000004 0.007358 -0.430804
    32 3.882813 -0.046753 0.431396 0.085902 0.021819 -0.587880
    33 1.719578 -0.000004 0.000004 -0.000008 0.005537 -0.366457
    34 1.209160 -0.000010 -0.000011 0.000003 0.003062 -0.216418
    35 3.859375 -0.137939 1.332031 0.354449 -0.042742 -0.531707
    36 1.719427 0.000031 -0.000031 0.000003 0.004052 -0.363023
    37 1.099674 -0.000004 -0.000011 -0.000005 0.002609 -0.244321
    38 0.807566 -0.347147 1.320592 -1.206856 -0.679471 -0.789308
    39 1.789783 -0.000007 0.000004 0.000001 0.007386 0.228518
    40 1.207018 0.000015 -0.000008 -0.000003 0.011265 0.362846
    41 11.481726 -0.000012 -0.000038 0.001269 0.000000 -0.000005
    42 3.859663 -0.132561 1.193130 0.479137 -0.158530 -0.879052
    43 1.312580 -0.000006 0.000003 0.000009 -0.011937 -0.439655
    44 0.729366 -0.000008 -0.000001 0.000005 -0.006136 -0.244269
    45 3.942284 0.050331 0.431063 0.155002 -0.079316 -0.810200
    46 1.539131 -0.000004 0.000002 -0.000002 -0.005851 -0.247777
    47 1.196323 0.000004 0.000005 0.000003 -0.009653 -0.430773
    48 3.882813 -0.050323 -0.430908 -0.085903 -0.026418 -0.587683
    49 1.719599 0.000008 0.000010 -0.000006 -0.007945 -0.366462
    50 1.209183 0.000010 0.000010 0.000006 -0.004485 -0.216351
    51 3.859375 -0.148926 -1.331055 -0.354417 0.038569 -0.532007
    52 1.719425 0.000011 0.000011 0.000004 -0.006614 -0.362968
    53 1.099663 0.000011 0.000010 -0.000001 -0.004222 -0.244302
    54 0.805664 -0.359619 -1.317383 1.204196 0.673612 -0.793958
    55 1.789780 -0.000011 0.000008 0.000004 -0.006302 0.228564
    56 1.207003 0.000001 -0.000008 -0.000007 -0.009615 0.362899
    57 11.481689 -0.000073 -0.000004 0.000155 0.000000 -0.000014
  time 107
    0 0.360948 65.880917 36.848111 1.758740 -0.078523 -2.973777
    1 3.890447 0.000000 0.000000 -1.623781 -0.776508 -1.531818
    2 17.848156 0.000000 0.000000 -0.000060 -0.000024 1.210198
    3 16.525240 0.000000 0.000000 0.022396 0.037730 -1.137986
    4 -3.890447 0.000000 0.000000 -1.194763 -0.466287 -1.737544
    5 17.848167 0.000000 0.000000 -0.000072 0.000048 0.698130
    6 16.525238 0.000000 0.000000 -0.020415 -0.000449 -1.394468
    7 0.074221 3.544356 -2.755328 1.570209 0.016271 1.548684
    8 4.015370 0.000000 0.000000 0.003320 -0.014969 0.046220
    9 3.520298 0.000000 0.000000 0.002013 -0.012164 0.167597
    10 8.940987 0.000000 0.000000 0.001127 -0.005165 0.235202
    11 3.306377 -0.000001 0.000000 3.141590 -0.002792 0.426950
    12 3.594185 0.000000 0.000000 0.031153 0.136323 0.654781
    13 2.036090 0.997452 1.937661 2.917962 -0.964053 1.488427
    14 6.028141 0.000011 0.000000 -1.979579 0.141542 -1.240008
    15 11.692581 -0.000001 -0.000008 0.000000 0.000000 -0.995912
    16 11.481684 0.000000 -0.000031 1.630313 -0.170086 -0.038733
    17 2.036090 0.997453 -1.937661 -2.039659 1.269025 1.659524
    18 6.028137 -0.000008 0.000000 1.491633 -1.044277 -1.176185
    19 11.692554 0.000000 0.000019 0.000000 0.000000 -0.819024
    20 11.481705 0.000000 0.000011 -1.509082 0.367395 0.142605
    21 2.000004 -3.000000 0.000000 -1.570796 0.000000 -1.326450
    22 2.676084 -1.712437 0.000000 -1.570796 0.000000 -1.570795
    23 2.676081 -1.712433 0.000000 1.570797 0.000001 1.570797
    24 6.879441 -0.000010 0.000000 -0.004818 -0.033979 -0.583570
    25 6.879432 -0.000013 0.000000 -0.210299 -0.002961 -0.584376
    26 3.859711 -0.142445 -1.191958 -0.479138 0.152189 -0.879878
    27 1.312550 0.000008 0.000004 -0.000007 0.009671 -0.439707
    28 0.729370 0.000006 0.000000 0.000003 0.004966 -0.244304
    29 3.942335 0.046738 -0.431422 -0.155012 0.073337 -0.810639
    30 1.539124 0.000015 -0.000016 -0.000004 0.004459 -0.247797
    31 1.196327 0.000032 -0.000010 -0.000004 0.007358 -0.430804
    32 3.882813 -0.046753 0.431396 0.085902 0.021819 -0.587880
    33 1.719578 -0.000004 0.000004 -0.000008 0.005537 -0.366457
    34 1.209160 -0.000010 -0.000011 0.000003 0.003062 -0.216418
    35 3.859375 -0.137939 1.332031 0.354449 -0.042742 -0.531707
    36 1.719427 0.000031 -0.000031 0.000003 0.004052 -0.363023
    37 1.099674 -0.000004 -0.000011 -0.000005 0.002609 -0.244321
    38 0.807566 -0.347147 1.320592 -1.206856 -0.679483 -0.789308
    39 1.789783 -0.000007 0.000004 0.000001 0.007386 0.228518
    40 1.207018 0.000015 -0.000008 -0.000003 0.011265 0.362846
    41 11.481726 -0.000012 -0.000038 0.001269 0.000000 -0.000005
    42 3.859663 -0.132561 1.193130 0.479137 -0.158530 -0.879052
    43 1.312580 -0.000006 0.000003 0.000009 -0.011937 -0.439655
    44 0.729366 -0.000008 -0.000001 0.000005 -0.006136 -0.244269
    45 3.942284 0.050331 0.431063 0.155002 -0.079316 -0.810200
    46 1.539131 -0.000004 0.000002 -0.000002 -0.005851 -0.247777
    47 1.196323 0.000004 0.000005 0.000003 -0.009653 -0.430773
    48 3.882813 -0.050323 -0.430908 -0.085903 -0.026418 -0.587683
    49 1.719599 0.000008 0.000010 -0.000006 -0.007945 -0.366462
    50 1.209183 0.000010 0.000010 0.000006 -0.004485 -0.216351
    51 3.859375 -0.148926 -1.331055 -0.354417 0.038569 -0.532007
    52 1.719425 0.000011 0.000011 0.000004 -0.006614 -0.362968
    53 1.099663 0.000011 0.000010 -0.000001 -0.004222 -0.244302
    54 0.805664 -0.359619 -1.317383 1.204196 0.673612 -0.793958
    55 1.789780 -0.000011 0.000008 0.000004 -0.006302 0.228564
    56 1.207003 0.000001 -0.000008 -0.000007 -0.009615 0.362899
    57 11.481689 -0.000073 -0.000004 0.000155 0.000000 -0.000014
  time 108
    0 -0.291416 67.005951 36.855924 1.762780 -0.069654 -3.090478
    1 3.890447 0.000000 0.000000 -1.668640 -0.822510 -1.497174
    2 17.848156 0.000000 0.000000 -0.000060 -0.000024 1.216848
    3 16.525240 0.000000 0.000000 0.001975 0.044130 -1.115601
    4 -3.890447 0.000000 0.000000 -1.185862 -0.438563 -1.751049
    5 17.848167 0.000000 0.000000 -0.000072 0.000048 0.687246
    6 16.525238 0.000000 0.000000 -0.008263 -0.035747 -1.405837
    7 0.074221 3.477947 -2.833456 1.570137 0.039054 1.547953
    8 4.015370 0.000000 0.000000 0.003500 -0.015724 0.053314
    9 3.520298 0.000000 0.000000 0.002097 -0.012883 0.179701
    10 8.940987 0.000000 0.000000 0.001163 -0.005525 0.252184
    11 3.306377 -0.000001 0.000000 3.141578 -0.002996 0.440673
    12 3.594185 0.000000 0.000000 0.110541 0.139677 0.707237
    13 2.036090 0.997452 1.937661 2.950045 -0.971431 1.451217
    14 6.028141 0.000011 0.000000 -1.981569 0.136453 -1.220050
    15 11.692581 -0.000001 -0.000008 0.000000 0.000000 -0.972173
    16 11.481684 0.000000 -0.000031 1.614157 -0.182439 -0.085312
    17 2.036090 0.997453 -1.937661 -2.076399 1.236888 1.577684
    18 6.028137 -0.000008 0.000000 1.523030 -1.063407 -1.167135
    19 11.692554 0.000000 0.000019 0.000000 0.000000 -0.804594
    20 11.481705 0.000000 0.000011 -1.524843 0.347244 0.106617
    21 2.000004 -3.000000 0.000000 -1.570796 0.000000 -1.326450
    22 2.676084 -1.712437 0.000000 -1.570796 0.000000 -1.570795
    23 2.676081 -1.712433 0.000000 1.570797 0.000001 1.570797
    24 6.879441 -0.000010 0.000000 -0.004818 -0.033979 -0.583570
    25 6.879432 -0.000013 0.000000 -0.210299 -0.002961 -0.584376
    26 3.859711 -0.142445 -1.191958 -0.479138 0.152189 -0.879878
    27 1.312550 0.000008 0.000004 -0.000007 0.009671 -0.439707
    28 0.729370 0.000006 0.000000 0.000003 0.004966 -0.244304
    29 3.942335 0.046738 -0.431422 -0.155012 0.073337 -0.810639
    30 1.539124 0.000015 -0.000016 -0.000004 0.004459 -0.247797
    31 1.196327 0.000032 -0.000010 -0.000004 0.007358 -0.430804
    32 3.882813 -0.046753 0.431396 0.085902 0.021819 -0.587880
    33 1.719578 -0.000004 0.000004 -0.000008 0.005537 -0.366457
    34 1.209160 -0.000010 -0.000011 0.000003 0.003062 -0.216418
    35 3.859375 -0.137939 1.332031 0.354449 -0.042742 -0.531707
    36 1.719427 0.000031 -0.000031 0.000003 0.004052 -0.363023
    37 1.099674 -0.000004 -0.000011 -0.000005 0.002609 -0.244321
    38 0.807566 -0.347147 1.320592 -1.206856 -0.679483 -0.789308
    39 1.789783 -0.000007 0.000004 0.000001 0.007386 0.228518
    40 1.207018 0.000015 -0.000008 -0.000003 0.011265 0.362846
    41 11.481726 -0.000012 -0.000038 0.001269 0.000000 -0.000005
    42 3.859663 -0.132561 1.193130 0.479137 -0.158530 -0.879052
    43 1.312580 -0.000006 0.000003 0.000009 -0.011937 -0.439655
    44 0.729366 -0.000008 -0.000001 0.000005 -0.006136 -0.244269
    45 3.942284 0.050331 0.431063 0.155002 -0.079316 -0.810200
    46 1.539131 -0.000004 0.000002 -0.000002 -0.005851 -0.247777
    47 1.196323 0.000004 0.000005 0.000003 -0.009653 -0.430773
    48 3.882813 -0.050323 -0.430908 -0.085903 -0.026418 -0.587683
    49 1.719599 0.000008 0.000010 -0.000006 -0.007945 -0.366462
    50 1.209183 0.000010 0.000010 0.000006 -0.004485 -0.216351
    51 3.859375 -0.148926 -1.331055 -0.354417 0.038569 -0.532007
    52 1.719425 0.000011 0.000011 0.000004 -0.006614 -0.362968
    53 1.099663 0.000011 0.000010 -0.000001 -0.004222 -0.244302
    54 0.805664 -0.359619 -1.317383 1.204196 0.673612 -0.793958
    55 1.789780 -0.000011 0.000008 0.000004 -0.006302 0.228564
    56 1.207003 0.000001 -0.000008 -0.000007 -0.009615 0.362899
    57 11.481689 -0.000073 -0.000004 0.000155 0.000000 -0.000014
  time 109
    0 -0.932061 68.146611 36.828579 1.763654 -0.058365 -3.201939
    1 3.890447 0.000000 0.000000 -1.748305 -0.845079 -1.431435
    2 17.848156 0.000000 0.000000 -0.000072 -0.000012 1.190158
    3 16.525240 0.000000 0.000000 -0.029533 0.040870 -1.101627
    4 -3.890447 0.000000 0.000000 -1.187104 -0.412340 -1.764993
    5 17.848167 0.000000 0.000000 -0.000072 0.000048 0.675479
    6 16.525238 0.000000 0.000000 0.012387 -0.065494 -1.412097
    7 0.070315 3.415446 -2.903770 1.570137 0.061561 1.549439
    8 4.015370 0.000000 0.000000 0.003344 -0.014909 0.060373
    9 3.520298 0.000000 0.000000 0.001965 -0.012296 0.191782
    10 8.940987 0.000000 0.000000 0.001091 -0.005321 0.269131
    11 3.306377 -0.000001 0.000000 3.141554 -0.002888 0.454335
    12 3.594185 0.000000 0.000000 0.186533 0.142408 0.755952
    13 2.036090 0.997452 1.937661 2.975748 -0.984228 1.422668
    14 6.028141 0.000011 0.000000 -1.971054 0.135166 -1.209952
    15 11.692581 -0.000001 -0.000008 0.000000 0.000000 -0.963546
    16 11.481684 0.000000 -0.000031 1.623863 -0.197263 -0.124592
    17 2.036090 0.997453 -1.937661 -2.096248 1.195226 1.505253
    18 6.028137 -0.000008 0.000000 1.570461 -1.094142 -1.155563
    19 11.692554 0.000000 0.000019 0.000000 0.000000 -0.795183
    20 11.481705 0.000000 0.000011 -1.566754 0.319690 0.055527
    21 2.000004 -3.000000 0.000000 -1.570796 0.000000 -1.326450
    22 2.676084 -1.712437 0.000000 -1.570796 0.000000 -1.570795
    23 2.676081 -1.712433 0.000000 1.570797 0.000001 1.570797
    24 6.879441 -0.000010 0.000000 -0.004818 -0.033979 -0.583570
    25 6.879432 -0.000013 0.000000 -0.210299 -0.002961 -0.584376
    26 3.859711 -0.142445 -1.191958 -0.479138 0.152189 -0.879878
    27 1.312550 0.000008 0.000004 -0.000007 0.009671 -0.439707
    28 0.729370 0.000006 0.000000 0.000003 0.004966 -0.244304
    29 3.942335 0.046738 -0.431422 -0.155012 0.073337 -0.810639
    30 1.539124 0.000015 -0.000016 -0.000004 0.004459 -0.247797
    31 1.196327 0.000032 -0.000010 -0.000004 0.007358 -0.430804
    32 3.882813 -0.046753 0.431396 0.085902 0.021819 -0.587880
    33 1.719578 -0.000004 0.000004 -0.000008 0.005537 -0.366457
    34 1.209160 -0.000010 -0.000011 0.000003 0.003062 -0.216418
    35 3.859375 -0.137939 1.332031 0.354449 -0.042742 -0.531707
    36 1.719427 0.000031 -0.000031 0.000003 0.004052 -0.363023
    37 1.099674 -0.000004 -0.000011 -0.000005 0.002609 -0.244321
    38 0.807566 -0.347147 1.320592 -1.206856 -0.679483 -0.789308
    39 1.789783 -0.000007 0.000004 0.000001 0.007386 0.228518
    40 1.207018 0.000015 -0.000008 -0.000003 0.011265 0.362846
    41 11.481726 -0.000012 -0.000038 0.001269 0.000000 -0.000005
    42 3.859663 -0.132561 1.193130 0.479137 -0.158530 -0.879052
    43 1.312580 -0.000006 0.000003 0.000009 -0.011937 -0.439655
    44 0.729366 -0.000008 -0.000001 0.000005 -0.006136 -0.244269
    45 3.942284 0.050331 0.431063 0.155002 -0.079316 -0.810200
    46 1.539131 -0.000004 0.000002 -0.000002 -0.005851 -0.247777
    47 1.196323 0.000004 0.000005 0.000003 -0.009653 -0.430773
    48 3.882813 -0.050323 -0.430908 -0.085903 -0.026418 -0.587683
    49 1.719599 0.000008 0.000010 -0.000006 -0.007945 -0.366462
    50 1.209183 0.000010 0.000010 0.000006 -0.004485 -0.216351
    51 3.859375 -0.148926 -1.331055 -0.354417 0.038569 -0.532007
    52 1.719425 0.000011 0.000011 0.000004 -0.006614 -0.362968
    53 1.099663 0.000011 0.000010 -0.000001 -0.004222 -0.244302
    54 0.805664 -0.359619 -1.317383 1.204196 0.673612 -0.793958
    55 1.789780 -0.000011 0.000008 0.000004 -0.006302 0.228564
    56 1.207003 0.000001 -0.000008 -0.000007 -0.009615 0.362899
    57 11.481689 -0.000073 -0.000004 0.000155 0.000000 -0.000014
  time 110
    0 -1.560986 69.283364 36.750452 1.760989 -0.047687 -3.307398
    1 3.890447 0.000000 0.000000 -1.838358 -0.833681 -1.358520
    2 17.848156 0.000000 0.000000 -0.000084 -0.000012 1.119769
    3 16.525240 0.000000 0.000000 -0.061580 0.036424 -1.098948
    4 -3.890447 0.000000 0.000000 -1.196056 -0.389649 -1.782613
    5 17.848167 0.000000 0.000000 -0.000072 0.000048 0.666967
    6 16.525238 0.000000 0.000000 0.039220 -0.090069 -1.415719
    7 0.058596 3.368569 -2.954553 1.570185 0.077596 1.551932
    8 4.015370 0.000000 0.000000 0.002996 -0.013291 0.065107
    9 3.520298 0.000000 0.000000 0.001738 -0.011002 0.200099
    10 8.940987 0.000000 0.000000 0.000959 -0.004794 0.281007
    11 3.306377 -0.000001 0.000000 3.141554 -0.002601 0.463911
    12 3.594185 0.000000 0.000000 0.257431 0.144813 0.790761
    13 2.036090 0.997452 1.937661 2.989838 -1.003537 1.415343
    14 6.028141 0.000011 0.000000 -1.944435 0.134220 -1.202426
    15 11.692581 -0.000001 -0.000008 0.000000 0.000000 -0.970969
    16 11.481684 0.000000 -0.000031 1.654045 -0.212353 -0.151729
    17 2.036090 0.997453 -1.937661 -2.092526 1.149081 1.455720
    18 6.028137 -0.000008 0.000000 1.623236 -1.133282 -1.140500
    19 11.692554 0.000000 0.000019 0.000000 0.000000 -0.787585
    20 11.481705 0.000000 0.000011 -1.619546 0.287270 0.006581
    21 2.000004 -3.000000 0.000000 -1.570796 0.000000 -1.326450
    22 2.676084 -1.712437 0.000000 -1.570796 0.000000 -1.570795
    23 2.676081 -1.712433 0.000000 1.570797 0.000001 1.570797
    24 6.879441 -0.000010 0.000000 -0.004818 -0.033991 -0.583570
    25 6.879432 -0.000013 0.000000 -0.210299 -0.002973 -0.584376
    26 3.859711 -0.142445 -1.191958 -0.479138 0.152189 -0.879878
    27 1.312550 0.000008 0.000004 -0.000007 0.009671 -0.439707
    28 0.729370 0.000006 0.000000 0.000003 0.004966 -0.244304
    29 3.942335 0.046738 -0.431422 -0.155012 0.073337 -0.810639
    30 1.539124 0.000015 -0.000016 -0.000004 0.004459 -0.247797
    31 1.196327 0.000032 -0.000010 -0.000004 0.007358 -0.430804
    32 3.882813 -0.046753 0.431396 0.085902 0.021819 -0.587880
    33 1.719578 -0.000004 0.000004 -0.000008 0.005537 -0.366457
    34 1.209160 -0.000010 -0.000011 0.000003 0.003062 -0.216418
    35 3.859375 -0.137939 1.332031 0.354449 -0.042742 -0.531707
    36 1.719427 0.000031 -0.000031 0.000003 0.004052 -0.363023
    37 1.099674 -0.000004 -0.000011 -0.000005 0.002609 -0.244321
    38 0.807566 -0.347147 1.320592 -1.206856 -0.679471 -0.789308
    39 1.789783 -0.000007 0.000004 0.000001 0.007386 0.228518
    40 1.207018 0.000015 -0.000008 -0.000003 0.011265 0.362846
    41 11.481726 -0.000012 -0.000038 0.001269 0.000000 -0.000005
    42 3.859663 -0.132561 1.193130 0.479137 -0.158530 -0.879052
    43 1.312580 -0.000006 0.000003 0.000009 -0.011937 -0.439655
    44 0.729366 -0.000008 -0.000001 0.000005 -0.006136 -0.244269
    45 3.942284 0.050331 0.431063 0.155002 -0.079316 -0.810200
    46 1.539131 -0.000004 0.000002 -0.000002 -0.005851 -0.247777
    47 1.196323 0.000004 0.000005 0.000003 -0.009653 -0.430773
    48 3.882813 -0.050323 -0.430908 -0.085903 -0.026418 -0.587683
    49 1.719599 0.000008 0.000010 -0.000006 -0.007945 -0.366462
    50 1.209183 0.000010 0.000010 0.000006 -0.004485 -0.216351
    51 3.859375 -0.148926 -1.331055 -0.354417 0.038569 -0.532007
    52 1.719425 0.000011 0.000011 0.000004 -0.006614 -0.362968
    53 1.099663 0.000011 0.000010 -0.000001 -0.004222 -0.244302
    54 0.805664 -0.359619 -1.317383 1.204196 0.673612 -0.793958
    55 1.789780 -0.000011 0.000008 0.000004 -0.006302 0.228564
    56 1.207003 0.000001 -0.000008 -0.000007 -0.009615 0.362899
    57 11.481689 -0.000073 -0.000004 0.000155 0.000000 -0.000014
  time 111
    0 -2.166473 70.404492 36.633261 1.755533 -0.038159 -3.405713
    1 3.890447 0.000000 0.000000 -1.923511 -0.795672 -1.297135
    2 17.848156 0.000000 0.000000 -0.000096 -0.000012 1.014501
    3 16.525240 0.000000 0.000000 -0.089971 0.026165 -1.095065
    4 -3.890447 0.000000 0.000000 -1.210752 -0.370651 -1.803278
    5 17.848167 0.000000 0.000000 -0.000060 0.000036 0.660315
    6 16.525238 0.000000 0.000000 0.069997 -0.110195 -1.416224
    7 0.046876 3.341225 -2.981898 1.570281 0.087495 1.555432
    8 4.015370 0.000000 0.000000 0.002469 -0.010870 0.067888
    9 3.520298 0.000000 0.000000 0.001414 -0.009024 0.205096
    10 8.940987 0.000000 0.000000 0.000779 -0.003943 0.288234
    11 3.306377 -0.000001 0.000000 3.141554 -0.002133 0.469747
    12 3.594185 0.000000 0.000000 0.322515 0.147930 0.813216
    13 2.036090 0.997452 1.937661 2.991552 -1.026790 1.427693
    14 6.028141 0.000011 0.000000 -1.902565 0.131827 -1.193615
    15 11.692581 -0.000001 -0.000008 0.000000 0.000000 -0.990429
    16 11.481684 0.000000 -0.000031 1.697779 -0.227511 -0.164668
    17 2.036090 0.997453 -1.937661 -2.067715 1.104297 1.428117
    18 6.028137 -0.000008 0.000000 1.665036 -1.177944 -1.113283
    19 11.692554 0.000000 0.000019 0.000000 0.000000 -0.784866
    20 11.481705 0.000000 0.000011 -1.676861 0.252005 -0.036440
    21 2.000004 -3.000000 0.000000 -1.570796 0.000000 -1.326450
    22 2.676084 -1.712437 0.000000 -1.570796 0.000000 -1.570795
    23 2.676081 -1.712433 0.000000 1.570797 0.000001 1.570797
    24 6.879441 -0.000010 0.000000 -0.004818 -0.033991 -0.583570
    25 6.879432 -0.000013 0.000000 -0.210299 -0.002973 -0.584376
    26 3.859711 -0.142445 -1.191958 -0.479138 0.152189 -0.879878
    27 1.312550 0.000008 0.000004 -0.000007 0.009671 -0.439707
    28 0.729370 0.000006 0.000000 0.000003 0.004966 -0.244304
    29 3.942335 0.046738 -0.431422 -0.155012 0.073337 -0.810639
    30 1.539124 0.000015 -0.000016 -0.000004 0.004459 -0.247797
    31 1.196327 0.000032 -0.000010 -0.000004 0.007358 -0.430804
    32 3.882813 -0.046753 0.431396 0.085902 0.021819 -0.587880
    33 1.719578 -0.000004 0.000004 -0.000008 0.005537 -0.366457
    34 1.209160 -0.000010 -0.000011 0.000003 0.003062 -0.216418
    35 3.859375 -0.137939 1.332031 0.354449 -0.042742 -0.531707
    36 1.719427 0.000031 -0.000031 0.000003 0.004052 -0.363023
    37 1.099674 -0.000004 -0.000011 -0.000005 0.002609 -0.244321
    38 0.807566 -0.347147 1.320592 -1.206856 -0.679471 -0.789308
    39 1.789783 -0.000007 0.000004 0.000001 0.007386 0.228518
    40 1.207018 0.000015 -0.000008 -0.000003 0.011265 0.362846
    41 11.481726 -0.000012 -0.000038 0.001269 0.000000 -0.000005
    42 3.859663 -0.132561 1.193130 0.479137 -0.158530 -0.879052
    43 1.312580 -0.000006 0.000003 0.000009 -0.011937 -0.439655
    44 0.729366 -0.000008 -0.000001 0.000005 -0.006136 -0.244269
    45 3.942284 0.050331 0.431063 0.155002 -0.079316 -0.810200
    46 1.539131 -0.000004 0.000002 -0.000002 -0.005851 -0.247777
    47 1.196323 0.000004 0.000005 0.000003 -0.009653 -0.430773
    48 3.882813 -0.050323 -0.430908 -0.085903 -0.026418 -0.587683
    49 1.719599 0.000008 0.000010 -0.000006 -0.007945 -0.366462
    50 1.209183 0.000010 0.000010 0.000006 -0.004485 -0.216351
    51 3.859375 -0.148926 -1.331055 -0.354417 0.038569 -0.532007
    52 1.719425 0.000011 0.000011 0.000004 -0.006614 -0.362968
    53 1.099663 0.000011 0.000010 -0.000001 -0.004222 -0.244302
    54 0.805664 -0.359619 -1.317383 1.204196 0.673612 -0.793958
    55 1.789780 -0.000011 0.000008 0.000004 -0.006302 0.228564
    56 1.207003 0.000001 -0.000008 -0.000007 -0.009615 0.362899
    57 11.481689 -0.000073 -0.000004 0.000155 0.000000 -0.000014
  time 112
    0 -2.736803 71.486557 36.488725 1.748037 -0.030093 -3.496120
    1 3.890447 0.000000 0.000000 -1.997103 -0.741587 -1.255530
    2 17.848156 0.000000 0.000000 -0.000120 0.000000 0.883946
    3 16.525240 0.000000 0.000000 -0.111531 0.010058 -1.079201
    4 -3.890447 0.000000 0.000000 -1.229121 -0.355267 -1.826017
    5 17.848167 0.000000 0.000000 -0.000048 0.000036 0.654129
    6 16.525238 0.000000 0.000000 0.102631 -0.126741 -1.413557
    7 0.035157 3.329505 -2.997523 1.570413 0.091642 1.559782
    8 4.015370 0.000000 0.000000 0.001774 -0.007802 0.069014
    9 3.520298 0.000000 0.000000 0.001019 -0.006484 0.207134
    10 8.940987 0.000000 0.000000 0.000551 -0.002828 0.291218
    11 3.306377 -0.000001 0.000000 3.141566 -0.001534 0.472168
    12 3.594185 0.000000 0.000000 0.381272 0.152278 0.824809
    13 2.036090 0.997452 1.937661 2.980318 -1.051544 1.458167
    14 6.028141 0.000011 0.000000 -1.848285 0.126195 -1.180897
    15 11.692581 -0.000001 -0.000008 0.000000 0.000000 -1.017178
    16 11.481684 0.000000 -0.000031 1.748260 -0.242401 -0.162611
    17 2.036090 0.997453 -1.937661 -2.025726 1.065476 1.420922
    18 6.028137 -0.000008 0.000000 1.678588 -1.225047 -1.063116
    19 11.692554 0.000000 0.000019 0.000000 0.000000 -0.789815
    20 11.481705 0.000000 0.000011 -1.733280 0.216534 -0.070654
    21 2.000004 -3.000000 0.000000 -1.570796 0.000000 -1.326450
    22 2.676084 -1.712437 0.000000 -1.570796 0.000000 -1.570795
    23 2.676081 -1.712433 0.000000 1.570797 0.000001 1.570797
    24 6.879441 -0.000010 0.000000 -0.004830 -0.034003 -0.583558
    25 6.879432 -0.000013 0.000000 -0.210299 -0.002973 -0.584376
    26 3.859711 -0.142445 -1.191958 -0.479138 0.152189 -0.879878
    27 1.312550 0.000008 0.000004 -0.000007 0.009671 -0.439707
    28 0.729370 0.000006 0.000000 0.000003 0.004966 -0.244304
    29 3.942335 0.046738 -0.431422 -0.155012 0.073337 -0.810639
    30 1.539124 0.000015 -0.000016 -0.000004 0.004459 -0.247797
    31 1.196327 0.000032 -0.000010 -0.000004 0.007358 -0.430804
    32 3.882813 -0.046753 0.431396 0.085902 0.021819 -0.587880
    33 1.719578 -0.000004 0.000004 -0.000008 0.005537 -0.366457
    34 1.209160 -0.000010 -0.000011 0.000003 0.003062 -0.216418
    35 3.859375 -0.137939 1.332031 0.354449 -0.042742 -0.531707
    36 1.719427 0.000031 -0.000031 0.000003 0.004052 -0.363023
    37 1.099674 -0.000004 -0.000011 -0.000005 0.002609 -0.244321
    38 0.807566 -0.347147 1.320592 -1.206856 -0.679483 -0.789308
    39 1.789783 -0.000007 0.000004 0.000001 0.007386 0.228518
    40 1.207018 0.000015 -0.000008 -0.000003 0.011265 0.362846
    41 11.481726 -0.000012 -0.000038 0.001269 0.000000 -0.000005
    42 3.859663 -0.132561 1.193130 0.479137 -0.158530 -0.879052
    43 1.312580 -0.000006 0.000003 0.000009 -0.011937 -0.439655
    44 0.729366 -0.000008 -0.000001 0.000005 -0.006136 -0.244269
    45 3.942284 0.050331 0.431063 0.155002 -0.079316 -0.810200
    46 1.539131 -0.000004 0.000002 -0.000002 -0.005851 -0.247777
    47 1.196323 0.000004 0.000005 0.000003 -0.009653 -0.430773
    48 3.882813 -0.050323 -0.430908 -0.085903 -0.026418 -0.587683
    49 1.719599 0.000008 0.000010 -0.000006 -0.007945 -0.366462
    50 1.209183 0.000010 0.000010 0.000006 -0.004485 -0.216351
    51 3.859375 -0.148926 -1.331055 -0.354417 0.038569 -0.532007
    52 1.719425 0.000011 0.000011 0.000004 -0.006614 -0.362968
    53 1.099663 0.000011 0.000010 -0.000001 -0.004222 -0.244302
    54 0.805664 -0.359619 -1.317383 1.204196 0.673612 -0.793958
    55 1.789780 -0.000011 0.000008 0.000004 -0.006302 0.228564
    56 1.207003 0.000001 -0.000008 -0.000007 -0.009615 0.362899
    57 11.481689 -0.000073 -0.000004 0.000155 0.000000 -0.000014
  time 113
    0 -3.271976 72.510025 36.320751 1.739250 -0.023634 -3.577858
    1 3.890447 0.000000 0.000000 -2.058632 -0.681372 -1.233035
    2 17.848156 0.000000 0.000000 -0.000156 0.000000 0.737468
    3 16.525240 0.000000 0.000000 -0.125278 -0.009106 -1.042592
    4 -3.890447 0.000000 0.000000 -1.249354 -0.343211 -1.849698
    5 17.848167 0.000000 0.000000 -0.000048 0.000024 0.647664
    6 16.525238 0.000000 0.000000 0.135349 -0.140484 -1.407887
    7 0.015625 3.333412 -2.993617 1.570592 0.090516 1.564768
    8 4.015370 0.000000 0.000000 0.000971 -0.004267 0.068715
    9 3.520298 0.000000 0.000000 0.000551 -0.003547 0.206582
    10 8.940987 0.000000 0.000000 0.000300 -0.001546 0.290403
    11 3.306377 -0.000001 0.000000 3.141578 -0.000839 0.471509
    12 3.594185 0.000000 0.000000 0.433313 0.157963 0.827121
    13 2.036090 0.997452 1.937661 2.956709 -1.075764 1.504519
    14 6.028141 0.000011 0.000000 -1.785858 0.115936 -1.163178
    15 11.692581 -0.000001 -0.000008 0.000000 0.000000 -1.047069
    16 11.481684 0.000000 -0.000031 1.799511 -0.256557 -0.146156
    17 2.036090 0.997453 -1.937661 -1.969805 1.036381 1.433582
    18 6.028137 -0.000008 0.000000 1.645282 -1.269910 -0.977199
    19 11.692554 0.000000 0.000019 0.000000 0.000000 -0.804803
    20 11.481705 0.000000 0.000011 -1.785087 0.183531 -0.094170
    21 2.000004 -3.000000 0.000000 -1.570796 0.000000 -1.326450
    22 2.676084 -1.712437 0.000000 -1.570796 0.000000 -1.570795
    23 2.676081 -1.712433 0.000000 1.570797 0.000001 1.570797
    24 6.879441 -0.000010 0.000000 -0.004830 -0.034027 -0.583558
    25 6.879432 -0.000013 0.000000 -0.210299 -0.002973 -0.584376
    26 3.859711 -0.142445 -1.191958 -0.479138 0.152189 -0.879878
    27 1.312550 0.000008 0.000004 -0.000007 0.009671 -0.439707
    28 0.729370 0.000006 0.000000 0.000003 0.004966 -0.244304
    29 3.942335 0.046738 -0.431422 -0.155012 0.073337 -0.810639
    30 1.539124 0.000015 -0.000016 -0.000004 0.004459 -0.247797
    31 1.196327 0.000032 -0.000010 -0.000004 0.007358 -0.430804
    32 3.882813 -0.046753 0.431396 0.085902 0.021819 -0.587880
    33 1.719578 -0.000004 0.000004 -0.000008 0.005537 -0.366457
    34 1.209160 -0.000010 -0.000011 0.000003 0.003062 -0.216418
    35 3.859375 -0.137939 1.332031 0.354449 -0.042742 -0.531707
    36 1.719427 0.000031 -0.000031 0.000003 0.004052 -0.363023
    37 1.099674 -0.000004 -0.000011 -0.000005 0.002609 -0.244321
    38 0.807566 -0.347147 1.320592 -1.206856 -0.679471 -0.789308
    39 1.789783 -0.000007 0.000004 0.000001 0.007386 0.228518
    40 1.207018 0.000015 -0.000008 -0.000003 0.011265 0.362846
    41 11.481726 -0.000012 -0.000038 0.001269 0.000000 -0.000005
    42 3.859663 -0.132561 1.193130 0.479137 -0.158530 -0.879052
    43 1.312580 -0.000006 0.000003 0.000009 -0.011937 -0.439655
    44 0.729366 -0.000008 -0.000001 0.000005 -0.006136 -0.244269
    45 3.942284 0.050331 0.431063 0.155002 -0.079316 -0.810200
    46 1.539131 -0.000004 0.000002 -0.000002 -0.005851 -0.247777
    47 1.196323 0.000004 0.000005 0.000003 -0.009653 -0.430773
    48 3.882813 -0.050323 -0.430908 -0.085903 -0.026418 -0.587683
    49 1.719599 0.000008 0.000010 -0.000006 -0.007945 -0.366462
    50 1.209183 0.000010 0.000010 0.000006 -0.004485 -0.216351
    51 3.859375 -0.148926 -1.331055 -0.354417 0.038569 -0.532007
    52 1.719425 0.000011 0.000011 0.000004 -0.006614 -0.362968
    53 1.099663 0.000011 0.000010 -0.000001 -0.004222 -0.244302
    54 0.805664 -0.359619 -1.317383 1.204196 0.673612 -0.793958
    55 1.789780 -0.000011 0.000008 0.000004 -0.006302 0.228564
    56 1.207003 0.000001 -0.000008 -0.000007 -0.009615 0.362899
    57 11.481689 -0.000073 -0.000004 0.000155 0.000000 -0.000014
  time 114
    0 -3.760272 73.459273 36.148871 1.729963 -0.018732 -3.650260
    1 3.890447 0.000000 0.000000 -2.109900 -0.622156 -1.225456
    2 17.848156 0.000000 0.000000 -0.000060 0.000000 0.585199
    3 16.525240 0.000000 0.000000 -0.131761 -0.027802 -0.979758
    4 -3.890447 0.000000 0.000000 -1.269897 -0.333834 -1.873159
    5 17.848167 0.000000 0.000000 -0.000036 0.000024 0.640268
    6 16.525238 0.000000 0.000000 0.166676 -0.152021 -1.399718
    7 0.000000 3.349037 -2.977991 1.570772 0.084871 1.570077
    8 4.015370 0.000000 0.000000 0.000108 -0.000503 0.067229
    9 3.520298 0.000000 0.000000 0.000060 -0.000419 0.203850
    10 8.940987 0.000000 0.000000 0.000036 -0.000180 0.286376
    11 3.306377 -0.000001 0.000000 3.141590 -0.000096 0.468249
    12 3.594185 0.000000 0.000000 0.478487 0.164790 0.821949
    13 2.036090 0.997452 1.937661 2.922532 -1.097693 1.563488
    14 6.028141 0.000011 0.000000 -1.720401 0.100247 -1.141125
    15 11.692581 -0.000001 -0.000008 0.000000 0.000000 -1.076426
    16 11.481684 0.000000 -0.000031 1.847033 -0.269311 -0.117669
    17 2.036090 0.997453 -1.937661 -1.902527 1.020092 1.466996
    18 6.028137 -0.000008 0.000000 1.550325 -1.305527 -0.845058
    19 11.692554 0.000000 0.000019 0.000000 0.000000 -0.831362
    20 11.481705 0.000000 0.000011 -1.830088 0.155189 -0.105859
    21 2.000004 -3.000000 0.000000 -1.570796 0.000000 -1.326450
    22 2.676084 -1.712437 0.000000 -1.570796 0.000000 -1.570795
    23 2.676081 -1.712433 0.000000 1.570797 0.000001 1.570797
    24 6.879441 -0.000010 0.000000 -0.004830 -0.034027 -0.583558
    25 6.879432 -0.000013 0.000000 -0.210299 -0.002973 -0.584376
    26 3.859711 -0.142445 -1.191958 -0.479138 0.152189 -0.879878
    27 1.312550 0.000008 0.000004 -0.000007 0.009671 -0.439707
    28 0.729370 0.000006 0.000000 0.000003 0.004966 -0.244304
    29 3.942335 0.046738 -0.431422 -0.155012 0.073337 -0.810639
    30 1.539124 0.000015 -0.000016 -0.000004 0.004459 -0.247797
    31 1.196327 0.000032 -0.000010 -0.000004 0.007358 -0.430804
    32 3.882813 -0.046753 0.431396 0.085902 0.021819 -0.587880
    33 1.719578 -0.000004 0.000004 -0.000008 0.005537 -0.366457
    34 1.209160 -0.000010 -0.000011 0.000003 0.003062 -0.216418
    35 3.859375 -0.137939 1.332031 0.354449 -0.042742 -0.531707
    36 1.719427 0.000031 -0.000031 0.000003 0.004052 -0.363023
    37 1.099674 -0.000004 -0.000011 -0.000005 0.002609 -0.244321
    38 0.807566 -0.347147 1.320592 -1.206856 -0.679471 -0.789308
    39 1.789783 -0.000007 0.000004 0.000001 0.007386 0.228518
    40 1.207018 0.000015 -0.000008 -0.000003 0.011265 0.362846
    41 11.481726 -0.000012 -0.000038 0.001269 0.000000 -0.000005
    42 3.859663 -0.132561 1.193130 0.479137 -0.158530 -0.879052
    43 1.312580 -0.000006 0.000003 0.000009 -0.011937 -0.439655
    44 0.729366 -0.000008 -0.000001 0.000005 -0.006136 -0.244269
    45 3.942284 0.050331 0.431063 0.155002 -0.079316 -0.810200
    46 1.539131 -0.000004 0.000002 -0.000002 -0.005851 -0.247777
    47 1.196323 0.000004 0.000005 0.000003 -0.009653 -0.430773
    48 3.882813 -0.050323 -0.430908 -0.085903 -0.026418 -0.587683
    49 1.719599 0.000008 0.000010 -0.000006 -0.007945 -0.366462
    50 1.209183 0.000010 0.000010 0.000006 -0.004485 -0.216351
    51 3.859375 -0.148926 -1.331055 -0.354417 0.038569 -0.532007
    52 1.719425 0.000011 0.000011 0.000004 -0.006614 -0.362968
    53 1.099663 0.000011 0.000010 -0.000001 -0.004222 -0.244302
    54 0.805664 -0.359619 -1.317383 1.204196 0.673612 -0.793958
    55 1.789780 -0.000011 0.000008 0.000004 -0.006302 0.228564
    56 1.207003 0.000001 -0.000008 -0.000007 -0.009615 0.362899
    57 11.481689 -0.000073 -0.000004 0.000155 0.000000 -0.000014
  time 115
    0 -4.197785 74.310861 35.973084 1.720718 -0.015244 -3.712945
    1 3.890447 0.000000 0.000000 -2.155890 -0.573702 -1.226047
    2 17.848156 0.000000 0.000000 0.000168 0.000000 0.467265
    3 16.525240 0.000000 0.000000 -0.129844 -0.043418 -0.913519
    4 -3.890447 0.000000 0.000000 -1.289405 -0.326933 -1.895426
    5 17.848167 0.000000 0.000000 -0.000024 0.000012 0.632408
    6 16.525238 0.000000 0.000000 0.195355 -0.161786 -1.390089
    7 -0.011719 3.372476 -2.950647 1.570940 0.075751 1.575386
    8 4.015370 0.000000 0.000000 -0.000719 0.003236 0.064832
    9 3.520298 0.000000 0.000000 -0.000419 0.002673 0.199428
    10 8.940987 0.000000 0.000000 -0.000228 0.001163 0.279881
    11 3.306377 -0.000001 0.000000 3.141590 0.000623 0.462988
    12 3.594185 0.000000 0.000000 0.516663 0.172271 0.811147
    13 2.036090 0.997452 1.937661 2.880930 -1.116189 1.630530
    14 6.028141 0.000011 0.000000 -1.657216 0.079670 -1.116738
    15 11.692581 -0.000001 -0.000008 0.000000 0.000000 -1.103041
    16 11.481684 0.000000 -0.000031 1.888045 -0.280162 -0.080667
    17 2.036090 0.997453 -1.937661 -1.825325 1.018811 1.523309
    18 6.028137 -0.000008 0.000000 1.398871 -1.323256 -0.675163
    19 11.692554 0.000000 0.000019 0.000000 0.000000 -0.869494
    20 11.481705 0.000000 0.000011 -1.867611 0.133084 -0.105213
    21 2.000004 -3.000000 0.000000 -1.570796 0.000000 -1.326450
    22 2.676084 -1.712437 0.000000 -1.570796 0.000000 -1.570795
    23 2.676081 -1.712433 0.000000 1.570797 0.000001 1.570797
    24 6.879441 -0.000010 0.000000 -0.004818 -0.033991 -0.583762
    25 6.879432 -0.000013 0.000000 -0.210299 -0.002961 -0.584376
    26 3.859711 -0.142445 -1.191958 -0.479138 0.152189 -0.879878
    27 1.312550 0.000008 0.000004 -0.000007 0.009671 -0.439707
    28 0.729370 0.000006 0.000000 0.000003 0.004966 -0.244304
    29 3.942335 0.046738 -0.431422 -0.155012 0.073337 -0.810639
    30 1.539124 0.000015 -0.000016 -0.000004 0.004459 -0.247797
    31 1.196327 0.000032 -0.000010 -0.000004 0.007358 -0.430804
    32 3.882813 -0.046753 0.431396 0.085902 0.021819 -0.587880
    33 1.719578 -0.000004 0.000004 -0.000008 0.005537 -0.366457
    34 1.209160 -0.000010 -0.000011 0.000003 0.003062 -0.216418
    35 3.859375 -0.137939 1.332031 0.354449 -0.042742 -0.531707
    36 1.719427 0.000031 -0.000031 0.000003 0.004052 -0.363023
    37 1.099674 -0.000004 -0.000011 -0.000005 0.002609 -0.244321
    38 0.807566 -0.347147 1.320592 -1.206856 -0.679483 -0.789308
    39 1.789783 -0.000007 0.000004 0.000001 0.007386 0.228518
    40 1.207018 0.000015 -0.000008 -0.000003 0.011265 0.362846
    41 11.481726 -0.000012 -0.000038 0.001269 0.000000 -0.000005
    42 3.859663 -0.132561 1.193130 0.479137 -0.158530 -0.879052
    43 1.312580 -0.000006 0.000003 0.000009 -0.011937 -0.439655
    44 0.729366 -0.000008 -0.000001 0.000005 -0.006136 -0.244269
    45 3.942284 0.050331 0.431063 0.155002 -0.079316 -0.810200
    46 1.539131 -0.000004 0.000002 -0.000002 -0.005851 -0.247777
    47 1.196323 0.000004 0.000005 0.000003 -0.009665 -0.430773
    48 3.882813 -0.050323 -0.430908 -0.085903 -0.026418 -0.587683
    49 1.719599 0.000008 0.000010 -0.000006 -0.007945 -0.366462
    50 1.209183 0.000010 0.000010 0.000006 -0.004485 -0.216351
    51 3.859375 -0.148926 -1.331055 -0.354417 0.038569 -0.532007
    52 1.719425 0.000011 0.000011 0.000004 -0.006614 -0.362968
    53 1.099663 0.000011 0.000010 -0.000001 -0.004222 -0.244302
    54 0.805664 -0.359619 -1.317383 1.204196 0.673612 -0.793958
    55 1.789780 -0.000011 0.000008 0.000004 -0.006302 0.228564
    56 1.207003 0.000001 -0.000008 -0.000007 -0.009615 0.362899
    57 11.481689 -0.000073 -0.000004 0.000155 0.000000 -0.000014
  time 116
    0 -4.568890 75.053072 35.805111 1.712181 -0.012943 -3.765341
    1 3.890447 0.000000 0.000000 -2.211471 -0.573702 -1.195113
    2 17.848156 0.000000 0.000000 -0.000048 0.000000 0.569501
    3 16.525240 0.000000 0.000000 -0.127291 -0.054144 -0.990431
    4 -3.890447 0.000000 0.000000 -1.306843 -0.321859 -1.915495
    5 17.848167 0.000000 0.000000 -0.000024 0.000012 0.624315
    6 16.525238 0.000000 0.000000 0.220403 -0.170032 -1.379899
    7 -0.031251 3.407633 -2.915490 1.571084 0.064461 1.580408
    8 4.015370 0.000000 0.000000 -0.001498 0.006723 0.061823
    9 3.520298 0.000000 0.000000 -0.000875 0.005549 0.193915
    10 8.940987 0.000000 0.000000 -0.000491 0.002409 0.271839
    11 3.306377 -0.000001 0.000000 3.141602 0.001306 0.456468
    12 3.594185 0.000000 0.000000 0.547867 0.179810 0.796846
    13 2.036090 0.997452 1.937661 2.836186 -1.130639 1.699871
    14 6.028141 0.000011 0.000000 -1.600758 0.055995 -1.092494
    15 11.692581 -0.000001 -0.000008 0.000000 0.000000 -1.125510
    16 11.481684 0.000000 -0.000031 1.921778 -0.289043 -0.039751
    17 2.036090 0.997453 -1.937661 -1.737626 1.033139 1.605771
    18 6.028137 -0.000008 0.000000 1.234533 -1.316613 -0.512897
    19 11.692554 0.000000 0.000019 0.000000 0.000000 -0.917245
    20 11.481705 0.000000 0.000011 -1.897477 0.118176 -0.092487
    21 2.000004 -3.000000 0.000000 -1.570796 0.000000 -1.326450
    22 2.676084 -1.712437 0.000000 -1.570796 0.000000 -1.570795
    23 2.676081 -1.712433 0.000000 1.570797 0.000001 1.570797
    24 6.879441 -0.000010 0.000000 -0.004818 -0.033991 -0.583762
    25 6.879432 -0.000013 0.000000 -0.210299 -0.002961 -0.584376
    26 3.859711 -0.142445 -1.191958 -0.479138 0.152189 -0.879878
    27 1.312550 0.000008 0.000004 -0.000007 0.009671 -0.439707
    28 0.729370 0.000006 0.000000 0.000003 0.004966 -0.244304
    29 3.942335 0.046738 -0.431422 -0.155012 0.073337 -0.810639
    30 1.539124 0.000015 -0.000016 -0.000004 0.004459 -0.247797
    31 1.196327 0.000032 -0.000010 -0.000004 0.007358 -0.430804
    32 3.882813 -0.046753 0.431396 0.085902 0.021819 -0.587880
    33 1.719578 -0.000004 0.000004 -0.000008 0.005537 -0.366457
    34 1.209160 -0.000010 -0.000011 0.000003 0.003062 -0.216418
    35 3.859375 -0.137939 1.332031 0.354449 -0.042742 -0.531707
    36 1.719427 0.000031 -0.000031 0.000003 0.004052 -0.363023
    37 1.099674 -0.000004 -0.000011 -0.000005 0.002609 -0.244321
    38 0.807566 -0.347147 1.320592 -1.206856 -0.679471 -0.789308
    39 1.789783 -0.000007 0.000004 0.000001 0.007386 0.228518
    40 1.207018 0.000015 -0.000008 -0.000003 0.011265 0.362846
    41 11.481726 -0.000012 -0.000038 0.001269 0.000000 -0.000005
    42 3.859663 -0.132561 1.193130 0.479137 -0.158530 -0.879052
    43 1.312580 -0.000006 0.000003 0.000009 -0.011937 -0.439655
    44 0.729366 -0.000008 -0.000001 0.000005 -0.006136 -0.244269
    45 3.942284 0.050331 0.431063 0.155002 -0.079316 -0.810200
    46 1.539131 -0.000004 0.000002 -0.000002 -0.005851 -0.247777
    47 1.196323 0.000004 0.000005 0.000003 -0.009653 -0.430773
    48 3.882813 -0.050323 -0.430908 -0.085903 -0.026418 -0.587683
    49 1.719599 0.000008 0.000010 -0.000006 -0.007945 -0.366462
    50 1.209183 0.000010 0.000010 0.000006 -0.004485 -0.216351
    51 3.859375 -0.148926 -1.331055 -0.354417 0.038569 -0.532007
    52 1.719425 0.000011 0.000011 0.000004 -0.006614 -0.362968
    53 1.099663 0.000011 0.000010 -0.000001 -0.004222 -0.244302
    54 0.805664 -0.359619 -1.317383 1.204196 0.673612 -0.793958
    55 1.789780 -0.000011 0.000008 0.000004 -0.006302 0.228564
    56 1.207003 0.000001 -0.000008 -0.000007 -0.009615 0.362899
    57 11.481689 -0.000073 -0.000004 0.000155 0.000000 -0.000014
  time 117
    0 -4.877494 75.662465 35.660575 1.704768 -0.011577 -3.807068
    1 3.890447 0.000000 0.000000 -2.252645 -0.567436 -1.175171
    2 17.848156 0.000000 0.000000 -0.000240 0.000000 0.639348
    3 16.525240 0.000000 0.000000 -0.125170 -0.063156 -1.046475
    4 -3.890447 0.000000 0.000000 -1.321280 -0.318206 -1.932486
    5 17.848167 0.000000 0.000000 -0.000024 0.000012 0.616686
    6 16.525238 0.000000 0.000000 0.240981 -0.176795 -1.370299
    7 -0.042970 3.442790 -2.876426 1.571203 0.052584 1.584830
    8 4.015370 0.000000 0.000000 -0.002169 0.009755 0.058576
    9 3.520298 0.000000 0.000000 -0.001282 0.008030 0.188054
    10 8.940987 0.000000 0.000000 -0.000707 0.003464 0.263318
    11 3.306377 -0.000001 0.000000 3.141602 0.001870 0.449577
    12 3.594185 0.000000 0.000000 0.572178 0.186786 0.781237
    13 2.036090 0.997452 1.937661 2.793442 -1.140968 1.764989
    14 6.028141 0.000011 0.000000 -1.553867 0.031978 -1.070869
    15 11.692581 -0.000001 -0.000008 0.000000 0.000000 -1.143098
    16 11.481684 0.000000 -0.000031 1.948646 -0.296655 0.000369
    17 2.036090 0.997453 -1.937661 -1.638857 1.061034 1.716113
    18 6.028137 -0.000008 0.000000 1.113713 -1.286278 -0.414696
    19 11.692554 0.000000 0.000019 0.000000 0.000000 -0.969597
    20 11.481705 0.000000 0.000011 -1.919552 0.111013 -0.069708
    21 2.000004 -3.000000 0.000000 -1.570796 0.000000 -1.326450
    22 2.676084 -1.712437 0.000000 -1.570796 0.000000 -1.570795
    23 2.676081 -1.712433 0.000000 1.570797 0.000001 1.570797
    24 6.879441 -0.000010 0.000000 -0.004818 -0.033991 -0.583762
    25 6.879432 -0.000013 0.000000 -0.210299 -0.002973 -0.584376
    26 3.859711 -0.142445 -1.191958 -0.479138 0.152189 -0.879878
    27 1.312550 0.000008 0.000004 -0.000007 0.009671 -0.439707
    28 0.729370 0.000006 0.000000 0.000003 0.004966 -0.244304
    29 3.942335 0.046738 -0.431422 -0.155012 0.073337 -0.810639
    30 1.539124 0.000015 -0.000016 -0.000004 0.004459 -0.247797
    31 1.196327 0.000032 -0.000010 -0.000004 0.007358 -0.430804
    32 3.882813 -0.046753 0.431396 0.085902 0.021819 -0.587880
    33 1.719578 -0.000004 0.000004 -0.000008 0.005537 -0.366457
    34 1.209160 -0.000010 -0.000011 0.000003 0.003062 -0.216418
    35 3.859375 -0.137939 1.332031 0.354449 -0.042742 -0.531707
    36 1.719427 0.000031 -0.000031 0.000003 0.004052 -0.363023
    37 1.099674 -0.000004 -0.000011 -0.000005 0.002609 -0.244321
    38 0.807566 -0.347147 1.320592 -1.206856 -0.679483 -0.789308
    39 1.789783 -0.000007 0.000004 0.000001 0.007386 0.228518
    40 1.207018 0.000015 -0.000008 -0.000003 0.011265 0.362846
    41 11.481726 -0.000012 -0.000038 0.001269 0.000000 -0.000005
    42 3.859663 -0.132561 1.193130 0.479137 -0.158530 -0.879052
    43 1.312580 -0.000006 0.000003 0.000009 -0.011937 -0.439655
    44 0.729366 -0.000008 -0.000001 0.000005 -0.006136 -0.244269
    45 3.942284 0.050331 0.431063 0.155002 -0.079316 -0.810200
    46 1.539131 -0.000004 0.000002 -0.000002 -0.005851 -0.247777
    47 1.196323 0.000004 0.000005 0.000003 -0.009653 -0.430773
    48 3.882813 -0.050323 -0.430908 -0.085903 -0.026418 -0.587683
    49 1.719599 0.000008 0.000010 -0.000006 -0.007945 -0.366462
    50 1.209183 0.000010 0.000010 0.000006 -0.004485 -0.216351
    51 3.859375 -0.148926 -1.331055 -0.354417 0.038569 -0.532007
    52 1.719425 0.000011 0.000011 0.000004 -0.006614 -0.362968
    53 1.099663 0.000011 0.000010 -0.000001 -0.004222 -0.244302
    54 0.805664 -0.359619 -1.317383 1.204196 0.673612 -0.793958
    55 1.789780 -0.000011 0.000008 0.000004 -0.006302 0.228564
    56 1.207003 0.000001 -0.000008 -0.000007 -0.009615 0.362899
    57 11.481689 -0.000073 -0.000004 0.000155 0.000000 -0.000014
  time 118
    0 -5.107969 76.119510 35.543384 1.698979 -0.010870 -3.837648
    1 3.890447 0.000000 0.000000 -2.281252 -0.560533 -1.162781
    2 17.848156 0.000000 0.000000 -0.000240 0.000000 0.686576
    3 16.525240 0.000000 0.000000 -0.123612 -0.070239 -1.085928
    4 -3.890447 0.000000 0.000000 -1.332095 -0.315770 -1.945646
    5 17.848167 0.000000 0.000000 -0.000024 0.000012 0.610407
    6 16.525238 0.000000 0.000000 0.256393 -0.182039 -1.362410
    7 -0.058596 3.474041 -2.841269 1.571287 0.041822 1.588365
    8 4.015370 0.000000 0.000000 -0.002697 0.012128 0.055556
    9 3.520298 0.000000 0.000000 -0.001606 0.009947 0.182661
    10 8.940987 0.000000 0.000000 -0.000899 0.004278 0.255564
    11 3.306377 -0.000001 0.000000 3.141602 0.002313 0.443297
    12 3.594185 0.000000 0.000000 0.589645 0.192574 0.766784
    13 2.036090 0.997452 1.937661 2.757647 -1.147608 1.818932
    14 6.028141 0.000011 0.000000 -1.518533 0.010938 -1.053817
    15 11.692581 -0.000001 -0.000008 0.000000 0.000000 -1.155670
    16 11.481684 0.000000 -0.000031 1.970010 -0.304434 0.035137
    17 2.036090 0.997453 -1.937661 -1.533408 1.097013 1.847486
    18 6.028137 -0.000008 0.000000 1.057884 -1.240575 -0.399504
    19 11.692554 0.000000 0.000019 0.000000 0.000000 -1.019021
    20 11.481705 0.000000 0.000011 -1.933164 0.111904 -0.041212
    21 2.000004 -3.000000 0.000000 -1.570796 0.000000 -1.326450
    22 2.676084 -1.712437 0.000000 -1.570796 0.000000 -1.570795
    23 2.676081 -1.712433 0.000000 1.570797 0.000001 1.570797
    24 6.879441 -0.000010 0.000000 -0.004818 -0.033991 -0.583762
    25 6.879432 -0.000013 0.000000 -0.210299 -0.002973 -0.584376
    26 3.859711 -0.142445 -1.191958 -0.479138 0.152189 -0.879878
    27 1.312550 0.000008 0.000004 -0.000007 0.009671 -0.439707
    28 0.729370 0.000006 0.000000 0.000003 0.004966 -0.244304
    29 3.942335 0.046738 -0.431422 -0.155012 0.073337 -0.810639
    30 1.539124 0.000015 -0.000016 -0.000004 0.004459 -0.247797
    31 1.196327 0.000032 -0.000010 -0.000004 0.007358 -0.430804
    32 3.882813 -0.046753 0.431396 0.085902 0.021819 -0.587880
    33 1.719578 -0.000004 0.000004 -0.000008 0.005537 -0.366457
    34 1.209160 -0.000010 -0.000011 0.000003 0.003062 -0.216418
    35 3.859375 -0.137939 1.332031 0.354449 -0.042742 -0.531707
    36 1.719427 0.000031 -0.000031 0.000003 0.004052 -0.363023
    37 1.099674 -0.000004 -0.000011 -0.000005 0.002609 -0.244321
    38 0.807566 -0.347147 1.320592 -1.206856 -0.679471 -0.789308
    39 1.789783 -0.000007 0.000004 0.000001 0.007386 0.228518
    40 1.207018 0.000015 -0.000008 -0.000003 0.011265 0.362846
    41 11.481726 -0.000012 -0.000038 0.001269 0.000000 -0.000005
    42 3.859663 -0.132561 1.193130 0.479137 -0.158530 -0.879052
    43 1.312580 -0.000006 0.000003 0.000009 -0.011937 -0.439655
    44 0.729366 -0.000008 -0.000001 0.000005 -0.006136 -0.244269
    45 3.942284 0.050331 0.431063 0.155002 -0.079316 -0.810200
    46 1.539131 -0.000004 0.000002 -0.000002 -0.005851 -0.247777
    47 1.196323 0.000004 0.000005 0.000003 -0.009665 -0.430773
    48 3.882813 -0.050323 -0.430908 -0.085903 -0.026418 -0.587683
    49 1.719599 0.000008 0.000010 -0.000006 -0.007945 -0.366462
    50 1.209183 0.000010 0.000010 0.000006 -0.004485 -0.216351
    51 3.859375 -0.148926 -1.331055 -0.354417 0.038569 -0.532007
    52 1.719425 0.000011 0.000011 0.000004 -0.006614 -0.362968
    53 1.099663 0.000011 0.000010 -0.000001 -0.004222 -0.244302
    54 0.805664 -0.359619 -1.317383 1.204196 0.673612 -0.793958
    55 1.789780 -0.000011 0.000008 0.000004 -0.006302 0.228564
    56 1.207003 0.000001 -0.000008 -0.000007 -0.009615 0.362899
    57 11.481689 -0.000073 -0.000004 0.000155 0.000000 -0.000014
  time 119
    0 -5.252505 76.408582 35.469163 1.695231 -0.010582 -3.856511
    1 3.890447 0.000000 0.000000 -2.298216 -0.555492 -1.156169
    2 17.848156 0.000000 0.000000 -0.000216 0.000000 0.714397
    3 16.525240 0.000000 0.000000 -0.122605 -0.074865 -1.109808
    4 -3.890447 0.000000 0.000000 -1.338822 -0.314350 -1.954157
    5 17.848167 0.000000 0.000000 -0.000024 0.000012 0.606314
    6 16.525238 0.000000 0.000000 0.266053 -0.185511 -1.357161
    7 -0.066408 3.493573 -2.813924 1.571347 0.033924 1.590738
    8 4.015370 0.000000 0.000000 -0.003044 0.013686 0.053266
    9 3.520298 0.000000 0.000000 -0.001822 0.011194 0.178634
    10 8.940987 0.000000 0.000000 -0.001019 0.004794 0.249823
    11 3.306377 -0.000001 0.000000 3.141602 0.002589 0.438659
    12 3.594185 0.000000 0.000000 0.600218 0.196552 0.756013
    13 2.036090 0.997452 1.937661 2.733751 -1.151119 1.855127
    14 6.028141 0.000011 0.000000 -1.496082 -0.003645 -1.043100
    15 11.692581 -0.000001 -0.000008 0.000000 0.000000 -1.163226
    16 11.481684 0.000000 -0.000031 1.987350 -0.314083 0.060351
    17 2.036090 0.997453 -1.937661 -1.444659 1.134473 1.971665
    18 6.028137 -0.000008 0.000000 1.061797 -1.194472 -0.454520
    19 11.692554 0.000000 0.000019 0.000000 0.000000 -1.056874
    20 11.481705 0.000000 0.000011 -1.936926 0.121157 -0.014307
    21 2.000004 -3.000000 0.000000 -1.570796 0.000000 -1.326450
    22 2.676084 -1.712437 0.000000 -1.570796 0.000000 -1.570795
    23 2.676081 -1.712433 0.000000 1.570797 0.000001 1.570797
    24 6.879441 -0.000010 0.000000 -0.004818 -0.033991 -0.583762
    25 6.879432 -0.000013 0.000000 -0.210299 -0.002973 -0.584376
    26 3.859711 -0.142445 -1.191958 -0.479138 0.152189 -0.879878
    27 1.312550 0.000008 0.000004 -0.000007 0.009671 -0.439707
    28 0.729370 0.000006 0.000000 0.000003 0.004966 -0.244304
    29 3.942335 0.046738 -0.431422 -0.155012 0.073337 -0.810639
    30 1.539124 0.000015 -0.000016 -0.000004 0.004459 -0.247797
    31 1.196327 0.000032 -0.000010 -0.000004 0.007358 -0.430804
    32 3.882813 -0.046753 0.431396 0.085902 0.021819 -0.587880
    33 1.719578 -0.000004 0.000004 -0.000008 0.005537 -0.366457
    34 1.209160 -0.000010 -0.000011 0.000003 0.003062 -0.216418
    35 3.859375 -0.137939 1.332031 0.354449 -0.042742 -0.531707
    36 1.719427 0.000031 -0.000031 0.000003 0.004052 -0.363023
    37 1.099674 -0.000004 -0.000011 -0.000005 0.002609 -0.244321
    38 0.807566 -0.347147 1.320592 -1.206856 -0.679483 -0.789308
    39 1.789783 -0.000007 0.000004 0.000001 0.007386 0.228518
    40 1.207018 0.000015 -0.000008 -0.000003 0.011265 0.362846
    41 11.481726 -0.000012 -0.000038 0.001269 0.000000 -0.000005
    42 3.859663 -0.132561 1.193130 0.479137 -0.158530 -0.879052
    43 1.312580 -0.000006 0.000003 0.000009 -0.011937 -0.439655
    44 0.729366 -0.000008 -0.000001 0.000005 -0.006136 -0.244269
    45 3.942284 0.050331 0.431063 0.155002 -0.079316 -0.810200
    46 1.539131 -0.000004 0.000002 -0.000002 -0.005851 -0.247777
    47 1.196323 0.000004 0.000005 0.000003 -0.009665 -0.430773
    48 3.882813 -0.050323 -0.430908 -0.085903 -0.026418 -0.587683
    49 1.719599 0.000008 0.000010 -0.000006 -0.007945 -0.366462
    50 1.209183 0.000010 0.000010 0.000006 -0.004485 -0.216351
    51 3.859375 -0.148926 -1.331055 -0.354417 0.038569 -0.532007
    52 1.719425 0.000011 0.000011 0.000004 -0.006614 -0.362968
    53 1.099663 0.000011 0.000010 -0.000001 -0.004222 -0.244302
    54 0.805664 -0.359619 -1.317383 1.204196 0.673612 -0.793958
    55 1.789780 -0.000011 0.000008 0.000004 -0.006302 0.228564
    56 1.207003 0.000001 -0.000008 -0.000007 -0.009615 0.362899
    57 11.481689 -0.000073 -0.000004 0.000155 0.000000 -0.000014
  time 120
    0 -5.307194 76.510147 35.441818 1.693857 -0.010522 -3.862894
    1 3.890447 0.000000 0.000000 -2.303828 -0.553767 -1.154180
    2 17.848156 0.000000 0.000000 -0.000216 0.000000 0.723851
    3 16.525240 0.000000 0.000000 -0.122210 -0.076663 -1.117968
    4 -3.890447 0.000000 0.000000 -1.341047 -0.313903 -1.957266
    5 17.848167 0.000000 0.000000 -0.000024 0.000012 0.604779
    6 16.525238 0.000000 0.000000 0.269420 -0.186868 -1.355168
    7 -0.070315 3.505292 -2.802205 1.571371 0.030461 1.591661
    8 4.015370 0.000000 0.000000 -0.003176 0.014286 0.052236
    9 3.520298 0.000000 0.000000 -0.001906 0.011673 0.176837
    10 8.940987 0.000000 0.000000 -0.001067 0.004986 0.247283
    11 3.306377 -0.000001 0.000000 3.141602 0.002697 0.436598
    12 3.594185 0.000000 0.000000 0.603819 0.198170 0.751266
    13 2.036090 0.997452 1.937661 2.725564 -1.152188 1.867637
    14 6.028141 0.000011 0.000000 -1.488125 -0.008693 -1.040051
    15 11.692581 -0.000001 -0.000008 0.000000 0.000000 -1.165433
    16 11.481684 0.000000 -0.000031 2.001967 -0.327237 0.072051
    17 2.036090 0.997453 -1.937661 -1.426050 1.170092 2.028600
    18 6.028137 -0.000008 0.000000 1.127551 -1.166738 -0.570951
    19 11.692554 0.000000 0.000019 0.000000 0.000000 -1.076114
    20 11.481705 0.000000 0.000011 -1.928911 0.139492 0.001901
    21 2.000004 -3.000000 0.000000 -1.570796 0.000000 -1.326450
    22 2.676084 -1.712437 0.000000 -1.570796 0.000000 -1.570795
    23 2.676081 -1.712433 0.000000 1.570797 0.000001 1.570797
    24 6.879441 -0.000010 0.000000 -0.004813 -0.033990 -0.583754
    25 6.879432 -0.000013 0.000000 -0.210306 -0.002983 -0.584364
    26 3.859711 -0.142445 -1.191958 -0.479138 0.152189 -0.879878
    27 1.312550 0.000008 0.000004 0.000001 0.009670 -0.439717
    28 0.729370 0.000006 0.000000 0.000003 0.004966 -0.244304
    29 3.942335 0.046738 -0.431422 -0.155012 0.073337 -0.810641
    30 1.539124 0.000015 -0.000016 -0.000004 0.004459 -0.247797
    31 1.196327 0.000032 -0.000010 -0.000004 0.007358 -0.430804
    32 3.882813 -0.046753 0.431396 0.085902 0.021817 -0.587880
    33 1.719578 -0.000004 0.000004 -0.000007 0.005535 -0.366457
    34 1.209160 -0.000010 -0.000011 0.000003 0.003062 -0.216420
    35 3.859375 -0.137939 1.332031 0.354449 -0.042742 -0.531707
    36 1.719427 0.000031 -0.000031 0.000005 0.004050 -0.363025
    37 1.099674 -0.000004 -0.000011 -0.000007 0.002607 -0.244321
    38 0.807566 -0.347147 1.320592 -1.206856 -0.679471 -0.789308
    39 1.789783 -0.000007 0.000004 0.000001 0.007386 0.228516
    40 1.207018 0.000015 -0.000008 -0.000003 0.011265 0.362844
    41 11.481726 -0.000012 -0.000038 0.001269 0.000000 -0.000005
    42 3.859663 -0.132561 1.193130 0.479139 -0.158529 -0.879052
    43 1.312580 -0.000006 0.000003 0.000008 -0.011940 -0.439655
    44 0.729366 -0.000008 -0.000001 0.000005 -0.006136 -0.244269
    45 3.942284 0.050331 0.431063 0.155002 -0.079316 -0.810200
    46 1.539131 -0.000004 0.000002 -0.000002 -0.005851 -0.247777
    47 1.196323 0.000004 0.000005 0.000003 -0.009665 -0.430773
    48 3.882813 -0.050323 -0.430908 -0.085903 -0.026418 -0.587683
    49 1.719599 0.000008 0.000010 -0.000006 -0.007945 -0.366462
    50 1.209183 0.000010 0.000010 0.000006 -0.004485 -0.216351
    51 3.859375 -0.148926 -1.331055 -0.354415 0.038569 -0.532009
    52 1.719425 0.000011 0.000011 0.000004 -0.006614 -0.362968
    53 1.099663 0.000011 0.000010 -0.000001 -0.004222 -0.244302
    54 0.805664 -0.359619 -1.317383 1.204195 0.673614 -0.793960
    55 1.789780 -0.000011 0.000008 0.000005 -0.006300 0.228564
    56 1.207003 0.000001 -0.000008 -0.000005 -0.009615 0.362899
    57 11.481689 -0.000073 -0.000004 0.000155 0.000000 -0.000014
  time 121
    0 -5.315007 76.478896 35.469163 1.696564 -0.009540 -3.862703
    1 3.890447 0.000000 0.000000 -2.304163 -0.555175 -1.154127
    2 17.848156 0.000000 0.000000 -0.000216 0.000000 0.718694
    3 16.525240 0.000000 0.000000 -0.122162 -0.076867 -1.114563
    4 -3.890447 0.000000 0.000000 -1.340581 -0.315040 -1.955256
    5 17.848167 0.000000 0.000000 -0.000024 0.000012 0.599942
    6 16.525238 0.000000 0.000000 0.268977 -0.185945 -1.351855
    7 -0.070315 3.501386 -2.810018 1.571395 0.031887 1.592200
    8 4.015370 0.000000 0.000000 -0.003260 0.014657 0.051421
    9 3.520298 0.000000 0.000000 -0.001953 0.011985 0.176249
    10 8.940987 0.000000 0.000000 -0.001091 0.005129 0.247151
    11 3.306377 -0.000001 0.000000 3.141602 0.002768 0.436586
    12 3.594185 0.000000 0.000000 0.604051 0.198571 0.751053
    13 2.036090 0.997452 1.937661 2.725755 -1.152035 1.867209
    14 6.028141 0.000011 0.000000 -1.495419 -0.008170 -1.043957
    15 11.692581 -0.000001 -0.000008 0.000000 0.000000 -1.158144
    16 11.481684 0.000000 -0.000031 2.022089 -0.340492 0.069153
    17 2.036090 0.997453 -1.937661 -1.461932 1.198828 2.024241
    18 6.028137 -0.000008 0.000000 1.205807 -1.150770 -0.692683
    19 11.692554 0.000000 0.000019 0.000000 0.000000 -1.086012
    20 11.481705 0.000000 0.000011 -1.912657 0.160775 0.011515
    21 2.000004 -3.000000 0.000000 -1.570796 0.000000 -1.326450
    22 2.676084 -1.712437 0.000000 -1.570796 0.000000 -1.570795
    23 2.676081 -1.712433 0.000000 1.570797 0.000001 1.570797
    24 6.879441 -0.000010 0.000000 -0.004813 -0.033990 -0.583754
    25 6.879432 -0.000013 0.000000 -0.210306 -0.002983 -0.584364
    26 3.859711 -0.142445 -1.191958 -0.479138 0.152189 -0.879878
    27 1.312550 0.000008 0.000004 0.000001 0.009670 -0.439717
    28 0.729370 0.000006 0.000000 0.000003 0.004966 -0.244304
    29 3.942335 0.046738 -0.431422 -0.155012 0.073337 -0.810641
    30 1.539124 0.000015 -0.000016 -0.000004 0.004459 -0.247797
    31 1.196327 0.000032 -0.000010 -0.000004 0.007358 -0.430804
    32 3.882813 -0.046753 0.431396 0.085902 0.021817 -0.587880
    33 1.719578 -0.000004 0.000004 -0.000007 0.005535 -0.366457
    34 1.209160 -0.000010 -0.000011 0.000003 0.003062 -0.216420
    35 3.859375 -0.137939 1.332031 0.354449 -0.042742 -0.531707
    36 1.719427 0.000031 -0.000031 0.000005 0.004050 -0.363025
    37 1.099674 -0.000004 -0.000011 -0.000007 0.002607 -0.244321
    38 0.807566 -0.347147 1.320592 -1.206856 -0.679471 -0.789308
    39 1.789783 -0.000007 0.000004 0.000001 0.007386 0.228516
    40 1.207018 0.000015 -0.000008 -0.000003 0.011265 0.362844
    41 11.481726 -0.000012 -0.000038 0.001269 0.000000 -0.000005
    42 3.859663 -0.132561 1.193130 0.479139 -0.158529 -0.879052
    43 1.312580 -0.000006 0.000003 0.000008 -0.011940 -0.439655
    44 0.729366 -0.000008 -0.000001 0.000005 -0.006136 -0.244269
    45 3.942284 0.050331 0.431063 0.155002 -0.079316 -0.810200
    46 1.539131 -0.000004 0.000002 -0.000002 -0.005851 -0.247777
    47 1.196323 0.000004 0.000005 0.000003 -0.009665 -0.430773
    48 3.882813 -0.050323 -0.430908 -0.085903 -0.026418 -0.587683
    49 1.719599 0.000008 0.000010 -0.000006 -0.007945 -0.366462
    50 1.209183 0.000010 0.000010 0.000006 -0.004485 -0.216351
    51 3.859375 -0.148926 -1.331055 -0.354415 0.038569 -0.532009
    52 1.719425 0.000011 0.000011 0.000004 -0.006614 -0.362968
    53 1.099663 0.000011 0.000010 -0.000001 -0.004222 -0.244302
    54 0.805664 -0.359619 -1.317383 1.204195 0.673614 -0.793960
    55 1.789780 -0.000011 0.000008 0.000005 -0.006300 0.228564
    56 1.207003 0.000001 -0.000008 -0.000005 -0.009615 0.362899
    57 11.481689 -0.000073 -0.000004 0.000155 0.000000 -0.000014
  time 122
    0 -5.322820 76.400769 35.547290 1.703893 -0.006903 -3.862036
    1 3.890447 0.000000 0.000000 -2.305252 -0.558399 -1.153670
    2 17.848156 0.000000 0.000000 -0.000216 0.000000 0.704444
    3 16.525240 0.000000 0.000000 -0.122150 -0.076939 -1.105198
    4 -3.890447 0.000000 0.000000 -1.339650 -0.317922 -1.949477
    5 17.848167 0.000000 0.000000 -0.000024 0.000012 0.587011
    6 16.525238 0.000000 0.000000 0.267670 -0.183179 -1.343293
    7 -0.074221 3.485760 -2.825643 1.571455 0.037184 1.593447
    8 4.015370 0.000000 0.000000 -0.003452 0.015556 0.049671
    9 3.520298 0.000000 0.000000 -0.002073 0.012728 0.175411
    10 8.940987 0.000000 0.000000 -0.001151 0.005453 0.247846
    11 3.306377 -0.000001 0.000000 3.141602 0.002948 0.437389
    12 3.594185 0.000000 0.000000 0.604617 0.199194 0.752118
    13 2.036090 0.997452 1.937661 2.724803 -1.151577 1.867851
    14 6.028141 0.000011 0.000000 -1.515975 -0.008190 -1.052436
    15 11.692581 -0.000001 -0.000008 0.000000 0.000000 -1.138952
    16 11.481684 0.000000 -0.000031 2.053573 -0.349873 0.054468
    17 2.036090 0.997453 -1.937661 -1.485693 1.215637 2.018638
    18 6.028137 -0.000008 0.000000 1.237300 -1.134882 -0.760369
    19 11.692554 0.000000 0.000019 0.000000 0.000000 -1.099676
    20 11.481705 0.000000 0.000011 -1.894029 0.178287 0.024149
    21 2.000004 -3.000000 0.000000 -1.570796 0.000000 -1.326450
    22 2.676084 -1.712437 0.000000 -1.570796 0.000000 -1.570795
    23 2.676081 -1.712433 0.000000 1.570797 0.000001 1.570797
    24 6.879441 -0.000010 0.000000 -0.004813 -0.033990 -0.583754
    25 6.879432 -0.000013 0.000000 -0.210306 -0.002983 -0.584364
    26 3.859711 -0.142445 -1.191958 -0.479138 0.152189 -0.879878
    27 1.312550 0.000008 0.000004 0.000001 0.009670 -0.439717
    28 0.729370 0.000006 0.000000 0.000003 0.004966 -0.244304
    29 3.942335 0.046738 -0.431422 -0.155012 0.073337 -0.810641
    30 1.539124 0.000015 -0.000016 -0.000004 0.004459 -0.247797
    31 1.196327 0.000032 -0.000010 -0.000004 0.007358 -0.430804
    32 3.882813 -0.046753 0.431396 0.085902 0.021817 -0.587880
    33 1.719578 -0.000004 0.000004 -0.000007 0.005535 -0.366457
    34 1.209160 -0.000010 -0.000011 0.000003 0.003062 -0.216420
    35 3.859375 -0.137939 1.332031 0.354449 -0.042742 -0.531707
    36 1.719427 0.000031 -0.000031 0.000005 0.004050 -0.363025
    37 1.099674 -0.000004 -0.000011 -0.000007 0.002607 -0.244321
    38 0.807566 -0.347147 1.320592 -1.206856 -0.679471 -0.789308
    39 1.789783 -0.000007 0.000004 0.000001 0.007386 0.228516
    40 1.207018 0.000015 -0.000008 -0.000003 0.011265 0.362844
    41 11.481726 -0.000012 -0.000038 0.001269 0.000000 -0.000005
    42 3.859663 -0.132561 1.193130 0.479139 -0.158529 -0.879052
    43 1.312580 -0.000006 0.000003 0.000008 -0.011940 -0.439655
    44 0.729366 -0.000008 -0.000001 0.000005 -0.006136 -0.244269
    45 3.942284 0.050331 0.431063 0.155002 -0.079316 -0.810200
    46 1.539131 -0.000004 0.000002 -0.000002 -0.005851 -0.247777
    47 1.196323 0.000004 0.000005 0.000003 -0.009665 -0.430773
    48 3.882813 -0.050323 -0.430908 -0.085903 -0.026418 -0.587683
    49 1.719599 0.000008 0.000010 -0.000006 -0.007945 -0.366462
    50 1.209183 0.000010 0.000010 0.000006 -0.004485 -0.216351
    51 3.859375 -0.148926 -1.331055 -0.354415 0.038569 -0.532009
    52 1.719425 0.000011 0.000011 0.000004 -0.006614 -0.362968
    53 1.099663 0.000011 0.000010 -0.000001 -0.004222 -0.244302
    54 0.805664 -0.359619 -1.317383 1.204195 0.673614 -0.793960
    55 1.789780 -0.000011 0.000008 0.000005 -0.006300 0.228564
    56 1.207003 0.000001 -0.000008 -0.000005 -0.009615 0.362899
    57 11.481689 -0.000073 -0.000004 0.000155 0.000000 -0.000014
  time 123
    0 -5.326726 76.287484 35.664481 1.714680 -0.003032 -3.861084
    1 3.890447 0.000000 0.000000 -2.306802 -0.562849 -1.153132
    2 17.848156 0.000000 0.000000 -0.000228 0.000000 0.682866
    3 16.525240 0.000000 0.000000 -0.122150 -0.076903 -1.091120
    4 -3.890447 0.000000 0.000000 -1.338459 -0.321859 -1.940809
    5 17.848167 0.000000 0.000000 -0.000024 0.000012 0.567522
    6 16.525238 0.000000 0.000000 0.265717 -0.179056 -1.330577
    7 -0.078127 3.462322 -2.852988 1.571575 0.045370 1.595209
    8 4.015370 0.000000 0.000000 -0.003739 0.016850 0.047202
    9 3.520298 0.000000 0.000000 -0.002241 0.013806 0.174380
    10 8.940987 0.000000 0.000000 -0.001246 0.005932 0.249176
    11 3.306377 -0.000001 0.000000 3.141602 0.003212 0.438827
    12 3.594185 0.000000 0.000000 0.605389 0.199966 0.754156
    13 2.036090 0.997452 1.937661 2.723184 -1.150916 1.869294
    14 6.028141 0.000011 0.000000 -1.547141 -0.009699 -1.064296
    15 11.692581 -0.000001 -0.000008 0.000000 0.000000 -1.109996
    16 11.481684 0.000000 -0.000031 2.093934 -0.355516 0.029873
    17 2.036090 0.997453 -1.937661 -1.497431 1.221320 2.012757
    18 6.028137 -0.000008 0.000000 1.233006 -1.123117 -0.783901
    19 11.692554 0.000000 0.000019 0.000000 0.000000 -1.116685
    20 11.481705 0.000000 0.000011 -1.873880 0.192236 0.039227
    21 2.000004 -3.000000 0.000000 -1.570796 0.000000 -1.326450
    22 2.676084 -1.712437 0.000000 -1.570796 0.000000 -1.570795
    23 2.676081 -1.712433 0.000000 1.570797 0.000001 1.570797
    24 6.879441 -0.000010 0.000000 -0.004813 -0.033990 -0.583754
    25 6.879432 -0.000013 0.000000 -0.210306 -0.002983 -0.584364
    26 3.859711 -0.142445 -1.191958 -0.479138 0.152189 -0.879878
    27 1.312550 0.000008 0.000004 0.000001 0.009670 -0.439717
    28 0.729370 0.000006 0.000000 0.000003 0.004966 -0.244304
    29 3.942335 0.046738 -0.431422 -0.155012 0.073337 -0.810641
    30 1.539124 0.000015 -0.000016 -0.000004 0.004459 -0.247797
    31 1.196327 0.000032 -0.000010 -0.000004 0.007358 -0.430804
    32 3.882813 -0.046753 0.431396 0.085902 0.021817 -0.587880
    33 1.719578 -0.000004 0.000004 -0.000007 0.005535 -0.366457
    34 1.209160 -0.000010 -0.000011 0.000003 0.003062 -0.216420
    35 3.859375 -0.137939 1.332031 0.354449 -0.042742 -0.531707
    36 1.719427 0.000031 -0.000031 0.000005 0.004050 -0.363025
    37 1.099674 -0.000004 -0.000011 -0.000007 0.002607 -0.244321
    38 0.807566 -0.347147 1.320592 -1.206856 -0.679471 -0.789308
    39 1.789783 -0.000007 0.000004 0.000001 0.007386 0.228516
    40 1.207018 0.000015 -0.000008 -0.000003 0.011265 0.362844
    41 11.481726 -0.000012 -0.000038 0.001269 0.000000 -0.000005
    42 3.859663 -0.132561 1.193130 0.479139 -0.158529 -0.879052
    43 1.312580 -0.000006 0.000003 0.000008 -0.011940 -0.439655
    44 0.729366 -0.000008 -0.000001 0.000005 -0.006136 -0.244269
    45 3.942284 0.050331 0.431063 0.155002 -0.079316 -0.810200
    46 1.539131 -0.000004 0.000002 -0.000002 -0.005851 -0.247777
    47 1.196323 0.000004 0.000005 0.000003 -0.009665 -0.430773
    48 3.882813 -0.050323 -0.430908 -0.085903 -0.026418 -0.587683
    49 1.719599 0.000008 0.000010 -0.000006 -0.007945 -0.366462
    50 1.209183 0.000010 0.000010 0.000006 -0.004485 -0.216351
    51 3.859375 -0.148926 -1.331055 -0.354415 0.038569 -0.532009
    52 1.719425 0.000011 0.000011 0.000004 -0.006614 -0.362968
    53 1.099663 0.000011 0.000010 -0.000001 -0.004222 -0.244302
    54 0.805664 -0.359619 -1.317383 1.204195 0.673614 -0.793960
    55 1.789780 -0.000011 0.000008 0.000005 -0.006300 0.228564
    56 1.207003 0.000001 -0.000008 -0.000005 -0.009615 0.362899
    57 11.481689 -0.000073 -0.000004 0.000155 0.000000 -0.000014
  time 124
    0 -5.330632 76.146855 35.805111 1.727798 0.001654 -3.859845
    1 3.890447 0.000000 0.000000 -2.308519 -0.567799 -1.152810
    2 17.848156 0.000000 0.000000 -0.000252 0.000000 0.655633
    3 16.525240 0.000000 0.000000 -0.122162 -0.076783 -1.073553
    4 -3.890447 0.000000 0.000000 -1.337269 -0.326162 -1.930099
    5 17.848167 0.000000 0.000000 -0.000024 0.000000 0.542731
    6 16.525238 0.000000 0.000000 0.263356 -0.174047 -1.314604
    7 -0.085940 3.431071 -2.884239 1.571731 0.055497 1.597342
    8 4.015370 0.000000 0.000000 -0.004087 0.018396 0.044254
    9 3.520298 0.000000 0.000000 -0.002445 0.015101 0.173205
    10 8.940987 0.000000 0.000000 -0.001354 0.006508 0.250950
    11 3.306377 -0.000001 0.000000 3.141614 0.003523 0.440709
    12 3.594185 0.000000 0.000000 0.606289 0.200827 0.756865
    13 2.036090 0.997452 1.937661 2.720995 -1.150051 1.871272
    14 6.028141 0.000011 0.000000 -1.586454 -0.013641 -1.077966
    15 11.692581 -0.000001 -0.000008 0.000000 0.000000 -1.073283
    16 11.481684 0.000000 -0.000031 2.140331 -0.357452 -0.002572
    17 2.036090 0.997453 -1.937661 -1.498767 1.217958 2.007500
    18 6.028137 -0.000008 0.000000 1.203326 -1.115753 -0.774269
    19 11.692554 0.000000 0.000019 0.000000 0.000000 -1.135785
    20 11.481705 0.000000 0.000011 -1.853058 0.202963 0.055803
    21 2.000004 -3.000000 0.000000 -1.570796 0.000000 -1.326450
    22 2.676084 -1.712437 0.000000 -1.570796 0.000000 -1.570795
    23 2.676081 -1.712433 0.000000 1.570797 0.000001 1.570797
    24 6.879441 -0.000010 0.000000 -0.004813 -0.033990 -0.583754
    25 6.879432 -0.000013 0.000000 -0.210306 -0.002983 -0.584364
    26 3.859711 -0.142445 -1.191958 -0.479138 0.152189 -0.879878
    27 1.312550 0.000008 0.000004 0.000001 0.009670 -0.439717
    28 0.729370 0.000006 0.000000 0.000003 0.004966 -0.244304
    29 3.942335 0.046738 -0.431422 -0.155012 0.073337 -0.810641
    30 1.539124 0.000015 -0.000016 -0.000004 0.004459 -0.247797
    31 1.196327 0.000032 -0.000010 -0.000004 0.007358 -0.430804
    32 3.882813 -0.046753 0.431396 0.085902 0.021817 -0.587880
    33 1.719578 -0.000004 0.000004 -0.000007 0.005535 -0.366457
    34 1.209160 -0.000010 -0.000011 0.000003 0.003062 -0.216420
    35 3.859375 -0.137939 1.332031 0.354449 -0.042742 -0.531707
    36 1.719427 0.000031 -0.000031 0.000005 0.004050 -0.363025
    37 1.099674 -0.000004 -0.000011 -0.000007 0.002607 -0.244321
    38 0.807566 -0.347147 1.320592 -1.206856 -0.679471 -0.789308
    39 1.789783 -0.000007 0.000004 0.000001 0.007386 0.228516
    40 1.207018 0.000015 -0.000008 -0.000003 0.011265 0.362844
    41 11.481726 -0.000012 -0.000038 0.001269 0.000000 -0.000005
    42 3.859663 -0.132561 1.193130 0.479139 -0.158529 -0.879052
    43 1.312580 -0.000006 0.000003 0.000008 -0.011940 -0.439655
    44 0.729366 -0.000008 -0.000001 0.000005 -0.006136 -0.244269
    45 3.942284 0.050331 0.431063 0.155002 -0.079316 -0.810200
    46 1.539131 -0.000004 0.000002 -0.000002 -0.005851 -0.247777
    47 1.196323 0.000004 0.000005 0.000003 -0.009653 -0.430773
    48 3.882813 -0.050323 -0.430908 -0.085903 -0.026418 -0.587683
    49 1.719599 0.000008 0.000010 -0.000006 -0.007945 -0.366462
    50 1.209183 0.000010 0.000010 0.000006 -0.004485 -0.216351
    51 3.859375 -0.148926 -1.331055 -0.354415 0.038569 -0.532009
    52 1.719425 0.000011 0.000011 0.000004 -0.006614 -0.362968
    53 1.099663 0.000011 0.000010 -0.000001 -0.004222 -0.244302
    54 0.805664 -0.359619 -1.317383 1.204195 0.673614 -0.793960
    55 1.789780 -0.000011 0.000008 0.000005 -0.006300 0.228564
    56 1.207003 0.000001 -0.000008 -0.000005 -0.009615 0.362899
    57 11.481689 -0.000073 -0.000004 0.000155 0.000000 -0.000014
  time 125
    0 -5.334539 75.994507 35.957459 1.742082 0.006747 -3.858416
    1 3.890447 0.000000 0.000000 -2.310027 -0.572658 -1.153025
    2 17.848156 0.000000 0.000000 -0.000264 0.000000 0.624510
    3 16.525240 0.000000 0.000000 -0.122186 -0.076615 -1.053702
    4 -3.890447 0.000000 0.000000 -1.336183 -0.330221 -1.918322
    5 17.848167 0.000000 0.000000 -0.000024 0.000012 0.514451
    6 16.525238 0.000000 0.000000 0.260815 -0.168640 -1.296610
    7 -0.093753 3.399820 -2.923302 1.571935 0.066618 1.599655
    8 4.015370 0.000000 0.000000 -0.004458 0.020062 0.041066
    9 3.520298 0.000000 0.000000 -0.002661 0.016491 0.171959
    10 8.940987 0.000000 0.000000 -0.001462 0.007131 0.252963
    11 3.306377 -0.000001 0.000000 3.141626 0.003859 0.442854
    12 3.594185 0.000000 0.000000 0.607189 0.201717 0.759938
    13 2.036090 0.997452 1.937661 2.718615 -1.149084 1.873518
    14 6.028141 0.000011 0.000000 -1.631071 -0.020621 -1.091970
    15 11.692581 -0.000001 -0.000008 0.000000 0.000000 -1.030886
    16 11.481684 0.000000 -0.000031 2.189806 -0.355883 -0.040414
    17 2.036090 0.997453 -1.937661 -1.491992 1.208273 2.003349
    18 6.028137 -0.000008 0.000000 1.157136 -1.110990 -0.741815
    19 11.692554 0.000000 0.000019 0.000000 0.000000 -1.155095
    20 11.481705 0.000000 0.000011 -1.832506 0.210845 0.072610
    21 2.000004 -3.000000 0.000000 -1.570796 0.000000 -1.326450
    22 2.676084 -1.712437 0.000000 -1.570796 0.000000 -1.570795
    23 2.676081 -1.712433 0.000000 1.570797 0.000001 1.570797
    24 6.879441 -0.000010 0.000000 -0.004813 -0.033990 -0.583754
    25 6.879432 -0.000013 0.000000 -0.210306 -0.002983 -0.584364
    26 3.859711 -0.142445 -1.191958 -0.479138 0.152189 -0.879878
    27 1.312550 0.000008 0.000004 0.000001 0.009670 -0.439717
    28 0.729370 0.000006 0.000000 0.000003 0.004966 -0.244304
    29 3.942335 0.046738 -0.431422 -0.155012 0.073337 -0.810641
    30 1.539124 0.000015 -0.000016 -0.000004 0.004459 -0.247797
    31 1.196327 0.000032 -0.000010 -0.000004 0.007358 -0.430804
    32 3.882813 -0.046753 0.431396 0.085902 0.021817 -0.587880
    33 1.719578 -0.000004 0.000004 -0.000007 0.005535 -0.366457
    34 1.209160 -0.000010 -0.000011 0.000003 0.003062 -0.216420
    35 3.859375 -0.137939 1.332031 0.354449 -0.042742 -0.531707
    36 1.719427 0.000031 -0.000031 0.000005 0.004050 -0.363025
    37 1.099674 -0.000004 -0.000011 -0.000007 0.002607 -0.244321
    38 0.807566 -0.347147 1.320592 -1.206856 -0.679471 -0.789308
    39 1.789783 -0.000007 0.000004 0.000001 0.007386 0.228516
    40 1.207018 0.000015 -0.000008 -0.000003 0.011265 0.362844
    41 11.481726 -0.000012 -0.000038 0.001269 0.000000 -0.000005
    42 3.859663 -0.132561 1.193130 0.479139 -0.158529 -0.879052
    43 1.312580 -0.000006 0.000003 0.000008 -0.011940 -0.439655
    44 0.729366 -0.000008 -0.000001 0.000005 -0.006136 -0.244269
    45 3.942284 0.050331 0.431063 0.155002 -0.079316 -0.810200
    46 1.539131 -0.000004 0.000002 -0.000002 -0.005851 -0.247777
    47 1.196323 0.000004 0.000005 0.000003 -0.009665 -0.430773
    48 3.882813 -0.050323 -0.430908 -0.085903 -0.026418 -0.587683
    49 1.719599 0.000008 0.000010 -0.000006 -0.007945 -0.366462
    50 1.209183 0.000010 0.000010 0.000006 -0.004485 -0.216351
    51 3.859375 -0.148926 -1.331055 -0.354415 0.038569 -0.532009
    52 1.719425 0.000011 0.000011 0.000004 -0.006614 -0.362968
    53 1.099663 0.000011 0.000010 -0.000001 -0.004222 -0.244302
    54 0.805664 -0.359619 -1.317383 1.204195 0.673614 -0.793960
    55 1.789780 -0.000011 0.000008 0.000005 -0.006300 0.228564
    56 1.207003 0.000001 -0.000008 -0.000005 -0.009615 0.362899
    57 11.481689 -0.000073 -0.000004 0.000155 0.000000 -0.000014
  time 126
    0 -5.334539 75.842158 36.109807 1.756366 0.011817 -3.856987
    1 3.890447 0.000000 0.000000 -2.311158 -0.576881 -1.153885
    2 17.848156 0.000000 0.000000 -0.000264 0.000000 0.591803
    3 16.525240 0.000000 0.000000 -0.122222 -0.076435 -1.033041
    4 -3.890447 0.000000 0.000000 -1.335406 -0.333347 -1.906293
    5 17.848167 0.000000 0.000000 -0.000024 0.000000 0.484079
    6 16.525238 0.000000 0.000000 0.258299 -0.163287 -1.277577
    7 -0.101566 3.368569 -2.958460 1.572186 0.077788 1.601992
    8 4.015370 0.000000 0.000000 -0.004818 0.021704 0.037902
    9 3.520298 0.000000 0.000000 -0.002876 0.017869 0.170713
    10 8.940987 0.000000 0.000000 -0.001558 0.007730 0.255025
    11 3.306377 -0.000001 0.000000 3.141638 0.004183 0.445071
    12 3.594185 0.000000 0.000000 0.608038 0.202578 0.763072
    13 2.036090 0.997452 1.937661 2.716235 -1.148066 1.875763
    14 6.028141 0.000011 0.000000 -1.677394 -0.030256 -1.104687
    15 11.692581 -0.000001 -0.000008 0.000000 0.000000 -0.986149
    16 11.481684 0.000000 -0.000031 2.238749 -0.351442 -0.080358
    17 2.036090 0.997453 -1.937661 -1.480158 1.195186 2.000513
    18 6.028137 -0.000008 0.000000 1.102643 -1.106988 -0.696497
    19 11.692554 0.000000 0.000019 0.000000 0.000000 -1.172941
    20 11.481705 0.000000 0.000011 -1.813028 0.216328 0.088426
    21 2.000004 -3.000000 0.000000 -1.570796 0.000000 -1.326450
    22 2.676084 -1.712437 0.000000 -1.570796 0.000000 -1.570795
    23 2.676081 -1.712433 0.000000 1.570797 0.000001 1.570797
    24 6.879441 -0.000010 0.000000 -0.004813 -0.033990 -0.583754
    25 6.879432 -0.000013 0.000000 -0.210306 -0.002983 -0.584364
    26 3.859711 -0.142445 -1.191958 -0.479138 0.152189 -0.879878
    27 1.312550 0.000008 0.000004 0.000001 0.009670 -0.439717
    28 0.729370 0.000006 0.000000 0.000003 0.004966 -0.244304
    29 3.942335 0.046738 -0.431422 -0.155012 0.073337 -0.810641
    30 1.539124 0.000015 -0.000016 -0.000004 0.004459 -0.247797
    31 1.196327 0.000032 -0.000010 -0.000004 0.007358 -0.430804
    32 3.882813 -0.046753 0.431396 0.085902 0.021817 -0.587880
    33 1.719578 -0.000004 0.000004 -0.000007 0.005535 -0.366457
    34 1.209160 -0.000010 -0.000011 0.000003 0.003062 -0.216420
    35 3.859375 -0.137939 1.332031 0.354449 -0.042742 -0.531707
    36 1.719427 0.000031 -0.000031 0.000005 0.004050 -0.363025
    37 1.099674 -0.000004 -0.000011 -0.000007 0.002607 -0.244321
    38 0.807566 -0.347147 1.320592 -1.206856 -0.679483 -0.789308
    39 1.789783 -0.000007 0.000004 0.000001 0.007386 0.228516
    40 1.207018 0.000015 -0.000008 -0.000003 0.011265 0.362844
    41 11.481726 -0.000012 -0.000038 0.001269 0.000000 -0.000005
    42 3.859663 -0.132561 1.193130 0.479139 -0.158529 -0.879052
    43 1.312580 -0.000006 0.000003 0.000008 -0.011940 -0.439655
    44 0.729366 -0.000008 -0.000001 0.000005 -0.006136 -0.244269
    45 3.942284 0.050331 0.431063 0.155002 -0.079316 -0.810200
    46 1.539131 -0.000004 0.000002 -0.000002 -0.005851 -0.247777
    47 1.196323 0.000004 0.000005 0.000003 -0.009665 -0.430773
    48 3.882813 -0.050323 -0.430908 -0.085903 -0.026418 -0.587683
    49 1.719599 0.000008 0.000010 -0.000006 -0.007945 -0.366462
    50 1.209183 0.000010 0.000010 0.000006 -0.004485 -0.216351
    51 3.859375 -0.148926 -1.331055 -0.354415 0.038569 -0.532009
    52 1.719425 0.000011 0.000011 0.000004 -0.006614 -0.362968
    53 1.099663 0.000011 0.000010 -0.000001 -0.004222 -0.244302
    54 0.805664 -0.359619 -1.317383 1.204195 0.673614 -0.793960
    55 1.789780 -0.000011 0.000008 0.000005 -0.006300 0.228564
    56 1.207003 0.000001 -0.000008 -0.000005 -0.009615 0.362899
    57 11.481689 -0.000073 -0.000004 0.000155 0.000000 -0.000014
  time 127
    0 -5.334539 75.701529 36.250437 1.769484 0.016455 -3.855558
    1 3.890447 0.000000 0.000000 -2.311786 -0.580151 -1.155363
    2 17.848156 0.000000 0.000000 -0.000216 0.000000 0.560001
    3 16.525240 0.000000 0.000000 -0.122282 -0.076291 -1.013189
    4 -3.890447 0.000000 0.000000 -1.334941 -0.335458 -1.895081
    5 17.848167 0.000000 0.000000 -0.000024 0.000000 0.454589
    6 16.525238 0.000000 0.000000 0.256009 -0.158423 -1.259302
    7 -0.105472 3.341225 -2.985804 1.572474 0.088071 1.604161
    8 4.015370 0.000000 0.000000 -0.005153 0.023202 0.035002
    9 3.520298 0.000000 0.000000 -0.003068 0.019103 0.169550
    10 8.940987 0.000000 0.000000 -0.001654 0.008269 0.256954
    11 3.306377 -0.000001 0.000000 3.141650 0.004470 0.447144
    12 3.594185 0.000000 0.000000 0.608733 0.203305 0.765993
    13 2.036090 0.997452 1.937661 2.714236 -1.147099 1.877741
    14 6.028141 0.000011 0.000000 -1.721348 -0.041621 -1.114928
    15 11.692581 -0.000001 -0.000008 0.000000 0.000000 -0.942348
    16 11.481684 0.000000 -0.000031 2.283430 -0.345166 -0.118885
    17 2.036090 0.997453 -1.937661 -1.466321 1.181338 1.998783
    18 6.028137 -0.000008 0.000000 1.047959 -1.102626 -0.647752
    19 11.692554 0.000000 0.000019 0.000000 0.000000 -1.187928
    20 11.481705 0.000000 0.000011 -1.795699 0.219824 0.102144
    21 2.000004 -3.000000 0.000000 -1.570796 0.000000 -1.326450
    22 2.676084 -1.712437 0.000000 -1.570796 0.000000 -1.570795
    23 2.676081 -1.712433 0.000000 1.570797 0.000001 1.570797
    24 6.879441 -0.000010 0.000000 -0.004813 -0.033990 -0.583754
    25 6.879432 -0.000013 0.000000 -0.210306 -0.002983 -0.584364
    26 3.859711 -0.142445 -1.191958 -0.479138 0.152189 -0.879878
    27 1.312550 0.000008 0.000004 0.000001 0.009670 -0.439717
    28 0.729370 0.000006 0.000000 0.000003 0.004966 -0.244304
    29 3.942335 0.046738 -0.431422 -0.155012 0.073337 -0.810641
    30 1.539124 0.000015 -0.000016 -0.000004 0.004459 -0.247797
    31 1.196327 0.000032 -0.000010 -0.000004 0.007358 -0.430804
    32 3.882813 -0.046753 0.431396 0.085902 0.021817 -0.587880
    33 1.719578 -0.000004 0.000004 -0.000007 0.005535 -0.366457
    34 1.209160 -0.000010 -0.000011 0.000003 0.003062 -0.216420
    35 3.859375 -0.137939 1.332031 0.354449 -0.042742 -0.531707
    36 1.719427 0.000031 -0.000031 0.000005 0.004050 -0.363025
    37 1.099674 -0.000004 -0.000011 -0.000007 0.002607 -0.244321
    38 0.807566 -0.347147 1.320592 -1.206856 -0.679483 -0.789308
    39 1.789783 -0.000007 0.000004 0.000001 0.007386 0.228516
    40 1.207018 0.000015 -0.000008 -0.000003 0.011265 0.362844
    41 11.481726 -0.000012 -0.000038 0.001269 0.000000 -0.000005
    42 3.859663 -0.132561 1.193130 0.479139 -0.158529 -0.879052
    43 1.312580 -0.000006 0.000003 0.000008 -0.011940 -0.439655
    44 0.729366 -0.000008 -0.000001 0.000005 -0.006136 -0.244269
    45 3.942284 0.050331 0.431063 0.155002 -0.079316 -0.810200
    46 1.539131 -0.000004 0.000002 -0.000002 -0.005851 -0.247777
    47 1.196323 0.000004 0.000005 0.000003 -0.009653 -0.430773
    48 3.882813 -0.050323 -0.430908 -0.085903 -0.026418 -0.587683
    49 1.719599 0.000008 0.000010 -0.000006 -0.007945 -0.366462
    50 1.209183 0.000010 0.000010 0.000006 -0.004485 -0.216351
    51 3.859375 -0.148926 -1.331055 -0.354415 0.038569 -0.532009
    52 1.719425 0.000011 0.000011 0.000004 -0.006614 -0.362968
    53 1.099663 0.000011 0.000010 -0.000001 -0.004222 -0.244302
    54 0.805664 -0.359619 -1.317383 1.204195 0.673614 -0.793960
    55 1.789780 -0.000011 0.000008 0.000005 -0.006300 0.228564
    56 1.207003 0.000001 -0.000008 -0.000005 -0.009615 0.362899
    57 11.481689 -0.000073 -0.000004 0.000155 0.000000 -0.000014
  time 128
    0 -5.334539 75.584338 36.363721 1.780312 0.020266 -3.854320
    1 3.890447 0.000000 0.000000 -2.311954 -0.582285 -1.157217
    2 17.848156 0.000000 0.000000 -0.000132 0.000000 0.532271
    3 16.525240 0.000000 0.000000 -0.122354 -0.076219 -0.996059
    4 -3.890447 0.000000 0.000000 -1.334785 -0.336391 -1.885659
    5 17.848167 0.000000 0.000000 -0.000036 0.000000 0.428449
    6 16.525238 0.000000 0.000000 0.254140 -0.154444 -1.243358
    7 -0.113285 3.313880 -3.013149 1.572750 0.096556 1.605971
    8 4.015370 0.000000 0.000000 -0.005429 0.024413 0.032617
    9 3.520298 0.000000 0.000000 -0.003224 0.020098 0.168591
    10 8.940987 0.000000 0.000000 -0.001726 0.008701 0.258548
    11 3.306377 -0.000001 0.000000 3.141650 0.004698 0.448882
    12 3.594185 0.000000 0.000000 0.609222 0.203884 0.768427
    13 2.036090 0.997452 1.937661 2.712617 -1.146260 1.879345
    14 6.028141 0.000011 0.000000 -1.758292 -0.052804 -1.122073
    15 11.692581 -0.000001 -0.000008 0.000000 0.000000 -0.904164
    16 11.481684 0.000000 -0.000031 2.320004 -0.338622 -0.151840
    17 2.036090 0.997453 -1.937661 -1.453247 1.169052 1.997884
    18 6.028137 -0.000008 0.000000 1.000719 -1.097984 -0.604244
    19 11.692554 0.000000 0.000019 0.000000 0.000000 -1.199221
    20 11.481705 0.000000 0.000011 -1.781729 0.221777 0.112818
    21 2.000004 -3.000000 0.000000 -1.570796 0.000000 -1.326450
    22 2.676084 -1.712437 0.000000 -1.570796 0.000000 -1.570795
    23 2.676081 -1.712433 0.000000 1.570797 0.000001 1.570797
    24 6.879441 -0.000010 0.000000 -0.004813 -0.033990 -0.583754
    25 6.879432 -0.000013 0.000000 -0.210306 -0.002983 -0.584364
    26 3.859711 -0.142445 -1.191958 -0.479138 0.152189 -0.879878
    27 1.312550 0.000008 0.000004 0.000001 0.009670 -0.439717
    28 0.729370 0.000006 0.000000 0.000003 0.004966 -0.244304
    29 3.942335 0.046738 -0.431422 -0.155012 0.073337 -0.810641
    30 1.539124 0.000015 -0.000016 -0.000004 0.004459 -0.247797
    31 1.196327 0.000032 -0.000010 -0.000004 0.007358 -0.430804
    32 3.882813 -0.046753 0.431396 0.085902 0.021817 -0.587880
    33 1.719578 -0.000004 0.000004 -0.000007 0.005535 -0.366457
    34 1.209160 -0.000010 -0.000011 0.000003 0.003062 -0.216420
    35 3.859375 -0.137939 1.332031 0.354449 -0.042742 -0.531707
    36 1.719427 0.000031 -0.000031 0.000005 0.004050 -0.363025
    37 1.099674 -0.000004 -0.000011 -0.000007 0.002607 -0.244321
    38 0.807566 -0.347147 1.320592 -1.206856 -0.679483 -0.789308
    39 1.789783 -0.000007 0.000004 0.000001 0.007386 0.228516
    40 1.207018 0.000015 -0.000008 -0.000003 0.011265 0.362844
    41 11.481726 -0.000012 -0.000038 0.001269 0.000000 -0.000005
    42 3.859663 -0.132561 1.193130 0.479139 -0.158529 -0.879052
    43 1.312580 -0.000006 0.000003 0.000008 -0.011940 -0.439655
    44 0.729366 -0.000008 -0.000001 0.000005 -0.006136 -0.244269
    45 3.942284 0.050331 0.431063 0.155002 -0.079316 -0.810200
    46 1.539131 -0.000004 0.000002 -0.000002 -0.005851 -0.247777
    47 1.196323 0.000004 0.000005 0.000003 -0.009653 -0.430773
    48 3.882813 -0.050323 -0.430908 -0.085903 -0.026418 -0.587683
    49 1.719599 0.000008 0.000010 -0.000006 -0.007945 -0.366462
    50 1.209183 0.000010 0.000010 0.000006 -0.004485 -0.216351
    51 3.859375 -0.148926 -1.331055 -0.354415 0.038569 -0.532009
    52 1.719425 0.000011 0.000011 0.000004 -0.006614 -0.362968
    53 1.099663 0.000011 0.000010 -0.000001 -0.004222 -0.244302
    54 0.805664 -0.359619 -1.317383 1.204195 0.673614 -0.793960
    55 1.789780 -0.000011 0.000008 0.000005 -0.006300 0.228564
    56 1.207003 0.000001 -0.000008 -0.000005 -0.009615 0.362899
    57 11.481689 -0.000073 -0.000004 0.000155 0.000000 -0.000014
  time 129
    0 -5.334539 75.506210 36.445755 1.787683 0.022843 -3.853462
    1 3.890447 0.000000 0.000000 -2.311828 -0.583420 -1.158803
    2 17.848156 0.000000 0.000000 -0.000036 0.000000 0.512593
    3 16.525240 0.000000 0.000000 -0.122437 -0.076184 -0.983994
    4 -3.890447 0.000000 0.000000 -1.334785 -0.336472 -1.879126
    5 17.848167 0.000000 0.000000 -0.000036 0.000000 0.409612
    6 16.525238 0.000000 0.000000 0.252893 -0.151750 -1.231932
    7 -0.117191 3.298254 -3.028774 1.572953 0.102332 1.607217
    8 4.015370 0.000000 0.000000 -0.005621 0.025240 0.030999
    9 3.520298 0.000000 0.000000 -0.003320 0.020757 0.167944
    10 8.940987 0.000000 0.000000 -0.001774 0.008976 0.259639
    11 3.306377 -0.000001 0.000000 3.141662 0.004854 0.450056
    12 3.594185 0.000000 0.000000 0.609505 0.204270 0.770070
    13 2.036090 0.997452 1.937661 2.711665 -1.145649 1.880361
    14 6.028141 0.000011 0.000000 -1.783869 -0.061393 -1.126074
    15 11.692581 -0.000001 -0.000008 0.000000 0.000000 -0.876947
    16 11.481684 0.000000 -0.000031 2.344564 -0.333447 -0.174908
    17 2.036090 0.997453 -1.937661 -1.443705 1.160327 1.997538
    18 6.028137 -0.000008 0.000000 0.967604 -1.094302 -0.573213
    19 11.692554 0.000000 0.000019 0.000000 0.000000 -1.206541
    20 11.481705 0.000000 0.000011 -1.772370 0.222634 0.119827
    21 2.000004 -3.000000 0.000000 -1.570796 0.000000 -1.326450
    22 2.676084 -1.712437 0.000000 -1.570796 0.000000 -1.570795
    23 2.676081 -1.712433 0.000000 1.570797 0.000001 1.570797
    24 6.879441 -0.000010 0.000000 -0.004813 -0.033990 -0.583754
    25 6.879432 -0.000013 0.000000 -0.210306 -0.002983 -0.584364
    26 3.859711 -0.142445 -1.191958 -0.479138 0.152189 -0.879878
    27 1.312550 0.000008 0.000004 0.000001 0.009670 -0.439717
    28 0.729370 0.000006 0.000000 0.000003 0.004966 -0.244304
    29 3.942335 0.046738 -0.431422 -0.155012 0.073337 -0.810641
    30 1.539124 0.000015 -0.000016 -0.000004 0.004459 -0.247797
    31 1.196327 0.000032 -0.000010 -0.000004 0.007358 -0.430804
    32 3.882813 -0.046753 0.431396 0.085902 0.021817 -0.587880
    33 1.719578 -0.000004 0.000004 -0.000007 0.005535 -0.366457
    34 1.209160 -0.000010 -0.000011 0.000003 0.003062 -0.216420
    35 3.859375 -0.137939 1.332031 0.354449 -0.042742 -0.531707
    36 1.719427 0.000031 -0.000031 0.000005 0.004050 -0.363025
    37 1.099674 -0.000004 -0.000011 -0.000007 0.002607 -0.244321
    38 0.807566 -0.347147 1.320592 -1.206856 -0.679471 -0.789308
    39 1.789783 -0.000007 0.000004 0.000001 0.007386 0.228516
    40 1.207018 0.000015 -0.000008 -0.000003 0.011265 0.362844
    41 11.481726 -0.000012 -0.000038 0.001269 0.000000 -0.000005
    42 3.859663 -0.132561 1.193130 0.479139 -0.158529 -0.879052
    43 1.312580 -0.000006 0.000003 0.000008 -0.011940 -0.439655
    44 0.729366 -0.000008 -0.000001 0.000005 -0.006136 -0.244269
    45 3.942284 0.050331 0.431063 0.155002 -0.079316 -0.810200
    46 1.539131 -0.000004 0.000002 -0.000002 -0.005851 -0.247777
    47 1.196323 0.000004 0.000005 0.000003 -0.009665 -0.430773
    48 3.882813 -0.050323 -0.430908 -0.085903 -0.026418 -0.587683
    49 1.719599 0.000008 0.000010 -0.000006 -0.007945 -0.366462
    50 1.209183 0.000010 0.000010 0.000006 -0.004485 -0.216351
    51 3.859375 -0.148926 -1.331055 -0.354415 0.038569 -0.532009
    52 1.719425 0.000011 0.000011 0.000004 -0.006614 -0.362968
    53 1.099663 0.000011 0.000010 -0.000001 -0.004222 -0.244302
    54 0.805664 -0.359619 -1.317383 1.204195 0.673614 -0.793960
    55 1.789780 -0.000011 0.000008 0.000005 -0.006300 0.228564
    56 1.207003 0.000001 -0.000008 -0.000005 -0.009615 0.362899
    57 11.481689 -0.000073 -0.000004 0.000155 0.000000 -0.000014
  time 130
    0 -5.334539 75.478866 36.473100 1.790390 0.023789 -3.853176
    1 3.890447 0.000000 0.000000 -2.311744 -0.583784 -1.159475
    2 17.848156 0.000000 0.000000 0.000000 0.000000 0.505174
    3 16.525240 0.000000 0.000000 -0.122461 -0.076184 -0.979447
    4 -3.890447 0.000000 0.000000 -1.334785 -0.336432 -1.876708
    5 17.848167 0.000000 0.000000 -0.000036 0.000000 0.402495
    6 16.525238 0.000000 0.000000 0.252426 -0.150774 -1.227666
    7 -0.117191 3.290442 -3.036587 1.573037 0.104454 1.607673
    8 4.015370 0.000000 0.000000 -0.005681 0.025539 0.030412
    9 3.520298 0.000000 0.000000 -0.003356 0.021009 0.167704
    10 8.940987 0.000000 0.000000 -0.001798 0.009084 0.260034
    11 3.306377 -0.000001 0.000000 3.141662 0.004914 0.450500
    12 3.594185 0.000000 0.000000 0.609608 0.204404 0.770679
    13 2.036090 0.997452 1.937661 2.711284 -1.145446 1.880735
    14 6.028141 0.000011 0.000000 -1.793342 -0.064732 -1.127360
    15 11.692581 -0.000001 -0.000008 0.000000 0.000000 -0.866715
    16 11.481684 0.000000 -0.000031 2.353500 -0.331377 -0.183533
    17 2.036090 0.997453 -1.937661 -1.440078 1.156965 1.997400
    18 6.028137 -0.000008 0.000000 0.955197 -1.092781 -0.561383
    19 11.692554 0.000000 0.000019 0.000000 0.000000 -1.209050
    20 11.481705 0.000000 0.000011 -1.768967 0.222840 0.122294
    21 2.000004 -3.000000 0.000000 -1.570796 0.000000 -1.326450
    22 2.676084 -1.712437 0.000000 -1.570796 0.000000 -1.570795
    23 2.676081 -1.712433 0.000000 1.570797 0.000001 1.570797
    24 6.879441 -0.000010 0.000000 -0.004813 -0.033990 -0.583754
    25 6.879432 -0.000013 0.000000 -0.210306 -0.002983 -0.584364
    26 3.859711 -0.142445 -1.191958 -0.479138 0.152189 -0.879878
    27 1.312550 0.000008 0.000004 0.000001 0.009658 -0.439717
    28 0.729370 0.000006 0.000000 0.000003 0.004966 -0.244304
    29 3.942335 0.046738 -0.431422 -0.155012 0.073337 -0.810641
    30 1.539124 0.000015 -0.000016 -0.000004 0.004459 -0.247797
    31 1.196327 0.000032 -0.000010 -0.000004 0.007358 -0.430804
    32 3.882813 -0.046753 0.431396 0.085902 0.021817 -0.587880
    33 1.719578 -0.000004 0.000004 -0.000007 0.005535 -0.366457
    34 1.209160 -0.000010 -0.000011 0.000003 0.003062 -0.216420
    35 3.859375 -0.137939 1.332031 0.354449 -0.042742 -0.531707
    36 1.719427 0.000031 -0.000031 0.000005 0.004050 -0.363025
    37 1.099674 -0.000004 -0.000011 -0.000007 0.002607 -0.244321
    38 0.807566 -0.347147 1.320592 -1.206856 -0.679483 -0.789308
    39 1.789783 -0.000007 0.000004 0.000001 0.007386 0.228516
    40 1.207018 0.000015 -0.000008 -0.000003 0.011265 0.362844
    41 11.481726 -0.000012 -0.000038 0.001269 0.000000 -0.000005
    42 3.859663 -0.132561 1.193130 0.479139 -0.158529 -0.879052
    43 1.312580 -0.000006 0.000003 0.000008 -0.011940 -0.439655
    44 0.729366 -0.000008 -0.000001 0.000005 -0.006136 -0.244269
    45 3.942284 0.050331 0.431063 0.155002 -0.079316 -0.810200
    46 1.539131 -0.000004 0.000002 -0.000002 -0.005851 -0.247777
    47 1.196323 0.000004 0.000005 0.000003 -0.009665 -0.430773
    48 3.882813 -0.050323 -0.430908 -0.085903 -0.026418 -0.587683
    49 1.719599 0.000008 0.000010 -0.000006 -0.007945 -0.366462
    50 1.209183 0.000010 0.000010 0.000006 -0.004485 -0.216351
    51 3.859375 -0.148926 -1.331055 -0.354415 0.038569 -0.532009
    52 1.719425 0.000011 0.000011 0.000004 -0.006614 -0.362968
    53 1.099663 0.000011 0.000010 -0.000001 -0.004222 -0.244302
    54 0.805664 -0.359619 -1.317383 1.204195 0.673614 -0.793960
    55 1.789780 -0.000011 0.000008 0.000005 -0.006300 0.228564
    56 1.207003 0.000001 -0.000008 -0.000005 -0.009615 0.362899
    57 11.481689 -0.000073 -0.000004 0.000155 0.000000 -0.000014
end
