// Created by Crowbar 0.71
version 1
nodes
  0 "ValveBiped.Bip01_Pelvis" -1
  1 "ValveBiped.Bip01_L_Thigh" 0
  2 "ValveBiped.Bip01_L_Calf" 1
  3 "ValveBiped.Bip01_L_Foot" 2
  4 "ValveBiped.Bip01_R_Thigh" 0
  5 "ValveBiped.Bip01_R_Calf" 4
  6 "ValveBiped.Bip01_R_Foot" 5
  7 "ValveBiped.Bip01_Spine" 0
  8 "ValveBiped.Bip01_Spine1" 7
  9 "ValveBiped.Bip01_Spine2" 8
  10 "ValveBiped.Bip01_Spine4" 9
  11 "ValveBiped.Bip01_Neck1" 10
  12 "ValveBiped.Bip01_Head1" 11
  13 "ValveBiped.Bip01_L_Clavicle" 10
  14 "ValveBiped.Bip01_L_UpperArm" 13
  15 "ValveBiped.Bip01_L_Forearm" 14
  16 "ValveBiped.Bip01_L_Hand" 15
  17 "ValveBiped.Bip01_R_Clavicle" 10
  18 "ValveBiped.Bip01_R_UpperArm" 17
  19 "ValveBiped.Bip01_R_Forearm" 18
  20 "ValveBiped.Bip01_R_Hand" 19
  21 "ValveBiped.forward" 12
  22 "ValveBiped.Anim_Attachment_RH" 20
  23 "ValveBiped.Anim_Attachment_LH" 16
  24 "ValveBiped.Bip01_L_Toe0" 3
  25 "ValveBiped.Bip01_R_Toe0" 6
  26 "ValveBiped.Bip01_L_Finger4" 16
  27 "ValveBiped.Bip01_L_Finger41" 26
  28 "ValveBiped.Bip01_L_Finger42" 27
  29 "ValveBiped.Bip01_L_Finger3" 16
  30 "ValveBiped.Bip01_L_Finger31" 29
  31 "ValveBiped.Bip01_L_Finger32" 30
  32 "ValveBiped.Bip01_L_Finger2" 16
  33 "ValveBiped.Bip01_L_Finger21" 32
  34 "ValveBiped.Bip01_L_Finger22" 33
  35 "ValveBiped.Bip01_L_Finger1" 16
  36 "ValveBiped.Bip01_L_Finger11" 35
  37 "ValveBiped.Bip01_L_Finger12" 36
  38 "ValveBiped.Bip01_L_Finger0" 16
  39 "ValveBiped.Bip01_L_Finger01" 38
  40 "ValveBiped.Bip01_L_Finger02" 39
  41 "ValveBiped.Bip01_L_Wrist" 15
  42 "ValveBiped.Bip01_R_Finger4" 20
  43 "ValveBiped.Bip01_R_Finger41" 42
  44 "ValveBiped.Bip01_R_Finger42" 43
  45 "ValveBiped.Bip01_R_Finger3" 20
  46 "ValveBiped.Bip01_R_Finger31" 45
  47 "ValveBiped.Bip01_R_Finger32" 46
  48 "ValveBiped.Bip01_R_Finger2" 20
  49 "ValveBiped.Bip01_R_Finger21" 48
  50 "ValveBiped.Bip01_R_Finger22" 49
  51 "ValveBiped.Bip01_R_Finger1" 20
  52 "ValveBiped.Bip01_R_Finger11" 51
  53 "ValveBiped.Bip01_R_Finger12" 52
  54 "ValveBiped.Bip01_R_Finger0" 20
  55 "ValveBiped.Bip01_R_Finger01" 54
  56 "ValveBiped.Bip01_R_Finger02" 55
  57 "ValveBiped.Bip01_R_Wrist" 19
end
skeleton
  time 0
    0 2.001623 -24.371837 36.551227 1.570796 0.000000 -3.973536
    1 3.890447 0.000000 0.000000 -1.687121 -0.269006 -1.195742
    2 17.848156 0.000000 0.000000 -0.051729 0.214513 0.417235
    3 16.525240 0.000000 0.000000 -0.369111 -0.292413 -0.994163
    4 -3.890447 0.000000 0.000000 -1.449969 -0.100251 -1.859841
    5 17.848167 0.000000 0.000000 0.066297 -0.243554 0.548375
    6 16.525238 0.000000 0.000000 0.172313 0.111510 -1.363460
    7 0.000000 3.345131 -2.981898 1.570793 0.086297 1.570793
    8 4.015370 0.000000 0.000000 0.000000 0.000000 0.013870
    9 3.520298 0.000000 0.000000 0.000000 0.000000 0.350544
    10 8.940987 0.000000 0.000000 0.000000 0.000000 0.194090
    11 3.306377 -0.000001 0.000000 3.141590 0.000000 0.400476
    12 3.594185 0.000000 0.000000 0.858421 0.261449 0.631149
    13 2.036090 0.997452 1.937661 1.591907 -1.221892 2.947864
    14 6.028141 0.000011 0.000000 -1.762351 0.125663 -0.930172
    15 11.692581 -0.000001 -0.000008 -0.413950 -0.340214 -1.602725
    16 11.481684 0.000000 -0.000031 1.218231 -0.068953 -0.056263
    17 2.036090 0.997453 -1.937661 -1.818107 1.458853 2.790860
    18 6.028137 -0.000008 0.000000 1.439262 0.252064 -0.951385
    19 11.692554 0.000000 0.000019 0.244821 -0.512670 -1.274717
    20 11.481705 0.000000 0.000011 -1.740786 -0.030731 -0.215080
    21 2.000004 -3.000000 0.000000 -1.570796 0.000000 -1.326450
    22 2.676084 -1.712437 0.000000 -1.570796 0.000000 -1.571118
    23 2.676081 -1.712433 0.000000 1.570790 -0.000001 1.570689
    24 6.879441 -0.000010 0.000000 -0.007299 -0.002951 -0.584373
    25 6.879432 -0.000013 0.000000 -0.081333 -0.002949 -0.584376
    26 3.859711 -0.142445 -1.191958 -0.393757 -0.039813 -1.799858
    27 1.312550 0.000008 0.000004 -0.262078 0.344663 -1.306712
    28 0.729370 0.000006 0.000000 -0.003382 -0.003641 -2.635735
    29 3.942335 0.046738 -0.431422 -0.185427 0.065808 -1.482779
    30 1.539124 0.000015 -0.000015 -0.004462 0.000013 -1.816594
    31 1.196327 0.000032 -0.000010 -0.007063 -0.002002 -2.278566
    32 3.881363 -0.043152 0.427624 -0.013082 0.161705 -1.322997
    33 1.719578 -0.000004 0.000004 -0.005427 -0.000939 -2.110977
    34 1.209160 -0.000010 -0.000011 -0.002831 -0.001189 -2.185007
    35 3.863464 -0.136498 1.332175 0.356438 0.018720 -0.696930
    36 1.719427 0.000031 -0.000031 -0.003240 0.002487 -1.279664
    37 1.099674 -0.000004 -0.000011 -0.002401 -0.000944 -2.188478
    38 0.807566 -0.347147 1.320592 -1.259756 -0.205319 -0.606532
    39 1.789783 -0.000007 0.000004 -0.000009 0.007379 0.228539
    40 1.207018 0.000015 -0.000008 0.004752 0.010209 0.798468
    41 11.481726 -0.000012 -0.000038 0.001269 0.000000 -0.000005
    42 3.859663 -0.132561 1.193130 0.222655 0.063616 -1.852410
    43 1.312580 -0.000006 0.000003 0.002431 -0.011684 -0.645393
    44 0.729366 -0.000008 -0.000001 0.005147 0.003308 -2.386481
    45 3.942284 0.050331 0.431063 0.092910 0.032752 -1.715746
    46 1.539131 -0.000004 0.000002 0.004792 -0.003358 -1.208600
    47 1.196323 0.000004 0.000005 0.007625 0.005927 -2.662305
    48 3.881350 -0.046456 -0.429353 0.005429 -0.066314 -1.611929
    49 1.719599 0.000008 0.000010 0.006389 -0.004768 -1.297116
    50 1.209183 0.000010 0.000010 -0.104994 -0.034776 -2.348804
    51 3.863456 -0.147312 -1.329162 -0.168676 -0.047090 -1.650742
    52 1.719425 0.000011 0.000011 0.004889 -0.004467 -1.194317
    53 1.099663 0.000011 0.000010 0.003332 0.002542 -2.467556
    54 0.807570 -0.358068 -1.318047 1.257299 0.197522 -0.913537
    55 1.789780 -0.000011 0.000008 0.000649 -0.006265 0.125751
    56 1.207003 0.000001 -0.000008 -0.009191 -0.002827 1.635083
    57 11.481689 -0.000073 -0.000004 0.000155 0.000000 -0.000014
  time 1
    0 2.001623 -24.367931 36.269969 1.577183 0.003641 -3.960272
    1 3.890447 0.000000 0.000000 -1.691433 -0.307795 -1.172980
    2 17.848156 0.000000 0.000000 -0.034470 0.240534 0.480312
    3 16.525240 0.000000 0.000000 -0.355284 -0.294923 -1.027315
    4 -3.890447 0.000000 0.000000 -1.487081 -0.188842 -1.810863
    5 17.848167 0.000000 0.000000 0.040122 -0.137657 0.676232
    6 16.525238 0.000000 0.000000 0.222725 0.116935 -1.372412
    7 0.000000 3.345131 -2.981898 1.570793 0.086297 1.570793
    8 4.015370 0.000000 0.000000 0.000000 0.000000 0.023940
    9 3.520298 0.000000 0.000000 0.000000 0.000000 0.350544
    10 8.940987 0.000000 0.000000 0.000000 0.000000 0.194090
    11 3.306377 -0.000001 0.000000 3.141590 0.000000 0.400476
    12 3.594185 0.000000 0.000000 0.822817 0.252106 0.626157
    13 2.036090 0.997452 1.937661 1.591625 -1.216493 2.948244
    14 6.028141 0.000011 0.000000 -1.780424 0.153396 -0.932703
    15 11.692581 -0.000001 -0.000008 -0.479281 -0.232752 -1.278874
    16 11.481684 0.000000 -0.000031 1.247904 -0.060245 -0.039238
    17 2.036090 0.997453 -1.937661 -1.771632 1.433302 2.837715
    18 6.028137 -0.000008 0.000000 1.461373 0.203196 -0.908779
    19 11.692554 0.000000 0.000019 0.168011 -0.505486 -1.047375
    20 11.481705 0.000000 0.000011 -1.731364 -0.004266 -0.146606
    21 2.000004 -3.000000 0.000000 -1.570796 0.000000 -1.326450
    22 2.676084 -1.712437 0.000000 -1.570796 0.000000 -1.571118
    23 2.676081 -1.712433 0.000000 1.570790 -0.000001 1.570689
    24 6.879441 -0.000010 0.000000 -0.007299 -0.002951 -0.584373
    25 6.879432 -0.000013 0.000000 -0.081141 -0.006437 -0.627226
    26 3.859711 -0.142445 -1.191958 -0.393742 -0.039828 -1.799858
    27 1.312550 0.000008 0.000004 -0.262246 0.344567 -1.307164
    28 0.729370 0.000006 0.000000 -0.003382 -0.003641 -2.635735
    29 3.942335 0.046738 -0.431422 -0.185439 0.065712 -1.483267
    30 1.539124 0.000015 -0.000015 -0.004462 0.000013 -1.816546
    31 1.196327 0.000032 -0.000010 -0.007063 -0.002038 -2.283366
    32 3.881363 -0.043152 0.427624 -0.013082 0.161705 -1.322997
    33 1.719578 -0.000004 0.000004 -0.005427 -0.000939 -2.110924
    34 1.209160 -0.000010 -0.000011 -0.002831 -0.001189 -2.185007
    35 3.863464 -0.136498 1.332175 0.354868 0.023034 -0.716417
    36 1.719427 0.000031 -0.000031 -0.003276 0.002439 -1.296490
    37 1.099674 -0.000004 -0.000011 -0.002401 -0.000944 -2.189102
    38 0.807566 -0.347147 1.320592 -1.259476 -0.205169 -0.610781
    39 1.789783 -0.000007 0.000004 -0.000009 0.007379 0.228539
    40 1.207018 0.000015 -0.000008 0.004872 0.010149 0.810541
    41 11.481726 -0.000012 -0.000038 0.001269 0.000000 -0.000005
    42 3.859663 -0.132561 1.193130 0.222655 0.063616 -1.852410
    43 1.312580 -0.000006 0.000003 0.002431 -0.011684 -0.645393
    44 0.729366 -0.000008 -0.000001 0.005147 0.003308 -2.386415
    45 3.942284 0.050331 0.431063 0.092910 0.032752 -1.715746
    46 1.539131 -0.000004 0.000002 0.004792 -0.003358 -1.208600
    47 1.196323 0.000004 0.000005 0.007625 0.005927 -2.662305
    48 3.881350 -0.046456 -0.429353 0.005429 -0.066314 -1.611929
    49 1.719599 0.000008 0.000010 0.006389 -0.004768 -1.297116
    50 1.209183 0.000010 0.000010 -0.104994 -0.034776 -2.348804
    51 3.863456 -0.147312 -1.329162 -0.168676 -0.047090 -1.650706
    52 1.719425 0.000011 0.000011 0.004889 -0.004467 -1.194317
    53 1.099663 0.000011 0.000010 0.003332 0.002542 -2.467556
    54 0.807570 -0.358068 -1.318047 1.257299 0.197522 -0.913537
    55 1.789780 -0.000011 0.000008 0.000649 -0.006265 0.125751
    56 1.207003 0.000001 -0.000008 -0.009191 -0.002827 1.635083
    57 11.481689 -0.000073 -0.000004 0.000155 0.000000 -0.000014
  time 2
    0 2.001623 -24.324961 35.430099 1.596837 0.014306 -3.920099
    1 3.890447 0.000000 0.000000 -1.705997 -0.410744 -1.115597
    2 17.848156 0.000000 0.000000 0.016204 0.295980 0.640214
    3 16.525240 0.000000 0.000000 -0.319567 -0.296865 -1.107967
    4 -3.890447 0.000000 0.000000 -1.620911 -0.359541 -1.763496
    5 17.848167 0.000000 0.000000 -0.096311 -0.092267 0.925723
    6 16.525238 0.000000 0.000000 0.244740 0.182459 -1.362308
    7 0.000000 3.345131 -2.981898 1.570793 0.086297 1.570793
    8 4.015370 0.000000 0.000000 0.000000 0.000000 0.051701
    9 3.520298 0.000000 0.000000 0.000000 0.000000 0.350544
    10 8.940987 0.000000 0.000000 0.000000 0.000000 0.194090
    11 3.306377 -0.000001 0.000000 3.141590 0.000000 0.400476
    12 3.594185 0.000000 0.000000 0.718416 0.222744 0.615920
    13 2.036090 0.997452 1.937661 1.590777 -1.201290 2.949101
    14 6.028141 0.000011 0.000000 -1.830983 0.122407 -0.872915
    15 11.692581 -0.000001 -0.000008 -0.380534 0.038395 -0.709970
    16 11.481684 0.000000 -0.000031 1.259666 -0.100932 0.126100
    17 2.036090 0.997453 -1.937661 -1.701966 1.360220 2.908373
    18 6.028137 -0.000008 0.000000 1.516990 0.121763 -0.836589
    19 11.692554 0.000000 0.000019 0.071571 -0.465804 -0.677377
    20 11.481705 0.000000 0.000011 -1.666382 0.097459 0.058271
    21 2.000004 -3.000000 0.000000 -1.570796 0.000000 -1.326450
    22 2.676084 -1.712437 0.000000 -1.570796 0.000000 -1.571118
    23 2.676081 -1.712433 0.000000 1.570790 -0.000001 1.570689
    24 6.879441 -0.000010 0.000000 -0.007299 -0.002951 -0.584373
    25 6.879432 -0.000013 0.000000 -0.079751 -0.016252 -0.748842
    26 3.859711 -0.142445 -1.191958 -0.393742 -0.039858 -1.799896
    27 1.312550 0.000008 0.000004 -0.262713 0.344280 -1.308521
    28 0.729370 0.000006 0.000000 -0.003382 -0.003641 -2.635735
    29 3.942335 0.046738 -0.431422 -0.185451 0.065448 -1.484733
    30 1.539124 0.000015 -0.000015 -0.004462 0.000013 -1.816450
    31 1.196327 0.000032 -0.000010 -0.007027 -0.002134 -2.297766
    32 3.881363 -0.043152 0.427624 -0.013082 0.161705 -1.322997
    33 1.719578 -0.000004 0.000004 -0.005427 -0.000939 -2.110658
    34 1.209160 -0.000010 -0.000011 -0.002831 -0.001189 -2.185007
    35 3.863464 -0.136498 1.332175 0.350086 0.034863 -0.770578
    36 1.719427 0.000031 -0.000031 -0.003384 0.002284 -1.343049
    37 1.099674 -0.000004 -0.000011 -0.002401 -0.000944 -2.190763
    38 0.807566 -0.347147 1.320592 -1.258672 -0.204759 -0.622493
    39 1.789783 -0.000007 0.000004 -0.000009 0.007379 0.228539
    40 1.207018 0.000015 -0.000008 0.005207 0.009981 0.843908
    41 11.481726 -0.000012 -0.000038 0.001269 0.000000 -0.000005
    42 3.859663 -0.132561 1.193130 0.222655 0.063616 -1.852410
    43 1.312580 -0.000006 0.000003 0.002431 -0.011684 -0.645393
    44 0.729366 -0.000008 -0.000001 0.005147 0.003308 -2.386415
    45 3.942284 0.050331 0.431063 0.092910 0.032752 -1.715746
    46 1.539131 -0.000004 0.000002 0.004792 -0.003358 -1.208600
    47 1.196323 0.000004 0.000005 0.007625 0.005915 -2.662305
    48 3.881350 -0.046456 -0.429353 0.005429 -0.066314 -1.611929
    49 1.719599 0.000008 0.000010 0.006389 -0.004768 -1.297116
    50 1.209183 0.000010 0.000010 -0.104994 -0.034776 -2.348738
    51 3.863456 -0.147312 -1.329162 -0.168676 -0.047090 -1.650742
    52 1.719425 0.000011 0.000011 0.004889 -0.004467 -1.194317
    53 1.099663 0.000011 0.000010 0.003332 0.002542 -2.467489
    54 0.807570 -0.358068 -1.318047 1.257299 0.197522 -0.913537
    55 1.789780 -0.000011 0.000008 0.000649 -0.006265 0.125751
    56 1.207003 0.000001 -0.000008 -0.009191 -0.002827 1.635083
    57 11.481689 -0.000073 -0.000004 0.000155 0.000000 -0.000014
  time 3
    0 2.001623 -24.192145 34.078495 1.629430 0.029982 -3.854449
    1 3.890447 0.000000 0.000000 -1.734264 -0.555700 -1.041095
    2 17.848156 0.000000 0.000000 0.092910 0.344206 0.851108
    3 16.525240 0.000000 0.000000 -0.272711 -0.291371 -1.207310
    4 -3.890447 0.000000 0.000000 -1.814728 -0.490905 -1.647542
    5 17.848167 0.000000 0.000000 -0.222372 0.005175 1.136842
    6 16.525238 0.000000 0.000000 0.316224 0.201019 -1.326644
    7 0.000000 3.345131 -2.981898 1.570793 0.086297 1.570793
    8 4.015370 0.000000 0.000000 0.000000 0.000000 0.093859
    9 3.520298 0.000000 0.000000 0.000000 0.000000 0.350544
    10 8.940987 0.000000 0.000000 0.000000 0.000000 0.194090
    11 3.306377 -0.000001 0.000000 3.141590 0.000000 0.400476
    12 3.594185 0.000000 0.000000 0.566831 0.176419 0.613171
    13 2.036090 0.997452 1.937661 1.589834 -1.181758 2.950147
    14 6.028141 0.000011 0.000000 -1.890562 0.322312 -0.858732
    15 11.692581 -0.000001 -0.000008 -0.086121 0.307549 -0.597047
    16 11.481684 0.000000 -0.000031 1.202834 -0.185435 0.250543
    17 2.036090 0.997453 -1.937661 -1.661850 1.265482 2.949865
    18 6.028137 -0.000008 0.000000 1.596228 -0.008709 -0.749555
    19 11.692554 0.000000 0.000019 0.087286 -0.458450 -0.461533
    20 11.481705 0.000000 0.000011 -1.577623 0.228762 0.158144
    21 2.000004 -3.000000 0.000000 -1.570796 0.000000 -1.326450
    22 2.676084 -1.712437 0.000000 -1.570796 0.000000 -1.571118
    23 2.676081 -1.712433 0.000000 1.570790 -0.000001 1.570689
    24 6.879441 -0.000010 0.000000 -0.007299 -0.002951 -0.584373
    25 6.879432 -0.000013 0.000000 -0.076240 -0.028536 -0.905777
    26 3.859711 -0.142445 -1.191958 -0.393742 -0.039948 -1.799896
    27 1.312550 0.000008 0.000004 -0.263492 0.343800 -1.310725
    28 0.729370 0.000006 0.000000 -0.003382 -0.003641 -2.635735
    29 3.942335 0.046738 -0.431422 -0.185475 0.064993 -1.487177
    30 1.539124 0.000015 -0.000015 -0.004462 0.000013 -1.816163
    31 1.196327 0.000032 -0.000010 -0.006979 -0.002302 -2.321386
    32 3.881363 -0.043152 0.427624 -0.013082 0.161705 -1.322997
    33 1.719578 -0.000004 0.000004 -0.005427 -0.000939 -2.109966
    34 1.209160 -0.000010 -0.000011 -0.002831 -0.001189 -2.185007
    35 3.863464 -0.136498 1.332175 0.341517 0.052408 -0.853680
    36 1.719427 0.000031 -0.000031 -0.003539 0.002032 -1.414127
    37 1.099674 -0.000004 -0.000011 -0.002401 -0.000956 -2.193395
    38 0.807566 -0.347147 1.320592 -1.257465 -0.204124 -0.640228
    39 1.789783 -0.000007 0.000004 -0.000009 0.007379 0.228539
    40 1.207018 0.000015 -0.000008 0.005710 0.009706 0.894599
    41 11.481726 -0.000012 -0.000038 0.001269 0.000000 -0.000005
    42 3.859663 -0.132561 1.193130 0.222655 0.063616 -1.852410
    43 1.312580 -0.000006 0.000003 0.002431 -0.011684 -0.645393
    44 0.729366 -0.000008 -0.000001 0.005147 0.003308 -2.386415
    45 3.942284 0.050331 0.431063 0.092910 0.032752 -1.715746
    46 1.539131 -0.000004 0.000002 0.004792 -0.003358 -1.208600
    47 1.196323 0.000004 0.000005 0.007625 0.005927 -2.662373
    48 3.881350 -0.046456 -0.429353 0.005429 -0.066314 -1.611929
    49 1.719599 0.000008 0.000010 0.006389 -0.004768 -1.297116
    50 1.209183 0.000010 0.000010 -0.104994 -0.034776 -2.348804
    51 3.863456 -0.147312 -1.329162 -0.168676 -0.047090 -1.650706
    52 1.719425 0.000011 0.000011 0.004889 -0.004467 -1.194317
    53 1.099663 0.000011 0.000010 0.003332 0.002542 -2.467489
    54 0.807570 -0.358068 -1.318047 1.257299 0.197522 -0.913537
    55 1.789780 -0.000011 0.000008 0.000649 -0.006265 0.125751
    56 1.207003 0.000001 -0.000008 -0.009191 -0.002827 1.635083
    57 11.481689 -0.000073 -0.000004 0.000155 0.000000 -0.000014
  time 4
    0 2.001623 -23.910886 32.359693 1.672586 0.047200 -3.769141
    1 3.890447 0.000000 0.000000 -1.779107 -0.723175 -0.960855
    2 17.848156 0.000000 0.000000 0.177934 0.363290 1.077550
    3 16.525240 0.000000 0.000000 -0.223369 -0.276072 -1.308024
    4 -3.890447 0.000000 0.000000 -1.941535 -0.551848 -1.559913
    5 17.848167 0.000000 0.000000 -0.273484 0.081633 1.297589
    6 16.525238 0.000000 0.000000 0.358456 0.161174 -1.368094
    7 0.000000 3.345131 -2.981898 1.570793 0.086297 1.570793
    8 4.015370 0.000000 0.000000 0.000000 0.000000 0.147185
    9 3.520298 0.000000 0.000000 0.000000 0.000000 0.350544
    10 8.940987 0.000000 0.000000 0.000000 0.000000 0.194090
    11 3.306377 -0.000001 0.000000 3.141590 0.000000 0.400476
    12 3.594185 0.000000 0.000000 0.414015 0.127109 0.630194
    13 2.036090 0.997452 1.937661 1.589269 -1.166539 2.950813
    14 6.028141 0.000011 0.000000 -1.934251 0.447794 -0.899962
    15 11.692581 -0.000001 -0.000008 0.274246 0.360817 -0.325206
    16 11.481684 0.000000 -0.000031 1.149638 -0.230987 0.180102
    17 2.036090 0.997453 -1.937661 -1.644830 1.191573 2.967930
    18 6.028137 -0.000008 0.000000 1.681843 -0.081346 -0.745909
    19 11.692554 0.000000 0.000019 0.086349 -0.317428 -0.166471
    20 11.481705 0.000000 0.000011 -1.506293 0.207990 0.085304
    21 2.000004 -3.000000 0.000000 -1.570796 0.000000 -1.326450
    22 2.676084 -1.712437 0.000000 -1.570796 0.000000 -1.571118
    23 2.676081 -1.712433 0.000000 1.570790 -0.000001 1.570689
    24 6.879441 -0.000010 0.000000 -0.007299 -0.002951 -0.584373
    25 6.879432 -0.000013 0.000000 -0.072201 -0.037596 -1.027493
    26 3.859711 -0.142445 -1.191958 -0.393728 -0.040112 -1.799896
    27 1.312550 0.000008 0.000004 -0.264559 0.343129 -1.313749
    28 0.729370 0.000006 0.000000 -0.003382 -0.003641 -2.635735
    29 3.942335 0.046738 -0.431422 -0.185511 0.064370 -1.490467
    30 1.539124 0.000015 -0.000015 -0.004462 0.000025 -1.815493
    31 1.196327 0.000032 -0.000010 -0.006895 -0.002529 -2.353997
    32 3.881363 -0.043152 0.427624 -0.013082 0.161705 -1.322997
    33 1.719578 -0.000004 0.000004 -0.005427 -0.000927 -2.108475
    34 1.209160 -0.000010 -0.000011 -0.002831 -0.001189 -2.185007
    35 3.863464 -0.136498 1.332175 0.328502 0.073669 -0.960091
    36 1.719427 0.000031 -0.000031 -0.003707 0.001708 -1.504513
    37 1.099674 -0.000004 -0.000011 -0.002401 -0.000956 -2.196580
    38 0.807566 -0.347147 1.320592 -1.255979 -0.203284 -0.662599
    39 1.789783 -0.000007 0.000004 -0.000009 0.007379 0.228539
    40 1.207018 0.000015 -0.000008 0.006322 0.009322 0.958806
    41 11.481726 -0.000012 -0.000038 0.001269 0.000000 -0.000005
    42 3.859663 -0.132561 1.193130 0.222655 0.063616 -1.852410
    43 1.312580 -0.000006 0.000003 0.002431 -0.011684 -0.645393
    44 0.729366 -0.000008 -0.000001 0.005147 0.003308 -2.386415
    45 3.942284 0.050331 0.431063 0.092910 0.032752 -1.715746
    46 1.539131 -0.000004 0.000002 0.004792 -0.003358 -1.208600
    47 1.196323 0.000004 0.000005 0.007625 0.005927 -2.662373
    48 3.881350 -0.046456 -0.429353 0.005429 -0.066314 -1.611929
    49 1.719599 0.000008 0.000010 0.006389 -0.004768 -1.297116
    50 1.209183 0.000010 0.000010 -0.104994 -0.034776 -2.348738
    51 3.863456 -0.147312 -1.329162 -0.168676 -0.047090 -1.650706
    52 1.719425 0.000011 0.000011 0.004889 -0.004467 -1.194317
    53 1.099663 0.000011 0.000010 0.003332 0.002542 -2.467489
    54 0.807570 -0.358068 -1.318047 1.257299 0.197522 -0.913537
    55 1.789780 -0.000011 0.000008 0.000649 -0.006265 0.125751
    56 1.207003 0.000001 -0.000008 -0.009191 -0.002827 1.635083
    57 11.481689 -0.000073 -0.000004 0.000155 0.000000 -0.000014
  time 5
    0 2.001623 -23.410871 30.504168 1.720738 0.062020 -3.675245
    1 3.890447 0.000000 0.000000 -1.845606 -0.890329 -0.880136
    2 17.848156 0.000000 0.000000 0.246537 0.348770 1.290434
    3 16.525240 0.000000 0.000000 -0.174665 -0.247290 -1.402737
    4 -3.890447 0.000000 0.000000 -1.950932 -0.587206 -1.543903
    5 17.848167 0.000000 0.000000 -0.246692 0.100335 1.431001
    6 16.525238 0.000000 0.000000 0.356714 0.131272 -1.484556
    7 0.000000 3.345131 -2.981898 1.570793 0.086297 1.570793
    8 4.015370 0.000000 0.000000 0.000000 0.000000 0.208280
    9 3.520298 0.000000 0.000000 0.000000 0.000000 0.350544
    10 8.940987 0.000000 0.000000 0.000000 0.000000 0.194090
    11 3.306377 -0.000001 0.000000 3.141590 0.000000 0.400476
    12 3.594185 0.000000 0.000000 0.306261 0.091459 0.667769
    13 2.036090 0.997452 1.937661 1.589080 -1.161140 2.951003
    14 6.028141 0.000011 0.000000 -1.974762 0.461599 -0.942931
    15 11.692581 -0.000001 -0.000008 0.457943 0.173861 -0.101338
    16 11.481684 0.000000 -0.000031 1.135048 -0.171150 0.028230
    17 2.036090 0.997453 -1.937661 -1.640248 1.165423 2.972916
    18 6.028137 -0.000008 0.000000 1.752704 -0.183674 -0.835079
    19 11.692554 0.000000 0.000019 0.116786 -0.147386 -0.056566
    20 11.481705 0.000000 0.000011 -1.474227 0.090831 -0.083044
    21 2.000004 -3.000000 0.000000 -1.570796 0.000000 -1.326450
    22 2.676084 -1.712437 0.000000 -1.570796 0.000000 -1.571118
    23 2.676081 -1.712433 0.000000 1.570790 -0.000001 1.570689
    24 6.879441 -0.000010 0.000000 -0.007299 -0.002951 -0.584373
    25 6.879432 -0.000013 0.000000 -0.070523 -0.040665 -1.070427
    26 3.859711 -0.142445 -1.191958 -0.393728 -0.040381 -1.799858
    27 1.312550 0.000008 0.000004 -0.265889 0.342302 -1.317536
    28 0.729370 0.000006 0.000000 -0.003382 -0.003641 -2.635808
    29 3.942335 0.046738 -0.431422 -0.185535 0.063579 -1.494605
    30 1.539124 0.000015 -0.000015 -0.004462 0.000025 -1.814440
    31 1.196327 0.000032 -0.000010 -0.006787 -0.002805 -2.394837
    32 3.881363 -0.043152 0.427624 -0.013082 0.161705 -1.322997
    33 1.719578 -0.000004 0.000004 -0.005427 -0.000915 -2.105973
    34 1.209160 -0.000010 -0.000011 -0.002831 -0.001189 -2.185007
    35 3.863464 -0.136498 1.332175 0.310777 0.096284 -1.083224
    36 1.719427 0.000031 -0.000031 -0.003863 0.001313 -1.608401
    37 1.099674 -0.000004 -0.000011 -0.002389 -0.000968 -2.200320
    38 0.807566 -0.347147 1.320592 -1.254282 -0.202295 -0.688204
    39 1.789783 -0.000007 0.000004 -0.000009 0.007379 0.228539
    40 1.207018 0.000015 -0.000008 0.006981 0.008831 1.032430
    41 11.481726 -0.000012 -0.000038 0.001269 0.000000 -0.000005
    42 3.859663 -0.132561 1.193130 0.222655 0.063616 -1.852410
    43 1.312580 -0.000006 0.000003 0.002431 -0.011684 -0.645393
    44 0.729366 -0.000008 -0.000001 0.005147 0.003308 -2.386415
    45 3.942284 0.050331 0.431063 0.092910 0.032752 -1.715746
    46 1.539131 -0.000004 0.000002 0.004792 -0.003358 -1.208600
    47 1.196323 0.000004 0.000005 0.007625 0.005915 -2.662373
    48 3.881350 -0.046456 -0.429353 0.005429 -0.066314 -1.611929
    49 1.719599 0.000008 0.000010 0.006389 -0.004768 -1.297116
    50 1.209183 0.000010 0.000010 -0.104994 -0.034776 -2.348738
    51 3.863456 -0.147312 -1.329162 -0.168676 -0.047090 -1.650742
    52 1.719425 0.000011 0.000011 0.004889 -0.004467 -1.194317
    53 1.099663 0.000011 0.000010 0.003332 0.002542 -2.467556
    54 0.807570 -0.358068 -1.318047 1.257299 0.197522 -0.913537
    55 1.789780 -0.000011 0.000008 0.000649 -0.006265 0.125751
    56 1.207003 0.000001 -0.000008 -0.009191 -0.002827 1.635083
    57 11.481689 -0.000073 -0.000004 0.000155 0.000000 -0.000014
  time 6
    0 2.001623 -22.656941 28.785365 1.766187 0.072385 -3.586979
    1 3.890447 0.000000 0.000000 -1.927053 -1.033079 -0.805538
    2 17.848156 0.000000 0.000000 0.284507 0.311041 1.469274
    3 16.525240 0.000000 0.000000 -0.130464 -0.209098 -1.490420
    4 -3.890447 0.000000 0.000000 -1.877467 -0.594474 -1.574502
    5 17.848167 0.000000 0.000000 -0.160224 0.105754 1.520560
    6 16.525238 0.000000 0.000000 0.348089 0.082933 -1.634898
    7 0.000000 3.345131 -2.981898 1.570793 0.086297 1.570793
    8 4.015370 0.000000 0.000000 0.000000 0.000000 0.273027
    9 3.520298 0.000000 0.000000 0.000000 0.000000 0.350544
    10 8.940987 0.000000 0.000000 0.000000 0.000000 0.194090
    11 3.306377 -0.000001 0.000000 3.141590 0.000000 0.400476
    12 3.594185 0.000000 0.000000 0.266282 0.075597 0.718565
    13 2.036090 0.997452 1.937661 1.590305 -1.191422 2.949671
    14 6.028141 0.000011 0.000000 -1.968085 0.328205 -0.895955
    15 11.692581 -0.000001 -0.000008 0.431262 0.288156 -0.170740
    16 11.481684 0.000000 -0.000031 1.156371 -0.258938 0.072639
    17 2.036090 0.997453 -1.937661 -1.645392 1.194737 2.967365
    18 6.028137 -0.000008 0.000000 1.778060 -0.025013 -0.910238
    19 11.692554 0.000000 0.000019 0.155439 -0.020421 -0.010812
    20 11.481705 0.000000 0.000011 -1.430636 -0.019256 -0.055774
    21 2.000004 -3.000000 0.000000 -1.570796 0.000000 -1.326450
    22 2.676084 -1.712437 0.000000 -1.570796 0.000000 -1.571118
    23 2.676081 -1.712433 0.000000 1.570790 -0.000001 1.570689
    24 6.879441 -0.000010 0.000000 -0.007299 -0.002951 -0.584373
    25 6.879432 -0.000013 0.000000 -0.071518 -0.038879 -1.045310
    26 3.859711 -0.142445 -1.191958 -0.393728 -0.040800 -1.799745
    27 1.312550 0.000008 0.000004 -0.267435 0.341308 -1.321974
    28 0.729370 0.000006 0.000000 -0.003382 -0.003641 -2.635735
    29 3.942335 0.046738 -0.431422 -0.185559 0.062608 -1.499459
    30 1.539124 0.000015 -0.000015 -0.004462 0.000037 -1.812716
    31 1.196327 0.000032 -0.000010 -0.006644 -0.003129 -2.442838
    32 3.881363 -0.043152 0.427624 -0.013082 0.161705 -1.322997
    33 1.719578 -0.000004 0.000004 -0.005427 -0.000891 -2.101927
    34 1.209160 -0.000010 -0.000011 -0.002831 -0.001189 -2.185007
    35 3.863464 -0.136498 1.332175 0.289013 0.117700 -1.214549
    36 1.719427 0.000031 -0.000031 -0.003983 0.000881 -1.718592
    37 1.099674 -0.000004 -0.000011 -0.002389 -0.000980 -2.204267
    38 0.807566 -0.347147 1.320592 -1.252516 -0.201193 -0.715305
    39 1.789783 -0.000007 0.000004 -0.000009 0.007379 0.228539
    40 1.207018 0.000015 -0.000008 0.007652 0.008256 1.110450
    41 11.481726 -0.000012 -0.000038 0.001269 0.000000 -0.000005
    42 3.859663 -0.132561 1.193130 0.222655 0.063616 -1.852410
    43 1.312580 -0.000006 0.000003 0.002431 -0.011684 -0.645393
    44 0.729366 -0.000008 -0.000001 0.005147 0.003308 -2.386415
    45 3.942284 0.050331 0.431063 0.092910 0.032752 -1.715746
    46 1.539131 -0.000004 0.000002 0.004792 -0.003358 -1.208600
    47 1.196323 0.000004 0.000005 0.007625 0.005927 -2.662305
    48 3.881350 -0.046456 -0.429353 0.005429 -0.066314 -1.611929
    49 1.719599 0.000008 0.000010 0.006389 -0.004768 -1.297116
    50 1.209183 0.000010 0.000010 -0.104994 -0.034776 -2.348738
    51 3.863456 -0.147312 -1.329162 -0.168676 -0.047090 -1.650742
    52 1.719425 0.000011 0.000011 0.004889 -0.004467 -1.194317
    53 1.099663 0.000011 0.000010 0.003332 0.002542 -2.467489
    54 0.807570 -0.358068 -1.318047 1.257299 0.197522 -0.913537
    55 1.789780 -0.000011 0.000008 0.000649 -0.006265 0.125751
    56 1.207003 0.000001 -0.000008 -0.009191 -0.002827 1.635083
    57 11.481689 -0.000073 -0.000004 0.000155 0.000000 -0.000014
  time 7
    0 2.001623 -21.641285 27.433761 1.801810 0.078596 -3.516844
    1 3.890447 0.000000 0.000000 -1.989623 -1.133270 -0.759249
    2 17.848156 0.000000 0.000000 0.298002 0.269314 1.604859
    3 16.525240 0.000000 0.000000 -0.095183 -0.175991 -1.574244
    4 -3.890447 0.000000 0.000000 -1.765752 -0.560688 -1.630964
    5 17.848167 0.000000 0.000000 -0.040255 0.119241 1.545080
    6 16.525238 0.000000 0.000000 0.353211 -0.013941 -1.791744
    7 0.000000 3.345131 -2.981898 1.570793 0.086297 1.570793
    8 4.015370 0.000000 0.000000 0.000000 0.000000 0.336000
    9 3.520298 0.000000 0.000000 0.000000 0.000000 0.350544
    10 8.940987 0.000000 0.000000 0.000000 0.000000 0.194090
    11 3.306377 -0.000001 0.000000 3.141590 0.000000 0.400476
    12 3.594185 0.000000 0.000000 0.263898 0.069451 0.803544
    13 2.036090 0.997452 1.937661 1.594169 -1.256249 2.945581
    14 6.028141 0.000011 0.000000 -1.975693 -0.066001 -0.982948
    15 11.692581 -0.000001 -0.000008 0.388915 0.159023 -0.106943
    16 11.481684 0.000000 -0.000031 1.173475 -0.277096 0.068405
    17 2.036090 0.997453 -1.937661 -1.659699 1.257332 2.952217
    18 6.028137 -0.000008 0.000000 1.766853 0.242153 -0.902269
    19 11.692554 0.000000 0.000019 0.204238 -0.046357 -0.033570
    20 11.481705 0.000000 0.000011 -1.383203 -0.021035 0.099348
    21 2.000004 -3.000000 0.000000 -1.570796 0.000000 -1.326450
    22 2.676084 -1.712437 0.000000 -1.570796 0.000000 -1.571118
    23 2.676081 -1.712433 0.000000 1.570790 -0.000001 1.570689
    24 6.879441 -0.000010 0.000000 -0.007299 -0.002951 -0.584373
    25 6.879432 -0.000013 0.000000 -0.074094 -0.033701 -0.974424
    26 3.859711 -0.142445 -1.191958 -0.393714 -0.041398 -1.799595
    27 1.312550 0.000008 0.000004 -0.269149 0.340193 -1.326891
    28 0.729370 0.000006 0.000000 -0.003382 -0.003641 -2.635735
    29 3.942335 0.046738 -0.431422 -0.185571 0.061505 -1.504835
    30 1.539124 0.000015 -0.000015 -0.004462 0.000049 -1.810179
    31 1.196327 0.000032 -0.000010 -0.006464 -0.003488 -2.496859
    32 3.881363 -0.043152 0.427624 -0.013082 0.161705 -1.322997
    33 1.719578 -0.000004 0.000004 -0.005439 -0.000867 -2.096071
    34 1.209160 -0.000010 -0.000011 -0.002831 -0.001189 -2.185007
    35 3.863464 -0.136498 1.332175 0.265427 0.135521 -1.342221
    36 1.719427 0.000031 -0.000031 -0.004055 0.000450 -1.825358
    37 1.099674 -0.000004 -0.000011 -0.002389 -0.000992 -2.208076
    38 0.807566 -0.347147 1.320592 -1.250855 -0.200073 -0.741704
    39 1.789783 -0.000007 0.000004 -0.000009 0.007379 0.228539
    40 1.207018 0.000015 -0.000008 0.008251 0.007656 1.186272
    41 11.481726 -0.000012 -0.000038 0.001269 0.000000 -0.000005
    42 3.859663 -0.132561 1.193130 0.222655 0.063616 -1.852410
    43 1.312580 -0.000006 0.000003 0.002431 -0.011684 -0.645393
    44 0.729366 -0.000008 -0.000001 0.005147 0.003308 -2.386415
    45 3.942284 0.050331 0.431063 0.092910 0.032752 -1.715746
    46 1.539131 -0.000004 0.000002 0.004792 -0.003358 -1.208600
    47 1.196323 0.000004 0.000005 0.007625 0.005927 -2.662305
    48 3.881350 -0.046456 -0.429353 0.005429 -0.066314 -1.611929
    49 1.719599 0.000008 0.000010 0.006389 -0.004768 -1.297116
    50 1.209183 0.000010 0.000010 -0.104994 -0.034776 -2.348738
    51 3.863456 -0.147312 -1.329162 -0.168676 -0.047090 -1.650706
    52 1.719425 0.000011 0.000011 0.004889 -0.004467 -1.194317
    53 1.099663 0.000011 0.000010 0.003332 0.002542 -2.467556
    54 0.807570 -0.358068 -1.318047 1.257299 0.197522 -0.913537
    55 1.789780 -0.000011 0.000008 0.000649 -0.006265 0.125751
    56 1.207003 0.000001 -0.000008 -0.009191 -0.002827 1.635083
    57 11.481689 -0.000073 -0.000004 0.000155 0.000000 -0.000014
  time 8
    0 2.001623 -20.383435 26.593892 1.823429 0.082579 -3.472091
    1 3.890447 0.000000 0.000000 -1.995468 -1.179597 -0.771491
    2 17.848156 0.000000 0.000000 0.298386 0.237439 1.695863
    3 16.525240 0.000000 0.000000 -0.066304 -0.153919 -1.657411
    4 -3.890447 0.000000 0.000000 -1.654701 -0.493606 -1.694625
    5 17.848167 0.000000 0.000000 0.067179 0.128449 1.511819
    6 16.525238 0.000000 0.000000 0.381342 -0.119211 -1.930975
    7 0.000000 3.345131 -2.981898 1.570793 0.086297 1.570793
    8 4.015370 0.000000 0.000000 0.000000 0.000000 0.388588
    9 3.520298 0.000000 0.000000 0.000000 0.000000 0.350544
    10 8.940987 0.000000 0.000000 0.000000 0.000000 0.194090
    11 3.306377 -0.000001 0.000000 3.141590 0.000000 0.400476
    12 3.594185 0.000000 0.000000 0.266465 0.069149 0.908919
    13 2.036090 0.997452 1.937661 1.596619 -1.286515 2.943012
    14 6.028141 0.000011 0.000000 -1.945165 -0.401072 -1.054863
    15 11.692581 -0.000001 -0.000008 0.317361 0.020567 -0.016027
    16 11.481684 0.000000 -0.000031 1.197537 -0.286176 0.001252
    17 2.036090 0.997453 -1.937661 -1.668395 1.286515 2.942997
    18 6.028137 -0.000008 0.000000 1.734140 0.505029 -0.930447
    19 11.692554 0.000000 0.000019 0.238039 -0.017875 -0.017631
    20 11.481705 0.000000 0.000011 -1.331727 0.009122 0.172061
    21 2.000004 -3.000000 0.000000 -1.570796 0.000000 -1.326450
    22 2.676084 -1.712437 0.000000 -1.570796 0.000000 -1.571118
    23 2.676081 -1.712433 0.000000 1.570790 -0.000001 1.570689
    24 6.879441 -0.000010 0.000000 -0.007299 -0.002951 -0.584373
    25 6.879432 -0.000013 0.000000 -0.076851 -0.026810 -0.883299
    26 3.859711 -0.142445 -1.191958 -0.393714 -0.042206 -1.799369
    27 1.312550 0.000008 0.000004 -0.270971 0.338947 -1.332205
    28 0.729370 0.000006 0.000000 -0.003382 -0.003641 -2.635808
    29 3.942335 0.046738 -0.431422 -0.185559 0.060259 -1.510667
    30 1.539124 0.000015 -0.000015 -0.004462 0.000061 -1.806684
    31 1.196327 0.000032 -0.000010 -0.006248 -0.003860 -2.555071
    32 3.881363 -0.043152 0.427624 -0.013082 0.161705 -1.322997
    33 1.719578 -0.000004 0.000004 -0.005439 -0.000820 -2.087925
    34 1.209160 -0.000010 -0.000011 -0.002831 -0.001189 -2.185007
    35 3.863464 -0.136498 1.332175 0.244286 0.147901 -1.448223
    36 1.719427 0.000031 -0.000031 -0.004079 0.000090 -1.913908
    37 1.099674 -0.000004 -0.000011 -0.002377 -0.000992 -2.211330
    38 0.807566 -0.347147 1.320592 -1.249474 -0.199121 -0.763799
    39 1.789783 -0.000007 0.000004 -0.000009 0.007379 0.228539
    40 1.207018 0.000015 -0.000008 0.008719 0.007117 1.249496
    41 11.481726 -0.000012 -0.000038 0.001269 0.000000 -0.000005
    42 3.859663 -0.132561 1.193130 0.222655 0.063616 -1.852410
    43 1.312580 -0.000006 0.000003 0.002431 -0.011684 -0.645393
    44 0.729366 -0.000008 -0.000001 0.005147 0.003308 -2.386415
    45 3.942284 0.050331 0.431063 0.092910 0.032752 -1.715746
    46 1.539131 -0.000004 0.000002 0.004792 -0.003358 -1.208600
    47 1.196323 0.000004 0.000005 0.007625 0.005927 -2.662305
    48 3.881350 -0.046456 -0.429353 0.005429 -0.066314 -1.611929
    49 1.719599 0.000008 0.000010 0.006389 -0.004768 -1.297116
    50 1.209183 0.000010 0.000010 -0.104994 -0.034776 -2.348738
    51 3.863456 -0.147312 -1.329162 -0.168676 -0.047090 -1.650706
    52 1.719425 0.000011 0.000011 0.004889 -0.004467 -1.194317
    53 1.099663 0.000011 0.000010 0.003332 0.002542 -2.467489
    54 0.807570 -0.358068 -1.318047 1.257299 0.197522 -0.913537
    55 1.789780 -0.000011 0.000008 0.000649 -0.006265 0.125751
    56 1.207003 0.000001 -0.000008 -0.009191 -0.002827 1.635083
    57 11.481689 -0.000073 -0.000004 0.000155 0.000000 -0.000014
  time 9
    0 2.001623 -18.922452 26.312633 1.829653 0.086006 -3.455201
    1 3.890447 0.000000 0.000000 -1.933185 -1.167004 -0.849245
    2 17.848156 0.000000 0.000000 0.296085 0.222404 1.742065
    3 16.525240 0.000000 0.000000 -0.040666 -0.145772 -1.739291
    4 -3.890447 0.000000 0.000000 -1.586077 -0.400350 -1.738297
    5 17.848167 0.000000 0.000000 0.129503 0.135763 1.426260
    6 16.525238 0.000000 0.000000 0.418418 -0.190701 -2.014853
    7 0.000000 3.345131 -2.981898 1.570793 0.086297 1.570793
    8 4.015370 0.000000 0.000000 0.000000 0.000000 0.413604
    9 3.520298 0.000000 0.000000 0.000000 0.000000 0.350544
    10 8.940987 0.000000 0.000000 0.000000 0.000000 0.194090
    11 3.306377 -0.000001 0.000000 3.141590 0.000000 0.400476
    12 3.594185 0.000000 0.000000 0.272281 0.078866 0.955406
    13 2.036090 0.997452 1.937661 1.596619 -1.286515 2.943012
    14 6.028141 0.000011 0.000000 -1.976464 -0.613710 -0.961437
    15 11.692581 -0.000001 -0.000008 0.179598 0.099456 -0.088397
    16 11.481684 0.000000 -0.000031 1.271248 -0.349112 0.026429
    17 2.036090 0.997453 -1.937661 -1.668395 1.286515 2.942997
    18 6.028137 -0.000008 0.000000 1.705652 0.727060 -0.912581
    19 11.692554 0.000000 0.000019 0.253643 -0.060357 -0.098672
    20 11.481705 0.000000 0.000011 -1.296466 0.146341 0.198112
    21 2.000004 -3.000000 0.000000 -1.570796 0.000000 -1.326450
    22 2.676084 -1.712437 0.000000 -1.570796 0.000000 -1.571118
    23 2.676081 -1.712433 0.000000 1.570790 -0.000001 1.570689
    24 6.879441 -0.000010 0.000000 -0.007299 -0.002951 -0.584373
    25 6.879432 -0.000013 0.000000 -0.078565 -0.021297 -0.812479
    26 3.859711 -0.142445 -1.191958 -0.393728 -0.043252 -1.799029
    27 1.312550 0.000008 0.000004 -0.272852 0.337628 -1.337716
    28 0.729370 0.000006 0.000000 -0.003382 -0.003641 -2.635808
    29 3.942335 0.046738 -0.431422 -0.185511 0.058917 -1.516661
    30 1.539124 0.000015 -0.000015 -0.004462 0.000085 -1.802040
    31 1.196327 0.000032 -0.000010 -0.006008 -0.004231 -2.615645
    32 3.881363 -0.043152 0.427624 -0.013082 0.161705 -1.322997
    33 1.719578 -0.000004 0.000004 -0.005451 -0.000760 -2.077118
    34 1.209160 -0.000010 -0.000011 -0.002831 -0.001189 -2.185007
    35 3.863464 -0.136498 1.332175 0.233884 0.152947 -1.498289
    36 1.719427 0.000031 -0.000031 -0.004079 -0.000089 -1.955800
    37 1.099674 -0.000004 -0.000011 -0.002377 -0.001004 -2.212854
    38 0.807566 -0.347147 1.320592 -1.248809 -0.198673 -0.774347
    39 1.789783 -0.000007 0.000004 -0.000009 0.007379 0.228539
    40 1.207018 0.000015 -0.000008 0.008934 0.006853 1.279516
    41 11.481726 -0.000012 -0.000038 0.001269 0.000000 -0.000005
    42 3.859663 -0.132561 1.193130 0.222655 0.063616 -1.852410
    43 1.312580 -0.000006 0.000003 0.002431 -0.011684 -0.645393
    44 0.729366 -0.000008 -0.000001 0.005147 0.003308 -2.386415
    45 3.942284 0.050331 0.431063 0.092910 0.032752 -1.715746
    46 1.539131 -0.000004 0.000002 0.004792 -0.003358 -1.208600
    47 1.196323 0.000004 0.000005 0.007625 0.005927 -2.662305
    48 3.881350 -0.046456 -0.429353 0.005429 -0.066314 -1.611929
    49 1.719599 0.000008 0.000010 0.006389 -0.004768 -1.297116
    50 1.209183 0.000010 0.000010 -0.104994 -0.034776 -2.348738
    51 3.863456 -0.147312 -1.329162 -0.168676 -0.047090 -1.650706
    52 1.719425 0.000011 0.000011 0.004889 -0.004467 -1.194317
    53 1.099663 0.000011 0.000010 0.003332 0.002542 -2.467489
    54 0.807570 -0.358068 -1.318047 1.257299 0.197522 -0.913537
    55 1.789780 -0.000011 0.000008 0.000649 -0.006265 0.125751
    56 1.207003 0.000001 -0.000008 -0.009191 -0.002827 1.635083
    57 11.481689 -0.000073 -0.000004 0.000155 0.000000 -0.000014
  time 10
    0 2.001623 -16.684103 27.800960 1.791246 0.082579 -3.455201
    1 3.890447 0.000000 0.000000 -1.744133 -1.013822 -1.076003
    2 17.848156 0.000000 0.000000 0.268039 0.220290 1.647524
    3 16.525240 0.000000 0.000000 -0.012291 -0.151598 -1.792278
    4 -3.890447 0.000000 0.000000 -1.565955 -0.204900 -1.762454
    5 17.848167 0.000000 0.000000 0.122441 0.135437 1.167361
    6 16.525238 0.000000 0.000000 0.414399 -0.220505 -1.940042
    7 0.000000 3.345131 -2.981898 1.570793 0.086297 1.570793
    8 4.015370 0.000000 0.000000 0.000000 0.000000 0.413604
    9 3.520298 0.000000 0.000000 0.000000 0.000000 0.350544
    10 8.940987 0.000000 0.000000 0.000000 0.000000 0.194090
    11 3.306377 -0.000001 0.000000 3.141590 0.000000 0.400476
    12 3.594185 0.000000 0.000000 0.301833 0.093680 0.946885
    13 2.036090 0.997452 1.937661 1.596619 -1.286515 2.943012
    14 6.028141 0.000011 0.000000 -2.067951 -0.888081 -0.790719
    15 11.692581 -0.000001 -0.000008 0.001464 0.148633 -0.160190
    16 11.481684 0.000000 -0.000031 1.403676 -0.454469 0.071918
    17 2.036090 0.997453 -1.937661 -1.668395 1.286515 2.942997
    18 6.028137 -0.000008 0.000000 1.665391 0.996886 -0.903258
    19 11.692554 0.000000 0.000019 0.240189 -0.027350 -0.100020
    20 11.481705 0.000000 0.000011 -1.352026 0.279824 0.007606
    21 2.000004 -3.000000 0.000000 -1.570796 0.000000 -1.326450
    22 2.676084 -1.712437 0.000000 -1.570796 0.000000 -1.571118
    23 2.676081 -1.712433 0.000000 1.570790 -0.000001 1.570689
    24 6.879441 -0.000010 0.000000 -0.007299 -0.002951 -0.584373
    25 6.879432 -0.000013 0.000000 -0.079068 -0.019320 -0.787396
    26 3.859711 -0.142445 -1.191958 -0.393742 -0.044598 -1.798502
    27 1.312550 0.000008 0.000004 -0.274710 0.336262 -1.343199
    28 0.729370 0.000006 0.000000 -0.003382 -0.003641 -2.635808
    29 3.942335 0.046738 -0.431422 -0.185439 0.057502 -1.522689
    30 1.539124 0.000015 -0.000015 -0.004450 0.000109 -1.796055
    31 1.196327 0.000032 -0.000010 -0.005733 -0.004591 -2.676218
    32 3.881363 -0.043152 0.427624 -0.013082 0.161705 -1.322997
    33 1.719578 -0.000004 0.000004 -0.005463 -0.000688 -2.063223
    34 1.209160 -0.000010 -0.000011 -0.002831 -0.001189 -2.185007
    35 3.863464 -0.136498 1.332175 0.233884 0.152947 -1.498289
    36 1.719427 0.000031 -0.000031 -0.004079 -0.000089 -1.955800
    37 1.099674 -0.000004 -0.000011 -0.002377 -0.001004 -2.212854
    38 0.807566 -0.347147 1.320592 -1.248809 -0.198655 -0.774347
    39 1.789783 -0.000007 0.000004 -0.000009 0.007379 0.228539
    40 1.207018 0.000015 -0.000008 0.008934 0.006853 1.279516
    41 11.481726 -0.000012 -0.000038 0.001269 0.000000 -0.000005
    42 3.859663 -0.132561 1.193130 0.222655 0.063616 -1.852410
    43 1.312580 -0.000006 0.000003 0.002431 -0.011684 -0.645393
    44 0.729366 -0.000008 -0.000001 0.005147 0.003308 -2.386415
    45 3.942284 0.050331 0.431063 0.092910 0.032752 -1.715746
    46 1.539131 -0.000004 0.000002 0.004792 -0.003358 -1.208600
    47 1.196323 0.000004 0.000005 0.007625 0.005927 -2.662305
    48 3.881350 -0.046456 -0.429353 0.005429 -0.066314 -1.611929
    49 1.719599 0.000008 0.000010 0.006389 -0.004768 -1.297116
    50 1.209183 0.000010 0.000010 -0.104994 -0.034776 -2.348738
    51 3.863456 -0.147312 -1.329162 -0.168676 -0.047090 -1.650706
    52 1.719425 0.000011 0.000011 0.004889 -0.004467 -1.194317
    53 1.099663 0.000011 0.000010 0.003332 0.002542 -2.467489
    54 0.807570 -0.358068 -1.318047 1.257299 0.197522 -0.913537
    55 1.789780 -0.000011 0.000008 0.000649 -0.006265 0.125751
    56 1.207003 0.000001 -0.000008 -0.009191 -0.002827 1.635083
    57 11.481689 -0.000073 -0.000004 0.000155 0.000000 -0.000014
  time 11
    0 2.001623 -12.992584 32.148749 1.679711 0.066389 -3.459972
    1 3.890447 0.000000 0.000000 -1.580186 -0.610162 -1.317202
    2 17.848156 0.000000 0.000000 0.178653 0.205951 1.254474
    3 16.525240 0.000000 0.000000 0.001603 -0.170196 -1.727145
    4 -3.890447 0.000000 0.000000 -1.691623 0.150347 -1.775906
    5 17.848167 0.000000 0.000000 -0.069077 0.096912 0.638749
    6 16.525238 0.000000 0.000000 0.375065 -0.091863 -1.389394
    7 0.000000 3.345131 -2.981898 1.570793 0.086297 1.570793
    8 4.015370 0.000000 0.000000 0.000000 0.000000 0.306973
    9 3.520298 0.000000 0.000000 0.000000 0.000000 0.290164
    10 8.940987 0.000000 0.000000 0.000000 0.000000 0.194090
    11 3.306377 -0.000001 0.000000 3.141590 0.000000 0.329899
    12 3.594185 0.000000 0.000000 0.324416 0.110430 0.687327
    13 2.036090 0.997452 1.937661 1.596619 -1.286515 2.943012
    14 6.028141 0.000011 0.000000 -1.893419 -0.906831 -0.905287
    15 11.692581 -0.000001 -0.000008 -0.121440 0.092161 -0.089798
    16 11.481684 0.000000 -0.000031 1.419343 -0.182615 0.151727
    17 2.036090 0.997453 -1.937661 -1.668395 1.286515 2.942997
    18 6.028137 -0.000008 0.000000 1.624075 0.928453 -0.968521
    19 11.692554 0.000000 0.000019 0.164317 -0.049129 -0.140065
    20 11.481705 0.000000 0.000011 -1.441068 0.313495 -0.034308
    21 2.000004 -3.000000 0.000000 -1.570796 0.000000 -1.326450
    22 2.676084 -1.712437 0.000000 -1.570796 0.000000 -1.571118
    23 2.676081 -1.712433 0.000000 1.570790 -0.000001 1.570689
    24 6.879441 -0.000010 0.000000 -0.007299 -0.002951 -0.584373
    25 6.879432 -0.000013 0.000000 -0.070523 -0.040665 -1.070427
    26 3.859711 -0.142445 -1.191958 -0.393757 -0.046243 -1.797861
    27 1.312550 0.000008 0.000004 -0.276460 0.334908 -1.348484
    28 0.729370 0.000006 0.000000 -0.003382 -0.003641 -2.635808
    29 3.942335 0.046738 -0.431422 -0.185331 0.056028 -1.528455
    30 1.539124 0.000015 -0.000015 -0.004450 0.000145 -1.788635
    31 1.196327 0.000032 -0.000010 -0.005457 -0.004914 -2.734582
    32 3.881363 -0.043152 0.427624 -0.013082 0.161705 -1.322997
    33 1.719578 -0.000004 0.000004 -0.005475 -0.000592 -2.045868
    34 1.209160 -0.000010 -0.000011 -0.002831 -0.001189 -2.185007
    35 3.863464 -0.136498 1.332175 0.233884 0.152947 -1.498289
    36 1.719427 0.000031 -0.000031 -0.004079 -0.000089 -1.955800
    37 1.099674 -0.000004 -0.000011 -0.002377 -0.001004 -2.212854
    38 0.807566 -0.347147 1.320592 -1.248809 -0.198655 -0.774347
    39 1.789783 -0.000007 0.000004 -0.000009 0.007379 0.228539
    40 1.207018 0.000015 -0.000008 0.008934 0.006853 1.279516
    41 11.481726 -0.000012 -0.000038 0.001269 0.000000 -0.000005
    42 3.859663 -0.132561 1.193130 0.222655 0.063616 -1.852410
    43 1.312580 -0.000006 0.000003 0.002431 -0.011684 -0.645393
    44 0.729366 -0.000008 -0.000001 0.005147 0.003308 -2.386481
    45 3.942284 0.050331 0.431063 0.092910 0.032752 -1.715746
    46 1.539131 -0.000004 0.000002 0.004792 -0.003358 -1.208600
    47 1.196323 0.000004 0.000005 0.007625 0.005915 -2.662373
    48 3.881350 -0.046456 -0.429353 0.005429 -0.066314 -1.611929
    49 1.719599 0.000008 0.000010 0.006389 -0.004768 -1.297116
    50 1.209183 0.000010 0.000010 -0.104994 -0.034776 -2.348738
    51 3.863456 -0.147312 -1.329162 -0.168676 -0.047090 -1.650742
    52 1.719425 0.000011 0.000011 0.004889 -0.004467 -1.194317
    53 1.099663 0.000011 0.000010 0.003332 0.002542 -2.467489
    54 0.807570 -0.358068 -1.318047 1.257299 0.197522 -0.913537
    55 1.789780 -0.000011 0.000008 0.000649 -0.006265 0.125751
    56 1.207003 0.000001 -0.000008 -0.009191 -0.002827 1.635083
    57 11.481689 -0.000073 -0.000004 0.000155 0.000000 -0.000014
  time 12
    0 2.001623 -8.367443 37.719231 1.532717 0.045573 -3.464075
    1 3.890447 0.000000 0.000000 -1.544158 0.095727 -1.491933
    2 17.848156 0.000000 0.000000 0.032001 0.062203 0.302651
    3 16.525240 0.000000 0.000000 -0.056677 -0.161655 -1.344778
    4 -3.890447 0.000000 0.000000 -1.957671 0.550478 -1.890819
    5 17.848167 0.000000 0.000000 -0.336956 -0.002771 0.021762
    6 16.525238 0.000000 0.000000 0.549330 0.093269 -0.620992
    7 0.000000 3.345131 -2.981898 1.570793 0.086297 1.570793
    8 4.015370 0.000000 0.000000 0.000000 0.000000 0.077393
    9 3.520298 0.000000 0.000000 0.000000 0.000000 0.160697
    10 8.940987 0.000000 0.000000 0.000000 0.000000 0.194090
    11 3.306377 -0.000001 0.000000 3.141590 0.000000 0.178450
    12 3.594185 0.000000 0.000000 0.328032 0.137572 0.189856
    13 2.036090 0.997452 1.937661 1.596619 -1.286515 2.943012
    14 6.028141 0.000011 0.000000 -1.796571 -0.704082 -0.850771
    15 11.692581 -0.000001 -0.000008 -0.192701 0.258265 -0.237011
    16 11.481684 0.000000 -0.000031 1.440622 -0.263617 0.329271
    17 2.036090 0.997453 -1.937661 -1.668395 1.286515 2.942997
    18 6.028137 -0.000008 0.000000 1.565439 0.852684 -1.050711
    19 11.692554 0.000000 0.000019 0.046373 -0.014283 -0.021992
    20 11.481705 0.000000 0.000011 -1.521214 0.227650 -0.115662
    21 2.000004 -3.000000 0.000000 -1.570796 0.000000 -1.326450
    22 2.676084 -1.712437 0.000000 -1.570796 0.000000 -1.571118
    23 2.676081 -1.712433 0.000000 1.570790 -0.000001 1.570689
    24 6.879441 -0.000010 0.000000 -0.007299 -0.002951 -0.584373
    25 6.879432 -0.000013 0.000000 -0.081333 -0.002949 -0.584376
    26 3.859711 -0.142445 -1.191958 -0.393800 -0.048232 -1.797032
    27 1.312550 0.000008 0.000004 -0.278065 0.333590 -1.353373
    28 0.729370 0.000006 0.000000 -0.003382 -0.003641 -2.635735
    29 3.942335 0.046738 -0.431422 -0.185175 0.054554 -1.533766
    30 1.539124 0.000015 -0.000015 -0.004450 0.000180 -1.779586
    31 1.196327 0.000032 -0.000010 -0.005193 -0.005202 -2.788375
    32 3.881363 -0.043152 0.427624 -0.013082 0.161705 -1.322997
    33 1.719578 -0.000004 0.000004 -0.005487 -0.000472 -2.024786
    34 1.209160 -0.000010 -0.000011 -0.002831 -0.001189 -2.185007
    35 3.863464 -0.136498 1.332175 0.233884 0.152947 -1.498289
    36 1.719427 0.000031 -0.000031 -0.004079 -0.000089 -1.955800
    37 1.099674 -0.000004 -0.000011 -0.002377 -0.001004 -2.212854
    38 0.807566 -0.347147 1.320592 -1.248809 -0.198655 -0.774347
    39 1.789783 -0.000007 0.000004 -0.000009 0.007379 0.228539
    40 1.207018 0.000015 -0.000008 0.008934 0.006853 1.279516
    41 11.481726 -0.000012 -0.000038 0.001269 0.000000 -0.000005
    42 3.859663 -0.132561 1.193130 0.222655 0.063616 -1.852410
    43 1.312580 -0.000006 0.000003 0.002431 -0.011684 -0.645393
    44 0.729366 -0.000008 -0.000001 0.005147 0.003308 -2.386415
    45 3.942284 0.050331 0.431063 0.092910 0.032752 -1.715746
    46 1.539131 -0.000004 0.000002 0.004792 -0.003358 -1.208600
    47 1.196323 0.000004 0.000005 0.007625 0.005915 -2.662305
    48 3.881350 -0.046456 -0.429353 0.005429 -0.066314 -1.611929
    49 1.719599 0.000008 0.000010 0.006389 -0.004768 -1.297116
    50 1.209183 0.000010 0.000010 -0.104994 -0.034776 -2.348738
    51 3.863456 -0.147312 -1.329162 -0.168676 -0.047090 -1.650706
    52 1.719425 0.000011 0.000011 0.004889 -0.004467 -1.194317
    53 1.099663 0.000011 0.000010 0.003332 0.002542 -2.467489
    54 0.807570 -0.358068 -1.318047 1.257299 0.197522 -0.913537
    55 1.789780 -0.000011 0.000008 0.000649 -0.006265 0.125751
    56 1.207003 0.000001 -0.000008 -0.009191 -0.002827 1.635083
    57 11.481689 -0.000073 -0.000004 0.000155 0.000000 -0.000014
  time 13
    0 2.001623 -3.773553 42.293590 1.405622 0.031610 -3.464934
    1 3.890447 0.000000 0.000000 -1.537163 0.121648 -1.490881
    2 17.848156 0.000000 0.000000 0.060070 0.099649 0.529756
    3 16.525240 0.000000 0.000000 -0.184611 -0.027629 -0.535088
    4 -3.890447 0.000000 0.000000 -2.030756 0.489388 -1.874240
    5 17.848167 0.000000 0.000000 -0.449025 -0.100213 0.336885
    6 16.525238 0.000000 0.000000 0.494845 0.087672 -0.247887
    7 0.000000 3.345131 -2.981898 1.570793 0.086297 1.570793
    8 4.015370 0.000000 0.000000 0.000000 0.000000 -0.029217
    9 3.520298 0.000000 0.000000 0.000000 0.000000 0.100316
    10 8.940987 0.000000 0.000000 0.000000 0.000000 0.194090
    11 3.306377 -0.000001 0.000000 3.141590 0.000000 0.107872
    12 3.594185 0.000000 0.000000 0.327089 0.123468 -0.030352
    13 2.036090 0.997452 1.937661 1.596619 -1.286499 2.943012
    14 6.028141 0.000011 0.000000 -1.922791 -0.690978 -0.504590
    15 11.692581 -0.000001 -0.000008 -0.416219 0.501621 -0.632820
    16 11.481684 0.000000 -0.000031 1.616819 -0.340404 0.357555
    17 2.036090 0.997453 -1.937661 -1.668395 1.286515 2.942997
    18 6.028137 -0.000008 0.000000 1.711312 0.804331 -0.763045
    19 11.692554 0.000000 0.000019 0.093517 -0.289229 -0.436951
    20 11.481705 0.000000 0.000011 -1.531485 0.227961 0.098111
    21 2.000004 -3.000000 0.000000 -1.570796 0.000000 -1.326450
    22 2.676084 -1.712437 0.000000 -1.570796 0.000000 -1.571118
    23 2.676081 -1.712433 0.000000 1.570790 -0.000001 1.570689
    24 6.879441 -0.000010 0.000000 0.028283 -0.001177 -0.790759
    25 6.879432 -0.000013 0.000000 -0.081333 -0.002949 -0.584376
    26 3.859711 -0.142445 -1.191958 -0.393858 -0.050580 -1.796014
    27 1.312550 0.000008 0.000004 -0.279432 0.332367 -1.357641
    28 0.729370 0.000006 0.000000 -0.003382 -0.003641 -2.635735
    29 3.942335 0.046738 -0.431422 -0.184983 0.053092 -1.538457
    30 1.539124 0.000015 -0.000015 -0.004450 0.000228 -1.768910
    31 1.196327 0.000032 -0.000010 -0.004942 -0.005442 -2.835614
    32 3.881363 -0.043152 0.427624 -0.013082 0.161705 -1.322997
    33 1.719578 -0.000004 0.000004 -0.005499 -0.000340 -1.999818
    34 1.209160 -0.000010 -0.000011 -0.002831 -0.001189 -2.185007
    35 3.863464 -0.136498 1.332175 0.233884 0.152947 -1.498289
    36 1.719427 0.000031 -0.000031 -0.004079 -0.000089 -1.955800
    37 1.099674 -0.000004 -0.000011 -0.002377 -0.001004 -2.212854
    38 0.807566 -0.347147 1.320592 -1.248809 -0.198655 -0.774347
    39 1.789783 -0.000007 0.000004 -0.000009 0.007379 0.228539
    40 1.207018 0.000015 -0.000008 0.008934 0.006853 1.279516
    41 11.481726 -0.000012 -0.000038 0.001269 0.000000 -0.000005
    42 3.859663 -0.132561 1.193130 0.222655 0.063616 -1.852410
    43 1.312580 -0.000006 0.000003 0.002431 -0.011684 -0.645393
    44 0.729366 -0.000008 -0.000001 0.005147 0.003308 -2.386481
    45 3.942284 0.050331 0.431063 0.092910 0.032752 -1.715746
    46 1.539131 -0.000004 0.000002 0.004792 -0.003358 -1.208600
    47 1.196323 0.000004 0.000005 0.007625 0.005915 -2.662305
    48 3.881350 -0.046456 -0.429353 0.005429 -0.066314 -1.611929
    49 1.719599 0.000008 0.000010 0.006389 -0.004768 -1.297116
    50 1.209183 0.000010 0.000010 -0.104994 -0.034776 -2.348738
    51 3.863456 -0.147312 -1.329162 -0.168676 -0.047090 -1.650706
    52 1.719425 0.000011 0.000011 0.004889 -0.004467 -1.194317
    53 1.099663 0.000011 0.000010 0.003332 0.002542 -2.467489
    54 0.807570 -0.358068 -1.318047 1.257299 0.197522 -0.913537
    55 1.789780 -0.000011 0.000008 0.000649 -0.006265 0.125751
    56 1.207003 0.000001 -0.000008 -0.009191 -0.002827 1.635083
    57 11.481689 -0.000073 -0.000004 0.000155 0.000000 -0.000014
  time 14
    0 2.001623 0.488296 46.516375 1.298591 0.047372 -3.431154
    1 3.890447 0.000000 0.000000 -1.487146 0.264582 -1.488586
    2 17.848156 0.000000 0.000000 0.115562 0.099907 0.480017
    3 16.525240 0.000000 0.000000 -0.331545 0.124237 -0.135173
    4 -3.890447 0.000000 0.000000 -1.956247 0.223665 -1.708645
    5 17.848167 0.000000 0.000000 -0.487823 -0.141019 1.022541
    6 16.525238 0.000000 0.000000 0.338647 0.236592 -0.288560
    7 0.000000 3.345131 -2.981898 1.570793 0.086297 1.570793
    8 4.015370 0.000000 0.000000 0.000000 0.000000 -0.018788
    9 3.520298 0.000000 0.000000 0.000000 0.000000 0.100461
    10 8.940987 0.000000 0.000000 0.000000 0.000000 0.194090
    11 3.306377 -0.000001 0.000000 3.141590 0.000000 0.155164
    12 3.594185 0.000000 0.000000 0.295257 0.081210 -0.034193
    13 2.036090 0.997452 1.937661 1.596619 -1.286499 2.943012
    14 6.028141 0.000011 0.000000 -2.044614 -0.982037 -0.333133
    15 11.692581 -0.000001 -0.000008 -0.386207 0.332208 -0.484536
    16 11.481684 0.000000 -0.000031 1.842352 -0.144996 0.059442
    17 2.036090 0.997453 -1.937661 -1.676344 1.308255 2.934811
    18 6.028137 -0.000008 0.000000 1.807755 1.062959 -0.596113
    19 11.692554 0.000000 0.000019 0.126766 -0.212241 -0.378668
    20 11.481705 0.000000 0.000011 -1.496386 0.092833 -0.000562
    21 2.000004 -3.000000 0.000000 -1.570796 0.000000 -1.326450
    22 2.676084 -1.712437 0.000000 -1.570796 0.000000 -1.571118
    23 2.676081 -1.712433 0.000000 1.570790 -0.000001 1.570689
    24 6.879441 -0.000010 0.000000 -0.007299 -0.002951 -0.584373
    25 6.879432 -0.000013 0.000000 -0.081333 -0.002949 -0.584376
    26 3.859711 -0.142445 -1.191958 -0.393930 -0.053287 -1.794808
    27 1.312550 0.000008 0.000004 -0.280510 0.331276 -1.361146
    28 0.729370 0.000006 0.000000 -0.003382 -0.003641 -2.635735
    29 3.942335 0.046738 -0.431422 -0.184744 0.051690 -1.542269
    30 1.539124 0.000015 -0.000015 -0.004450 0.000288 -1.756462
    31 1.196327 0.000032 -0.000010 -0.004726 -0.005633 -2.874473
    32 3.881363 -0.043152 0.427624 -0.013082 0.161705 -1.322997
    33 1.719578 -0.000004 0.000004 -0.005499 -0.000172 -1.970803
    34 1.209160 -0.000010 -0.000011 -0.002831 -0.001189 -2.185007
    35 3.863464 -0.136498 1.332175 0.233884 0.152947 -1.498289
    36 1.719427 0.000031 -0.000031 -0.004079 -0.000089 -1.955800
    37 1.099674 -0.000004 -0.000011 -0.002377 -0.001004 -2.212854
    38 0.807566 -0.347147 1.320592 -1.248809 -0.198655 -0.774347
    39 1.789783 -0.000007 0.000004 -0.000009 0.007379 0.228539
    40 1.207018 0.000015 -0.000008 0.008934 0.006853 1.279516
    41 11.481726 -0.000012 -0.000038 0.001269 0.000000 -0.000005
    42 3.859663 -0.132561 1.193130 0.222655 0.063616 -1.852410
    43 1.312580 -0.000006 0.000003 0.002431 -0.011684 -0.645393
    44 0.729366 -0.000008 -0.000001 0.005147 0.003308 -2.386415
    45 3.942284 0.050331 0.431063 0.092910 0.032752 -1.715746
    46 1.539131 -0.000004 0.000002 0.004792 -0.003358 -1.208600
    47 1.196323 0.000004 0.000005 0.007625 0.005927 -2.662305
    48 3.881350 -0.046456 -0.429353 0.005429 -0.066314 -1.611929
    49 1.719599 0.000008 0.000010 0.006389 -0.004768 -1.297116
    50 1.209183 0.000010 0.000010 -0.104994 -0.034776 -2.348804
    51 3.863456 -0.147312 -1.329162 -0.168676 -0.047090 -1.650706
    52 1.719425 0.000011 0.000011 0.004889 -0.004467 -1.194317
    53 1.099663 0.000011 0.000010 0.003332 0.002542 -2.467556
    54 0.807570 -0.358068 -1.318047 1.257299 0.197522 -0.913537
    55 1.789780 -0.000011 0.000008 0.000649 -0.006265 0.125751
    56 1.207003 0.000001 -0.000008 -0.009191 -0.002827 1.635083
    57 11.481689 -0.000073 -0.000004 0.000155 0.000000 -0.000014
  time 15
    0 2.001623 4.863430 51.168861 1.190905 0.116544 -3.331342
    1 3.890447 0.000000 0.000000 -1.375804 0.113697 -1.405093
    2 17.848156 0.000000 0.000000 0.293064 0.172735 0.901584
    3 16.525240 0.000000 0.000000 -0.543329 0.162002 -0.283501
    4 -3.890447 0.000000 0.000000 -1.754647 -0.145873 -1.423023
    5 17.848167 0.000000 0.000000 -0.128091 0.071222 1.763903
    6 16.525238 0.000000 0.000000 0.039658 0.172443 -0.822225
    7 0.000000 3.345131 -2.981898 1.570793 0.086297 1.570793
    8 4.015370 0.000000 0.000000 0.000000 0.000000 0.012181
    9 3.520298 0.000000 0.000000 0.000000 0.000000 0.101700
    10 8.940987 0.000000 0.000000 0.000000 0.000000 0.194090
    11 3.306377 -0.000001 0.000000 3.141590 0.000000 0.280798
    12 3.594185 0.000000 0.000000 0.189704 0.026323 -0.032419
    13 2.036090 0.997452 1.937661 1.596525 -1.286263 2.943012
    14 6.028141 0.000011 0.000000 -1.862538 -0.976021 -0.620370
    15 11.692581 -0.000001 -0.000008 -0.232888 0.382808 -0.563088
    16 11.481684 0.000000 -0.000031 2.004095 -0.202726 -0.426258
    17 2.036090 0.997453 -1.937661 -1.710195 1.372744 2.900000
    18 6.028137 -0.000008 0.000000 1.865523 1.074586 -0.561997
    19 11.692554 0.000000 0.000019 0.157369 -0.212948 -0.437664
    20 11.481705 0.000000 0.000011 -1.503018 0.125525 -0.205038
    21 2.000004 -3.000000 0.000000 -1.570796 0.000000 -1.326450
    22 2.676084 -1.712437 0.000000 -1.570796 0.000000 -1.571118
    23 2.676081 -1.712433 0.000000 1.570790 -0.000001 1.570689
    24 6.879441 -0.000010 0.000000 -0.007299 -0.002951 -0.584373
    25 6.879432 -0.000013 0.000000 -0.081333 -0.002949 -0.584376
    26 3.859711 -0.142445 -1.191958 -0.394016 -0.056353 -1.793414
    27 1.312550 0.000008 0.000004 -0.281265 0.330354 -1.363774
    28 0.729370 0.000006 0.000000 -0.003382 -0.003641 -2.635735
    29 3.942335 0.046738 -0.431422 -0.184480 0.050348 -1.545071
    30 1.539124 0.000015 -0.000015 -0.004438 0.000348 -1.742243
    31 1.196327 0.000032 -0.000010 -0.004558 -0.005765 -2.903426
    32 3.881363 -0.043152 0.427624 -0.013082 0.161705 -1.322997
    33 1.719578 -0.000004 0.000004 -0.005511 0.000007 -1.937690
    34 1.209160 -0.000010 -0.000011 -0.002831 -0.001189 -2.185007
    35 3.863464 -0.136498 1.332175 0.233884 0.152947 -1.498289
    36 1.719427 0.000031 -0.000031 -0.004079 -0.000089 -1.955800
    37 1.099674 -0.000004 -0.000011 -0.002377 -0.001004 -2.212854
    38 0.807566 -0.347147 1.320592 -1.248809 -0.198636 -0.774347
    39 1.789783 -0.000007 0.000004 -0.000009 0.007379 0.228539
    40 1.207018 0.000015 -0.000008 0.008934 0.006853 1.279516
    41 11.481726 -0.000012 -0.000038 0.001269 0.000000 -0.000005
    42 3.859663 -0.132561 1.193130 0.222655 0.063616 -1.852410
    43 1.312580 -0.000006 0.000003 0.002431 -0.011684 -0.645393
    44 0.729366 -0.000008 -0.000001 0.005147 0.003308 -2.386415
    45 3.942284 0.050331 0.431063 0.092910 0.032752 -1.715746
    46 1.539131 -0.000004 0.000002 0.004792 -0.003358 -1.208600
    47 1.196323 0.000004 0.000005 0.007625 0.005927 -2.662305
    48 3.881350 -0.046456 -0.429353 0.005429 -0.066314 -1.611929
    49 1.719599 0.000008 0.000010 0.006389 -0.004768 -1.297116
    50 1.209183 0.000010 0.000010 -0.104994 -0.034776 -2.348738
    51 3.863456 -0.147312 -1.329162 -0.168676 -0.047090 -1.650706
    52 1.719425 0.000011 0.000011 0.004889 -0.004467 -1.194317
    53 1.099663 0.000011 0.000010 0.003332 0.002542 -2.467489
    54 0.807570 -0.358068 -1.318047 1.257299 0.197522 -0.913537
    55 1.789780 -0.000011 0.000008 0.000649 -0.006265 0.125751
    56 1.207003 0.000001 -0.000008 -0.009191 -0.002827 1.635083
    57 11.481689 -0.000073 -0.000004 0.000155 0.000000 -0.000014
  time 16
    0 2.001623 9.926084 54.602559 1.085511 0.220796 -3.193743
    1 3.890447 0.000000 0.000000 -1.431666 -0.587733 -1.246047
    2 17.848156 0.000000 0.000000 0.457910 0.165901 1.995919
    3 16.525240 0.000000 0.000000 -0.289982 0.015851 -0.935860
    4 -3.890447 0.000000 0.000000 -1.628125 -0.874881 -1.282343
    5 17.848167 0.000000 0.000000 0.382242 0.124558 2.430299
    6 16.525238 0.000000 0.000000 -0.102332 -0.182109 -1.309546
    7 0.000000 3.345131 -2.981898 1.570793 0.086297 1.570793
    8 4.015370 0.000000 0.000000 0.000000 0.000000 0.059385
    9 3.520298 0.000000 0.000000 0.000000 0.000000 0.105305
    10 8.940987 0.000000 0.000000 0.000000 0.000000 0.194090
    11 3.306377 -0.000001 0.000000 3.141590 0.000000 0.410196
    12 3.594185 0.000000 0.000000 0.049279 -0.041974 -0.013953
    13 2.036090 0.997452 1.937661 1.596525 -1.285539 2.943107
    14 6.028141 0.000011 0.000000 -1.691922 -0.921954 -0.761141
    15 11.692581 -0.000001 -0.000008 -0.268976 0.560868 -0.835093
    16 11.481684 0.000000 -0.000031 2.158206 -0.208769 -0.390632
    17 2.036090 0.997453 -1.937661 -1.847189 1.470406 2.761693
    18 6.028137 -0.000008 0.000000 1.799831 0.932315 -0.694345
    19 11.692554 0.000000 0.000019 0.196022 -0.318503 -0.604187
    20 11.481705 0.000000 0.000011 -1.523721 0.241839 -0.060086
    21 2.000004 -3.000000 0.000000 -1.570796 0.000000 -1.326450
    22 2.676084 -1.712437 0.000000 -1.570796 0.000000 -1.571118
    23 2.676081 -1.712433 0.000000 1.570790 -0.000001 1.570689
    24 6.879441 -0.000010 0.000000 -0.007299 -0.002951 -0.584373
    25 6.879432 -0.000013 0.000000 -0.081333 -0.002949 -0.584376
    26 3.859711 -0.142445 -1.191958 -0.394132 -0.059792 -1.791793
    27 1.312550 0.000008 0.000004 -0.281637 0.329623 -1.365357
    28 0.729370 0.000006 0.000000 -0.003382 -0.003641 -2.635735
    29 3.942335 0.046738 -0.431422 -0.184181 0.049125 -1.546732
    30 1.539124 0.000015 -0.000015 -0.004438 0.000420 -1.726348
    31 1.196327 0.000032 -0.000010 -0.004450 -0.005837 -2.921332
    32 3.881363 -0.043152 0.427624 -0.013082 0.161705 -1.322997
    33 1.719578 -0.000004 0.000004 -0.005499 0.000211 -1.900583
    34 1.209160 -0.000010 -0.000011 -0.002831 -0.001189 -2.185007
    35 3.863464 -0.136498 1.332175 0.233884 0.152947 -1.498289
    36 1.719427 0.000031 -0.000031 -0.004079 -0.000089 -1.955800
    37 1.099674 -0.000004 -0.000011 -0.002377 -0.001004 -2.212854
    38 0.807566 -0.347147 1.320592 -1.248809 -0.198636 -0.774347
    39 1.789783 -0.000007 0.000004 -0.000009 0.007379 0.228539
    40 1.207018 0.000015 -0.000008 0.008934 0.006853 1.279516
    41 11.481726 -0.000012 -0.000038 0.001269 0.000000 -0.000005
    42 3.859663 -0.132561 1.193130 0.222655 0.063616 -1.852410
    43 1.312580 -0.000006 0.000003 0.002431 -0.011684 -0.645393
    44 0.729366 -0.000008 -0.000001 0.005147 0.003308 -2.386415
    45 3.942284 0.050331 0.431063 0.092910 0.032752 -1.715746
    46 1.539131 -0.000004 0.000002 0.004792 -0.003358 -1.208600
    47 1.196323 0.000004 0.000005 0.007625 0.005927 -2.662373
    48 3.881350 -0.046456 -0.429353 0.005429 -0.066314 -1.611929
    49 1.719599 0.000008 0.000010 0.006389 -0.004768 -1.297116
    50 1.209183 0.000010 0.000010 -0.104994 -0.034776 -2.348804
    51 3.863456 -0.147312 -1.329162 -0.168676 -0.047090 -1.650706
    52 1.719425 0.000011 0.000011 0.004889 -0.004467 -1.194317
    53 1.099663 0.000011 0.000010 0.003332 0.002542 -2.467489
    54 0.807570 -0.358068 -1.318047 1.257299 0.197522 -0.913537
    55 1.789780 -0.000011 0.000008 0.000649 -0.006265 0.125751
    56 1.207003 0.000001 -0.000008 -0.009191 -0.002827 1.635083
    57 11.481689 -0.000073 -0.000004 0.000155 0.000000 -0.000014
  time 17
    0 2.001623 15.934080 55.739313 0.979790 0.323891 -3.062442
    1 3.890447 0.000000 0.000000 -2.740655 -1.450435 -0.111110
    2 17.848156 0.000000 0.000000 0.502256 0.135289 2.431561
    3 16.525240 0.000000 0.000000 -0.238523 -0.104344 -0.947435
    4 -3.890447 0.000000 0.000000 -4.238961 -1.499485 1.233314
    5 17.848167 0.000000 0.000000 0.432781 0.108647 2.461485
    6 16.525238 0.000000 0.000000 -0.231039 -0.284089 -0.990585
    7 0.000000 3.345131 -2.981898 1.570793 0.086297 1.570793
    8 4.015370 0.000000 0.000000 0.000000 0.000000 0.112922
    9 3.520298 0.000000 0.000000 0.000000 0.000000 0.111420
    10 8.940987 0.000000 0.000000 0.000000 0.000000 0.194090
    11 3.306377 -0.000001 0.000000 3.141590 0.000000 0.466931
    12 3.594185 0.000000 0.000000 -0.071758 -0.116187 0.022745
    13 2.036090 0.997452 1.937661 1.596336 -1.283997 2.943202
    14 6.028141 0.000011 0.000000 -1.666883 -0.930567 -0.710474
    15 11.692581 -0.000001 -0.000008 -0.406007 0.652709 -1.051791
    16 11.481684 0.000000 -0.000031 2.205700 -0.181934 -0.250110
    17 2.036090 0.997453 -1.937661 -3.688615 1.538755 0.918738
    18 6.028137 -0.000008 0.000000 1.851072 0.554412 -0.577466
    19 11.692554 0.000000 0.000019 0.507066 -0.549778 -1.313573
    20 11.481705 0.000000 0.000011 -1.510054 0.282982 0.065038
    21 2.000004 -3.000000 0.000000 -1.570796 0.000000 -1.326450
    22 2.676084 -1.712437 0.000000 -1.570796 0.000000 -1.571118
    23 2.676081 -1.712433 0.000000 1.570790 -0.000001 1.570689
    24 6.879441 -0.000010 0.000000 -0.007299 -0.002951 -0.584373
    25 6.879432 -0.000013 0.000000 -0.081333 -0.002949 -0.584376
    26 3.859711 -0.142445 -1.191958 -0.394262 -0.063576 -1.789984
    27 1.312550 0.000008 0.000004 -0.281625 0.329119 -1.365837
    28 0.729370 0.000006 0.000000 -0.003382 -0.003641 -2.635735
    29 3.942335 0.046738 -0.431422 -0.183845 0.048011 -1.547156
    30 1.539124 0.000015 -0.000015 -0.004426 0.000492 -1.708778
    31 1.196327 0.000032 -0.000010 -0.004414 -0.005873 -2.927503
    32 3.881363 -0.043152 0.427624 -0.013082 0.161705 -1.322997
    33 1.719578 -0.000004 0.000004 -0.005487 0.000439 -1.859644
    34 1.209160 -0.000010 -0.000011 -0.002831 -0.001189 -2.185007
    35 3.863464 -0.136498 1.332175 0.233884 0.152947 -1.498289
    36 1.719427 0.000031 -0.000031 -0.004079 -0.000089 -1.955800
    37 1.099674 -0.000004 -0.000011 -0.002377 -0.001004 -2.212854
    38 0.807566 -0.347147 1.320592 -1.248809 -0.198636 -0.774347
    39 1.789783 -0.000007 0.000004 -0.000009 0.007379 0.228539
    40 1.207018 0.000015 -0.000008 0.008934 0.006853 1.279516
    41 11.481726 -0.000012 -0.000038 0.001269 0.000000 -0.000005
    42 3.859663 -0.132561 1.193130 0.222655 0.063616 -1.852410
    43 1.312580 -0.000006 0.000003 0.002431 -0.011684 -0.645393
    44 0.729366 -0.000008 -0.000001 0.005147 0.003308 -2.386415
    45 3.942284 0.050331 0.431063 0.092910 0.032752 -1.715746
    46 1.539131 -0.000004 0.000002 0.004792 -0.003358 -1.208600
    47 1.196323 0.000004 0.000005 0.007625 0.005927 -2.662305
    48 3.881350 -0.046456 -0.429353 0.005429 -0.066314 -1.611929
    49 1.719599 0.000008 0.000010 0.006389 -0.004768 -1.297116
    50 1.209183 0.000010 0.000010 -0.104994 -0.034776 -2.348738
    51 3.863456 -0.147312 -1.329162 -0.168676 -0.047090 -1.650706
    52 1.719425 0.000011 0.000011 0.004889 -0.004467 -1.194317
    53 1.099663 0.000011 0.000010 0.003332 0.002542 -2.467489
    54 0.807570 -0.358068 -1.318047 1.257299 0.197522 -0.913537
    55 1.789780 -0.000011 0.000008 0.000649 -0.006265 0.125751
    56 1.207003 0.000001 -0.000008 -0.009191 -0.002827 1.635083
    57 11.481689 -0.000073 -0.000004 0.000155 0.000000 -0.000014
  time 18
    0 2.001623 23.481185 55.114294 0.847782 0.449987 -2.889822
    1 3.890447 0.000000 0.000000 -3.460067 -1.386736 0.323374
    2 17.848156 0.000000 0.000000 0.465077 0.246053 2.290596
    3 16.525240 0.000000 0.000000 -0.073830 -0.325568 -0.929887
    4 -3.890447 0.000000 0.000000 -3.810893 -1.417327 0.540620
    5 17.848167 0.000000 0.000000 0.033722 0.103778 2.297997
    6 16.525238 0.000000 0.000000 0.163333 -0.073524 -1.073830
    7 0.000000 3.345131 -2.981898 1.570793 0.086297 1.570793
    8 4.015370 0.000000 0.000000 0.000000 0.000000 0.160105
    9 3.520298 0.000000 0.000000 0.000000 0.000012 0.225985
    10 8.940987 0.000000 0.000000 0.000000 0.000000 0.194090
    11 3.306377 -0.000001 0.000000 3.141590 0.000000 0.477345
    12 3.594185 0.000000 0.000000 -0.203379 -0.218625 0.097838
    13 2.036090 0.997452 1.937661 1.596148 -1.281227 2.943488
    14 6.028141 0.000011 0.000000 -1.657702 -1.058892 -0.629122
    15 11.692581 -0.000001 -0.000008 -0.323803 0.595597 -0.897242
    16 11.481684 0.000000 -0.000031 2.209202 0.005727 -0.217142
    17 2.036090 0.997453 -1.937661 -4.480656 1.451387 0.125311
    18 6.028137 -0.000008 0.000000 1.906161 0.269398 -0.446004
    19 11.692554 0.000000 0.000019 0.824726 -0.504128 -1.926296
    20 11.481705 0.000000 0.000011 -1.480979 0.303176 0.061800
    21 2.000004 -3.000000 0.000000 -1.570796 0.000000 -1.326450
    22 2.676084 -1.712437 0.000000 -1.570796 0.000000 -1.571118
    23 2.676081 -1.712433 0.000000 1.570790 -0.000001 1.570689
    24 6.879441 -0.000010 0.000000 -0.007299 -0.002951 -0.584373
    25 6.879432 -0.000013 0.000000 -0.081333 -0.002949 -0.584376
    26 3.859711 -0.142445 -1.191958 -0.441466 0.041420 -1.453085
    27 1.312550 0.000008 0.000004 -0.189008 0.275824 -1.153444
    28 0.729370 0.000006 0.000000 -0.004772 -0.001400 -2.101643
    29 3.942335 0.046738 -0.431422 -0.176534 0.072207 -1.282317
    30 1.539124 0.000015 -0.000015 -0.003995 0.001990 -1.357273
    31 1.196327 0.000032 -0.000010 -0.006799 -0.002781 -2.390113
    32 3.881363 -0.043152 0.427624 0.027809 0.132822 -1.056579
    33 1.719578 -0.000004 0.000004 -0.004924 0.002464 -1.474738
    34 1.209160 -0.000010 -0.000011 -0.003071 0.000129 -1.748507
    35 3.863464 -0.136498 1.332175 0.290091 0.095792 -1.193867
    36 1.719427 0.000031 -0.000031 -0.003803 0.001493 -1.562190
    37 1.099674 -0.000004 -0.000011 -0.002581 0.000039 -1.801724
    38 0.807566 -0.347147 1.320592 -1.238772 -0.321747 -0.778541
    39 1.789783 -0.000007 0.000004 -0.000009 0.007379 0.228539
    40 1.207018 0.000015 -0.000008 0.007173 0.008675 1.054314
    41 11.481726 -0.000012 -0.000038 0.001269 0.000000 -0.000005
    42 3.859663 -0.132561 1.193130 0.301699 0.034340 -1.613902
    43 1.312580 -0.000006 0.000003 0.002515 -0.011660 -0.652986
    44 0.729366 -0.000008 -0.000001 0.006094 0.000683 -1.927940
    45 3.942284 0.050331 0.431063 0.116783 0.010065 -1.486755
    46 1.539131 -0.000004 0.000002 0.004085 -0.004185 -1.022615
    47 1.196323 0.000004 0.000005 0.009507 0.001636 -2.173118
    48 3.881350 -0.046456 -0.429353 -0.020290 -0.065259 -1.352921
    49 1.719599 0.000008 0.000010 0.005094 -0.006134 -1.060826
    50 1.209183 0.000010 0.000010 -0.090816 -0.009332 -1.896455
    51 3.863456 -0.147312 -1.329162 -0.220929 -0.043842 -1.374718
    52 1.719425 0.000011 0.000011 0.003727 -0.005474 -0.962684
    53 1.099663 0.000011 0.000010 0.004159 0.000601 -1.959779
    54 0.807570 -0.358068 -1.318047 1.238539 0.317322 -0.886632
    55 1.789780 -0.000011 0.000008 0.000649 -0.006265 0.125751
    56 1.207003 0.000001 -0.000008 -0.001749 0.058378 1.363668
    57 11.481689 -0.000073 -0.000004 0.000155 0.000000 -0.000014
  time 19
    0 2.001623 32.274422 53.313457 0.713400 0.614760 -2.690103
    1 3.890447 0.000000 0.000000 -2.116583 -1.245503 -1.115884
    2 17.848156 0.000000 0.000000 0.564843 0.339461 2.173654
    3 16.525240 0.000000 0.000000 0.147227 -0.418986 -1.437462
    4 -3.890447 0.000000 0.000000 -2.603854 -1.326527 -0.898292
    5 17.848167 0.000000 0.000000 -0.513026 -0.006804 2.210438
    6 16.525238 0.000000 0.000000 0.242517 0.496380 -1.500531
    7 0.000000 3.345131 -2.981898 1.570793 0.086297 1.570793
    8 4.015370 0.000000 0.000000 0.000000 0.000000 0.191138
    9 3.520298 0.000000 0.000000 0.000000 0.000012 0.462824
    10 8.940987 0.000000 0.000000 0.000000 0.000000 0.194090
    11 3.306377 -0.000001 0.000000 3.141590 0.000000 0.485747
    12 3.594185 0.000000 0.000000 -0.354492 -0.325752 0.208595
    13 2.036090 0.997452 1.937661 1.595771 -1.276883 2.943868
    14 6.028141 0.000011 0.000000 -1.816634 -1.222245 -0.324329
    15 11.692581 -0.000001 -0.000008 -0.291156 0.581862 -0.834434
    16 11.481684 0.000000 -0.000031 2.255530 0.095994 -0.098419
    17 2.036090 0.997453 -1.937661 -4.561637 1.387557 0.043362
    18 6.028137 -0.000008 0.000000 1.925631 0.212592 -0.459181
    19 11.692554 0.000000 0.000019 0.685609 -0.399705 -1.896639
    20 11.481705 0.000000 0.000011 -1.562015 0.418022 0.027090
    21 2.000004 -3.000000 0.000000 -1.570796 0.000000 -1.326450
    22 2.676084 -1.712437 0.000000 -1.570796 0.000000 -1.571118
    23 2.676081 -1.712433 0.000000 1.570790 -0.000001 1.570689
    24 6.879441 -0.000010 0.000000 -0.007299 -0.002951 -0.584373
    25 6.879432 -0.000013 0.000000 -0.081333 -0.002949 -0.584376
    26 3.859711 -0.142445 -1.191958 -0.401992 0.304322 -0.668331
    27 1.312550 0.000008 0.000004 -0.040603 0.104588 -0.718483
    28 0.729370 0.000006 0.000000 -0.002111 0.004509 -0.682482
    29 3.942335 0.046738 -0.431422 -0.139442 0.115568 -0.689728
    30 1.539124 0.000015 -0.000015 -0.001442 0.004231 -0.578715
    31 1.196327 0.000032 -0.000010 -0.003683 0.006363 -0.956842
    32 3.881363 -0.043152 0.427624 0.082854 0.038012 -0.471115
    33 1.719578 -0.000004 0.000004 -0.001532 0.005293 -0.649134
    34 1.209160 -0.000010 -0.000011 -0.001393 0.002742 -0.689865
    35 3.863464 -0.136498 1.332175 0.339839 -0.075084 -0.518748
    36 1.719427 0.000031 -0.000031 -0.001082 0.003937 -0.633656
    37 1.099674 -0.000004 -0.000011 -0.001406 0.002172 -0.821437
    38 0.807566 -0.347147 1.320592 -1.212700 -0.587178 -0.793578
    39 1.789783 -0.000007 0.000004 -0.000009 0.007379 0.228539
    40 1.207018 0.000015 -0.000008 0.002187 0.011048 0.558370
    41 11.481726 -0.000012 -0.000038 0.001269 0.000000 -0.000005
    42 3.859663 -0.132561 1.193130 0.439145 -0.089635 -1.096343
    43 1.312580 -0.000006 0.000003 0.002707 -0.011624 -0.669256
    44 0.729366 -0.000008 -0.000001 0.003217 -0.005225 -0.797342
    45 3.942284 0.050331 0.431063 0.147787 -0.054939 -0.983355
    46 1.539131 -0.000004 0.000002 0.002107 -0.005468 -0.616904
    47 1.196323 0.000004 0.000005 0.004653 -0.008467 -0.934454
    48 3.881350 -0.046456 -0.429353 -0.071020 -0.040247 -0.777992
    49 1.719599 0.000008 0.000010 0.001355 -0.007848 -0.538813
    50 1.209183 0.000010 0.000010 -0.025009 0.009591 -0.784165
    51 3.863456 -0.147312 -1.329162 -0.321959 0.012423 -0.760019
    52 1.719425 0.000011 0.000011 0.000575 -0.006601 -0.451674
    53 1.099663 0.000011 0.000010 0.001655 -0.003869 -0.650372
    54 0.807570 -0.358068 -1.318047 1.206868 0.577263 -0.831718
    55 1.789780 -0.000011 0.000008 0.000649 -0.006265 0.125751
    56 1.207003 0.000001 -0.000008 -0.045181 0.187716 0.749597
    57 11.481689 -0.000073 -0.000004 0.000155 0.000000 -0.000014
  time 20
    0 2.001623 39.762932 51.246988 0.628970 0.715028 -2.633994
    1 3.890447 0.000000 0.000000 -1.895240 -0.893684 -1.183022
    2 17.848156 0.000000 0.000000 0.765596 0.524651 2.020752
    3 16.525240 0.000000 0.000000 0.233782 -0.364691 -1.839148
    4 -3.890447 0.000000 0.000000 -2.505617 -1.061785 -0.987437
    5 17.848167 0.000000 0.000000 -0.648841 -0.006356 2.031394
    6 16.525238 0.000000 0.000000 -0.122657 0.770432 -1.926974
    7 0.000000 3.345131 -2.981898 1.570793 0.086297 1.570793
    8 4.015370 0.000000 0.000000 0.000000 0.000000 0.201820
    9 3.520298 0.000000 0.000000 0.000000 0.000012 0.571949
    10 8.940987 0.000000 0.000000 0.000000 0.000000 0.194090
    11 3.306377 -0.000001 0.000000 3.141590 0.000000 0.491775
    12 3.594185 0.000000 0.000000 -0.417971 -0.364919 0.258533
    13 2.036090 0.997452 1.937661 1.595300 -1.270745 2.944344
    14 6.028141 0.000011 0.000000 -1.938071 -1.135088 -0.052382
    15 11.692581 -0.000001 -0.000008 -0.330025 0.664736 -0.946121
    16 11.481684 0.000000 -0.000031 2.305089 -0.006947 -0.005054
    17 2.036090 0.997453 -1.937661 -4.577534 1.365913 0.027273
    18 6.028137 -0.000008 0.000000 1.886389 0.188265 -0.511943
    19 11.692554 0.000000 0.000019 0.467641 -0.345542 -1.638926
    20 11.481705 0.000000 0.000011 -1.649601 0.401476 -0.156812
    21 2.000004 -3.000000 0.000000 -1.570796 0.000000 -1.326450
    22 2.676084 -1.712437 0.000000 -1.570796 0.000000 -1.571118
    23 2.676081 -1.712433 0.000000 1.570790 -0.000001 1.570689
    24 6.879441 -0.000010 0.000000 -0.007299 -0.002951 -0.584373
    25 6.879432 -0.000013 0.000000 -0.081333 -0.002949 -0.584376
    26 3.859711 -0.142445 -1.191958 -0.319236 0.392883 -0.305201
    27 1.312550 0.000008 0.000004 -0.000874 0.009622 -0.531469
    28 0.729370 0.000006 0.000000 0.000466 0.004964 -0.148390
    29 3.942335 0.046738 -0.431422 -0.115784 0.126594 -0.422608
    30 1.539124 0.000015 -0.000015 0.000020 0.004459 -0.241047
    31 1.196327 0.000032 -0.000010 0.000080 0.007358 -0.419527
    32 3.881363 -0.043152 0.427624 0.087888 -0.011425 -0.210613
    33 1.719578 -0.000004 0.000004 0.000385 0.005496 -0.295798
    34 1.209160 -0.000010 -0.000011 -0.000111 0.003066 -0.253366
    35 3.863464 -0.136498 1.332175 0.323600 -0.153295 -0.219446
    36 1.719427 0.000031 -0.000031 0.000499 0.004057 -0.240096
    37 1.099674 -0.000004 -0.000011 -0.000423 0.002556 -0.410238
    38 0.807566 -0.347147 1.320592 -1.197032 -0.710009 -0.804663
    39 1.789783 -0.000007 0.000004 -0.000009 0.007379 0.228539
    40 1.207018 0.000015 -0.000008 -0.000330 0.011252 0.333167
    41 11.481726 -0.000012 -0.000038 0.001269 0.000000 -0.000005
    42 3.859663 -0.132561 1.193130 0.477137 -0.164913 -0.866585
    43 1.312580 -0.000006 0.000003 0.002791 -0.011600 -0.676848
    44 0.729366 -0.000008 -0.000001 0.000569 -0.006112 -0.338801
    45 3.942284 0.050331 0.431063 0.150400 -0.087765 -0.755073
    46 1.539131 -0.000004 0.000002 0.001053 -0.005755 -0.430874
    47 1.196323 0.000004 0.000005 0.000135 -0.009665 -0.445199
    48 3.881350 -0.046456 -0.429353 -0.087499 -0.020545 -0.520184
    49 1.719599 0.000008 0.000010 -0.000502 -0.007956 -0.302564
    50 1.209183 0.000010 0.000010 0.000506 -0.004431 -0.331491
    51 3.863456 -0.147312 -1.329162 -0.352340 0.054989 -0.487399
    52 1.719425 0.000011 0.000011 -0.000935 -0.006553 -0.220087
    53 1.099663 0.000011 0.000010 -0.000419 -0.004193 -0.142730
    54 0.807570 -0.358068 -1.318047 1.196404 0.698123 -0.806263
    55 1.789780 -0.000011 0.000008 0.000649 -0.006265 0.125751
    56 1.207003 0.000001 -0.000008 -0.089032 0.232011 0.468826
    57 11.481689 -0.000073 -0.000004 0.000155 0.000000 -0.000014
  time 21
    0 2.001623 46.087344 49.403182 0.568043 0.754476 -2.690484
    1 3.890447 0.000000 0.000000 -1.874543 -0.648446 -1.108233
    2 17.848156 0.000000 0.000000 0.785444 0.748474 1.735802
    3 16.525240 0.000000 0.000000 0.168160 -0.379042 -1.838091
    4 -3.890447 0.000000 0.000000 -2.374064 -0.923301 -1.036888
    5 17.848167 0.000000 0.000000 -0.469946 0.092716 1.744939
    6 16.525238 0.000000 0.000000 -0.203424 0.580537 -1.879652
    7 0.000000 3.345131 -2.981898 1.570793 0.086297 1.570793
    8 4.015370 0.000000 0.000000 0.001642 0.038602 0.194790
    9 3.520298 0.000000 0.000000 0.000000 0.000012 0.567137
    10 8.940987 0.000000 0.000000 0.000000 0.000000 0.194090
    11 3.306377 -0.000001 0.000000 3.141590 0.000000 0.495406
    12 3.594185 0.000000 0.000000 -0.405868 -0.360301 0.221016
    13 2.036090 0.997452 1.937661 1.594640 -1.262702 2.945010
    14 6.028141 0.000011 0.000000 -1.779268 -1.005073 -0.187143
    15 11.692581 -0.000001 -0.000008 -0.327426 0.686691 -0.970931
    16 11.481684 0.000000 -0.000031 2.305538 -0.134120 -0.023294
    17 2.036090 0.997453 -1.937661 -4.577534 1.365913 0.027273
    18 6.028137 -0.000008 0.000000 1.800096 0.156430 -0.614551
    19 11.692554 0.000000 0.000019 0.319480 -0.330919 -1.439892
    20 11.481705 0.000000 0.000011 -1.735489 0.421002 -0.226850
    21 2.000004 -3.000000 0.000000 -1.570796 0.000000 -1.326450
    22 2.676084 -1.712437 0.000000 -1.570796 0.000000 -1.571118
    23 2.676081 -1.712433 0.000000 1.570790 -0.000001 1.570689
    24 6.879441 -0.000010 0.000000 -0.007299 -0.002951 -0.584373
    25 6.879432 -0.000013 0.000000 -0.081333 -0.002949 -0.584376
    26 3.859711 -0.142445 -1.191958 -0.319236 0.392883 -0.305201
    27 1.312550 0.000008 0.000004 -0.000874 0.009622 -0.531469
    28 0.729370 0.000006 0.000000 0.000466 0.004964 -0.148390
    29 3.942335 0.046738 -0.431422 -0.115784 0.126594 -0.422608
    30 1.539124 0.000015 -0.000015 0.000020 0.004459 -0.241047
    31 1.196327 0.000032 -0.000010 0.000080 0.007358 -0.419527
    32 3.881363 -0.043152 0.427624 0.087888 -0.011425 -0.210613
    33 1.719578 -0.000004 0.000004 0.000385 0.005496 -0.295798
    34 1.209160 -0.000010 -0.000011 -0.000111 0.003066 -0.253366
    35 3.863464 -0.136498 1.332175 0.323600 -0.153295 -0.219446
    36 1.719427 0.000031 -0.000031 0.000499 0.004057 -0.240096
    37 1.099674 -0.000004 -0.000011 -0.000423 0.002556 -0.410238
    38 0.807566 -0.347147 1.320592 -1.197032 -0.710009 -0.804663
    39 1.789783 -0.000007 0.000004 -0.000009 0.007379 0.228539
    40 1.207018 0.000015 -0.000008 -0.000330 0.011252 0.333167
    41 11.481726 -0.000012 -0.000038 0.001269 0.000000 -0.000005
    42 3.859663 -0.132561 1.193130 0.477137 -0.164913 -0.866585
    43 1.312580 -0.000006 0.000003 0.002791 -0.011600 -0.676848
    44 0.729366 -0.000008 -0.000001 0.000569 -0.006112 -0.338801
    45 3.942284 0.050331 0.431063 0.150400 -0.087765 -0.755073
    46 1.539131 -0.000004 0.000002 0.001053 -0.005755 -0.430874
    47 1.196323 0.000004 0.000005 0.000135 -0.009665 -0.445199
    48 3.881350 -0.046456 -0.429353 -0.087499 -0.020545 -0.520184
    49 1.719599 0.000008 0.000010 -0.000502 -0.007956 -0.302564
    50 1.209183 0.000010 0.000010 0.000506 -0.004431 -0.331491
    51 3.863456 -0.147312 -1.329162 -0.352340 0.054989 -0.487399
    52 1.719425 0.000011 0.000011 -0.000935 -0.006553 -0.220087
    53 1.099663 0.000011 0.000010 -0.000419 -0.004193 -0.142730
    54 0.807570 -0.358068 -1.318047 1.196404 0.698123 -0.806263
    55 1.789780 -0.000011 0.000008 0.000649 -0.006265 0.125751
    56 1.207003 0.000001 -0.000008 -0.089032 0.232011 0.468826
    57 11.481689 -0.000073 -0.000004 0.000155 0.000000 -0.000014
  time 22
    0 2.001623 51.833613 47.457810 0.515633 0.778890 -2.771594
    1 3.890447 0.000000 0.000000 -1.869753 -0.520403 -1.159208
    2 17.848156 0.000000 0.000000 0.486243 0.845028 1.238705
    3 16.525240 0.000000 0.000000 -0.004899 -0.440995 -1.545521
    4 -3.890447 0.000000 0.000000 -2.177115 -0.861916 -1.255723
    5 17.848167 0.000000 0.000000 -0.453306 0.063603 1.400555
    6 16.525238 0.000000 0.000000 -0.207887 0.398278 -1.616850
    7 0.000000 3.345131 -2.981898 1.570793 0.086297 1.570793
    8 4.015370 0.000000 0.000000 0.004434 0.139896 0.172645
    9 3.520298 0.000000 0.000000 0.000000 0.000024 0.549999
    10 8.940987 0.000000 0.000000 0.000000 0.000000 0.194090
    11 3.306377 -0.000001 0.000000 3.141590 0.000000 0.497120
    12 3.594185 0.000000 0.000000 -0.372098 -0.342893 0.124104
    13 2.036090 0.997452 1.937661 1.593886 -1.252866 2.945771
    14 6.028141 0.000011 0.000000 -1.533376 -0.889976 -0.570019
    15 11.692581 -0.000001 -0.000008 -0.237682 0.602643 -0.814239
    16 11.481684 0.000000 -0.000031 2.297233 -0.217167 -0.180570
    17 2.036090 0.997453 -1.937661 -4.577534 1.365913 0.027273
    18 6.028137 -0.000008 0.000000 1.722858 0.051271 -0.697835
    19 11.692554 0.000000 0.000019 0.201977 -0.303144 -1.277572
    20 11.481705 0.000000 0.000011 -1.772852 0.514987 -0.175222
    21 2.000004 -3.000000 0.000000 -1.570796 0.000000 -1.326450
    22 2.676084 -1.712437 0.000000 -1.570796 0.000000 -1.571118
    23 2.676081 -1.712433 0.000000 1.570790 -0.000001 1.570689
    24 6.879441 -0.000010 0.000000 -0.007299 -0.002951 -0.584373
    25 6.879432 -0.000013 0.000000 -0.081333 -0.002949 -0.584376
    26 3.859711 -0.142445 -1.191958 -0.315933 0.395500 -0.296608
    27 1.312550 0.000008 0.000004 -0.000442 0.009658 -0.485599
    28 0.729370 0.000006 0.000000 0.000717 0.004928 -0.098470
    29 3.942335 0.046738 -0.431422 -0.112273 0.129733 -0.395046
    30 1.539124 0.000015 -0.000015 0.000403 0.004447 -0.157024
    31 1.196327 0.000032 -0.000010 0.000379 0.007346 -0.378383
    32 3.881363 -0.043152 0.427624 0.088247 -0.008141 -0.247739
    33 1.719578 -0.000004 0.000004 0.001069 0.005400 -0.171489
    34 1.209160 -0.000010 -0.000011 0.000165 0.003066 -0.163146
    35 3.863464 -0.136498 1.332175 0.318902 -0.163099 -0.189652
    36 1.719427 0.000031 -0.000031 0.001243 0.003890 -0.051133
    37 1.099674 -0.000004 -0.000011 0.000164 0.002592 -0.179085
    38 0.807566 -0.347147 1.320592 -1.197032 -0.710009 -0.804663
    39 1.789783 -0.000007 0.000004 -0.000009 0.007379 0.228539
    40 1.207018 0.000015 -0.000008 -0.002068 0.011072 0.178144
    41 11.481726 -0.000012 -0.000038 0.001269 0.000000 -0.000005
    42 3.859663 -0.132561 1.193130 0.477137 -0.164913 -0.866585
    43 1.312580 -0.000006 0.000003 0.002791 -0.011600 -0.676848
    44 0.729366 -0.000008 -0.000001 0.000569 -0.006112 -0.338801
    45 3.942284 0.050331 0.431063 0.150400 -0.087765 -0.755073
    46 1.539131 -0.000004 0.000002 0.001053 -0.005755 -0.430874
    47 1.196323 0.000004 0.000005 0.000135 -0.009665 -0.445199
    48 3.881350 -0.046456 -0.429353 -0.087499 -0.020545 -0.520184
    49 1.719599 0.000008 0.000010 -0.000502 -0.007956 -0.302564
    50 1.209183 0.000010 0.000010 0.000506 -0.004431 -0.331491
    51 3.863456 -0.147312 -1.329162 -0.352340 0.054989 -0.487399
    52 1.719425 0.000011 0.000011 -0.000935 -0.006553 -0.220087
    53 1.099663 0.000011 0.000010 -0.000419 -0.004193 -0.142730
    54 0.807570 -0.358068 -1.318047 1.196404 0.698123 -0.806263
    55 1.789780 -0.000011 0.000008 0.000649 -0.006265 0.125751
    56 1.207003 0.000001 -0.000008 -0.089032 0.232011 0.468826
    57 11.481689 -0.000073 -0.000004 0.000155 0.000000 -0.000014
  time 23
    0 2.001623 56.142338 45.086644 0.478455 0.797864 -2.845069
    1 3.890447 0.000000 0.000000 -1.806703 -0.399806 -1.395243
    2 17.848156 0.000000 0.000000 -0.030083 0.578267 0.482375
    3 16.525240 0.000000 0.000000 -0.277953 -0.397641 -1.106681
    4 -3.890447 0.000000 0.000000 -1.998864 -0.714150 -1.477305
    5 17.848167 0.000000 0.000000 -0.431413 0.027829 0.901796
    6 16.525238 0.000000 0.000000 -0.156514 0.220929 -1.303386
    7 0.000000 3.345131 -2.981898 1.570793 0.086297 1.570793
    8 4.015370 0.000000 0.000000 0.003811 0.241142 0.140831
    9 3.520298 0.000000 0.000000 0.000000 0.000024 0.520565
    10 8.940987 0.000000 0.000000 0.000000 0.000000 0.194090
    11 3.306377 -0.000001 0.000000 3.141590 0.000000 0.497671
    12 3.594185 0.000000 0.000000 -0.340031 -0.321933 0.029063
    13 2.036090 0.997452 1.937661 1.593132 -1.241376 2.946627
    14 6.028141 0.000011 0.000000 -1.414892 -0.748794 -0.829154
    15 11.692581 -0.000001 -0.000008 -0.190578 0.501621 -0.643535
    16 11.481684 0.000000 -0.000031 2.261814 -0.251067 -0.358609
    17 2.036090 0.997453 -1.937661 -4.577534 1.365913 0.027273
    18 6.028137 -0.000008 0.000000 1.689465 0.010641 -0.725909
    19 11.692554 0.000000 0.000019 0.115353 -0.262529 -1.060141
    20 11.481705 0.000000 0.000011 -1.722832 0.570676 -0.084917
    21 2.000004 -3.000000 0.000000 -1.570796 0.000000 -1.326450
    22 2.676084 -1.712437 0.000000 -1.570796 0.000000 -1.571118
    23 2.676081 -1.712433 0.000000 1.570790 -0.000001 1.570689
    24 6.879441 -0.000010 0.000000 -0.007299 -0.002951 -0.584373
    25 6.879432 -0.000013 0.000000 -0.081333 -0.002949 -0.584376
    26 3.859711 -0.142445 -1.191958 -0.312602 0.398072 -0.288015
    27 1.312550 0.000008 0.000004 0.000001 0.009658 -0.439729
    28 0.729370 0.000006 0.000000 0.000957 0.004892 -0.048257
    29 3.942335 0.046738 -0.431422 -0.108654 0.132766 -0.367484
    30 1.539124 0.000015 -0.000015 0.000775 0.004399 -0.072906
    31 1.196327 0.000032 -0.000010 0.000679 0.007334 -0.337086
    32 3.881363 -0.043152 0.427624 0.088595 -0.002125 -0.315601
    33 1.719578 -0.000004 0.000004 0.001728 0.005221 -0.047180
    34 1.209160 -0.000010 -0.000011 0.000440 0.003042 -0.072792
    35 3.863464 -0.136498 1.332175 0.313893 -0.172746 -0.159722
    36 1.719427 0.000031 -0.000031 0.001950 0.003590 0.137830
    37 1.099674 -0.000004 -0.000011 0.000751 0.002484 0.052275
    38 0.807566 -0.347147 1.320592 -1.197032 -0.710009 -0.804663
    39 1.789783 -0.000007 0.000004 -0.000009 0.007379 0.228539
    40 1.207018 0.000015 -0.000008 -0.003745 0.010616 0.023153
    41 11.481726 -0.000012 -0.000038 0.001269 0.000000 -0.000005
    42 3.859663 -0.132561 1.193130 0.437832 -0.255538 -0.678991
    43 1.312580 -0.000006 0.000003 0.000094 -0.011936 -0.448907
    44 0.729366 -0.000008 -0.000001 -0.000270 -0.006136 -0.200010
    45 3.942284 0.050331 0.431063 0.134077 -0.111183 -0.591047
    46 1.539131 -0.000004 0.000002 0.000226 -0.005851 -0.287206
    47 1.196323 0.000004 0.000005 -0.001711 -0.009509 -0.252807
    48 3.881350 -0.046456 -0.429353 -0.089165 -0.011149 -0.414248
    49 1.719599 0.000008 0.000010 -0.001293 -0.007860 -0.202480
    50 1.209183 0.000010 0.000010 -0.000297 -0.004443 -0.149602
    51 3.863456 -0.147312 -1.329162 -0.344514 0.093252 -0.381907
    52 1.719425 0.000011 0.000011 -0.001990 -0.006313 -0.057555
    53 1.099663 0.000011 0.000010 -0.000299 -0.004193 -0.172990
    54 0.807570 -0.358068 -1.318047 1.177983 0.749774 -0.834079
    55 1.789780 -0.000011 0.000008 0.000649 -0.006265 0.125751
    56 1.207003 0.000001 -0.000008 -0.160808 0.189909 0.129276
    57 11.481689 -0.000073 -0.000004 0.000155 0.000000 -0.000014
  time 24
    0 2.001623 58.849452 42.160773 0.453396 0.824120 -2.885337
    1 3.890447 0.000000 0.000000 -1.713279 -0.292951 -1.723760
    2 17.848156 0.000000 0.000000 -0.188792 0.019729 0.013869
    3 16.525240 0.000000 0.000000 -0.479387 -0.244622 -0.722370
    4 -3.890447 0.000000 0.000000 -1.881074 -0.395096 -1.663363
    5 17.848167 0.000000 0.000000 -0.395926 0.000998 0.140063
    6 16.525238 0.000000 0.000000 -0.054072 0.081485 -0.888746
    7 0.000000 3.345131 -2.981898 1.570793 0.086297 1.570793
    8 4.015370 0.000000 0.000000 0.000000 0.279888 0.109376
    9 3.520298 0.000000 0.000000 0.000000 0.000036 0.484646
    10 8.940987 0.000000 0.000000 0.000000 0.000000 0.194090
    11 3.306377 -0.000001 0.000000 3.141590 0.000000 0.497743
    12 3.594185 0.000000 0.000000 -0.328399 -0.313123 -0.006660
    13 2.036090 0.997452 1.937661 1.592378 -1.228502 2.947483
    14 6.028141 0.000011 0.000000 -1.443076 -0.565001 -0.770579
    15 11.692581 -0.000001 -0.000008 -0.233583 0.530906 -0.674857
    16 11.481684 0.000000 -0.000031 2.234251 -0.330984 -0.368428
    17 2.036090 0.997453 -1.937661 -4.577534 1.365913 0.027273
    18 6.028137 -0.000008 0.000000 1.685654 0.141028 -0.714919
    19 11.692554 0.000000 0.000019 0.044167 -0.204434 -0.737326
    20 11.481705 0.000000 0.000011 -1.658052 0.500709 -0.089757
    21 2.000004 -3.000000 0.000000 -1.570796 0.000000 -1.326450
    22 2.676084 -1.712437 0.000000 -1.570796 0.000000 -1.571118
    23 2.676081 -1.712433 0.000000 1.570790 -0.000001 1.570689
    24 6.879441 -0.000010 0.000000 -0.007299 -0.002951 -0.584373
    25 6.879432 -0.000013 0.000000 -0.081333 -0.002949 -0.584376
    26 3.859711 -0.142445 -1.191958 -0.336673 0.379588 -0.378505
    27 1.312550 0.000008 0.000004 -0.006974 0.033663 -0.489471
    28 0.729370 0.000006 0.000000 0.000310 0.004976 -0.180211
    29 3.942335 0.046738 -0.431422 -0.115269 0.130740 -0.435021
    30 1.539124 0.000015 -0.000015 0.000367 0.004459 -0.162865
    31 1.196327 0.000032 -0.000010 -0.000280 0.007358 -0.469205
    32 3.881363 -0.043152 0.427624 0.087636 0.010064 -0.380356
    33 1.719578 -0.000004 0.000004 0.001212 0.005365 -0.144764
    34 1.209160 -0.000010 -0.000011 0.000093 0.003066 -0.185988
    35 3.863464 -0.136498 1.332175 0.319442 -0.158832 -0.220948
    36 1.719427 0.000031 -0.000031 0.001386 0.003842 -0.015048
    37 1.099674 -0.000004 -0.000011 0.000368 0.002568 -0.102080
    38 0.807566 -0.347147 1.320592 -1.201106 -0.680346 -0.801651
    39 1.789783 -0.000007 0.000004 -0.000009 0.007379 0.228539
    40 1.207018 0.000015 -0.000008 -0.002978 0.010856 0.094415
    41 11.481726 -0.000012 -0.000038 0.001269 0.000000 -0.000005
    42 3.859663 -0.132561 1.193130 0.380310 -0.337179 -0.482791
    43 1.312580 -0.000006 0.000003 -0.002590 -0.011648 -0.220998
    44 0.729366 -0.000008 -0.000001 -0.001109 -0.006040 -0.061088
    45 3.942284 0.050331 0.431063 0.114063 -0.131629 -0.426247
    46 1.539131 -0.000004 0.000002 -0.000601 -0.005827 -0.143538
    47 1.196323 0.000004 0.000005 -0.003496 -0.009006 -0.060346
    48 3.881350 -0.046456 -0.429353 -0.089848 -0.001633 -0.308313
    49 1.719599 0.000008 0.000010 -0.002072 -0.007692 -0.102436
    50 1.209183 0.000010 0.000010 -0.001088 -0.004323 0.032352
    51 3.863456 -0.147312 -1.329162 -0.332637 0.130485 -0.275655
    52 1.719425 0.000011 0.000011 -0.002984 -0.005917 0.105159
    53 1.099663 0.000011 0.000010 -0.000167 -0.004205 -0.203251
    54 0.807570 -0.358068 -1.318047 1.156537 0.800993 -0.864700
    55 1.789780 -0.000011 0.000008 0.000649 -0.006265 0.125751
    56 1.207003 0.000001 -0.000008 -0.213852 0.127002 -0.203597
    57 11.481689 -0.000073 -0.000004 0.000155 0.000000 -0.000014
  time 25
    0 2.001623 60.486221 38.656760 0.511375 0.898389 -2.788102
    1 3.890447 0.000000 0.000000 -1.693349 -0.279071 -1.773013
    2 17.848156 0.000000 0.000000 -0.175776 0.019187 0.014901
    3 16.525240 0.000000 0.000000 -0.434615 -0.235417 -0.698535
    4 -3.890447 0.000000 0.000000 -1.835040 -0.322956 -1.772496
    5 17.848167 0.000000 0.000000 -0.357083 -0.000795 0.021614
    6 16.525238 0.000000 0.000000 -0.012586 0.182852 -0.824930
    7 0.000000 3.345131 -2.981898 1.570793 0.086297 1.570793
    8 4.015370 0.000000 0.000000 -0.002193 0.242436 0.077224
    9 3.520298 0.000000 0.000000 0.000000 0.000036 0.435611
    10 8.940987 0.000000 0.000000 0.000000 0.000000 0.194090
    11 3.306377 -0.000001 0.000000 3.141590 0.000000 0.495071
    12 3.594185 0.000000 0.000000 -0.340057 -0.335433 0.033685
    13 2.036090 0.997452 1.937661 1.590023 -1.185677 2.949957
    14 6.028141 0.000011 0.000000 -1.438582 -0.413022 -0.441743
    15 11.692581 -0.000001 -0.000008 -0.281127 0.647086 -0.802452
    16 11.481684 0.000000 -0.000031 2.213018 -0.430175 -0.117065
    17 2.036090 0.997453 -1.937661 -4.459335 1.461310 0.146763
    18 6.028137 -0.000008 0.000000 1.680296 0.266094 -0.661219
    19 11.692554 0.000000 0.000019 -0.001268 -0.136158 -0.550503
    20 11.481705 0.000000 0.000011 -1.629625 0.405924 -0.086136
    21 2.000004 -3.000000 0.000000 -1.570796 0.000000 -1.326450
    22 2.676084 -1.712437 0.000000 -1.570796 0.000000 -1.571118
    23 2.676081 -1.712433 0.000000 1.570790 -0.000001 1.570689
    24 6.879441 -0.000010 0.000000 -0.007299 -0.002951 -0.584373
    25 6.879432 -0.000013 0.000000 -0.081333 -0.002949 -0.584376
    26 3.859711 -0.142445 -1.191958 -0.381238 0.333603 -0.568909
    27 1.312550 0.000008 0.000004 -0.025946 0.083759 -0.596926
    28 0.729370 0.000006 0.000000 -0.001092 0.004856 -0.465649
    29 3.942335 0.046738 -0.431422 -0.128884 0.124940 -0.579805
    30 1.539124 0.000015 -0.000015 -0.000484 0.004447 -0.356284
    31 1.196327 0.000032 -0.000010 -0.002329 0.006974 -0.754777
    32 3.881363 -0.043152 0.427624 0.084568 0.029551 -0.446207
    33 1.719578 -0.000004 0.000004 0.000062 0.005508 -0.354625
    34 1.209160 -0.000010 -0.000011 -0.000650 0.003006 -0.430087
    35 3.863464 -0.136498 1.332175 0.328346 -0.128032 -0.351521
    36 1.719427 0.000031 -0.000031 0.000056 0.004093 -0.346316
    37 1.099674 -0.000004 -0.000011 -0.000495 0.002544 -0.437591
    38 0.807566 -0.347147 1.320592 -1.209202 -0.616859 -0.795943
    39 1.789783 -0.000007 0.000004 -0.000009 0.007379 0.228539
    40 1.207018 0.000015 -0.000008 -0.001289 0.011180 0.247338
    41 11.481726 -0.000012 -0.000038 0.001269 0.000000 -0.000005
    42 3.859663 -0.132561 1.193130 0.380310 -0.337179 -0.482791
    43 1.312580 -0.000006 0.000003 -0.002590 -0.011648 -0.220998
    44 0.729366 -0.000008 -0.000001 -0.001109 -0.006040 -0.061088
    45 3.942284 0.050331 0.431063 0.114063 -0.131629 -0.426247
    46 1.539131 -0.000004 0.000002 -0.000601 -0.005827 -0.143538
    47 1.196323 0.000004 0.000005 -0.003496 -0.009006 -0.060346
    48 3.881350 -0.046456 -0.429353 -0.089848 -0.001633 -0.308313
    49 1.719599 0.000008 0.000010 -0.002072 -0.007692 -0.102436
    50 1.209183 0.000010 0.000010 -0.001088 -0.004323 0.032352
    51 3.863456 -0.147312 -1.329162 -0.332637 0.130485 -0.275655
    52 1.719425 0.000011 0.000011 -0.002984 -0.005917 0.105159
    53 1.099663 0.000011 0.000010 -0.000167 -0.004205 -0.203251
    54 0.807570 -0.358068 -1.318047 1.156537 0.800993 -0.864700
    55 1.789780 -0.000011 0.000008 0.000649 -0.006265 0.125751
    56 1.207003 0.000001 -0.000008 -0.213852 0.127002 -0.203597
    57 11.481689 -0.000073 -0.000004 0.000155 0.000000 -0.000014
  time 26
    0 2.001623 61.162023 34.457413 0.725929 0.991633 -2.490956
    1 3.890447 0.000000 0.000000 -1.645918 -0.220013 -1.869129
    2 17.848156 0.000000 0.000000 -0.137136 0.018284 0.016375
    3 16.525240 0.000000 0.000000 -0.391791 -0.196547 -0.679787
    4 -3.890447 0.000000 0.000000 -1.764518 -0.392738 -1.969258
    5 17.848167 0.000000 0.000000 -0.296083 -0.039441 0.287031
    6 16.525238 0.000000 0.000000 0.018551 0.432501 -0.980453
    7 0.000000 3.345131 -2.981898 1.570793 0.086297 1.570793
    8 4.015370 0.000000 0.000000 -0.000515 0.151401 0.041631
    9 3.520298 0.000000 0.000000 0.000000 0.000048 0.373862
    10 8.940987 0.000000 0.000000 0.000000 0.000000 0.194090
    11 3.306377 -0.000001 0.000000 3.141590 0.000000 0.487089
    12 3.594185 0.000000 0.000000 -0.368430 -0.381474 0.122368
    13 2.036090 0.997452 1.937661 1.587196 -1.112775 2.953001
    14 6.028141 0.000011 0.000000 -1.350369 -0.438119 -0.061714
    15 11.692581 -0.000001 -0.000008 -0.060793 0.646873 -0.633891
    16 11.481684 0.000000 -0.000031 2.248482 -0.325282 0.167085
    17 2.036090 0.997453 -1.937661 -1.831573 1.464510 2.777406
    18 6.028137 -0.000008 0.000000 1.668599 0.260903 -0.565122
    19 11.692554 0.000000 0.000019 -0.038543 -0.072689 -0.670161
    20 11.481705 0.000000 0.000011 -1.638279 0.353616 0.053359
    21 2.000004 -3.000000 0.000000 -1.570796 0.000000 -1.326450
    22 2.676084 -1.712437 0.000000 -1.570796 0.000000 -1.571118
    23 2.676081 -1.712433 0.000000 1.570790 -0.000001 1.570689
    24 6.879441 -0.000010 0.000000 -0.007299 -0.002951 -0.584373
    25 6.879432 -0.000013 0.000000 -0.081333 -0.002949 -0.584376
    26 3.859711 -0.142445 -1.191958 -0.398444 0.309706 -0.655743
    27 1.312550 0.000008 0.000004 -0.036660 0.106362 -0.647544
    28 0.729370 0.000006 0.000000 -0.001716 0.004676 -0.597530
    29 3.942335 0.046738 -0.431422 -0.134900 0.121584 -0.647244
    30 1.539124 0.000015 -0.000015 -0.000879 0.004387 -0.446243
    31 1.196327 0.000032 -0.000010 -0.003228 0.006615 -0.886820
    32 3.881363 -0.043152 0.427624 0.082842 0.038048 -0.470908
    33 1.719578 -0.000004 0.000004 -0.000465 0.005484 -0.452156
    34 1.209160 -0.000010 -0.000011 -0.000986 0.002910 -0.543149
    35 3.863464 -0.136498 1.332175 0.331079 -0.113327 -0.412132
    36 1.719427 0.000031 -0.000031 -0.000543 0.004045 -0.499144
    37 1.099674 -0.000004 -0.000011 -0.000879 0.002436 -0.592085
    38 0.807566 -0.347147 1.320592 -1.212700 -0.587178 -0.793560
    39 1.789783 -0.000007 0.000004 -0.000009 0.007379 0.228539
    40 1.207018 0.000015 -0.000008 -0.000498 0.011252 0.318633
    41 11.481726 -0.000012 -0.000038 0.001269 0.000000 -0.000005
    42 3.859663 -0.132561 1.193130 0.437832 -0.255538 -0.678991
    43 1.312580 -0.000006 0.000003 0.000094 -0.011936 -0.448907
    44 0.729366 -0.000008 -0.000001 -0.000270 -0.006136 -0.200010
    45 3.942284 0.050331 0.431063 0.134077 -0.111183 -0.591047
    46 1.539131 -0.000004 0.000002 0.000226 -0.005851 -0.287206
    47 1.196323 0.000004 0.000005 -0.001711 -0.009509 -0.252807
    48 3.881350 -0.046456 -0.429353 -0.088961 -0.012659 -0.431093
    49 1.719599 0.000008 0.000010 -0.000874 -0.007920 -0.256378
    50 1.209183 0.000010 0.000010 -0.000033 -0.004455 -0.207716
    51 3.863456 -0.147312 -1.329162 -0.349680 0.070532 -0.444956
    52 1.719425 0.000011 0.000011 -0.001319 -0.006493 -0.162373
    53 1.099663 0.000011 0.000010 0.000073 -0.004205 -0.262754
    54 0.807570 -0.358068 -1.318047 1.167300 0.776311 -0.849527
    55 1.789780 -0.000011 0.000008 0.000649 -0.006265 0.125751
    56 1.207003 0.000001 -0.000008 -0.191141 0.159336 -0.044809
    57 11.481689 -0.000073 -0.000004 0.000155 0.000000 -0.000014
  time 27
    0 2.001623 61.240150 29.929931 0.874069 1.015319 -2.305645
    1 3.890447 0.000000 0.000000 -1.640840 -0.243958 -1.831352
    2 17.848156 0.000000 0.000000 -0.103457 0.155121 0.149086
    3 16.525240 0.000000 0.000000 -0.346044 -0.215887 -0.750093
    4 -3.890447 0.000000 0.000000 -1.705481 -0.396274 -2.122159
    5 17.848167 0.000000 0.000000 -0.251018 -0.072445 0.358886
    6 16.525238 0.000000 0.000000 0.072466 0.525963 -1.013901
    7 0.000000 3.345131 -2.981898 1.570793 0.086297 1.570793
    8 4.015370 0.000000 0.000000 0.000000 0.080992 0.010091
    9 3.520298 0.000000 0.000000 0.000000 0.000060 0.327386
    10 8.940987 0.000000 0.000000 0.000000 0.000000 0.194090
    11 3.306377 -0.000001 0.000000 3.141590 0.000000 0.474241
    12 3.594185 0.000000 0.000000 -0.382970 -0.401670 0.165014
    13 2.036090 0.997452 1.937661 1.586254 -1.079992 2.954143
    14 6.028141 0.000011 0.000000 -1.255126 -0.451017 -0.009518
    15 11.692581 -0.000001 -0.000008 0.209903 0.373378 -0.321003
    16 11.481684 0.000000 -0.000031 2.400887 -0.101800 0.066288
    17 2.036090 0.997453 -1.937661 -1.707764 1.369197 2.902446
    18 6.028137 -0.000008 0.000000 1.647846 0.483234 -0.525694
    19 11.692554 0.000000 0.000019 -0.092525 -0.005741 -0.379144
    20 11.481705 0.000000 0.000011 -1.669375 0.320790 -0.083426
    21 2.000004 -3.000000 0.000000 -1.570796 0.000000 -1.326450
    22 2.676084 -1.712437 0.000000 -1.570796 0.000000 -1.571118
    23 2.676081 -1.712433 0.000000 1.570790 -0.000001 1.570689
    24 6.879441 -0.000010 0.000000 -0.007299 -0.002951 -0.584373
    25 6.879432 -0.000013 0.000000 -0.081333 -0.002949 -0.584376
    26 3.859711 -0.142445 -1.191958 -0.386690 0.326559 -0.586585
    27 1.312550 0.000008 0.000004 -0.026641 0.083495 -0.612187
    28 0.729370 0.000006 0.000000 -0.001224 0.004832 -0.493309
    29 3.942335 0.046738 -0.431422 -0.130645 0.122902 -0.595182
    30 1.539124 0.000015 -0.000015 -0.000484 0.004447 -0.356284
    31 1.196327 0.000032 -0.000010 -0.002569 0.006891 -0.789369
    32 3.881363 -0.043152 0.427624 0.084580 0.029503 -0.445644
    33 1.719578 -0.000004 0.000004 0.000062 0.005508 -0.354625
    34 1.209160 -0.000010 -0.000011 -0.000698 0.002994 -0.447185
    35 3.863464 -0.136498 1.332175 0.328622 -0.127205 -0.353876
    36 1.719427 0.000031 -0.000031 0.000056 0.004093 -0.346316
    37 1.099674 -0.000004 -0.000011 -0.000519 0.002544 -0.451025
    38 0.807566 -0.347147 1.320592 -1.204044 -0.614171 -0.804496
    39 1.789783 -0.000007 0.000004 -0.000009 0.007379 0.228539
    40 1.207018 0.000015 -0.000008 -0.001289 0.011180 0.247338
    41 11.481726 -0.000012 -0.000038 0.001269 0.000000 -0.000005
    42 3.859663 -0.132561 1.193130 0.477137 -0.164913 -0.866585
    43 1.312580 -0.000006 0.000003 0.002791 -0.011600 -0.676848
    44 0.729366 -0.000008 -0.000001 0.000569 -0.006112 -0.338801
    45 3.942284 0.050331 0.431063 0.150400 -0.087765 -0.755073
    46 1.539131 -0.000004 0.000002 0.001053 -0.005755 -0.430874
    47 1.196323 0.000004 0.000005 0.000135 -0.009665 -0.445199
    48 3.881350 -0.046456 -0.429353 -0.086756 -0.023481 -0.553907
    49 1.719599 0.000008 0.000010 0.000349 -0.007956 -0.410279
    50 1.209183 0.000010 0.000010 0.001022 -0.004335 -0.447653
    51 3.863456 -0.147312 -1.329162 -0.356319 0.008587 -0.612772
    52 1.719425 0.000011 0.000011 0.000431 -0.006612 -0.429494
    53 1.099663 0.000011 0.000010 0.000324 -0.004193 -0.322325
    54 0.807570 -0.358068 -1.318047 1.187850 0.723120 -0.819386
    55 1.789780 -0.000011 0.000008 0.000649 -0.006265 0.125751
    56 1.207003 0.000001 -0.000008 -0.125358 0.214801 0.305262
    57 11.481689 -0.000073 -0.000004 0.000155 0.000000 -0.000014
  time 28
    0 2.001623 61.240150 24.898528 0.904369 1.009066 -2.274538
    1 3.890447 0.000000 0.000000 -1.630971 -0.219691 -1.841873
    2 17.848156 0.000000 0.000000 -0.099070 0.113188 0.112979
    3 16.525240 0.000000 0.000000 -0.392631 -0.192363 -0.719855
    4 -3.890447 0.000000 0.000000 -1.675108 -0.356742 -2.211398
    5 17.848167 0.000000 0.000000 -0.229919 -0.056697 0.250512
    6 16.525238 0.000000 0.000000 0.200391 0.503156 -0.903224
    7 0.000000 3.345131 -2.981898 1.570793 0.086297 1.570793
    8 4.015370 0.000000 0.000000 -0.011038 0.044331 -0.013004
    9 3.520298 0.000000 0.000000 -0.028475 0.002948 0.300769
    10 8.940987 0.000000 0.000000 0.000000 0.000000 0.194090
    11 3.306377 -0.000001 0.000000 3.141590 0.000000 0.457918
    12 3.594185 0.000000 0.000000 -0.378123 -0.366713 0.149239
    13 2.036090 0.997452 1.937661 1.593698 -1.123194 2.946437
    14 6.028141 0.000011 0.000000 -1.119050 -0.282554 -0.066143
    15 11.692581 -0.000001 -0.000008 0.152294 0.094368 -0.347791
    16 11.481684 0.000000 -0.000031 2.488380 0.075511 -0.141882
    17 2.036090 0.997453 -1.937661 -1.782947 1.377658 2.826330
    18 6.028137 -0.000008 0.000000 1.609472 0.655881 -0.514079
    19 11.692554 0.000000 0.000019 -0.148767 0.021609 -0.233080
    20 11.481705 0.000000 0.000011 -1.743334 0.350725 -0.268855
    21 2.000004 -3.000000 0.000000 -1.570796 0.000000 -1.326450
    22 2.676084 -1.712437 0.000000 -1.570796 0.000000 -1.571118
    23 2.676081 -1.712433 0.000000 1.570790 -0.000001 1.570689
    24 6.879441 -0.000010 0.000000 -0.007299 -0.002951 -0.584373
    25 6.879432 -0.000013 0.000000 -0.081333 -0.002949 -0.584376
    26 3.859711 -0.142445 -1.191958 -0.350706 0.366383 -0.417513
    27 1.312550 0.000008 0.000004 -0.007669 0.033519 -0.521917
    28 0.729370 0.000006 0.000000 0.000010 0.004976 -0.239911
    29 3.942335 0.046738 -0.431422 -0.119392 0.126869 -0.467894
    30 1.539124 0.000015 -0.000015 0.000367 0.004447 -0.162913
    31 1.196327 0.000032 -0.000010 -0.000819 0.007310 -0.543951
    32 3.881363 -0.043152 0.427624 0.087648 0.009956 -0.379203
    33 1.719578 -0.000004 0.000004 0.001212 0.005365 -0.144764
    34 1.209160 -0.000010 -0.000011 -0.000015 0.003066 -0.222887
    35 3.863464 -0.136498 1.332175 0.320233 -0.157154 -0.226033
    36 1.719427 0.000031 -0.000031 0.001386 0.003842 -0.015048
    37 1.099674 -0.000004 -0.000011 0.000284 0.002580 -0.131165
    38 0.807566 -0.347147 1.320592 -1.189250 -0.674503 -0.820642
    39 1.789783 -0.000007 0.000004 -0.000081 0.007379 0.216944
    40 1.207018 0.000015 -0.000008 -0.002978 0.010856 0.094415
    41 11.481726 -0.000012 -0.000038 0.001269 0.000000 -0.000005
    42 3.859663 -0.132561 1.193130 0.472919 -0.177478 -0.841812
    43 1.312580 -0.000006 0.000003 0.002407 -0.011684 -0.643619
    44 0.729366 -0.000008 -0.000001 0.000461 -0.006124 -0.320823
    45 3.942284 0.050331 0.431063 0.147727 -0.092211 -0.725365
    46 1.539131 -0.000004 0.000002 0.000945 -0.005779 -0.411532
    47 1.196323 0.000004 0.000005 0.000051 -0.009665 -0.437299
    48 3.881350 -0.046456 -0.429353 -0.087332 -0.021228 -0.528040
    49 1.719599 0.000008 0.000010 0.000061 -0.007968 -0.374279
    50 1.209183 0.000010 0.000010 0.000962 -0.004347 -0.436590
    51 3.863456 -0.147312 -1.329162 -0.355276 0.029195 -0.557329
    52 1.719425 0.000011 0.000011 0.000347 -0.006612 -0.416140
    53 1.099663 0.000011 0.000010 0.000133 -0.004205 -0.277477
    54 0.807570 -0.358068 -1.318047 1.196404 0.698123 -0.806263
    55 1.789780 -0.000011 0.000008 0.000649 -0.006265 0.125751
    56 1.207003 0.000001 -0.000008 -0.089032 0.232011 0.468826
    57 11.481689 -0.000073 -0.000004 0.000155 0.000000 -0.000014
  time 29
    0 2.001623 61.240150 19.203041 0.918618 0.995660 -2.257075
    1 3.890447 0.000000 0.000000 -1.626563 -0.230906 -1.817102
    2 17.848156 0.000000 0.000000 -0.080637 0.142510 0.161981
    3 16.525240 0.000000 0.000000 -0.429978 -0.202578 -0.748349
    4 -3.890447 0.000000 0.000000 -1.640749 -0.353845 -2.322805
    5 17.848167 0.000000 0.000000 -0.224976 -0.054069 0.218807
    6 16.525238 0.000000 0.000000 0.346542 0.459310 -0.815287
    7 0.000000 3.345131 -2.981898 1.570793 0.086297 1.570793
    8 4.015370 0.000000 0.000000 -0.039585 0.021728 -0.029217
    9 3.520298 0.000000 0.000000 -0.110534 0.010702 0.287090
    10 8.940987 0.000000 0.000000 0.000000 0.000000 0.194090
    11 3.306377 -0.000001 0.000000 3.141590 0.000000 0.440289
    12 3.594185 0.000000 0.000000 -0.353104 -0.273494 0.106320
    13 2.036090 0.997452 1.937661 1.675300 -1.242226 2.864241
    14 6.028141 0.000011 0.000000 -1.128488 -0.004434 -0.212924
    15 11.692581 -0.000001 -0.000008 0.197825 -0.090916 -0.555422
    16 11.481684 0.000000 -0.000031 2.496595 0.090168 -0.309247
    17 2.036090 0.997453 -1.937661 -2.013733 1.395671 2.592715
    18 6.028137 -0.000008 0.000000 1.549063 0.626148 -0.502307
    19 11.692554 0.000000 0.000019 -0.274321 0.126202 -0.611165
    20 11.481705 0.000000 0.000011 -1.807588 0.288453 -0.241240
    21 2.000004 -3.000000 0.000000 -1.570796 0.000000 -1.326450
    22 2.676084 -1.712437 0.000000 -1.570796 0.000000 -1.571118
    23 2.676081 -1.712433 0.000000 1.570790 -0.000001 1.570689
    24 6.879441 -0.000010 0.000000 -0.007299 -0.002951 -0.584373
    25 6.879432 -0.000013 0.000000 -0.081333 -0.002949 -0.584376
    26 3.859711 -0.142445 -1.191958 -0.312602 0.398072 -0.288015
    27 1.312550 0.000008 0.000004 0.000001 0.009658 -0.439729
    28 0.729370 0.000006 0.000000 0.000957 0.004892 -0.048257
    29 3.942335 0.046738 -0.431422 -0.108654 0.132766 -0.367484
    30 1.539124 0.000015 -0.000015 0.000775 0.004399 -0.072906
    31 1.196327 0.000032 -0.000010 0.000679 0.007334 -0.337086
    32 3.881363 -0.043152 0.427624 0.088595 -0.002125 -0.315601
    33 1.719578 -0.000004 0.000004 0.001728 0.005221 -0.047180
    34 1.209160 -0.000010 -0.000011 0.000440 0.003042 -0.072792
    35 3.863464 -0.136498 1.332175 0.313893 -0.172746 -0.159722
    36 1.719427 0.000031 -0.000031 0.001950 0.003590 0.137830
    37 1.099674 -0.000004 -0.000011 0.000751 0.002484 0.052275
    38 0.807566 -0.347147 1.320592 -1.197032 -0.710009 -0.804663
    39 1.789783 -0.000007 0.000004 -0.000333 0.007379 0.183182
    40 1.207018 0.000015 -0.000008 -0.003745 0.010616 0.023153
    41 11.481726 -0.000012 -0.000038 0.001269 0.000000 -0.000005
    42 3.859663 -0.132561 1.193130 0.458968 -0.212957 -0.769907
    43 1.312580 -0.000006 0.000003 0.001293 -0.011864 -0.548794
    44 0.729366 -0.000008 -0.000001 0.000149 -0.006136 -0.268850
    45 3.942284 0.050331 0.431063 0.139554 -0.104208 -0.642013
    46 1.539131 -0.000004 0.000002 0.000621 -0.005827 -0.355911
    47 1.196323 0.000004 0.000005 -0.000201 -0.009665 -0.409649
    48 3.881350 -0.046456 -0.429353 -0.088602 -0.015008 -0.457542
    49 1.719599 0.000008 0.000010 -0.000706 -0.007932 -0.277645
    50 1.209183 0.000010 0.000010 0.000806 -0.004383 -0.399236
    51 3.863456 -0.147312 -1.329162 -0.347067 0.082854 -0.410915
    52 1.719425 0.000011 0.000011 0.000048 -0.006624 -0.371415
    53 1.099663 0.000011 0.000010 -0.000347 -0.004193 -0.159692
    54 0.807570 -0.358068 -1.318047 1.191550 0.712518 -0.813741
    55 1.789780 -0.000011 0.000008 0.000649 -0.006265 0.125751
    56 1.207003 0.000001 -0.000008 -0.116813 0.226294 0.344979
    57 11.481689 -0.000073 -0.000004 0.000155 0.000000 -0.000014
  time 30
    0 2.001623 61.240150 14.003664 0.920665 0.983024 -2.251636
    1 3.890447 0.000000 0.000000 -1.622251 -0.247497 -1.821119
    2 17.848156 0.000000 0.000000 -0.067957 0.147823 0.208478
    3 16.525240 0.000000 0.000000 -0.456287 -0.216550 -0.775014
    4 -3.890447 0.000000 0.000000 -1.616260 -0.362783 -2.385424
    5 17.848167 0.000000 0.000000 -0.214603 -0.062788 0.236215
    6 16.525238 0.000000 0.000000 0.428678 0.416126 -0.771161
    7 0.000000 3.345131 -2.981898 1.570793 0.086297 1.570793
    8 4.015370 0.000000 0.000000 -0.074628 0.008569 -0.049821
    9 3.520298 0.000000 0.000000 -0.212487 0.019475 0.276855
    10 8.940987 0.000000 0.000000 0.000000 0.000000 0.194090
    11 3.306377 -0.000001 0.000000 3.141590 0.000000 0.423954
    12 3.594185 0.000000 0.000000 -0.289599 -0.171678 0.061881
    13 2.036090 0.997452 1.937661 2.008023 -1.351232 2.530508
    14 6.028141 0.000011 0.000000 -1.222254 0.098959 -0.464994
    15 11.692581 -0.000001 -0.000008 0.049886 -0.108387 -0.550889
    16 11.481684 0.000000 -0.000031 2.653399 -0.202850 -0.521650
    17 2.036090 0.997453 -1.937661 -2.302496 1.406864 2.301143
    18 6.028137 -0.000008 0.000000 1.487748 0.674716 -0.535225
    19 11.692554 0.000000 0.000019 -0.373848 0.158615 -0.722894
    20 11.481705 0.000000 0.000011 -1.816120 0.236012 -0.270256
    21 2.000004 -3.000000 0.000000 -1.570796 0.000000 -1.326450
    22 2.676084 -1.712437 0.000000 -1.570796 0.000000 -1.571118
    23 2.676081 -1.712433 0.000000 1.570790 -0.000001 1.570689
    24 6.879441 -0.000010 0.000000 -0.007299 -0.002951 -0.584373
    25 6.879432 -0.000013 0.000000 -0.081333 -0.002949 -0.584376
    26 3.859711 -0.142445 -1.191958 -0.288458 0.415449 -0.226959
    27 1.312550 0.000008 0.000004 0.000684 0.009646 -0.368536
    28 0.729370 0.000006 0.000000 0.001436 0.004772 0.049541
    29 3.942335 0.046738 -0.431422 -0.101511 0.138290 -0.314607
    30 1.539124 0.000015 -0.000015 0.000763 0.004399 -0.075348
    31 1.196327 0.000032 -0.000010 0.001770 0.007142 -0.187443
    32 3.881363 -0.043152 0.427624 0.088403 -0.006163 -0.270014
    33 1.719578 -0.000004 0.000004 0.001728 0.005221 -0.047180
    34 1.209160 -0.000010 -0.000011 0.000620 0.003006 -0.012307
    35 3.863464 -0.136498 1.332175 0.312766 -0.174832 -0.153204
    36 1.719427 0.000031 -0.000031 0.001806 0.003662 0.097675
    37 1.099674 -0.000004 -0.000011 0.000871 0.002448 0.099295
    38 0.807566 -0.347147 1.320592 -1.271402 -0.739540 -0.692047
    39 1.789783 -0.000007 0.000004 -0.000692 0.007343 0.134598
    40 1.207018 0.000015 -0.000008 -0.003745 0.010616 0.023153
    41 11.481726 -0.000012 -0.000038 0.001269 0.000000 -0.000005
    42 3.859663 -0.132561 1.193130 0.437924 -0.255365 -0.679351
    43 1.312580 -0.000006 0.000003 -0.000073 -0.011936 -0.433229
    44 0.729366 -0.000008 -0.000001 -0.000246 -0.006136 -0.204194
    45 3.942284 0.050331 0.431063 0.128708 -0.117355 -0.544049
    46 1.539131 -0.000004 0.000002 0.000226 -0.005851 -0.287119
    47 1.196323 0.000004 0.000005 -0.000656 -0.009641 -0.362589
    48 3.881350 -0.046456 -0.429353 -0.089501 -0.008045 -0.379531
    49 1.719599 0.000008 0.000010 -0.001509 -0.007824 -0.174922
    50 1.209183 0.000010 0.000010 0.000530 -0.004419 -0.337999
    51 3.863456 -0.147312 -1.329162 -0.330996 0.134735 -0.263197
    52 1.719425 0.000011 0.000011 -0.000408 -0.006612 -0.300210
    53 1.099663 0.000011 0.000010 -0.000838 -0.004121 -0.041907
    54 0.807570 -0.358068 -1.318047 1.180469 0.743230 -0.830400
    55 1.789780 -0.000011 0.000008 0.000649 -0.006265 0.125751
    56 1.207003 0.000001 -0.000008 -0.171762 0.196249 0.080319
    57 11.481689 -0.000073 -0.000004 0.000155 0.000000 -0.000014
  time 31
    0 2.001623 61.240150 10.105108 0.919764 0.978313 -2.251159
    1 3.890447 0.000000 0.000000 -1.618610 -0.261514 -1.867312
    2 17.848156 0.000000 0.000000 -0.069515 0.122395 0.223290
    3 16.525240 0.000000 0.000000 -0.454019 -0.233112 -0.782388
    4 -3.890447 0.000000 0.000000 -1.606199 -0.365287 -2.351888
    5 17.848167 0.000000 0.000000 -0.187943 -0.078027 0.278957
    6 16.525238 0.000000 0.000000 0.401027 0.407239 -0.780026
    7 0.000000 3.345131 -2.981898 1.570793 0.086297 1.570793
    8 4.015370 0.000000 0.000000 -0.101366 -0.004614 -0.083873
    9 3.520298 0.000000 0.000000 -0.291238 0.024125 0.259764
    10 8.940987 0.000000 0.000000 0.000000 0.000000 0.194090
    11 3.306377 -0.000001 0.000000 3.141590 0.000000 0.411119
    12 3.594185 0.000000 0.000000 -0.180770 -0.116383 0.040900
    13 2.036090 0.997452 1.937661 2.887275 -1.298287 1.656030
    14 6.028141 0.000011 0.000000 -1.077512 0.066322 -0.654746
    15 11.692581 -0.000001 -0.000008 -0.112949 0.049461 -0.366172
    16 11.481684 0.000000 -0.000031 2.710052 -0.191540 -0.556015
    17 2.036090 0.997453 -1.937661 -2.474744 1.414510 2.127648
    18 6.028137 -0.000008 0.000000 1.403567 0.227737 -0.699970
    19 11.692554 0.000000 0.000019 -0.392596 0.077639 -1.067833
    20 11.481705 0.000000 0.000011 -1.836338 0.182058 -0.193068
    21 2.000004 -3.000000 0.000000 -1.570796 0.000000 -1.326450
    22 2.676084 -1.712437 0.000000 -1.570796 0.000000 -1.571118
    23 2.676081 -1.712433 0.000000 1.570790 -0.000001 1.570689
    24 6.879441 -0.000010 0.000000 -0.007299 -0.002951 -0.584373
    25 6.879432 -0.000013 0.000000 -0.081333 -0.002949 -0.584376
    26 3.859711 -0.142445 -1.191958 -0.276156 0.423450 -0.196771
    27 1.312550 0.000008 0.000004 0.001427 0.009562 -0.290587
    28 0.729370 0.000006 0.000000 0.001712 0.004676 0.109022
    29 3.942335 0.046738 -0.431422 -0.096945 0.141514 -0.281897
    30 1.539124 0.000015 -0.000015 0.000727 0.004411 -0.081620
    31 1.196327 0.000032 -0.000010 0.002776 0.006819 -0.043209
    32 3.881363 -0.043152 0.427624 0.088092 -0.009723 -0.229812
    33 1.719578 -0.000004 0.000004 0.001728 0.005221 -0.047180
    34 1.209160 -0.000010 -0.000011 0.000728 0.002982 0.023713
    35 3.863464 -0.136498 1.332175 0.312562 -0.175203 -0.152009
    36 1.719427 0.000031 -0.000031 0.001410 0.003830 -0.007553
    37 1.099674 -0.000004 -0.000011 0.000943 0.002412 0.127756
    38 0.807566 -0.347147 1.320592 -1.440723 -0.778518 -0.446771
    39 1.789783 -0.000007 0.000004 -0.001040 0.007307 0.086014
    40 1.207018 0.000015 -0.000008 -0.003745 0.010616 0.023153
    41 11.481726 -0.000012 -0.000038 0.001269 0.000000 -0.000005
    42 3.859663 -0.132561 1.193130 0.419013 -0.286481 -0.608706
    43 1.312580 -0.000006 0.000003 -0.001092 -0.011888 -0.347870
    44 0.729366 -0.000008 -0.000001 -0.000546 -0.006112 -0.153855
    45 3.942284 0.050331 0.431063 0.120678 -0.125601 -0.477794
    46 1.539131 -0.000004 0.000002 -0.000074 -0.005851 -0.234517
    47 1.196323 0.000004 0.000005 -0.001195 -0.009593 -0.305995
    48 3.881350 -0.046456 -0.429353 -0.089764 -0.004018 -0.334762
    49 1.719599 0.000008 0.000010 -0.001917 -0.007740 -0.123703
    50 1.209183 0.000010 0.000010 0.000219 -0.004455 -0.266610
    51 3.863456 -0.147312 -1.329162 -0.322858 0.153727 -0.206595
    52 1.719425 0.000011 0.000011 -0.000935 -0.006553 -0.220087
    53 1.099663 0.000011 0.000010 -0.001030 -0.004085 0.002873
    54 0.807570 -0.358068 -1.318047 1.174939 0.757543 -0.838514
    55 1.789780 -0.000011 0.000008 0.000649 -0.006265 0.125751
    56 1.207003 0.000001 -0.000008 -0.190230 0.160439 -0.039063
    57 11.481689 -0.000073 -0.000004 0.000155 0.000000 -0.000014
  time 32
    0 2.001623 63.470687 8.046451 0.761060 1.149981 -2.448111
    1 3.890447 0.000000 0.000000 -1.662016 -0.498205 -1.651935
    2 17.848156 0.000000 0.000000 -0.003116 0.194991 0.699459
    3 16.525240 0.000000 0.000000 -0.360055 -0.221745 -1.034660
    4 -3.890447 0.000000 0.000000 -1.741264 -0.387484 -1.919523
    5 17.848167 0.000000 0.000000 -0.267040 -0.154730 0.494076
    6 16.525238 0.000000 0.000000 0.361853 0.457640 -0.965658
    7 0.000000 3.345131 -2.981898 1.570793 0.086297 1.570793
    8 4.015370 0.000000 0.000000 -0.122506 -0.018396 -0.156220
    9 3.520298 0.000000 0.000000 -0.355870 0.019463 0.227723
    10 8.940987 0.000000 0.000000 -0.068049 0.000000 0.194090
    11 3.306377 -0.000001 0.000000 3.141590 0.000000 0.403137
    12 3.594185 0.000000 0.000000 0.030338 -0.080164 0.155635
    13 2.036090 0.997452 1.937661 3.265134 -1.179334 1.283483
    14 6.028141 0.000011 0.000000 -0.966668 0.140745 -0.564009
    15 11.692581 -0.000001 -0.000008 -0.263559 0.418961 -0.631748
    16 11.481684 0.000000 -0.000031 2.805086 -0.077753 -0.332171
    17 2.036090 0.997453 -1.937661 -1.174281 1.479395 3.435537
    18 6.028137 -0.000008 0.000000 1.310331 0.119961 -0.858830
    19 11.692554 0.000000 0.000019 -0.131398 -0.296752 -0.664135
    20 11.481705 0.000000 0.000011 -2.034398 0.163066 -0.343588
    21 2.000004 -3.000000 0.000000 -1.570796 0.000000 -1.326450
    22 2.676084 -1.712437 0.000000 -1.570796 0.000000 -1.571118
    23 2.676081 -1.712433 0.000000 1.570790 -0.000001 1.570689
    24 6.879441 -0.000010 0.000000 -0.007299 -0.002951 -0.584373
    25 6.879432 -0.000013 0.000000 -0.081333 -0.002949 -0.584376
    26 3.859711 -0.142445 -1.191958 -0.270027 0.427234 -0.181921
    27 1.312550 0.000008 0.000004 0.001978 0.009466 -0.233328
    28 0.729370 0.000006 0.000000 0.001820 0.004640 0.131501
    29 3.942335 0.046738 -0.431422 -0.093697 0.143672 -0.259027
    30 1.539124 0.000015 -0.000015 0.000703 0.004411 -0.087844
    31 1.196327 0.000032 -0.000010 0.003423 0.006507 0.054471
    32 3.881363 -0.043152 0.427624 0.087552 -0.013786 -0.183693
    33 1.719578 -0.000004 0.000004 0.001728 0.005221 -0.047180
    34 1.209160 -0.000010 -0.000011 0.000764 0.002970 0.036485
    35 3.863464 -0.136498 1.332175 0.312359 -0.175575 -0.150849
    36 1.719427 0.000031 -0.000031 0.001003 0.003961 -0.112830
    37 1.099674 -0.000004 -0.000011 0.000967 0.002412 0.138213
    38 0.807566 -0.347147 1.320592 -1.612055 -0.786134 -0.204580
    39 1.789783 -0.000007 0.000004 -0.001292 0.007271 0.052252
    40 1.207018 0.000015 -0.000008 -0.003745 0.010616 0.023153
    41 11.481726 -0.000012 -0.000038 0.001269 0.000000 -0.000005
    42 3.859663 -0.132561 1.193130 0.409728 -0.300004 -0.576588
    43 1.312580 -0.000006 0.000003 -0.001715 -0.011816 -0.295116
    44 0.729366 -0.000008 -0.000001 -0.000809 -0.006088 -0.111427
    45 3.942284 0.050331 0.431063 0.117610 -0.128477 -0.453601
    46 1.539131 -0.000004 0.000002 -0.000325 -0.005851 -0.191938
    47 1.196323 0.000004 0.000005 -0.002046 -0.009449 -0.216576
    48 3.881350 -0.046456 -0.429353 -0.089812 -0.002879 -0.322172
    49 1.719599 0.000008 0.000010 -0.002024 -0.007704 -0.109133
    50 1.209183 0.000010 0.000010 -0.000261 -0.004443 -0.156891
    51 3.863456 -0.147312 -1.329162 -0.324356 0.150452 -0.216481
    52 1.719425 0.000011 0.000011 -0.001714 -0.006397 -0.100406
    53 1.099663 0.000011 0.000010 -0.000886 -0.004109 -0.031526
    54 0.807570 -0.358068 -1.318047 1.191590 0.735478 -0.841965
    55 1.789780 -0.000011 0.000008 0.000649 -0.006265 0.125751
    56 1.207003 0.000001 -0.000008 -0.144341 0.118265 0.040797
    57 11.481689 -0.000073 -0.000004 0.000155 0.000000 -0.000014
  time 33
    0 2.001623 65.701224 6.440933 0.183321 0.821250 -3.168265
    1 3.890447 0.000000 0.000000 -1.818393 -0.615309 -1.228067
    2 17.848156 0.000000 0.000000 0.007479 0.307095 0.975198
    3 16.525240 0.000000 0.000000 -0.506016 -0.343614 -1.239805
    4 -3.890447 0.000000 0.000000 -1.840545 -0.323005 -1.425202
    5 17.848167 0.000000 0.000000 -0.305220 -0.024692 0.272512
    6 16.525238 0.000000 0.000000 0.147578 -0.014285 -0.862465
    7 0.000000 3.345131 -2.981898 1.570793 0.086297 1.570793
    8 4.015370 0.000000 0.000000 -0.131890 -0.023478 -0.204458
    9 3.520298 0.000000 0.000000 -0.385868 0.013543 0.208895
    10 8.940987 0.000000 0.000000 -0.136098 0.000000 0.194090
    11 3.306377 -0.000001 0.000000 3.141590 0.000000 0.400476
    12 3.594185 0.000000 0.000000 0.216243 -0.070928 0.274991
    13 2.036090 0.997452 1.937661 3.827399 -1.423457 0.715815
    14 6.028141 0.000011 0.000000 -0.981819 0.189454 -0.301763
    15 11.692581 -0.000001 -0.000008 -0.890632 1.009718 -1.269560
    16 11.481684 0.000000 -0.000031 2.924317 -0.198326 -0.139089
    17 2.036090 0.997453 -1.937661 -0.390002 1.361862 4.227364
    18 6.028137 -0.000008 0.000000 1.240752 0.473966 -1.149047
    19 11.692554 0.000000 0.000019 -0.439850 -0.278198 -0.307777
    20 11.481705 0.000000 0.000011 -1.872408 -0.068806 -0.088629
    21 2.000004 -3.000000 0.000000 -1.570796 0.000000 -1.326450
    22 2.676084 -1.712437 0.000000 -1.570796 0.000000 -1.571118
    23 2.676081 -1.712433 0.000000 1.570790 -0.000001 1.570689
    24 6.879441 -0.000010 0.000000 -0.007299 -0.002951 -0.584373
    25 6.879432 -0.000013 0.000000 -0.081333 -0.002949 -0.584376
    26 3.859711 -0.142445 -1.191958 -0.260464 0.432901 -0.158969
    27 1.312550 0.000008 0.000004 0.002158 0.009418 -0.214363
    28 0.729370 0.000006 0.000000 0.001832 0.004628 0.134858
    29 3.942335 0.046738 -0.431422 -0.089658 0.146224 -0.231041
    30 1.539124 0.000015 -0.000015 0.000691 0.004411 -0.090238
    31 1.196327 0.000032 -0.000010 0.003627 0.006399 0.085253
    32 3.881363 -0.043152 0.427624 0.086557 -0.019071 -0.123168
    33 1.719578 -0.000004 0.000004 0.001848 0.005185 -0.023223
    34 1.209160 -0.000010 -0.000011 0.000764 0.002970 0.038040
    35 3.863464 -0.136498 1.332175 0.311208 -0.177648 -0.144330
    36 1.719427 0.000031 -0.000031 0.000847 0.003997 -0.152936
    37 1.099674 -0.000004 -0.000011 0.000967 0.002412 0.139736
    38 0.807566 -0.347147 1.320592 -1.675548 -0.781448 -0.114834
    39 1.789783 -0.000007 0.000004 -0.001375 0.007247 0.040657
    40 1.207018 0.000015 -0.000008 -0.003745 0.010616 0.023153
    41 11.481726 -0.000012 -0.000038 0.001269 0.000000 -0.000005
    42 3.859663 -0.132561 1.193130 0.403640 -0.308366 -0.556244
    43 1.312580 -0.000006 0.000003 -0.002159 -0.011744 -0.258008
    44 0.729366 -0.000008 -0.000001 -0.001037 -0.006052 -0.074097
    45 3.942284 0.050331 0.431063 0.117287 -0.128776 -0.450988
    46 1.539131 -0.000004 0.000002 -0.000529 -0.005827 -0.155835
    47 1.196323 0.000004 0.000005 -0.003089 -0.009162 -0.105567
    48 3.881350 -0.046456 -0.429353 -0.089812 -0.002771 -0.320937
    49 1.719599 0.000008 0.000010 -0.002072 -0.007692 -0.103126
    50 1.209183 0.000010 0.000010 -0.000860 -0.004371 -0.022182
    51 3.863456 -0.147312 -1.329162 -0.328419 0.141084 -0.244475
    52 1.719425 0.000011 0.000011 -0.002625 -0.006073 0.045936
    53 1.099663 0.000011 0.000010 -0.000515 -0.004181 -0.120747
    54 0.807570 -0.358068 -1.318047 1.230383 0.676953 -0.844997
    55 1.789780 -0.000011 0.000008 0.000649 -0.006265 0.125751
    56 1.207003 0.000001 -0.000008 -0.061312 0.054639 0.203661
    57 11.481689 -0.000073 -0.000004 0.000155 0.000000 -0.000014
  time 34
    0 2.001623 65.701224 6.440933 0.238679 0.821250 -3.168265
    1 3.890447 0.000000 0.000000 -1.706380 -0.553678 -1.360144
    2 17.848156 0.000000 0.000000 -0.043674 0.149396 0.687964
    3 16.525240 0.000000 0.000000 -0.485990 -0.213645 -1.177758
    4 -3.890447 0.000000 0.000000 -1.724939 -0.414444 -1.472474
    5 17.848167 0.000000 0.000000 -0.172451 -0.050585 0.296217
    6 16.525238 0.000000 0.000000 -0.012355 0.129799 -0.837336
    7 0.000000 3.345131 -2.981898 1.570793 0.086297 1.570793
    8 4.015370 0.000000 0.000000 -0.131567 -0.022447 -0.190462
    9 3.520298 0.000000 0.000000 -0.386156 0.019115 0.222381
    10 8.940987 0.000000 0.000000 -0.136098 0.000000 0.194090
    11 3.306377 -0.000001 0.000000 3.141590 0.000000 0.400476
    12 3.594185 0.000000 0.000000 0.288498 -0.057286 0.235426
    13 2.036090 0.997452 1.937661 3.827399 -1.423457 0.715815
    14 6.028141 0.000011 0.000000 -1.037225 0.180636 -0.542287
    15 11.692581 -0.000001 -0.000008 -0.575137 0.923962 -0.911667
    16 11.481684 0.000000 -0.000031 2.898145 0.092678 -0.299023
    17 2.036090 0.997453 -1.937661 -0.369616 1.367387 4.247875
    18 6.028137 -0.000008 0.000000 1.321273 0.054918 -0.861434
    19 11.692554 0.000000 0.000019 -0.100299 -0.550938 -0.847706
    20 11.481705 0.000000 0.000011 -1.969780 0.135400 -0.028541
    21 2.000004 -3.000000 0.000000 -1.570796 0.000000 -1.326450
    22 2.676084 -1.712437 0.000000 -1.570796 0.000000 -1.571118
    23 2.676081 -1.712433 0.000000 1.570790 -0.000001 1.570689
    24 6.879441 -0.000010 0.000000 -0.007299 -0.002951 -0.584373
    25 6.879432 -0.000013 0.000000 -0.081333 -0.002949 -0.584376
    26 3.859711 -0.142445 -1.191958 -0.247628 0.440050 -0.128630
    27 1.312550 0.000008 0.000004 0.002158 0.009418 -0.214363
    28 0.729370 0.000006 0.000000 0.001832 0.004628 0.134931
    29 3.942335 0.046738 -0.431422 -0.084852 0.149041 -0.198429
    30 1.539124 0.000015 -0.000015 0.000691 0.004411 -0.090238
    31 1.196327 0.000032 -0.000010 0.003627 0.006399 0.085253
    32 3.881363 -0.043152 0.427624 0.084544 -0.026633 -0.034983
    33 1.719578 -0.000004 0.000004 0.001979 0.005137 0.000787
    34 1.209160 -0.000010 -0.000011 0.000476 0.003030 -0.060289
    35 3.863464 -0.136498 1.332175 0.288102 -0.213674 -0.025599
    36 1.719427 0.000031 -0.000031 0.000847 0.003997 -0.152936
    37 1.099674 -0.000004 -0.000011 0.000967 0.002412 0.139736
    38 0.807566 -0.347147 1.320592 -1.675548 -0.781448 -0.114834
    39 1.789783 -0.000007 0.000004 -0.001375 0.007247 0.040657
    40 1.207018 0.000015 -0.000008 -0.003745 0.010616 0.023153
    41 11.481726 -0.000012 -0.000038 0.001269 0.000000 -0.000005
    42 3.859663 -0.132561 1.193130 0.380310 -0.337179 -0.482791
    43 1.312580 -0.000006 0.000003 -0.002590 -0.011648 -0.220998
    44 0.729366 -0.000008 -0.000001 -0.001109 -0.006040 -0.061088
    45 3.942284 0.050331 0.431063 0.114063 -0.131629 -0.426247
    46 1.539131 -0.000004 0.000002 -0.000601 -0.005827 -0.143538
    47 1.196323 0.000004 0.000005 -0.003496 -0.009006 -0.060346
    48 3.881350 -0.046456 -0.429353 -0.089848 -0.001633 -0.308313
    49 1.719599 0.000008 0.000010 -0.002072 -0.007692 -0.102436
    50 1.209183 0.000010 0.000010 -0.001088 -0.004323 0.032352
    51 3.863456 -0.147312 -1.329162 -0.332637 0.130485 -0.275655
    52 1.719425 0.000011 0.000011 -0.002984 -0.005917 0.105159
    53 1.099663 0.000011 0.000010 -0.000167 -0.004205 -0.203251
    54 0.807570 -0.358068 -1.318047 1.256961 0.619637 -0.833444
    55 1.789780 -0.000011 0.000008 0.000649 -0.006265 0.125751
    56 1.207003 0.000001 -0.000008 -0.026689 0.023886 0.277271
    57 11.481689 -0.000073 -0.000004 0.000155 0.000000 -0.000014
  time 35
    0 2.001623 65.701224 6.440933 0.210426 0.822278 -3.169506
    1 3.890447 0.000000 0.000000 -1.701398 -0.563375 -1.369516
    2 17.848156 0.000000 0.000000 -0.031162 0.147977 0.795106
    3 16.525240 0.000000 0.000000 -0.489938 -0.179717 -1.143577
    4 -3.890447 0.000000 0.000000 -1.587976 -0.410319 -1.530072
    5 17.848167 0.000000 0.000000 -0.028470 -0.079901 0.303032
    6 16.525238 0.000000 0.000000 -0.208634 0.258761 -0.895798
    7 0.000000 3.345131 -2.981898 1.570793 0.086297 1.570793
    8 4.015370 0.000000 0.000000 -0.130692 -0.019511 -0.152378
    9 3.520298 0.000000 0.000000 -0.384765 0.033533 0.257286
    10 8.940987 0.000000 0.000000 -0.136098 0.000000 0.194090
    11 3.306377 -0.000001 0.000000 3.141590 0.000000 0.400476
    12 3.594185 0.000000 0.000000 0.332433 -0.028546 0.136369
    13 2.036090 0.997452 1.937661 3.827399 -1.423457 0.715815
    14 6.028141 0.000011 0.000000 -1.071188 0.213479 -0.438580
    15 11.692581 -0.000001 -0.000008 -0.564523 0.988226 -1.050389
    16 11.481684 0.000000 -0.000031 2.835433 0.152515 -0.285781
    17 2.036090 0.997453 -1.937661 -0.355870 1.376747 4.261894
    18 6.028137 -0.000008 0.000000 1.223282 -0.260687 -0.766952
    19 11.692554 0.000000 0.000019 0.140496 -0.499292 -1.078855
    20 11.481705 0.000000 0.000011 -2.110662 0.180680 -0.165416
    21 2.000004 -3.000000 0.000000 -1.570796 0.000000 -1.326450
    22 2.676084 -1.712437 0.000000 -1.570796 0.000000 -1.571118
    23 2.676081 -1.712433 0.000000 1.570790 -0.000001 1.570689
    24 6.879441 -0.000010 0.000000 -0.007299 -0.002951 -0.584373
    25 6.879432 -0.000013 0.000000 -0.081333 -0.002949 -0.584376
    26 3.859711 -0.142445 -1.191958 -0.251364 0.438016 -0.137411
    27 1.312550 0.000008 0.000004 0.002158 0.009418 -0.214363
    28 0.729370 0.000006 0.000000 0.001832 0.004628 0.134858
    29 3.942335 0.046738 -0.431422 -0.086494 0.148106 -0.209473
    30 1.539124 0.000015 -0.000015 0.000691 0.004411 -0.090238
    31 1.196327 0.000032 -0.000010 0.003627 0.006399 0.085253
    32 3.881363 -0.043152 0.427624 0.085431 -0.023649 -0.070008
    33 1.719578 -0.000004 0.000004 0.001848 0.005185 -0.023223
    34 1.209160 -0.000010 -0.000011 0.000596 0.003006 -0.020349
    35 3.863464 -0.136498 1.332175 0.297881 -0.199604 -0.073242
    36 1.719427 0.000031 -0.000031 0.000847 0.003997 -0.152936
    37 1.099674 -0.000004 -0.000011 0.000967 0.002412 0.139736
    38 0.807566 -0.347147 1.320592 -1.675548 -0.781448 -0.114834
    39 1.789783 -0.000007 0.000004 -0.001375 0.007247 0.040657
    40 1.207018 0.000015 -0.000008 -0.003745 0.010616 0.023186
    41 11.481726 -0.000012 -0.000038 0.001269 0.000000 -0.000005
    42 3.859663 -0.132561 1.193130 0.272745 -0.367006 -0.219438
    43 1.312580 -0.000006 0.000003 -0.003189 -0.011493 -0.168475
    44 0.729366 -0.000008 -0.000001 -0.000833 -0.006076 -0.107504
    45 3.942284 0.050331 0.431063 0.077138 -0.159661 -0.282414
    46 1.539131 -0.000004 0.000002 -0.000601 -0.005827 -0.143538
    47 1.196323 0.000004 0.000005 -0.003496 -0.009006 -0.060346
    48 3.881350 -0.046456 -0.429353 -0.092940 -0.035789 -0.248312
    49 1.719599 0.000008 0.000010 -0.002072 -0.007692 -0.102436
    50 1.209183 0.000010 0.000010 -0.001088 -0.004323 0.032352
    51 3.863456 -0.147312 -1.329162 -0.336125 0.120890 -0.303468
    52 1.719425 0.000011 0.000011 -0.002805 -0.006001 0.076531
    53 1.099663 0.000011 0.000010 0.000145 -0.004205 -0.279376
    54 0.807570 -0.358068 -1.318047 1.249858 0.574298 -0.781395
    55 1.789780 -0.000011 0.000008 0.000649 -0.006265 0.125751
    56 1.207003 0.000001 -0.000008 -0.081914 0.115473 0.259955
    57 11.481689 -0.000073 -0.000004 0.000155 0.000000 -0.000014
  time 36
    0 2.001623 65.701224 6.440933 0.183321 0.821250 -3.168265
    1 3.890447 0.000000 0.000000 -1.707914 -0.565627 -1.368560
    2 17.848156 0.000000 0.000000 -0.024642 0.156281 0.887805
    3 16.525240 0.000000 0.000000 -0.495213 -0.161276 -1.127115
    4 -3.890447 0.000000 0.000000 -1.631447 -0.354287 -1.505347
    5 17.848167 0.000000 0.000000 -0.069607 -0.051746 0.257178
    6 16.525238 0.000000 0.000000 -0.140013 0.164759 -0.855327
    7 0.000000 3.345131 -2.981898 1.570793 0.086297 1.570793
    8 4.015370 0.000000 0.000000 -0.129745 -0.015880 -0.110304
    9 3.520298 0.000000 0.000000 -0.382524 0.047878 0.292207
    10 8.940987 0.000000 0.000000 -0.136098 0.000000 0.194090
    11 3.306377 -0.000001 0.000000 3.141590 0.000000 0.400476
    12 3.594185 0.000000 0.000000 0.346554 -0.000605 0.037819
    13 2.036090 0.997452 1.937661 3.827399 -1.423457 0.715815
    14 6.028141 0.000011 0.000000 -1.060562 0.233878 -0.364240
    15 11.692581 -0.000001 -0.000008 -0.579200 0.976127 -1.203372
    16 11.481684 0.000000 -0.000031 2.752788 0.138044 -0.300509
    17 2.036090 0.997453 -1.937661 -0.345303 1.388060 4.272996
    18 6.028137 -0.000008 0.000000 1.185022 -0.477054 -0.715492
    19 11.692554 0.000000 0.000019 0.226790 -0.499914 -1.058873
    20 11.481705 0.000000 0.000011 -2.060399 0.340806 -0.085227
    21 2.000004 -3.000000 0.000000 -1.570796 0.000000 -1.326450
    22 2.676084 -1.712437 0.000000 -1.570796 0.000000 -1.571118
    23 2.676081 -1.712433 0.000000 1.570790 -0.000001 1.570689
    24 6.879441 -0.000010 0.000000 -0.007299 -0.002951 -0.584373
    25 6.879432 -0.000013 0.000000 -0.081333 -0.002949 -0.584376
    26 3.859711 -0.142445 -1.191958 -0.260464 0.432901 -0.158969
    27 1.312550 0.000008 0.000004 0.002158 0.009418 -0.214363
    28 0.729370 0.000006 0.000000 0.001832 0.004628 0.134858
    29 3.942335 0.046738 -0.431422 -0.089658 0.146224 -0.231041
    30 1.539124 0.000015 -0.000015 0.000691 0.004411 -0.090238
    31 1.196327 0.000032 -0.000010 0.003627 0.006399 0.085253
    32 3.881363 -0.043152 0.427624 0.086557 -0.019071 -0.123168
    33 1.719578 -0.000004 0.000004 0.001728 0.005221 -0.047180
    34 1.209160 -0.000010 -0.000011 0.000776 0.002970 0.038040
    35 3.863464 -0.136498 1.332175 0.311208 -0.177648 -0.144330
    36 1.719427 0.000031 -0.000031 0.000847 0.003997 -0.152936
    37 1.099674 -0.000004 -0.000011 0.000967 0.002412 0.139736
    38 0.807566 -0.347147 1.320592 -1.675548 -0.781448 -0.114834
    39 1.789783 -0.000007 0.000004 -0.001375 0.007247 0.040657
    40 1.207018 0.000015 -0.000008 -0.003745 0.010616 0.023219
    41 11.481726 -0.000012 -0.000038 0.001269 0.000000 -0.000005
    42 3.859663 -0.132561 1.193130 0.195741 -0.335541 -0.015137
    43 1.312580 -0.000006 0.000003 -0.003513 -0.011409 -0.140109
    44 0.729366 -0.000008 -0.000001 -0.000546 -0.006112 -0.153920
    45 3.942284 0.050331 0.431063 0.040729 -0.180706 -0.163128
    46 1.539131 -0.000004 0.000002 -0.000601 -0.005827 -0.143538
    47 1.196323 0.000004 0.000005 -0.003496 -0.009006 -0.060346
    48 3.881350 -0.046456 -0.429353 -0.097686 -0.070964 -0.201347
    49 1.719599 0.000008 0.000010 -0.002072 -0.007692 -0.102436
    50 1.209183 0.000010 0.000010 -0.001088 -0.004323 0.032352
    51 3.863456 -0.147312 -1.329162 -0.340427 0.107726 -0.341130
    52 1.719425 0.000011 0.000011 -0.002349 -0.006193 0.000341
    53 1.099663 0.000011 0.000010 0.000300 -0.004193 -0.318525
    54 0.807570 -0.358068 -1.318047 1.239792 0.531626 -0.731347
    55 1.789780 -0.000011 0.000008 0.000649 -0.006265 0.125751
    56 1.207003 0.000001 -0.000008 -0.139559 0.205944 0.237283
    57 11.481689 -0.000073 -0.000004 0.000155 0.000000 -0.000014
  time 37
    0 2.001623 65.701224 6.440933 0.201582 0.819066 -3.157769
    1 3.890447 0.000000 0.000000 -1.721616 -0.575462 -1.367125
    2 17.848156 0.000000 0.000000 -0.036723 0.155946 0.881910
    3 16.525240 0.000000 0.000000 -0.485368 -0.149467 -1.127001
    4 -3.890447 0.000000 0.000000 -1.743257 -0.312250 -1.468400
    5 17.848167 0.000000 0.000000 -0.187590 -0.016726 0.186954
    6 16.525238 0.000000 0.000000 0.022907 -0.005766 -0.822628
    7 0.000000 3.345131 -2.981898 1.570793 0.086297 1.570793
    8 4.015370 0.000000 0.000000 -0.129422 -0.013075 -0.086406
    9 3.520298 0.000000 0.000000 -0.381482 0.053343 0.305581
    10 8.940987 0.000000 0.000000 -0.136098 0.000000 0.194090
    11 3.306377 -0.000001 0.000000 3.141590 0.000000 0.400476
    12 3.594185 0.000000 0.000000 0.347445 0.009626 0.000087
    13 2.036090 0.997452 1.937661 3.827399 -1.423457 0.715815
    14 6.028141 0.000011 0.000000 -1.038894 0.254235 -0.330076
    15 11.692581 -0.000001 -0.000008 -0.563572 0.953603 -1.264120
    16 11.481684 0.000000 -0.000031 2.716292 0.056020 -0.310418
    17 2.036090 0.997453 -1.937661 -0.336513 1.400488 4.282310
    18 6.028137 -0.000008 0.000000 1.296596 -0.488896 -0.798411
    19 11.692554 0.000000 0.000019 0.082324 -0.475845 -1.039841
    20 11.481705 0.000000 0.000011 -2.008316 0.254960 -0.165726
    21 2.000004 -3.000000 0.000000 -1.570796 0.000000 -1.326450
    22 2.676084 -1.712437 0.000000 -1.570796 0.000000 -1.571118
    23 2.676081 -1.712433 0.000000 1.570790 -0.000001 1.570689
    24 6.879441 -0.000010 0.000000 -0.007299 -0.002951 -0.584373
    25 6.879432 -0.000013 0.000000 -0.081333 -0.002949 -0.584376
    26 3.859711 -0.142445 -1.191958 -0.271498 0.426336 -0.185464
    27 1.312550 0.000008 0.000004 0.002158 0.009418 -0.214363
    28 0.729370 0.000006 0.000000 0.001868 0.004616 0.141427
    29 3.942335 0.046738 -0.431422 -0.092654 0.144355 -0.251729
    30 1.539124 0.000015 -0.000015 0.000691 0.004411 -0.090238
    31 1.196327 0.000032 -0.000010 0.003663 0.006387 0.090663
    32 3.881363 -0.043152 0.427624 0.087768 -0.015475 -0.153578
    33 1.719578 -0.000004 0.000004 0.001728 0.005221 -0.047180
    34 1.209160 -0.000010 -0.000011 0.000860 0.002946 0.067572
    35 3.863464 -0.136498 1.332175 0.318003 -0.166107 -0.183919
    36 1.719427 0.000031 -0.000031 0.000847 0.003997 -0.152936
    37 1.099674 -0.000004 -0.000011 0.000979 0.002400 0.143822
    38 0.807566 -0.347147 1.320592 -1.676808 -0.772637 -0.119379
    39 1.789783 -0.000007 0.000004 -0.001375 0.007247 0.040657
    40 1.207018 0.000015 -0.000008 -0.003745 0.010616 0.023251
    41 11.481726 -0.000012 -0.000038 0.001269 0.000000 -0.000005
    42 3.859663 -0.132561 1.193130 0.295720 -0.291684 -0.130862
    43 1.312580 -0.000006 0.000003 -0.002530 -0.011660 -0.225600
    44 0.729366 -0.000008 -0.000001 -0.000546 -0.006112 -0.153855
    45 3.942284 0.050331 0.431063 0.073974 -0.153285 -0.257092
    46 1.539131 -0.000004 0.000002 -0.000445 -0.005839 -0.171807
    47 1.196323 0.000004 0.000005 -0.001471 -0.009557 -0.277801
    48 3.881350 -0.046456 -0.429353 -0.094702 -0.065223 -0.242754
    49 1.719599 0.000008 0.000010 -0.002048 -0.007704 -0.105237
    50 1.209183 0.000010 0.000010 -0.000189 -0.004455 -0.173485
    51 3.863456 -0.147312 -1.329162 -0.337623 0.049549 -0.376077
    52 1.719425 0.000011 0.000011 -0.001666 -0.006409 -0.107220
    53 1.099663 0.000011 0.000010 0.000288 -0.004205 -0.315336
    54 0.807570 -0.358068 -1.318047 1.248008 0.488242 -0.714509
    55 1.789780 -0.000011 0.000008 0.000649 -0.006265 0.125751
    56 1.207003 0.000001 -0.000008 -0.066597 0.099869 0.290510
    57 11.481689 -0.000073 -0.000004 0.000155 0.000000 -0.000014
  time 38
    0 2.001623 65.701224 6.440933 0.240808 0.817909 -3.139734
    1 3.890447 0.000000 0.000000 -1.740588 -0.601935 -1.361196
    2 17.848156 0.000000 0.000000 -0.049475 0.159041 0.866877
    3 16.525240 0.000000 0.000000 -0.472147 -0.140704 -1.126486
    4 -3.890447 0.000000 0.000000 -1.797074 -0.373734 -1.437896
    5 17.848167 0.000000 0.000000 -0.241793 -0.007843 0.303847
    6 16.525238 0.000000 0.000000 0.073409 -0.097215 -0.873576
    7 0.000000 3.345131 -2.981898 1.570793 0.086297 1.570793
    8 4.015370 0.000000 0.000000 -0.130524 -0.010415 -0.079904
    9 3.520298 0.000000 0.000000 -0.383447 0.038339 0.268728
    10 8.940987 0.000000 0.000000 -0.123996 0.000000 0.194090
    11 3.306377 -0.000001 0.000000 3.141590 0.000000 0.400476
    12 3.594185 0.000000 0.000000 0.348126 0.000727 0.027523
    13 2.036090 0.997452 1.937661 3.827399 -1.423457 0.715815
    14 6.028141 0.000011 0.000000 -1.008880 0.265114 -0.295700
    15 11.692581 -0.000001 -0.000008 -0.534182 0.932217 -1.291897
    16 11.481684 0.000000 -0.000031 2.677326 -0.023122 -0.279386
    17 2.036090 0.997453 -1.937661 -0.328658 1.413576 4.290778
    18 6.028137 -0.000008 0.000000 1.403039 -0.552266 -0.866069
    19 11.692554 0.000000 0.000019 -0.086570 -0.432118 -1.123896
    20 11.481705 0.000000 0.000011 -1.906981 0.124902 -0.278261
    21 2.000004 -3.000000 0.000000 -1.570796 0.000000 -1.326450
    22 2.676084 -1.712437 0.000000 -1.570796 0.000000 -1.571118
    23 2.676081 -1.712433 0.000000 1.570790 -0.000001 1.570689
    24 6.879441 -0.000010 0.000000 -0.007299 -0.002951 -0.584373
    25 6.879432 -0.000013 0.000000 -0.081333 -0.002949 -0.584376
    26 3.859711 -0.142445 -1.191958 -0.285747 0.417259 -0.220288
    27 1.312550 0.000008 0.000004 0.002158 0.009418 -0.214363
    28 0.729370 0.000006 0.000000 0.001952 0.004581 0.160840
    29 3.942335 0.046738 -0.431422 -0.096274 0.141970 -0.277076
    30 1.539124 0.000015 -0.000015 0.000691 0.004411 -0.090238
    31 1.196327 0.000032 -0.000010 0.003759 0.006327 0.106663
    32 3.881363 -0.043152 0.427624 0.090153 -0.010166 -0.181888
    33 1.719578 -0.000004 0.000004 0.001728 0.005221 -0.047180
    34 1.209160 -0.000010 -0.000011 0.000932 0.002922 0.092374
    35 3.863464 -0.136498 1.332175 0.324044 -0.157430 -0.220675
    36 1.719427 0.000031 -0.000031 0.000847 0.003997 -0.152936
    37 1.099674 -0.000004 -0.000011 0.001003 0.002388 0.156010
    38 0.807566 -0.347147 1.320592 -1.680829 -0.746522 -0.132735
    39 1.789783 -0.000007 0.000004 -0.001375 0.007247 0.040657
    40 1.207018 0.000015 -0.000008 -0.003733 0.010616 0.023973
    41 11.481726 -0.000012 -0.000038 0.001269 0.000000 -0.000005
    42 3.859663 -0.132561 1.193130 0.405834 -0.233060 -0.317232
    43 1.312580 -0.000006 0.000003 -0.001092 -0.011888 -0.347870
    44 0.729366 -0.000008 -0.000001 -0.000546 -0.006112 -0.153855
    45 3.942284 0.050331 0.431063 0.112145 -0.116312 -0.411570
    46 1.539131 -0.000004 0.000002 -0.000074 -0.005851 -0.234517
    47 1.196323 0.000004 0.000005 0.001741 -0.009509 -0.612938
    48 3.881350 -0.046456 -0.429353 -0.089920 -0.058895 -0.329822
    49 1.719599 0.000008 0.000010 -0.001917 -0.007740 -0.123703
    50 1.209183 0.000010 0.000010 0.001201 -0.004287 -0.489628
    51 3.863456 -0.147312 -1.329162 -0.326573 -0.013959 -0.425545
    52 1.719425 0.000011 0.000011 -0.000935 -0.006553 -0.220087
    53 1.099663 0.000011 0.000010 0.000276 -0.004205 -0.312147
    54 0.807570 -0.358068 -1.318047 1.251987 0.465001 -0.705820
    55 1.789780 -0.000011 0.000008 0.000649 -0.006265 0.125751
    56 1.207003 0.000001 -0.000008 0.000001 -0.009610 0.362915
    57 11.481689 -0.000073 -0.000004 0.000155 0.000000 -0.000014
  time 39
    0 2.001623 65.697317 6.440933 0.291253 0.816367 -3.118168
    1 3.890447 0.000000 0.000000 -1.759943 -0.632636 -1.356892
    2 17.848156 0.000000 0.000000 -0.061245 0.164585 0.842782
    3 16.525240 0.000000 0.000000 -0.458354 -0.133331 -1.124715
    4 -3.890447 0.000000 0.000000 -1.776478 -0.521205 -1.414307
    5 17.848167 0.000000 0.000000 -0.204848 -0.004176 0.586821
    6 16.525238 0.000000 0.000000 -0.022668 -0.103499 -0.917760
    7 0.000000 3.345131 -2.981898 1.570793 0.086297 1.570793
    8 4.015370 0.000000 0.000000 -0.132753 -0.007490 -0.079376
    9 3.520298 0.000000 0.000000 -0.385772 0.006184 0.190340
    10 8.940987 0.000000 0.000000 -0.089929 0.000000 0.194090
    11 3.306377 -0.000001 0.000000 3.141590 0.000000 0.400476
    12 3.594185 0.000000 0.000000 0.348126 -0.025046 0.104819
    13 2.036090 0.997452 1.937661 3.827399 -1.423457 0.715815
    14 6.028141 0.000011 0.000000 -0.986056 0.253040 -0.264224
    15 11.692581 -0.000001 -0.000008 -0.494251 0.917450 -1.300387
    16 11.481684 0.000000 -0.000031 2.630684 -0.078249 -0.211332
    17 2.036090 0.997453 -1.937661 -0.321271 1.427010 4.298681
    18 6.028137 -0.000008 0.000000 1.386776 -0.601306 -0.833985
    19 11.692554 0.000000 0.000019 -0.058834 -0.458733 -1.150856
    20 11.481705 0.000000 0.000011 -1.919153 0.104308 -0.356231
    21 2.000004 -3.000000 0.000000 -1.570796 0.000000 -1.326450
    22 2.676084 -1.712437 0.000000 -1.570796 0.000000 -1.571118
    23 2.676081 -1.712433 0.000000 1.570790 -0.000001 1.570689
    24 6.879441 -0.000010 0.000000 -0.007299 -0.002951 -0.584373
    25 6.879432 -0.000013 0.000000 -0.081333 -0.002949 -0.584376
    26 3.859711 -0.142445 -1.191958 -0.301641 0.406252 -0.259975
    27 1.312550 0.000008 0.000004 0.002158 0.009418 -0.214363
    28 0.729370 0.000006 0.000000 0.002083 0.004521 0.190325
    29 3.942335 0.046738 -0.431422 -0.100169 0.139261 -0.304866
    30 1.539124 0.000015 -0.000015 0.000691 0.004411 -0.090238
    31 1.196327 0.000032 -0.000010 0.003915 0.006231 0.131045
    32 3.881363 -0.043152 0.427624 0.093377 -0.003647 -0.206383
    33 1.719578 -0.000004 0.000004 0.001728 0.005221 -0.047180
    34 1.209160 -0.000010 -0.000011 0.000980 0.002910 0.111229
    35 3.863464 -0.136498 1.332175 0.329173 -0.151977 -0.252448
    36 1.719427 0.000031 -0.000031 0.000847 0.003997 -0.152936
    37 1.099674 -0.000004 -0.000011 0.001051 0.002376 0.174499
    38 0.807566 -0.347147 1.320592 -1.687649 -0.706742 -0.152816
    39 1.789783 -0.000007 0.000004 -0.001375 0.007247 0.040657
    40 1.207018 0.000015 -0.000008 -0.003709 0.010628 0.026303
    41 11.481726 -0.000012 -0.000038 0.001269 0.000000 -0.000005
    42 3.859663 -0.132561 1.193130 0.436843 -0.183667 -0.446676
    43 1.312580 -0.000006 0.000003 -0.000397 -0.011924 -0.406605
    44 0.729366 -0.000008 -0.000001 -0.000318 -0.006136 -0.191119
    45 3.942284 0.050331 0.431063 0.124202 -0.102614 -0.527372
    46 1.539131 -0.000004 0.000002 0.000310 -0.005851 -0.302873
    47 1.196323 0.000004 0.000005 0.003598 -0.008970 -0.813638
    48 3.881350 -0.046456 -0.429353 -0.085474 -0.059219 -0.420492
    49 1.719599 0.000008 0.000010 -0.001557 -0.007812 -0.168997
    50 1.209183 0.000010 0.000010 -0.000057 -0.002861 -0.676788
    51 3.863456 -0.147312 -1.329162 -0.315571 -0.036866 -0.507208
    52 1.719425 0.000011 0.000011 -0.000312 -0.006612 -0.315484
    53 1.099663 0.000011 0.000010 0.000432 -0.004181 -0.348650
    54 0.807570 -0.358068 -1.318047 1.253141 0.457928 -0.703219
    55 1.789780 -0.000011 0.000008 0.000649 -0.006265 0.125751
    56 1.207003 0.000001 -0.000008 -0.000394 -0.009598 0.405311
    57 11.481689 -0.000073 -0.000004 0.000155 0.000000 -0.000014
  time 40
    0 2.001623 65.697317 6.440933 0.348167 0.813712 -3.095172
    1 3.890447 0.000000 0.000000 -1.774891 -0.660533 -1.360909
    2 17.848156 0.000000 0.000000 -0.070090 0.172090 0.813601
    3 16.525240 0.000000 0.000000 -0.445955 -0.125137 -1.121114
    4 -3.890447 0.000000 0.000000 -1.701400 -0.680904 -1.433822
    5 17.848167 0.000000 0.000000 -0.115114 -0.003036 0.898388
    6 16.525238 0.000000 0.000000 -0.193377 -0.061494 -0.936701
    7 0.000000 3.345131 -2.981898 1.570793 0.086297 1.570793
    8 4.015370 0.000000 0.000000 -0.133820 -0.005872 -0.072853
    9 3.520298 0.000000 0.000000 -0.386000 -0.008785 0.153954
    10 8.940987 0.000000 0.000000 -0.046155 0.000000 0.194090
    11 3.306377 -0.000001 0.000000 3.141590 0.000000 0.400476
    12 3.594185 0.000000 0.000000 0.343594 -0.059648 0.204032
    13 2.036090 0.997452 1.937661 3.827399 -1.423473 0.715815
    14 6.028141 0.000011 0.000000 -0.977389 0.242861 -0.217300
    15 11.692581 -0.000001 -0.000008 -0.469765 0.890513 -1.334759
    16 11.481684 0.000000 -0.000031 2.596702 -0.148715 -0.154087
    17 2.036090 0.997453 -1.937661 -0.314070 1.440589 4.306490
    18 6.028137 -0.000008 0.000000 1.394360 -0.630395 -0.826485
    19 11.692554 0.000000 0.000019 -0.057897 -0.490043 -1.055542
    20 11.481705 0.000000 0.000011 -1.915231 0.100572 -0.397836
    21 2.000004 -3.000000 0.000000 -1.570796 0.000000 -1.326450
    22 2.676084 -1.712437 0.000000 -1.570796 0.000000 -1.571118
    23 2.676081 -1.712433 0.000000 1.570790 -0.000001 1.570689
    24 6.879441 -0.000010 0.000000 -0.007299 -0.002951 -0.584373
    25 6.879432 -0.000013 0.000000 -0.081333 -0.002949 -0.584376
    26 3.859711 -0.142445 -1.191958 -0.316669 0.394917 -0.298492
    27 1.312550 0.000008 0.000004 0.002158 0.009418 -0.214363
    28 0.729370 0.000006 0.000000 0.002239 0.004449 0.223825
    29 3.942335 0.046738 -0.431422 -0.103788 0.136589 -0.331223
    30 1.539124 0.000015 -0.000015 0.000691 0.004411 -0.090238
    31 1.196327 0.000032 -0.000010 0.004083 0.006124 0.158703
    32 3.881363 -0.043152 0.427624 0.096804 0.003029 -0.225345
    33 1.719578 -0.000004 0.000004 0.001728 0.005221 -0.047180
    34 1.209160 -0.000010 -0.000011 0.001028 0.002898 0.123664
    35 3.863464 -0.136498 1.332175 0.333188 -0.149472 -0.277088
    36 1.719427 0.000031 -0.000031 0.000847 0.003997 -0.152936
    37 1.099674 -0.000004 -0.000011 0.001099 0.002352 0.195551
    38 0.807566 -0.347147 1.320592 -1.696322 -0.661754 -0.175299
    39 1.789783 -0.000007 0.000004 -0.001375 0.007247 0.040657
    40 1.207018 0.000015 -0.000008 -0.003661 0.010640 0.031290
    41 11.481726 -0.000012 -0.000038 0.001269 0.000000 -0.000005
    42 3.859663 -0.132561 1.193130 0.452278 -0.131636 -0.593547
    43 1.312580 -0.000006 0.000003 0.000202 -0.011936 -0.456992
    44 0.729366 -0.000008 -0.000001 0.000317 -0.006136 -0.297092
    45 3.942284 0.050331 0.431063 0.133202 -0.086255 -0.657400
    46 1.539131 -0.000004 0.000002 0.000813 -0.005803 -0.387638
    47 1.196323 0.000004 0.000005 0.005360 -0.008035 -1.020196
    48 3.881350 -0.046456 -0.429353 -0.079122 -0.061424 -0.532432
    49 1.719599 0.000008 0.000010 -0.000946 -0.007908 -0.246800
    50 1.209183 0.000010 0.000010 -0.005330 -0.000044 -0.868049
    51 3.863456 -0.147312 -1.329162 -0.301214 -0.055483 -0.610745
    52 1.719425 0.000011 0.000011 0.000359 -0.006612 -0.418016
    53 1.099663 0.000011 0.000010 0.000864 -0.004121 -0.452322
    54 0.807570 -0.358068 -1.318047 1.253877 0.453372 -0.701542
    55 1.789780 -0.000011 0.000008 0.000649 -0.006265 0.125751
    56 1.207003 0.000001 -0.000008 -0.000730 -0.009587 0.439747
    57 11.481689 -0.000073 -0.000004 0.000155 0.000000 -0.000014
  time 41
    0 2.001623 65.697317 6.440933 0.408602 0.809685 -3.071984
    1 3.890447 0.000000 0.000000 -1.784665 -0.687097 -1.371238
    2 17.848156 0.000000 0.000000 -0.076202 0.180085 0.781031
    3 16.525240 0.000000 0.000000 -0.436211 -0.115443 -1.115855
    4 -3.890447 0.000000 0.000000 -1.630403 -0.792625 -1.475979
    5 17.848167 0.000000 0.000000 -0.040740 0.000285 1.103877
    6 16.525238 0.000000 0.000000 -0.308000 -0.023515 -0.948186
    7 0.000000 3.345131 -2.981898 1.570793 0.086297 1.570793
    8 4.015370 0.000000 0.000000 -0.130932 -0.005525 -0.055416
    9 3.520298 0.000000 0.000000 -0.380463 0.016083 0.216812
    10 8.940987 0.000000 0.000000 -0.012089 0.000000 0.194090
    11 3.306377 -0.000001 0.000000 3.141590 0.000000 0.400476
    12 3.594185 0.000000 0.000000 0.334529 -0.089046 0.280977
    13 2.036090 0.997452 1.937661 3.920968 -1.422891 0.626293
    14 6.028141 0.000011 0.000000 -0.989876 0.263136 -0.168848
    15 11.692581 -0.000001 -0.000008 -0.457175 0.826748 -1.394188
    16 11.481684 0.000000 -0.000031 2.590507 -0.259341 -0.148953
    17 2.036090 0.997453 -1.937661 -0.306776 1.454155 4.314488
    18 6.028137 -0.000008 0.000000 1.444129 -0.598045 -0.872320
    19 11.692554 0.000000 0.000019 -0.089547 -0.495417 -0.853336
    20 11.481705 0.000000 0.000011 -1.880819 0.085004 -0.454376
    21 2.000004 -3.000000 0.000000 -1.570796 0.000000 -1.326450
    22 2.676084 -1.712437 0.000000 -1.570796 0.000000 -1.571118
    23 2.676081 -1.712433 0.000000 1.570790 -0.000001 1.570689
    24 6.879441 -0.000010 0.000000 -0.007299 -0.002951 -0.584373
    25 6.879432 -0.000013 0.000000 -0.081333 -0.002949 -0.584376
    26 3.859711 -0.142445 -1.191958 -0.328409 0.385376 -0.329359
    27 1.312550 0.000008 0.000004 0.002158 0.009418 -0.214363
    28 0.729370 0.000006 0.000000 0.002371 0.004377 0.253383
    29 3.942335 0.046738 -0.431422 -0.106604 0.134407 -0.352074
    30 1.539124 0.000015 -0.000015 0.000691 0.004411 -0.090238
    31 1.196327 0.000032 -0.000010 0.004226 0.006016 0.183085
    32 3.881363 -0.043152 0.427624 0.099717 0.008578 -0.237947
    33 1.719578 -0.000004 0.000004 0.001728 0.005221 -0.047180
    34 1.209160 -0.000010 -0.000011 0.001040 0.002886 0.130489
    35 3.863464 -0.136498 1.332175 0.335944 -0.149005 -0.293572
    36 1.719427 0.000031 -0.000031 0.000847 0.003997 -0.152936
    37 1.099674 -0.000004 -0.000011 0.001147 0.002328 0.214040
    38 0.807566 -0.347147 1.320592 -1.704733 -0.622235 -0.194937
    39 1.789783 -0.000007 0.000004 -0.001375 0.007247 0.040657
    40 1.207018 0.000015 -0.000008 -0.003578 0.010676 0.039525
    41 11.481726 -0.000012 -0.000038 0.001269 0.000000 -0.000005
    42 3.859663 -0.132561 1.193130 0.452154 -0.079968 -0.753812
    43 1.312580 -0.000006 0.000003 0.000706 -0.011912 -0.499688
    44 0.729366 -0.000008 -0.000001 0.001348 -0.005992 -0.466152
    45 3.942284 0.050331 0.431063 0.138583 -0.068098 -0.797104
    46 1.539131 -0.000004 0.000002 0.001364 -0.005695 -0.484482
    47 1.196323 0.000004 0.000005 0.006942 -0.006717 -1.233291
    48 3.881350 -0.046456 -0.429353 -0.070949 -0.064600 -0.660563
    49 1.719599 0.000008 0.000010 -0.000119 -0.007968 -0.350455
    50 1.209183 0.000010 0.000010 -0.014187 0.002736 -1.063539
    51 3.863456 -0.147312 -1.329162 -0.284004 -0.069409 -0.731048
    52 1.719425 0.000011 0.000011 0.001054 -0.006541 -0.524571
    53 1.099663 0.000011 0.000010 0.001523 -0.003917 -0.616719
    54 0.807570 -0.358068 -1.318047 1.254235 0.451070 -0.700703
    55 1.789780 -0.000011 0.000008 0.000649 -0.006265 0.125751
    56 1.207003 0.000001 -0.000008 -0.000994 -0.009563 0.467816
    57 11.481689 -0.000073 -0.000004 0.000155 0.000000 -0.000014
  time 42
    0 2.001623 65.697317 6.440933 0.470266 0.804032 -3.049750
    1 3.890447 0.000000 0.000000 -1.788881 -0.714673 -1.384244
    2 17.848156 0.000000 0.000000 -0.080062 0.187177 0.744630
    3 16.525240 0.000000 0.000000 -0.430549 -0.104928 -1.109139
    4 -3.890447 0.000000 0.000000 -1.590064 -0.873014 -1.502883
    5 17.848167 0.000000 0.000000 0.006974 0.011266 1.239364
    6 16.525238 0.000000 0.000000 -0.361827 -0.011412 -0.951841
    7 0.000000 3.345131 -2.981898 1.570793 0.086297 1.570793
    8 4.015370 0.000000 0.000000 -0.122471 -0.006172 -0.027275
    9 3.520298 0.000000 0.000000 -0.354516 0.079134 0.384291
    10 8.940987 0.000000 0.000000 0.000000 0.000000 0.194090
    11 3.306377 -0.000001 0.000000 3.141590 0.000000 0.400476
    12 3.594185 0.000000 0.000000 0.324862 -0.104588 0.307731
    13 2.036090 0.997452 1.937661 4.190840 -1.414596 0.368668
    14 6.028141 0.000011 0.000000 -1.035203 0.334510 -0.152240
    15 11.692581 -0.000001 -0.000008 -0.436752 0.721171 -1.452545
    16 11.481684 0.000000 -0.000031 2.622155 -0.395934 -0.222186
    17 2.036090 0.997453 -1.937661 -0.298828 1.467614 4.323050
    18 6.028137 -0.000008 0.000000 1.534800 -0.520860 -0.997376
    19 11.692554 0.000000 0.000019 -0.144742 -0.397414 -0.638601
    20 11.481705 0.000000 0.000011 -1.848510 0.091899 -0.560089
    21 2.000004 -3.000000 0.000000 -1.570796 0.000000 -1.326450
    22 2.676084 -1.712437 0.000000 -1.570796 0.000000 -1.571118
    23 2.676081 -1.712433 0.000000 1.570790 -0.000001 1.570689
    24 6.879441 -0.000010 0.000000 -0.007299 -0.002951 -0.584373
    25 6.879432 -0.000013 0.000000 -0.081333 -0.002949 -0.584376
    26 3.859711 -0.142445 -1.191958 -0.335505 0.379289 -0.348430
    27 1.312550 0.000008 0.000004 0.002158 0.009418 -0.214363
    28 0.729370 0.000006 0.000000 0.002455 0.004329 0.272724
    29 3.942335 0.046738 -0.431422 -0.108306 0.133041 -0.364812
    30 1.539124 0.000015 -0.000015 0.000691 0.004411 -0.090238
    31 1.196327 0.000032 -0.000010 0.004322 0.005944 0.199086
    32 3.881363 -0.043152 0.427624 0.101598 0.012089 -0.244633
    33 1.719578 -0.000004 0.000004 0.001728 0.005221 -0.047180
    34 1.209160 -0.000010 -0.000011 0.001052 0.002886 0.133395
    35 3.863464 -0.136498 1.332175 0.337478 -0.149388 -0.302309
    36 1.719427 0.000031 -0.000031 0.000847 0.003997 -0.152936
    37 1.099674 -0.000004 -0.000011 0.001170 0.002316 0.226228
    38 0.807566 -0.347147 1.320592 -1.710556 -0.596437 -0.207794
    39 1.789783 -0.000007 0.000004 -0.001375 0.007247 0.040657
    40 1.207018 0.000015 -0.000008 -0.003446 0.010712 0.051041
    41 11.481726 -0.000012 -0.000038 0.001269 0.000000 -0.000005
    42 3.859663 -0.132561 1.193130 0.437724 -0.032474 -0.922107
    43 1.312580 -0.000006 0.000003 0.001125 -0.011876 -0.535252
    44 0.729366 -0.000008 -0.000001 0.002642 -0.005537 -0.691631
    45 3.942284 0.050331 0.431063 0.140081 -0.049259 -0.941131
    46 1.539131 -0.000004 0.000002 0.001952 -0.005515 -0.588721
    47 1.196323 0.000004 0.000005 0.008225 -0.005063 -1.450473
    48 3.881350 -0.046456 -0.429353 -0.061229 -0.067872 -0.798987
    49 1.719599 0.000008 0.000010 0.000840 -0.007920 -0.472821
    50 1.209183 0.000010 0.000010 -0.025944 0.004258 -1.260982
    51 3.863456 -0.147312 -1.329162 -0.264936 -0.078323 -0.862397
    52 1.719425 0.000011 0.000011 0.001749 -0.006385 -0.631813
    53 1.099663 0.000011 0.000010 0.002338 -0.003498 -0.834648
    54 0.807570 -0.358068 -1.318047 1.254354 0.450407 -0.700463
    55 1.789780 -0.000011 0.000008 0.000649 -0.006265 0.125751
    56 1.207003 0.000001 -0.000008 -0.001233 -0.009527 0.492586
    57 11.481689 -0.000073 -0.000004 0.000155 0.000000 -0.000014
  time 43
    0 2.001623 65.697317 6.440933 0.531848 0.796750 -3.029139
    1 3.890447 0.000000 0.000000 -1.787827 -0.742065 -1.399642
    2 17.848156 0.000000 0.000000 -0.082746 0.192824 0.703880
    3 16.525240 0.000000 0.000000 -0.428567 -0.093877 -1.100165
    4 -3.890447 0.000000 0.000000 -1.562064 -0.942011 -1.522114
    5 17.848167 0.000000 0.000000 0.046566 0.025282 1.355517
    6 16.525238 0.000000 0.000000 -0.392999 -0.009399 -0.954230
    7 0.000000 3.345131 -2.981898 1.570793 0.086297 1.570793
    8 4.015370 0.000000 0.000000 -0.109036 -0.008066 0.010513
    9 3.520298 0.000000 0.000000 -0.307668 0.134839 0.556017
    10 8.940987 0.000000 0.000000 0.000000 0.000000 0.194090
    11 3.306377 -0.000001 0.000000 3.141590 0.000000 0.400476
    12 3.594185 0.000000 0.000000 0.315483 -0.112262 0.306210
    13 2.036090 0.997452 1.937661 4.536002 -1.384787 0.042642
    14 6.028141 0.000011 0.000000 -1.102261 0.402959 -0.184665
    15 11.692581 -0.000001 -0.000008 -0.406739 0.622605 -1.480323
    16 11.481684 0.000000 -0.000031 2.662781 -0.518800 -0.339062
    17 2.036090 0.997453 -1.937661 -0.289944 1.480833 4.332552
    18 6.028137 -0.000008 0.000000 1.611812 -0.665877 -0.973260
    19 11.692554 0.000000 0.000019 0.027515 -0.410905 -0.908527
    20 11.481705 0.000000 0.000011 -1.805485 0.268082 -0.360815
    21 2.000004 -3.000000 0.000000 -1.570796 0.000000 -1.326450
    22 2.676084 -1.712437 0.000000 -1.570796 0.000000 -1.571118
    23 2.676081 -1.712433 0.000000 1.570790 -0.000001 1.570689
    24 6.879441 -0.000010 0.000000 -0.007299 -0.002951 -0.584373
    25 6.879432 -0.000013 0.000000 -0.081333 -0.002949 -0.584376
    26 3.859711 -0.142445 -1.191958 -0.337798 0.377270 -0.354611
    27 1.312550 0.000008 0.000004 0.002158 0.009418 -0.214363
    28 0.729370 0.000006 0.000000 0.002479 0.004317 0.279292
    29 3.942335 0.046738 -0.431422 -0.108845 0.132598 -0.368950
    30 1.539124 0.000015 -0.000015 0.000691 0.004411 -0.090238
    31 1.196327 0.000032 -0.000010 0.004358 0.005920 0.204495
    32 3.881363 -0.043152 0.427624 0.102233 0.013252 -0.246555
    33 1.719578 -0.000004 0.000004 0.001728 0.005221 -0.047180
    34 1.209160 -0.000010 -0.000011 0.001052 0.002886 0.134071
    35 3.863464 -0.136498 1.332175 0.337946 -0.149652 -0.304868
    36 1.719427 0.000031 -0.000031 0.000847 0.003997 -0.152936
    37 1.099674 -0.000004 -0.000011 0.001182 0.002304 0.230314
    38 0.807566 -0.347147 1.320592 -1.712480 -0.587775 -0.212265
    39 1.789783 -0.000007 0.000004 -0.001375 0.007247 0.040657
    40 1.207018 0.000015 -0.000008 -0.003290 0.010760 0.065313
    41 11.481726 -0.000012 -0.000038 0.001269 0.000000 -0.000005
    42 3.859663 -0.132561 1.193130 0.411844 0.007281 -1.091914
    43 1.312580 -0.000006 0.000003 0.001473 -0.011840 -0.564373
    44 0.729366 -0.000008 -0.000001 0.004020 -0.004626 -0.960780
    45 3.942284 0.050331 0.431063 0.137924 -0.031006 -1.083964
    46 1.539131 -0.000004 0.000002 0.002527 -0.005276 -0.695630
    47 1.196323 0.000004 0.000005 0.009111 -0.003181 -1.667042
    48 3.881350 -0.046456 -0.429353 -0.050443 -0.070508 -0.941252
    49 1.719599 0.000008 0.000010 0.001883 -0.007740 -0.606267
    50 1.209183 0.000010 0.000010 -0.039510 0.003695 -1.456277
    51 3.863456 -0.147312 -1.329162 -0.245354 -0.082239 -0.998453
    52 1.719425 0.000011 0.000011 0.002409 -0.006169 -0.736311
    53 1.099663 0.000011 0.000010 0.003153 -0.002779 -1.093490
    54 0.807570 -0.358068 -1.318047 1.254354 0.450357 -0.700451
    55 1.789780 -0.000011 0.000008 0.000649 -0.006265 0.125751
    56 1.207003 0.000001 -0.000008 -0.001485 -0.009491 0.518598
    57 11.481689 -0.000073 -0.000004 0.000155 0.000000 -0.000014
  time 44
    0 2.001623 65.697317 6.440933 0.592037 0.788013 -3.010818
    1 3.890447 0.000000 0.000000 -1.783515 -0.768629 -1.416187
    2 17.848156 0.000000 0.000000 -0.085695 0.197157 0.659668
    3 16.525240 0.000000 0.000000 -0.428987 -0.083520 -1.088533
    4 -3.890447 0.000000 0.000000 -1.550959 -1.002217 -1.530830
    5 17.848167 0.000000 0.000000 0.076095 0.040847 1.450706
    6 16.525238 0.000000 0.000000 -0.401463 -0.018753 -0.952647
    7 0.000000 3.345131 -2.981898 1.570793 0.086297 1.570793
    8 4.015370 0.000000 0.000000 -0.091323 -0.011553 0.056577
    9 3.520298 0.000000 0.000000 -0.266717 0.148549 0.624621
    10 8.940987 0.000000 0.000000 0.000000 0.000000 0.194090
    11 3.306377 -0.000001 0.000000 3.141590 0.000000 0.400476
    12 3.594185 0.000000 0.000000 0.304898 -0.119331 0.303168
    13 2.036090 0.997452 1.937661 -1.466110 -1.332865 6.067424
    14 6.028141 0.000011 0.000000 -1.176286 0.419360 -0.248460
    15 11.692581 -0.000001 -0.000008 -0.363624 0.554925 -1.478427
    16 11.481684 0.000000 -0.000031 2.673870 -0.590722 -0.401802
    17 2.036090 0.997453 -1.937661 -0.279284 1.493752 4.343748
    18 6.028137 -0.000008 0.000000 1.709840 -0.828485 -0.970604
    19 11.692554 0.000000 0.000019 0.152627 -0.341808 -1.176945
    20 11.481705 0.000000 0.000011 -1.694284 0.361355 -0.145351
    21 2.000004 -3.000000 0.000000 -1.570796 0.000000 -1.326450
    22 2.676084 -1.712437 0.000000 -1.570796 0.000000 -1.571118
    23 2.676081 -1.712433 0.000000 1.570790 -0.000001 1.570689
    24 6.879441 -0.000010 0.000000 -0.007299 -0.002951 -0.584373
    25 6.879432 -0.000013 0.000000 -0.081333 -0.002949 -0.584376
    26 3.859711 -0.142445 -1.191958 -0.337798 0.377270 -0.354611
    27 1.312550 0.000008 0.000004 0.002158 0.009418 -0.214363
    28 0.729370 0.000006 0.000000 0.002479 0.004317 0.279292
    29 3.942335 0.046738 -0.431422 -0.108857 0.132598 -0.368950
    30 1.539124 0.000015 -0.000015 0.000691 0.004411 -0.090238
    31 1.196327 0.000032 -0.000010 0.004358 0.005920 0.204495
    32 3.881363 -0.043152 0.427624 0.102233 0.013252 -0.246555
    33 1.719578 -0.000004 0.000004 0.001728 0.005221 -0.047180
    34 1.209160 -0.000010 -0.000011 0.001052 0.002886 0.134071
    35 3.863464 -0.136498 1.332175 0.337946 -0.149652 -0.304868
    36 1.719427 0.000031 -0.000031 0.000847 0.003997 -0.152936
    37 1.099674 -0.000004 -0.000011 0.001182 0.002304 0.230314
    38 0.807566 -0.347147 1.320592 -1.712725 -0.635433 -0.194641
    39 1.789783 -0.000007 0.000004 -0.001375 0.007247 0.040657
    40 1.207018 0.000015 -0.000008 -0.001241 0.011192 0.251800
    41 11.481726 -0.000012 -0.000038 0.001269 0.000000 -0.000005
    42 3.859663 -0.132561 1.193130 0.378672 0.036992 -1.255960
    43 1.312580 -0.000006 0.000003 0.001748 -0.011804 -0.587775
    44 0.729366 -0.000008 -0.000001 0.005183 -0.003284 -1.252288
    45 3.942284 0.050331 0.431063 0.132771 -0.014455 -1.220184
    46 1.539131 -0.000004 0.000002 0.003066 -0.004988 -0.800614
    47 1.196323 0.000004 0.000005 0.009579 -0.001216 -1.876188
    48 3.881350 -0.046456 -0.429353 -0.039261 -0.072078 -1.080739
    49 1.719599 0.000008 0.000010 0.002925 -0.007428 -0.742756
    50 1.209183 0.000010 0.000010 -0.053616 0.000723 -1.643828
    51 3.863456 -0.147312 -1.329162 -0.226646 -0.081678 -1.132663
    52 1.719425 0.000011 0.000011 0.003008 -0.005905 -0.835000
    53 1.099663 0.000011 0.000010 0.003788 -0.001808 -1.372754
    54 0.807570 -0.358068 -1.318047 1.254454 0.449695 -0.700211
    55 1.789780 -0.000011 0.000008 0.000649 -0.006265 0.125751
    56 1.207003 0.000001 -0.000008 -0.001785 -0.009443 0.550588
    57 11.481689 -0.000073 -0.000004 0.000155 0.000000 -0.000014
  time 45
    0 2.001623 65.697317 6.440933 0.649934 0.777905 -2.995360
    1 3.890447 0.000000 0.000000 -1.777095 -0.794137 -1.432637
    2 17.848156 0.000000 0.000000 -0.090034 0.200690 0.613613
    3 16.525240 0.000000 0.000000 -0.431003 -0.076462 -1.073986
    4 -3.890447 0.000000 0.000000 -1.552288 -1.058004 -1.534335
    5 17.848167 0.000000 0.000000 0.098077 0.056004 1.525968
    6 16.525238 0.000000 0.000000 -0.394564 -0.035840 -0.946171
    7 0.000000 3.345131 -2.981898 1.570793 0.086297 1.570793
    8 4.015370 0.000000 0.000000 -0.070194 -0.016922 0.109439
    9 3.520298 0.000000 0.000000 -0.232705 0.139153 0.623607
    10 8.940987 0.000000 0.000000 0.000000 0.000000 0.194090
    11 3.306377 -0.000001 0.000000 3.141590 0.000000 0.400476
    12 3.594185 0.000000 0.000000 0.293135 -0.125726 0.298371
    13 2.036090 0.997452 1.937661 -1.279536 -1.275089 5.902080
    14 6.028141 0.000011 0.000000 -1.243313 0.398838 -0.308459
    15 11.692581 -0.000001 -0.000008 -0.318606 0.506105 -1.471586
    16 11.481684 0.000000 -0.000031 2.666597 -0.631625 -0.421259
    17 2.036090 0.997453 -1.937661 -0.266193 1.506276 4.357579
    18 6.028137 -0.000008 0.000000 1.746818 -0.726458 -0.977323
    19 11.692554 0.000000 0.000019 0.141213 -0.314401 -1.045234
    20 11.481705 0.000000 0.000011 -1.643657 0.321190 -0.213043
    21 2.000004 -3.000000 0.000000 -1.570796 0.000000 -1.326450
    22 2.676084 -1.712437 0.000000 -1.570796 0.000000 -1.571118
    23 2.676081 -1.712433 0.000000 1.570790 -0.000001 1.570689
    24 6.879441 -0.000010 0.000000 -0.007299 -0.002951 -0.584373
    25 6.879432 -0.000013 0.000000 -0.081333 -0.002949 -0.584376
    26 3.859711 -0.142445 -1.191958 -0.337798 0.377270 -0.354611
    27 1.312550 0.000008 0.000004 0.002158 0.009418 -0.214363
    28 0.729370 0.000006 0.000000 0.002479 0.004317 0.279292
    29 3.942335 0.046738 -0.431422 -0.108845 0.132598 -0.368950
    30 1.539124 0.000015 -0.000015 0.000691 0.004411 -0.090238
    31 1.196327 0.000032 -0.000010 0.004358 0.005920 0.204495
    32 3.881363 -0.043152 0.427624 0.102233 0.013252 -0.246555
    33 1.719578 -0.000004 0.000004 0.001728 0.005221 -0.047180
    34 1.209160 -0.000010 -0.000011 0.001052 0.002886 0.134071
    35 3.863464 -0.136498 1.332175 0.337946 -0.149652 -0.304868
    36 1.719427 0.000031 -0.000031 0.000847 0.003997 -0.152936
    37 1.099674 -0.000004 -0.000011 0.001182 0.002304 0.230383
    38 0.807566 -0.347147 1.320592 -1.708825 -0.711297 -0.161832
    39 1.789783 -0.000007 0.000004 -0.001375 0.007247 0.040657
    40 1.207018 0.000015 -0.000008 0.000737 0.011240 0.429233
    41 11.481726 -0.000012 -0.000038 0.001269 0.000000 -0.000005
    42 3.859663 -0.132561 1.193130 0.342828 0.056283 -1.407332
    43 1.312580 -0.000006 0.000003 0.001964 -0.011768 -0.606149
    44 0.729366 -0.000008 -0.000001 0.005890 -0.001678 -1.539350
    45 3.942284 0.050331 0.431063 0.125640 -0.000338 -1.345083
    46 1.539131 -0.000004 0.000002 0.003546 -0.004665 -0.899383
    47 1.196323 0.000004 0.000005 0.009627 0.000654 -2.070691
    48 3.881350 -0.046456 -0.429353 -0.028415 -0.072462 -1.211444
    49 1.719599 0.000008 0.000010 0.003872 -0.006973 -0.874619
    50 1.209183 0.000010 0.000010 -0.067063 -0.004407 -1.817778
    51 3.863456 -0.147312 -1.329162 -0.210023 -0.077642 -1.259122
    52 1.719425 0.000011 0.000011 0.003523 -0.005606 -0.925184
    53 1.099663 0.000011 0.000010 0.004135 -0.000706 -1.647744
    54 0.807570 -0.358068 -1.318047 1.254812 0.447392 -0.699372
    55 1.789780 -0.000011 0.000008 0.000649 -0.006265 0.125751
    56 1.207003 0.000001 -0.000008 -0.002180 -0.009359 0.592207
    57 11.481689 -0.000073 -0.000004 0.000155 0.000000 -0.000014
  time 46
    0 2.001623 65.697317 6.440933 0.704883 0.766640 -2.983050
    1 3.890447 0.000000 0.000000 -1.771538 -0.818173 -1.447461
    2 17.848156 0.000000 0.000000 -0.097081 0.203785 0.566527
    3 16.525240 0.000000 0.000000 -0.432800 -0.073494 -1.056524
    4 -3.890447 0.000000 0.000000 -1.555515 -1.112907 -1.541345
    5 17.848167 0.000000 0.000000 0.116924 0.069369 1.586044
    6 16.525238 0.000000 0.000000 -0.382152 -0.055234 -0.935492
    7 0.000000 3.345131 -2.981898 1.570793 0.086297 1.570793
    8 4.015370 0.000000 0.000000 -0.046608 -0.024401 0.167304
    9 3.520298 0.000000 0.000000 -0.192760 0.127061 0.613437
    10 8.940987 0.000000 0.000000 0.000000 0.000000 0.194090
    11 3.306377 -0.000001 0.000000 3.141590 0.000000 0.400476
    12 3.594185 0.000000 0.000000 0.280272 -0.131374 0.291507
    13 2.036090 0.997452 1.937661 -1.156567 -1.227967 5.795149
    14 6.028141 0.000011 0.000000 -1.308606 0.373576 -0.358177
    15 11.692581 -0.000001 -0.000008 -0.275637 0.460166 -1.472740
    16 11.481684 0.000000 -0.000031 2.663096 -0.654122 -0.444138
    17 2.036090 0.997453 -1.937661 -0.248799 1.518333 4.375455
    18 6.028137 -0.000008 0.000000 1.739648 -0.375800 -1.009564
    19 11.692554 0.000000 0.000019 0.110666 -0.247737 -0.864834
    20 11.481705 0.000000 0.000011 -1.565492 0.366648 -0.096578
    21 2.000004 -3.000000 0.000000 -1.570796 0.000000 -1.326450
    22 2.676084 -1.712437 0.000000 -1.570796 0.000000 -1.571118
    23 2.676081 -1.712433 0.000000 1.570790 -0.000001 1.570689
    24 6.879441 -0.000010 0.000000 -0.007299 -0.002951 -0.584373
    25 6.879432 -0.000013 0.000000 -0.081333 -0.002949 -0.584376
    26 3.859711 -0.142445 -1.191958 -0.300847 0.406821 -0.257977
    27 1.312550 0.000008 0.000004 0.002158 0.009418 -0.214363
    28 0.729370 0.000006 0.000000 0.002155 0.004485 0.207112
    29 3.942335 0.046738 -0.431422 -0.099497 0.139741 -0.300077
    30 1.539124 0.000015 -0.000015 0.000691 0.004411 -0.090238
    31 1.196327 0.000032 -0.000010 0.003999 0.006171 0.144912
    32 3.881363 -0.043152 0.427624 0.094887 -0.003155 -0.184935
    33 1.719578 -0.000004 0.000004 0.001728 0.005221 -0.047180
    34 1.209160 -0.000010 -0.000011 0.000908 0.002934 0.086022
    35 3.863464 -0.136498 1.332175 0.325158 -0.164177 -0.224770
    36 1.719427 0.000031 -0.000031 0.000847 0.003997 -0.152936
    37 1.099674 -0.000004 -0.000011 0.001075 0.002364 0.185025
    38 0.807566 -0.347147 1.320592 -1.689660 -0.760429 -0.130999
    39 1.789783 -0.000007 0.000004 -0.001375 0.007247 0.040657
    40 1.207018 0.000015 -0.000008 -0.001528 0.011156 0.226209
    41 11.481726 -0.000012 -0.000038 0.001269 0.000000 -0.000005
    42 3.859663 -0.132561 1.193130 0.308374 0.066457 -1.540556
    43 1.312580 -0.000006 0.000003 0.002132 -0.011744 -0.620183
    44 0.729366 -0.000008 -0.000001 0.006130 -0.000108 -1.797908
    45 3.942284 0.050331 0.431063 0.117622 0.011000 -1.455014
    46 1.539131 -0.000004 0.000002 0.003941 -0.004329 -0.988437
    47 1.196323 0.000004 0.000005 0.009375 0.002308 -2.243946
    48 3.881350 -0.046456 -0.429353 -0.018540 -0.071827 -1.328324
    49 1.719599 0.000008 0.000010 0.004687 -0.006457 -0.995361
    50 1.209183 0.000010 0.000010 -0.078880 -0.010986 -1.972725
    51 3.863456 -0.147312 -1.329162 -0.196193 -0.071414 -1.372762
    52 1.719425 0.000011 0.000011 0.003955 -0.005306 -1.004529
    53 1.099663 0.000011 0.000010 0.004183 0.000337 -1.896205
    54 0.807570 -0.358068 -1.318047 1.255528 0.442820 -0.697719
    55 1.789780 -0.000011 0.000008 0.000649 -0.006265 0.125751
    56 1.207003 0.000001 -0.000008 -0.002671 -0.009227 0.645317
    57 11.481689 -0.000073 -0.000004 0.000155 0.000000 -0.000014
  time 47
    0 2.001623 65.697317 6.440933 0.756228 0.754433 -2.974176
    1 3.890447 0.000000 0.000000 -1.767609 -0.840831 -1.459894
    2 17.848156 0.000000 0.000000 -0.107029 0.206596 0.519809
    3 16.525240 0.000000 0.000000 -0.434128 -0.075452 -1.036718
    4 -3.890447 0.000000 0.000000 -1.561020 -1.167564 -1.548545
    5 17.848167 0.000000 0.000000 0.135374 0.082264 1.639750
    6 16.525238 0.000000 0.000000 -0.369456 -0.075758 -0.922481
    7 0.000000 3.345131 -2.981898 1.570793 0.086297 1.570793
    8 4.015370 0.000000 0.000000 -0.021596 -0.034024 0.228314
    9 3.520298 0.000000 0.000000 -0.147063 0.113003 0.593852
    10 8.940987 0.000000 0.000000 0.000000 0.000000 0.194090
    11 3.306377 -0.000001 0.000000 3.141590 0.000000 0.400476
    12 3.594185 0.000000 0.000000 0.266413 -0.136206 0.282362
    13 2.036090 0.997452 1.937661 -1.069123 -1.200031 5.716473
    14 6.028141 0.000011 0.000000 -1.368153 0.346914 -0.392553
    15 11.692581 -0.000001 -0.000008 -0.233510 0.420099 -1.486340
    16 11.481684 0.000000 -0.000031 2.665385 -0.659948 -0.469045
    17 2.036090 0.997453 -1.937661 -0.223832 1.529862 4.400953
    18 6.028137 -0.000008 0.000000 1.700558 0.206114 -1.052378
    19 11.692554 0.000000 0.000019 0.058062 -0.107393 -0.410069
    20 11.481705 0.000000 0.000011 -1.483527 0.378124 -0.070455
    21 2.000004 -3.000000 0.000000 -1.570796 0.000000 -1.326450
    22 2.676084 -1.712437 0.000000 -1.570796 0.000000 -1.571118
    23 2.676081 -1.712433 0.000000 1.570790 -0.000001 1.570689
    24 6.879441 -0.000010 0.000000 -0.007299 -0.002951 -0.584373
    25 6.879432 -0.000013 0.000000 -0.081333 -0.002949 -0.584376
    26 3.859711 -0.142445 -1.191958 -0.260464 0.432901 -0.158969
    27 1.312550 0.000008 0.000004 0.002158 0.009418 -0.214363
    28 0.729370 0.000006 0.000000 0.001832 0.004628 0.134858
    29 3.942335 0.046738 -0.431422 -0.089658 0.146224 -0.231041
    30 1.539124 0.000015 -0.000015 0.000691 0.004411 -0.090238
    31 1.196327 0.000032 -0.000010 0.003627 0.006399 0.085253
    32 3.881363 -0.043152 0.427624 0.086557 -0.019071 -0.123168
    33 1.719578 -0.000004 0.000004 0.001728 0.005221 -0.047180
    34 1.209160 -0.000010 -0.000011 0.000764 0.002970 0.038040
    35 3.863464 -0.136498 1.332175 0.311208 -0.177648 -0.144330
    36 1.719427 0.000031 -0.000031 0.000847 0.003997 -0.152936
    37 1.099674 -0.000004 -0.000011 0.000967 0.002412 0.139736
    38 0.807566 -0.347147 1.320592 -1.675548 -0.781448 -0.114834
    39 1.789783 -0.000007 0.000004 -0.001375 0.007247 0.040657
    40 1.207018 0.000015 -0.000008 -0.003745 0.010616 0.023153
    41 11.481726 -0.000012 -0.000038 0.001269 0.000000 -0.000005
    42 3.859663 -0.132561 1.193130 0.278245 0.069892 -1.651889
    43 1.312580 -0.000006 0.000003 0.002252 -0.011720 -0.630504
    44 0.729366 -0.000008 -0.000001 0.006010 0.001199 -2.012862
    45 3.942284 0.050331 0.431063 0.109736 0.019605 -1.547301
    46 1.539131 -0.000004 0.000002 0.004265 -0.004005 -1.064844
    47 1.196323 0.000004 0.000005 0.008932 0.003662 -2.390845
    48 3.881350 -0.046456 -0.429353 -0.010103 -0.070544 -1.427741
    49 1.719599 0.000008 0.000010 0.005334 -0.005930 -1.099707
    50 1.209183 0.000010 0.000010 -0.088539 -0.018069 -2.104375
    51 3.863456 -0.147312 -1.329162 -0.185443 -0.064317 -1.469780
    52 1.719425 0.000011 0.000011 0.004302 -0.005031 -1.071389
    53 1.099663 0.000011 0.000010 0.004028 0.001188 -2.103685
    54 0.807570 -0.358068 -1.318047 1.256622 0.435747 -0.695166
    55 1.789780 -0.000011 0.000008 0.000649 -0.006265 0.125751
    56 1.207003 0.000001 -0.000008 -0.003259 -0.009035 0.709958
    57 11.481689 -0.000073 -0.000004 0.000155 0.000000 -0.000014
  time 48
    0 2.001623 65.697317 6.440933 0.803561 0.741455 -2.968927
    1 3.890447 0.000000 0.000000 -1.767322 -0.859858 -1.470892
    2 17.848156 0.000000 0.000000 -0.122298 0.208478 0.471543
    3 16.525240 0.000000 0.000000 -0.433019 -0.083567 -1.012054
    4 -3.890447 0.000000 0.000000 -1.574688 -1.221141 -1.547124
    5 17.848167 0.000000 0.000000 0.154663 0.096647 1.691900
    6 16.525238 0.000000 0.000000 -0.358342 -0.099768 -0.908607
    7 0.000000 3.345131 -2.981898 1.570793 0.086297 1.570793
    8 4.015370 0.000000 0.000000 0.003799 -0.045637 0.290528
    9 3.520298 0.000000 0.000000 -0.096200 0.097974 0.565142
    10 8.940987 0.000000 0.000000 0.000000 0.000000 0.194090
    11 3.306377 -0.000001 0.000000 3.141590 0.000000 0.400476
    12 3.594185 0.000000 0.000000 0.251794 -0.140202 0.270740
    13 2.036090 0.997452 1.937661 -0.998828 -1.182545 5.649403
    14 6.028141 0.000011 0.000000 -1.415437 0.320458 -0.413431
    15 11.692581 -0.000001 -0.000008 -0.205218 0.390778 -1.543956
    16 11.481684 0.000000 -0.000031 2.675261 -0.667881 -0.472108
    17 2.036090 0.997453 -1.937661 -0.183528 1.540768 4.441786
    18 6.028137 -0.000008 0.000000 1.691691 0.457362 -1.007376
    19 11.692554 0.000000 0.000019 0.091256 -0.079760 -0.389373
    20 11.481705 0.000000 0.000011 -1.440138 0.387376 -0.023720
    21 2.000004 -3.000000 0.000000 -1.570796 0.000000 -1.326450
    22 2.676084 -1.712437 0.000000 -1.570796 0.000000 -1.571118
    23 2.676081 -1.712433 0.000000 1.570790 -0.000001 1.570689
    24 6.879441 -0.000010 0.000000 -0.007299 -0.002951 -0.584373
    25 6.879432 -0.000013 0.000000 -0.081333 -0.002949 -0.584376
    26 3.859711 -0.142445 -1.191958 -0.260464 0.432901 -0.158969
    27 1.312550 0.000008 0.000004 0.002158 0.009418 -0.214363
    28 0.729370 0.000006 0.000000 0.001832 0.004628 0.134858
    29 3.942335 0.046738 -0.431422 -0.089658 0.146224 -0.231041
    30 1.539124 0.000015 -0.000015 0.000691 0.004411 -0.090238
    31 1.196327 0.000032 -0.000010 0.003627 0.006399 0.085253
    32 3.881363 -0.043152 0.427624 0.086557 -0.019071 -0.123168
    33 1.719578 -0.000004 0.000004 0.001728 0.005221 -0.047180
    34 1.209160 -0.000010 -0.000011 0.000764 0.002970 0.038040
    35 3.863464 -0.136498 1.332175 0.311208 -0.177648 -0.144330
    36 1.719427 0.000031 -0.000031 0.000847 0.003997 -0.152936
    37 1.099674 -0.000004 -0.000011 0.000967 0.002412 0.139736
    38 0.807566 -0.347147 1.320592 -1.675548 -0.781448 -0.114834
    39 1.789783 -0.000007 0.000004 -0.001375 0.007247 0.040676
    40 1.207018 0.000015 -0.000008 -0.003745 0.010616 0.023153
    41 11.481726 -0.000012 -0.000038 0.001269 0.000000 -0.000005
    42 3.859663 -0.132561 1.193130 0.254112 0.069240 -1.739313
    43 1.312580 -0.000006 0.000003 0.002335 -0.011708 -0.637669
    44 0.729366 -0.000008 -0.000001 0.005722 0.002169 -2.178392
    45 3.942284 0.050331 0.431063 0.102809 0.025741 -1.620330
    46 1.539131 -0.000004 0.000002 0.004492 -0.003742 -1.126373
    47 1.196323 0.000004 0.000005 0.008440 0.004681 -2.507915
    48 3.881350 -0.046456 -0.429353 -0.003391 -0.069010 -1.507091
    49 1.719599 0.000008 0.000010 0.005814 -0.005463 -1.184125
    50 1.209183 0.000010 0.000010 -0.095874 -0.024697 -2.209539
    51 3.863456 -0.147312 -1.329162 -0.177653 -0.057541 -1.547568
    52 1.719425 0.000011 0.000011 0.004566 -0.004791 -1.124530
    53 1.099663 0.000011 0.000010 0.003776 0.001811 -2.264350
    54 0.807570 -0.358068 -1.318047 1.256443 0.418353 -0.703112
    55 1.789780 -0.000011 0.000008 0.000649 -0.006265 0.125751
    56 1.207003 0.000001 -0.000008 -0.003954 -0.008760 0.787800
    57 11.481689 -0.000073 -0.000004 0.000155 0.000000 -0.000014
  time 49
    0 2.001623 65.697317 6.440933 0.846554 0.727877 -2.967305
    1 3.890447 0.000000 0.000000 -1.769238 -0.873830 -1.483325
    2 17.848156 0.000000 0.000000 -0.144734 0.207962 0.420109
    3 16.525240 0.000000 0.000000 -0.428970 -0.100508 -0.980930
    4 -3.890447 0.000000 0.000000 -1.600694 -1.273048 -1.533198
    5 17.848167 0.000000 0.000000 0.174702 0.112131 1.741680
    6 16.525238 0.000000 0.000000 -0.348970 -0.126871 -0.894128
    7 0.000000 3.345131 -2.981898 1.570793 0.086297 1.570793
    8 4.015370 0.000000 0.000000 0.028619 -0.058880 0.352066
    9 3.520298 0.000000 0.000000 -0.041347 0.083209 0.528289
    10 8.940987 0.000000 0.000000 0.000000 0.000000 0.194090
    11 3.306377 -0.000001 0.000000 3.141590 0.000000 0.400476
    12 3.594185 0.000000 0.000000 0.236625 -0.143382 0.256505
    13 2.036090 0.997452 1.937661 -0.941065 -1.165531 5.590705
    14 6.028141 0.000011 0.000000 -1.453541 0.273232 -0.432780
    15 11.692581 -0.000001 -0.000008 -0.173998 0.370318 -1.585333
    16 11.481684 0.000000 -0.000031 2.679301 -0.677301 -0.473729
    17 2.036090 0.997453 -1.937661 -0.107130 1.550955 4.518654
    18 6.028137 -0.000008 0.000000 1.727914 0.654165 -0.876122
    19 11.692554 0.000000 0.000019 0.132225 -0.060074 -0.424739
    20 11.481705 0.000000 0.000011 -1.390522 0.372786 0.029982
    21 2.000004 -3.000000 0.000000 -1.570796 0.000000 -1.326450
    22 2.676084 -1.712437 0.000000 -1.570796 0.000000 -1.571118
    23 2.676081 -1.712433 0.000000 1.570790 -0.000001 1.570689
    24 6.879441 -0.000010 0.000000 -0.007299 -0.002951 -0.584373
    25 6.879432 -0.000013 0.000000 -0.081333 -0.002949 -0.584376
    26 3.859711 -0.142445 -1.191958 -0.260464 0.432901 -0.158969
    27 1.312550 0.000008 0.000004 0.002158 0.009418 -0.214363
    28 0.729370 0.000006 0.000000 0.001832 0.004628 0.134858
    29 3.942335 0.046738 -0.431422 -0.089658 0.146224 -0.231041
    30 1.539124 0.000015 -0.000015 0.000691 0.004411 -0.090238
    31 1.196327 0.000032 -0.000010 0.003627 0.006399 0.085253
    32 3.881363 -0.043152 0.427624 0.086557 -0.019071 -0.123168
    33 1.719578 -0.000004 0.000004 0.001728 0.005221 -0.047180
    34 1.209160 -0.000010 -0.000011 0.000764 0.002970 0.038040
    35 3.863464 -0.136498 1.332175 0.311208 -0.177648 -0.144330
    36 1.719427 0.000031 -0.000031 0.000847 0.003997 -0.152936
    37 1.099674 -0.000004 -0.000011 0.000967 0.002412 0.139736
    38 0.807566 -0.347147 1.320592 -1.675548 -0.781448 -0.114834
    39 1.789783 -0.000007 0.000004 -0.001375 0.007247 0.040676
    40 1.207018 0.000015 -0.000008 -0.003745 0.010616 0.023153
    41 11.481726 -0.000012 -0.000038 0.001269 0.000000 -0.000005
    42 3.859663 -0.132561 1.193130 0.236684 0.066848 -1.802036
    43 1.312580 -0.000006 0.000003 0.002395 -0.011696 -0.642238
    44 0.729366 -0.000008 -0.000001 0.005434 0.002828 -2.294563
    45 3.942284 0.050331 0.431063 0.097452 0.029768 -1.673102
    46 1.539131 -0.000004 0.000002 0.004660 -0.003538 -1.171578
    47 1.196323 0.000004 0.000005 0.008009 0.005376 -2.593044
    48 3.881350 -0.046456 -0.429353 0.001474 -0.067620 -1.564861
    49 1.719599 0.000008 0.000010 0.006137 -0.005091 -1.246140
    50 1.209183 0.000010 0.000010 -0.100979 -0.030054 -2.286200
    51 3.863456 -0.147312 -1.329162 -0.172487 -0.052008 -1.604316
    52 1.719425 0.000011 0.000011 0.004746 -0.004611 -1.163082
    53 1.099663 0.000011 0.000010 0.003548 0.002231 -2.377589
    54 0.807570 -0.358068 -1.318047 1.254195 0.383334 -0.732198
    55 1.789780 -0.000011 0.000008 0.000649 -0.006265 0.125751
    56 1.207003 0.000001 -0.000008 -0.004805 -0.008328 0.886528
    57 11.481689 -0.000073 -0.000004 0.000155 0.000000 -0.000014
  time 50
    0 2.001623 65.697317 6.440933 0.884961 0.713957 -2.969595
    1 3.890447 0.000000 0.000000 -1.773741 -0.884630 -1.495950
    2 17.848156 0.000000 0.000000 -0.172277 0.203604 0.367865
    3 16.525240 0.000000 0.000000 -0.420671 -0.120795 -0.948721
    4 -3.890447 0.000000 0.000000 -1.645210 -1.322598 -1.500326
    5 17.848167 0.000000 0.000000 0.194741 0.128103 1.788570
    6 16.525238 0.000000 0.000000 -0.340897 -0.156135 -0.879592
    7 0.000000 3.345131 -2.981898 1.570793 0.086297 1.570793
    8 4.015370 0.000000 0.000000 0.052013 -0.073226 0.411134
    9 3.520298 0.000000 0.000000 0.015640 0.069942 0.485144
    10 8.940987 0.000000 0.000000 0.000000 0.000000 0.194090
    11 3.306377 -0.000001 0.000000 3.141590 0.000000 0.400476
    12 3.594185 0.000000 0.000000 0.221273 -0.145780 0.239677
    13 2.036090 0.997452 1.937661 -0.894987 -1.149997 5.539903
    14 6.028141 0.000011 0.000000 -1.482945 0.210224 -0.451603
    15 11.692581 -0.000001 -0.000008 -0.139228 0.358896 -1.608990
    16 11.481684 0.000000 -0.000031 2.677551 -0.687465 -0.474945
    17 2.036090 0.997453 -1.937661 0.091675 1.560147 4.717834
    18 6.028137 -0.000008 0.000000 1.765495 0.923820 -0.768514
    19 11.692554 0.000000 0.000019 0.157149 -0.039597 -0.332279
    20 11.481705 0.000000 0.000011 -1.345152 0.395782 0.098511
    21 2.000004 -3.000000 0.000000 -1.570796 0.000000 -1.326450
    22 2.676084 -1.712437 0.000000 -1.570796 0.000000 -1.571118
    23 2.676081 -1.712433 0.000000 1.570790 -0.000001 1.570689
    24 6.879441 -0.000010 0.000000 -0.007299 -0.002951 -0.584373
    25 6.879432 -0.000013 0.000000 -0.081333 -0.002949 -0.584376
    26 3.859711 -0.142445 -1.191958 -0.260464 0.432901 -0.158969
    27 1.312550 0.000008 0.000004 0.002158 0.009418 -0.214363
    28 0.729370 0.000006 0.000000 0.001832 0.004628 0.134931
    29 3.942335 0.046738 -0.431422 -0.089658 0.146224 -0.231041
    30 1.539124 0.000015 -0.000015 0.000691 0.004411 -0.090238
    31 1.196327 0.000032 -0.000010 0.003627 0.006399 0.085253
    32 3.881363 -0.043152 0.427624 0.086557 -0.019071 -0.123168
    33 1.719578 -0.000004 0.000004 0.001728 0.005221 -0.047180
    34 1.209160 -0.000010 -0.000011 0.000764 0.002970 0.038040
    35 3.863464 -0.136498 1.332175 0.311208 -0.177648 -0.144330
    36 1.719427 0.000031 -0.000031 0.000847 0.003997 -0.152936
    37 1.099674 -0.000004 -0.000011 0.000967 0.002412 0.139736
    38 0.807566 -0.347147 1.320592 -1.675548 -0.781448 -0.114834
    39 1.789783 -0.000007 0.000004 -0.001375 0.007247 0.040676
    40 1.207018 0.000015 -0.000008 -0.003745 0.010616 0.023153
    41 11.481726 -0.000012 -0.000038 0.001269 0.000000 -0.000005
    42 3.859663 -0.132561 1.193130 0.226178 0.064558 -1.839771
    43 1.312580 -0.000006 0.000003 0.002419 -0.011684 -0.644670
    44 0.729366 -0.000008 -0.000001 0.005231 0.003188 -2.363469
    45 3.942284 0.050331 0.431063 0.094072 0.032033 -1.705037
    46 1.539131 -0.000004 0.000002 0.004756 -0.003406 -1.199235
    47 1.196323 0.000004 0.000005 0.007721 0.005783 -2.644871
    48 3.881350 -0.046456 -0.429353 0.004434 -0.066661 -1.600059
    49 1.719599 0.000008 0.000010 0.006329 -0.004852 -1.284210
    50 1.209183 0.000010 0.000010 -0.103987 -0.033553 -2.332990
    51 3.863456 -0.147312 -1.329162 -0.169599 -0.048373 -1.639009
    52 1.719425 0.000011 0.000011 0.004853 -0.004503 -1.186451
    53 1.099663 0.000011 0.000010 0.003392 0.002470 -2.444963
    54 0.807570 -0.358068 -1.318047 1.252027 0.334765 -0.777596
    55 1.789780 -0.000011 0.000008 0.000649 -0.006265 0.125751
    56 1.207003 0.000001 -0.000008 -0.005775 -0.007681 1.007579
    57 11.481689 -0.000073 -0.000004 0.000155 0.000000 -0.000014
  time 51
    0 2.001623 65.693411 6.440933 0.918454 0.699780 -2.975702
    1 3.890447 0.000000 0.000000 -1.777383 -0.896304 -1.506279
    2 17.848156 0.000000 0.000000 -0.199267 0.195610 0.319378
    3 16.525240 0.000000 0.000000 -0.411397 -0.139678 -0.922828
    4 -3.890447 0.000000 0.000000 -1.715257 -1.368808 -1.440928
    5 17.848167 0.000000 0.000000 0.214427 0.143790 1.831239
    6 16.525238 0.000000 0.000000 -0.334442 -0.186478 -0.865229
    7 0.000000 3.345131 -2.981898 1.570793 0.086297 1.570793
    8 4.015370 0.000000 0.000000 0.073358 -0.087991 0.466212
    9 3.520298 0.000000 0.000000 0.072339 0.059168 0.438411
    10 8.940987 0.000000 0.000000 0.000000 0.000000 0.194090
    11 3.306377 -0.000001 0.000000 3.141590 0.000000 0.400476
    12 3.594185 0.000000 0.000000 0.206051 -0.147485 0.220392
    13 2.036090 0.997452 1.937661 -0.858521 -1.136320 5.496046
    14 6.028141 0.000011 0.000000 -1.505063 0.138231 -0.472956
    15 11.692581 -0.000001 -0.000008 -0.100175 0.354910 -1.614512
    16 11.481684 0.000000 -0.000031 2.670952 -0.696792 -0.478233
    17 2.036090 0.997453 -1.937661 1.041844 1.566403 5.668573
    18 6.028137 -0.000008 0.000000 1.843903 0.955784 -0.604863
    19 11.692554 0.000000 0.000019 0.182899 -0.021043 -0.659219
    20 11.481705 0.000000 0.000011 -1.349115 0.451915 0.197384
    21 2.000004 -3.000000 0.000000 -1.570796 0.000000 -1.326450
    22 2.676084 -1.712437 0.000000 -1.570796 0.000000 -1.571118
    23 2.676081 -1.712433 0.000000 1.570790 -0.000001 1.570689
    24 6.879441 -0.000010 0.000000 -0.007299 -0.002951 -0.584373
    25 6.879432 -0.000013 0.000000 -0.081333 -0.002949 -0.584376
    26 3.859711 -0.142445 -1.191958 -0.260464 0.432901 -0.158969
    27 1.312550 0.000008 0.000004 0.002158 0.009418 -0.214363
    28 0.729370 0.000006 0.000000 0.001832 0.004628 0.134858
    29 3.942335 0.046738 -0.431422 -0.089658 0.146224 -0.231041
    30 1.539124 0.000015 -0.000015 0.000691 0.004411 -0.090238
    31 1.196327 0.000032 -0.000010 0.003627 0.006399 0.085253
    32 3.881363 -0.043152 0.427624 0.086557 -0.019071 -0.123168
    33 1.719578 -0.000004 0.000004 0.001728 0.005221 -0.047180
    34 1.209160 -0.000010 -0.000011 0.000764 0.002970 0.038040
    35 3.863464 -0.136498 1.332175 0.311208 -0.177648 -0.144330
    36 1.719427 0.000031 -0.000031 0.000847 0.003997 -0.152936
    37 1.099674 -0.000004 -0.000011 0.000967 0.002412 0.139736
    38 0.807566 -0.347147 1.320592 -1.675548 -0.781448 -0.114834
    39 1.789783 -0.000007 0.000004 -0.001375 0.007247 0.040676
    40 1.207018 0.000015 -0.000008 -0.003745 0.010616 0.023153
    41 11.481726 -0.000012 -0.000038 0.001269 0.000000 -0.000005
    42 3.859663 -0.132561 1.193130 0.222655 0.063616 -1.852410
    43 1.312580 -0.000006 0.000003 0.002431 -0.011684 -0.645393
    44 0.729366 -0.000008 -0.000001 0.005147 0.003308 -2.386415
    45 3.942284 0.050331 0.431063 0.092910 0.032752 -1.715746
    46 1.539131 -0.000004 0.000002 0.004792 -0.003358 -1.208600
    47 1.196323 0.000004 0.000005 0.007625 0.005927 -2.662305
    48 3.881350 -0.046456 -0.429353 0.005429 -0.066326 -1.611929
    49 1.719599 0.000008 0.000010 0.006389 -0.004768 -1.297116
    50 1.209183 0.000010 0.000010 -0.104994 -0.034776 -2.348738
    51 3.863456 -0.147312 -1.329162 -0.168676 -0.047090 -1.650742
    52 1.719425 0.000011 0.000011 0.004889 -0.004467 -1.194317
    53 1.099663 0.000011 0.000010 0.003332 0.002542 -2.467489
    54 0.807570 -0.358068 -1.318047 1.251967 0.281922 -0.829022
    55 1.789780 -0.000011 0.000008 0.000649 -0.006265 0.125751
    56 1.207003 0.000001 -0.000008 -0.006746 -0.006842 1.141598
    57 11.481689 -0.000073 -0.000004 0.000155 0.000000 -0.000014
  time 52
    0 2.001623 65.693411 6.440933 0.946870 0.685389 -2.985722
    1 3.890447 0.000000 0.000000 -1.780449 -0.910919 -1.510295
    2 17.848156 0.000000 0.000000 -0.221464 0.185939 0.277892
    3 16.525240 0.000000 0.000000 -0.403148 -0.153129 -0.907252
    4 -3.890447 0.000000 0.000000 -1.824125 -1.410108 -1.341741
    5 17.848167 0.000000 0.000000 0.232259 0.158193 1.868351
    6 16.525238 0.000000 0.000000 -0.328717 -0.216012 -0.851239
    7 0.000000 3.345131 -2.981898 1.570793 0.086297 1.570793
    8 4.015370 0.000000 0.000000 0.092185 -0.102504 0.516034
    9 3.520298 0.000000 0.000000 0.126030 0.051366 0.391275
    10 8.940987 0.000000 0.000000 0.000000 0.000000 0.194090
    11 3.306377 -0.000001 0.000000 3.141590 0.000000 0.400476
    12 3.594185 0.000000 0.000000 0.191302 -0.148622 0.198904
    13 2.036090 0.997452 1.937661 -0.827990 -1.124044 5.457897
    14 6.028141 0.000011 0.000000 -1.518962 0.063684 -0.498896
    15 11.692581 -0.000001 -0.000008 -0.058268 0.355017 -1.602973
    16 11.481684 0.000000 -0.000031 2.662602 -0.704911 -0.487421
    17 2.036090 0.997453 -1.937661 -4.008049 1.562508 0.618980
    18 6.028137 -0.000008 0.000000 1.984380 1.027863 -0.356782
    19 11.692554 0.000000 0.000019 0.163159 0.049299 -0.866499
    20 11.481705 0.000000 0.000011 -1.389269 0.464147 0.160000
    21 2.000004 -3.000000 0.000000 -1.570796 0.000000 -1.326450
    22 2.676084 -1.712437 0.000000 -1.570796 0.000000 -1.571118
    23 2.676081 -1.712433 0.000000 1.570790 -0.000001 1.570689
    24 6.879441 -0.000010 0.000000 -0.007299 -0.002951 -0.584373
    25 6.879432 -0.000013 0.000000 -0.081333 -0.002949 -0.584376
    26 3.859711 -0.142445 -1.191958 -0.260464 0.432901 -0.158969
    27 1.312550 0.000008 0.000004 0.002158 0.009418 -0.214363
    28 0.729370 0.000006 0.000000 0.001832 0.004628 0.134858
    29 3.942335 0.046738 -0.431422 -0.089658 0.146224 -0.231041
    30 1.539124 0.000015 -0.000015 0.000691 0.004411 -0.090238
    31 1.196327 0.000032 -0.000010 0.003627 0.006399 0.085253
    32 3.881363 -0.043152 0.427624 0.086557 -0.019071 -0.123168
    33 1.719578 -0.000004 0.000004 0.001728 0.005221 -0.047180
    34 1.209160 -0.000010 -0.000011 0.000764 0.002970 0.038040
    35 3.863464 -0.136498 1.332175 0.311208 -0.177648 -0.144330
    36 1.719427 0.000031 -0.000031 0.000847 0.003997 -0.152936
    37 1.099674 -0.000004 -0.000011 0.000967 0.002412 0.139736
    38 0.807566 -0.347147 1.320592 -1.675548 -0.781448 -0.114834
    39 1.789783 -0.000007 0.000004 -0.001375 0.007247 0.040676
    40 1.207018 0.000015 -0.000008 -0.003745 0.010616 0.023153
    41 11.481726 -0.000012 -0.000038 0.001269 0.000000 -0.000005
    42 3.859663 -0.132561 1.193130 0.222655 0.063616 -1.852410
    43 1.312580 -0.000006 0.000003 0.002431 -0.011684 -0.645393
    44 0.729366 -0.000008 -0.000001 0.005147 0.003308 -2.386415
    45 3.942284 0.050331 0.431063 0.092910 0.032752 -1.715746
    46 1.539131 -0.000004 0.000002 0.004792 -0.003358 -1.208600
    47 1.196323 0.000004 0.000005 0.007625 0.005927 -2.662305
    48 3.881350 -0.046456 -0.429353 0.005429 -0.066326 -1.611929
    49 1.719599 0.000008 0.000010 0.006389 -0.004768 -1.297116
    50 1.209183 0.000010 0.000010 -0.104994 -0.034776 -2.348738
    51 3.863456 -0.147312 -1.329162 -0.168676 -0.047090 -1.650706
    52 1.719425 0.000011 0.000011 0.004889 -0.004467 -1.194317
    53 1.099663 0.000011 0.000010 0.003332 0.002542 -2.467489
    54 0.807570 -0.358068 -1.318047 1.253976 0.236517 -0.874108
    55 1.789780 -0.000011 0.000008 0.000649 -0.006265 0.125751
    56 1.207003 0.000001 -0.000008 -0.007921 -0.005440 1.332610
    57 11.481689 -0.000073 -0.000004 0.000155 0.000000 -0.000014
  time 53
    0 2.001623 65.693411 6.440933 0.969963 0.670912 -2.999749
    1 3.890447 0.000000 0.000000 -1.789264 -0.924983 -1.507139
    2 17.848156 0.000000 0.000000 -0.242415 0.175107 0.239132
    3 16.525240 0.000000 0.000000 -0.393673 -0.160645 -0.904994
    4 -3.890447 0.000000 0.000000 -1.987379 -1.445073 -1.186094
    5 17.848167 0.000000 0.000000 0.247354 0.170376 1.899389
    6 16.525238 0.000000 0.000000 -0.323684 -0.242968 -0.838027
    7 0.000000 3.345131 -2.981898 1.570793 0.086297 1.570793
    8 4.015370 0.000000 0.000000 0.108221 -0.116059 0.559606
    9 3.520298 0.000000 0.000000 0.174160 0.046404 0.346923
    10 8.940987 0.000000 0.000000 0.000000 0.000000 0.194090
    11 3.306377 -0.000001 0.000000 3.141590 0.000000 0.400476
    12 3.594185 0.000000 0.000000 0.177285 -0.149279 0.175524
    13 2.036090 0.997452 1.937661 -0.800758 -1.112398 5.423934
    14 6.028141 0.000011 0.000000 -1.524484 -0.006948 -0.529897
    15 11.692581 -0.000001 -0.000008 -0.014018 0.356903 -1.576844
    16 11.481684 0.000000 -0.000031 2.653624 -0.713278 -0.504175
    17 2.036090 0.997453 -1.937661 -3.756410 1.556012 0.870942
    18 6.028137 -0.000008 0.000000 2.079654 1.069995 -0.194224
    19 11.692554 0.000000 0.000019 0.119488 0.100266 -0.980052
    20 11.481705 0.000000 0.000011 -1.445274 0.461167 0.062946
    21 2.000004 -3.000000 0.000000 -1.570796 0.000000 -1.326450
    22 2.676084 -1.712437 0.000000 -1.570796 0.000000 -1.571118
    23 2.676081 -1.712433 0.000000 1.570790 -0.000001 1.570689
    24 6.879441 -0.000010 0.000000 -0.007299 -0.002951 -0.584373
    25 6.879432 -0.000013 0.000000 -0.081333 -0.002949 -0.584376
    26 3.859711 -0.142445 -1.191958 -0.260464 0.432901 -0.158969
    27 1.312550 0.000008 0.000004 0.002158 0.009418 -0.214363
    28 0.729370 0.000006 0.000000 0.001832 0.004628 0.134931
    29 3.942335 0.046738 -0.431422 -0.089658 0.146224 -0.231041
    30 1.539124 0.000015 -0.000015 0.000691 0.004411 -0.090238
    31 1.196327 0.000032 -0.000010 0.003627 0.006399 0.085253
    32 3.881363 -0.043152 0.427624 0.086557 -0.019071 -0.123168
    33 1.719578 -0.000004 0.000004 0.001728 0.005221 -0.047180
    34 1.209160 -0.000010 -0.000011 0.000764 0.002970 0.038040
    35 3.863464 -0.136498 1.332175 0.311208 -0.177648 -0.144330
    36 1.719427 0.000031 -0.000031 0.000847 0.003997 -0.152936
    37 1.099674 -0.000004 -0.000011 0.000967 0.002412 0.139736
    38 0.807566 -0.347147 1.320592 -1.675548 -0.781448 -0.114834
    39 1.789783 -0.000007 0.000004 -0.001375 0.007247 0.040676
    40 1.207018 0.000015 -0.000008 -0.003745 0.010616 0.023153
    41 11.481726 -0.000012 -0.000038 0.001269 0.000000 -0.000005
    42 3.859663 -0.132561 1.193130 0.222655 0.063616 -1.852410
    43 1.312580 -0.000006 0.000003 0.002431 -0.011684 -0.645393
    44 0.729366 -0.000008 -0.000001 0.005147 0.003308 -2.386415
    45 3.942284 0.050331 0.431063 0.092910 0.032752 -1.715746
    46 1.539131 -0.000004 0.000002 0.004792 -0.003358 -1.208600
    47 1.196323 0.000004 0.000005 0.007625 0.005927 -2.662305
    48 3.881350 -0.046456 -0.429353 0.005429 -0.066326 -1.611929
    49 1.719599 0.000008 0.000010 0.006389 -0.004768 -1.297116
    50 1.209183 0.000010 0.000010 -0.104994 -0.034776 -2.348738
    51 3.863456 -0.147312 -1.329162 -0.168676 -0.047090 -1.650706
    52 1.719425 0.000011 0.000011 0.004889 -0.004467 -1.194317
    53 1.099663 0.000011 0.000010 0.003332 0.002542 -2.467556
    54 0.807570 -0.358068 -1.318047 1.256344 0.207279 -0.903590
    55 1.789780 -0.000011 0.000008 0.000649 -0.006265 0.125751
    56 1.207003 0.000001 -0.000008 -0.008915 -0.003594 1.550293
    57 11.481689 -0.000073 -0.000004 0.000155 0.000000 -0.000014
  time 54
    0 2.001623 65.693411 6.440933 0.987488 0.656263 -3.017879
    1 3.890447 0.000000 0.000000 -1.806512 -0.935783 -1.497384
    2 17.848156 0.000000 0.000000 -0.265043 0.162806 0.199636
    3 16.525240 0.000000 0.000000 -0.383324 -0.164686 -0.918198
    4 -3.890447 0.000000 0.000000 -2.221915 -1.471591 -0.956838
    5 17.848167 0.000000 0.000000 0.258301 0.179462 1.922872
    6 16.525238 0.000000 0.000000 -0.318901 -0.265358 -0.825304
    7 0.000000 3.345131 -2.981898 1.570793 0.086297 1.570793
    8 4.015370 0.000000 0.000000 0.121332 -0.128031 0.596107
    9 3.520298 0.000000 0.000000 0.214728 0.043660 0.308059
    10 8.940987 0.000000 0.000000 0.000000 0.000000 0.194090
    11 3.306377 -0.000001 0.000000 3.141590 0.000000 0.400476
    12 3.594185 0.000000 0.000000 0.164186 -0.149581 0.150643
    13 2.036090 0.997452 1.937661 -0.760145 -1.107896 5.376747
    14 6.028141 0.000011 0.000000 -1.523392 -0.063652 -0.561478
    15 11.692581 -0.000001 -0.000008 0.029390 0.347865 -1.545027
    16 11.481684 0.000000 -0.000031 2.646217 -0.708506 -0.526650
    17 2.036090 0.997453 -1.937661 -3.669725 1.550176 0.957877
    18 6.028137 -0.000008 0.000000 2.111160 1.115431 -0.134952
    19 11.692554 0.000000 0.000019 0.081552 0.118481 -1.057049
    20 11.481705 0.000000 0.000011 -1.499823 0.465926 -0.016825
    21 2.000004 -3.000000 0.000000 -1.570796 0.000000 -1.326450
    22 2.676084 -1.712437 0.000000 -1.570796 0.000000 -1.571118
    23 2.676081 -1.712433 0.000000 1.570790 -0.000001 1.570689
    24 6.879441 -0.000010 0.000000 -0.007299 -0.002951 -0.584373
    25 6.879432 -0.000013 0.000000 -0.081333 -0.002949 -0.584376
    26 3.859711 -0.142445 -1.191958 -0.260464 0.432901 -0.158969
    27 1.312550 0.000008 0.000004 0.002158 0.009418 -0.214363
    28 0.729370 0.000006 0.000000 0.001832 0.004628 0.134858
    29 3.942335 0.046738 -0.431422 -0.089658 0.146224 -0.231041
    30 1.539124 0.000015 -0.000015 0.000691 0.004411 -0.090238
    31 1.196327 0.000032 -0.000010 0.003627 0.006399 0.085253
    32 3.881363 -0.043152 0.427624 0.086557 -0.019071 -0.123168
    33 1.719578 -0.000004 0.000004 0.001728 0.005221 -0.047180
    34 1.209160 -0.000010 -0.000011 0.000764 0.002970 0.038040
    35 3.863464 -0.136498 1.332175 0.311208 -0.177648 -0.144330
    36 1.719427 0.000031 -0.000031 0.000847 0.003997 -0.152936
    37 1.099674 -0.000004 -0.000011 0.000967 0.002412 0.139736
    38 0.807566 -0.347147 1.320592 -1.675548 -0.781448 -0.114834
    39 1.789783 -0.000007 0.000004 -0.001375 0.007247 0.040676
    40 1.207018 0.000015 -0.000008 -0.003745 0.010616 0.023153
    41 11.481726 -0.000012 -0.000038 0.001269 0.000000 -0.000005
    42 3.859663 -0.132561 1.193130 0.222655 0.063616 -1.852410
    43 1.312580 -0.000006 0.000003 0.002431 -0.011684 -0.645393
    44 0.729366 -0.000008 -0.000001 0.005147 0.003308 -2.386415
    45 3.942284 0.050331 0.431063 0.092910 0.032752 -1.715746
    46 1.539131 -0.000004 0.000002 0.004792 -0.003358 -1.208600
    47 1.196323 0.000004 0.000005 0.007625 0.005927 -2.662305
    48 3.881350 -0.046456 -0.429353 0.005429 -0.066326 -1.611929
    49 1.719599 0.000008 0.000010 0.006389 -0.004768 -1.297116
    50 1.209183 0.000010 0.000010 -0.104994 -0.034776 -2.348738
    51 3.863456 -0.147312 -1.329162 -0.168676 -0.047090 -1.650706
    52 1.719425 0.000011 0.000011 0.004889 -0.004467 -1.194317
    53 1.099663 0.000011 0.000010 0.003332 0.002542 -2.467489
    54 0.807570 -0.358068 -1.318047 1.257299 0.197522 -0.913537
    55 1.789780 -0.000011 0.000008 0.000649 -0.006265 0.125751
    56 1.207003 0.000001 -0.000008 -0.009191 -0.002827 1.635083
    57 11.481689 -0.000073 -0.000004 0.000155 0.000000 -0.000014
  time 55
    0 2.001623 65.693411 6.440933 0.999198 0.641358 -3.040113
    1 3.890447 0.000000 0.000000 -1.830562 -0.946032 -1.477109
    2 17.848156 0.000000 0.000000 -0.286161 0.153058 0.166771
    3 16.525240 0.000000 0.000000 -0.376385 -0.169202 -0.944577
    4 -3.890447 0.000000 0.000000 -2.524600 -1.488190 -0.656058
    5 17.848167 0.000000 0.000000 0.264392 0.184881 1.939020
    6 16.525238 0.000000 0.000000 -0.314349 -0.281806 -0.813388
    7 0.000000 3.345131 -2.981898 1.570793 0.086297 1.570793
    8 4.015370 0.000000 0.000000 0.131495 -0.137907 0.625029
    9 3.520298 0.000000 0.000000 0.246499 0.042270 0.276613
    10 8.940987 0.000000 0.000000 0.000000 0.000000 0.194090
    11 3.306377 -0.000001 0.000000 3.141590 0.000000 0.400476
    12 3.594185 0.000000 0.000000 0.152161 -0.149634 0.124591
    13 2.036090 0.997452 1.937661 -0.686835 -1.118284 5.295502
    14 6.028141 0.000011 0.000000 -1.525704 -0.099833 -0.577506
    15 11.692581 -0.000001 -0.000008 0.069724 0.331069 -1.518568
    16 11.481684 0.000000 -0.000031 2.634186 -0.689758 -0.546377
    17 2.036090 0.997453 -1.937661 -3.628019 1.545334 0.999840
    18 6.028137 -0.000008 0.000000 2.158741 1.190385 -0.080575
    19 11.692554 0.000000 0.000019 0.061371 0.109119 -1.115252
    20 11.481705 0.000000 0.000011 -1.549965 0.477803 -0.061668
    21 2.000004 -3.000000 0.000000 -1.570796 0.000000 -1.326450
    22 2.676084 -1.712437 0.000000 -1.570796 0.000000 -1.571118
    23 2.676081 -1.712433 0.000000 1.570790 -0.000001 1.570689
    24 6.879441 -0.000010 0.000000 -0.007299 -0.002951 -0.584373
    25 6.879432 -0.000013 0.000000 -0.081333 -0.002949 -0.584376
    26 3.859711 -0.142445 -1.191958 -0.260464 0.432901 -0.158969
    27 1.312550 0.000008 0.000004 0.002158 0.009418 -0.214363
    28 0.729370 0.000006 0.000000 0.001832 0.004628 0.134858
    29 3.942335 0.046738 -0.431422 -0.089658 0.146224 -0.231041
    30 1.539124 0.000015 -0.000015 0.000691 0.004411 -0.090238
    31 1.196327 0.000032 -0.000010 0.003627 0.006399 0.085253
    32 3.881363 -0.043152 0.427624 0.086557 -0.019071 -0.123168
    33 1.719578 -0.000004 0.000004 0.001728 0.005221 -0.047180
    34 1.209160 -0.000010 -0.000011 0.000764 0.002970 0.038040
    35 3.863464 -0.136498 1.332175 0.311208 -0.177648 -0.144330
    36 1.719427 0.000031 -0.000031 0.000847 0.003997 -0.152936
    37 1.099674 -0.000004 -0.000011 0.000967 0.002412 0.139736
    38 0.807566 -0.347147 1.320592 -1.675548 -0.781448 -0.114834
    39 1.789783 -0.000007 0.000004 -0.001375 0.007247 0.040676
    40 1.207018 0.000015 -0.000008 -0.003745 0.010616 0.023153
    41 11.481726 -0.000012 -0.000038 0.001269 0.000000 -0.000005
    42 3.859663 -0.132561 1.193130 0.222655 0.063616 -1.852410
    43 1.312580 -0.000006 0.000003 0.002431 -0.011684 -0.645393
    44 0.729366 -0.000008 -0.000001 0.005147 0.003308 -2.386415
    45 3.942284 0.050331 0.431063 0.092898 0.032752 -1.715746
    46 1.539131 -0.000004 0.000002 0.004792 -0.003358 -1.208600
    47 1.196323 0.000004 0.000005 0.007625 0.005915 -2.662373
    48 3.881350 -0.046456 -0.429353 0.005441 -0.066326 -1.611929
    49 1.719599 0.000008 0.000010 0.006389 -0.004768 -1.297116
    50 1.209183 0.000010 0.000010 -0.104994 -0.034776 -2.348738
    51 3.863456 -0.147312 -1.329162 -0.168676 -0.047090 -1.650706
    52 1.719425 0.000011 0.000011 0.004889 -0.004467 -1.194317
    53 1.099663 0.000011 0.000010 0.003332 0.002542 -2.467556
    54 0.807570 -0.358068 -1.318047 1.257299 0.197522 -0.913537
    55 1.789780 -0.000011 0.000008 0.000649 -0.006265 0.125751
    56 1.207003 0.000001 -0.000008 -0.009191 -0.002827 1.635083
    57 11.481689 -0.000073 -0.000004 0.000155 0.000000 -0.000014
  time 56
    0 2.001623 65.693411 6.440933 1.004603 0.626110 -3.066736
    1 3.890447 0.000000 0.000000 -1.867932 -0.957844 -1.436558
    2 17.848156 0.000000 0.000000 -0.303444 0.155095 0.150781
    3 16.525240 0.000000 0.000000 -0.371177 -0.175770 -0.979444
    4 -3.890447 0.000000 0.000000 -2.841712 -1.494869 -0.336805
    5 17.848167 0.000000 0.000000 0.265098 0.186389 1.947613
    6 16.525238 0.000000 0.000000 -0.310028 -0.291282 -0.801759
    7 0.000000 3.345131 -2.981898 1.570793 0.086297 1.570793
    8 4.015370 0.000000 0.000000 0.138722 -0.145277 0.645971
    9 3.520298 0.000000 0.000000 0.268946 0.041359 0.253745
    10 8.940987 0.000000 0.000000 0.000000 0.000000 0.194090
    11 3.306377 -0.000001 0.000000 3.141590 0.000000 0.400476
    12 3.594185 0.000000 0.000000 0.141262 -0.149528 0.097721
    13 2.036090 0.997452 1.937661 -0.579508 -1.140035 5.179723
    14 6.028141 0.000011 0.000000 -1.534403 -0.111866 -0.576188
    15 11.692581 -0.000001 -0.000008 0.105629 0.309363 -1.501506
    16 11.481684 0.000000 -0.000031 2.617217 -0.661869 -0.562050
    17 2.036090 0.997453 -1.937661 -3.605016 1.541679 1.022985
    18 6.028137 -0.000008 0.000000 2.179569 1.275679 -0.067449
    19 11.692554 0.000000 0.000019 0.040032 0.087651 -1.171156
    20 11.481705 0.000000 0.000011 -1.596507 0.473310 -0.071674
    21 2.000004 -3.000000 0.000000 -1.570796 0.000000 -1.326450
    22 2.676084 -1.712437 0.000000 -1.570796 0.000000 -1.571118
    23 2.676081 -1.712433 0.000000 1.570790 -0.000001 1.570689
    24 6.879441 -0.000010 0.000000 -0.007299 -0.002951 -0.584373
    25 6.879432 -0.000013 0.000000 -0.081333 -0.002949 -0.584376
    26 3.859711 -0.142445 -1.191958 -0.260464 0.432901 -0.158969
    27 1.312550 0.000008 0.000004 0.002158 0.009418 -0.214363
    28 0.729370 0.000006 0.000000 0.001832 0.004628 0.134931
    29 3.942335 0.046738 -0.431422 -0.089658 0.146224 -0.231041
    30 1.539124 0.000015 -0.000015 0.000691 0.004411 -0.090238
    31 1.196327 0.000032 -0.000010 0.003627 0.006399 0.085253
    32 3.881363 -0.043152 0.427624 0.086557 -0.019071 -0.123168
    33 1.719578 -0.000004 0.000004 0.001728 0.005221 -0.047180
    34 1.209160 -0.000010 -0.000011 0.000764 0.002970 0.038040
    35 3.863464 -0.136498 1.332175 0.311208 -0.177648 -0.144330
    36 1.719427 0.000031 -0.000031 0.000847 0.003997 -0.152936
    37 1.099674 -0.000004 -0.000011 0.000967 0.002412 0.139736
    38 0.807566 -0.347147 1.320592 -1.675548 -0.781448 -0.114834
    39 1.789783 -0.000007 0.000004 -0.001375 0.007247 0.040676
    40 1.207018 0.000015 -0.000008 -0.003745 0.010616 0.023153
    41 11.481726 -0.000012 -0.000038 0.001269 0.000000 -0.000005
    42 3.859663 -0.132561 1.193130 0.222655 0.063616 -1.852410
    43 1.312580 -0.000006 0.000003 0.002431 -0.011684 -0.645393
    44 0.729366 -0.000008 -0.000001 0.005147 0.003308 -2.386481
    45 3.942284 0.050331 0.431063 0.092898 0.032764 -1.715746
    46 1.539131 -0.000004 0.000002 0.004792 -0.003358 -1.208600
    47 1.196323 0.000004 0.000005 0.007625 0.005927 -2.662305
    48 3.881350 -0.046456 -0.429353 0.005441 -0.066326 -1.611929
    49 1.719599 0.000008 0.000010 0.006389 -0.004768 -1.297116
    50 1.209183 0.000010 0.000010 -0.104994 -0.034776 -2.348804
    51 3.863456 -0.147312 -1.329162 -0.168676 -0.047090 -1.650742
    52 1.719425 0.000011 0.000011 0.004889 -0.004467 -1.194317
    53 1.099663 0.000011 0.000010 0.003332 0.002542 -2.467556
    54 0.807570 -0.358068 -1.318047 1.257299 0.197522 -0.913537
    55 1.789780 -0.000011 0.000008 0.000649 -0.006265 0.125751
    56 1.207003 0.000001 -0.000008 -0.009191 -0.002827 1.635083
    57 11.481689 -0.000073 -0.000004 0.000155 0.000000 -0.000014
  time 57
    0 2.001623 65.693411 6.440933 1.003539 0.610177 -3.097843
    1 3.890447 0.000000 0.000000 -1.924849 -0.969839 -1.368177
    2 17.848156 0.000000 0.000000 -0.315669 0.176268 0.156455
    3 16.525240 0.000000 0.000000 -0.364659 -0.185290 -1.015912
    4 -3.890447 0.000000 0.000000 -3.096750 -1.494770 -0.075339
    5 17.848167 0.000000 0.000000 0.260287 0.183964 1.949095
    6 16.525238 0.000000 0.000000 -0.305831 -0.293516 -0.790562
    7 0.000000 3.345131 -2.981898 1.570793 0.086297 1.570793
    8 4.015370 0.000000 0.000000 0.143048 -0.149831 0.658659
    9 3.520298 0.000000 0.000000 0.282093 0.040304 0.239922
    10 8.940987 0.000000 0.000000 0.000000 0.000000 0.194090
    11 3.306377 -0.000001 0.000000 3.141590 0.000000 0.400476
    12 3.594185 0.000000 0.000000 0.131490 -0.149297 0.070324
    13 2.036090 0.997452 1.937661 -0.449755 -1.164508 5.041873
    14 6.028141 0.000011 0.000000 -1.547340 -0.098803 -0.564800
    15 11.692581 -0.000001 -0.000008 0.137141 0.285131 -1.492604
    16 11.481684 0.000000 -0.000031 2.597644 -0.632524 -0.576057
    17 2.036090 0.997453 -1.937661 -3.592298 1.539318 1.035781
    18 6.028137 -0.000008 0.000000 2.143497 1.344455 -0.097034
    19 11.692554 0.000000 0.000019 0.004246 0.067768 -1.233245
    20 11.481705 0.000000 0.000011 -1.625945 0.432923 -0.046514
    21 2.000004 -3.000000 0.000000 -1.570796 0.000000 -1.326450
    22 2.676084 -1.712437 0.000000 -1.570796 0.000000 -1.571118
    23 2.676081 -1.712433 0.000000 1.570790 -0.000001 1.570689
    24 6.879441 -0.000010 0.000000 -0.007299 -0.002951 -0.584373
    25 6.879432 -0.000013 0.000000 -0.081333 -0.002949 -0.584376
    26 3.859711 -0.142445 -1.191958 -0.260464 0.432901 -0.158969
    27 1.312550 0.000008 0.000004 0.002158 0.009418 -0.214363
    28 0.729370 0.000006 0.000000 0.001832 0.004628 0.134931
    29 3.942335 0.046738 -0.431422 -0.089658 0.146224 -0.231041
    30 1.539124 0.000015 -0.000015 0.000691 0.004411 -0.090238
    31 1.196327 0.000032 -0.000010 0.003627 0.006399 0.085253
    32 3.881363 -0.043152 0.427624 0.086557 -0.019071 -0.123168
    33 1.719578 -0.000004 0.000004 0.001728 0.005221 -0.047180
    34 1.209160 -0.000010 -0.000011 0.000764 0.002970 0.038040
    35 3.863464 -0.136498 1.332175 0.311208 -0.177648 -0.144330
    36 1.719427 0.000031 -0.000031 0.000847 0.003997 -0.152936
    37 1.099674 -0.000004 -0.000011 0.000967 0.002412 0.139736
    38 0.807566 -0.347147 1.320592 -1.675548 -0.781448 -0.114816
    39 1.789783 -0.000007 0.000004 -0.001375 0.007247 0.040676
    40 1.207018 0.000015 -0.000008 -0.003745 0.010616 0.023153
    41 11.481726 -0.000012 -0.000038 0.001269 0.000000 -0.000005
    42 3.859663 -0.132561 1.193130 0.222655 0.063616 -1.852410
    43 1.312580 -0.000006 0.000003 0.002431 -0.011684 -0.645393
    44 0.729366 -0.000008 -0.000001 0.005147 0.003308 -2.386415
    45 3.942284 0.050331 0.431063 0.092898 0.032764 -1.715746
    46 1.539131 -0.000004 0.000002 0.004792 -0.003358 -1.208600
    47 1.196323 0.000004 0.000005 0.007625 0.005927 -2.662305
    48 3.881350 -0.046456 -0.429353 0.005441 -0.066326 -1.611929
    49 1.719599 0.000008 0.000010 0.006389 -0.004768 -1.297116
    50 1.209183 0.000010 0.000010 -0.104994 -0.034776 -2.348738
    51 3.863456 -0.147312 -1.329162 -0.168676 -0.047090 -1.650706
    52 1.719425 0.000011 0.000011 0.004889 -0.004467 -1.194317
    53 1.099663 0.000011 0.000010 0.003332 0.002542 -2.467489
    54 0.807570 -0.358068 -1.318047 1.257299 0.197522 -0.913537
    55 1.789780 -0.000011 0.000008 0.000649 -0.006265 0.125751
    56 1.207003 0.000001 -0.000008 -0.009191 -0.002827 1.635083
    57 11.481689 -0.000073 -0.000004 0.000155 0.000000 -0.000014
  time 58
    0 2.001623 65.693411 6.440933 0.995431 0.593258 -3.133722
    1 3.890447 0.000000 0.000000 -1.999013 -0.977147 -1.274739
    2 17.848156 0.000000 0.000000 -0.323483 0.214049 0.179077
    3 16.525240 0.000000 0.000000 -0.356225 -0.196752 -1.046435
    4 -3.890447 0.000000 0.000000 -3.249184 -1.492069 0.087982
    5 17.848167 0.000000 0.000000 0.250047 0.177812 1.944132
    6 16.525238 0.000000 0.000000 -0.301439 -0.288533 -0.779710
    7 0.000000 3.345131 -2.981898 1.570793 0.086297 1.570793
    8 4.015370 0.000000 0.000000 0.144498 -0.151377 0.662923
    9 3.520298 0.000000 0.000000 0.286288 0.038722 0.235158
    10 8.940987 0.000000 0.000000 0.000000 0.000000 0.194090
    11 3.306377 -0.000001 0.000000 3.141590 0.000000 0.400476
    12 3.594185 0.000000 0.000000 0.125124 -0.147965 0.029843
    13 2.036090 0.997452 1.937661 -0.316609 -1.184827 4.901835
    14 6.028141 0.000011 0.000000 -1.560373 -0.062292 -0.552146
    15 11.692581 -0.000001 -0.000008 0.164811 0.260365 -1.488236
    16 11.481684 0.000000 -0.000031 2.577848 -0.608726 -0.590695
    17 2.036090 0.997453 -1.937661 -3.586781 1.538407 1.041238
    18 6.028137 -0.000008 0.000000 2.065995 1.390792 -0.144171
    19 11.692554 0.000000 0.000019 -0.052714 0.059424 -1.295493
    20 11.481705 0.000000 0.000011 -1.636419 0.338359 -0.001908
    21 2.000004 -3.000000 0.000000 -1.570796 0.000000 -1.326450
    22 2.676084 -1.712437 0.000000 -1.570796 0.000000 -1.571118
    23 2.676081 -1.712433 0.000000 1.570790 -0.000001 1.570689
    24 6.879441 -0.000010 0.000000 -0.007299 -0.002951 -0.584373
    25 6.879432 -0.000013 0.000000 -0.081333 -0.002949 -0.584376
    26 3.859711 -0.142445 -1.191958 -0.260464 0.432901 -0.158969
    27 1.312550 0.000008 0.000004 0.002158 0.009418 -0.214363
    28 0.729370 0.000006 0.000000 0.001832 0.004628 0.134858
    29 3.942335 0.046738 -0.431422 -0.089658 0.146224 -0.231041
    30 1.539124 0.000015 -0.000015 0.000691 0.004411 -0.090238
    31 1.196327 0.000032 -0.000010 0.003627 0.006399 0.085253
    32 3.881363 -0.043152 0.427624 0.086557 -0.019071 -0.123168
    33 1.719578 -0.000004 0.000004 0.001728 0.005221 -0.047180
    34 1.209160 -0.000010 -0.000011 0.000764 0.002970 0.038040
    35 3.863464 -0.136498 1.332175 0.311208 -0.177648 -0.144330
    36 1.719427 0.000031 -0.000031 0.000847 0.003997 -0.152936
    37 1.099674 -0.000004 -0.000011 0.000967 0.002412 0.139736
    38 0.807566 -0.347147 1.320592 -1.675548 -0.781448 -0.114834
    39 1.789783 -0.000007 0.000004 -0.001375 0.007247 0.040676
    40 1.207018 0.000015 -0.000008 -0.003745 0.010616 0.023153
    41 11.481726 -0.000012 -0.000038 0.001269 0.000000 -0.000005
    42 3.859663 -0.132561 1.193130 0.222655 0.063616 -1.852410
    43 1.312580 -0.000006 0.000003 0.002431 -0.011684 -0.645393
    44 0.729366 -0.000008 -0.000001 0.005147 0.003308 -2.386481
    45 3.942284 0.050331 0.431063 0.092898 0.032776 -1.715746
    46 1.539131 -0.000004 0.000002 0.004792 -0.003358 -1.208600
    47 1.196323 0.000004 0.000005 0.007625 0.005927 -2.662305
    48 3.881350 -0.046456 -0.429353 0.005441 -0.066338 -1.611929
    49 1.719599 0.000008 0.000010 0.006389 -0.004768 -1.297116
    50 1.209183 0.000010 0.000010 -0.104994 -0.034776 -2.348738
    51 3.863456 -0.147312 -1.329162 -0.168676 -0.047090 -1.650742
    52 1.719425 0.000011 0.000011 0.004889 -0.004467 -1.194317
    53 1.099663 0.000011 0.000010 0.003332 0.002542 -2.467489
    54 0.807570 -0.358068 -1.318047 1.257299 0.197522 -0.913537
    55 1.789780 -0.000011 0.000008 0.000649 -0.006265 0.125751
    56 1.207003 0.000001 -0.000008 -0.009191 -0.002827 1.635083
    57 11.481689 -0.000073 -0.000004 0.000155 0.000000 -0.000014
  time 59
    0 2.001623 65.955138 6.554218 0.974631 0.570900 -3.183342
    1 3.890447 0.000000 0.000000 -2.169476 -0.979996 -1.054867
    2 17.848156 0.000000 0.000000 -0.304115 0.345031 0.297125
    3 16.525240 0.000000 0.000000 -0.327530 -0.224508 -1.101508
    4 -3.890447 0.000000 0.000000 -3.353401 -1.499092 0.210757
    5 17.848167 0.000000 0.000000 0.221268 0.152326 1.947095
    6 16.525238 0.000000 0.000000 -0.284332 -0.263737 -0.777206
    7 0.000000 3.345131 -2.981898 1.570793 0.086297 1.570793
    8 4.015370 0.000000 0.000000 0.142185 -0.149364 0.661720
    9 3.520298 0.000000 0.000000 0.282561 0.036601 0.236349
    10 8.940987 0.000000 0.000000 0.000000 0.000000 0.194090
    11 3.306377 -0.000001 0.000000 3.141590 0.000000 0.392662
    12 3.594185 0.000000 0.000000 0.122897 -0.145176 -0.027875
    13 2.036090 0.997452 1.937661 -0.159623 -1.207270 4.737537
    14 6.028141 0.000011 0.000000 -1.567788 0.017942 -0.526417
    15 11.692581 -0.000001 -0.000008 0.160090 0.229585 -1.480900
    16 11.481684 0.000000 -0.000031 2.510646 -0.590257 -0.562185
    17 2.036090 0.997453 -1.937661 -3.500844 1.539414 1.127044
    18 6.028137 -0.000008 0.000000 1.776060 1.393967 -0.355219
    19 11.692554 0.000000 0.000019 -0.162828 0.062253 -1.431962
    20 11.481705 0.000000 0.000011 -1.621134 0.094879 0.102732
    21 2.000004 -3.000000 0.000000 -1.570796 0.000000 -1.326450
    22 2.676084 -1.712437 0.000000 -1.570796 0.000000 -1.571118
    23 2.676081 -1.712433 0.000000 1.570790 -0.000001 1.570689
    24 6.879441 -0.000010 0.000000 -0.007299 -0.002951 -0.584373
    25 6.879432 -0.000013 0.000000 -0.081333 -0.002949 -0.584376
    26 3.859711 -0.142445 -1.191958 -0.208717 0.458773 -0.039119
    27 1.312550 0.000008 0.000004 0.002134 0.009430 -0.216596
    28 0.729370 0.000006 0.000000 0.001916 0.004605 0.151644
    29 3.942335 0.046738 -0.431422 -0.073611 0.154877 -0.124180
    30 1.539124 0.000015 -0.000015 0.000691 0.004411 -0.091770
    31 1.196327 0.000032 -0.000010 0.003783 0.006315 0.109711
    32 3.881363 -0.043152 0.427624 0.085071 -0.024907 -0.055335
    33 1.719578 -0.000004 0.000004 0.001704 0.005233 -0.050321
    34 1.209160 -0.000010 -0.000011 0.000824 0.002958 0.055611
    35 3.863464 -0.136498 1.332175 0.300086 -0.196212 -0.084470
    36 1.719427 0.000031 -0.000031 0.000823 0.004009 -0.158693
    37 1.099674 -0.000004 -0.000011 0.001003 0.002388 0.156702
    38 0.807566 -0.347147 1.320592 -1.665214 -0.779918 -0.128228
    39 1.789783 -0.000007 0.000004 -0.001363 0.007259 0.042512
    40 1.207018 0.000015 -0.000008 -0.003985 0.010533 0.000679
    41 11.481726 -0.000012 -0.000038 0.001269 0.000000 -0.000005
    42 3.859663 -0.132561 1.193130 0.222655 0.063616 -1.852410
    43 1.312580 -0.000006 0.000003 0.002431 -0.011684 -0.645393
    44 0.729366 -0.000008 -0.000001 0.005147 0.003308 -2.386415
    45 3.942284 0.050331 0.431063 0.092886 0.032776 -1.715746
    46 1.539131 -0.000004 0.000002 0.004792 -0.003358 -1.208600
    47 1.196323 0.000004 0.000005 0.007625 0.005927 -2.662305
    48 3.881350 -0.046456 -0.429353 0.005441 -0.066338 -1.611929
    49 1.719599 0.000008 0.000010 0.006389 -0.004768 -1.297116
    50 1.209183 0.000010 0.000010 -0.104994 -0.034776 -2.348738
    51 3.863456 -0.147312 -1.329162 -0.168676 -0.047090 -1.650706
    52 1.719425 0.000011 0.000011 0.004889 -0.004467 -1.194317
    53 1.099663 0.000011 0.000010 0.003332 0.002542 -2.467489
    54 0.807570 -0.358068 -1.318047 1.257299 0.197522 -0.913537
    55 1.789780 -0.000011 0.000008 0.000649 -0.006265 0.125751
    56 1.207003 0.000001 -0.000008 -0.009191 -0.002827 1.635083
    57 11.481689 -0.000073 -0.000004 0.000155 0.000000 -0.000014
  time 60
    0 2.001623 66.779382 6.933136 0.937944 0.537021 -3.253668
    1 3.890447 0.000000 0.000000 -2.399825 -0.949617 -0.738400
    2 17.848156 0.000000 0.000000 -0.225467 0.523413 0.528946
    3 16.525240 0.000000 0.000000 -0.303456 -0.259431 -1.154723
    4 -3.890447 0.000000 0.000000 -3.412723 -1.525316 0.298101
    5 17.848167 0.000000 0.000000 0.164947 0.097422 1.974355
    6 16.525238 0.000000 0.000000 -0.245390 -0.211446 -0.796261
    7 0.000000 3.345131 -2.981898 1.570793 0.086297 1.570793
    8 4.015370 0.000000 0.000000 0.135174 -0.143276 0.658110
    9 3.520298 0.000000 0.000000 0.271571 0.034108 0.240614
    10 8.940987 0.000000 0.000000 0.000000 0.000000 0.194090
    11 3.306377 -0.000001 0.000000 3.141590 0.000000 0.369532
    12 3.594185 0.000000 0.000000 0.119675 -0.143293 -0.076175
    13 2.036090 0.997452 1.937661 0.065113 -1.233412 4.503981
    14 6.028141 0.000011 0.000000 -1.566119 0.160649 -0.484133
    15 11.692581 -0.000001 -0.000008 0.108813 0.181512 -1.453534
    16 11.481684 0.000000 -0.000031 2.372022 -0.586817 -0.465577
    17 2.036090 0.997453 -1.937661 -3.217504 1.541187 1.409960
    18 6.028137 -0.000008 0.000000 1.410699 1.277782 -0.670386
    19 11.692554 0.000000 0.000019 -0.287389 0.063243 -1.670010
    20 11.481705 0.000000 0.000011 -1.639128 -0.144599 0.198948
    21 2.000004 -3.000000 0.000000 -1.570796 0.000000 -1.326450
    22 2.676084 -1.712437 0.000000 -1.570796 0.000000 -1.571118
    23 2.676081 -1.712433 0.000000 1.570790 -0.000001 1.570689
    24 6.879441 -0.000010 0.000000 -0.007299 -0.002951 -0.584373
    25 6.879432 -0.000013 0.000000 -0.081333 -0.002949 -0.584376
    26 3.859711 -0.142445 -1.191958 -0.085491 0.494185 0.228244
    27 1.312550 0.000008 0.000004 0.002074 0.009442 -0.223266
    28 0.729370 0.000006 0.000000 0.002131 0.004497 0.200397
    29 3.942335 0.046738 -0.431422 -0.035236 0.167725 0.113651
    30 1.539124 0.000015 -0.000015 0.000667 0.004423 -0.096461
    31 1.196327 0.000032 -0.000010 0.004214 0.006028 0.181028
    32 3.881363 -0.043152 0.427624 0.079702 -0.038797 0.112604
    33 1.719578 -0.000004 0.000004 0.001656 0.005245 -0.059744
    34 1.209160 -0.000010 -0.000011 0.000968 0.002910 0.106904
    35 3.863464 -0.136498 1.332175 0.267129 -0.239596 0.067673
    36 1.719427 0.000031 -0.000031 0.000751 0.004021 -0.175917
    37 1.099674 -0.000004 -0.000011 0.001123 0.002340 0.206146
    38 0.807566 -0.347147 1.320592 -1.622302 -0.776296 -0.186051
    39 1.789783 -0.000007 0.000004 -0.001316 0.007259 0.048078
    40 1.207018 0.000015 -0.000008 -0.004668 0.010245 -0.064973
    41 11.481726 -0.000012 -0.000038 0.001269 0.000000 -0.000005
    42 3.859663 -0.132561 1.193130 0.222655 0.063616 -1.852410
    43 1.312580 -0.000006 0.000003 0.002431 -0.011684 -0.645393
    44 0.729366 -0.000008 -0.000001 0.005147 0.003308 -2.386415
    45 3.942284 0.050331 0.431063 0.092886 0.032800 -1.715746
    46 1.539131 -0.000004 0.000002 0.004792 -0.003358 -1.208600
    47 1.196323 0.000004 0.000005 0.007625 0.005927 -2.662373
    48 3.881350 -0.046456 -0.429353 0.005441 -0.066350 -1.611929
    49 1.719599 0.000008 0.000010 0.006389 -0.004768 -1.297116
    50 1.209183 0.000010 0.000010 -0.104994 -0.034776 -2.348804
    51 3.863456 -0.147312 -1.329162 -0.168676 -0.047090 -1.650706
    52 1.719425 0.000011 0.000011 0.004889 -0.004467 -1.194317
    53 1.099663 0.000011 0.000010 0.003332 0.002542 -2.467556
    54 0.807570 -0.358068 -1.318047 1.257299 0.197522 -0.913537
    55 1.789780 -0.000011 0.000008 0.000649 -0.006265 0.125751
    56 1.207003 0.000001 -0.000008 -0.009191 -0.002827 1.635083
    57 11.481689 -0.000073 -0.000004 0.000155 0.000000 -0.000014
  time 61
    0 2.001623 68.142704 7.593312 0.892167 0.489820 -3.337736
    1 3.890447 0.000000 0.000000 -2.579295 -0.888353 -0.441922
    2 17.848156 0.000000 0.000000 -0.078456 0.648645 0.848161
    3 16.525240 0.000000 0.000000 -0.323028 -0.283476 -1.172900
    4 -3.890447 0.000000 0.000000 -1.742972 -1.557334 -1.342594
    5 17.848167 0.000000 0.000000 0.085938 0.024773 2.025172
    6 16.525238 0.000000 0.000000 -0.189874 -0.143639 -0.843151
    7 0.000000 3.345131 -2.981898 1.570793 0.086297 1.570793
    8 4.015370 0.000000 0.000000 0.123477 -0.133185 0.652009
    9 3.520298 0.000000 0.000000 0.253318 0.031340 0.248065
    10 8.940987 0.000000 0.000000 0.000000 0.000000 0.194090
    11 3.306377 -0.000001 0.000000 3.141590 0.000000 0.334273
    12 3.594185 0.000000 0.000000 0.111108 -0.144572 -0.092887
    13 2.036090 0.997452 1.937661 0.355244 -1.249372 4.204022
    14 6.028141 0.000011 0.000000 -1.549940 0.348563 -0.453026
    15 11.692581 -0.000001 -0.000008 0.041907 0.108352 -1.384214
    16 11.481684 0.000000 -0.000031 2.200358 -0.574639 -0.354286
    17 2.036090 0.997453 -1.937661 -2.745833 1.538659 1.880767
    18 6.028137 -0.000008 0.000000 1.371797 1.094451 -0.704241
    19 11.692554 0.000000 0.000019 -0.341481 0.064148 -1.857863
    20 11.481705 0.000000 0.000011 -1.674025 -0.186054 0.219451
    21 2.000004 -3.000000 0.000000 -1.570796 0.000000 -1.326450
    22 2.676084 -1.712437 0.000000 -1.570796 0.000000 -1.571118
    23 2.676081 -1.712433 0.000000 1.570790 -0.000001 1.570689
    24 6.879441 -0.000010 0.000000 -0.007299 -0.002951 -0.584373
    25 6.879432 -0.000013 0.000000 -0.081333 -0.002949 -0.584376
    26 3.859711 -0.142445 -1.191958 -0.024931 0.500362 0.355067
    27 1.312550 0.000008 0.000004 0.001966 0.009466 -0.234373
    28 0.729370 0.000006 0.000000 0.002443 0.004341 0.270607
    29 3.942335 0.046738 -0.431422 -0.014443 0.170745 0.236964
    30 1.539124 0.000015 -0.000015 0.000631 0.004423 -0.104217
    31 1.196327 0.000032 -0.000010 0.004814 0.005560 0.284041
    32 3.881363 -0.043152 0.427624 0.073782 -0.049140 0.247085
    33 1.719578 -0.000004 0.000004 0.001572 0.005269 -0.075502
    34 1.209160 -0.000010 -0.000011 0.001183 0.002826 0.180701
    35 3.863464 -0.136498 1.332175 0.234411 -0.271655 0.196847
    36 1.719427 0.000031 -0.000031 0.000643 0.004033 -0.203663
    37 1.099674 -0.000004 -0.000011 0.001290 0.002256 0.277403
    38 0.807566 -0.347147 1.320592 -1.547845 -0.770827 -0.289504
    39 1.789783 -0.000007 0.000004 -0.001256 0.007271 0.057354
    40 1.207018 0.000015 -0.000008 -0.005615 0.009754 -0.159627
    41 11.481726 -0.000012 -0.000038 0.001269 0.000000 -0.000005
    42 3.859663 -0.132561 1.193130 0.222655 0.063616 -1.852410
    43 1.312580 -0.000006 0.000003 0.002431 -0.011684 -0.645393
    44 0.729366 -0.000008 -0.000001 0.005147 0.003308 -2.386415
    45 3.942284 0.050331 0.431063 0.092874 0.032812 -1.715746
    46 1.539131 -0.000004 0.000002 0.004792 -0.003358 -1.208600
    47 1.196323 0.000004 0.000005 0.007625 0.005915 -2.662305
    48 3.881350 -0.046456 -0.429353 0.005453 -0.066362 -1.611929
    49 1.719599 0.000008 0.000010 0.006389 -0.004768 -1.297116
    50 1.209183 0.000010 0.000010 -0.104994 -0.034776 -2.348738
    51 3.863456 -0.147312 -1.329162 -0.168676 -0.047090 -1.650706
    52 1.719425 0.000011 0.000011 0.004889 -0.004467 -1.194317
    53 1.099663 0.000011 0.000010 0.003332 0.002542 -2.467489
    54 0.807570 -0.358068 -1.318047 1.257299 0.197522 -0.913537
    55 1.789780 -0.000011 0.000008 0.000649 -0.006265 0.125751
    56 1.207003 0.000001 -0.000008 -0.009191 -0.002827 1.635083
    57 11.481689 -0.000073 -0.000004 0.000155 0.000000 -0.000014
  time 62
    0 2.001623 69.904477 8.519122 0.848274 0.431098 -3.423139
    1 3.890447 0.000000 0.000000 -2.673390 -0.826906 -0.209139
    2 17.848156 0.000000 0.000000 0.098327 0.682248 1.202893
    3 16.525240 0.000000 0.000000 -0.388649 -0.276024 -1.151865
    4 -3.890447 0.000000 0.000000 -0.972260 -1.484507 -2.097907
    5 17.848167 0.000000 0.000000 -0.008960 -0.049689 2.091397
    6 16.525238 0.000000 0.000000 -0.126036 -0.078139 -0.918365
    7 0.000000 3.345131 -2.981898 1.570793 0.086297 1.570793
    8 4.015370 0.000000 0.000000 0.107238 -0.119379 0.643395
    9 3.520298 0.000000 0.000000 0.228163 0.028475 0.258750
    10 8.940987 0.000000 0.000000 0.000000 0.000000 0.194090
    11 3.306377 -0.000001 0.000000 3.141590 0.000000 0.294257
    12 3.594185 0.000000 0.000000 0.095022 -0.149261 -0.091385
    13 2.036090 0.997452 1.937661 0.656589 -1.245468 3.892646
    14 6.028141 0.000011 0.000000 -1.519380 0.521270 -0.436471
    15 11.692581 -0.000001 -0.000008 -0.006222 0.050422 -1.219527
    16 11.481684 0.000000 -0.000031 2.017562 -0.562585 -0.303121
    17 2.036090 0.997453 -1.937661 -2.310725 1.526698 2.314785
    18 6.028137 -0.000008 0.000000 1.520688 0.894945 -0.549444
    19 11.692554 0.000000 0.000019 -0.316117 0.094751 -1.911626
    20 11.481705 0.000000 0.000011 -1.649561 -0.092380 0.178483
    21 2.000004 -3.000000 0.000000 -1.570796 0.000000 -1.326450
    22 2.676084 -1.712437 0.000000 -1.570796 0.000000 -1.571118
    23 2.676081 -1.712433 0.000000 1.570790 -0.000001 1.570689
    24 6.879441 -0.000010 0.000000 -0.007299 -0.002951 -0.584373
    25 6.879432 -0.000013 0.000000 -0.081333 -0.002949 -0.584376
    26 3.859711 -0.142445 -1.191958 -0.035503 0.499778 0.333019
    27 1.312550 0.000008 0.000004 0.001823 0.009490 -0.249692
    28 0.729370 0.000006 0.000000 0.002743 0.004161 0.340817
    29 3.942335 0.046738 -0.431422 -0.011998 0.170937 0.251364
    30 1.539124 0.000015 -0.000015 0.000583 0.004435 -0.114942
    31 1.196327 0.000032 -0.000010 0.005365 0.005033 0.386978
    32 3.881363 -0.043152 0.427624 0.069695 -0.054785 0.325685
    33 1.719578 -0.000004 0.000004 0.001464 0.005305 -0.097223
    34 1.209160 -0.000010 -0.000011 0.001387 0.002742 0.254566
    35 3.863464 -0.136498 1.332175 0.209878 -0.290830 0.285170
    36 1.719427 0.000031 -0.000031 0.000499 0.004057 -0.238954
    37 1.099674 -0.000004 -0.000011 0.001446 0.002148 0.348660
    38 0.807566 -0.347147 1.320592 -1.415927 -0.752066 -0.477252
    39 1.789783 -0.000007 0.000004 -0.001160 0.007283 0.070128
    40 1.207018 0.000015 -0.000008 -0.006514 0.009178 -0.254282
    41 11.481726 -0.000012 -0.000038 0.001269 0.000000 -0.000005
    42 3.859663 -0.132561 1.193130 0.227723 0.062428 -1.837719
    43 1.312580 -0.000006 0.000003 0.002395 -0.011696 -0.642238
    44 0.729366 -0.000008 -0.000001 0.005243 0.003164 -2.359219
    45 3.942284 0.050331 0.431063 0.094516 0.031601 -1.702230
    46 1.539131 -0.000004 0.000002 0.004744 -0.003430 -1.194378
    47 1.196323 0.000004 0.000005 0.007781 0.005711 -2.634519
    48 3.881350 -0.046456 -0.429353 0.003907 -0.066458 -1.596800
    49 1.719599 0.000008 0.000010 0.006329 -0.004852 -1.283317
    50 1.209183 0.000010 0.000010 -0.104599 -0.033122 -2.321667
    51 3.863456 -0.147312 -1.329162 -0.171804 -0.047478 -1.634337
    52 1.719425 0.000011 0.000011 0.004829 -0.004527 -1.181924
    53 1.099663 0.000011 0.000010 0.003404 0.002446 -2.439738
    54 0.807570 -0.358068 -1.318047 1.254633 0.213773 -0.909271
    55 1.789780 -0.000011 0.000008 0.000649 -0.006265 0.125751
    56 1.207003 0.000001 -0.000008 -0.009131 -0.002995 1.616798
    57 11.481689 -0.000073 -0.000004 0.000155 0.000000 -0.000014
  time 63
    0 2.001623 71.822504 9.620718 0.816254 0.367237 -3.497855
    1 3.890447 0.000000 0.000000 -2.689392 -0.799422 -0.051336
    2 17.848156 0.000000 0.000000 0.236446 0.634022 1.508697
    3 16.525240 0.000000 0.000000 -0.478027 -0.225234 -1.107138
    4 -3.890447 0.000000 0.000000 -1.029399 -1.385161 -2.046845
    5 17.848167 0.000000 0.000000 -0.104918 -0.107852 2.158584
    6 16.525238 0.000000 0.000000 -0.065452 -0.033090 -1.013728
    7 0.000000 3.345131 -2.981898 1.570793 0.086297 1.570793
    8 4.015370 0.000000 0.000000 0.086900 -0.102384 0.632376
    9 3.520298 0.000000 0.000000 0.196811 0.025803 0.272542
    10 8.940987 0.000000 0.000000 0.000000 0.000000 0.194090
    11 3.306377 -0.000001 0.000000 3.141590 0.000000 0.258998
    12 3.594185 0.000000 0.000000 0.073277 -0.156278 -0.088187
    13 2.036090 0.997452 1.937661 0.899512 -1.228659 3.640634
    14 6.028141 0.000011 0.000000 -1.505127 0.623262 -0.466523
    15 11.692581 -0.000001 -0.000008 -0.049667 0.016155 -0.948016
    16 11.481684 0.000000 -0.000031 1.837369 -0.525493 -0.293303
    17 2.036090 0.997453 -1.937661 -2.047210 1.505881 2.576814
    18 6.028137 -0.000008 0.000000 1.674938 0.780347 -0.410169
    19 11.692554 0.000000 0.000019 -0.225742 0.135790 -1.755650
    20 11.481705 0.000000 0.000011 -1.584053 0.043105 0.113738
    21 2.000004 -3.000000 0.000000 -1.570796 0.000000 -1.326450
    22 2.676084 -1.712437 0.000000 -1.570796 0.000000 -1.571118
    23 2.676081 -1.712433 0.000000 1.570790 -0.000001 1.570689
    24 6.879441 -0.000010 0.000000 -0.007299 -0.002951 -0.584373
    25 6.879432 -0.000013 0.000000 -0.081333 -0.002949 -0.584376
    26 3.859711 -0.142445 -1.191958 -0.071501 0.496234 0.257679
    27 1.312550 0.000008 0.000004 0.001643 0.009526 -0.268769
    28 0.729370 0.000006 0.000000 0.002934 0.004017 0.389570
    29 3.942335 0.046738 -0.431422 -0.011063 0.170996 0.256870
    30 1.539124 0.000015 -0.000015 0.000523 0.004435 -0.128299
    31 1.196327 0.000032 -0.000010 0.005701 0.004637 0.458295
    32 3.881363 -0.043152 0.427624 0.066915 -0.058165 0.375058
    33 1.719578 -0.000004 0.000004 0.001320 0.005341 -0.124214
    34 1.209160 -0.000010 -0.000011 0.001531 0.002670 0.305860
    35 3.863464 -0.136498 1.332175 0.190200 -0.303858 0.352334
    36 1.719427 0.000031 -0.000031 0.000344 0.004069 -0.277025
    37 1.099674 -0.000004 -0.000011 0.001554 0.002077 0.398173
    38 0.807566 -0.347147 1.320592 -1.262711 -0.705248 -0.703260
    39 1.789783 -0.000007 0.000004 -0.001040 0.007307 0.086014
    40 1.207018 0.000015 -0.000008 -0.007101 0.008735 -0.319900
    41 11.481726 -0.000012 -0.000038 0.001269 0.000000 -0.000005
    42 3.859663 -0.132561 1.193130 0.243003 0.058355 -1.793071
    43 1.312580 -0.000006 0.000003 0.002276 -0.011720 -0.632706
    44 0.729366 -0.000008 -0.000001 0.005494 0.002709 -2.274493
    45 3.942284 0.050331 0.431063 0.099298 0.028006 -1.661200
    46 1.539131 -0.000004 0.000002 0.004588 -0.003634 -1.151142
    47 1.196323 0.000004 0.000005 0.008249 0.005004 -2.547483
    48 3.881350 -0.046456 -0.429353 -0.000767 -0.066745 -1.550830
    49 1.719599 0.000008 0.000010 0.006113 -0.005115 -1.241351
    50 1.209183 0.000010 0.000010 -0.103076 -0.028076 -2.237327
    51 3.863456 -0.147312 -1.329162 -0.181356 -0.048306 -1.584325
    52 1.719425 0.000011 0.000011 0.004650 -0.004707 -1.144195
    53 1.099663 0.000011 0.000010 0.003608 0.002147 -2.352960
    54 0.807570 -0.358068 -1.318047 1.247014 0.262541 -0.896663
    55 1.789780 -0.000011 0.000008 0.000649 -0.006265 0.125751
    56 1.207003 0.000001 -0.000008 -0.008951 -0.003498 1.560853
    57 11.481689 -0.000073 -0.000004 0.000155 0.000000 -0.000014
  time 64
    0 2.001623 73.646779 10.796535 0.800695 0.305688 -3.555013
    1 3.890447 0.000000 0.000000 -2.647423 -0.823137 0.022975
    2 17.848156 0.000000 0.000000 0.299704 0.539660 1.719370
    3 16.525240 0.000000 0.000000 -0.556232 -0.136710 -1.067498
    4 -3.890447 0.000000 0.000000 -1.135989 -1.285423 -1.963290
    5 17.848167 0.000000 0.000000 -0.175761 -0.137230 2.212216
    6 16.525238 0.000000 0.000000 -0.023255 -0.021134 -1.117064
    7 0.000000 3.345131 -2.981898 1.570793 0.086297 1.570793
    8 4.015370 0.000000 0.000000 0.063183 -0.083017 0.619224
    9 3.520298 0.000000 0.000000 0.160534 0.023574 0.289118
    10 8.940987 0.000000 0.000000 0.000000 0.000000 0.194090
    11 3.306377 -0.000001 0.000000 3.141590 0.000000 0.235868
    12 3.594185 0.000000 0.000000 0.055410 -0.162246 -0.083975
    13 2.036090 0.997452 1.937661 1.062999 -1.215392 3.469963
    14 6.028141 0.000011 0.000000 -1.528850 0.627012 -0.551250
    15 11.692581 -0.000001 -0.000008 -0.088426 0.007366 -0.690106
    16 11.481684 0.000000 -0.000031 1.699643 -0.474952 -0.225880
    17 2.036090 0.997453 -1.937661 -1.900958 1.479131 2.721424
    18 6.028137 -0.000008 0.000000 1.789908 0.791116 -0.303134
    19 11.692554 0.000000 0.000019 -0.123182 0.152619 -1.480492
    20 11.481705 0.000000 0.000011 -1.524611 0.112181 0.069604
    21 2.000004 -3.000000 0.000000 -1.570796 0.000000 -1.326450
    22 2.676084 -1.712437 0.000000 -1.570796 0.000000 -1.571118
    23 2.676081 -1.712433 0.000000 1.570790 -0.000001 1.570689
    24 6.879441 -0.000010 0.000000 -0.007299 -0.002951 -0.584373
    25 6.879432 -0.000013 0.000000 -0.081333 -0.002949 -0.584376
    26 3.859711 -0.142445 -1.191958 -0.123191 0.486798 0.148231
    27 1.312550 0.000008 0.000004 0.001427 0.009562 -0.290785
    28 0.729370 0.000006 0.000000 0.003006 0.003969 0.406356
    29 3.942335 0.046738 -0.431422 -0.011123 0.170996 0.256512
    30 1.539124 0.000015 -0.000015 0.000451 0.004447 -0.143667
    31 1.196327 0.000032 -0.000010 0.005820 0.004494 0.482753
    32 3.881363 -0.043152 0.427624 0.066148 -0.059039 0.388222
    33 1.719578 -0.000004 0.000004 0.001152 0.005376 -0.155411
    34 1.209160 -0.000010 -0.000011 0.001579 0.002646 0.323430
    35 3.863464 -0.136498 1.332175 0.183836 -0.307669 0.373493
    36 1.719427 0.000031 -0.000031 0.000200 0.004081 -0.312316
    37 1.099674 -0.000004 -0.000011 0.001590 0.002053 0.415139
    38 0.807566 -0.347147 1.320592 -1.206859 -0.679469 -0.789292
    39 1.789783 -0.000007 0.000004 -0.000908 0.007319 0.104373
    40 1.207018 0.000015 -0.000008 -0.007293 0.008567 -0.342375
    41 11.481726 -0.000012 -0.000038 0.001269 0.000000 -0.000005
    42 3.859663 -0.132561 1.193130 0.268110 0.050036 -1.718645
    43 1.312580 -0.000006 0.000003 0.002096 -0.011744 -0.616995
    44 0.729366 -0.000008 -0.000001 0.005830 0.001870 -2.126353
    45 3.942284 0.050331 0.431063 0.106920 0.021570 -1.592847
    46 1.539131 -0.000004 0.000002 0.004313 -0.003946 -1.078935
    47 1.196323 0.000004 0.000005 0.008920 0.003698 -2.394659
    48 3.881350 -0.046456 -0.429353 -0.008569 -0.066757 -1.473917
    49 1.719599 0.000008 0.000010 0.005742 -0.005535 -1.171341
    50 1.209183 0.000010 0.000010 -0.099409 -0.019639 -2.089863
    51 3.863456 -0.147312 -1.329162 -0.197439 -0.048627 -1.500490
    52 1.719425 0.000011 0.000011 0.004350 -0.004983 -1.081450
    53 1.099663 0.000011 0.000010 0.003896 0.001572 -2.200505
    54 0.807570 -0.358068 -1.318047 1.236013 0.339934 -0.877092
    55 1.789780 -0.000011 0.000008 0.000649 -0.006265 0.125751
    56 1.207003 0.000001 -0.000008 -0.008580 -0.004325 1.466628
    57 11.481689 -0.000073 -0.000004 0.000155 0.000000 -0.000014
  time 65
    0 2.001623 75.232765 11.968446 0.801186 0.251249 -3.593945
    1 3.890447 0.000000 0.000000 -2.566934 -0.877828 -0.000266
    2 17.848156 0.000000 0.000000 0.278994 0.429799 1.832849
    3 16.525240 0.000000 0.000000 -0.572293 -0.027677 -1.052208
    4 -3.890447 0.000000 0.000000 -1.271813 -1.208029 -1.846388
    5 17.848167 0.000000 0.000000 -0.185427 -0.126819 2.245551
    6 16.525238 0.000000 0.000000 -0.019912 -0.047427 -1.224949
    7 0.000000 3.345131 -2.981898 1.570793 0.086297 1.570793
    8 4.015370 0.000000 0.000000 0.037128 -0.062308 0.604425
    9 3.520298 0.000000 0.000000 0.121032 0.022088 0.307946
    10 8.940987 0.000000 0.000000 0.000000 0.000000 0.194090
    11 3.306377 -0.000001 0.000000 3.141590 0.000000 0.228054
    12 3.594185 0.000000 0.000000 0.048939 -0.164413 -0.080095
    13 2.036090 0.997452 1.937661 1.160715 -1.217044 3.367217
    14 6.028141 0.000011 0.000000 -1.566343 0.514141 -0.644992
    15 11.692581 -0.000001 -0.000008 -0.096552 0.009501 -0.449257
    16 11.481684 0.000000 -0.000031 1.612644 -0.459737 -0.073603
    17 2.036090 0.997453 -1.937661 -1.815863 1.448870 2.804785
    18 6.028137 -0.000008 0.000000 1.856354 0.822951 -0.222038
    19 11.692554 0.000000 0.000019 -0.056132 0.141221 -1.257114
    20 11.481705 0.000000 0.000011 -1.485953 0.108756 0.039351
    21 2.000004 -3.000000 0.000000 -1.570796 0.000000 -1.326450
    22 2.676084 -1.712437 0.000000 -1.570796 0.000000 -1.571118
    23 2.676081 -1.712433 0.000000 1.570790 -0.000001 1.570689
    24 6.879441 -0.000010 0.000000 -0.007299 -0.002951 -0.584373
    25 6.879432 -0.000013 0.000000 -0.081333 -0.002949 -0.584376
    26 3.859711 -0.142445 -1.191958 -0.213173 0.452253 -0.024948
    27 1.312550 0.000008 0.000004 0.001199 0.009586 -0.314752
    28 0.729370 0.000006 0.000000 0.002347 0.004389 0.250245
    29 3.942335 0.046738 -0.431422 -0.037945 0.169091 0.152974
    30 1.539124 0.000015 -0.000015 0.000379 0.004447 -0.160424
    31 1.196327 0.000032 -0.000010 0.004706 0.005644 0.265145
    32 3.881363 -0.043152 0.427624 0.061737 -0.048361 0.322372
    33 1.719578 -0.000004 0.000004 0.000973 0.005412 -0.189377
    34 1.209160 -0.000010 -0.000011 0.001219 0.002814 0.193609
    35 3.863464 -0.136498 1.332175 0.203131 -0.281734 0.271109
    36 1.719427 0.000031 -0.000031 0.000092 0.004093 -0.340012
    37 1.099674 -0.000004 -0.000011 0.001242 0.002280 0.256975
    38 0.807566 -0.347147 1.320592 -1.206859 -0.679469 -0.789292
    39 1.789783 -0.000007 0.000004 -0.000764 0.007343 0.124336
    40 1.207018 0.000015 -0.000008 -0.005903 0.009586 -0.189123
    41 11.481726 -0.000012 -0.000038 0.001269 0.000000 -0.000005
    42 3.859663 -0.132561 1.193130 0.301405 0.035630 -1.616818
    43 1.312580 -0.000006 0.000003 0.001844 -0.011792 -0.595729
    44 0.729366 -0.000008 -0.000001 0.006094 0.000575 -1.910550
    45 3.942284 0.050331 0.431063 0.116615 0.011971 -1.499464
    46 1.539131 -0.000004 0.000002 0.003905 -0.004353 -0.980079
    47 1.196323 0.000004 0.000005 0.009519 0.001612 -2.170599
    48 3.881350 -0.046456 -0.429353 -0.019247 -0.065786 -1.368393
    49 1.719599 0.000008 0.000010 0.005190 -0.006062 -1.075518
    50 1.209183 0.000010 0.000010 -0.091967 -0.008518 -1.875175
    51 3.863456 -0.147312 -1.329162 -0.219527 -0.046876 -1.385003
    52 1.719425 0.000011 0.000011 0.003907 -0.005342 -0.995794
    53 1.099663 0.000011 0.000010 0.004147 0.000673 -1.977216
    54 0.807570 -0.358068 -1.318047 1.224355 0.434852 -0.853566
    55 1.789780 -0.000011 0.000008 0.000649 -0.006265 0.125751
    56 1.207003 0.000001 -0.000008 -0.007945 -0.005404 1.336143
    57 11.481689 -0.000073 -0.000004 0.000155 0.000000 -0.000014
  time 66
    0 2.107095 76.846095 13.210671 0.821987 0.198695 -3.620282
    1 3.890447 0.000000 0.000000 -2.543650 -0.967725 -0.071133
    2 17.848156 0.000000 0.000000 0.080637 0.258560 1.880672
    3 16.525240 0.000000 0.000000 -0.388985 0.084435 -1.002022
    4 -3.890447 0.000000 0.000000 -1.406118 -1.139130 -1.723992
    5 17.848167 0.000000 0.000000 -0.147159 -0.090943 2.270366
    6 16.525238 0.000000 0.000000 -0.041375 -0.096159 -1.354162
    7 0.000000 3.345131 -2.981898 1.570793 0.086297 1.570793
    8 4.015370 0.000000 0.000000 0.010055 -0.041431 0.588655
    9 3.520298 0.000000 0.000000 0.080429 0.021512 0.328271
    10 8.940987 0.000000 0.000000 0.000000 0.000000 0.194090
    11 3.306377 -0.000001 0.000000 3.141590 0.000000 0.234034
    12 3.594185 0.000000 0.000000 0.055881 -0.153897 -0.050163
    13 2.036090 0.997452 1.937661 1.239114 -1.230139 3.286448
    14 6.028141 0.000011 0.000000 -1.589649 0.229674 -0.722548
    15 11.692581 -0.000001 -0.000008 -0.073713 0.002954 -0.021385
    16 11.481684 0.000000 -0.000031 1.547597 -0.401543 0.029491
    17 2.036090 0.997453 -1.937661 -1.763216 1.417231 2.855591
    18 6.028137 -0.000008 0.000000 1.857562 0.811024 -0.204225
    19 11.692554 0.000000 0.000019 -0.038598 0.122016 -1.160293
    20 11.481705 0.000000 0.000011 -1.473418 0.057249 0.070769
    21 2.000004 -3.000000 0.000000 -1.570796 0.000000 -1.326450
    22 2.676084 -1.712437 0.000000 -1.570796 0.000000 -1.571118
    23 2.676081 -1.712433 0.000000 1.570790 -0.000001 1.570689
    24 6.879441 -0.000010 0.000000 -0.007299 -0.002951 -0.584373
    25 6.879432 -0.000013 0.000000 -0.081333 -0.002949 -0.584376
    26 3.859711 -0.142445 -1.191958 -0.325582 0.378093 -0.225942
    27 1.312550 0.000008 0.000004 0.000960 0.009622 -0.339369
    28 0.729370 0.000006 0.000000 0.000765 0.004916 -0.088252
    29 3.942335 0.046738 -0.431422 -0.101595 0.155309 -0.082706
    30 1.539124 0.000015 -0.000015 0.000307 0.004459 -0.177611
    31 1.196327 0.000032 -0.000010 0.001578 0.007190 -0.213196
    32 3.881363 -0.043152 0.427624 0.046062 -0.021324 0.158279
    33 1.719578 -0.000004 0.000004 0.000781 0.005448 -0.224300
    34 1.209160 -0.000010 -0.000011 0.000392 0.003042 -0.086646
    35 3.863464 -0.136498 1.332175 0.235382 -0.207430 0.020644
    36 1.719427 0.000031 -0.000031 0.000020 0.004093 -0.357285
    37 1.099674 -0.000004 -0.000011 0.000403 0.002568 -0.086222
    38 0.807566 -0.347147 1.320592 -1.206859 -0.679469 -0.789292
    39 1.789783 -0.000007 0.000004 -0.000608 0.007355 0.144860
    40 1.207018 0.000015 -0.000008 -0.002271 0.011024 0.159410
    41 11.481726 -0.000012 -0.000038 0.001269 0.000000 -0.000005
    42 3.859663 -0.132561 1.193130 0.339660 0.013673 -1.493784
    43 1.312580 -0.000006 0.000003 0.001544 -0.011840 -0.570289
    44 0.729366 -0.000008 -0.000001 0.006022 -0.001114 -1.632575
    45 3.942284 0.050331 0.431063 0.127090 -0.000829 -1.386371
    46 1.539131 -0.000004 0.000002 0.003354 -0.004796 -0.860041
    47 1.196323 0.000004 0.000005 0.009579 -0.001180 -1.879865
    48 3.881350 -0.046456 -0.429353 -0.031999 -0.063102 -1.240124
    49 1.719599 0.000008 0.000010 0.004447 -0.006625 -0.959362
    50 1.209183 0.000010 0.000010 -0.079203 0.003024 -1.598600
    51 3.863456 -0.147312 -1.329162 -0.245977 -0.041303 -1.244130
    52 1.719425 0.000011 0.000011 0.003331 -0.005714 -0.892211
    53 1.099663 0.000011 0.000010 0.004159 -0.000538 -1.687706
    54 0.807570 -0.358068 -1.318047 1.214667 0.530003 -0.830124
    55 1.789780 -0.000011 0.000008 0.000649 -0.006265 0.125751
    56 1.207003 0.000001 -0.000008 -0.006974 -0.006602 1.176034
    57 11.481689 -0.000073 -0.000004 0.000155 0.000000 -0.000014
  time 67
    0 2.431323 78.764122 14.644309 0.869156 0.142800 -3.639653
    1 3.890447 0.000000 0.000000 -2.427038 -1.065342 -0.310324
    2 17.848156 0.000000 0.000000 -0.245027 0.026769 1.893862
    3 16.525240 0.000000 0.000000 -0.095586 0.181248 -0.957295
    4 -3.890447 0.000000 0.000000 -1.518308 -1.052062 -1.650289
    5 17.848167 0.000000 0.000000 -0.096797 -0.045105 2.320961
    6 16.525238 0.000000 0.000000 -0.043402 -0.164506 -1.496386
    7 0.000000 3.345131 -2.981898 1.570793 0.086297 1.570793
    8 4.015370 0.000000 0.000000 -0.016551 -0.021536 0.572801
    9 3.520298 0.000000 0.000000 0.040951 0.021872 0.349256
    10 8.940987 0.000000 0.000000 0.000000 0.000000 0.194090
    11 3.306377 -0.000001 0.000000 3.141590 0.000000 0.251879
    12 3.594185 0.000000 0.000000 0.079198 -0.123203 0.033626
    13 2.036090 0.997452 1.937661 1.331835 -1.246539 3.194738
    14 6.028141 0.000011 0.000000 -1.608203 0.037723 -0.740895
    15 11.692581 -0.000001 -0.000008 -0.054900 0.008896 -0.022456
    16 11.481684 0.000000 -0.000031 1.507465 -0.292218 0.335891
    17 2.036090 0.997453 -1.937661 -1.729084 1.386191 2.888051
    18 6.028137 -0.000008 0.000000 1.747119 0.675574 -0.318291
    19 11.692554 0.000000 0.000019 -0.081056 0.103264 -1.242444
    20 11.481705 0.000000 0.000011 -1.514825 -0.008358 0.184486
    21 2.000004 -3.000000 0.000000 -1.570796 0.000000 -1.326450
    22 2.676084 -1.712437 0.000000 -1.570796 0.000000 -1.571118
    23 2.676081 -1.712433 0.000000 1.570790 -0.000001 1.570689
    24 6.879441 -0.000010 0.000000 -0.007299 -0.002951 -0.584373
    25 6.879432 -0.000013 0.000000 -0.080961 -0.008414 -0.651596
    26 3.859711 -0.142445 -1.191958 -0.381584 0.329027 -0.297249
    27 1.312550 0.000008 0.000004 0.000732 0.009634 -0.363307
    28 0.729370 0.000006 0.000000 -0.000002 0.004976 -0.244290
    29 3.942335 0.046738 -0.431422 -0.149162 0.140220 -0.229738
    30 1.539124 0.000015 -0.000015 0.000236 0.004459 -0.194368
    31 1.196327 0.000032 -0.000010 -0.000004 0.007358 -0.430804
    32 3.881363 -0.043152 0.427624 0.025832 0.002801 0.023087
    33 1.719578 -0.000004 0.000004 0.000589 0.005472 -0.258266
    34 1.209160 -0.000010 -0.000011 -0.000003 0.003066 -0.216399
    35 3.863464 -0.136498 1.332175 0.239852 -0.139393 -0.173407
    36 1.719427 0.000031 -0.000031 -0.000004 0.004093 -0.362993
    37 1.099674 -0.000004 -0.000011 -0.000004 0.002592 -0.244318
    38 0.807566 -0.347147 1.320592 -1.206859 -0.679469 -0.789292
    39 1.789783 -0.000007 0.000004 -0.000465 0.007367 0.164823
    40 1.207018 0.000015 -0.000008 -0.000006 0.011264 0.362860
    41 11.481726 -0.000012 -0.000038 0.001269 0.000000 -0.000005
    42 3.859663 -0.132561 1.193130 0.378302 -0.015691 -1.359443
    43 1.312580 -0.000006 0.000003 0.001209 -0.011876 -0.542549
    44 0.729366 -0.000008 -0.000001 0.005375 -0.002948 -1.315375
    45 3.942284 0.050331 0.431063 0.136845 -0.016133 -1.262344
    46 1.539131 -0.000004 0.000002 0.002695 -0.005192 -0.728189
    47 1.196323 0.000004 0.000005 0.008668 -0.004248 -1.546567
    48 3.881350 -0.046456 -0.429353 -0.045493 -0.058296 -1.099059
    49 1.719599 0.000008 0.000010 0.003572 -0.007129 -0.831761
    50 1.209183 0.000010 0.000010 -0.061442 0.011365 -1.282913
    51 3.863456 -0.147312 -1.329162 -0.273889 -0.030932 -1.089133
    52 1.719425 0.000011 0.000011 0.002672 -0.006061 -0.778658
    53 1.099663 0.000011 0.000010 0.003764 -0.001868 -1.355928
    54 0.807570 -0.358068 -1.318047 1.208340 0.607909 -0.810709
    55 1.789780 -0.000011 0.000008 0.000649 -0.006265 0.125751
    56 1.207003 0.000001 -0.000008 -0.005704 -0.007729 0.998999
    57 11.481689 -0.000073 -0.000004 0.000155 0.000000 -0.000014
  time 68
    0 2.943058 80.877468 16.245920 0.940237 0.086734 -3.653680
    1 3.890447 0.000000 0.000000 -2.271811 -1.052704 -0.537560
    2 17.848156 0.000000 0.000000 -0.391464 -0.070301 1.912579
    3 16.525240 0.000000 0.000000 -0.000178 0.215240 -1.021885
    4 -3.890447 0.000000 0.000000 -1.615881 -0.906555 -1.633711
    5 17.848167 0.000000 0.000000 -0.025998 0.013324 2.387112
    6 16.525238 0.000000 0.000000 -0.018365 -0.259024 -1.645030
    7 0.000000 3.345131 -2.981898 1.570793 0.086297 1.570793
    8 4.015370 0.000000 0.000000 -0.041299 -0.003631 0.557770
    9 3.520298 0.000000 0.000000 0.004698 0.023034 0.370032
    10 8.940987 0.000000 0.000000 0.000000 0.000000 0.194090
    11 3.306377 -0.000001 0.000000 3.141590 0.000000 0.279995
    12 3.594185 0.000000 0.000000 0.121666 -0.078210 0.167061
    13 2.036090 0.997452 1.937661 1.431341 -1.263111 3.098938
    14 6.028141 0.000011 0.000000 -1.693142 0.043945 -0.438580
    15 11.692581 -0.000001 -0.000008 -0.011529 0.176921 -0.900457
    16 11.481684 0.000000 -0.000031 1.602993 -0.304799 -0.177778
    17 2.036090 0.997453 -1.937661 -1.706080 1.357512 2.909314
    18 6.028137 -0.000008 0.000000 1.620113 0.374256 -0.457254
    19 11.692554 0.000000 0.000019 -0.115628 0.077017 -1.162275
    20 11.481705 0.000000 0.000011 -1.579322 -0.000752 0.072679
    21 2.000004 -3.000000 0.000000 -1.570796 0.000000 -1.326450
    22 2.676084 -1.712437 0.000000 -1.570796 0.000000 -1.571118
    23 2.676081 -1.712433 0.000000 1.570790 -0.000001 1.570689
    24 6.879441 -0.000010 0.000000 -0.007299 -0.002951 -0.584373
    25 6.879432 -0.000013 0.000000 -0.078325 -0.022148 -0.823345
    26 3.859711 -0.142445 -1.191958 -0.408122 0.309721 -0.284774
    27 1.312550 0.000008 0.000004 0.000516 0.009658 -0.385352
    28 0.729370 0.000006 0.000000 0.000046 0.004976 -0.232248
    29 3.942335 0.046738 -0.431422 -0.181017 0.135414 -0.277988
    30 1.539124 0.000015 -0.000015 0.000164 0.004459 -0.209784
    31 1.196327 0.000032 -0.000010 -0.000004 0.007358 -0.430804
    32 3.881363 -0.043152 0.427624 0.003912 0.022959 -0.061577
    33 1.719578 -0.000004 0.000004 0.000421 0.005484 -0.289516
    34 1.209160 -0.000010 -0.000011 -0.000003 0.003066 -0.216399
    35 3.863464 -0.136498 1.332175 0.224560 -0.092054 -0.285688
    36 1.719427 0.000031 -0.000031 -0.000004 0.004093 -0.362993
    37 1.099674 -0.000004 -0.000011 -0.000004 0.002592 -0.244318
    38 0.807566 -0.347147 1.320592 -1.223401 -0.688970 -0.763706
    39 1.789783 -0.000007 0.000004 -0.000333 0.007379 0.183182
    40 1.207018 0.000015 -0.000008 0.000665 0.011240 0.422868
    41 11.481726 -0.000012 -0.000038 0.001269 0.000000 -0.000005
    42 3.859663 -0.132561 1.193130 0.412679 -0.049938 -1.226183
    43 1.312580 -0.000006 0.000003 0.000885 -0.011900 -0.514775
    44 0.729366 -0.000008 -0.000001 0.004188 -0.004482 -0.998109
    45 3.942284 0.050331 0.431063 0.144647 -0.032528 -1.138446
    46 1.539131 -0.000004 0.000002 0.001988 -0.005504 -0.596336
    47 1.196323 0.000004 0.000005 0.006798 -0.006861 -1.213269
    48 3.881350 -0.046456 -0.429353 -0.058185 -0.051657 -0.958165
    49 1.719599 0.000008 0.000010 0.002638 -0.007524 -0.704200
    50 1.209183 0.000010 0.000010 -0.041967 0.013774 -0.967095
    51 3.863456 -0.147312 -1.329162 -0.299872 -0.016392 -0.934535
    52 1.719425 0.000011 0.000011 0.001965 -0.006325 -0.665060
    53 1.099663 0.000011 0.000010 0.002949 -0.002995 -1.024149
    54 0.807570 -0.358068 -1.318047 1.205118 0.657174 -0.798197
    55 1.789780 -0.000011 0.000008 0.000649 -0.006265 0.125751
    56 1.207003 0.000001 -0.000008 -0.004253 -0.008616 0.821964
    57 11.481689 -0.000073 -0.000004 0.000155 0.000000 -0.000014
  time 69
    0 3.564170 82.986907 17.949097 1.028106 0.035165 -3.664272
    1 3.890447 0.000000 0.000000 -2.202054 -0.967909 -0.596186
    2 17.848156 0.000000 0.000000 -0.312888 -0.009387 1.938296
    3 16.525240 0.000000 0.000000 -0.111043 0.204235 -1.184532
    4 -3.890447 0.000000 0.000000 -1.668464 -0.710320 -1.678331
    5 17.848167 0.000000 0.000000 0.044139 0.064296 2.385778
    6 16.525238 0.000000 0.000000 0.019102 -0.334957 -1.789298
    7 0.000000 3.345131 -2.981898 1.570793 0.086297 1.570793
    8 4.015370 0.000000 0.000000 -0.062907 0.011529 0.544407
    9 3.520298 0.000000 0.000000 -0.026558 0.024748 0.389875
    10 8.940987 0.000000 0.000000 0.000000 0.000000 0.194090
    11 3.306377 -0.000001 0.000000 3.141590 0.000000 0.314271
    12 3.594185 0.000000 0.000000 0.181765 -0.030979 0.333392
    13 2.036090 0.997452 1.937661 1.519634 -1.276238 3.015219
    14 6.028141 0.000011 0.000000 -1.792526 0.124179 -0.528631
    15 11.692581 -0.000001 -0.000008 -0.044762 0.210904 -1.839370
    16 11.481684 0.000000 -0.000031 2.034935 -0.577676 -0.445039
    17 2.036090 0.997453 -1.937661 -1.690464 1.332656 2.923521
    18 6.028137 -0.000008 0.000000 1.571778 0.319510 -0.511527
    19 11.692554 0.000000 0.000019 -0.115573 0.051505 -0.799653
    20 11.481705 0.000000 0.000011 -1.631485 0.053335 -0.094905
    21 2.000004 -3.000000 0.000000 -1.570796 0.000000 -1.326450
    22 2.676084 -1.712437 0.000000 -1.570796 0.000000 -1.571118
    23 2.676081 -1.712433 0.000000 1.570790 -0.000001 1.570689
    24 6.879441 -0.000010 0.000000 -0.007299 -0.002951 -0.584373
    25 6.879432 -0.000013 0.000000 -0.073699 -0.034576 -0.986153
    26 3.859711 -0.142445 -1.191958 -0.440630 0.289861 -0.264007
    27 1.312550 0.000008 0.000004 0.000337 0.009658 -0.404401
    28 0.729370 0.000006 0.000000 0.000226 0.004976 -0.196997
    29 3.942335 0.046738 -0.431422 -0.215700 0.134048 -0.306006
    30 1.539124 0.000015 -0.000015 0.000104 0.004459 -0.223093
    31 1.196327 0.000032 -0.000010 -0.000004 0.007358 -0.430804
    32 3.881363 -0.043152 0.427624 -0.024324 0.044951 -0.134172
    33 1.719578 -0.000004 0.000004 0.000266 0.005496 -0.316507
    34 1.209160 -0.000010 -0.000011 -0.000003 0.003066 -0.216399
    35 3.863464 -0.136498 1.332175 0.196180 -0.047112 -0.380291
    36 1.719427 0.000031 -0.000031 -0.000004 0.004093 -0.362993
    37 1.099674 -0.000004 -0.000011 -0.000004 0.002592 -0.244318
    38 0.807566 -0.347147 1.320592 -1.274165 -0.714731 -0.686726
    39 1.789783 -0.000007 0.000004 -0.000213 0.007379 0.199068
    40 1.207018 0.000015 -0.000008 0.001180 0.011192 0.468702
    41 11.481726 -0.000012 -0.000038 0.001269 0.000000 -0.000005
    42 3.859663 -0.132561 1.193130 0.439794 -0.084765 -1.105921
    43 1.312580 -0.000006 0.000003 0.000586 -0.011924 -0.489335
    44 0.729366 -0.000008 -0.000001 0.002798 -0.005453 -0.720134
    45 3.942284 0.050331 0.431063 0.149933 -0.048204 -1.025643
    46 1.539131 -0.000004 0.000002 0.001316 -0.005707 -0.476299
    47 1.196323 0.000004 0.000005 0.004557 -0.008526 -0.922536
    48 3.881350 -0.046456 -0.429353 -0.068791 -0.044118 -0.830171
    49 1.719599 0.000008 0.000010 0.001751 -0.007776 -0.588003
    50 1.209183 0.000010 0.000010 -0.025009 0.010814 -0.690324
    51 3.863456 -0.147312 -1.329162 -0.321240 0.000114 -0.794712
    52 1.719425 0.000011 0.000011 0.001294 -0.006493 -0.561477
    53 1.099663 0.000011 0.000010 0.001978 -0.003714 -0.734572
    54 0.807570 -0.358068 -1.318047 1.204203 0.673607 -0.793955
    55 1.789780 -0.000011 0.000008 0.000649 -0.006265 0.125751
    56 1.207003 0.000001 -0.000008 -0.002827 -0.009191 0.661895
    57 11.481689 -0.000073 -0.000004 0.000155 0.000000 -0.000014
  time 70
    0 4.185283 84.846339 19.660087 1.121298 -0.006639 -3.672573
    1 3.890447 0.000000 0.000000 -2.145808 -0.887342 -0.657873
    2 17.848156 0.000000 0.000000 -0.237980 0.048380 1.924663
    3 16.525240 0.000000 0.000000 -0.187836 0.175675 -1.316970
    4 -3.890447 0.000000 0.000000 -1.693047 -0.526656 -1.739339
    5 17.848167 0.000000 0.000000 0.107919 0.109584 2.313331
    6 16.525238 0.000000 0.000000 0.040565 -0.380325 -1.822026
    7 0.000000 3.345131 -2.981898 1.570793 0.086297 1.570793
    8 4.015370 0.000000 0.000000 -0.080429 0.023514 0.533450
    9 3.520298 0.000000 0.000000 -0.051582 0.026678 0.408221
    10 8.940987 0.000000 0.000000 0.000000 0.000000 0.194090
    11 3.306377 -0.000001 0.000000 3.141590 0.000000 0.348535
    12 3.594185 0.000000 0.000000 0.248834 0.005541 0.502316
    13 2.036090 0.997452 1.937661 1.577584 -1.284044 2.960707
    14 6.028141 0.000011 0.000000 -1.674491 -0.170837 -0.368194
    15 11.692581 -0.000001 -0.000008 0.081033 0.239086 -1.588218
    16 11.481684 0.000000 -0.000031 1.950001 -0.321502 -0.324740
    17 2.036090 0.997453 -1.937661 -1.679991 1.312641 2.932930
    18 6.028137 -0.000008 0.000000 1.555251 0.241295 -0.579289
    19 11.692554 0.000000 0.000019 -0.120811 0.055153 -0.879980
    20 11.481705 0.000000 0.000011 -1.656597 0.094745 0.009662
    21 2.000004 -3.000000 0.000000 -1.570796 0.000000 -1.326450
    22 2.676084 -1.712437 0.000000 -1.570796 0.000000 -1.571118
    23 2.676081 -1.712433 0.000000 1.570790 -0.000001 1.570689
    24 6.879441 -0.000010 0.000000 -0.007299 -0.002951 -0.584373
    25 6.879432 -0.000013 0.000000 -0.069912 -0.041695 -1.085191
    26 3.859711 -0.142445 -1.191958 -0.474869 0.272050 -0.238417
    27 1.312550 0.000008 0.000004 0.000193 0.009658 -0.419747
    28 0.729370 0.000006 0.000000 0.000478 0.004964 -0.146274
    29 3.942335 0.046738 -0.431422 -0.249748 0.135690 -0.318321
    30 1.539124 0.000015 -0.000015 0.000056 0.004459 -0.233817
    31 1.196327 0.000032 -0.000010 -0.000004 0.007358 -0.430804
    32 3.881363 -0.043152 0.427624 -0.054849 0.066056 -0.193928
    33 1.719578 -0.000004 0.000004 0.000158 0.005508 -0.338228
    34 1.209160 -0.000010 -0.000011 -0.000003 0.003066 -0.216399
    35 3.863464 -0.136498 1.332175 0.161197 -0.009648 -0.451277
    36 1.719427 0.000031 -0.000031 -0.000004 0.004093 -0.362993
    37 1.099674 -0.000004 -0.000011 -0.000004 0.002592 -0.244318
    38 0.807566 -0.347147 1.320592 -1.353728 -0.746298 -0.569843
    39 1.789783 -0.000007 0.000004 -0.000117 0.007379 0.211861
    40 1.207018 0.000015 -0.000008 0.001516 0.011156 0.498001
    41 11.481726 -0.000012 -0.000038 0.001269 0.000000 -0.000005
    42 3.859663 -0.132561 1.193130 0.458875 -0.115650 -1.007443
    43 1.312580 -0.000006 0.000003 0.000334 -0.011936 -0.468069
    44 0.729366 -0.000008 -0.000001 0.001575 -0.005932 -0.504331
    45 3.942284 0.050331 0.431063 0.152953 -0.061507 -0.932550
    46 1.539131 -0.000004 0.000002 0.000753 -0.005803 -0.377442
    47 1.196323 0.000004 0.000005 0.002544 -0.009317 -0.698407
    48 3.881350 -0.046456 -0.429353 -0.076737 -0.036952 -0.725024
    49 1.719599 0.000008 0.000010 0.000996 -0.007908 -0.492221
    50 1.209183 0.000010 0.000010 -0.012785 0.005373 -0.475441
    51 3.863456 -0.147312 -1.329162 -0.336904 0.015750 -0.680384
    52 1.719425 0.000011 0.000011 0.000743 -0.006577 -0.475821
    53 1.099663 0.000011 0.000010 0.001103 -0.004061 -0.511282
    54 0.807570 -0.358068 -1.318047 1.204203 0.673607 -0.793955
    55 1.789780 -0.000011 0.000008 0.000649 -0.006265 0.125751
    56 1.207003 0.000001 -0.000008 -0.001605 -0.009479 0.531370
    57 11.481689 -0.000073 -0.000004 0.000155 0.000000 -0.000014
  time 71
    0 4.697017 86.252632 21.281230 1.207201 -0.034908 -3.678490
    1 3.890447 0.000000 0.000000 -2.109301 -0.823597 -0.712100
    2 17.848156 0.000000 0.000000 -0.181122 0.097714 1.877577
    3 16.525240 0.000000 0.000000 -0.227569 0.142851 -1.400937
    4 -3.890447 0.000000 0.000000 -1.705861 -0.392640 -1.796085
    5 17.848167 0.000000 0.000000 0.128841 0.138106 2.195401
    6 16.525238 0.000000 0.000000 0.064144 -0.396774 -1.824357
    7 0.000000 3.345131 -2.981898 1.570793 0.086297 1.570793
    8 4.015370 0.000000 0.000000 -0.093192 0.032071 0.525365
    9 3.520298 0.000000 0.000000 -0.069607 0.028487 0.424684
    10 8.940987 0.000000 0.000000 0.000000 0.000000 0.194090
    11 3.306377 -0.000001 0.000000 3.141590 0.000000 0.376651
    12 3.594185 0.000000 0.000000 0.307047 0.026341 0.641425
    13 2.036090 0.997452 1.937661 1.596619 -1.286515 2.943012
    14 6.028141 0.000011 0.000000 -1.560340 -0.276661 -0.247142
    15 11.692581 -0.000001 -0.000008 0.180147 0.152049 -1.378609
    16 11.481684 0.000000 -0.000031 1.756475 -0.022905 -0.355592
    17 2.036090 0.997453 -1.937661 -1.673258 1.298116 2.938763
    18 6.028137 -0.000008 0.000000 1.559364 0.189166 -0.661167
    19 11.692554 0.000000 0.000019 -0.090705 0.034223 -0.940959
    20 11.481705 0.000000 0.000011 -1.659872 0.166669 0.036040
    21 2.000004 -3.000000 0.000000 -1.570796 0.000000 -1.326450
    22 2.676084 -1.712437 0.000000 -1.570796 0.000000 -1.571118
    23 2.676081 -1.712433 0.000000 1.570790 -0.000001 1.570689
    24 6.879441 -0.000010 0.000000 -0.007299 -0.002951 -0.584373
    25 6.879432 -0.000013 0.000000 -0.068078 -0.044631 -1.127726
    26 3.859711 -0.142445 -1.191958 -0.504060 0.258950 -0.214522
    27 1.312550 0.000008 0.000004 0.000085 0.009658 -0.430855
    28 0.729370 0.000006 0.000000 0.000729 0.004928 -0.095550
    29 3.942335 0.046738 -0.431422 -0.278224 0.137967 -0.325652
    30 1.539124 0.000015 -0.000015 0.000020 0.004459 -0.241621
    31 1.196327 0.000032 -0.000010 -0.000004 0.007358 -0.430804
    32 3.881363 -0.043152 0.427624 -0.081538 0.082846 -0.243124
    33 1.719578 -0.000004 0.000004 0.000062 0.005508 -0.353933
    34 1.209160 -0.000010 -0.000011 -0.000003 0.003066 -0.216399
    35 3.863464 -0.136498 1.332175 0.129462 0.016682 -0.496019
    36 1.719427 0.000031 -0.000031 -0.000004 0.004093 -0.362993
    37 1.099674 -0.000004 -0.000011 -0.000004 0.002592 -0.244318
    38 0.807566 -0.347147 1.320592 -1.439971 -0.770547 -0.446715
    39 1.789783 -0.000007 0.000004 -0.000045 0.007379 0.221118
    40 1.207018 0.000015 -0.000008 0.001672 0.011132 0.512306
    41 11.481726 -0.000012 -0.000038 0.001269 0.000000 -0.000005
    42 3.859663 -0.132561 1.193130 0.470849 -0.139245 -0.935862
    43 1.312580 -0.000006 0.000003 0.000142 -0.011936 -0.452358
    44 0.729366 -0.000008 -0.000001 0.000677 -0.006100 -0.356191
    45 3.942284 0.050331 0.431063 0.154355 -0.071382 -0.864488
    46 1.539131 -0.000004 0.000002 0.000334 -0.005851 -0.305236
    47 1.196323 0.000004 0.000005 0.001094 -0.009605 -0.545583
    48 3.881350 -0.046456 -0.429353 -0.082034 -0.031235 -0.648488
    49 1.719599 0.000008 0.000010 0.000432 -0.007956 -0.422211
    50 1.209183 0.000010 0.000010 -0.005186 0.000171 -0.327847
    51 3.863456 -0.147312 -1.329162 -0.347103 0.028166 -0.597526
    52 1.719425 0.000011 0.000011 0.000323 -0.006612 -0.413076
    53 1.099663 0.000011 0.000010 0.000468 -0.004181 -0.358827
    54 0.807570 -0.358068 -1.318047 1.204203 0.673607 -0.793955
    55 1.789780 -0.000011 0.000008 0.000649 -0.006265 0.125751
    56 1.207003 0.000001 -0.000008 -0.000706 -0.009587 0.437146
    57 11.481689 -0.000073 -0.000004 0.000155 0.000000 -0.000014
  time 72
    0 5.021246 87.096408 22.746118 1.276726 -0.048571 -3.681734
    1 3.890447 0.000000 0.000000 -2.090137 -0.781682 -0.753511
    2 17.848156 0.000000 0.000000 -0.148666 0.134696 1.809637
    3 16.525240 0.000000 0.000000 -0.239514 0.115269 -1.436004
    4 -3.890447 0.000000 0.000000 -1.711840 -0.311268 -1.830378
    5 17.848167 0.000000 0.000000 0.117674 0.149372 2.057766
    6 16.525238 0.000000 0.000000 0.085749 -0.393656 -1.805072
    7 0.000000 3.345131 -2.981898 1.570793 0.086297 1.570793
    8 4.015370 0.000000 0.000000 -0.100898 0.037152 0.520467
    9 3.520298 0.000000 0.000000 -0.080333 0.029914 0.439055
    10 8.940987 0.000000 0.000000 0.000000 0.000000 0.194090
    11 3.306377 -0.000001 0.000000 3.141590 0.000000 0.394496
    12 3.594185 0.000000 0.000000 0.344563 0.034850 0.730109
    13 2.036090 0.997452 1.937661 1.593038 -1.239472 2.946722
    14 6.028141 0.000011 0.000000 -1.457425 -0.235329 -0.329337
    15 11.692581 -0.000001 -0.000008 0.293352 -0.052165 -1.341847
    16 11.481684 0.000000 -0.000031 1.676614 -0.001307 -0.470801
    17 2.036090 0.997453 -1.937661 -1.669611 1.289403 2.942056
    18 6.028137 -0.000008 0.000000 1.563892 0.184490 -0.735961
    19 11.692554 0.000000 0.000019 -0.050839 -0.004044 -0.971329
    20 11.481705 0.000000 0.000011 -1.662743 0.230630 0.012555
    21 2.000004 -3.000000 0.000000 -1.570796 0.000000 -1.326450
    22 2.676084 -1.712437 0.000000 -1.570796 0.000000 -1.571118
    23 2.676081 -1.712433 0.000000 1.570790 -0.000001 1.570689
    24 6.879441 -0.000010 0.000000 -0.007299 -0.002951 -0.584373
    25 6.879432 -0.000013 0.000000 -0.068066 -0.044655 -1.127975
    26 3.859711 -0.142445 -1.191958 -0.522593 0.251607 -0.198504
    27 1.312550 0.000008 0.000004 0.000013 0.009658 -0.437525
    28 0.729370 0.000006 0.000000 0.000897 0.004904 -0.060372
    29 3.942335 0.046738 -0.431422 -0.297579 0.137655 -0.339791
    30 1.539124 0.000015 -0.000015 -0.000004 0.004459 -0.246265
    31 1.196327 0.000032 -0.000010 -0.000004 0.007358 -0.430804
    32 3.881363 -0.043152 0.427624 -0.099443 0.092925 -0.286521
    33 1.719578 -0.000004 0.000004 0.000014 0.005508 -0.363409
    34 1.209160 -0.000010 -0.000011 -0.000003 0.003066 -0.216399
    35 3.863464 -0.136498 1.332175 0.109040 0.031136 -0.517895
    36 1.719427 0.000031 -0.000031 -0.000004 0.004093 -0.362993
    37 1.099674 -0.000004 -0.000011 -0.000004 0.002592 -0.244318
    38 0.807566 -0.347147 1.320592 -1.502992 -0.782699 -0.358337
    39 1.789783 -0.000007 0.000004 -0.000009 0.007379 0.226684
    40 1.207018 0.000015 -0.000008 0.001720 0.011132 0.516899
    41 11.481726 -0.000012 -0.000038 0.001269 0.000000 -0.000005
    42 3.859663 -0.132561 1.193130 0.477199 -0.153738 -0.893086
    43 1.312580 -0.000006 0.000003 0.000022 -0.011936 -0.442826
    44 0.729366 -0.000008 -0.000001 0.000161 -0.006136 -0.271465
    45 3.942284 0.050331 0.431063 0.154882 -0.077351 -0.823651
    46 1.539131 -0.000004 0.000002 0.000070 -0.005851 -0.262000
    47 1.196323 0.000004 0.000005 0.000267 -0.009665 -0.458615
    48 3.881350 -0.046456 -0.429353 -0.084983 -0.027628 -0.602724
    49 1.719599 0.000008 0.000010 0.000109 -0.007968 -0.380245
    50 1.209183 0.000010 0.000010 -0.001207 -0.003280 -0.243443
    51 3.863456 -0.147312 -1.329162 -0.352664 0.035944 -0.548166
    52 1.719425 0.000011 0.000011 0.000072 -0.006624 -0.375393
    53 1.099663 0.000011 0.000010 0.000109 -0.004205 -0.272049
    54 0.807570 -0.358068 -1.318047 1.204203 0.673607 -0.793955
    55 1.789780 -0.000011 0.000008 0.000649 -0.006265 0.125751
    56 1.207003 0.000001 -0.000008 -0.000167 -0.009610 0.381201
    57 11.481689 -0.000073 -0.000004 0.000155 0.000000 -0.000014
  time 73
    0 5.130624 87.365947 24.027407 1.325861 -0.048485 -3.682116
    1 3.890447 0.000000 0.000000 -2.082759 -0.759070 -0.781437
    2 17.848156 0.000000 0.000000 -0.139605 0.157313 1.731897
    3 16.525240 0.000000 0.000000 -0.234020 0.096086 -1.431374
    4 -3.890447 0.000000 0.000000 -1.710796 -0.288384 -1.837483
    5 17.848167 0.000000 0.000000 0.093133 0.144014 1.946576
    6 16.525238 0.000000 0.000000 0.103407 -0.378631 -1.794508
    7 0.000000 3.345131 -2.981898 1.570793 0.086297 1.570793
    8 4.015370 0.000000 0.000000 -0.103451 0.038830 0.518841
    9 3.520298 0.000000 0.000000 -0.083724 0.030728 0.451269
    10 8.940987 0.000000 0.000000 0.000000 0.000000 0.194090
    11 3.306377 -0.000001 0.000000 3.141590 0.000000 0.400476
    12 3.594185 0.000000 0.000000 0.357060 0.036466 0.762108
    13 2.036090 0.997452 1.937661 1.588138 -1.138634 2.952050
    14 6.028141 0.000011 0.000000 -1.432868 -0.227911 -0.306403
    15 11.692581 -0.000001 -0.000008 0.357585 -0.176245 -1.326186
    16 11.481684 0.000000 -0.000031 1.626965 0.012142 -0.516786
    17 2.036090 0.997453 -1.937661 -1.668395 1.286515 2.942997
    18 6.028137 -0.000008 0.000000 1.555440 0.247946 -0.787786
    19 11.692554 0.000000 0.000019 -0.026743 -0.041011 -0.943893
    20 11.481705 0.000000 0.000011 -1.672124 0.261944 -0.003909
    21 2.000004 -3.000000 0.000000 -1.570796 0.000000 -1.326450
    22 2.676084 -1.712437 0.000000 -1.570796 0.000000 -1.571118
    23 2.676081 -1.712433 0.000000 1.570790 -0.000001 1.570689
    24 6.879441 -0.000010 0.000000 -0.007299 -0.002951 -0.584373
    25 6.879432 -0.000013 0.000000 -0.069468 -0.042438 -1.095875
    26 3.859711 -0.142445 -1.191958 -0.528607 0.249394 -0.193153
    27 1.312550 0.000008 0.000004 0.000001 0.009658 -0.439729
    28 0.729370 0.000006 0.000000 0.000957 0.004892 -0.048257
    29 3.942335 0.046738 -0.431422 -0.307094 0.132766 -0.367484
    30 1.539124 0.000015 -0.000015 -0.000004 0.004459 -0.247797
    31 1.196327 0.000032 -0.000010 -0.000004 0.007358 -0.430804
    32 3.881363 -0.043152 0.427624 -0.106838 0.095909 -0.328587
    33 1.719578 -0.000004 0.000004 0.000002 0.005508 -0.366497
    34 1.209160 -0.000010 -0.000011 -0.000003 0.003066 -0.216399
    35 3.863464 -0.136498 1.332175 0.102760 0.035342 -0.523662
    36 1.719427 0.000031 -0.000031 -0.000004 0.004093 -0.362993
    37 1.099674 -0.000004 -0.000011 -0.000004 0.002592 -0.244318
    38 0.807566 -0.347147 1.320592 -1.525043 -0.785929 -0.327615
    39 1.789783 -0.000007 0.000004 -0.000009 0.007379 0.228539
    40 1.207018 0.000015 -0.000008 0.001732 0.011120 0.517457
    41 11.481726 -0.000012 -0.000038 0.001269 0.000000 -0.000005
    42 3.859663 -0.132561 1.193130 0.479146 -0.158550 -0.879043
    43 1.312580 -0.000006 0.000003 -0.000002 -0.011936 -0.439671
    44 0.729366 -0.000008 -0.000001 0.000005 -0.006136 -0.244269
    45 3.942284 0.050331 0.431063 0.155002 -0.079388 -0.810200
    46 1.539131 -0.000004 0.000002 -0.000002 -0.005851 -0.247777
    47 1.196323 0.000004 0.000005 0.000003 -0.009665 -0.430761
    48 3.881350 -0.046456 -0.429353 -0.085917 -0.026357 -0.587698
    49 1.719599 0.000008 0.000010 0.000001 -0.007968 -0.366446
    50 1.209183 0.000010 0.000010 0.000003 -0.004455 -0.216371
    51 3.863456 -0.147312 -1.329162 -0.354413 0.038564 -0.531979
    52 1.719425 0.000011 0.000011 0.000000 -0.006624 -0.362954
    53 1.099663 0.000011 0.000010 0.000001 -0.004205 -0.244299
    54 0.807570 -0.358068 -1.318047 1.204203 0.673607 -0.793955
    55 1.789780 -0.000011 0.000008 0.000649 -0.006265 0.125751
    56 1.207003 0.000001 -0.000008 0.000001 -0.009610 0.362915
    57 11.481689 -0.000073 -0.000004 0.000155 0.000000 -0.000014
  time 74
    0 5.130624 87.365947 25.195412 1.363694 -0.041161 -3.671428
    1 3.890447 0.000000 0.000000 -2.079980 -0.751165 -0.806877
    2 17.848156 0.000000 0.000000 -0.144998 0.167732 1.650472
    3 16.525240 0.000000 0.000000 -0.218060 0.085493 -1.407510
    4 -3.890447 0.000000 0.000000 -1.699216 -0.287402 -1.830094
    5 17.848167 0.000000 0.000000 0.073888 0.132299 1.855832
    6 16.525238 0.000000 0.000000 0.101380 -0.357003 -1.753058
    7 0.000000 3.345131 -2.981898 1.570793 0.086297 1.570793
    8 4.015370 0.000000 0.000000 -0.103451 0.038830 0.518841
    9 3.520298 0.000000 0.000000 -0.083533 0.031292 0.462582
    10 8.940987 0.000000 0.000000 0.000000 0.000000 0.194090
    11 3.306377 -0.000001 0.000000 3.141590 0.000000 0.400476
    12 3.594185 0.000000 0.000000 0.356772 0.034778 0.765657
    13 2.036090 0.997452 1.937661 1.586536 -1.091575 2.953762
    14 6.028141 0.000011 0.000000 -1.444071 -0.253337 -0.278618
    15 11.692581 -0.000001 -0.000008 0.359013 -0.193467 -1.299728
    16 11.481684 0.000000 -0.000031 1.616056 -0.002670 -0.556601
    17 2.036090 0.997453 -1.937661 -1.668395 1.286515 2.942997
    18 6.028137 -0.000008 0.000000 1.539969 0.359111 -0.826433
    19 11.692554 0.000000 0.000019 -0.011855 -0.072604 -0.892429
    20 11.481705 0.000000 0.000011 -1.674146 0.272708 0.021087
    21 2.000004 -3.000000 0.000000 -1.570796 0.000000 -1.326450
    22 2.676084 -1.712437 0.000000 -1.570796 0.000000 -1.571118
    23 2.676081 -1.712433 0.000000 1.570790 -0.000001 1.570689
    24 6.879441 -0.000010 0.000000 -0.007299 -0.002951 -0.584373
    25 6.879432 -0.000013 0.000000 -0.070056 -0.041455 -1.081757
    26 3.859711 -0.142445 -1.191958 -0.528218 0.246448 -0.211771
    27 1.312550 0.000008 0.000004 0.000001 0.009658 -0.439729
    28 0.729370 0.000006 0.000000 0.000933 0.004892 -0.053585
    29 3.942335 0.046738 -0.431422 -0.307298 0.123993 -0.409349
    30 1.539124 0.000015 -0.000015 -0.000004 0.004459 -0.247797
    31 1.196327 0.000032 -0.000010 -0.000004 0.007358 -0.430804
    32 3.881363 -0.043152 0.427624 -0.103758 0.093093 -0.371363
    33 1.719578 -0.000004 0.000004 0.000002 0.005508 -0.366497
    34 1.209160 -0.000010 -0.000011 -0.000003 0.003066 -0.216399
    35 3.863464 -0.136498 1.332175 0.110143 0.033089 -0.523867
    36 1.719427 0.000031 -0.000031 -0.000004 0.004093 -0.362993
    37 1.099674 -0.000004 -0.000011 -0.000004 0.002592 -0.244318
    38 0.807566 -0.347147 1.320592 -1.515250 -0.784547 -0.341267
    39 1.789783 -0.000007 0.000004 -0.000009 0.007379 0.228539
    40 1.207018 0.000015 -0.000008 0.001720 0.011132 0.516341
    41 11.481726 -0.000012 -0.000038 0.001269 0.000000 -0.000005
    42 3.859663 -0.132561 1.193130 0.479146 -0.158550 -0.879043
    43 1.312580 -0.000006 0.000003 -0.000002 -0.011936 -0.439671
    44 0.729366 -0.000008 -0.000001 0.000005 -0.006136 -0.244269
    45 3.942284 0.050331 0.431063 0.155002 -0.079364 -0.810200
    46 1.539131 -0.000004 0.000002 -0.000002 -0.005851 -0.247777
    47 1.196323 0.000004 0.000005 0.000003 -0.009665 -0.430761
    48 3.881350 -0.046456 -0.429353 -0.085917 -0.026369 -0.587698
    49 1.719599 0.000008 0.000010 0.000001 -0.007968 -0.366446
    50 1.209183 0.000010 0.000010 0.000003 -0.004455 -0.216371
    51 3.863456 -0.147312 -1.329162 -0.354413 0.038564 -0.531979
    52 1.719425 0.000011 0.000011 0.000000 -0.006624 -0.362954
    53 1.099663 0.000011 0.000010 0.000001 -0.004205 -0.244299
    54 0.807570 -0.358068 -1.318047 1.204203 0.673607 -0.793955
    55 1.789780 -0.000011 0.000008 0.000649 -0.006265 0.125751
    56 1.207003 0.000001 -0.000008 0.000001 -0.009610 0.362915
    57 11.481689 -0.000073 -0.000004 0.000155 0.000000 -0.000014
  time 75
    0 5.130624 87.354228 26.308727 1.399890 -0.032423 -3.641466
    1 3.890447 0.000000 0.000000 -2.077393 -0.756128 -0.839872
    2 17.848156 0.000000 0.000000 -0.157702 0.167783 1.567057
    3 16.525240 0.000000 0.000000 -0.193330 0.084608 -1.378102
    4 -3.890447 0.000000 0.000000 -1.681657 -0.270509 -1.829620
    5 17.848167 0.000000 0.000000 0.045286 0.106182 1.753754
    6 16.525238 0.000000 0.000000 0.109364 -0.322387 -1.749719
    7 0.000000 3.345131 -2.981898 1.570793 0.086297 1.570793
    8 4.015370 0.000000 0.000000 -0.103451 0.038830 0.518841
    9 3.520298 0.000000 0.000000 -0.083269 0.032071 0.473896
    10 8.940987 0.000000 0.000000 0.000000 0.000000 0.194090
    11 3.306377 -0.000001 0.000000 3.141590 0.000000 0.400476
    12 3.594185 0.000000 0.000000 0.355409 0.031155 0.768367
    13 2.036090 0.997452 1.937661 1.586913 -1.103600 2.953382
    14 6.028141 0.000011 0.000000 -1.441664 -0.284697 -0.308828
    15 11.692581 -0.000001 -0.000008 0.352827 -0.186849 -1.285798
    16 11.481684 0.000000 -0.000031 1.638277 -0.027956 -0.590065
    17 2.036090 0.997453 -1.937661 -1.668395 1.286515 2.942997
    18 6.028137 -0.000008 0.000000 1.526046 0.496920 -0.858934
    19 11.692554 0.000000 0.000019 0.008492 -0.100548 -0.849768
    20 11.481705 0.000000 0.000011 -1.658174 0.277111 0.083303
    21 2.000004 -3.000000 0.000000 -1.570796 0.000000 -1.326450
    22 2.676084 -1.712437 0.000000 -1.570796 0.000000 -1.571118
    23 2.676081 -1.712433 0.000000 1.570790 -0.000001 1.570689
    24 6.879441 -0.000010 0.000000 -0.007299 -0.002951 -0.584373
    25 6.879432 -0.000013 0.000000 -0.071769 -0.038423 -1.039056
    26 3.859711 -0.142445 -1.191958 -0.526689 0.237580 -0.267852
    27 1.312550 0.000008 0.000004 0.000001 0.009658 -0.439729
    28 0.729370 0.000006 0.000000 0.000861 0.004904 -0.069714
    29 3.942335 0.046738 -0.431422 -0.297890 0.113027 -0.463854
    30 1.539124 0.000015 -0.000015 -0.000004 0.004459 -0.247797
    31 1.196327 0.000032 -0.000010 -0.000004 0.007358 -0.430804
    32 3.881363 -0.043152 0.427624 -0.089688 0.085603 -0.414228
    33 1.719578 -0.000004 0.000004 0.000002 0.005508 -0.366497
    34 1.209160 -0.000010 -0.000011 -0.000003 0.003066 -0.216399
    35 3.863464 -0.136498 1.332175 0.131032 0.026725 -0.524550
    36 1.719427 0.000031 -0.000031 -0.000004 0.004093 -0.362993
    37 1.099674 -0.000004 -0.000011 -0.000004 0.002592 -0.244318
    38 0.807566 -0.347147 1.320592 -1.486048 -0.779862 -0.382020
    39 1.789783 -0.000007 0.000004 -0.000009 0.007379 0.228539
    40 1.207018 0.000015 -0.000008 0.001672 0.011132 0.512502
    41 11.481726 -0.000012 -0.000038 0.001269 0.000000 -0.000005
    42 3.859663 -0.132561 1.193130 0.479146 -0.158550 -0.879043
    43 1.312580 -0.000006 0.000003 -0.000002 -0.011936 -0.439671
    44 0.729366 -0.000008 -0.000001 0.000005 -0.006136 -0.244269
    45 3.942284 0.050331 0.431063 0.155002 -0.079340 -0.810200
    46 1.539131 -0.000004 0.000002 -0.000002 -0.005851 -0.247777
    47 1.196323 0.000004 0.000005 0.000003 -0.009665 -0.430761
    48 3.881350 -0.046456 -0.429353 -0.085917 -0.026381 -0.587698
    49 1.719599 0.000008 0.000010 0.000001 -0.007968 -0.366446
    50 1.209183 0.000010 0.000010 0.000003 -0.004455 -0.216371
    51 3.863456 -0.147312 -1.329162 -0.354413 0.038564 -0.531979
    52 1.719425 0.000011 0.000011 0.000000 -0.006624 -0.362954
    53 1.099663 0.000011 0.000010 0.000001 -0.004205 -0.244299
    54 0.807570 -0.358068 -1.318047 1.204203 0.673607 -0.793955
    55 1.789780 -0.000011 0.000008 0.000649 -0.006265 0.125751
    56 1.207003 0.000001 -0.000008 0.000001 -0.009610 0.362915
    57 11.481689 -0.000073 -0.000004 0.000155 0.000000 -0.000014
  time 76
    0 5.130624 87.330790 27.367353 1.434202 -0.023429 -3.592705
    1 3.890447 0.000000 0.000000 -2.072123 -0.772030 -0.882527
    2 17.848156 0.000000 0.000000 -0.175656 0.156771 1.482095
    3 16.525240 0.000000 0.000000 -0.160536 0.093497 -1.343292
    4 -3.890447 0.000000 0.000000 -1.657928 -0.237263 -1.834262
    5 17.848167 0.000000 0.000000 0.011873 0.065314 1.638268
    6 16.525238 0.000000 0.000000 0.121492 -0.276430 -1.777755
    7 0.000000 3.345131 -2.981898 1.570793 0.086297 1.570793
    8 4.015370 0.000000 0.000000 -0.103451 0.038830 0.518841
    9 3.520298 0.000000 0.000000 -0.082969 0.032970 0.484452
    10 8.940987 0.000000 0.000000 0.000000 0.000000 0.194090
    11 3.306377 -0.000001 0.000000 3.141590 0.000000 0.400476
    12 3.594185 0.000000 0.000000 0.351977 0.025719 0.770200
    13 2.036090 0.997452 1.937661 1.588138 -1.138634 2.952050
    14 6.028141 0.000011 0.000000 -1.431712 -0.308928 -0.367614
    15 11.692581 -0.000001 -0.000008 0.352022 -0.175818 -1.301706
    16 11.481684 0.000000 -0.000031 1.672439 -0.052684 -0.601099
    17 2.036090 0.997453 -1.937661 -1.668395 1.286515 2.942997
    18 6.028137 -0.000008 0.000000 1.520047 0.652191 -0.874872
    19 11.692554 0.000000 0.000019 0.034628 -0.120234 -0.796084
    20 11.481705 0.000000 0.000011 -1.621255 0.272085 0.152468
    21 2.000004 -3.000000 0.000000 -1.570796 0.000000 -1.326450
    22 2.676084 -1.712437 0.000000 -1.570796 0.000000 -1.571118
    23 2.676081 -1.712433 0.000000 1.570790 -0.000001 1.570689
    24 6.879441 -0.000010 0.000000 -0.007299 -0.002951 -0.584373
    25 6.879432 -0.000013 0.000000 -0.074298 -0.033246 -0.968236
    26 3.859711 -0.142445 -1.191958 -0.523126 0.223403 -0.358606
    27 1.312550 0.000008 0.000004 0.000001 0.009658 -0.439729
    28 0.729370 0.000006 0.000000 0.000729 0.004928 -0.095550
    29 3.942335 0.046738 -0.431422 -0.279182 0.101210 -0.528883
    30 1.539124 0.000015 -0.000015 -0.000004 0.004459 -0.247797
    31 1.196327 0.000032 -0.000010 -0.000004 0.007358 -0.430804
    32 3.881363 -0.043152 0.427624 -0.065227 0.074517 -0.455939
    33 1.719578 -0.000004 0.000004 0.000002 0.005508 -0.366497
    34 1.209160 -0.000010 -0.000011 -0.000003 0.003066 -0.216399
    35 3.863464 -0.136498 1.332175 0.164205 0.016646 -0.525778
    36 1.719427 0.000031 -0.000031 -0.000004 0.004093 -0.362993
    37 1.099674 -0.000004 -0.000011 -0.000004 0.002592 -0.244318
    38 0.807566 -0.347147 1.320592 -1.439971 -0.770565 -0.446715
    39 1.789783 -0.000007 0.000004 -0.000009 0.007379 0.228539
    40 1.207018 0.000015 -0.000008 0.001588 0.011144 0.504923
    41 11.481726 -0.000012 -0.000038 0.001269 0.000000 -0.000005
    42 3.859663 -0.132561 1.193130 0.479146 -0.158550 -0.879043
    43 1.312580 -0.000006 0.000003 -0.000002 -0.011936 -0.439671
    44 0.729366 -0.000008 -0.000001 0.000005 -0.006136 -0.244269
    45 3.942284 0.050331 0.431063 0.155002 -0.079328 -0.810200
    46 1.539131 -0.000004 0.000002 -0.000002 -0.005851 -0.247777
    47 1.196323 0.000004 0.000005 0.000003 -0.009665 -0.430761
    48 3.881350 -0.046456 -0.429353 -0.085917 -0.026393 -0.587664
    49 1.719599 0.000008 0.000010 0.000001 -0.007968 -0.366446
    50 1.209183 0.000010 0.000010 0.000003 -0.004455 -0.216371
    51 3.863456 -0.147312 -1.329162 -0.354413 0.038564 -0.531979
    52 1.719425 0.000011 0.000011 0.000000 -0.006624 -0.362954
    53 1.099663 0.000011 0.000010 0.000001 -0.004205 -0.244299
    54 0.807570 -0.358068 -1.318047 1.204203 0.673607 -0.793955
    55 1.789780 -0.000011 0.000008 0.000649 -0.006265 0.125751
    56 1.207003 0.000001 -0.000008 0.000001 -0.009610 0.362915
    57 11.481689 -0.000073 -0.000004 0.000155 0.000000 -0.000014
  time 77
    0 5.130624 87.283914 28.355664 1.466058 -0.015248 -3.527722
    1 3.890447 0.000000 0.000000 -2.061391 -0.795286 -0.936276
    2 17.848156 0.000000 0.000000 -0.196343 0.135444 1.396176
    3 16.525240 0.000000 0.000000 -0.120283 0.111669 -1.303137
    4 -3.890447 0.000000 0.000000 -1.634389 -0.187320 -1.835873
    5 17.848167 0.000000 0.000000 -0.018538 0.012835 1.507004
    6 16.525238 0.000000 0.000000 0.134828 -0.217927 -1.825307
    7 0.000000 3.345131 -2.981898 1.570793 0.086297 1.570793
    8 4.015370 0.000000 0.000000 -0.103451 0.038830 0.518841
    9 3.520298 0.000000 0.000000 -0.082658 0.033856 0.493271
    10 8.940987 0.000000 0.000000 0.000000 0.000000 0.194090
    11 3.306377 -0.000001 0.000000 3.141590 0.000000 0.400476
    12 3.594185 0.000000 0.000000 0.345166 0.018899 0.771155
    13 2.036090 0.997452 1.937661 1.590211 -1.189045 2.949767
    14 6.028141 0.000011 0.000000 -1.418551 -0.322239 -0.446858
    15 11.692581 -0.000001 -0.000008 0.352168 -0.163648 -1.342589
    16 11.481684 0.000000 -0.000031 1.710372 -0.077474 -0.583579
    17 2.036090 0.997453 -1.937661 -1.668395 1.286515 2.942997
    18 6.028137 -0.000008 0.000000 1.534385 0.787126 -0.862528
    19 11.692554 0.000000 0.000019 0.066885 -0.130416 -0.736770
    20 11.481705 0.000000 0.000011 -1.571032 0.258741 0.196947
    21 2.000004 -3.000000 0.000000 -1.570796 0.000000 -1.326450
    22 2.676084 -1.712437 0.000000 -1.570796 0.000000 -1.571118
    23 2.676081 -1.712433 0.000000 1.570790 -0.000001 1.570689
    24 6.879441 -0.000010 0.000000 -0.007299 -0.002951 -0.584373
    25 6.879432 -0.000013 0.000000 -0.077150 -0.025947 -0.872118
    26 3.859711 -0.142445 -1.191958 -0.516680 0.205786 -0.474800
    27 1.312550 0.000008 0.000004 0.000001 0.009658 -0.439729
    28 0.729370 0.000006 0.000000 0.000561 0.004952 -0.128539
    29 3.942335 0.046738 -0.431422 -0.253176 0.090364 -0.599646
    30 1.539124 0.000015 -0.000015 -0.000004 0.004459 -0.247797
    31 1.196327 0.000032 -0.000010 -0.000004 0.007358 -0.430804
    32 3.881363 -0.043152 0.427624 -0.032857 0.061490 -0.494662
    33 1.719578 -0.000004 0.000004 0.000002 0.005508 -0.366497
    34 1.209160 -0.000010 -0.000011 -0.000003 0.003066 -0.216399
    35 3.863464 -0.136498 1.332175 0.206307 0.003859 -0.527655
    36 1.719427 0.000031 -0.000031 -0.000004 0.004093 -0.362993
    37 1.099674 -0.000004 -0.000011 -0.000004 0.002592 -0.244318
    38 0.807566 -0.347147 1.320592 -1.383263 -0.755688 -0.527335
    39 1.789783 -0.000007 0.000004 -0.000009 0.007379 0.228539
    40 1.207018 0.000015 -0.000008 0.001456 0.011168 0.492751
    41 11.481726 -0.000012 -0.000038 0.001269 0.000000 -0.000005
    42 3.859663 -0.132561 1.193130 0.479146 -0.158550 -0.879043
    43 1.312580 -0.000006 0.000003 -0.000002 -0.011936 -0.439671
    44 0.729366 -0.000008 -0.000001 0.000005 -0.006136 -0.244269
    45 3.942284 0.050331 0.431063 0.155002 -0.079328 -0.810200
    46 1.539131 -0.000004 0.000002 -0.000002 -0.005851 -0.247777
    47 1.196323 0.000004 0.000005 0.000003 -0.009665 -0.430761
    48 3.881350 -0.046456 -0.429353 -0.085917 -0.026393 -0.587664
    49 1.719599 0.000008 0.000010 0.000001 -0.007968 -0.366446
    50 1.209183 0.000010 0.000010 0.000003 -0.004455 -0.216371
    51 3.863456 -0.147312 -1.329162 -0.354413 0.038564 -0.531979
    52 1.719425 0.000011 0.000011 0.000000 -0.006624 -0.362954
    53 1.099663 0.000011 0.000010 0.000001 -0.004205 -0.244299
    54 0.807570 -0.358068 -1.318047 1.204203 0.673607 -0.793955
    55 1.789780 -0.000011 0.000008 0.000649 -0.006265 0.125751
    56 1.207003 0.000001 -0.000008 0.000001 -0.009610 0.362915
    57 11.481689 -0.000073 -0.000004 0.000155 0.000000 -0.000014
  time 78
    0 5.130624 87.201880 29.269755 1.494801 -0.008695 -3.451479
    1 3.890447 0.000000 0.000000 -2.042036 -0.820655 -1.002553
    2 17.848156 0.000000 0.000000 -0.216886 0.105812 1.308708
    3 16.525240 0.000000 0.000000 -0.074720 0.136615 -1.257496
    4 -3.890447 0.000000 0.000000 -1.607149 -0.123725 -1.834641
    5 17.848167 0.000000 0.000000 -0.038224 -0.045899 1.359146
    6 16.525238 0.000000 0.000000 0.139718 -0.158197 -1.873435
    7 0.000000 3.345131 -2.981898 1.570793 0.086297 1.570793
    8 4.015370 0.000000 0.000000 -0.103451 0.038830 0.518841
    9 3.520298 0.000000 0.000000 -0.082394 0.034564 0.499580
    10 8.940987 0.000000 0.000000 0.000000 0.000000 0.194090
    11 3.306377 -0.000001 0.000000 3.141590 0.000000 0.400476
    12 3.594185 0.000000 0.000000 0.333848 0.011403 0.771370
    13 2.036090 0.997452 1.937661 1.593038 -1.239472 2.946722
    14 6.028141 0.000011 0.000000 -1.403528 -0.314327 -0.538122
    15 11.692581 -0.000001 -0.000008 0.352022 -0.150198 -1.413970
    16 11.481684 0.000000 -0.000031 1.747452 -0.099228 -0.528902
    17 2.036090 0.997453 -1.937661 -1.668395 1.286515 2.942997
    18 6.028137 -0.000008 0.000000 1.577136 0.851354 -0.821641
    19 11.692554 0.000000 0.000019 0.106806 -0.139269 -0.711633
    20 11.481705 0.000000 0.000011 -1.521335 0.249890 0.210646
    21 2.000004 -3.000000 0.000000 -1.570796 0.000000 -1.326450
    22 2.676084 -1.712437 0.000000 -1.570796 0.000000 -1.571118
    23 2.676081 -1.712433 0.000000 1.570790 -0.000001 1.570689
    24 6.879441 -0.000010 0.000000 -0.007299 -0.002951 -0.584373
    25 6.879432 -0.000013 0.000000 -0.079595 -0.017007 -0.758248
    26 3.859711 -0.142445 -1.191958 -0.507435 0.187661 -0.600341
    27 1.312550 0.000008 0.000004 0.000001 0.009658 -0.439729
    28 0.729370 0.000006 0.000000 0.000394 0.004964 -0.164082
    29 3.942335 0.046738 -0.431422 -0.223754 0.082071 -0.669072
    30 1.539124 0.000015 -0.000015 -0.000004 0.004459 -0.247797
    31 1.196327 0.000032 -0.000010 -0.000004 0.007358 -0.430804
    32 3.881363 -0.043152 0.427624 0.002953 0.048426 -0.528268
    33 1.719578 -0.000004 0.000004 0.000002 0.005508 -0.366497
    34 1.209160 -0.000010 -0.000011 -0.000003 0.003066 -0.216399
    35 3.863464 -0.136498 1.332175 0.251729 -0.009936 -0.529942
    36 1.719427 0.000031 -0.000031 -0.000004 0.004093 -0.362993
    37 1.099674 -0.000004 -0.000011 -0.000004 0.002592 -0.244318
    38 0.807566 -0.347147 1.320592 -1.325015 -0.736031 -0.611575
    39 1.789783 -0.000007 0.000004 -0.000009 0.007379 0.228539
    40 1.207018 0.000015 -0.000008 0.001264 0.011192 0.475428
    41 11.481726 -0.000012 -0.000038 0.001269 0.000000 -0.000005
    42 3.859663 -0.132561 1.193130 0.479146 -0.158550 -0.879043
    43 1.312580 -0.000006 0.000003 -0.000002 -0.011936 -0.439671
    44 0.729366 -0.000008 -0.000001 0.000005 -0.006136 -0.244269
    45 3.942284 0.050331 0.431063 0.155002 -0.079316 -0.810200
    46 1.539131 -0.000004 0.000002 -0.000002 -0.005851 -0.247777
    47 1.196323 0.000004 0.000005 0.000003 -0.009665 -0.430761
    48 3.881350 -0.046456 -0.429353 -0.085917 -0.026405 -0.587664
    49 1.719599 0.000008 0.000010 0.000001 -0.007968 -0.366446
    50 1.209183 0.000010 0.000010 0.000003 -0.004455 -0.216371
    51 3.863456 -0.147312 -1.329162 -0.354413 0.038564 -0.531979
    52 1.719425 0.000011 0.000011 0.000000 -0.006624 -0.362954
    53 1.099663 0.000011 0.000010 0.000001 -0.004205 -0.244299
    54 0.807570 -0.358068 -1.318047 1.204203 0.673607 -0.793955
    55 1.789780 -0.000011 0.000008 0.000649 -0.006265 0.125751
    56 1.207003 0.000001 -0.000008 0.000001 -0.009610 0.362915
    57 11.481689 -0.000073 -0.000004 0.000155 0.000000 -0.000014
  time 79
    0 5.130624 87.080782 30.113531 1.519450 -0.004155 -3.371134
    1 3.890447 0.000000 0.000000 -2.012715 -0.841659 -1.079159
    2 17.848156 0.000000 0.000000 -0.234456 0.071642 1.219399
    3 16.525240 0.000000 0.000000 -0.026588 0.164654 -1.206710
    4 -3.890447 0.000000 0.000000 -1.577725 -0.053255 -1.826399
    5 17.848167 0.000000 0.000000 -0.040740 -0.100783 1.201215
    6 16.525238 0.000000 0.000000 0.137033 -0.104530 -1.906191
    7 0.000000 3.345131 -2.981898 1.570793 0.086297 1.570793
    8 4.015370 0.000000 0.000000 -0.103451 0.038830 0.518841
    9 3.520298 0.000000 0.000000 -0.082166 0.035007 0.503152
    10 8.940987 0.000000 0.000000 0.000000 0.000000 0.194090
    11 3.306377 -0.000001 0.000000 3.141590 0.000000 0.400476
    12 3.594185 0.000000 0.000000 0.317238 0.004120 0.771116
    13 2.036090 0.997452 1.937661 1.595582 -1.274506 2.944059
    14 6.028141 0.000011 0.000000 -1.393320 -0.275631 -0.626170
    15 11.692581 -0.000001 -0.000008 0.346093 -0.136320 -1.513458
    16 11.481684 0.000000 -0.000031 1.777844 -0.120702 -0.443328
    17 2.036090 0.997453 -1.937661 -1.668395 1.286515 2.942997
    18 6.028137 -0.000008 0.000000 1.629734 0.825697 -0.783150
    19 11.692554 0.000000 0.000019 0.152131 -0.155192 -0.742321
    20 11.481705 0.000000 0.000011 -1.484012 0.259453 0.199494
    21 2.000004 -3.000000 0.000000 -1.570796 0.000000 -1.326450
    22 2.676084 -1.712437 0.000000 -1.570796 0.000000 -1.571118
    23 2.676081 -1.712433 0.000000 1.570790 -0.000001 1.570689
    24 6.879441 -0.000010 0.000000 -0.007299 -0.002951 -0.584373
    25 6.879432 -0.000013 0.000000 -0.081009 -0.007923 -0.645491
    26 3.859711 -0.142445 -1.191958 -0.496950 0.172049 -0.716045
    27 1.312550 0.000008 0.000004 0.000001 0.009658 -0.439729
    28 0.729370 0.000006 0.000000 0.000226 0.004976 -0.196997
    29 3.942335 0.046738 -0.431422 -0.195794 0.076929 -0.729377
    30 1.539124 0.000015 -0.000015 -0.000004 0.004459 -0.247797
    31 1.196327 0.000032 -0.000010 -0.000004 0.007358 -0.430804
    32 3.881363 -0.043152 0.427624 0.036702 0.037089 -0.555010
    33 1.719578 -0.000004 0.000004 0.000002 0.005508 -0.366497
    34 1.209160 -0.000010 -0.000011 -0.000003 0.003066 -0.216399
    35 3.863464 -0.136498 1.332175 0.293890 -0.022783 -0.532126
    36 1.719427 0.000031 -0.000031 -0.000004 0.004093 -0.362993
    37 1.099674 -0.000004 -0.000011 -0.000004 0.002592 -0.244318
    38 0.807566 -0.347147 1.320592 -1.274165 -0.714731 -0.686726
    39 1.789783 -0.000007 0.000004 -0.000009 0.007379 0.228539
    40 1.207018 0.000015 -0.000008 0.001013 0.011216 0.452986
    41 11.481726 -0.000012 -0.000038 0.001269 0.000000 -0.000005
    42 3.859663 -0.132561 1.193130 0.479146 -0.158550 -0.879043
    43 1.312580 -0.000006 0.000003 -0.000002 -0.011936 -0.439671
    44 0.729366 -0.000008 -0.000001 0.000005 -0.006136 -0.244269
    45 3.942284 0.050331 0.431063 0.155002 -0.079316 -0.810200
    46 1.539131 -0.000004 0.000002 -0.000002 -0.005851 -0.247777
    47 1.196323 0.000004 0.000005 0.000003 -0.009665 -0.430761
    48 3.881350 -0.046456 -0.429353 -0.085917 -0.026405 -0.587664
    49 1.719599 0.000008 0.000010 0.000001 -0.007968 -0.366446
    50 1.209183 0.000010 0.000010 0.000003 -0.004455 -0.216371
    51 3.863456 -0.147312 -1.329162 -0.354413 0.038564 -0.531979
    52 1.719425 0.000011 0.000011 0.000000 -0.006624 -0.362954
    53 1.099663 0.000011 0.000010 0.000001 -0.004205 -0.244299
    54 0.807570 -0.358068 -1.318047 1.204203 0.673607 -0.793955
    55 1.789780 -0.000011 0.000008 0.000649 -0.006265 0.125751
    56 1.207003 0.000001 -0.000008 0.000001 -0.009610 0.362915
    57 11.481689 -0.000073 -0.000004 0.000155 0.000000 -0.000014
  time 80
    0 5.130624 86.916715 30.894804 1.539268 -0.001585 -3.294795
    1 3.890447 0.000000 0.000000 -1.976016 -0.852551 -1.160260
    2 17.848156 0.000000 0.000000 -0.246921 0.037781 1.128026
    3 16.525240 0.000000 0.000000 0.020822 0.191336 -1.152065
    4 -3.890447 0.000000 0.000000 -1.549155 0.012599 -1.809632
    5 17.848167 0.000000 0.000000 -0.026748 -0.142506 1.048987
    6 16.525238 0.000000 0.000000 0.131272 -0.060586 -1.915460
    7 0.000000 3.345131 -2.981898 1.570793 0.086297 1.570793
    8 4.015370 0.000000 0.000000 -0.103451 0.038830 0.518841
    9 3.520298 0.000000 0.000000 -0.081975 0.035127 0.504263
    10 8.940987 0.000000 0.000000 0.000000 0.000000 0.194090
    11 3.306377 -0.000001 0.000000 3.141590 0.000000 0.400476
    12 3.594185 0.000000 0.000000 0.295284 -0.002150 0.770687
    13 2.036090 0.997452 1.937661 1.596619 -1.286515 2.943012
    14 6.028141 0.000011 0.000000 -1.400446 -0.237183 -0.674939
    15 11.692581 -0.000001 -0.000008 0.327829 -0.126392 -1.599181
    16 11.481684 0.000000 -0.000031 1.784128 -0.139078 -0.372752
    17 2.036090 0.997453 -1.937661 -1.668395 1.286515 2.942997
    18 6.028137 -0.000008 0.000000 1.674108 0.748340 -0.768670
    19 11.692554 0.000000 0.000019 0.202198 -0.179290 -0.801001
    20 11.481705 0.000000 0.000011 -1.457405 0.282582 0.169241
    21 2.000004 -3.000000 0.000000 -1.570796 0.000000 -1.326450
    22 2.676084 -1.712437 0.000000 -1.570796 0.000000 -1.571118
    23 2.676081 -1.712433 0.000000 1.570790 -0.000001 1.570689
    24 6.879441 -0.000010 0.000000 -0.007299 -0.002951 -0.584373
    25 6.879432 -0.000013 0.000000 -0.081333 -0.002949 -0.584376
    26 3.859711 -0.142445 -1.191958 -0.487561 0.160773 -0.806046
    27 1.312550 0.000008 0.000004 0.000001 0.009658 -0.439729
    28 0.729370 0.000006 0.000000 0.000094 0.004976 -0.222833
    29 3.942335 0.046738 -0.431422 -0.173562 0.074425 -0.774598
    30 1.539124 0.000015 -0.000015 -0.000004 0.004459 -0.247797
    31 1.196327 0.000032 -0.000010 -0.000004 0.007358 -0.430804
    32 3.881363 -0.043152 0.427624 0.063499 0.028640 -0.573766
    33 1.719578 -0.000004 0.000004 0.000002 0.005508 -0.366497
    34 1.209160 -0.000010 -0.000011 -0.000003 0.003066 -0.216399
    35 3.863464 -0.136498 1.332175 0.327040 -0.033066 -0.533491
    36 1.719427 0.000031 -0.000031 -0.000004 0.004093 -0.362993
    37 1.099674 -0.000004 -0.000011 -0.000004 0.002592 -0.244318
    38 0.807566 -0.347147 1.320592 -1.236516 -0.696101 -0.743588
    39 1.789783 -0.000007 0.000004 -0.000009 0.007379 0.228539
    40 1.207018 0.000015 -0.000008 0.000713 0.011240 0.426116
    41 11.481726 -0.000012 -0.000038 0.001269 0.000000 -0.000005
    42 3.859663 -0.132561 1.193130 0.479146 -0.158550 -0.879043
    43 1.312580 -0.000006 0.000003 -0.000002 -0.011936 -0.439671
    44 0.729366 -0.000008 -0.000001 0.000005 -0.006136 -0.244269
    45 3.942284 0.050331 0.431063 0.155002 -0.079316 -0.810200
    46 1.539131 -0.000004 0.000002 -0.000002 -0.005851 -0.247777
    47 1.196323 0.000004 0.000005 0.000003 -0.009665 -0.430761
    48 3.881350 -0.046456 -0.429353 -0.085917 -0.026405 -0.587664
    49 1.719599 0.000008 0.000010 0.000001 -0.007968 -0.366446
    50 1.209183 0.000010 0.000010 0.000003 -0.004455 -0.216371
    51 3.863456 -0.147312 -1.329162 -0.354413 0.038564 -0.531979
    52 1.719425 0.000011 0.000011 0.000000 -0.006624 -0.362954
    53 1.099663 0.000011 0.000010 0.000001 -0.004205 -0.244299
    54 0.807570 -0.358068 -1.318047 1.204203 0.673607 -0.793955
    55 1.789780 -0.000011 0.000008 0.000649 -0.006265 0.125751
    56 1.207003 0.000001 -0.000008 0.000001 -0.009610 0.362915
    57 11.481689 -0.000073 -0.000004 0.000155 0.000000 -0.000014
  time 81
    0 5.126718 86.701865 31.621389 1.554008 -0.000385 -3.229717
    1 3.890447 0.000000 0.000000 -1.937497 -0.849380 -1.236770
    2 17.848156 0.000000 0.000000 -0.253585 0.009026 1.033411
    3 16.525240 0.000000 0.000000 0.064604 0.212698 -1.094563
    4 -3.890447 0.000000 0.000000 -1.524857 0.063769 -1.787843
    5 17.848167 0.000000 0.000000 -0.004326 -0.167931 0.918759
    6 16.525238 0.000000 0.000000 0.126097 -0.026142 -1.899312
    7 0.000000 3.345131 -2.981898 1.570793 0.086297 1.570793
    8 4.015370 0.000000 0.000000 -0.097159 0.036169 0.513416
    9 3.520298 0.000000 0.000000 -0.079290 0.033353 0.490375
    10 8.940987 0.000000 0.000000 0.000000 0.000000 0.194090
    11 3.306377 -0.000001 0.000000 3.141590 0.000000 0.400476
    12 3.594185 0.000000 0.000000 0.268430 -0.006928 0.770317
    13 2.036090 0.997452 1.937661 1.596619 -1.286515 2.943012
    14 6.028141 0.000011 0.000000 -1.427892 -0.217320 -0.683902
    15 11.692581 -0.000001 -0.000008 0.289472 -0.116856 -1.655478
    16 11.481684 0.000000 -0.000031 1.757014 -0.148498 -0.319200
    17 2.036090 0.997453 -1.937661 -1.668395 1.286515 2.942997
    18 6.028137 -0.000008 0.000000 1.711161 0.651119 -0.778046
    19 11.692554 0.000000 0.000019 0.253753 -0.209101 -0.832323
    20 11.481705 0.000000 0.000011 -1.436175 0.302509 0.111536
    21 2.000004 -3.000000 0.000000 -1.570796 0.000000 -1.326450
    22 2.676084 -1.712437 0.000000 -1.570796 0.000000 -1.571118
    23 2.676081 -1.712433 0.000000 1.570790 -0.000001 1.570689
    24 6.879441 -0.000010 0.000000 -0.007299 -0.002951 -0.584373
    25 6.879432 -0.000013 0.000000 -0.081333 -0.002949 -0.584376
    26 3.859711 -0.142445 -1.191958 -0.481287 0.154268 -0.861524
    27 1.312550 0.000008 0.000004 0.000001 0.009658 -0.439729
    28 0.729370 0.000006 0.000000 0.000022 0.004976 -0.238963
    29 3.942335 0.046738 -0.431422 -0.159648 0.073514 -0.801801
    30 1.539124 0.000015 -0.000015 -0.000004 0.004459 -0.247797
    31 1.196327 0.000032 -0.000010 -0.000004 0.007358 -0.430804
    32 3.881363 -0.043152 0.427624 0.080290 0.023522 -0.584504
    33 1.719578 -0.000004 0.000004 0.000002 0.005508 -0.366497
    34 1.209160 -0.000010 -0.000011 -0.000003 0.003066 -0.216399
    35 3.863464 -0.136498 1.332175 0.347653 -0.039837 -0.533457
    36 1.719427 0.000031 -0.000031 -0.000004 0.004093 -0.362993
    37 1.099674 -0.000004 -0.000011 -0.000004 0.002592 -0.244318
    38 0.807566 -0.347147 1.320592 -1.214134 -0.683725 -0.778005
    39 1.789783 -0.000007 0.000004 -0.000009 0.007379 0.228539
    40 1.207018 0.000015 -0.000008 0.000365 0.011252 0.395734
    41 11.481726 -0.000012 -0.000038 0.001269 0.000000 -0.000005
    42 3.859663 -0.132561 1.193130 0.469721 -0.186304 -0.824205
    43 1.312580 -0.000006 0.000003 -0.000014 -0.011936 -0.437995
    44 0.729366 -0.000008 -0.000001 -0.000174 -0.006136 -0.215373
    45 3.942284 0.050331 0.431063 0.151011 -0.086711 -0.762041
    46 1.539131 -0.000004 0.000002 -0.000002 -0.005851 -0.248083
    47 1.196323 0.000004 0.000005 -0.000644 -0.009641 -0.363407
    48 3.881350 -0.046456 -0.429353 -0.087008 -0.022510 -0.542723
    49 1.719599 0.000008 0.000010 -0.000071 -0.007968 -0.356990
    50 1.209183 0.000010 0.000010 -0.000141 -0.004455 -0.184678
    51 3.863456 -0.147312 -1.329162 -0.352316 0.055176 -0.486928
    52 1.719425 0.000011 0.000011 -0.000168 -0.006624 -0.336338
    53 1.099663 0.000011 0.000010 0.000001 -0.004205 -0.244299
    54 0.807570 -0.358068 -1.318047 1.201099 0.683596 -0.798904
    55 1.789780 -0.000011 0.000008 0.000649 -0.006265 0.125751
    56 1.207003 0.000001 -0.000008 0.007863 -0.025358 0.334264
    57 11.481689 -0.000073 -0.000004 0.000155 0.000000 -0.000014
  time 82
    0 5.126718 86.444044 32.308910 1.563753 -0.000043 -3.180956
    1 3.890447 0.000000 0.000000 -1.903385 -0.831088 -1.300561
    2 17.848156 0.000000 0.000000 -0.255239 -0.011244 0.934449
    3 16.525240 0.000000 0.000000 0.102337 0.225897 -1.035346
    4 -3.890447 0.000000 0.000000 -1.505589 0.095837 -1.767001
    5 17.848167 0.000000 0.000000 0.017920 -0.178403 0.820607
    6 16.525238 0.000000 0.000000 0.123643 -0.002967 -1.858639
    7 0.000000 3.345131 -2.981898 1.570793 0.086297 1.570793
    8 4.015370 0.000000 0.000000 -0.078799 0.028559 0.496358
    9 3.520298 0.000000 0.000000 -0.071416 0.028320 0.448823
    10 8.940987 0.000000 0.000000 0.000000 0.000000 0.194090
    11 3.306377 -0.000001 0.000000 3.141590 0.000000 0.400476
    12 3.594185 0.000000 0.000000 0.237490 -0.009966 0.770122
    13 2.036090 0.997452 1.937661 1.596619 -1.286515 2.943012
    14 6.028141 0.000011 0.000000 -1.446447 -0.215384 -0.705940
    15 11.692581 -0.000001 -0.000008 0.224287 -0.084653 -1.637591
    16 11.481684 0.000000 -0.000031 1.733940 -0.147228 -0.262181
    17 2.036090 0.997453 -1.937661 -1.668395 1.286515 2.942997
    18 6.028137 -0.000008 0.000000 1.743422 0.540254 -0.811693
    19 11.692554 0.000000 0.000019 0.295219 -0.238629 -0.798939
    20 11.481705 0.000000 0.000011 -1.421295 0.305311 0.017739
    21 2.000004 -3.000000 0.000000 -1.570796 0.000000 -1.326450
    22 2.676084 -1.712437 0.000000 -1.570796 0.000000 -1.571118
    23 2.676081 -1.712433 0.000000 1.570790 -0.000001 1.570689
    24 6.879441 -0.000010 0.000000 -0.007299 -0.002951 -0.584373
    25 6.879432 -0.000013 0.000000 -0.081333 -0.002949 -0.584376
    26 3.859711 -0.142445 -1.191958 -0.479138 0.152189 -0.879878
    27 1.312550 0.000008 0.000004 0.000001 0.009658 -0.439729
    28 0.729370 0.000006 0.000000 -0.000002 0.004976 -0.244290
    29 3.942335 0.046738 -0.431422 -0.155010 0.073322 -0.810663
    30 1.539124 0.000015 -0.000015 -0.000004 0.004459 -0.247797
    31 1.196327 0.000032 -0.000010 -0.000004 0.007358 -0.430804
    32 3.881363 -0.043152 0.427624 0.085910 0.021845 -0.587847
    33 1.719578 -0.000004 0.000004 0.000002 0.005508 -0.366497
    34 1.209160 -0.000010 -0.000011 -0.000003 0.003066 -0.216399
    35 3.863464 -0.136498 1.332175 0.354449 -0.042749 -0.531717
    36 1.719427 0.000031 -0.000031 -0.000004 0.004093 -0.362993
    37 1.099674 -0.000004 -0.000011 -0.000004 0.002592 -0.244318
    38 0.807566 -0.347147 1.320592 -1.206947 -0.679469 -0.789292
    39 1.789783 -0.000007 0.000004 -0.000009 0.007379 0.228539
    40 1.207018 0.000015 -0.000008 -0.000006 0.011264 0.362860
    41 11.481726 -0.000012 -0.000038 0.001269 0.000000 -0.000005
    42 3.859663 -0.132561 1.193130 0.437507 -0.256133 -0.677694
    43 1.312580 -0.000006 0.000003 -0.000073 -0.011936 -0.433557
    44 0.729366 -0.000008 -0.000001 -0.000630 -0.006100 -0.139734
    45 3.942284 0.050331 0.431063 0.138907 -0.105071 -0.635820
    46 1.539131 -0.000004 0.000002 0.000010 -0.005851 -0.251059
    47 1.196323 0.000004 0.000005 -0.002322 -0.009377 -0.187496
    48 3.881350 -0.046456 -0.429353 -0.089033 -0.012131 -0.425295
    49 1.719599 0.000008 0.000010 -0.000263 -0.007968 -0.332232
    50 1.209183 0.000010 0.000010 -0.000500 -0.004431 -0.101641
    51 3.863456 -0.147312 -1.329162 -0.343256 0.097969 -0.368689
    52 1.719425 0.000011 0.000011 -0.000636 -0.006589 -0.266551
    53 1.099663 0.000011 0.000010 0.000001 -0.004205 -0.244299
    54 0.807570 -0.358068 -1.318047 1.192545 0.709653 -0.812231
    55 1.789780 -0.000011 0.000008 0.000649 -0.006265 0.125751
    56 1.207003 0.000001 -0.000008 0.030550 -0.065399 0.258713
    57 11.481689 -0.000073 -0.000004 0.000155 0.000000 -0.000014
  time 83
    0 5.126718 86.147160 32.969087 1.569158 0.000043 -3.151375
    1 3.890447 0.000000 0.000000 -1.837270 -0.811693 -1.346754
    2 17.848156 0.000000 0.000000 -0.241360 -0.058103 0.935186
    3 16.525240 0.000000 0.000000 0.092744 0.281408 -1.002565
    4 -3.890447 0.000000 0.000000 -1.492681 0.116069 -1.749476
    5 17.848167 0.000000 0.000000 0.036856 -0.177384 0.741716
    6 16.525238 0.000000 0.000000 0.123714 0.010977 -1.805590
    7 0.000000 3.345131 -2.981898 1.570793 0.086297 1.570793
    8 4.015370 0.000000 0.000000 -0.052193 0.018097 0.468640
    9 3.520298 0.000000 0.000000 -0.058677 0.021081 0.383068
    10 8.940987 0.000000 0.000000 0.000000 0.000000 0.194090
    11 3.306377 -0.000001 0.000000 3.141590 0.000000 0.400476
    12 3.594185 0.000000 0.000000 0.171941 -0.005365 0.732839
    13 2.036090 0.997452 1.937661 1.596619 -1.286515 2.943012
    14 6.028141 0.000011 0.000000 -1.444874 -0.201084 -0.757767
    15 11.692581 -0.000001 -0.000008 0.139228 -0.021136 -1.523844
    16 11.481684 0.000000 -0.000031 1.734613 -0.152991 -0.210837
    17 2.036090 0.997453 -1.937661 -1.668395 1.286515 2.942997
    18 6.028137 -0.000008 0.000000 1.776664 0.427115 -0.859923
    19 11.692554 0.000000 0.000019 0.319535 -0.259135 -0.706876
    20 11.481705 0.000000 0.000011 -1.406980 0.285117 -0.095614
    21 2.000004 -3.000000 0.000000 -1.570796 0.000000 -1.326450
    22 2.676084 -1.712437 0.000000 -1.570796 0.000000 -1.571118
    23 2.676081 -1.712433 0.000000 1.570790 -0.000001 1.570689
    24 6.879441 -0.000010 0.000000 -0.007299 -0.002951 -0.584373
    25 6.879432 -0.000013 0.000000 -0.081333 -0.002949 -0.584376
    26 3.859711 -0.142445 -1.191958 -0.474840 0.166052 -0.852704
    27 1.312550 0.000008 0.000004 0.000205 0.009658 -0.417430
    28 0.729370 0.000006 0.000000 0.000022 0.004976 -0.238233
    29 3.942335 0.046738 -0.431422 -0.152877 0.077720 -0.782221
    30 1.539124 0.000015 -0.000015 0.000092 0.004459 -0.227067
    31 1.196327 0.000032 -0.000010 0.000212 0.007358 -0.401317
    32 3.881363 -0.043152 0.427624 0.086641 0.018693 -0.551401
    33 1.719578 -0.000004 0.000004 0.000038 0.005508 -0.359310
    34 1.209160 -0.000010 -0.000011 0.000093 0.003066 -0.185583
    35 3.863464 -0.136498 1.332175 0.352903 -0.054422 -0.500046
    36 1.719427 0.000031 -0.000031 0.000080 0.004093 -0.343239
    37 1.099674 -0.000004 -0.000011 -0.000004 0.002592 -0.244318
    38 0.807566 -0.347147 1.320592 -1.202295 -0.694085 -0.796553
    39 1.789783 -0.000007 0.000004 -0.000009 0.007379 0.228539
    40 1.207018 0.000015 -0.000008 -0.000557 0.011252 0.313088
    41 11.481726 -0.000012 -0.000038 0.001269 0.000000 -0.000005
    42 3.859663 -0.132561 1.193130 0.394246 -0.320526 -0.525927
    43 1.312580 -0.000006 0.000003 -0.000121 -0.011936 -0.429120
    44 0.729366 -0.000008 -0.000001 -0.001097 -0.006040 -0.064095
    45 3.942284 0.050331 0.431063 0.124549 -0.121777 -0.509115
    46 1.539131 -0.000004 0.000002 0.000058 -0.005851 -0.259680
    47 1.196323 0.000004 0.000005 -0.003928 -0.008826 -0.011516
    48 3.881350 -0.046456 -0.429353 -0.089848 -0.001597 -0.307867
    49 1.719599 0.000008 0.000010 -0.000466 -0.007956 -0.307516
    50 1.209183 0.000010 0.000010 -0.000872 -0.004371 -0.018603
    51 3.863456 -0.147312 -1.329162 -0.329114 0.139400 -0.249436
    52 1.719425 0.000011 0.000011 -0.001091 -0.006529 -0.196810
    53 1.099663 0.000011 0.000010 0.000001 -0.004205 -0.244299
    54 0.807570 -0.358068 -1.318047 1.183314 0.735610 -0.826181
    55 1.789780 -0.000011 0.000008 0.000649 -0.006265 0.125751
    56 1.207003 0.000001 -0.000008 0.056305 -0.103594 0.181959
    57 11.481689 -0.000073 -0.000004 0.000155 0.000000 -0.000014
  time 84
    0 5.126718 85.819025 33.613637 1.570796 0.000000 -3.141547
    1 3.890447 0.000000 0.000000 -1.771633 -0.765458 -1.365117
    2 17.848156 0.000000 0.000000 -0.224221 -0.098746 0.974019
    3 16.525240 0.000000 0.000000 0.041840 0.338877 -1.034203
    4 -3.890447 0.000000 0.000000 -1.485847 0.133110 -1.734413
    5 17.848167 0.000000 0.000000 0.052525 -0.166464 0.666083
    6 16.525238 0.000000 0.000000 0.124817 0.017066 -1.750669
    7 0.000000 3.345131 -2.981898 1.570793 0.086297 1.570793
    8 4.015370 0.000000 0.000000 -0.025347 0.008305 0.434841
    9 3.520298 0.000000 0.000000 -0.042569 0.013387 0.302619
    10 8.940987 0.000000 0.000000 0.000000 0.000000 0.194090
    11 3.306377 -0.000001 0.000000 3.141590 0.000000 0.400476
    12 3.594185 0.000000 0.000000 0.076159 0.002255 0.641796
    13 2.036090 0.997452 1.937661 1.596619 -1.286515 2.943012
    14 6.028141 0.000011 0.000000 -1.457810 -0.170342 -0.814444
    15 11.692581 -0.000001 -0.000008 0.050325 0.058962 -1.320499
    16 11.481684 0.000000 -0.000031 1.729586 -0.158600 -0.172914
    17 2.036090 0.997453 -1.937661 -1.668395 1.286515 2.942997
    18 6.028137 -0.000008 0.000000 1.813755 0.320411 -0.913050
    19 11.692554 0.000000 0.000019 0.327972 -0.263095 -0.582618
    20 11.481705 0.000000 0.000011 -1.386640 0.245041 -0.207512
    21 2.000004 -3.000000 0.000000 -1.570796 0.000000 -1.326450
    22 2.676084 -1.712437 0.000000 -1.570796 0.000000 -1.571118
    23 2.676081 -1.712433 0.000000 1.570790 -0.000001 1.570689
    24 6.879441 -0.000010 0.000000 -0.008006 -0.003035 -0.595454
    25 6.879432 -0.000013 0.000000 -0.081333 -0.002949 -0.584376
    26 3.859711 -0.142445 -1.191958 -0.461716 0.201734 -0.780983
    27 1.312550 0.000008 0.000004 0.000768 0.009634 -0.359039
    28 0.729370 0.000006 0.000000 0.000106 0.004976 -0.222322
    29 3.942335 0.046738 -0.431422 -0.146669 0.088926 -0.707744
    30 1.539124 0.000015 -0.000015 0.000331 0.004459 -0.172776
    31 1.196327 0.000032 -0.000010 0.000775 0.007322 -0.324057
    32 3.881363 -0.043152 0.427624 0.088020 0.010339 -0.456146
    33 1.719578 -0.000004 0.000004 0.000146 0.005508 -0.340411
    34 1.209160 -0.000010 -0.000011 0.000333 0.003054 -0.104892
    35 3.863464 -0.136498 1.332175 0.347533 -0.083006 -0.421688
    36 1.719427 0.000031 -0.000031 0.000284 0.004081 -0.291518
    37 1.099674 -0.000004 -0.000011 -0.000004 0.002592 -0.244318
    38 0.807566 -0.347147 1.320592 -1.189303 -0.732204 -0.816375
    39 1.789783 -0.000007 0.000004 -0.000009 0.007379 0.228539
    40 1.207018 0.000015 -0.000008 -0.001348 0.011180 0.241892
    41 11.481726 -0.000012 -0.000038 0.001269 0.000000 -0.000005
    42 3.859663 -0.132561 1.193130 0.373821 -0.344440 -0.463311
    43 1.312580 -0.000006 0.000003 -0.000145 -0.011936 -0.427444
    44 0.729366 -0.000008 -0.000001 -0.001277 -0.006004 -0.034742
    45 3.942284 0.050331 0.431063 0.118257 -0.127890 -0.458633
    46 1.539131 -0.000004 0.000002 0.000142 -0.005851 -0.274253
    47 1.196323 0.000004 0.000005 -0.004563 -0.008514 0.061286
    48 3.881350 -0.046456 -0.429353 -0.089824 0.002598 -0.261314
    49 1.719599 0.000008 0.000010 -0.000538 -0.007956 -0.298019
    50 1.209183 0.000010 0.000010 -0.001016 -0.004335 0.013675
    51 3.863456 -0.147312 -1.329162 -0.322091 0.155384 -0.201597
    52 1.719425 0.000011 0.000011 -0.001259 -0.006505 -0.169828
    53 1.099663 0.000011 0.000010 0.000001 -0.004205 -0.244299
    54 0.807570 -0.358068 -1.318047 1.179594 0.745533 -0.831694
    55 1.789780 -0.000011 0.000008 0.000649 -0.006265 0.125751
    56 1.207003 0.000001 -0.000008 0.067151 -0.117939 0.151677
    57 11.481689 -0.000073 -0.000004 0.000155 0.000000 -0.000014
  time 85
    0 5.060310 85.404950 34.262095 1.570796 0.000000 -3.156242
    1 3.890447 0.000000 0.000000 -1.763201 -0.691464 -1.346563
    2 17.848156 0.000000 0.000000 -0.213698 -0.085671 0.946976
    3 16.525240 0.000000 0.000000 -0.004327 0.332956 -1.090162
    4 -3.890447 0.000000 0.000000 -1.487460 0.142146 -1.725887
    5 17.848167 0.000000 0.000000 0.061221 -0.147008 0.595784
    6 16.525238 0.000000 0.000000 0.127004 0.013972 -1.692438
    7 0.000000 3.345131 -2.981898 1.570793 0.086297 1.570793
    8 4.015370 0.000000 0.000000 -0.006508 0.002013 0.401381
    9 3.520298 0.000000 0.000000 -0.025923 0.007023 0.222075
    10 8.940987 0.000000 0.000000 0.000000 0.000000 0.194090
    11 3.306377 -0.000001 0.000000 3.141590 0.000000 0.400476
    12 3.594185 0.000000 0.000000 0.034949 0.003871 0.572066
    13 2.036090 0.997452 1.937661 1.596619 -1.286515 2.943012
    14 6.028141 0.000011 0.000000 -1.488691 -0.156207 -0.863530
    15 11.692581 -0.000001 -0.000008 0.013652 0.126606 -1.042971
    16 11.481684 0.000000 -0.000031 1.675223 -0.156555 -0.147827
    17 2.036090 0.997453 -1.937661 -1.668395 1.286515 2.942997
    18 6.028137 -0.000008 0.000000 1.851147 0.226279 -0.960812
    19 11.692554 0.000000 0.000019 0.330839 -0.249066 -0.470969
    20 11.481705 0.000000 0.000011 -1.359062 0.193134 -0.295325
    21 2.000004 -3.000000 0.000000 -1.570796 0.000000 -1.326450
    22 2.676084 -1.712437 0.000000 -1.570796 0.000000 -1.571118
    23 2.676081 -1.712433 0.000000 1.570790 -0.000001 1.570689
    24 6.879441 -0.000010 0.000000 -0.009528 -0.003239 -0.619175
    25 6.879432 -0.000013 0.000000 -0.081333 -0.002949 -0.584376
    26 3.859711 -0.142445 -1.191958 -0.445894 0.236398 -0.708206
    27 1.312550 0.000008 0.000004 0.001331 0.009574 -0.300649
    28 0.729370 0.000006 0.000000 0.000178 0.004976 -0.206485
    29 3.942335 0.046738 -0.431422 -0.139646 0.099640 -0.633105
    30 1.539124 0.000015 -0.000015 0.000571 0.004435 -0.118436
    31 1.196327 0.000032 -0.000010 0.001338 0.007238 -0.246797
    32 3.881363 -0.043152 0.427624 0.088607 0.001902 -0.360891
    33 1.719578 -0.000004 0.000004 0.000242 0.005496 -0.321512
    34 1.209160 -0.000010 -0.000011 0.000584 0.003018 -0.024269
    35 3.863464 -0.136498 1.332175 0.339995 -0.110762 -0.343808
    36 1.719427 0.000031 -0.000031 0.000499 0.004057 -0.239798
    37 1.099674 -0.000004 -0.000011 -0.000004 0.002592 -0.244318
    38 0.807566 -0.347147 1.320592 -1.174789 -0.770099 -0.837620
    39 1.789783 -0.000007 0.000004 -0.000009 0.007379 0.228539
    40 1.207018 0.000015 -0.000008 -0.002020 0.011072 0.181884
    41 11.481726 -0.000012 -0.000038 0.001269 0.000000 -0.000005
    42 3.859663 -0.132561 1.193130 0.381052 -0.319946 -0.542238
    43 1.312580 -0.000006 0.000003 -0.000002 -0.011936 -0.440854
    44 0.729366 -0.000008 -0.000001 -0.000558 -0.006112 -0.152874
    45 3.942284 0.050331 0.431063 0.122296 -0.118925 -0.530469
    46 1.539131 -0.000004 0.000002 0.000549 -0.005827 -0.343308
    47 1.196323 0.000004 0.000005 -0.003496 -0.009006 -0.059870
    48 3.881350 -0.046456 -0.429353 -0.087595 -0.004258 -0.337644
    49 1.719599 0.000008 0.000010 -0.000071 -0.007968 -0.357639
    50 1.209183 0.000010 0.000010 -0.005678 0.000830 -0.104504
    51 3.863456 -0.147312 -1.329162 -0.322295 0.140242 -0.282681
    52 1.719425 0.000011 0.000011 -0.000863 -0.006565 -0.230514
    53 1.099663 0.000011 0.000010 0.000468 -0.004181 -0.358827
    54 0.807570 -0.358068 -1.318047 1.182518 0.720867 -0.834930
    55 1.789780 -0.000011 0.000008 0.000649 -0.006265 0.125751
    56 1.207003 0.000001 -0.000008 0.064466 -0.117568 0.181260
    57 11.481689 -0.000073 -0.000004 0.000155 0.000000 -0.000014
  time 86
    0 4.861085 84.861965 34.902739 1.570796 0.000000 -3.200709
    1 3.890447 0.000000 0.000000 -1.768759 -0.593019 -1.317011
    2 17.848156 0.000000 0.000000 -0.205668 -0.050959 0.898931
    3 16.525240 0.000000 0.000000 -0.056912 0.298506 -1.156867
    4 -3.890447 0.000000 0.000000 -1.499040 0.137333 -1.727782
    5 17.848167 0.000000 0.000000 0.059676 -0.120891 0.534374
    6 16.525238 0.000000 0.000000 0.130027 -0.001126 -1.630407
    7 0.000000 3.345131 -2.981898 1.570793 0.086297 1.570793
    8 4.015370 0.000000 0.000000 0.000000 0.000000 0.372754
    9 3.520298 0.000000 0.000000 -0.011961 0.002816 0.156078
    10 8.940987 0.000000 0.000000 0.000000 0.000000 0.194090
    11 3.306377 -0.000001 0.000000 3.141590 0.000000 0.400476
    12 3.594185 0.000000 0.000000 0.049856 0.009324 0.532501
    13 2.036090 0.997452 1.937661 1.596619 -1.286515 2.943012
    14 6.028141 0.000011 0.000000 -1.524580 -0.178914 -0.899487
    15 11.692581 -0.000001 -0.000008 -0.005197 0.160197 -0.740138
    16 11.481684 0.000000 -0.000031 1.600299 -0.143044 -0.154042
    17 2.036090 0.997453 -1.937661 -1.668395 1.286515 2.942997
    18 6.028137 -0.000008 0.000000 1.883748 0.145704 -0.986855
    19 11.692554 0.000000 0.000019 0.338834 -0.243211 -0.408483
    20 11.481705 0.000000 0.000011 -1.331080 0.145496 -0.347590
    21 2.000004 -3.000000 0.000000 -1.570796 0.000000 -1.326450
    22 2.676084 -1.712437 0.000000 -1.570796 0.000000 -1.571118
    23 2.676081 -1.712433 0.000000 1.570790 -0.000001 1.570689
    24 6.879441 -0.000010 0.000000 -0.010247 -0.003346 -0.630273
    25 6.879432 -0.000013 0.000000 -0.081333 -0.002949 -0.584376
    26 3.859711 -0.142445 -1.191958 -0.439015 0.249543 -0.679638
    27 1.312550 0.000008 0.000004 0.001547 0.009538 -0.278152
    28 0.729370 0.000006 0.000000 0.000214 0.004976 -0.200354
    29 3.942335 0.046738 -0.431422 -0.136698 0.103655 -0.604109
    30 1.539124 0.000015 -0.000015 0.000667 0.004423 -0.097515
    31 1.196327 0.000032 -0.000010 0.001554 0.007190 -0.216853
    32 3.881363 -0.043152 0.427624 0.088607 -0.001405 -0.323617
    33 1.719578 -0.000004 0.000004 0.000290 0.005496 -0.314325
    34 1.209160 -0.000010 -0.000011 0.000680 0.002994 0.007088
    35 3.863464 -0.136498 1.332175 0.336484 -0.121356 -0.313503
    36 1.719427 0.000031 -0.000031 0.000571 0.004045 -0.219894
    37 1.099674 -0.000004 -0.000011 -0.000004 0.002592 -0.244318
    38 0.807566 -0.347147 1.320592 -1.168774 -0.784585 -0.846192
    39 1.789783 -0.000007 0.000004 -0.000009 0.007379 0.228539
    40 1.207018 0.000015 -0.000008 -0.002259 0.011024 0.160099
    41 11.481726 -0.000012 -0.000038 0.001269 0.000000 -0.000005
    42 3.859663 -0.132561 1.193130 0.392578 -0.237712 -0.791043
    43 1.312580 -0.000006 0.000003 0.000466 -0.011924 -0.480033
    44 0.729366 -0.000008 -0.000001 0.001827 -0.005860 -0.548198
    45 3.942284 0.050331 0.431063 0.131045 -0.089371 -0.754654
    46 1.539131 -0.000004 0.000002 0.001532 -0.005647 -0.514502
    47 1.196323 0.000004 0.000005 0.000746 -0.009641 -0.509148
    48 3.881350 -0.046456 -0.429353 -0.077504 -0.024320 -0.576480
    49 1.719599 0.000008 0.000010 0.001331 -0.007860 -0.535404
    50 1.209183 0.000010 0.000010 -0.025021 0.013498 -0.501537
    51 3.863456 -0.147312 -1.329162 -0.315655 0.091942 -0.538171
    52 1.719425 0.000011 0.000011 0.000323 -0.006612 -0.413122
    53 1.099663 0.000011 0.000010 0.001966 -0.003714 -0.734572
    54 0.807570 -0.358068 -1.318047 1.191491 0.647450 -0.844686
    55 1.789780 -0.000011 0.000008 0.000649 -0.006265 0.125751
    56 1.207003 0.000001 -0.000008 0.055538 -0.114883 0.274670
    57 11.481689 -0.000073 -0.000004 0.000155 0.000000 -0.000014
  time 87
    0 4.532950 84.197882 35.535571 1.570796 0.000000 -3.274280
    1 3.890447 0.000000 0.000000 -1.783419 -0.476190 -1.291284
    2 17.848156 0.000000 0.000000 -0.205452 -0.001934 0.822223
    3 16.525240 0.000000 0.000000 -0.104910 0.239774 -1.213054
    4 -3.890447 0.000000 0.000000 -1.520301 0.118623 -1.738013
    5 17.848167 0.000000 0.000000 0.047582 -0.090943 0.480224
    6 16.525238 0.000000 0.000000 0.132303 -0.028082 -1.564807
    7 0.000000 3.345131 -2.981898 1.570793 0.086297 1.570793
    8 4.015370 0.000000 0.000000 0.000000 0.000000 0.344740
    9 3.520298 0.000000 0.000000 -0.003008 0.000635 0.114285
    10 8.940987 0.000000 0.000000 0.000000 0.000000 0.194090
    11 3.306377 -0.000001 0.000000 3.141590 0.000000 0.400476
    12 3.594185 0.000000 0.000000 0.094655 0.025311 0.498007
    13 2.036090 0.997452 1.937661 1.596619 -1.286515 2.943012
    14 6.028141 0.000011 0.000000 -1.579890 -0.221029 -0.935075
    15 11.692581 -0.000001 -0.000008 -0.029463 0.150020 -0.483629
    16 11.481684 0.000000 -0.000031 1.535791 -0.104279 -0.184984
    17 2.036090 0.997453 -1.937661 -1.668395 1.286515 2.942997
    18 6.028137 -0.000008 0.000000 1.908387 0.078001 -0.987480
    19 11.692554 0.000000 0.000019 0.352950 -0.258315 -0.395558
    20 11.481705 0.000000 0.000011 -1.308395 0.106354 -0.365709
    21 2.000004 -3.000000 0.000000 -1.570796 0.000000 -1.326450
    22 2.676084 -1.712437 0.000000 -1.570796 0.000000 -1.571118
    23 2.676081 -1.712433 0.000000 1.570790 -0.000001 1.570689
    24 6.879441 -0.000010 0.000000 -0.009528 -0.003239 -0.619175
    25 6.879432 -0.000013 0.000000 -0.081333 -0.002949 -0.584376
    26 3.859711 -0.142445 -1.191958 -0.445966 0.232346 -0.746498
    27 1.312550 0.000008 0.000004 -0.003846 0.033555 -0.337616
    28 0.729370 0.000006 0.000000 -0.000373 0.004964 -0.320996
    29 3.942335 0.046738 -0.431422 -0.140497 0.102516 -0.660472
    30 1.539124 0.000015 -0.000015 0.000272 0.004459 -0.185654
    31 1.196327 0.000032 -0.000010 0.000643 0.007334 -0.343029
    32 3.881363 -0.043152 0.427624 0.087588 0.010423 -0.381628
    33 1.719578 -0.000004 0.000004 -0.000178 0.005496 -0.399771
    34 1.209160 -0.000010 -0.000011 0.000392 0.003042 -0.084956
    35 3.863464 -0.136498 1.332175 0.340031 -0.103703 -0.382305
    36 1.719427 0.000031 -0.000031 0.000188 0.004081 -0.316137
    37 1.099674 -0.000004 -0.000011 -0.000268 0.002580 -0.349991
    38 0.807566 -0.347147 1.320592 -1.174439 -0.758544 -0.840871
    39 1.789783 -0.000007 0.000004 -0.000009 0.007379 0.228539
    40 1.207018 0.000015 -0.000008 -0.001948 0.011096 0.188839
    41 11.481726 -0.000012 -0.000038 0.001269 0.000000 -0.000005
    42 3.859663 -0.132561 1.193130 0.370654 -0.112867 -1.162703
    43 1.312580 -0.000006 0.000003 0.001137 -0.011876 -0.536402
    44 0.729366 -0.000008 -0.000001 0.005051 -0.003475 -1.214043
    45 3.942284 0.050331 0.431063 0.131464 -0.043171 -1.090254
    46 1.539131 -0.000004 0.000002 0.002838 -0.005120 -0.756283
    47 1.196323 0.000004 0.000005 0.007493 -0.006094 -1.319238
    48 3.881350 -0.046456 -0.429353 -0.054062 -0.048684 -0.938096
    49 1.719599 0.000008 0.000010 0.003333 -0.007248 -0.797709
    50 1.209183 0.000010 0.000010 -0.063503 0.015248 -1.172022
    51 3.863456 -0.147312 -1.329162 -0.282997 0.025132 -0.927365
    52 1.719425 0.000011 0.000011 0.002073 -0.006289 -0.682941
    53 1.099663 0.000011 0.000010 0.003764 -0.001868 -1.355928
    54 0.807570 -0.358068 -1.318047 1.206092 0.534774 -0.860254
    55 1.789780 -0.000011 0.000008 0.000649 -0.006265 0.125751
    56 1.207003 0.000001 -0.000008 0.040941 -0.108124 0.433302
    57 11.481689 -0.000073 -0.000004 0.000155 0.000000 -0.000014
  time 88
    0 4.095437 83.443953 36.129339 1.570796 0.000000 -3.373615
    1 3.890447 0.000000 0.000000 -1.805362 -0.357707 -1.279808
    2 17.848156 0.000000 0.000000 -0.219714 0.047606 0.719944
    3 16.525240 0.000000 0.000000 -0.139905 0.169438 -1.239033
    4 -3.890447 0.000000 0.000000 -1.550294 0.088078 -1.752602
    5 17.848167 0.000000 0.000000 0.025556 -0.060038 0.428518
    6 16.525238 0.000000 0.000000 0.132481 -0.064489 -1.495005
    7 0.000000 3.345131 -2.981898 1.570793 0.086297 1.570793
    8 4.015370 0.000000 0.000000 0.000000 0.000000 0.311997
    9 3.520298 0.000000 0.000000 0.000000 0.000000 0.100316
    10 8.940987 0.000000 0.000000 0.000000 0.000000 0.194090
    11 3.306377 -0.000001 0.000000 3.141590 0.000000 0.400476
    12 3.594185 0.000000 0.000000 0.167487 0.052417 0.470766
    13 2.036090 0.997452 1.937661 1.596619 -1.286515 2.943012
    14 6.028141 0.000011 0.000000 -1.649613 -0.250659 -0.954952
    15 11.692581 -0.000001 -0.000008 -0.063392 0.125681 -0.306743
    16 11.481684 0.000000 -0.000031 1.451441 -0.061144 -0.215881
    17 2.036090 0.997453 -1.937661 -1.668395 1.286515 2.942997
    18 6.028137 -0.000008 0.000000 1.923103 0.030549 -0.964875
    19 11.692554 0.000000 0.000019 0.370815 -0.289512 -0.413241
    20 11.481705 0.000000 0.000011 -1.291129 0.073039 -0.354976
    21 2.000004 -3.000000 0.000000 -1.570796 0.000000 -1.326450
    22 2.676084 -1.712437 0.000000 -1.570796 0.000000 -1.571118
    23 2.676081 -1.712433 0.000000 1.570790 -0.000001 1.570689
    24 6.879441 -0.000010 0.000000 -0.008006 -0.003035 -0.595454
    25 6.879432 -0.000013 0.000000 -0.081333 -0.002949 -0.584376
    26 3.859711 -0.142445 -1.191958 -0.459711 0.177627 -0.947077
    27 1.312550 0.000008 0.000004 -0.028618 0.103102 -0.518214
    28 0.729370 0.000006 0.000000 -0.002303 0.004413 -0.726345
    29 3.942335 0.046738 -0.431422 -0.151451 0.097699 -0.829624
    30 1.539124 0.000015 -0.000015 -0.000927 0.004375 -0.458259
    31 1.196327 0.000032 -0.000010 -0.002533 0.006903 -0.783655
    32 3.881363 -0.043152 0.427624 0.080349 0.045406 -0.558294
    33 1.719578 -0.000004 0.000004 -0.001616 0.005269 -0.664573
    34 1.209160 -0.000010 -0.000011 -0.000482 0.003030 -0.376902
    35 3.863464 -0.136498 1.332175 0.343339 -0.048802 -0.591099
    36 1.719427 0.000031 -0.000031 -0.001023 0.003961 -0.618021
    37 1.099674 -0.000004 -0.000011 -0.001107 0.002340 -0.687926
    38 0.807566 -0.347147 1.320592 -1.189565 -0.680608 -0.826702
    39 1.789783 -0.000007 0.000004 -0.000009 0.007379 0.228539
    40 1.207018 0.000015 -0.000008 -0.000953 0.011216 0.277916
    41 11.481726 -0.000012 -0.000038 0.001269 0.000000 -0.000005
    42 3.859663 -0.132561 1.193130 0.306118 -0.005053 -1.530727
    43 1.312580 -0.000006 0.000003 0.001808 -0.011792 -0.592804
    44 0.729366 -0.000008 -0.000001 0.006118 0.000372 -1.877012
    45 3.942284 0.050331 0.431063 0.116855 0.000322 -1.423047
    46 1.539131 -0.000004 0.000002 0.003965 -0.004305 -0.994082
    47 1.196323 0.000004 0.000005 0.009591 0.001037 -2.110395
    48 3.881350 -0.046456 -0.429353 -0.023729 -0.063150 -1.297894
    49 1.719599 0.000008 0.000010 0.005094 -0.006134 -1.059893
    50 1.209183 0.000010 0.000010 -0.094603 -0.007103 -1.838667
    51 3.863456 -0.147312 -1.329162 -0.228012 -0.024103 -1.315110
    52 1.719425 0.000011 0.000011 0.003667 -0.005510 -0.952029
    53 1.099663 0.000011 0.000010 0.004147 0.000673 -1.977216
    54 0.807570 -0.358068 -1.318047 1.224037 0.406791 -0.879105
    55 1.789780 -0.000011 0.000008 0.000649 -0.006265 0.125751
    56 1.207003 0.000001 -0.000008 0.023071 -0.095168 0.649471
    57 11.481689 -0.000073 -0.000004 0.000155 0.000000 -0.000014
  time 89
    0 3.583702 82.647053 36.676231 1.570796 0.000000 -3.490889
    1 3.890447 0.000000 0.000000 -1.833341 -0.257240 -1.284016
    2 17.848156 0.000000 0.000000 -0.249198 0.083453 0.607350
    3 16.525240 0.000000 0.000000 -0.162384 0.100507 -1.227887
    4 -3.890447 0.000000 0.000000 -1.585128 0.051345 -1.766244
    5 17.848167 0.000000 0.000000 -0.003796 -0.030416 0.371479
    6 16.525238 0.000000 0.000000 0.129760 -0.108458 -1.419532
    7 0.000000 3.345131 -2.981898 1.570793 0.086297 1.570793
    8 4.015370 0.000000 0.000000 0.000000 0.000000 0.275856
    9 3.520298 0.000000 0.000000 0.000000 0.000000 0.100316
    10 8.940987 0.000000 0.000000 0.000000 0.000000 0.194090
    11 3.306377 -0.000001 0.000000 3.141590 0.000000 0.400476
    12 3.594185 0.000000 0.000000 0.262850 0.088848 0.453294
    13 2.036090 0.997452 1.937661 1.596619 -1.286515 2.943012
    14 6.028141 0.000011 0.000000 -1.732112 -0.246661 -0.962966
    15 11.692581 -0.000001 -0.000008 -0.120488 0.101093 -0.199507
    16 11.481684 0.000000 -0.000031 1.361479 -0.009891 -0.237410
    17 2.036090 0.997453 -1.937661 -1.668395 1.286515 2.942997
    18 6.028137 -0.000008 0.000000 1.927819 0.009954 -0.921019
    19 11.692554 0.000000 0.000019 0.390169 -0.332305 -0.430924
    20 11.481705 0.000000 0.000011 -1.281869 0.044884 -0.325832
    21 2.000004 -3.000000 0.000000 -1.570796 0.000000 -1.326450
    22 2.676084 -1.712437 0.000000 -1.570796 0.000000 -1.571118
    23 2.676081 -1.712433 0.000000 1.570790 -0.000001 1.570689
    24 6.879441 -0.000010 0.000000 -0.007299 -0.002951 -0.584373
    25 6.879432 -0.000013 0.000000 -0.081333 -0.002949 -0.584376
    26 3.859711 -0.142445 -1.191958 -0.459206 0.093821 -1.241652
    27 1.312550 0.000008 0.000004 -0.088230 0.195275 -0.793011
    28 0.729370 0.000006 0.000000 -0.004580 0.001932 -1.418227
    29 3.942335 0.046738 -0.431422 -0.165688 0.087404 -1.078271
    30 1.539124 0.000015 -0.000015 -0.002617 0.003620 -0.876407
    31 1.196327 0.000032 -0.000010 -0.006680 0.003079 -1.570807
    32 3.881363 -0.043152 0.427624 0.058669 0.093381 -0.820600
    33 1.719578 -0.000004 0.000004 -0.003569 0.004190 -1.074181
    34 1.209160 -0.000010 -0.000011 -0.001789 0.002502 -0.838271
    35 3.863464 -0.136498 1.332175 0.327040 0.031615 -0.902824
    36 1.719427 0.000031 -0.000031 -0.002700 0.003063 -1.088964
    37 1.099674 -0.000004 -0.000011 -0.002149 0.001441 -1.228551
    38 0.807566 -0.347147 1.320592 -1.208748 -0.560502 -0.809059
    39 1.789783 -0.000007 0.000004 -0.000009 0.007379 0.228539
    40 1.207018 0.000015 -0.000008 0.000701 0.011240 0.425164
    41 11.481726 -0.000012 -0.000038 0.001269 0.000000 -0.000005
    42 3.859663 -0.132561 1.193130 0.245058 0.049355 -1.773123
    43 1.312580 -0.000006 0.000003 0.002276 -0.011720 -0.631950
    44 0.729366 -0.000008 -0.000001 0.005506 0.002685 -2.268871
    45 3.942284 0.050331 0.431063 0.099693 0.025405 -1.643265
    46 1.539131 -0.000004 0.000002 0.004600 -0.003610 -1.154730
    47 1.196323 0.000004 0.000005 0.008284 0.004944 -2.540264
    48 3.881350 -0.046456 -0.429353 -0.001821 -0.066386 -1.534535
    49 1.719599 0.000008 0.000010 0.006089 -0.005139 -1.237536
    50 1.209183 0.000010 0.000010 -0.103879 -0.027980 -2.231210
    51 3.863456 -0.147312 -1.329162 -0.183861 -0.043321 -1.568464
    52 1.719425 0.000011 0.000011 0.004602 -0.004755 -1.133631
    53 1.099663 0.000011 0.000010 0.003608 0.002147 -2.352960
    54 0.807570 -0.358068 -1.318047 1.241165 0.294694 -0.896890
    55 1.789780 -0.000011 0.000008 0.000649 -0.006265 0.125751
    56 1.207003 0.000001 -0.000008 0.006377 -0.075646 0.899922
    57 11.481689 -0.000073 -0.000004 0.000155 0.000000 -0.000014
  time 90
    0 3.044623 81.857967 37.144995 1.570796 0.000000 -3.614747
    1 3.890447 0.000000 0.000000 -1.864482 -0.187060 -1.295492
    2 17.848156 0.000000 0.000000 -0.287240 0.101634 0.504039
    3 16.525240 0.000000 0.000000 -0.176513 0.042059 -1.185418
    4 -3.890447 0.000000 0.000000 -1.607718 0.017755 -1.783769
    5 17.848167 0.000000 0.000000 -0.024232 -0.016033 0.296661
    6 16.525238 0.000000 0.000000 0.145106 -0.131806 -1.324572
    7 0.000000 3.345131 -2.981898 1.570793 0.086297 1.570793
    8 4.015370 0.000000 0.000000 0.000000 0.000000 0.238701
    9 3.520298 0.000000 0.000000 0.000000 0.000000 0.100316
    10 8.940987 0.000000 0.000000 0.000000 0.000000 0.194090
    11 3.306377 -0.000001 0.000000 3.141590 0.000000 0.400476
    12 3.594185 0.000000 0.000000 0.371076 0.130129 0.447152
    13 2.036090 0.997452 1.937661 1.596619 -1.286515 2.943012
    14 6.028141 0.000011 0.000000 -1.823503 -0.190741 -0.955057
    15 11.692581 -0.000001 -0.000008 -0.190285 0.112337 -0.186154
    16 11.481684 0.000000 -0.000031 1.279059 0.023917 -0.230474
    17 2.036090 0.997453 -1.937661 -1.668395 1.286515 2.942997
    18 6.028137 -0.000008 0.000000 1.924838 0.017978 -0.864090
    19 11.692554 0.000000 0.000019 0.408145 -0.378379 -0.424739
    20 11.481705 0.000000 0.000011 -1.282799 0.020598 -0.289230
    21 2.000004 -3.000000 0.000000 -1.570796 0.000000 -1.326450
    22 2.676084 -1.712437 0.000000 -1.570796 0.000000 -1.571118
    23 2.676081 -1.712433 0.000000 1.570790 -0.000001 1.570689
    24 6.879441 -0.000010 0.000000 -0.007299 -0.002951 -0.584373
    25 6.879432 -0.000013 0.000000 -0.081333 -0.002949 -0.584376
    26 3.859711 -0.142445 -1.191958 -0.434529 0.013934 -1.533965
    27 1.312550 0.000008 0.000004 -0.172637 0.267578 -1.078463
    28 0.729370 0.000006 0.000000 -0.004760 -0.001448 -2.109963
    29 3.942335 0.046738 -0.431422 -0.176930 0.073945 -1.325778
    30 1.539124 0.000015 -0.000015 -0.003851 0.002242 -1.293742
    31 1.196327 0.000032 -0.000010 -0.006895 -0.002529 -2.354149
    32 3.881363 -0.043152 0.427624 0.025268 0.133877 -1.084031
    33 1.719578 -0.000004 0.000004 -0.004960 0.002392 -1.489112
    34 1.209160 -0.000010 -0.000011 -0.002724 0.001424 -1.307006
    35 3.863464 -0.136498 1.332175 0.286867 0.102899 -1.216187
    36 1.719427 0.000031 -0.000031 -0.003791 0.001505 -1.559013
    37 1.099674 -0.000004 -0.000011 -0.002581 0.000123 -1.769246
    38 0.807566 -0.347147 1.320592 -1.226304 -0.423502 -0.793394
    39 1.789783 -0.000007 0.000004 -0.000009 0.007379 0.228539
    40 1.207018 0.000015 -0.000008 0.002822 0.010892 0.617033
    41 11.481726 -0.000012 -0.000038 0.001269 0.000000 -0.000005
    42 3.859663 -0.132561 1.193130 0.222655 0.063616 -1.852410
    43 1.312580 -0.000006 0.000003 0.002431 -0.011684 -0.645393
    44 0.729366 -0.000008 -0.000001 0.005147 0.003308 -2.386415
    45 3.942284 0.050331 0.431063 0.092910 0.032752 -1.715746
    46 1.539131 -0.000004 0.000002 0.004792 -0.003358 -1.208600
    47 1.196323 0.000004 0.000005 0.007625 0.005915 -2.662373
    48 3.881350 -0.046456 -0.429353 0.005429 -0.066326 -1.611929
    49 1.719599 0.000008 0.000010 0.006389 -0.004768 -1.297116
    50 1.209183 0.000010 0.000010 -0.104994 -0.034776 -2.348738
    51 3.863456 -0.147312 -1.329162 -0.168676 -0.047090 -1.650706
    52 1.719425 0.000011 0.000011 0.004889 -0.004467 -1.194317
    53 1.099663 0.000011 0.000010 0.003332 0.002542 -2.467489
    54 0.807570 -0.358068 -1.318047 1.253121 0.221923 -0.909235
    55 1.789780 -0.000011 0.000008 0.000649 -0.006265 0.125751
    56 1.207003 0.000001 -0.000008 -0.004877 -0.052659 1.148470
    57 11.481689 -0.000073 -0.000004 0.000155 0.000000 -0.000014
  time 91
    0 2.532889 81.147008 37.527819 1.570796 0.000000 -3.732117
    1 3.890447 0.000000 0.000000 -1.891791 -0.136183 -1.309455
    2 17.848156 0.000000 0.000000 -0.324154 0.106173 0.412372
    3 16.525240 0.000000 0.000000 -0.191633 -0.009820 -1.131174
    4 -3.890447 0.000000 0.000000 -1.611989 -0.015982 -1.800063
    5 17.848167 0.000000 0.000000 -0.029132 -0.014240 0.224214
    6 16.525238 0.000000 0.000000 0.178732 -0.130062 -1.218674
    7 0.000000 3.345131 -2.981898 1.570793 0.086297 1.570793
    8 4.015370 0.000000 0.000000 0.000000 0.000000 0.203762
    9 3.520298 0.000000 0.000000 0.000000 0.000000 0.100316
    10 8.940987 0.000000 0.000000 0.000000 0.000000 0.194090
    11 3.306377 -0.000001 0.000000 3.141590 0.000000 0.400476
    12 3.594185 0.000000 0.000000 0.479381 0.170148 0.451208
    13 2.036090 0.997452 1.937661 1.596619 -1.286515 2.943012
    14 6.028141 0.000011 0.000000 -1.911716 -0.090603 -0.936710
    15 11.692581 -0.000001 -0.000008 -0.267512 0.171192 -0.254238
    16 11.481684 0.000000 -0.000031 1.211049 0.023638 -0.203000
    17 2.036090 0.997453 -1.937661 -1.668395 1.286515 2.942997
    18 6.028137 -0.000008 0.000000 1.917066 0.050799 -0.809713
    19 11.692554 0.000000 0.000019 0.421985 -0.414978 -0.398492
    20 11.481705 0.000000 0.000011 -1.292948 -0.000619 -0.250081
    21 2.000004 -3.000000 0.000000 -1.570796 0.000000 -1.326450
    22 2.676084 -1.712437 0.000000 -1.570796 0.000000 -1.571118
    23 2.676081 -1.712433 0.000000 1.570790 -0.000001 1.570689
    24 6.879441 -0.000010 0.000000 -0.007299 -0.002951 -0.584373
    25 6.879432 -0.000013 0.000000 -0.081321 -0.003452 -0.590547
    26 3.859711 -0.142445 -1.191958 -0.405554 -0.034026 -1.730587
    27 1.312550 0.000008 0.000004 -0.240925 0.301663 -1.276923
    28 0.729370 0.000006 0.000000 -0.003801 -0.003209 -2.515167
    29 3.942335 0.046738 -0.431422 -0.182503 0.063459 -1.493204
    30 1.539124 0.000015 -0.000015 -0.004319 0.001127 -1.565246
    31 1.196327 0.000032 -0.000010 -0.005181 -0.005214 -2.790432
    32 3.881363 -0.043152 0.427624 -0.002848 0.155605 -1.262975
    33 1.719578 -0.000004 0.000004 -0.005415 0.000966 -1.762699
    34 1.209160 -0.000010 -0.000011 -0.003023 0.000549 -1.611252
    35 3.863464 -0.136498 1.332175 0.248385 0.141921 -1.427780
    36 1.719427 0.000031 -0.000031 -0.004067 0.000306 -1.859805
    37 1.099674 -0.000004 -0.000011 -0.002473 -0.000740 -2.107111
    38 0.807566 -0.347147 1.320592 -1.239104 -0.303173 -0.782365
    39 1.789783 -0.000007 0.000004 -0.000009 0.007379 0.228539
    40 1.207018 0.000015 -0.000008 0.005027 0.010077 0.825601
    41 11.481726 -0.000012 -0.000038 0.001269 0.000000 -0.000005
    42 3.859663 -0.132561 1.193130 0.222655 0.063616 -1.852410
    43 1.312580 -0.000006 0.000003 0.002431 -0.011684 -0.645393
    44 0.729366 -0.000008 -0.000001 0.005147 0.003308 -2.386415
    45 3.942284 0.050331 0.431063 0.092910 0.032752 -1.715746
    46 1.539131 -0.000004 0.000002 0.004792 -0.003358 -1.208600
    47 1.196323 0.000004 0.000005 0.007625 0.005927 -2.662373
    48 3.881350 -0.046456 -0.429353 0.005429 -0.066326 -1.611929
    49 1.719599 0.000008 0.000010 0.006389 -0.004768 -1.297116
    50 1.209183 0.000010 0.000010 -0.104994 -0.034776 -2.348738
    51 3.863456 -0.147312 -1.329162 -0.168676 -0.047090 -1.650706
    52 1.719425 0.000011 0.000011 0.004889 -0.004467 -1.194317
    53 1.099663 0.000011 0.000010 0.003332 0.002542 -2.467489
    54 0.807570 -0.358068 -1.318047 1.257299 0.197522 -0.913537
    55 1.789780 -0.000011 0.000008 0.000649 -0.006265 0.125751
    56 1.207003 0.000001 -0.000008 -0.009742 -0.031303 1.360252
    57 11.481689 -0.000073 -0.000004 0.000155 0.000000 -0.000014
  time 92
    0 2.099282 80.557146 37.816891 1.570796 0.000000 -3.831356
    1 3.890447 0.000000 0.000000 -1.913925 -0.093028 -1.328200
    2 17.848156 0.000000 0.000000 -0.355819 0.097792 0.327852
    3 16.525240 0.000000 0.000000 -0.209979 -0.054532 -1.079302
    4 -3.890447 0.000000 0.000000 -1.599555 -0.108993 -1.811526
    5 17.848167 0.000000 0.000000 -0.022202 -0.024264 0.289180
    6 16.525238 0.000000 0.000000 0.198702 -0.122918 -1.149130
    7 0.000000 3.345131 -2.981898 1.570793 0.086297 1.570793
    8 4.015370 0.000000 0.000000 0.000000 0.000000 0.174334
    9 3.520298 0.000000 0.000000 0.000000 0.000000 0.100316
    10 8.940987 0.000000 0.000000 0.000000 0.000000 0.194090
    11 3.306377 -0.000001 0.000000 3.141590 0.000000 0.400476
    12 3.594185 0.000000 0.000000 0.574874 0.203507 0.461660
    13 2.036090 0.997452 1.937661 1.596619 -1.286515 2.943012
    14 6.028141 0.000011 0.000000 -1.984393 0.014645 -0.925269
    15 11.692581 -0.000001 -0.000008 -0.342616 0.236631 -0.345401
    16 11.481684 0.000000 -0.000031 1.156057 0.007246 -0.178589
    17 2.036090 0.997453 -1.937661 -1.668395 1.286515 2.942997
    18 6.028137 -0.000008 0.000000 1.904954 0.099067 -0.771952
    19 11.692554 0.000000 0.000019 0.429374 -0.432967 -0.363919
    20 11.481705 0.000000 0.000011 -1.310174 -0.016498 -0.212333
    21 2.000004 -3.000000 0.000000 -1.570796 0.000000 -1.326450
    22 2.676084 -1.712437 0.000000 -1.570796 0.000000 -1.571118
    23 2.676081 -1.712433 0.000000 1.570790 -0.000001 1.570689
    24 6.879441 -0.000010 0.000000 -0.007299 -0.002951 -0.584373
    25 6.879432 -0.000013 0.000000 -0.081249 -0.004867 -0.607966
    26 3.859711 -0.142445 -1.191958 -0.393916 -0.048576 -1.796240
    27 1.312550 0.000008 0.000004 -0.265278 0.310040 -1.344047
    28 0.729370 0.000006 0.000000 -0.003382 -0.003641 -2.635735
    29 3.942335 0.046738 -0.431422 -0.183965 0.059743 -1.549339
    30 1.539124 0.000015 -0.000015 -0.004391 0.000744 -1.653146
    31 1.196327 0.000032 -0.000010 -0.004486 -0.005813 -2.915998
    32 3.881363 -0.043152 0.427624 -0.013082 0.161705 -1.322997
    33 1.719578 -0.000004 0.000004 -0.005487 0.000475 -1.851924
    34 1.209160 -0.000010 -0.000011 -0.003059 0.000249 -1.708973
    35 3.863464 -0.136498 1.332175 0.233884 0.152947 -1.498289
    36 1.719427 0.000031 -0.000031 -0.004079 -0.000089 -1.955800
    37 1.099674 -0.000004 -0.000011 -0.002377 -0.001004 -2.212854
    38 0.807566 -0.347147 1.320592 -1.246484 -0.224919 -0.776232
    39 1.789783 -0.000007 0.000004 -0.000009 0.007379 0.228539
    40 1.207018 0.000015 -0.000008 0.006837 0.008939 1.016354
    41 11.481726 -0.000012 -0.000038 0.001269 0.000000 -0.000005
    42 3.859663 -0.132561 1.193130 0.222655 0.063616 -1.852410
    43 1.312580 -0.000006 0.000003 0.002431 -0.011684 -0.645393
    44 0.729366 -0.000008 -0.000001 0.005147 0.003308 -2.386415
    45 3.942284 0.050331 0.431063 0.092910 0.032752 -1.715746
    46 1.539131 -0.000004 0.000002 0.004792 -0.003358 -1.208600
    47 1.196323 0.000004 0.000005 0.007625 0.005927 -2.662305
    48 3.881350 -0.046456 -0.429353 0.005429 -0.066326 -1.611929
    49 1.719599 0.000008 0.000010 0.006389 -0.004768 -1.297116
    50 1.209183 0.000010 0.000010 -0.104994 -0.034776 -2.348738
    51 3.863456 -0.147312 -1.329162 -0.168676 -0.047090 -1.650706
    52 1.719425 0.000011 0.000011 0.004889 -0.004467 -1.194317
    53 1.099663 0.000011 0.000010 0.003332 0.002542 -2.467489
    54 0.807570 -0.358068 -1.318047 1.257299 0.197522 -0.913537
    55 1.789780 -0.000011 0.000008 0.000649 -0.006265 0.125751
    56 1.207003 0.000001 -0.000008 -0.010401 -0.015303 1.514575
    57 11.481689 -0.000073 -0.000004 0.000155 0.000000 -0.000014
  time 93
    0 1.771147 80.127445 38.012209 1.570796 0.000000 -3.905023
    1 3.890447 0.000000 0.000000 -1.929927 -0.058972 -1.347424
    2 17.848156 0.000000 0.000000 -0.379047 0.083298 0.256228
    3 16.525240 0.000000 0.000000 -0.226309 -0.088382 -1.034231
    4 -3.890447 0.000000 0.000000 -1.573074 -0.160654 -1.822042
    5 17.848167 0.000000 0.000000 0.000265 -0.035020 0.303625
    6 16.525238 0.000000 0.000000 0.207646 -0.104580 -1.027947
    7 0.000000 3.345131 -2.981898 1.570793 0.086297 1.570793
    8 4.015370 0.000000 0.000000 0.000000 0.000000 0.152695
    9 3.520298 0.000000 0.000000 0.000000 0.000000 0.100316
    10 8.940987 0.000000 0.000000 0.000000 0.000000 0.194090
    11 3.306377 -0.000001 0.000000 3.141590 0.000000 0.400476
    12 3.594185 0.000000 0.000000 0.647680 0.227327 0.473418
    13 2.036090 0.997452 1.937661 1.596619 -1.286515 2.943012
    14 6.028141 0.000011 0.000000 -2.035561 0.100113 -0.927800
    15 11.692581 -0.000001 -0.000008 -0.402530 0.280149 -0.431041
    16 11.481684 0.000000 -0.000031 1.115880 -0.011502 -0.160303
    17 2.036090 0.997453 -1.937661 -1.668395 1.286515 2.942997
    18 6.028137 -0.000008 0.000000 1.886993 0.154585 -0.758045
    19 11.692554 0.000000 0.000019 0.427609 -0.433447 -0.332200
    20 11.481705 0.000000 0.000011 -1.333506 -0.019967 -0.180479
    21 2.000004 -3.000000 0.000000 -1.570796 0.000000 -1.326450
    22 2.676084 -1.712437 0.000000 -1.570796 0.000000 -1.571118
    23 2.676081 -1.712433 0.000000 1.570790 -0.000001 1.570689
    24 6.879441 -0.000010 0.000000 -0.007299 -0.002951 -0.584373
    25 6.879432 -0.000013 0.000000 -0.081117 -0.006688 -0.630328
    26 3.859711 -0.142445 -1.191958 -0.393916 -0.048576 -1.796240
    27 1.312550 0.000008 0.000004 -0.265278 0.310040 -1.344047
    28 0.729370 0.000006 0.000000 -0.003382 -0.003641 -2.635735
    29 3.942335 0.046738 -0.431422 -0.183965 0.059743 -1.549339
    30 1.539124 0.000015 -0.000015 -0.004391 0.000744 -1.653146
    31 1.196327 0.000032 -0.000010 -0.004486 -0.005825 -2.915998
    32 3.881363 -0.043152 0.427624 -0.013082 0.161705 -1.322997
    33 1.719578 -0.000004 0.000004 -0.005487 0.000475 -1.851924
    34 1.209160 -0.000010 -0.000011 -0.003059 0.000249 -1.708973
    35 3.863464 -0.136498 1.332175 0.233884 0.152947 -1.498289
    36 1.719427 0.000031 -0.000031 -0.004079 -0.000089 -1.955800
    37 1.099674 -0.000004 -0.000011 -0.002377 -0.001004 -2.212854
    38 0.807566 -0.347147 1.320592 -1.248809 -0.198636 -0.774347
    39 1.789783 -0.000007 0.000004 -0.000009 0.007379 0.228539
    40 1.207018 0.000015 -0.000008 0.008071 0.007848 1.162223
    41 11.481726 -0.000012 -0.000038 0.001269 0.000000 -0.000005
    42 3.859663 -0.132561 1.193130 0.222655 0.063616 -1.852410
    43 1.312580 -0.000006 0.000003 0.002431 -0.011684 -0.645393
    44 0.729366 -0.000008 -0.000001 0.005147 0.003308 -2.386415
    45 3.942284 0.050331 0.431063 0.092910 0.032752 -1.715746
    46 1.539131 -0.000004 0.000002 0.004792 -0.003358 -1.208600
    47 1.196323 0.000004 0.000005 0.007625 0.005927 -2.662305
    48 3.881350 -0.046456 -0.429353 0.005429 -0.066326 -1.611929
    49 1.719599 0.000008 0.000010 0.006389 -0.004768 -1.297116
    50 1.209183 0.000010 0.000010 -0.104994 -0.034776 -2.348738
    51 3.863456 -0.147312 -1.329162 -0.168676 -0.047090 -1.650706
    52 1.719425 0.000011 0.000011 0.004889 -0.004467 -1.194317
    53 1.099663 0.000011 0.000010 0.003332 0.002542 -2.467489
    54 0.807570 -0.358068 -1.318047 1.257299 0.197522 -0.913537
    55 1.789780 -0.000011 0.000008 0.000649 -0.006265 0.125751
    56 1.207003 0.000001 -0.000008 -0.009622 -0.005871 1.605578
    57 11.481689 -0.000073 -0.000004 0.000155 0.000000 -0.000014
  time 94
    0 1.571922 79.869625 38.121588 1.570796 0.000000 -3.949490
    1 3.890447 0.000000 0.000000 -1.939796 -0.036038 -1.361961
    2 17.848156 0.000000 0.000000 -0.393933 0.071152 0.205752
    3 16.525240 0.000000 0.000000 -0.235818 -0.108339 -1.002622
    4 -3.890447 0.000000 0.000000 -1.563867 -0.174061 -1.820526
    5 17.848167 0.000000 0.000000 0.008607 -0.032494 0.278364
    6 16.525238 0.000000 0.000000 0.199484 -0.105733 -0.955094
    7 0.000000 3.345131 -2.981898 1.570793 0.086297 1.570793
    8 4.015370 0.000000 0.000000 0.000000 0.000000 0.139860
    9 3.520298 0.000000 0.000000 0.000000 0.000000 0.100316
    10 8.940987 0.000000 0.000000 0.000000 0.000000 0.194090
    11 3.306377 -0.000001 0.000000 3.141590 0.000000 0.400476
    12 3.594185 0.000000 0.000000 0.692296 0.241111 0.482212
    13 2.036090 0.997452 1.937661 1.596619 -1.286515 2.943012
    14 6.028141 0.000011 0.000000 -2.060825 0.147710 -0.942351
    15 11.692581 -0.000001 -0.000008 -0.431518 0.290824 -0.484206
    16 11.481684 0.000000 -0.000031 1.096577 -0.026190 -0.147827
    17 2.036090 0.997453 -1.937661 -1.668395 1.286515 2.942997
    18 6.028137 -0.000008 0.000000 1.867561 0.206757 -0.772056
    19 11.692554 0.000000 0.000019 0.413714 -0.405531 -0.293028
    20 11.481705 0.000000 0.000011 -1.352552 -0.027796 -0.166235
    21 2.000004 -3.000000 0.000000 -1.570796 0.000000 -1.326450
    22 2.676084 -1.712437 0.000000 -1.570796 0.000000 -1.571118
    23 2.676081 -1.712433 0.000000 1.570790 -0.000001 1.570689
    24 6.879441 -0.000010 0.000000 -0.007299 -0.002951 -0.584373
    25 6.879432 -0.000013 0.000000 -0.080985 -0.008102 -0.647747
    26 3.859711 -0.142445 -1.191958 -0.393916 -0.048576 -1.796240
    27 1.312550 0.000008 0.000004 -0.265278 0.310040 -1.344047
    28 0.729370 0.000006 0.000000 -0.003382 -0.003641 -2.635735
    29 3.942335 0.046738 -0.431422 -0.183965 0.059743 -1.549339
    30 1.539124 0.000015 -0.000015 -0.004391 0.000744 -1.653146
    31 1.196327 0.000032 -0.000010 -0.004486 -0.005813 -2.915998
    32 3.881363 -0.043152 0.427624 -0.013082 0.161705 -1.322997
    33 1.719578 -0.000004 0.000004 -0.005487 0.000475 -1.851924
    34 1.209160 -0.000010 -0.000011 -0.003059 0.000249 -1.708973
    35 3.863464 -0.136498 1.332175 0.233884 0.152947 -1.498289
    36 1.719427 0.000031 -0.000031 -0.004079 -0.000089 -1.955800
    37 1.099674 -0.000004 -0.000011 -0.002377 -0.001004 -2.212854
    38 0.807566 -0.347147 1.320592 -1.248809 -0.198636 -0.774347
    39 1.789783 -0.000007 0.000004 -0.000009 0.007379 0.228539
    40 1.207018 0.000015 -0.000008 0.008731 0.007105 1.250579
    41 11.481726 -0.000012 -0.000038 0.001269 0.000000 -0.000005
    42 3.859663 -0.132561 1.193130 0.222655 0.063616 -1.852410
    43 1.312580 -0.000006 0.000003 0.002431 -0.011684 -0.645393
    44 0.729366 -0.000008 -0.000001 0.005147 0.003308 -2.386415
    45 3.942284 0.050331 0.431063 0.092910 0.032752 -1.715746
    46 1.539131 -0.000004 0.000002 0.004792 -0.003358 -1.208600
    47 1.196323 0.000004 0.000005 0.007625 0.005927 -2.662373
    48 3.881350 -0.046456 -0.429353 0.005429 -0.066326 -1.611929
    49 1.719599 0.000008 0.000010 0.006389 -0.004768 -1.297116
    50 1.209183 0.000010 0.000010 -0.104994 -0.034776 -2.348804
    51 3.863456 -0.147312 -1.329162 -0.168676 -0.047090 -1.650706
    52 1.719425 0.000011 0.000011 0.004889 -0.004467 -1.194317
    53 1.099663 0.000011 0.000010 0.003332 0.002542 -2.467489
    54 0.807570 -0.358068 -1.318047 1.257299 0.197522 -0.913537
    55 1.789780 -0.000011 0.000008 0.000649 -0.006265 0.125751
    56 1.207003 0.000001 -0.000008 -0.009191 -0.002827 1.635083
    57 11.481689 -0.000073 -0.000004 0.000155 0.000000 -0.000014
  time 95
    0 1.505514 79.787591 38.156745 1.570796 0.000000 -3.964185
    1 3.890447 0.000000 0.000000 -1.942959 -0.027949 -1.367508
    2 17.848156 0.000000 0.000000 -0.398823 0.066071 0.187404
    3 16.525240 0.000000 0.000000 -0.239077 -0.114922 -0.991105
    4 -3.890447 0.000000 0.000000 -1.566145 -0.174797 -1.817021
    5 17.848167 0.000000 0.000000 0.006268 -0.028685 0.262956
    6 16.525238 0.000000 0.000000 0.193883 -0.112583 -0.941565
    7 0.000000 3.345131 -2.981898 1.570793 0.086297 1.570793
    8 4.015370 0.000000 0.000000 0.000000 0.000000 0.135722
    9 3.520298 0.000000 0.000000 0.000000 0.000000 0.100316
    10 8.940987 0.000000 0.000000 0.000000 0.000000 0.194090
    11 3.306377 -0.000001 0.000000 3.141590 0.000000 0.400476
    12 3.594185 0.000000 0.000000 0.707098 0.245498 0.485449
    13 2.036090 0.997452 1.937661 1.596619 -1.286515 2.943012
    14 6.028141 0.000011 0.000000 -2.065672 0.158548 -0.955954
    15 11.692581 -0.000001 -0.000008 -0.434190 0.288333 -0.490718
    16 11.481684 0.000000 -0.000031 1.095724 -0.033069 -0.152061
    17 2.036090 0.997453 -1.937661 -1.668395 1.286515 2.942997
    18 6.028137 -0.000008 0.000000 1.858090 0.233658 -0.789296
    19 11.692554 0.000000 0.000019 0.402355 -0.373599 -0.262974
    20 11.481705 0.000000 0.000011 -1.357526 -0.042252 -0.166253
    21 2.000004 -3.000000 0.000000 -1.570796 0.000000 -1.326450
    22 2.676084 -1.712437 0.000000 -1.570796 0.000000 -1.571106
    23 2.676081 -1.712433 0.000000 1.570790 -0.000001 1.570689
    24 6.879441 -0.000010 0.000000 -0.007299 -0.002951 -0.584373
    25 6.879432 -0.000013 0.000000 -0.080938 -0.008606 -0.653935
    26 3.859711 -0.142445 -1.191958 -0.393916 -0.048576 -1.796240
    27 1.312550 0.000008 0.000004 -0.265278 0.310040 -1.344047
    28 0.729370 0.000006 0.000000 -0.003382 -0.003641 -2.635735
    29 3.942335 0.046738 -0.431422 -0.183965 0.059743 -1.549339
    30 1.539124 0.000015 -0.000015 -0.004391 0.000744 -1.653146
    31 1.196327 0.000032 -0.000010 -0.004486 -0.005813 -2.915998
    32 3.881363 -0.043152 0.427624 -0.013082 0.161705 -1.322997
    33 1.719578 -0.000004 0.000004 -0.005487 0.000475 -1.851924
    34 1.209160 -0.000010 -0.000011 -0.003059 0.000249 -1.708973
    35 3.863464 -0.136498 1.332175 0.233884 0.152947 -1.498289
    36 1.719427 0.000031 -0.000031 -0.004079 -0.000089 -1.955800
    37 1.099674 -0.000004 -0.000011 -0.002377 -0.001004 -2.212854
    38 0.807566 -0.347147 1.320592 -1.248809 -0.198636 -0.774347
    39 1.789783 -0.000007 0.000004 -0.000009 0.007379 0.228539
    40 1.207018 0.000015 -0.000008 0.008934 0.006853 1.279516
    41 11.481726 -0.000012 -0.000038 0.001269 0.000000 -0.000005
    42 3.859663 -0.132561 1.193130 0.222655 0.063616 -1.852410
    43 1.312580 -0.000006 0.000003 0.002431 -0.011684 -0.645393
    44 0.729366 -0.000008 -0.000001 0.005147 0.003308 -2.386481
    45 3.942284 0.050331 0.431063 0.092910 0.032752 -1.715746
    46 1.539131 -0.000004 0.000002 0.004792 -0.003358 -1.208600
    47 1.196323 0.000004 0.000005 0.007625 0.005915 -2.662373
    48 3.881350 -0.046456 -0.429353 0.005429 -0.066314 -1.611929
    49 1.719599 0.000008 0.000010 0.006389 -0.004768 -1.297116
    50 1.209183 0.000010 0.000010 -0.104994 -0.034776 -2.348804
    51 3.863456 -0.147312 -1.329162 -0.168676 -0.047090 -1.650742
    52 1.719425 0.000011 0.000011 0.004889 -0.004467 -1.194317
    53 1.099663 0.000011 0.000010 0.003332 0.002542 -2.467556
    54 0.807570 -0.358068 -1.318047 1.257299 0.197522 -0.913537
    55 1.789780 -0.000011 0.000008 0.000649 -0.006265 0.125751
    56 1.207003 0.000001 -0.000008 -0.009191 -0.002827 1.635083
    57 11.481689 -0.000073 -0.000004 0.000155 0.000000 -0.000014
end
