// Created by Crowbar 0.71
version 1
nodes
  0 "ValveBiped.Bip01_Pelvis" -1
  1 "ValveBiped.Bip01_Spine" 0
  2 "ValveBiped.Bip01_Spine1" 1
  3 "ValveBiped.Bip01_Spine2" 2
  4 "ValveBiped.Bip01_Spine4" 3
  5 "ValveBiped.Bip01_Neck1" 4
  6 "ValveBiped.Bip01_Head1" 5
  7 "ValveBiped.forward" 6
  8 "ValveBiped.Bip01_R_Clavicle" 4
  9 "ValveBiped.Bip01_R_UpperArm" 8
  10 "ValveBiped.Bip01_R_Forearm" 9
  11 "ValveBiped.Bip01_R_Hand" 10
  12 "ValveBiped.Anim_Attachment_RH" 11
  13 "ValveBiped.Bip01_L_Clavicle" 4
  14 "ValveBiped.Bip01_L_UpperArm" 13
  15 "ValveBiped.Bip01_L_Forearm" 14
  16 "ValveBiped.Bip01_L_Hand" 15
  17 "ValveBiped.Anim_Attachment_LH" 16
  18 "ValveBiped.Bip01_R_Thigh" 0
  19 "ValveBiped.Bip01_R_Calf" 18
  20 "ValveBiped.Bip01_R_Foot" 19
  21 "ValveBiped.Bip01_R_Toe0" 20
  22 "ValveBiped.Bip01_L_Thigh" 0
  23 "ValveBiped.Bip01_L_Calf" 22
  24 "ValveBiped.Bip01_L_Foot" 23
  25 "ValveBiped.Bip01_L_Toe0" 24
  26 "ValveBiped.Bip01_L_Finger4" 16
  27 "ValveBiped.Bip01_L_Finger41" 26
  28 "ValveBiped.Bip01_L_Finger42" 27
  29 "ValveBiped.Bip01_L_Finger3" 16
  30 "ValveBiped.Bip01_L_Finger31" 29
  31 "ValveBiped.Bip01_L_Finger32" 30
  32 "ValveBiped.Bip01_L_Finger2" 16
  33 "ValveBiped.Bip01_L_Finger21" 32
  34 "ValveBiped.Bip01_L_Finger22" 33
  35 "ValveBiped.Bip01_L_Finger1" 16
  36 "ValveBiped.Bip01_L_Finger11" 35
  37 "ValveBiped.Bip01_L_Finger12" 36
  38 "ValveBiped.Bip01_L_Finger0" 16
  39 "ValveBiped.Bip01_L_Finger01" 38
  40 "ValveBiped.Bip01_L_Finger02" 39
  41 "ValveBiped.Bip01_R_Finger4" 11
  42 "ValveBiped.Bip01_R_Finger41" 41
  43 "ValveBiped.Bip01_R_Finger42" 42
  44 "ValveBiped.Bip01_R_Finger3" 11
  45 "ValveBiped.Bip01_R_Finger31" 44
  46 "ValveBiped.Bip01_R_Finger32" 45
  47 "ValveBiped.Bip01_R_Finger2" 11
  48 "ValveBiped.Bip01_R_Finger21" 47
  49 "ValveBiped.Bip01_R_Finger22" 48
  50 "ValveBiped.Bip01_R_Finger1" 11
  51 "ValveBiped.Bip01_R_Finger11" 50
  52 "ValveBiped.Bip01_R_Finger12" 51
  53 "ValveBiped.Bip01_R_Finger0" 11
  54 "ValveBiped.Bip01_R_Finger01" 53
  55 "ValveBiped.Bip01_R_Finger02" 54
end
skeleton
  time 0
    0 -0.373454 -13.527752 36.984838 1.570796 0.000000 -0.390315
    1 0.000005 3.345127 -2.981901 1.570796 -0.008421 1.570796
    2 4.018318 0.000000 0.000000 0.000000 0.000000 0.067356
    3 3.518536 0.000000 0.000000 0.000000 0.000000 0.217846
    4 8.942642 0.000000 0.000000 0.000000 0.000000 0.194096
    5 3.307270 0.000001 0.000000 3.141590 0.000000 0.400478
    6 3.593704 -0.000004 0.000000 0.248966 0.196180 0.174311
    7 2.000027 -3.000002 0.000000 -1.570796 0.000000 -1.326450
    8 2.033352 1.000776 -1.937610 -1.648946 1.212454 2.963532
    9 6.028144 -0.000015 -0.000002 1.777515 -0.099872 -0.909326
    10 11.692535 0.000000 0.000008 0.377864 -0.340667 -0.469577
    11 11.481688 0.000000 0.000008 -1.708223 0.177417 0.009723
    12 2.676086 -1.712452 0.000000 -1.570796 0.000000 -1.571119
    13 2.033344 1.000772 1.937660 1.591641 -1.214643 2.948243
    14 6.028152 0.000011 0.000000 -1.836454 -0.071810 -0.976819
    15 11.692558 0.000000 -0.000004 -0.355652 0.192031 -0.706386
    16 11.481682 0.000000 -0.000027 2.364712 -0.121003 -0.160048
    17 2.676094 -1.712448 0.000000 1.570790 0.000001 1.570687
    18 -3.890452 0.000004 0.000007 -1.716377 -0.360832 -1.570121
    19 17.848145 0.000000 0.000000 -0.131016 0.029549 0.596422
    20 16.525240 0.000000 0.000000 -0.025851 -0.133438 -1.234957
    21 6.879452 0.000000 0.000000 -0.081333 -0.002951 -0.584373
    22 3.890452 -0.000004 -0.000003 -1.702039 0.381412 -1.611649
    23 17.848135 0.000000 0.000000 -0.117413 0.042186 0.126076
    24 16.525223 0.000000 0.000000 -0.172597 -0.093863 -1.124676
    25 6.879442 0.000000 0.000000 -0.005514 -0.005611 -0.995311
    26 3.859718 -0.142403 -1.191975 -0.475577 -0.163795 -1.470433
    27 1.312569 0.000008 0.000001 -0.006149 0.007459 -1.130285
    28 0.729351 0.000001 -0.000002 -0.004818 -0.001190 -2.058726
    29 3.942327 0.046772 -0.431443 -0.159916 0.061799 -0.883402
    30 1.539104 0.000002 0.000000 -0.003667 0.002542 -1.213363
    31 1.196320 -0.000004 0.000000 -0.007047 0.002088 -1.714242
    32 3.883698 -0.046761 0.431443 -0.173705 -0.108131 -0.629658
    33 1.719563 0.000008 0.000000 -0.003391 0.004342 -1.031456
    34 1.209183 0.000000 0.000000 -0.001965 0.002365 -0.914210
    35 3.859863 -0.137962 1.332467 -0.150376 -0.048131 -0.517165
    36 1.719431 0.000008 0.000001 -0.003583 0.001941 -1.438990
    37 1.099670 0.000002 0.000003 -0.001786 0.001889 -1.005802
    38 0.806047 -0.348927 1.321259 -0.868915 -0.260806 -0.781194
    39 1.789791 0.000004 0.000008 0.000000 0.007386 0.228523
    40 1.207014 0.000001 -0.000006 0.002684 0.010943 0.603784
    41 3.859665 -0.132576 1.193108 0.231221 -0.034811 -1.087074
    42 1.312565 0.000002 -0.000001 0.003144 -0.011506 -0.706649
    43 0.729362 0.000006 0.000000 0.004103 -0.004558 -0.977112
    44 3.942287 0.050316 0.431043 0.170404 -0.106073 -1.066873
    45 1.539101 0.000004 0.000001 0.002368 -0.005349 -0.665060
    46 1.196342 0.000000 0.000000 0.008581 -0.004426 -1.526730
    47 3.883656 -0.050339 -0.431043 0.194444 -0.226780 -0.831479
    48 1.719563 -0.000008 0.000000 0.004967 -0.006238 -1.038981
    49 1.209179 -0.000002 0.000000 0.003745 -0.002420 -1.213666
    50 3.859818 -0.148941 -1.331282 -0.321857 0.155872 -0.200119
    51 1.719429 -0.000011 0.000001 -0.001522 -0.006445 -0.129259
    52 1.099663 -0.000006 0.000001 0.016574 0.073749 -0.316830
    53 0.806011 -0.359840 -1.318334 1.031310 0.215114 -1.044288
    54 1.789782 0.000002 0.000000 -0.001067 -0.006208 0.399291
    55 1.206999 0.000000 0.000008 0.006403 -0.062818 1.143826
  time 1
    0 -0.396892 -13.719164 36.992651 1.570796 0.000000 -0.385217
    1 0.000005 3.345127 -2.981901 1.570796 -0.000008 1.570796
    2 4.018318 0.000000 0.000000 0.000000 0.000000 0.066692
    3 3.518536 0.000000 0.000000 0.000000 0.000000 0.221485
    4 8.942642 0.000000 0.000000 0.000000 0.000000 0.194096
    5 3.307270 0.000001 0.000000 3.141590 0.000000 0.400478
    6 3.593704 -0.000004 0.000000 0.247940 0.193686 0.180120
    7 2.000027 -3.000002 0.000000 -1.570796 0.000000 -1.326450
    8 2.033352 1.000776 -1.937610 -1.648946 1.212454 2.963532
    9 6.028144 -0.000015 -0.000002 1.778539 -0.100241 -0.909284
    10 11.692535 0.000000 0.000008 0.383917 -0.345387 -0.486006
    11 11.481688 0.000000 0.000008 -1.708298 0.177136 0.006717
    12 2.676086 -1.712452 0.000000 -1.570796 0.000000 -1.571107
    13 2.033344 1.000772 1.937660 1.591641 -1.214643 2.948243
    14 6.028152 0.000011 0.000000 -1.836496 -0.065862 -0.980472
    15 11.692558 0.000000 -0.000004 -0.351774 0.191551 -0.691342
    16 11.481682 0.000000 -0.000027 2.365614 -0.120682 -0.159084
    17 2.676094 -1.712448 0.000000 1.570790 0.000001 1.570687
    18 -3.890452 0.000004 0.000007 -1.714850 -0.354774 -1.573133
    19 17.848145 0.000000 0.000000 -0.130249 0.028025 0.597241
    20 16.525240 0.000000 0.000000 -0.024821 -0.130777 -1.241993
    21 6.879452 0.000000 0.000000 -0.081333 -0.002951 -0.584373
    22 3.890452 -0.000004 -0.000003 -1.694501 0.351079 -1.593637
    23 17.848135 0.000000 0.000000 -0.112856 0.059815 0.182055
    24 16.525223 0.000000 0.000000 -0.167641 -0.093974 -1.149321
    25 6.879442 0.000000 0.000000 -0.005514 -0.005611 -0.995311
    26 3.859718 -0.142403 -1.191975 -0.475577 -0.163795 -1.470433
    27 1.312569 0.000008 0.000001 -0.006149 0.007459 -1.130285
    28 0.729351 0.000001 -0.000002 -0.004818 -0.001190 -2.058726
    29 3.942327 0.046772 -0.431443 -0.159916 0.061799 -0.883402
    30 1.539104 0.000002 0.000000 -0.003667 0.002542 -1.213363
    31 1.196320 -0.000004 0.000000 -0.007047 0.002088 -1.714242
    32 3.883698 -0.046761 0.431443 -0.173705 -0.108131 -0.629658
    33 1.719563 0.000008 0.000000 -0.003391 0.004342 -1.031456
    34 1.209183 0.000000 0.000000 -0.001965 0.002365 -0.914210
    35 3.859863 -0.137962 1.332467 -0.150361 -0.048131 -0.517165
    36 1.719431 0.000008 0.000001 -0.003583 0.001941 -1.438990
    37 1.099670 0.000002 0.000003 -0.001786 0.001889 -1.005802
    38 0.806047 -0.348927 1.321259 -0.868915 -0.260806 -0.781194
    39 1.789791 0.000004 0.000008 0.000000 0.007386 0.228523
    40 1.207014 0.000001 -0.000006 0.002684 0.010943 0.603784
    41 3.859665 -0.132576 1.193108 0.231221 -0.034811 -1.087074
    42 1.312565 0.000002 -0.000001 0.003144 -0.011506 -0.706649
    43 0.729362 0.000006 0.000000 0.004103 -0.004558 -0.977112
    44 3.942287 0.050316 0.431043 0.170404 -0.106073 -1.066873
    45 1.539101 0.000004 0.000001 0.002368 -0.005349 -0.665060
    46 1.196342 0.000000 0.000000 0.008581 -0.004426 -1.526763
    47 3.883656 -0.050339 -0.431043 0.194444 -0.226780 -0.831479
    48 1.719563 -0.000008 0.000000 0.004967 -0.006238 -1.038981
    49 1.209179 -0.000002 0.000000 0.003745 -0.002420 -1.213666
    50 3.859818 -0.148941 -1.331282 -0.321857 0.155872 -0.200119
    51 1.719429 -0.000011 0.000001 -0.001522 -0.006445 -0.129259
    52 1.099663 -0.000006 0.000001 0.016574 0.073749 -0.316830
    53 0.806011 -0.359840 -1.318334 1.031310 0.215114 -1.044288
    54 1.789782 0.000002 0.000000 -0.001067 -0.006208 0.399291
    55 1.206999 0.000000 0.000008 0.006403 -0.062818 1.143826
  time 2
    0 -0.471113 -14.289494 37.027808 1.570796 0.000000 -0.369358
    1 0.000005 3.345127 -2.981901 1.570796 0.023709 1.570796
    2 4.018318 0.000000 0.000000 0.000000 0.000000 0.064657
    3 3.518536 0.000000 0.000000 0.000000 0.000000 0.231736
    4 8.942642 0.000000 0.000000 0.000000 0.000000 0.194096
    5 3.307270 0.000001 0.000000 3.141590 0.000000 0.400478
    6 3.593704 -0.000004 0.000000 0.244232 0.185693 0.197491
    7 2.000027 -3.000002 0.000000 -1.570796 0.000000 -1.326450
    8 2.033352 1.000776 -1.937610 -1.648946 1.212454 2.963532
    9 6.028144 -0.000015 -0.000002 1.781939 -0.097257 -0.911174
    10 11.692535 0.000000 0.000008 0.399461 -0.354138 -0.525820
    11 11.481688 0.000000 0.000008 -1.708000 0.173848 -0.003934
    12 2.676086 -1.712452 0.000000 -1.570796 0.000000 -1.571107
    13 2.033344 1.000772 1.937660 1.591641 -1.214643 2.948243
    14 6.028152 0.000011 0.000000 -1.836915 -0.049892 -0.990866
    15 11.692558 0.000000 -0.000004 -0.340085 0.189180 -0.645294
    16 11.481682 0.000000 -0.000027 2.368278 -0.119258 -0.156529
    17 2.676094 -1.712448 0.000000 1.570790 0.000001 1.570687
    18 -3.890452 0.000004 0.000007 -1.710039 -0.335344 -1.582209
    19 17.848145 0.000000 0.000000 -0.127840 0.023108 0.596773
    20 16.525240 0.000000 0.000000 -0.021638 -0.122665 -1.261450
    21 6.879452 0.000000 0.000000 -0.081333 -0.002951 -0.584373
    22 3.890452 -0.000004 -0.000003 -1.678392 0.280519 -1.553436
    23 17.848135 0.000000 0.000000 -0.098742 0.093600 0.299879
    24 16.525223 0.000000 0.000000 -0.158051 -0.091235 -1.193691
    25 6.879442 0.000000 0.000000 -0.005514 -0.005611 -0.995311
    26 3.859718 -0.142403 -1.191975 -0.475577 -0.163795 -1.470433
    27 1.312569 0.000008 0.000001 -0.006149 0.007459 -1.130285
    28 0.729351 0.000001 -0.000002 -0.004818 -0.001190 -2.058726
    29 3.942327 0.046772 -0.431443 -0.159916 0.061799 -0.883402
    30 1.539104 0.000002 0.000000 -0.003667 0.002542 -1.213363
    31 1.196320 -0.000004 0.000000 -0.007047 0.002088 -1.714242
    32 3.883698 -0.046761 0.431443 -0.173705 -0.108131 -0.629658
    33 1.719563 0.000008 0.000000 -0.003391 0.004342 -1.031456
    34 1.209183 0.000000 0.000000 -0.001965 0.002365 -0.914210
    35 3.859863 -0.137962 1.332467 -0.150361 -0.048131 -0.517165
    36 1.719431 0.000008 0.000001 -0.003583 0.001941 -1.438990
    37 1.099670 0.000002 0.000003 -0.001786 0.001877 -1.005802
    38 0.806047 -0.348927 1.321259 -0.868915 -0.260806 -0.781194
    39 1.789791 0.000004 0.000008 0.000000 0.007386 0.228523
    40 1.207014 0.000001 -0.000006 0.002684 0.010943 0.603784
    41 3.859665 -0.132576 1.193108 0.231221 -0.034811 -1.087074
    42 1.312565 0.000002 -0.000001 0.003144 -0.011506 -0.706649
    43 0.729362 0.000006 0.000000 0.004103 -0.004558 -0.977112
    44 3.942287 0.050316 0.431043 0.170404 -0.106073 -1.066873
    45 1.539101 0.000004 0.000001 0.002368 -0.005349 -0.665060
    46 1.196342 0.000000 0.000000 0.008581 -0.004426 -1.526763
    47 3.883656 -0.050339 -0.431043 0.194444 -0.226780 -0.831479
    48 1.719563 -0.000008 0.000000 0.004967 -0.006238 -1.038981
    49 1.209179 -0.000002 0.000000 0.003745 -0.002420 -1.213666
    50 3.859818 -0.148941 -1.331282 -0.321857 0.155872 -0.200119
    51 1.719429 -0.000011 0.000001 -0.001522 -0.006445 -0.129259
    52 1.099663 -0.000006 0.000001 0.016574 0.073749 -0.316830
    53 0.806011 -0.359840 -1.318334 1.031310 0.215114 -1.044288
    54 1.789782 0.000002 0.000000 -0.001067 -0.006208 0.399291
    55 1.206999 0.000000 0.000008 0.006403 -0.062818 1.143826
  time 3
    0 -0.560960 -15.090299 37.090310 1.570796 0.000000 -0.344625
    1 0.000005 3.345127 -2.981901 1.570796 0.054162 1.570796
    2 4.018318 0.000000 0.000000 0.000000 0.000000 0.061205
    3 3.518536 0.000000 0.000000 0.000000 0.000000 0.244919
    4 8.942642 0.000000 0.000000 0.000000 0.000000 0.194096
    5 3.307270 0.000001 0.000000 3.141590 0.000000 0.400478
    6 3.593704 -0.000004 0.000000 0.237396 0.172917 0.222533
    7 2.000027 -3.000002 0.000000 -1.570796 0.000000 -1.326450
    8 2.033352 1.000776 -1.937610 -1.648946 1.212454 2.963532
    9 6.028144 -0.000015 -0.000002 1.787550 -0.084731 -0.917350
    10 11.692535 0.000000 0.000008 0.415974 -0.356607 -0.562587
    11 11.481688 0.000000 0.000008 -1.706138 0.164903 -0.022133
    12 2.676086 -1.712452 0.000000 -1.570796 0.000000 -1.571107
    13 2.033344 1.000772 1.937660 1.591641 -1.214643 2.948243
    14 6.028152 0.000011 0.000000 -1.838381 -0.031772 -1.004500
    15 11.692558 0.000000 -0.000004 -0.322871 0.182745 -0.574669
    16 11.481682 0.000000 -0.000027 2.371974 -0.115406 -0.154191
    17 2.676094 -1.712448 0.000000 1.570790 0.000001 1.570687
    18 -3.890452 0.000004 0.000007 -1.702498 -0.303799 -1.595452
    19 17.848145 0.000000 0.000000 -0.124005 0.015307 0.588693
    20 16.525240 0.000000 0.000000 -0.016886 -0.110525 -1.285332
    21 6.879452 0.000000 0.000000 -0.081333 -0.002951 -0.584373
    22 3.890452 -0.000004 -0.000003 -1.661736 0.191736 -1.508797
    23 17.848135 0.000000 0.000000 -0.077683 0.122821 0.428245
    24 16.525223 0.000000 0.000000 -0.149298 -0.084106 -1.229187
    25 6.879442 0.000000 0.000000 -0.005514 -0.005611 -0.995311
    26 3.859718 -0.142403 -1.191975 -0.475577 -0.163795 -1.470433
    27 1.312569 0.000008 0.000001 -0.006149 0.007459 -1.130285
    28 0.729351 0.000001 -0.000002 -0.004818 -0.001190 -2.058726
    29 3.942327 0.046772 -0.431443 -0.159916 0.061799 -0.883402
    30 1.539104 0.000002 0.000000 -0.003667 0.002542 -1.213363
    31 1.196320 -0.000004 0.000000 -0.007047 0.002088 -1.714242
    32 3.883698 -0.046761 0.431443 -0.173705 -0.108131 -0.629658
    33 1.719563 0.000008 0.000000 -0.003391 0.004342 -1.031456
    34 1.209183 0.000000 0.000000 -0.001965 0.002365 -0.914210
    35 3.859863 -0.137962 1.332467 -0.150361 -0.048119 -0.517165
    36 1.719431 0.000008 0.000001 -0.003583 0.001941 -1.438990
    37 1.099670 0.000002 0.000003 -0.001786 0.001877 -1.005802
    38 0.806047 -0.348927 1.321259 -0.868915 -0.260806 -0.781194
    39 1.789791 0.000004 0.000008 0.000000 0.007386 0.228523
    40 1.207014 0.000001 -0.000006 0.002684 0.010943 0.603784
    41 3.859665 -0.132576 1.193108 0.231221 -0.034811 -1.087074
    42 1.312565 0.000002 -0.000001 0.003144 -0.011506 -0.706649
    43 0.729362 0.000006 0.000000 0.004103 -0.004558 -0.977112
    44 3.942287 0.050316 0.431043 0.170404 -0.106073 -1.066873
    45 1.539101 0.000004 0.000001 0.002368 -0.005349 -0.665060
    46 1.196342 0.000000 0.000000 0.008581 -0.004426 -1.526763
    47 3.883656 -0.050339 -0.431043 0.194444 -0.226780 -0.831479
    48 1.719563 -0.000008 0.000000 0.004967 -0.006238 -1.038981
    49 1.209179 -0.000002 0.000000 0.003745 -0.002420 -1.213666
    50 3.859818 -0.148941 -1.331282 -0.321857 0.155872 -0.200119
    51 1.719429 -0.000011 0.000001 -0.001522 -0.006445 -0.129259
    52 1.099663 -0.000006 0.000001 0.016574 0.073749 -0.316830
    53 0.806011 -0.359840 -1.318334 1.031310 0.215114 -1.044288
    54 1.789782 0.000002 0.000000 -0.001067 -0.006208 0.399291
    55 1.206999 0.000000 0.000008 0.006403 -0.062818 1.143826
  time 4
    0 -0.635181 -15.859854 37.176250 1.570796 0.000000 -0.316777
    1 0.000005 3.345127 -2.981901 1.570796 0.077880 1.570796
    2 4.018318 0.000000 0.000000 0.000000 0.000000 0.056395
    3 3.518536 0.000000 0.000000 0.000000 0.000000 0.255170
    4 8.942642 0.000000 0.000000 0.000000 0.000000 0.194096
    5 3.307270 0.000001 0.000000 3.141590 0.000000 0.400478
    6 3.593704 -0.000004 0.000000 0.228113 0.158056 0.247443
    7 2.000027 -3.000002 0.000000 -1.570796 0.000000 -1.326450
    8 2.033352 1.000776 -1.937610 -1.648946 1.212454 2.963532
    9 6.028144 -0.000015 -0.000002 1.793817 -0.065795 -0.926172
    10 11.692535 0.000000 0.000008 0.426140 -0.351137 -0.576432
    11 11.481688 0.000000 0.000008 -1.701893 0.154634 -0.040545
    12 2.676086 -1.712452 0.000000 -1.570796 0.000000 -1.571119
    13 2.033344 1.000772 1.937660 1.591641 -1.214643 2.948243
    14 6.028152 0.000011 0.000000 -1.839597 -0.019600 -1.017157
    15 11.692558 0.000000 -0.000004 -0.306029 0.172698 -0.501853
    16 11.481682 0.000000 -0.000027 2.375626 -0.109879 -0.153178
    17 2.676094 -1.712448 0.000000 1.570790 0.000001 1.570687
    18 -3.890452 0.000004 0.000007 -1.694243 -0.267720 -1.608572
    19 17.848145 0.000000 0.000000 -0.119426 0.006834 0.570134
    20 16.525240 0.000000 0.000000 -0.011292 -0.097498 -1.303058
    21 6.879452 0.000000 0.000000 -0.081333 -0.002951 -0.584373
    22 3.890452 -0.000004 -0.000003 -1.649092 0.099783 -1.470814
    23 17.848135 0.000000 0.000000 -0.055945 0.140046 0.542171
    24 16.525223 0.000000 0.000000 -0.143184 -0.074695 -1.247533
    25 6.879442 0.000000 0.000000 -0.005741 -0.005395 -0.955611
    26 3.859718 -0.142403 -1.191975 -0.475577 -0.163795 -1.470433
    27 1.312569 0.000008 0.000001 -0.006149 0.007459 -1.130285
    28 0.729351 0.000001 -0.000002 -0.004818 -0.001190 -2.058726
    29 3.942327 0.046772 -0.431443 -0.159916 0.061799 -0.883402
    30 1.539104 0.000002 0.000000 -0.003667 0.002542 -1.213363
    31 1.196320 -0.000004 0.000000 -0.007047 0.002088 -1.714242
    32 3.883698 -0.046761 0.431443 -0.173705 -0.108131 -0.629658
    33 1.719563 0.000008 0.000000 -0.003391 0.004342 -1.031456
    34 1.209183 0.000000 0.000000 -0.001965 0.002365 -0.914210
    35 3.859863 -0.137962 1.332467 -0.150361 -0.048107 -0.517165
    36 1.719431 0.000008 0.000001 -0.003583 0.001941 -1.438990
    37 1.099670 0.000002 0.000003 -0.001786 0.001877 -1.005802
    38 0.806047 -0.348927 1.321259 -0.868915 -0.260806 -0.781194
    39 1.789791 0.000004 0.000008 0.000000 0.007386 0.228523
    40 1.207014 0.000001 -0.000006 0.002684 0.010943 0.603757
    41 3.859665 -0.132576 1.193108 0.231221 -0.034811 -1.087074
    42 1.312565 0.000002 -0.000001 0.003144 -0.011506 -0.706649
    43 0.729362 0.000006 0.000000 0.004103 -0.004558 -0.977112
    44 3.942287 0.050316 0.431043 0.170404 -0.106073 -1.066873
    45 1.539101 0.000004 0.000001 0.002368 -0.005349 -0.665060
    46 1.196342 0.000000 0.000000 0.008581 -0.004426 -1.526730
    47 3.883656 -0.050339 -0.431043 0.194444 -0.226780 -0.831479
    48 1.719563 -0.000008 0.000000 0.004967 -0.006238 -1.038981
    49 1.209179 -0.000002 0.000000 0.003745 -0.002420 -1.213666
    50 3.859818 -0.148941 -1.331282 -0.321857 0.155872 -0.200119
    51 1.719429 -0.000011 0.000001 -0.001522 -0.006445 -0.129259
    52 1.099663 -0.000006 0.000001 0.016574 0.073749 -0.316830
    53 0.806011 -0.359840 -1.318334 1.031310 0.215114 -1.044288
    54 1.789782 0.000002 0.000000 -0.001067 -0.006208 0.399291
    55 1.206999 0.000000 0.000008 0.006403 -0.062818 1.143826
  time 5
    0 -0.658619 -16.391120 37.277816 1.570796 0.000000 -0.291288
    1 0.000005 3.345127 -2.981901 1.570796 0.086293 1.570796
    2 4.018318 0.000000 0.000000 0.000000 0.000000 0.050362
    3 3.518536 0.000000 0.000000 0.000000 0.000000 0.258809
    4 8.942642 0.000000 0.000000 0.000000 0.000000 0.194096
    5 3.307270 0.000001 0.000000 3.141590 0.000000 0.400478
    6 3.593704 -0.000004 0.000000 0.217753 0.143810 0.266131
    7 2.000027 -3.000002 0.000000 -1.570796 0.000000 -1.326450
    8 2.033352 1.000776 -1.937610 -1.648946 1.212454 2.963532
    9 6.028144 -0.000015 -0.000002 1.799429 -0.049879 -0.934449
    10 11.692535 0.000000 0.000008 0.429813 -0.344011 -0.568218
    11 11.481688 0.000000 0.000008 -1.696010 0.149958 -0.050199
    12 2.676086 -1.712452 0.000000 -1.570796 0.000000 -1.571119
    13 2.033344 1.000772 1.937660 1.591641 -1.214643 2.948243
    14 6.028152 0.000011 0.000000 -1.839806 -0.012005 -1.027139
    15 11.692558 0.000000 -0.000004 -0.294978 0.166094 -0.455452
    16 11.481682 0.000000 -0.000027 2.379536 -0.107492 -0.150358
    17 2.676094 -1.712448 0.000000 1.570790 0.000001 1.570687
    18 -3.890452 0.000004 0.000007 -1.686767 -0.235871 -1.619009
    19 17.848145 0.000000 0.000000 -0.114764 -0.000442 0.544900
    20 16.525240 0.000000 0.000000 -0.005651 -0.086478 -1.309598
    21 6.879452 0.000000 0.000000 -0.081333 -0.002951 -0.584373
    22 3.890452 -0.000004 -0.000003 -1.641372 0.015317 -1.443535
    23 17.848135 0.000000 0.000000 -0.038172 0.146711 0.632710
    24 16.525223 0.000000 0.000000 -0.139323 -0.065615 -1.251142
    25 6.879442 0.000000 0.000000 -0.006173 -0.004892 -0.872179
    26 3.859718 -0.142403 -1.191975 -0.475577 -0.163795 -1.470433
    27 1.312569 0.000008 0.000001 -0.006149 0.007459 -1.130285
    28 0.729351 0.000001 -0.000002 -0.004818 -0.001190 -2.058726
    29 3.942327 0.046772 -0.431443 -0.159916 0.061799 -0.883402
    30 1.539104 0.000002 0.000000 -0.003667 0.002542 -1.213363
    31 1.196320 -0.000004 0.000000 -0.007047 0.002088 -1.714242
    32 3.883698 -0.046761 0.431443 -0.173705 -0.108131 -0.629658
    33 1.719563 0.000008 0.000000 -0.003391 0.004342 -1.031456
    34 1.209183 0.000000 0.000000 -0.001965 0.002365 -0.914210
    35 3.859863 -0.137962 1.332467 -0.150361 -0.048083 -0.517136
    36 1.719431 0.000008 0.000001 -0.003583 0.001941 -1.438990
    37 1.099670 0.000002 0.000003 -0.001786 0.001877 -1.005802
    38 0.806047 -0.348927 1.321259 -0.868915 -0.260806 -0.781194
    39 1.789791 0.000004 0.000008 0.000000 0.007386 0.228523
    40 1.207014 0.000001 -0.000006 0.002684 0.010943 0.603757
    41 3.859665 -0.132576 1.193108 0.231221 -0.034811 -1.087074
    42 1.312565 0.000002 -0.000001 0.003144 -0.011506 -0.706649
    43 0.729362 0.000006 0.000000 0.004103 -0.004558 -0.977112
    44 3.942287 0.050316 0.431043 0.170404 -0.106073 -1.066873
    45 1.539101 0.000004 0.000001 0.002368 -0.005349 -0.665060
    46 1.196342 0.000000 0.000000 0.008581 -0.004426 -1.526730
    47 3.883656 -0.050339 -0.431043 0.194444 -0.226780 -0.831479
    48 1.719563 -0.000008 0.000000 0.004967 -0.006238 -1.038981
    49 1.209179 -0.000002 0.000000 0.003745 -0.002420 -1.213666
    50 3.859818 -0.148941 -1.331282 -0.321857 0.155872 -0.200119
    51 1.719429 -0.000011 0.000001 -0.001522 -0.006445 -0.129259
    52 1.099663 -0.000006 0.000001 0.016574 0.073749 -0.316830
    53 0.806011 -0.359840 -1.318334 1.031310 0.215114 -1.044288
    54 1.789782 0.000002 0.000000 -0.001067 -0.006208 0.399291
    55 1.206999 0.000000 0.000008 0.006403 -0.062818 1.143826
  time 6
    0 -0.654712 -16.746600 37.402819 1.570796 0.000000 -0.264101
    1 0.000005 3.345127 -2.981901 1.570796 0.086293 1.570796
    2 4.018318 0.000000 0.000000 0.000000 0.000000 0.043399
    3 3.518536 0.000000 0.000000 0.000000 0.000000 0.254410
    4 8.942642 0.000000 0.000000 0.000000 0.000000 0.194096
    5 3.307270 0.000001 0.000000 3.141590 0.000000 0.400478
    6 3.593704 -0.000004 0.000000 0.204763 0.127836 0.281491
    7 2.000027 -3.000002 0.000000 -1.570796 0.000000 -1.326450
    8 2.033352 1.000776 -1.937610 -1.648946 1.212454 2.963532
    9 6.028144 -0.000015 -0.000002 1.803934 -0.040522 -0.942809
    10 11.692535 0.000000 0.000008 0.427580 -0.335854 -0.543508
    11 11.481688 0.000000 0.000008 -1.690759 0.147746 -0.055525
    12 2.676086 -1.712452 0.000000 -1.570796 0.000000 -1.571119
    13 2.033344 1.000772 1.937660 1.591641 -1.214643 2.948243
    14 6.028152 0.000011 0.000000 -1.841399 -0.007108 -1.035114
    15 11.692558 0.000000 -0.000004 -0.289080 0.162283 -0.424165
    16 11.481682 0.000000 -0.000027 2.381814 -0.105385 -0.145778
    17 2.676094 -1.712448 0.000000 1.570790 0.000001 1.570687
    18 -3.890452 0.000004 0.000007 -1.678674 -0.205583 -1.628168
    19 17.848145 0.000000 0.000000 -0.109072 -0.007490 0.512406
    20 16.525240 0.000000 0.000000 0.000762 -0.075690 -1.307070
    21 6.879452 0.000000 0.000000 -0.081333 -0.002951 -0.584373
    22 3.890452 -0.000004 -0.000003 -1.635901 -0.078699 -1.419649
    23 17.848135 0.000000 0.000000 -0.020365 0.148488 0.727741
    24 16.525223 0.000000 0.000000 -0.135767 -0.056125 -1.250613
    25 6.879442 0.000000 0.000000 -0.006664 -0.004185 -0.762301
    26 3.859718 -0.142403 -1.191975 -0.477267 -0.158415 -1.459885
    27 1.312569 0.000008 0.000001 -0.006101 0.007495 -1.123344
    28 0.729351 0.000001 -0.000002 -0.004854 -0.001058 -2.031404
    29 3.942327 0.046772 -0.431443 -0.159832 0.062039 -0.881901
    30 1.539104 0.000002 0.000000 -0.003632 0.002578 -1.202873
    31 1.196320 -0.000004 0.000000 -0.006999 0.002243 -1.692781
    32 3.883698 -0.046761 0.431443 -0.168429 -0.105386 -0.629153
    33 1.719563 0.000008 0.000000 -0.003355 0.004366 -1.023634
    34 1.209183 0.000000 0.000000 -0.001953 0.002377 -0.905965
    35 3.859863 -0.137962 1.332467 -0.140131 -0.048095 -0.517458
    36 1.719431 0.000008 0.000001 -0.003547 0.002025 -1.417955
    37 1.099670 0.000002 0.000003 -0.001750 0.001913 -0.990566
    38 0.806047 -0.348927 1.321259 -0.875317 -0.269172 -0.782800
    39 1.789791 0.000004 0.000008 0.000000 0.007386 0.228523
    40 1.207014 0.000001 -0.000006 0.002684 0.010943 0.603705
    41 3.859665 -0.132576 1.193108 0.231221 -0.034811 -1.087074
    42 1.312565 0.000002 -0.000001 0.003144 -0.011506 -0.706649
    43 0.729362 0.000006 0.000000 0.004103 -0.004558 -0.977112
    44 3.942287 0.050316 0.431043 0.170404 -0.106073 -1.066873
    45 1.539101 0.000004 0.000001 0.002368 -0.005349 -0.665060
    46 1.196342 0.000000 0.000000 0.008581 -0.004426 -1.526730
    47 3.883656 -0.050339 -0.431043 0.194444 -0.226780 -0.831479
    48 1.719563 -0.000008 0.000000 0.004967 -0.006238 -1.038981
    49 1.209179 -0.000002 0.000000 0.003745 -0.002420 -1.213666
    50 3.859818 -0.148941 -1.331282 -0.321857 0.155872 -0.200119
    51 1.719429 -0.000011 0.000001 -0.001522 -0.006445 -0.129259
    52 1.099663 -0.000006 0.000001 0.016574 0.073749 -0.316830
    53 0.806011 -0.359840 -1.318334 1.031310 0.215114 -1.044288
    54 1.789782 0.000002 0.000000 -0.001067 -0.006208 0.399291
    55 1.206999 0.000000 0.000008 0.006403 -0.062818 1.143826
  time 7
    0 -0.627368 -17.027858 37.562981 1.570796 0.000000 -0.230022
    1 0.000005 3.345127 -2.981901 1.570796 0.086293 1.570796
    2 4.018318 0.000000 0.000000 0.000000 0.000000 0.035890
    3 3.518536 0.000000 0.000000 0.000000 0.000000 0.241362
    4 8.942642 0.000000 0.000000 0.000000 0.000000 0.194096
    5 3.307270 0.000001 0.000000 3.141590 0.000000 0.400478
    6 3.593704 -0.000004 0.000000 0.187066 0.107400 0.297809
    7 2.000027 -3.000002 0.000000 -1.570796 0.000000 -1.326450
    8 2.033352 1.000776 -1.937610 -1.648946 1.212454 2.963532
    9 6.028144 -0.000015 -0.000002 1.807375 -0.036838 -0.952976
    10 11.692535 0.000000 0.000008 0.418824 -0.323353 -0.503694
    11 11.481688 0.000000 0.000008 -1.687855 0.142229 -0.063857
    12 2.676086 -1.712452 0.000000 -1.570796 0.000000 -1.571119
    13 2.033344 1.000772 1.937660 1.591641 -1.214643 2.948243
    14 6.028152 0.000011 0.000000 -1.846637 -0.006468 -1.041751
    15 11.692558 0.000000 -0.000004 -0.286105 0.155171 -0.385603
    16 11.481682 0.000000 -0.000027 2.380009 -0.097234 -0.141801
    17 2.676094 -1.712448 0.000000 1.570790 0.000001 1.570687
    18 -3.890452 0.000004 0.000007 -1.668890 -0.170304 -1.637162
    19 17.848145 0.000000 0.000000 -0.101126 -0.015028 0.467734
    20 16.525240 0.000000 0.000000 0.009282 -0.062518 -1.296902
    21 6.879452 0.000000 0.000000 -0.081333 -0.002951 -0.584373
    22 3.890452 -0.000004 -0.000003 -1.630247 -0.167023 -1.406206
    23 17.848135 0.000000 0.000000 -0.008658 0.136331 0.787841
    24 16.525223 0.000000 0.000000 -0.134399 -0.043850 -1.223163
    25 6.879442 0.000000 0.000000 -0.006928 -0.003741 -0.696170
    26 3.859718 -0.142403 -1.191975 -0.481630 -0.143460 -1.430775
    27 1.312569 0.000008 0.000001 -0.005957 0.007615 -1.104257
    28 0.729351 0.000001 -0.000002 -0.004926 -0.000686 -1.954817
    29 3.942327 0.046772 -0.431443 -0.159568 0.062698 -0.877815
    30 1.539104 0.000002 0.000000 -0.003560 0.002686 -1.173928
    31 1.196320 -0.000004 0.000000 -0.006855 0.002663 -1.632911
    32 3.883698 -0.046761 0.431443 -0.153900 -0.097824 -0.627668
    33 1.719563 0.000008 0.000000 -0.003260 0.004438 -1.002137
    34 1.209183 0.000000 0.000000 -0.001893 0.002425 -0.883232
    35 3.859863 -0.137962 1.332467 -0.111877 -0.047987 -0.518334
    36 1.719431 0.000008 0.000001 -0.003427 0.002229 -1.359358
    37 1.099670 0.000002 0.000003 -0.001666 0.001985 -0.948356
    38 0.806047 -0.348927 1.321259 -0.892977 -0.292356 -0.786970
    39 1.789791 0.000004 0.000008 0.000000 0.007386 0.228523
    40 1.207014 0.000001 -0.000006 0.002672 0.010943 0.603283
    41 3.859665 -0.132576 1.193108 0.231221 -0.034811 -1.087074
    42 1.312565 0.000002 -0.000001 0.003144 -0.011506 -0.706649
    43 0.729362 0.000006 0.000000 0.004103 -0.004558 -0.977112
    44 3.942287 0.050316 0.431043 0.170404 -0.106073 -1.066873
    45 1.539101 0.000004 0.000001 0.002368 -0.005349 -0.665060
    46 1.196342 0.000000 0.000000 0.008581 -0.004426 -1.526730
    47 3.883656 -0.050339 -0.431043 0.194444 -0.226780 -0.831479
    48 1.719563 -0.000008 0.000000 0.004967 -0.006238 -1.038981
    49 1.209179 -0.000002 0.000000 0.003745 -0.002420 -1.213666
    50 3.859818 -0.148941 -1.331282 -0.321857 0.155872 -0.200119
    51 1.719429 -0.000011 0.000001 -0.001522 -0.006445 -0.129259
    52 1.099663 -0.000006 0.000001 0.016574 0.073749 -0.316830
    53 0.806011 -0.359840 -1.318334 1.031310 0.215114 -1.044288
    54 1.789782 0.000002 0.000000 -0.001067 -0.006208 0.399291
    55 1.206999 0.000000 0.000008 0.006403 -0.062818 1.143826
  time 8
    0 -0.568772 -17.238802 37.746580 1.570796 0.000000 -0.192073
    1 0.000005 3.345127 -2.981901 1.570796 0.086293 1.570796
    2 4.018318 0.000000 0.000000 0.000000 0.000000 0.028263
    3 3.518536 0.000000 0.000000 0.000000 0.000000 0.221485
    4 8.942642 0.000000 0.000000 0.000000 0.000000 0.194096
    5 3.307270 0.000001 0.000000 3.141590 0.000000 0.400478
    6 3.593704 -0.000004 0.000000 0.166214 0.084521 0.314090
    7 2.000027 -3.000002 0.000000 -1.570796 0.000000 -1.326450
    8 2.033352 1.000776 -1.937610 -1.648946 1.212454 2.963532
    9 6.028144 -0.000015 -0.000002 1.809751 -0.038311 -0.964109
    10 11.692535 0.000000 0.000008 0.405367 -0.307288 -0.453678
    11 11.481688 0.000000 0.000008 -1.687073 0.134172 -0.073822
    12 2.676086 -1.712452 0.000000 -1.570796 0.000000 -1.571119
    13 2.033344 1.000772 1.937660 1.591641 -1.214643 2.948243
    14 6.028152 0.000011 0.000000 -1.854767 -0.007475 -1.046793
    15 11.692558 0.000000 -0.000004 -0.286743 0.146591 -0.346759
    16 11.481682 0.000000 -0.000027 2.375067 -0.085258 -0.137052
    17 2.676094 -1.712448 0.000000 1.570790 0.000001 1.570687
    18 -3.890452 0.000004 0.000007 -1.658327 -0.130415 -1.645206
    19 17.848145 0.000000 0.000000 -0.091335 -0.021486 0.410415
    20 16.525240 0.000000 0.000000 0.019909 -0.048474 -1.278434
    21 6.879452 0.000000 0.000000 -0.081333 -0.002951 -0.584373
    22 3.890452 -0.000004 -0.000003 -1.623561 -0.227956 -1.408751
    23 17.848135 0.000000 0.000000 -0.008133 0.109755 0.776964
    24 16.525223 0.000000 0.000000 -0.134480 -0.028633 -1.155022
    25 6.879442 0.000000 0.000000 -0.006460 -0.004508 -0.811237
    26 3.859718 -0.142403 -1.191975 -0.487447 -0.120379 -1.386578
    27 1.312569 0.000008 0.000001 -0.005729 0.007783 -1.075153
    28 0.729351 0.000001 -0.000002 -0.004974 -0.000087 -1.834836
    29 3.942327 0.046772 -0.431443 -0.159185 0.063704 -0.871563
    30 1.539104 0.000002 0.000000 -0.003440 0.002842 -1.129783
    31 1.196320 -0.000004 0.000000 -0.006580 0.003286 -1.540260
    32 3.883698 -0.046761 0.431443 -0.131789 -0.086367 -0.625173
    33 1.719563 0.000008 0.000000 -0.003116 0.004545 -0.969363
    34 1.209183 0.000000 0.000000 -0.001809 0.002485 -0.848618
    35 3.859863 -0.137962 1.332467 -0.068770 -0.047772 -0.519678
    36 1.719431 0.000008 0.000001 -0.003211 0.002528 -1.268847
    37 1.099670 0.000002 0.000003 -0.001546 0.002081 -0.883729
    38 0.806047 -0.348927 1.321259 -0.920013 -0.327858 -0.792543
    39 1.789791 0.000004 0.000008 0.000000 0.007386 0.228523
    40 1.207014 0.000001 -0.000006 0.002660 0.010955 0.602098
    41 3.859665 -0.132576 1.193108 0.231221 -0.034811 -1.087074
    42 1.312565 0.000002 -0.000001 0.003144 -0.011506 -0.706649
    43 0.729362 0.000006 0.000000 0.004103 -0.004558 -0.977112
    44 3.942287 0.050316 0.431043 0.170404 -0.106073 -1.066873
    45 1.539101 0.000004 0.000001 0.002368 -0.005349 -0.665060
    46 1.196342 0.000000 0.000000 0.008581 -0.004426 -1.526730
    47 3.883656 -0.050339 -0.431043 0.194444 -0.226780 -0.831479
    48 1.719563 -0.000008 0.000000 0.004967 -0.006238 -1.038981
    49 1.209179 -0.000002 0.000000 0.003745 -0.002420 -1.213666
    50 3.859818 -0.148941 -1.331282 -0.321857 0.155872 -0.200119
    51 1.719429 -0.000011 0.000001 -0.001522 -0.006445 -0.129259
    52 1.099663 -0.000006 0.000001 0.016574 0.073749 -0.316830
    53 0.806011 -0.359840 -1.318334 1.031310 0.215114 -1.044288
    54 1.789782 0.000002 0.000000 -0.001067 -0.006208 0.399291
    55 1.206999 0.000000 0.000008 0.006403 -0.062818 1.143826
  time 9
    0 -0.478926 -17.391151 37.937992 1.570796 0.000000 -0.155729
    1 0.000005 3.345127 -2.981901 1.570796 0.086293 1.570796
    2 4.018318 0.000000 0.000000 0.000000 0.000000 0.020901
    3 3.518536 0.000000 0.000000 0.000000 0.000000 0.198947
    4 8.942642 0.000000 0.000000 0.000000 0.000000 0.194096
    5 3.307270 0.000001 0.000000 3.141590 0.000000 0.400478
    6 3.593704 -0.000004 0.000000 0.145414 0.062536 0.328679
    7 2.000027 -3.000002 0.000000 -1.570796 0.000000 -1.326450
    8 2.033352 1.000776 -1.937610 -1.648946 1.212454 2.963532
    9 6.028144 -0.000015 -0.000002 1.811225 -0.043322 -0.974611
    10 11.692535 0.000000 0.000008 0.390734 -0.290224 -0.402867
    11 11.481688 0.000000 0.000008 -1.687743 0.125539 -0.083134
    12 2.676086 -1.712452 0.000000 -1.570796 0.000000 -1.571119
    13 2.033344 1.000772 1.937660 1.591641 -1.214643 2.948243
    14 6.028152 0.000011 0.000000 -1.863986 -0.005782 -1.050292
    15 11.692558 0.000000 -0.000004 -0.290355 0.139620 -0.317662
    16 11.481682 0.000000 -0.000027 2.368450 -0.073660 -0.130014
    17 2.676094 -1.712448 0.000000 1.570790 0.000001 1.570687
    18 -3.890452 0.000004 0.000007 -1.648673 -0.087136 -1.651766
    19 17.848145 0.000000 0.000000 -0.081016 -0.025108 0.341973
    20 16.525240 0.000000 0.000000 0.032244 -0.035782 -1.252244
    21 6.879452 0.000000 0.000000 -0.081333 -0.002951 -0.584373
    22 3.890452 -0.000004 -0.000003 -1.615233 -0.258709 -1.420041
    23 17.848135 0.000000 0.000000 -0.010081 0.083826 0.716456
    24 16.525223 0.000000 0.000000 -0.131197 -0.016090 -1.068190
    25 6.879442 0.000000 0.000000 -0.005514 -0.005611 -0.995311
    26 3.859718 -0.142403 -1.191975 -0.493375 -0.090491 -1.330311
    27 1.312569 0.000008 0.000001 -0.005441 0.007987 -1.038044
    28 0.729351 0.000001 -0.000002 -0.004926 0.000692 -1.676530
    29 3.942327 0.046772 -0.431443 -0.158669 0.064975 -0.863638
    30 1.539104 0.000002 0.000000 -0.003272 0.003034 -1.073302
    31 1.196320 -0.000004 0.000000 -0.006136 0.004053 -1.419865
    32 3.883698 -0.046761 0.431443 -0.103560 -0.071842 -0.621641
    33 1.719563 0.000008 0.000000 -0.002924 0.004677 -0.927520
    34 1.209183 0.000000 0.000000 -0.001702 0.002569 -0.804364
    35 3.859863 -0.137962 1.332467 -0.013632 -0.047412 -0.521344
    36 1.719431 0.000008 0.000001 -0.002888 0.002888 -1.151343
    37 1.099670 0.000002 0.000003 -0.001366 0.002213 -0.800557
    38 0.806047 -0.348927 1.321259 -0.954797 -0.373494 -0.798296
    39 1.789791 0.000004 0.000008 0.000000 0.007386 0.228523
    40 1.207014 0.000001 -0.000006 0.002636 0.010955 0.599779
    41 3.859665 -0.132576 1.193108 0.231221 -0.034811 -1.087074
    42 1.312565 0.000002 -0.000001 0.003144 -0.011506 -0.706649
    43 0.729362 0.000006 0.000000 0.004103 -0.004558 -0.977112
    44 3.942287 0.050316 0.431043 0.170404 -0.106073 -1.066873
    45 1.539101 0.000004 0.000001 0.002368 -0.005349 -0.665060
    46 1.196342 0.000000 0.000000 0.008581 -0.004426 -1.526730
    47 3.883656 -0.050339 -0.431043 0.194444 -0.226780 -0.831479
    48 1.719563 -0.000008 0.000000 0.004967 -0.006238 -1.038981
    49 1.209179 -0.000002 0.000000 0.003745 -0.002420 -1.213666
    50 3.859818 -0.148941 -1.331282 -0.321857 0.155872 -0.200119
    51 1.719429 -0.000011 0.000001 -0.001522 -0.006445 -0.129259
    52 1.099663 -0.000006 0.000001 0.016574 0.073749 -0.316830
    53 0.806011 -0.359840 -1.318334 1.031310 0.215114 -1.044288
    54 1.789782 0.000002 0.000000 -0.001067 -0.006208 0.399291
    55 1.206999 0.000000 0.000008 0.006403 -0.062818 1.143826
  time 10
    0 -0.350016 -17.516155 38.105966 1.570796 0.000000 -0.126748
    1 0.000005 3.345127 -2.981901 1.570796 0.086293 1.570796
    2 4.018318 0.000000 0.000000 0.000000 0.000000 0.014115
    3 3.518536 0.000000 0.000000 0.000000 0.000000 0.179070
    4 8.942642 0.000000 0.000000 0.000000 0.000000 0.194096
    5 3.307270 0.000001 0.000000 3.141590 0.000000 0.400478
    6 3.593704 -0.000004 0.000000 0.128375 0.045054 0.339809
    7 2.000027 -3.000002 0.000000 -1.570796 0.000000 -1.326450
    8 2.033352 1.000776 -1.937610 -1.648946 1.212454 2.963532
    9 6.028144 -0.000015 -0.000002 1.811840 -0.050027 -0.982131
    10 11.692535 0.000000 0.000008 0.378775 -0.276566 -0.362787
    11 11.481688 0.000000 0.000008 -1.689009 0.118994 -0.088982
    12 2.676086 -1.712452 0.000000 -1.570796 0.000000 -1.571119
    13 2.033344 1.000772 1.937660 1.591641 -1.214643 2.948243
    14 6.028152 0.000011 0.000000 -1.872074 0.003507 -1.052350
    15 11.692558 0.000000 -0.000004 -0.295775 0.138717 -0.308198
    16 11.481682 0.000000 -0.000027 2.362564 -0.067672 -0.119769
    17 2.676094 -1.712448 0.000000 1.570790 0.000001 1.570687
    18 -3.890452 0.000004 0.000007 -1.641653 -0.042066 -1.656387
    19 17.848145 0.000000 0.000000 -0.072195 -0.023911 0.265392
    20 16.525240 0.000000 0.000000 0.045937 -0.026564 -1.220062
    21 6.879452 0.000000 0.000000 -0.081333 -0.002951 -0.584373
    22 3.890452 -0.000004 -0.000003 -1.608728 -0.255576 -1.434594
    23 17.848135 0.000000 0.000000 -0.013368 0.065227 0.632190
    24 16.525223 0.000000 0.000000 -0.121044 -0.017066 -1.076834
    25 6.879442 0.000000 0.000000 -0.006053 -0.005048 -0.896328
    26 3.859718 -0.142403 -1.191975 -0.498135 -0.055200 -1.264891
    27 1.312569 0.000008 0.000001 -0.005082 0.008214 -0.994783
    28 0.729351 0.000001 -0.000002 -0.004710 0.001615 -1.486761
    29 3.942327 0.046772 -0.431443 -0.158058 0.066449 -0.854384
    30 1.539104 0.000002 0.000000 -0.003068 0.003237 -1.007351
    31 1.196320 -0.000004 0.000000 -0.005501 0.004880 -1.277421
    32 3.883698 -0.046761 0.431443 -0.070633 -0.055039 -0.617016
    33 1.719563 0.000008 0.000000 -0.002696 0.004809 -0.878671
    34 1.209183 0.000000 0.000000 -0.001570 0.002653 -0.752775
    35 3.859863 -0.137962 1.332467 0.050780 -0.046873 -0.523272
    36 1.719431 0.000008 0.000001 -0.002468 0.003260 -1.012338
    37 1.099670 0.000002 0.000003 -0.001138 0.002333 -0.702962
    38 0.806047 -0.348927 1.321259 -0.995965 -0.427020 -0.802958
    39 1.789791 0.000004 0.000008 0.000000 0.007386 0.228523
    40 1.207014 0.000001 -0.000006 0.002600 0.010967 0.595801
    41 3.859665 -0.132576 1.193108 0.231221 -0.034811 -1.087074
    42 1.312565 0.000002 -0.000001 0.003144 -0.011506 -0.706649
    43 0.729362 0.000006 0.000000 0.004103 -0.004558 -0.977112
    44 3.942287 0.050316 0.431043 0.170404 -0.106073 -1.066873
    45 1.539101 0.000004 0.000001 0.002368 -0.005349 -0.665060
    46 1.196342 0.000000 0.000000 0.008581 -0.004426 -1.526730
    47 3.883656 -0.050339 -0.431043 0.194444 -0.226780 -0.831479
    48 1.719563 -0.000008 0.000000 0.004967 -0.006238 -1.038981
    49 1.209179 -0.000002 0.000000 0.003745 -0.002420 -1.213666
    50 3.859818 -0.148941 -1.331282 -0.321857 0.155872 -0.200119
    51 1.719429 -0.000011 0.000001 -0.001522 -0.006445 -0.129259
    52 1.099663 -0.000006 0.000001 0.016574 0.073749 -0.316830
    53 0.806011 -0.359840 -1.318334 1.031310 0.215114 -1.044288
    54 1.789782 0.000002 0.000000 -0.001067 -0.006208 0.399291
    55 1.206999 0.000000 0.000008 0.006403 -0.062818 1.143826
  time 11
    0 -0.185948 -17.645065 38.238782 1.570796 0.000000 -0.109001
    1 0.000005 3.345127 -2.981901 1.570796 0.086293 1.570796
    2 4.018318 0.000000 0.000000 0.000000 0.000000 0.008096
    3 3.518536 0.000000 0.000000 0.000000 0.000000 0.166036
    4 8.942642 0.000000 0.000000 0.000000 0.000000 0.194096
    5 3.307270 0.000001 0.000000 3.141590 0.000000 0.400478
    6 3.593704 -0.000004 0.000000 0.117672 0.034311 0.346445
    7 2.000027 -3.000002 0.000000 -1.570796 0.000000 -1.326450
    8 2.033352 1.000776 -1.937610 -1.648946 1.212454 2.963532
    9 6.028144 -0.000015 -0.000002 1.811799 -0.056879 -0.984400
    10 11.692535 0.000000 0.000008 0.372193 -0.270784 -0.341920
    11 11.481688 0.000000 0.000008 -1.690126 0.116812 -0.089538
    12 2.676086 -1.712452 0.000000 -1.570796 0.000000 -1.571119
    13 2.033344 1.000772 1.937660 1.591641 -1.214643 2.948243
    14 6.028152 0.000011 0.000000 -1.877982 0.022863 -1.052761
    15 11.692558 0.000000 -0.000004 -0.301619 0.146986 -0.322464
    16 11.481682 0.000000 -0.000027 2.359599 -0.070435 -0.107042
    17 2.676094 -1.712448 0.000000 1.570790 0.000001 1.570687
    18 -3.890452 0.000004 0.000007 -1.638110 0.004642 -1.660058
    19 17.848145 0.000000 0.000000 -0.066538 -0.018388 0.181552
    20 16.525240 0.000000 0.000000 0.059957 -0.022319 -1.182797
    21 6.879452 0.000000 0.000000 -0.081333 -0.002951 -0.584373
    22 3.890452 -0.000004 -0.000003 -1.604473 -0.184061 -1.456653
    23 17.848135 0.000000 0.000000 -0.023805 0.042347 0.431363
    24 16.525223 0.000000 0.000000 -0.110715 -0.027279 -1.118813
    25 6.879442 0.000000 0.000000 -0.006976 -0.003657 -0.683357
    26 3.859718 -0.142403 -1.191975 -0.500696 -0.016182 -1.193385
    27 1.312569 0.000008 0.000001 -0.004686 0.008454 -0.947380
    28 0.729351 0.000001 -0.000002 -0.004267 0.002562 -1.275789
    29 3.942327 0.046772 -0.431443 -0.157387 0.068055 -0.844243
    30 1.539104 0.000002 0.000000 -0.002829 0.003453 -0.934941
    31 1.196320 -0.000004 0.000000 -0.004662 0.005683 -1.120123
    32 3.883698 -0.046761 0.431443 -0.034486 -0.036811 -0.611327
    33 1.719563 0.000008 0.000000 -0.002433 0.004953 -0.825167
    34 1.209183 0.000000 0.000000 -0.001414 0.002737 -0.696216
    35 3.859863 -0.137962 1.332467 0.121417 -0.046154 -0.525347
    36 1.719431 0.000008 0.000001 -0.001941 0.003595 -0.858929
    37 1.099670 0.000002 0.000003 -0.000887 0.002441 -0.595687
    38 0.806047 -0.348927 1.321259 -1.042087 -0.485908 -0.805343
    39 1.789791 0.000004 0.000008 0.000000 0.007386 0.228523
    40 1.207014 0.000001 -0.000006 0.002528 0.010979 0.589479
    41 3.859665 -0.132576 1.193108 0.231221 -0.034811 -1.087074
    42 1.312565 0.000002 -0.000001 0.003144 -0.011506 -0.706649
    43 0.729362 0.000006 0.000000 0.004103 -0.004558 -0.977112
    44 3.942287 0.050316 0.431043 0.170404 -0.106073 -1.066873
    45 1.539101 0.000004 0.000001 0.002368 -0.005349 -0.665060
    46 1.196342 0.000000 0.000000 0.008581 -0.004426 -1.526730
    47 3.883656 -0.050339 -0.431043 0.194444 -0.226780 -0.831479
    48 1.719563 -0.000008 0.000000 0.004967 -0.006238 -1.038981
    49 1.209179 -0.000002 0.000000 0.003745 -0.002420 -1.213666
    50 3.859818 -0.148941 -1.331282 -0.321857 0.155872 -0.200119
    51 1.719429 -0.000011 0.000001 -0.001522 -0.006445 -0.129259
    52 1.099663 -0.000006 0.000001 0.016574 0.073749 -0.316830
    53 0.806011 -0.359840 -1.318334 1.031310 0.215114 -1.044288
    54 1.789782 0.000002 0.000000 -0.001067 -0.006208 0.399291
    55 1.206999 0.000000 0.000008 0.006403 -0.062818 1.143826
  time 12
    0 -0.002349 -17.797413 38.324723 1.570796 0.000000 -0.103242
    1 0.000005 3.345127 -2.981901 1.570796 0.086293 1.570796
    2 4.018318 0.000000 0.000000 0.000000 0.000000 0.002948
    3 3.518536 0.000000 0.000000 0.000000 0.000000 0.161623
    4 8.942642 0.000000 0.000000 0.000000 0.000000 0.194096
    5 3.307270 0.000001 0.000000 3.141590 0.000000 0.400478
    6 3.593704 -0.000004 0.000000 0.114175 0.030833 0.348551
    7 2.000027 -3.000002 0.000000 -1.570796 0.000000 -1.326450
    8 2.033352 1.000776 -1.937610 -1.648946 1.212454 2.963532
    9 6.028144 -0.000015 -0.000002 1.811225 -0.062553 -0.980787
    10 11.692535 0.000000 0.000008 0.371811 -0.274441 -0.342648
    11 11.481688 0.000000 0.000008 -1.690462 0.119570 -0.084490
    12 2.676086 -1.712452 0.000000 -1.570796 0.000000 -1.571119
    13 2.033344 1.000772 1.937660 1.591641 -1.214643 2.948243
    14 6.028152 0.000011 0.000000 -1.880790 0.050684 -1.052195
    15 11.692558 0.000000 -0.000004 -0.307091 0.162904 -0.356364
    16 11.481682 0.000000 -0.000027 2.360286 -0.081141 -0.094097
    17 2.676094 -1.712448 0.000000 1.570790 0.000001 1.570687
    18 -3.890452 0.000004 0.000007 -1.638175 0.060531 -1.663483
    19 17.848145 0.000000 0.000000 -0.064933 -0.007932 0.075346
    20 16.525240 0.000000 0.000000 0.075008 -0.023729 -1.133357
    21 6.879452 0.000000 0.000000 -0.081333 -0.002951 -0.584373
    22 3.890452 -0.000004 -0.000003 -1.602771 -0.090580 -1.477145
    23 17.848135 0.000000 0.000000 -0.030921 0.022012 0.223297
    24 16.525223 0.000000 0.000000 -0.105035 -0.034534 -1.108560
    25 6.879442 0.000000 0.000000 -0.007299 -0.002950 -0.584374
    26 3.859718 -0.142403 -1.191975 -0.500385 0.024310 -1.119393
    27 1.312569 0.000008 0.000001 -0.004267 0.008670 -0.898204
    28 0.729351 0.000001 -0.000002 -0.003619 0.003424 -1.058513
    29 3.942327 0.046772 -0.431443 -0.156656 0.069709 -0.833758
    30 1.539104 0.000002 0.000000 -0.002565 0.003657 -0.859957
    31 1.196320 -0.000004 0.000000 -0.003691 0.006366 -0.957526
    32 3.883698 -0.046761 0.431443 0.003068 -0.018151 -0.604740
    33 1.719563 0.000008 0.000000 -0.002157 0.005073 -0.769696
    34 1.209183 0.000000 0.000000 -0.001246 0.002809 -0.637595
    35 3.859863 -0.137962 1.332467 0.194627 -0.045243 -0.527451
    36 1.719431 0.000008 0.000001 -0.001342 0.003859 -0.700392
    37 1.099670 0.000002 0.000003 -0.000611 0.002525 -0.484604
    38 0.806047 -0.348927 1.321259 -1.091360 -0.546952 -0.804540
    39 1.789791 0.000004 0.000008 0.000000 0.007386 0.228523
    40 1.207014 0.000001 -0.000006 0.002420 0.011003 0.579889
    41 3.859665 -0.132576 1.193108 0.231221 -0.034811 -1.087074
    42 1.312565 0.000002 -0.000001 0.003144 -0.011506 -0.706649
    43 0.729362 0.000006 0.000000 0.004103 -0.004558 -0.977112
    44 3.942287 0.050316 0.431043 0.170404 -0.106073 -1.066873
    45 1.539101 0.000004 0.000001 0.002368 -0.005349 -0.665060
    46 1.196342 0.000000 0.000000 0.008581 -0.004426 -1.526730
    47 3.883656 -0.050339 -0.431043 0.194444 -0.226780 -0.831479
    48 1.719563 -0.000008 0.000000 0.004967 -0.006238 -1.038981
    49 1.209179 -0.000002 0.000000 0.003745 -0.002420 -1.213666
    50 3.859818 -0.148941 -1.331282 -0.321857 0.155872 -0.200119
    51 1.719429 -0.000011 0.000001 -0.001522 -0.006445 -0.129259
    52 1.099663 -0.000006 0.000001 0.016574 0.073749 -0.316830
    53 0.806011 -0.359840 -1.318334 1.031310 0.215114 -1.044288
    54 1.789782 0.000002 0.000000 -0.001067 -0.006208 0.399291
    55 1.206999 0.000000 0.000008 0.006403 -0.062818 1.143826
  time 13
    0 0.282816 -17.973200 38.383318 1.570796 0.000000 -0.112588
    1 0.000005 3.345127 -2.981901 1.570796 0.086293 1.570796
    2 4.018318 0.000000 0.000000 0.000000 0.000000 -0.002053
    3 3.518536 0.000000 0.000000 0.000000 0.000000 0.161623
    4 8.942642 0.000000 0.000000 0.000000 0.000000 0.194096
    5 3.307270 0.000001 0.000000 3.141590 0.000000 0.400478
    6 3.593704 -0.000004 0.000000 0.114175 0.030833 0.348551
    7 2.000027 -3.000002 0.000000 -1.570796 0.000000 -1.326450
    8 2.033352 1.000776 -1.937610 -1.648946 1.212471 2.963532
    9 6.028144 -0.000015 -0.000002 1.813314 -0.059495 -0.977888
    10 11.692535 0.000000 0.000008 0.375190 -0.274941 -0.345166
    11 11.481688 0.000000 0.000008 -1.686999 0.117467 -0.082105
    12 2.676086 -1.712452 0.000000 -1.570796 0.000000 -1.571119
    13 2.033344 1.000772 1.937660 1.591641 -1.214643 2.948243
    14 6.028152 0.000011 0.000000 -1.884771 0.071778 -1.051732
    15 11.692558 0.000000 -0.000004 -0.311714 0.170214 -0.374656
    16 11.481682 0.000000 -0.000027 2.358181 -0.085342 -0.091180
    17 2.676094 -1.712448 0.000000 1.570790 0.000001 1.570687
    18 -3.890452 0.000004 0.000007 -1.643700 0.051045 -1.673013
    19 17.848145 0.000000 0.000000 -0.070242 -0.009538 0.096189
    20 16.525240 0.000000 0.000000 0.080649 -0.027975 -1.131625
    21 6.879452 0.000000 0.000000 -0.081333 -0.002951 -0.584373
    22 3.890452 -0.000004 -0.000003 -1.605932 -0.075108 -1.486934
    23 17.848135 0.000000 0.000000 -0.034529 0.020638 0.203660
    24 16.525223 0.000000 0.000000 -0.100127 -0.041364 -1.104537
    25 6.879442 0.000000 0.000000 -0.007299 -0.002950 -0.584374
    26 3.859718 -0.142403 -1.191975 -0.497265 0.063239 -1.047913
    27 1.312569 0.000008 0.000001 -0.003847 0.008861 -0.850683
    28 0.729351 0.000001 -0.000002 -0.002840 0.004084 -0.853971
    29 3.942327 0.046772 -0.431443 -0.155937 0.071315 -0.823569
    30 1.539104 0.000002 0.000000 -0.002289 0.003837 -0.787546
    31 1.196320 -0.000004 0.000000 -0.002661 0.006857 -0.802649
    32 3.883698 -0.046761 0.431443 0.039516 -0.000341 -0.597704
    33 1.719563 0.000008 0.000000 -0.001881 0.005181 -0.716097
    34 1.209183 0.000000 0.000000 -0.001090 0.002881 -0.580975
    35 3.859863 -0.137962 1.332467 0.265294 -0.044224 -0.529379
    36 1.719431 0.000008 0.000001 -0.000755 0.004015 -0.549212
    37 1.099670 0.000002 0.000003 -0.000335 0.002573 -0.377829
    38 0.806047 -0.348927 1.321259 -1.140832 -0.605753 -0.800273
    39 1.789791 0.000004 0.000008 0.000000 0.007386 0.228523
    40 1.207014 0.000001 -0.000006 0.002265 0.011039 0.565478
    41 3.859665 -0.132576 1.193108 0.231221 -0.034811 -1.087074
    42 1.312565 0.000002 -0.000001 0.003144 -0.011506 -0.706649
    43 0.729362 0.000006 0.000000 0.004103 -0.004558 -0.977112
    44 3.942287 0.050316 0.431043 0.170404 -0.106073 -1.066873
    45 1.539101 0.000004 0.000001 0.002368 -0.005349 -0.665060
    46 1.196342 0.000000 0.000000 0.008581 -0.004426 -1.526730
    47 3.883656 -0.050339 -0.431043 0.194444 -0.226780 -0.831479
    48 1.719563 -0.000008 0.000000 0.004967 -0.006238 -1.038981
    49 1.209179 -0.000002 0.000000 0.003745 -0.002420 -1.213666
    50 3.859818 -0.148941 -1.331282 -0.321857 0.155872 -0.200119
    51 1.719429 -0.000011 0.000001 -0.001522 -0.006445 -0.129259
    52 1.099663 -0.000006 0.000001 0.016574 0.073749 -0.316830
    53 0.806011 -0.359840 -1.318334 1.031310 0.215114 -1.044288
    54 1.789782 0.000002 0.000000 -0.001067 -0.006208 0.399291
    55 1.206999 0.000000 0.000008 0.006403 -0.062818 1.143826
  time 14
    0 0.692985 -18.152893 38.414569 1.570796 0.000000 -0.140436
    1 0.000005 3.345127 -2.981901 1.570796 0.086293 1.570796
    2 4.018318 0.000000 0.000000 0.000000 0.000000 -0.007541
    3 3.518536 0.000000 0.000000 0.000000 0.000000 0.161623
    4 8.942642 0.000000 0.000000 0.000000 0.000000 0.194096
    5 3.307270 0.000001 0.000000 3.141590 0.000000 0.400478
    6 3.593704 -0.000004 0.000000 0.114175 0.030833 0.348551
    7 2.000027 -3.000002 0.000000 -1.570796 0.000000 -1.326450
    8 2.033352 1.000776 -1.937610 -1.648946 1.212471 2.963532
    9 6.028144 -0.000015 -0.000002 1.820851 -0.041922 -0.982215
    10 11.692535 0.000000 0.000008 0.380009 -0.260564 -0.332049
    11 11.481688 0.000000 0.000008 -1.677354 0.102771 -0.090747
    12 2.676086 -1.712452 0.000000 -1.570796 0.000000 -1.571119
    13 2.033344 1.000772 1.937660 1.591641 -1.214643 2.948243
    14 6.028152 0.000011 0.000000 -1.894787 0.075942 -1.052710
    15 11.692558 0.000000 -0.000004 -0.314689 0.157457 -0.352551
    16 11.481682 0.000000 -0.000027 2.346923 -0.072836 -0.104824
    17 2.676094 -1.712448 0.000000 1.570790 0.000001 1.570687
    18 -3.890452 0.000004 0.000007 -1.655662 -0.010826 -1.686751
    19 17.848145 0.000000 0.000000 -0.083245 -0.017323 0.212348
    20 16.525240 0.000000 0.000000 0.079596 -0.037745 -1.157706
    21 6.879452 0.000000 0.000000 -0.081333 -0.002951 -0.584373
    22 3.890452 -0.000004 -0.000003 -1.615354 -0.062998 -1.498681
    23 17.848135 0.000000 0.000000 -0.043831 0.022416 0.196755
    24 16.525223 0.000000 0.000000 -0.094818 -0.055496 -1.109203
    25 6.879442 0.000000 0.000000 -0.007299 -0.002950 -0.584374
    26 3.859718 -0.142403 -1.191975 -0.492455 0.095806 -0.987360
    27 1.312569 0.000008 0.000001 -0.003500 0.009005 -0.810419
    28 0.729351 0.000001 -0.000002 -0.002133 0.004503 -0.687876
    29 3.942327 0.046772 -0.431443 -0.155314 0.072669 -0.814930
    30 1.539104 0.000002 0.000000 -0.002050 0.003968 -0.726403
    31 1.196320 -0.000004 0.000000 -0.001762 0.007145 -0.674403
    32 3.883698 -0.046761 0.431443 0.070508 0.014543 -0.591230
    33 1.719563 0.000008 0.000000 -0.001642 0.005265 -0.670703
    34 1.209183 0.000000 0.000000 -0.000947 0.002928 -0.533023
    35 3.859863 -0.137962 1.332467 0.324962 -0.043253 -0.530986
    36 1.719431 0.000008 0.000001 -0.000239 0.004075 -0.423884
    37 1.099670 0.000002 0.000003 -0.000108 0.002597 -0.288289
    38 0.806047 -0.348927 1.321259 -1.184517 -0.655183 -0.793682
    39 1.789791 0.000004 0.000008 0.000000 0.007386 0.228523
    40 1.207014 0.000001 -0.000006 0.002013 0.011087 0.543270
    41 3.859665 -0.132576 1.193108 0.231221 -0.034811 -1.087074
    42 1.312565 0.000002 -0.000001 0.003144 -0.011506 -0.706649
    43 0.729362 0.000006 0.000000 0.004103 -0.004558 -0.977112
    44 3.942287 0.050316 0.431043 0.170404 -0.106073 -1.066873
    45 1.539101 0.000004 0.000001 0.002368 -0.005349 -0.665060
    46 1.196342 0.000000 0.000000 0.008581 -0.004426 -1.526730
    47 3.883656 -0.050339 -0.431043 0.194444 -0.226780 -0.831479
    48 1.719563 -0.000008 0.000000 0.004967 -0.006238 -1.038981
    49 1.209179 -0.000002 0.000000 0.003745 -0.002420 -1.213666
    50 3.859818 -0.148941 -1.331282 -0.321857 0.155872 -0.200119
    51 1.719429 -0.000011 0.000001 -0.001522 -0.006445 -0.129259
    52 1.099663 -0.000006 0.000001 0.016574 0.073749 -0.316830
    53 0.806011 -0.359840 -1.318334 1.031310 0.215114 -1.044288
    54 1.789782 0.000002 0.000000 -0.001067 -0.006208 0.399291
    55 1.206999 0.000000 0.000008 0.006403 -0.062818 1.143826
  time 15
    0 1.040652 -18.277897 38.426288 1.570796 0.000000 -0.176686
    1 0.000005 3.345127 -2.981901 1.570796 0.086293 1.570796
    2 4.018318 0.000000 0.000000 0.000000 0.000000 -0.013221
    3 3.518536 0.000000 0.000000 0.000000 0.000000 0.161623
    4 8.942642 0.000000 0.000000 0.000000 0.000000 0.194096
    5 3.307270 0.000001 0.000000 3.141590 0.000000 0.400478
    6 3.593704 -0.000004 0.000000 0.114175 0.030833 0.348551
    7 2.000027 -3.000002 0.000000 -1.570796 0.000000 -1.326450
    8 2.033352 1.000776 -1.937610 -1.649903 1.217039 2.962479
    9 6.028144 -0.000015 -0.000002 1.830845 -0.012707 -0.996751
    10 11.692535 0.000000 0.000008 0.384035 -0.233967 -0.302437
    11 11.481688 0.000000 0.000008 -1.664992 0.080736 -0.111020
    12 2.676086 -1.712452 0.000000 -1.570796 0.000000 -1.571119
    13 2.033344 1.000772 1.937660 1.591924 -1.219077 2.947960
    14 6.028152 0.000011 0.000000 -1.907777 0.067019 -1.060119
    15 11.692558 0.000000 -0.000004 -0.317292 0.133298 -0.301418
    16 11.481682 0.000000 -0.000027 2.332313 -0.051300 -0.131604
    17 2.676094 -1.712448 0.000000 1.570790 0.000001 1.570687
    18 -3.890452 0.000004 0.000007 -1.669118 -0.033875 -1.696611
    19 17.848145 0.000000 0.000000 -0.096668 -0.015110 0.243554
    20 16.525240 0.000000 0.000000 0.081632 -0.052065 -1.156414
    21 6.879452 0.000000 0.000000 -0.081333 -0.002951 -0.584373
    22 3.890452 -0.000004 -0.000003 -1.627694 -0.054440 -1.507426
    23 17.848135 0.000000 0.000000 -0.055640 0.026414 0.196198
    24 16.525223 0.000000 0.000000 -0.092034 -0.071249 -1.116537
    25 6.879442 0.000000 0.000000 -0.007299 -0.002950 -0.584374
    26 3.859718 -0.142403 -1.191975 -0.489348 0.111766 -0.957363
    27 1.312569 0.000008 0.000001 -0.003308 0.009077 -0.790464
    28 0.729351 0.000001 -0.000002 -0.001774 0.004659 -0.608569
    29 3.942327 0.046772 -0.431443 -0.155014 0.073328 -0.810647
    30 1.539104 0.000002 0.000000 -0.001930 0.004028 -0.696196
    31 1.196320 -0.000004 0.000000 -0.001318 0.007241 -0.612113
    32 3.883698 -0.046761 0.431443 0.085902 0.021830 -0.587866
    33 1.719563 0.000008 0.000000 -0.001522 0.005300 -0.648198
    34 1.209183 0.000000 0.000000 -0.000887 0.002952 -0.509260
    35 3.859863 -0.137962 1.332467 0.354449 -0.042750 -0.531717
    36 1.719431 0.000008 0.000001 0.000000 0.004075 -0.363008
    37 1.099670 0.000002 0.000003 0.000000 0.002597 -0.244330
    38 0.806047 -0.348927 1.321259 -1.206854 -0.679488 -0.789307
    39 1.789791 0.000004 0.000008 0.000000 0.007386 0.228523
    40 1.207014 0.000001 -0.000006 0.001606 0.011159 0.506229
    41 3.859665 -0.132576 1.193108 0.231221 -0.034811 -1.087074
    42 1.312565 0.000002 -0.000001 0.003144 -0.011506 -0.706649
    43 0.729362 0.000006 0.000000 0.004103 -0.004558 -0.977112
    44 3.942287 0.050316 0.431043 0.170404 -0.106073 -1.066873
    45 1.539101 0.000004 0.000001 0.002368 -0.005349 -0.665060
    46 1.196342 0.000000 0.000000 0.008581 -0.004426 -1.526730
    47 3.883656 -0.050339 -0.431043 0.194444 -0.226780 -0.831479
    48 1.719563 -0.000008 0.000000 0.004967 -0.006238 -1.038981
    49 1.209179 -0.000002 0.000000 0.003745 -0.002420 -1.213666
    50 3.859818 -0.148941 -1.331282 -0.321857 0.155872 -0.200119
    51 1.719429 -0.000011 0.000001 -0.001522 -0.006445 -0.129259
    52 1.099663 -0.000006 0.000001 0.016574 0.073749 -0.316830
    53 0.806011 -0.359840 -1.318334 1.031310 0.215114 -1.044288
    54 1.789782 0.000002 0.000000 -0.001067 -0.006208 0.399291
    55 1.206999 0.000000 0.000008 0.006403 -0.062818 1.143826
  time 16
    0 1.161749 -18.316960 38.426288 1.570796 0.000000 -0.207461
    1 0.000005 3.345127 -2.981901 1.570796 0.086293 1.570796
    2 4.018318 0.000000 0.000000 0.000000 0.000000 -0.018650
    3 3.518536 0.000000 0.000000 0.000000 0.000000 0.161623
    4 8.942642 0.000000 0.000000 0.000000 0.000000 0.194096
    5 3.307270 0.000001 0.000000 3.141590 0.000000 0.400478
    6 3.593704 -0.000004 0.000000 0.114175 0.030833 0.348551
    7 2.000027 -3.000002 0.000000 -1.570796 0.000000 -1.326450
    8 2.033352 1.000776 -1.937610 -1.652870 1.230355 2.959321
    9 6.028144 -0.000015 -0.000002 1.839078 0.022439 -1.022546
    10 11.692535 0.000000 0.000008 0.384799 -0.200119 -0.258317
    11 11.481688 0.000000 0.000008 -1.654268 0.057657 -0.140197
    12 2.676086 -1.712452 0.000000 -1.570796 0.000000 -1.571119
    13 2.033344 1.000772 1.937660 1.592678 -1.231996 2.947111
    14 6.028152 0.000011 0.000000 -1.920726 0.052240 -1.078641
    15 11.692558 0.000000 -0.000004 -0.318408 0.108800 -0.242233
    16 11.481682 0.000000 -0.000027 2.321313 -0.030838 -0.163447
    17 2.676094 -1.712448 0.000000 1.570790 0.000001 1.570687
    18 -3.890452 0.000004 0.000007 -1.660342 -0.028199 -1.706512
    19 17.848145 0.000000 0.000000 -0.087188 -0.018011 0.217383
    20 16.525240 0.000000 0.000000 0.101364 -0.038617 -1.139375
    21 6.879452 0.000000 0.000000 -0.081333 -0.002951 -0.584373
    22 3.890452 -0.000004 -0.000003 -1.638028 -0.048175 -1.509645
    23 17.848135 0.000000 0.000000 -0.065568 0.030372 0.194788
    24 16.525223 0.000000 0.000000 -0.093756 -0.082155 -1.120353
    25 6.879442 0.000000 0.000000 -0.007299 -0.002950 -0.584374
    26 3.859718 -0.142403 -1.191975 -0.489348 0.111766 -0.957363
    27 1.312569 0.000008 0.000001 -0.003308 0.009077 -0.790464
    28 0.729351 0.000001 -0.000002 -0.001774 0.004659 -0.608569
    29 3.942327 0.046772 -0.431443 -0.155014 0.073328 -0.810647
    30 1.539104 0.000002 0.000000 -0.001930 0.004028 -0.696196
    31 1.196320 -0.000004 0.000000 -0.001318 0.007241 -0.612113
    32 3.883698 -0.046761 0.431443 0.085902 0.021830 -0.587866
    33 1.719563 0.000008 0.000000 -0.001522 0.005300 -0.648198
    34 1.209183 0.000000 0.000000 -0.000887 0.002952 -0.509260
    35 3.859863 -0.137962 1.332467 0.354449 -0.042750 -0.531717
    36 1.719431 0.000008 0.000001 0.000000 0.004075 -0.363008
    37 1.099670 0.000002 0.000003 0.000000 0.002597 -0.244330
    38 0.806047 -0.348927 1.321259 -1.206854 -0.679488 -0.789307
    39 1.789791 0.000004 0.000008 0.000000 0.007386 0.228523
    40 1.207014 0.000001 -0.000006 0.000000 0.011266 0.362860
    41 3.859665 -0.132576 1.193108 0.231221 -0.034811 -1.087074
    42 1.312565 0.000002 -0.000001 0.003144 -0.011506 -0.706649
    43 0.729362 0.000006 0.000000 0.004103 -0.004558 -0.977112
    44 3.942287 0.050316 0.431043 0.170404 -0.106073 -1.066873
    45 1.539101 0.000004 0.000001 0.002368 -0.005349 -0.665060
    46 1.196342 0.000000 0.000000 0.008581 -0.004426 -1.526730
    47 3.883656 -0.050339 -0.431043 0.194444 -0.226780 -0.831479
    48 1.719563 -0.000008 0.000000 0.004967 -0.006238 -1.038981
    49 1.209179 -0.000002 0.000000 0.003745 -0.002420 -1.213666
    50 3.859818 -0.148941 -1.331282 -0.321857 0.155872 -0.200119
    51 1.719429 -0.000011 0.000001 -0.001522 -0.006445 -0.129259
    52 1.099663 -0.000006 0.000001 0.016574 0.073749 -0.316830
    53 0.806011 -0.359840 -1.318334 1.031310 0.215114 -1.044288
    54 1.789782 0.000002 0.000000 -0.001067 -0.006208 0.399291
    55 1.206999 0.000000 0.000008 0.006403 -0.062818 1.143826
  time 17
    0 1.001588 -18.246646 38.426288 1.570796 0.000000 -0.237669
    1 0.000005 3.345127 -2.981901 1.570796 0.086293 1.570796
    2 4.018318 0.000000 0.000000 0.000000 0.000000 -0.023253
    3 3.518536 0.000000 0.000000 0.000000 0.000000 0.161623
    4 8.942642 0.000000 0.000000 0.000000 0.000000 0.194096
    5 3.307270 0.000001 0.000000 3.141590 0.000000 0.400478
    6 3.593704 -0.000004 0.000000 0.068763 0.027111 0.339508
    7 2.000027 -3.000002 0.000000 -1.570796 0.000000 -1.326450
    8 2.033352 1.000776 -1.937610 -1.657561 1.249502 2.954343
    9 6.028144 -0.000015 -0.000002 1.845427 0.047491 -1.052290
    10 11.692535 0.000000 0.000008 0.388413 -0.179210 -0.233540
    11 11.481688 0.000000 0.000008 -1.648235 0.044894 -0.175795
    12 2.676086 -1.712452 0.000000 -1.570796 0.000000 -1.571119
    13 2.033344 1.000772 1.937660 1.593903 -1.250585 2.945885
    14 6.028152 0.000011 0.000000 -1.935100 0.047572 -1.099942
    15 11.692558 0.000000 -0.000004 -0.322712 0.092064 -0.199505
    16 11.481682 0.000000 -0.000027 2.311903 -0.013252 -0.189264
    17 2.676094 -1.712448 0.000000 1.570790 0.000001 1.570687
    18 -3.890452 0.000004 0.000007 -1.613733 -0.010674 -1.715382
    19 17.848145 0.000000 0.000000 -0.038806 -0.028500 0.166271
    20 16.525240 0.000000 0.000000 0.150354 0.021893 -1.102192
    21 6.879452 0.000000 0.000000 -0.081333 -0.002951 -0.584373
    22 3.890452 -0.000004 -0.000003 -1.647633 -0.040649 -1.503706
    23 17.848135 0.000000 0.000000 -0.075311 0.033845 0.187438
    24 16.525223 0.000000 0.000000 -0.102750 -0.088576 -1.117756
    25 6.879442 0.000000 0.000000 -0.007299 -0.002950 -0.584374
    26 3.859718 -0.142403 -1.191975 -0.488565 0.115382 -0.950517
    27 1.312569 0.000008 0.000001 -0.003033 0.009173 -0.759388
    28 0.729351 0.000001 -0.000002 -0.001618 0.004707 -0.576302
    29 3.942327 0.046772 -0.431443 -0.155014 0.073328 -0.810647
    30 1.539104 0.000002 0.000000 -0.001774 0.004100 -0.656615
    31 1.196320 -0.000004 0.000000 -0.001198 0.007265 -0.596016
    32 3.883698 -0.046761 0.431443 0.085902 0.021830 -0.587866
    33 1.719563 0.000008 0.000000 -0.001390 0.005336 -0.623245
    34 1.209183 0.000000 0.000000 -0.000803 0.002976 -0.483314
    35 3.859863 -0.137962 1.332467 0.354449 -0.042750 -0.531717
    36 1.719431 0.000008 0.000001 0.000000 0.004075 -0.363008
    37 1.099670 0.000002 0.000003 0.000000 0.002597 -0.244330
    38 0.806047 -0.348927 1.321259 -1.206854 -0.679488 -0.789307
    39 1.789791 0.000004 0.000008 0.000000 0.007386 0.228523
    40 1.207014 0.000001 -0.000006 0.000000 0.011266 0.362860
    41 3.859665 -0.132576 1.193108 0.231221 -0.034811 -1.087074
    42 1.312565 0.000002 -0.000001 0.003144 -0.011506 -0.706649
    43 0.729362 0.000006 0.000000 0.004103 -0.004558 -0.977112
    44 3.942287 0.050316 0.431043 0.170404 -0.106073 -1.066873
    45 1.539101 0.000004 0.000001 0.002368 -0.005349 -0.665060
    46 1.196342 0.000000 0.000000 0.008581 -0.004426 -1.526730
    47 3.883656 -0.050339 -0.431043 0.194444 -0.226780 -0.831479
    48 1.719563 -0.000008 0.000000 0.004967 -0.006238 -1.038981
    49 1.209179 -0.000002 0.000000 0.003745 -0.002420 -1.213666
    50 3.859818 -0.148941 -1.331282 -0.321857 0.155872 -0.200119
    51 1.719429 -0.000011 0.000001 -0.001522 -0.006445 -0.129259
    52 1.099663 -0.000006 0.000001 0.016574 0.073749 -0.316830
    53 0.806011 -0.359840 -1.318334 1.031310 0.215114 -1.044288
    54 1.789782 0.000002 0.000000 -0.001067 -0.006208 0.399291
    55 1.206999 0.000000 0.000008 0.006403 -0.062818 1.143826
  time 18
    0 0.579700 -18.055233 38.426288 1.570796 0.000000 -0.272220
    1 0.000005 3.345127 -2.981901 1.570796 0.086293 1.570796
    2 4.018318 0.000000 0.000000 0.000000 0.000000 -0.026631
    3 3.518536 0.000000 0.000000 0.000000 0.000000 0.161623
    4 8.942642 0.000000 0.000000 0.000000 0.000000 0.194096
    5 3.307270 0.000001 0.000000 3.141590 0.000000 0.400478
    6 3.593704 -0.000004 0.000000 -0.065002 0.013785 0.313902
    7 2.000027 -3.000002 0.000000 -1.570796 0.000000 -1.326450
    8 2.033352 1.000776 -1.937610 -1.662922 1.268650 2.948792
    9 6.028144 -0.000015 -0.000002 1.851899 0.042960 -1.073674
    10 11.692535 0.000000 0.000008 0.401106 -0.194650 -0.266796
    11 11.481688 0.000000 0.000008 -1.650395 0.054712 -0.212111
    12 2.676086 -1.712452 0.000000 -1.570796 0.000000 -1.571119
    13 2.033344 1.000772 1.937660 1.595223 -1.269161 2.944471
    14 6.028152 0.000011 0.000000 -1.951779 0.068895 -1.114040
    15 11.692558 0.000000 -0.000004 -0.333019 0.093419 -0.198657
    16 11.481682 0.000000 -0.000027 2.302536 -0.003635 -0.197218
    17 2.676094 -1.712448 0.000000 1.570790 0.000001 1.570687
    18 -3.890452 0.000004 0.000007 -1.548564 0.014471 -1.709977
    19 17.848145 0.000000 0.000000 0.029386 -0.028811 0.098473
    20 16.525240 0.000000 0.000000 0.208121 0.100053 -1.049317
    21 6.879452 0.000000 0.000000 -0.081333 -0.002951 -0.584373
    22 3.890452 -0.000004 -0.000003 -1.658210 -0.028768 -1.490850
    23 17.848135 0.000000 0.000000 -0.086730 0.035946 0.170436
    24 16.525223 0.000000 0.000000 -0.119789 -0.092069 -1.107180
    25 6.879442 0.000000 0.000000 -0.007299 -0.002950 -0.584374
    26 3.859718 -0.142403 -1.191975 -0.486241 0.125560 -0.931170
    27 1.312569 0.000008 0.000001 -0.002218 0.009413 -0.671604
    28 0.729351 0.000001 -0.000002 -0.001187 0.004839 -0.485126
    29 3.942327 0.046772 -0.431443 -0.155014 0.073328 -0.810647
    30 1.539104 0.000002 0.000000 -0.001295 0.004268 -0.544333
    31 1.196320 -0.000004 0.000000 -0.000875 0.007313 -0.550607
    32 3.883698 -0.046761 0.431443 0.085902 0.021830 -0.587866
    33 1.719563 0.000008 0.000000 -0.001006 0.005420 -0.552707
    34 1.209183 0.000000 0.000000 -0.000587 0.003024 -0.409962
    35 3.859863 -0.137962 1.332467 0.354449 -0.042750 -0.531717
    36 1.719431 0.000008 0.000001 0.000000 0.004075 -0.363008
    37 1.099670 0.000002 0.000003 0.000000 0.002597 -0.244330
    38 0.806047 -0.348927 1.321259 -1.206854 -0.679488 -0.789307
    39 1.789791 0.000004 0.000008 0.000000 0.007386 0.228523
    40 1.207014 0.000001 -0.000006 0.000000 0.011266 0.362860
    41 3.859665 -0.132576 1.193108 0.231221 -0.034811 -1.087074
    42 1.312565 0.000002 -0.000001 0.003144 -0.011506 -0.706649
    43 0.729362 0.000006 0.000000 0.004103 -0.004558 -0.977112
    44 3.942287 0.050316 0.431043 0.170404 -0.106073 -1.066873
    45 1.539101 0.000004 0.000001 0.002368 -0.005349 -0.665060
    46 1.196342 0.000000 0.000000 0.008581 -0.004426 -1.526730
    47 3.883656 -0.050339 -0.431043 0.194444 -0.226780 -0.831479
    48 1.719563 -0.000008 0.000000 0.004967 -0.006238 -1.038981
    49 1.209179 -0.000002 0.000000 0.003745 -0.002420 -1.213666
    50 3.859818 -0.148941 -1.331282 -0.321857 0.155872 -0.200119
    51 1.719429 -0.000011 0.000001 -0.001522 -0.006445 -0.129259
    52 1.099663 -0.000006 0.000001 0.016574 0.073749 -0.316830
    53 0.806011 -0.359840 -1.318334 1.031310 0.215114 -1.044288
    54 1.789782 0.000002 0.000000 -0.001067 -0.006208 0.399291
    55 1.206999 0.000000 0.000008 0.006403 -0.062818 1.143826
  time 19
    0 0.157812 -17.867728 38.426288 1.570796 0.000000 -0.298369
    1 0.000005 3.345127 -2.981901 1.570796 0.086293 1.570796
    2 4.018318 0.000000 0.000000 0.000000 0.000000 -0.028608
    3 3.518536 0.000000 0.000000 0.000000 0.000000 0.161623
    4 8.942642 0.000000 0.000000 0.000000 0.000000 0.194096
    5 3.307270 0.000001 0.000000 3.141590 0.000000 0.400478
    6 3.593704 -0.000004 0.000000 -0.259536 -0.011460 0.280269
    7 2.000027 -3.000002 0.000000 -1.570796 0.000000 -1.326450
    8 2.033352 1.000776 -1.937610 -1.667038 1.281949 2.944484
    9 6.028144 -0.000015 -0.000002 1.858125 0.020524 -1.082286
    10 11.692535 0.000000 0.000008 0.418354 -0.222497 -0.330525
    11 11.481688 0.000000 0.000008 -1.656762 0.073334 -0.240291
    12 2.676086 -1.712452 0.000000 -1.570796 0.000000 -1.571107
    13 2.033344 1.000772 1.937660 1.596260 -1.282080 2.943339
    14 6.028152 0.000011 0.000000 -1.964979 0.104358 -1.122632
    15 11.692558 0.000000 -0.000004 -0.343485 0.110578 -0.233405
    16 11.481682 0.000000 -0.000027 2.297509 -0.008897 -0.189119
    17 2.676094 -1.712448 0.000000 1.570790 0.000001 1.570687
    18 -3.890452 0.000004 0.000007 -1.493374 0.050016 -1.686751
    19 17.848145 0.000000 0.000000 0.086037 -0.004622 0.011939
    20 16.525240 0.000000 0.000000 0.251962 0.151462 -0.988856
    21 6.879452 0.000000 0.000000 -0.081333 -0.002951 -0.584373
    22 3.890452 -0.000004 -0.000003 -1.665930 -0.015512 -1.479821
    23 17.848135 0.000000 0.000000 -0.095676 0.034875 0.148646
    24 16.525223 0.000000 0.000000 -0.136169 -0.092730 -1.093157
    25 6.879442 0.000000 0.000000 -0.007299 -0.002950 -0.584374
    26 3.859718 -0.142403 -1.191975 -0.482960 0.138574 -0.906244
    27 1.312569 0.000008 0.000001 -0.001139 0.009605 -0.558580
    28 0.729351 0.000001 -0.000002 -0.000611 0.004946 -0.367741
    29 3.942327 0.046772 -0.431443 -0.155014 0.073328 -0.810647
    30 1.539104 0.000002 0.000000 -0.000671 0.004412 -0.399659
    31 1.196320 -0.000004 0.000000 -0.000443 0.007349 -0.492307
    32 3.883698 -0.046761 0.431443 0.085902 0.021830 -0.587866
    33 1.719563 0.000008 0.000000 -0.000515 0.005492 -0.461967
    34 1.209183 0.000000 0.000000 -0.000299 0.003072 -0.315696
    35 3.859863 -0.137962 1.332467 0.354449 -0.042750 -0.531717
    36 1.719431 0.000008 0.000001 0.000000 0.004075 -0.363008
    37 1.099670 0.000002 0.000003 0.000000 0.002597 -0.244330
    38 0.806047 -0.348927 1.321259 -1.206854 -0.679488 -0.789307
    39 1.789791 0.000004 0.000008 0.000000 0.007386 0.228523
    40 1.207014 0.000001 -0.000006 0.000000 0.011266 0.362860
    41 3.859665 -0.132576 1.193108 0.231221 -0.034811 -1.087074
    42 1.312565 0.000002 -0.000001 0.003144 -0.011506 -0.706649
    43 0.729362 0.000006 0.000000 0.004103 -0.004558 -0.977112
    44 3.942287 0.050316 0.431043 0.170404 -0.106073 -1.066873
    45 1.539101 0.000004 0.000001 0.002368 -0.005349 -0.665060
    46 1.196342 0.000000 0.000000 0.008581 -0.004426 -1.526730
    47 3.883656 -0.050339 -0.431043 0.194444 -0.226780 -0.831479
    48 1.719563 -0.000008 0.000000 0.004967 -0.006238 -1.038981
    49 1.209179 -0.000002 0.000000 0.003745 -0.002420 -1.213666
    50 3.859818 -0.148941 -1.331282 -0.321857 0.155872 -0.200119
    51 1.719429 -0.000011 0.000001 -0.001522 -0.006445 -0.129259
    52 1.099663 -0.000006 0.000001 0.016574 0.073749 -0.316830
    53 0.806011 -0.359840 -1.318334 1.031310 0.215114 -1.044288
    54 1.789782 0.000002 0.000000 -0.001067 -0.006208 0.399291
    55 1.206999 0.000000 0.000008 0.006403 -0.062818 1.143826
  time 20
    0 -0.002349 -17.797413 38.426288 1.570796 0.000015 -0.307148
    1 0.000005 3.345127 -2.981901 1.570796 0.086293 1.570796
    2 4.018318 0.000000 0.000000 0.000000 0.000000 -0.029242
    3 3.518536 0.000000 0.000000 0.000000 0.000000 0.161623
    4 8.942642 0.000000 0.000000 0.000000 0.000000 0.194096
    5 3.307270 0.000001 0.000000 3.141590 0.000000 0.400478
    6 3.593704 -0.000004 0.000000 -0.453255 -0.042729 0.252106
    7 2.000027 -3.000002 0.000000 -1.570796 0.000000 -1.326450
    8 2.033352 1.000776 -1.937610 -1.668474 1.286518 2.942953
    9 6.028144 -0.000015 -0.000002 1.863654 -0.002207 -1.077749
    10 11.692535 0.000000 0.000008 0.433192 -0.237811 -0.388292
    11 11.481688 0.000000 0.000008 -1.659369 0.088357 -0.253279
    12 2.676086 -1.712452 0.000000 -1.570796 0.000000 -1.571107
    13 2.033344 1.000772 1.937660 1.596637 -1.286514 2.942961
    14 6.028152 0.000011 0.000000 -1.969169 0.132133 -1.129115
    15 11.692558 0.000000 -0.000004 -0.350924 0.131125 -0.277052
    16 11.481682 0.000000 -0.000027 2.299142 -0.026972 -0.175717
    17 2.676094 -1.712448 0.000000 1.570790 0.000001 1.570687
    18 -3.890452 0.000004 0.000007 -1.473709 0.048226 -1.682708
    19 17.848145 0.000000 0.000000 0.105776 -0.005031 0.011880
    20 16.525240 0.000000 0.000000 0.262822 0.171089 -0.984459
    21 6.879452 0.000000 0.000000 -0.081333 -0.002951 -0.584373
    22 3.890452 -0.000004 -0.000003 -1.668423 -0.009667 -1.476101
    23 17.848135 0.000000 0.000000 -0.098776 0.033583 0.138474
    24 16.525223 0.000000 0.000000 -0.142460 -0.092510 -1.086674
    25 6.879442 0.000000 0.000000 -0.007299 -0.002950 -0.584374
    26 3.859718 -0.142403 -1.191975 -0.480176 0.148641 -0.886795
    27 1.312569 0.000008 0.000001 -0.000288 0.009664 -0.470755
    28 0.729351 0.000001 -0.000002 -0.000156 0.004970 -0.276504
    29 3.942327 0.046772 -0.431443 -0.155014 0.073328 -0.810647
    30 1.539104 0.000002 0.000000 -0.000168 0.004460 -0.287377
    31 1.196320 -0.000004 0.000000 -0.000108 0.007361 -0.446898
    32 3.883698 -0.046761 0.431443 0.085902 0.021830 -0.587866
    33 1.719563 0.000008 0.000000 -0.000132 0.005516 -0.391429
    34 1.209183 0.000000 0.000000 -0.000072 0.003084 -0.242344
    35 3.859863 -0.137962 1.332467 0.351861 -0.061158 -0.481722
    36 1.719431 0.000008 0.000001 0.000000 0.004075 -0.363008
    37 1.099670 0.000002 0.000003 0.000000 0.002597 -0.244330
    38 0.806047 -0.348927 1.321259 -1.206854 -0.679488 -0.789307
    39 1.789791 0.000004 0.000008 0.000000 0.007386 0.228523
    40 1.207014 0.000001 -0.000006 0.000000 0.011266 0.362860
    41 3.859665 -0.132576 1.193108 0.231221 -0.034811 -1.087074
    42 1.312565 0.000002 -0.000001 0.003144 -0.011506 -0.706649
    43 0.729362 0.000006 0.000000 0.004103 -0.004558 -0.977112
    44 3.942287 0.050316 0.431043 0.170404 -0.106073 -1.066873
    45 1.539101 0.000004 0.000001 0.002368 -0.005349 -0.665060
    46 1.196342 0.000000 0.000000 0.008581 -0.004426 -1.526730
    47 3.883656 -0.050339 -0.431043 0.194444 -0.226780 -0.831479
    48 1.719563 -0.000008 0.000000 0.004967 -0.006238 -1.038981
    49 1.209179 -0.000002 0.000000 0.003745 -0.002420 -1.213666
    50 3.859818 -0.148941 -1.331282 -0.321857 0.155872 -0.200119
    51 1.719429 -0.000011 0.000001 -0.001522 -0.006445 -0.129259
    52 1.099663 -0.000006 0.000001 0.016574 0.073749 -0.316830
    53 0.806011 -0.359840 -1.318334 1.031310 0.215114 -1.044288
    54 1.789782 0.000002 0.000000 -0.001067 -0.006208 0.399291
    55 1.206999 0.000000 0.000008 0.006403 -0.062818 1.143826
  time 21
    0 -0.002349 -17.797413 38.426288 1.570796 0.000015 -0.307148
    1 0.000005 3.345127 -2.981901 1.559111 0.086293 1.570796
    2 4.018318 0.000000 0.000000 -0.018492 0.000000 -0.029242
    3 3.518536 0.000000 0.000000 0.000000 0.000000 0.161623
    4 8.942642 0.000000 0.000000 0.000000 0.000000 0.194096
    5 3.307270 0.000001 0.000000 3.141590 0.000000 0.400478
    6 3.593704 -0.000004 0.000000 -0.585679 -0.067027 0.236520
    7 2.000027 -3.000002 0.000000 -1.570796 0.000000 -1.326450
    8 2.033352 1.000776 -1.937610 -1.668474 1.286518 2.942953
    9 6.028144 -0.000015 -0.000002 1.855544 0.014850 -1.071447
    10 11.692535 0.000000 0.000008 0.427139 -0.230216 -0.392797
    11 11.481688 0.000000 0.000008 -1.663540 0.089229 -0.251122
    12 2.676086 -1.712452 0.000000 -1.570796 0.000000 -1.571119
    13 2.033344 1.000772 1.937660 1.596637 -1.286514 2.942961
    14 6.028152 0.000011 0.000000 -1.980400 0.123713 -1.141257
    15 11.692558 0.000000 -0.000004 -0.354377 0.114078 -0.244635
    16 11.481682 0.000000 -0.000027 2.287153 -0.016686 -0.196109
    17 2.676094 -1.712448 0.000000 1.570790 0.000001 1.570687
    18 -3.890452 0.000004 0.000007 -1.473709 0.048226 -1.682708
    19 17.848145 0.000000 0.000000 0.105776 -0.005031 0.011939
    20 16.525240 0.000000 0.000000 0.262822 0.171089 -0.984459
    21 6.879452 0.000000 0.000000 -0.081333 -0.002951 -0.584373
    22 3.890452 -0.000004 -0.000003 -1.668423 -0.009667 -1.476101
    23 17.848135 0.000000 0.000000 -0.098776 0.033583 0.138474
    24 16.525223 0.000000 0.000000 -0.142460 -0.092510 -1.086696
    25 6.879442 0.000000 0.000000 -0.007299 -0.002950 -0.584374
    26 3.859718 -0.142403 -1.191975 -0.479144 0.152190 -0.879873
    27 1.312569 0.000008 0.000001 0.000000 0.009664 -0.439719
    28 0.729351 0.000001 -0.000002 0.000000 0.004970 -0.244299
    29 3.942327 0.046772 -0.431443 -0.155014 0.073328 -0.810647
    30 1.539104 0.000002 0.000000 0.000000 0.004460 -0.247796
    31 1.196320 -0.000004 0.000000 0.000000 0.007361 -0.430802
    32 3.883698 -0.046761 0.431443 0.085902 0.021830 -0.587866
    33 1.719563 0.000008 0.000000 0.000000 0.005516 -0.366476
    34 1.209183 0.000000 0.000000 0.000000 0.003084 -0.216398
    35 3.859863 -0.137962 1.332467 0.348333 -0.079411 -0.431610
    36 1.719431 0.000008 0.000001 0.000000 0.004075 -0.363008
    37 1.099670 0.000002 0.000003 0.000000 0.002597 -0.244330
    38 0.806047 -0.348927 1.321259 -1.206854 -0.679488 -0.789307
    39 1.789791 0.000004 0.000008 0.000000 0.007386 0.228523
    40 1.207014 0.000001 -0.000006 0.000000 0.011266 0.362860
    41 3.859665 -0.132576 1.193108 0.231221 -0.034811 -1.087074
    42 1.312565 0.000002 -0.000001 0.003144 -0.011506 -0.706649
    43 0.729362 0.000006 0.000000 0.004103 -0.004558 -0.977112
    44 3.942287 0.050316 0.431043 0.170404 -0.106073 -1.066873
    45 1.539101 0.000004 0.000001 0.002368 -0.005349 -0.665060
    46 1.196342 0.000000 0.000000 0.008581 -0.004426 -1.526730
    47 3.883656 -0.050339 -0.431043 0.194444 -0.226780 -0.831479
    48 1.719563 -0.000008 0.000000 0.004967 -0.006238 -1.038981
    49 1.209179 -0.000002 0.000000 0.003745 -0.002420 -1.213666
    50 3.859818 -0.148941 -1.331282 -0.321857 0.155872 -0.200119
    51 1.719429 -0.000011 0.000001 -0.001522 -0.006445 -0.129259
    52 1.099663 -0.000006 0.000001 0.016574 0.073749 -0.316830
    53 0.806011 -0.359840 -1.318334 1.031310 0.215114 -1.044288
    54 1.789782 0.000002 0.000000 -0.001067 -0.006208 0.399291
    55 1.206999 0.000000 0.000008 0.006403 -0.062818 1.143826
  time 22
    0 -0.002349 -17.797413 38.426288 1.570796 0.000015 -0.307148
    1 0.000005 3.345127 -2.981901 1.547426 0.086293 1.570796
    2 4.018318 0.000000 0.000000 -0.036996 0.000000 -0.029242
    3 3.518536 0.000000 0.000000 0.000000 0.000000 0.161623
    4 8.942642 0.000000 0.000000 0.000000 0.000000 0.194096
    5 3.307270 0.000001 0.000000 3.141590 0.000000 0.400478
    6 3.593704 -0.000004 0.000000 -0.630513 -0.075698 0.231990
    7 2.000027 -3.000002 0.000000 -1.570796 0.000000 -1.326450
    8 2.033352 1.000776 -1.937610 -1.668474 1.286518 2.942953
    9 6.028144 -0.000015 -0.000002 1.844116 -0.004823 -1.051660
    10 11.692535 0.000000 0.000008 0.434250 -0.248562 -0.482230
    11 11.481688 0.000000 0.000008 -1.678993 0.130198 -0.225229
    12 2.676086 -1.712452 0.000000 -1.570796 0.000000 -1.571119
    13 2.033344 1.000772 1.937660 1.596637 -1.286514 2.942961
    14 6.028152 0.000011 0.000000 -1.988488 0.129021 -1.148100
    15 11.692558 0.000000 -0.000004 -0.364950 0.118142 -0.261514
    16 11.481682 0.000000 -0.000027 2.277184 -0.030531 -0.185262
    17 2.676094 -1.712448 0.000000 1.570790 0.000001 1.570687
    18 -3.890452 0.000004 0.000007 -1.473709 0.048226 -1.682708
    19 17.848145 0.000000 0.000000 0.105776 -0.005031 0.011939
    20 16.525240 0.000000 0.000000 0.262822 0.171089 -0.984459
    21 6.879452 0.000000 0.000000 -0.081333 -0.002951 -0.584373
    22 3.890452 -0.000004 -0.000003 -1.668423 -0.009667 -1.476101
    23 17.848135 0.000000 0.000000 -0.098776 0.033603 0.138474
    24 16.525223 0.000000 0.000000 -0.142460 -0.092510 -1.086696
    25 6.879442 0.000000 0.000000 -0.007299 -0.002950 -0.584374
    26 3.859718 -0.142403 -1.191975 -0.479144 0.152190 -0.879873
    27 1.312569 0.000008 0.000001 0.000000 0.009664 -0.439719
    28 0.729351 0.000001 -0.000002 0.000000 0.004970 -0.244299
    29 3.942327 0.046772 -0.431443 -0.155014 0.073328 -0.810647
    30 1.539104 0.000002 0.000000 0.000000 0.004460 -0.247796
    31 1.196320 -0.000004 0.000000 0.000000 0.007361 -0.430802
    32 3.883698 -0.046761 0.431443 0.085902 0.021830 -0.587866
    33 1.719563 0.000008 0.000000 0.000000 0.005516 -0.366476
    34 1.209183 0.000000 0.000000 0.000000 0.003084 -0.216398
    35 3.859863 -0.137962 1.332467 0.348333 -0.079411 -0.431610
    36 1.719431 0.000008 0.000001 0.000000 0.004075 -0.363008
    37 1.099670 0.000002 0.000003 0.000000 0.002597 -0.244330
    38 0.806047 -0.348927 1.321259 -1.206854 -0.679488 -0.789307
    39 1.789791 0.000004 0.000008 0.000000 0.007386 0.228523
    40 1.207014 0.000001 -0.000006 0.000000 0.011266 0.362860
    41 3.859665 -0.132576 1.193108 0.231221 -0.034811 -1.087074
    42 1.312565 0.000002 -0.000001 0.003144 -0.011506 -0.706649
    43 0.729362 0.000006 0.000000 0.004103 -0.004558 -0.977112
    44 3.942287 0.050316 0.431043 0.170404 -0.106073 -1.066873
    45 1.539101 0.000004 0.000001 0.002368 -0.005349 -0.665060
    46 1.196342 0.000000 0.000000 0.008581 -0.004426 -1.526730
    47 3.883656 -0.050339 -0.431043 0.194444 -0.226780 -0.831479
    48 1.719563 -0.000008 0.000000 0.004967 -0.006238 -1.038981
    49 1.209179 -0.000002 0.000000 0.003745 -0.002420 -1.213666
    50 3.859818 -0.148941 -1.331282 -0.321857 0.155872 -0.200119
    51 1.719429 -0.000011 0.000001 -0.001522 -0.006445 -0.129259
    52 1.099663 -0.000006 0.000001 0.016574 0.073749 -0.316830
    53 0.806011 -0.359840 -1.318334 1.031310 0.215114 -1.044288
    54 1.789782 0.000002 0.000000 -0.001067 -0.006208 0.399291
    55 1.206999 0.000000 0.000008 0.006403 -0.062818 1.143826
  time 23
    0 -0.002349 -19.055264 38.426288 1.633334 0.004853 -0.154313
    1 0.000005 3.345127 -2.981901 1.559051 0.150746 1.570424
    2 4.018318 0.000000 0.000000 -0.036996 0.000000 -0.029242
    3 3.518536 0.000000 0.000000 0.000000 0.000000 -0.013250
    4 8.942642 0.000000 0.000000 0.000000 0.000000 0.083550
    5 3.307270 0.000001 0.000000 3.141590 0.000000 0.249029
    6 3.593704 -0.000004 0.000000 -0.634036 0.015678 0.340730
    7 2.000027 -3.000002 0.000000 -1.570796 0.000000 -1.326450
    8 2.033352 1.000776 -1.937610 -1.053534 1.340591 3.562436
    9 6.028144 -0.000015 -0.000002 1.744583 -0.322760 -0.933650
    10 11.692535 0.000000 0.000008 0.377130 -0.397205 -0.898059
    11 11.481688 0.000000 0.000008 -1.894481 0.317607 -0.245421
    12 2.676086 -1.712452 0.000000 -1.570796 0.000000 -1.571119
    13 2.033344 1.000772 1.937660 0.936912 -1.320742 3.608664
    14 6.028152 0.000011 0.000000 -1.876390 0.497647 -0.975842
    15 11.692558 0.000000 -0.000004 -0.349064 0.364841 -0.842976
    16 11.481682 0.000000 -0.000027 2.405618 -0.319812 -0.191312
    17 2.676094 -1.712448 0.000000 1.570790 0.000001 1.570687
    18 -3.890452 0.000004 0.000007 -1.437923 -0.036580 -1.755152
    19 17.848145 0.000000 0.000000 0.130500 -0.111984 0.210533
    20 16.525240 0.000000 0.000000 0.328571 0.212349 -1.028870
    21 6.879452 0.000000 0.000000 -0.080842 -0.009482 -0.664796
    22 3.890452 -0.000004 -0.000003 -1.621372 -0.066283 -1.473164
    23 17.848135 0.000000 0.000000 -0.049117 0.035017 0.140108
    24 16.525223 0.000000 0.000000 -0.107995 -0.054914 -1.108445
    25 6.879442 0.000000 0.000000 -0.007287 -0.002974 -0.588680
    26 3.859718 -0.142403 -1.191975 -0.479144 0.152190 -0.879873
    27 1.312569 0.000008 0.000001 0.000000 0.009664 -0.439719
    28 0.729351 0.000001 -0.000002 0.000000 0.004970 -0.244299
    29 3.942327 0.046772 -0.431443 -0.155014 0.073328 -0.810647
    30 1.539104 0.000002 0.000000 0.000000 0.004460 -0.247796
    31 1.196320 -0.000004 0.000000 0.000000 0.007361 -0.430802
    32 3.883698 -0.046761 0.431443 0.085902 0.021830 -0.587866
    33 1.719563 0.000008 0.000000 0.000000 0.005516 -0.366476
    34 1.209183 0.000000 0.000000 0.000000 0.003084 -0.216398
    35 3.859863 -0.137962 1.332467 0.348333 -0.079411 -0.431610
    36 1.719431 0.000008 0.000001 0.000000 0.004075 -0.363008
    37 1.099670 0.000002 0.000003 0.000000 0.002597 -0.244330
    38 0.806047 -0.348927 1.321259 -1.206854 -0.679488 -0.789307
    39 1.789791 0.000004 0.000008 0.000000 0.007386 0.228523
    40 1.207014 0.000001 -0.000006 0.000000 0.011266 0.362860
    41 3.859665 -0.132576 1.193108 0.231221 -0.034811 -1.087074
    42 1.312565 0.000002 -0.000001 0.003144 -0.011506 -0.706649
    43 0.729362 0.000006 0.000000 0.004103 -0.004558 -0.977112
    44 3.942287 0.050316 0.431043 0.170404 -0.106073 -1.066873
    45 1.539101 0.000004 0.000001 0.002368 -0.005349 -0.665060
    46 1.196342 0.000000 0.000000 0.008581 -0.004426 -1.526730
    47 3.883656 -0.050339 -0.431043 0.194444 -0.226780 -0.831479
    48 1.719563 -0.000008 0.000000 0.004967 -0.006238 -1.038981
    49 1.209179 -0.000002 0.000000 0.003745 -0.002420 -1.213666
    50 3.859818 -0.148941 -1.331282 -0.312845 0.173681 -0.145154
    51 1.719429 -0.000011 0.000001 -0.001978 -0.006313 -0.058046
    52 1.099663 -0.000006 0.000001 0.025023 0.071340 -0.200488
    53 0.806011 -0.359840 -1.318334 1.031310 0.215114 -1.044288
    54 1.789782 0.000002 0.000000 -0.001067 -0.006208 0.399291
    55 1.206999 0.000000 0.000008 0.006403 -0.062818 1.143826
  time 24
    0 -0.002349 -24.020259 38.426288 1.695788 0.000105 -0.001289
    1 0.000005 3.345127 -2.981901 1.570796 0.215235 1.570796
    2 4.018318 0.000000 0.000000 -0.036996 0.000000 -0.029242
    3 3.518536 0.000000 0.000000 0.000000 0.000000 -0.254788
    4 8.942642 0.000000 0.000000 0.000000 0.000000 -0.026996
    5 3.307270 0.000001 0.000000 3.141590 0.000000 0.097579
    6 3.593704 -0.000004 0.000000 -0.623597 0.125343 0.507300
    7 2.000027 -3.000002 0.000000 -1.570796 0.000000 -1.326450
    8 2.033352 1.000776 -1.937610 -0.304291 1.303316 4.315637
    9 6.028144 -0.000015 -0.000002 1.529911 -0.500591 -0.509462
    10 11.692535 0.000000 0.000008 0.447296 -0.625358 -1.272418
    11 11.481688 0.000000 0.000008 -2.069121 0.376715 -0.172560
    12 2.676086 -1.712452 0.000000 -1.570796 0.000000 -1.571119
    13 2.033344 1.000772 1.937660 0.262953 -1.256685 4.288513
    14 6.028152 0.000011 0.000000 -1.735628 0.550818 -0.538456
    15 11.692558 0.000000 -0.000004 -0.431256 0.636546 -1.176188
    16 11.481682 0.000000 -0.000027 2.521333 -0.312945 -0.265194
    17 2.676094 -1.712448 0.000000 1.570790 0.000001 1.570687
    18 -3.890452 0.000004 0.000007 -1.442994 -0.009988 -1.830155
    19 17.848145 0.000000 0.000000 0.103966 -0.228213 0.368671
    20 16.525240 0.000000 0.000000 0.480855 0.200122 -0.993446
    21 6.879452 0.000000 0.000000 -0.079811 -0.015966 -0.745233
    22 3.890452 -0.000004 -0.000003 -1.567939 -0.036218 -1.477993
    23 17.848135 0.000000 0.000000 0.001881 0.026111 0.166984
    24 16.525223 0.000000 0.000000 -0.085598 -0.009496 -1.159988
    25 6.879442 0.000000 0.000000 -0.007203 -0.003190 -0.618855
    26 3.859718 -0.142403 -1.191975 -0.498570 0.325696 -0.789882
    27 1.312569 0.000008 0.000001 0.000503 0.009652 -0.387151
    28 0.729351 0.000001 -0.000002 0.000000 0.004970 -0.244299
    29 3.942327 0.046772 -0.431443 -0.162301 0.168498 -0.681430
    30 1.539104 0.000002 0.000000 0.000132 0.004460 -0.215598
    31 1.196320 -0.000004 0.000000 0.000000 0.007361 -0.430802
    32 3.883698 -0.046761 0.431443 0.082922 0.039555 -0.473843
    33 1.719563 0.000008 0.000000 0.000168 0.005516 -0.335526
    34 1.209183 0.000000 0.000000 0.000000 0.003084 -0.216398
    35 3.859863 -0.137962 1.332467 0.345144 -0.113639 -0.379424
    36 1.719431 0.000008 0.000001 0.000120 0.004075 -0.331093
    37 1.099670 0.000002 0.000003 0.000000 0.002597 -0.244330
    38 0.806047 -0.348927 1.321259 -1.197975 -0.707172 -0.803198
    39 1.789791 0.000004 0.000008 -0.000635 0.007362 0.141527
    40 1.207014 0.000001 -0.000006 -0.000336 0.011266 0.332537
    41 3.859665 -0.132576 1.193108 0.231221 -0.034811 -1.087074
    42 1.312565 0.000002 -0.000001 0.003144 -0.011506 -0.706649
    43 0.729362 0.000006 0.000000 0.004103 -0.004558 -0.977112
    44 3.942287 0.050316 0.431043 0.170404 -0.106073 -1.066873
    45 1.539101 0.000004 0.000001 0.002368 -0.005349 -0.665060
    46 1.196342 0.000000 0.000000 0.008581 -0.004426 -1.526730
    47 3.883656 -0.050339 -0.431043 0.194444 -0.226780 -0.831479
    48 1.719563 -0.000008 0.000000 0.004967 -0.006238 -1.038981
    49 1.209179 -0.000002 0.000000 0.003745 -0.002420 -1.213666
    50 3.859818 -0.148941 -1.331282 -0.302814 0.190975 -0.089851
    51 1.719429 -0.000011 0.000001 -0.002421 -0.006157 0.013178
    52 1.099663 -0.000006 0.000001 0.033125 0.067960 -0.084146
    53 0.806011 -0.359840 -1.318334 1.031310 0.215114 -1.044288
    54 1.789782 0.000002 0.000000 -0.001067 -0.006208 0.399291
    55 1.206999 0.000000 0.000008 0.006403 -0.062818 1.143826
  time 25
    0 -0.002349 -33.090849 37.973149 1.636180 0.000075 -0.001289
    1 0.000005 3.345127 -2.981901 1.570796 0.194981 1.570796
    2 4.018318 0.000000 0.000000 -0.036996 0.000000 -0.029242
    3 3.518536 0.000000 0.000000 0.000000 0.000000 -0.332653
    4 8.942642 0.000000 0.000000 0.000000 0.000000 -0.026481
    5 3.307270 0.000001 0.000000 3.141590 0.000000 0.124425
    6 3.593704 -0.000004 0.000000 -0.695068 0.129269 0.580790
    7 2.000027 -3.000002 0.000000 -1.570796 0.000000 -1.326450
    8 2.033352 1.000776 -1.937610 -0.255471 1.422883 4.358615
    9 6.028144 -0.000015 -0.000002 1.401664 -0.729778 -0.178118
    10 11.692535 0.000000 0.000008 0.702839 -0.714806 -1.463142
    11 11.481688 0.000000 0.000008 -2.055976 0.296273 -0.189485
    12 2.676086 -1.712452 0.000000 -1.570796 0.000000 -1.571107
    13 2.033344 1.000772 1.937660 0.205832 -1.382703 4.339634
    14 6.028152 0.000011 0.000000 -1.639538 0.759382 -0.176497
    15 11.692558 0.000000 -0.000004 -0.726340 0.829508 -1.537792
    16 11.481682 0.000000 -0.000027 2.463712 -0.287794 -0.222962
    17 2.676094 -1.712448 0.000000 1.570790 0.000001 1.570687
    18 -3.890452 0.000004 0.000007 -1.547329 -0.044467 -1.944515
    19 17.848145 0.000000 0.000000 -0.106088 -0.381153 0.816561
    20 16.525240 0.000000 0.000000 0.590959 0.081022 -0.947001
    21 6.879452 0.000000 0.000000 -0.080842 -0.009482 -0.664796
    22 3.890452 -0.000004 -0.000003 -1.549885 0.119763 -1.458154
    23 17.848135 0.000000 0.000000 0.010216 0.020174 0.330021
    24 16.525223 0.000000 0.000000 -0.111278 0.015699 -1.185690
    25 6.879442 0.000000 0.000000 -0.006772 -0.004017 -0.735885
    26 3.859718 -0.142403 -1.191975 -0.475813 0.709092 -0.565093
    27 1.312569 0.000008 0.000001 0.001582 0.009533 -0.274482
    28 0.729351 0.000001 -0.000002 0.000000 0.004970 -0.244299
    29 3.942327 0.046772 -0.431443 -0.133226 0.373614 -0.388589
    30 1.539104 0.000002 0.000000 0.000443 0.004448 -0.146587
    31 1.196320 -0.000004 0.000000 0.000000 0.007361 -0.430802
    32 3.883698 -0.046761 0.431443 0.083450 0.078194 -0.227606
    33 1.719563 0.000008 0.000000 0.000528 0.005492 -0.269162
    34 1.209183 0.000000 0.000000 0.000000 0.003084 -0.216398
    35 3.859863 -0.137962 1.332467 0.332126 -0.186206 -0.266168
    36 1.719431 0.000008 0.000001 0.000408 0.004075 -0.262653
    37 1.099670 0.000002 0.000003 0.000000 0.002597 -0.244330
    38 0.806047 -0.348927 1.321259 -1.176410 -0.766102 -0.835304
    39 1.789791 0.000004 0.000008 -0.001990 0.007123 -0.045397
    40 1.207014 0.000001 -0.000006 -0.001067 0.011218 0.267571
    41 3.859665 -0.132576 1.193108 0.231221 -0.034811 -1.087074
    42 1.312565 0.000002 -0.000001 0.003144 -0.011506 -0.706649
    43 0.729362 0.000006 0.000000 0.004103 -0.004558 -0.977112
    44 3.942287 0.050316 0.431043 0.170404 -0.106073 -1.066873
    45 1.539101 0.000004 0.000001 0.002368 -0.005349 -0.665060
    46 1.196342 0.000000 0.000000 0.008581 -0.004426 -1.526763
    47 3.883656 -0.050339 -0.431043 0.194444 -0.226780 -0.831479
    48 1.719563 -0.000008 0.000000 0.004967 -0.006238 -1.038981
    49 1.209179 -0.000002 0.000000 0.003745 -0.002420 -1.213666
    50 3.859818 -0.148941 -1.331282 -0.302814 0.190975 -0.089851
    51 1.719429 -0.000011 0.000001 -0.002421 -0.006157 0.013178
    52 1.099663 -0.000006 0.000001 0.033125 0.067960 -0.084146
    53 0.806011 -0.359840 -1.318334 1.031310 0.215114 -1.044288
    54 1.789782 0.000002 0.000000 -0.001067 -0.006208 0.399291
    55 1.206999 0.000000 0.000008 0.006403 -0.062818 1.143826
  time 26
    0 -0.002349 -43.079435 37.176250 1.540741 0.000030 -0.001289
    1 0.000005 3.345127 -2.981901 1.570796 0.134207 1.570796
    2 4.018318 0.000000 0.000000 -0.036996 0.000000 -0.029242
    3 3.518536 0.000000 0.000000 0.000000 0.000000 -0.344560
    4 8.942642 0.000000 0.000000 0.000000 0.000000 -0.022358
    5 3.307270 0.000001 0.000000 3.141590 0.000000 0.200251
    6 3.593704 -0.000004 0.000000 -0.771851 0.116467 0.597992
    7 2.000027 -3.000002 0.000000 -1.570796 0.000000 -1.326450
    8 2.033352 1.000776 -1.937610 -1.218564 1.536991 3.390049
    9 6.028144 -0.000015 -0.000002 1.152995 -0.962907 0.126926
    10 11.692535 0.000000 0.000008 0.781057 -0.676239 -1.526540
    11 11.481688 0.000000 0.000008 -2.004217 0.189354 -0.246679
    12 2.676086 -1.712452 0.000000 -1.570796 0.000000 -1.571119
    13 2.033344 1.000772 1.937660 0.670062 -1.518476 3.869361
    14 6.028152 0.000011 0.000000 -1.498399 0.868881 0.073453
    15 11.692558 0.000000 -0.000004 -0.959315 0.924790 -1.770291
    16 11.481682 0.000000 -0.000027 2.434536 -0.339590 -0.216116
    17 2.676094 -1.712448 0.000000 1.570790 0.000001 1.570687
    18 -3.890452 0.000004 0.000007 -1.619616 -0.040771 -1.987379
    19 17.848145 0.000000 0.000000 -0.244330 -0.398935 1.074991
    20 16.525240 0.000000 0.000000 0.641705 -0.030315 -0.893604
    21 6.879452 0.000000 0.000000 -0.081333 -0.002951 -0.584373
    22 3.890452 -0.000004 -0.000003 -1.525387 0.281971 -1.422390
    23 17.848135 0.000000 0.000000 0.024448 0.022315 0.521679
    24 16.525223 0.000000 0.000000 -0.120996 0.061164 -1.133596
    25 6.879442 0.000000 0.000000 -0.007299 -0.002950 -0.584374
    26 3.859718 -0.142403 -1.191975 -0.408474 0.883603 -0.411482
    27 1.312569 0.000008 0.000001 0.002085 0.009437 -0.221913
    28 0.729351 0.000001 -0.000002 0.000000 0.004970 -0.244299
    29 3.942327 0.046772 -0.431443 -0.095499 0.463474 -0.238501
    30 1.539104 0.000002 0.000000 0.000587 0.004424 -0.114389
    31 1.196320 -0.000004 0.000000 0.000000 0.007361 -0.430802
    32 3.883698 -0.046761 0.431443 0.086923 0.095775 -0.112686
    33 1.719563 0.000008 0.000000 0.000707 0.005468 -0.238164
    34 1.209183 0.000000 0.000000 0.000000 0.003084 -0.216398
    35 3.859863 -0.137962 1.332467 0.323129 -0.219463 -0.212375
    36 1.719431 0.000008 0.000001 0.000528 0.004051 -0.230738
    37 1.099670 0.000002 0.000003 0.000000 0.002597 -0.244330
    38 0.806047 -0.348927 1.321259 -1.164974 -0.793441 -0.851567
    39 1.789791 0.000004 0.000008 -0.002601 0.006919 -0.132393
    40 1.207014 0.000001 -0.000006 -0.001403 0.011182 0.237248
    41 3.859665 -0.132576 1.193108 0.231221 -0.034811 -1.087074
    42 1.312565 0.000002 -0.000001 0.003144 -0.011506 -0.706649
    43 0.729362 0.000006 0.000000 0.004103 -0.004558 -0.977112
    44 3.942287 0.050316 0.431043 0.170404 -0.106073 -1.066873
    45 1.539101 0.000004 0.000001 0.002368 -0.005349 -0.665060
    46 1.196342 0.000000 0.000000 0.008581 -0.004426 -1.526730
    47 3.883656 -0.050339 -0.431043 0.194444 -0.226780 -0.831479
    48 1.719563 -0.000008 0.000000 0.004967 -0.006238 -1.038981
    49 1.209179 -0.000002 0.000000 0.003745 -0.002420 -1.213666
    50 3.859818 -0.148941 -1.331282 -0.302814 0.190975 -0.089851
    51 1.719429 -0.000011 0.000001 -0.002421 -0.006157 0.013178
    52 1.099663 -0.000006 0.000001 0.033125 0.067960 -0.084146
    53 0.806011 -0.359840 -1.318334 1.031310 0.215114 -1.044288
    54 1.789782 0.000002 0.000000 -0.001067 -0.006208 0.399291
    55 1.206999 0.000000 0.000008 0.006403 -0.062818 1.143826
  time 27
    0 -0.002349 -49.771045 36.613733 1.476082 0.000000 -0.001289
    1 0.000005 3.345127 -2.981901 1.570796 0.046744 1.570796
    2 4.018318 0.000000 0.000000 -0.036996 0.000000 -0.029242
    3 3.518536 0.000000 0.000000 0.000000 0.000000 -0.205258
    4 8.942642 0.000000 0.000000 0.000000 0.000000 -0.009954
    5 3.307270 0.000001 0.000000 3.141590 0.000000 0.297806
    6 3.593704 -0.000004 0.000000 -0.761017 0.090557 0.533263
    7 2.000027 -3.000002 0.000000 -1.570796 0.000000 -1.326450
    8 2.033352 1.000776 -1.937610 -2.014329 1.535631 2.593871
    9 6.028144 -0.000015 -0.000002 1.281159 -0.924519 -0.151063
    10 11.692535 0.000000 0.000008 0.576610 -0.653517 -1.246185
    11 11.481688 0.000000 0.000008 -2.028309 0.214303 -0.346397
    12 2.676086 -1.712452 0.000000 -1.570796 0.000000 -1.571119
    13 2.033344 1.000772 1.937660 1.331672 -1.537316 3.207337
    14 6.028152 0.000011 0.000000 -1.678636 0.839642 -0.212924
    15 11.692558 0.000000 -0.000004 -0.782552 0.904751 -1.564841
    16 11.481682 0.000000 -0.000027 2.422032 -0.383960 -0.227446
    17 2.676094 -1.712448 0.000000 1.570790 0.000001 1.570687
    18 -3.890452 0.000004 0.000007 -1.606387 -0.072583 -2.003386
    19 17.848145 0.000000 0.000000 -0.241921 -0.382087 1.160003
    20 16.525240 0.000000 0.000000 0.559594 -0.001034 -0.960248
    21 6.879452 0.000000 0.000000 -0.080530 -0.011831 -0.693768
    22 3.890452 -0.000004 -0.000003 -1.501740 0.351652 -1.409077
    23 17.848135 0.000000 0.000000 0.044000 0.026010 0.798383
    24 16.525223 0.000000 0.000000 -0.098229 0.091049 -1.028831
    25 6.879442 0.000000 0.000000 -0.007299 -0.002950 -0.584374
    26 3.859718 -0.142403 -1.191975 -0.353948 0.776839 -0.334929
    27 1.312569 0.000008 0.000001 0.002085 0.009437 -0.221913
    28 0.729351 0.000001 -0.000002 0.000000 0.004970 -0.244299
    29 3.942327 0.046772 -0.431443 -0.091352 0.387636 -0.227277
    30 1.539104 0.000002 0.000000 0.000587 0.004424 -0.114389
    31 1.196320 -0.000004 0.000000 0.000000 0.007361 -0.430802
    32 3.883698 -0.046761 0.431443 0.086731 0.067995 -0.114789
    33 1.719563 0.000008 0.000000 0.000707 0.005468 -0.238164
    34 1.209183 0.000000 0.000000 0.000000 0.003084 -0.216398
    35 3.859863 -0.137962 1.332467 0.322096 -0.205621 -0.207525
    36 1.719431 0.000008 0.000001 0.000528 0.004051 -0.230738
    37 1.099670 0.000002 0.000003 0.000000 0.002597 -0.244330
    38 0.806047 -0.348927 1.321259 -1.164974 -0.793441 -0.851567
    39 1.789791 0.000004 0.000008 -0.002601 0.006919 -0.132393
    40 1.207014 0.000001 -0.000006 -0.001403 0.011182 0.237248
    41 3.859665 -0.132576 1.193108 0.231221 -0.034811 -1.087074
    42 1.312565 0.000002 -0.000001 0.003144 -0.011506 -0.706649
    43 0.729362 0.000006 0.000000 0.004103 -0.004558 -0.977112
    44 3.942287 0.050316 0.431043 0.170404 -0.106073 -1.066873
    45 1.539101 0.000004 0.000001 0.002368 -0.005349 -0.665060
    46 1.196342 0.000000 0.000000 0.008581 -0.004426 -1.526730
    47 3.883656 -0.050339 -0.431043 0.194444 -0.226780 -0.831479
    48 1.719563 -0.000008 0.000000 0.004967 -0.006238 -1.038981
    49 1.209179 -0.000002 0.000000 0.003745 -0.002420 -1.213666
    50 3.859818 -0.148941 -1.331282 -0.302814 0.190975 -0.089851
    51 1.719429 -0.000011 0.000001 -0.002421 -0.006157 0.013178
    52 1.099663 -0.000006 0.000001 0.033125 0.067960 -0.084146
    53 0.806011 -0.359840 -1.318334 1.031310 0.215114 -1.044288
    54 1.789782 0.000002 0.000000 -0.001067 -0.006208 0.399291
    55 1.206999 0.000000 0.000008 0.006403 -0.062818 1.143826
  time 28
    0 -0.002349 -55.099333 36.078560 1.422865 -0.000015 -0.001289
    1 0.000005 3.345127 -2.981901 1.570796 -0.039389 1.570796
    2 4.018318 0.000000 0.000000 -0.036996 0.000000 -0.029242
    3 3.518536 0.000000 0.000000 0.000000 0.000000 0.095991
    4 8.942642 0.000000 0.000000 0.000000 0.000000 0.013560
    5 3.307270 0.000001 0.000000 3.141590 0.000000 0.373632
    6 3.593704 -0.000004 0.000000 -0.693044 0.029682 0.371374
    7 2.000027 -3.000002 0.000000 -1.570796 0.000000 -1.326450
    8 2.033352 1.000776 -1.937610 -2.258621 1.529702 2.349409
    9 6.028144 -0.000015 -0.000002 1.523603 -0.564584 -0.685699
    10 11.692535 0.000000 0.000008 0.183173 -0.488779 -0.672092
    11 11.481688 0.000000 0.000008 -2.076605 0.310843 -0.393952
    12 2.676086 -1.712452 0.000000 -1.570796 0.000000 -1.571119
    13 2.033344 1.000772 1.937660 1.743399 -1.537795 2.795353
    14 6.028152 0.000011 0.000000 -1.952868 0.566787 -0.652729
    15 11.692558 0.000000 -0.000004 -0.432425 0.767558 -1.118981
    16 11.481682 0.000000 -0.000027 2.314997 -0.412168 -0.182514
    17 2.676094 -1.712448 0.000000 1.570790 0.000001 1.570687
    18 -3.890452 0.000004 0.000007 -1.559225 -0.137426 -1.954829
    19 17.848145 0.000000 0.000000 -0.145385 -0.301307 1.132368
    20 16.525240 0.000000 0.000000 0.372295 0.075439 -1.028953
    21 6.879452 0.000000 0.000000 -0.075533 -0.030335 -0.929514
    22 3.890452 -0.000004 -0.000003 -1.485996 0.407084 -1.414167
    23 17.848135 0.000000 0.000000 0.064281 0.026454 1.077128
    24 16.525223 0.000000 0.000000 -0.059033 0.099122 -0.854799
    25 6.879442 0.000000 0.000000 -0.007299 -0.002950 -0.584374
    26 3.859718 -0.142403 -1.191975 -0.295048 0.535095 -0.238726
    27 1.312569 0.000008 0.000001 0.002085 0.009437 -0.221913
    28 0.729351 0.000001 -0.000002 0.000000 0.004970 -0.244299
    29 3.942327 0.046772 -0.431443 -0.087313 0.224358 -0.213716
    30 1.539104 0.000002 0.000000 0.000587 0.004424 -0.114389
    31 1.196320 -0.000004 0.000000 0.000000 0.007361 -0.430802
    32 3.883698 -0.046761 0.431443 0.086527 0.008623 -0.120114
    33 1.719563 0.000008 0.000000 0.000707 0.005468 -0.238164
    34 1.209183 0.000000 0.000000 0.000000 0.003084 -0.216398
    35 3.859863 -0.137962 1.332467 0.320201 -0.175923 -0.197531
    36 1.719431 0.000008 0.000001 0.000528 0.004051 -0.230738
    37 1.099670 0.000002 0.000003 0.000000 0.002597 -0.244330
    38 0.806047 -0.348927 1.321259 -1.164974 -0.793441 -0.851567
    39 1.789791 0.000004 0.000008 -0.002601 0.006919 -0.132393
    40 1.207014 0.000001 -0.000006 -0.001403 0.011182 0.237248
    41 3.859665 -0.132576 1.193108 0.231221 -0.034811 -1.087074
    42 1.312565 0.000002 -0.000001 0.003144 -0.011506 -0.706649
    43 0.729362 0.000006 0.000000 0.004103 -0.004558 -0.977112
    44 3.942287 0.050316 0.431043 0.170404 -0.106073 -1.066873
    45 1.539101 0.000004 0.000001 0.002368 -0.005349 -0.665060
    46 1.196342 0.000000 0.000000 0.008581 -0.004426 -1.526730
    47 3.883656 -0.050339 -0.431043 0.194444 -0.226780 -0.831479
    48 1.719563 -0.000008 0.000000 0.004967 -0.006238 -1.038981
    49 1.209179 -0.000002 0.000000 0.003745 -0.002420 -1.213666
    50 3.859818 -0.148941 -1.331282 -0.302814 0.190975 -0.089851
    51 1.719429 -0.000011 0.000001 -0.002421 -0.006157 0.013178
    52 1.099663 -0.000006 0.000001 0.033125 0.067960 -0.084146
    53 0.806011 -0.359840 -1.318334 1.031310 0.215114 -1.044288
    54 1.789782 0.000002 0.000000 -0.001067 -0.006208 0.399291
    55 1.206999 0.000000 0.000008 0.006403 -0.062818 1.143826
  time 29
    0 -0.002349 -61.747973 35.492605 1.404810 0.000000 -0.001289
    1 0.000005 3.345127 -2.981901 1.570796 -0.102692 1.570796
    2 4.018318 0.000000 0.000000 -0.036996 0.000000 -0.029242
    3 3.518536 0.000000 0.000000 0.000000 0.000000 0.235279
    4 8.942642 0.000000 0.000000 0.000000 0.000000 0.047165
    5 3.307270 0.000001 0.000000 3.141590 0.000000 0.400478
    6 3.593704 -0.000004 0.000000 -0.551206 -0.007342 0.228079
    7 2.000027 -3.000002 0.000000 -1.570796 0.000000 -1.326450
    8 2.033352 1.000776 -1.937610 -2.281882 1.528892 2.325958
    9 6.028144 -0.000015 -0.000002 1.507137 -0.277077 -0.804087
    10 11.692535 0.000000 0.000008 0.032586 -0.386517 -0.483687
    11 11.481688 0.000000 0.000008 -2.084835 0.363625 -0.273144
    12 2.676086 -1.712452 0.000000 -1.570796 0.000000 -1.571107
    13 2.033344 1.000772 1.937660 1.789681 -1.537508 2.748948
    14 6.028152 0.000011 0.000000 -2.012165 0.255176 -0.776417
    15 11.692558 0.000000 -0.000004 -0.232869 0.559074 -0.796716
    16 11.481682 0.000000 -0.000027 2.214622 -0.312457 -0.063677
    17 2.676094 -1.712448 0.000000 1.570790 0.000001 1.570687
    18 -3.890452 0.000004 0.000007 -1.526722 -0.163027 -1.883910
    19 17.848145 0.000000 0.000000 -0.035474 -0.178621 1.094605
    20 16.525240 0.000000 0.000000 0.167043 0.109634 -1.076881
    21 6.879452 0.000000 0.000000 -0.071769 -0.038425 -1.039048
    22 3.890452 -0.000004 -0.000003 -1.486057 0.485322 -1.434399
    23 17.848135 0.000000 0.000000 0.069821 0.025303 1.179695
    24 16.525223 0.000000 0.000000 -0.037875 0.085730 -0.696745
    25 6.879442 0.000000 0.000000 -0.007299 -0.002950 -0.584374
    26 3.859718 -0.142403 -1.191975 -0.279748 0.421166 -0.205534
    27 1.312569 0.000008 0.000001 0.002085 0.009437 -0.221913
    28 0.729351 0.000001 -0.000002 0.000000 0.004970 -0.244299
    29 3.942327 0.046772 -0.431443 -0.086342 0.148196 -0.208473
    30 1.539104 0.000002 0.000000 0.000587 0.004424 -0.114389
    31 1.196320 -0.000004 0.000000 0.000000 0.007361 -0.430802
    32 3.883698 -0.046761 0.431443 0.086539 -0.019121 -0.122581
    33 1.719563 0.000008 0.000000 0.000707 0.005468 -0.238164
    34 1.209183 0.000000 0.000000 0.000000 0.003084 -0.216398
    35 3.859863 -0.137962 1.332467 0.319431 -0.162033 -0.192886
    36 1.719431 0.000008 0.000001 0.000528 0.004051 -0.230738
    37 1.099670 0.000002 0.000003 0.000000 0.002597 -0.244330
    38 0.806047 -0.348927 1.321259 -1.164974 -0.793441 -0.851567
    39 1.789791 0.000004 0.000008 -0.002601 0.006919 -0.132393
    40 1.207014 0.000001 -0.000006 -0.001403 0.011182 0.237248
    41 3.859665 -0.132576 1.193108 0.231221 -0.034811 -1.087074
    42 1.312565 0.000002 -0.000001 0.003144 -0.011506 -0.706649
    43 0.729362 0.000006 0.000000 0.004103 -0.004558 -0.977112
    44 3.942287 0.050316 0.431043 0.170404 -0.106073 -1.066873
    45 1.539101 0.000004 0.000001 0.002368 -0.005349 -0.665060
    46 1.196342 0.000000 0.000000 0.008581 -0.004426 -1.526763
    47 3.883656 -0.050339 -0.431043 0.194444 -0.226780 -0.831479
    48 1.719563 -0.000008 0.000000 0.004967 -0.006238 -1.038981
    49 1.209179 -0.000002 0.000000 0.003745 -0.002420 -1.213666
    50 3.859818 -0.148941 -1.331282 -0.302814 0.190975 -0.089851
    51 1.719429 -0.000011 0.000001 -0.002421 -0.006157 0.013178
    52 1.099663 -0.000006 0.000001 0.033125 0.067960 -0.084146
    53 0.806011 -0.359840 -1.318334 1.031310 0.215114 -1.044288
    54 1.789782 0.000002 0.000000 -0.001067 -0.006208 0.399291
    55 1.206999 0.000000 0.000008 0.006403 -0.062818 1.143826
  time 30
    0 0.376569 -70.568555 35.058998 1.433581 0.024308 -0.118818
    1 0.000005 3.345127 -2.981901 1.570796 -0.153135 1.570796
    2 4.018318 0.000000 0.000000 -0.036996 0.000000 -0.029242
    3 3.518536 0.000000 0.000000 0.000000 0.000000 0.235279
    4 8.942642 0.000000 0.000000 0.000000 0.000000 0.152869
    5 3.307270 0.000001 0.000000 3.132937 0.000000 0.400478
    6 3.593704 -0.000004 0.000000 -0.274446 -0.004400 0.111161
    7 2.000027 -3.000002 0.000000 -1.570796 0.000000 -1.326450
    8 2.033352 1.000776 -1.937610 -2.282073 1.528892 2.325766
    9 6.028144 -0.000015 -0.000002 1.490302 -0.107941 -0.681372
    10 11.692535 0.000000 0.000008 0.016748 -0.393799 -0.622871
    11 11.481688 0.000000 0.000008 -2.171521 0.393717 -0.184159
    12 2.676086 -1.712452 0.000000 -1.570796 0.000000 -1.571107
    13 2.033344 1.000772 1.937660 1.789869 -1.537508 2.748665
    14 6.028152 0.000011 0.000000 -2.027796 0.231427 -0.770809
    15 11.692558 0.000000 -0.000004 -0.221180 0.401927 -0.665352
    16 11.481682 0.000000 -0.000027 2.178786 -0.169868 -0.072113
    17 2.676094 -1.712448 0.000000 1.570790 0.000001 1.570687
    18 -3.890452 0.000004 0.000007 -1.381238 -0.166228 -1.856517
    19 17.848145 0.000000 0.000000 0.256326 0.035351 1.094722
    20 16.525240 0.000000 0.000000 -0.238664 0.299698 -0.819925
    21 6.879452 0.000000 0.000000 -0.075533 -0.030335 -0.929514
    22 3.890452 -0.000004 -0.000003 -1.648849 0.568183 -1.514018
    23 17.848135 0.000000 0.000000 -0.080139 0.042489 1.101443
    24 16.525223 0.000000 0.000000 0.098344 0.072841 -0.515655
    25 6.879442 0.000000 0.000000 -0.007299 -0.002950 -0.584374
    26 3.859718 -0.142403 -1.191975 -0.279761 0.421166 -0.205559
    27 1.312569 0.000008 0.000001 0.002085 0.009437 -0.221913
    28 0.729351 0.000001 -0.000002 0.000000 0.004970 -0.244299
    29 3.942327 0.046772 -0.431443 -0.086354 0.148184 -0.208498
    30 1.539104 0.000002 0.000000 0.000587 0.004424 -0.114389
    31 1.196320 -0.000004 0.000000 0.000000 0.007361 -0.430802
    32 3.883698 -0.046761 0.431443 0.086539 -0.019121 -0.122609
    33 1.719563 0.000008 0.000000 0.000707 0.005468 -0.238164
    34 1.209183 0.000000 0.000000 0.000000 0.003084 -0.216398
    35 3.859863 -0.137962 1.332467 0.319431 -0.162033 -0.192886
    36 1.719431 0.000008 0.000001 0.000528 0.004051 -0.230738
    37 1.099670 0.000002 0.000003 0.000000 0.002597 -0.244330
    38 0.806047 -0.348927 1.321259 -1.164974 -0.793441 -0.851567
    39 1.789791 0.000004 0.000008 -0.002601 0.006919 -0.132393
    40 1.207014 0.000001 -0.000006 -0.001403 0.011182 0.237248
    41 3.859665 -0.132576 1.193108 0.231221 -0.034811 -1.087074
    42 1.312565 0.000002 -0.000001 0.003144 -0.011506 -0.706649
    43 0.729362 0.000006 0.000000 0.004103 -0.004558 -0.977112
    44 3.942287 0.050316 0.431043 0.170404 -0.106073 -1.066873
    45 1.539101 0.000004 0.000001 0.002368 -0.005349 -0.665060
    46 1.196342 0.000000 0.000000 0.008581 -0.004426 -1.526730
    47 3.883656 -0.050339 -0.431043 0.194444 -0.226780 -0.831479
    48 1.719563 -0.000008 0.000000 0.004967 -0.006238 -1.038981
    49 1.209179 -0.000002 0.000000 0.003745 -0.002420 -1.213666
    50 3.859818 -0.148941 -1.331282 -0.305678 0.186241 -0.105172
    51 1.719429 -0.000011 0.000001 -0.002301 -0.006205 -0.006512
    52 1.099663 -0.000006 0.000001 0.030932 0.068979 -0.116286
    53 0.806011 -0.359840 -1.318334 1.031310 0.215114 -1.044288
    54 1.789782 0.000002 0.000000 -0.001067 -0.006208 0.399291
    55 1.206999 0.000000 0.000008 0.006403 -0.062818 1.143826
  time 31
    0 1.556293 -80.686051 34.609765 1.522546 0.106906 -0.367659
    1 0.000005 3.345127 -2.981901 1.570796 -0.193272 1.570796
    2 4.018318 0.000000 0.000000 -0.036996 0.000000 -0.029242
    3 3.518536 0.000000 0.000000 0.000000 0.000000 0.235279
    4 8.942642 0.000000 0.000000 0.000000 0.000000 0.327029
    5 3.307270 0.000001 0.000000 3.107290 0.000000 0.400478
    6 3.593704 -0.000004 0.000000 0.087511 0.036550 0.015881
    7 2.000027 -3.000002 0.000000 -1.570796 0.000000 -1.326450
    8 2.033352 1.000776 -1.937610 -2.282265 1.528892 2.325671
    9 6.028144 -0.000015 -0.000002 1.619491 0.186971 -0.467492
    10 11.692535 0.000000 0.000008 -0.002586 -0.313477 -0.729992
    11 11.481688 0.000000 0.000008 -2.285428 0.395291 -0.252315
    12 2.676086 -1.712452 0.000000 -1.570796 0.000000 -1.571119
    13 2.033344 1.000772 1.937660 1.790058 -1.537508 2.748570
    14 6.028152 0.000011 0.000000 -2.039487 0.353143 -0.861106
    15 11.692558 0.000000 -0.000004 -0.277764 0.227931 -0.542039
    16 11.481682 0.000000 -0.000027 2.068614 -0.042953 -0.282212
    17 2.676094 -1.712448 0.000000 1.570790 0.000001 1.570687
    18 -3.890452 0.000004 0.000007 -1.431618 -0.073802 -1.867573
    19 17.848145 0.000000 0.000000 0.252491 0.151579 0.795074
    20 16.525240 0.000000 0.000000 -0.477481 0.379631 -0.561347
    21 6.879452 0.000000 0.000000 -0.080530 -0.011831 -0.693768
    22 3.890452 -0.000004 -0.000003 -2.000085 0.525893 -1.689963
    23 17.848135 0.000000 0.000000 -0.424619 0.028938 0.924299
    24 16.525223 0.000000 0.000000 0.380032 0.022167 -0.340910
    25 6.879442 0.000000 0.000000 -0.007299 -0.002950 -0.584374
    26 3.859718 -0.142403 -1.191975 -0.279761 0.421143 -0.205559
    27 1.312569 0.000008 0.000001 0.002085 0.009437 -0.221913
    28 0.729351 0.000001 -0.000002 0.000000 0.004970 -0.244299
    29 3.942327 0.046772 -0.431443 -0.086354 0.148184 -0.208498
    30 1.539104 0.000002 0.000000 0.000587 0.004424 -0.114389
    31 1.196320 -0.000004 0.000000 0.000000 0.007361 -0.430802
    32 3.883698 -0.046761 0.431443 0.086539 -0.019121 -0.122609
    33 1.719563 0.000008 0.000000 0.000707 0.005468 -0.238164
    34 1.209183 0.000000 0.000000 0.000000 0.003084 -0.216398
    35 3.859863 -0.137962 1.332467 0.319431 -0.162033 -0.192886
    36 1.719431 0.000008 0.000001 0.000528 0.004051 -0.230738
    37 1.099670 0.000002 0.000003 0.000000 0.002597 -0.244330
    38 0.806047 -0.348927 1.321259 -1.164974 -0.793441 -0.851555
    39 1.789791 0.000004 0.000008 -0.002601 0.006919 -0.132393
    40 1.207014 0.000001 -0.000006 -0.001403 0.011182 0.237248
    41 3.859665 -0.132576 1.193108 0.231221 -0.034811 -1.087074
    42 1.312565 0.000002 -0.000001 0.003144 -0.011506 -0.706649
    43 0.729362 0.000006 0.000000 0.004103 -0.004558 -0.977112
    44 3.942287 0.050316 0.431043 0.170404 -0.106073 -1.066873
    45 1.539101 0.000004 0.000001 0.002368 -0.005349 -0.665060
    46 1.196342 0.000000 0.000000 0.008581 -0.004426 -1.526730
    47 3.883656 -0.050339 -0.431043 0.194444 -0.226780 -0.831479
    48 1.719563 -0.000008 0.000000 0.004967 -0.006238 -1.038981
    49 1.209179 -0.000002 0.000000 0.003745 -0.002420 -1.213666
    50 3.859818 -0.148941 -1.331282 -0.312845 0.173681 -0.145154
    51 1.719429 -0.000011 0.000001 -0.001978 -0.006313 -0.058046
    52 1.099663 -0.000006 0.000001 0.025023 0.071340 -0.200488
    53 0.806011 -0.359840 -1.318334 1.031310 0.215114 -1.044288
    54 1.789782 0.000002 0.000000 -0.001067 -0.006208 0.399291
    55 1.206999 0.000000 0.000008 0.006403 -0.062818 1.143826
  time 32
    0 3.071964 -89.975397 33.437855 1.653510 0.212396 -0.477258
    1 0.000005 3.345127 -2.981901 1.570796 -0.206383 1.570796
    2 4.018318 0.000000 0.000000 -0.036996 0.000000 -0.029242
    3 3.518536 0.000000 0.000000 0.000000 0.000000 0.235279
    4 8.942642 0.000000 0.000000 0.000000 0.000000 0.403802
    5 3.307270 0.000001 0.000000 3.068172 0.000000 0.400478
    6 3.593704 -0.000004 0.000000 0.235371 0.050911 -0.010965
    7 2.000027 -3.000002 0.000000 -1.570796 0.000000 -1.326450
    8 2.033352 1.000776 -1.937610 -2.282265 1.528892 2.325671
    9 6.028144 -0.000015 -0.000002 1.845509 0.328882 -0.211769
    10 11.692535 0.000000 0.000008 0.072047 -0.322228 -0.912170
    11 11.481688 0.000000 0.000008 -2.327059 0.372180 -0.264632
    12 2.676086 -1.712452 0.000000 -1.570796 0.000000 -1.571119
    13 2.033344 1.000772 1.937660 1.790152 -1.537508 2.748476
    14 6.028152 0.000011 0.000000 -1.996618 0.503458 -0.931028
    15 11.692558 0.000000 -0.000004 -0.450171 0.147692 -0.776164
    16 11.481682 0.000000 -0.000027 2.068614 -0.057064 -0.274595
    17 2.676094 -1.712448 0.000000 1.570790 0.000001 1.570687
    18 -3.890452 0.000004 0.000007 -1.502020 0.049940 -1.964194
    19 17.848145 0.000000 0.000000 0.132897 0.109215 0.411293
    20 16.525240 0.000000 0.000000 -0.470670 0.409712 -0.229310
    21 6.879452 0.000000 0.000000 -0.081333 -0.002951 -0.584373
    22 3.890452 -0.000004 -0.000003 -2.127012 0.368079 -1.684285
    23 17.848135 0.000000 0.000000 -0.555180 0.049031 0.855513
    24 16.525223 0.000000 0.000000 0.499308 -0.057196 -0.318334
    25 6.879442 0.000000 0.000000 -0.007299 -0.002950 -0.584374
    26 3.859718 -0.142403 -1.191975 -0.279761 0.421143 -0.205559
    27 1.312569 0.000008 0.000001 0.002085 0.009437 -0.221913
    28 0.729351 0.000001 -0.000002 0.000000 0.004970 -0.244299
    29 3.942327 0.046772 -0.431443 -0.086354 0.148196 -0.208498
    30 1.539104 0.000002 0.000000 0.000587 0.004424 -0.114389
    31 1.196320 -0.000004 0.000000 0.000000 0.007361 -0.430802
    32 3.883698 -0.046761 0.431443 0.086539 -0.019109 -0.122637
    33 1.719563 0.000008 0.000000 0.000707 0.005468 -0.238164
    34 1.209183 0.000000 0.000000 0.000000 0.003084 -0.216398
    35 3.859863 -0.137962 1.332467 0.319431 -0.162033 -0.192886
    36 1.719431 0.000008 0.000001 0.000528 0.004051 -0.230738
    37 1.099670 0.000002 0.000003 0.000000 0.002597 -0.244330
    38 0.806047 -0.348927 1.321259 -1.164974 -0.793426 -0.851555
    39 1.789791 0.000004 0.000008 -0.002601 0.006919 -0.132393
    40 1.207014 0.000001 -0.000006 -0.001403 0.011182 0.237248
    41 3.859665 -0.132576 1.193108 0.231221 -0.034811 -1.087074
    42 1.312565 0.000002 -0.000001 0.003144 -0.011506 -0.706649
    43 0.729362 0.000006 0.000000 0.004103 -0.004558 -0.977112
    44 3.942287 0.050316 0.431043 0.170404 -0.106073 -1.066873
    45 1.539101 0.000004 0.000001 0.002368 -0.005349 -0.665060
    46 1.196342 0.000000 0.000000 0.008581 -0.004426 -1.526730
    47 3.883656 -0.050339 -0.431043 0.194444 -0.226780 -0.831479
    48 1.719563 -0.000008 0.000000 0.004967 -0.006238 -1.038981
    49 1.209179 -0.000002 0.000000 0.003745 -0.002420 -1.213666
    50 3.859818 -0.148941 -1.331282 -0.319460 0.160846 -0.184950
    51 1.719429 -0.000011 0.000001 -0.001654 -0.006409 -0.109580
    52 1.099663 -0.000006 0.000001 0.018935 0.073186 -0.284690
    53 0.806011 -0.359840 -1.318334 1.031310 0.215114 -1.044288
    54 1.789782 0.000002 0.000000 -0.001067 -0.006208 0.399291
    55 1.206999 0.000000 0.000008 0.006403 -0.062818 1.143826
  time 33
    0 4.736077 -97.299839 31.508108 1.874583 0.318684 -0.448183
    1 0.000005 3.345127 -2.981901 1.570796 -0.206383 1.570796
    2 4.018318 0.000000 0.000000 -0.036996 0.000000 -0.029242
    3 3.518536 0.000000 0.000000 0.000000 0.000000 0.235279
    4 8.942642 0.000000 0.000000 0.036859 -0.003344 0.375099
    5 3.307270 0.000001 0.000000 3.023793 0.000000 0.400478
    6 3.593704 -0.000004 0.000000 0.239578 0.022443 0.065871
    7 2.000027 -3.000002 0.000000 -1.570796 0.000000 -1.326450
    8 2.033352 1.000776 -1.937610 -2.282361 1.528892 2.325575
    9 6.028144 -0.000015 -0.000002 2.110603 0.492529 -0.134637
    10 11.692535 0.000000 0.000008 0.166895 -0.402393 -1.530647
    11 11.481688 0.000000 0.000008 -2.553867 0.284975 -0.364792
    12 2.676086 -1.712452 0.000000 -1.570796 0.000000 -1.571107
    13 2.033344 1.000772 1.937660 1.790247 -1.537508 2.748382
    14 6.028152 0.000011 0.000000 -1.868344 0.391855 -0.909676
    15 11.692558 0.000000 -0.000004 -0.424509 0.112328 -1.408617
    16 11.481682 0.000000 -0.000027 2.342755 -0.326247 -0.270063
    17 2.676094 -1.712448 0.000000 1.570790 0.000001 1.570687
    18 -3.890452 0.000004 0.000007 -1.566116 -0.150760 -1.979788
    19 17.848145 0.000000 0.000000 0.086013 0.147679 0.735648
    20 16.525240 0.000000 0.000000 -0.283043 0.189902 -0.250334
    21 6.879452 0.000000 0.000000 -0.081333 -0.002951 -0.584373
    22 3.890452 -0.000004 -0.000003 -1.904586 0.120298 -1.427938
    23 17.848135 0.000000 0.000000 -0.161803 0.408932 0.949950
    24 16.525223 0.000000 0.000000 0.277844 -0.213813 -0.778036
    25 6.879442 0.000000 0.000000 -0.007299 -0.002950 -0.584374
    26 3.859718 -0.142403 -1.191975 -0.276256 0.392795 -0.196709
    27 1.312569 0.000008 0.000001 0.002085 0.009437 -0.221913
    28 0.729351 0.000001 -0.000002 0.000000 0.004970 -0.244299
    29 3.942327 0.046772 -0.431443 -0.086031 0.121075 -0.206110
    30 1.539104 0.000002 0.000000 0.000587 0.004424 -0.114389
    31 1.196320 -0.000004 0.000000 0.000000 0.007361 -0.430802
    32 3.883698 -0.046761 0.431443 0.086563 -0.028110 -0.123478
    33 1.719563 0.000008 0.000000 0.000707 0.005468 -0.238164
    34 1.209183 0.000000 0.000000 0.000000 0.003084 -0.216398
    35 3.859863 -0.137962 1.332467 0.318491 -0.143684 -0.186779
    36 1.719431 0.000008 0.000001 0.000528 0.004051 -0.230738
    37 1.099670 0.000002 0.000003 0.000000 0.002597 -0.244330
    38 0.806047 -0.348927 1.321259 -1.204119 -0.808878 -0.797061
    39 1.789791 0.000004 0.000008 -0.002601 0.006919 -0.132393
    40 1.207014 0.000001 -0.000006 0.002672 -0.015987 0.266886
    41 3.859665 -0.132576 1.193108 0.231221 -0.034811 -1.087074
    42 1.312565 0.000002 -0.000001 0.003144 -0.011506 -0.706649
    43 0.729362 0.000006 0.000000 0.004103 -0.004558 -0.977112
    44 3.942287 0.050316 0.431043 0.170404 -0.106073 -1.066873
    45 1.539101 0.000004 0.000001 0.002368 -0.005349 -0.665060
    46 1.196342 0.000000 0.000000 0.008581 -0.004426 -1.526730
    47 3.883656 -0.050339 -0.431043 0.194444 -0.226780 -0.831479
    48 1.719563 -0.000008 0.000000 0.004967 -0.006238 -1.038981
    49 1.209179 -0.000002 0.000000 0.003745 -0.002420 -1.213666
    50 3.859818 -0.148941 -1.331282 -0.321857 0.155872 -0.200119
    51 1.719429 -0.000011 0.000001 -0.001522 -0.006445 -0.129259
    52 1.099663 -0.000006 0.000001 0.016574 0.073749 -0.316830
    53 0.806011 -0.359840 -1.318334 1.031310 0.215114 -1.044288
    54 1.789782 0.000002 0.000000 -0.001067 -0.006208 0.399291
    55 1.206999 0.000000 0.000008 0.006403 -0.062818 1.143826
  time 34
    0 6.970520 -104.886008 28.437702 2.133775 0.408953 -0.387483
    1 0.000005 3.345127 -2.981901 1.570796 -0.206383 1.570796
    2 4.018318 0.000000 0.000000 -0.036996 0.000000 -0.029242
    3 3.518536 0.000000 0.000000 0.000000 0.000000 0.235279
    4 8.942642 0.000000 0.000000 0.134009 -0.007047 0.299009
    5 3.307270 0.000001 0.000000 2.984676 0.000000 0.400478
    6 3.593704 -0.000004 0.000000 0.240078 -0.026499 0.268951
    7 2.000027 -3.000002 0.000000 -1.570796 0.000000 -1.326450
    8 2.033352 1.000776 -1.937610 -2.282361 1.528892 2.325575
    9 6.028144 -0.000015 -0.000002 2.693016 1.032285 0.364374
    10 11.692535 0.000000 0.000008 0.022155 -0.512907 -1.527534
    11 11.481688 0.000000 0.000008 -2.621675 0.055054 -0.491122
    12 2.676086 -1.712452 0.000000 -1.570796 0.000000 -1.571119
    13 2.033344 1.000772 1.937660 1.790247 -1.537508 2.748382
    14 6.028152 0.000011 0.000000 -1.741495 -0.345625 -0.673515
    15 11.692558 0.000000 -0.000004 -0.197803 0.171936 -1.465047
    16 11.481682 0.000000 -0.000027 2.714392 -0.308004 -0.349079
    17 2.676094 -1.712448 0.000000 1.570790 0.000001 1.570687
    18 -3.890452 0.000004 0.000007 -1.634177 -0.231870 -2.009410
    19 17.848145 0.000000 0.000000 0.004446 0.098464 0.994137
    20 16.525240 0.000000 0.000000 -0.041393 -0.057357 -0.483573
    21 6.879452 0.000000 0.000000 -0.081333 -0.002951 -0.584373
    22 3.890452 -0.000004 -0.000003 -1.792796 -0.129202 -1.266611
    23 17.848135 0.000000 0.000000 0.147232 0.644577 1.008602
    24 16.525223 0.000000 0.000000 0.326292 -0.395090 -1.277534
    25 6.879442 0.000000 0.000000 -0.005933 -0.005179 -0.919168
    26 3.859718 -0.142403 -1.191975 -0.268525 0.318352 -0.174548
    27 1.312569 0.000008 0.000001 0.002085 0.009437 -0.221913
    28 0.729351 0.000001 -0.000002 0.000000 0.004970 -0.244299
    29 3.942327 0.046772 -0.431443 -0.085503 0.050066 -0.199982
    30 1.539104 0.000002 0.000000 0.000587 0.004424 -0.114389
    31 1.196320 -0.000004 0.000000 0.000000 0.007361 -0.430802
    32 3.883698 -0.046761 0.431443 0.086635 -0.051660 -0.125524
    33 1.719563 0.000008 0.000000 0.000707 0.005468 -0.238164
    34 1.209183 0.000000 0.000000 0.000000 0.003084 -0.216398
    35 3.859863 -0.137962 1.332467 0.316596 -0.095662 -0.170883
    36 1.719431 0.000008 0.000001 0.000528 0.004051 -0.230738
    37 1.099670 0.000002 0.000003 0.000000 0.002597 -0.244330
    38 0.806047 -0.348927 1.321259 -1.315054 -0.841850 -0.646235
    39 1.789791 0.000004 0.000008 -0.002601 0.006919 -0.132393
    40 1.207014 0.000001 -0.000006 0.009563 -0.087714 0.344340
    41 3.859665 -0.132576 1.193108 0.231221 -0.034811 -1.087074
    42 1.312565 0.000002 -0.000001 0.003144 -0.011506 -0.706649
    43 0.729362 0.000006 0.000000 0.004103 -0.004558 -0.977112
    44 3.942287 0.050316 0.431043 0.170404 -0.106073 -1.066873
    45 1.539101 0.000004 0.000001 0.002368 -0.005349 -0.665060
    46 1.196342 0.000000 0.000000 0.008581 -0.004426 -1.526763
    47 3.883656 -0.050339 -0.431043 0.194444 -0.226780 -0.831479
    48 1.719563 -0.000008 0.000000 0.004967 -0.006238 -1.038981
    49 1.209179 -0.000002 0.000000 0.003745 -0.002420 -1.213666
    50 3.859818 -0.148941 -1.331282 -0.321857 0.155872 -0.200119
    51 1.719429 -0.000011 0.000001 -0.001522 -0.006445 -0.129259
    52 1.099663 -0.000006 0.000001 0.016574 0.073749 -0.316830
    53 0.806011 -0.359840 -1.318334 1.031310 0.215114 -1.044288
    54 1.789782 0.000002 0.000000 -0.001067 -0.006208 0.399291
    55 1.206999 0.000000 0.000008 0.006403 -0.062818 1.143826
  time 35
    0 10.642507 -117.812184 22.816437 2.372569 0.469986 -0.313189
    1 0.000005 3.345127 -2.981901 1.570796 -0.206383 1.570796
    2 4.018318 0.000000 0.000000 -0.036996 0.000000 -0.029242
    3 3.518536 0.000000 0.000000 0.000000 0.000000 0.235279
    4 8.942642 0.000000 0.000000 0.231084 -0.003344 0.222907
    5 3.307270 0.000001 0.000000 2.959029 0.000000 0.400478
    6 3.593704 -0.000004 0.000000 0.231190 -0.069611 0.473234
    7 2.000027 -3.000002 0.000000 -1.570796 0.000000 -1.326450
    8 2.033352 1.000776 -1.937610 -2.282361 1.528892 2.325575
    9 6.028144 -0.000015 -0.000002 2.981581 0.938783 0.789739
    10 11.692535 0.000000 0.000008 0.104221 -0.505218 -1.526275
    11 11.481688 0.000000 0.000008 -2.610839 -0.079588 -0.361345
    12 2.676086 -1.712452 0.000000 -1.570796 0.000000 -1.571119
    13 2.033344 1.000772 1.937660 1.790247 -1.537520 2.748382
    14 6.028152 0.000011 0.000000 -1.910376 -0.825580 -0.253159
    15 11.692558 0.000000 -0.000004 -0.119436 0.110720 -1.347243
    16 11.481682 0.000000 -0.000027 2.894561 -0.110758 -0.475799
    17 2.676094 -1.712448 0.000000 1.570790 0.000001 1.570687
    18 -3.890452 0.000004 0.000007 -1.656312 -0.174114 -2.014071
    19 17.848145 0.000000 0.000000 -0.100059 -0.068259 1.132193
    20 16.525240 0.000000 0.000000 0.233634 -0.108795 -0.799231
    21 6.879452 0.000000 0.000000 -0.081333 -0.002951 -0.584373
    22 3.890452 -0.000004 -0.000003 -1.859846 -0.055586 -1.353474
    23 17.848135 0.000000 0.000000 -0.020026 0.661702 0.747527
    24 16.525223 0.000000 0.000000 0.079084 -0.523049 -0.950942
    25 6.879442 0.000000 0.000000 -0.006712 -0.004125 -0.751771
    26 3.859718 -0.142403 -1.191975 -0.262671 0.243776 -0.153425
    27 1.312569 0.000008 0.000001 0.002085 0.009437 -0.221913
    28 0.729351 0.000001 -0.000002 0.000000 0.004970 -0.244299
    29 3.942327 0.046772 -0.431443 -0.085419 -0.020967 -0.193902
    30 1.539104 0.000002 0.000000 0.000587 0.004424 -0.114389
    31 1.196320 -0.000004 0.000000 0.000000 0.007361 -0.430802
    32 3.883698 -0.046761 0.431443 0.086767 -0.075221 -0.127542
    33 1.719563 0.000008 0.000000 0.000707 0.005468 -0.238164
    34 1.209183 0.000000 0.000000 0.000000 0.003084 -0.216398
    35 3.859863 -0.137962 1.332467 0.315472 -0.047616 -0.155134
    36 1.719431 0.000008 0.000001 0.000528 0.004051 -0.230738
    37 1.099670 0.000002 0.000003 0.000000 0.002597 -0.244330
    38 0.806047 -0.348927 1.321259 -1.435761 -0.862763 -0.486037
    39 1.789791 0.000004 0.000008 -0.002601 0.006919 -0.132393
    40 1.207014 0.000001 -0.000006 0.010894 -0.159766 0.421952
    41 3.859665 -0.132576 1.193108 0.231221 -0.034811 -1.087074
    42 1.312565 0.000002 -0.000001 0.003144 -0.011506 -0.706649
    43 0.729362 0.000006 0.000000 0.004103 -0.004558 -0.977112
    44 3.942287 0.050316 0.431043 0.170404 -0.106073 -1.066873
    45 1.539101 0.000004 0.000001 0.002368 -0.005349 -0.665060
    46 1.196342 0.000000 0.000000 0.008581 -0.004426 -1.526763
    47 3.883656 -0.050339 -0.431043 0.194444 -0.226780 -0.831479
    48 1.719563 -0.000008 0.000000 0.004967 -0.006238 -1.038981
    49 1.209179 -0.000002 0.000000 0.003745 -0.002420 -1.213666
    50 3.859818 -0.148941 -1.331282 -0.321857 0.155872 -0.200119
    51 1.719429 -0.000011 0.000001 -0.001522 -0.006445 -0.129259
    52 1.099663 -0.000006 0.000001 0.016574 0.073749 -0.316830
    53 0.806011 -0.359840 -1.318334 1.031310 0.215114 -1.044288
    54 1.789782 0.000002 0.000000 -0.001067 -0.006208 0.399291
    55 1.206999 0.000000 0.000008 0.006403 -0.062818 1.143826
  time 36
    0 12.884763 -125.531170 19.269454 2.485198 0.489381 -0.274296
    1 0.000005 3.345127 -2.981901 1.570796 -0.206383 1.570796
    2 4.018318 0.000000 0.000000 -0.036996 0.000000 -0.029242
    3 3.518536 0.000000 0.000000 0.000000 0.000000 0.235279
    4 8.942642 0.000000 0.000000 0.267899 0.000000 0.194096
    5 3.307270 0.000001 0.000000 2.950364 0.000000 0.400478
    6 3.593704 -0.000004 0.000000 0.225615 -0.084625 0.550973
    7 2.000027 -3.000002 0.000000 -1.570796 0.000000 -1.326450
    8 2.033352 1.000776 -1.937610 -2.282361 1.528892 2.325575
    9 6.028144 -0.000015 -0.000002 2.892820 0.842039 0.773313
    10 11.692535 0.000000 0.000008 0.183408 -0.488279 -1.612064
    11 11.481688 0.000000 0.000008 -2.630947 -0.147298 -0.247103
    12 2.676086 -1.712452 0.000000 -1.570796 0.000000 -1.571107
    13 2.033344 1.000772 1.937660 1.790247 -1.537508 2.748382
    14 6.028152 0.000011 0.000000 -2.130549 -0.910415 0.087705
    15 11.692558 0.000000 -0.000004 -0.093031 0.059777 -1.262281
    16 11.481682 0.000000 -0.000027 2.981143 -0.028354 -0.640918
    17 2.676094 -1.712448 0.000000 1.570790 0.000001 1.570687
    18 -3.890452 0.000004 0.000007 -1.654296 -0.171485 -1.997817
    19 17.848145 0.000000 0.000000 -0.191622 -0.192666 1.270600
    20 16.525240 0.000000 0.000000 0.346594 -0.076534 -0.999300
    21 6.879452 0.000000 0.000000 -0.081333 -0.002951 -0.584373
    22 3.890452 -0.000004 -0.000003 -1.944099 0.060587 -1.555263
    23 17.848135 0.000000 0.000000 -0.284469 0.442252 0.414213
    24 16.525223 0.000000 0.000000 -0.223554 -0.436274 -0.466572
    25 6.879442 0.000000 0.000000 -0.007299 -0.002950 -0.584374
    26 3.859718 -0.142403 -1.191975 -0.260881 0.215293 -0.145590
    27 1.312569 0.000008 0.000001 0.002085 0.009437 -0.221913
    28 0.729351 0.000001 -0.000002 0.000000 0.004970 -0.244299
    29 3.942327 0.046772 -0.431443 -0.085503 -0.048088 -0.191589
    30 1.539104 0.000002 0.000000 0.000587 0.004424 -0.114389
    31 1.196320 -0.000004 0.000000 0.000000 0.007361 -0.430802
    32 3.883698 -0.046761 0.431443 0.086839 -0.084222 -0.128355
    33 1.719563 0.000008 0.000000 0.000707 0.005468 -0.238164
    34 1.209183 0.000000 0.000000 0.000000 0.003084 -0.216398
    35 3.859863 -0.137962 1.332467 0.315241 -0.029255 -0.149144
    36 1.719431 0.000008 0.000001 0.000528 0.004051 -0.230738
    37 1.099670 0.000002 0.000003 0.000000 0.002597 -0.244330
    38 0.806047 -0.348927 1.321259 -1.483508 -0.867305 -0.423298
    39 1.789791 0.000004 0.000008 -0.002601 0.006919 -0.132393
    40 1.207014 0.000001 -0.000006 0.009899 -0.187222 0.451774
    41 3.859665 -0.132576 1.193108 0.231221 -0.034811 -1.087074
    42 1.312565 0.000002 -0.000001 0.003144 -0.011506 -0.706649
    43 0.729362 0.000006 0.000000 0.004103 -0.004558 -0.977112
    44 3.942287 0.050316 0.431043 0.170404 -0.106073 -1.066873
    45 1.539101 0.000004 0.000001 0.002368 -0.005349 -0.665060
    46 1.196342 0.000000 0.000000 0.008581 -0.004426 -1.526730
    47 3.883656 -0.050339 -0.431043 0.194444 -0.226780 -0.831479
    48 1.719563 -0.000008 0.000000 0.004967 -0.006238 -1.038981
    49 1.209179 -0.000002 0.000000 0.003745 -0.002420 -1.213666
    50 3.859818 -0.148941 -1.331282 -0.321857 0.155872 -0.200119
    51 1.719429 -0.000011 0.000001 -0.001522 -0.006445 -0.129259
    52 1.099663 -0.000006 0.000001 0.016574 0.073749 -0.316830
    53 0.806011 -0.359840 -1.318334 1.031310 0.215114 -1.044288
    54 1.789782 0.000002 0.000000 -0.001067 -0.006208 0.399291
    55 1.206999 0.000000 0.000008 0.006403 -0.062818 1.143826
end
