// Created by Crowbar 0.71
version 1
nodes
  0 "ValveBiped.Bip01_Pelvis" -1
  1 "ValveBiped.Bip01_Spine" 0
  2 "ValveBiped.Bip01_Spine1" 1
  3 "ValveBiped.Bip01_Spine2" 2
  4 "ValveBiped.Bip01_Spine4" 3
  5 "ValveBiped.Bip01_Neck1" 4
  6 "ValveBiped.Bip01_Head1" 5
  7 "ValveBiped.forward" 6
  8 "ValveBiped.Bip01_R_Clavicle" 4
  9 "ValveBiped.Bip01_R_UpperArm" 8
  10 "ValveBiped.Bip01_R_Forearm" 9
  11 "ValveBiped.Bip01_R_Hand" 10
  12 "ValveBiped.Anim_Attachment_RH" 11
  13 "ValveBiped.Bip01_L_Clavicle" 4
  14 "ValveBiped.Bip01_L_UpperArm" 13
  15 "ValveBiped.Bip01_L_Forearm" 14
  16 "ValveBiped.Bip01_L_Hand" 15
  17 "ValveBiped.Anim_Attachment_LH" 16
  18 "ValveBiped.Bip01_R_Thigh" 0
  19 "ValveBiped.Bip01_R_Calf" 18
  20 "ValveBiped.Bip01_R_Foot" 19
  21 "ValveBiped.Bip01_R_Toe0" 20
  22 "ValveBiped.Bip01_L_Thigh" 0
  23 "ValveBiped.Bip01_L_Calf" 22
  24 "ValveBiped.Bip01_L_Foot" 23
  25 "ValveBiped.Bip01_L_Toe0" 24
  26 "ValveBiped.Bip01_L_Finger4" 16
  27 "ValveBiped.Bip01_L_Finger41" 26
  28 "ValveBiped.Bip01_L_Finger42" 27
  29 "ValveBiped.Bip01_L_Finger3" 16
  30 "ValveBiped.Bip01_L_Finger31" 29
  31 "ValveBiped.Bip01_L_Finger32" 30
  32 "ValveBiped.Bip01_L_Finger2" 16
  33 "ValveBiped.Bip01_L_Finger21" 32
  34 "ValveBiped.Bip01_L_Finger22" 33
  35 "ValveBiped.Bip01_L_Finger1" 16
  36 "ValveBiped.Bip01_L_Finger11" 35
  37 "ValveBiped.Bip01_L_Finger12" 36
  38 "ValveBiped.Bip01_L_Finger0" 16
  39 "ValveBiped.Bip01_L_Finger01" 38
  40 "ValveBiped.Bip01_L_Finger02" 39
  41 "ValveBiped.Bip01_R_Finger4" 11
  42 "ValveBiped.Bip01_R_Finger41" 41
  43 "ValveBiped.Bip01_R_Finger42" 42
  44 "ValveBiped.Bip01_R_Finger3" 11
  45 "ValveBiped.Bip01_R_Finger31" 44
  46 "ValveBiped.Bip01_R_Finger32" 45
  47 "ValveBiped.Bip01_R_Finger2" 11
  48 "ValveBiped.Bip01_R_Finger21" 47
  49 "ValveBiped.Bip01_R_Finger22" 48
  50 "ValveBiped.Bip01_R_Finger1" 11
  51 "ValveBiped.Bip01_R_Finger11" 50
  52 "ValveBiped.Bip01_R_Finger12" 51
  53 "ValveBiped.Bip01_R_Finger0" 11
  54 "ValveBiped.Bip01_R_Finger01" 53
  55 "ValveBiped.Bip01_R_Finger02" 54
end
skeleton
  time 0
    0 -0.002349 2.300856 38.762236 1.529132 0.111533 -0.387672
    1 0.000005 3.345127 -2.981901 1.456655 0.147055 1.620604
    2 4.018318 0.000000 0.000000 0.000000 0.000000 -0.029242
    3 3.518536 0.000000 0.000000 -0.163602 0.000000 0.299296
    4 8.942642 0.000000 0.000000 -0.026330 0.053907 0.192682
    5 3.307270 0.000001 0.000000 3.141590 0.000000 0.400478
    6 3.593704 -0.000004 0.000000 0.664381 0.126864 0.550822
    7 2.000027 -3.000002 0.000000 -1.570796 0.000000 -1.326450
    8 2.033352 1.000776 -1.937610 -1.742565 1.410102 2.867145
    9 6.028144 -0.000015 -0.000002 1.559812 0.568385 -0.826269
    10 11.692535 0.000000 0.000008 0.661938 -0.542879 -1.815905
    11 11.481688 0.000000 0.000008 -2.083904 0.184944 -0.136260
    12 2.676086 -1.712452 0.000000 -1.570796 0.000000 -1.571119
    13 2.033344 1.000772 1.937660 1.596637 -1.286514 2.942961
    14 6.028152 0.000011 0.000000 -1.512312 0.063542 -0.887346
    15 11.692558 0.000000 -0.000004 -0.026140 0.173319 -0.855830
    16 11.481682 0.000000 -0.000027 1.715968 -0.290948 -0.151491
    17 2.676094 -1.712448 0.000000 1.570790 -0.000001 1.570689
    18 -3.890452 0.000004 0.000007 -1.454240 0.056379 -1.883085
    19 17.848145 0.000000 0.000000 0.099304 -0.222936 0.527218
    20 16.525240 0.000000 0.000000 0.293930 0.084642 -0.642172
    21 6.879452 0.000000 0.000000 -0.081333 -0.002951 -0.584373
    22 3.890452 -0.000004 -0.000003 -1.612497 -0.026820 -1.347601
    23 17.848135 0.000000 0.000000 -0.053132 0.034189 0.195827
    24 16.525223 0.000000 0.000000 -0.250521 -0.228070 -1.061615
    25 6.879442 0.000000 0.000000 -0.007299 -0.002950 -0.584374
    26 3.859718 -0.142403 -1.191975 -0.254021 0.027702 -0.847264
    27 1.312569 0.000008 0.000001 -0.008390 0.004787 -1.493531
    28 0.729351 0.000001 -0.000002 -0.004914 -0.000710 -1.959453
    29 3.942327 0.046772 -0.431443 -0.155014 0.073328 -0.810647
    30 1.539104 0.000002 0.000000 -0.004399 0.000733 -1.654089
    31 1.196320 -0.000004 0.000000 -0.006915 0.002507 -1.655288
    32 3.883698 -0.046761 0.431443 0.082081 0.033491 -0.726106
    33 1.719563 0.000008 0.000000 -0.005477 0.000507 -1.847396
    34 1.209183 0.000000 0.000000 -0.002505 0.001790 -1.168759
    35 3.859863 -0.137962 1.332467 0.355851 0.027947 -0.721732
    36 1.719431 0.000008 0.000001 -0.003954 0.001006 -1.685137
    37 1.099670 0.000002 0.000003 -0.002325 0.001134 -1.365714
    38 0.806047 -0.348927 1.321259 -1.293589 -0.252067 -0.673380
    39 1.789791 0.000004 0.000008 0.000000 0.007386 0.228523
    40 1.207014 0.000001 -0.000006 0.006411 0.009265 0.969213
    41 3.859665 -0.132576 1.193108 0.300784 0.047842 -0.929137
    42 1.312565 0.000002 -0.000001 0.005897 -0.010374 -0.957922
    43 0.729362 0.000006 0.000000 0.002780 -0.005474 -0.715200
    44 3.942287 0.050316 0.431043 0.173012 0.049853 -1.153815
    45 1.539101 0.000004 0.000001 0.001678 -0.005602 -0.540793
    46 1.196342 0.000000 0.000000 0.007862 -0.005612 -1.383006
    47 3.883656 -0.050339 -0.431043 -0.066909 0.052934 -0.904637
    48 1.719563 -0.000008 0.000000 0.005345 -0.005913 -1.102433
    49 1.209179 -0.000002 0.000000 0.003379 -0.002915 -1.078095
    50 3.859818 -0.148941 -1.331282 -0.147349 0.249748 -0.249374
    51 1.719429 -0.000011 0.000001 -0.000492 -0.006601 -0.287779
    52 1.099663 -0.000006 0.000001 -0.001223 -0.004019 0.051866
    53 0.806011 -0.359840 -1.318334 0.820038 0.172537 -1.022514
    54 1.789782 0.000002 0.000000 0.000001 -0.006302 0.228555
    55 1.206999 0.000000 0.000008 -0.005680 -0.007761 0.995916
  time 1
    0 -0.002349 5.140787 37.617670 1.547522 0.035897 -0.385500
    1 0.000005 3.345127 -2.981901 1.448517 0.139061 1.554365
    2 4.018318 0.000000 0.000000 -0.026618 0.000000 -0.029242
    3 3.518536 0.000000 0.000000 -0.180548 0.024688 0.297069
    4 8.942642 0.000000 0.000000 -0.073208 0.053895 0.192694
    5 3.307270 0.000001 0.000000 3.141590 0.000000 0.400478
    6 3.593704 -0.000004 0.000000 0.083883 0.036933 0.524145
    7 2.000027 -3.000002 0.000000 -1.570796 0.000000 -1.326450
    8 2.033352 1.000776 -1.937610 -1.742852 1.410345 2.866857
    9 6.028144 -0.000015 -0.000002 1.538103 0.480667 -0.913443
    10 11.692535 0.000000 0.000008 0.496307 -0.348981 -1.944026
    11 11.481688 0.000000 0.000008 -1.990179 0.194372 -0.146274
    12 2.676086 -1.712452 0.000000 -1.570796 0.000000 -1.571119
    13 2.033344 1.000772 1.937660 1.596637 -1.286514 2.942961
    14 6.028152 0.000011 0.000000 -1.460517 -0.003814 -0.882149
    15 11.692558 0.000000 -0.000004 0.077782 0.206368 -0.895380
    16 11.481682 0.000000 -0.000027 1.748968 -0.237896 -0.094411
    17 2.676094 -1.712448 0.000000 1.570790 -0.000001 1.570689
    18 -3.890452 0.000004 0.000007 -1.501077 0.052150 -1.891295
    19 17.848145 0.000000 0.000000 0.054782 -0.200516 0.464689
    20 16.525240 0.000000 0.000000 0.410354 0.197186 -0.965607
    21 6.879452 0.000000 0.000000 0.093174 -0.006414 -0.686387
    22 3.890452 -0.000004 -0.000003 -1.622710 -0.238767 -1.351973
    23 17.848135 0.000000 0.000000 -0.032818 0.097235 0.441534
    24 16.525223 0.000000 0.000000 -0.249379 -0.230226 -1.109249
    25 6.879442 0.000000 0.000000 -0.007299 -0.002950 -0.584374
    26 3.859718 -0.142403 -1.191975 -0.261453 0.031787 -0.845667
    27 1.312569 0.000008 0.000001 -0.008210 0.005098 -1.455318
    28 0.729351 0.000001 -0.000002 -0.004950 -0.000399 -1.896526
    29 3.942327 0.046772 -0.431443 -0.155014 0.073328 -0.810598
    30 1.539104 0.000002 0.000000 -0.004351 0.000948 -1.604747
    31 1.196320 -0.000004 0.000000 -0.006759 0.002879 -1.600195
    32 3.883698 -0.046761 0.431443 0.082381 0.032748 -0.717165
    33 1.719563 0.000008 0.000000 -0.005441 0.000854 -1.782136
    34 1.209183 0.000000 0.000000 -0.002445 0.001862 -1.138993
    35 3.859863 -0.137962 1.332467 0.356282 0.021607 -0.704697
    36 1.719431 0.000008 0.000001 -0.003883 0.001246 -1.625556
    37 1.099670 0.000002 0.000003 -0.002265 0.001242 -1.317197
    38 0.806047 -0.348927 1.321259 -1.288614 -0.272391 -0.682477
    39 1.789791 0.000004 0.000008 0.000000 0.007386 0.228523
    40 1.207014 0.000001 -0.000006 0.006004 0.010356 0.940814
    41 3.859665 -0.132576 1.193108 0.300784 0.047842 -0.929137
    42 1.312565 0.000002 -0.000001 0.005897 -0.010374 -0.957922
    43 0.729362 0.000006 0.000000 0.002780 -0.005474 -0.715200
    44 3.942287 0.050316 0.431043 0.173012 0.049853 -1.153815
    45 1.539101 0.000004 0.000001 0.001678 -0.005602 -0.540793
    46 1.196342 0.000000 0.000000 0.007862 -0.005612 -1.383006
    47 3.883656 -0.050339 -0.431043 -0.066909 0.052934 -0.904637
    48 1.719563 -0.000008 0.000000 0.005345 -0.005913 -1.102433
    49 1.209179 -0.000002 0.000000 0.003379 -0.002915 -1.078095
    50 3.859818 -0.148941 -1.331282 -0.147361 0.249748 -0.249374
    51 1.719429 -0.000011 0.000001 -0.000492 -0.006601 -0.287779
    52 1.099663 -0.000006 0.000001 -0.001223 -0.004019 0.051866
    53 0.806011 -0.359840 -1.318334 0.820038 0.172537 -1.022514
    54 1.789782 0.000002 0.000000 0.000001 -0.006302 0.228555
    55 1.206999 0.000000 0.000008 -0.005680 -0.007761 0.995916
  time 2
    0 -0.002349 8.476826 36.469197 1.567364 -0.039438 -0.385028
    1 0.000005 3.345127 -2.981901 1.437623 0.130097 1.483081
    2 4.018318 0.000000 0.000000 -0.065771 0.000000 -0.029242
    3 3.518536 0.000000 0.000000 -0.209994 0.050527 0.293973
    4 8.942642 0.000000 0.000000 -0.120101 0.053907 0.192682
    5 3.307270 0.000001 0.000000 3.141590 0.000000 0.400478
    6 3.593704 -0.000004 0.000000 -0.477500 -0.052870 0.550183
    7 2.000027 -3.000002 0.000000 -1.570796 0.000000 -1.326450
    8 2.033352 1.000776 -1.937610 -1.744671 1.412030 2.865039
    9 6.028144 -0.000015 -0.000002 1.550555 0.377733 -0.924030
    10 11.692535 0.000000 0.000008 0.235357 -0.104576 -2.120573
    11 11.481688 0.000000 0.000008 -1.742258 0.271853 -0.133793
    12 2.676086 -1.712452 0.000000 -1.570796 0.000000 -1.571119
    13 2.033344 1.000772 1.937660 1.596637 -1.286514 2.942961
    14 6.028152 0.000011 0.000000 -1.400340 -0.093728 -0.865788
    15 11.692558 0.000000 -0.000004 0.194615 0.211307 -0.990160
    16 11.481682 0.000000 -0.000027 1.774449 -0.128289 -0.031280
    17 2.676094 -1.712448 0.000000 1.570790 -0.000001 1.570689
    18 -3.890452 0.000004 0.000007 -1.531175 0.025938 -1.886922
    19 17.848145 0.000000 0.000000 0.025611 -0.148810 0.422827
    20 16.525240 0.000000 0.000000 0.437716 0.330214 -1.290114
    21 6.879452 0.000000 0.000000 -0.081333 -0.002951 -0.584373
    22 3.890452 -0.000004 -0.000003 -1.642709 -0.387107 -1.357847
    23 17.848135 0.000000 0.000000 -0.020399 0.137906 0.519229
    24 16.525223 0.000000 0.000000 -0.258148 -0.223617 -1.049821
    25 6.879442 0.000000 0.000000 -0.007299 -0.002950 -0.584374
    26 3.859718 -0.142403 -1.191975 -0.283601 0.044154 -0.840925
    27 1.312569 0.000008 0.000001 -0.007563 0.006021 -1.338942
    28 0.729351 0.000001 -0.000002 -0.004938 0.000572 -1.699587
    29 3.942327 0.046772 -0.431443 -0.154978 0.073412 -0.810081
    30 1.539104 0.000002 0.000000 -0.004159 0.001607 -1.451914
    31 1.196320 -0.000004 0.000000 -0.006184 0.003969 -1.431839
    32 3.883698 -0.046761 0.431443 0.083234 0.030483 -0.689780
    33 1.719563 0.000008 0.000000 -0.005153 0.001933 -1.579687
    34 1.209183 0.000000 0.000000 -0.002265 0.002078 -1.047031
    35 3.859863 -0.137962 1.332467 0.356899 0.002696 -0.653943
    36 1.719431 0.000008 0.000001 -0.003595 0.001929 -1.441995
    37 1.099670 0.000002 0.000003 -0.002061 0.001566 -1.169960
    38 0.806047 -0.348927 1.321259 -1.272480 -0.332558 -0.710521
    39 1.789791 0.000004 0.000008 0.000000 0.007386 0.228523
    40 1.207014 0.000001 -0.000006 0.004614 0.013519 0.856168
    41 3.859665 -0.132576 1.193108 0.300784 0.047842 -0.929137
    42 1.312565 0.000002 -0.000001 0.005897 -0.010374 -0.957922
    43 0.729362 0.000006 0.000000 0.002780 -0.005474 -0.715200
    44 3.942287 0.050316 0.431043 0.173012 0.049853 -1.153815
    45 1.539101 0.000004 0.000001 0.001678 -0.005602 -0.540793
    46 1.196342 0.000000 0.000000 0.007862 -0.005612 -1.383006
    47 3.883656 -0.050339 -0.431043 -0.066909 0.052958 -0.904637
    48 1.719563 -0.000008 0.000000 0.005345 -0.005913 -1.102433
    49 1.209179 -0.000002 0.000000 0.003379 -0.002915 -1.078095
    50 3.859818 -0.148941 -1.331282 -0.147349 0.249748 -0.249374
    51 1.719429 -0.000011 0.000001 -0.000492 -0.006601 -0.287779
    52 1.099663 -0.000006 0.000001 -0.001223 -0.004019 0.051866
    53 0.806011 -0.359840 -1.318334 0.820038 0.172537 -1.022514
    54 1.789782 0.000002 0.000000 0.000001 -0.006302 0.228555
    55 1.206999 0.000000 0.000008 -0.005680 -0.007761 0.995916
  time 3
    0 -0.193761 9.230755 36.484823 1.570405 -0.038896 -0.422128
    1 0.000005 3.345127 -2.981901 1.429785 0.129294 1.475159
    2 4.018318 0.000000 0.000000 -0.085534 0.000000 -0.029242
    3 3.518536 0.000000 0.000000 -0.233268 0.047483 0.293824
    4 8.942642 0.000000 0.000000 -0.115535 0.066263 0.190548
    5 3.307270 0.000001 0.000000 3.141590 0.000000 0.400478
    6 3.593704 -0.000004 0.000000 -0.478683 -0.055888 0.551217
    7 2.000027 -3.000002 0.000000 -1.570796 0.000000 -1.326450
    8 2.033352 1.000776 -1.937610 -1.764295 1.428100 2.845130
    9 6.028144 -0.000015 -0.000002 1.602779 0.261574 -0.885589
    10 11.692535 0.000000 0.000008 0.081538 -0.012253 -2.203314
    11 11.481688 0.000000 0.000008 -1.540361 0.266321 -0.113797
    12 2.676086 -1.712452 0.000000 -1.570796 0.000000 -1.571119
    13 2.033344 1.000772 1.937660 1.597014 -1.291572 2.942490
    14 6.028152 0.000011 0.000000 -1.385547 -0.068424 -0.880914
    15 11.692558 0.000000 -0.000004 0.204869 0.179866 -1.108882
    16 11.481682 0.000000 -0.000027 1.798168 -0.118714 -0.023229
    17 2.676094 -1.712448 0.000000 1.570790 -0.000001 1.570689
    18 -3.890452 0.000004 0.000007 -1.535498 -0.032923 -1.884653
    19 17.848145 0.000000 0.000000 0.010007 -0.158922 0.479385
    20 16.525240 0.000000 0.000000 0.407732 0.325969 -1.306960
    21 6.879452 0.000000 0.000000 -0.081333 -0.002951 -0.584373
    22 3.890452 -0.000004 -0.000003 -1.650490 -0.378130 -1.337485
    23 17.848135 0.000000 0.000000 -0.030700 0.137785 0.480103
    24 16.525223 0.000000 0.000000 -0.286836 -0.232052 -1.009750
    25 6.879442 0.000000 0.000000 -0.007299 -0.002950 -0.584374
    26 3.859718 -0.142403 -1.191975 -0.318390 0.064020 -0.833521
    27 1.312569 0.000008 0.000001 -0.006292 0.007327 -1.149846
    28 0.729351 0.000001 -0.000002 -0.004494 0.002130 -1.372776
    29 3.942327 0.046772 -0.431443 -0.154858 0.073664 -0.808481
    30 1.539104 0.000002 0.000000 -0.003620 0.002602 -1.197045
    31 1.196320 -0.000004 0.000000 -0.004914 0.005467 -1.164028
    32 3.883698 -0.046761 0.431443 0.084496 0.026792 -0.645915
    33 1.719563 0.000008 0.000000 -0.004254 0.003503 -1.249980
    34 1.209183 0.000000 0.000000 -0.001929 0.002401 -0.897236
    35 3.859863 -0.137962 1.332467 0.355959 -0.026415 -0.575780
    36 1.719431 0.000008 0.000001 -0.002876 0.002900 -1.146058
    37 1.099670 0.000002 0.000003 -0.001654 0.001997 -0.938365
    38 0.806047 -0.348927 1.321259 -1.243383 -0.423915 -0.756925
    39 1.789791 0.000004 0.000008 0.000000 0.007386 0.228523
    40 1.207014 0.000001 -0.000006 0.001953 0.018158 0.725813
    41 3.859665 -0.132576 1.193108 0.300784 0.047842 -0.929137
    42 1.312565 0.000002 -0.000001 0.005897 -0.010374 -0.957922
    43 0.729362 0.000006 0.000000 0.002780 -0.005474 -0.715200
    44 3.942287 0.050316 0.431043 0.173024 0.049853 -1.153815
    45 1.539101 0.000004 0.000001 0.001678 -0.005602 -0.540793
    46 1.196342 0.000000 0.000000 0.007862 -0.005612 -1.383006
    47 3.883656 -0.050339 -0.431043 -0.066921 0.053018 -0.904637
    48 1.719563 -0.000008 0.000000 0.005345 -0.005913 -1.102433
    49 1.209179 -0.000002 0.000000 0.003379 -0.002915 -1.078095
    50 3.859818 -0.148941 -1.331282 -0.147349 0.249748 -0.249374
    51 1.719429 -0.000011 0.000001 -0.000492 -0.006601 -0.287779
    52 1.099663 -0.000006 0.000001 -0.001223 -0.004019 0.051866
    53 0.806011 -0.359840 -1.318334 0.820038 0.172537 -1.022514
    54 1.789782 0.000002 0.000000 0.000001 -0.006302 0.228555
    55 1.206999 0.000000 0.000008 -0.005680 -0.007761 0.995916
  time 4
    0 -0.732840 9.758115 36.523886 1.573810 -0.038127 -0.526346
    1 0.000005 3.345127 -2.981901 1.418412 0.128587 1.469490
    2 4.018318 0.000000 0.000000 -0.100814 0.000000 -0.029242
    3 3.518536 0.000000 0.000000 -0.258759 0.035103 0.295032
    4 8.942642 0.000000 0.000000 -0.101130 0.101102 0.184916
    5 3.307270 0.000001 0.000000 3.141590 0.000000 0.400478
    6 3.593704 -0.000004 0.000000 -0.481575 -0.056975 0.552364
    7 2.000027 -3.000002 0.000000 -1.570796 0.000000 -1.326450
    8 2.033352 1.000776 -1.937610 -1.841449 1.468322 2.767407
    9 6.028144 -0.000015 -0.000002 1.618999 0.246543 -0.870843
    10 11.692535 0.000000 0.000008 -0.026415 0.036691 -2.190065
    11 11.481688 0.000000 0.000008 -1.359093 0.241216 -0.102558
    12 2.676086 -1.712452 0.000000 -1.570796 0.000000 -1.571119
    13 2.033344 1.000772 1.937660 1.598428 -1.305846 2.941075
    14 6.028152 0.000011 0.000000 -1.393300 0.017875 -0.899282
    15 11.692558 0.000000 -0.000004 0.182023 0.148313 -1.235090
    16 11.481682 0.000000 -0.000027 1.814109 -0.150411 -0.012189
    17 2.676094 -1.712448 0.000000 1.570790 -0.000001 1.570689
    18 -3.890452 0.000004 0.000007 -1.559517 -0.099594 -1.868976
    19 17.848145 0.000000 0.000000 -0.020697 -0.148056 0.528740
    20 16.525240 0.000000 0.000000 0.364337 0.302693 -1.324246
    21 6.879452 0.000000 0.000000 -0.081333 -0.002951 -0.584373
    22 3.890452 -0.000004 -0.000003 -1.668605 -0.331293 -1.293695
    23 17.848135 0.000000 0.000000 -0.052082 0.149699 0.436634
    24 16.525223 0.000000 0.000000 -0.350183 -0.263558 -0.980208
    25 6.879442 0.000000 0.000000 -0.007299 -0.002950 -0.584374
    26 3.859718 -0.142403 -1.191975 -0.360573 0.088975 -0.824570
    27 1.312569 0.000008 0.000001 -0.004411 0.008598 -0.913899
    28 0.729351 0.000001 -0.000002 -0.003308 0.003712 -0.972715
    29 3.942327 0.046772 -0.431443 -0.154607 0.074191 -0.805084
    30 1.539104 0.000002 0.000000 -0.002601 0.003621 -0.872389
    31 1.196320 -0.000004 0.000000 -0.003008 0.006714 -0.853817
    32 3.883698 -0.046761 0.431443 0.085818 0.022190 -0.592070
    33 1.719563 0.000008 0.000000 -0.002612 0.004857 -0.863171
    34 1.209183 0.000000 0.000000 -0.001450 0.002713 -0.710098
    35 3.859863 -0.137962 1.332467 0.352107 -0.059612 -0.485959
    36 1.719431 0.000008 0.000001 -0.001713 0.003703 -0.799297
    37 1.099670 0.000002 0.000003 -0.001066 0.002369 -0.671678
    38 0.806047 -0.348927 1.321259 -1.202672 -0.526139 -0.816153
    39 1.789791 0.000004 0.000008 0.000000 0.007386 0.228523
    40 1.207014 0.000001 -0.000006 -0.001774 0.022963 0.577228
    41 3.859665 -0.132576 1.193108 0.300784 0.047842 -0.929137
    42 1.312565 0.000002 -0.000001 0.005897 -0.010374 -0.957922
    43 0.729362 0.000006 0.000000 0.002780 -0.005474 -0.715200
    44 3.942287 0.050316 0.431043 0.173036 0.049865 -1.153815
    45 1.539101 0.000004 0.000001 0.001678 -0.005602 -0.540793
    46 1.196342 0.000000 0.000000 0.007862 -0.005612 -1.383006
    47 3.883656 -0.050339 -0.431043 -0.067712 0.051891 -0.920103
    48 1.719563 -0.000008 0.000000 0.005045 -0.006176 -1.052497
    49 1.209179 -0.000002 0.000000 0.003224 -0.003083 -1.027225
    50 3.859818 -0.148941 -1.331282 -0.149902 0.248249 -0.259729
    51 1.719429 -0.000011 0.000001 -0.000755 -0.006577 -0.247427
    52 1.099663 -0.000006 0.000001 -0.000983 -0.004091 -0.005940
    53 0.806011 -0.359840 -1.318334 0.820038 0.172537 -1.022514
    54 1.789782 0.000002 0.000000 0.000001 -0.006302 0.228555
    55 1.206999 0.000000 0.000008 -0.005680 -0.007761 0.995916
  time 5
    0 -1.424267 10.031561 36.578575 1.577075 -0.036967 -0.660395
    1 0.000005 3.345127 -2.981901 1.406487 0.128047 1.466398
    2 4.018318 0.000000 0.000000 -0.110294 0.000000 -0.029242
    3 3.518536 0.000000 0.000000 -0.281458 0.018265 0.297191
    4 8.942642 0.000000 0.000000 -0.078811 0.145972 0.178684
    5 3.307270 0.000001 0.000000 3.141590 0.000000 0.400478
    6 3.593704 -0.000004 0.000000 -0.485677 -0.057231 0.553699
    7 2.000027 -3.000002 0.000000 -1.570796 0.000000 -1.326450
    8 2.033352 1.000776 -1.937610 -2.099238 1.516515 2.508874
    9 6.028144 -0.000015 -0.000002 1.605728 0.297273 -0.870255
    10 11.692535 0.000000 0.000008 -0.085563 0.049255 -2.127595
    11 11.481688 0.000000 0.000008 -1.236138 0.203737 -0.094831
    12 2.676086 -1.712452 0.000000 -1.570796 0.000000 -1.571107
    13 2.033344 1.000772 1.937660 1.600407 -1.324170 2.939000
    14 6.028152 0.000011 0.000000 -1.413708 0.142200 -0.930822
    15 11.692558 0.000000 -0.000004 0.139360 0.118989 -1.345972
    16 11.481682 0.000000 -0.000027 1.832500 -0.206422 -0.006427
    17 2.676094 -1.712448 0.000000 1.570790 -0.000001 1.570689
    18 -3.890452 0.000004 0.000007 -1.595336 -0.156093 -1.841005
    19 17.848145 0.000000 0.000000 -0.055033 -0.121703 0.561644
    20 16.525240 0.000000 0.000000 0.320917 0.268658 -1.337135
    21 6.879452 0.000000 0.000000 -0.081333 -0.002951 -0.584373
    22 3.890452 -0.000004 -0.000003 -1.698027 -0.256149 -1.250818
    23 17.848135 0.000000 0.000000 -0.087086 0.160624 0.390232
    24 16.525223 0.000000 0.000000 -0.417343 -0.290815 -0.960644
    25 6.879442 0.000000 0.000000 -0.007299 -0.002950 -0.584374
    26 3.859718 -0.142403 -1.191975 -0.402446 0.114935 -0.815264
    27 1.312569 0.000008 0.000001 -0.002277 0.009401 -0.677756
    28 0.729351 0.000001 -0.000002 -0.001726 0.004671 -0.599420
    29 3.942327 0.046772 -0.431443 -0.154187 0.075066 -0.799448
    30 1.539104 0.000002 0.000000 -0.001306 0.004268 -0.547344
    31 1.196320 -0.000004 0.000000 -0.001127 0.007277 -0.585809
    32 3.883698 -0.046761 0.431443 0.086875 0.017516 -0.537862
    33 1.719563 0.000008 0.000000 -0.000899 0.005444 -0.531401
    34 1.209183 0.000000 0.000000 -0.000911 0.002940 -0.517868
    35 3.859863 -0.137962 1.332467 0.346099 -0.088987 -0.405079
    36 1.719431 0.000008 0.000001 -0.000539 0.004051 -0.497143
    37 1.099670 0.000002 0.000003 -0.000491 0.002549 -0.440083
    38 0.806047 -0.348927 1.321259 -1.158572 -0.614003 -0.875644
    39 1.789791 0.000004 0.000008 0.000000 0.007386 0.228523
    40 1.207014 0.000001 -0.000006 -0.005609 0.026679 0.446821
    41 3.859665 -0.132576 1.193108 0.300784 0.047842 -0.929137
    42 1.312565 0.000002 -0.000001 0.005897 -0.010374 -0.957922
    43 0.729362 0.000006 0.000000 0.002780 -0.005474 -0.715200
    44 3.942287 0.050316 0.431043 0.173072 0.049865 -1.153815
    45 1.539101 0.000004 0.000001 0.001678 -0.005602 -0.540793
    46 1.196342 0.000000 0.000000 0.007862 -0.005612 -1.383006
    47 3.883656 -0.050339 -0.431043 -0.069762 0.049111 -0.960591
    48 1.719563 -0.000008 0.000000 0.004123 -0.006835 -0.910549
    49 1.209179 -0.000002 0.000000 0.002732 -0.003526 -0.876689
    50 3.859818 -0.148941 -1.331282 -0.155307 0.244954 -0.281857
    51 1.719429 -0.000011 0.000001 -0.001319 -0.006493 -0.161006
    52 1.099663 -0.000006 0.000001 -0.000480 -0.004187 -0.129848
    53 0.806011 -0.359840 -1.318334 0.820038 0.172537 -1.022514
    54 1.789782 0.000002 0.000000 0.000001 -0.006302 0.228555
    55 1.206999 0.000000 0.000008 -0.005680 -0.007761 0.995916
  time 6
    0 -1.963346 10.121408 36.617639 1.579559 -0.035731 -0.764425
    1 0.000005 3.345127 -2.981901 1.398050 0.127772 1.465296
    2 4.018318 0.000000 0.000000 -0.114525 0.000000 -0.029242
    3 3.518536 0.000000 0.000000 -0.296043 0.004854 0.298983
    4 8.942642 0.000000 0.000000 -0.053757 0.181039 0.175208
    5 3.307270 0.000001 0.000000 3.141590 0.000000 0.400478
    6 3.593704 -0.000004 0.000000 -0.489806 -0.058382 0.555259
    7 2.000027 -3.000002 0.000000 -1.570796 0.000000 -1.326450
    8 2.033352 1.000776 -1.937610 -2.895865 1.542580 1.711739
    9 6.028144 -0.000015 -0.000002 1.590163 0.343250 -0.871221
    10 11.692535 0.000000 0.000008 -0.113300 0.043004 -2.076850
    11 11.481688 0.000000 0.000008 -1.175293 0.170638 -0.080308
    12 2.676086 -1.712452 0.000000 -1.570796 0.000000 -1.571119
    13 2.033344 1.000772 1.937660 1.602198 -1.338432 2.937208
    14 6.028152 0.000011 0.000000 -1.428836 0.241586 -0.970388
    15 11.692558 0.000000 -0.000004 0.105144 0.095056 -1.411795
    16 11.481682 0.000000 -0.000027 1.850976 -0.250556 -0.010911
    17 2.676094 -1.712448 0.000000 1.570790 -0.000001 1.570689
    18 -3.890452 0.000004 0.000007 -1.623223 -0.188705 -1.815921
    19 17.848145 0.000000 0.000000 -0.077996 -0.096120 0.576574
    20 16.525240 0.000000 0.000000 0.291144 0.236760 -1.343978
    21 6.879452 0.000000 0.000000 -0.081333 -0.002951 -0.584373
    22 3.890452 -0.000004 -0.000003 -1.716142 -0.189524 -1.230130
    23 17.848135 0.000000 0.000000 -0.115346 0.163613 0.350327
    24 16.525223 0.000000 0.000000 -0.471035 -0.312642 -0.945769
    25 6.879442 0.000000 0.000000 -0.007299 -0.002950 -0.584374
    26 3.859718 -0.142403 -1.191975 -0.436352 0.137525 -0.806313
    27 1.312569 0.000008 0.000001 -0.000456 0.009652 -0.488068
    28 0.729351 0.000001 -0.000002 -0.000384 0.004970 -0.323297
    29 3.942327 0.046772 -0.431443 -0.153588 0.076288 -0.791548
    30 1.539104 0.000002 0.000000 -0.000192 0.004460 -0.291553
    31 1.196320 -0.000004 0.000000 0.000096 0.007361 -0.417126
    32 3.883698 -0.046761 0.431443 0.087596 0.013477 -0.491670
    33 1.719563 0.000008 0.000000 0.000228 0.005516 -0.325497
    34 1.209183 0.000000 0.000000 -0.000395 0.003060 -0.348735
    35 3.859863 -0.137962 1.332467 0.340630 -0.108713 -0.349620
    36 1.719431 0.000008 0.000001 0.000240 0.004075 -0.303219
    37 1.099670 0.000002 0.000003 -0.000120 0.002597 -0.292847
    38 0.806047 -0.348927 1.321259 -1.124698 -0.669988 -0.919172
    39 1.789791 0.000004 0.000008 0.000000 0.007386 0.228523
    40 1.207014 0.000001 -0.000006 -0.008354 0.028812 0.362122
    41 3.859665 -0.132576 1.193108 0.300784 0.047842 -0.929137
    42 1.312565 0.000002 -0.000001 0.005897 -0.010374 -0.957922
    43 0.729362 0.000006 0.000000 0.002780 -0.005474 -0.715200
    44 3.942287 0.050316 0.431043 0.173168 0.049314 -1.150616
    45 1.539101 0.000004 0.000001 0.001618 -0.005626 -0.529966
    46 1.196342 0.000000 0.000000 0.007502 -0.006079 -1.321530
    47 3.883656 -0.050339 -0.431043 -0.071691 0.046247 -1.001053
    48 1.719563 -0.000008 0.000000 0.002804 -0.007471 -0.727093
    49 1.209179 -0.000002 0.000000 0.001893 -0.004042 -0.656265
    50 3.859818 -0.148941 -1.331282 -0.157800 0.243372 -0.292177
    51 1.719429 -0.000011 0.000001 -0.001582 -0.006433 -0.120654
    52 1.099663 -0.000006 0.000001 -0.000228 -0.004199 -0.187654
    53 0.806011 -0.359840 -1.318334 0.820038 0.172537 -1.022514
    54 1.789782 0.000002 0.000000 0.000001 -0.006302 0.228555
    55 1.206999 0.000000 0.000008 -0.005680 -0.007761 0.995916
  time 7
    0 -2.154758 10.133127 36.633265 1.581177 -0.034917 -0.801147
    1 0.000005 3.345127 -2.981901 1.395198 0.127616 1.465236
    2 4.018318 0.000000 0.000000 -0.115484 0.000000 -0.029242
    3 3.518536 0.000000 0.000000 -0.300693 0.000000 0.299296
    4 8.942642 0.000000 0.000000 -0.030716 0.193647 0.175556
    5 3.307270 0.000001 0.000000 3.141590 0.000000 0.400478
    6 3.593704 -0.000004 0.000000 -0.492988 -0.061567 0.556989
    7 2.000027 -3.000002 0.000000 -1.570796 0.000000 -1.326450
    8 2.033352 1.000776 -1.937610 -3.401390 1.542483 1.206063
    9 6.028144 -0.000015 -0.000002 1.587132 0.344282 -0.862525
    10 11.692535 0.000000 0.000008 -0.135308 0.045598 -2.069828
    11 11.481688 0.000000 0.000008 -1.158388 0.150301 -0.046752
    12 2.676086 -1.712452 0.000000 -1.570796 0.000000 -1.571119
    13 2.033344 1.000772 1.937660 1.602952 -1.343501 2.936453
    14 6.028152 0.000011 0.000000 -1.424017 0.266112 -0.996319
    15 11.692558 0.000000 -0.000004 0.095953 0.076231 -1.425991
    16 11.481682 0.000000 -0.000027 1.863781 -0.258456 -0.014647
    17 2.676094 -1.712448 0.000000 1.570790 -0.000001 1.570689
    18 -3.890452 0.000004 0.000007 -1.633332 -0.198801 -1.806474
    19 17.848145 0.000000 0.000000 -0.085846 -0.086647 0.579735
    20 16.525240 0.000000 0.000000 0.281454 0.225173 -1.345710
    21 6.879452 0.000000 0.000000 -0.081333 -0.002951 -0.584373
    22 3.890452 -0.000004 -0.000003 -1.722038 -0.165151 -1.225235
    23 17.848135 0.000000 0.000000 -0.125630 0.163250 0.334958
    24 16.525223 0.000000 0.000000 -0.490408 -0.320448 -0.940068
    25 6.879442 0.000000 0.000000 -0.007299 -0.002950 -0.584374
    26 3.859718 -0.142403 -1.191975 -0.457257 0.153552 -0.797793
    27 1.312569 0.000008 0.000001 0.000659 0.009640 -0.370864
    28 0.729351 0.000001 -0.000002 0.000431 0.004958 -0.156832
    29 3.942327 0.046772 -0.431443 -0.152833 0.077786 -0.781776
    30 1.539104 0.000002 0.000000 0.000479 0.004436 -0.137505
    31 1.196320 -0.000004 0.000000 0.000503 0.007337 -0.361444
    32 3.883698 -0.046761 0.431443 0.088005 0.010505 -0.458007
    33 1.719563 0.000008 0.000000 0.000611 0.005480 -0.255870
    34 1.209183 0.000000 0.000000 0.000000 0.003084 -0.216398
    35 3.859863 -0.137962 1.332467 0.338072 -0.116695 -0.326887
    36 1.719431 0.000008 0.000001 0.000540 0.004051 -0.230272
    37 1.099670 0.000002 0.000003 0.000000 0.002597 -0.244330
    38 0.806047 -0.348927 1.321259 -1.112311 -0.688515 -0.934740
    39 1.789791 0.000004 0.000008 0.000000 0.007386 0.228523
    40 1.207014 0.000001 -0.000006 -0.009312 0.029483 0.333696
    41 3.859665 -0.132576 1.193108 0.300784 0.047842 -0.929137
    42 1.312565 0.000002 -0.000001 0.005897 -0.010374 -0.957922
    43 0.729362 0.000006 0.000000 0.002780 -0.005474 -0.715200
    44 3.942287 0.050316 0.431043 0.173563 0.047912 -1.142262
    45 1.539101 0.000004 0.000001 0.001450 -0.005674 -0.499477
    46 1.196342 0.000000 0.000000 0.006268 -0.007350 -1.137871
    47 3.883656 -0.050339 -0.431043 -0.072398 0.045132 -1.016518
    48 1.719563 -0.000008 0.000000 0.001726 -0.007794 -0.585112
    49 1.209179 -0.000002 0.000000 0.000959 -0.004365 -0.435801
    50 3.859818 -0.148941 -1.331282 -0.157800 0.243372 -0.292177
    51 1.719429 -0.000011 0.000001 -0.001582 -0.006433 -0.120654
    52 1.099663 -0.000006 0.000001 -0.000240 -0.004199 -0.187654
    53 0.806011 -0.359840 -1.318334 0.820038 0.172537 -1.022514
    54 1.789782 0.000002 0.000000 0.000001 -0.006302 0.228555
    55 1.206999 0.000000 0.000008 -0.004422 -0.008540 0.842234
  time 8
    0 -2.154758 10.113595 36.633265 1.582405 -0.034390 -0.801147
    1 0.000005 3.345127 -2.981901 1.395210 0.127616 1.465236
    2 4.018318 0.000000 0.000000 -0.109371 -0.000360 -0.024005
    3 3.518536 0.000000 0.000000 -0.285737 0.000096 0.298630
    4 8.942642 0.000000 0.000000 -0.005603 0.192341 0.179463
    5 3.307270 0.000001 0.000000 3.141590 0.000000 0.400478
    6 3.593704 -0.000004 0.000000 -0.502007 -0.067859 0.560241
    7 2.000027 -3.000002 0.000000 -1.570796 0.000000 -1.326450
    8 2.033352 1.000776 -1.937610 -3.149058 1.543439 1.458470
    9 6.028144 -0.000015 -0.000002 1.600403 0.288283 -0.843620
    10 11.692535 0.000000 0.000008 -0.166572 0.064725 -2.084998
    11 11.481688 0.000000 0.000008 -1.152318 0.127206 -0.022999
    12 2.676086 -1.712452 0.000000 -1.570796 0.000000 -1.571107
    13 2.033344 1.000772 1.937660 1.602387 -1.339978 2.936925
    14 6.028152 0.000011 0.000000 -1.401932 0.243782 -1.011755
    15 11.692558 0.000000 -0.000004 0.099725 0.061160 -1.411160
    16 11.481682 0.000000 -0.000027 1.876672 -0.242670 -0.020698
    17 2.676094 -1.712448 0.000000 1.570790 -0.000001 1.570689
    18 -3.890452 0.000004 0.000007 -1.633884 -0.201773 -1.809609
    19 17.848145 0.000000 0.000000 -0.088039 -0.091269 0.582429
    20 16.525240 0.000000 0.000000 0.288031 0.224475 -1.339993
    21 6.879452 0.000000 0.000000 -0.081333 -0.002951 -0.584373
    22 3.890452 -0.000004 -0.000003 -1.722342 -0.166641 -1.224452
    23 17.848135 0.000000 0.000000 -0.125529 0.164138 0.336517
    24 16.525223 0.000000 0.000000 -0.490054 -0.320936 -0.941493
    25 6.879442 0.000000 0.000000 -0.007299 -0.002950 -0.584374
    26 3.859718 -0.142403 -1.191975 -0.463272 0.161632 -0.789603
    27 1.312569 0.000008 0.000001 0.001030 0.009617 -0.331625
    28 0.729351 0.000001 -0.000002 0.000887 0.004899 -0.064049
    29 3.942327 0.046772 -0.431443 -0.150879 0.058958 -0.752413
    30 1.539104 0.000002 0.000000 0.000707 0.004412 -0.086609
    31 1.196320 -0.000004 0.000000 0.000515 0.007337 -0.360921
    32 3.883698 -0.046761 0.431443 0.088245 0.008192 -0.431827
    33 1.719563 0.000008 0.000000 0.000635 0.005480 -0.251504
    34 1.209183 0.000000 0.000000 0.000384 0.003060 -0.088669
    35 3.859863 -0.137962 1.332467 0.337687 -0.123658 -0.323322
    36 1.719431 0.000008 0.000001 0.000588 0.004051 -0.217216
    37 1.099670 0.000002 0.000003 0.000000 0.002597 -0.244330
    38 0.806047 -0.348927 1.321259 -1.114649 -0.689866 -0.930941
    39 1.789791 0.000004 0.000008 -0.000216 0.007386 0.198310
    40 1.207014 0.000001 -0.000006 -0.009025 0.028896 0.333723
    41 3.859665 -0.132576 1.193108 0.300229 0.051329 -0.940402
    42 1.312565 0.000002 -0.000001 0.005537 -0.010565 -0.923285
    43 0.729362 0.000006 0.000000 0.002589 -0.005570 -0.680122
    44 3.942287 0.050316 0.431043 0.173947 0.046497 -1.133897
    45 1.539101 0.000004 0.000001 0.001222 -0.005722 -0.460322
    46 1.196342 0.000000 0.000000 0.004075 -0.008764 -0.866412
    47 3.883656 -0.050339 -0.431043 -0.071691 0.046247 -1.001053
    48 1.719563 -0.000008 0.000000 0.001330 -0.007866 -0.535176
    49 1.209179 -0.000002 0.000000 0.000299 -0.004461 -0.285266
    50 3.859818 -0.148941 -1.331282 -0.157800 0.243372 -0.292177
    51 1.719429 -0.000011 0.000001 -0.001582 -0.006433 -0.120654
    52 1.099663 -0.000006 0.000001 -0.000240 -0.004199 -0.187654
    53 0.806011 -0.359840 -1.318334 0.796922 0.171320 -1.033624
    54 1.789782 0.000002 0.000000 0.000001 -0.006302 0.228555
    55 1.206999 0.000000 0.000008 -0.001390 -0.009523 0.509080
  time 9
    0 -2.143039 10.031561 36.633265 1.583549 -0.033907 -0.801147
    1 0.000005 3.345127 -2.981901 1.395246 0.127616 1.465236
    2 4.018318 0.000000 0.000000 -0.091035 -0.001630 -0.008795
    3 3.518536 0.000000 0.000000 -0.240914 0.000431 0.297273
    4 8.942642 0.000000 0.000000 0.026180 0.187523 0.186749
    5 3.307270 0.000001 0.000000 3.141590 0.000000 0.400478
    6 3.593704 -0.000004 0.000000 -0.523280 -0.077693 0.566333
    7 2.000027 -3.000002 0.000000 -1.570796 0.000000 -1.326450
    8 2.033352 1.000776 -1.937610 -2.501667 1.536684 2.106095
    9 6.028144 -0.000015 -0.000002 1.619491 0.179418 -0.827194
    10 11.692535 0.000000 0.000008 -0.212967 0.098792 -2.092550
    11 11.481688 0.000000 0.000008 -1.140030 0.087873 -0.040348
    12 2.676086 -1.712452 0.000000 -1.570796 0.000000 -1.571119
    13 2.033344 1.000772 1.937660 1.601067 -1.329731 2.938340
    14 6.028152 0.000011 0.000000 -1.373017 0.217426 -1.027756
    15 11.692558 0.000000 -0.000004 0.098769 0.053060 -1.383051
    16 11.481682 0.000000 -0.000027 1.895105 -0.222027 -0.038391
    17 2.676094 -1.712448 0.000000 1.570790 -0.000001 1.570689
    18 -3.890452 0.000004 0.000007 -1.635705 -0.215298 -1.820130
    19 17.848145 0.000000 0.000000 -0.095457 -0.104675 0.604326
    20 16.525240 0.000000 0.000000 0.306007 0.221509 -1.324933
    21 6.879452 0.000000 0.000000 -0.081249 -0.004748 -0.606436
    22 3.890452 -0.000004 -0.000003 -1.722889 -0.168742 -1.223995
    23 17.848135 0.000000 0.000000 -0.124749 0.166905 0.342346
    24 16.525223 0.000000 0.000000 -0.487801 -0.322195 -0.947264
    25 6.879442 0.000000 0.000000 -0.007299 -0.002950 -0.584374
    26 3.859718 -0.142403 -1.191975 -0.461806 0.165226 -0.781488
    27 1.312569 0.000008 0.000001 0.001042 0.009605 -0.330639
    28 0.729351 0.000001 -0.000002 0.001067 0.004863 -0.025539
    29 3.942327 0.046772 -0.431443 -0.149357 0.016305 -0.704345
    30 1.539104 0.000002 0.000000 0.000719 0.004412 -0.085104
    31 1.196320 -0.000004 0.000000 0.000515 0.007337 -0.360593
    32 3.883698 -0.046761 0.431443 0.088414 0.006142 -0.408731
    33 1.719563 0.000008 0.000000 0.000647 0.005480 -0.248481
    34 1.209183 0.000000 0.000000 0.000575 0.003024 -0.026957
    35 3.859863 -0.137962 1.332467 0.337918 -0.139298 -0.324637
    36 1.719431 0.000008 0.000001 0.000624 0.004039 -0.208045
    37 1.099670 0.000002 0.000003 0.000000 0.002597 -0.244330
    38 0.806047 -0.348927 1.321259 -1.121983 -0.693704 -0.919113
    39 1.789791 0.000004 0.000008 -0.000444 0.007374 0.168085
    40 1.207014 0.000001 -0.000006 -0.008126 0.027098 0.334012
    41 3.859665 -0.132576 1.193108 0.298575 0.060426 -0.969920
    42 1.312565 0.000002 -0.000001 0.004470 -0.011057 -0.825199
    43 0.729362 0.000006 0.000000 0.002001 -0.005798 -0.577253
    44 3.942287 0.050316 0.431043 0.174090 0.045958 -1.130709
    45 1.539101 0.000004 0.000001 0.001055 -0.005758 -0.429833
    46 1.196342 0.000000 0.000000 0.001570 -0.009531 -0.594953
    47 3.883656 -0.050339 -0.431043 -0.069762 0.049111 -0.960591
    48 1.719563 -0.000008 0.000000 0.001941 -0.007734 -0.612973
    49 1.209179 -0.000002 0.000000 0.000072 -0.004461 -0.234395
    50 3.859818 -0.148941 -1.331282 -0.157800 0.243372 -0.292177
    51 1.719429 -0.000011 0.000001 -0.001582 -0.006433 -0.120654
    52 1.099663 -0.000006 0.000001 -0.000228 -0.004199 -0.187654
    53 0.806011 -0.359840 -1.318334 0.736495 0.166935 -1.062555
    54 1.789782 0.000002 0.000000 0.000001 -0.006302 0.228555
    55 1.206999 0.000000 0.000008 0.000072 -0.009619 0.355424
  time 10
    0 -2.107882 9.832336 36.633265 1.584693 -0.033425 -0.801147
    1 0.000005 3.345127 -2.981901 1.395294 0.127628 1.465248
    2 4.018318 0.000000 0.000000 -0.063243 -0.003967 0.013023
    3 3.518536 0.000000 0.000000 -0.173285 0.000779 0.294258
    4 8.942642 0.000000 0.000000 0.060095 0.179074 0.195822
    5 3.307270 0.000001 0.000000 3.141590 0.000000 0.400478
    6 3.593704 -0.000004 0.000000 -0.552494 -0.089229 0.574360
    7 2.000027 -3.000002 0.000000 -1.570796 0.000000 -1.326450
    8 2.033352 1.000776 -1.937610 -2.072052 1.513843 2.536154
    9 6.028144 -0.000015 -0.000002 1.636243 0.055338 -0.824757
    10 11.692535 0.000000 0.000008 -0.262301 0.138422 -2.081752
    11 11.481688 0.000000 0.000008 -1.130870 0.043071 -0.084310
    12 2.676086 -1.712452 0.000000 -1.570796 0.000000 -1.571119
    13 2.033344 1.000772 1.937660 1.599370 -1.315002 2.940132
    14 6.028152 0.000011 0.000000 -1.345359 0.195599 -1.041030
    15 11.692558 0.000000 -0.000004 0.093084 0.052100 -1.337285
    16 11.481682 0.000000 -0.000027 1.910231 -0.197364 -0.065412
    17 2.676094 -1.712448 0.000000 1.570790 -0.000001 1.570689
    18 -3.890452 0.000004 0.000007 -1.638792 -0.242157 -1.836714
    19 17.848145 0.000000 0.000000 -0.108269 -0.123587 0.650754
    20 16.525240 0.000000 0.000000 0.330889 0.214865 -1.297479
    21 6.879452 0.000000 0.000000 -0.080806 -0.009770 -0.668279
    22 3.890452 -0.000004 -0.000003 -1.723679 -0.172180 -1.224191
    23 17.848135 0.000000 0.000000 -0.122920 0.173185 0.355746
    24 16.525223 0.000000 0.000000 -0.482540 -0.325594 -0.960759
    25 6.879442 0.000000 0.000000 -0.007299 -0.002950 -0.584374
    26 3.859718 -0.142403 -1.191975 -0.460476 0.167659 -0.774262
    27 1.312569 0.000008 0.000001 0.001054 0.009605 -0.330087
    28 0.729351 0.000001 -0.000002 0.001090 0.004863 -0.020841
    29 3.942327 0.046772 -0.431443 -0.149405 -0.003817 -0.683153
    30 1.539104 0.000002 0.000000 0.000719 0.004412 -0.084278
    31 1.196320 -0.000004 0.000000 0.000515 0.007337 -0.360397
    32 3.883698 -0.046761 0.431443 0.088498 0.004644 -0.391745
    33 1.719563 0.000008 0.000000 0.000659 0.005480 -0.246897
    34 1.209183 0.000000 0.000000 0.000432 0.003048 -0.072665
    35 3.859863 -0.137962 1.332467 0.338642 -0.158401 -0.329166
    36 1.719431 0.000008 0.000001 0.000648 0.004039 -0.203279
    37 1.099670 0.000002 0.000003 0.000000 0.002597 -0.244330
    38 0.806047 -0.348927 1.321259 -1.133657 -0.698734 -0.900512
    39 1.789791 0.000004 0.000008 -0.000384 0.007386 0.176450
    40 1.207014 0.000001 -0.000006 -0.006748 0.024342 0.334882
    41 3.859665 -0.132576 1.193108 0.296658 0.069474 -0.999474
    42 1.312565 0.000002 -0.000001 0.003044 -0.011536 -0.698901
    43 0.729362 0.000006 0.000000 0.001115 -0.006038 -0.428099
    44 3.942287 0.050316 0.431043 0.173947 0.046497 -1.133909
    45 1.539101 0.000004 0.000001 0.000995 -0.005770 -0.419034
    46 1.196342 0.000000 0.000000 -0.000180 -0.009663 -0.411327
    47 3.883656 -0.050339 -0.431043 -0.067712 0.051891 -0.920103
    48 1.719563 -0.000008 0.000000 0.003475 -0.007183 -0.818804
    49 1.209179 -0.000002 0.000000 0.000587 -0.004425 -0.348892
    50 3.859818 -0.148941 -1.331282 -0.157800 0.243372 -0.292177
    51 1.719429 -0.000011 0.000001 -0.001582 -0.006433 -0.120654
    52 1.099663 -0.000006 0.000001 -0.000228 -0.004199 -0.187654
    53 0.806011 -0.359840 -1.318334 0.676287 0.160827 -1.091126
    54 1.789782 0.000002 0.000000 0.000001 -0.006302 0.228555
    55 1.206999 0.000000 0.000008 0.000072 -0.009619 0.355424
  time 11
    0 -2.029754 9.472950 36.633265 1.585893 -0.032928 -0.801147
    1 0.000005 3.345127 -2.981901 1.395354 0.127628 1.465260
    2 4.018318 0.000000 0.000000 -0.032670 -0.006999 0.034768
    3 3.518536 0.000000 0.000000 -0.099664 0.000911 0.288678
    4 8.942642 0.000000 0.000000 0.089024 0.168060 0.204079
    5 3.307270 0.000001 0.000000 3.141590 0.000000 0.400478
    6 3.593704 -0.000004 0.000000 -0.581077 -0.099524 0.582219
    7 2.000027 -3.000002 0.000000 -1.570796 0.000000 -1.326450
    8 2.033352 1.000776 -1.937610 -1.902426 1.486692 2.706244
    9 6.028144 -0.000015 -0.000002 1.639070 -0.031459 -0.832571
    10 11.692535 0.000000 0.000008 -0.289334 0.166206 -2.052140
    11 11.481688 0.000000 0.000008 -1.143009 0.004673 -0.115170
    12 2.676086 -1.712452 0.000000 -1.570796 0.000000 -1.571107
    13 2.033344 1.000772 1.937660 1.597862 -1.300273 2.941641
    14 6.028152 0.000011 0.000000 -1.328388 0.187408 -1.046999
    15 11.692558 0.000000 -0.000004 0.081980 0.056672 -1.276123
    16 11.481682 0.000000 -0.000027 1.913496 -0.173943 -0.093953
    17 2.676094 -1.712448 0.000000 1.570790 -0.000001 1.570689
    18 -3.890452 0.000004 0.000007 -1.644383 -0.269968 -1.855238
    19 17.848145 0.000000 0.000000 -0.123082 -0.138845 0.698412
    20 16.525240 0.000000 0.000000 0.359843 0.202274 -1.251666
    21 6.879452 0.000000 0.000000 -0.079607 -0.016961 -0.757665
    22 3.890452 -0.000004 -0.000003 -1.725078 -0.176917 -1.225692
    23 17.848135 0.000000 0.000000 -0.119938 0.183464 0.378019
    24 16.525223 0.000000 0.000000 -0.472693 -0.331086 -0.984047
    25 6.879442 0.000000 0.000000 -0.007299 -0.002950 -0.584374
    26 3.859718 -0.142403 -1.191975 -0.459631 0.168775 -0.769697
    27 1.312569 0.000008 0.000001 0.001054 0.009605 -0.329890
    28 0.729351 0.000001 -0.000002 0.000839 0.004910 -0.073939
    29 3.942327 0.046772 -0.431443 -0.147404 0.043307 -0.690266
    30 1.539104 0.000002 0.000000 0.000719 0.004412 -0.083938
    31 1.196320 -0.000004 0.000000 0.000515 0.007337 -0.360332
    32 3.883698 -0.046761 0.431443 0.088546 0.003817 -0.382468
    33 1.719563 0.000008 0.000000 0.000659 0.005480 -0.246369
    34 1.209183 0.000000 0.000000 0.000132 0.003084 -0.170690
    35 3.859863 -0.137962 1.332467 0.339397 -0.172975 -0.333637
    36 1.719431 0.000008 0.000001 0.000648 0.004039 -0.201673
    37 1.099670 0.000002 0.000003 0.000000 0.002597 -0.244330
    38 0.806047 -0.348927 1.321259 -1.147056 -0.702845 -0.879384
    39 1.789791 0.000004 0.000008 -0.000216 0.007386 0.198310
    40 1.207014 0.000001 -0.000006 -0.005250 0.021345 0.336542
    41 3.859665 -0.132576 1.193108 0.295852 0.072914 -1.010776
    42 1.312565 0.000002 -0.000001 0.001906 -0.011788 -0.600838
    43 0.729362 0.000006 0.000000 0.000204 -0.006134 -0.278945
    44 3.942287 0.050316 0.431043 0.173563 0.047912 -1.142262
    45 1.539101 0.000004 0.000001 0.001091 -0.005758 -0.435863
    46 1.196342 0.000000 0.000000 -0.000779 -0.009639 -0.349817
    47 3.883656 -0.050339 -0.431043 -0.066921 0.053066 -0.904651
    48 1.719563 -0.000008 0.000000 0.004878 -0.006320 -1.024636
    49 1.209179 -0.000002 0.000000 0.001893 -0.004042 -0.656265
    50 3.859818 -0.148941 -1.331282 -0.157800 0.243372 -0.292177
    51 1.719429 -0.000011 0.000001 -0.001582 -0.006433 -0.120654
    52 1.099663 -0.000006 0.000001 -0.000240 -0.004199 -0.187654
    53 0.806011 -0.359840 -1.318334 0.653357 0.158054 -1.101924
    54 1.789782 0.000002 0.000000 0.000001 -0.006302 0.228555
    55 1.206999 0.000000 0.000008 0.000072 -0.009619 0.355424
  time 12
    0 -1.912563 8.949497 36.633265 1.587205 -0.032370 -0.801241
    1 0.000005 3.345127 -2.981901 1.395390 0.127628 1.465284
    2 4.018318 0.000000 0.000000 -0.006675 -0.009696 0.049816
    3 3.518536 0.000000 0.000000 -0.038459 0.000695 0.280247
    4 8.942642 0.000000 0.000000 0.107304 0.156411 0.209268
    5 3.307270 0.000001 0.000000 3.141590 0.000000 0.400478
    6 3.593704 -0.000004 0.000000 -0.600720 -0.106174 0.587671
    7 2.000027 -3.000002 0.000000 -1.570796 0.000000 -1.326450
    8 2.033352 1.000776 -1.937610 -1.838003 1.467010 2.770949
    9 6.028144 -0.000015 -0.000002 1.615763 -0.046232 -0.847863
    10 11.692535 0.000000 0.000008 -0.284221 0.170394 -2.013717
    11 11.481688 0.000000 0.000008 -1.187842 -0.030344 -0.096742
    12 2.676086 -1.712452 0.000000 -1.570796 0.000000 -1.571119
    13 2.033344 1.000772 1.937660 1.596919 -1.290026 2.942678
    14 6.028152 0.000011 0.000000 -1.327717 0.201685 -1.045352
    15 11.692558 0.000000 -0.000004 0.064978 0.065026 -1.213690
    16 11.481682 0.000000 -0.000027 1.904258 -0.160363 -0.113405
    17 2.676094 -1.712448 0.000000 1.570790 -0.000001 1.570689
    18 -3.890452 0.000004 0.000007 -1.652574 -0.292675 -1.872318
    19 17.848145 0.000000 0.000000 -0.137140 -0.144680 0.738283
    20 16.525240 0.000000 0.000000 0.386643 0.180975 -1.196730
    21 6.879452 0.000000 0.000000 -0.077618 -0.024523 -0.853726
    22 3.890452 -0.000004 -0.000003 -1.726840 -0.181998 -1.229347
    23 17.848135 0.000000 0.000000 -0.115888 0.196590 0.406937
    24 16.525223 0.000000 0.000000 -0.458598 -0.338562 -1.015911
    25 6.879442 0.000000 0.000000 -0.007299 -0.002950 -0.584374
    26 3.859718 -0.142403 -1.191975 -0.459382 0.169021 -0.768328
    27 1.312569 0.000008 0.000001 0.001054 0.009605 -0.329850
    28 0.729351 0.000001 -0.000002 0.000431 0.004958 -0.155410
    29 3.942327 0.046772 -0.431443 -0.145750 0.090430 -0.697502
    30 1.539104 0.000002 0.000000 0.000719 0.004412 -0.083938
    31 1.196320 -0.000004 0.000000 0.000515 0.007337 -0.360332
    32 3.883698 -0.046761 0.431443 0.088546 0.003589 -0.379833
    33 1.719563 0.000008 0.000000 0.000659 0.005480 -0.246321
    34 1.209183 0.000000 0.000000 0.000000 0.003084 -0.216398
    35 3.859863 -0.137962 1.332467 0.339706 -0.178092 -0.335361
    36 1.719431 0.000008 0.000001 0.000648 0.004039 -0.201465
    37 1.099670 0.000002 0.000003 0.000000 0.002597 -0.244330
    38 0.806047 -0.348927 1.321259 -1.159582 -0.704714 -0.859933
    39 1.789791 0.000004 0.000008 -0.000060 0.007386 0.220170
    40 1.207014 0.000001 -0.000006 -0.003919 0.018733 0.338886
    41 3.859665 -0.132576 1.193108 0.296658 0.069474 -0.999474
    42 1.312565 0.000002 -0.000001 0.001498 -0.011836 -0.566177
    43 0.729362 0.000006 0.000000 -0.000407 -0.006122 -0.176076
    44 3.942287 0.050316 0.431043 0.173168 0.049314 -1.150616
    45 1.539101 0.000004 0.000001 0.001342 -0.005698 -0.479899
    46 1.196342 0.000000 0.000000 0.000551 -0.009651 -0.488691
    47 3.883656 -0.050339 -0.431043 -0.066921 0.053042 -0.904637
    48 1.719563 -0.000008 0.000000 0.005345 -0.005913 -1.102433
    49 1.209179 -0.000002 0.000000 0.003020 -0.003275 -0.963599
    50 3.859818 -0.148941 -1.331282 -0.157800 0.243372 -0.292177
    51 1.719429 -0.000011 0.000001 -0.001582 -0.006433 -0.120654
    52 1.099663 -0.000006 0.000001 -0.000240 -0.004199 -0.187654
    53 0.806011 -0.359840 -1.318334 0.653357 0.158054 -1.101924
    54 1.789782 0.000002 0.000000 0.000001 -0.006302 0.228555
    55 1.206999 0.000000 0.000008 0.000072 -0.009619 0.355424
  time 13
    0 -1.756309 8.301040 36.633265 1.588628 -0.031767 -0.801241
    1 0.000005 3.345127 -2.981901 1.395497 0.127628 1.465320
    2 4.018318 0.000000 0.000000 0.010558 -0.011050 0.054905
    3 3.518536 0.000000 0.000000 0.000000 0.000000 0.269317
    4 8.942642 0.000000 0.000000 0.113131 0.145637 0.210587
    5 3.307270 0.000001 0.000000 3.141590 0.000000 0.400478
    6 3.593704 -0.000004 0.000000 -0.607399 -0.108361 0.589532
    7 2.000027 -3.000002 0.000000 -1.570796 0.000000 -1.326450
    8 2.033352 1.000776 -1.937610 -1.821156 1.460190 2.787795
    9 6.028144 -0.000015 -0.000002 1.562720 0.018461 -0.870339
    10 11.692535 0.000000 0.000008 -0.244084 0.145735 -1.966417
    11 11.481688 0.000000 0.000008 -1.263842 -0.055870 -0.020826
    12 2.676086 -1.712452 0.000000 -1.570796 0.000000 -1.571107
    13 2.033344 1.000772 1.937660 1.596637 -1.286514 2.942961
    14 6.028152 0.000011 0.000000 -1.344144 0.246299 -1.040567
    15 11.692558 0.000000 -0.000004 0.042663 0.077106 -1.167713
    16 11.481682 0.000000 -0.000027 1.887328 -0.162959 -0.117672
    17 2.676094 -1.712448 0.000000 1.570790 -0.000001 1.570689
    18 -3.890452 0.000004 0.000007 -1.666680 -0.309819 -1.884901
    19 17.848145 0.000000 0.000000 -0.151881 -0.140468 0.770192
    20 16.525240 0.000000 0.000000 0.407779 0.152494 -1.141986
    21 6.879452 0.000000 0.000000 -0.075533 -0.030347 -0.929639
    22 3.890452 -0.000004 -0.000003 -1.728968 -0.186162 -1.235677
    23 17.848135 0.000000 0.000000 -0.111348 0.210605 0.438230
    24 16.525223 0.000000 0.000000 -0.441172 -0.346997 -1.053109
    25 6.879442 0.000000 0.000000 -0.007299 -0.002950 -0.584374
    26 3.859718 -0.142403 -1.191975 -0.464329 0.165159 -0.795333
    27 1.312569 0.000008 0.000001 0.000803 0.009628 -0.356391
    28 0.729351 0.000001 -0.000002 0.000204 0.004970 -0.202018
    29 3.942327 0.046772 -0.431443 -0.148183 0.086367 -0.725019
    30 1.539104 0.000002 0.000000 0.000551 0.004436 -0.123470
    31 1.196320 -0.000004 0.000000 0.000395 0.007349 -0.377344
    32 3.883698 -0.046761 0.431443 0.088257 0.008036 -0.430061
    33 1.719563 0.000008 0.000000 0.000504 0.005492 -0.275352
    34 1.209183 0.000000 0.000000 0.000000 0.003084 -0.216398
    35 3.859863 -0.137962 1.332467 0.345745 -0.145734 -0.383252
    36 1.719431 0.000008 0.000001 0.000492 0.004063 -0.240478
    37 1.099670 0.000002 0.000003 0.000000 0.002597 -0.244330
    38 0.806047 -0.348927 1.321259 -1.177262 -0.699094 -0.833387
    39 1.789791 0.000004 0.000008 0.000000 0.007386 0.228523
    40 1.207014 0.000001 -0.000006 -0.002349 0.015725 0.346052
    41 3.859665 -0.132576 1.193108 0.298575 0.060426 -0.969920
    42 1.312565 0.000002 -0.000001 0.002601 -0.011644 -0.660578
    43 0.729362 0.000006 0.000000 -0.000623 -0.006110 -0.140998
    44 3.942287 0.050316 0.431043 0.173084 0.049865 -1.153803
    45 1.539101 0.000004 0.000001 0.001594 -0.005638 -0.523963
    46 1.196342 0.000000 0.000000 0.004075 -0.008764 -0.866412
    47 3.883656 -0.050339 -0.431043 -0.066921 0.053030 -0.904637
    48 1.719563 -0.000008 0.000000 0.005345 -0.005913 -1.102433
    49 1.209179 -0.000002 0.000000 0.003379 -0.002915 -1.078095
    50 3.859818 -0.148941 -1.331282 -0.157800 0.243372 -0.292177
    51 1.719429 -0.000011 0.000001 -0.001582 -0.006433 -0.120654
    52 1.099663 -0.000006 0.000001 -0.000504 -0.004175 -0.124187
    53 0.806011 -0.359840 -1.318334 0.653357 0.158054 -1.101924
    54 1.789782 0.000002 0.000000 0.000001 -0.006302 0.228555
    55 1.206999 0.000000 0.000008 0.000072 -0.009619 0.355424
  time 14
    0 -1.310982 7.441638 36.773894 1.588154 -0.030954 -0.726854
    1 0.000005 3.345127 -2.981901 1.434819 0.124764 1.471156
    2 4.018318 0.000000 0.000000 0.021285 -0.009875 0.052722
    3 3.518536 0.000000 0.000000 0.020602 -0.000779 0.253690
    4 8.942642 0.000000 0.000000 0.111254 0.139165 0.198866
    5 3.307270 0.000001 0.000000 3.141590 0.000000 0.400478
    6 3.593704 -0.000004 0.000000 -0.487965 -0.101059 0.536515
    7 2.000027 -3.000002 0.000000 -1.570796 0.000000 -1.326450
    8 2.033352 1.000776 -1.937610 -1.826325 1.462377 2.782626
    9 6.028144 -0.000015 -0.000002 1.529706 0.056223 -0.895084
    10 11.692535 0.000000 0.000008 -0.155201 0.099167 -1.953300
    11 11.481688 0.000000 0.000008 -1.359391 -0.032853 0.088155
    12 2.676086 -1.712452 0.000000 -1.570796 0.000000 -1.571119
    13 2.033344 1.000772 1.937660 1.596731 -1.288600 2.942773
    14 6.028152 0.000011 0.000000 -1.352148 0.266936 -1.066293
    15 11.692558 0.000000 -0.000004 0.052067 0.092826 -1.098923
    16 11.481682 0.000000 -0.000027 1.889992 -0.197839 -0.082069
    17 2.676094 -1.712448 0.000000 1.570790 -0.000001 1.570689
    18 -3.890452 0.000004 0.000007 -1.665250 -0.296141 -1.909613
    19 17.848145 0.000000 0.000000 -0.151617 -0.145761 0.790508
    20 16.525240 0.000000 0.000000 0.440595 0.134902 -1.054868
    21 6.879452 0.000000 0.000000 -0.074586 -0.032601 -0.959569
    22 3.890452 -0.000004 -0.000003 -1.715351 -0.213706 -1.266481
    23 17.848135 0.000000 0.000000 -0.094354 0.202305 0.459056
    24 16.525223 0.000000 0.000000 -0.392612 -0.333699 -1.083915
    25 6.879442 0.000000 0.000000 -0.007299 -0.002950 -0.584374
    26 3.859718 -0.142403 -1.191975 -0.474558 0.156454 -0.852995
    27 1.312569 0.000008 0.000001 0.000251 0.009664 -0.413218
    28 0.729351 0.000001 -0.000002 0.000036 0.004970 -0.234656
    29 3.942327 0.046772 -0.431443 -0.152965 0.077535 -0.783425
    30 1.539104 0.000002 0.000000 0.000168 0.004460 -0.208264
    31 1.196320 -0.000004 0.000000 0.000120 0.007361 -0.413789
    32 3.883698 -0.046761 0.431443 0.086887 0.017492 -0.537638
    33 1.719563 0.000008 0.000000 0.000156 0.005516 -0.337493
    34 1.209183 0.000000 0.000000 0.000000 0.003084 -0.216398
    35 3.859863 -0.137962 1.332467 0.353355 -0.075636 -0.484732
    36 1.719431 0.000008 0.000001 0.000156 0.004075 -0.324047
    37 1.099670 0.000002 0.000003 0.000000 0.002597 -0.244330
    38 0.806047 -0.348927 1.321259 -1.198490 -0.685842 -0.801795
    39 1.789791 0.000004 0.000008 0.000000 0.007386 0.228523
    40 1.207014 0.000001 -0.000006 -0.000648 0.012501 0.357723
    41 3.859665 -0.132576 1.193108 0.300229 0.051329 -0.940402
    42 1.312565 0.000002 -0.000001 0.004902 -0.010877 -0.863544
    43 0.729362 0.000006 0.000000 -0.000144 -0.006134 -0.219721
    44 3.942287 0.050316 0.431043 0.173072 0.049865 -1.153815
    45 1.539101 0.000004 0.000001 0.001678 -0.005602 -0.540793
    46 1.196342 0.000000 0.000000 0.007011 -0.006643 -1.244133
    47 3.883656 -0.050339 -0.431043 -0.066921 0.053030 -0.904637
    48 1.719563 -0.000008 0.000000 0.005345 -0.005913 -1.102433
    49 1.209179 -0.000002 0.000000 0.003379 -0.002915 -1.078095
    50 3.859818 -0.148941 -1.331282 -0.145684 0.250718 -0.242601
    51 1.719429 -0.000011 0.000001 -0.002050 -0.006301 -0.047596
    52 1.099663 -0.000006 0.000001 -0.000767 -0.004139 -0.060721
    53 0.806011 -0.359840 -1.318334 0.653357 0.158054 -1.101924
    54 1.789782 0.000002 0.000000 0.000001 -0.006302 0.228555
    55 1.206999 0.000000 0.000008 0.000072 -0.009619 0.355424
  time 15
    0 -0.451581 6.293166 37.176250 1.584051 -0.026403 -0.515490
    1 0.000005 3.345127 -2.981901 1.540127 0.115356 1.491734
    2 4.018318 0.000000 0.000000 0.027768 -0.005872 0.046747
    3 3.518536 0.000000 0.000000 0.030381 -0.001055 0.231953
    4 8.942642 0.000000 0.000000 0.106012 0.135773 0.169000
    5 3.307270 0.000001 0.000000 3.141590 0.000000 0.400478
    6 3.593704 -0.000004 0.000000 -0.142600 -0.046923 0.399387
    7 2.000027 -3.000002 0.000000 -1.570796 0.000000 -1.326450
    8 2.033352 1.000776 -1.937610 -1.845183 1.469667 2.763674
    9 6.028144 -0.000015 -0.000002 1.569929 0.020266 -0.864416
    10 11.692535 0.000000 0.000008 0.008609 0.048567 -1.980726
    11 11.481688 0.000000 0.000008 -1.438444 0.068441 0.181469
    12 2.676086 -1.712452 0.000000 -1.570796 0.000000 -1.571119
    13 2.033344 1.000772 1.937660 1.597485 -1.296569 2.942018
    14 6.028152 0.000011 0.000000 -1.344102 0.229643 -1.132099
    15 11.692558 0.000000 -0.000004 0.129690 0.086702 -0.963110
    16 11.481682 0.000000 -0.000027 1.926473 -0.256613 -0.047960
    17 2.676094 -1.712448 0.000000 1.570790 -0.000001 1.570689
    18 -3.890452 0.000004 0.000007 -1.634275 -0.257396 -1.944267
    19 17.848145 0.000000 0.000000 -0.133017 -0.179522 0.848997
    20 16.525240 0.000000 0.000000 0.481276 0.144207 -0.908994
    21 6.879452 0.000000 0.000000 -0.075796 -0.029688 -0.920939
    22 3.890452 -0.000004 -0.000003 -1.661128 -0.262223 -1.347274
    23 17.848135 0.000000 0.000000 -0.054556 0.147639 0.442759
    24 16.525223 0.000000 0.000000 -0.300980 -0.278445 -1.089156
    25 6.879442 0.000000 0.000000 -0.007299 -0.002950 -0.584374
    26 3.859718 -0.142403 -1.191975 -0.479144 0.152190 -0.879873
    27 1.312569 0.000008 0.000001 0.000000 0.009664 -0.439719
    28 0.729351 0.000001 -0.000002 0.000000 0.004970 -0.244299
    29 3.942327 0.046772 -0.431443 -0.155014 0.073328 -0.810647
    30 1.539104 0.000002 0.000000 0.000000 0.004460 -0.247796
    31 1.196320 -0.000004 0.000000 0.000000 0.007361 -0.430802
    32 3.883698 -0.046761 0.431443 0.085902 0.021830 -0.587866
    33 1.719563 0.000008 0.000000 0.000000 0.005516 -0.366476
    34 1.209183 0.000000 0.000000 0.000000 0.003084 -0.216398
    35 3.859863 -0.137962 1.332467 0.354449 -0.042750 -0.531717
    36 1.719431 0.000008 0.000001 0.000000 0.004075 -0.363008
    37 1.099670 0.000002 0.000003 0.000000 0.002597 -0.244330
    38 0.806047 -0.348927 1.321259 -1.206854 -0.679488 -0.789307
    39 1.789791 0.000004 0.000008 0.000000 0.007386 0.228523
    40 1.207014 0.000001 -0.000006 0.000000 0.011266 0.362860
    41 3.859665 -0.132576 1.193108 0.300784 0.047842 -0.929137
    42 1.312565 0.000002 -0.000001 0.005897 -0.010374 -0.957922
    43 0.729362 0.000006 0.000000 0.001115 -0.006038 -0.428099
    44 3.942287 0.050316 0.431043 0.173060 0.049865 -1.153815
    45 1.539101 0.000004 0.000001 0.001678 -0.005602 -0.540793
    46 1.196342 0.000000 0.000000 0.007862 -0.005612 -1.383006
    47 3.883656 -0.050339 -0.431043 -0.066921 0.053030 -0.904637
    48 1.719563 -0.000008 0.000000 0.005345 -0.005913 -1.102433
    49 1.209179 -0.000002 0.000000 0.003379 -0.002915 -1.078095
    50 3.859818 -0.148941 -1.331282 -0.133172 0.257478 -0.192855
    51 1.719429 -0.000011 0.000001 -0.002505 -0.006133 0.025462
    52 1.099663 -0.000006 0.000001 -0.000504 -0.004175 -0.124187
    53 0.806011 -0.359840 -1.318334 0.653357 0.158054 -1.101924
    54 1.789782 0.000002 0.000000 0.000001 -0.006302 0.228555
    55 1.206999 0.000000 0.000008 0.000072 -0.009619 0.355424
  time 16
    0 0.357037 5.039221 37.680172 1.580452 -0.012855 -0.262024
    1 0.000005 3.345127 -2.981901 1.651440 0.100543 1.526861
    2 4.018318 0.000000 0.000000 0.030105 -0.001666 0.039666
    3 3.518536 0.000000 0.000000 0.034456 -0.000803 0.209646
    4 8.942642 0.000000 0.000000 0.099433 0.125143 0.138727
    5 3.307270 0.000001 0.000000 3.141590 0.000000 0.400478
    6 3.593704 -0.000004 0.000000 0.257932 0.063202 0.289913
    7 2.000027 -3.000002 0.000000 -1.570796 0.000000 -1.326450
    8 2.033352 1.000776 -1.937610 -1.881271 1.481152 2.727397
    9 6.028144 -0.000015 -0.000002 1.650579 -0.020959 -0.770562
    10 11.692535 0.000000 0.000008 0.146298 0.026064 -1.978805
    11 11.481688 0.000000 0.000008 -1.431258 0.149538 0.200174
    12 2.676086 -1.712452 0.000000 -1.570796 0.000000 -1.571107
    13 2.033344 1.000772 1.937660 1.598993 -1.311239 2.940509
    14 6.028152 0.000011 0.000000 -1.335386 0.167000 -1.166623
    15 11.692558 0.000000 -0.000004 0.208907 0.073691 -0.820517
    16 11.481682 0.000000 -0.000027 1.962610 -0.295122 -0.101955
    17 2.676094 -1.712448 0.000000 1.570790 -0.000001 1.570689
    18 -3.890452 0.000004 0.000007 -1.602877 -0.172704 -1.956768
    19 17.848145 0.000000 0.000000 -0.112547 -0.230983 0.839629
    20 16.525240 0.000000 0.000000 0.546931 0.155343 -0.777850
    21 6.879452 0.000000 0.000000 -0.080135 -0.014252 -0.723878
    22 3.890452 -0.000004 -0.000003 -1.600704 -0.270704 -1.438184
    23 17.848135 0.000000 0.000000 -0.015757 0.073103 0.376943
    24 16.525223 0.000000 0.000000 -0.197810 -0.180103 -1.069201
    25 6.879442 0.000000 0.000000 -0.007299 -0.002950 -0.584374
    26 3.859718 -0.142403 -1.191975 -0.479144 0.152190 -0.879873
    27 1.312569 0.000008 0.000001 0.000000 0.009664 -0.439719
    28 0.729351 0.000001 -0.000002 0.000000 0.004970 -0.244299
    29 3.942327 0.046772 -0.431443 -0.155014 0.073328 -0.810647
    30 1.539104 0.000002 0.000000 0.000000 0.004460 -0.247796
    31 1.196320 -0.000004 0.000000 0.000000 0.007361 -0.430802
    32 3.883698 -0.046761 0.431443 0.085902 0.021830 -0.587866
    33 1.719563 0.000008 0.000000 0.000000 0.005516 -0.366476
    34 1.209183 0.000000 0.000000 0.000000 0.003084 -0.216398
    35 3.859863 -0.137962 1.332467 0.354449 -0.042750 -0.531717
    36 1.719431 0.000008 0.000001 0.000000 0.004075 -0.363008
    37 1.099670 0.000002 0.000003 0.000000 0.002597 -0.244330
    38 0.806047 -0.348927 1.321259 -1.206854 -0.679488 -0.789307
    39 1.789791 0.000004 0.000008 0.000000 0.007386 0.228523
    40 1.207014 0.000001 -0.000006 0.000000 0.011266 0.362860
    41 3.859665 -0.132576 1.193108 0.300784 0.047842 -0.929137
    42 1.312565 0.000002 -0.000001 0.005897 -0.010374 -0.957922
    43 0.729362 0.000006 0.000000 0.002337 -0.005678 -0.636477
    44 3.942287 0.050316 0.431043 0.173048 0.049865 -1.153815
    45 1.539101 0.000004 0.000001 0.001678 -0.005602 -0.540793
    46 1.196342 0.000000 0.000000 0.007862 -0.005612 -1.383006
    47 3.883656 -0.050339 -0.431043 -0.066921 0.053018 -0.904637
    48 1.719563 -0.000008 0.000000 0.005345 -0.005913 -1.102433
    49 1.209179 -0.000002 0.000000 0.003379 -0.002915 -1.078095
    50 3.859818 -0.148941 -1.331282 -0.136635 0.255680 -0.206538
    51 1.719429 -0.000011 0.000001 -0.002026 -0.006301 -0.050076
    52 1.099663 -0.000006 0.000001 -0.000240 -0.004199 -0.187654
    53 0.806011 -0.359840 -1.318334 0.693451 0.162738 -1.083013
    54 1.789782 0.000002 0.000000 0.000001 -0.006302 0.228555
    55 1.206999 0.000000 0.000008 0.000072 -0.009619 0.355424
  time 17
    0 0.657828 3.918093 38.078621 1.581986 0.008997 -0.080114
    1 0.000005 3.345127 -2.981901 1.705754 0.086293 1.570796
    2 4.018318 0.000000 0.000000 0.030405 0.000000 0.034680
    3 3.518536 0.000000 0.000000 0.040640 0.000000 0.192620
    4 8.942642 0.000000 0.000000 0.094386 0.100563 0.126071
    5 3.307270 0.000001 0.000000 3.141590 0.000000 0.400478
    6 3.593704 -0.000004 0.000000 0.518152 0.135216 0.274309
    7 2.000027 -3.000002 0.000000 -1.570796 0.000000 -1.326450
    8 2.033352 1.000776 -1.937610 -1.934494 1.493836 2.673987
    9 6.028144 -0.000015 -0.000002 1.700387 -0.018528 -0.688514
    10 11.692535 0.000000 0.000008 0.200597 0.029096 -1.944754
    11 11.481688 0.000000 0.000008 -1.393500 0.156379 0.163335
    12 2.676086 -1.712452 0.000000 -1.570796 0.000000 -1.571107
    13 2.033344 1.000772 1.937660 1.601161 -1.330258 2.938246
    14 6.028152 0.000011 0.000000 -1.328890 0.107332 -1.133437
    15 11.692558 0.000000 -0.000004 0.226812 0.108744 -0.773056
    16 11.481682 0.000000 -0.000027 1.951438 -0.295457 -0.183117
    17 2.676094 -1.712448 0.000000 1.570790 -0.000001 1.570689
    18 -3.890452 0.000004 0.000007 -1.579962 -0.153236 -1.928631
    19 17.848145 0.000000 0.000000 -0.098130 -0.251092 0.838341
    20 16.525240 0.000000 0.000000 0.556762 0.173691 -0.694525
    21 6.879452 0.000000 0.000000 -0.081333 -0.002951 -0.584373
    22 3.890452 -0.000004 -0.000003 -1.553593 -0.242893 -1.478254
    23 17.848135 0.000000 0.000000 0.020060 0.025364 0.301735
    24 16.525223 0.000000 0.000000 -0.138953 -0.106359 -1.046212
    25 6.879442 0.000000 0.000000 -0.007299 -0.002950 -0.584374
    26 3.859718 -0.142403 -1.191975 -0.479144 0.152190 -0.879873
    27 1.312569 0.000008 0.000001 0.000000 0.009664 -0.439719
    28 0.729351 0.000001 -0.000002 0.000000 0.004970 -0.244299
    29 3.942327 0.046772 -0.431443 -0.155014 0.073328 -0.810647
    30 1.539104 0.000002 0.000000 0.000000 0.004460 -0.247796
    31 1.196320 -0.000004 0.000000 0.000000 0.007361 -0.430802
    32 3.883698 -0.046761 0.431443 0.085902 0.021830 -0.587866
    33 1.719563 0.000008 0.000000 0.000000 0.005516 -0.366476
    34 1.209183 0.000000 0.000000 0.000000 0.003084 -0.216398
    35 3.859863 -0.137962 1.332467 0.354449 -0.042750 -0.531717
    36 1.719431 0.000008 0.000001 0.000000 0.004075 -0.363008
    37 1.099670 0.000002 0.000003 0.000000 0.002597 -0.244330
    38 0.806047 -0.348927 1.321259 -1.206854 -0.679488 -0.789307
    39 1.789791 0.000004 0.000008 0.000000 0.007386 0.228523
    40 1.207014 0.000001 -0.000006 0.000000 0.011266 0.362860
    41 3.859665 -0.132576 1.193108 0.300784 0.047842 -0.929137
    42 1.312565 0.000002 -0.000001 0.005897 -0.010374 -0.957922
    43 0.729362 0.000006 0.000000 0.002780 -0.005474 -0.715200
    44 3.942287 0.050316 0.431043 0.173036 0.049865 -1.153815
    45 1.539101 0.000004 0.000001 0.001678 -0.005602 -0.540793
    46 1.196342 0.000000 0.000000 0.007862 -0.005612 -1.383006
    47 3.883656 -0.050339 -0.431043 -0.066921 0.053018 -0.904637
    48 1.719563 -0.000008 0.000000 0.005345 -0.005913 -1.102433
    49 1.209179 -0.000002 0.000000 0.003379 -0.002915 -1.078095
    50 3.859818 -0.148941 -1.331282 -0.143970 0.251689 -0.235743
    51 1.719429 -0.000011 0.000001 -0.000983 -0.006553 -0.212240
    52 1.099663 -0.000006 0.000001 -0.000228 -0.004199 -0.187654
    53 0.806011 -0.359840 -1.318334 0.779657 0.170252 -1.041905
    54 1.789782 0.000002 0.000000 0.000001 -0.006302 0.228555
    55 1.206999 0.000000 0.000008 0.000072 -0.009619 0.355424
  time 18
    0 0.657828 2.714932 38.418475 1.589633 0.050228 0.030901
    1 0.000005 3.345127 -2.981901 1.723000 0.072966 1.644681
    2 4.018318 0.000000 0.000000 0.023058 0.000036 0.031552
    3 3.518536 0.000000 0.000000 0.050587 0.001822 0.184772
    4 8.942642 0.000000 0.000000 0.090526 0.043840 0.156009
    5 3.307270 0.000001 0.000000 3.174320 0.000000 0.400478
    6 3.593704 -0.000004 0.000000 0.667327 0.148171 0.328134
    7 2.000027 -3.000002 0.000000 -1.570796 0.000000 -1.326450
    8 2.033352 1.000776 -1.937610 -2.048695 1.507525 2.560753
    9 6.028144 -0.000015 -0.000002 1.715010 0.035665 -0.652468
    10 11.692535 0.000000 0.000008 0.167718 0.084103 -1.930114
    11 11.481688 0.000000 0.000008 -1.371753 0.098782 0.098757
    12 2.676086 -1.712452 0.000000 -1.570796 0.000000 -1.571119
    13 2.033344 1.000772 1.937660 1.887994 -1.343969 2.637180
    14 6.028152 0.000011 0.000000 -1.355249 0.054893 -1.091710
    15 11.692558 0.000000 -0.000004 0.178889 0.165106 -0.889801
    16 11.481682 0.000000 -0.000027 1.907824 -0.280173 -0.224143
    17 2.676094 -1.712448 0.000000 1.570790 -0.000001 1.570689
    18 -3.890452 0.000004 0.000007 -1.563223 -0.166837 -1.856517
    19 17.848145 0.000000 0.000000 -0.066371 -0.214102 0.775344
    20 16.525240 0.000000 0.000000 0.464938 0.224780 -0.744075
    21 6.879452 0.000000 0.000000 -0.081333 -0.002951 -0.584373
    22 3.890452 -0.000004 -0.000003 -1.522712 -0.211338 -1.462592
    23 17.848135 0.000000 0.000000 0.047711 -0.000081 0.253031
    24 16.525223 0.000000 0.000000 -0.113659 -0.063113 -1.045499
    25 6.879442 0.000000 0.000000 -0.007299 -0.002950 -0.584374
    26 3.859718 -0.142403 -1.191975 -0.479144 0.152190 -0.879873
    27 1.312569 0.000008 0.000001 0.000000 0.009664 -0.439719
    28 0.729351 0.000001 -0.000002 0.000000 0.004970 -0.244299
    29 3.942327 0.046772 -0.431443 -0.155014 0.073328 -0.810647
    30 1.539104 0.000002 0.000000 0.000000 0.004460 -0.247796
    31 1.196320 -0.000004 0.000000 0.000000 0.007361 -0.430802
    32 3.883698 -0.046761 0.431443 0.085902 0.021830 -0.587866
    33 1.719563 0.000008 0.000000 0.000000 0.005516 -0.366476
    34 1.209183 0.000000 0.000000 0.000000 0.003084 -0.216398
    35 3.859863 -0.137962 1.332467 0.354449 -0.042750 -0.531717
    36 1.719431 0.000008 0.000001 0.000000 0.004075 -0.363008
    37 1.099670 0.000002 0.000003 0.000000 0.002597 -0.244330
    38 0.806047 -0.348927 1.321259 -1.206854 -0.679488 -0.789307
    39 1.789791 0.000004 0.000008 0.000000 0.007386 0.228523
    40 1.207014 0.000001 -0.000006 0.000000 0.011266 0.362860
    41 3.859665 -0.132576 1.193108 0.300784 0.047842 -0.929137
    42 1.312565 0.000002 -0.000001 0.005897 -0.010374 -0.957922
    43 0.729362 0.000006 0.000000 0.002780 -0.005474 -0.715200
    44 3.942287 0.050316 0.431043 0.173024 0.049853 -1.153815
    45 1.539101 0.000004 0.000001 0.001678 -0.005602 -0.540793
    46 1.196342 0.000000 0.000000 0.007862 -0.005612 -1.383006
    47 3.883656 -0.050339 -0.431043 -0.066921 0.053018 -0.904637
    48 1.719563 -0.000008 0.000000 0.005345 -0.005913 -1.102433
    49 1.209179 -0.000002 0.000000 0.003379 -0.002915 -1.078095
    50 3.859818 -0.148941 -1.331282 -0.147361 0.249748 -0.249374
    51 1.719429 -0.000011 0.000001 -0.000492 -0.006601 -0.287779
    52 1.099663 -0.000006 0.000001 -0.000731 -0.004139 -0.067894
    53 0.806011 -0.359840 -1.318334 0.820038 0.172537 -1.022514
    54 1.789782 0.000002 0.000000 0.000001 -0.006302 0.228555
    55 1.206999 0.000000 0.000008 -0.002948 -0.009163 0.675670
  time 19
    0 0.657828 1.546927 38.723172 1.603195 0.103410 0.107366
    1 0.000005 3.345127 -2.981901 1.734458 0.060203 1.738245
    2 4.018318 0.000000 0.000000 0.007347 0.000012 0.029679
    3 3.518536 0.000000 0.000000 0.059647 0.004338 0.181717
    4 8.942642 0.000000 0.000000 0.083211 -0.033617 0.223290
    5 3.307270 0.000001 0.000000 3.244394 0.000000 0.400478
    6 3.593704 -0.000004 0.000000 0.753102 0.127440 0.418206
    7 2.000027 -3.000002 0.000000 -1.570796 0.000000 -1.326450
    8 2.033352 1.000776 -1.937610 -2.427289 1.514571 2.182860
    9 6.028144 -0.000015 -0.000002 1.687935 0.063701 -0.633941
    10 11.692535 0.000000 0.000008 -0.048687 0.215025 -2.006893
    11 11.481688 0.000000 0.000008 -1.242840 0.027316 0.022139
    12 2.676086 -1.712452 0.000000 -1.570796 0.000000 -1.571119
    13 2.033344 1.000772 1.937660 2.410854 -1.292231 2.083717
    14 6.028152 0.000011 0.000000 -1.412618 -0.036027 -1.060582
    15 11.692558 0.000000 -0.000004 0.054405 0.243736 -1.118416
    16 11.481682 0.000000 -0.000027 1.886984 -0.313099 -0.239426
    17 2.676094 -1.712448 0.000000 1.570790 -0.000001 1.570689
    18 -3.890452 0.000004 0.000007 -1.559355 -0.134263 -1.748799
    19 17.848145 0.000000 0.000000 -0.013159 -0.117540 0.535883
    20 16.525240 0.000000 0.000000 0.317032 0.272540 -0.833501
    21 6.879452 0.000000 0.000000 -0.081333 -0.002951 -0.584373
    22 3.890452 -0.000004 -0.000003 -1.502895 -0.190479 -1.421150
    23 17.848135 0.000000 0.000000 0.067415 -0.017266 0.226786
    24 16.525223 0.000000 0.000000 -0.099500 -0.033165 -1.058649
    25 6.879442 0.000000 0.000000 -0.007299 -0.002950 -0.584374
    26 3.859718 -0.142403 -1.191975 -0.479144 0.152190 -0.879873
    27 1.312569 0.000008 0.000001 0.000000 0.009664 -0.439719
    28 0.729351 0.000001 -0.000002 0.000000 0.004970 -0.244299
    29 3.942327 0.046772 -0.431443 -0.155014 0.073328 -0.810647
    30 1.539104 0.000002 0.000000 0.000000 0.004460 -0.247796
    31 1.196320 -0.000004 0.000000 0.000000 0.007361 -0.430802
    32 3.883698 -0.046761 0.431443 0.085902 0.021830 -0.587866
    33 1.719563 0.000008 0.000000 0.000000 0.005516 -0.366476
    34 1.209183 0.000000 0.000000 0.000000 0.003084 -0.216398
    35 3.859863 -0.137962 1.332467 0.354449 -0.042750 -0.531717
    36 1.719431 0.000008 0.000001 0.000000 0.004075 -0.363008
    37 1.099670 0.000002 0.000003 0.000000 0.002597 -0.244330
    38 0.806047 -0.348927 1.321259 -1.206854 -0.679488 -0.789307
    39 1.789791 0.000004 0.000008 0.000000 0.007386 0.228523
    40 1.207014 0.000001 -0.000006 0.000000 0.011266 0.362860
    41 3.859665 -0.132576 1.193108 0.300784 0.047842 -0.929137
    42 1.312565 0.000002 -0.000001 0.005897 -0.010374 -0.957922
    43 0.729362 0.000006 0.000000 0.002780 -0.005474 -0.715200
    44 3.942287 0.050316 0.431043 0.173024 0.049853 -1.153815
    45 1.539101 0.000004 0.000001 0.001678 -0.005602 -0.540793
    46 1.196342 0.000000 0.000000 0.007862 -0.005612 -1.383006
    47 3.883656 -0.050339 -0.431043 -0.066921 0.053018 -0.904637
    48 1.719563 -0.000008 0.000000 0.005345 -0.005913 -1.102433
    49 1.209179 -0.000002 0.000000 0.003379 -0.002915 -1.078095
    50 3.859818 -0.148941 -1.331282 -0.147361 0.249748 -0.249374
    51 1.719429 -0.000011 0.000001 -0.000492 -0.006601 -0.287779
    52 1.099663 -0.000006 0.000001 -0.001223 -0.004019 0.051866
    53 0.806011 -0.359840 -1.318334 0.820038 0.172537 -1.022514
    54 1.789782 0.000002 0.000000 0.000001 -0.006302 0.228555
    55 1.206999 0.000000 0.000008 -0.005680 -0.007761 0.995916
  time 20
    0 0.657828 1.121133 38.828644 1.615613 0.124041 0.177883
    1 0.000005 3.345127 -2.981901 1.737562 0.055529 1.776559
    2 4.018318 0.000000 0.000000 0.000000 0.000000 0.029207
    3 3.518536 0.000000 0.000000 0.062847 0.005813 0.168371
    4 8.942642 0.000000 0.000000 0.076948 -0.065963 0.257039
    5 3.307270 0.000001 0.000000 3.277124 0.000000 0.400478
    6 3.593704 -0.000004 0.000000 0.774244 0.107489 0.472613
    7 2.000027 -3.000002 0.000000 -1.570796 0.000000 -1.326450
    8 2.033352 1.000776 -1.937610 -2.897205 1.494339 1.709537
    9 6.028144 -0.000015 -0.000002 1.675115 0.051175 -0.662383
    10 11.692535 0.000000 0.000008 -0.247992 0.313193 -2.138128
    11 11.481688 0.000000 0.000008 -1.150047 -0.017534 -0.038568
    12 2.676086 -1.712452 0.000000 -1.570796 0.000000 -1.571107
    13 2.033344 1.000772 1.937660 2.614644 -1.256481 1.865652
    14 6.028152 0.000011 0.000000 -1.494712 -0.169503 -1.028939
    15 11.692558 0.000000 -0.000004 -0.130009 0.403846 -1.281350
    16 11.481682 0.000000 -0.000027 1.945379 -0.385928 -0.303642
    17 2.676094 -1.712448 0.000000 1.570790 -0.000001 1.570689
    18 -3.890452 0.000004 0.000007 -1.555617 -0.009531 -1.689804
    19 17.848145 0.000000 0.000000 0.019415 -0.033925 0.181083
    20 16.525240 0.000000 0.000000 0.250300 0.284592 -0.851529
    21 6.879452 0.000000 0.000000 -0.081333 -0.002951 -0.584373
    22 3.890452 -0.000004 -0.000003 -1.486847 -0.195102 -1.408033
    23 17.848135 0.000000 0.000000 0.085154 -0.027646 0.212903
    24 16.525223 0.000000 0.000000 -0.083925 -0.003044 -1.057017
    25 6.879442 0.000000 0.000000 -0.007299 -0.002950 -0.584374
    26 3.859718 -0.142403 -1.191975 -0.477230 0.153574 -0.867423
    27 1.312569 0.000008 0.000001 0.000143 0.009664 -0.424812
    28 0.729351 0.000001 -0.000002 0.000024 0.004970 -0.238241
    29 3.942327 0.046772 -0.431443 -0.154726 0.073939 -0.806660
    30 1.539104 0.000002 0.000000 0.000096 0.004460 -0.225554
    31 1.196320 -0.000004 0.000000 0.000120 0.007361 -0.414117
    32 3.883698 -0.046761 0.431443 0.086359 0.019912 -0.565555
    33 1.719563 0.000008 0.000000 0.000144 0.005516 -0.339796
    34 1.209183 0.000000 0.000000 0.000000 0.003084 -0.216398
    35 3.859863 -0.137962 1.332467 0.348179 -0.080142 -0.429623
    36 1.719431 0.000008 0.000001 0.000120 0.004075 -0.330989
    37 1.099670 0.000002 0.000003 0.000000 0.002597 -0.244330
    38 0.806047 -0.348927 1.321259 -1.194288 -0.681357 -0.809262
    39 1.789791 0.000004 0.000008 0.000000 0.007386 0.228523
    40 1.207014 0.000001 -0.000006 -0.001247 0.013627 0.358829
    41 3.859665 -0.132576 1.193108 0.300784 0.047842 -0.929137
    42 1.312565 0.000002 -0.000001 0.005897 -0.010374 -0.957922
    43 0.729362 0.000006 0.000000 0.002780 -0.005474 -0.715200
    44 3.942287 0.050316 0.431043 0.173024 0.049853 -1.153815
    45 1.539101 0.000004 0.000001 0.001678 -0.005602 -0.540793
    46 1.196342 0.000000 0.000000 0.007862 -0.005612 -1.383006
    47 3.883656 -0.050339 -0.431043 -0.066921 0.053018 -0.904637
    48 1.719563 -0.000008 0.000000 0.005345 -0.005913 -1.102433
    49 1.209179 -0.000002 0.000000 0.003379 -0.002915 -1.078095
    50 3.859818 -0.148941 -1.331282 -0.147361 0.249748 -0.249374
    51 1.719429 -0.000011 0.000001 -0.000492 -0.006601 -0.287779
    52 1.099663 -0.000006 0.000001 -0.001223 -0.004019 0.051866
    53 0.806011 -0.359840 -1.318334 0.820038 0.172537 -1.022514
    54 1.789782 0.000002 0.000000 0.000001 -0.006302 0.228555
    55 1.206999 0.000000 0.000008 -0.005680 -0.007761 0.995916
  time 21
    0 0.618764 1.121133 38.523947 1.622534 0.103651 0.251610
    1 0.000005 3.345127 -2.981901 1.717176 0.059603 1.752554
    2 4.018318 0.000000 0.000000 0.000000 0.000000 0.029207
    3 3.518536 0.000000 0.000000 0.062751 0.006819 0.136220
    4 8.942642 0.000000 0.000000 0.075191 -0.049628 0.259640
    5 3.307270 0.000001 0.000000 3.258392 0.000000 0.400478
    6 3.593704 -0.000004 0.000000 0.749789 0.097233 0.489440
    7 2.000027 -3.000002 0.000000 -1.570796 0.000000 -1.326450
    8 2.033352 1.000776 -1.937610 -3.143698 1.443521 1.453780
    9 6.028144 -0.000015 -0.000002 1.702066 0.051470 -0.633815
    10 11.692535 0.000000 0.000008 -0.372487 0.301629 -2.226236
    11 11.481688 0.000000 0.000008 -1.046529 0.041653 -0.079703
    12 2.676086 -1.712452 0.000000 -1.570796 0.000000 -1.571119
    13 2.033344 1.000772 1.937660 2.632459 -1.288348 1.852542
    14 6.028152 0.000011 0.000000 -1.606810 -0.287147 -1.027396
    15 11.692558 0.000000 -0.000004 -0.395022 0.556957 -1.423378
    16 11.481682 0.000000 -0.000027 2.043047 -0.420724 -0.404690
    17 2.676094 -1.712448 0.000000 1.570790 -0.000001 1.570689
    18 -3.890452 0.000004 0.000007 -1.545931 0.079352 -1.698013
    19 17.848145 0.000000 0.000000 0.032418 -0.005162 0.021131
    20 16.525240 0.000000 0.000000 0.315862 0.295452 -0.890581
    21 6.879452 0.000000 0.000000 -0.081333 -0.002951 -0.584373
    22 3.890452 -0.000004 -0.000003 -1.465449 -0.257906 -1.448299
    23 17.848135 0.000000 0.000000 0.101030 -0.048506 0.305076
    24 16.525223 0.000000 0.000000 -0.068301 0.029501 -1.097249
    25 6.879442 0.000000 0.000000 -0.007299 -0.002950 -0.584374
    26 3.859718 -0.142403 -1.191975 -0.471985 0.157101 -0.834788
    27 1.312569 0.000008 0.000001 0.000515 0.009652 -0.385692
    28 0.729351 0.000001 -0.000002 0.000120 0.004970 -0.218522
    29 3.942327 0.046772 -0.431443 -0.153947 0.075557 -0.796224
    30 1.539104 0.000002 0.000000 0.000347 0.004448 -0.167179
    31 1.196320 -0.000004 0.000000 0.000383 0.007349 -0.378195
    32 3.883698 -0.046761 0.431443 0.087356 0.014963 -0.508627
    33 1.719563 0.000008 0.000000 0.000456 0.005492 -0.282646
    34 1.209183 0.000000 0.000000 0.000000 0.003084 -0.216398
    35 3.859863 -0.137962 1.332467 0.338072 -0.116695 -0.326887
    36 1.719431 0.000008 0.000001 0.000408 0.004063 -0.262342
    37 1.099670 0.000002 0.000003 0.000000 0.002597 -0.244330
    38 0.806047 -0.348927 1.321259 -1.160871 -0.685353 -0.861706
    39 1.789791 0.000004 0.000008 0.000000 0.007386 0.228523
    40 1.207014 0.000001 -0.000006 -0.004579 0.019883 0.348291
    41 3.859665 -0.132576 1.193108 0.300784 0.047842 -0.929137
    42 1.312565 0.000002 -0.000001 0.005897 -0.010374 -0.957922
    43 0.729362 0.000006 0.000000 0.002780 -0.005474 -0.715200
    44 3.942287 0.050316 0.431043 0.173012 0.049853 -1.153815
    45 1.539101 0.000004 0.000001 0.001678 -0.005602 -0.540793
    46 1.196342 0.000000 0.000000 0.007862 -0.005612 -1.383006
    47 3.883656 -0.050339 -0.431043 -0.066921 0.053018 -0.904637
    48 1.719563 -0.000008 0.000000 0.005345 -0.005913 -1.102433
    49 1.209179 -0.000002 0.000000 0.003379 -0.002915 -1.078095
    50 3.859818 -0.148941 -1.331282 -0.147361 0.249748 -0.249374
    51 1.719429 -0.000011 0.000001 -0.000492 -0.006601 -0.287779
    52 1.099663 -0.000006 0.000001 -0.001223 -0.004019 0.051866
    53 0.806011 -0.359840 -1.318334 0.820038 0.172537 -1.022514
    54 1.789782 0.000002 0.000000 0.000001 -0.006302 0.228555
    55 1.206999 0.000000 0.000008 -0.005680 -0.007761 0.995916
  time 22
    0 0.411726 1.121133 37.719235 1.621976 0.054297 0.318918
    1 0.000005 3.345127 -2.981901 1.662095 0.069083 1.689360
    2 4.018318 0.000000 0.000000 0.000000 0.000000 0.029207
    3 3.518536 0.000000 0.000000 0.062572 0.008317 0.088375
    4 8.942642 0.000000 0.000000 0.075281 -0.006831 0.261593
    5 3.307270 0.000001 0.000000 3.209351 0.000000 0.400478
    6 3.593704 -0.000004 0.000000 0.678187 0.086963 0.494403
    7 2.000027 -3.000002 0.000000 -1.570796 0.000000 -1.326450
    8 2.033352 1.000776 -1.937610 -3.237126 1.362914 1.344566
    9 6.028144 -0.000015 -0.000002 1.759820 0.156172 -0.559413
    10 11.692535 0.000000 0.000008 -0.470097 0.210274 -2.231138
    11 11.481688 0.000000 0.000008 -0.942602 0.162488 -0.083787
    12 2.676086 -1.712452 0.000000 -1.570796 0.000000 -1.571107
    13 2.033344 1.000772 1.937660 2.537162 -1.351902 1.960348
    14 6.028152 0.000011 0.000000 -1.651901 -0.395776 -1.065470
    15 11.692558 0.000000 -0.000004 -0.564772 0.527464 -1.570421
    16 11.481682 0.000000 -0.000027 2.000594 -0.482458 -0.434315
    17 2.676094 -1.712448 0.000000 1.570790 -0.000001 1.570689
    18 -3.890452 0.000004 0.000007 -1.530005 0.045826 -1.769592
    19 17.848145 0.000000 0.000000 0.045398 -0.051182 0.156142
    20 16.525240 0.000000 0.000000 0.393408 0.315123 -1.052120
    21 6.879452 0.000000 0.000000 -0.081333 -0.002951 -0.584373
    22 3.890452 -0.000004 -0.000003 -1.437790 -0.350242 -1.525569
    23 17.848135 0.000000 0.000000 0.109620 -0.077727 0.475129
    24 16.525223 0.000000 0.000000 -0.058631 0.060204 -1.177713
    25 6.879442 0.000000 0.000000 -0.007299 -0.002950 -0.584374
    26 3.859718 -0.142403 -1.191975 -0.466243 0.160449 -0.802129
    27 1.312569 0.000008 0.000001 0.000898 0.009628 -0.346571
    28 0.729351 0.000001 -0.000002 0.000264 0.004970 -0.188604
    29 3.942327 0.046772 -0.431443 -0.153144 0.077175 -0.785788
    30 1.539104 0.000002 0.000000 0.000611 0.004424 -0.108852
    31 1.196320 -0.000004 0.000000 0.000503 0.007337 -0.361444
    32 3.883698 -0.046761 0.431443 0.087993 0.010505 -0.458007
    33 1.719563 0.000008 0.000000 0.000611 0.005480 -0.255870
    34 1.209183 0.000000 0.000000 0.000000 0.003084 -0.216398
    35 3.859863 -0.137962 1.332467 0.338072 -0.116695 -0.326887
    36 1.719431 0.000008 0.000001 0.000540 0.004051 -0.230272
    37 1.099670 0.000002 0.000003 0.000000 0.002597 -0.244330
    38 0.806047 -0.348927 1.321259 -1.126601 -0.687954 -0.914439
    39 1.789791 0.000004 0.000008 0.000000 0.007386 0.228523
    40 1.207014 0.000001 -0.000006 -0.007982 0.026403 0.337727
    41 3.859665 -0.132576 1.193108 0.300784 0.047842 -0.929137
    42 1.312565 0.000002 -0.000001 0.005897 -0.010374 -0.957922
    43 0.729362 0.000006 0.000000 0.002780 -0.005474 -0.715200
    44 3.942287 0.050316 0.431043 0.173012 0.049853 -1.153815
    45 1.539101 0.000004 0.000001 0.001678 -0.005602 -0.540793
    46 1.196342 0.000000 0.000000 0.007862 -0.005612 -1.383006
    47 3.883656 -0.050339 -0.431043 -0.066921 0.053018 -0.904637
    48 1.719563 -0.000008 0.000000 0.005345 -0.005913 -1.102433
    49 1.209179 -0.000002 0.000000 0.003379 -0.002915 -1.078095
    50 3.859818 -0.148941 -1.331282 -0.147361 0.249748 -0.249374
    51 1.719429 -0.000011 0.000001 -0.000492 -0.006601 -0.287779
    52 1.099663 -0.000006 0.000001 -0.001223 -0.004019 0.051866
    53 0.806011 -0.359840 -1.318334 0.820038 0.172537 -1.022514
    54 1.789782 0.000002 0.000000 0.000001 -0.006302 0.228555
    55 1.206999 0.000000 0.000008 -0.005680 -0.007761 0.995916
  time 23
    0 -0.096102 1.121133 36.910617 1.616534 0.005576 0.381506
    1 0.000005 3.345127 -2.981901 1.603059 0.078024 1.625769
    2 4.018318 0.000000 0.000000 0.000000 0.000000 0.029207
    3 3.518536 0.000000 0.000000 0.062380 0.009600 0.047439
    4 8.942642 0.000000 0.000000 0.076302 0.035930 0.263571
    5 3.307270 0.000001 0.000000 3.160322 0.000000 0.400478
    6 3.593704 -0.000004 0.000000 0.589807 0.080236 0.491714
    7 2.000027 -3.000002 0.000000 -1.570796 0.000000 -1.326450
    8 2.033352 1.000776 -1.937610 -3.250623 1.270853 1.313745
    9 6.028144 -0.000015 -0.000002 1.806761 0.314440 -0.481482
    10 11.692535 0.000000 0.000008 -0.499774 0.086728 -2.160983
    11 11.481688 0.000000 0.000008 -0.917839 0.287795 -0.029501
    12 2.676086 -1.712452 0.000000 -1.570796 0.000000 -1.571119
    13 2.033344 1.000772 1.937660 2.413964 -1.418968 2.095884
    14 6.028152 0.000011 0.000000 -1.590215 -0.533004 -1.134620
    15 11.692558 0.000000 -0.000004 -0.656315 0.402040 -1.657502
    16 11.481682 0.000000 -0.000027 2.038621 -0.556920 -0.521358
    17 2.676094 -1.712448 0.000000 1.570790 -0.000001 1.570689
    18 -3.890452 0.000004 0.000007 -1.510178 0.009061 -1.845213
    19 17.848145 0.000000 0.000000 0.050323 -0.127095 0.312699
    20 16.525240 0.000000 0.000000 0.447430 0.337062 -1.186177
    21 6.879452 0.000000 0.000000 -0.081333 -0.002951 -0.584373
    22 3.890452 -0.000004 -0.000003 -1.409402 -0.415606 -1.590308
    23 17.848135 0.000000 0.000000 0.118752 -0.097417 0.593510
    24 16.525223 0.000000 0.000000 -0.056201 0.090058 -1.230635
    25 6.879442 0.000000 0.000000 -0.007299 -0.002950 -0.584374
    26 3.859718 -0.142403 -1.191975 -0.463272 0.161632 -0.789603
    27 1.312569 0.000008 0.000001 0.001042 0.009617 -0.331625
    28 0.729351 0.000001 -0.000002 0.000431 0.004958 -0.156832
    29 3.942327 0.046772 -0.431443 -0.152833 0.077786 -0.781776
    30 1.539104 0.000002 0.000000 0.000707 0.004412 -0.086609
    31 1.196320 -0.000004 0.000000 0.000503 0.007337 -0.361444
    32 3.883698 -0.046761 0.431443 0.022824 0.025246 -0.434518
    33 1.719563 0.000008 0.000000 -0.000215 0.005516 -0.406688
    34 1.209183 0.000000 0.000000 0.000000 0.003084 -0.216398
    35 3.859863 -0.137962 1.332467 0.344358 -0.095782 -0.386086
    36 1.719431 0.000008 0.000001 0.000288 0.004075 -0.290008
    37 1.099670 0.000002 0.000003 -0.000144 0.002597 -0.302151
    38 0.806047 -0.348927 1.321259 -1.112311 -0.688515 -0.934740
    39 1.789791 0.000004 0.000008 0.000000 0.007386 0.228523
    40 1.207014 0.000001 -0.000006 -0.009312 0.029483 0.333696
    41 3.859665 -0.132576 1.193108 0.300784 0.047842 -0.929137
    42 1.312565 0.000002 -0.000001 0.005897 -0.010374 -0.957922
    43 0.729362 0.000006 0.000000 0.002780 -0.005474 -0.715200
    44 3.942287 0.050316 0.431043 0.173012 0.049853 -1.153815
    45 1.539101 0.000004 0.000001 0.001678 -0.005602 -0.540793
    46 1.196342 0.000000 0.000000 0.007862 -0.005612 -1.383006
    47 3.883656 -0.050339 -0.431043 -0.066921 0.053018 -0.904637
    48 1.719563 -0.000008 0.000000 0.005345 -0.005913 -1.102433
    49 1.209179 -0.000002 0.000000 0.003379 -0.002915 -1.078095
    50 3.859818 -0.148941 -1.331282 -0.147361 0.249748 -0.249374
    51 1.719429 -0.000011 0.000001 -0.000492 -0.006601 -0.287779
    52 1.099663 -0.000006 0.000001 -0.001223 -0.004019 0.051866
    53 0.806011 -0.359840 -1.318334 0.820038 0.172537 -1.022514
    54 1.789782 0.000002 0.000000 0.000001 -0.006302 0.228555
    55 1.206999 0.000000 0.000008 -0.005680 -0.007761 0.995916
  time 24
    0 -0.873469 1.121133 36.602014 1.613158 -0.013668 0.442866
    1 0.000005 3.345127 -2.981901 1.573433 0.086257 1.601405
    2 4.018318 0.000000 0.000000 0.000000 0.000000 0.029207
    3 3.518536 0.000000 0.000000 0.062308 0.010055 0.032776
    4 8.942642 0.000000 0.000000 0.076903 0.052193 0.266135
    5 3.307270 0.000001 0.000000 3.141590 0.000000 0.400478
    6 3.593704 -0.000004 0.000000 0.522754 0.079315 0.488462
    7 2.000027 -3.000002 0.000000 -1.570796 0.000000 -1.326450
    8 2.033352 1.000776 -1.937610 -3.233297 1.188755 1.317383
    9 6.028144 -0.000015 -0.000002 1.790500 0.476025 -0.520007
    10 11.692535 0.000000 0.000008 -0.539764 0.026189 -2.048364
    11 11.481688 0.000000 0.000008 -0.973694 0.290273 0.025357
    12 2.676086 -1.712452 0.000000 -1.570796 0.000000 -1.571119
    13 2.033344 1.000772 1.937660 2.592681 -1.467542 1.921866
    14 6.028152 0.000011 0.000000 -1.570813 -0.690137 -1.247092
    15 11.692558 0.000000 -0.000004 -0.678417 0.424703 -1.719512
    16 11.481682 0.000000 -0.000027 2.226137 -0.563969 -0.719934
    17 2.676094 -1.712448 0.000000 1.570790 -0.000001 1.570689
    18 -3.890452 0.000004 0.000007 -1.489278 -0.002064 -1.863283
    19 17.848145 0.000000 0.000000 0.058449 -0.175294 0.386469
    20 16.525240 0.000000 0.000000 0.453258 0.364220 -1.246417
    21 6.879452 0.000000 0.000000 -0.081333 -0.002951 -0.584373
    22 3.890452 -0.000004 -0.000003 -1.383142 -0.440285 -1.610670
    23 17.848135 0.000000 0.000000 0.135034 -0.112946 0.614186
    24 16.525223 0.000000 0.000000 -0.066274 0.120651 -1.233923
    25 6.879442 0.000000 0.000000 -0.007299 -0.002950 -0.584374
    26 3.859718 -0.142403 -1.191975 -0.409468 0.143797 -0.834281
    27 1.312569 0.000008 0.000001 0.001042 0.009617 -0.331625
    28 0.729351 0.000001 -0.000002 0.000635 0.004946 -0.115231
    29 3.942327 0.046772 -0.431443 -0.154343 0.046578 -0.792630
    30 1.539104 0.000002 0.000000 0.000407 0.004448 -0.155717
    31 1.196320 -0.000004 0.000000 0.000503 0.007337 -0.361444
    32 3.883698 -0.046761 0.431443 -0.116226 0.069481 -0.419803
    33 1.719563 0.000008 0.000000 -0.001965 0.005157 -0.733611
    34 1.209183 0.000000 0.000000 0.000012 0.003084 -0.212458
    35 3.859863 -0.137962 1.332467 0.353556 -0.049917 -0.512315
    36 1.719431 0.000008 0.000001 -0.000215 0.004075 -0.417978
    37 1.099670 0.000002 0.000003 -0.000455 0.002561 -0.426221
    38 0.806047 -0.348927 1.321259 -1.058161 -0.695716 -0.906720
    39 1.789791 0.000004 0.000008 0.000000 0.007386 0.228523
    40 1.207014 0.000001 -0.000006 -0.007647 0.030526 0.389442
    41 3.859665 -0.132576 1.193108 0.300784 0.047842 -0.929137
    42 1.312565 0.000002 -0.000001 0.005897 -0.010374 -0.957922
    43 0.729362 0.000006 0.000000 0.002780 -0.005474 -0.715200
    44 3.942287 0.050316 0.431043 0.173012 0.049853 -1.153815
    45 1.539101 0.000004 0.000001 0.001678 -0.005602 -0.540793
    46 1.196342 0.000000 0.000000 0.007862 -0.005612 -1.383006
    47 3.883656 -0.050339 -0.431043 -0.066921 0.053006 -0.904637
    48 1.719563 -0.000008 0.000000 0.005345 -0.005913 -1.102433
    49 1.209179 -0.000002 0.000000 0.003379 -0.002915 -1.078095
    50 3.859818 -0.148941 -1.331282 -0.147361 0.249748 -0.249374
    51 1.719429 -0.000011 0.000001 -0.000492 -0.006601 -0.287779
    52 1.099663 -0.000006 0.000001 -0.001223 -0.004019 0.051866
    53 0.806011 -0.359840 -1.318334 0.820038 0.172537 -1.022514
    54 1.789782 0.000002 0.000000 0.000001 -0.006302 0.228555
    55 1.206999 0.000000 0.000008 -0.005680 -0.007761 0.995916
  time 25
    0 -1.791466 1.121133 36.648890 1.582210 -0.002502 0.475340
    1 0.000005 3.345127 -2.981901 1.570137 0.127951 1.632313
    2 4.018318 0.000000 0.000000 0.000000 0.000000 0.066884
    3 3.518536 0.000000 0.000000 -0.071991 -0.000372 0.089461
    4 8.942642 0.000000 0.000000 0.077369 0.051438 0.284076
    5 3.307270 0.000001 0.000000 3.141590 0.000000 0.400478
    6 3.593704 -0.000004 0.000000 0.497984 0.134474 0.450316
    7 2.000027 -3.000002 0.000000 -1.570796 0.000000 -1.326450
    8 2.033352 1.000776 -1.937610 -3.212045 1.096160 1.336909
    9 6.028144 -0.000015 -0.000002 2.137842 0.795583 -0.199880
    10 11.692535 0.000000 0.000008 0.215347 -0.408800 -1.728791
    11 11.481688 0.000000 0.000008 -1.195289 0.141419 -0.065360
    12 2.676086 -1.712452 0.000000 -1.570796 0.000000 -1.571119
    13 2.033344 1.000772 1.937660 3.614930 -1.440504 0.893603
    14 6.028152 0.000011 0.000000 -1.766136 -0.901813 -1.130298
    15 11.692558 0.000000 -0.000004 -0.764063 0.761321 -2.001732
    16 11.481682 0.000000 -0.000027 2.763463 -0.394052 -0.745678
    17 2.676094 -1.712448 0.000000 1.570790 -0.000001 1.570689
    18 -3.890452 0.000004 0.000007 -1.479690 0.016376 -1.831681
    19 17.848145 0.000000 0.000000 0.065472 -0.189290 0.410532
    20 16.525240 0.000000 0.000000 0.428892 0.383935 -1.266617
    21 6.879452 0.000000 0.000000 -0.081333 -0.002951 -0.584373
    22 3.890452 -0.000004 -0.000003 -1.362230 -0.408042 -1.599575
    23 17.848135 0.000000 0.000000 0.131476 -0.181424 0.603198
    24 16.525223 0.000000 0.000000 -0.004005 0.159868 -1.222267
    25 6.879442 0.000000 0.000000 -0.007299 -0.002950 -0.584374
    26 3.859718 -0.142403 -1.191975 -0.355664 0.128351 -0.879721
    27 1.312569 0.000008 0.000001 0.001042 0.009617 -0.331625
    28 0.729351 0.000001 -0.000002 0.000899 0.004899 -0.059784
    29 3.942327 0.046772 -0.431443 -0.157926 0.015347 -0.803337
    30 1.539104 0.000002 0.000000 0.000096 0.004460 -0.224825
    31 1.196320 -0.000004 0.000000 0.000503 0.007337 -0.361444
    32 3.883698 -0.046761 0.431443 -0.176853 0.114183 -0.368509
    33 1.719563 0.000008 0.000000 -0.002720 0.004797 -0.884285
    34 1.209183 0.000000 0.000000 0.000096 0.003084 -0.184572
    35 3.859863 -0.137962 1.332467 0.355836 -0.028213 -0.570930
    36 1.719431 0.000008 0.000001 -0.000455 0.004063 -0.477662
    37 1.099670 0.000002 0.000003 -0.000611 0.002525 -0.484105
    38 0.806047 -0.348927 1.321259 -0.955134 -0.720352 -0.830415
    39 1.789791 0.000004 0.000008 0.000000 0.007386 0.228523
    40 1.207014 0.000001 -0.000006 -0.003140 0.031269 0.536209
    41 3.859665 -0.132576 1.193108 0.300784 0.047842 -0.929137
    42 1.312565 0.000002 -0.000001 0.005897 -0.010374 -0.957922
    43 0.729362 0.000006 0.000000 0.002780 -0.005474 -0.715200
    44 3.942287 0.050316 0.431043 0.173012 0.049853 -1.153815
    45 1.539101 0.000004 0.000001 0.001678 -0.005602 -0.540793
    46 1.196342 0.000000 0.000000 0.007862 -0.005612 -1.383006
    47 3.883656 -0.050339 -0.431043 -0.066909 0.052982 -0.904637
    48 1.719563 -0.000008 0.000000 0.005345 -0.005913 -1.102433
    49 1.209179 -0.000002 0.000000 0.003379 -0.002915 -1.078095
    50 3.859818 -0.148941 -1.331282 -0.147361 0.249748 -0.249374
    51 1.719429 -0.000011 0.000001 -0.000492 -0.006601 -0.287779
    52 1.099663 -0.000006 0.000001 -0.001223 -0.004019 0.051866
    53 0.806011 -0.359840 -1.318334 0.820038 0.172537 -1.022514
    54 1.789782 0.000002 0.000000 0.000001 -0.006302 0.228555
    55 1.206999 0.000000 0.000008 -0.005680 -0.007761 0.995916
  time 26
    0 -3.666523 1.121133 36.922336 1.509458 0.022198 0.555486
    1 0.000005 3.345127 -2.981901 1.574104 0.164433 1.663509
    2 4.018318 0.000000 0.000000 0.000000 0.000000 0.127280
    3 3.518536 0.000000 0.000000 -0.206758 0.000611 0.182912
    4 8.942642 0.000000 0.000000 0.078675 0.049245 0.325890
    5 3.307270 0.000001 0.000000 3.141590 0.000000 0.400478
    6 3.593704 -0.000004 0.000000 0.438871 0.200963 0.354924
    7 2.000027 -3.000002 0.000000 -1.570796 0.000000 -1.326450
    8 2.033352 1.000776 -1.937610 -3.209461 1.043398 1.343896
    9 6.028144 -0.000015 -0.000002 2.525981 1.199101 0.385422
    10 11.692535 0.000000 0.000008 0.236239 -0.398487 -1.196500
    11 11.481688 0.000000 0.000008 -1.702564 -0.093816 -0.245257
    12 2.676086 -1.712452 0.000000 -1.570796 0.000000 -1.571119
    13 2.033344 1.000772 1.937660 3.905250 -1.371881 0.592254
    14 6.028152 0.000011 0.000000 -1.928563 -1.061233 -0.976871
    15 11.692558 0.000000 -0.000004 -1.624184 0.848587 -2.374636
    16 11.481682 0.000000 -0.000027 2.812404 -0.294494 -0.568651
    17 2.676094 -1.712448 0.000000 1.570790 -0.000001 1.570689
    18 -3.890452 0.000004 0.000007 -1.452842 0.090629 -1.747932
    19 17.848145 0.000000 0.000000 0.096140 -0.192502 0.393671
    20 16.525240 0.000000 0.000000 0.394789 0.427551 -1.269337
    21 6.879452 0.000000 0.000000 -0.081333 -0.002951 -0.584373
    22 3.890452 -0.000004 -0.000003 -1.316396 -0.350089 -1.560092
    23 17.848135 0.000000 0.000000 0.118277 -0.293078 0.719834
    24 16.525223 0.000000 0.000000 0.050315 0.216601 -1.204657
    25 6.879442 0.000000 0.000000 -0.007299 -0.002950 -0.584374
    26 3.859718 -0.142403 -1.191975 -0.295931 0.237347 -0.554545
    27 1.312569 0.000008 0.000001 0.001042 0.009617 -0.331625
    28 0.729351 0.000001 -0.000002 0.001126 0.004851 -0.014474
    29 3.942327 0.046772 -0.431443 -0.143269 0.131118 -0.552829
    30 1.539104 0.000002 0.000000 0.000240 0.004460 -0.191461
    31 1.196320 -0.000004 0.000000 0.000503 0.007337 -0.361444
    32 3.883698 -0.046761 0.431443 -0.077327 0.142946 -0.221384
    33 1.719563 0.000008 0.000000 -0.002001 0.005145 -0.739178
    34 1.209183 0.000000 0.000000 0.000384 0.003060 -0.091882
    35 3.859863 -0.137962 1.332467 0.346777 -0.086218 -0.412764
    36 1.719431 0.000008 0.000001 0.000384 0.004075 -0.266331
    37 1.099670 0.000002 0.000003 -0.000287 0.002585 -0.359035
    38 0.806047 -0.348927 1.321259 -0.937633 -0.747288 -0.749399
    39 1.789791 0.000004 0.000008 0.000000 0.007386 0.228523
    40 1.207014 0.000001 -0.000006 0.001354 0.031017 0.682976
    41 3.859665 -0.132576 1.193108 0.300784 0.047842 -0.929137
    42 1.312565 0.000002 -0.000001 0.005897 -0.010374 -0.957922
    43 0.729362 0.000006 0.000000 0.002780 -0.005474 -0.715200
    44 3.942287 0.050316 0.431043 0.173012 0.049853 -1.153815
    45 1.539101 0.000004 0.000001 0.001678 -0.005602 -0.540793
    46 1.196342 0.000000 0.000000 0.007862 -0.005612 -1.383006
    47 3.883656 -0.050339 -0.431043 -0.066909 0.052934 -0.904637
    48 1.719563 -0.000008 0.000000 0.005345 -0.005913 -1.102433
    49 1.209179 -0.000002 0.000000 0.003379 -0.002915 -1.078095
    50 3.859818 -0.148941 -1.331282 -0.147361 0.249748 -0.249374
    51 1.719429 -0.000011 0.000001 -0.000492 -0.006601 -0.287779
    52 1.099663 -0.000006 0.000001 -0.001223 -0.004019 0.051866
    53 0.806011 -0.359840 -1.318334 0.820038 0.172537 -1.022514
    54 1.789782 0.000002 0.000000 0.000001 -0.006302 0.228555
    55 1.206999 0.000000 0.000008 -0.005680 -0.007761 0.995916
  time 27
    0 -7.037720 1.621148 37.641108 1.389685 0.042437 0.825095
    1 0.000005 3.345127 -2.981901 1.569837 0.052005 1.616925
    2 4.018318 0.000000 0.000000 0.000000 0.000000 0.167200
    3 3.518536 0.000000 0.000000 0.003991 0.002637 0.249848
    4 8.942642 0.000000 0.000000 0.080508 0.046081 0.366782
    5 3.307270 0.000001 0.000000 3.141590 0.000000 0.400478
    6 3.593704 -0.000004 0.000000 0.141522 0.019528 0.175627
    7 2.000027 -3.000002 0.000000 -1.570796 0.000000 -1.326450
    8 2.033352 1.000776 -1.937610 -3.439680 1.015050 1.075600
    9 6.028144 -0.000015 -0.000002 2.613963 0.999976 0.783563
    10 11.692535 0.000000 0.000008 0.299206 -0.002627 -1.069505
    11 11.481688 0.000000 0.000008 -1.553505 -0.143979 0.141281
    12 2.676086 -1.712452 0.000000 -1.570796 0.000000 -1.571119
    13 2.033344 1.000772 1.937660 3.724743 -1.528423 0.772969
    14 6.028152 0.000011 0.000000 -2.184314 -1.115594 -0.541131
    15 11.692558 0.000000 -0.000004 -1.740964 0.704959 -2.201532
    16 11.481682 0.000000 -0.000027 2.818248 -0.264318 -0.697854
    17 2.676094 -1.712448 0.000000 1.570790 -0.000001 1.570689
    18 -3.890452 0.000004 0.000007 -1.416991 0.216085 -1.565831
    19 17.848145 0.000000 0.000000 0.135881 -0.121752 0.286996
    20 16.525240 0.000000 0.000000 0.256151 0.436245 -1.298496
    21 6.879452 0.000000 0.000000 -0.081333 -0.002951 -0.584373
    22 3.890452 -0.000004 -0.000003 -1.291351 -0.297981 -1.480212
    23 17.848135 0.000000 0.000000 0.062315 -0.326560 1.090084
    24 16.525223 0.000000 0.000000 0.035335 0.226279 -1.025981
    25 6.879442 0.000000 0.000000 -0.007299 -0.002950 -0.584374
    26 3.859718 -0.142403 -1.191975 -0.379191 0.083730 -0.625037
    27 1.312569 0.000008 0.000001 0.001042 0.009617 -0.331625
    28 0.729351 0.000001 -0.000002 0.001198 0.004839 0.001350
    29 3.942327 0.046772 -0.431443 -0.150184 0.136738 -0.672398
    30 1.539104 0.000002 0.000000 0.000563 0.004436 -0.119973
    31 1.196320 -0.000004 0.000000 0.000503 0.007337 -0.361444
    32 3.883698 -0.046761 0.431443 0.035226 0.195607 -0.342386
    33 1.719563 0.000008 0.000000 0.000695 0.005468 -0.240467
    34 1.209183 0.000000 0.000000 0.000192 0.003072 -0.154140
    35 3.859863 -0.137962 1.332467 0.351214 0.190326 -0.153556
    36 1.719431 0.000008 0.000001 0.000851 0.004003 -0.152091
    37 1.099670 0.000002 0.000003 -0.000072 0.002597 -0.275051
    38 0.806047 -0.348927 1.321259 -1.151258 -0.715077 -0.641082
    39 1.789791 0.000004 0.000008 0.000000 0.007386 0.228523
    40 1.207014 0.000001 -0.000006 0.003044 0.030765 0.738749
    41 3.859665 -0.132576 1.193108 0.303230 0.027588 -0.864108
    42 1.312565 0.000002 -0.000001 0.006879 -0.009750 -1.055317
    43 0.729362 0.000006 0.000000 0.002361 -0.005666 -0.641427
    44 3.942287 0.050316 0.431043 0.178429 0.023751 -1.006944
    45 1.539101 0.000004 0.000001 0.003320 -0.004811 -0.853813
    46 1.196342 0.000000 0.000000 0.005633 -0.007853 -1.054018
    47 3.883656 -0.050339 -0.431043 -0.054170 0.065913 -0.691052
    48 1.719563 -0.000008 0.000000 0.006316 -0.004870 -1.282410
    49 1.209179 -0.000002 0.000000 0.002541 -0.003670 -0.823629
    50 3.859818 -0.148941 -1.331282 -0.134190 0.256962 -0.196876
    51 1.719429 -0.000011 0.000001 -0.000827 -0.006577 -0.236772
    52 1.099663 -0.000006 0.000001 -0.000480 -0.004175 -0.128278
    53 0.806011 -0.359840 -1.318334 0.808354 0.177596 -1.031838
    54 1.789782 0.000002 0.000000 0.000001 -0.006302 0.228555
    55 1.206999 0.000000 0.000008 -0.004302 -0.008600 0.827779
  time 28
    0 -10.990965 2.503988 38.133310 1.295836 0.054222 1.189104
    1 0.000005 3.345127 -2.981901 1.570796 -0.060494 1.570796
    2 4.018318 0.000000 0.000000 0.000000 0.000000 0.184416
    3 3.518536 0.000000 0.000000 0.214548 -0.005489 0.279731
    4 8.942642 0.000000 0.000000 0.082430 0.042905 0.382506
    5 3.307270 0.000001 0.000000 3.141590 0.000000 0.400478
    6 3.593704 -0.000004 0.000000 -0.116200 -0.208037 0.107213
    7 2.000027 -3.000002 0.000000 -1.570796 0.000000 -1.326450
    8 2.033352 1.000776 -1.937610 -3.635439 0.963941 0.842241
    9 6.028144 -0.000015 -0.000002 2.212922 0.667008 0.652194
    10 11.692535 0.000000 0.000008 0.363584 0.264781 -0.805115
    11 11.481688 0.000000 0.000008 -1.334293 -0.270487 0.277364
    12 2.676086 -1.712452 0.000000 -1.570796 0.000000 -1.571119
    13 2.033344 1.000772 1.937660 1.111010 -1.406288 3.391825
    14 6.028152 0.000011 0.000000 -2.310241 -1.451594 0.469884
    15 11.692558 0.000000 -0.000004 -0.073001 -0.107135 -1.382132
    16 11.481682 0.000000 -0.000027 1.344374 0.249887 0.068226
    17 2.676094 -1.712448 0.000000 1.570790 -0.000001 1.570689
    18 -3.890452 0.000004 0.000007 -1.419624 0.256736 -1.421148
    19 17.848145 0.000000 0.000000 0.128427 -0.053247 0.164280
    20 16.525240 0.000000 0.000000 0.094482 0.412794 -1.249880
    21 6.879452 0.000000 0.000000 -0.081333 -0.002951 -0.584373
    22 3.890452 -0.000004 -0.000003 -1.339799 -0.270055 -1.330959
    23 17.848135 0.000000 0.000000 0.032581 -0.280517 1.250560
    24 16.525223 0.000000 0.000000 0.038038 0.168933 -0.761737
    25 6.879442 0.000000 0.000000 -0.007299 -0.002950 -0.584374
    26 3.859718 -0.142403 -1.191975 -0.463272 0.161632 -0.789603
    27 1.312569 0.000008 0.000001 0.001042 0.009617 -0.331625
    28 0.729351 0.000001 -0.000002 0.000431 0.004958 -0.156832
    29 3.942327 0.046772 -0.431443 -0.152833 0.077786 -0.781776
    30 1.539104 0.000002 0.000000 0.000707 0.004412 -0.086609
    31 1.196320 -0.000004 0.000000 0.000503 0.007337 -0.361444
    32 3.883698 -0.046761 0.431443 0.088005 0.010505 -0.458007
    33 1.719563 0.000008 0.000000 0.000611 0.005480 -0.255870
    34 1.209183 0.000000 0.000000 0.000000 0.003084 -0.216398
    35 3.859863 -0.137962 1.332467 0.338072 -0.116695 -0.326887
    36 1.719431 0.000008 0.000001 0.000540 0.004051 -0.230272
    37 1.099670 0.000002 0.000003 0.000000 0.002597 -0.244330
    38 0.806047 -0.348927 1.321259 -1.112311 -0.688515 -0.934740
    39 1.789791 0.000004 0.000008 0.000000 0.007386 0.228523
    40 1.207014 0.000001 -0.000006 -0.009312 0.029483 0.333696
    41 3.859665 -0.132576 1.193108 0.304369 0.007214 -0.799152
    42 1.312565 0.000002 -0.000001 0.007790 -0.009031 -1.152689
    43 0.729362 0.000006 0.000000 0.001942 -0.005822 -0.567654
    44 3.942287 0.050316 0.431043 0.179963 -0.002867 -0.860265
    45 1.539101 0.000004 0.000001 0.004650 -0.003553 -1.166861
    46 1.196342 0.000000 0.000000 0.002792 -0.009255 -0.725030
    47 3.883656 -0.050339 -0.431043 -0.038961 0.075885 -0.477158
    48 1.719563 -0.000008 0.000000 0.007083 -0.003647 -1.462421
    49 1.209179 -0.000002 0.000000 0.001534 -0.004197 -0.569163
    50 3.859818 -0.148941 -1.331282 -0.120624 0.263482 -0.144174
    51 1.719429 -0.000011 0.000001 -0.001534 -0.006445 -0.127485
    52 1.099663 -0.000006 0.000001 0.000263 -0.004199 -0.308395
    53 0.806011 -0.359840 -1.318334 0.775139 0.191236 -1.058456
    54 1.789782 0.000002 0.000000 0.000001 -0.006302 0.228555
    55 1.206999 0.000000 0.000008 -0.000947 -0.009583 0.462316
  time 29
    0 -13.998870 3.257917 38.129404 1.255763 0.037826 1.522433
    1 0.000005 3.345127 -2.981901 1.570796 -0.044159 1.570796
    2 4.018318 0.000000 0.000000 0.002013 -0.000503 0.169221
    3 3.518536 0.000000 0.000000 0.208496 -0.006735 0.269453
    4 8.942642 0.000000 0.000000 0.103789 -0.002697 0.377940
    5 3.307270 0.000001 0.000000 3.141590 0.019139 0.400478
    6 3.593704 -0.000004 0.000000 -0.183227 -0.227374 0.148347
    7 2.000027 -3.000002 0.000000 -1.570796 0.000000 -1.326450
    8 2.033352 1.000776 -1.937610 -3.638311 1.007549 0.856694
    9 6.028144 -0.000015 -0.000002 2.113716 0.633041 0.494735
    10 11.692535 0.000000 0.000008 0.370959 0.237746 -0.622805
    11 11.481688 0.000000 0.000008 -1.389068 -0.136468 0.257858
    12 2.676086 -1.712452 0.000000 -1.570796 0.000000 -1.571119
    13 2.033344 1.000772 1.937660 1.334971 -1.325668 3.171685
    14 6.028152 0.000011 0.000000 -1.571148 -1.024719 -0.385749
    15 11.692558 0.000000 -0.000004 0.088621 -0.039061 -0.931752
    16 11.481682 0.000000 -0.000027 1.558574 0.115128 -0.052155
    17 2.676094 -1.712448 0.000000 1.570790 -0.000001 1.570689
    18 -3.890452 0.000004 0.000007 -1.451510 0.167967 -1.447675
    19 17.848145 0.000000 0.000000 0.100874 -0.068292 0.240158
    20 16.525240 0.000000 0.000000 0.067728 0.388936 -1.242790
    21 6.879452 0.000000 0.000000 -0.081333 -0.002951 -0.584373
    22 3.890452 -0.000004 -0.000003 -1.376880 -0.217259 -1.343359
    23 17.848135 0.000000 0.000000 0.025380 -0.244269 1.219526
    24 16.525223 0.000000 0.000000 0.051795 0.093929 -0.663915
    25 6.879442 0.000000 0.000000 -0.030957 -0.000937 -0.652924
    26 3.859718 -0.142403 -1.191975 -0.474247 0.155315 -0.851524
    27 1.312569 0.000008 0.000001 -0.000684 0.009640 -0.511375
    28 0.729351 0.000001 -0.000002 -0.000132 0.004970 -0.271435
    29 3.942327 0.046772 -0.431443 -0.157902 0.066808 -0.852070
    30 1.539104 0.000002 0.000000 0.000072 0.004460 -0.230944
    31 1.196320 -0.000004 0.000000 0.000383 0.007349 -0.378195
    32 3.883698 -0.046761 0.431443 0.087200 0.015874 -0.519054
    33 1.719563 0.000008 0.000000 -0.000299 0.005504 -0.422763
    34 1.209183 0.000000 0.000000 0.000000 0.003084 -0.216398
    35 3.859863 -0.137962 1.332467 0.346407 -0.087776 -0.408439
    36 1.719431 0.000008 0.000001 0.000276 0.004075 -0.294153
    37 1.099670 0.000002 0.000003 0.000000 0.002597 -0.244330
    38 0.806047 -0.348927 1.321259 -1.130744 -0.687825 -0.907631
    39 1.789791 0.000004 0.000008 0.000000 0.007386 0.228523
    40 1.207014 0.000001 -0.000006 -0.006987 0.023263 0.340757
    41 3.859665 -0.132576 1.193108 0.305286 0.011684 -0.810238
    42 1.312565 0.000002 -0.000001 0.007634 -0.009163 -1.135394
    43 0.729362 0.000006 0.000000 0.002025 -0.005798 -0.580745
    44 3.942287 0.050316 0.431043 0.179975 0.001867 -0.886259
    45 1.539101 0.000004 0.000001 0.004446 -0.003805 -1.111886
    46 1.196342 0.000000 0.000000 0.003320 -0.009076 -0.782726
    47 3.883656 -0.050339 -0.431043 -0.041802 0.074362 -0.514989
    48 1.719563 -0.000008 0.000000 0.007035 -0.003755 -1.448039
    49 1.209179 -0.000002 0.000000 0.001726 -0.004113 -0.614039
    50 3.859818 -0.148941 -1.331282 -0.123069 0.262367 -0.153549
    51 1.719429 -0.000011 0.000001 -0.001870 -0.006349 -0.076491
    52 1.099663 -0.000006 0.000001 0.000131 -0.004211 -0.276480
    53 0.806011 -0.359840 -1.318334 0.731825 0.207462 -1.093427
    54 1.789782 0.000002 0.000000 0.000001 -0.006302 0.228555
    55 1.206999 0.000000 0.000008 0.000659 -0.009607 0.294204
  time 30
    0 -16.448163 4.105599 38.086434 1.198862 0.021429 -4.399987
    1 0.000005 3.345127 -2.981901 1.570796 -0.001434 1.570796
    2 4.018318 0.000000 0.000000 0.009684 -0.001870 0.129434
    3 3.518536 0.000000 0.000000 0.192760 -0.010043 0.240235
    4 8.942642 0.000000 0.000000 0.162818 -0.117089 0.358153
    5 3.307270 0.000001 0.000000 3.141590 0.069271 0.400478
    6 3.593704 -0.000004 0.000000 -0.232978 -0.229766 0.250019
    7 2.000027 -3.000002 0.000000 -1.570796 0.000000 -1.326450
    8 2.033352 1.000776 -1.937610 -3.641757 1.123018 0.897949
    9 6.028144 -0.000015 -0.000002 1.953931 0.521486 0.084831
    10 11.692535 0.000000 0.000008 0.205827 0.328601 -0.855198
    11 11.481688 0.000000 0.000008 -1.485884 0.088918 0.371479
    12 2.676086 -1.712452 0.000000 -1.570796 0.000000 -1.571119
    13 2.033344 1.000772 1.937660 1.545925 -1.263240 2.969654
    14 6.028152 0.000011 0.000000 -1.475603 -0.675723 -0.542675
    15 11.692558 0.000000 -0.000004 0.165234 -0.016313 -0.763875
    16 11.481682 0.000000 -0.000027 1.662257 -0.056380 -0.061001
    17 2.676094 -1.712448 0.000000 1.570790 -0.000001 1.570689
    18 -3.890452 0.000004 0.000007 -1.511283 0.128612 -1.522760
    19 17.848145 0.000000 0.000000 0.042785 -0.078141 0.318964
    20 16.525240 0.000000 0.000000 0.106139 0.333675 -1.275191
    21 6.879452 0.000000 0.000000 -0.081333 -0.002951 -0.584373
    22 3.890452 -0.000004 -0.000003 -1.449948 -0.049245 -1.389172
    23 17.848135 0.000000 0.000000 -0.034970 -0.227124 1.173830
    24 16.525223 0.000000 0.000000 0.159583 -0.016436 -0.663502
    25 6.879442 0.000000 0.000000 -0.093600 -0.003418 -0.834138
    26 3.859718 -0.142403 -1.191975 -0.478647 0.152503 -0.876931
    27 1.312569 0.000008 0.000001 -0.002397 0.009365 -0.691164
    28 0.729351 0.000001 -0.000002 -0.000551 0.004946 -0.355502
    29 3.942327 0.046772 -0.431443 -0.160575 0.060061 -0.894182
    30 1.539104 0.000002 0.000000 -0.000563 0.004436 -0.375230
    31 1.196320 -0.000004 0.000000 0.000120 0.007361 -0.414051
    32 3.883698 -0.046761 0.431443 0.086431 0.019625 -0.562191
    33 1.719563 0.000008 0.000000 -0.001090 0.005408 -0.566911
    34 1.209183 0.000000 0.000000 0.000000 0.003084 -0.216398
    35 3.859863 -0.137962 1.332467 0.352770 -0.055430 -0.497325
    36 1.719431 0.000008 0.000001 0.000060 0.004075 -0.345911
    37 1.099670 0.000002 0.000003 0.000000 0.002597 -0.244330
    38 0.806047 -0.348927 1.321259 -1.172624 -0.684260 -0.841680
    39 1.789791 0.000004 0.000008 0.000000 0.007386 0.228523
    40 1.207014 0.000001 -0.000006 -0.002194 0.014826 0.355826
    41 3.859665 -0.132576 1.193108 0.307162 0.023957 -0.841661
    42 1.312565 0.000002 -0.000001 0.007179 -0.009523 -1.086639
    43 0.729362 0.000006 0.000000 0.002229 -0.005714 -0.617682
    44 3.942287 0.050316 0.431043 0.179340 0.015206 -0.959701
    45 1.539101 0.000004 0.000001 0.003799 -0.004452 -0.955180
    46 1.196342 0.000000 0.000000 0.004770 -0.008404 -0.947388
    47 3.883656 -0.050339 -0.431043 -0.049508 0.069485 -0.622090
    48 1.719563 -0.000008 0.000000 0.006843 -0.004091 -1.400043
    49 1.209179 -0.000002 0.000000 0.002229 -0.003862 -0.741407
    50 3.859818 -0.148941 -1.331282 -0.129876 0.259131 -0.179950
    51 1.719429 -0.000011 0.000001 -0.001678 -0.006409 -0.105002
    52 1.099663 -0.000006 0.000001 -0.000240 -0.004199 -0.186337
    53 0.806011 -0.359840 -1.318334 0.697615 0.219059 -1.121208
    54 1.789782 0.000002 0.000000 0.000001 -0.006302 0.228555
    55 1.206999 0.000000 0.000008 -0.000251 -0.009619 0.389964
  time 31
    0 -19.647480 4.738431 37.961430 1.149441 0.034164 -4.057123
    1 0.000005 3.345127 -2.981901 1.570796 0.041291 1.570796
    2 4.018318 0.000000 0.000000 0.023813 -0.003308 0.089603
    3 3.518536 0.000000 0.000000 0.177192 -0.013243 0.204649
    4 8.942642 0.000000 0.000000 0.238324 -0.228942 0.322571
    5 3.307270 0.000001 0.000000 3.141590 0.119402 0.400478
    6 3.593704 -0.000004 0.000000 -0.261403 -0.217808 0.381019
    7 2.000027 -3.000002 0.000000 -1.570796 0.000000 -1.326450
    8 2.033352 1.000776 -1.937610 -3.656786 1.251738 0.928674
    9 6.028144 -0.000015 -0.000002 1.917722 0.624899 -0.053723
    10 11.692535 0.000000 0.000008 0.168423 0.261093 -0.592530
    11 11.481688 0.000000 0.000008 -1.587614 0.306106 0.241538
    12 2.676086 -1.712452 0.000000 -1.570796 0.000000 -1.571119
    13 2.033344 1.000772 1.937660 1.728978 -1.222565 2.793938
    14 6.028152 0.000011 0.000000 -1.593232 -0.431925 -0.397994
    15 11.692558 0.000000 -0.000004 0.159124 -0.090427 -0.732588
    16 11.481682 0.000000 -0.000027 1.704925 -0.175228 0.111952
    17 2.676094 -1.712448 0.000000 1.570790 -0.000001 1.570689
    18 -3.890452 0.000004 0.000007 -1.562345 0.129641 -1.592894
    19 17.848145 0.000000 0.000000 -0.003763 -0.071635 0.349584
    20 16.525240 0.000000 0.000000 0.154918 0.287049 -1.283875
    21 6.879452 0.000000 0.000000 -0.081333 -0.002951 -0.584373
    22 3.890452 -0.000004 -0.000003 -1.489886 0.295532 -1.335005
    23 17.848135 0.000000 0.000000 -0.033174 -0.180475 0.839811
    24 16.525223 0.000000 0.000000 0.257104 -0.088025 -0.645064
    25 6.879442 0.000000 0.000000 -0.154782 -0.017140 -1.014849
    26 3.859718 -0.142403 -1.191975 -0.479144 0.152190 -0.879873
    27 1.312569 0.000008 0.000001 -0.002146 0.009425 -0.664347
    28 0.729351 0.000001 -0.000002 -0.000671 0.004934 -0.381279
    29 3.942327 0.046772 -0.431443 -0.161210 0.058323 -0.904889
    30 1.539104 0.000002 0.000000 -0.000480 0.004436 -0.357456
    31 1.196320 -0.000004 0.000000 0.000000 0.007361 -0.430802
    32 3.883698 -0.046761 0.431443 0.085998 0.021423 -0.583045
    33 1.719563 0.000008 0.000000 -0.000959 0.005432 -0.542918
    34 1.209183 0.000000 0.000000 0.000000 0.003084 -0.216398
    35 3.859863 -0.137962 1.332467 0.354449 -0.042750 -0.531717
    36 1.719431 0.000008 0.000001 0.000000 0.004075 -0.363008
    37 1.099670 0.000002 0.000003 0.000000 0.002597 -0.244330
    38 0.806047 -0.348927 1.321259 -1.206854 -0.679488 -0.789307
    39 1.789791 0.000004 0.000008 -0.000168 0.007386 0.205692
    40 1.207014 0.000001 -0.000006 0.000000 0.011266 0.362860
    41 3.859665 -0.132576 1.193108 0.307829 0.038746 -0.882517
    42 1.312565 0.000002 -0.000001 0.006568 -0.009954 -1.023973
    43 0.729362 0.000006 0.000000 0.002505 -0.005606 -0.665147
    44 3.942287 0.050316 0.431043 0.177098 0.032236 -1.054211
    45 1.539101 0.000004 0.000001 0.002816 -0.005123 -0.752446
    46 1.196342 0.000000 0.000000 0.006436 -0.007206 -1.160648
    47 3.883656 -0.050339 -0.431043 -0.058580 0.062018 -0.759987
    48 1.719563 -0.000008 0.000000 0.006484 -0.004630 -1.317964
    49 1.209179 -0.000002 0.000000 0.002828 -0.003454 -0.905813
    50 3.859818 -0.148941 -1.331282 -0.138469 0.254709 -0.213767
    51 1.719429 -0.000011 0.000001 -0.001199 -0.006517 -0.180145
    52 1.099663 -0.000006 0.000001 -0.000719 -0.004151 -0.070220
    53 0.806011 -0.359840 -1.318334 0.685375 0.222956 -1.131179
    54 1.789782 0.000002 0.000000 0.000001 -0.006302 0.228555
    55 1.206999 0.000000 0.000008 -0.002672 -0.009247 0.645060
  time 32
    0 -24.549973 4.949375 37.754393 1.139143 0.080112 -3.766747
    1 0.000005 3.345127 -2.981901 1.570796 0.057614 1.570796
    2 4.018318 0.000000 0.000000 0.042042 -0.004362 0.074334
    3 3.518536 0.000000 0.000000 0.171416 -0.013507 0.178201
    4 8.942642 0.000000 0.000000 0.296392 -0.269677 0.288714
    5 3.307270 0.000001 0.000000 3.141590 0.138554 0.400478
    6 3.593704 -0.000004 0.000000 -0.274788 -0.202692 0.496227
    7 2.000027 -3.000002 0.000000 -1.570796 0.000000 -1.326450
    8 2.033352 1.000776 -1.937610 -3.731547 1.328749 0.875742
    9 6.028144 -0.000015 -0.000002 1.911742 0.721164 -0.034650
    10 11.692535 0.000000 0.000008 0.130137 0.190772 -0.406576
    11 11.481688 0.000000 0.000008 -1.651847 0.360851 0.211070
    12 2.676086 -1.712452 0.000000 -1.570796 0.000000 -1.571119
    13 2.033344 1.000772 1.937660 1.853683 -1.202898 2.668494
    14 6.028152 0.000011 0.000000 -1.705456 -0.348829 -0.196408
    15 11.692558 0.000000 -0.000004 0.060887 -0.132593 -0.597975
    16 11.481682 0.000000 -0.000027 1.684515 -0.134821 0.009843
    17 2.676094 -1.712448 0.000000 1.570790 -0.000001 1.570689
    18 -3.890452 0.000004 0.000007 -1.587860 0.181645 -1.659852
    19 17.848145 0.000000 0.000000 -0.016563 -0.042021 0.217617
    20 16.525240 0.000000 0.000000 0.245899 0.254555 -1.114422
    21 6.879452 0.000000 0.000000 -0.081333 -0.002951 -0.584373
    22 3.890452 -0.000004 -0.000003 -1.429706 0.391726 -1.192670
    23 17.848135 0.000000 0.000000 0.027024 -0.160867 0.619346
    24 16.525223 0.000000 0.000000 0.207676 -0.018466 -0.733275
    25 6.879442 0.000000 0.000000 -0.177133 -0.025170 -1.082989
    26 3.859718 -0.142403 -1.191975 -0.474371 0.157838 -0.852437
    27 1.312569 0.000008 0.000001 -0.001403 0.009569 -0.585948
    28 0.729351 0.000001 -0.000002 -0.000575 0.004946 -0.361313
    29 3.942327 0.046772 -0.431443 -0.156848 0.051456 -0.869397
    30 1.539104 0.000002 0.000000 -0.000252 0.004460 -0.305588
    31 1.196320 -0.000004 0.000000 0.000144 0.007361 -0.410125
    32 3.883698 -0.046761 0.431443 0.085902 0.021830 -0.587866
    33 1.719563 0.000008 0.000000 -0.000671 0.005480 -0.490806
    34 1.209183 0.000000 0.000000 0.000000 0.003084 -0.216398
    35 3.859863 -0.137962 1.332467 0.354803 -0.062045 -0.507698
    36 1.719431 0.000008 0.000001 0.000060 0.004075 -0.347050
    37 1.099670 0.000002 0.000003 0.000000 0.002597 -0.244330
    38 0.806047 -0.348927 1.321259 -1.272559 -0.674558 -0.757201
    39 1.789791 0.000004 0.000008 -0.000659 0.007362 0.138998
    40 1.207014 0.000001 -0.000006 -0.001043 0.012824 0.348660
    41 3.859665 -0.132576 1.193108 0.305689 0.048225 -0.915438
    42 1.312565 0.000002 -0.000001 0.006076 -0.010266 -0.975218
    43 0.729362 0.000006 0.000000 0.002709 -0.005510 -0.702083
    44 3.942287 0.050316 0.431043 0.174246 0.045287 -1.127749
    45 1.539101 0.000004 0.000001 0.001989 -0.005506 -0.595767
    46 1.196342 0.000000 0.000000 0.007526 -0.006056 -1.325310
    47 3.883656 -0.050339 -0.431043 -0.064860 0.055427 -0.866901
    48 1.719563 -0.000008 0.000000 0.005968 -0.005289 -1.213610
    49 1.209179 -0.000002 0.000000 0.003248 -0.003059 -1.033219
    50 3.859818 -0.148941 -1.331282 -0.145048 0.251078 -0.240067
    51 1.719429 -0.000011 0.000001 -0.000695 -0.006589 -0.256415
    52 1.099663 -0.000006 0.000001 -0.001091 -0.004067 0.019951
    53 0.806011 -0.359840 -1.318334 0.731993 0.209073 -1.079693
    54 1.789782 0.000002 0.000000 0.000001 -0.006302 0.228555
    55 1.206999 0.000000 0.000008 -0.004913 -0.008277 0.900131
  time 33
    0 -32.604906 4.476704 37.348130 1.165291 0.161083 -3.506956
    1 0.000005 3.345127 -2.981901 1.579401 0.050123 1.570988
    2 4.018318 0.000000 0.000000 0.069990 -0.005010 0.074260
    3 3.518536 0.000000 0.000000 0.181962 -0.011301 0.158107
    4 8.942642 0.000000 0.000000 0.336345 -0.259382 0.255241
    5 3.307270 0.000001 0.000000 3.141590 0.119402 0.400478
    6 3.593704 -0.000004 0.000000 -0.230296 -0.137315 0.606678
    7 2.000027 -3.000002 0.000000 -1.570796 0.000000 -1.326450
    8 2.033352 1.000776 -1.937610 -3.956406 1.342227 0.653678
    9 6.028144 -0.000015 -0.000002 1.875615 0.688412 -0.019778
    10 11.692535 0.000000 0.000008 0.110098 0.164019 -0.466066
    11 11.481688 0.000000 0.000008 -1.663540 0.210516 0.314236
    12 2.676086 -1.712452 0.000000 -1.570796 0.000000 -1.571119
    13 2.033344 1.000772 1.937660 1.953128 -1.189439 2.562479
    14 6.028152 0.000011 0.000000 -1.792243 -0.335604 -0.108633
    15 11.692558 0.000000 -0.000004 -0.072044 -0.147749 -0.524030
    16 11.481682 0.000000 -0.000027 1.609663 -0.080220 -0.062857
    17 2.676094 -1.712448 0.000000 1.570790 -0.000001 1.570689
    18 -3.890452 0.000004 0.000007 -1.574891 0.158100 -1.743064
    19 17.848145 0.000000 0.000000 0.005609 -0.044217 0.239046
    20 16.525240 0.000000 0.000000 0.240399 0.218223 -1.005483
    21 6.879452 0.000000 0.000000 -0.081333 -0.002951 -0.584373
    22 3.890452 -0.000004 -0.000003 -1.414752 0.076785 -1.255190
    23 17.848135 0.000000 0.000000 0.067161 -0.185847 0.687872
    24 16.525223 0.000000 0.000000 0.036461 0.115269 -1.162907
    25 6.879442 0.000000 0.000000 -0.150132 -0.019010 -0.817643
    26 3.859718 -0.142403 -1.191975 -0.460004 0.173106 -0.774541
    27 1.312569 0.000008 0.000001 -0.000312 0.009664 -0.472688
    28 0.729351 0.000001 -0.000002 -0.000300 0.004970 -0.305124
    29 3.942327 0.046772 -0.431443 -0.145870 0.031238 -0.768978
    30 1.539104 0.000002 0.000000 0.000072 0.004460 -0.230944
    31 1.196320 -0.000004 0.000000 0.000575 0.007337 -0.351564
    32 3.883698 -0.046761 0.431443 0.088005 0.008467 -0.547084
    33 1.719563 0.000008 0.000000 -0.000323 0.005504 -0.427322
    34 1.209183 0.000000 0.000000 0.000000 0.003084 -0.216398
    35 3.859863 -0.137962 1.332467 0.353340 -0.116599 -0.439587
    36 1.719431 0.000008 0.000001 0.000240 0.004075 -0.301924
    37 1.099670 0.000002 0.000003 0.000000 0.002597 -0.244330
    38 0.806047 -0.348927 1.321259 -1.414394 -0.666251 -0.730439
    39 1.789791 0.000004 0.000008 -0.001354 0.007266 0.042774
    40 1.207014 0.000001 -0.000006 -0.004123 0.017175 0.308590
    41 3.859665 -0.132576 1.193108 0.300784 0.047842 -0.929137
    42 1.312565 0.000002 -0.000001 0.005897 -0.010374 -0.957922
    43 0.729362 0.000006 0.000000 0.002780 -0.005474 -0.715200
    44 3.942287 0.050316 0.431043 0.173012 0.049853 -1.153815
    45 1.539101 0.000004 0.000001 0.001678 -0.005602 -0.540793
    46 1.196342 0.000000 0.000000 0.007862 -0.005612 -1.383006
    47 3.883656 -0.050339 -0.431043 -0.066909 0.052934 -0.904637
    48 1.719563 -0.000008 0.000000 0.005345 -0.005913 -1.102433
    49 1.209179 -0.000002 0.000000 0.003379 -0.002915 -1.078095
    50 3.859818 -0.148941 -1.331282 -0.147361 0.249748 -0.249374
    51 1.719429 -0.000011 0.000001 -0.000492 -0.006601 -0.287779
    52 1.099663 -0.000006 0.000001 -0.001223 -0.004019 0.051866
    53 0.806011 -0.359840 -1.318334 0.820038 0.172537 -1.022514
    54 1.789782 0.000002 0.000000 0.000001 -0.006302 0.228555
    55 1.206999 0.000000 0.000008 -0.005680 -0.007761 0.995916
  time 34
    0 -40.917660 3.254011 36.723111 1.210164 0.246936 -3.295970
    1 0.000005 3.345127 -2.981901 1.601920 0.030517 1.571215
    2 4.018318 0.000000 0.000000 0.109587 -0.004950 0.074246
    3 3.518536 0.000000 0.000000 0.209155 -0.008066 0.139289
    4 8.942642 0.000000 0.000000 0.367317 -0.235030 0.214817
    5 3.307270 0.000001 0.000000 3.141590 0.069271 0.400478
    6 3.593704 -0.000004 0.000000 -0.085592 -0.000883 0.738561
    7 2.000027 -3.000002 0.000000 -1.570796 0.000000 -1.326450
    8 2.033352 1.000776 -1.937610 -4.232670 1.291507 0.371981
    9 6.028144 -0.000015 -0.000002 1.878687 0.727501 0.021520
    10 11.692535 0.000000 0.000008 0.141538 0.047254 -0.244272
    11 11.481688 0.000000 0.000008 -1.638889 0.071604 0.175833
    12 2.676086 -1.712452 0.000000 -1.570796 0.000000 -1.571119
    13 2.033344 1.000772 1.937660 2.048613 -1.171402 2.459106
    14 6.028152 0.000011 0.000000 -1.872660 -0.343246 -0.071742
    15 11.692558 0.000000 -0.000004 -0.182714 -0.169763 -0.515908
    16 11.481682 0.000000 -0.000027 1.540097 -0.049918 0.003142
    17 2.676094 -1.712448 0.000000 1.570790 -0.000001 1.570689
    18 -3.890452 0.000004 0.000007 -1.518239 0.032301 -1.816829
    19 17.848145 0.000000 0.000000 0.043672 -0.130274 0.533951
    20 16.525240 0.000000 0.000000 0.120463 0.150429 -1.062948
    21 6.879452 0.000000 0.000000 -0.081333 -0.002951 -0.584373
    22 3.890452 -0.000004 -0.000003 -1.414873 -0.201329 -1.464810
    23 17.848135 0.000000 0.000000 0.090525 -0.151093 0.671168
    24 16.525223 0.000000 0.000000 0.083991 0.140071 -1.146769
    25 6.879442 0.000000 0.000000 -0.007299 -0.002950 -0.584374
    26 3.859718 -0.142403 -1.191975 -0.439770 0.191030 -0.673747
    27 1.312569 0.000008 0.000001 0.000767 0.009640 -0.359467
    28 0.729351 0.000001 -0.000002 0.000048 0.004970 -0.232925
    29 3.942327 0.046772 -0.431443 -0.134796 0.003781 -0.639983
    30 1.539104 0.000002 0.000000 0.000407 0.004448 -0.156203
    31 1.196320 -0.000004 0.000000 0.001127 0.007277 -0.276318
    32 3.883698 -0.046761 0.431443 0.090949 -0.026959 -0.440096
    33 1.719563 0.000008 0.000000 0.000120 0.005516 -0.345075
    34 1.209183 0.000000 0.000000 0.000000 0.003084 -0.216398
    35 3.859863 -0.137962 1.332467 0.345883 -0.186433 -0.350935
    36 1.719431 0.000008 0.000001 0.000480 0.004063 -0.244001
    37 1.099670 0.000002 0.000003 0.000000 0.002597 -0.244330
    38 0.806047 -0.348927 1.321259 -1.585247 -0.655844 -0.713565
    39 1.789791 0.000004 0.000008 -0.002050 0.007099 -0.053439
    40 1.207014 0.000001 -0.000006 -0.008342 0.022568 0.257112
    41 3.859665 -0.132576 1.193108 0.231949 0.021032 -0.912227
    42 1.312565 0.000002 -0.000001 0.005897 -0.010374 -0.957922
    43 0.729362 0.000006 0.000000 0.002025 -0.005798 -0.581801
    44 3.942287 0.050316 0.431043 0.177482 0.030019 -1.041783
    45 1.539101 0.000004 0.000001 0.001762 -0.005578 -0.555125
    46 1.196342 0.000000 0.000000 0.006579 -0.007074 -1.180349
    47 3.883656 -0.050339 -0.431043 -0.059910 0.060748 -0.781628
    48 1.719563 -0.000008 0.000000 0.004290 -0.006728 -0.934965
    49 1.209179 -0.000002 0.000000 0.002840 -0.003442 -0.908810
    50 3.859818 -0.148941 -1.331282 -0.135305 0.256387 -0.201251
    51 1.719429 -0.000011 0.000001 -0.000468 -0.006601 -0.290499
    52 1.099663 -0.000006 0.000001 -0.000923 -0.004103 -0.021352
    53 0.806011 -0.359840 -1.318334 0.914826 0.125023 -1.041666
    54 1.789782 0.000002 0.000000 0.000001 -0.006302 0.228555
    55 1.206999 0.000000 0.000008 -0.003967 -0.008768 0.789511
  time 35
    0 -46.339700 1.664118 36.019965 1.264079 0.314012 -3.132940
    1 0.000005 3.345127 -2.981901 1.624427 0.010910 1.570988
    2 4.018318 0.000000 0.000000 0.142784 -0.004566 0.074305
    3 3.518536 0.000000 0.000000 0.236264 -0.005081 0.126988
    4 8.942642 0.000000 0.000000 0.383659 -0.211145 0.183705
    5 3.307270 0.000001 0.000000 3.141590 0.019139 0.400478
    6 3.593704 -0.000004 0.000000 0.074679 0.115099 0.857153
    7 2.000027 -3.000002 0.000000 -1.570796 0.000000 -1.326450
    8 2.033352 1.000776 -1.937610 -4.366877 1.221251 0.229841
    9 6.028144 -0.000015 -0.000002 1.793858 0.629541 -0.094222
    10 11.692535 0.000000 0.000008 0.145504 0.015282 -0.298065
    11 11.481688 0.000000 0.000008 -1.601578 -0.031512 0.101142
    12 2.676086 -1.712452 0.000000 -1.570796 0.000000 -1.571119
    13 2.033344 1.000772 1.937660 2.111013 -1.156326 2.390631
    14 6.028152 0.000011 0.000000 -1.937992 -0.428996 -0.087023
    15 11.692558 0.000000 -0.000004 -0.238288 -0.168408 -0.485256
    16 11.481682 0.000000 -0.000027 1.489394 -0.091246 0.105805
    17 2.676094 -1.712448 0.000000 1.570790 -0.000001 1.570689
    18 -3.890452 0.000004 0.000007 -1.423915 -0.069116 -1.816953
    19 17.848145 0.000000 0.000000 0.065244 -0.255451 0.813634
    20 16.525240 0.000000 0.000000 -0.048509 0.075250 -1.084659
    21 6.879452 0.000000 0.000000 -0.081333 -0.002951 -0.584373
    22 3.890452 -0.000004 -0.000003 -1.400345 -0.291219 -1.545930
    23 17.848135 0.000000 0.000000 0.152485 -0.050748 0.599486
    24 16.525223 0.000000 0.000000 0.013050 0.221369 -0.966759
    25 6.879442 0.000000 0.000000 -0.007299 -0.002950 -0.584374
    26 3.859718 -0.142403 -1.191975 -0.422792 0.203530 -0.594913
    27 1.312569 0.000008 0.000001 0.001522 0.009545 -0.281068
    28 0.729351 0.000001 -0.000002 0.000323 0.004970 -0.176736
    29 3.942327 0.046772 -0.431443 -0.128684 -0.018366 -0.540154
    30 1.539104 0.000002 0.000000 0.000635 0.004424 -0.104384
    31 1.196320 -0.000004 0.000000 0.001546 0.007193 -0.217822
    32 3.883698 -0.046761 0.431443 0.090084 -0.062482 -0.333052
    33 1.719563 0.000008 0.000000 0.000480 0.005492 -0.278855
    34 1.209183 0.000000 0.000000 0.000000 0.003084 -0.216398
    35 3.859863 -0.137962 1.332467 0.335623 -0.240076 -0.280778
    36 1.719431 0.000008 0.000001 0.000660 0.004039 -0.198875
    37 1.099670 0.000002 0.000003 0.000000 0.002597 -0.244330
    38 0.806047 -0.348927 1.321259 -1.713505 -0.647939 -0.706674
    39 1.789791 0.000004 0.000008 -0.002517 0.006943 -0.120145
    40 1.207014 0.000001 -0.000006 -0.011805 0.026607 0.217015
    41 3.859665 -0.132576 1.193108 0.091304 -0.024257 -0.866973
    42 1.312565 0.000002 -0.000001 0.005897 -0.010374 -0.957922
    43 0.729362 0.000006 0.000000 0.000300 -0.006134 -0.293519
    44 3.942287 0.050316 0.431043 0.179471 -0.013701 -0.800701
    45 1.539101 0.000004 0.000001 0.001929 -0.005530 -0.585810
    46 1.196342 0.000000 0.000000 0.002900 -0.009219 -0.736502
    47 3.883656 -0.050339 -0.431043 -0.041862 0.074327 -0.515848
    48 1.719563 -0.000008 0.000000 0.002828 -0.007459 -0.730137
    49 1.209179 -0.000002 0.000000 0.001414 -0.004233 -0.540846
    50 3.859818 -0.148941 -1.331282 -0.108388 0.268647 -0.097638
    51 1.719429 -0.000011 0.000001 -0.000468 -0.006613 -0.291626
    52 1.099663 -0.000006 0.000001 -0.000276 -0.004199 -0.178435
    53 0.806011 -0.359840 -1.318334 1.019731 0.076477 -1.099779
    54 1.789782 0.000002 0.000000 0.000001 -0.006302 0.228555
    55 1.206999 0.000000 0.000008 0.000240 -0.009619 0.337139
  time 36
    0 -51.371104 -0.183594 35.250410 1.292460 0.343444 -3.071580
    1 0.000005 3.345127 -2.981901 1.633032 0.003420 1.570796
    2 4.018318 0.000000 0.000000 0.154565 -0.004362 0.074334
    3 3.518536 0.000000 0.000000 0.246619 -0.003967 0.123214
    4 8.942642 0.000000 0.000000 0.387789 -0.202108 0.173111
    5 3.307270 0.000001 0.000000 3.141590 0.000000 0.400478
    6 3.593704 -0.000004 0.000000 0.138919 0.153990 0.902480
    7 2.000027 -3.000002 0.000000 -1.570796 0.000000 -1.326450
    8 2.033352 1.000776 -1.937610 -4.398179 1.192481 0.195191
    9 6.028144 -0.000015 -0.000002 1.840553 0.718401 -0.060529
    10 11.692535 0.000000 0.000008 0.293829 -0.120234 -0.235992
    11 11.481688 0.000000 0.000008 -1.732986 0.040764 0.083254
    12 2.676086 -1.712452 0.000000 -1.570796 0.000000 -1.571107
    13 2.033344 1.000772 1.937660 2.130336 -1.151053 2.369220
    14 6.028152 0.000011 0.000000 -1.962297 -0.362327 -0.043598
    15 11.692558 0.000000 -0.000004 -0.316708 -0.172980 -0.453051
    16 11.481682 0.000000 -0.000027 1.455706 -0.032820 0.090643
    17 2.676094 -1.712448 0.000000 1.570790 -0.000001 1.570689
    18 -3.890452 0.000004 0.000007 -1.400577 -0.110414 -1.850824
    19 17.848145 0.000000 0.000000 0.064082 -0.285852 0.882193
    20 16.525240 0.000000 0.000000 -0.074794 0.025746 -1.006637
    21 6.879452 0.000000 0.000000 -0.081333 -0.002951 -0.584373
    22 3.890452 -0.000004 -0.000003 -1.422897 -0.272882 -1.636057
    23 17.848135 0.000000 0.000000 0.160007 0.016075 0.401443
    24 16.525223 0.000000 0.000000 -0.045099 0.265071 -0.850592
    25 6.879442 0.000000 0.000000 -0.007299 -0.002950 -0.584374
    26 3.859718 -0.142403 -1.191975 -0.416528 0.207637 -0.566919
    27 1.312569 0.000008 0.000001 0.001773 0.009497 -0.254251
    28 0.729351 0.000001 -0.000002 0.000431 0.004958 -0.156832
    29 3.942327 0.046772 -0.431443 -0.127066 -0.026312 -0.504933
    30 1.539104 0.000002 0.000000 0.000707 0.004412 -0.086609
    31 1.196320 -0.000004 0.000000 0.001702 0.007157 -0.197080
    32 3.883698 -0.046761 0.431443 0.088750 -0.075964 -0.292214
    33 1.719563 0.000008 0.000000 0.000611 0.005480 -0.255870
    34 1.209183 0.000000 0.000000 0.000000 0.003084 -0.216398
    35 3.859863 -0.137962 1.332467 0.331032 -0.258868 -0.255591
    36 1.719431 0.000008 0.000001 0.000731 0.004027 -0.182866
    37 1.099670 0.000002 0.000003 0.000000 0.002597 -0.244330
    38 0.806047 -0.348927 1.321259 -1.757982 -0.645280 -0.705307
    39 1.789791 0.000004 0.000008 -0.002673 0.006895 -0.142976
    40 1.207014 0.000001 -0.000006 -0.013076 0.028009 0.202789
    41 3.859665 -0.132576 1.193108 0.025817 -0.042402 -0.843579
    42 1.312565 0.000002 -0.000001 0.005897 -0.010374 -0.957922
    43 0.729362 0.000006 0.000000 -0.000503 -0.006122 -0.160145
    44 3.942287 0.050316 0.431043 0.176799 -0.033859 -0.688777
    45 1.539101 0.000004 0.000001 0.002013 -0.005494 -0.600143
    46 1.196342 0.000000 0.000000 0.000983 -0.009615 -0.533845
    47 3.883656 -0.050339 -0.431043 -0.032406 0.078905 -0.392516
    48 1.719563 -0.000008 0.000000 0.002205 -0.007662 -0.647691
    49 1.209179 -0.000002 0.000000 0.000683 -0.004413 -0.371599
    50 3.859818 -0.148941 -1.331282 -0.095372 0.273429 -0.049042
    51 1.719429 -0.000011 0.000001 -0.000468 -0.006613 -0.291758
    52 1.099663 -0.000006 0.000001 0.000024 -0.004211 -0.251597
    53 0.806011 -0.359840 -1.318334 1.061089 0.059690 -1.128782
    54 1.789782 0.000002 0.000000 0.000001 -0.006302 0.228555
    55 1.206999 0.000000 0.000008 0.002205 -0.009367 0.130734
end
